profile,circuit_id,family,n,depth,depth_factor,instance,method,parameter_count,score_dimension,readout_order,readout_rank,align_regular_tangents,eval_regular_tangents,Ffull_eval_mean,FQ_eval_mean,Ffull_over_FQ_eval_mean,shots,fd_epsilon,fd_directions,actual_retention,rank_baseline,rho,raw_gradient_energy,expected_scalar_directional_grad2,estimated_parameter_gradient_norm2,linearized_fd_snr,linearized_shots_for_snr1,finite_difference_snr_mean,finite_difference_snr_median,finite_difference_grad2_mean,finite_difference_relative_error_mean
trainability-bridge-v1-haar-n8,SU2-HaarU4-brickwork|n8|d48|i0,SU2-HaarU4-brickwork,8,48,6.0,0,aligned_crossfit,1152,255,1,8,128,128,0.4736817064131313,0.9762421827684188,0.4853355976332802,10000,0.01,8,0.0859950519279117,0.0313725490196078,2.741092280202186,0.0413987159258145,0.0051748394907268,5.961415093317299,0.1017333720145638,966213.543233538,0.1191112743779916,0.1145984468912014,0.0075907922736386,4.7803421031565545e-05
trainability-bridge-v1-haar-n8,SU2-HaarU4-brickwork|n8|d48|i0,SU2-HaarU4-brickwork,8,48,6.0,0,physical,1152,255,1,8,128,128,0.4736817064131313,0.9762421827684188,0.4853355976332802,10000,0.01,8,0.0287401239595367,0.0313725490196078,0.916091451210235,0.0136021162148454,0.0017002645268556,1.9587047349377416,0.0583140553701366,2940718.88287087,0.0631448793579036,0.0648638318850289,0.0020877536097264,3.1153279483207686e-05
trainability-bridge-v1-haar-n8,SU2-HaarU4-brickwork|n8|d48|i0,SU2-HaarU4-brickwork,8,48,6.0,0,random_rank,1152,255,1,8,128,128,0.4736817064131313,0.9762421827684188,0.4853355976332802,10000,0.01,8,0.0303352443292539,0.0313725490196078,0.9669359129949692,0.0144537220179246,0.0018067152522405,2.0813359705811565,0.0601118166792617,2767453.251860956,0.071280402274042,0.0707100016479824,0.0026319328968751,4.9421255499851406e-05
trainability-bridge-v1-haar-n8,SU2-HaarU4-brickwork|n8|d48|i1,SU2-HaarU4-brickwork,8,48,6.0,1,aligned_crossfit,1152,255,1,8,128,128,0.4788966976028705,0.9650880724416756,0.4961890855477933,10000,0.01,8,0.0865654796498805,0.0313725490196078,2.759274663839941,0.0417002825718272,0.0052125353214784,6.004840690343118,0.1021032352227724,959226.113902261,0.1055507174257704,0.1086267584701341,0.006150130454323,4.089007490486566e-05
trainability-bridge-v1-haar-n8,SU2-HaarU4-brickwork|n8|d48|i1,SU2-HaarU4-brickwork,8,48,6.0,1,physical,1152,255,1,8,128,128,0.4788966976028705,0.9650880724416756,0.4961890855477933,10000,0.01,8,0.0293320346427117,0.0313725490196078,0.934958604236438,0.0140364388839505,0.0017545548604938,2.021247199288882,0.0592377389928721,2849725.6555390605,0.0623361165889858,0.0646174440923601,0.0022034646019389,3.431201917473552e-05
trainability-bridge-v1-haar-n8,SU2-HaarU4-brickwork|n8|d48|i1,SU2-HaarU4-brickwork,8,48,6.0,1,random_rank,1152,255,1,8,128,128,0.4788966976028705,0.9650880724416756,0.4961890855477933,10000,0.01,8,0.0362579080801105,0.0313725490196078,1.155720820053523,0.017456064662421,0.0021820080828026,2.513673311388632,0.0660607006139449,2291467.2220544023,0.0606178110886953,0.0564630321108109,0.0020184484009657,6.023636461624713e-05
trainability-bridge-v1-haar-n8,SU2-HaarU4-brickwork|n8|d48|i2,SU2-HaarU4-brickwork,8,48,6.0,2,aligned_crossfit,1152,255,1,8,128,128,0.4806544412205787,0.9826550056973342,0.4891489540432528,10000,0.01,8,0.0862802641126912,0.0313725490196078,2.750183418592033,0.0421534526741198,0.0052691815842649,6.07009718507326,0.10265653008226,948913.9670060292,0.0866249536845231,0.0782766571006433,0.0044684229836243,3.976595160775922e-05
trainability-bridge-v1-haar-n8,SU2-HaarU4-brickwork|n8|d48|i2,SU2-HaarU4-brickwork,8,48,6.0,2,physical,1152,255,1,8,128,128,0.4806544412205787,0.9826550056973342,0.4891489540432528,10000,0.01,8,0.0283905923075908,0.0313725490196078,0.9049501298044592,0.0137106039805682,0.001713825497571,1.9743269732018245,0.058546144152643,2917449.884533988,0.0556396201415827,0.0575170800795904,0.0016515643050728,2.776447169646972e-05
trainability-bridge-v1-haar-n8,SU2-HaarU4-brickwork|n8|d48|i2,SU2-HaarU4-brickwork,8,48,6.0,2,random_rank,1152,255,1,8,128,128,0.4806544412205787,0.9826550056973342,0.4891489540432528,10000,0.01,8,0.030937058288942,0.0313725490196078,0.986118732960028,0.0148846382137753,0.0018605797767219,2.143387902783647,0.0610013078010941,2687334.379614352,0.0699601200182543,0.068808875750404,0.0026713165149472,4.0201686174175886e-05
trainability-bridge-v1-haar-n8,SU2-HaarU4-brickwork|n8|d48|i3,SU2-HaarU4-brickwork,8,48,6.0,3,aligned_crossfit,1152,255,1,8,128,128,0.4867600586142626,0.9851545437250704,0.4941227295484891,10000,0.01,8,0.0872498064782597,0.0313725490196078,2.7810875814945297,0.0427791941828145,0.0053473992728518,6.160203962325301,0.1034156590933096,935033.9753727512,0.0976580678799109,0.1021270560151975,0.0049116545380763,4.572683737953076e-05
trainability-bridge-v1-haar-n8,SU2-HaarU4-brickwork|n8|d48|i3,SU2-HaarU4-brickwork,8,48,6.0,3,physical,1152,255,1,8,128,128,0.4867600586142626,0.9851545437250704,0.4941227295484891,10000,0.01,8,0.026763486091581,0.0313725490196078,0.8530861191691466,0.0129557329742086,0.001619466621776,1.86562554828605,0.0569116266113715,3087436.2785671065,0.0566482314837454,0.0601715714382055,0.0016840543819108,3.008463305054494e-05
trainability-bridge-v1-haar-n8,SU2-HaarU4-brickwork|n8|d48|i3,SU2-HaarU4-brickwork,8,48,6.0,3,random_rank,1152,255,1,8,128,128,0.4867600586142626,0.9851545437250704,0.4941227295484891,10000,0.01,8,0.0322973887226692,0.0313725490196078,1.0294792655350828,0.0158243467823741,0.0019780433477967,2.2787059366618734,0.0628974299601623,2527750.468951668,0.0616437822485229,0.0631796478108233,0.0019976467852422,7.817814810692746e-05
trainability-bridge-v1-haar-n8,SU2-HaarU4-brickwork|n8|d48|i4,SU2-HaarU4-brickwork,8,48,6.0,4,aligned_crossfit,1152,255,1,8,128,128,0.4865094067886298,0.9760002430471356,0.498943175890257,10000,0.01,8,0.0815102036646942,0.0313725490196078,2.598137741812128,0.0398912633203103,0.0049864079150387,5.744341918124697,0.0998639866522341,1002725.826926475,0.1060225108053847,0.1152347053620185,0.0058576494194769,3.182492251544279e-05
trainability-bridge-v1-haar-n8,SU2-HaarU4-brickwork|n8|d48|i4,SU2-HaarU4-brickwork,8,48,6.0,4,physical,1152,255,1,8,128,128,0.4865094067886298,0.9760002430471356,0.498943175890257,10000,0.01,8,0.0283551923159192,0.0313725490196078,0.9038217550699248,0.0139150167473169,0.0017393770934146,2.0037624116136428,0.0589809646142655,2874592.300272483,0.0585040603177196,0.0514184728879911,0.0018455789046088,2.862482695286348e-05
trainability-bridge-v1-haar-n8,SU2-HaarU4-brickwork|n8|d48|i4,SU2-HaarU4-brickwork,8,48,6.0,4,random_rank,1152,255,1,8,128,128,0.4865094067886298,0.9760002430471356,0.498943175890257,10000,0.01,8,0.0324300504480791,0.0313725490196078,1.033707858032522,0.0157911427596289,0.0019738928449536,2.273924557386567,0.0628314068751228,2533065.567760083,0.057947984119883,0.0604131119820391,0.0017964011050358,5.0832575657999856e-05
trainability-bridge-v1-haar-n8,SU2-HaarU4-brickwork|n8|d48|i5,SU2-HaarU4-brickwork,8,48,6.0,5,aligned_crossfit,1152,255,1,8,128,128,0.4875597596344848,0.9788072903851732,0.4979622497815263,10000,0.01,8,0.090911260534926,0.0313725490196078,2.8977964295507683,0.0446877491595264,0.0055859686449408,6.435035878971812,0.1056973854448709,895099.9043878416,0.107900453780203,0.1164583196669044,0.0059914046393133,3.300690785420856e-05
trainability-bridge-v1-haar-n8,SU2-HaarU4-brickwork|n8|d48|i5,SU2-HaarU4-brickwork,8,48,6.0,5,physical,1152,255,1,8,128,128,0.4875597596344848,0.9788072903851732,0.4979622497815263,10000,0.01,8,0.0287396790791614,0.0313725490196078,0.9160772706482716,0.0140209587874945,0.0017526198484368,2.0190180653992185,0.0592050647907224,2852871.947364711,0.054314600600501,0.0585265250672437,0.0015595530659422,3.455130732439059e-05
trainability-bridge-v1-haar-n8,SU2-HaarU4-brickwork|n8|d48|i5,SU2-HaarU4-brickwork,8,48,6.0,5,random_rank,1152,255,1,8,128,128,0.4875597596344848,0.9788072903851732,0.4979622497815263,10000,0.01,8,0.0317941291877682,0.0313725490196078,1.013437867860114,0.0155341996477606,0.00194177495597,2.236924749277527,0.0623181346956096,2574963.687026281,0.060438487409323,0.0575019954761664,0.0019763171177832,5.5308882677550754e-05
trainability-bridge-v1-haar-n8,SU2-HaarU4-brickwork|n8|d48|i6,SU2-HaarU4-brickwork,8,48,6.0,6,aligned_crossfit,1152,255,1,8,128,128,0.4814084484944724,0.9779449725111254,0.492260252369095,10000,0.01,8,0.0850976690600014,0.0313725490196078,2.7124882012875458,0.0418884024637825,0.0052360503079728,6.031929954784691,0.1023332820540103,954918.2505726896,0.0937900229588714,0.0902776414426268,0.0045512442722784,3.642600788365831e-05
trainability-bridge-v1-haar-n8,SU2-HaarU4-brickwork|n8|d48|i6,SU2-HaarU4-brickwork,8,48,6.0,6,physical,1152,255,1,8,128,128,0.4814084484944724,0.9779449725111254,0.492260252369095,10000,0.01,8,0.0330150235151447,0.0313725490196078,1.0523538745452392,0.0158665113242357,0.0019833139155294,2.2847776306899505,0.0629811704484677,2521033.0855089,0.0618990816458829,0.0559182250738488,0.0020555378891409,2.7721630270970947e-05
trainability-bridge-v1-haar-n8,SU2-HaarU4-brickwork|n8|d48|i6,SU2-HaarU4-brickwork,8,48,6.0,6,random_rank,1152,255,1,8,128,128,0.4814084484944724,0.9779449725111254,0.492260252369095,10000,0.01,8,0.0319530535780824,0.0313725490196078,1.0185035828013786,0.015462230422433,0.0019327788028041,2.2265611808303563,0.0621736085940671,2586948.9011085294,0.0651667304699802,0.0658028876049806,0.002222492640871,4.124297484483354e-05
trainability-bridge-v1-haar-n8,SU2-HaarU4-brickwork|n8|d48|i7,SU2-HaarU4-brickwork,8,48,6.0,7,aligned_crossfit,1152,255,1,8,128,128,0.4902149947832522,0.9902457884276428,0.4948373758064345,10000,0.01,8,0.0814405673028196,0.0313725490196078,2.595918082777376,0.0404404061266327,0.005055050765829,5.823418482235121,0.100549000649724,989109.7501530098,0.0946993068622412,0.0917656036931547,0.0045599854610558,3.497151718804184e-05
trainability-bridge-v1-haar-n8,SU2-HaarU4-brickwork|n8|d48|i7,SU2-HaarU4-brickwork,8,48,6.0,7,physical,1152,255,1,8,128,128,0.4902149947832522,0.9902457884276428,0.4948373758064345,10000,0.01,8,0.0291165909179218,0.0313725490196078,0.9280913355087592,0.0142001335765457,0.0017750166970682,2.044819235022581,0.0595821566757735,2816874.9106746307,0.0595288399977352,0.0633289357089998,0.0018653064448373,3.320435209220185e-05
trainability-bridge-v1-haar-n8,SU2-HaarU4-brickwork|n8|d48|i7,SU2-HaarU4-brickwork,8,48,6.0,7,random_rank,1152,255,1,8,128,128,0.4902149947832522,0.9902457884276428,0.4948373758064345,10000,0.01,8,0.0305660849302442,0.0313725490196078,0.9742939571515352,0.0148759057632109,0.0018594882204013,2.14213042990238,0.0609834111935593,2688911.8979848907,0.0606633501687817,0.0637458658161059,0.001920429257909,4.940639210395394e-05
trainability-bridge-v1-haar-n8,SU2-HaarU4-brickwork|n8|d48|i8,SU2-HaarU4-brickwork,8,48,6.0,8,aligned_crossfit,1152,255,1,8,128,128,0.4712796757408373,0.97171360428766,0.4851058000756516,10000,0.01,8,0.084951188233308,0.0313725490196078,2.7078191249366923,0.0404187416216493,0.0050523427027061,5.8202987935175,0.1005220642715435,989639.9144345204,0.092334686862818,0.1006165810908702,0.0045481439550095,3.100226827456501e-05
trainability-bridge-v1-haar-n8,SU2-HaarU4-brickwork|n8|d48|i8,SU2-HaarU4-brickwork,8,48,6.0,8,physical,1152,255,1,8,128,128,0.4712796757408373,0.97171360428766,0.4851058000756516,10000,0.01,8,0.0311247867918989,0.0313725490196078,0.9921025789917776,0.0146462546316822,0.0018307818289602,2.10906066696225,0.0605108557030932,2731073.6434605834,0.0578900087483682,0.0568101804316039,0.0018521680852326,3.301028842651297e-05
trainability-bridge-v1-haar-n8,SU2-HaarU4-brickwork|n8|d48|i8,SU2-HaarU4-brickwork,8,48,6.0,8,random_rank,1152,255,1,8,128,128,0.4712796757408373,0.97171360428766,0.4851058000756516,10000,0.01,8,0.0307395860302779,0.0313725490196078,0.9798243047151094,0.0145507428641492,0.0018188428580186,2.095306972437489,0.0603132300249067,2749000.5406221407,0.0639513231306826,0.0581079453367442,0.0022193922689508,4.049417512698309e-05
trainability-bridge-v1-haar-n8,SU2-HaarU4-brickwork|n8|d48|i9,SU2-HaarU4-brickwork,8,48,6.0,9,aligned_crossfit,1152,255,1,8,128,128,0.4855747264168488,0.9783888811698944,0.4965586619699259,10000,0.01,8,0.0826201856354229,0.0313725490196078,2.6335184171291077,0.0407154667841439,0.0050894333480179,5.863027216916722,0.1008903696892621,982427.641369384,0.107032044378751,0.0998828139431438,0.0059007526133728,3.528282410852657e-05
trainability-bridge-v1-haar-n8,SU2-HaarU4-brickwork|n8|d48|i9,SU2-HaarU4-brickwork,8,48,6.0,9,physical,1152,255,1,8,128,128,0.4855747264168488,0.9783888811698944,0.4965586619699259,10000,0.01,8,0.0291404252242555,0.0313725490196078,0.9288510540231444,0.0141468243375594,0.0017683530421949,2.0371427046085664,0.0594702117399112,2827489.692778677,0.0592112244459097,0.0590602644905882,0.0019977646344858,3.33270307303215e-05
trainability-bridge-v1-haar-n8,SU2-HaarU4-brickwork|n8|d48|i9,SU2-HaarU4-brickwork,8,48,6.0,9,random_rank,1152,255,1,8,128,128,0.4855747264168488,0.9783888811698944,0.4965586619699259,10000,0.01,8,0.0322370113333321,0.0313725490196078,1.0275547362499622,0.0157030712857666,0.0019628839107208,2.2612422651503925,0.0626559480132704,2547272.3948121094,0.0562628327328323,0.0549316486238152,0.0016826991232266,7.711182392358667e-05
trainability-bridge-v1-haar-n8,SU2-HaarU4-brickwork|n8|d48|i10,SU2-HaarU4-brickwork,8,48,6.0,10,aligned_crossfit,1152,255,1,8,128,128,0.4807863089655965,0.9777428479712836,0.4918345730616023,10000,0.01,8,0.0817307488483017,0.0313725490196078,2.6051676195396176,0.0397412114103845,0.004967651426298,5.722734443095369,0.0996759893484691,1006511.844516845,0.1030802892992292,0.1005552371882655,0.0056705615994549,3.484968123449274e-05
trainability-bridge-v1-haar-n8,SU2-HaarU4-brickwork|n8|d48|i10,SU2-HaarU4-brickwork,8,48,6.0,10,physical,1152,255,1,8,128,128,0.4807863089655965,0.9777428479712836,0.4918345730616023,10000,0.01,8,0.0292028828529568,0.0313725490196078,0.9308418909379994,0.0141014173179023,0.0017626771647377,2.0306040937779417,0.0593746943526919,2836594.3010010934,0.0567347393800445,0.0557994868385846,0.0017033884941924,3.0370103925316817e-05
trainability-bridge-v1-haar-n8,SU2-HaarU4-brickwork|n8|d48|i10,SU2-HaarU4-brickwork,8,48,6.0,10,random_rank,1152,255,1,8,128,128,0.4807863089655965,0.9777428479712836,0.4918345730616023,10000,0.01,8,0.029759362976707,0.0313725490196078,0.9485796948825372,0.0141794642589382,0.0017724330323672,2.041842853287112,0.0595387778236551,2820981.051860637,0.0615991666792779,0.0662977290762358,0.0019540784579149,4.598236783225243e-05
trainability-bridge-v1-haar-n8,SU2-HaarU4-brickwork|n8|d48|i11,SU2-HaarU4-brickwork,8,48,6.0,11,aligned_crossfit,1152,255,1,8,128,128,0.4822913089671152,0.9795155153707298,0.4925517919925882,10000,0.01,8,0.08923620202946,0.0313725490196078,2.84440393968904,0.0433890509676377,0.0054236313709547,6.2480233393398334,0.1041501931918968,921891.562685584,0.1022716391559401,0.1054886149171039,0.0057577474171994,3.770366359478944e-05
trainability-bridge-v1-haar-n8,SU2-HaarU4-brickwork|n8|d48|i11,SU2-HaarU4-brickwork,8,48,6.0,11,physical,1152,255,1,8,128,128,0.4822913089671152,0.9795155153707298,0.4925517919925882,10000,0.01,8,0.0295016753200382,0.0313725490196078,0.9403659008262188,0.0141615742929378,0.0017701967866172,2.039266698183047,0.0595012064855365,2824544.727343444,0.0632474378304188,0.0607329174271398,0.0020665099069627,2.6740180723568324e-05
trainability-bridge-v1-haar-n8,SU2-HaarU4-brickwork|n8|d48|i11,SU2-HaarU4-brickwork,8,48,6.0,11,random_rank,1152,255,1,8,128,128,0.4822913089671152,0.9795155153707298,0.4925517919925882,10000,0.01,8,0.0297877115935051,0.0313725490196078,0.9494833070429772,0.0143867576281562,0.0017983447035195,2.071693098454493,0.0599724053797998,2780334.598931196,0.0554695212210814,0.0524860473567946,0.0016566990240287,6.492969939711615e-05
trainability-bridge-v1-haar-n8,SU2-HaarU4-brickwork|n8|d48|i12,SU2-HaarU4-brickwork,8,48,6.0,12,aligned_crossfit,1152,255,1,8,128,128,0.4792349203745719,0.9748232497207964,0.4916163015054215,10000,0.01,8,0.0854536925673696,0.0313725490196078,2.723836450584909,0.0412711852093214,0.0051588981511651,5.943050670142295,0.1015765539006436,969199.2075615412,0.1114169071526951,0.1131088382718514,0.0063895481877613,3.408699574812811e-05
trainability-bridge-v1-haar-n8,SU2-HaarU4-brickwork|n8|d48|i12,SU2-HaarU4-brickwork,8,48,6.0,12,physical,1152,255,1,8,128,128,0.4792349203745719,0.9748232497207964,0.4916163015054215,10000,0.01,8,0.0304613072835888,0.0313725490196078,0.970954169664396,0.0146559953022583,0.0018319994127822,2.1104633235252024,0.0605309741005758,2729258.51674068,0.0695209353538008,0.0713014351475715,0.0024828689091421,3.3824728561759994e-05
trainability-bridge-v1-haar-n8,SU2-HaarU4-brickwork|n8|d48|i12,SU2-HaarU4-brickwork,8,48,6.0,12,random_rank,1152,255,1,8,128,128,0.4792349203745719,0.9748232497207964,0.4916163015054215,10000,0.01,8,0.030788227302536,0.0313725490196078,0.9813747452683352,0.0147431940448721,0.001842899255609,2.1230199424615823,0.0607107775540556,2713116.2947633173,0.0541265815545061,0.0497866273484884,0.0016696739264695,4.9412307464290085e-05
trainability-bridge-v1-haar-n8,SU2-HaarU4-brickwork|n8|d48|i13,SU2-HaarU4-brickwork,8,48,6.0,13,aligned_crossfit,1152,255,1,8,128,128,0.4877557803346568,0.9842814118382992,0.4955643040236762,10000,0.01,8,0.090180667331445,0.0313725490196078,2.874508771189811,0.044153911058052,0.0055192388822565,6.3581631923595,0.1050641602284671,905922.0132823418,0.1022831545410301,0.1006795488227136,0.0054328334450479,3.976184495557349e-05
trainability-bridge-v1-haar-n8,SU2-HaarU4-brickwork|n8|d48|i13,SU2-HaarU4-brickwork,8,48,6.0,13,physical,1152,255,1,8,128,128,0.4877557803346568,0.9842814118382992,0.4955643040236762,10000,0.01,8,0.0268656367795697,0.0313725490196078,0.8563421723487861,0.0130939520198168,0.0016367440024771,1.885529090853629,0.0572144038241614,3054845.4690732425,0.0503578764009436,0.0540676091549438,0.0013558690969857,3.298757318021542e-05
trainability-bridge-v1-haar-n8,SU2-HaarU4-brickwork|n8|d48|i13,SU2-HaarU4-brickwork,8,48,6.0,13,random_rank,1152,255,1,8,128,128,0.4877557803346568,0.9842814118382992,0.4955643040236762,10000,0.01,8,0.0284757592847123,0.0313725490196078,0.907664827200205,0.0138055678796536,0.0017256959849567,1.988001774670127,0.0587485486621875,2897381.7193678147,0.0528774213796712,0.0534213004456486,0.0014508874568748,4.892939543677705e-05
trainability-bridge-v1-haar-n8,SU2-HaarU4-brickwork|n8|d48|i14,SU2-HaarU4-brickwork,8,48,6.0,14,aligned_crossfit,1152,255,1,8,128,128,0.4902926157193932,0.9930523080045446,0.4936488655997043,10000,0.01,8,0.0882575803859098,0.0313725490196078,2.813210374800875,0.0440236930255023,0.0055029616281877,6.339411795672342,0.1049091190334548,908601.6472272896,0.1045130550620861,0.0967600364301888,0.0059654425320338,3.082373536381739e-05
trainability-bridge-v1-haar-n8,SU2-HaarU4-brickwork|n8|d48|i14,SU2-HaarU4-brickwork,8,48,6.0,14,physical,1152,255,1,8,128,128,0.4902926157193932,0.9930523080045446,0.4936488655997043,10000,0.01,8,0.029204234766595,0.0313725490196078,0.9308849831852188,0.0142783389524186,0.0017847923690523,2.05608080914828,0.0597460018587407,2801446.312018276,0.0531408589834939,0.0526908181347706,0.0014536934928028,2.9849665520324297e-05
trainability-bridge-v1-haar-n8,SU2-HaarU4-brickwork|n8|d48|i14,SU2-HaarU4-brickwork,8,48,6.0,14,random_rank,1152,255,1,8,128,128,0.4902926157193932,0.9930523080045446,0.4936488655997043,10000,0.01,8,0.0290624870462099,0.0313725490196078,0.9263667745979408,0.0142957207133098,0.0017869650891637,2.058583782716614,0.059782356747852,2798040.1129939947,0.0639060906850204,0.0608205741521966,0.002114212925819,4.726668389996847e-05
trainability-bridge-v1-haar-n8,SU2-HaarU4-brickwork|n8|d48|i15,SU2-HaarU4-brickwork,8,48,6.0,15,aligned_crossfit,1152,255,1,8,128,128,0.4791436317376268,0.9766909299418768,0.4903705763152272,10000,0.01,8,0.08383742133444,0.0313725490196078,2.6723178050352763,0.0408086621184897,0.0051010827648112,5.8764473450625285,0.1010057697838219,980184.0570969518,0.1115648781948559,0.1187299825398773,0.0064515402721078,3.857412473647179e-05
trainability-bridge-v1-haar-n8,SU2-HaarU4-brickwork|n8|d48|i15,SU2-HaarU4-brickwork,8,48,6.0,15,physical,1152,255,1,8,128,128,0.4791436317376268,0.9766909299418768,0.4903705763152272,10000,0.01,8,0.0304870609986954,0.0313725490196078,0.9717750693334184,0.0145711796883184,0.0018213974610398,2.0982498751178613,0.0603555707626033,2745144.9268769543,0.0668543223232193,0.0655065276825621,0.0022966357412752,2.7825093819677096e-05
trainability-bridge-v1-haar-n8,SU2-HaarU4-brickwork|n8|d48|i15,SU2-HaarU4-brickwork,8,48,6.0,15,random_rank,1152,255,1,8,128,128,0.4791436317376268,0.9766909299418768,0.4903705763152272,10000,0.01,8,0.0289446954965729,0.0313725490196078,0.9226121689532634,0.0138601328756809,0.0017325166094601,1.995859134098063,0.0588645327758595,2885975.2181874136,0.0522950525597465,0.0501653766978694,0.0015839906243995,7.900142350943557e-05
trainability-bridge-v1-haar-n10,SU2-HaarU4-brickwork|n10|d60|i0,SU2-HaarU4-brickwork,10,60,6.0,0,aligned_crossfit,1800,1023,1,10,128,128,0.4930705022187278,1.000744077476373,0.4926387278074774,10000,0.01,8,0.0435893876331601,0.0097751710654936,4.4591943548722845,0.0215592000383443,0.0021559200038344,3.880656006901976,0.0656646023948128,2319195.5133340773,0.0629046227532943,0.0602093535589199,0.0021150911236225,4.680030412776694e-05
trainability-bridge-v1-haar-n10,SU2-HaarU4-brickwork|n10|d60|i0,SU2-HaarU4-brickwork,10,60,6.0,0,physical,1800,1023,1,10,128,128,0.4930705022187278,1.000744077476373,0.4926387278074774,10000,0.01,8,0.0099140683182653,0.0097751710654936,1.014209188958546,0.0048980113064159,0.0004898011306415,0.8816420351548665,0.0312985983916721,10208224.700197158,0.0321768781385499,0.0309814941311909,0.0005354078406303,3.085771136811287e-05
trainability-bridge-v1-haar-n10,SU2-HaarU4-brickwork|n10|d60|i0,SU2-HaarU4-brickwork,10,60,6.0,0,random_rank,1800,1023,1,10,128,128,0.4930705022187278,1.000744077476373,0.4926387278074774,10000,0.01,8,0.0097888056073274,0.0097751710654936,1.001394813629594,0.0048164888473639,0.0004816488847363,0.8669679925255157,0.0310370386711231,10381006.078185892,0.0291371072425241,0.0288127215130274,0.0004330553810151,6.442419082012986e-05
trainability-bridge-v1-haar-n10,SU2-HaarU4-brickwork|n10|d60|i1,SU2-HaarU4-brickwork,10,60,6.0,1,aligned_crossfit,1800,1023,1,10,128,128,0.4808652335041722,0.977173405175176,0.4922506370034918,10000,0.01,8,0.0442048906261951,0.0097751710654936,4.522160311059762,0.0214942415688134,0.0021494241568813,3.868963482386415,0.0655656031297103,2326204.4320068667,0.0549034700092159,0.0530211436622343,0.0016982500340644,3.5787368744204335e-05
trainability-bridge-v1-haar-n10,SU2-HaarU4-brickwork|n10|d60|i1,SU2-HaarU4-brickwork,10,60,6.0,1,physical,1800,1023,1,10,128,128,0.4808652335041722,0.977173405175176,0.4922506370034918,10000,0.01,8,0.0086944949370237,0.0097751710654936,0.8894468320575329,0.0041568231909659,0.0004156823190965,0.7482281743738619,0.0288333944965413,12028416.341754904,0.0281274716749558,0.0291290890235902,0.0004108728700051,3.381296823620843e-05
trainability-bridge-v1-haar-n10,SU2-HaarU4-brickwork|n10|d60|i1,SU2-HaarU4-brickwork,10,60,6.0,1,random_rank,1800,1023,1,10,128,128,0.4808652335041722,0.977173405175176,0.4922506370034918,10000,0.01,8,0.0096773817246688,0.0097751710654936,0.98999615043362,0.0046612227584414,0.0004661222758441,0.8390200965194679,0.0305326800606873,10726799.08065965,0.0273917523101231,0.0277645159002777,0.0003867516109225,4.330084890455075e-05
trainability-bridge-v1-haar-n10,SU2-HaarU4-brickwork|n10|d60|i2,SU2-HaarU4-brickwork,10,60,6.0,2,aligned_crossfit,1800,1023,1,10,128,128,0.487020960851755,0.9836421525161962,0.495204283214607,10000,0.01,8,0.0434646294357922,0.0097751710654936,4.446431591281544,0.0211185460092381,0.0021118546009238,3.8013382816628662,0.0649900700249478,2367587.2372145257,0.0694091606806527,0.0704562222226653,0.0024716310187635,3.620527990960697e-05
trainability-bridge-v1-haar-n10,SU2-HaarU4-brickwork|n10|d60|i2,SU2-HaarU4-brickwork,10,60,6.0,2,physical,1800,1023,1,10,128,128,0.487020960851755,0.9836421525161962,0.495204283214607,10000,0.01,8,0.0090917027129363,0.0097751710654936,0.9300811875333878,0.0044199180257374,0.0004419918025737,0.7955852446327443,0.0297318617840775,11312426.997253517,0.0279147562692127,0.0290188036354711,0.0003993222864762,2.720657817821608e-05
trainability-bridge-v1-haar-n10,SU2-HaarU4-brickwork|n10|d60|i2,SU2-HaarU4-brickwork,10,60,6.0,2,random_rank,1800,1023,1,10,128,128,0.487020960851755,0.9836421525161962,0.495204283214607,10000,0.01,8,0.0098619828332013,0.0097751710654936,1.008880843836499,0.0047884801827718,0.0004788480182771,0.8619264328989245,0.0309466643849439,10441726.412462167,0.0284266647177743,0.029836362685681,0.0004196004381504,7.220322702887884e-05
trainability-bridge-v1-haar-n10,SU2-HaarU4-brickwork|n10|d60|i3,SU2-HaarU4-brickwork,10,60,6.0,3,aligned_crossfit,1800,1023,1,10,128,128,0.4830276552180008,0.9818832905891928,0.4918721465831351,10000,0.01,8,0.0427011125117157,0.0097751710654936,4.368323809948524,0.0207400373273936,0.0020740037327393,3.7332067189308606,0.0644050267097121,2410796.046830612,0.0645777084687193,0.0666706823518327,0.0022013602729779,3.613280438111822e-05
trainability-bridge-v1-haar-n10,SU2-HaarU4-brickwork|n10|d60|i3,SU2-HaarU4-brickwork,10,60,6.0,3,physical,1800,1023,1,10,128,128,0.4830276552180008,0.9818832905891928,0.4918721465831351,10000,0.01,8,0.0092140376672711,0.0097751710654936,0.942596053361836,0.0044516035278297,0.0004451603527829,0.8012886350093461,0.0298382423337223,11231907.713123906,0.0280207154234923,0.0289870472645989,0.0004031813050928,3.125154695868373e-05
trainability-bridge-v1-haar-n10,SU2-HaarU4-brickwork|n10|d60|i3,SU2-HaarU4-brickwork,10,60,6.0,3,random_rank,1800,1023,1,10,128,128,0.4830276552180008,0.9818832905891928,0.4918721465831351,10000,0.01,8,0.0099658948393539,0.0097751710654936,1.019511042065914,0.0048073670616328,0.0004807367061632,0.8653260710939139,0.0310076347425367,10400703.619876524,0.0316605188367821,0.0338181171229064,0.0005230840099359,5.835983776259096e-05
trainability-bridge-v1-haar-n10,SU2-HaarU4-brickwork|n10|d60|i4,SU2-HaarU4-brickwork,10,60,6.0,4,aligned_crossfit,1800,1023,1,10,128,128,0.4849868608347484,0.9833176123743094,0.4931764745999407,10000,0.01,8,0.0450333794154784,0.0097751710654936,4.606914714203448,0.0219642816495053,0.0021964281649505,3.953570696910959,0.0662786264937729,2276423.185509738,0.0554223331129443,0.0480324192548505,0.0016497398397089,6.872990778527765e-05
trainability-bridge-v1-haar-n10,SU2-HaarU4-brickwork|n10|d60|i4,SU2-HaarU4-brickwork,10,60,6.0,4,physical,1800,1023,1,10,128,128,0.4849868608347484,0.9833176123743094,0.4931764745999407,10000,0.01,8,0.0089151594322232,0.0097751710654936,0.9120208099164347,0.0043329645493585,0.0004332964549358,0.779933618884543,0.0294379501642304,11539443.591201711,0.0302089391448019,0.0294102115887695,0.0004662855078768,3.1093679937793245e-05
trainability-bridge-v1-haar-n10,SU2-HaarU4-brickwork|n10|d60|i4,SU2-HaarU4-brickwork,10,60,6.0,4,random_rank,1800,1023,1,10,128,128,0.4849868608347484,0.9833176123743094,0.4931764745999407,10000,0.01,8,0.0100589045303879,0.0097751710654936,1.02902593345869,0.0048835939668909,0.000488359396689,0.8790469140403684,0.0312525005940034,10238361.407394342,0.0324655771440779,0.0324059875248668,0.0005576020927947,6.339959092368659e-05
trainability-bridge-v1-haar-n10,SU2-HaarU4-brickwork|n10|d60|i5,SU2-HaarU4-brickwork,10,60,6.0,5,aligned_crossfit,1800,1023,1,10,128,128,0.4883082271400314,0.9863445481812104,0.4950116561446109,10000,0.01,8,0.0464352603343723,0.0097751710654936,4.750327132206292,0.0228024284724904,0.002280242847249,4.104437125048286,0.0675313682261665,2192748.9021759885,0.0677995289106752,0.067102274758278,0.0023873073299657,3.3969116749635106e-05
trainability-bridge-v1-haar-n10,SU2-HaarU4-brickwork|n10|d60|i5,SU2-HaarU4-brickwork,10,60,6.0,5,physical,1800,1023,1,10,128,128,0.4883082271400314,0.9863445481812104,0.4950116561446109,10000,0.01,8,0.0089601335845397,0.0097751710654936,0.9166216656984154,0.0043602366253181,0.0004360236625318,0.7848425925572672,0.0295304474240338,11467267.558294885,0.0293540785791058,0.0274730256889646,0.0004549860388771,2.8772750682340614e-05
trainability-bridge-v1-haar-n10,SU2-HaarU4-brickwork|n10|d60|i5,SU2-HaarU4-brickwork,10,60,6.0,5,random_rank,1800,1023,1,10,128,128,0.4883082271400314,0.9863445481812104,0.4950116561446109,10000,0.01,8,0.0090423161806825,0.0097751710654936,0.9250289452838248,0.0043944793072868,0.0004394479307286,0.7910062753116375,0.029646177855794,11377912.263027515,0.029876413952287,0.0286548720277442,0.0004611122491064,5.538715743163604e-05
trainability-bridge-v1-haar-n10,SU2-HaarU4-brickwork|n10|d60|i6,SU2-HaarU4-brickwork,10,60,6.0,6,aligned_crossfit,1800,1023,1,10,128,128,0.4828750160607141,0.9815657848717269,0.4921124729938106,10000,0.01,8,0.0422453886776248,0.0097751710654936,4.3217032617210185,0.0204708638068473,0.0020470863806847,3.684755485232522,0.0639857231057793,2442495.8551712595,0.0598761999819781,0.0594112055417919,0.0019028832439692,3.610161027491267e-05
trainability-bridge-v1-haar-n10,SU2-HaarU4-brickwork|n10|d60|i6,SU2-HaarU4-brickwork,10,60,6.0,6,physical,1800,1023,1,10,128,128,0.4828750160607141,0.9815657848717269,0.4921124729938106,10000,0.01,8,0.0093913007392656,0.0097751710654936,0.9607300656268712,0.0045446022649062,0.0004544602264906,0.8180284076831239,0.0301483076304665,11002062.90572526,0.0296571600081957,0.0292188638056765,0.0004585157469402,2.826197340773381e-05
trainability-bridge-v1-haar-n10,SU2-HaarU4-brickwork|n10|d60|i6,SU2-HaarU4-brickwork,10,60,6.0,6,random_rank,1800,1023,1,10,128,128,0.4828750160607141,0.9815657848717269,0.4921124729938106,10000,0.01,8,0.0099467005468222,0.0097751710654936,1.017547465939913,0.0048029651817783,0.0004802965181778,0.8645337327200987,0.0309934353751833,10410235.783030847,0.0267256057516978,0.0241121059047569,0.0003798618420723,6.551569177611766e-05
trainability-bridge-v1-haar-n10,SU2-HaarU4-brickwork|n10|d60|i7,SU2-HaarU4-brickwork,10,60,6.0,7,aligned_crossfit,1800,1023,1,10,128,128,0.4854511287330296,0.9839128570202496,0.4932474369503026,10000,0.01,8,0.0435618249524552,0.0097751710654936,4.456374692636167,0.0213094930842803,0.002130949308428,3.835708755170466,0.0652832184933928,2346372.09821214,0.0622048272518468,0.0589988781417837,0.0020860696666673,2.7566972759918877e-05
trainability-bridge-v1-haar-n10,SU2-HaarU4-brickwork|n10|d60|i7,SU2-HaarU4-brickwork,10,60,6.0,7,physical,1800,1023,1,10,128,128,0.4854511287330296,0.9839128570202496,0.4932474369503026,10000,0.01,8,0.0088882747067433,0.0097751710654936,0.909270502499846,0.0043208659755225,0.0004320865975522,0.7777558755940601,0.0293968228743262,11571754.431460492,0.0271235545758433,0.0269406928092114,0.0003705299047285,2.8247745539168523e-05
trainability-bridge-v1-haar-n10,SU2-HaarU4-brickwork|n10|d60|i7,SU2-HaarU4-brickwork,10,60,6.0,7,random_rank,1800,1023,1,10,128,128,0.4854511287330296,0.9839128570202496,0.4932474369503026,10000,0.01,8,0.0094608018560282,0.0097751710654936,0.9678400298716902,0.0045880719019876,0.0004588071901987,0.8258529423577734,0.0302921504749584,10897823.980992788,0.0330117095582281,0.0338898299206675,0.0005566397526195,5.017973356316614e-05
trainability-bridge-v1-haar-n10,SU2-HaarU4-brickwork|n10|d60|i8,SU2-HaarU4-brickwork,10,60,6.0,8,aligned_crossfit,1800,1023,1,10,128,128,0.4845185745368451,0.9841647446485552,0.4923690980534021,10000,0.01,8,0.0419648420535626,0.0097751710654936,4.29300334207946,0.0204760379607834,0.0020476037960783,3.685686832941012,0.0639938090142841,2441878.6532708225,0.0631755631395629,0.0643017095927784,0.0020547887259822,3.626471510923139e-05
trainability-bridge-v1-haar-n10,SU2-HaarU4-brickwork|n10|d60|i8,SU2-HaarU4-brickwork,10,60,6.0,8,physical,1800,1023,1,10,128,128,0.4845185745368451,0.9841647446485552,0.4923690980534021,10000,0.01,8,0.0099024354854567,0.0097751710654936,1.0130191501622248,0.0047882291210969,0.0004788229121096,0.8618812417974588,0.0309458531021427,10442273.904500397,0.0268273191008763,0.0259492179403838,0.0003826431587018,2.9227303662805204e-05
trainability-bridge-v1-haar-n10,SU2-HaarU4-brickwork|n10|d60|i8,SU2-HaarU4-brickwork,10,60,6.0,8,random_rank,1800,1023,1,10,128,128,0.4845185745368451,0.9841647446485552,0.4923690980534021,10000,0.01,8,0.0106018506850227,0.0097751710654936,1.0845693250778252,0.0051397563089749,0.0005139756308974,0.9251561356154824,0.032061679023329,9728087.674641572,0.0337657956812118,0.0311207826300106,0.0005915957872268,5.153799024038576e-05
trainability-bridge-v1-haar-n10,SU2-HaarU4-brickwork|n10|d60|i9,SU2-HaarU4-brickwork,10,60,6.0,9,aligned_crossfit,1800,1023,1,10,128,128,0.4930791794721643,0.9991482610346432,0.493558049611154,10000,0.01,8,0.0437705976395771,0.0097751710654936,4.477732138528743,0.0217528505178754,0.0021752850517875,3.915513093217574,0.0659588515938163,2298549.3307606964,0.061118974044595,0.0569350896812501,0.0020380294463586,4.096988031814388e-05
trainability-bridge-v1-haar-n10,SU2-HaarU4-brickwork|n10|d60|i9,SU2-HaarU4-brickwork,10,60,6.0,9,physical,1800,1023,1,10,128,128,0.4930791794721643,0.9991482610346432,0.493558049611154,10000,0.01,8,0.0090146898587135,0.0097751710654936,0.9222027725463986,0.0044433768716815,0.0004443376871681,0.7998078369026748,0.0298106587370407,11252702.942813464,0.0320928051991468,0.0318283665829944,0.0005282608707412,3.231856861753929e-05
trainability-bridge-v1-haar-n10,SU2-HaarU4-brickwork|n10|d60|i9,SU2-HaarU4-brickwork,10,60,6.0,9,random_rank,1800,1023,1,10,128,128,0.4930791794721643,0.9991482610346432,0.493558049611154,10000,0.01,8,0.0090866837042143,0.0097751710654936,0.9295677429411292,0.0044951289314082,0.0004495128931408,0.8091232076534856,0.0299837587083682,11123151.474174911,0.0287669204556442,0.0286026060464228,0.0004268761395907,8.305770643368397e-05
trainability-bridge-v1-haar-n10,SU2-HaarU4-brickwork|n10|d60|i10,SU2-HaarU4-brickwork,10,60,6.0,10,aligned_crossfit,1800,1023,1,10,128,128,0.4891921172790264,0.9908348465413596,0.4937429379704179,10000,0.01,8,0.0446322330292273,0.0097751710654936,4.565877438889954,0.0218969794356372,0.0021896979435637,3.941456298414713,0.0661770042169291,2283419.964245164,0.0663314255131536,0.0641270254654369,0.0022732573797177,0.0001544995713916
trainability-bridge-v1-haar-n10,SU2-HaarU4-brickwork|n10|d60|i10,SU2-HaarU4-brickwork,10,60,6.0,10,physical,1800,1023,1,10,128,128,0.4891921172790264,0.9908348465413596,0.4937429379704179,10000,0.01,8,0.0091818620760977,0.0097751710654936,0.9393044903848,0.0044923051325128,0.0004492305132512,0.8086149238523117,0.0299743394673271,11130143.328450108,0.0291891981742389,0.0313655022787014,0.0004530847516776,3.220498579931704e-05
trainability-bridge-v1-haar-n10,SU2-HaarU4-brickwork|n10|d60|i10,SU2-HaarU4-brickwork,10,60,6.0,10,random_rank,1800,1023,1,10,128,128,0.4891921172790264,0.9908348465413596,0.4937429379704179,10000,0.01,8,0.0098934751981745,0.0097751710654936,1.0121025127732597,0.0048320008618067,0.0004832000861806,0.869760155125207,0.0310869775366043,10347680.27365475,0.0335349714111387,0.03421435961416,0.0005853724037744,0.0002541146933454
trainability-bridge-v1-haar-n10,SU2-HaarU4-brickwork|n10|d60|i11,SU2-HaarU4-brickwork,10,60,6.0,11,aligned_crossfit,1800,1023,1,10,128,128,0.4850432395060969,0.9857592185473084,0.4919529659677231,10000,0.01,8,0.0411195379739269,0.0097751710654936,4.20652873473273,0.0200449227652028,0.0020044922765202,3.608086097736507,0.0633165424912049,2494397.238925659,0.064477353995998,0.062173986122349,0.0021628462010893,3.415686069733136e-05
trainability-bridge-v1-haar-n10,SU2-HaarU4-brickwork|n10|d60|i11,SU2-HaarU4-brickwork,10,60,6.0,11,physical,1800,1023,1,10,128,128,0.4850432395060969,0.9857592185473084,0.4919529659677231,10000,0.01,8,0.00976961172224,0.0097751710654936,0.9994312791851578,0.0047196826648801,0.000471968266488,0.8495428796784333,0.0307235501362722,10593932.590438113,0.0303227771751039,0.0310362269691629,0.0004792076639964,2.88506171289537e-05
trainability-bridge-v1-haar-n10,SU2-HaarU4-brickwork|n10|d60|i11,SU2-HaarU4-brickwork,10,60,6.0,11,random_rank,1800,1023,1,10,128,128,0.4850432395060969,0.9857592185473084,0.4919529659677231,10000,0.01,8,0.0098065871640414,0.0097751710654936,1.00321386688144,0.0047564452683904,0.000475644526839,0.8561601483102816,0.0308429741380122,10512052.000741225,0.0273588963089156,0.0277862234217829,0.0003781895539751,5.212661877729451e-05
trainability-bridge-v1-haar-n10,SU2-HaarU4-brickwork|n10|d60|i12,SU2-HaarU4-brickwork,10,60,6.0,12,aligned_crossfit,1800,1023,1,10,128,128,0.4849219933151161,0.980779257439594,0.4942876569029386,10000,0.01,8,0.0403501625282116,0.0097751710654936,4.127821626636052,0.0197766270521557,0.0019776627052155,3.5597928693880383,0.06289137787035,2528236.987436627,0.0687954518664862,0.0699642433570955,0.0024115396406535,2.7493388119093528e-05
trainability-bridge-v1-haar-n10,SU2-HaarU4-brickwork|n10|d60|i12,SU2-HaarU4-brickwork,10,60,6.0,12,physical,1800,1023,1,10,128,128,0.4849219933151161,0.980779257439594,0.4942876569029386,10000,0.01,8,0.0093289653950923,0.0097751710654936,0.954353159917952,0.0045212329882596,0.0004521232988259,0.8138219378867317,0.0300706933350716,11058930.192236504,0.0283038437290868,0.0273384075983768,0.000418841123034,2.961687576558448e-05
trainability-bridge-v1-haar-n10,SU2-HaarU4-brickwork|n10|d60|i12,SU2-HaarU4-brickwork,10,60,6.0,12,random_rank,1800,1023,1,10,128,128,0.4849219933151161,0.980779257439594,0.4942876569029386,10000,0.01,8,0.0095568236837576,0.0097751710654936,0.9776630628484028,0.0046303177194154,0.0004630317719415,0.8334571894947815,0.0304312921822766,10798395.06268528,0.0295576779584321,0.0280680442222937,0.0004462531704182,4.122317951858675e-05
trainability-bridge-v1-haar-n10,SU2-HaarU4-brickwork|n10|d60|i13,SU2-HaarU4-brickwork,10,60,6.0,13,aligned_crossfit,1800,1023,1,10,128,128,0.4870194835399515,0.9849567791791728,0.4943453607816329,10000,0.01,8,0.0440213852161354,0.0097751710654936,4.503387707610657,0.0215200074899506,0.002152000748995,3.873601348191109,0.0656048892841846,2323419.2656925865,0.0598847953504487,0.0659398745652397,0.0018802488767015,3.563776909081617e-05
trainability-bridge-v1-haar-n10,SU2-HaarU4-brickwork|n10|d60|i13,SU2-HaarU4-brickwork,10,60,6.0,13,physical,1800,1023,1,10,128,128,0.4870194835399515,0.9849567791791728,0.4943453607816329,10000,0.01,8,0.0097288511244345,0.0097751710654936,0.9952614700296556,0.0047546671208166,0.0004754667120816,0.8558400817470034,0.0308372084366165,10515983.291678209,0.0296422239968278,0.0309464933274233,0.0004485158570258,2.5881107843826336e-05
trainability-bridge-v1-haar-n10,SU2-HaarU4-brickwork|n10|d60|i13,SU2-HaarU4-brickwork,10,60,6.0,13,random_rank,1800,1023,1,10,128,128,0.4870194835399515,0.9849567791791728,0.4943453607816329,10000,0.01,8,0.0107239840214208,0.0097751710654936,1.0970635653913523,0.00522141489609,0.000522141489609,0.939854681296209,0.0323153675395779,9575948.472786846,0.0321603618652879,0.0319605289869544,0.0005380721590011,4.783815307762234e-05
trainability-bridge-v1-haar-n10,SU2-HaarU4-brickwork|n10|d60|i14,SU2-HaarU4-brickwork,10,60,6.0,14,aligned_crossfit,1800,1023,1,10,128,128,0.491729915431709,0.9917377940575064,0.4957965448485906,10000,0.01,8,0.0403812582798479,0.0097751710654936,4.13100272202844,0.0198950757073086,0.0019895075707308,3.581113627315548,0.0630794351707568,2513184.70638602,0.0583944351605938,0.0569845781359239,0.0017447085800366,3.686480872586778e-05
trainability-bridge-v1-haar-n10,SU2-HaarU4-brickwork|n10|d60|i14,SU2-HaarU4-brickwork,10,60,6.0,14,physical,1800,1023,1,10,128,128,0.491729915431709,0.9917377940575064,0.4957965448485906,10000,0.01,8,0.0094919632263065,0.0097751710654936,0.9710278380511594,0.0046621481060127,0.0004662148106012,0.8391866590822935,0.0305357105894483,10724670.015419573,0.0265110732613255,0.0275006558134573,0.0003621676536038,3.206796685098949e-05
trainability-bridge-v1-haar-n10,SU2-HaarU4-brickwork|n10|d60|i14,SU2-HaarU4-brickwork,10,60,6.0,14,random_rank,1800,1023,1,10,128,128,0.491729915431709,0.9917377940575064,0.4957965448485906,10000,0.01,8,0.0103236088459625,0.0097751710654936,1.056105184941967,0.0050507473972815,0.0005050747397281,0.9091345315106802,0.0317828488253698,9899524.974642623,0.032929045023938,0.032804875658896,0.0005611295982655,5.310102234902696e-05
trainability-bridge-v1-haar-n10,SU2-HaarU4-brickwork|n10|d60|i15,SU2-HaarU4-brickwork,10,60,6.0,15,aligned_crossfit,1800,1023,1,10,128,128,0.4851395992629282,0.9807263285140172,0.4947401728744151,10000,0.01,8,0.0400136011694128,0.0097751710654936,4.093391399630931,0.0194937377370101,0.001949373773701,3.5088727926618186,0.0624399515326687,2564926.268863863,0.0606195704996302,0.0569111703833173,0.0019121531824749,4.114344383090662e-05
trainability-bridge-v1-haar-n10,SU2-HaarU4-brickwork|n10|d60|i15,SU2-HaarU4-brickwork,10,60,6.0,15,physical,1800,1023,1,10,128,128,0.4851395992629282,0.9807263285140172,0.4947401728744151,10000,0.01,8,0.0095893677871309,0.0097751710654936,0.9809923246234994,0.0046388687625646,0.0004638868762564,0.8349963772616453,0.0304593787282823,10778489.877423571,0.0351565632115036,0.0329946130069013,0.0006390321416807,3.106427604142705e-05
trainability-bridge-v1-haar-n10,SU2-HaarU4-brickwork|n10|d60|i15,SU2-HaarU4-brickwork,10,60,6.0,15,random_rank,1800,1023,1,10,128,128,0.4851395992629282,0.9807263285140172,0.4947401728744151,10000,0.01,8,0.0095907619609345,0.0097751710654936,0.981134948603609,0.0046563268916944,0.0004656326891694,0.838138840504995,0.0305166410068159,10738077.70867333,0.0305489075985976,0.0295749124915312,0.0004949554166957,5.661189737055304e-05
trainability-bridge-v1-haar-n12,SU2-HaarU4-brickwork|n12|d72|i0,SU2-HaarU4-brickwork,12,72,6.0,0,aligned_crossfit,2592,4095,1,12,128,128,0.4885909839891016,0.9870863245280102,0.4950031021480932,10000,0.01,8,0.0266135194003348,0.0029304029304029,9.08186349536428,0.0130061104281077,0.0010838425356756,2.8093198524712824,0.0465584049485299,4613216.251826732,0.0437741593828029,0.0442421263001775,0.0009829094438963,3.072737656961603e-05
trainability-bridge-v1-haar-n12,SU2-HaarU4-brickwork|n12|d72|i0,SU2-HaarU4-brickwork,12,72,6.0,0,physical,2592,4095,1,12,128,128,0.4885909839891016,0.9870863245280102,0.4950031021480932,10000,0.01,8,0.0027846075928656,0.0029304029304029,0.9502473410653934,0.0013605300661091,0.000113377505509,0.2938744942795772,0.0150583867335844,44100458.70694214,0.0154309146187525,0.0163159438919764,0.0001226885897522,3.0460387245302105e-05
trainability-bridge-v1-haar-n12,SU2-HaarU4-brickwork|n12|d72|i0,SU2-HaarU4-brickwork,12,72,6.0,0,random_rank,2592,4095,1,12,128,128,0.4885909839891016,0.9870863245280102,0.4950031021480932,10000,0.01,8,0.0029410061168222,0.0029304029304029,1.0036183373656036,0.0014317484321942,0.0001193123693495,0.3092576613539512,0.0154474832480581,41906803.35374791,0.0157433722193099,0.0155332473826026,0.0001256466678568,5.405525412481009e-05
trainability-bridge-v1-haar-n12,SU2-HaarU4-brickwork|n12|d72|i1,SU2-HaarU4-brickwork,12,72,6.0,1,aligned_crossfit,2592,4095,1,12,128,128,0.4913932183321047,0.9934317509193402,0.4946707562313879,10000,0.01,8,0.0255324040432102,0.0029304029304029,8.712932879745512,0.0125362994680795,0.0010446916223399,2.707840685105177,0.0457097718729805,4786101.36530119,0.0438878786544108,0.0442338023382127,0.0010083283097137,2.8940220794206693e-05
trainability-bridge-v1-haar-n12,SU2-HaarU4-brickwork|n12|d72|i1,SU2-HaarU4-brickwork,12,72,6.0,1,physical,2592,4095,1,12,128,128,0.4913932183321047,0.9934317509193402,0.4946707562313879,10000,0.01,8,0.0027075004243041,0.0029304029304029,0.9239345197938068,0.0013318360374081,0.0001109863364506,0.2876765840801644,0.0148987473601427,45050590.54924173,0.0136926551838794,0.0131027615190826,0.000101819673872,3.0181872293438488e-05
trainability-bridge-v1-haar-n12,SU2-HaarU4-brickwork|n12|d72|i1,SU2-HaarU4-brickwork,12,72,6.0,1,random_rank,2592,4095,1,12,128,128,0.4913932183321047,0.9934317509193402,0.4946707562313879,10000,0.01,8,0.0029889881247127,0.0029304029304029,1.0199921975582118,0.0014656949670612,0.0001221412472551,0.3165901128852387,0.0156295391649982,40936212.06894067,0.01410159549236,0.013834123154093,0.0001021350593453,6.278069878983987e-05
trainability-bridge-v1-haar-n12,SU2-HaarU4-brickwork|n12|d72|i2,SU2-HaarU4-brickwork,12,72,6.0,2,aligned_crossfit,2592,4095,1,12,128,128,0.4884931497057582,0.985766547870469,0.4955445806683123,10000,0.01,8,0.0266594051380405,0.0029304029304029,9.09752200335632,0.0130414903736331,0.0010867908644694,2.8169619207047663,0.0466216873240218,4600701.168426721,0.0411176580262364,0.0423859093326466,0.0008617011014927,3.297851669470822e-05
trainability-bridge-v1-haar-n12,SU2-HaarU4-brickwork|n12|d72|i2,SU2-HaarU4-brickwork,12,72,6.0,2,physical,2592,4095,1,12,128,128,0.4884931497057582,0.985766547870469,0.4955445806683123,10000,0.01,8,0.002857051661485,0.0029304029304029,0.97496887948178,0.0013903087965624,0.0001158590663802,0.3003067000574911,0.0152222906541824,43155880.29677299,0.0158559693299926,0.0148475415517368,0.0001369093354609,2.816071840747548e-05
trainability-bridge-v1-haar-n12,SU2-HaarU4-brickwork|n12|d72|i2,SU2-HaarU4-brickwork,12,72,6.0,2,random_rank,2592,4095,1,12,128,128,0.4884931497057582,0.985766547870469,0.4955445806683123,10000,0.01,8,0.0027932681985529,0.0029304029304029,0.9532027727562044,0.00136548693866,0.0001137905782216,0.2949451787505672,0.0150857931990114,43940369.03705474,0.0149419888847062,0.0151017737715839,0.0001139316024524,6.361015900968371e-05
trainability-bridge-v1-haar-n12,SU2-HaarU4-brickwork|n12|d72|i3,SU2-HaarU4-brickwork,12,72,6.0,3,aligned_crossfit,2592,4095,1,12,128,128,0.492689074492608,0.994809546663314,0.4952010637347137,10000,0.01,8,0.0268313269678156,0.0029304029304029,9.156190327767078,0.0132466823153528,0.001103890192946,2.861283380116209,0.046987023590478,4529436.018138698,0.0453319540708006,0.0436911702102096,0.0011084029918622,3.2139815627955907e-05
trainability-bridge-v1-haar-n12,SU2-HaarU4-brickwork|n12|d72|i3,SU2-HaarU4-brickwork,12,72,6.0,3,physical,2592,4095,1,12,128,128,0.492689074492608,0.994809546663314,0.4952010637347137,10000,0.01,8,0.0026750473308908,0.0029304029304029,0.9128599016665098,0.0013159666847126,0.0001096638903927,0.2842488038979265,0.0148097191325641,45593859.40161748,0.0149170852926725,0.0153608341852994,0.0001144525097266,2.9179681621605817e-05
trainability-bridge-v1-haar-n12,SU2-HaarU4-brickwork|n12|d72|i3,SU2-HaarU4-brickwork,12,72,6.0,3,random_rank,2592,4095,1,12,128,128,0.492689074492608,0.994809546663314,0.4952010637347137,10000,0.01,8,0.0030267020425658,0.0029304029304029,1.032862072025605,0.001491229957214,0.0001242691631011,0.3221056707582255,0.0157650983568874,40235243.20292968,0.0140280766157687,0.0137154822493186,0.0001006961649102,6.21786482178516e-05
trainability-bridge-v1-haar-n12,SU2-HaarU4-brickwork|n12|d72|i4,SU2-HaarU4-brickwork,12,72,6.0,4,aligned_crossfit,2592,4095,1,12,128,128,0.4909705447612878,0.9889520254160392,0.4963981166310919,10000,0.01,8,0.025152949593031,0.0029304029304029,8.583444048621853,0.0124128497644819,0.0010344041470401,2.6811755491281115,0.0454841543186232,4833700.652019763,0.0469217283838953,0.0461156617976074,0.0011370420562223,2.898152969334303e-05
trainability-bridge-v1-haar-n12,SU2-HaarU4-brickwork|n12|d72|i4,SU2-HaarU4-brickwork,12,72,6.0,4,physical,2592,4095,1,12,128,128,0.4909705447612878,0.9889520254160392,0.4963981166310919,10000,0.01,8,0.0027768094968664,0.0029304029304029,0.9475862408056628,0.0013667743055557,0.0001138978587963,0.2952232500000322,0.0150929028881993,43898981.533461824,0.0138701498216209,0.0141104742815751,9.990384208788953e-05,2.85291964309054e-05
trainability-bridge-v1-haar-n12,SU2-HaarU4-brickwork|n12|d72|i4,SU2-HaarU4-brickwork,12,72,6.0,4,random_rank,2592,4095,1,12,128,128,0.4909705447612878,0.9889520254160392,0.4963981166310919,10000,0.01,8,0.0029850460635941,0.0029304029304029,1.0186469692015074,0.0014609072155905,0.0001217422679658,0.3155559585675693,0.0156039910257525,41070370.0821574,0.0162804844639004,0.0163121547621586,0.0001400890721466,4.293282139908702e-05
trainability-bridge-v1-haar-n12,SU2-HaarU4-brickwork|n12|d72|i5,SU2-HaarU4-brickwork,12,72,6.0,5,aligned_crossfit,2592,4095,1,12,128,128,0.4906966451835596,0.9897728822978458,0.4957948113902604,10000,0.01,8,0.025131912966064,0.0029304029304029,8.576265299669359,0.0123808682465327,0.0010317390205443,2.6742675412510684,0.0454255219132239,4846186.778282134,0.0372811172291438,0.0354709793912169,0.0007239248157431,4.308578406811231e-05
trainability-bridge-v1-haar-n12,SU2-HaarU4-brickwork|n12|d72|i5,SU2-HaarU4-brickwork,12,72,6.0,5,physical,2592,4095,1,12,128,128,0.4906966451835596,0.9897728822978458,0.4957948113902604,10000,0.01,8,0.0027906867462417,0.0029304029304029,0.9523218521550074,0.0013682052832901,0.0001140171069408,0.2955323411906618,0.0151008017628761,43853068.492557615,0.0142654946272806,0.0134986494037598,0.0001073119316593,3.1179856592773134e-05
trainability-bridge-v1-haar-n12,SU2-HaarU4-brickwork|n12|d72|i5,SU2-HaarU4-brickwork,12,72,6.0,5,random_rank,2592,4095,1,12,128,128,0.4906966451835596,0.9897728822978458,0.4957948113902604,10000,0.01,8,0.0031148150559794,0.0029304029304029,1.062930637852973,0.0015307878369723,0.000127565653081,0.3306501727860376,0.0159728302489592,39195503.4857531,0.0140357506732356,0.01437493546861,0.000104174103103,0.0001121460962587
trainability-bridge-v1-haar-n12,SU2-HaarU4-brickwork|n12|d72|i6,SU2-HaarU4-brickwork,12,72,6.0,6,aligned_crossfit,2592,4095,1,12,128,128,0.4881063745045323,0.9874396716021426,0.4943894017659415,10000,0.01,8,0.0260125255153794,0.0029304029304029,8.876774332123233,0.0127544263919826,0.0010628688659985,2.7549561006682546,0.0461057234190844,4704249.188165417,0.0437067382214971,0.0419849200169168,0.0010002578727039,3.312227064122106e-05
trainability-bridge-v1-haar-n12,SU2-HaarU4-brickwork|n12|d72|i6,SU2-HaarU4-brickwork,12,72,6.0,6,physical,2592,4095,1,12,128,128,0.4881063745045323,0.9874396716021426,0.4943894017659415,10000,0.01,8,0.0026045333863749,0.0029304029304029,0.8887970181004627,0.0012701482641361,0.000105845688678,0.2743520250534114,0.0145496177735371,47238579.69510857,0.0144094806607035,0.0136915971681019,0.0001085348775964,3.422569587774491e-05
trainability-bridge-v1-haar-n12,SU2-HaarU4-brickwork|n12|d72|i6,SU2-HaarU4-brickwork,12,72,6.0,6,random_rank,2592,4095,1,12,128,128,0.4881063745045323,0.9874396716021426,0.4943894017659415,10000,0.01,8,0.0028281754838492,0.0029304029304029,0.9651148838635424,0.0013780699422206,0.0001148391618517,0.2976631075196581,0.0151551418239302,43539154.408458576,0.014445985476823,0.0144638606802629,0.0001046626706796,7.820758210875461e-05
trainability-bridge-v1-haar-n12,SU2-HaarU4-brickwork|n12|d72|i7,SU2-HaarU4-brickwork,12,72,6.0,7,aligned_crossfit,2592,4095,1,12,128,128,0.4904259644467983,0.9895769669515564,0.4956277843601628,10000,0.01,8,0.0265022863072985,0.0029304029304029,9.043905202365622,0.0130063055394346,0.0010838587949528,2.809361996517889,0.0465587541704648,4613147.047644087,0.0476551374420691,0.0477893587680422,0.0011845037563784,3.012031766141562e-05
trainability-bridge-v1-haar-n12,SU2-HaarU4-brickwork|n12|d72|i7,SU2-HaarU4-brickwork,12,72,6.0,7,physical,2592,4095,1,12,128,128,0.4904259644467983,0.9895769669515564,0.4956277843601628,10000,0.01,8,0.0028196228872185,0.0029304029304029,0.9621963102633362,0.0013826041558476,0.0001152170129873,0.298642497663101,0.0151800535563816,43396368.90734885,0.0135830136202701,0.0135604305115217,9.38697310929714e-05,3.328045857650836e-05
trainability-bridge-v1-haar-n12,SU2-HaarU4-brickwork|n12|d72|i7,SU2-HaarU4-brickwork,12,72,6.0,7,random_rank,2592,4095,1,12,128,128,0.4904259644467983,0.9895769669515564,0.4956277843601628,10000,0.01,8,0.0031018176457579,0.0029304029304029,1.0584952716149088,0.0015226674572683,0.0001268889547723,0.3288961707699729,0.015930408329504,39404532.95536879,0.0157875625451154,0.0160994644245765,0.0001252719149137,5.527162231104388e-05
trainability-bridge-v1-haar-n12,SU2-HaarU4-brickwork|n12|d72|i8,SU2-HaarU4-brickwork,12,72,6.0,8,aligned_crossfit,2592,4095,1,12,128,128,0.4894016776420056,0.9859597128279718,0.4963839575630286,10000,0.01,8,0.0264651679538602,0.0029304029304029,9.03123856425482,0.0129890458089027,0.0010824204840752,2.805633894722995,0.0465278515316413,4619276.957116874,0.0457834813471769,0.0444448434442012,0.0010822031001992,2.909207149637435e-05
trainability-bridge-v1-haar-n12,SU2-HaarU4-brickwork|n12|d72|i8,SU2-HaarU4-brickwork,12,72,6.0,8,physical,2592,4095,1,12,128,128,0.4894016776420056,0.9859597128279718,0.4963839575630286,10000,0.01,8,0.0026176283315935,0.0029304029304029,0.8932656681563137,0.0012805738241187,0.0001067144853432,0.2766039460096549,0.0146092084209399,46853995.34953717,0.0151813771706708,0.0152644616667706,0.0001170724103948,3.145141893624616e-05
trainability-bridge-v1-haar-n12,SU2-HaarU4-brickwork|n12|d72|i8,SU2-HaarU4-brickwork,12,72,6.0,8,random_rank,2592,4095,1,12,128,128,0.4894016776420056,0.9859597128279718,0.4963839575630286,10000,0.01,8,0.0029466162036121,0.0029304029304029,1.0055327794826496,0.0014405919990298,0.0001200493332524,0.3111678717904471,0.0154951175053619,41649544.10437264,0.0142412738841304,0.0156777913647119,0.000104315844084,5.948525486720954e-05
trainability-bridge-v1-haar-n12,SU2-HaarU4-brickwork|n12|d72|i9,SU2-HaarU4-brickwork,12,72,6.0,9,aligned_crossfit,2592,4095,1,12,128,128,0.4891981236437058,0.9883214215345412,0.4950190336798147,10000,0.01,8,0.0266652143270159,0.0029304029304029,9.099504389094175,0.013088966398167,0.0010907471998472,2.82721674200409,0.0467064706405281,4584013.601593638,0.0471645331685324,0.0465413223448881,0.0011994362787429,3.4977518522739584e-05
trainability-bridge-v1-haar-n12,SU2-HaarU4-brickwork|n12|d72|i9,SU2-HaarU4-brickwork,12,72,6.0,9,physical,2592,4095,1,12,128,128,0.4891981236437058,0.9883214215345412,0.4950190336798147,10000,0.01,8,0.002667329314793,0.0029304029304029,0.9102261286731408,0.001302345843197,0.0001085288202664,0.2813067021305543,0.0147328761799193,46070711.79550237,0.0152022620190857,0.0151309307346631,0.0001186070842978,3.0633247354558897e-05
trainability-bridge-v1-haar-n12,SU2-HaarU4-brickwork|n12|d72|i9,SU2-HaarU4-brickwork,12,72,6.0,9,random_rank,2592,4095,1,12,128,128,0.4891981236437058,0.9883214215345412,0.4950190336798147,10000,0.01,8,0.0029522330024149,0.0029304029304029,1.007449512074108,0.0014462659027153,0.0001205221585596,0.3123934349865123,0.0155256019889478,41486147.1098442,0.0138108619942081,0.0149674971404618,0.0001024085199155,0.0001041759980734
trainability-bridge-v1-haar-n12,SU2-HaarU4-brickwork|n12|d72|i10,SU2-HaarU4-brickwork,12,72,6.0,10,aligned_crossfit,2592,4095,1,12,128,128,0.4885223626578205,0.9881548370622664,0.4943633867150275,10000,0.01,8,0.0253056942185878,0.0029304029304029,8.635568152093116,0.0124004208015721,0.001033368400131,2.678490893139576,0.0454613770167822,4838545.478423866,0.0455555861111404,0.0465359906810524,0.001076875198072,3.3112530364349204e-05
trainability-bridge-v1-haar-n12,SU2-HaarU4-brickwork|n12|d72|i10,SU2-HaarU4-brickwork,12,72,6.0,10,physical,2592,4095,1,12,128,128,0.4885223626578205,0.9881548370622664,0.4943633867150275,10000,0.01,8,0.0028379767904426,0.0029304029304029,0.9684595797385404,0.001390135498383,0.0001158446248652,0.3002692676507466,0.0152213419162212,43161260.22951578,0.0149001544166556,0.0157148937445785,0.0001138702411012,2.910458103540096e-05
trainability-bridge-v1-haar-n12,SU2-HaarU4-brickwork|n12|d72|i10,SU2-HaarU4-brickwork,12,72,6.0,10,random_rank,2592,4095,1,12,128,128,0.4885223626578205,0.9881548370622664,0.4943633867150275,10000,0.01,8,0.0027650100483725,0.0029304029304029,0.9435596790071348,0.0013514778439582,0.0001126231536631,0.2919192142949722,0.0150082079985042,44395844.34789709,0.0147316522547298,0.0145113666476952,0.0001106786540457,7.183188122419322e-05
trainability-bridge-v1-haar-n12,SU2-HaarU4-brickwork|n12|d72|i11,SU2-HaarU4-brickwork,12,72,6.0,11,aligned_crossfit,2592,4095,1,12,128,128,0.4912799714549968,0.9911424959716408,0.4956383078786651,10000,0.01,8,0.0267655422466703,0.0029304029304029,9.133741291676252,0.0131862932942686,0.0010988577745223,2.848239351562029,0.046879798944159,4550179.391662603,0.0474797793318182,0.0473180286151762,0.001200268781748,3.5028034511734125e-05
trainability-bridge-v1-haar-n12,SU2-HaarU4-brickwork|n12|d72|i11,SU2-HaarU4-brickwork,12,72,6.0,11,physical,2592,4095,1,12,128,128,0.4912799714549968,0.9911424959716408,0.4956383078786651,10000,0.01,8,0.0027824080972017,0.0029304029304029,0.9494967631700926,0.0013707927423253,0.0001142327285271,0.2960912323422816,0.0151150738355533,43770293.01907269,0.0130712681184659,0.0129859951846334,8.770788197315978e-05,3.0958655894373086e-05
trainability-bridge-v1-haar-n12,SU2-HaarU4-brickwork|n12|d72|i11,SU2-HaarU4-brickwork,12,72,6.0,11,random_rank,2592,4095,1,12,128,128,0.4912799714549968,0.9911424959716408,0.4956383078786651,10000,0.01,8,0.0031722934771307,0.0029304029304029,1.0825451490708522,0.0015579070922597,0.0001298255910216,0.3365079319281078,0.0161136954806553,38513208.0713295,0.0143569158159532,0.013667524509082,0.0001048397117741,7.890080720470845e-05
trainability-bridge-v1-haar-n12,SU2-HaarU4-brickwork|n12|d72|i12,SU2-HaarU4-brickwork,12,72,6.0,12,aligned_crossfit,2592,4095,1,12,128,128,0.4939618054689663,0.9957297999274785,0.4960978997533953,10000,0.01,8,0.0253858344443775,0.0029304029304029,8.662916004143836,0.0125928605654961,0.0010494050471246,2.7200578821471746,0.0458127721738093,4764604.490610899,0.0463825801433134,0.0441550298228024,0.0010927613310065,2.870405787669601e-05
trainability-bridge-v1-haar-n12,SU2-HaarU4-brickwork|n12|d72|i12,SU2-HaarU4-brickwork,12,72,6.0,12,physical,2592,4095,1,12,128,128,0.4939618054689663,0.9957297999274785,0.4960978997533953,10000,0.01,8,0.0027948127723737,0.0029304029304029,0.9537298585725376,0.0013810433410753,0.0001150869450896,0.2983053616722819,0.015171482794349,43445414.213633366,0.0150239576307669,0.0140238849428207,0.0001170950550516,3.087046026867864e-05
trainability-bridge-v1-haar-n12,SU2-HaarU4-brickwork|n12|d72|i12,SU2-HaarU4-brickwork,12,72,6.0,12,random_rank,2592,4095,1,12,128,128,0.4939618054689663,0.9957297999274785,0.4960978997533953,10000,0.01,8,0.0027175868229446,0.0029304029304029,0.9273765033298552,0.0013408881667865,0.0001117406805655,0.2896318440258925,0.0149492929977002,44746460.954899006,0.0159731179054079,0.0171514867799491,0.0001332207677969,5.342475423807729e-05
trainability-bridge-v1-haar-n12,SU2-HaarU4-brickwork|n12|d72|i13,SU2-HaarU4-brickwork,12,72,6.0,13,aligned_crossfit,2592,4095,1,12,128,128,0.4896666323624231,0.9878511794976104,0.4957219911420183,10000,0.01,8,0.0261361799606501,0.0029304029304029,8.918971411571864,0.0127935609274105,0.0010661300772842,2.763409160320682,0.0461764025728339,4689859.24563413,0.0450262183743997,0.0420086165839835,0.0010410265556634,3.545917307143976e-05
trainability-bridge-v1-haar-n12,SU2-HaarU4-brickwork|n12|d72|i13,SU2-HaarU4-brickwork,12,72,6.0,13,physical,2592,4095,1,12,128,128,0.4896666323624231,0.9878511794976104,0.4957219911420183,10000,0.01,8,0.0027124676308349,0.0029304029304029,0.9256295790224128,0.0013273128589049,0.0001106094049087,0.286699577523468,0.0148734262971747,45204112.65321502,0.012683900669,0.0123135857276354,8.209885624848391e-05,3.489966896340434e-05
trainability-bridge-v1-haar-n12,SU2-HaarU4-brickwork|n12|d72|i13,SU2-HaarU4-brickwork,12,72,6.0,13,random_rank,2592,4095,1,12,128,128,0.4896666323624231,0.9878511794976104,0.4957219911420183,10000,0.01,8,0.0028161233803033,0.0029304029304029,0.9610021035285238,0.0013799418437034,0.0001149951536419,0.298067438239954,0.0151654313253502,43480093.21825612,0.0135898081597553,0.0130283950870163,9.660323492809908e-05,7.575479909513546e-05
trainability-bridge-v1-haar-n12,SU2-HaarU4-brickwork|n12|d72|i14,SU2-HaarU4-brickwork,12,72,6.0,14,aligned_crossfit,2592,4095,1,12,128,128,0.4893303029952632,0.9862347321787344,0.4961332991114627,10000,0.01,8,0.0276427369349545,0.0029304029304029,9.433083979053224,0.013547165026971,0.0011289304189142,2.926187645825752,0.0475169531623031,4428970.923477044,0.0434164808181192,0.0412903570265231,0.0009644668943693,3.0928414063452375e-05
trainability-bridge-v1-haar-n12,SU2-HaarU4-brickwork|n12|d72|i14,SU2-HaarU4-brickwork,12,72,6.0,14,physical,2592,4095,1,12,128,128,0.4893303029952632,0.9862347321787344,0.4961332991114627,10000,0.01,8,0.0025552466922849,0.0029304029304029,0.8719779337422238,0.0012494911143221,0.0001041242595268,0.2698900806935856,0.0144308183778222,48019549.16866279,0.0132477790996461,0.0125440657550923,9.127558609508308e-05,3.2921135898707495e-05
trainability-bridge-v1-haar-n12,SU2-HaarU4-brickwork|n12|d72|i14,SU2-HaarU4-brickwork,12,72,6.0,14,random_rank,2592,4095,1,12,128,128,0.4893303029952632,0.9862347321787344,0.4961332991114627,10000,0.01,8,0.0028079708017208,0.0029304029304029,0.9582200360872404,0.0013698157049599,0.0001141513087466,0.295880192271348,0.0151096862142575,43801512.70185246,0.0153757657495754,0.0150385069173556,0.0001220839468742,6.567340778880837e-05
trainability-bridge-v1-haar-n12,SU2-HaarU4-brickwork|n12|d72|i15,SU2-HaarU4-brickwork,12,72,6.0,15,aligned_crossfit,2592,4095,1,12,128,128,0.4907027387733161,0.988925921126212,0.4961108767050509,10000,0.01,8,0.0258293602089069,0.0029304029304029,8.814269171289506,0.0127084345679263,0.0010590362139938,2.745021866672096,0.0460225208782366,4721273.865738616,0.0426586424287984,0.0435793324436136,0.0009437850422247,2.9257088676774312e-05
trainability-bridge-v1-haar-n12,SU2-HaarU4-brickwork|n12|d72|i15,SU2-HaarU4-brickwork,12,72,6.0,15,physical,2592,4095,1,12,128,128,0.4907027387733161,0.988925921126212,0.4961108767050509,10000,0.01,8,0.0028010895738893,0.0029304029304029,0.9558718170897468,0.001373303262956,0.0001144419385796,0.29663350479851,0.0151289086572476,43690277.02653871,0.013905143356321,0.0139878676924722,0.0001003535172573,3.0147612553912085e-05
trainability-bridge-v1-haar-n12,SU2-HaarU4-brickwork|n12|d72|i15,SU2-HaarU4-brickwork,12,72,6.0,15,random_rank,2592,4095,1,12,128,128,0.4907027387733161,0.988925921126212,0.4961108767050509,10000,0.01,8,0.0027507548747652,0.0029304029304029,0.9386951010136468,0.0013490876795157,0.0001124239732929,0.2914029387754117,0.0149949306962708,44474499.99805407,0.0132190207363433,0.013280970143674,9.136324959703693e-05,6.167355390940173e-05
trainability-bridge-v1-u1-n8,U1-RZ-XY-line|n8|d48|i0,U1-RZ-XY-line,8,48,6.0,0,aligned_crossfit,552,69,1,7,128,128,0.3464295434328366,0.7207591243862879,0.4906369168211861,10000,0.01,8,0.5098582730802055,0.1014492753623188,5.025745834647739,0.1804744600358318,0.0257820657194045,14.231700277111312,0.2270773688389248,193933.25788619072,0.2341962143044446,0.2000882191092515,0.0301674700386782,1.4387702035788707e-05
trainability-bridge-v1-u1-n8,U1-RZ-XY-line|n8|d48|i0,U1-RZ-XY-line,8,48,6.0,0,physical,552,69,1,7,128,128,0.3464295434328366,0.7207591243862879,0.4906369168211861,10000,0.01,8,0.4287055910465803,0.1014492753623188,4.225812254602006,0.1517054828435743,0.0216722118347963,11.96306093280758,0.2081932363685061,230710.18491855683,0.221139437481436,0.22727907185286,0.0262500899519206,1.0723841969246348e-05
trainability-bridge-v1-u1-n8,U1-RZ-XY-line|n8|d48|i0,U1-RZ-XY-line,8,48,6.0,0,random_rank,552,69,1,7,128,128,0.3464295434328366,0.7207591243862879,0.4906369168211861,10000,0.01,8,0.0957196558212624,0.1014492753623188,0.9435223216667296,0.0335496215178805,0.0047928030739829,2.645627296838584,0.0979061088388558,1043230.8448352066,0.0994158586299006,0.086582199778279,0.0053411313513849,3.3511296871623745e-05
trainability-bridge-v1-u1-n8,U1-RZ-XY-line|n8|d48|i1,U1-RZ-XY-line,8,48,6.0,1,aligned_crossfit,552,69,1,7,128,128,0.3352956206280146,0.709382500010292,0.4749850213696991,10000,0.01,8,0.5097879386134685,0.1014492753623188,5.025052537761332,0.1772014094108361,0.0253144870586908,13.973596856397368,0.2250088311986482,197515.3590277239,0.243365212805649,0.2409824341814422,0.0300712235758175,1.399064571780562e-05
trainability-bridge-v1-u1-n8,U1-RZ-XY-line|n8|d48|i1,U1-RZ-XY-line,8,48,6.0,1,physical,552,69,1,7,128,128,0.3352956206280146,0.709382500010292,0.4749850213696991,10000,0.01,8,0.4936586089801515,0.1014492753623188,4.866063431375779,0.1713843363643785,0.0244834766234826,13.514879096162424,0.221284778615623,204219.36299701763,0.2515439370089294,0.2523426193761268,0.0323473796475493,1.0903577535692673e-05
trainability-bridge-v1-u1-n8,U1-RZ-XY-line|n8|d48|i1,U1-RZ-XY-line,8,48,6.0,1,random_rank,552,69,1,7,128,128,0.3352956206280146,0.709382500010292,0.4749850213696991,10000,0.01,8,0.1137695139199443,0.1014492753623188,1.1214423514965943,0.0377018499505052,0.0053859785643578,2.9730601675255546,0.103788039429964,928336.409113818,0.10260727886398,0.0986164733510232,0.005576207702216,2.693204927331544e-05
trainability-bridge-v1-u1-n8,U1-RZ-XY-line|n8|d48|i2,U1-RZ-XY-line,8,48,6.0,2,aligned_crossfit,552,69,1,7,128,128,0.3542849800434847,0.7381617572062145,0.4793743334580985,10000,0.01,8,0.4524103837910171,0.1014492753623188,4.459473783082883,0.164624573181848,0.0235177961688354,12.98182348519716,0.2168769059574367,212604.95516266703,0.2057996912308186,0.1954847195068714,0.0217055544052571,1.725364455516897e-05
trainability-bridge-v1-u1-n8,U1-RZ-XY-line|n8|d48|i2,U1-RZ-XY-line,8,48,6.0,2,physical,552,69,1,7,128,128,0.3542849800434847,0.7381617572062145,0.4793743334580985,10000,0.01,8,0.3999369721819109,0.1014492753623188,3.9422358686502648,0.1442490358721281,0.0206070051245897,11.375066828773535,0.2030123401401488,242635.9371373983,0.1761506711913843,0.1933000166055178,0.0165556705053443,1.3686082483353497e-05
trainability-bridge-v1-u1-n8,U1-RZ-XY-line|n8|d48|i2,U1-RZ-XY-line,8,48,6.0,2,random_rank,552,69,1,7,128,128,0.3542849800434847,0.7381617572062145,0.4793743334580985,10000,0.01,8,0.1048925205960731,0.1014492753623188,1.033940560161292,0.0371127131935078,0.0053018161705011,2.926602526116619,0.1029739401062338,943073.0600995932,0.0995929405797624,0.0976822656644337,0.0052904978945587,2.6110435008100704e-05
trainability-bridge-v1-u1-n8,U1-RZ-XY-line|n8|d48|i3,U1-RZ-XY-line,8,48,6.0,3,aligned_crossfit,552,69,1,7,128,128,0.3297934542714001,0.7028775721783724,0.4723942243614718,10000,0.01,8,0.4751293321522066,0.1014492753623188,4.683417702643179,0.1630799567186889,0.0232971366740984,12.860019444102326,0.2158570669405957,214618.64906166616,0.2158134206500898,0.2260332877931652,0.0252602743755087,1.2842138384424222e-05
trainability-bridge-v1-u1-n8,U1-RZ-XY-line|n8|d48|i3,U1-RZ-XY-line,8,48,6.0,3,physical,552,69,1,7,128,128,0.3297934542714001,0.7028775721783724,0.4723942243614718,10000,0.01,8,0.4268293919990523,0.1014492753623188,4.207318292562087,0.1438089769172332,0.0205441395596047,11.34036503690182,0.2027024398452309,243378.40898585663,0.1902959237888576,0.1984399759318675,0.0202849015445926,8.31317406692865e-06
trainability-bridge-v1-u1-n8,U1-RZ-XY-line|n8|d48|i3,U1-RZ-XY-line,8,48,6.0,3,random_rank,552,69,1,7,128,128,0.3297934542714001,0.7028775721783724,0.4723942243614718,10000,0.01,8,0.1102812163705805,0.1014492753623188,1.0870577042242942,0.0361357522276394,0.0051622503182342,2.8495621756652847,0.1016095499274966,968569.8468241442,0.0951785958319268,0.0884528802587233,0.0052120250811159,2.934442441928171e-05
trainability-bridge-v1-u1-n8,U1-RZ-XY-line|n8|d48|i4,U1-RZ-XY-line,8,48,6.0,4,aligned_crossfit,552,69,1,7,128,128,0.3312982200374984,0.7078844428926625,0.4737139900034318,10000,0.01,8,0.4917312096093206,0.1014492753623188,4.847064780434732,0.1675948564636524,0.0239421223519503,13.21605153827659,0.2188246894294624,208836.9579981157,0.1771113743981612,0.1897487689177511,0.0166216452029073,1.628986251994133e-05
trainability-bridge-v1-u1-n8,U1-RZ-XY-line|n8|d48|i4,U1-RZ-XY-line,8,48,6.0,4,physical,552,69,1,7,128,128,0.3312982200374984,0.7078844428926625,0.4737139900034318,10000,0.01,8,0.4257668095493221,0.1014492753623188,4.196844265557603,0.1441755474409948,0.0205965067772849,11.369271741061304,0.2029606206991148,242759.6123005815,0.1631895912538843,0.1731309496561159,0.0136656558392386,1.1537753301512712e-05
trainability-bridge-v1-u1-n8,U1-RZ-XY-line|n8|d48|i4,U1-RZ-XY-line,8,48,6.0,4,random_rank,552,69,1,7,128,128,0.3312982200374984,0.7078844428926625,0.4737139900034318,10000,0.01,8,0.1025997598896471,0.1014492753623188,1.0113404903408074,0.0342534935026153,0.0048933562146593,2.7011326304919505,0.0989278142350201,1021793.5871950604,0.0812223076447667,0.0826463090158495,0.0035800278193247,2.332283822794681e-05
trainability-bridge-v1-u1-n8,U1-RZ-XY-line|n8|d48|i5,U1-RZ-XY-line,8,48,6.0,5,aligned_crossfit,552,69,1,7,128,128,0.3307719236617109,0.756907218412338,0.4388209194201166,10000,0.01,8,0.4751592076789943,0.1014492753623188,4.683712189978658,0.1655101097903452,0.0236443013986207,13.051654372038657,0.2174594279336757,211467.44476416064,0.2181381823489261,0.2123677160453291,0.0252745083616857,2.783241777748549e-05
trainability-bridge-v1-u1-n8,U1-RZ-XY-line|n8|d48|i5,U1-RZ-XY-line,8,48,6.0,5,physical,552,69,1,7,128,128,0.3307719236617109,0.756907218412338,0.4388209194201166,10000,0.01,8,0.370099645429633,0.1014492753623188,3.648125076377811,0.1268838904158678,0.0181262700594096,10.00570107279415,0.1904009982085687,275842.740045926,0.1810224219200486,0.1857383847020048,0.0170963287898279,1.2681493264947882e-05
trainability-bridge-v1-u1-n8,U1-RZ-XY-line|n8|d48|i5,U1-RZ-XY-line,8,48,6.0,5,random_rank,552,69,1,7,128,128,0.3307719236617109,0.756907218412338,0.4388209194201166,10000,0.01,8,0.0900892024126744,0.1014492753623188,0.8880221380677908,0.0298438333298731,0.0042634047614104,2.3533994282985677,0.0923407251586259,1172771.5944910345,0.0865810019980639,0.0945108915560777,0.0039857246480116,0.0001311716570898
trainability-bridge-v1-u1-n8,U1-RZ-XY-line|n8|d48|i6,U1-RZ-XY-line,8,48,6.0,6,aligned_crossfit,552,69,1,7,128,128,0.3292306106821428,0.6970828755541578,0.4697623425366826,10000,0.01,8,0.5195815200098033,0.1014492753623188,5.12158926866806,0.1774963864333133,0.0253566266333304,13.99685790159842,0.2251960329727434,197187.1129508868,0.1942711839791131,0.1833581305191396,0.0199961885141939,1.532927930748069e-05
trainability-bridge-v1-u1-n8,U1-RZ-XY-line|n8|d48|i6,U1-RZ-XY-line,8,48,6.0,6,physical,552,69,1,7,128,128,0.3292306106821428,0.6970828755541578,0.4697623425366826,10000,0.01,8,0.4549670395523966,0.1014492753623188,4.484675104159337,0.1577224736348434,0.0225317819478347,12.437543635204795,0.2122818030252936,221908.76920324904,0.1642210601315611,0.1578199030518904,0.0153751998155903,1.3602389943484884e-05
trainability-bridge-v1-u1-n8,U1-RZ-XY-line|n8|d48|i6,U1-RZ-XY-line,8,48,6.0,6,random_rank,552,69,1,7,128,128,0.3292306106821428,0.6970828755541578,0.4697623425366826,10000,0.01,8,0.1172338523694579,0.1014492753623188,1.155590830498942,0.0387290155457423,0.0055327165065346,3.0540595116071105,0.1051923619521362,903715.1992325224,0.0890760359280699,0.0885387593756667,0.0043260871207793,2.2544549611380942e-05
trainability-bridge-v1-u1-n8,U1-RZ-XY-line|n8|d48|i7,U1-RZ-XY-line,8,48,6.0,7,aligned_crossfit,552,69,1,7,128,128,0.3367354171698777,0.7067757195917359,0.4779872161867532,10000,0.01,8,0.4702741464078177,0.1014492753623188,4.635559443162775,0.1628960736588395,0.0232708676655485,12.845518951382774,0.215735336306079,214860.91846082217,0.2072233124578967,0.2122241326233284,0.022239738303139,1.2100922997660906e-05
trainability-bridge-v1-u1-n8,U1-RZ-XY-line|n8|d48|i7,U1-RZ-XY-line,8,48,6.0,7,physical,552,69,1,7,128,128,0.3367354171698777,0.7067757195917359,0.4779872161867532,10000,0.01,8,0.4188377633078234,0.1014492753623188,4.128543666891402,0.1428668522949378,0.0204095503278482,11.266071780972242,0.2020373744030953,244983.34944585423,0.2051726625077057,0.2130955264745019,0.0215002126139085,1.0021298833677075e-05
trainability-bridge-v1-u1-n8,U1-RZ-XY-line|n8|d48|i7,U1-RZ-XY-line,8,48,6.0,7,random_rank,552,69,1,7,128,128,0.3367354171698777,0.7067757195917359,0.4779872161867532,10000,0.01,8,0.1157994248865375,0.1014492753623188,1.141451473881584,0.0388994914230935,0.005557070203299,3.067502752221088,0.1054236235698533,899754.6939449577,0.1166603433340618,0.1114279968866428,0.007146113506176,2.0580901002764093e-05
trainability-bridge-v1-u1-n8,U1-RZ-XY-line|n8|d48|i8,U1-RZ-XY-line,8,48,6.0,8,aligned_crossfit,552,69,1,7,128,128,0.37112631150816,0.769694382872281,0.4788510408028195,10000,0.01,8,0.4893498896207808,0.1014492753623188,4.823591769119125,0.1914578472795798,0.0273511210399399,15.097818814046864,0.2338851044420741,182807.8634399906,0.2137775390926297,0.2157237602065604,0.0241207760340529,2.6811507851109745e-05
trainability-bridge-v1-u1-n8,U1-RZ-XY-line|n8|d48|i8,U1-RZ-XY-line,8,48,6.0,8,physical,552,69,1,7,128,128,0.37112631150816,0.769694382872281,0.4788510408028195,10000,0.01,8,0.4421191082402196,0.1014492753623188,4.35803120979645,0.1713137574395224,0.0244733939199317,13.50931344380234,0.2212392095444737,204303.49858128457,0.2040393618942446,0.205218046490468,0.0219249360877707,1.26136399266947e-05
trainability-bridge-v1-u1-n8,U1-RZ-XY-line|n8|d48|i8,U1-RZ-XY-line,8,48,6.0,8,random_rank,552,69,1,7,128,128,0.37112631150816,0.769694382872281,0.4788510408028195,10000,0.01,8,0.0905227928097523,0.1014492753623188,0.892296100553273,0.0334815571891353,0.0047830795984479,2.640259938343245,0.097806744127876,1045351.6185727876,0.0842358791077326,0.071744626053559,0.0039827612695418,5.890221903868851e-05
trainability-bridge-v1-u1-n8,U1-RZ-XY-line|n8|d48|i9,U1-RZ-XY-line,8,48,6.0,9,aligned_crossfit,552,69,1,7,128,128,0.3411496078934478,0.7421438545514206,0.4623108593213116,10000,0.01,8,0.4885477937224851,0.1014492753623188,4.815685395264496,0.1712882505379898,0.0244697500768556,13.50730204242434,0.2212227387808752,204333.92185436204,0.1940780398345713,0.1892059037162586,0.0197698906367536,1.2518954903834649e-05
trainability-bridge-v1-u1-n8,U1-RZ-XY-line|n8|d48|i9,U1-RZ-XY-line,8,48,6.0,9,physical,552,69,1,7,128,128,0.3411496078934478,0.7421438545514206,0.4623108593213116,10000,0.01,8,0.4558967526942835,0.1014492753623188,4.49383941941508,0.1601104956151399,0.0228729279450199,12.625856225651034,0.2138828087763015,218599.03603152937,0.1910320858890158,0.1905050571448301,0.0190564398384869,1.0537434427835816e-05
trainability-bridge-v1-u1-n8,U1-RZ-XY-line|n8|d48|i9,U1-RZ-XY-line,8,48,6.0,9,random_rank,552,69,1,7,128,128,0.3411496078934478,0.7421438545514206,0.4623108593213116,10000,0.01,8,0.1391327320657068,0.1014492753623188,1.371451216076253,0.0480523024189916,0.0068646146312845,3.7892672764690527,0.1171717938011065,728373.0068710927,0.1115553480271752,0.1175175793515049,0.006627730191544,2.344939626766881e-05
trainability-bridge-v1-u1-n8,U1-RZ-XY-line|n8|d48|i10,U1-RZ-XY-line,8,48,6.0,10,aligned_crossfit,552,69,1,7,128,128,0.3152260046730354,0.7242211384587536,0.4386636416755516,10000,0.01,8,0.4657422042995506,0.1014492753623188,4.590887442381285,0.1493716896835614,0.0213388128119373,11.779024672189417,0.2065856375062765,234314.81610836863,0.2147495376066034,0.2222449440228875,0.0237102860560377,1.2967365815940824e-05
trainability-bridge-v1-u1-n8,U1-RZ-XY-line|n8|d48|i10,U1-RZ-XY-line,8,48,6.0,10,physical,552,69,1,7,128,128,0.3152260046730354,0.7242211384587536,0.4386636416755516,10000,0.01,8,0.4213139169016762,0.1014492753623188,4.152951466602237,0.137138552852891,0.0195912218361272,10.814354453542268,0.1979455573440702,255216.34341252383,0.2058745288167214,0.1977978854951383,0.0220942768192384,1.0006578570965833e-05
trainability-bridge-v1-u1-n8,U1-RZ-XY-line|n8|d48|i10,U1-RZ-XY-line,8,48,6.0,10,random_rank,552,69,1,7,128,128,0.3152260046730354,0.7242211384587536,0.4386636416755516,10000,0.01,8,0.0931315482942739,0.1014492753623188,0.9180109760435576,0.0289693381978682,0.0041384768854097,2.284439240746181,0.0909777652551407,1208173.9583051829,0.0875976231141244,0.0822430441009848,0.0042907468381273,2.558465326605206e-05
trainability-bridge-v1-u1-n8,U1-RZ-XY-line|n8|d48|i11,U1-RZ-XY-line,8,48,6.0,11,aligned_crossfit,552,69,1,7,128,128,0.3434246190296243,0.739476610153546,0.4650344502008248,10000,0.01,8,0.5010884480178597,0.1014492753623188,4.939300416176045,0.1772803730083238,0.0253257675726176,13.979823700084966,0.2250589592645344,197427.3824342453,0.2323449099259613,0.2205085209989543,0.0280001524538271,2.875228508445454e-05
trainability-bridge-v1-u1-n8,U1-RZ-XY-line|n8|d48|i11,U1-RZ-XY-line,8,48,6.0,11,physical,552,69,1,7,128,128,0.3434246190296243,0.739476610153546,0.4650344502008248,10000,0.01,8,0.4282623727769741,0.1014492753623188,4.221443388801601,0.1480522788639818,0.0211503255519974,11.674979704702569,0.205671220893918,236402.98054550783,0.2120918528046196,0.1990187675559241,0.0239449619037313,1.3635315398349067e-05
trainability-bridge-v1-u1-n8,U1-RZ-XY-line|n8|d48|i11,U1-RZ-XY-line,8,48,6.0,11,random_rank,552,69,1,7,128,128,0.3434246190296243,0.739476610153546,0.4650344502008248,10000,0.01,8,0.1222262603554704,0.1014492753623188,1.2048017092182088,0.0417838037550555,0.0059691148221507,3.29495138182724,0.1092622059282238,837645.1365025669,0.1191443915670604,0.1178262361582782,0.007511324607055,4.9989907716983e-05
trainability-bridge-v1-u1-n8,U1-RZ-XY-line|n8|d48|i12,U1-RZ-XY-line,8,48,6.0,12,aligned_crossfit,552,69,1,7,128,128,0.3328037401570551,0.7074511432056703,0.4710778551708901,10000,0.01,8,0.5213004398075021,0.1014492753623188,5.138532906673949,0.1795074358570943,0.0256439194081563,14.155443513302298,0.2264681849980536,194977.99538434416,0.2133925671913507,0.2206698823260921,0.0240213938896737,1.5859883247899216e-05
trainability-bridge-v1-u1-n8,U1-RZ-XY-line|n8|d48|i12,U1-RZ-XY-line,8,48,6.0,12,physical,552,69,1,7,128,128,0.3328037401570551,0.7074511432056703,0.4710778551708901,10000,0.01,8,0.4077046405852796,0.1014492753623188,4.018802885769185,0.1365043692613206,0.0195006241801886,10.764344547464145,0.1974873372152689,256402.04917541388,0.1796967726220747,0.176660970418124,0.0166720257403535,1.1067983732542916e-05
trainability-bridge-v1-u1-n8,U1-RZ-XY-line|n8|d48|i12,U1-RZ-XY-line,8,48,6.0,12,random_rank,552,69,1,7,128,128,0.3328037401570551,0.7074511432056703,0.4710778551708901,10000,0.01,8,0.1026706661645352,0.1014492753623188,1.0120394236218475,0.0342493803223854,0.0048927686174836,2.7008082768509665,0.098921874400798,1021916.2995227668,0.0919988606288216,0.0922359068737249,0.0042791739149097,3.215839156538322e-05
trainability-bridge-v1-u1-n8,U1-RZ-XY-line|n8|d48|i13,U1-RZ-XY-line,8,48,6.0,13,aligned_crossfit,552,69,1,7,128,128,0.3264722280370269,0.7636540875012428,0.4356508790701472,10000,0.01,8,0.4906769213930447,0.1014492753623188,4.836672510874298,0.1649215008433052,0.0235602144061864,13.005238352214928,0.2170724045390683,212222.17734517285,0.1704696860142581,0.1631514258182276,0.0157475458401796,2.6647611249348484e-05
trainability-bridge-v1-u1-n8,U1-RZ-XY-line|n8|d48|i13,U1-RZ-XY-line,8,48,6.0,13,physical,552,69,1,7,128,128,0.3264722280370269,0.7636540875012428,0.4356508790701472,10000,0.01,8,0.4442127153473534,0.1014492753623188,4.378668194138198,0.1474772818101556,0.0210681831157365,11.629637079886558,0.2052714452413511,237324.68872768315,0.1698919279162592,0.1508691060526918,0.0150219081571662,1.0443347796687647e-05
trainability-bridge-v1-u1-n8,U1-RZ-XY-line|n8|d48|i13,U1-RZ-XY-line,8,48,6.0,13,random_rank,552,69,1,7,128,128,0.3264722280370269,0.7636540875012428,0.4356508790701472,10000,0.01,8,0.1077522932840892,0.1014492753623188,1.0621297480860226,0.0361411713062326,0.0051630244723189,2.849989508720063,0.1016171685525527,968424.6175486878,0.0816869527189579,0.0674662226446081,0.0041638238508572,5.741548523915287e-05
trainability-bridge-v1-u1-n8,U1-RZ-XY-line|n8|d48|i14,U1-RZ-XY-line,8,48,6.0,14,aligned_crossfit,552,69,1,7,128,128,0.3498488739928367,0.7410732532954558,0.4723260879887877,10000,0.01,8,0.464493130284377,0.1014492753623188,4.578575141374573,0.1672998505627346,0.0238999786518192,13.192788215804214,0.2186320134464266,209205.20778872777,0.2342096532493317,0.2352907345128109,0.029385449373362,3.1869122365459083e-05
trainability-bridge-v1-u1-n8,U1-RZ-XY-line|n8|d48|i14,U1-RZ-XY-line,8,48,6.0,14,physical,552,69,1,7,128,128,0.3498488739928367,0.7410732532954558,0.4723260879887877,10000,0.01,8,0.4193695873224224,0.1014492753623188,4.1337859321781645,0.1508211754966253,0.0215458822138036,11.8933269820196,0.2075855592944924,232062.90419599024,0.2277940169820072,0.2306096019988032,0.0272189554677197,1.1522221955345192e-05
trainability-bridge-v1-u1-n8,U1-RZ-XY-line|n8|d48|i14,U1-RZ-XY-line,8,48,6.0,14,random_rank,552,69,1,7,128,128,0.3498488739928367,0.7410732532954558,0.4723260879887877,10000,0.01,8,0.0875448128222448,0.1014492753623188,0.8629417263906987,0.0311111112917504,0.00444444447025,2.4533333475780355,0.0942809044319162,1124999.9934679526,0.0951171113100308,0.0928720579379419,0.0046627055453371,5.956862151987231e-05
trainability-bridge-v1-u1-n8,U1-RZ-XY-line|n8|d48|i15,U1-RZ-XY-line,8,48,6.0,15,aligned_crossfit,552,69,1,7,128,128,0.3702725043730274,0.7218380783252143,0.5115846923795414,10000,0.01,8,0.5213469473097783,0.1014492753623188,5.138991337767814,0.1986983909385095,0.028385484419787,15.668787399722468,0.2382665919502231,176146.36854724868,0.2178319826040419,0.2029296953123349,0.0259624033233242,1.426347241196745e-05
trainability-bridge-v1-u1-n8,U1-RZ-XY-line|n8|d48|i15,U1-RZ-XY-line,8,48,6.0,15,physical,552,69,1,7,128,128,0.3702725043730274,0.7218380783252143,0.5115846923795414,10000,0.01,8,0.458314039461551,0.1014492753623188,4.517666960406717,0.1773356465386295,0.0253336637912327,13.984182412760498,0.2250940416414116,197365.84653540511,0.2235601796296908,0.2357268214458955,0.0263479134027361,8.979267271128913e-06
trainability-bridge-v1-u1-n8,U1-RZ-XY-line|n8|d48|i15,U1-RZ-XY-line,8,48,6.0,15,random_rank,552,69,1,7,128,128,0.3702725043730274,0.7218380783252143,0.5115846923795414,10000,0.01,8,0.1066314403909569,0.1014492753623188,1.0510813409965756,0.0397206606965024,0.0056743800995003,3.132257814924194,0.1065305599300064,881153.5202656352,0.0805412883624582,0.0810137145846479,0.0035199394245157,3.8229125049994505e-05
trainability-bridge-v1-u1-n8,U1-RZ-XY-line|n8|d48|i16,U1-RZ-XY-line,8,48,6.0,16,aligned_crossfit,552,69,1,7,128,128,0.3899475196044091,0.8026374091439334,0.4866249858342713,10000,0.01,8,0.5136353955692851,0.1014492753623188,5.062977470611524,0.2093834220640141,0.0299119174377163,16.511378425619398,0.2445891143845788,167157.4552320554,0.274751512253231,0.2754617636456372,0.039790711503704,2.212599754287306e-05
trainability-bridge-v1-u1-n8,U1-RZ-XY-line|n8|d48|i16,U1-RZ-XY-line,8,48,6.0,16,physical,552,69,1,7,128,128,0.3899475196044091,0.8026374091439334,0.4866249858342713,10000,0.01,8,0.4293205300781134,0.1014492753623188,4.231873796484261,0.1719796323271613,0.0245685189038801,13.561822434941869,0.2216687569500049,203512.4713688106,0.2562003772741362,0.2655026857718162,0.0355027118327808,1.3802958760999274e-05
trainability-bridge-v1-u1-n8,U1-RZ-XY-line|n8|d48|i16,U1-RZ-XY-line,8,48,6.0,16,random_rank,552,69,1,7,128,128,0.3899475196044091,0.8026374091439334,0.4866249858342713,10000,0.01,8,0.1164948194221939,0.1014492753623188,1.148306077161626,0.0452501974236076,0.0064643139176582,3.568301282547348,0.1137041240910657,773477.288338636,0.1381360582792228,0.1333499459097574,0.0103550582583514,4.287842583063676e-05
trainability-bridge-v1-u1-n8,U1-RZ-XY-line|n8|d48|i17,U1-RZ-XY-line,8,48,6.0,17,aligned_crossfit,552,69,1,7,128,128,0.3584102475147481,0.7393980355014176,0.4849077196411091,10000,0.01,8,0.5278662744914993,0.1014492753623188,5.203253277130492,0.1952113088873552,0.0278873298410507,15.393806072260013,0.2361665930695988,179292.8913774991,0.2029030732260262,0.2144239540912915,0.0221833825793881,1.8124885998570285e-05
trainability-bridge-v1-u1-n8,U1-RZ-XY-line|n8|d48|i17,U1-RZ-XY-line,8,48,6.0,17,physical,552,69,1,7,128,128,0.3584102475147481,0.7393980355014176,0.4849077196411091,10000,0.01,8,0.4248993721243617,0.1014492753623188,4.188293810940136,0.1585592728227935,0.0226513246889705,12.503531228311724,0.2128441903786453,220737.6419991288,0.1956636069112718,0.2012323945240006,0.020479708040215,9.57808690463315e-06
trainability-bridge-v1-u1-n8,U1-RZ-XY-line|n8|d48|i17,U1-RZ-XY-line,8,48,6.0,17,random_rank,552,69,1,7,128,128,0.3584102475147481,0.7393980355014176,0.4849077196411091,10000,0.01,8,0.0978686405156695,0.1014492753623188,0.9647051707973142,0.0353319352173482,0.005047419316764,2.7861754628537505,0.1004730741717803,990605.2353117272,0.0824118113002152,0.0744548475298855,0.003871521769488,3.096936797540414e-05
trainability-bridge-v1-u1-n8,U1-RZ-XY-line|n8|d48|i18,U1-RZ-XY-line,8,48,6.0,18,aligned_crossfit,552,69,1,7,128,128,0.3799531509143539,0.7632556953673917,0.5020133131859656,10000,0.01,8,0.5035687010662891,0.1014492753623188,4.963748624796279,0.1948782014748441,0.0278397430678348,15.367538173444853,0.2359650104055043,179599.3586512957,0.2226069995733957,0.2154662801533456,0.0254936979806361,2.1821513304762715e-05
trainability-bridge-v1-u1-n8,U1-RZ-XY-line|n8|d48|i18,U1-RZ-XY-line,8,48,6.0,18,physical,552,69,1,7,128,128,0.3799531509143539,0.7632556953673917,0.5020133131859656,10000,0.01,8,0.4516078687925046,0.1014492753623188,4.451563278097545,0.1740958153427032,0.0248708307632433,13.728698581310308,0.2230283872660308,201038.7207245814,0.2207868232994816,0.2296005573165022,0.0248381234769378,1.17159344305779e-05
trainability-bridge-v1-u1-n8,U1-RZ-XY-line|n8|d48|i18,U1-RZ-XY-line,8,48,6.0,18,random_rank,552,69,1,7,128,128,0.3799531509143539,0.7632556953673917,0.5020133131859656,10000,0.01,8,0.1204523781279917,0.1014492753623188,1.1873162986902046,0.0457708721210345,0.0065386960172906,3.609360201544436,0.1143564254188687,764678.4598608372,0.1026446322874596,0.1060410564843694,0.0054528242946749,3.7223011642187546e-05
trainability-bridge-v1-u1-n8,U1-RZ-XY-line|n8|d48|i19,U1-RZ-XY-line,8,48,6.0,19,aligned_crossfit,552,69,1,7,128,128,0.3643018011087048,0.739612056738969,0.4940832912428348,10000,0.01,8,0.4784888870774417,0.1014492753623188,4.71653331547764,0.181782525407827,0.0259689322011181,14.33485057501722,0.2278988029855275,192537.7586293176,0.2442165627942433,0.2583193993370632,0.0313995648520491,1.9149658450856335e-05
trainability-bridge-v1-u1-n8,U1-RZ-XY-line|n8|d48|i19,U1-RZ-XY-line,8,48,6.0,19,physical,552,69,1,7,128,128,0.3643018011087048,0.739612056738969,0.4940832912428348,10000,0.01,8,0.4504636297860812,0.1014492753623188,4.440284350748514,0.1682258207590771,0.0240322601084395,13.265807579858656,0.2192362201299757,208053.67358037672,0.2175064071811031,0.2172634834730375,0.0243669991575285,1.3367003892434976e-05
trainability-bridge-v1-u1-n8,U1-RZ-XY-line|n8|d48|i19,U1-RZ-XY-line,8,48,6.0,19,random_rank,552,69,1,7,128,128,0.3643018011087048,0.739612056738969,0.4940832912428348,10000,0.01,8,0.0805478213373451,0.1014492753623188,0.7939713817538308,0.0294238535982633,0.0042034076568947,2.320281026605914,0.091688686945498,1189511.0843695097,0.0991530487060284,0.0936187914482619,0.0057079965731055,4.677697918900848e-05
trainability-bridge-v1-u1-n10,U1-RZ-XY-line|n10|d60|i0,U1-RZ-XY-line,10,60,6.0,0,aligned_crossfit,870,251,1,9,128,128,0.3377937003373914,0.7178520165446879,0.47513741621339,10000,0.01,8,0.3986727071197349,0.0358565737051792,11.118538831894828,0.1360323665166543,0.0151147073907393,13.149795429943255,0.1738660828956549,330803.6252864179,0.1398765335385537,0.1347617810088611,0.0102616716561144,1.2887214470963516e-05
trainability-bridge-v1-u1-n10,U1-RZ-XY-line|n10|d60|i0,U1-RZ-XY-line,10,60,6.0,0,physical,870,251,1,9,128,128,0.3377937003373914,0.7178520165446879,0.47513741621339,10000,0.01,8,0.3525013685989315,0.0358565737051792,9.830871502036867,0.1193690438920255,0.0132632270991139,11.539007576229135,0.1628694391168211,376982.1599702552,0.1585691610687297,0.165081174323278,0.0126733983830562,7.175843836932967e-06
trainability-bridge-v1-u1-n10,U1-RZ-XY-line|n10|d60|i0,U1-RZ-XY-line,10,60,6.0,0,random_rank,870,251,1,9,128,128,0.3377937003373914,0.7178520165446879,0.47513741621339,10000,0.01,8,0.0394538409594171,0.0358565737051792,1.1003237867570776,0.0132372003715801,0.0014708000412866,1.2795960359194152,0.0542365198235779,3399510.375064923,0.058723940853975,0.0570427363435375,0.001813772592529,2.3369466174583866e-05
trainability-bridge-v1-u1-n10,U1-RZ-XY-line|n10|d60|i1,U1-RZ-XY-line,10,60,6.0,1,aligned_crossfit,870,251,1,9,128,128,0.3708571321777461,0.7663911208336813,0.4863903972146793,10000,0.01,8,0.4255460082858937,0.0358565737051792,11.868005342195476,0.1606073149556611,0.0178452572172956,15.52537377904724,0.1889193331414002,280186.4909604096,0.201364365858905,0.1880686415495521,0.0210383353250217,1.427382326811791e-05
trainability-bridge-v1-u1-n10,U1-RZ-XY-line|n10|d60|i1,U1-RZ-XY-line,10,60,6.0,1,physical,870,251,1,9,128,128,0.3708571321777461,0.7663911208336813,0.4863903972146793,10000,0.01,8,0.3536444143536139,0.0358565737051792,9.86274977808412,0.1341453551778504,0.0149050394642056,12.96738433385888,0.172655955380668,335457.0118386791,0.1759068737086995,0.1735668085726817,0.0169706113273988,9.703872761273454e-06
trainability-bridge-v1-u1-n10,U1-RZ-XY-line|n10|d60|i1,U1-RZ-XY-line,10,60,6.0,1,random_rank,870,251,1,9,128,128,0.3708571321777461,0.7663911208336813,0.4863903972146793,10000,0.01,8,0.0406237255379991,0.0358565737051792,1.132950567781975,0.014757745350118,0.0016397494833464,1.4265820505114113,0.0572669098755371,3049246.2725439314,0.0534537204290435,0.0559068731500363,0.0015157315010094,3.827640556833056e-05
trainability-bridge-v1-u1-n10,U1-RZ-XY-line|n10|d60|i2,U1-RZ-XY-line,10,60,6.0,2,aligned_crossfit,870,251,1,9,128,128,0.3559233834110477,0.7191334877712996,0.4957228186712836,10000,0.01,8,0.4614326759712399,0.0358565737051792,12.86884462986458,0.167514844571865,0.018612760507985,16.193101641946956,0.1929391640283797,268632.9090118021,0.2202826151784044,0.2147336281204245,0.025468713030139,1.37370746593476e-05
trainability-bridge-v1-u1-n10,U1-RZ-XY-line|n10|d60|i2,U1-RZ-XY-line,10,60,6.0,2,physical,870,251,1,9,128,128,0.3559233834110477,0.7191334877712996,0.4957228186712836,10000,0.01,8,0.3840725185774221,0.0358565737051792,10.711355795881438,0.1386542019779084,0.0154060224419898,13.403239524531154,0.1755336004415669,324548.40428975795,0.2042401764325956,0.2028427558459433,0.0217115636771094,9.299463481196312e-06
trainability-bridge-v1-u1-n10,U1-RZ-XY-line|n10|d60|i2,U1-RZ-XY-line,10,60,6.0,2,random_rank,870,251,1,9,128,128,0.3559233834110477,0.7191334877712996,0.4957228186712836,10000,0.01,8,0.0342831660546818,0.0358565737051792,0.956119408858348,0.0124021560146098,0.0013780173349566,1.1988750814122846,0.0524979491972143,3628401.380130167,0.0517318832217096,0.0535511879591783,0.0013640852247873,3.91208561250114e-05
trainability-bridge-v1-u1-n10,U1-RZ-XY-line|n10|d60|i3,U1-RZ-XY-line,10,60,6.0,3,aligned_crossfit,870,251,1,9,128,128,0.3568023920471805,0.7609261784870371,0.4676148132052221,10000,0.01,8,0.4026325826602586,0.0358565737051792,11.228975360858325,0.1475538030525362,0.0163948670058373,14.263534295078502,0.1810793583257758,304973.5016587668,0.2071283432774295,0.1977632346775979,0.0226609641342031,1.869086712663779e-05
trainability-bridge-v1-u1-n10,U1-RZ-XY-line|n10|d60|i3,U1-RZ-XY-line,10,60,6.0,3,physical,870,251,1,9,128,128,0.3568023920471805,0.7609261784870371,0.4676148132052221,10000,0.01,8,0.3731368120086351,0.0358565737051792,10.406371090463043,0.1362644044468809,0.0151404893829867,13.172225763198488,0.174014306210649,330240.31611676,0.1792962887271568,0.1886793056277511,0.0165039562088361,1.0461661396113576e-05
trainability-bridge-v1-u1-n10,U1-RZ-XY-line|n10|d60|i3,U1-RZ-XY-line,10,60,6.0,3,random_rank,870,251,1,9,128,128,0.3568023920471805,0.7609261784870371,0.4676148132052221,10000,0.01,8,0.0358176681373175,0.0358565737051792,0.9989149669407436,0.0126453464154436,0.0014050384906048,1.2223834868262151,0.0530101592264133,3558621.371182212,0.0579189378489215,0.0561640362432913,0.0016993782985469,4.750467681616443e-05
trainability-bridge-v1-u1-n10,U1-RZ-XY-line|n10|d60|i4,U1-RZ-XY-line,10,60,6.0,4,aligned_crossfit,870,251,1,9,128,128,0.3606668270934836,0.7755838306706448,0.4662338252637767,10000,0.01,8,0.4088415487388375,0.0358565737051792,11.402136525938689,0.1519333294771436,0.0168814810530159,14.686888516123888,0.1837470057063024,296182.5437174379,0.1670790496970584,0.1632275605400475,0.0140699787606725,2.0030439445817364e-05
trainability-bridge-v1-u1-n10,U1-RZ-XY-line|n10|d60|i4,U1-RZ-XY-line,10,60,6.0,4,physical,870,251,1,9,128,128,0.3606668270934836,0.7755838306706448,0.4662338252637767,10000,0.01,8,0.3620131842499584,0.0358565737051792,10.09614547185995,0.1323037053264562,0.0147004117029395,12.789358181557434,0.1714666830783145,340126.52849716926,0.1487453931898895,0.1580607003032659,0.0114720739097007,1.0585718960803355e-05
trainability-bridge-v1-u1-n10,U1-RZ-XY-line|n10|d60|i4,U1-RZ-XY-line,10,60,6.0,4,random_rank,870,251,1,9,128,128,0.3606668270934836,0.7755838306706448,0.4662338252637767,10000,0.01,8,0.035201469410463,0.0358565737051792,0.9817298691140238,0.0126642066495812,0.0014071340721756,1.2242066427928506,0.053049676194595,3553321.676213179,0.0529616155268768,0.0534875004203678,0.0015136671142437,5.6255165346004286e-05
trainability-bridge-v1-u1-n10,U1-RZ-XY-line|n10|d60|i5,U1-RZ-XY-line,10,60,6.0,5,aligned_crossfit,870,251,1,9,128,128,0.3886097388721244,0.8017575287195304,0.4839764103536597,10000,0.01,8,0.4179492956353072,0.0358565737051792,11.656141467162456,0.1677224275623968,0.0186358252847107,16.213167997698363,0.1930586713137266,268300.4333648754,0.1892202352764224,0.1650386076526277,0.0200675074608622,1.597411955049378e-05
trainability-bridge-v1-u1-n10,U1-RZ-XY-line|n10|d60|i5,U1-RZ-XY-line,10,60,6.0,5,physical,870,251,1,9,128,128,0.3886097388721244,0.8017575287195304,0.4839764103536597,10000,0.01,8,0.3483125634984261,0.0358565737051792,9.71405038201166,0.1383602093282315,0.0153733565920257,13.374820235062383,0.1753474071209821,325238.0161788178,0.1746421622252759,0.1682011402656583,0.0158598345472775,8.74860652583363e-06
trainability-bridge-v1-u1-n10,U1-RZ-XY-line|n10|d60|i5,U1-RZ-XY-line,10,60,6.0,5,random_rank,870,251,1,9,128,128,0.3886097388721244,0.8017575287195304,0.4839764103536597,10000,0.01,8,0.0297886226309486,0.0358565737051792,0.8307715867075676,0.0115289823964233,0.001280998044047,1.1144682983209198,0.0506161642965374,3903206.584300152,0.0459021926388,0.0450755241800722,0.0011794269565014,3.200923612822174e-05
trainability-bridge-v1-u1-n10,U1-RZ-XY-line|n10|d60|i6,U1-RZ-XY-line,10,60,6.0,6,aligned_crossfit,870,251,1,9,128,128,0.3684182270467383,0.778420196931136,0.4741734751014267,10000,0.01,8,0.4247810359800431,0.0358565737051792,11.846671114554534,0.1601330552354523,0.017792561692828,15.479528672760395,0.1886401955725663,281016.30818093143,0.2033564191236536,0.2111643198973343,0.0213513490611025,1.5764149560070722e-05
trainability-bridge-v1-u1-n10,U1-RZ-XY-line|n10|d60|i6,U1-RZ-XY-line,10,60,6.0,6,physical,870,251,1,9,128,128,0.3684182270467383,0.778420196931136,0.4741734751014267,10000,0.01,8,0.3408677672520968,0.0358565737051792,9.506423286697364,0.1286047659010711,0.0142894184334523,12.431794037103549,0.1690527635589099,349909.27190533606,0.1615759774322529,0.1600295955877276,0.0138521336656655,1.0391611007010813e-05
trainability-bridge-v1-u1-n10,U1-RZ-XY-line|n10|d60|i6,U1-RZ-XY-line,10,60,6.0,6,random_rank,870,251,1,9,128,128,0.3684182270467383,0.778420196931136,0.4741734751014267,10000,0.01,8,0.0347858245847526,0.0358565737051792,0.970137996752546,0.0126450826717553,0.0014050091857505,1.2223579916030158,0.053009606407718,3558695.594811267,0.0445310592741087,0.0504737570784899,0.0010806095369582,4.88993670243295e-05
trainability-bridge-v1-u1-n10,U1-RZ-XY-line|n10|d60|i7,U1-RZ-XY-line,10,60,6.0,7,aligned_crossfit,870,251,1,9,128,128,0.3259707752216502,0.7160579746057403,0.4578135140134755,10000,0.01,8,0.4062634619981207,0.0358565737051792,11.330236551280922,0.1352251893614295,0.0150250210401588,13.071768304938193,0.1733494796078652,332778.2361592713,0.184502289611196,0.1867412794133301,0.0172484173349602,1.2316907202790909e-05
trainability-bridge-v1-u1-n10,U1-RZ-XY-line|n10|d60|i7,U1-RZ-XY-line,10,60,6.0,7,physical,870,251,1,9,128,128,0.3259707752216502,0.7160579746057403,0.4578135140134755,10000,0.01,8,0.3545798551272078,0.0358565737051792,9.888838181881018,0.1180614849807844,0.0131179427756427,11.41261021480916,0.1619749534690022,381157.326687227,0.1704779220679449,0.1773386905136728,0.0152329310060638,8.977779906142975e-06
trainability-bridge-v1-u1-n10,U1-RZ-XY-line|n10|d60|i7,U1-RZ-XY-line,10,60,6.0,7,random_rank,870,251,1,9,128,128,0.3259707752216502,0.7160579746057403,0.4578135140134755,10000,0.01,8,0.0317232092589756,0.0358565737051792,0.8847250582225434,0.0103624394969283,0.0011513821663253,1.0017024847030769,0.0479871267388531,4342606.778388317,0.0499341393658222,0.0474057373896612,0.0014008380236442,2.512189749869954e-05
trainability-bridge-v1-u1-n10,U1-RZ-XY-line|n10|d60|i8,U1-RZ-XY-line,10,60,6.0,8,aligned_crossfit,870,251,1,9,128,128,0.3420019703668355,0.7180507983211055,0.4783596682843765,10000,0.01,8,0.4037731292855679,0.0358565737051792,11.26078393896417,0.1413132085035839,0.0157014676115093,13.660276822013117,0.1772087334840432,318441.5701583813,0.1736322371841346,0.1865818803656508,0.0157296136289215,2.020829886807188e-05
trainability-bridge-v1-u1-n10,U1-RZ-XY-line|n10|d60|i8,U1-RZ-XY-line,10,60,6.0,8,physical,870,251,1,9,128,128,0.3420019703668355,0.7180507983211055,0.4783596682843765,10000,0.01,8,0.3535953178030766,0.0358565737051792,9.86138052984136,0.1224484354579422,0.0136053817175491,11.836682094267749,0.1649568532528984,367501.6330891079,0.1398975340743078,0.1516226368590141,0.0103742821297078,1.1056360751322151e-05
trainability-bridge-v1-u1-n10,U1-RZ-XY-line|n10|d60|i8,U1-RZ-XY-line,10,60,6.0,8,random_rank,870,251,1,9,128,128,0.3420019703668355,0.7180507983211055,0.4783596682843765,10000,0.01,8,0.0358018209860895,0.0358565737051792,0.9984730075009414,0.0121745555313086,0.0013527283923676,1.176873701359839,0.0520140056593919,3696233.499800121,0.048510163170033,0.0502946430137204,0.0012174595595054,4.794694176400348e-05
trainability-bridge-v1-u1-n10,U1-RZ-XY-line|n10|d60|i9,U1-RZ-XY-line,10,60,6.0,9,aligned_crossfit,870,251,1,9,128,128,0.3618804202165088,0.752871989889961,0.4824425930856124,10000,0.01,8,0.420544907614123,0.0358565737051792,11.728530201238318,0.1530953980990973,0.0170105997887885,14.799221816246074,0.1844483656137326,293934.37398341583,0.1747973312454814,0.1561223470137527,0.0176198109462429,1.7298330106291995e-05
trainability-bridge-v1-u1-n10,U1-RZ-XY-line|n10|d60|i9,U1-RZ-XY-line,10,60,6.0,9,physical,870,251,1,9,128,128,0.3618804202165088,0.752871989889961,0.4824425930856124,10000,0.01,8,0.3658047834826687,0.0358565737051792,10.201888961572203,0.1354446616976217,0.0150494068552913,13.092983964103436,0.1734900968660246,332239.00769497914,0.1575676767685744,0.1328965387179388,0.0142015664714906,1.010057230203323e-05
trainability-bridge-v1-u1-n10,U1-RZ-XY-line|n10|d60|i9,U1-RZ-XY-line,10,60,6.0,9,random_rank,870,251,1,9,128,128,0.3618804202165088,0.752871989889961,0.4824425930856124,10000,0.01,8,0.0316199609451521,0.0358565737051792,0.8818455774703544,0.0115842745106431,0.0012871416122936,1.1198132026955083,0.0507373947359083,3884576.4539381126,0.0493896032961058,0.0492286219055284,0.0013307796697202,4.856148686894227e-05
trainability-bridge-v1-u1-n10,U1-RZ-XY-line|n10|d60|i10,U1-RZ-XY-line,10,60,6.0,10,aligned_crossfit,870,251,1,9,128,128,0.3458925829293145,0.750573518325536,0.462501415611882,10000,0.01,8,0.4227816023850673,0.0358565737051792,11.790909133183542,0.1524105209058369,0.0169345023228707,14.733017020897568,0.1840353353183609,295255.20766248245,0.1723426425818741,0.1407221567618221,0.0170988867748573,1.658565856783479e-05
trainability-bridge-v1-u1-n10,U1-RZ-XY-line|n10|d60|i10,U1-RZ-XY-line,10,60,6.0,10,physical,870,251,1,9,128,128,0.3458925829293145,0.750573518325536,0.462501415611882,10000,0.01,8,0.3118959692627897,0.0358565737051792,8.698432031662245,0.1112707975960876,0.0123634219551208,10.756177100955142,0.1572477151193037,404418.7780818264,0.1531573592143638,0.154254113267328,0.0125173584381143,9.464981022546988e-06
trainability-bridge-v1-u1-n10,U1-RZ-XY-line|n10|d60|i10,U1-RZ-XY-line,10,60,6.0,10,random_rank,870,251,1,9,128,128,0.3458925829293145,0.750573518325536,0.462501415611882,10000,0.01,8,0.0393078339078417,0.0358565737051792,1.0962518123186975,0.013916997327806,0.0015463330364228,1.3453097416879207,0.055611744019099,3233456.1069499,0.0547812268166331,0.0509726296051002,0.0015714411686201,3.896551511280715e-05
trainability-bridge-v1-u1-n10,U1-RZ-XY-line|n10|d60|i11,U1-RZ-XY-line,10,60,6.0,11,aligned_crossfit,870,251,1,9,128,128,0.3530085533991403,0.7308408696586504,0.4824314526029118,10000,0.01,8,0.4184481404674585,0.0358565737051792,11.67005369525912,0.1492417736736372,0.0165824192970708,14.426704788451598,0.182112159380261,301524.1570259427,0.1568400564847531,0.1571298479334887,0.0129531718820321,1.5439139816486262e-05
trainability-bridge-v1-u1-n10,U1-RZ-XY-line|n10|d60|i11,U1-RZ-XY-line,10,60,6.0,11,physical,870,251,1,9,128,128,0.3530085533991403,0.7308408696586504,0.4824314526029118,10000,0.01,8,0.3557538349640353,0.0358565737051792,9.921579175108096,0.1288335957861687,0.0143148439762409,12.45391425932964,0.1692030967579551,349287.77486494015,0.1359129757762152,0.1264875060082301,0.0097817842605271,1.0477494221554438e-05
trainability-bridge-v1-u1-n10,U1-RZ-XY-line|n10|d60|i11,U1-RZ-XY-line,10,60,6.0,11,random_rank,870,251,1,9,128,128,0.3530085533991403,0.7308408696586504,0.4824314526029118,10000,0.01,8,0.0377871353618099,0.0358565737051792,1.0538412195349216,0.0132755510144516,0.0014750612238279,1.2833032647303273,0.0543150296663448,3389689.8103147163,0.0545808889276765,0.0555662590716353,0.0015731482063095,4.065212426196701e-05
trainability-bridge-v1-u1-n10,U1-RZ-XY-line|n10|d60|i12,U1-RZ-XY-line,10,60,6.0,12,aligned_crossfit,870,251,1,9,128,128,0.3422337906045253,0.7525416818993609,0.4579650772771274,10000,0.01,8,0.4320660614842029,0.0358565737051792,12.04984238139277,0.1515030292155971,0.0168336699128441,14.645292824174389,0.1834866202906583,297023.7640328797,0.1835185890271881,0.1807350550148403,0.0169737192981637,1.635863919054048e-05
trainability-bridge-v1-u1-n10,U1-RZ-XY-line|n10|d60|i12,U1-RZ-XY-line,10,60,6.0,12,physical,870,251,1,9,128,128,0.3422337906045253,0.7525416818993609,0.4579650772771274,10000,0.01,8,0.3590701155217177,0.0358565737051792,10.014066555105684,0.1242096814033717,0.0138010757114857,12.006935868992604,0.1661389521544285,362290.5999884357,0.1521178841644237,0.1600428736578743,0.011959260187626,8.476531037882772e-06
trainability-bridge-v1-u1-n10,U1-RZ-XY-line|n10|d60|i12,U1-RZ-XY-line,10,60,6.0,12,random_rank,870,251,1,9,128,128,0.3422337906045253,0.7525416818993609,0.4579650772771274,10000,0.01,8,0.0325013088557412,0.0358565737051792,0.9064253914212276,0.0110058273512393,0.0012228697056932,1.063896643953133,0.0494544175113458,4088743.041651729,0.0417634170638521,0.0457073303045672,0.0009327066736055,5.269498473208776e-05
trainability-bridge-v1-u1-n10,U1-RZ-XY-line|n10|d60|i13,U1-RZ-XY-line,10,60,6.0,13,aligned_crossfit,870,251,1,9,128,128,0.3485990214924012,0.768691644946095,0.4569773877662385,10000,0.01,8,0.4011073303420197,0.0358565737051792,11.18643776842744,0.1419640673158223,0.0157737852573135,13.723193173862825,0.1776163576775156,316981.61972134915,0.1603864040985996,0.1700678064742462,0.0133229526220534,1.2722804910688444e-05
trainability-bridge-v1-u1-n10,U1-RZ-XY-line|n10|d60|i13,U1-RZ-XY-line,10,60,6.0,13,physical,870,251,1,9,128,128,0.3485990214924012,0.768691644946095,0.4569773877662385,10000,0.01,8,0.3253371761875907,0.0358565737051792,9.073292358120584,0.1144249518094517,0.0127138835343835,11.061078674913668,0.159460863752731,393270.8669603556,0.1530504471280874,0.1477393998715522,0.012082266744839,8.273706083279563e-06
trainability-bridge-v1-u1-n10,U1-RZ-XY-line|n10|d60|i13,U1-RZ-XY-line,10,60,6.0,13,random_rank,870,251,1,9,128,128,0.3485990214924012,0.768691644946095,0.4569773877662385,10000,0.01,8,0.0373583878547305,0.0358565737051792,1.0418839279485963,0.0130155646991129,0.0014461738554569,1.258171254247581,0.0537805514188352,3457398.9711769507,0.0444418466606618,0.0474654474886372,0.0010270437385573,2.8889650548784083e-05
trainability-bridge-v1-u1-n10,U1-RZ-XY-line|n10|d60|i14,U1-RZ-XY-line,10,60,6.0,14,aligned_crossfit,870,251,1,9,128,128,0.3576360852497705,0.7457999453919926,0.4813569708032347,10000,0.01,8,0.4232741666515441,0.0358565737051792,11.804646203281951,0.1547952532208935,0.0171994725800992,14.963541144686374,0.1854695262305874,290706.5886302392,0.1874276661713762,0.1962895173270071,0.0183924330629589,1.027267022217152e-05
trainability-bridge-v1-u1-n10,U1-RZ-XY-line|n10|d60|i14,U1-RZ-XY-line,10,60,6.0,14,physical,870,251,1,9,128,128,0.3576360852497705,0.7457999453919926,0.4813569708032347,10000,0.01,8,0.3927023249357494,0.0358565737051792,10.952031506541456,0.1439524288183298,0.0159947143131477,13.915401452438546,0.1788558878714802,312603.2701871998,0.1848884495383243,0.1884542000254544,0.0175593927098601,7.05556148911871e-06
trainability-bridge-v1-u1-n10,U1-RZ-XY-line|n10|d60|i14,U1-RZ-XY-line,10,60,6.0,14,random_rank,870,251,1,9,128,128,0.3576360852497705,0.7457999453919926,0.4813569708032347,10000,0.01,8,0.0347147526046965,0.0358565737051792,0.9681558781976494,0.0126155589069384,0.0014017287674376,1.219504027670714,0.0529476867754881,3567023.8894648165,0.0426313633048973,0.0421284399821012,0.0009270142203057,3.0914542183006386e-05
trainability-bridge-v1-u1-n10,U1-RZ-XY-line|n10|d60|i15,U1-RZ-XY-line,10,60,6.0,15,aligned_crossfit,870,251,1,9,128,128,0.3603500514811079,0.7637121505434894,0.4721344266630342,10000,0.01,8,0.4514908649198599,0.0358565737051792,12.591578566098311,0.1691198939277762,0.0187910993253084,16.348256413018365,0.1938612871375224,266083.42138162383,0.1646111474671337,0.1776764215372649,0.0143962962924935,1.6820650839934052e-05
trainability-bridge-v1-u1-n10,U1-RZ-XY-line|n10|d60|i15,U1-RZ-XY-line,10,60,6.0,15,physical,870,251,1,9,128,128,0.3603500514811079,0.7637121505434894,0.4721344266630342,10000,0.01,8,0.3587465224207584,0.0358565737051792,10.005041903067818,0.1308572937136634,0.0145396993015181,12.649538392320803,0.1705268266374423,343886.06643865904,0.1733176374780226,0.1635334318949385,0.0153527463137213,9.40319508521841e-06
trainability-bridge-v1-u1-n10,U1-RZ-XY-line|n10|d60|i15,U1-RZ-XY-line,10,60,6.0,15,random_rank,870,251,1,9,128,128,0.3603500514811079,0.7637121505434894,0.4721344266630342,10000,0.01,8,0.0349379318620695,0.0358565737051792,0.9743800997088284,0.0125493404484372,0.0013943711609374,1.2131029100156046,0.0528085440234338,3585845.8207342387,0.0536792137490522,0.05692114510186,0.0015507679110495,3.187345268580408e-05
trainability-bridge-v1-u1-n10,U1-RZ-XY-line|n10|d60|i16,U1-RZ-XY-line,10,60,6.0,16,aligned_crossfit,870,251,1,9,128,128,0.3593572041810808,0.7641901290081621,0.4732345409352143,10000,0.01,8,0.4148684590476754,0.0358565737051792,11.57022035788517,0.1536783288705775,0.0170753698745086,14.8555717908225,0.1847991876308368,292819.4256842641,0.1849057409738172,0.1910744134558514,0.0188062709550326,2.469240122283271e-05
trainability-bridge-v1-u1-n10,U1-RZ-XY-line|n10|d60|i16,U1-RZ-XY-line,10,60,6.0,16,physical,870,251,1,9,128,128,0.3593572041810808,0.7641901290081621,0.4732345409352143,10000,0.01,8,0.3285225038310071,0.0358565737051792,9.162127606842532,0.1201584068252205,0.0133509340916911,11.61531265977132,0.1634070628320035,374505.6312660327,0.1683471268683478,0.160298864393551,0.0149732805795663,1.063838338384533e-05
trainability-bridge-v1-u1-n10,U1-RZ-XY-line|n10|d60|i16,U1-RZ-XY-line,10,60,6.0,16,random_rank,870,251,1,9,128,128,0.3593572041810808,0.7641901290081621,0.4732345409352143,10000,0.01,8,0.0351222680526989,0.0358565737051792,0.979521031247493,0.0125931546635874,0.0013992394070652,1.2173382841467868,0.0529006504131144,3573369.9142213752,0.05349250691132,0.0522180147355537,0.0015599744186112,5.865040603272993e-05
trainability-bridge-v1-u1-n10,U1-RZ-XY-line|n10|d60|i17,U1-RZ-XY-line,10,60,6.0,17,aligned_crossfit,870,251,1,9,128,128,0.3503117921702791,0.7507069484276694,0.4699724064931546,10000,0.01,8,0.4185589777383686,0.0358565737051792,11.673144823592278,0.1502338870294355,0.0166926541143817,14.5226090795121,0.1827164695060723,299532.9541808573,0.2037850902968012,0.2136477814615899,0.0223250430516105,1.7769183153227623e-05
trainability-bridge-v1-u1-n10,U1-RZ-XY-line|n10|d60|i17,U1-RZ-XY-line,10,60,6.0,17,physical,870,251,1,9,128,128,0.3503117921702791,0.7507069484276694,0.4699724064931546,10000,0.01,8,0.3250697101845652,0.0358565737051792,9.06583302848065,0.1157942332980609,0.0128660259220067,11.193442552145893,0.1604121312245852,388620.38910148,0.1655530767175008,0.1554309065465593,0.0148143324025696,1.0141290917281354e-05
trainability-bridge-v1-u1-n10,U1-RZ-XY-line|n10|d60|i17,U1-RZ-XY-line,10,60,6.0,17,random_rank,870,251,1,9,128,128,0.3503117921702791,0.7507069484276694,0.4699724064931546,10000,0.01,8,0.0394889319912945,0.0358565737051792,1.1013024366461028,0.0135265068372788,0.001502945204142,1.307562327603624,0.0548260012064001,3326801.2607645765,0.0575621971654021,0.0591380084533237,0.0017311947859478,5.533785955286597e-05
trainability-bridge-v1-u1-n10,U1-RZ-XY-line|n10|d60|i18,U1-RZ-XY-line,10,60,6.0,18,aligned_crossfit,870,251,1,9,128,128,0.3835640671445063,0.7707713459279311,0.4969215259855866,10000,0.01,8,0.4145667691110935,0.0358565737051792,11.56180656076494,0.1632003217748381,0.0181333690860931,15.776031104901024,0.1904382791672574,275734.7504625937,0.183391221994129,0.1801362863380171,0.0175218142053583,1.647803673388449e-05
trainability-bridge-v1-u1-n10,U1-RZ-XY-line|n10|d60|i18,U1-RZ-XY-line,10,60,6.0,18,physical,870,251,1,9,128,128,0.3835640671445063,0.7707713459279311,0.4969215259855866,10000,0.01,8,0.359264819146694,0.0358565737051792,10.01949662286891,0.1418797045911787,0.015764411621242,13.715038110480608,0.177563575213173,317170.09934342536,0.1689508481390738,0.1636897241312492,0.0148200859801058,1.0572162010449913e-05
trainability-bridge-v1-u1-n10,U1-RZ-XY-line|n10|d60|i18,U1-RZ-XY-line,10,60,6.0,18,random_rank,870,251,1,9,128,128,0.3835640671445063,0.7707713459279311,0.4969215259855866,10000,0.01,8,0.038519777581758,0.0358565737051792,1.0742737970023637,0.0148585496306842,0.0016509499589649,1.4363264642994809,0.0574621607488775,3028559.38961033,0.061261415854395,0.0597023590349516,0.0019507964994244,2.570580453033852e-05
trainability-bridge-v1-u1-n10,U1-RZ-XY-line|n10|d60|i19,U1-RZ-XY-line,10,60,6.0,19,aligned_crossfit,870,251,1,9,128,128,0.3336038458887852,0.7379301013164661,0.4552333046026653,10000,0.01,8,0.3860450268604558,0.0358565737051792,10.766366860219378,0.1319877012909479,0.0146653001434386,12.758811124791636,0.1712617887530003,340940.857063674,0.1771702793192274,0.1672861766650667,0.0163260572795928,1.437110224361684e-05
trainability-bridge-v1-u1-n10,U1-RZ-XY-line|n10|d60|i19,U1-RZ-XY-line,10,60,6.0,19,physical,870,251,1,9,128,128,0.3336038458887852,0.7379301013164661,0.4552333046026653,10000,0.01,8,0.3621289286394469,0.0358565737051792,10.099373454277908,0.1218115610594174,0.0135346178954908,11.775117569077016,0.1645273101675878,369423.0630379151,0.1884732563094244,0.1916734967287411,0.0187071173232776,8.744530246783457e-06
trainability-bridge-v1-u1-n10,U1-RZ-XY-line|n10|d60|i19,U1-RZ-XY-line,10,60,6.0,19,random_rank,870,251,1,9,128,128,0.3336038458887852,0.7379301013164661,0.4552333046026653,10000,0.01,8,0.0414231403019544,0.0358565737051792,1.155245357310062,0.0138636883240519,0.0015404098137835,1.3401565379916855,0.0555051315426519,3245889.473866065,0.0629231196983962,0.0560365869613928,0.0020561237168589,3.0995463744868526e-05
trainability-bridge-v1-u1-n12,U1-RZ-XY-line|n12|d72|i0,U1-RZ-XY-line,12,72,6.0,0,aligned_crossfit,1260,923,1,11,128,128,0.3353781645763216,0.736559400285281,0.4564506717071356,10000,0.01,8,0.3592730551100495,0.0119176598049837,30.146275442415973,0.1230479888306136,0.011186180802783,14.094587811506653,0.1495739335765631,446980.08088301495,0.1483002785762472,0.1459157778371855,0.0114700555714148,1.1179993788528031e-05
trainability-bridge-v1-u1-n12,U1-RZ-XY-line|n12|d72|i0,U1-RZ-XY-line,12,72,6.0,0,physical,1260,923,1,11,128,128,0.3353781645763216,0.736559400285281,0.4564506717071356,10000,0.01,8,0.2702193171202216,0.0119176598049837,22.67385724563314,0.0923602061344271,0.008396382375857,10.57944179357983,0.1295869003862428,595494.5566053566,0.1229005551290221,0.1224921189327432,0.0082880499069908,7.552335734760073e-06
trainability-bridge-v1-u1-n12,U1-RZ-XY-line|n12|d72|i0,U1-RZ-XY-line,12,72,6.0,0,random_rank,1260,923,1,11,128,128,0.3353781645763216,0.736559400285281,0.4564506717071356,10000,0.01,8,0.0109531318850758,0.0119176598049837,0.9190673390840924,0.0036882130604314,0.0003352920964028,0.4224680414676075,0.0258956404208454,14912370.597582938,0.0241417262750348,0.0266619955389685,0.0003345981984297,3.3234809178642474e-05
trainability-bridge-v1-u1-n12,U1-RZ-XY-line|n12|d72|i1,U1-RZ-XY-line,12,72,6.0,1,aligned_crossfit,1260,923,1,11,128,128,0.3698490796453034,0.7645372226788734,0.485222637687654,10000,0.01,8,0.3699478237008275,0.0119176598049837,31.041985570533075,0.1399463986131745,0.0127223998739249,16.030223841145446,0.1595142618948221,393007.6125218867,0.1593462139818513,0.1589996106668605,0.0134748675736868,1.5423690107050584e-05
trainability-bridge-v1-u1-n12,U1-RZ-XY-line|n12|d72|i1,U1-RZ-XY-line,12,72,6.0,1,physical,1260,923,1,11,128,128,0.3698490796453034,0.7645372226788734,0.485222637687654,10000,0.01,8,0.308908677258831,0.0119176598049837,25.92024628271827,0.1170372361630164,0.0106397487420924,13.406083415036434,0.1458749378206716,469935.9093151576,0.1520581712283115,0.1534737097542997,0.0117483526113544,8.546177661072132e-06
trainability-bridge-v1-u1-n12,U1-RZ-XY-line|n12|d72|i1,U1-RZ-XY-line,12,72,6.0,1,random_rank,1260,923,1,11,128,128,0.3698490796453034,0.7645372226788734,0.485222637687654,10000,0.01,8,0.0128300475387682,0.0119176598049837,1.0765576252984672,0.0047017795454083,0.000427434504128,0.5385674752013228,0.0292381430370683,11697698.598759584,0.0304276640294781,0.0290597161389957,0.0004962658220517,4.011232777802049e-05
trainability-bridge-v1-u1-n12,U1-RZ-XY-line|n12|d72|i2,U1-RZ-XY-line,12,72,6.0,2,aligned_crossfit,1260,923,1,11,128,128,0.3791262290605365,0.7965637040656219,0.4756888382674988,10000,0.01,8,0.3599655437251116,0.0119176598049837,30.204381532570725,0.1395193583926475,0.0126835780356952,15.981308324975991,0.1592707006055742,394210.5284430437,0.1450190216627539,0.1386821582814864,0.0112242347812679,1.2891947283437597e-05
trainability-bridge-v1-u1-n12,U1-RZ-XY-line|n12|d72|i2,U1-RZ-XY-line,12,72,6.0,2,physical,1260,923,1,11,128,128,0.3791262290605365,0.7965637040656219,0.4756888382674988,10000,0.01,8,0.3007812685579337,0.0119176598049837,25.23828280717935,0.1158944405153541,0.0105358582286685,13.275181368122386,0.1451610018473871,474569.78743267135,0.1236847033591878,0.1176815533751301,0.0079151117920833,7.96813069479776e-06
trainability-bridge-v1-u1-n12,U1-RZ-XY-line|n12|d72|i2,U1-RZ-XY-line,12,72,6.0,2,random_rank,1260,923,1,11,128,128,0.3791262290605365,0.7965637040656219,0.4756888382674988,10000,0.01,8,0.0106413155209695,0.0119176598049837,0.8929031114413529,0.004009776275304,0.0003645251159367,0.4593016460802801,0.0270009302038552,13716475.988633491,0.0232385016950822,0.0208679173023071,0.0002948474145902,2.783939608922752e-05
trainability-bridge-v1-u1-n12,U1-RZ-XY-line|n12|d72|i3,U1-RZ-XY-line,12,72,6.0,3,aligned_crossfit,1260,923,1,11,128,128,0.351700742519191,0.7539225181745659,0.4670587000042175,10000,0.01,8,0.3482229653066307,0.0119176598049837,29.21907245254729,0.1248075112889381,0.0113461373899034,14.296133111278367,0.1506395525079882,440678.60525374266,0.1379627236691463,0.1503885600780551,0.0101814065644727,1.1760200183255884e-05
trainability-bridge-v1-u1-n12,U1-RZ-XY-line|n12|d72|i3,U1-RZ-XY-line,12,72,6.0,3,physical,1260,923,1,11,128,128,0.351700742519191,0.7539225181745659,0.4670587000042175,10000,0.01,8,0.2763681578970949,0.0119176598049837,23.18980088536533,0.0984231436018555,0.0089475585092596,11.273923721667096,0.1337726317993303,558811.6573728607,0.1338376432133435,0.1242805953772295,0.0092661104115391,8.230627323735809e-06
trainability-bridge-v1-u1-n12,U1-RZ-XY-line|n12|d72|i3,U1-RZ-XY-line,12,72,6.0,3,random_rank,1260,923,1,11,128,128,0.351700742519191,0.7539225181745659,0.4670587000042175,10000,0.01,8,0.0127292853174863,0.0119176598049837,1.0681027589127143,0.0044875608155168,0.0004079600741378,0.514029693413752,0.0285643159952377,12256101.312281609,0.0284580694796066,0.0282665999790559,0.0004202914497723,3.2194377855724164e-05
trainability-bridge-v1-u1-n12,U1-RZ-XY-line|n12|d72|i4,U1-RZ-XY-line,12,72,6.0,4,aligned_crossfit,1260,923,1,11,128,128,0.3540294535924677,0.737660462473589,0.479948302313678,10000,0.01,8,0.3665985263357951,0.0119176598049837,30.760949073448995,0.1318003455498766,0.0119818495954433,15.097130490258596,0.1548021291548881,417297.84372368426,0.159399288266757,0.1497861451908112,0.0132475871299132,1.080720115098138e-05
trainability-bridge-v1-u1-n12,U1-RZ-XY-line|n12|d72|i4,U1-RZ-XY-line,12,72,6.0,4,physical,1260,923,1,11,128,128,0.3540294535924677,0.737660462473589,0.479948302313678,10000,0.01,8,0.2920157932464627,0.0119176598049837,24.50277974240774,0.1047026120156146,0.0095184192741467,11.993208285424943,0.1379740502713954,525297.305780659,0.1421812228091962,0.1379123805682456,0.0104113737935597,7.421637266083343e-06
trainability-bridge-v1-u1-n12,U1-RZ-XY-line|n12|d72|i4,U1-RZ-XY-line,12,72,6.0,4,random_rank,1260,923,1,11,128,128,0.3540294535924677,0.737660462473589,0.479948302313678,10000,0.01,8,0.0116980445480914,0.0119176598049837,0.9815722834444042,0.0041288358940263,0.0003753487176387,0.472939384224842,0.0273988582841973,13320946.003103206,0.0242843034730361,0.0221856010902843,0.0003232477810128,3.388488995316593e-05
trainability-bridge-v1-u1-n12,U1-RZ-XY-line|n12|d72|i5,U1-RZ-XY-line,12,72,6.0,5,aligned_crossfit,1260,923,1,11,128,128,0.3685427621666203,0.7671142759503395,0.4814241030119391,10000,0.01,8,0.3541087485986344,0.0119176598049837,29.712943177867235,0.1331989521606805,0.0121089956509709,15.25733452022341,0.155621307351988,412916.16118460445,0.1580063102583168,0.1471623324388569,0.0130652385401388,1.3709020458338654e-05
trainability-bridge-v1-u1-n12,U1-RZ-XY-line|n12|d72|i5,U1-RZ-XY-line,12,72,6.0,5,physical,1260,923,1,11,128,128,0.3685427621666203,0.7671142759503395,0.4814241030119391,10000,0.01,8,0.3219458902871343,0.0119176598049837,27.01418697591136,0.1191723376335116,0.0108338488757737,13.650649583474967,0.1471995168183223,461516.498645352,0.1451579740437949,0.13417001776635,0.0111040948658119,8.458941019374576e-06
trainability-bridge-v1-u1-n12,U1-RZ-XY-line|n12|d72|i5,U1-RZ-XY-line,12,72,6.0,5,random_rank,1260,923,1,11,128,128,0.3685427621666203,0.7671142759503395,0.4814241030119391,10000,0.01,8,0.0125140710801861,0.0119176598049837,1.050044327910168,0.0045580205291327,0.0004143655026484,0.5221005333370224,0.0287876884326765,12066641.571371984,0.0268703495950695,0.026749265469539,0.0003667549423807,4.083810375253311e-05
trainability-bridge-v1-u1-n12,U1-RZ-XY-line|n12|d72|i6,U1-RZ-XY-line,12,72,6.0,6,aligned_crossfit,1260,923,1,11,128,128,0.371001183437785,0.7750537090254854,0.4780796683381386,10000,0.01,8,0.3550227075711698,0.0119176598049837,29.789632644380887,0.1342716662725973,0.0122065151156906,15.380209045770236,0.1562466967055026,409617.3193258764,0.1612826063573584,0.1664273439332184,0.01352368689043,1.6264107892382175e-05
trainability-bridge-v1-u1-n12,U1-RZ-XY-line|n12|d72|i6,U1-RZ-XY-line,12,72,6.0,6,physical,1260,923,1,11,128,128,0.371001183437785,0.7750537090254854,0.4780796683381386,10000,0.01,8,0.2742605734465553,0.0119176598049837,23.012955390106416,0.1036755975023015,0.009425054318391,11.875568441172724,0.1372956978087154,530500.9213839257,0.1330443811166375,0.1226485141215385,0.0099177242859093,8.748749835366248e-06
trainability-bridge-v1-u1-n12,U1-RZ-XY-line|n12|d72|i6,U1-RZ-XY-line,12,72,6.0,6,random_rank,1260,923,1,11,128,128,0.371001183437785,0.7750537090254854,0.4780796683381386,10000,0.01,8,0.0113500703059469,0.0119176598049837,0.952374081126278,0.0041727154082409,0.0003793377643855,0.4779655831257806,0.0275440652186833,13180865.364404496,0.026346672313925,0.0260072251664974,0.0003544766850209,5.219750701393778e-05
trainability-bridge-v1-u1-n12,U1-RZ-XY-line|n12|d72|i7,U1-RZ-XY-line,12,72,6.0,7,aligned_crossfit,1260,923,1,11,128,128,0.3678737679387133,0.7757612894159592,0.472640122075865,10000,0.01,8,0.3721235308618512,0.0119176598049837,31.224547180498966,0.1420097628599527,0.0129099784418138,16.266572836685498,0.1606858950985673,387297.3159897458,0.141724414694804,0.1307121796145583,0.011047141827974,1.2966982881860356e-05
trainability-bridge-v1-u1-n12,U1-RZ-XY-line|n12|d72|i7,U1-RZ-XY-line,12,72,6.0,7,physical,1260,923,1,11,128,128,0.3678737679387133,0.7757612894159592,0.472640122075865,10000,0.01,8,0.3023798706241425,0.0119176598049837,25.37242005328033,0.1145328644427505,0.0104120785857045,13.119219017987788,0.1443057766390839,480211.51193238376,0.135190668241096,0.1333866506080016,0.0098125686621791,8.89966387028383e-06
trainability-bridge-v1-u1-n12,U1-RZ-XY-line|n12|d72|i7,U1-RZ-XY-line,12,72,6.0,7,random_rank,1260,923,1,11,128,128,0.3678737679387133,0.7757612894159592,0.472640122075865,10000,0.01,8,0.0124506438942739,0.0119176598049837,1.0447222104013518,0.0046713519824856,0.0004246683620441,0.5350821361756233,0.0291433821662532,11773893.340988364,0.0260946361110341,0.0259249747030187,0.000362618900294,4.4640681448244566e-05
trainability-bridge-v1-u1-n12,U1-RZ-XY-line|n12|d72|i8,U1-RZ-XY-line,12,72,6.0,8,aligned_crossfit,1260,923,1,11,128,128,0.3686402457242496,0.7729949432708705,0.4772883558098469,10000,0.01,8,0.3552598516109674,0.0119176598049837,29.80953118517481,0.1342512150563628,0.0122046559142148,15.377866451910652,0.1562347971113657,409679.7185553165,0.1261998718446189,0.1206572137048092,0.0081504781014275,1.5638469925274032e-05
trainability-bridge-v1-u1-n12,U1-RZ-XY-line|n12|d72|i8,U1-RZ-XY-line,12,72,6.0,8,physical,1260,923,1,11,128,128,0.3686402457242496,0.7729949432708705,0.4772883558098469,10000,0.01,8,0.2973593543633019,0.0119176598049837,24.95115309793888,0.1106486837964916,0.0100589712542265,12.674303780325404,0.1418377330207058,497068.7233944657,0.1219102300859785,0.1260098438131404,0.0076355354680669,7.627050879080531e-06
trainability-bridge-v1-u1-n12,U1-RZ-XY-line|n12|d72|i8,U1-RZ-XY-line,12,72,6.0,8,random_rank,1260,923,1,11,128,128,0.3686402457242496,0.7729949432708705,0.4772883558098469,10000,0.01,8,0.0125735269754628,0.0119176598049837,1.055033218032022,0.0046557013098598,0.0004232455736236,0.5332894227657657,0.029094520914551,11813472.630540282,0.0262418691557624,0.0260069030918171,0.0003490543654792,4.3401151016917775e-05
trainability-bridge-v1-u1-n12,U1-RZ-XY-line|n12|d72|i9,U1-RZ-XY-line,12,72,6.0,9,aligned_crossfit,1260,923,1,11,128,128,0.3535982931827522,0.7394355810993144,0.4797074962935417,10000,0.01,8,0.3501152442897923,0.0119176598049837,29.37785186177076,0.126211251177646,0.0114737501070587,14.456925134894,0.1514843233279188,435777.3137244784,0.1320992862425851,0.1239831233446157,0.0090971925509666,1.4255872333866456e-05
trainability-bridge-v1-u1-n12,U1-RZ-XY-line|n12|d72|i9,U1-RZ-XY-line,12,72,6.0,9,physical,1260,923,1,11,128,128,0.3535982931827522,0.7394355810993144,0.4797074962935417,10000,0.01,8,0.2921208483397248,0.0119176598049837,24.51159481977873,0.1039963654601346,0.0094542150418304,11.912310952706331,0.137507927348429,528864.6363423477,0.1130741527789769,0.1136578639115527,0.0066322743731331,7.842543806923548e-06
trainability-bridge-v1-u1-n12,U1-RZ-XY-line|n12|d72|i9,U1-RZ-XY-line,12,72,6.0,9,random_rank,1260,923,1,11,128,128,0.3535982931827522,0.7394355810993144,0.4797074962935417,10000,0.01,8,0.0121908695108933,0.0119176598049837,1.0229247780504158,0.0043042430326294,0.0003912948211481,0.4930314746466436,0.0279748037043383,12778088.872551631,0.0243722761986372,0.0238456368618365,0.000315188934162,3.98714206231556e-05
trainability-bridge-v1-u1-n12,U1-RZ-XY-line|n12|d72|i10,U1-RZ-XY-line,12,72,6.0,10,aligned_crossfit,1260,923,1,11,128,128,0.3568074895145879,0.7614758570304301,0.4689973288974833,10000,0.01,8,0.3387628760139312,0.0119176598049837,28.42528496007805,0.1225325010060738,0.0111393182732794,14.035541024332089,0.1492602979581605,448860.5027108172,0.138488093599632,0.1395149626890806,0.0099401927730969,1.3373218078440925e-05
trainability-bridge-v1-u1-n12,U1-RZ-XY-line|n12|d72|i10,U1-RZ-XY-line,12,72,6.0,10,physical,1260,923,1,11,128,128,0.3568074895145879,0.7614758570304301,0.4689973288974833,10000,0.01,8,0.2894859044858036,0.0119176598049837,24.290499076399705,0.1053898293236686,0.0095808935748789,12.0719259043475,0.1384261071827057,521871.99042790354,0.1285747219241038,0.127955660499654,0.0084806567603337,8.338865799819576e-06
trainability-bridge-v1-u1-n12,U1-RZ-XY-line|n12|d72|i10,U1-RZ-XY-line,12,72,6.0,10,random_rank,1260,923,1,11,128,128,0.3568074895145879,0.7614758570304301,0.4689973288974833,10000,0.01,8,0.0129743988147993,0.0119176598049837,1.0886700096417978,0.0046827004875059,0.0004257000443187,0.5363820558415906,0.02917876091676,11745359.359785471,0.031290848264712,0.0334575660811979,0.0005032727137547,3.183024401326912e-05
trainability-bridge-v1-u1-n12,U1-RZ-XY-line|n12|d72|i11,U1-RZ-XY-line,12,72,6.0,11,aligned_crossfit,1260,923,1,11,128,128,0.3428482516044295,0.7614113609268639,0.4505172231939137,10000,0.01,8,0.3391261699989017,0.0119176598049837,28.45576862808967,0.1194721768495362,0.0108611069863214,13.68499480276506,0.1473845784763214,460358.2310990049,0.1316395325837753,0.1334743334335027,0.0088705193567392,1.3187813255646897e-05
trainability-bridge-v1-u1-n12,U1-RZ-XY-line|n12|d72|i11,U1-RZ-XY-line,12,72,6.0,11,physical,1260,923,1,11,128,128,0.3428482516044295,0.7614113609268639,0.4505172231939137,10000,0.01,8,0.3011668535644338,0.0119176598049837,25.270636894542942,0.1055609665337892,0.0095964515030717,12.091528893870398,0.1385384531678605,521025.9228006874,0.1227594947882917,0.1179102007898738,0.0077304419487601,8.129452486399728e-06
trainability-bridge-v1-u1-n12,U1-RZ-XY-line|n12|d72|i11,U1-RZ-XY-line,12,72,6.0,11,random_rank,1260,923,1,11,128,128,0.3428482516044295,0.7614113609268639,0.4505172231939137,10000,0.01,8,0.0114483461901379,0.0119176598049837,0.9606203212270308,0.0038421552239555,0.0003492868385414,0.4401014165621805,0.0264305443962629,14314882.349645635,0.0259772437182277,0.0264350642950658,0.0003596807799336,3.717116937144426e-05
trainability-bridge-v1-u1-n12,U1-RZ-XY-line|n12|d72|i12,U1-RZ-XY-line,12,72,6.0,12,aligned_crossfit,1260,923,1,11,128,128,0.3563946471491302,0.7652638448274482,0.4651683937574248,10000,0.01,8,0.3514776739081955,0.0119176598049837,29.49217209247859,0.1279745312834315,0.0116340482984937,14.658900856102154,0.1525388363564752,429773.01380529214,0.1526260412117641,0.1419185356803539,0.0121976311768059,1.4723652825139752e-05
trainability-bridge-v1-u1-n12,U1-RZ-XY-line|n12|d72|i12,U1-RZ-XY-line,12,72,6.0,12,physical,1260,923,1,11,128,128,0.3563946471491302,0.7652638448274482,0.4651683937574248,10000,0.01,8,0.3029913988839107,0.0119176598049837,25.423732833622687,0.1098309458853685,0.0099846314441244,12.580635619596762,0.1413126423510962,500769.6105740903,0.1327256725471765,0.1382088913295363,0.0091579564407715,9.08869966567195e-06
trainability-bridge-v1-u1-n12,U1-RZ-XY-line|n12|d72|i12,U1-RZ-XY-line,12,72,6.0,12,random_rank,1260,923,1,11,128,128,0.3563946471491302,0.7652638448274482,0.4651683937574248,10000,0.01,8,0.0133091377240171,0.0119176598049837,1.1167576472061664,0.0047471538557292,0.0004315594414299,0.5437648962017196,0.0293788849832642,11585889.497476676,0.0255807033619306,0.0245321975375087,0.0003442258853767,4.373650483263414e-05
trainability-bridge-v1-u1-n12,U1-RZ-XY-line|n12|d72|i13,U1-RZ-XY-line,12,72,6.0,13,aligned_crossfit,1260,923,1,11,128,128,0.344101545304275,0.7337821178651256,0.4704837653816659,10000,0.01,8,0.372777591642725,0.0119176598049837,31.279428826021384,0.1313205008360615,0.0119382273487328,15.04216645940341,0.1545200786223775,418822.64878551714,0.1485676842180111,0.1518759593715476,0.0114176347416227,1.2548485419345378e-05
trainability-bridge-v1-u1-n12,U1-RZ-XY-line|n12|d72|i13,U1-RZ-XY-line,12,72,6.0,13,physical,1260,923,1,11,128,128,0.344101545304275,0.7337821178651256,0.4704837653816659,10000,0.01,8,0.3063874530417744,0.0119176598049837,25.70869265068707,0.1072971644034782,0.0097542876730434,12.290402468034786,0.1396731017271649,512595.0933165298,0.1380744711354879,0.1436651823094795,0.009878539366512,8.393509883072991e-06
trainability-bridge-v1-u1-n12,U1-RZ-XY-line|n12|d72|i13,U1-RZ-XY-line,12,72,6.0,13,random_rank,1260,923,1,11,128,128,0.344101545304275,0.7337821178651256,0.4704837653816659,10000,0.01,8,0.0118424262724759,0.0119176598049837,0.9936872226813884,0.004075482264206,0.000370498387655,0.4668279684454153,0.0272212559465977,13495335.382281488,0.0282279326150895,0.0290684036251597,0.0004166616993494,3.282832125847934e-05
trainability-bridge-v1-u1-n12,U1-RZ-XY-line|n12|d72|i14,U1-RZ-XY-line,12,72,6.0,14,aligned_crossfit,1260,923,1,11,128,128,0.3593533898150052,0.7644094786220725,0.4710936546698587,10000,0.01,8,0.3382587017976193,0.0119176598049837,28.38298015992751,0.1242074448152182,0.0112915858922925,14.227398224288631,0.1502769835489957,442807.595646322,0.1350572443286444,0.1300697704225566,0.0100166204820263,1.422684785215954e-05
trainability-bridge-v1-u1-n12,U1-RZ-XY-line|n12|d72|i14,U1-RZ-XY-line,12,72,6.0,14,physical,1260,923,1,11,128,128,0.3593533898150052,0.7644094786220725,0.4710936546698587,10000,0.01,8,0.2785090865475141,0.0119176598049837,23.369444262123235,0.1016695346821475,0.0092426849711043,11.645783063591445,0.1359609132883736,540968.3458466503,0.1349015495516649,0.135568866400809,0.0093311349202334,7.5564764545767e-06
trainability-bridge-v1-u1-n12,U1-RZ-XY-line|n12|d72|i14,U1-RZ-XY-line,12,72,6.0,14,random_rank,1260,923,1,11,128,128,0.3593533898150052,0.7644094786220725,0.4710936546698587,10000,0.01,8,0.0125433043921119,0.0119176598049837,1.0524972685381226,0.0045245375398039,0.0004113215945276,0.518265209104811,0.0286817570775441,12155938.48346846,0.0275864007338508,0.0258663777423452,0.0004126367210629,3.627130135373974e-05
trainability-bridge-v1-u1-n12,U1-RZ-XY-line|n12|d72|i15,U1-RZ-XY-line,12,72,6.0,15,aligned_crossfit,1260,923,1,11,128,128,0.3639811774018058,0.7568835822346365,0.4829479841723801,10000,0.01,8,0.3662275477957458,0.0119176598049837,30.72982060140668,0.1366745954483597,0.0124249632225781,15.65545366044848,0.1576385944023744,402415.678053211,0.1463062998896338,0.1539688784731329,0.0113369864757363,1.666301281299122e-05
trainability-bridge-v1-u1-n12,U1-RZ-XY-line|n12|d72|i15,U1-RZ-XY-line,12,72,6.0,15,physical,1260,923,1,11,128,128,0.3639811774018058,0.7568835822346365,0.4829479841723801,10000,0.01,8,0.301777319963826,0.0119176598049837,25.32186057514649,0.1112579965911683,0.0101143633264698,12.744097791352017,0.1422277281437755,494346.4891076951,0.1145110517897396,0.1174998600496417,0.0069468262500391,9.018080265584536e-06
trainability-bridge-v1-u1-n12,U1-RZ-XY-line|n12|d72|i15,U1-RZ-XY-line,12,72,6.0,15,random_rank,1260,923,1,11,128,128,0.3639811774018058,0.7568835822346365,0.4829479841723801,10000,0.01,8,0.0105159058304351,0.0119176598049837,0.8823800983174187,0.0038122426661186,0.0003465675151016,0.4366750690281343,0.0263274577238932,14427203.307075225,0.0251811322525207,0.0263794554217011,0.0003432100728942,6.929631340631733e-05
trainability-bridge-v1-u1-n12,U1-RZ-XY-line|n12|d72|i16,U1-RZ-XY-line,12,72,6.0,16,aligned_crossfit,1260,923,1,11,128,128,0.3623969925100302,0.7517470708117515,0.4836273189822886,10000,0.01,8,0.3548548534409971,0.0119176598049837,29.775548156912755,0.1307132884268989,0.0118830262206271,14.97261303799024,0.1541624222735694,420768.23758250574,0.1510835173027435,0.137973755752926,0.0120265415184391,1.1832936277872884e-05
trainability-bridge-v1-u1-n12,U1-RZ-XY-line|n12|d72|i16,U1-RZ-XY-line,12,72,6.0,16,physical,1260,923,1,11,128,128,0.3623969925100302,0.7517470708117515,0.4836273189822886,10000,0.01,8,0.3037315114819705,0.0119176598049837,25.485835008896256,0.1108215883074628,0.0100746898461329,12.694109206127564,0.1419485107081648,496293.19377203175,0.1376297375348701,0.1354042458191948,0.010059752703788,8.004532400971159e-06
trainability-bridge-v1-u1-n12,U1-RZ-XY-line|n12|d72|i16,U1-RZ-XY-line,12,72,6.0,16,random_rank,1260,923,1,11,128,128,0.3623969925100302,0.7517470708117515,0.4836273189822886,10000,0.01,8,0.0101092460406898,0.0119176598049837,0.8482576450506144,0.0036320075840946,0.0003301825076449,0.4160299596326579,0.0256975682758103,15143140.1852951,0.0224590614781008,0.0214218683999677,0.0002712091993675,4.988695557066084e-05
trainability-bridge-v1-u1-n12,U1-RZ-XY-line|n12|d72|i17,U1-RZ-XY-line,12,72,6.0,17,aligned_crossfit,1260,923,1,11,128,128,0.3619812626099267,0.7596776564292662,0.4763306538657386,10000,0.01,8,0.3423302301280022,0.0119176598049837,28.72461840074055,0.1257771660253867,0.0114342878204897,14.40720265381703,0.1512235948553644,437281.2787728008,0.1491625439854286,0.1514478085993961,0.0120670929428915,1.1942670262819654e-05
trainability-bridge-v1-u1-n12,U1-RZ-XY-line|n12|d72|i17,U1-RZ-XY-line,12,72,6.0,17,physical,1260,923,1,11,128,128,0.3619812626099267,0.7596776564292662,0.4763306538657386,10000,0.01,8,0.2937037855291201,0.0119176598049837,24.64441764030708,0.1075242667479171,0.0097749333407197,12.316416009306876,0.1398208377940837,511512.439596017,0.1254150145047744,0.1295735190336422,0.0080903953973045,8.159063496283522e-06
trainability-bridge-v1-u1-n12,U1-RZ-XY-line|n12|d72|i17,U1-RZ-XY-line,12,72,6.0,17,random_rank,1260,923,1,11,128,128,0.3619812626099267,0.7596776564292662,0.4763306538657386,10000,0.01,8,0.0124146727175974,0.0119176598049837,1.0417039016674914,0.0044635277828097,0.0004057752529827,0.5112768187582025,0.0284877255316285,12322092.003509063,0.0298849016159006,0.0318230480363623,0.0004758615240156,4.643192846067276e-05
trainability-bridge-v1-u1-n12,U1-RZ-XY-line|n12|d72|i18,U1-RZ-XY-line,12,72,6.0,18,aligned_crossfit,1260,923,1,11,128,128,0.3660176036879791,0.7900616773570053,0.4669690948331939,10000,0.01,8,0.3481027083511814,0.0119176598049837,29.208981800740045,0.1290881335130878,0.0117352848648261,14.786458929680968,0.1532010761373833,426065.49884326686,0.1398344620824827,0.1419344971144876,0.0103451584152178,1.4463224070266136e-05
trainability-bridge-v1-u1-n12,U1-RZ-XY-line|n12|d72|i18,U1-RZ-XY-line,12,72,6.0,18,physical,1260,923,1,11,128,128,0.3660176036879791,0.7900616773570053,0.4669690948331939,10000,0.01,8,0.2699256694268142,0.0119176598049837,22.64921753463177,0.100464965332381,0.00913317866658,11.507805119890914,0.1351530885076629,547454.526242422,0.13013226295847,0.1243728256461317,0.0090631108920576,8.288165489222822e-06
trainability-bridge-v1-u1-n12,U1-RZ-XY-line|n12|d72|i18,U1-RZ-XY-line,12,72,6.0,18,random_rank,1260,923,1,11,128,128,0.3660176036879791,0.7900616773570053,0.4669690948331939,10000,0.01,8,0.01180605741511,0.0119176598049837,0.9906355449224162,0.0043154626351964,0.0003923147850178,0.494316629122508,0.0280112400660114,12744867.618925784,0.0279762849450641,0.0282552540511502,0.0003973358034321,3.696423984311533e-05
trainability-bridge-v1-u1-n12,U1-RZ-XY-line|n12|d72|i19,U1-RZ-XY-line,12,72,6.0,19,aligned_crossfit,1260,923,1,11,128,128,0.3676444355312315,0.7658680950332772,0.4812180274736144,10000,0.01,8,0.362724414715683,0.0119176598049837,30.435875889325043,0.1364875022582037,0.0124079547507457,15.634022985939696,0.1575306620994515,402967.2980310853,0.1421692147894523,0.1360835952071795,0.0105919979926468,1.438633897637096e-05
trainability-bridge-v1-u1-n12,U1-RZ-XY-line|n12|d72|i19,U1-RZ-XY-line,12,72,6.0,19,physical,1260,923,1,11,128,128,0.3676444355312315,0.7658680950332772,0.4812180274736144,10000,0.01,8,0.3236654741077686,0.0119176598049837,27.158475691042764,0.1199071159989736,0.0109006469089976,13.73481510533698,0.1476526119579169,458688.3734279022,0.1249009302290494,0.1071718437605266,0.0084682419562674,8.6965555256061e-06
trainability-bridge-v1-u1-n12,U1-RZ-XY-line|n12|d72|i19,U1-RZ-XY-line,12,72,6.0,19,random_rank,1260,923,1,11,128,128,0.3676444355312315,0.7658680950332772,0.4812180274736144,10000,0.01,8,0.0120998806409842,0.0119176598049837,1.0152899846934988,0.0044007250906163,0.0004000659173287,0.5040830558342322,0.0282866016809639,12497940.422880938,0.030288666001575,0.0287845014140431,0.0004797290833218,3.910472574979975e-05
