profile,job_id,circuit_id,tangent_count_used,eigen_index,eigenvalue
v2_spectrum,SU2-CNOT-line|n8|d48|i4|dir=gaussian|basis=Z|eta=0,SU2-CNOT-line|n8|d48|i4,512,1,0.01835410658179886
v2_spectrum,SU2-CNOT-line|n8|d48|i4|dir=gaussian|basis=Z|eta=0,SU2-CNOT-line|n8|d48|i4,512,2,0.017028625971311412
v2_spectrum,SU2-CNOT-line|n8|d48|i4|dir=gaussian|basis=Z|eta=0,SU2-CNOT-line|n8|d48|i4,512,3,0.016236445501146803
v2_spectrum,SU2-CNOT-line|n8|d48|i4|dir=gaussian|basis=Z|eta=0,SU2-CNOT-line|n8|d48|i4,512,4,0.01583271134973571
v2_spectrum,SU2-CNOT-line|n8|d48|i4|dir=gaussian|basis=Z|eta=0,SU2-CNOT-line|n8|d48|i4,512,5,0.015526658176924304
v2_spectrum,SU2-CNOT-line|n8|d48|i4|dir=gaussian|basis=Z|eta=0,SU2-CNOT-line|n8|d48|i4,512,6,0.015286038266660773
v2_spectrum,SU2-CNOT-line|n8|d48|i4|dir=gaussian|basis=Z|eta=0,SU2-CNOT-line|n8|d48|i4,512,7,0.014424480483092575
v2_spectrum,SU2-CNOT-line|n8|d48|i4|dir=gaussian|basis=Z|eta=0,SU2-CNOT-line|n8|d48|i4,512,8,0.014155676898737451
v2_spectrum,SU2-CNOT-line|n8|d48|i4|dir=gaussian|basis=Z|eta=0,SU2-CNOT-line|n8|d48|i4,512,9,0.013996229785236491
v2_spectrum,SU2-CNOT-line|n8|d48|i4|dir=gaussian|basis=Z|eta=0,SU2-CNOT-line|n8|d48|i4,512,10,0.01343589145875826
v2_spectrum,SU2-CNOT-line|n8|d48|i4|dir=gaussian|basis=Z|eta=0,SU2-CNOT-line|n8|d48|i4,512,11,0.013199302230961649
v2_spectrum,SU2-CNOT-line|n8|d48|i4|dir=gaussian|basis=Z|eta=0,SU2-CNOT-line|n8|d48|i4,512,12,0.01278461725198233
v2_spectrum,SU2-CNOT-line|n8|d48|i4|dir=gaussian|basis=Z|eta=0,SU2-CNOT-line|n8|d48|i4,512,13,0.012677872137266498
v2_spectrum,SU2-CNOT-line|n8|d48|i4|dir=gaussian|basis=Z|eta=0,SU2-CNOT-line|n8|d48|i4,512,14,0.012401792595932772
v2_spectrum,SU2-CNOT-line|n8|d48|i4|dir=gaussian|basis=Z|eta=0,SU2-CNOT-line|n8|d48|i4,512,15,0.012146162450876718
v2_spectrum,SU2-CNOT-line|n8|d48|i4|dir=gaussian|basis=Z|eta=0,SU2-CNOT-line|n8|d48|i4,512,16,0.011759030478348772
v2_spectrum,SU2-CNOT-line|n8|d48|i4|dir=gaussian|basis=Z|eta=0,SU2-CNOT-line|n8|d48|i4,512,17,0.011417911633517826
v2_spectrum,SU2-CNOT-line|n8|d48|i4|dir=gaussian|basis=Z|eta=0,SU2-CNOT-line|n8|d48|i4,512,18,0.011288331882145217
v2_spectrum,SU2-CNOT-line|n8|d48|i4|dir=gaussian|basis=Z|eta=0,SU2-CNOT-line|n8|d48|i4,512,19,0.01113057991207073
v2_spectrum,SU2-CNOT-line|n8|d48|i4|dir=gaussian|basis=Z|eta=0,SU2-CNOT-line|n8|d48|i4,512,20,0.01098651846753837
v2_spectrum,SU2-CNOT-line|n8|d48|i4|dir=gaussian|basis=Z|eta=0,SU2-CNOT-line|n8|d48|i4,512,21,0.010775292172805968
v2_spectrum,SU2-CNOT-line|n8|d48|i4|dir=gaussian|basis=Z|eta=0,SU2-CNOT-line|n8|d48|i4,512,22,0.010588416869484672
v2_spectrum,SU2-CNOT-line|n8|d48|i4|dir=gaussian|basis=Z|eta=0,SU2-CNOT-line|n8|d48|i4,512,23,0.010578541341566968
v2_spectrum,SU2-CNOT-line|n8|d48|i4|dir=gaussian|basis=Z|eta=0,SU2-CNOT-line|n8|d48|i4,512,24,0.010244249021019647
v2_spectrum,SU2-CNOT-line|n8|d48|i4|dir=gaussian|basis=Z|eta=0,SU2-CNOT-line|n8|d48|i4,512,25,0.010220563520543104
v2_spectrum,SU2-CNOT-line|n8|d48|i4|dir=gaussian|basis=Z|eta=0,SU2-CNOT-line|n8|d48|i4,512,26,0.009962329979878351
v2_spectrum,SU2-CNOT-line|n8|d48|i4|dir=gaussian|basis=Z|eta=0,SU2-CNOT-line|n8|d48|i4,512,27,0.00978652860077023
v2_spectrum,SU2-CNOT-line|n8|d48|i4|dir=gaussian|basis=Z|eta=0,SU2-CNOT-line|n8|d48|i4,512,28,0.009645537055397621
v2_spectrum,SU2-CNOT-line|n8|d48|i4|dir=gaussian|basis=Z|eta=0,SU2-CNOT-line|n8|d48|i4,512,29,0.009568880908157525
v2_spectrum,SU2-CNOT-line|n8|d48|i4|dir=gaussian|basis=Z|eta=0,SU2-CNOT-line|n8|d48|i4,512,30,0.00938996614331565
v2_spectrum,SU2-CNOT-line|n8|d48|i4|dir=gaussian|basis=Z|eta=0,SU2-CNOT-line|n8|d48|i4,512,31,0.00932402082401721
v2_spectrum,SU2-CNOT-line|n8|d48|i4|dir=gaussian|basis=Z|eta=0,SU2-CNOT-line|n8|d48|i4,512,32,0.00918649624318944
v2_spectrum,SU2-CNOT-line|n8|d48|i4|dir=gaussian|basis=Z|eta=0,SU2-CNOT-line|n8|d48|i4,512,33,0.009077473148484274
v2_spectrum,SU2-CNOT-line|n8|d48|i4|dir=gaussian|basis=Z|eta=0,SU2-CNOT-line|n8|d48|i4,512,34,0.008968275453738152
v2_spectrum,SU2-CNOT-line|n8|d48|i4|dir=gaussian|basis=Z|eta=0,SU2-CNOT-line|n8|d48|i4,512,35,0.008834198698086614
v2_spectrum,SU2-CNOT-line|n8|d48|i4|dir=gaussian|basis=Z|eta=0,SU2-CNOT-line|n8|d48|i4,512,36,0.008741476584612136
v2_spectrum,SU2-CNOT-line|n8|d48|i4|dir=gaussian|basis=Z|eta=0,SU2-CNOT-line|n8|d48|i4,512,37,0.008445967978231413
v2_spectrum,SU2-CNOT-line|n8|d48|i4|dir=gaussian|basis=Z|eta=0,SU2-CNOT-line|n8|d48|i4,512,38,0.008302864076943433
v2_spectrum,SU2-CNOT-line|n8|d48|i4|dir=gaussian|basis=Z|eta=0,SU2-CNOT-line|n8|d48|i4,512,39,0.008216518616610139
v2_spectrum,SU2-CNOT-line|n8|d48|i4|dir=gaussian|basis=Z|eta=0,SU2-CNOT-line|n8|d48|i4,512,40,0.00805539771458571
v2_spectrum,SU2-CNOT-line|n8|d48|i4|dir=gaussian|basis=Z|eta=0,SU2-CNOT-line|n8|d48|i4,512,41,0.007961362382063577
v2_spectrum,SU2-CNOT-line|n8|d48|i4|dir=gaussian|basis=Z|eta=0,SU2-CNOT-line|n8|d48|i4,512,42,0.007867586696857437
v2_spectrum,SU2-CNOT-line|n8|d48|i4|dir=gaussian|basis=Z|eta=0,SU2-CNOT-line|n8|d48|i4,512,43,0.00781789091459519
v2_spectrum,SU2-CNOT-line|n8|d48|i4|dir=gaussian|basis=Z|eta=0,SU2-CNOT-line|n8|d48|i4,512,44,0.007692009240165611
v2_spectrum,SU2-CNOT-line|n8|d48|i4|dir=gaussian|basis=Z|eta=0,SU2-CNOT-line|n8|d48|i4,512,45,0.007515220926427236
v2_spectrum,SU2-CNOT-line|n8|d48|i4|dir=gaussian|basis=Z|eta=0,SU2-CNOT-line|n8|d48|i4,512,46,0.0074892624818439
v2_spectrum,SU2-CNOT-line|n8|d48|i4|dir=gaussian|basis=Z|eta=0,SU2-CNOT-line|n8|d48|i4,512,47,0.007147519096267382
v2_spectrum,SU2-CNOT-line|n8|d48|i4|dir=gaussian|basis=Z|eta=0,SU2-CNOT-line|n8|d48|i4,512,48,0.007101233920442586
v2_spectrum,SU2-CNOT-line|n8|d48|i4|dir=gaussian|basis=Z|eta=0,SU2-CNOT-line|n8|d48|i4,512,49,0.006923863170530706
v2_spectrum,SU2-CNOT-line|n8|d48|i4|dir=gaussian|basis=Z|eta=0,SU2-CNOT-line|n8|d48|i4,512,50,0.006855170486757824
v2_spectrum,SU2-CNOT-line|n8|d48|i4|dir=gaussian|basis=Z|eta=0,SU2-CNOT-line|n8|d48|i4,512,51,0.0068089062528211165
v2_spectrum,SU2-CNOT-line|n8|d48|i4|dir=gaussian|basis=Z|eta=0,SU2-CNOT-line|n8|d48|i4,512,52,0.006725547698461558
v2_spectrum,SU2-CNOT-line|n8|d48|i4|dir=gaussian|basis=Z|eta=0,SU2-CNOT-line|n8|d48|i4,512,53,0.00663886574648683
v2_spectrum,SU2-CNOT-line|n8|d48|i4|dir=gaussian|basis=Z|eta=0,SU2-CNOT-line|n8|d48|i4,512,54,0.006455650494634566
v2_spectrum,SU2-CNOT-line|n8|d48|i4|dir=gaussian|basis=Z|eta=0,SU2-CNOT-line|n8|d48|i4,512,55,0.006420223438131689
v2_spectrum,SU2-CNOT-line|n8|d48|i4|dir=gaussian|basis=Z|eta=0,SU2-CNOT-line|n8|d48|i4,512,56,0.00634696658913631
v2_spectrum,SU2-CNOT-line|n8|d48|i4|dir=gaussian|basis=Z|eta=0,SU2-CNOT-line|n8|d48|i4,512,57,0.006302628409455958
v2_spectrum,SU2-CNOT-line|n8|d48|i4|dir=gaussian|basis=Z|eta=0,SU2-CNOT-line|n8|d48|i4,512,58,0.006169259390583232
v2_spectrum,SU2-CNOT-line|n8|d48|i4|dir=gaussian|basis=Z|eta=0,SU2-CNOT-line|n8|d48|i4,512,59,0.006118289379036191
v2_spectrum,SU2-CNOT-line|n8|d48|i4|dir=gaussian|basis=Z|eta=0,SU2-CNOT-line|n8|d48|i4,512,60,0.0060836376521155085
v2_spectrum,SU2-CNOT-line|n8|d48|i4|dir=gaussian|basis=Z|eta=0,SU2-CNOT-line|n8|d48|i4,512,61,0.006037579036766712
v2_spectrum,SU2-CNOT-line|n8|d48|i4|dir=gaussian|basis=Z|eta=0,SU2-CNOT-line|n8|d48|i4,512,62,0.005940871257048062
v2_spectrum,SU2-CNOT-line|n8|d48|i4|dir=gaussian|basis=Z|eta=0,SU2-CNOT-line|n8|d48|i4,512,63,0.005858331182792937
v2_spectrum,SU2-CNOT-line|n8|d48|i4|dir=gaussian|basis=Z|eta=0,SU2-CNOT-line|n8|d48|i4,512,64,0.0058052484541139945
v2_spectrum,SU2-CNOT-line|n8|d48|i4|dir=gaussian|basis=Z|eta=0,SU2-CNOT-line|n8|d48|i4,512,65,0.00569012935619263
v2_spectrum,SU2-CNOT-line|n8|d48|i4|dir=gaussian|basis=Z|eta=0,SU2-CNOT-line|n8|d48|i4,512,66,0.005510763347918126
v2_spectrum,SU2-CNOT-line|n8|d48|i4|dir=gaussian|basis=Z|eta=0,SU2-CNOT-line|n8|d48|i4,512,67,0.005454555051215897
v2_spectrum,SU2-CNOT-line|n8|d48|i4|dir=gaussian|basis=Z|eta=0,SU2-CNOT-line|n8|d48|i4,512,68,0.005439738270222547
v2_spectrum,SU2-CNOT-line|n8|d48|i4|dir=gaussian|basis=Z|eta=0,SU2-CNOT-line|n8|d48|i4,512,69,0.0053564801369090555
v2_spectrum,SU2-CNOT-line|n8|d48|i4|dir=gaussian|basis=Z|eta=0,SU2-CNOT-line|n8|d48|i4,512,70,0.005299012018652512
v2_spectrum,SU2-CNOT-line|n8|d48|i4|dir=gaussian|basis=Z|eta=0,SU2-CNOT-line|n8|d48|i4,512,71,0.005231034249336014
v2_spectrum,SU2-CNOT-line|n8|d48|i4|dir=gaussian|basis=Z|eta=0,SU2-CNOT-line|n8|d48|i4,512,72,0.005172640530516879
v2_spectrum,SU2-CNOT-line|n8|d48|i4|dir=gaussian|basis=Z|eta=0,SU2-CNOT-line|n8|d48|i4,512,73,0.005119948426629112
v2_spectrum,SU2-CNOT-line|n8|d48|i4|dir=gaussian|basis=Z|eta=0,SU2-CNOT-line|n8|d48|i4,512,74,0.005000238837753168
v2_spectrum,SU2-CNOT-line|n8|d48|i4|dir=gaussian|basis=Z|eta=0,SU2-CNOT-line|n8|d48|i4,512,75,0.0049490854945938734
v2_spectrum,SU2-CNOT-line|n8|d48|i4|dir=gaussian|basis=Z|eta=0,SU2-CNOT-line|n8|d48|i4,512,76,0.0048695010240619955
v2_spectrum,SU2-CNOT-line|n8|d48|i4|dir=gaussian|basis=Z|eta=0,SU2-CNOT-line|n8|d48|i4,512,77,0.004814747266464553
v2_spectrum,SU2-CNOT-line|n8|d48|i4|dir=gaussian|basis=Z|eta=0,SU2-CNOT-line|n8|d48|i4,512,78,0.004736432446195679
v2_spectrum,SU2-CNOT-line|n8|d48|i4|dir=gaussian|basis=Z|eta=0,SU2-CNOT-line|n8|d48|i4,512,79,0.0046522709999287865
v2_spectrum,SU2-CNOT-line|n8|d48|i4|dir=gaussian|basis=Z|eta=0,SU2-CNOT-line|n8|d48|i4,512,80,0.004576387653555095
v2_spectrum,SU2-CNOT-line|n8|d48|i4|dir=gaussian|basis=Z|eta=0,SU2-CNOT-line|n8|d48|i4,512,81,0.004512711513550292
v2_spectrum,SU2-CNOT-line|n8|d48|i4|dir=gaussian|basis=Z|eta=0,SU2-CNOT-line|n8|d48|i4,512,82,0.004478364326329333
v2_spectrum,SU2-CNOT-line|n8|d48|i4|dir=gaussian|basis=Z|eta=0,SU2-CNOT-line|n8|d48|i4,512,83,0.0044211250265356605
v2_spectrum,SU2-CNOT-line|n8|d48|i4|dir=gaussian|basis=Z|eta=0,SU2-CNOT-line|n8|d48|i4,512,84,0.004375126217827324
v2_spectrum,SU2-CNOT-line|n8|d48|i4|dir=gaussian|basis=Z|eta=0,SU2-CNOT-line|n8|d48|i4,512,85,0.004314263411025718
v2_spectrum,SU2-CNOT-line|n8|d48|i4|dir=gaussian|basis=Z|eta=0,SU2-CNOT-line|n8|d48|i4,512,86,0.0042890871994410735
v2_spectrum,SU2-CNOT-line|n8|d48|i4|dir=gaussian|basis=Z|eta=0,SU2-CNOT-line|n8|d48|i4,512,87,0.004200271085760706
v2_spectrum,SU2-CNOT-line|n8|d48|i4|dir=gaussian|basis=Z|eta=0,SU2-CNOT-line|n8|d48|i4,512,88,0.00419299926854957
v2_spectrum,SU2-CNOT-line|n8|d48|i4|dir=gaussian|basis=Z|eta=0,SU2-CNOT-line|n8|d48|i4,512,89,0.004123735314200397
v2_spectrum,SU2-CNOT-line|n8|d48|i4|dir=gaussian|basis=Z|eta=0,SU2-CNOT-line|n8|d48|i4,512,90,0.004029242794322362
v2_spectrum,SU2-CNOT-line|n8|d48|i4|dir=gaussian|basis=Z|eta=0,SU2-CNOT-line|n8|d48|i4,512,91,0.003935882770433059
v2_spectrum,SU2-CNOT-line|n8|d48|i4|dir=gaussian|basis=Z|eta=0,SU2-CNOT-line|n8|d48|i4,512,92,0.003863583237867989
v2_spectrum,SU2-CNOT-line|n8|d48|i4|dir=gaussian|basis=Z|eta=0,SU2-CNOT-line|n8|d48|i4,512,93,0.003832403859782568
v2_spectrum,SU2-CNOT-line|n8|d48|i4|dir=gaussian|basis=Z|eta=0,SU2-CNOT-line|n8|d48|i4,512,94,0.0037954086387585297
v2_spectrum,SU2-CNOT-line|n8|d48|i4|dir=gaussian|basis=Z|eta=0,SU2-CNOT-line|n8|d48|i4,512,95,0.0037454423639948567
v2_spectrum,SU2-CNOT-line|n8|d48|i4|dir=gaussian|basis=Z|eta=0,SU2-CNOT-line|n8|d48|i4,512,96,0.0037244452072309124
v2_spectrum,SU2-CNOT-line|n8|d48|i4|dir=gaussian|basis=Z|eta=0,SU2-CNOT-line|n8|d48|i4,512,97,0.003645212259929829
v2_spectrum,SU2-CNOT-line|n8|d48|i4|dir=gaussian|basis=Z|eta=0,SU2-CNOT-line|n8|d48|i4,512,98,0.00359874711003693
v2_spectrum,SU2-CNOT-line|n8|d48|i4|dir=gaussian|basis=Z|eta=0,SU2-CNOT-line|n8|d48|i4,512,99,0.0035392986644791203
v2_spectrum,SU2-CNOT-line|n8|d48|i4|dir=gaussian|basis=Z|eta=0,SU2-CNOT-line|n8|d48|i4,512,100,0.0035067299594210514
v2_spectrum,SU2-CNOT-line|n8|d48|i4|dir=gaussian|basis=Z|eta=0,SU2-CNOT-line|n8|d48|i4,512,101,0.0034460482673131223
v2_spectrum,SU2-CNOT-line|n8|d48|i4|dir=gaussian|basis=Z|eta=0,SU2-CNOT-line|n8|d48|i4,512,102,0.0034221446274872937
v2_spectrum,SU2-CNOT-line|n8|d48|i4|dir=gaussian|basis=Z|eta=0,SU2-CNOT-line|n8|d48|i4,512,103,0.003384335623503297
v2_spectrum,SU2-CNOT-line|n8|d48|i4|dir=gaussian|basis=Z|eta=0,SU2-CNOT-line|n8|d48|i4,512,104,0.0033375305641173978
v2_spectrum,SU2-CNOT-line|n8|d48|i4|dir=gaussian|basis=Z|eta=0,SU2-CNOT-line|n8|d48|i4,512,105,0.0032907154726324436
v2_spectrum,SU2-CNOT-line|n8|d48|i4|dir=gaussian|basis=Z|eta=0,SU2-CNOT-line|n8|d48|i4,512,106,0.0032664656665862086
v2_spectrum,SU2-CNOT-line|n8|d48|i4|dir=gaussian|basis=Z|eta=0,SU2-CNOT-line|n8|d48|i4,512,107,0.0032221676745369295
v2_spectrum,SU2-CNOT-line|n8|d48|i4|dir=gaussian|basis=Z|eta=0,SU2-CNOT-line|n8|d48|i4,512,108,0.003159868972655996
v2_spectrum,SU2-CNOT-line|n8|d48|i4|dir=gaussian|basis=Z|eta=0,SU2-CNOT-line|n8|d48|i4,512,109,0.003144573870055368
v2_spectrum,SU2-CNOT-line|n8|d48|i4|dir=gaussian|basis=Z|eta=0,SU2-CNOT-line|n8|d48|i4,512,110,0.003115723255111215
v2_spectrum,SU2-CNOT-line|n8|d48|i4|dir=gaussian|basis=Z|eta=0,SU2-CNOT-line|n8|d48|i4,512,111,0.00307039038219212
v2_spectrum,SU2-CNOT-line|n8|d48|i4|dir=gaussian|basis=Z|eta=0,SU2-CNOT-line|n8|d48|i4,512,112,0.002992319344544577
v2_spectrum,SU2-CNOT-line|n8|d48|i4|dir=gaussian|basis=Z|eta=0,SU2-CNOT-line|n8|d48|i4,512,113,0.002952573269773561
v2_spectrum,SU2-CNOT-line|n8|d48|i4|dir=gaussian|basis=Z|eta=0,SU2-CNOT-line|n8|d48|i4,512,114,0.0029089636764083222
v2_spectrum,SU2-CNOT-line|n8|d48|i4|dir=gaussian|basis=Z|eta=0,SU2-CNOT-line|n8|d48|i4,512,115,0.0028890512184654455
v2_spectrum,SU2-CNOT-line|n8|d48|i4|dir=gaussian|basis=Z|eta=0,SU2-CNOT-line|n8|d48|i4,512,116,0.002853546067821712
v2_spectrum,SU2-CNOT-line|n8|d48|i4|dir=gaussian|basis=Z|eta=0,SU2-CNOT-line|n8|d48|i4,512,117,0.002820417789083276
v2_spectrum,SU2-CNOT-line|n8|d48|i4|dir=gaussian|basis=Z|eta=0,SU2-CNOT-line|n8|d48|i4,512,118,0.002804812440543415
v2_spectrum,SU2-CNOT-line|n8|d48|i4|dir=gaussian|basis=Z|eta=0,SU2-CNOT-line|n8|d48|i4,512,119,0.0027418040870831493
v2_spectrum,SU2-CNOT-line|n8|d48|i4|dir=gaussian|basis=Z|eta=0,SU2-CNOT-line|n8|d48|i4,512,120,0.002735017540538595
v2_spectrum,SU2-CNOT-line|n8|d48|i4|dir=gaussian|basis=Z|eta=0,SU2-CNOT-line|n8|d48|i4,512,121,0.0026741724442915405
v2_spectrum,SU2-CNOT-line|n8|d48|i4|dir=gaussian|basis=Z|eta=0,SU2-CNOT-line|n8|d48|i4,512,122,0.002627536966656343
v2_spectrum,SU2-CNOT-line|n8|d48|i4|dir=gaussian|basis=Z|eta=0,SU2-CNOT-line|n8|d48|i4,512,123,0.00259025478206987
v2_spectrum,SU2-CNOT-line|n8|d48|i4|dir=gaussian|basis=Z|eta=0,SU2-CNOT-line|n8|d48|i4,512,124,0.002562589349357041
v2_spectrum,SU2-CNOT-line|n8|d48|i4|dir=gaussian|basis=Z|eta=0,SU2-CNOT-line|n8|d48|i4,512,125,0.0025256328234901197
v2_spectrum,SU2-CNOT-line|n8|d48|i4|dir=gaussian|basis=Z|eta=0,SU2-CNOT-line|n8|d48|i4,512,126,0.002521041858270996
v2_spectrum,SU2-CNOT-line|n8|d48|i4|dir=gaussian|basis=Z|eta=0,SU2-CNOT-line|n8|d48|i4,512,127,0.002476298348326433
v2_spectrum,SU2-CNOT-line|n8|d48|i4|dir=gaussian|basis=Z|eta=0,SU2-CNOT-line|n8|d48|i4,512,128,0.002426118351424721
v2_spectrum,SU2-CNOT-line|n8|d48|i4|dir=gaussian|basis=Z|eta=0,SU2-CNOT-line|n8|d48|i4,512,129,0.0023951900602327465
v2_spectrum,SU2-CNOT-line|n8|d48|i4|dir=gaussian|basis=Z|eta=0,SU2-CNOT-line|n8|d48|i4,512,130,0.0023577329893853757
v2_spectrum,SU2-CNOT-line|n8|d48|i4|dir=gaussian|basis=Z|eta=0,SU2-CNOT-line|n8|d48|i4,512,131,0.002319604283687052
v2_spectrum,SU2-CNOT-line|n8|d48|i4|dir=gaussian|basis=Z|eta=0,SU2-CNOT-line|n8|d48|i4,512,132,0.0023017119896803586
v2_spectrum,SU2-CNOT-line|n8|d48|i4|dir=gaussian|basis=Z|eta=0,SU2-CNOT-line|n8|d48|i4,512,133,0.002291018881469645
v2_spectrum,SU2-CNOT-line|n8|d48|i4|dir=gaussian|basis=Z|eta=0,SU2-CNOT-line|n8|d48|i4,512,134,0.0022662331907063386
v2_spectrum,SU2-CNOT-line|n8|d48|i4|dir=gaussian|basis=Z|eta=0,SU2-CNOT-line|n8|d48|i4,512,135,0.0021972571862608763
v2_spectrum,SU2-CNOT-line|n8|d48|i4|dir=gaussian|basis=Z|eta=0,SU2-CNOT-line|n8|d48|i4,512,136,0.0021472032057770663
v2_spectrum,SU2-CNOT-line|n8|d48|i4|dir=gaussian|basis=Z|eta=0,SU2-CNOT-line|n8|d48|i4,512,137,0.0021462170019463625
v2_spectrum,SU2-CNOT-line|n8|d48|i4|dir=gaussian|basis=Z|eta=0,SU2-CNOT-line|n8|d48|i4,512,138,0.002107292309517492
v2_spectrum,SU2-CNOT-line|n8|d48|i4|dir=gaussian|basis=Z|eta=0,SU2-CNOT-line|n8|d48|i4,512,139,0.0020642723368953174
v2_spectrum,SU2-CNOT-line|n8|d48|i4|dir=gaussian|basis=Z|eta=0,SU2-CNOT-line|n8|d48|i4,512,140,0.002058512547871147
v2_spectrum,SU2-CNOT-line|n8|d48|i4|dir=gaussian|basis=Z|eta=0,SU2-CNOT-line|n8|d48|i4,512,141,0.002027055604934201
v2_spectrum,SU2-CNOT-line|n8|d48|i4|dir=gaussian|basis=Z|eta=0,SU2-CNOT-line|n8|d48|i4,512,142,0.0020048700205095157
v2_spectrum,SU2-CNOT-line|n8|d48|i4|dir=gaussian|basis=Z|eta=0,SU2-CNOT-line|n8|d48|i4,512,143,0.0019792974402562066
v2_spectrum,SU2-CNOT-line|n8|d48|i4|dir=gaussian|basis=Z|eta=0,SU2-CNOT-line|n8|d48|i4,512,144,0.0019406184851864618
v2_spectrum,SU2-CNOT-line|n8|d48|i4|dir=gaussian|basis=Z|eta=0,SU2-CNOT-line|n8|d48|i4,512,145,0.0018894891919188767
v2_spectrum,SU2-CNOT-line|n8|d48|i4|dir=gaussian|basis=Z|eta=0,SU2-CNOT-line|n8|d48|i4,512,146,0.0018755000193731535
v2_spectrum,SU2-CNOT-line|n8|d48|i4|dir=gaussian|basis=Z|eta=0,SU2-CNOT-line|n8|d48|i4,512,147,0.0018603326755931115
v2_spectrum,SU2-CNOT-line|n8|d48|i4|dir=gaussian|basis=Z|eta=0,SU2-CNOT-line|n8|d48|i4,512,148,0.001826172199720084
v2_spectrum,SU2-CNOT-line|n8|d48|i4|dir=gaussian|basis=Z|eta=0,SU2-CNOT-line|n8|d48|i4,512,149,0.001784719265434905
v2_spectrum,SU2-CNOT-line|n8|d48|i4|dir=gaussian|basis=Z|eta=0,SU2-CNOT-line|n8|d48|i4,512,150,0.0017711772534582007
v2_spectrum,SU2-CNOT-line|n8|d48|i4|dir=gaussian|basis=Z|eta=0,SU2-CNOT-line|n8|d48|i4,512,151,0.0017507884596622513
v2_spectrum,SU2-CNOT-line|n8|d48|i4|dir=gaussian|basis=Z|eta=0,SU2-CNOT-line|n8|d48|i4,512,152,0.0017424034375530914
v2_spectrum,SU2-CNOT-line|n8|d48|i4|dir=gaussian|basis=Z|eta=0,SU2-CNOT-line|n8|d48|i4,512,153,0.0017132035861013898
v2_spectrum,SU2-CNOT-line|n8|d48|i4|dir=gaussian|basis=Z|eta=0,SU2-CNOT-line|n8|d48|i4,512,154,0.001694397678288029
v2_spectrum,SU2-CNOT-line|n8|d48|i4|dir=gaussian|basis=Z|eta=0,SU2-CNOT-line|n8|d48|i4,512,155,0.0016737795487597753
v2_spectrum,SU2-CNOT-line|n8|d48|i4|dir=gaussian|basis=Z|eta=0,SU2-CNOT-line|n8|d48|i4,512,156,0.0016379070565992625
v2_spectrum,SU2-CNOT-line|n8|d48|i4|dir=gaussian|basis=Z|eta=0,SU2-CNOT-line|n8|d48|i4,512,157,0.001596057034337798
v2_spectrum,SU2-CNOT-line|n8|d48|i4|dir=gaussian|basis=Z|eta=0,SU2-CNOT-line|n8|d48|i4,512,158,0.0015731381140334463
v2_spectrum,SU2-CNOT-line|n8|d48|i4|dir=gaussian|basis=Z|eta=0,SU2-CNOT-line|n8|d48|i4,512,159,0.0015590284666910585
v2_spectrum,SU2-CNOT-line|n8|d48|i4|dir=gaussian|basis=Z|eta=0,SU2-CNOT-line|n8|d48|i4,512,160,0.0015329378796903118
v2_spectrum,SU2-CNOT-line|n8|d48|i4|dir=gaussian|basis=Z|eta=0,SU2-CNOT-line|n8|d48|i4,512,161,0.0015121799481584578
v2_spectrum,SU2-CNOT-line|n8|d48|i4|dir=gaussian|basis=Z|eta=0,SU2-CNOT-line|n8|d48|i4,512,162,0.0014836456036227588
v2_spectrum,SU2-CNOT-line|n8|d48|i4|dir=gaussian|basis=Z|eta=0,SU2-CNOT-line|n8|d48|i4,512,163,0.0014530778571888708
v2_spectrum,SU2-CNOT-line|n8|d48|i4|dir=gaussian|basis=Z|eta=0,SU2-CNOT-line|n8|d48|i4,512,164,0.0014461528724538575
v2_spectrum,SU2-CNOT-line|n8|d48|i4|dir=gaussian|basis=Z|eta=0,SU2-CNOT-line|n8|d48|i4,512,165,0.0014040446854126688
v2_spectrum,SU2-CNOT-line|n8|d48|i4|dir=gaussian|basis=Z|eta=0,SU2-CNOT-line|n8|d48|i4,512,166,0.001385567707222525
v2_spectrum,SU2-CNOT-line|n8|d48|i4|dir=gaussian|basis=Z|eta=0,SU2-CNOT-line|n8|d48|i4,512,167,0.001363595053044403
v2_spectrum,SU2-CNOT-line|n8|d48|i4|dir=gaussian|basis=Z|eta=0,SU2-CNOT-line|n8|d48|i4,512,168,0.0013289934778316984
v2_spectrum,SU2-CNOT-line|n8|d48|i4|dir=gaussian|basis=Z|eta=0,SU2-CNOT-line|n8|d48|i4,512,169,0.0013143381090347727
v2_spectrum,SU2-CNOT-line|n8|d48|i4|dir=gaussian|basis=Z|eta=0,SU2-CNOT-line|n8|d48|i4,512,170,0.0012943111226141587
v2_spectrum,SU2-CNOT-line|n8|d48|i4|dir=gaussian|basis=Z|eta=0,SU2-CNOT-line|n8|d48|i4,512,171,0.0012908325002355804
v2_spectrum,SU2-CNOT-line|n8|d48|i4|dir=gaussian|basis=Z|eta=0,SU2-CNOT-line|n8|d48|i4,512,172,0.0012637062729812716
v2_spectrum,SU2-CNOT-line|n8|d48|i4|dir=gaussian|basis=Z|eta=0,SU2-CNOT-line|n8|d48|i4,512,173,0.0012531841402915957
v2_spectrum,SU2-CNOT-line|n8|d48|i4|dir=gaussian|basis=Z|eta=0,SU2-CNOT-line|n8|d48|i4,512,174,0.0012346811173438769
v2_spectrum,SU2-CNOT-line|n8|d48|i4|dir=gaussian|basis=Z|eta=0,SU2-CNOT-line|n8|d48|i4,512,175,0.001225909567207064
v2_spectrum,SU2-CNOT-line|n8|d48|i4|dir=gaussian|basis=Z|eta=0,SU2-CNOT-line|n8|d48|i4,512,176,0.001193924181046154
v2_spectrum,SU2-CNOT-line|n8|d48|i4|dir=gaussian|basis=Z|eta=0,SU2-CNOT-line|n8|d48|i4,512,177,0.001175388768625275
v2_spectrum,SU2-CNOT-line|n8|d48|i4|dir=gaussian|basis=Z|eta=0,SU2-CNOT-line|n8|d48|i4,512,178,0.0011524692858539832
v2_spectrum,SU2-CNOT-line|n8|d48|i4|dir=gaussian|basis=Z|eta=0,SU2-CNOT-line|n8|d48|i4,512,179,0.0011370048053201522
v2_spectrum,SU2-CNOT-line|n8|d48|i4|dir=gaussian|basis=Z|eta=0,SU2-CNOT-line|n8|d48|i4,512,180,0.0011274160376471963
v2_spectrum,SU2-CNOT-line|n8|d48|i4|dir=gaussian|basis=Z|eta=0,SU2-CNOT-line|n8|d48|i4,512,181,0.0011125723687043833
v2_spectrum,SU2-CNOT-line|n8|d48|i4|dir=gaussian|basis=Z|eta=0,SU2-CNOT-line|n8|d48|i4,512,182,0.0010763527176600282
v2_spectrum,SU2-CNOT-line|n8|d48|i4|dir=gaussian|basis=Z|eta=0,SU2-CNOT-line|n8|d48|i4,512,183,0.0010633431746396532
v2_spectrum,SU2-CNOT-line|n8|d48|i4|dir=gaussian|basis=Z|eta=0,SU2-CNOT-line|n8|d48|i4,512,184,0.0010426432716232866
v2_spectrum,SU2-CNOT-line|n8|d48|i4|dir=gaussian|basis=Z|eta=0,SU2-CNOT-line|n8|d48|i4,512,185,0.0010276314557493634
v2_spectrum,SU2-CNOT-line|n8|d48|i4|dir=gaussian|basis=Z|eta=0,SU2-CNOT-line|n8|d48|i4,512,186,0.000998688959808396
v2_spectrum,SU2-CNOT-line|n8|d48|i4|dir=gaussian|basis=Z|eta=0,SU2-CNOT-line|n8|d48|i4,512,187,0.000975285441146896
v2_spectrum,SU2-CNOT-line|n8|d48|i4|dir=gaussian|basis=Z|eta=0,SU2-CNOT-line|n8|d48|i4,512,188,0.0009559319844873443
v2_spectrum,SU2-CNOT-line|n8|d48|i4|dir=gaussian|basis=Z|eta=0,SU2-CNOT-line|n8|d48|i4,512,189,0.0009396200836719931
v2_spectrum,SU2-CNOT-line|n8|d48|i4|dir=gaussian|basis=Z|eta=0,SU2-CNOT-line|n8|d48|i4,512,190,0.0009288962915045069
v2_spectrum,SU2-CNOT-line|n8|d48|i4|dir=gaussian|basis=Z|eta=0,SU2-CNOT-line|n8|d48|i4,512,191,0.0009096313460554232
v2_spectrum,SU2-CNOT-line|n8|d48|i4|dir=gaussian|basis=Z|eta=0,SU2-CNOT-line|n8|d48|i4,512,192,0.0008922529081469822
v2_spectrum,SU2-CNOT-line|n8|d48|i4|dir=gaussian|basis=Z|eta=0,SU2-CNOT-line|n8|d48|i4,512,193,0.0008711540897445402
v2_spectrum,SU2-CNOT-line|n8|d48|i4|dir=gaussian|basis=Z|eta=0,SU2-CNOT-line|n8|d48|i4,512,194,0.0008640967761855572
v2_spectrum,SU2-CNOT-line|n8|d48|i4|dir=gaussian|basis=Z|eta=0,SU2-CNOT-line|n8|d48|i4,512,195,0.0008571680176518794
v2_spectrum,SU2-CNOT-line|n8|d48|i4|dir=gaussian|basis=Z|eta=0,SU2-CNOT-line|n8|d48|i4,512,196,0.0008432750387387136
v2_spectrum,SU2-CNOT-line|n8|d48|i4|dir=gaussian|basis=Z|eta=0,SU2-CNOT-line|n8|d48|i4,512,197,0.0008329136956477435
v2_spectrum,SU2-CNOT-line|n8|d48|i4|dir=gaussian|basis=Z|eta=0,SU2-CNOT-line|n8|d48|i4,512,198,0.0008224083465040202
v2_spectrum,SU2-CNOT-line|n8|d48|i4|dir=gaussian|basis=Z|eta=0,SU2-CNOT-line|n8|d48|i4,512,199,0.0008022487964554963
v2_spectrum,SU2-CNOT-line|n8|d48|i4|dir=gaussian|basis=Z|eta=0,SU2-CNOT-line|n8|d48|i4,512,200,0.0007868510186267076
v2_spectrum,SU2-CNOT-line|n8|d48|i4|dir=gaussian|basis=Z|eta=0,SU2-CNOT-line|n8|d48|i4,512,201,0.0007639686727073752
v2_spectrum,SU2-CNOT-line|n8|d48|i4|dir=gaussian|basis=Z|eta=0,SU2-CNOT-line|n8|d48|i4,512,202,0.000757959316480619
v2_spectrum,SU2-CNOT-line|n8|d48|i4|dir=gaussian|basis=Z|eta=0,SU2-CNOT-line|n8|d48|i4,512,203,0.0007502167990392895
v2_spectrum,SU2-CNOT-line|n8|d48|i4|dir=gaussian|basis=Z|eta=0,SU2-CNOT-line|n8|d48|i4,512,204,0.0007357834349753767
v2_spectrum,SU2-CNOT-line|n8|d48|i4|dir=gaussian|basis=Z|eta=0,SU2-CNOT-line|n8|d48|i4,512,205,0.0007259686585827841
v2_spectrum,SU2-CNOT-line|n8|d48|i4|dir=gaussian|basis=Z|eta=0,SU2-CNOT-line|n8|d48|i4,512,206,0.0007116132135634223
v2_spectrum,SU2-CNOT-line|n8|d48|i4|dir=gaussian|basis=Z|eta=0,SU2-CNOT-line|n8|d48|i4,512,207,0.0006976442777373832
v2_spectrum,SU2-CNOT-line|n8|d48|i4|dir=gaussian|basis=Z|eta=0,SU2-CNOT-line|n8|d48|i4,512,208,0.0006850173181286678
v2_spectrum,SU2-CNOT-line|n8|d48|i4|dir=gaussian|basis=Z|eta=0,SU2-CNOT-line|n8|d48|i4,512,209,0.0006761025086964701
v2_spectrum,SU2-CNOT-line|n8|d48|i4|dir=gaussian|basis=Z|eta=0,SU2-CNOT-line|n8|d48|i4,512,210,0.0006636069320692163
v2_spectrum,SU2-CNOT-line|n8|d48|i4|dir=gaussian|basis=Z|eta=0,SU2-CNOT-line|n8|d48|i4,512,211,0.0006592360831427805
v2_spectrum,SU2-CNOT-line|n8|d48|i4|dir=gaussian|basis=Z|eta=0,SU2-CNOT-line|n8|d48|i4,512,212,0.000641404416537529
v2_spectrum,SU2-CNOT-line|n8|d48|i4|dir=gaussian|basis=Z|eta=0,SU2-CNOT-line|n8|d48|i4,512,213,0.00063155552051389
v2_spectrum,SU2-CNOT-line|n8|d48|i4|dir=gaussian|basis=Z|eta=0,SU2-CNOT-line|n8|d48|i4,512,214,0.0006023085799621834
v2_spectrum,SU2-CNOT-line|n8|d48|i4|dir=gaussian|basis=Z|eta=0,SU2-CNOT-line|n8|d48|i4,512,215,0.0005907149374191702
v2_spectrum,SU2-CNOT-line|n8|d48|i4|dir=gaussian|basis=Z|eta=0,SU2-CNOT-line|n8|d48|i4,512,216,0.0005842010872509408
v2_spectrum,SU2-CNOT-line|n8|d48|i4|dir=gaussian|basis=Z|eta=0,SU2-CNOT-line|n8|d48|i4,512,217,0.0005694158438833857
v2_spectrum,SU2-CNOT-line|n8|d48|i4|dir=gaussian|basis=Z|eta=0,SU2-CNOT-line|n8|d48|i4,512,218,0.0005631421145583318
v2_spectrum,SU2-CNOT-line|n8|d48|i4|dir=gaussian|basis=Z|eta=0,SU2-CNOT-line|n8|d48|i4,512,219,0.0005550513623278909
v2_spectrum,SU2-CNOT-line|n8|d48|i4|dir=gaussian|basis=Z|eta=0,SU2-CNOT-line|n8|d48|i4,512,220,0.0005346122423354204
v2_spectrum,SU2-CNOT-line|n8|d48|i4|dir=gaussian|basis=Z|eta=0,SU2-CNOT-line|n8|d48|i4,512,221,0.0005218866467238915
v2_spectrum,SU2-CNOT-line|n8|d48|i4|dir=gaussian|basis=Z|eta=0,SU2-CNOT-line|n8|d48|i4,512,222,0.0005141418644443129
v2_spectrum,SU2-CNOT-line|n8|d48|i4|dir=gaussian|basis=Z|eta=0,SU2-CNOT-line|n8|d48|i4,512,223,0.0005009299444107446
v2_spectrum,SU2-CNOT-line|n8|d48|i4|dir=gaussian|basis=Z|eta=0,SU2-CNOT-line|n8|d48|i4,512,224,0.0004966607045022694
v2_spectrum,SU2-CNOT-line|n8|d48|i4|dir=gaussian|basis=Z|eta=0,SU2-CNOT-line|n8|d48|i4,512,225,0.00047880930280303494
v2_spectrum,SU2-CNOT-line|n8|d48|i4|dir=gaussian|basis=Z|eta=0,SU2-CNOT-line|n8|d48|i4,512,226,0.0004608781104016228
v2_spectrum,SU2-CNOT-line|n8|d48|i4|dir=gaussian|basis=Z|eta=0,SU2-CNOT-line|n8|d48|i4,512,227,0.0004537088613116588
v2_spectrum,SU2-CNOT-line|n8|d48|i4|dir=gaussian|basis=Z|eta=0,SU2-CNOT-line|n8|d48|i4,512,228,0.0004476458763198568
v2_spectrum,SU2-CNOT-line|n8|d48|i4|dir=gaussian|basis=Z|eta=0,SU2-CNOT-line|n8|d48|i4,512,229,0.0004362660430713775
v2_spectrum,SU2-CNOT-line|n8|d48|i4|dir=gaussian|basis=Z|eta=0,SU2-CNOT-line|n8|d48|i4,512,230,0.0004223663575284603
v2_spectrum,SU2-CNOT-line|n8|d48|i4|dir=gaussian|basis=Z|eta=0,SU2-CNOT-line|n8|d48|i4,512,231,0.000415391786198611
v2_spectrum,SU2-CNOT-line|n8|d48|i4|dir=gaussian|basis=Z|eta=0,SU2-CNOT-line|n8|d48|i4,512,232,0.00040932237032049296
v2_spectrum,SU2-CNOT-line|n8|d48|i4|dir=gaussian|basis=Z|eta=0,SU2-CNOT-line|n8|d48|i4,512,233,0.00040140487275727537
v2_spectrum,SU2-CNOT-line|n8|d48|i4|dir=gaussian|basis=Z|eta=0,SU2-CNOT-line|n8|d48|i4,512,234,0.00039310550127490986
v2_spectrum,SU2-CNOT-line|n8|d48|i4|dir=gaussian|basis=Z|eta=0,SU2-CNOT-line|n8|d48|i4,512,235,0.0003817244768443153
v2_spectrum,SU2-CNOT-line|n8|d48|i4|dir=gaussian|basis=Z|eta=0,SU2-CNOT-line|n8|d48|i4,512,236,0.0003577034381302729
v2_spectrum,SU2-CNOT-line|n8|d48|i4|dir=gaussian|basis=Z|eta=0,SU2-CNOT-line|n8|d48|i4,512,237,0.00035031892125467337
v2_spectrum,SU2-CNOT-line|n8|d48|i4|dir=gaussian|basis=Z|eta=0,SU2-CNOT-line|n8|d48|i4,512,238,0.00033107576892181447
v2_spectrum,SU2-CNOT-line|n8|d48|i4|dir=gaussian|basis=Z|eta=0,SU2-CNOT-line|n8|d48|i4,512,239,0.0003224653193070119
v2_spectrum,SU2-CNOT-line|n8|d48|i4|dir=gaussian|basis=Z|eta=0,SU2-CNOT-line|n8|d48|i4,512,240,0.0003191961247009391
v2_spectrum,SU2-CNOT-line|n8|d48|i4|dir=gaussian|basis=Z|eta=0,SU2-CNOT-line|n8|d48|i4,512,241,0.0003148444719878914
v2_spectrum,SU2-CNOT-line|n8|d48|i4|dir=gaussian|basis=Z|eta=0,SU2-CNOT-line|n8|d48|i4,512,242,0.00030878025923270695
v2_spectrum,SU2-CNOT-line|n8|d48|i4|dir=gaussian|basis=Z|eta=0,SU2-CNOT-line|n8|d48|i4,512,243,0.0003014377589971152
v2_spectrum,SU2-CNOT-line|n8|d48|i4|dir=gaussian|basis=Z|eta=0,SU2-CNOT-line|n8|d48|i4,512,244,0.0002888215601408751
v2_spectrum,SU2-CNOT-line|n8|d48|i4|dir=gaussian|basis=Z|eta=0,SU2-CNOT-line|n8|d48|i4,512,245,0.00028018282318031576
v2_spectrum,SU2-CNOT-line|n8|d48|i4|dir=gaussian|basis=Z|eta=0,SU2-CNOT-line|n8|d48|i4,512,246,0.0002694250512774051
v2_spectrum,SU2-CNOT-line|n8|d48|i4|dir=gaussian|basis=Z|eta=0,SU2-CNOT-line|n8|d48|i4,512,247,0.00026427295618402846
v2_spectrum,SU2-CNOT-line|n8|d48|i4|dir=gaussian|basis=Z|eta=0,SU2-CNOT-line|n8|d48|i4,512,248,0.0002524599033755745
v2_spectrum,SU2-CNOT-line|n8|d48|i4|dir=gaussian|basis=Z|eta=0,SU2-CNOT-line|n8|d48|i4,512,249,0.0002461244314812236
v2_spectrum,SU2-CNOT-line|n8|d48|i4|dir=gaussian|basis=Z|eta=0,SU2-CNOT-line|n8|d48|i4,512,250,0.00022746379869806378
v2_spectrum,SU2-CNOT-line|n8|d48|i4|dir=gaussian|basis=Z|eta=0,SU2-CNOT-line|n8|d48|i4,512,251,0.0002110056825917381
v2_spectrum,SU2-CNOT-line|n8|d48|i4|dir=gaussian|basis=Z|eta=0,SU2-CNOT-line|n8|d48|i4,512,252,0.0002017919710436129
v2_spectrum,SU2-CNOT-line|n8|d48|i4|dir=gaussian|basis=Z|eta=0,SU2-CNOT-line|n8|d48|i4,512,253,0.00019727049554969393
v2_spectrum,SU2-CNOT-line|n8|d48|i4|dir=gaussian|basis=Z|eta=0,SU2-CNOT-line|n8|d48|i4,512,254,0.00018755271527198686
v2_spectrum,SU2-CNOT-line|n8|d48|i4|dir=gaussian|basis=Z|eta=0,SU2-CNOT-line|n8|d48|i4,512,255,0.00018126937544632061
v2_spectrum,SU2-HaarU4-brickwork|n10|d60|i4|dir=gaussian|basis=Z|eta=0,SU2-HaarU4-brickwork|n10|d60|i4,512,1,0.011907096369771044
v2_spectrum,SU2-HaarU4-brickwork|n10|d60|i4|dir=gaussian|basis=Z|eta=0,SU2-HaarU4-brickwork|n10|d60|i4,512,2,0.011683101115746991
v2_spectrum,SU2-HaarU4-brickwork|n10|d60|i4|dir=gaussian|basis=Z|eta=0,SU2-HaarU4-brickwork|n10|d60|i4,512,3,0.0110329664621058
v2_spectrum,SU2-HaarU4-brickwork|n10|d60|i4|dir=gaussian|basis=Z|eta=0,SU2-HaarU4-brickwork|n10|d60|i4,512,4,0.010848617161063055
v2_spectrum,SU2-HaarU4-brickwork|n10|d60|i4|dir=gaussian|basis=Z|eta=0,SU2-HaarU4-brickwork|n10|d60|i4,512,5,0.01083928758881806
v2_spectrum,SU2-HaarU4-brickwork|n10|d60|i4|dir=gaussian|basis=Z|eta=0,SU2-HaarU4-brickwork|n10|d60|i4,512,6,0.010357969561327191
v2_spectrum,SU2-HaarU4-brickwork|n10|d60|i4|dir=gaussian|basis=Z|eta=0,SU2-HaarU4-brickwork|n10|d60|i4,512,7,0.010262921741305027
v2_spectrum,SU2-HaarU4-brickwork|n10|d60|i4|dir=gaussian|basis=Z|eta=0,SU2-HaarU4-brickwork|n10|d60|i4,512,8,0.010115901309214312
v2_spectrum,SU2-HaarU4-brickwork|n10|d60|i4|dir=gaussian|basis=Z|eta=0,SU2-HaarU4-brickwork|n10|d60|i4,512,9,0.009945596284152203
v2_spectrum,SU2-HaarU4-brickwork|n10|d60|i4|dir=gaussian|basis=Z|eta=0,SU2-HaarU4-brickwork|n10|d60|i4,512,10,0.009731814823461152
v2_spectrum,SU2-HaarU4-brickwork|n10|d60|i4|dir=gaussian|basis=Z|eta=0,SU2-HaarU4-brickwork|n10|d60|i4,512,11,0.009476216719106579
v2_spectrum,SU2-HaarU4-brickwork|n10|d60|i4|dir=gaussian|basis=Z|eta=0,SU2-HaarU4-brickwork|n10|d60|i4,512,12,0.009373895152177715
v2_spectrum,SU2-HaarU4-brickwork|n10|d60|i4|dir=gaussian|basis=Z|eta=0,SU2-HaarU4-brickwork|n10|d60|i4,512,13,0.009113328922700835
v2_spectrum,SU2-HaarU4-brickwork|n10|d60|i4|dir=gaussian|basis=Z|eta=0,SU2-HaarU4-brickwork|n10|d60|i4,512,14,0.008983461881439656
v2_spectrum,SU2-HaarU4-brickwork|n10|d60|i4|dir=gaussian|basis=Z|eta=0,SU2-HaarU4-brickwork|n10|d60|i4,512,15,0.00890572519387008
v2_spectrum,SU2-HaarU4-brickwork|n10|d60|i4|dir=gaussian|basis=Z|eta=0,SU2-HaarU4-brickwork|n10|d60|i4,512,16,0.008821108380153458
v2_spectrum,SU2-HaarU4-brickwork|n10|d60|i4|dir=gaussian|basis=Z|eta=0,SU2-HaarU4-brickwork|n10|d60|i4,512,17,0.00870695611275089
v2_spectrum,SU2-HaarU4-brickwork|n10|d60|i4|dir=gaussian|basis=Z|eta=0,SU2-HaarU4-brickwork|n10|d60|i4,512,18,0.008473677510289154
v2_spectrum,SU2-HaarU4-brickwork|n10|d60|i4|dir=gaussian|basis=Z|eta=0,SU2-HaarU4-brickwork|n10|d60|i4,512,19,0.008303917139283818
v2_spectrum,SU2-HaarU4-brickwork|n10|d60|i4|dir=gaussian|basis=Z|eta=0,SU2-HaarU4-brickwork|n10|d60|i4,512,20,0.008128682253797138
v2_spectrum,SU2-HaarU4-brickwork|n10|d60|i4|dir=gaussian|basis=Z|eta=0,SU2-HaarU4-brickwork|n10|d60|i4,512,21,0.008069758698877614
v2_spectrum,SU2-HaarU4-brickwork|n10|d60|i4|dir=gaussian|basis=Z|eta=0,SU2-HaarU4-brickwork|n10|d60|i4,512,22,0.007964279920520437
v2_spectrum,SU2-HaarU4-brickwork|n10|d60|i4|dir=gaussian|basis=Z|eta=0,SU2-HaarU4-brickwork|n10|d60|i4,512,23,0.007925664696345609
v2_spectrum,SU2-HaarU4-brickwork|n10|d60|i4|dir=gaussian|basis=Z|eta=0,SU2-HaarU4-brickwork|n10|d60|i4,512,24,0.007766161387203081
v2_spectrum,SU2-HaarU4-brickwork|n10|d60|i4|dir=gaussian|basis=Z|eta=0,SU2-HaarU4-brickwork|n10|d60|i4,512,25,0.007531089422662295
v2_spectrum,SU2-HaarU4-brickwork|n10|d60|i4|dir=gaussian|basis=Z|eta=0,SU2-HaarU4-brickwork|n10|d60|i4,512,26,0.007412354066986292
v2_spectrum,SU2-HaarU4-brickwork|n10|d60|i4|dir=gaussian|basis=Z|eta=0,SU2-HaarU4-brickwork|n10|d60|i4,512,27,0.007405596837290256
v2_spectrum,SU2-HaarU4-brickwork|n10|d60|i4|dir=gaussian|basis=Z|eta=0,SU2-HaarU4-brickwork|n10|d60|i4,512,28,0.00729794124701381
v2_spectrum,SU2-HaarU4-brickwork|n10|d60|i4|dir=gaussian|basis=Z|eta=0,SU2-HaarU4-brickwork|n10|d60|i4,512,29,0.007189533894163388
v2_spectrum,SU2-HaarU4-brickwork|n10|d60|i4|dir=gaussian|basis=Z|eta=0,SU2-HaarU4-brickwork|n10|d60|i4,512,30,0.0071428312342535685
v2_spectrum,SU2-HaarU4-brickwork|n10|d60|i4|dir=gaussian|basis=Z|eta=0,SU2-HaarU4-brickwork|n10|d60|i4,512,31,0.007098864949937543
v2_spectrum,SU2-HaarU4-brickwork|n10|d60|i4|dir=gaussian|basis=Z|eta=0,SU2-HaarU4-brickwork|n10|d60|i4,512,32,0.006915630144471449
v2_spectrum,SU2-HaarU4-brickwork|n10|d60|i4|dir=gaussian|basis=Z|eta=0,SU2-HaarU4-brickwork|n10|d60|i4,512,33,0.006836405606246274
v2_spectrum,SU2-HaarU4-brickwork|n10|d60|i4|dir=gaussian|basis=Z|eta=0,SU2-HaarU4-brickwork|n10|d60|i4,512,34,0.006682453292971147
v2_spectrum,SU2-HaarU4-brickwork|n10|d60|i4|dir=gaussian|basis=Z|eta=0,SU2-HaarU4-brickwork|n10|d60|i4,512,35,0.006625638027654097
v2_spectrum,SU2-HaarU4-brickwork|n10|d60|i4|dir=gaussian|basis=Z|eta=0,SU2-HaarU4-brickwork|n10|d60|i4,512,36,0.00659679831037762
v2_spectrum,SU2-HaarU4-brickwork|n10|d60|i4|dir=gaussian|basis=Z|eta=0,SU2-HaarU4-brickwork|n10|d60|i4,512,37,0.006521557596121863
v2_spectrum,SU2-HaarU4-brickwork|n10|d60|i4|dir=gaussian|basis=Z|eta=0,SU2-HaarU4-brickwork|n10|d60|i4,512,38,0.006484968852827667
v2_spectrum,SU2-HaarU4-brickwork|n10|d60|i4|dir=gaussian|basis=Z|eta=0,SU2-HaarU4-brickwork|n10|d60|i4,512,39,0.006394399640448342
v2_spectrum,SU2-HaarU4-brickwork|n10|d60|i4|dir=gaussian|basis=Z|eta=0,SU2-HaarU4-brickwork|n10|d60|i4,512,40,0.006259603544547384
v2_spectrum,SU2-HaarU4-brickwork|n10|d60|i4|dir=gaussian|basis=Z|eta=0,SU2-HaarU4-brickwork|n10|d60|i4,512,41,0.006189802238827462
v2_spectrum,SU2-HaarU4-brickwork|n10|d60|i4|dir=gaussian|basis=Z|eta=0,SU2-HaarU4-brickwork|n10|d60|i4,512,42,0.0061153239838568985
v2_spectrum,SU2-HaarU4-brickwork|n10|d60|i4|dir=gaussian|basis=Z|eta=0,SU2-HaarU4-brickwork|n10|d60|i4,512,43,0.006073409052638305
v2_spectrum,SU2-HaarU4-brickwork|n10|d60|i4|dir=gaussian|basis=Z|eta=0,SU2-HaarU4-brickwork|n10|d60|i4,512,44,0.005995532299154942
v2_spectrum,SU2-HaarU4-brickwork|n10|d60|i4|dir=gaussian|basis=Z|eta=0,SU2-HaarU4-brickwork|n10|d60|i4,512,45,0.005903317220533557
v2_spectrum,SU2-HaarU4-brickwork|n10|d60|i4|dir=gaussian|basis=Z|eta=0,SU2-HaarU4-brickwork|n10|d60|i4,512,46,0.005820277591046185
v2_spectrum,SU2-HaarU4-brickwork|n10|d60|i4|dir=gaussian|basis=Z|eta=0,SU2-HaarU4-brickwork|n10|d60|i4,512,47,0.005808356721124032
v2_spectrum,SU2-HaarU4-brickwork|n10|d60|i4|dir=gaussian|basis=Z|eta=0,SU2-HaarU4-brickwork|n10|d60|i4,512,48,0.005782023272864868
v2_spectrum,SU2-HaarU4-brickwork|n10|d60|i4|dir=gaussian|basis=Z|eta=0,SU2-HaarU4-brickwork|n10|d60|i4,512,49,0.005685525443612367
v2_spectrum,SU2-HaarU4-brickwork|n10|d60|i4|dir=gaussian|basis=Z|eta=0,SU2-HaarU4-brickwork|n10|d60|i4,512,50,0.0056258797223661975
v2_spectrum,SU2-HaarU4-brickwork|n10|d60|i4|dir=gaussian|basis=Z|eta=0,SU2-HaarU4-brickwork|n10|d60|i4,512,51,0.005588903601131475
v2_spectrum,SU2-HaarU4-brickwork|n10|d60|i4|dir=gaussian|basis=Z|eta=0,SU2-HaarU4-brickwork|n10|d60|i4,512,52,0.005519923612699742
v2_spectrum,SU2-HaarU4-brickwork|n10|d60|i4|dir=gaussian|basis=Z|eta=0,SU2-HaarU4-brickwork|n10|d60|i4,512,53,0.005432757960042877
v2_spectrum,SU2-HaarU4-brickwork|n10|d60|i4|dir=gaussian|basis=Z|eta=0,SU2-HaarU4-brickwork|n10|d60|i4,512,54,0.0054123821274544084
v2_spectrum,SU2-HaarU4-brickwork|n10|d60|i4|dir=gaussian|basis=Z|eta=0,SU2-HaarU4-brickwork|n10|d60|i4,512,55,0.005354829517994407
v2_spectrum,SU2-HaarU4-brickwork|n10|d60|i4|dir=gaussian|basis=Z|eta=0,SU2-HaarU4-brickwork|n10|d60|i4,512,56,0.005274013446603432
v2_spectrum,SU2-HaarU4-brickwork|n10|d60|i4|dir=gaussian|basis=Z|eta=0,SU2-HaarU4-brickwork|n10|d60|i4,512,57,0.005271070533871548
v2_spectrum,SU2-HaarU4-brickwork|n10|d60|i4|dir=gaussian|basis=Z|eta=0,SU2-HaarU4-brickwork|n10|d60|i4,512,58,0.005232569831409087
v2_spectrum,SU2-HaarU4-brickwork|n10|d60|i4|dir=gaussian|basis=Z|eta=0,SU2-HaarU4-brickwork|n10|d60|i4,512,59,0.005166961832790229
v2_spectrum,SU2-HaarU4-brickwork|n10|d60|i4|dir=gaussian|basis=Z|eta=0,SU2-HaarU4-brickwork|n10|d60|i4,512,60,0.005130415709345408
v2_spectrum,SU2-HaarU4-brickwork|n10|d60|i4|dir=gaussian|basis=Z|eta=0,SU2-HaarU4-brickwork|n10|d60|i4,512,61,0.005073722174892371
v2_spectrum,SU2-HaarU4-brickwork|n10|d60|i4|dir=gaussian|basis=Z|eta=0,SU2-HaarU4-brickwork|n10|d60|i4,512,62,0.005022497088661837
v2_spectrum,SU2-HaarU4-brickwork|n10|d60|i4|dir=gaussian|basis=Z|eta=0,SU2-HaarU4-brickwork|n10|d60|i4,512,63,0.004956400778262776
v2_spectrum,SU2-HaarU4-brickwork|n10|d60|i4|dir=gaussian|basis=Z|eta=0,SU2-HaarU4-brickwork|n10|d60|i4,512,64,0.00489020167402206
v2_spectrum,SU2-HaarU4-brickwork|n10|d60|i4|dir=gaussian|basis=Z|eta=0,SU2-HaarU4-brickwork|n10|d60|i4,512,65,0.004830390053713543
v2_spectrum,SU2-HaarU4-brickwork|n10|d60|i4|dir=gaussian|basis=Z|eta=0,SU2-HaarU4-brickwork|n10|d60|i4,512,66,0.004773152289292254
v2_spectrum,SU2-HaarU4-brickwork|n10|d60|i4|dir=gaussian|basis=Z|eta=0,SU2-HaarU4-brickwork|n10|d60|i4,512,67,0.0047076974298780536
v2_spectrum,SU2-HaarU4-brickwork|n10|d60|i4|dir=gaussian|basis=Z|eta=0,SU2-HaarU4-brickwork|n10|d60|i4,512,68,0.004670025475478225
v2_spectrum,SU2-HaarU4-brickwork|n10|d60|i4|dir=gaussian|basis=Z|eta=0,SU2-HaarU4-brickwork|n10|d60|i4,512,69,0.004652415626194032
v2_spectrum,SU2-HaarU4-brickwork|n10|d60|i4|dir=gaussian|basis=Z|eta=0,SU2-HaarU4-brickwork|n10|d60|i4,512,70,0.0046052500974131
v2_spectrum,SU2-HaarU4-brickwork|n10|d60|i4|dir=gaussian|basis=Z|eta=0,SU2-HaarU4-brickwork|n10|d60|i4,512,71,0.004582053892821905
v2_spectrum,SU2-HaarU4-brickwork|n10|d60|i4|dir=gaussian|basis=Z|eta=0,SU2-HaarU4-brickwork|n10|d60|i4,512,72,0.004515013901686941
v2_spectrum,SU2-HaarU4-brickwork|n10|d60|i4|dir=gaussian|basis=Z|eta=0,SU2-HaarU4-brickwork|n10|d60|i4,512,73,0.0044749047132318235
v2_spectrum,SU2-HaarU4-brickwork|n10|d60|i4|dir=gaussian|basis=Z|eta=0,SU2-HaarU4-brickwork|n10|d60|i4,512,74,0.00440137779215048
v2_spectrum,SU2-HaarU4-brickwork|n10|d60|i4|dir=gaussian|basis=Z|eta=0,SU2-HaarU4-brickwork|n10|d60|i4,512,75,0.0043495380460835415
v2_spectrum,SU2-HaarU4-brickwork|n10|d60|i4|dir=gaussian|basis=Z|eta=0,SU2-HaarU4-brickwork|n10|d60|i4,512,76,0.0043441738976714135
v2_spectrum,SU2-HaarU4-brickwork|n10|d60|i4|dir=gaussian|basis=Z|eta=0,SU2-HaarU4-brickwork|n10|d60|i4,512,77,0.004282103544603882
v2_spectrum,SU2-HaarU4-brickwork|n10|d60|i4|dir=gaussian|basis=Z|eta=0,SU2-HaarU4-brickwork|n10|d60|i4,512,78,0.004239412221689573
v2_spectrum,SU2-HaarU4-brickwork|n10|d60|i4|dir=gaussian|basis=Z|eta=0,SU2-HaarU4-brickwork|n10|d60|i4,512,79,0.004224272552968513
v2_spectrum,SU2-HaarU4-brickwork|n10|d60|i4|dir=gaussian|basis=Z|eta=0,SU2-HaarU4-brickwork|n10|d60|i4,512,80,0.004202910827835746
v2_spectrum,SU2-HaarU4-brickwork|n10|d60|i4|dir=gaussian|basis=Z|eta=0,SU2-HaarU4-brickwork|n10|d60|i4,512,81,0.004142370453772901
v2_spectrum,SU2-HaarU4-brickwork|n10|d60|i4|dir=gaussian|basis=Z|eta=0,SU2-HaarU4-brickwork|n10|d60|i4,512,82,0.004099298625288225
v2_spectrum,SU2-HaarU4-brickwork|n10|d60|i4|dir=gaussian|basis=Z|eta=0,SU2-HaarU4-brickwork|n10|d60|i4,512,83,0.004029091139637497
v2_spectrum,SU2-HaarU4-brickwork|n10|d60|i4|dir=gaussian|basis=Z|eta=0,SU2-HaarU4-brickwork|n10|d60|i4,512,84,0.0039887267121118015
v2_spectrum,SU2-HaarU4-brickwork|n10|d60|i4|dir=gaussian|basis=Z|eta=0,SU2-HaarU4-brickwork|n10|d60|i4,512,85,0.003976046946266361
v2_spectrum,SU2-HaarU4-brickwork|n10|d60|i4|dir=gaussian|basis=Z|eta=0,SU2-HaarU4-brickwork|n10|d60|i4,512,86,0.003939973328283692
v2_spectrum,SU2-HaarU4-brickwork|n10|d60|i4|dir=gaussian|basis=Z|eta=0,SU2-HaarU4-brickwork|n10|d60|i4,512,87,0.0038974340714129276
v2_spectrum,SU2-HaarU4-brickwork|n10|d60|i4|dir=gaussian|basis=Z|eta=0,SU2-HaarU4-brickwork|n10|d60|i4,512,88,0.003882715821812631
v2_spectrum,SU2-HaarU4-brickwork|n10|d60|i4|dir=gaussian|basis=Z|eta=0,SU2-HaarU4-brickwork|n10|d60|i4,512,89,0.0038208792249044697
v2_spectrum,SU2-HaarU4-brickwork|n10|d60|i4|dir=gaussian|basis=Z|eta=0,SU2-HaarU4-brickwork|n10|d60|i4,512,90,0.003784352132242396
v2_spectrum,SU2-HaarU4-brickwork|n10|d60|i4|dir=gaussian|basis=Z|eta=0,SU2-HaarU4-brickwork|n10|d60|i4,512,91,0.0037688418630236883
v2_spectrum,SU2-HaarU4-brickwork|n10|d60|i4|dir=gaussian|basis=Z|eta=0,SU2-HaarU4-brickwork|n10|d60|i4,512,92,0.003728486883651996
v2_spectrum,SU2-HaarU4-brickwork|n10|d60|i4|dir=gaussian|basis=Z|eta=0,SU2-HaarU4-brickwork|n10|d60|i4,512,93,0.003691089531266716
v2_spectrum,SU2-HaarU4-brickwork|n10|d60|i4|dir=gaussian|basis=Z|eta=0,SU2-HaarU4-brickwork|n10|d60|i4,512,94,0.0036740790273478725
v2_spectrum,SU2-HaarU4-brickwork|n10|d60|i4|dir=gaussian|basis=Z|eta=0,SU2-HaarU4-brickwork|n10|d60|i4,512,95,0.0036430403299293865
v2_spectrum,SU2-HaarU4-brickwork|n10|d60|i4|dir=gaussian|basis=Z|eta=0,SU2-HaarU4-brickwork|n10|d60|i4,512,96,0.0035844772002675386
v2_spectrum,SU2-HaarU4-brickwork|n10|d60|i4|dir=gaussian|basis=Z|eta=0,SU2-HaarU4-brickwork|n10|d60|i4,512,97,0.0035147032167843076
v2_spectrum,SU2-HaarU4-brickwork|n10|d60|i4|dir=gaussian|basis=Z|eta=0,SU2-HaarU4-brickwork|n10|d60|i4,512,98,0.003483124223042095
v2_spectrum,SU2-HaarU4-brickwork|n10|d60|i4|dir=gaussian|basis=Z|eta=0,SU2-HaarU4-brickwork|n10|d60|i4,512,99,0.0034728874116574386
v2_spectrum,SU2-HaarU4-brickwork|n10|d60|i4|dir=gaussian|basis=Z|eta=0,SU2-HaarU4-brickwork|n10|d60|i4,512,100,0.003456598648590302
v2_spectrum,SU2-HaarU4-brickwork|n10|d60|i4|dir=gaussian|basis=Z|eta=0,SU2-HaarU4-brickwork|n10|d60|i4,512,101,0.003413144123987312
v2_spectrum,SU2-HaarU4-brickwork|n10|d60|i4|dir=gaussian|basis=Z|eta=0,SU2-HaarU4-brickwork|n10|d60|i4,512,102,0.0033834977391327633
v2_spectrum,SU2-HaarU4-brickwork|n10|d60|i4|dir=gaussian|basis=Z|eta=0,SU2-HaarU4-brickwork|n10|d60|i4,512,103,0.0033552392154424515
v2_spectrum,SU2-HaarU4-brickwork|n10|d60|i4|dir=gaussian|basis=Z|eta=0,SU2-HaarU4-brickwork|n10|d60|i4,512,104,0.00332620660117372
v2_spectrum,SU2-HaarU4-brickwork|n10|d60|i4|dir=gaussian|basis=Z|eta=0,SU2-HaarU4-brickwork|n10|d60|i4,512,105,0.00330097912943212
v2_spectrum,SU2-HaarU4-brickwork|n10|d60|i4|dir=gaussian|basis=Z|eta=0,SU2-HaarU4-brickwork|n10|d60|i4,512,106,0.003256701005094957
v2_spectrum,SU2-HaarU4-brickwork|n10|d60|i4|dir=gaussian|basis=Z|eta=0,SU2-HaarU4-brickwork|n10|d60|i4,512,107,0.003246023309114227
v2_spectrum,SU2-HaarU4-brickwork|n10|d60|i4|dir=gaussian|basis=Z|eta=0,SU2-HaarU4-brickwork|n10|d60|i4,512,108,0.003213354295960553
v2_spectrum,SU2-HaarU4-brickwork|n10|d60|i4|dir=gaussian|basis=Z|eta=0,SU2-HaarU4-brickwork|n10|d60|i4,512,109,0.003184212526603602
v2_spectrum,SU2-HaarU4-brickwork|n10|d60|i4|dir=gaussian|basis=Z|eta=0,SU2-HaarU4-brickwork|n10|d60|i4,512,110,0.0031505151929812907
v2_spectrum,SU2-HaarU4-brickwork|n10|d60|i4|dir=gaussian|basis=Z|eta=0,SU2-HaarU4-brickwork|n10|d60|i4,512,111,0.0031335953671067208
v2_spectrum,SU2-HaarU4-brickwork|n10|d60|i4|dir=gaussian|basis=Z|eta=0,SU2-HaarU4-brickwork|n10|d60|i4,512,112,0.003125372385206686
v2_spectrum,SU2-HaarU4-brickwork|n10|d60|i4|dir=gaussian|basis=Z|eta=0,SU2-HaarU4-brickwork|n10|d60|i4,512,113,0.00308276562647402
v2_spectrum,SU2-HaarU4-brickwork|n10|d60|i4|dir=gaussian|basis=Z|eta=0,SU2-HaarU4-brickwork|n10|d60|i4,512,114,0.0030326384801553697
v2_spectrum,SU2-HaarU4-brickwork|n10|d60|i4|dir=gaussian|basis=Z|eta=0,SU2-HaarU4-brickwork|n10|d60|i4,512,115,0.0030140096184034315
v2_spectrum,SU2-HaarU4-brickwork|n10|d60|i4|dir=gaussian|basis=Z|eta=0,SU2-HaarU4-brickwork|n10|d60|i4,512,116,0.0029935802828347413
v2_spectrum,SU2-HaarU4-brickwork|n10|d60|i4|dir=gaussian|basis=Z|eta=0,SU2-HaarU4-brickwork|n10|d60|i4,512,117,0.002969853391529641
v2_spectrum,SU2-HaarU4-brickwork|n10|d60|i4|dir=gaussian|basis=Z|eta=0,SU2-HaarU4-brickwork|n10|d60|i4,512,118,0.0029463401671696544
v2_spectrum,SU2-HaarU4-brickwork|n10|d60|i4|dir=gaussian|basis=Z|eta=0,SU2-HaarU4-brickwork|n10|d60|i4,512,119,0.0029089959523947943
v2_spectrum,SU2-HaarU4-brickwork|n10|d60|i4|dir=gaussian|basis=Z|eta=0,SU2-HaarU4-brickwork|n10|d60|i4,512,120,0.0028944504721778687
v2_spectrum,SU2-HaarU4-brickwork|n10|d60|i4|dir=gaussian|basis=Z|eta=0,SU2-HaarU4-brickwork|n10|d60|i4,512,121,0.002853424547326295
v2_spectrum,SU2-HaarU4-brickwork|n10|d60|i4|dir=gaussian|basis=Z|eta=0,SU2-HaarU4-brickwork|n10|d60|i4,512,122,0.0028486526057048024
v2_spectrum,SU2-HaarU4-brickwork|n10|d60|i4|dir=gaussian|basis=Z|eta=0,SU2-HaarU4-brickwork|n10|d60|i4,512,123,0.002824326639072128
v2_spectrum,SU2-HaarU4-brickwork|n10|d60|i4|dir=gaussian|basis=Z|eta=0,SU2-HaarU4-brickwork|n10|d60|i4,512,124,0.0027934016146742404
v2_spectrum,SU2-HaarU4-brickwork|n10|d60|i4|dir=gaussian|basis=Z|eta=0,SU2-HaarU4-brickwork|n10|d60|i4,512,125,0.002753330589459713
v2_spectrum,SU2-HaarU4-brickwork|n10|d60|i4|dir=gaussian|basis=Z|eta=0,SU2-HaarU4-brickwork|n10|d60|i4,512,126,0.0027496487061515924
v2_spectrum,SU2-HaarU4-brickwork|n10|d60|i4|dir=gaussian|basis=Z|eta=0,SU2-HaarU4-brickwork|n10|d60|i4,512,127,0.0027393066636151034
v2_spectrum,SU2-HaarU4-brickwork|n10|d60|i4|dir=gaussian|basis=Z|eta=0,SU2-HaarU4-brickwork|n10|d60|i4,512,128,0.0027107681049856757
v2_spectrum,SU2-HaarU4-brickwork|n10|d60|i4|dir=gaussian|basis=Z|eta=0,SU2-HaarU4-brickwork|n10|d60|i4,512,129,0.0026809455253137132
v2_spectrum,SU2-HaarU4-brickwork|n10|d60|i4|dir=gaussian|basis=Z|eta=0,SU2-HaarU4-brickwork|n10|d60|i4,512,130,0.0026612358079927557
v2_spectrum,SU2-HaarU4-brickwork|n10|d60|i4|dir=gaussian|basis=Z|eta=0,SU2-HaarU4-brickwork|n10|d60|i4,512,131,0.002653065930745307
v2_spectrum,SU2-HaarU4-brickwork|n10|d60|i4|dir=gaussian|basis=Z|eta=0,SU2-HaarU4-brickwork|n10|d60|i4,512,132,0.0026304665980316677
v2_spectrum,SU2-HaarU4-brickwork|n10|d60|i4|dir=gaussian|basis=Z|eta=0,SU2-HaarU4-brickwork|n10|d60|i4,512,133,0.0026014173230368646
v2_spectrum,SU2-HaarU4-brickwork|n10|d60|i4|dir=gaussian|basis=Z|eta=0,SU2-HaarU4-brickwork|n10|d60|i4,512,134,0.0025893990758635347
v2_spectrum,SU2-HaarU4-brickwork|n10|d60|i4|dir=gaussian|basis=Z|eta=0,SU2-HaarU4-brickwork|n10|d60|i4,512,135,0.002558905463717708
v2_spectrum,SU2-HaarU4-brickwork|n10|d60|i4|dir=gaussian|basis=Z|eta=0,SU2-HaarU4-brickwork|n10|d60|i4,512,136,0.0025468323714122254
v2_spectrum,SU2-HaarU4-brickwork|n10|d60|i4|dir=gaussian|basis=Z|eta=0,SU2-HaarU4-brickwork|n10|d60|i4,512,137,0.0025167085645340184
v2_spectrum,SU2-HaarU4-brickwork|n10|d60|i4|dir=gaussian|basis=Z|eta=0,SU2-HaarU4-brickwork|n10|d60|i4,512,138,0.002513094429718304
v2_spectrum,SU2-HaarU4-brickwork|n10|d60|i4|dir=gaussian|basis=Z|eta=0,SU2-HaarU4-brickwork|n10|d60|i4,512,139,0.0024913220524522815
v2_spectrum,SU2-HaarU4-brickwork|n10|d60|i4|dir=gaussian|basis=Z|eta=0,SU2-HaarU4-brickwork|n10|d60|i4,512,140,0.002467649138859261
v2_spectrum,SU2-HaarU4-brickwork|n10|d60|i4|dir=gaussian|basis=Z|eta=0,SU2-HaarU4-brickwork|n10|d60|i4,512,141,0.0024373984617102754
v2_spectrum,SU2-HaarU4-brickwork|n10|d60|i4|dir=gaussian|basis=Z|eta=0,SU2-HaarU4-brickwork|n10|d60|i4,512,142,0.00240150377617714
v2_spectrum,SU2-HaarU4-brickwork|n10|d60|i4|dir=gaussian|basis=Z|eta=0,SU2-HaarU4-brickwork|n10|d60|i4,512,143,0.0023923139067143166
v2_spectrum,SU2-HaarU4-brickwork|n10|d60|i4|dir=gaussian|basis=Z|eta=0,SU2-HaarU4-brickwork|n10|d60|i4,512,144,0.002370106295898844
v2_spectrum,SU2-HaarU4-brickwork|n10|d60|i4|dir=gaussian|basis=Z|eta=0,SU2-HaarU4-brickwork|n10|d60|i4,512,145,0.0023687413235986667
v2_spectrum,SU2-HaarU4-brickwork|n10|d60|i4|dir=gaussian|basis=Z|eta=0,SU2-HaarU4-brickwork|n10|d60|i4,512,146,0.002342765747906534
v2_spectrum,SU2-HaarU4-brickwork|n10|d60|i4|dir=gaussian|basis=Z|eta=0,SU2-HaarU4-brickwork|n10|d60|i4,512,147,0.0023164195853917087
v2_spectrum,SU2-HaarU4-brickwork|n10|d60|i4|dir=gaussian|basis=Z|eta=0,SU2-HaarU4-brickwork|n10|d60|i4,512,148,0.0023046881398622906
v2_spectrum,SU2-HaarU4-brickwork|n10|d60|i4|dir=gaussian|basis=Z|eta=0,SU2-HaarU4-brickwork|n10|d60|i4,512,149,0.0022799327906751522
v2_spectrum,SU2-HaarU4-brickwork|n10|d60|i4|dir=gaussian|basis=Z|eta=0,SU2-HaarU4-brickwork|n10|d60|i4,512,150,0.0022423631635857654
v2_spectrum,SU2-HaarU4-brickwork|n10|d60|i4|dir=gaussian|basis=Z|eta=0,SU2-HaarU4-brickwork|n10|d60|i4,512,151,0.002228315276208266
v2_spectrum,SU2-HaarU4-brickwork|n10|d60|i4|dir=gaussian|basis=Z|eta=0,SU2-HaarU4-brickwork|n10|d60|i4,512,152,0.002201139688923749
v2_spectrum,SU2-HaarU4-brickwork|n10|d60|i4|dir=gaussian|basis=Z|eta=0,SU2-HaarU4-brickwork|n10|d60|i4,512,153,0.0021818961289930025
v2_spectrum,SU2-HaarU4-brickwork|n10|d60|i4|dir=gaussian|basis=Z|eta=0,SU2-HaarU4-brickwork|n10|d60|i4,512,154,0.00217998571379191
v2_spectrum,SU2-HaarU4-brickwork|n10|d60|i4|dir=gaussian|basis=Z|eta=0,SU2-HaarU4-brickwork|n10|d60|i4,512,155,0.0021574954399213053
v2_spectrum,SU2-HaarU4-brickwork|n10|d60|i4|dir=gaussian|basis=Z|eta=0,SU2-HaarU4-brickwork|n10|d60|i4,512,156,0.002107712479038062
v2_spectrum,SU2-HaarU4-brickwork|n10|d60|i4|dir=gaussian|basis=Z|eta=0,SU2-HaarU4-brickwork|n10|d60|i4,512,157,0.0021012035195133844
v2_spectrum,SU2-HaarU4-brickwork|n10|d60|i4|dir=gaussian|basis=Z|eta=0,SU2-HaarU4-brickwork|n10|d60|i4,512,158,0.00207308577109338
v2_spectrum,SU2-HaarU4-brickwork|n10|d60|i4|dir=gaussian|basis=Z|eta=0,SU2-HaarU4-brickwork|n10|d60|i4,512,159,0.0020528173654521206
v2_spectrum,SU2-HaarU4-brickwork|n10|d60|i4|dir=gaussian|basis=Z|eta=0,SU2-HaarU4-brickwork|n10|d60|i4,512,160,0.002047559552672764
v2_spectrum,SU2-HaarU4-brickwork|n10|d60|i4|dir=gaussian|basis=Z|eta=0,SU2-HaarU4-brickwork|n10|d60|i4,512,161,0.00202955884631244
v2_spectrum,SU2-HaarU4-brickwork|n10|d60|i4|dir=gaussian|basis=Z|eta=0,SU2-HaarU4-brickwork|n10|d60|i4,512,162,0.0020170153738609258
v2_spectrum,SU2-HaarU4-brickwork|n10|d60|i4|dir=gaussian|basis=Z|eta=0,SU2-HaarU4-brickwork|n10|d60|i4,512,163,0.0020039656603559205
v2_spectrum,SU2-HaarU4-brickwork|n10|d60|i4|dir=gaussian|basis=Z|eta=0,SU2-HaarU4-brickwork|n10|d60|i4,512,164,0.0019729711361989545
v2_spectrum,SU2-HaarU4-brickwork|n10|d60|i4|dir=gaussian|basis=Z|eta=0,SU2-HaarU4-brickwork|n10|d60|i4,512,165,0.0019681523945089398
v2_spectrum,SU2-HaarU4-brickwork|n10|d60|i4|dir=gaussian|basis=Z|eta=0,SU2-HaarU4-brickwork|n10|d60|i4,512,166,0.001956606359847736
v2_spectrum,SU2-HaarU4-brickwork|n10|d60|i4|dir=gaussian|basis=Z|eta=0,SU2-HaarU4-brickwork|n10|d60|i4,512,167,0.00193394446611862
v2_spectrum,SU2-HaarU4-brickwork|n10|d60|i4|dir=gaussian|basis=Z|eta=0,SU2-HaarU4-brickwork|n10|d60|i4,512,168,0.0019156015823718633
v2_spectrum,SU2-HaarU4-brickwork|n10|d60|i4|dir=gaussian|basis=Z|eta=0,SU2-HaarU4-brickwork|n10|d60|i4,512,169,0.0019029635651616047
v2_spectrum,SU2-HaarU4-brickwork|n10|d60|i4|dir=gaussian|basis=Z|eta=0,SU2-HaarU4-brickwork|n10|d60|i4,512,170,0.001892318265678006
v2_spectrum,SU2-HaarU4-brickwork|n10|d60|i4|dir=gaussian|basis=Z|eta=0,SU2-HaarU4-brickwork|n10|d60|i4,512,171,0.0018632706326997795
v2_spectrum,SU2-HaarU4-brickwork|n10|d60|i4|dir=gaussian|basis=Z|eta=0,SU2-HaarU4-brickwork|n10|d60|i4,512,172,0.0018486185606677653
v2_spectrum,SU2-HaarU4-brickwork|n10|d60|i4|dir=gaussian|basis=Z|eta=0,SU2-HaarU4-brickwork|n10|d60|i4,512,173,0.0018063086635956808
v2_spectrum,SU2-HaarU4-brickwork|n10|d60|i4|dir=gaussian|basis=Z|eta=0,SU2-HaarU4-brickwork|n10|d60|i4,512,174,0.0018025442721869877
v2_spectrum,SU2-HaarU4-brickwork|n10|d60|i4|dir=gaussian|basis=Z|eta=0,SU2-HaarU4-brickwork|n10|d60|i4,512,175,0.001799368298127874
v2_spectrum,SU2-HaarU4-brickwork|n10|d60|i4|dir=gaussian|basis=Z|eta=0,SU2-HaarU4-brickwork|n10|d60|i4,512,176,0.0017794775987243377
v2_spectrum,SU2-HaarU4-brickwork|n10|d60|i4|dir=gaussian|basis=Z|eta=0,SU2-HaarU4-brickwork|n10|d60|i4,512,177,0.0017740689164999774
v2_spectrum,SU2-HaarU4-brickwork|n10|d60|i4|dir=gaussian|basis=Z|eta=0,SU2-HaarU4-brickwork|n10|d60|i4,512,178,0.0017645582856356953
v2_spectrum,SU2-HaarU4-brickwork|n10|d60|i4|dir=gaussian|basis=Z|eta=0,SU2-HaarU4-brickwork|n10|d60|i4,512,179,0.001747669385890993
v2_spectrum,SU2-HaarU4-brickwork|n10|d60|i4|dir=gaussian|basis=Z|eta=0,SU2-HaarU4-brickwork|n10|d60|i4,512,180,0.001734599796323816
v2_spectrum,SU2-HaarU4-brickwork|n10|d60|i4|dir=gaussian|basis=Z|eta=0,SU2-HaarU4-brickwork|n10|d60|i4,512,181,0.0017208221736264313
v2_spectrum,SU2-HaarU4-brickwork|n10|d60|i4|dir=gaussian|basis=Z|eta=0,SU2-HaarU4-brickwork|n10|d60|i4,512,182,0.0017054915936857754
v2_spectrum,SU2-HaarU4-brickwork|n10|d60|i4|dir=gaussian|basis=Z|eta=0,SU2-HaarU4-brickwork|n10|d60|i4,512,183,0.0016959731905188693
v2_spectrum,SU2-HaarU4-brickwork|n10|d60|i4|dir=gaussian|basis=Z|eta=0,SU2-HaarU4-brickwork|n10|d60|i4,512,184,0.0016761519624894816
v2_spectrum,SU2-HaarU4-brickwork|n10|d60|i4|dir=gaussian|basis=Z|eta=0,SU2-HaarU4-brickwork|n10|d60|i4,512,185,0.0016687563903530422
v2_spectrum,SU2-HaarU4-brickwork|n10|d60|i4|dir=gaussian|basis=Z|eta=0,SU2-HaarU4-brickwork|n10|d60|i4,512,186,0.0016499370946285753
v2_spectrum,SU2-HaarU4-brickwork|n10|d60|i4|dir=gaussian|basis=Z|eta=0,SU2-HaarU4-brickwork|n10|d60|i4,512,187,0.0016440960144161261
v2_spectrum,SU2-HaarU4-brickwork|n10|d60|i4|dir=gaussian|basis=Z|eta=0,SU2-HaarU4-brickwork|n10|d60|i4,512,188,0.001607918546560805
v2_spectrum,SU2-HaarU4-brickwork|n10|d60|i4|dir=gaussian|basis=Z|eta=0,SU2-HaarU4-brickwork|n10|d60|i4,512,189,0.001605500777893779
v2_spectrum,SU2-HaarU4-brickwork|n10|d60|i4|dir=gaussian|basis=Z|eta=0,SU2-HaarU4-brickwork|n10|d60|i4,512,190,0.0015907072547219482
v2_spectrum,SU2-HaarU4-brickwork|n10|d60|i4|dir=gaussian|basis=Z|eta=0,SU2-HaarU4-brickwork|n10|d60|i4,512,191,0.0015860885363406993
v2_spectrum,SU2-HaarU4-brickwork|n10|d60|i4|dir=gaussian|basis=Z|eta=0,SU2-HaarU4-brickwork|n10|d60|i4,512,192,0.0015749714455542854
v2_spectrum,SU2-HaarU4-brickwork|n10|d60|i4|dir=gaussian|basis=Z|eta=0,SU2-HaarU4-brickwork|n10|d60|i4,512,193,0.0015628695849617328
v2_spectrum,SU2-HaarU4-brickwork|n10|d60|i4|dir=gaussian|basis=Z|eta=0,SU2-HaarU4-brickwork|n10|d60|i4,512,194,0.0015397158955300176
v2_spectrum,SU2-HaarU4-brickwork|n10|d60|i4|dir=gaussian|basis=Z|eta=0,SU2-HaarU4-brickwork|n10|d60|i4,512,195,0.0015273999313900864
v2_spectrum,SU2-HaarU4-brickwork|n10|d60|i4|dir=gaussian|basis=Z|eta=0,SU2-HaarU4-brickwork|n10|d60|i4,512,196,0.0015207314459557743
v2_spectrum,SU2-HaarU4-brickwork|n10|d60|i4|dir=gaussian|basis=Z|eta=0,SU2-HaarU4-brickwork|n10|d60|i4,512,197,0.0014986431061144092
v2_spectrum,SU2-HaarU4-brickwork|n10|d60|i4|dir=gaussian|basis=Z|eta=0,SU2-HaarU4-brickwork|n10|d60|i4,512,198,0.0014812052856414092
v2_spectrum,SU2-HaarU4-brickwork|n10|d60|i4|dir=gaussian|basis=Z|eta=0,SU2-HaarU4-brickwork|n10|d60|i4,512,199,0.0014663575138048983
v2_spectrum,SU2-HaarU4-brickwork|n10|d60|i4|dir=gaussian|basis=Z|eta=0,SU2-HaarU4-brickwork|n10|d60|i4,512,200,0.0014564447615333337
v2_spectrum,SU2-HaarU4-brickwork|n10|d60|i4|dir=gaussian|basis=Z|eta=0,SU2-HaarU4-brickwork|n10|d60|i4,512,201,0.0014511993165291295
v2_spectrum,SU2-HaarU4-brickwork|n10|d60|i4|dir=gaussian|basis=Z|eta=0,SU2-HaarU4-brickwork|n10|d60|i4,512,202,0.0014448747430974265
v2_spectrum,SU2-HaarU4-brickwork|n10|d60|i4|dir=gaussian|basis=Z|eta=0,SU2-HaarU4-brickwork|n10|d60|i4,512,203,0.0014328598540173866
v2_spectrum,SU2-HaarU4-brickwork|n10|d60|i4|dir=gaussian|basis=Z|eta=0,SU2-HaarU4-brickwork|n10|d60|i4,512,204,0.0014215738331001357
v2_spectrum,SU2-HaarU4-brickwork|n10|d60|i4|dir=gaussian|basis=Z|eta=0,SU2-HaarU4-brickwork|n10|d60|i4,512,205,0.0014096872115842553
v2_spectrum,SU2-HaarU4-brickwork|n10|d60|i4|dir=gaussian|basis=Z|eta=0,SU2-HaarU4-brickwork|n10|d60|i4,512,206,0.001390297652174675
v2_spectrum,SU2-HaarU4-brickwork|n10|d60|i4|dir=gaussian|basis=Z|eta=0,SU2-HaarU4-brickwork|n10|d60|i4,512,207,0.001386860697821015
v2_spectrum,SU2-HaarU4-brickwork|n10|d60|i4|dir=gaussian|basis=Z|eta=0,SU2-HaarU4-brickwork|n10|d60|i4,512,208,0.0013720123875493855
v2_spectrum,SU2-HaarU4-brickwork|n10|d60|i4|dir=gaussian|basis=Z|eta=0,SU2-HaarU4-brickwork|n10|d60|i4,512,209,0.0013635687838243831
v2_spectrum,SU2-HaarU4-brickwork|n10|d60|i4|dir=gaussian|basis=Z|eta=0,SU2-HaarU4-brickwork|n10|d60|i4,512,210,0.0013518114256807535
v2_spectrum,SU2-HaarU4-brickwork|n10|d60|i4|dir=gaussian|basis=Z|eta=0,SU2-HaarU4-brickwork|n10|d60|i4,512,211,0.0013508075779568476
v2_spectrum,SU2-HaarU4-brickwork|n10|d60|i4|dir=gaussian|basis=Z|eta=0,SU2-HaarU4-brickwork|n10|d60|i4,512,212,0.0013375889947762757
v2_spectrum,SU2-HaarU4-brickwork|n10|d60|i4|dir=gaussian|basis=Z|eta=0,SU2-HaarU4-brickwork|n10|d60|i4,512,213,0.0013199817728251654
v2_spectrum,SU2-HaarU4-brickwork|n10|d60|i4|dir=gaussian|basis=Z|eta=0,SU2-HaarU4-brickwork|n10|d60|i4,512,214,0.0013085028186686836
v2_spectrum,SU2-HaarU4-brickwork|n10|d60|i4|dir=gaussian|basis=Z|eta=0,SU2-HaarU4-brickwork|n10|d60|i4,512,215,0.0012999538259041853
v2_spectrum,SU2-HaarU4-brickwork|n10|d60|i4|dir=gaussian|basis=Z|eta=0,SU2-HaarU4-brickwork|n10|d60|i4,512,216,0.0012898753157812495
v2_spectrum,SU2-HaarU4-brickwork|n10|d60|i4|dir=gaussian|basis=Z|eta=0,SU2-HaarU4-brickwork|n10|d60|i4,512,217,0.001277350881189294
v2_spectrum,SU2-HaarU4-brickwork|n10|d60|i4|dir=gaussian|basis=Z|eta=0,SU2-HaarU4-brickwork|n10|d60|i4,512,218,0.001271089191571151
v2_spectrum,SU2-HaarU4-brickwork|n10|d60|i4|dir=gaussian|basis=Z|eta=0,SU2-HaarU4-brickwork|n10|d60|i4,512,219,0.0012442122970870357
v2_spectrum,SU2-HaarU4-brickwork|n10|d60|i4|dir=gaussian|basis=Z|eta=0,SU2-HaarU4-brickwork|n10|d60|i4,512,220,0.0012393666772061549
v2_spectrum,SU2-HaarU4-brickwork|n10|d60|i4|dir=gaussian|basis=Z|eta=0,SU2-HaarU4-brickwork|n10|d60|i4,512,221,0.0012370427249929214
v2_spectrum,SU2-HaarU4-brickwork|n10|d60|i4|dir=gaussian|basis=Z|eta=0,SU2-HaarU4-brickwork|n10|d60|i4,512,222,0.0012248749530371274
v2_spectrum,SU2-HaarU4-brickwork|n10|d60|i4|dir=gaussian|basis=Z|eta=0,SU2-HaarU4-brickwork|n10|d60|i4,512,223,0.001199716896880824
v2_spectrum,SU2-HaarU4-brickwork|n10|d60|i4|dir=gaussian|basis=Z|eta=0,SU2-HaarU4-brickwork|n10|d60|i4,512,224,0.0011925596731048934
v2_spectrum,SU2-HaarU4-brickwork|n10|d60|i4|dir=gaussian|basis=Z|eta=0,SU2-HaarU4-brickwork|n10|d60|i4,512,225,0.0011890307215501837
v2_spectrum,SU2-HaarU4-brickwork|n10|d60|i4|dir=gaussian|basis=Z|eta=0,SU2-HaarU4-brickwork|n10|d60|i4,512,226,0.0011779549706284588
v2_spectrum,SU2-HaarU4-brickwork|n10|d60|i4|dir=gaussian|basis=Z|eta=0,SU2-HaarU4-brickwork|n10|d60|i4,512,227,0.0011541570072405075
v2_spectrum,SU2-HaarU4-brickwork|n10|d60|i4|dir=gaussian|basis=Z|eta=0,SU2-HaarU4-brickwork|n10|d60|i4,512,228,0.001147920522990619
v2_spectrum,SU2-HaarU4-brickwork|n10|d60|i4|dir=gaussian|basis=Z|eta=0,SU2-HaarU4-brickwork|n10|d60|i4,512,229,0.0011432017878275594
v2_spectrum,SU2-HaarU4-brickwork|n10|d60|i4|dir=gaussian|basis=Z|eta=0,SU2-HaarU4-brickwork|n10|d60|i4,512,230,0.001137454195184403
v2_spectrum,SU2-HaarU4-brickwork|n10|d60|i4|dir=gaussian|basis=Z|eta=0,SU2-HaarU4-brickwork|n10|d60|i4,512,231,0.001120026357625474
v2_spectrum,SU2-HaarU4-brickwork|n10|d60|i4|dir=gaussian|basis=Z|eta=0,SU2-HaarU4-brickwork|n10|d60|i4,512,232,0.0011151272686393881
v2_spectrum,SU2-HaarU4-brickwork|n10|d60|i4|dir=gaussian|basis=Z|eta=0,SU2-HaarU4-brickwork|n10|d60|i4,512,233,0.0011111440797241545
v2_spectrum,SU2-HaarU4-brickwork|n10|d60|i4|dir=gaussian|basis=Z|eta=0,SU2-HaarU4-brickwork|n10|d60|i4,512,234,0.0010979901524681172
v2_spectrum,SU2-HaarU4-brickwork|n10|d60|i4|dir=gaussian|basis=Z|eta=0,SU2-HaarU4-brickwork|n10|d60|i4,512,235,0.001082345302793758
v2_spectrum,SU2-HaarU4-brickwork|n10|d60|i4|dir=gaussian|basis=Z|eta=0,SU2-HaarU4-brickwork|n10|d60|i4,512,236,0.0010795769104748614
v2_spectrum,SU2-HaarU4-brickwork|n10|d60|i4|dir=gaussian|basis=Z|eta=0,SU2-HaarU4-brickwork|n10|d60|i4,512,237,0.0010738083164697518
v2_spectrum,SU2-HaarU4-brickwork|n10|d60|i4|dir=gaussian|basis=Z|eta=0,SU2-HaarU4-brickwork|n10|d60|i4,512,238,0.0010655765703096675
v2_spectrum,SU2-HaarU4-brickwork|n10|d60|i4|dir=gaussian|basis=Z|eta=0,SU2-HaarU4-brickwork|n10|d60|i4,512,239,0.001059153603646228
v2_spectrum,SU2-HaarU4-brickwork|n10|d60|i4|dir=gaussian|basis=Z|eta=0,SU2-HaarU4-brickwork|n10|d60|i4,512,240,0.0010504798003220575
v2_spectrum,SU2-HaarU4-brickwork|n10|d60|i4|dir=gaussian|basis=Z|eta=0,SU2-HaarU4-brickwork|n10|d60|i4,512,241,0.001035776863642527
v2_spectrum,SU2-HaarU4-brickwork|n10|d60|i4|dir=gaussian|basis=Z|eta=0,SU2-HaarU4-brickwork|n10|d60|i4,512,242,0.001025076725453482
v2_spectrum,SU2-HaarU4-brickwork|n10|d60|i4|dir=gaussian|basis=Z|eta=0,SU2-HaarU4-brickwork|n10|d60|i4,512,243,0.0010181323739295448
v2_spectrum,SU2-HaarU4-brickwork|n10|d60|i4|dir=gaussian|basis=Z|eta=0,SU2-HaarU4-brickwork|n10|d60|i4,512,244,0.0010155948534767494
v2_spectrum,SU2-HaarU4-brickwork|n10|d60|i4|dir=gaussian|basis=Z|eta=0,SU2-HaarU4-brickwork|n10|d60|i4,512,245,0.0010039640422110406
v2_spectrum,SU2-HaarU4-brickwork|n10|d60|i4|dir=gaussian|basis=Z|eta=0,SU2-HaarU4-brickwork|n10|d60|i4,512,246,0.0009956840538403284
v2_spectrum,SU2-HaarU4-brickwork|n10|d60|i4|dir=gaussian|basis=Z|eta=0,SU2-HaarU4-brickwork|n10|d60|i4,512,247,0.000984328985555928
v2_spectrum,SU2-HaarU4-brickwork|n10|d60|i4|dir=gaussian|basis=Z|eta=0,SU2-HaarU4-brickwork|n10|d60|i4,512,248,0.0009785007810404688
v2_spectrum,SU2-HaarU4-brickwork|n10|d60|i4|dir=gaussian|basis=Z|eta=0,SU2-HaarU4-brickwork|n10|d60|i4,512,249,0.0009719248545292404
v2_spectrum,SU2-HaarU4-brickwork|n10|d60|i4|dir=gaussian|basis=Z|eta=0,SU2-HaarU4-brickwork|n10|d60|i4,512,250,0.0009658587785803334
v2_spectrum,SU2-HaarU4-brickwork|n10|d60|i4|dir=gaussian|basis=Z|eta=0,SU2-HaarU4-brickwork|n10|d60|i4,512,251,0.0009611690281496109
v2_spectrum,SU2-HaarU4-brickwork|n10|d60|i4|dir=gaussian|basis=Z|eta=0,SU2-HaarU4-brickwork|n10|d60|i4,512,252,0.0009479034627053762
v2_spectrum,SU2-HaarU4-brickwork|n10|d60|i4|dir=gaussian|basis=Z|eta=0,SU2-HaarU4-brickwork|n10|d60|i4,512,253,0.0009466832928637933
v2_spectrum,SU2-HaarU4-brickwork|n10|d60|i4|dir=gaussian|basis=Z|eta=0,SU2-HaarU4-brickwork|n10|d60|i4,512,254,0.0009346441136328538
v2_spectrum,SU2-HaarU4-brickwork|n10|d60|i4|dir=gaussian|basis=Z|eta=0,SU2-HaarU4-brickwork|n10|d60|i4,512,255,0.0009188711957929994
v2_spectrum,SU2-HaarU4-brickwork|n10|d60|i4|dir=gaussian|basis=Z|eta=0,SU2-HaarU4-brickwork|n10|d60|i4,512,256,0.0009069123111801238
v2_spectrum,SU2-HaarU4-brickwork|n10|d60|i4|dir=gaussian|basis=Z|eta=0,SU2-HaarU4-brickwork|n10|d60|i4,512,257,0.0008996462744058875
v2_spectrum,SU2-HaarU4-brickwork|n10|d60|i4|dir=gaussian|basis=Z|eta=0,SU2-HaarU4-brickwork|n10|d60|i4,512,258,0.000894287610623384
v2_spectrum,SU2-HaarU4-brickwork|n10|d60|i4|dir=gaussian|basis=Z|eta=0,SU2-HaarU4-brickwork|n10|d60|i4,512,259,0.000889289305152363
v2_spectrum,SU2-HaarU4-brickwork|n10|d60|i4|dir=gaussian|basis=Z|eta=0,SU2-HaarU4-brickwork|n10|d60|i4,512,260,0.0008773773597775743
v2_spectrum,SU2-HaarU4-brickwork|n10|d60|i4|dir=gaussian|basis=Z|eta=0,SU2-HaarU4-brickwork|n10|d60|i4,512,261,0.0008754697965897491
v2_spectrum,SU2-HaarU4-brickwork|n10|d60|i4|dir=gaussian|basis=Z|eta=0,SU2-HaarU4-brickwork|n10|d60|i4,512,262,0.0008615903136436064
v2_spectrum,SU2-HaarU4-brickwork|n10|d60|i4|dir=gaussian|basis=Z|eta=0,SU2-HaarU4-brickwork|n10|d60|i4,512,263,0.0008578014692023804
v2_spectrum,SU2-HaarU4-brickwork|n10|d60|i4|dir=gaussian|basis=Z|eta=0,SU2-HaarU4-brickwork|n10|d60|i4,512,264,0.0008508649421082998
v2_spectrum,SU2-HaarU4-brickwork|n10|d60|i4|dir=gaussian|basis=Z|eta=0,SU2-HaarU4-brickwork|n10|d60|i4,512,265,0.0008435648106477738
v2_spectrum,SU2-HaarU4-brickwork|n10|d60|i4|dir=gaussian|basis=Z|eta=0,SU2-HaarU4-brickwork|n10|d60|i4,512,266,0.0008313831089047179
v2_spectrum,SU2-HaarU4-brickwork|n10|d60|i4|dir=gaussian|basis=Z|eta=0,SU2-HaarU4-brickwork|n10|d60|i4,512,267,0.0008279349365606634
v2_spectrum,SU2-HaarU4-brickwork|n10|d60|i4|dir=gaussian|basis=Z|eta=0,SU2-HaarU4-brickwork|n10|d60|i4,512,268,0.0008217133132973059
v2_spectrum,SU2-HaarU4-brickwork|n10|d60|i4|dir=gaussian|basis=Z|eta=0,SU2-HaarU4-brickwork|n10|d60|i4,512,269,0.0008166718063580744
v2_spectrum,SU2-HaarU4-brickwork|n10|d60|i4|dir=gaussian|basis=Z|eta=0,SU2-HaarU4-brickwork|n10|d60|i4,512,270,0.000811437713933868
v2_spectrum,SU2-HaarU4-brickwork|n10|d60|i4|dir=gaussian|basis=Z|eta=0,SU2-HaarU4-brickwork|n10|d60|i4,512,271,0.0008013401027946463
v2_spectrum,SU2-HaarU4-brickwork|n10|d60|i4|dir=gaussian|basis=Z|eta=0,SU2-HaarU4-brickwork|n10|d60|i4,512,272,0.0007905569173602519
v2_spectrum,SU2-HaarU4-brickwork|n10|d60|i4|dir=gaussian|basis=Z|eta=0,SU2-HaarU4-brickwork|n10|d60|i4,512,273,0.0007864824500161935
v2_spectrum,SU2-HaarU4-brickwork|n10|d60|i4|dir=gaussian|basis=Z|eta=0,SU2-HaarU4-brickwork|n10|d60|i4,512,274,0.0007846862139866293
v2_spectrum,SU2-HaarU4-brickwork|n10|d60|i4|dir=gaussian|basis=Z|eta=0,SU2-HaarU4-brickwork|n10|d60|i4,512,275,0.0007769787456774602
v2_spectrum,SU2-HaarU4-brickwork|n10|d60|i4|dir=gaussian|basis=Z|eta=0,SU2-HaarU4-brickwork|n10|d60|i4,512,276,0.0007683468604120295
v2_spectrum,SU2-HaarU4-brickwork|n10|d60|i4|dir=gaussian|basis=Z|eta=0,SU2-HaarU4-brickwork|n10|d60|i4,512,277,0.000767622495463001
v2_spectrum,SU2-HaarU4-brickwork|n10|d60|i4|dir=gaussian|basis=Z|eta=0,SU2-HaarU4-brickwork|n10|d60|i4,512,278,0.0007600302900591326
v2_spectrum,SU2-HaarU4-brickwork|n10|d60|i4|dir=gaussian|basis=Z|eta=0,SU2-HaarU4-brickwork|n10|d60|i4,512,279,0.0007540559113403928
v2_spectrum,SU2-HaarU4-brickwork|n10|d60|i4|dir=gaussian|basis=Z|eta=0,SU2-HaarU4-brickwork|n10|d60|i4,512,280,0.0007507274043115446
v2_spectrum,SU2-HaarU4-brickwork|n10|d60|i4|dir=gaussian|basis=Z|eta=0,SU2-HaarU4-brickwork|n10|d60|i4,512,281,0.000745231153651967
v2_spectrum,SU2-HaarU4-brickwork|n10|d60|i4|dir=gaussian|basis=Z|eta=0,SU2-HaarU4-brickwork|n10|d60|i4,512,282,0.0007339302725375899
v2_spectrum,SU2-HaarU4-brickwork|n10|d60|i4|dir=gaussian|basis=Z|eta=0,SU2-HaarU4-brickwork|n10|d60|i4,512,283,0.0007310341559214746
v2_spectrum,SU2-HaarU4-brickwork|n10|d60|i4|dir=gaussian|basis=Z|eta=0,SU2-HaarU4-brickwork|n10|d60|i4,512,284,0.0007231856941650499
v2_spectrum,SU2-HaarU4-brickwork|n10|d60|i4|dir=gaussian|basis=Z|eta=0,SU2-HaarU4-brickwork|n10|d60|i4,512,285,0.0007166504374236045
v2_spectrum,SU2-HaarU4-brickwork|n10|d60|i4|dir=gaussian|basis=Z|eta=0,SU2-HaarU4-brickwork|n10|d60|i4,512,286,0.0007141629010100449
v2_spectrum,SU2-HaarU4-brickwork|n10|d60|i4|dir=gaussian|basis=Z|eta=0,SU2-HaarU4-brickwork|n10|d60|i4,512,287,0.0006996583073267739
v2_spectrum,SU2-HaarU4-brickwork|n10|d60|i4|dir=gaussian|basis=Z|eta=0,SU2-HaarU4-brickwork|n10|d60|i4,512,288,0.0006945505235256861
v2_spectrum,SU2-HaarU4-brickwork|n10|d60|i4|dir=gaussian|basis=Z|eta=0,SU2-HaarU4-brickwork|n10|d60|i4,512,289,0.0006893487339297917
v2_spectrum,SU2-HaarU4-brickwork|n10|d60|i4|dir=gaussian|basis=Z|eta=0,SU2-HaarU4-brickwork|n10|d60|i4,512,290,0.0006837725275716407
v2_spectrum,SU2-HaarU4-brickwork|n10|d60|i4|dir=gaussian|basis=Z|eta=0,SU2-HaarU4-brickwork|n10|d60|i4,512,291,0.0006783041310653006
v2_spectrum,SU2-HaarU4-brickwork|n10|d60|i4|dir=gaussian|basis=Z|eta=0,SU2-HaarU4-brickwork|n10|d60|i4,512,292,0.0006746424341279801
v2_spectrum,SU2-HaarU4-brickwork|n10|d60|i4|dir=gaussian|basis=Z|eta=0,SU2-HaarU4-brickwork|n10|d60|i4,512,293,0.0006641251318728447
v2_spectrum,SU2-HaarU4-brickwork|n10|d60|i4|dir=gaussian|basis=Z|eta=0,SU2-HaarU4-brickwork|n10|d60|i4,512,294,0.0006615737722605413
v2_spectrum,SU2-HaarU4-brickwork|n10|d60|i4|dir=gaussian|basis=Z|eta=0,SU2-HaarU4-brickwork|n10|d60|i4,512,295,0.000657383731979987
v2_spectrum,SU2-HaarU4-brickwork|n10|d60|i4|dir=gaussian|basis=Z|eta=0,SU2-HaarU4-brickwork|n10|d60|i4,512,296,0.0006467662009073416
v2_spectrum,SU2-HaarU4-brickwork|n10|d60|i4|dir=gaussian|basis=Z|eta=0,SU2-HaarU4-brickwork|n10|d60|i4,512,297,0.0006450309592168201
v2_spectrum,SU2-HaarU4-brickwork|n10|d60|i4|dir=gaussian|basis=Z|eta=0,SU2-HaarU4-brickwork|n10|d60|i4,512,298,0.0006351330085275373
v2_spectrum,SU2-HaarU4-brickwork|n10|d60|i4|dir=gaussian|basis=Z|eta=0,SU2-HaarU4-brickwork|n10|d60|i4,512,299,0.0006335788368492284
v2_spectrum,SU2-HaarU4-brickwork|n10|d60|i4|dir=gaussian|basis=Z|eta=0,SU2-HaarU4-brickwork|n10|d60|i4,512,300,0.0006267885900860912
v2_spectrum,SU2-HaarU4-brickwork|n10|d60|i4|dir=gaussian|basis=Z|eta=0,SU2-HaarU4-brickwork|n10|d60|i4,512,301,0.0006172573497514938
v2_spectrum,SU2-HaarU4-brickwork|n10|d60|i4|dir=gaussian|basis=Z|eta=0,SU2-HaarU4-brickwork|n10|d60|i4,512,302,0.0006148636001174964
v2_spectrum,SU2-HaarU4-brickwork|n10|d60|i4|dir=gaussian|basis=Z|eta=0,SU2-HaarU4-brickwork|n10|d60|i4,512,303,0.000606052585371937
v2_spectrum,SU2-HaarU4-brickwork|n10|d60|i4|dir=gaussian|basis=Z|eta=0,SU2-HaarU4-brickwork|n10|d60|i4,512,304,0.0006012644986406486
v2_spectrum,SU2-HaarU4-brickwork|n10|d60|i4|dir=gaussian|basis=Z|eta=0,SU2-HaarU4-brickwork|n10|d60|i4,512,305,0.0005959206502174459
v2_spectrum,SU2-HaarU4-brickwork|n10|d60|i4|dir=gaussian|basis=Z|eta=0,SU2-HaarU4-brickwork|n10|d60|i4,512,306,0.000592530713373974
v2_spectrum,SU2-HaarU4-brickwork|n10|d60|i4|dir=gaussian|basis=Z|eta=0,SU2-HaarU4-brickwork|n10|d60|i4,512,307,0.0005871049614108599
v2_spectrum,SU2-HaarU4-brickwork|n10|d60|i4|dir=gaussian|basis=Z|eta=0,SU2-HaarU4-brickwork|n10|d60|i4,512,308,0.0005788029854666197
v2_spectrum,SU2-HaarU4-brickwork|n10|d60|i4|dir=gaussian|basis=Z|eta=0,SU2-HaarU4-brickwork|n10|d60|i4,512,309,0.0005725415316633725
v2_spectrum,SU2-HaarU4-brickwork|n10|d60|i4|dir=gaussian|basis=Z|eta=0,SU2-HaarU4-brickwork|n10|d60|i4,512,310,0.0005682368051208635
v2_spectrum,SU2-HaarU4-brickwork|n10|d60|i4|dir=gaussian|basis=Z|eta=0,SU2-HaarU4-brickwork|n10|d60|i4,512,311,0.000564469311045877
v2_spectrum,SU2-HaarU4-brickwork|n10|d60|i4|dir=gaussian|basis=Z|eta=0,SU2-HaarU4-brickwork|n10|d60|i4,512,312,0.0005599774441416052
v2_spectrum,SU2-HaarU4-brickwork|n10|d60|i4|dir=gaussian|basis=Z|eta=0,SU2-HaarU4-brickwork|n10|d60|i4,512,313,0.0005592126971870504
v2_spectrum,SU2-HaarU4-brickwork|n10|d60|i4|dir=gaussian|basis=Z|eta=0,SU2-HaarU4-brickwork|n10|d60|i4,512,314,0.0005514530060564911
v2_spectrum,SU2-HaarU4-brickwork|n10|d60|i4|dir=gaussian|basis=Z|eta=0,SU2-HaarU4-brickwork|n10|d60|i4,512,315,0.0005491345836141305
v2_spectrum,SU2-HaarU4-brickwork|n10|d60|i4|dir=gaussian|basis=Z|eta=0,SU2-HaarU4-brickwork|n10|d60|i4,512,316,0.0005404405476312664
v2_spectrum,SU2-HaarU4-brickwork|n10|d60|i4|dir=gaussian|basis=Z|eta=0,SU2-HaarU4-brickwork|n10|d60|i4,512,317,0.0005350140909007215
v2_spectrum,SU2-HaarU4-brickwork|n10|d60|i4|dir=gaussian|basis=Z|eta=0,SU2-HaarU4-brickwork|n10|d60|i4,512,318,0.0005273663786734538
v2_spectrum,SU2-HaarU4-brickwork|n10|d60|i4|dir=gaussian|basis=Z|eta=0,SU2-HaarU4-brickwork|n10|d60|i4,512,319,0.0005254389508306517
v2_spectrum,SU2-HaarU4-brickwork|n10|d60|i4|dir=gaussian|basis=Z|eta=0,SU2-HaarU4-brickwork|n10|d60|i4,512,320,0.0005186985708490551
v2_spectrum,SU2-HaarU4-brickwork|n10|d60|i4|dir=gaussian|basis=Z|eta=0,SU2-HaarU4-brickwork|n10|d60|i4,512,321,0.000517042187862963
v2_spectrum,SU2-HaarU4-brickwork|n10|d60|i4|dir=gaussian|basis=Z|eta=0,SU2-HaarU4-brickwork|n10|d60|i4,512,322,0.0005135702759796829
v2_spectrum,SU2-HaarU4-brickwork|n10|d60|i4|dir=gaussian|basis=Z|eta=0,SU2-HaarU4-brickwork|n10|d60|i4,512,323,0.0005098774262765471
v2_spectrum,SU2-HaarU4-brickwork|n10|d60|i4|dir=gaussian|basis=Z|eta=0,SU2-HaarU4-brickwork|n10|d60|i4,512,324,0.0005024952974179057
v2_spectrum,SU2-HaarU4-brickwork|n10|d60|i4|dir=gaussian|basis=Z|eta=0,SU2-HaarU4-brickwork|n10|d60|i4,512,325,0.0004979160878333457
v2_spectrum,SU2-HaarU4-brickwork|n10|d60|i4|dir=gaussian|basis=Z|eta=0,SU2-HaarU4-brickwork|n10|d60|i4,512,326,0.0004941789696878522
v2_spectrum,SU2-HaarU4-brickwork|n10|d60|i4|dir=gaussian|basis=Z|eta=0,SU2-HaarU4-brickwork|n10|d60|i4,512,327,0.0004922832744515346
v2_spectrum,SU2-HaarU4-brickwork|n10|d60|i4|dir=gaussian|basis=Z|eta=0,SU2-HaarU4-brickwork|n10|d60|i4,512,328,0.0004831595299101861
v2_spectrum,SU2-HaarU4-brickwork|n10|d60|i4|dir=gaussian|basis=Z|eta=0,SU2-HaarU4-brickwork|n10|d60|i4,512,329,0.00047828380858895385
v2_spectrum,SU2-HaarU4-brickwork|n10|d60|i4|dir=gaussian|basis=Z|eta=0,SU2-HaarU4-brickwork|n10|d60|i4,512,330,0.0004748225625773592
v2_spectrum,SU2-HaarU4-brickwork|n10|d60|i4|dir=gaussian|basis=Z|eta=0,SU2-HaarU4-brickwork|n10|d60|i4,512,331,0.0004695211656616304
v2_spectrum,SU2-HaarU4-brickwork|n10|d60|i4|dir=gaussian|basis=Z|eta=0,SU2-HaarU4-brickwork|n10|d60|i4,512,332,0.0004659290417721351
v2_spectrum,SU2-HaarU4-brickwork|n10|d60|i4|dir=gaussian|basis=Z|eta=0,SU2-HaarU4-brickwork|n10|d60|i4,512,333,0.00046227941431596946
v2_spectrum,SU2-HaarU4-brickwork|n10|d60|i4|dir=gaussian|basis=Z|eta=0,SU2-HaarU4-brickwork|n10|d60|i4,512,334,0.0004594732222288675
v2_spectrum,SU2-HaarU4-brickwork|n10|d60|i4|dir=gaussian|basis=Z|eta=0,SU2-HaarU4-brickwork|n10|d60|i4,512,335,0.0004507474128613907
v2_spectrum,SU2-HaarU4-brickwork|n10|d60|i4|dir=gaussian|basis=Z|eta=0,SU2-HaarU4-brickwork|n10|d60|i4,512,336,0.00044564698649390583
v2_spectrum,SU2-HaarU4-brickwork|n10|d60|i4|dir=gaussian|basis=Z|eta=0,SU2-HaarU4-brickwork|n10|d60|i4,512,337,0.00044217471182069206
v2_spectrum,SU2-HaarU4-brickwork|n10|d60|i4|dir=gaussian|basis=Z|eta=0,SU2-HaarU4-brickwork|n10|d60|i4,512,338,0.000437456196863296
v2_spectrum,SU2-HaarU4-brickwork|n10|d60|i4|dir=gaussian|basis=Z|eta=0,SU2-HaarU4-brickwork|n10|d60|i4,512,339,0.0004315188312514391
v2_spectrum,SU2-HaarU4-brickwork|n10|d60|i4|dir=gaussian|basis=Z|eta=0,SU2-HaarU4-brickwork|n10|d60|i4,512,340,0.00042888362165384013
v2_spectrum,SU2-HaarU4-brickwork|n10|d60|i4|dir=gaussian|basis=Z|eta=0,SU2-HaarU4-brickwork|n10|d60|i4,512,341,0.00042600947585838696
v2_spectrum,SU2-HaarU4-brickwork|n10|d60|i4|dir=gaussian|basis=Z|eta=0,SU2-HaarU4-brickwork|n10|d60|i4,512,342,0.0004212672750333793
v2_spectrum,SU2-HaarU4-brickwork|n10|d60|i4|dir=gaussian|basis=Z|eta=0,SU2-HaarU4-brickwork|n10|d60|i4,512,343,0.0004173557268844623
v2_spectrum,SU2-HaarU4-brickwork|n10|d60|i4|dir=gaussian|basis=Z|eta=0,SU2-HaarU4-brickwork|n10|d60|i4,512,344,0.00041005025216961935
v2_spectrum,SU2-HaarU4-brickwork|n10|d60|i4|dir=gaussian|basis=Z|eta=0,SU2-HaarU4-brickwork|n10|d60|i4,512,345,0.0004083580641840969
v2_spectrum,SU2-HaarU4-brickwork|n10|d60|i4|dir=gaussian|basis=Z|eta=0,SU2-HaarU4-brickwork|n10|d60|i4,512,346,0.0004062846129914345
v2_spectrum,SU2-HaarU4-brickwork|n10|d60|i4|dir=gaussian|basis=Z|eta=0,SU2-HaarU4-brickwork|n10|d60|i4,512,347,0.0004024331040840195
v2_spectrum,SU2-HaarU4-brickwork|n10|d60|i4|dir=gaussian|basis=Z|eta=0,SU2-HaarU4-brickwork|n10|d60|i4,512,348,0.0004011093478094727
v2_spectrum,SU2-HaarU4-brickwork|n10|d60|i4|dir=gaussian|basis=Z|eta=0,SU2-HaarU4-brickwork|n10|d60|i4,512,349,0.00039504802382041466
v2_spectrum,SU2-HaarU4-brickwork|n10|d60|i4|dir=gaussian|basis=Z|eta=0,SU2-HaarU4-brickwork|n10|d60|i4,512,350,0.00039275989717046185
v2_spectrum,SU2-HaarU4-brickwork|n10|d60|i4|dir=gaussian|basis=Z|eta=0,SU2-HaarU4-brickwork|n10|d60|i4,512,351,0.00039065433196802635
v2_spectrum,SU2-HaarU4-brickwork|n10|d60|i4|dir=gaussian|basis=Z|eta=0,SU2-HaarU4-brickwork|n10|d60|i4,512,352,0.00038901470367642147
v2_spectrum,SU2-HaarU4-brickwork|n10|d60|i4|dir=gaussian|basis=Z|eta=0,SU2-HaarU4-brickwork|n10|d60|i4,512,353,0.0003853107152113144
v2_spectrum,SU2-HaarU4-brickwork|n10|d60|i4|dir=gaussian|basis=Z|eta=0,SU2-HaarU4-brickwork|n10|d60|i4,512,354,0.00038464767367516226
v2_spectrum,SU2-HaarU4-brickwork|n10|d60|i4|dir=gaussian|basis=Z|eta=0,SU2-HaarU4-brickwork|n10|d60|i4,512,355,0.0003764524980024849
v2_spectrum,SU2-HaarU4-brickwork|n10|d60|i4|dir=gaussian|basis=Z|eta=0,SU2-HaarU4-brickwork|n10|d60|i4,512,356,0.00037111115501953977
v2_spectrum,SU2-HaarU4-brickwork|n10|d60|i4|dir=gaussian|basis=Z|eta=0,SU2-HaarU4-brickwork|n10|d60|i4,512,357,0.0003649951371616857
v2_spectrum,SU2-HaarU4-brickwork|n10|d60|i4|dir=gaussian|basis=Z|eta=0,SU2-HaarU4-brickwork|n10|d60|i4,512,358,0.0003604765683403741
v2_spectrum,SU2-HaarU4-brickwork|n10|d60|i4|dir=gaussian|basis=Z|eta=0,SU2-HaarU4-brickwork|n10|d60|i4,512,359,0.0003583959016366203
v2_spectrum,SU2-HaarU4-brickwork|n10|d60|i4|dir=gaussian|basis=Z|eta=0,SU2-HaarU4-brickwork|n10|d60|i4,512,360,0.00035449192587619425
v2_spectrum,SU2-HaarU4-brickwork|n10|d60|i4|dir=gaussian|basis=Z|eta=0,SU2-HaarU4-brickwork|n10|d60|i4,512,361,0.00035124810852442607
v2_spectrum,SU2-HaarU4-brickwork|n10|d60|i4|dir=gaussian|basis=Z|eta=0,SU2-HaarU4-brickwork|n10|d60|i4,512,362,0.00034979652199070547
v2_spectrum,SU2-HaarU4-brickwork|n10|d60|i4|dir=gaussian|basis=Z|eta=0,SU2-HaarU4-brickwork|n10|d60|i4,512,363,0.0003451784669900084
v2_spectrum,SU2-HaarU4-brickwork|n10|d60|i4|dir=gaussian|basis=Z|eta=0,SU2-HaarU4-brickwork|n10|d60|i4,512,364,0.0003415794927164388
v2_spectrum,SU2-HaarU4-brickwork|n10|d60|i4|dir=gaussian|basis=Z|eta=0,SU2-HaarU4-brickwork|n10|d60|i4,512,365,0.0003390424279163939
v2_spectrum,SU2-HaarU4-brickwork|n10|d60|i4|dir=gaussian|basis=Z|eta=0,SU2-HaarU4-brickwork|n10|d60|i4,512,366,0.0003360800350173403
v2_spectrum,SU2-HaarU4-brickwork|n10|d60|i4|dir=gaussian|basis=Z|eta=0,SU2-HaarU4-brickwork|n10|d60|i4,512,367,0.0003314321711069702
v2_spectrum,SU2-HaarU4-brickwork|n10|d60|i4|dir=gaussian|basis=Z|eta=0,SU2-HaarU4-brickwork|n10|d60|i4,512,368,0.00032951744430211895
v2_spectrum,SU2-HaarU4-brickwork|n10|d60|i4|dir=gaussian|basis=Z|eta=0,SU2-HaarU4-brickwork|n10|d60|i4,512,369,0.0003258011175402441
v2_spectrum,SU2-HaarU4-brickwork|n10|d60|i4|dir=gaussian|basis=Z|eta=0,SU2-HaarU4-brickwork|n10|d60|i4,512,370,0.00032252674744404753
v2_spectrum,SU2-HaarU4-brickwork|n10|d60|i4|dir=gaussian|basis=Z|eta=0,SU2-HaarU4-brickwork|n10|d60|i4,512,371,0.00032067409403222034
v2_spectrum,SU2-HaarU4-brickwork|n10|d60|i4|dir=gaussian|basis=Z|eta=0,SU2-HaarU4-brickwork|n10|d60|i4,512,372,0.0003182905239856533
v2_spectrum,SU2-HaarU4-brickwork|n10|d60|i4|dir=gaussian|basis=Z|eta=0,SU2-HaarU4-brickwork|n10|d60|i4,512,373,0.000317822123871539
v2_spectrum,SU2-HaarU4-brickwork|n10|d60|i4|dir=gaussian|basis=Z|eta=0,SU2-HaarU4-brickwork|n10|d60|i4,512,374,0.0003107658835975778
v2_spectrum,SU2-HaarU4-brickwork|n10|d60|i4|dir=gaussian|basis=Z|eta=0,SU2-HaarU4-brickwork|n10|d60|i4,512,375,0.00031016113938978963
v2_spectrum,SU2-HaarU4-brickwork|n10|d60|i4|dir=gaussian|basis=Z|eta=0,SU2-HaarU4-brickwork|n10|d60|i4,512,376,0.00030850358263539583
v2_spectrum,SU2-HaarU4-brickwork|n10|d60|i4|dir=gaussian|basis=Z|eta=0,SU2-HaarU4-brickwork|n10|d60|i4,512,377,0.00029770703397298336
v2_spectrum,SU2-HaarU4-brickwork|n10|d60|i4|dir=gaussian|basis=Z|eta=0,SU2-HaarU4-brickwork|n10|d60|i4,512,378,0.0002947576983635961
v2_spectrum,SU2-HaarU4-brickwork|n10|d60|i4|dir=gaussian|basis=Z|eta=0,SU2-HaarU4-brickwork|n10|d60|i4,512,379,0.00029182315689549776
v2_spectrum,SU2-HaarU4-brickwork|n10|d60|i4|dir=gaussian|basis=Z|eta=0,SU2-HaarU4-brickwork|n10|d60|i4,512,380,0.0002908099524491797
v2_spectrum,SU2-HaarU4-brickwork|n10|d60|i4|dir=gaussian|basis=Z|eta=0,SU2-HaarU4-brickwork|n10|d60|i4,512,381,0.000288480563273459
v2_spectrum,SU2-HaarU4-brickwork|n10|d60|i4|dir=gaussian|basis=Z|eta=0,SU2-HaarU4-brickwork|n10|d60|i4,512,382,0.00028592588810053595
v2_spectrum,SU2-HaarU4-brickwork|n10|d60|i4|dir=gaussian|basis=Z|eta=0,SU2-HaarU4-brickwork|n10|d60|i4,512,383,0.00028193714057617777
v2_spectrum,SU2-HaarU4-brickwork|n10|d60|i4|dir=gaussian|basis=Z|eta=0,SU2-HaarU4-brickwork|n10|d60|i4,512,384,0.0002796985047652226
v2_spectrum,SU2-HaarU4-brickwork|n10|d60|i4|dir=gaussian|basis=Z|eta=0,SU2-HaarU4-brickwork|n10|d60|i4,512,385,0.0002777204720783783
v2_spectrum,SU2-HaarU4-brickwork|n10|d60|i4|dir=gaussian|basis=Z|eta=0,SU2-HaarU4-brickwork|n10|d60|i4,512,386,0.0002745646551904107
v2_spectrum,SU2-HaarU4-brickwork|n10|d60|i4|dir=gaussian|basis=Z|eta=0,SU2-HaarU4-brickwork|n10|d60|i4,512,387,0.00027031070056727976
v2_spectrum,SU2-HaarU4-brickwork|n10|d60|i4|dir=gaussian|basis=Z|eta=0,SU2-HaarU4-brickwork|n10|d60|i4,512,388,0.00026914942987790513
v2_spectrum,SU2-HaarU4-brickwork|n10|d60|i4|dir=gaussian|basis=Z|eta=0,SU2-HaarU4-brickwork|n10|d60|i4,512,389,0.00026583204481153623
v2_spectrum,SU2-HaarU4-brickwork|n10|d60|i4|dir=gaussian|basis=Z|eta=0,SU2-HaarU4-brickwork|n10|d60|i4,512,390,0.00026539486845343564
v2_spectrum,SU2-HaarU4-brickwork|n10|d60|i4|dir=gaussian|basis=Z|eta=0,SU2-HaarU4-brickwork|n10|d60|i4,512,391,0.0002617440821162849
v2_spectrum,SU2-HaarU4-brickwork|n10|d60|i4|dir=gaussian|basis=Z|eta=0,SU2-HaarU4-brickwork|n10|d60|i4,512,392,0.00025606411836995763
v2_spectrum,SU2-HaarU4-brickwork|n10|d60|i4|dir=gaussian|basis=Z|eta=0,SU2-HaarU4-brickwork|n10|d60|i4,512,393,0.0002539723365396536
v2_spectrum,SU2-HaarU4-brickwork|n10|d60|i4|dir=gaussian|basis=Z|eta=0,SU2-HaarU4-brickwork|n10|d60|i4,512,394,0.0002487741470210759
v2_spectrum,SU2-HaarU4-brickwork|n10|d60|i4|dir=gaussian|basis=Z|eta=0,SU2-HaarU4-brickwork|n10|d60|i4,512,395,0.0002478970833161716
v2_spectrum,SU2-HaarU4-brickwork|n10|d60|i4|dir=gaussian|basis=Z|eta=0,SU2-HaarU4-brickwork|n10|d60|i4,512,396,0.000245574679735378
v2_spectrum,SU2-HaarU4-brickwork|n10|d60|i4|dir=gaussian|basis=Z|eta=0,SU2-HaarU4-brickwork|n10|d60|i4,512,397,0.00024291415150177835
v2_spectrum,SU2-HaarU4-brickwork|n10|d60|i4|dir=gaussian|basis=Z|eta=0,SU2-HaarU4-brickwork|n10|d60|i4,512,398,0.00023982586594985204
v2_spectrum,SU2-HaarU4-brickwork|n10|d60|i4|dir=gaussian|basis=Z|eta=0,SU2-HaarU4-brickwork|n10|d60|i4,512,399,0.0002388800251914077
v2_spectrum,SU2-HaarU4-brickwork|n10|d60|i4|dir=gaussian|basis=Z|eta=0,SU2-HaarU4-brickwork|n10|d60|i4,512,400,0.00023595725381781688
v2_spectrum,SU2-HaarU4-brickwork|n10|d60|i4|dir=gaussian|basis=Z|eta=0,SU2-HaarU4-brickwork|n10|d60|i4,512,401,0.00023338404066368962
v2_spectrum,SU2-HaarU4-brickwork|n10|d60|i4|dir=gaussian|basis=Z|eta=0,SU2-HaarU4-brickwork|n10|d60|i4,512,402,0.00023147687339804897
v2_spectrum,SU2-HaarU4-brickwork|n10|d60|i4|dir=gaussian|basis=Z|eta=0,SU2-HaarU4-brickwork|n10|d60|i4,512,403,0.00022920953938159746
v2_spectrum,SU2-HaarU4-brickwork|n10|d60|i4|dir=gaussian|basis=Z|eta=0,SU2-HaarU4-brickwork|n10|d60|i4,512,404,0.0002246528983574459
v2_spectrum,SU2-HaarU4-brickwork|n10|d60|i4|dir=gaussian|basis=Z|eta=0,SU2-HaarU4-brickwork|n10|d60|i4,512,405,0.00022237572840422254
v2_spectrum,SU2-HaarU4-brickwork|n10|d60|i4|dir=gaussian|basis=Z|eta=0,SU2-HaarU4-brickwork|n10|d60|i4,512,406,0.00022147377240793077
v2_spectrum,SU2-HaarU4-brickwork|n10|d60|i4|dir=gaussian|basis=Z|eta=0,SU2-HaarU4-brickwork|n10|d60|i4,512,407,0.00021637140260108556
v2_spectrum,SU2-HaarU4-brickwork|n10|d60|i4|dir=gaussian|basis=Z|eta=0,SU2-HaarU4-brickwork|n10|d60|i4,512,408,0.00021373064068308618
v2_spectrum,SU2-HaarU4-brickwork|n10|d60|i4|dir=gaussian|basis=Z|eta=0,SU2-HaarU4-brickwork|n10|d60|i4,512,409,0.00021229273288761092
v2_spectrum,SU2-HaarU4-brickwork|n10|d60|i4|dir=gaussian|basis=Z|eta=0,SU2-HaarU4-brickwork|n10|d60|i4,512,410,0.00020897687596135438
v2_spectrum,SU2-HaarU4-brickwork|n10|d60|i4|dir=gaussian|basis=Z|eta=0,SU2-HaarU4-brickwork|n10|d60|i4,512,411,0.00020663298643013882
v2_spectrum,SU2-HaarU4-brickwork|n10|d60|i4|dir=gaussian|basis=Z|eta=0,SU2-HaarU4-brickwork|n10|d60|i4,512,412,0.00020509446259385695
v2_spectrum,SU2-HaarU4-brickwork|n10|d60|i4|dir=gaussian|basis=Z|eta=0,SU2-HaarU4-brickwork|n10|d60|i4,512,413,0.00020322606913140208
v2_spectrum,SU2-HaarU4-brickwork|n10|d60|i4|dir=gaussian|basis=Z|eta=0,SU2-HaarU4-brickwork|n10|d60|i4,512,414,0.000199860412261634
v2_spectrum,SU2-HaarU4-brickwork|n10|d60|i4|dir=gaussian|basis=Z|eta=0,SU2-HaarU4-brickwork|n10|d60|i4,512,415,0.00019719840480834404
v2_spectrum,SU2-HaarU4-brickwork|n10|d60|i4|dir=gaussian|basis=Z|eta=0,SU2-HaarU4-brickwork|n10|d60|i4,512,416,0.00019540310382377507
v2_spectrum,SU2-HaarU4-brickwork|n10|d60|i4|dir=gaussian|basis=Z|eta=0,SU2-HaarU4-brickwork|n10|d60|i4,512,417,0.00019521656537747648
v2_spectrum,SU2-HaarU4-brickwork|n10|d60|i4|dir=gaussian|basis=Z|eta=0,SU2-HaarU4-brickwork|n10|d60|i4,512,418,0.00019225633452648924
v2_spectrum,SU2-HaarU4-brickwork|n10|d60|i4|dir=gaussian|basis=Z|eta=0,SU2-HaarU4-brickwork|n10|d60|i4,512,419,0.00019141220982827752
v2_spectrum,SU2-HaarU4-brickwork|n10|d60|i4|dir=gaussian|basis=Z|eta=0,SU2-HaarU4-brickwork|n10|d60|i4,512,420,0.00018943134642361383
v2_spectrum,SU2-HaarU4-brickwork|n10|d60|i4|dir=gaussian|basis=Z|eta=0,SU2-HaarU4-brickwork|n10|d60|i4,512,421,0.00018688265166916246
v2_spectrum,SU2-HaarU4-brickwork|n10|d60|i4|dir=gaussian|basis=Z|eta=0,SU2-HaarU4-brickwork|n10|d60|i4,512,422,0.00018554479720143987
v2_spectrum,SU2-HaarU4-brickwork|n10|d60|i4|dir=gaussian|basis=Z|eta=0,SU2-HaarU4-brickwork|n10|d60|i4,512,423,0.0001846410351627368
v2_spectrum,SU2-HaarU4-brickwork|n10|d60|i4|dir=gaussian|basis=Z|eta=0,SU2-HaarU4-brickwork|n10|d60|i4,512,424,0.00018190886898433915
v2_spectrum,SU2-HaarU4-brickwork|n10|d60|i4|dir=gaussian|basis=Z|eta=0,SU2-HaarU4-brickwork|n10|d60|i4,512,425,0.00017852035786272016
v2_spectrum,SU2-HaarU4-brickwork|n10|d60|i4|dir=gaussian|basis=Z|eta=0,SU2-HaarU4-brickwork|n10|d60|i4,512,426,0.0001767286873341779
v2_spectrum,SU2-HaarU4-brickwork|n10|d60|i4|dir=gaussian|basis=Z|eta=0,SU2-HaarU4-brickwork|n10|d60|i4,512,427,0.0001751140194183728
v2_spectrum,SU2-HaarU4-brickwork|n10|d60|i4|dir=gaussian|basis=Z|eta=0,SU2-HaarU4-brickwork|n10|d60|i4,512,428,0.00017188512335815435
v2_spectrum,SU2-HaarU4-brickwork|n10|d60|i4|dir=gaussian|basis=Z|eta=0,SU2-HaarU4-brickwork|n10|d60|i4,512,429,0.0001715078948731156
v2_spectrum,SU2-HaarU4-brickwork|n10|d60|i4|dir=gaussian|basis=Z|eta=0,SU2-HaarU4-brickwork|n10|d60|i4,512,430,0.0001694825040609678
v2_spectrum,SU2-HaarU4-brickwork|n10|d60|i4|dir=gaussian|basis=Z|eta=0,SU2-HaarU4-brickwork|n10|d60|i4,512,431,0.00016856874851408808
v2_spectrum,SU2-HaarU4-brickwork|n10|d60|i4|dir=gaussian|basis=Z|eta=0,SU2-HaarU4-brickwork|n10|d60|i4,512,432,0.00016518774400248247
v2_spectrum,SU2-HaarU4-brickwork|n10|d60|i4|dir=gaussian|basis=Z|eta=0,SU2-HaarU4-brickwork|n10|d60|i4,512,433,0.00016267967121454702
v2_spectrum,SU2-HaarU4-brickwork|n10|d60|i4|dir=gaussian|basis=Z|eta=0,SU2-HaarU4-brickwork|n10|d60|i4,512,434,0.00016042928633529404
v2_spectrum,SU2-HaarU4-brickwork|n10|d60|i4|dir=gaussian|basis=Z|eta=0,SU2-HaarU4-brickwork|n10|d60|i4,512,435,0.00015772001991794425
v2_spectrum,SU2-HaarU4-brickwork|n10|d60|i4|dir=gaussian|basis=Z|eta=0,SU2-HaarU4-brickwork|n10|d60|i4,512,436,0.00015551739647439076
v2_spectrum,SU2-HaarU4-brickwork|n10|d60|i4|dir=gaussian|basis=Z|eta=0,SU2-HaarU4-brickwork|n10|d60|i4,512,437,0.0001540202278144391
v2_spectrum,SU2-HaarU4-brickwork|n10|d60|i4|dir=gaussian|basis=Z|eta=0,SU2-HaarU4-brickwork|n10|d60|i4,512,438,0.00015092350212126584
v2_spectrum,SU2-HaarU4-brickwork|n10|d60|i4|dir=gaussian|basis=Z|eta=0,SU2-HaarU4-brickwork|n10|d60|i4,512,439,0.00014904347651450745
v2_spectrum,SU2-HaarU4-brickwork|n10|d60|i4|dir=gaussian|basis=Z|eta=0,SU2-HaarU4-brickwork|n10|d60|i4,512,440,0.00014644443820137362
v2_spectrum,SU2-HaarU4-brickwork|n10|d60|i4|dir=gaussian|basis=Z|eta=0,SU2-HaarU4-brickwork|n10|d60|i4,512,441,0.00014471052666468622
v2_spectrum,SU2-HaarU4-brickwork|n10|d60|i4|dir=gaussian|basis=Z|eta=0,SU2-HaarU4-brickwork|n10|d60|i4,512,442,0.0001418739613382702
v2_spectrum,SU2-HaarU4-brickwork|n10|d60|i4|dir=gaussian|basis=Z|eta=0,SU2-HaarU4-brickwork|n10|d60|i4,512,443,0.00014158527019376006
v2_spectrum,SU2-HaarU4-brickwork|n10|d60|i4|dir=gaussian|basis=Z|eta=0,SU2-HaarU4-brickwork|n10|d60|i4,512,444,0.00013933503964181263
v2_spectrum,SU2-HaarU4-brickwork|n10|d60|i4|dir=gaussian|basis=Z|eta=0,SU2-HaarU4-brickwork|n10|d60|i4,512,445,0.00013790919169071183
v2_spectrum,SU2-HaarU4-brickwork|n10|d60|i4|dir=gaussian|basis=Z|eta=0,SU2-HaarU4-brickwork|n10|d60|i4,512,446,0.00013760902293340853
v2_spectrum,SU2-HaarU4-brickwork|n10|d60|i4|dir=gaussian|basis=Z|eta=0,SU2-HaarU4-brickwork|n10|d60|i4,512,447,0.00013567381470972067
v2_spectrum,SU2-HaarU4-brickwork|n10|d60|i4|dir=gaussian|basis=Z|eta=0,SU2-HaarU4-brickwork|n10|d60|i4,512,448,0.00013459646827413657
v2_spectrum,SU2-HaarU4-brickwork|n10|d60|i4|dir=gaussian|basis=Z|eta=0,SU2-HaarU4-brickwork|n10|d60|i4,512,449,0.00013414716331194748
v2_spectrum,SU2-HaarU4-brickwork|n10|d60|i4|dir=gaussian|basis=Z|eta=0,SU2-HaarU4-brickwork|n10|d60|i4,512,450,0.00012999376409269332
v2_spectrum,SU2-HaarU4-brickwork|n10|d60|i4|dir=gaussian|basis=Z|eta=0,SU2-HaarU4-brickwork|n10|d60|i4,512,451,0.00012847589672379908
v2_spectrum,SU2-HaarU4-brickwork|n10|d60|i4|dir=gaussian|basis=Z|eta=0,SU2-HaarU4-brickwork|n10|d60|i4,512,452,0.00012800024911474277
v2_spectrum,SU2-HaarU4-brickwork|n10|d60|i4|dir=gaussian|basis=Z|eta=0,SU2-HaarU4-brickwork|n10|d60|i4,512,453,0.00012516529529934316
v2_spectrum,SU2-HaarU4-brickwork|n10|d60|i4|dir=gaussian|basis=Z|eta=0,SU2-HaarU4-brickwork|n10|d60|i4,512,454,0.00012309985226342189
v2_spectrum,SU2-HaarU4-brickwork|n10|d60|i4|dir=gaussian|basis=Z|eta=0,SU2-HaarU4-brickwork|n10|d60|i4,512,455,0.00012209247966648703
v2_spectrum,SU2-HaarU4-brickwork|n10|d60|i4|dir=gaussian|basis=Z|eta=0,SU2-HaarU4-brickwork|n10|d60|i4,512,456,0.0001203986016989768
v2_spectrum,SU2-HaarU4-brickwork|n10|d60|i4|dir=gaussian|basis=Z|eta=0,SU2-HaarU4-brickwork|n10|d60|i4,512,457,0.00012006225231022836
v2_spectrum,SU2-HaarU4-brickwork|n10|d60|i4|dir=gaussian|basis=Z|eta=0,SU2-HaarU4-brickwork|n10|d60|i4,512,458,0.00011657481893127
v2_spectrum,SU2-HaarU4-brickwork|n10|d60|i4|dir=gaussian|basis=Z|eta=0,SU2-HaarU4-brickwork|n10|d60|i4,512,459,0.00011603711251274992
v2_spectrum,SU2-HaarU4-brickwork|n10|d60|i4|dir=gaussian|basis=Z|eta=0,SU2-HaarU4-brickwork|n10|d60|i4,512,460,0.00011386275408692939
v2_spectrum,SU2-HaarU4-brickwork|n10|d60|i4|dir=gaussian|basis=Z|eta=0,SU2-HaarU4-brickwork|n10|d60|i4,512,461,0.00011158444164024881
v2_spectrum,SU2-HaarU4-brickwork|n10|d60|i4|dir=gaussian|basis=Z|eta=0,SU2-HaarU4-brickwork|n10|d60|i4,512,462,0.00010847534548685116
v2_spectrum,SU2-HaarU4-brickwork|n10|d60|i4|dir=gaussian|basis=Z|eta=0,SU2-HaarU4-brickwork|n10|d60|i4,512,463,0.00010678042572421308
v2_spectrum,SU2-HaarU4-brickwork|n10|d60|i4|dir=gaussian|basis=Z|eta=0,SU2-HaarU4-brickwork|n10|d60|i4,512,464,0.00010644125743324476
v2_spectrum,SU2-HaarU4-brickwork|n10|d60|i4|dir=gaussian|basis=Z|eta=0,SU2-HaarU4-brickwork|n10|d60|i4,512,465,0.00010471692045944772
v2_spectrum,SU2-HaarU4-brickwork|n10|d60|i4|dir=gaussian|basis=Z|eta=0,SU2-HaarU4-brickwork|n10|d60|i4,512,466,0.00010321691617130116
v2_spectrum,SU2-HaarU4-brickwork|n10|d60|i4|dir=gaussian|basis=Z|eta=0,SU2-HaarU4-brickwork|n10|d60|i4,512,467,0.00010130903270746635
v2_spectrum,SU2-HaarU4-brickwork|n10|d60|i4|dir=gaussian|basis=Z|eta=0,SU2-HaarU4-brickwork|n10|d60|i4,512,468,9.973150247725497e-05
v2_spectrum,SU2-HaarU4-brickwork|n10|d60|i4|dir=gaussian|basis=Z|eta=0,SU2-HaarU4-brickwork|n10|d60|i4,512,469,9.772117928744204e-05
v2_spectrum,SU2-HaarU4-brickwork|n10|d60|i4|dir=gaussian|basis=Z|eta=0,SU2-HaarU4-brickwork|n10|d60|i4,512,470,9.653931291567733e-05
v2_spectrum,SU2-HaarU4-brickwork|n10|d60|i4|dir=gaussian|basis=Z|eta=0,SU2-HaarU4-brickwork|n10|d60|i4,512,471,9.515420149801777e-05
v2_spectrum,SU2-HaarU4-brickwork|n10|d60|i4|dir=gaussian|basis=Z|eta=0,SU2-HaarU4-brickwork|n10|d60|i4,512,472,9.443102695635963e-05
v2_spectrum,SU2-HaarU4-brickwork|n10|d60|i4|dir=gaussian|basis=Z|eta=0,SU2-HaarU4-brickwork|n10|d60|i4,512,473,9.24142088783646e-05
v2_spectrum,SU2-HaarU4-brickwork|n10|d60|i4|dir=gaussian|basis=Z|eta=0,SU2-HaarU4-brickwork|n10|d60|i4,512,474,9.158368861581414e-05
v2_spectrum,SU2-HaarU4-brickwork|n10|d60|i4|dir=gaussian|basis=Z|eta=0,SU2-HaarU4-brickwork|n10|d60|i4,512,475,9.022137205988236e-05
v2_spectrum,SU2-HaarU4-brickwork|n10|d60|i4|dir=gaussian|basis=Z|eta=0,SU2-HaarU4-brickwork|n10|d60|i4,512,476,8.908973434650465e-05
v2_spectrum,SU2-HaarU4-brickwork|n10|d60|i4|dir=gaussian|basis=Z|eta=0,SU2-HaarU4-brickwork|n10|d60|i4,512,477,8.821645234737251e-05
v2_spectrum,SU2-HaarU4-brickwork|n10|d60|i4|dir=gaussian|basis=Z|eta=0,SU2-HaarU4-brickwork|n10|d60|i4,512,478,8.565566624431345e-05
v2_spectrum,SU2-HaarU4-brickwork|n10|d60|i4|dir=gaussian|basis=Z|eta=0,SU2-HaarU4-brickwork|n10|d60|i4,512,479,8.479024663454945e-05
v2_spectrum,SU2-HaarU4-brickwork|n10|d60|i4|dir=gaussian|basis=Z|eta=0,SU2-HaarU4-brickwork|n10|d60|i4,512,480,8.279548042509171e-05
v2_spectrum,SU2-HaarU4-brickwork|n10|d60|i4|dir=gaussian|basis=Z|eta=0,SU2-HaarU4-brickwork|n10|d60|i4,512,481,8.151817874431025e-05
v2_spectrum,SU2-HaarU4-brickwork|n10|d60|i4|dir=gaussian|basis=Z|eta=0,SU2-HaarU4-brickwork|n10|d60|i4,512,482,8.003438894056748e-05
v2_spectrum,SU2-HaarU4-brickwork|n10|d60|i4|dir=gaussian|basis=Z|eta=0,SU2-HaarU4-brickwork|n10|d60|i4,512,483,7.865691115313841e-05
v2_spectrum,SU2-HaarU4-brickwork|n10|d60|i4|dir=gaussian|basis=Z|eta=0,SU2-HaarU4-brickwork|n10|d60|i4,512,484,7.754432067321035e-05
v2_spectrum,SU2-HaarU4-brickwork|n10|d60|i4|dir=gaussian|basis=Z|eta=0,SU2-HaarU4-brickwork|n10|d60|i4,512,485,7.694415545039647e-05
v2_spectrum,SU2-HaarU4-brickwork|n10|d60|i4|dir=gaussian|basis=Z|eta=0,SU2-HaarU4-brickwork|n10|d60|i4,512,486,7.48735385671067e-05
v2_spectrum,SU2-HaarU4-brickwork|n10|d60|i4|dir=gaussian|basis=Z|eta=0,SU2-HaarU4-brickwork|n10|d60|i4,512,487,7.29868844979836e-05
v2_spectrum,SU2-HaarU4-brickwork|n10|d60|i4|dir=gaussian|basis=Z|eta=0,SU2-HaarU4-brickwork|n10|d60|i4,512,488,7.20389064880654e-05
v2_spectrum,SU2-HaarU4-brickwork|n10|d60|i4|dir=gaussian|basis=Z|eta=0,SU2-HaarU4-brickwork|n10|d60|i4,512,489,7.046317798614135e-05
v2_spectrum,SU2-HaarU4-brickwork|n10|d60|i4|dir=gaussian|basis=Z|eta=0,SU2-HaarU4-brickwork|n10|d60|i4,512,490,6.956245033819175e-05
v2_spectrum,SU2-HaarU4-brickwork|n10|d60|i4|dir=gaussian|basis=Z|eta=0,SU2-HaarU4-brickwork|n10|d60|i4,512,491,6.828569996899779e-05
v2_spectrum,SU2-HaarU4-brickwork|n10|d60|i4|dir=gaussian|basis=Z|eta=0,SU2-HaarU4-brickwork|n10|d60|i4,512,492,6.703574296802351e-05
v2_spectrum,SU2-HaarU4-brickwork|n10|d60|i4|dir=gaussian|basis=Z|eta=0,SU2-HaarU4-brickwork|n10|d60|i4,512,493,6.650628303436876e-05
v2_spectrum,SU2-HaarU4-brickwork|n10|d60|i4|dir=gaussian|basis=Z|eta=0,SU2-HaarU4-brickwork|n10|d60|i4,512,494,6.457967355187159e-05
v2_spectrum,SU2-HaarU4-brickwork|n10|d60|i4|dir=gaussian|basis=Z|eta=0,SU2-HaarU4-brickwork|n10|d60|i4,512,495,6.357651231934937e-05
v2_spectrum,SU2-HaarU4-brickwork|n10|d60|i4|dir=gaussian|basis=Z|eta=0,SU2-HaarU4-brickwork|n10|d60|i4,512,496,6.24131004205232e-05
v2_spectrum,SU2-HaarU4-brickwork|n10|d60|i4|dir=gaussian|basis=Z|eta=0,SU2-HaarU4-brickwork|n10|d60|i4,512,497,6.203541864391306e-05
v2_spectrum,SU2-HaarU4-brickwork|n10|d60|i4|dir=gaussian|basis=Z|eta=0,SU2-HaarU4-brickwork|n10|d60|i4,512,498,5.9698646426262355e-05
v2_spectrum,SU2-HaarU4-brickwork|n10|d60|i4|dir=gaussian|basis=Z|eta=0,SU2-HaarU4-brickwork|n10|d60|i4,512,499,5.80794479799015e-05
v2_spectrum,SU2-HaarU4-brickwork|n10|d60|i4|dir=gaussian|basis=Z|eta=0,SU2-HaarU4-brickwork|n10|d60|i4,512,500,5.761895135724709e-05
v2_spectrum,SU2-HaarU4-brickwork|n10|d60|i4|dir=gaussian|basis=Z|eta=0,SU2-HaarU4-brickwork|n10|d60|i4,512,501,5.625406054765394e-05
v2_spectrum,SU2-HaarU4-brickwork|n10|d60|i4|dir=gaussian|basis=Z|eta=0,SU2-HaarU4-brickwork|n10|d60|i4,512,502,5.340512060659731e-05
v2_spectrum,SU2-HaarU4-brickwork|n10|d60|i4|dir=gaussian|basis=Z|eta=0,SU2-HaarU4-brickwork|n10|d60|i4,512,503,5.2379755906747794e-05
v2_spectrum,SU2-HaarU4-brickwork|n10|d60|i4|dir=gaussian|basis=Z|eta=0,SU2-HaarU4-brickwork|n10|d60|i4,512,504,4.986325167662858e-05
v2_spectrum,SU2-HaarU4-brickwork|n10|d60|i4|dir=gaussian|basis=Z|eta=0,SU2-HaarU4-brickwork|n10|d60|i4,512,505,4.945675093035214e-05
v2_spectrum,SU2-HaarU4-brickwork|n10|d60|i4|dir=gaussian|basis=Z|eta=0,SU2-HaarU4-brickwork|n10|d60|i4,512,506,4.811279752279386e-05
v2_spectrum,SU2-HaarU4-brickwork|n10|d60|i4|dir=gaussian|basis=Z|eta=0,SU2-HaarU4-brickwork|n10|d60|i4,512,507,4.6632567287255165e-05
v2_spectrum,SU2-HaarU4-brickwork|n10|d60|i4|dir=gaussian|basis=Z|eta=0,SU2-HaarU4-brickwork|n10|d60|i4,512,508,4.5969747231130765e-05
v2_spectrum,SU2-HaarU4-brickwork|n10|d60|i4|dir=gaussian|basis=Z|eta=0,SU2-HaarU4-brickwork|n10|d60|i4,512,509,4.359529983284686e-05
v2_spectrum,SU2-HaarU4-brickwork|n10|d60|i4|dir=gaussian|basis=Z|eta=0,SU2-HaarU4-brickwork|n10|d60|i4,512,510,4.2430425198115126e-05
v2_spectrum,SU2-HaarU4-brickwork|n10|d60|i4|dir=gaussian|basis=Z|eta=0,SU2-HaarU4-brickwork|n10|d60|i4,512,511,4.136296169755698e-05
v2_spectrum,SU2-HaarU4-brickwork|n10|d60|i4|dir=gaussian|basis=Z|eta=0,SU2-HaarU4-brickwork|n10|d60|i4,512,512,4.0863242400814866e-05
v2_spectrum,U1-RZ-XY-line|n12|d72|i0|dir=gaussian|basis=Z|eta=0,U1-RZ-XY-line|n12|d72|i0,512,1,0.05293598634466729
v2_spectrum,U1-RZ-XY-line|n12|d72|i0|dir=gaussian|basis=Z|eta=0,U1-RZ-XY-line|n12|d72|i0,512,2,0.049933942702844944
v2_spectrum,U1-RZ-XY-line|n12|d72|i0|dir=gaussian|basis=Z|eta=0,U1-RZ-XY-line|n12|d72|i0,512,3,0.04569330365125083
v2_spectrum,U1-RZ-XY-line|n12|d72|i0|dir=gaussian|basis=Z|eta=0,U1-RZ-XY-line|n12|d72|i0,512,4,0.042642111956969334
v2_spectrum,U1-RZ-XY-line|n12|d72|i0|dir=gaussian|basis=Z|eta=0,U1-RZ-XY-line|n12|d72|i0,512,5,0.04100291491602477
v2_spectrum,U1-RZ-XY-line|n12|d72|i0|dir=gaussian|basis=Z|eta=0,U1-RZ-XY-line|n12|d72|i0,512,6,0.037227121536443655
v2_spectrum,U1-RZ-XY-line|n12|d72|i0|dir=gaussian|basis=Z|eta=0,U1-RZ-XY-line|n12|d72|i0,512,7,0.03576825858019803
v2_spectrum,U1-RZ-XY-line|n12|d72|i0|dir=gaussian|basis=Z|eta=0,U1-RZ-XY-line|n12|d72|i0,512,8,0.03436728339845018
v2_spectrum,U1-RZ-XY-line|n12|d72|i0|dir=gaussian|basis=Z|eta=0,U1-RZ-XY-line|n12|d72|i0,512,9,0.03235008212460411
v2_spectrum,U1-RZ-XY-line|n12|d72|i0|dir=gaussian|basis=Z|eta=0,U1-RZ-XY-line|n12|d72|i0,512,10,0.03141384196577023
v2_spectrum,U1-RZ-XY-line|n12|d72|i0|dir=gaussian|basis=Z|eta=0,U1-RZ-XY-line|n12|d72|i0,512,11,0.030289893677250847
v2_spectrum,U1-RZ-XY-line|n12|d72|i0|dir=gaussian|basis=Z|eta=0,U1-RZ-XY-line|n12|d72|i0,512,12,0.028722544793931645
v2_spectrum,U1-RZ-XY-line|n12|d72|i0|dir=gaussian|basis=Z|eta=0,U1-RZ-XY-line|n12|d72|i0,512,13,0.026810590362774667
v2_spectrum,U1-RZ-XY-line|n12|d72|i0|dir=gaussian|basis=Z|eta=0,U1-RZ-XY-line|n12|d72|i0,512,14,0.02423656422226215
v2_spectrum,U1-RZ-XY-line|n12|d72|i0|dir=gaussian|basis=Z|eta=0,U1-RZ-XY-line|n12|d72|i0,512,15,0.023387130915425984
v2_spectrum,U1-RZ-XY-line|n12|d72|i0|dir=gaussian|basis=Z|eta=0,U1-RZ-XY-line|n12|d72|i0,512,16,0.022556330441814095
v2_spectrum,U1-RZ-XY-line|n12|d72|i0|dir=gaussian|basis=Z|eta=0,U1-RZ-XY-line|n12|d72|i0,512,17,0.02251385072588209
v2_spectrum,U1-RZ-XY-line|n12|d72|i0|dir=gaussian|basis=Z|eta=0,U1-RZ-XY-line|n12|d72|i0,512,18,0.02171951059721477
v2_spectrum,U1-RZ-XY-line|n12|d72|i0|dir=gaussian|basis=Z|eta=0,U1-RZ-XY-line|n12|d72|i0,512,19,0.021449949767156775
v2_spectrum,U1-RZ-XY-line|n12|d72|i0|dir=gaussian|basis=Z|eta=0,U1-RZ-XY-line|n12|d72|i0,512,20,0.02021779519527579
v2_spectrum,U1-RZ-XY-line|n12|d72|i0|dir=gaussian|basis=Z|eta=0,U1-RZ-XY-line|n12|d72|i0,512,21,0.01865626323446212
v2_spectrum,U1-RZ-XY-line|n12|d72|i0|dir=gaussian|basis=Z|eta=0,U1-RZ-XY-line|n12|d72|i0,512,22,0.018172744949508362
v2_spectrum,U1-RZ-XY-line|n12|d72|i0|dir=gaussian|basis=Z|eta=0,U1-RZ-XY-line|n12|d72|i0,512,23,0.017198951498044297
v2_spectrum,U1-RZ-XY-line|n12|d72|i0|dir=gaussian|basis=Z|eta=0,U1-RZ-XY-line|n12|d72|i0,512,24,0.01667448467309856
v2_spectrum,U1-RZ-XY-line|n12|d72|i0|dir=gaussian|basis=Z|eta=0,U1-RZ-XY-line|n12|d72|i0,512,25,0.015536940255261136
v2_spectrum,U1-RZ-XY-line|n12|d72|i0|dir=gaussian|basis=Z|eta=0,U1-RZ-XY-line|n12|d72|i0,512,26,0.01522753743024767
v2_spectrum,U1-RZ-XY-line|n12|d72|i0|dir=gaussian|basis=Z|eta=0,U1-RZ-XY-line|n12|d72|i0,512,27,0.014797109691413951
v2_spectrum,U1-RZ-XY-line|n12|d72|i0|dir=gaussian|basis=Z|eta=0,U1-RZ-XY-line|n12|d72|i0,512,28,0.01353607299749701
v2_spectrum,U1-RZ-XY-line|n12|d72|i0|dir=gaussian|basis=Z|eta=0,U1-RZ-XY-line|n12|d72|i0,512,29,0.013114300377020525
v2_spectrum,U1-RZ-XY-line|n12|d72|i0|dir=gaussian|basis=Z|eta=0,U1-RZ-XY-line|n12|d72|i0,512,30,0.012660773779946519
v2_spectrum,U1-RZ-XY-line|n12|d72|i0|dir=gaussian|basis=Z|eta=0,U1-RZ-XY-line|n12|d72|i0,512,31,0.011850210813774667
v2_spectrum,U1-RZ-XY-line|n12|d72|i0|dir=gaussian|basis=Z|eta=0,U1-RZ-XY-line|n12|d72|i0,512,32,0.011696171130094881
v2_spectrum,U1-RZ-XY-line|n12|d72|i0|dir=gaussian|basis=Z|eta=0,U1-RZ-XY-line|n12|d72|i0,512,33,0.011047510862827629
v2_spectrum,U1-RZ-XY-line|n12|d72|i0|dir=gaussian|basis=Z|eta=0,U1-RZ-XY-line|n12|d72|i0,512,34,0.010776534171472084
v2_spectrum,U1-RZ-XY-line|n12|d72|i0|dir=gaussian|basis=Z|eta=0,U1-RZ-XY-line|n12|d72|i0,512,35,0.010528270735430053
v2_spectrum,U1-RZ-XY-line|n12|d72|i0|dir=gaussian|basis=Z|eta=0,U1-RZ-XY-line|n12|d72|i0,512,36,0.010078026162415973
v2_spectrum,U1-RZ-XY-line|n12|d72|i0|dir=gaussian|basis=Z|eta=0,U1-RZ-XY-line|n12|d72|i0,512,37,0.009526772893121838
v2_spectrum,U1-RZ-XY-line|n12|d72|i0|dir=gaussian|basis=Z|eta=0,U1-RZ-XY-line|n12|d72|i0,512,38,0.008807095643098702
v2_spectrum,U1-RZ-XY-line|n12|d72|i0|dir=gaussian|basis=Z|eta=0,U1-RZ-XY-line|n12|d72|i0,512,39,0.008772032725337477
v2_spectrum,U1-RZ-XY-line|n12|d72|i0|dir=gaussian|basis=Z|eta=0,U1-RZ-XY-line|n12|d72|i0,512,40,0.008360593526854502
v2_spectrum,U1-RZ-XY-line|n12|d72|i0|dir=gaussian|basis=Z|eta=0,U1-RZ-XY-line|n12|d72|i0,512,41,0.007797560567509372
v2_spectrum,U1-RZ-XY-line|n12|d72|i0|dir=gaussian|basis=Z|eta=0,U1-RZ-XY-line|n12|d72|i0,512,42,0.007615511483792284
v2_spectrum,U1-RZ-XY-line|n12|d72|i0|dir=gaussian|basis=Z|eta=0,U1-RZ-XY-line|n12|d72|i0,512,43,0.007064421001799333
v2_spectrum,U1-RZ-XY-line|n12|d72|i0|dir=gaussian|basis=Z|eta=0,U1-RZ-XY-line|n12|d72|i0,512,44,0.006963021822151934
v2_spectrum,U1-RZ-XY-line|n12|d72|i0|dir=gaussian|basis=Z|eta=0,U1-RZ-XY-line|n12|d72|i0,512,45,0.006591684133086303
v2_spectrum,U1-RZ-XY-line|n12|d72|i0|dir=gaussian|basis=Z|eta=0,U1-RZ-XY-line|n12|d72|i0,512,46,0.006001072218065268
v2_spectrum,U1-RZ-XY-line|n12|d72|i0|dir=gaussian|basis=Z|eta=0,U1-RZ-XY-line|n12|d72|i0,512,47,0.0057569624618830995
v2_spectrum,U1-RZ-XY-line|n12|d72|i0|dir=gaussian|basis=Z|eta=0,U1-RZ-XY-line|n12|d72|i0,512,48,0.005519842326365937
v2_spectrum,U1-RZ-XY-line|n12|d72|i0|dir=gaussian|basis=Z|eta=0,U1-RZ-XY-line|n12|d72|i0,512,49,0.0049801789560371314
v2_spectrum,U1-RZ-XY-line|n12|d72|i0|dir=gaussian|basis=Z|eta=0,U1-RZ-XY-line|n12|d72|i0,512,50,0.004551089545783191
v2_spectrum,U1-RZ-XY-line|n12|d72|i0|dir=gaussian|basis=Z|eta=0,U1-RZ-XY-line|n12|d72|i0,512,51,0.004492458768234807
v2_spectrum,U1-RZ-XY-line|n12|d72|i0|dir=gaussian|basis=Z|eta=0,U1-RZ-XY-line|n12|d72|i0,512,52,0.004363914394316234
v2_spectrum,U1-RZ-XY-line|n12|d72|i0|dir=gaussian|basis=Z|eta=0,U1-RZ-XY-line|n12|d72|i0,512,53,0.00424215219596924
v2_spectrum,U1-RZ-XY-line|n12|d72|i0|dir=gaussian|basis=Z|eta=0,U1-RZ-XY-line|n12|d72|i0,512,54,0.0038392319857455588
v2_spectrum,U1-RZ-XY-line|n12|d72|i0|dir=gaussian|basis=Z|eta=0,U1-RZ-XY-line|n12|d72|i0,512,55,0.0035305920473760926
v2_spectrum,U1-RZ-XY-line|n12|d72|i0|dir=gaussian|basis=Z|eta=0,U1-RZ-XY-line|n12|d72|i0,512,56,0.0032483399455742333
v2_spectrum,U1-RZ-XY-line|n12|d72|i0|dir=gaussian|basis=Z|eta=0,U1-RZ-XY-line|n12|d72|i0,512,57,0.0028700990978042518
v2_spectrum,U1-RZ-XY-line|n12|d72|i0|dir=gaussian|basis=Z|eta=0,U1-RZ-XY-line|n12|d72|i0,512,58,0.0025785318506281896
v2_spectrum,U1-RZ-XY-line|n12|d72|i0|dir=gaussian|basis=Z|eta=0,U1-RZ-XY-line|n12|d72|i0,512,59,0.002265104732852612
v2_spectrum,U1-RZ-XY-line|n12|d72|i0|dir=gaussian|basis=Z|eta=0,U1-RZ-XY-line|n12|d72|i0,512,60,0.002029701462431116
v2_spectrum,U1-RZ-XY-line|n12|d72|i0|dir=gaussian|basis=Z|eta=0,U1-RZ-XY-line|n12|d72|i0,512,61,0.0014411235754538255
