profile,job_id,circuit_id,tangent_count_used,eigen_index,eigenvalue
v2_spectrum,SU2-CNOT-line|n8|d48|i3|dir=gaussian|basis=Z|eta=0,SU2-CNOT-line|n8|d48|i3,512,1,0.017194505645862505
v2_spectrum,SU2-CNOT-line|n8|d48|i3|dir=gaussian|basis=Z|eta=0,SU2-CNOT-line|n8|d48|i3,512,2,0.015940712918090193
v2_spectrum,SU2-CNOT-line|n8|d48|i3|dir=gaussian|basis=Z|eta=0,SU2-CNOT-line|n8|d48|i3,512,3,0.015873185849727547
v2_spectrum,SU2-CNOT-line|n8|d48|i3|dir=gaussian|basis=Z|eta=0,SU2-CNOT-line|n8|d48|i3,512,4,0.01529321772164077
v2_spectrum,SU2-CNOT-line|n8|d48|i3|dir=gaussian|basis=Z|eta=0,SU2-CNOT-line|n8|d48|i3,512,5,0.015179505356695792
v2_spectrum,SU2-CNOT-line|n8|d48|i3|dir=gaussian|basis=Z|eta=0,SU2-CNOT-line|n8|d48|i3,512,6,0.014661083555061375
v2_spectrum,SU2-CNOT-line|n8|d48|i3|dir=gaussian|basis=Z|eta=0,SU2-CNOT-line|n8|d48|i3,512,7,0.01433135070567958
v2_spectrum,SU2-CNOT-line|n8|d48|i3|dir=gaussian|basis=Z|eta=0,SU2-CNOT-line|n8|d48|i3,512,8,0.013915113118845801
v2_spectrum,SU2-CNOT-line|n8|d48|i3|dir=gaussian|basis=Z|eta=0,SU2-CNOT-line|n8|d48|i3,512,9,0.013366660204952287
v2_spectrum,SU2-CNOT-line|n8|d48|i3|dir=gaussian|basis=Z|eta=0,SU2-CNOT-line|n8|d48|i3,512,10,0.013220932444399293
v2_spectrum,SU2-CNOT-line|n8|d48|i3|dir=gaussian|basis=Z|eta=0,SU2-CNOT-line|n8|d48|i3,512,11,0.012839826951267652
v2_spectrum,SU2-CNOT-line|n8|d48|i3|dir=gaussian|basis=Z|eta=0,SU2-CNOT-line|n8|d48|i3,512,12,0.012641786080094943
v2_spectrum,SU2-CNOT-line|n8|d48|i3|dir=gaussian|basis=Z|eta=0,SU2-CNOT-line|n8|d48|i3,512,13,0.012457225340067341
v2_spectrum,SU2-CNOT-line|n8|d48|i3|dir=gaussian|basis=Z|eta=0,SU2-CNOT-line|n8|d48|i3,512,14,0.012205002608379208
v2_spectrum,SU2-CNOT-line|n8|d48|i3|dir=gaussian|basis=Z|eta=0,SU2-CNOT-line|n8|d48|i3,512,15,0.012070989993982916
v2_spectrum,SU2-CNOT-line|n8|d48|i3|dir=gaussian|basis=Z|eta=0,SU2-CNOT-line|n8|d48|i3,512,16,0.011756112374174628
v2_spectrum,SU2-CNOT-line|n8|d48|i3|dir=gaussian|basis=Z|eta=0,SU2-CNOT-line|n8|d48|i3,512,17,0.011668742692983023
v2_spectrum,SU2-CNOT-line|n8|d48|i3|dir=gaussian|basis=Z|eta=0,SU2-CNOT-line|n8|d48|i3,512,18,0.011541220815162933
v2_spectrum,SU2-CNOT-line|n8|d48|i3|dir=gaussian|basis=Z|eta=0,SU2-CNOT-line|n8|d48|i3,512,19,0.011345015730805695
v2_spectrum,SU2-CNOT-line|n8|d48|i3|dir=gaussian|basis=Z|eta=0,SU2-CNOT-line|n8|d48|i3,512,20,0.010881575379515711
v2_spectrum,SU2-CNOT-line|n8|d48|i3|dir=gaussian|basis=Z|eta=0,SU2-CNOT-line|n8|d48|i3,512,21,0.010683103683733566
v2_spectrum,SU2-CNOT-line|n8|d48|i3|dir=gaussian|basis=Z|eta=0,SU2-CNOT-line|n8|d48|i3,512,22,0.010678072614911249
v2_spectrum,SU2-CNOT-line|n8|d48|i3|dir=gaussian|basis=Z|eta=0,SU2-CNOT-line|n8|d48|i3,512,23,0.010388469562012803
v2_spectrum,SU2-CNOT-line|n8|d48|i3|dir=gaussian|basis=Z|eta=0,SU2-CNOT-line|n8|d48|i3,512,24,0.0102750079309074
v2_spectrum,SU2-CNOT-line|n8|d48|i3|dir=gaussian|basis=Z|eta=0,SU2-CNOT-line|n8|d48|i3,512,25,0.01020978141954486
v2_spectrum,SU2-CNOT-line|n8|d48|i3|dir=gaussian|basis=Z|eta=0,SU2-CNOT-line|n8|d48|i3,512,26,0.010115365722444114
v2_spectrum,SU2-CNOT-line|n8|d48|i3|dir=gaussian|basis=Z|eta=0,SU2-CNOT-line|n8|d48|i3,512,27,0.009859597430234384
v2_spectrum,SU2-CNOT-line|n8|d48|i3|dir=gaussian|basis=Z|eta=0,SU2-CNOT-line|n8|d48|i3,512,28,0.009720588368582734
v2_spectrum,SU2-CNOT-line|n8|d48|i3|dir=gaussian|basis=Z|eta=0,SU2-CNOT-line|n8|d48|i3,512,29,0.009419010790735576
v2_spectrum,SU2-CNOT-line|n8|d48|i3|dir=gaussian|basis=Z|eta=0,SU2-CNOT-line|n8|d48|i3,512,30,0.009316936696675052
v2_spectrum,SU2-CNOT-line|n8|d48|i3|dir=gaussian|basis=Z|eta=0,SU2-CNOT-line|n8|d48|i3,512,31,0.009264331443589858
v2_spectrum,SU2-CNOT-line|n8|d48|i3|dir=gaussian|basis=Z|eta=0,SU2-CNOT-line|n8|d48|i3,512,32,0.009169151925018387
v2_spectrum,SU2-CNOT-line|n8|d48|i3|dir=gaussian|basis=Z|eta=0,SU2-CNOT-line|n8|d48|i3,512,33,0.00899853319437417
v2_spectrum,SU2-CNOT-line|n8|d48|i3|dir=gaussian|basis=Z|eta=0,SU2-CNOT-line|n8|d48|i3,512,34,0.008820146838754143
v2_spectrum,SU2-CNOT-line|n8|d48|i3|dir=gaussian|basis=Z|eta=0,SU2-CNOT-line|n8|d48|i3,512,35,0.00869061439850426
v2_spectrum,SU2-CNOT-line|n8|d48|i3|dir=gaussian|basis=Z|eta=0,SU2-CNOT-line|n8|d48|i3,512,36,0.008579746797745317
v2_spectrum,SU2-CNOT-line|n8|d48|i3|dir=gaussian|basis=Z|eta=0,SU2-CNOT-line|n8|d48|i3,512,37,0.008542581026522018
v2_spectrum,SU2-CNOT-line|n8|d48|i3|dir=gaussian|basis=Z|eta=0,SU2-CNOT-line|n8|d48|i3,512,38,0.00835246138441468
v2_spectrum,SU2-CNOT-line|n8|d48|i3|dir=gaussian|basis=Z|eta=0,SU2-CNOT-line|n8|d48|i3,512,39,0.008152223440472358
v2_spectrum,SU2-CNOT-line|n8|d48|i3|dir=gaussian|basis=Z|eta=0,SU2-CNOT-line|n8|d48|i3,512,40,0.008074016685816638
v2_spectrum,SU2-CNOT-line|n8|d48|i3|dir=gaussian|basis=Z|eta=0,SU2-CNOT-line|n8|d48|i3,512,41,0.007999702799253246
v2_spectrum,SU2-CNOT-line|n8|d48|i3|dir=gaussian|basis=Z|eta=0,SU2-CNOT-line|n8|d48|i3,512,42,0.007880353725352616
v2_spectrum,SU2-CNOT-line|n8|d48|i3|dir=gaussian|basis=Z|eta=0,SU2-CNOT-line|n8|d48|i3,512,43,0.007803271000936794
v2_spectrum,SU2-CNOT-line|n8|d48|i3|dir=gaussian|basis=Z|eta=0,SU2-CNOT-line|n8|d48|i3,512,44,0.007758142276119862
v2_spectrum,SU2-CNOT-line|n8|d48|i3|dir=gaussian|basis=Z|eta=0,SU2-CNOT-line|n8|d48|i3,512,45,0.007676156319914796
v2_spectrum,SU2-CNOT-line|n8|d48|i3|dir=gaussian|basis=Z|eta=0,SU2-CNOT-line|n8|d48|i3,512,46,0.007449729312376468
v2_spectrum,SU2-CNOT-line|n8|d48|i3|dir=gaussian|basis=Z|eta=0,SU2-CNOT-line|n8|d48|i3,512,47,0.007398020150473445
v2_spectrum,SU2-CNOT-line|n8|d48|i3|dir=gaussian|basis=Z|eta=0,SU2-CNOT-line|n8|d48|i3,512,48,0.007231587650098831
v2_spectrum,SU2-CNOT-line|n8|d48|i3|dir=gaussian|basis=Z|eta=0,SU2-CNOT-line|n8|d48|i3,512,49,0.007197045813420622
v2_spectrum,SU2-CNOT-line|n8|d48|i3|dir=gaussian|basis=Z|eta=0,SU2-CNOT-line|n8|d48|i3,512,50,0.007034779240723815
v2_spectrum,SU2-CNOT-line|n8|d48|i3|dir=gaussian|basis=Z|eta=0,SU2-CNOT-line|n8|d48|i3,512,51,0.006950488123472124
v2_spectrum,SU2-CNOT-line|n8|d48|i3|dir=gaussian|basis=Z|eta=0,SU2-CNOT-line|n8|d48|i3,512,52,0.006873901407424621
v2_spectrum,SU2-CNOT-line|n8|d48|i3|dir=gaussian|basis=Z|eta=0,SU2-CNOT-line|n8|d48|i3,512,53,0.0068552573187456315
v2_spectrum,SU2-CNOT-line|n8|d48|i3|dir=gaussian|basis=Z|eta=0,SU2-CNOT-line|n8|d48|i3,512,54,0.00668982590445341
v2_spectrum,SU2-CNOT-line|n8|d48|i3|dir=gaussian|basis=Z|eta=0,SU2-CNOT-line|n8|d48|i3,512,55,0.006489426982749941
v2_spectrum,SU2-CNOT-line|n8|d48|i3|dir=gaussian|basis=Z|eta=0,SU2-CNOT-line|n8|d48|i3,512,56,0.006416178229989103
v2_spectrum,SU2-CNOT-line|n8|d48|i3|dir=gaussian|basis=Z|eta=0,SU2-CNOT-line|n8|d48|i3,512,57,0.006342700324986264
v2_spectrum,SU2-CNOT-line|n8|d48|i3|dir=gaussian|basis=Z|eta=0,SU2-CNOT-line|n8|d48|i3,512,58,0.006227934000064271
v2_spectrum,SU2-CNOT-line|n8|d48|i3|dir=gaussian|basis=Z|eta=0,SU2-CNOT-line|n8|d48|i3,512,59,0.006202451087586763
v2_spectrum,SU2-CNOT-line|n8|d48|i3|dir=gaussian|basis=Z|eta=0,SU2-CNOT-line|n8|d48|i3,512,60,0.006032391096007378
v2_spectrum,SU2-CNOT-line|n8|d48|i3|dir=gaussian|basis=Z|eta=0,SU2-CNOT-line|n8|d48|i3,512,61,0.00601306032299659
v2_spectrum,SU2-CNOT-line|n8|d48|i3|dir=gaussian|basis=Z|eta=0,SU2-CNOT-line|n8|d48|i3,512,62,0.005908407452340734
v2_spectrum,SU2-CNOT-line|n8|d48|i3|dir=gaussian|basis=Z|eta=0,SU2-CNOT-line|n8|d48|i3,512,63,0.0058600228811964425
v2_spectrum,SU2-CNOT-line|n8|d48|i3|dir=gaussian|basis=Z|eta=0,SU2-CNOT-line|n8|d48|i3,512,64,0.005748365730904969
v2_spectrum,SU2-CNOT-line|n8|d48|i3|dir=gaussian|basis=Z|eta=0,SU2-CNOT-line|n8|d48|i3,512,65,0.0057146656436975855
v2_spectrum,SU2-CNOT-line|n8|d48|i3|dir=gaussian|basis=Z|eta=0,SU2-CNOT-line|n8|d48|i3,512,66,0.005548909254044158
v2_spectrum,SU2-CNOT-line|n8|d48|i3|dir=gaussian|basis=Z|eta=0,SU2-CNOT-line|n8|d48|i3,512,67,0.005466785134125429
v2_spectrum,SU2-CNOT-line|n8|d48|i3|dir=gaussian|basis=Z|eta=0,SU2-CNOT-line|n8|d48|i3,512,68,0.005426764664104897
v2_spectrum,SU2-CNOT-line|n8|d48|i3|dir=gaussian|basis=Z|eta=0,SU2-CNOT-line|n8|d48|i3,512,69,0.00539337450559748
v2_spectrum,SU2-CNOT-line|n8|d48|i3|dir=gaussian|basis=Z|eta=0,SU2-CNOT-line|n8|d48|i3,512,70,0.005277152517379864
v2_spectrum,SU2-CNOT-line|n8|d48|i3|dir=gaussian|basis=Z|eta=0,SU2-CNOT-line|n8|d48|i3,512,71,0.005161864097898946
v2_spectrum,SU2-CNOT-line|n8|d48|i3|dir=gaussian|basis=Z|eta=0,SU2-CNOT-line|n8|d48|i3,512,72,0.005132778884201474
v2_spectrum,SU2-CNOT-line|n8|d48|i3|dir=gaussian|basis=Z|eta=0,SU2-CNOT-line|n8|d48|i3,512,73,0.0051164467010019095
v2_spectrum,SU2-CNOT-line|n8|d48|i3|dir=gaussian|basis=Z|eta=0,SU2-CNOT-line|n8|d48|i3,512,74,0.004972374027725212
v2_spectrum,SU2-CNOT-line|n8|d48|i3|dir=gaussian|basis=Z|eta=0,SU2-CNOT-line|n8|d48|i3,512,75,0.004903864514925555
v2_spectrum,SU2-CNOT-line|n8|d48|i3|dir=gaussian|basis=Z|eta=0,SU2-CNOT-line|n8|d48|i3,512,76,0.004821802968571533
v2_spectrum,SU2-CNOT-line|n8|d48|i3|dir=gaussian|basis=Z|eta=0,SU2-CNOT-line|n8|d48|i3,512,77,0.0047386564550670396
v2_spectrum,SU2-CNOT-line|n8|d48|i3|dir=gaussian|basis=Z|eta=0,SU2-CNOT-line|n8|d48|i3,512,78,0.004717881761680037
v2_spectrum,SU2-CNOT-line|n8|d48|i3|dir=gaussian|basis=Z|eta=0,SU2-CNOT-line|n8|d48|i3,512,79,0.004672252809984984
v2_spectrum,SU2-CNOT-line|n8|d48|i3|dir=gaussian|basis=Z|eta=0,SU2-CNOT-line|n8|d48|i3,512,80,0.004627318115347518
v2_spectrum,SU2-CNOT-line|n8|d48|i3|dir=gaussian|basis=Z|eta=0,SU2-CNOT-line|n8|d48|i3,512,81,0.004591408623803242
v2_spectrum,SU2-CNOT-line|n8|d48|i3|dir=gaussian|basis=Z|eta=0,SU2-CNOT-line|n8|d48|i3,512,82,0.004555088156318273
v2_spectrum,SU2-CNOT-line|n8|d48|i3|dir=gaussian|basis=Z|eta=0,SU2-CNOT-line|n8|d48|i3,512,83,0.00446500100596241
v2_spectrum,SU2-CNOT-line|n8|d48|i3|dir=gaussian|basis=Z|eta=0,SU2-CNOT-line|n8|d48|i3,512,84,0.004442926977928439
v2_spectrum,SU2-CNOT-line|n8|d48|i3|dir=gaussian|basis=Z|eta=0,SU2-CNOT-line|n8|d48|i3,512,85,0.004306778003569888
v2_spectrum,SU2-CNOT-line|n8|d48|i3|dir=gaussian|basis=Z|eta=0,SU2-CNOT-line|n8|d48|i3,512,86,0.004288739069833746
v2_spectrum,SU2-CNOT-line|n8|d48|i3|dir=gaussian|basis=Z|eta=0,SU2-CNOT-line|n8|d48|i3,512,87,0.004206660480788938
v2_spectrum,SU2-CNOT-line|n8|d48|i3|dir=gaussian|basis=Z|eta=0,SU2-CNOT-line|n8|d48|i3,512,88,0.004153078474609012
v2_spectrum,SU2-CNOT-line|n8|d48|i3|dir=gaussian|basis=Z|eta=0,SU2-CNOT-line|n8|d48|i3,512,89,0.004115571987928939
v2_spectrum,SU2-CNOT-line|n8|d48|i3|dir=gaussian|basis=Z|eta=0,SU2-CNOT-line|n8|d48|i3,512,90,0.00408948519089037
v2_spectrum,SU2-CNOT-line|n8|d48|i3|dir=gaussian|basis=Z|eta=0,SU2-CNOT-line|n8|d48|i3,512,91,0.00401260981183157
v2_spectrum,SU2-CNOT-line|n8|d48|i3|dir=gaussian|basis=Z|eta=0,SU2-CNOT-line|n8|d48|i3,512,92,0.003972648843199246
v2_spectrum,SU2-CNOT-line|n8|d48|i3|dir=gaussian|basis=Z|eta=0,SU2-CNOT-line|n8|d48|i3,512,93,0.0038889816229245784
v2_spectrum,SU2-CNOT-line|n8|d48|i3|dir=gaussian|basis=Z|eta=0,SU2-CNOT-line|n8|d48|i3,512,94,0.0038435740953551034
v2_spectrum,SU2-CNOT-line|n8|d48|i3|dir=gaussian|basis=Z|eta=0,SU2-CNOT-line|n8|d48|i3,512,95,0.003816801857349368
v2_spectrum,SU2-CNOT-line|n8|d48|i3|dir=gaussian|basis=Z|eta=0,SU2-CNOT-line|n8|d48|i3,512,96,0.003776780278793742
v2_spectrum,SU2-CNOT-line|n8|d48|i3|dir=gaussian|basis=Z|eta=0,SU2-CNOT-line|n8|d48|i3,512,97,0.003744857227279054
v2_spectrum,SU2-CNOT-line|n8|d48|i3|dir=gaussian|basis=Z|eta=0,SU2-CNOT-line|n8|d48|i3,512,98,0.003634023824807924
v2_spectrum,SU2-CNOT-line|n8|d48|i3|dir=gaussian|basis=Z|eta=0,SU2-CNOT-line|n8|d48|i3,512,99,0.0035992532417928784
v2_spectrum,SU2-CNOT-line|n8|d48|i3|dir=gaussian|basis=Z|eta=0,SU2-CNOT-line|n8|d48|i3,512,100,0.0035356245035335207
v2_spectrum,SU2-CNOT-line|n8|d48|i3|dir=gaussian|basis=Z|eta=0,SU2-CNOT-line|n8|d48|i3,512,101,0.0034578142317506578
v2_spectrum,SU2-CNOT-line|n8|d48|i3|dir=gaussian|basis=Z|eta=0,SU2-CNOT-line|n8|d48|i3,512,102,0.003430623028379171
v2_spectrum,SU2-CNOT-line|n8|d48|i3|dir=gaussian|basis=Z|eta=0,SU2-CNOT-line|n8|d48|i3,512,103,0.0033951067408805823
v2_spectrum,SU2-CNOT-line|n8|d48|i3|dir=gaussian|basis=Z|eta=0,SU2-CNOT-line|n8|d48|i3,512,104,0.0033202595218730147
v2_spectrum,SU2-CNOT-line|n8|d48|i3|dir=gaussian|basis=Z|eta=0,SU2-CNOT-line|n8|d48|i3,512,105,0.003313012489404585
v2_spectrum,SU2-CNOT-line|n8|d48|i3|dir=gaussian|basis=Z|eta=0,SU2-CNOT-line|n8|d48|i3,512,106,0.003255115472249788
v2_spectrum,SU2-CNOT-line|n8|d48|i3|dir=gaussian|basis=Z|eta=0,SU2-CNOT-line|n8|d48|i3,512,107,0.0032413984546972785
v2_spectrum,SU2-CNOT-line|n8|d48|i3|dir=gaussian|basis=Z|eta=0,SU2-CNOT-line|n8|d48|i3,512,108,0.003200674648646335
v2_spectrum,SU2-CNOT-line|n8|d48|i3|dir=gaussian|basis=Z|eta=0,SU2-CNOT-line|n8|d48|i3,512,109,0.003179718294158524
v2_spectrum,SU2-CNOT-line|n8|d48|i3|dir=gaussian|basis=Z|eta=0,SU2-CNOT-line|n8|d48|i3,512,110,0.003161462882574177
v2_spectrum,SU2-CNOT-line|n8|d48|i3|dir=gaussian|basis=Z|eta=0,SU2-CNOT-line|n8|d48|i3,512,111,0.0030965384830687536
v2_spectrum,SU2-CNOT-line|n8|d48|i3|dir=gaussian|basis=Z|eta=0,SU2-CNOT-line|n8|d48|i3,512,112,0.003013018503685056
v2_spectrum,SU2-CNOT-line|n8|d48|i3|dir=gaussian|basis=Z|eta=0,SU2-CNOT-line|n8|d48|i3,512,113,0.002995385166546546
v2_spectrum,SU2-CNOT-line|n8|d48|i3|dir=gaussian|basis=Z|eta=0,SU2-CNOT-line|n8|d48|i3,512,114,0.0029355743621209403
v2_spectrum,SU2-CNOT-line|n8|d48|i3|dir=gaussian|basis=Z|eta=0,SU2-CNOT-line|n8|d48|i3,512,115,0.002899503254269064
v2_spectrum,SU2-CNOT-line|n8|d48|i3|dir=gaussian|basis=Z|eta=0,SU2-CNOT-line|n8|d48|i3,512,116,0.0028790100457746163
v2_spectrum,SU2-CNOT-line|n8|d48|i3|dir=gaussian|basis=Z|eta=0,SU2-CNOT-line|n8|d48|i3,512,117,0.0028608770918033253
v2_spectrum,SU2-CNOT-line|n8|d48|i3|dir=gaussian|basis=Z|eta=0,SU2-CNOT-line|n8|d48|i3,512,118,0.002816033952227738
v2_spectrum,SU2-CNOT-line|n8|d48|i3|dir=gaussian|basis=Z|eta=0,SU2-CNOT-line|n8|d48|i3,512,119,0.002792498468198823
v2_spectrum,SU2-CNOT-line|n8|d48|i3|dir=gaussian|basis=Z|eta=0,SU2-CNOT-line|n8|d48|i3,512,120,0.0027503026384799833
v2_spectrum,SU2-CNOT-line|n8|d48|i3|dir=gaussian|basis=Z|eta=0,SU2-CNOT-line|n8|d48|i3,512,121,0.0027132122629612353
v2_spectrum,SU2-CNOT-line|n8|d48|i3|dir=gaussian|basis=Z|eta=0,SU2-CNOT-line|n8|d48|i3,512,122,0.002665570897978016
v2_spectrum,SU2-CNOT-line|n8|d48|i3|dir=gaussian|basis=Z|eta=0,SU2-CNOT-line|n8|d48|i3,512,123,0.0026445439414292276
v2_spectrum,SU2-CNOT-line|n8|d48|i3|dir=gaussian|basis=Z|eta=0,SU2-CNOT-line|n8|d48|i3,512,124,0.0026133480309054953
v2_spectrum,SU2-CNOT-line|n8|d48|i3|dir=gaussian|basis=Z|eta=0,SU2-CNOT-line|n8|d48|i3,512,125,0.002557286431474461
v2_spectrum,SU2-CNOT-line|n8|d48|i3|dir=gaussian|basis=Z|eta=0,SU2-CNOT-line|n8|d48|i3,512,126,0.0025340041688624334
v2_spectrum,SU2-CNOT-line|n8|d48|i3|dir=gaussian|basis=Z|eta=0,SU2-CNOT-line|n8|d48|i3,512,127,0.002505511393178878
v2_spectrum,SU2-CNOT-line|n8|d48|i3|dir=gaussian|basis=Z|eta=0,SU2-CNOT-line|n8|d48|i3,512,128,0.002487609678063465
v2_spectrum,SU2-CNOT-line|n8|d48|i3|dir=gaussian|basis=Z|eta=0,SU2-CNOT-line|n8|d48|i3,512,129,0.0024195589039328826
v2_spectrum,SU2-CNOT-line|n8|d48|i3|dir=gaussian|basis=Z|eta=0,SU2-CNOT-line|n8|d48|i3,512,130,0.0024007488155496507
v2_spectrum,SU2-CNOT-line|n8|d48|i3|dir=gaussian|basis=Z|eta=0,SU2-CNOT-line|n8|d48|i3,512,131,0.002370410657055867
v2_spectrum,SU2-CNOT-line|n8|d48|i3|dir=gaussian|basis=Z|eta=0,SU2-CNOT-line|n8|d48|i3,512,132,0.0023504636262933337
v2_spectrum,SU2-CNOT-line|n8|d48|i3|dir=gaussian|basis=Z|eta=0,SU2-CNOT-line|n8|d48|i3,512,133,0.0023018001038707125
v2_spectrum,SU2-CNOT-line|n8|d48|i3|dir=gaussian|basis=Z|eta=0,SU2-CNOT-line|n8|d48|i3,512,134,0.0022863237056630955
v2_spectrum,SU2-CNOT-line|n8|d48|i3|dir=gaussian|basis=Z|eta=0,SU2-CNOT-line|n8|d48|i3,512,135,0.002244315812270957
v2_spectrum,SU2-CNOT-line|n8|d48|i3|dir=gaussian|basis=Z|eta=0,SU2-CNOT-line|n8|d48|i3,512,136,0.002215356345253611
v2_spectrum,SU2-CNOT-line|n8|d48|i3|dir=gaussian|basis=Z|eta=0,SU2-CNOT-line|n8|d48|i3,512,137,0.002191743679846394
v2_spectrum,SU2-CNOT-line|n8|d48|i3|dir=gaussian|basis=Z|eta=0,SU2-CNOT-line|n8|d48|i3,512,138,0.002138688841671357
v2_spectrum,SU2-CNOT-line|n8|d48|i3|dir=gaussian|basis=Z|eta=0,SU2-CNOT-line|n8|d48|i3,512,139,0.002120540685016842
v2_spectrum,SU2-CNOT-line|n8|d48|i3|dir=gaussian|basis=Z|eta=0,SU2-CNOT-line|n8|d48|i3,512,140,0.0020839217456434527
v2_spectrum,SU2-CNOT-line|n8|d48|i3|dir=gaussian|basis=Z|eta=0,SU2-CNOT-line|n8|d48|i3,512,141,0.0020507165488271176
v2_spectrum,SU2-CNOT-line|n8|d48|i3|dir=gaussian|basis=Z|eta=0,SU2-CNOT-line|n8|d48|i3,512,142,0.00201285994823999
v2_spectrum,SU2-CNOT-line|n8|d48|i3|dir=gaussian|basis=Z|eta=0,SU2-CNOT-line|n8|d48|i3,512,143,0.0019933273069335906
v2_spectrum,SU2-CNOT-line|n8|d48|i3|dir=gaussian|basis=Z|eta=0,SU2-CNOT-line|n8|d48|i3,512,144,0.0019700477537889123
v2_spectrum,SU2-CNOT-line|n8|d48|i3|dir=gaussian|basis=Z|eta=0,SU2-CNOT-line|n8|d48|i3,512,145,0.0019496841432972473
v2_spectrum,SU2-CNOT-line|n8|d48|i3|dir=gaussian|basis=Z|eta=0,SU2-CNOT-line|n8|d48|i3,512,146,0.0019205098020774328
v2_spectrum,SU2-CNOT-line|n8|d48|i3|dir=gaussian|basis=Z|eta=0,SU2-CNOT-line|n8|d48|i3,512,147,0.0019099412860329346
v2_spectrum,SU2-CNOT-line|n8|d48|i3|dir=gaussian|basis=Z|eta=0,SU2-CNOT-line|n8|d48|i3,512,148,0.0018828486822312614
v2_spectrum,SU2-CNOT-line|n8|d48|i3|dir=gaussian|basis=Z|eta=0,SU2-CNOT-line|n8|d48|i3,512,149,0.001838761160678606
v2_spectrum,SU2-CNOT-line|n8|d48|i3|dir=gaussian|basis=Z|eta=0,SU2-CNOT-line|n8|d48|i3,512,150,0.0018015612914247582
v2_spectrum,SU2-CNOT-line|n8|d48|i3|dir=gaussian|basis=Z|eta=0,SU2-CNOT-line|n8|d48|i3,512,151,0.0017882112091012767
v2_spectrum,SU2-CNOT-line|n8|d48|i3|dir=gaussian|basis=Z|eta=0,SU2-CNOT-line|n8|d48|i3,512,152,0.0017737773964585746
v2_spectrum,SU2-CNOT-line|n8|d48|i3|dir=gaussian|basis=Z|eta=0,SU2-CNOT-line|n8|d48|i3,512,153,0.00175484571603654
v2_spectrum,SU2-CNOT-line|n8|d48|i3|dir=gaussian|basis=Z|eta=0,SU2-CNOT-line|n8|d48|i3,512,154,0.0017120745772211882
v2_spectrum,SU2-CNOT-line|n8|d48|i3|dir=gaussian|basis=Z|eta=0,SU2-CNOT-line|n8|d48|i3,512,155,0.0016841293775510995
v2_spectrum,SU2-CNOT-line|n8|d48|i3|dir=gaussian|basis=Z|eta=0,SU2-CNOT-line|n8|d48|i3,512,156,0.0016602262829979366
v2_spectrum,SU2-CNOT-line|n8|d48|i3|dir=gaussian|basis=Z|eta=0,SU2-CNOT-line|n8|d48|i3,512,157,0.0016462053219936596
v2_spectrum,SU2-CNOT-line|n8|d48|i3|dir=gaussian|basis=Z|eta=0,SU2-CNOT-line|n8|d48|i3,512,158,0.0015979800770835636
v2_spectrum,SU2-CNOT-line|n8|d48|i3|dir=gaussian|basis=Z|eta=0,SU2-CNOT-line|n8|d48|i3,512,159,0.0015741517579756993
v2_spectrum,SU2-CNOT-line|n8|d48|i3|dir=gaussian|basis=Z|eta=0,SU2-CNOT-line|n8|d48|i3,512,160,0.001568805002822543
v2_spectrum,SU2-CNOT-line|n8|d48|i3|dir=gaussian|basis=Z|eta=0,SU2-CNOT-line|n8|d48|i3,512,161,0.0015400164073873554
v2_spectrum,SU2-CNOT-line|n8|d48|i3|dir=gaussian|basis=Z|eta=0,SU2-CNOT-line|n8|d48|i3,512,162,0.0015103452900277394
v2_spectrum,SU2-CNOT-line|n8|d48|i3|dir=gaussian|basis=Z|eta=0,SU2-CNOT-line|n8|d48|i3,512,163,0.0014995553578458695
v2_spectrum,SU2-CNOT-line|n8|d48|i3|dir=gaussian|basis=Z|eta=0,SU2-CNOT-line|n8|d48|i3,512,164,0.0014487920747609689
v2_spectrum,SU2-CNOT-line|n8|d48|i3|dir=gaussian|basis=Z|eta=0,SU2-CNOT-line|n8|d48|i3,512,165,0.0014463482721617836
v2_spectrum,SU2-CNOT-line|n8|d48|i3|dir=gaussian|basis=Z|eta=0,SU2-CNOT-line|n8|d48|i3,512,166,0.0014188263326362016
v2_spectrum,SU2-CNOT-line|n8|d48|i3|dir=gaussian|basis=Z|eta=0,SU2-CNOT-line|n8|d48|i3,512,167,0.001400317671935281
v2_spectrum,SU2-CNOT-line|n8|d48|i3|dir=gaussian|basis=Z|eta=0,SU2-CNOT-line|n8|d48|i3,512,168,0.0013782835894325008
v2_spectrum,SU2-CNOT-line|n8|d48|i3|dir=gaussian|basis=Z|eta=0,SU2-CNOT-line|n8|d48|i3,512,169,0.0013469779964427886
v2_spectrum,SU2-CNOT-line|n8|d48|i3|dir=gaussian|basis=Z|eta=0,SU2-CNOT-line|n8|d48|i3,512,170,0.0013216962689554586
v2_spectrum,SU2-CNOT-line|n8|d48|i3|dir=gaussian|basis=Z|eta=0,SU2-CNOT-line|n8|d48|i3,512,171,0.0013193749471123973
v2_spectrum,SU2-CNOT-line|n8|d48|i3|dir=gaussian|basis=Z|eta=0,SU2-CNOT-line|n8|d48|i3,512,172,0.0012930403638095323
v2_spectrum,SU2-CNOT-line|n8|d48|i3|dir=gaussian|basis=Z|eta=0,SU2-CNOT-line|n8|d48|i3,512,173,0.0012745528597333114
v2_spectrum,SU2-CNOT-line|n8|d48|i3|dir=gaussian|basis=Z|eta=0,SU2-CNOT-line|n8|d48|i3,512,174,0.0012653639517599792
v2_spectrum,SU2-CNOT-line|n8|d48|i3|dir=gaussian|basis=Z|eta=0,SU2-CNOT-line|n8|d48|i3,512,175,0.0012537280348184456
v2_spectrum,SU2-CNOT-line|n8|d48|i3|dir=gaussian|basis=Z|eta=0,SU2-CNOT-line|n8|d48|i3,512,176,0.0012280870442387649
v2_spectrum,SU2-CNOT-line|n8|d48|i3|dir=gaussian|basis=Z|eta=0,SU2-CNOT-line|n8|d48|i3,512,177,0.001207902031515274
v2_spectrum,SU2-CNOT-line|n8|d48|i3|dir=gaussian|basis=Z|eta=0,SU2-CNOT-line|n8|d48|i3,512,178,0.0011713018069509906
v2_spectrum,SU2-CNOT-line|n8|d48|i3|dir=gaussian|basis=Z|eta=0,SU2-CNOT-line|n8|d48|i3,512,179,0.001151390535349056
v2_spectrum,SU2-CNOT-line|n8|d48|i3|dir=gaussian|basis=Z|eta=0,SU2-CNOT-line|n8|d48|i3,512,180,0.0011297322265791953
v2_spectrum,SU2-CNOT-line|n8|d48|i3|dir=gaussian|basis=Z|eta=0,SU2-CNOT-line|n8|d48|i3,512,181,0.001109433413752895
v2_spectrum,SU2-CNOT-line|n8|d48|i3|dir=gaussian|basis=Z|eta=0,SU2-CNOT-line|n8|d48|i3,512,182,0.0011053808693659388
v2_spectrum,SU2-CNOT-line|n8|d48|i3|dir=gaussian|basis=Z|eta=0,SU2-CNOT-line|n8|d48|i3,512,183,0.0010942333733152333
v2_spectrum,SU2-CNOT-line|n8|d48|i3|dir=gaussian|basis=Z|eta=0,SU2-CNOT-line|n8|d48|i3,512,184,0.0010863308177019924
v2_spectrum,SU2-CNOT-line|n8|d48|i3|dir=gaussian|basis=Z|eta=0,SU2-CNOT-line|n8|d48|i3,512,185,0.001068570271551068
v2_spectrum,SU2-CNOT-line|n8|d48|i3|dir=gaussian|basis=Z|eta=0,SU2-CNOT-line|n8|d48|i3,512,186,0.0010426901766034987
v2_spectrum,SU2-CNOT-line|n8|d48|i3|dir=gaussian|basis=Z|eta=0,SU2-CNOT-line|n8|d48|i3,512,187,0.001038392281486154
v2_spectrum,SU2-CNOT-line|n8|d48|i3|dir=gaussian|basis=Z|eta=0,SU2-CNOT-line|n8|d48|i3,512,188,0.0009986015975090804
v2_spectrum,SU2-CNOT-line|n8|d48|i3|dir=gaussian|basis=Z|eta=0,SU2-CNOT-line|n8|d48|i3,512,189,0.0009926628138094606
v2_spectrum,SU2-CNOT-line|n8|d48|i3|dir=gaussian|basis=Z|eta=0,SU2-CNOT-line|n8|d48|i3,512,190,0.0009702682053601562
v2_spectrum,SU2-CNOT-line|n8|d48|i3|dir=gaussian|basis=Z|eta=0,SU2-CNOT-line|n8|d48|i3,512,191,0.0009613131000523491
v2_spectrum,SU2-CNOT-line|n8|d48|i3|dir=gaussian|basis=Z|eta=0,SU2-CNOT-line|n8|d48|i3,512,192,0.000948003346675206
v2_spectrum,SU2-CNOT-line|n8|d48|i3|dir=gaussian|basis=Z|eta=0,SU2-CNOT-line|n8|d48|i3,512,193,0.0009273647049813339
v2_spectrum,SU2-CNOT-line|n8|d48|i3|dir=gaussian|basis=Z|eta=0,SU2-CNOT-line|n8|d48|i3,512,194,0.0009263341157381801
v2_spectrum,SU2-CNOT-line|n8|d48|i3|dir=gaussian|basis=Z|eta=0,SU2-CNOT-line|n8|d48|i3,512,195,0.0008912526896520359
v2_spectrum,SU2-CNOT-line|n8|d48|i3|dir=gaussian|basis=Z|eta=0,SU2-CNOT-line|n8|d48|i3,512,196,0.0008838122695182652
v2_spectrum,SU2-CNOT-line|n8|d48|i3|dir=gaussian|basis=Z|eta=0,SU2-CNOT-line|n8|d48|i3,512,197,0.0008575005357675352
v2_spectrum,SU2-CNOT-line|n8|d48|i3|dir=gaussian|basis=Z|eta=0,SU2-CNOT-line|n8|d48|i3,512,198,0.0008505503169500209
v2_spectrum,SU2-CNOT-line|n8|d48|i3|dir=gaussian|basis=Z|eta=0,SU2-CNOT-line|n8|d48|i3,512,199,0.0008277258196843555
v2_spectrum,SU2-CNOT-line|n8|d48|i3|dir=gaussian|basis=Z|eta=0,SU2-CNOT-line|n8|d48|i3,512,200,0.000809597818760951
v2_spectrum,SU2-CNOT-line|n8|d48|i3|dir=gaussian|basis=Z|eta=0,SU2-CNOT-line|n8|d48|i3,512,201,0.0007955871963427279
v2_spectrum,SU2-CNOT-line|n8|d48|i3|dir=gaussian|basis=Z|eta=0,SU2-CNOT-line|n8|d48|i3,512,202,0.0007885251050288078
v2_spectrum,SU2-CNOT-line|n8|d48|i3|dir=gaussian|basis=Z|eta=0,SU2-CNOT-line|n8|d48|i3,512,203,0.0007735944880101512
v2_spectrum,SU2-CNOT-line|n8|d48|i3|dir=gaussian|basis=Z|eta=0,SU2-CNOT-line|n8|d48|i3,512,204,0.0007668502429949368
v2_spectrum,SU2-CNOT-line|n8|d48|i3|dir=gaussian|basis=Z|eta=0,SU2-CNOT-line|n8|d48|i3,512,205,0.0007251865929980448
v2_spectrum,SU2-CNOT-line|n8|d48|i3|dir=gaussian|basis=Z|eta=0,SU2-CNOT-line|n8|d48|i3,512,206,0.0007166336575730865
v2_spectrum,SU2-CNOT-line|n8|d48|i3|dir=gaussian|basis=Z|eta=0,SU2-CNOT-line|n8|d48|i3,512,207,0.0006994980657698496
v2_spectrum,SU2-CNOT-line|n8|d48|i3|dir=gaussian|basis=Z|eta=0,SU2-CNOT-line|n8|d48|i3,512,208,0.0006970750919669595
v2_spectrum,SU2-CNOT-line|n8|d48|i3|dir=gaussian|basis=Z|eta=0,SU2-CNOT-line|n8|d48|i3,512,209,0.0006866390812233081
v2_spectrum,SU2-CNOT-line|n8|d48|i3|dir=gaussian|basis=Z|eta=0,SU2-CNOT-line|n8|d48|i3,512,210,0.0006733732922494301
v2_spectrum,SU2-CNOT-line|n8|d48|i3|dir=gaussian|basis=Z|eta=0,SU2-CNOT-line|n8|d48|i3,512,211,0.0006673868969195641
v2_spectrum,SU2-CNOT-line|n8|d48|i3|dir=gaussian|basis=Z|eta=0,SU2-CNOT-line|n8|d48|i3,512,212,0.0006370051196560499
v2_spectrum,SU2-CNOT-line|n8|d48|i3|dir=gaussian|basis=Z|eta=0,SU2-CNOT-line|n8|d48|i3,512,213,0.0006331815018434286
v2_spectrum,SU2-CNOT-line|n8|d48|i3|dir=gaussian|basis=Z|eta=0,SU2-CNOT-line|n8|d48|i3,512,214,0.0006276793508923635
v2_spectrum,SU2-CNOT-line|n8|d48|i3|dir=gaussian|basis=Z|eta=0,SU2-CNOT-line|n8|d48|i3,512,215,0.0006068219518865658
v2_spectrum,SU2-CNOT-line|n8|d48|i3|dir=gaussian|basis=Z|eta=0,SU2-CNOT-line|n8|d48|i3,512,216,0.0005977724268188162
v2_spectrum,SU2-CNOT-line|n8|d48|i3|dir=gaussian|basis=Z|eta=0,SU2-CNOT-line|n8|d48|i3,512,217,0.00059497387066482
v2_spectrum,SU2-CNOT-line|n8|d48|i3|dir=gaussian|basis=Z|eta=0,SU2-CNOT-line|n8|d48|i3,512,218,0.0005864673504896713
v2_spectrum,SU2-CNOT-line|n8|d48|i3|dir=gaussian|basis=Z|eta=0,SU2-CNOT-line|n8|d48|i3,512,219,0.0005616088936830767
v2_spectrum,SU2-CNOT-line|n8|d48|i3|dir=gaussian|basis=Z|eta=0,SU2-CNOT-line|n8|d48|i3,512,220,0.0005435980233226382
v2_spectrum,SU2-CNOT-line|n8|d48|i3|dir=gaussian|basis=Z|eta=0,SU2-CNOT-line|n8|d48|i3,512,221,0.000528069499581085
v2_spectrum,SU2-CNOT-line|n8|d48|i3|dir=gaussian|basis=Z|eta=0,SU2-CNOT-line|n8|d48|i3,512,222,0.0005179631971042433
v2_spectrum,SU2-CNOT-line|n8|d48|i3|dir=gaussian|basis=Z|eta=0,SU2-CNOT-line|n8|d48|i3,512,223,0.0005034724143854459
v2_spectrum,SU2-CNOT-line|n8|d48|i3|dir=gaussian|basis=Z|eta=0,SU2-CNOT-line|n8|d48|i3,512,224,0.0004986467403269597
v2_spectrum,SU2-CNOT-line|n8|d48|i3|dir=gaussian|basis=Z|eta=0,SU2-CNOT-line|n8|d48|i3,512,225,0.000487119441776702
v2_spectrum,SU2-CNOT-line|n8|d48|i3|dir=gaussian|basis=Z|eta=0,SU2-CNOT-line|n8|d48|i3,512,226,0.00047808781725760564
v2_spectrum,SU2-CNOT-line|n8|d48|i3|dir=gaussian|basis=Z|eta=0,SU2-CNOT-line|n8|d48|i3,512,227,0.000470356113494926
v2_spectrum,SU2-CNOT-line|n8|d48|i3|dir=gaussian|basis=Z|eta=0,SU2-CNOT-line|n8|d48|i3,512,228,0.000452341992150925
v2_spectrum,SU2-CNOT-line|n8|d48|i3|dir=gaussian|basis=Z|eta=0,SU2-CNOT-line|n8|d48|i3,512,229,0.00044173932148664245
v2_spectrum,SU2-CNOT-line|n8|d48|i3|dir=gaussian|basis=Z|eta=0,SU2-CNOT-line|n8|d48|i3,512,230,0.00043944334629616647
v2_spectrum,SU2-CNOT-line|n8|d48|i3|dir=gaussian|basis=Z|eta=0,SU2-CNOT-line|n8|d48|i3,512,231,0.00042518390945537395
v2_spectrum,SU2-CNOT-line|n8|d48|i3|dir=gaussian|basis=Z|eta=0,SU2-CNOT-line|n8|d48|i3,512,232,0.0004180680480031151
v2_spectrum,SU2-CNOT-line|n8|d48|i3|dir=gaussian|basis=Z|eta=0,SU2-CNOT-line|n8|d48|i3,512,233,0.0003994395343955658
v2_spectrum,SU2-CNOT-line|n8|d48|i3|dir=gaussian|basis=Z|eta=0,SU2-CNOT-line|n8|d48|i3,512,234,0.000392070188884043
v2_spectrum,SU2-CNOT-line|n8|d48|i3|dir=gaussian|basis=Z|eta=0,SU2-CNOT-line|n8|d48|i3,512,235,0.0003749320865039891
v2_spectrum,SU2-CNOT-line|n8|d48|i3|dir=gaussian|basis=Z|eta=0,SU2-CNOT-line|n8|d48|i3,512,236,0.00037186964115066586
v2_spectrum,SU2-CNOT-line|n8|d48|i3|dir=gaussian|basis=Z|eta=0,SU2-CNOT-line|n8|d48|i3,512,237,0.00036010831882758607
v2_spectrum,SU2-CNOT-line|n8|d48|i3|dir=gaussian|basis=Z|eta=0,SU2-CNOT-line|n8|d48|i3,512,238,0.00034913645990067906
v2_spectrum,SU2-CNOT-line|n8|d48|i3|dir=gaussian|basis=Z|eta=0,SU2-CNOT-line|n8|d48|i3,512,239,0.0003401655881439539
v2_spectrum,SU2-CNOT-line|n8|d48|i3|dir=gaussian|basis=Z|eta=0,SU2-CNOT-line|n8|d48|i3,512,240,0.000328875116378864
v2_spectrum,SU2-CNOT-line|n8|d48|i3|dir=gaussian|basis=Z|eta=0,SU2-CNOT-line|n8|d48|i3,512,241,0.000318268348449429
v2_spectrum,SU2-CNOT-line|n8|d48|i3|dir=gaussian|basis=Z|eta=0,SU2-CNOT-line|n8|d48|i3,512,242,0.0003039355404680094
v2_spectrum,SU2-CNOT-line|n8|d48|i3|dir=gaussian|basis=Z|eta=0,SU2-CNOT-line|n8|d48|i3,512,243,0.00029272476098289054
v2_spectrum,SU2-CNOT-line|n8|d48|i3|dir=gaussian|basis=Z|eta=0,SU2-CNOT-line|n8|d48|i3,512,244,0.0002805874984687459
v2_spectrum,SU2-CNOT-line|n8|d48|i3|dir=gaussian|basis=Z|eta=0,SU2-CNOT-line|n8|d48|i3,512,245,0.0002706409969975068
v2_spectrum,SU2-CNOT-line|n8|d48|i3|dir=gaussian|basis=Z|eta=0,SU2-CNOT-line|n8|d48|i3,512,246,0.00026267778956000473
v2_spectrum,SU2-CNOT-line|n8|d48|i3|dir=gaussian|basis=Z|eta=0,SU2-CNOT-line|n8|d48|i3,512,247,0.0002556660903948727
v2_spectrum,SU2-CNOT-line|n8|d48|i3|dir=gaussian|basis=Z|eta=0,SU2-CNOT-line|n8|d48|i3,512,248,0.00024328209138100898
v2_spectrum,SU2-CNOT-line|n8|d48|i3|dir=gaussian|basis=Z|eta=0,SU2-CNOT-line|n8|d48|i3,512,249,0.0002393058161205144
v2_spectrum,SU2-CNOT-line|n8|d48|i3|dir=gaussian|basis=Z|eta=0,SU2-CNOT-line|n8|d48|i3,512,250,0.0002215531171335427
v2_spectrum,SU2-CNOT-line|n8|d48|i3|dir=gaussian|basis=Z|eta=0,SU2-CNOT-line|n8|d48|i3,512,251,0.00021398593565186483
v2_spectrum,SU2-CNOT-line|n8|d48|i3|dir=gaussian|basis=Z|eta=0,SU2-CNOT-line|n8|d48|i3,512,252,0.0002123569488294846
v2_spectrum,SU2-CNOT-line|n8|d48|i3|dir=gaussian|basis=Z|eta=0,SU2-CNOT-line|n8|d48|i3,512,253,0.000194278712584148
v2_spectrum,SU2-CNOT-line|n8|d48|i3|dir=gaussian|basis=Z|eta=0,SU2-CNOT-line|n8|d48|i3,512,254,0.0001838087959662866
v2_spectrum,SU2-CNOT-line|n8|d48|i3|dir=gaussian|basis=Z|eta=0,SU2-CNOT-line|n8|d48|i3,512,255,0.00015968555117469019
v2_spectrum,SU2-HaarU4-brickwork|n10|d60|i3|dir=gaussian|basis=Z|eta=0,SU2-HaarU4-brickwork|n10|d60|i3,512,1,0.013018898266348345
v2_spectrum,SU2-HaarU4-brickwork|n10|d60|i3|dir=gaussian|basis=Z|eta=0,SU2-HaarU4-brickwork|n10|d60|i3,512,2,0.012027232035649356
v2_spectrum,SU2-HaarU4-brickwork|n10|d60|i3|dir=gaussian|basis=Z|eta=0,SU2-HaarU4-brickwork|n10|d60|i3,512,3,0.011443875661173943
v2_spectrum,SU2-HaarU4-brickwork|n10|d60|i3|dir=gaussian|basis=Z|eta=0,SU2-HaarU4-brickwork|n10|d60|i3,512,4,0.011296082242607376
v2_spectrum,SU2-HaarU4-brickwork|n10|d60|i3|dir=gaussian|basis=Z|eta=0,SU2-HaarU4-brickwork|n10|d60|i3,512,5,0.011150070587570992
v2_spectrum,SU2-HaarU4-brickwork|n10|d60|i3|dir=gaussian|basis=Z|eta=0,SU2-HaarU4-brickwork|n10|d60|i3,512,6,0.010838594871553803
v2_spectrum,SU2-HaarU4-brickwork|n10|d60|i3|dir=gaussian|basis=Z|eta=0,SU2-HaarU4-brickwork|n10|d60|i3,512,7,0.010557137736923928
v2_spectrum,SU2-HaarU4-brickwork|n10|d60|i3|dir=gaussian|basis=Z|eta=0,SU2-HaarU4-brickwork|n10|d60|i3,512,8,0.010226828950848298
v2_spectrum,SU2-HaarU4-brickwork|n10|d60|i3|dir=gaussian|basis=Z|eta=0,SU2-HaarU4-brickwork|n10|d60|i3,512,9,0.009881840394625583
v2_spectrum,SU2-HaarU4-brickwork|n10|d60|i3|dir=gaussian|basis=Z|eta=0,SU2-HaarU4-brickwork|n10|d60|i3,512,10,0.009634457063682803
v2_spectrum,SU2-HaarU4-brickwork|n10|d60|i3|dir=gaussian|basis=Z|eta=0,SU2-HaarU4-brickwork|n10|d60|i3,512,11,0.009542367231382822
v2_spectrum,SU2-HaarU4-brickwork|n10|d60|i3|dir=gaussian|basis=Z|eta=0,SU2-HaarU4-brickwork|n10|d60|i3,512,12,0.009438127847272862
v2_spectrum,SU2-HaarU4-brickwork|n10|d60|i3|dir=gaussian|basis=Z|eta=0,SU2-HaarU4-brickwork|n10|d60|i3,512,13,0.009214297634959482
v2_spectrum,SU2-HaarU4-brickwork|n10|d60|i3|dir=gaussian|basis=Z|eta=0,SU2-HaarU4-brickwork|n10|d60|i3,512,14,0.009014379492837203
v2_spectrum,SU2-HaarU4-brickwork|n10|d60|i3|dir=gaussian|basis=Z|eta=0,SU2-HaarU4-brickwork|n10|d60|i3,512,15,0.008832796701828478
v2_spectrum,SU2-HaarU4-brickwork|n10|d60|i3|dir=gaussian|basis=Z|eta=0,SU2-HaarU4-brickwork|n10|d60|i3,512,16,0.008744177370225125
v2_spectrum,SU2-HaarU4-brickwork|n10|d60|i3|dir=gaussian|basis=Z|eta=0,SU2-HaarU4-brickwork|n10|d60|i3,512,17,0.008550316041662384
v2_spectrum,SU2-HaarU4-brickwork|n10|d60|i3|dir=gaussian|basis=Z|eta=0,SU2-HaarU4-brickwork|n10|d60|i3,512,18,0.008477681391815177
v2_spectrum,SU2-HaarU4-brickwork|n10|d60|i3|dir=gaussian|basis=Z|eta=0,SU2-HaarU4-brickwork|n10|d60|i3,512,19,0.008340714720531595
v2_spectrum,SU2-HaarU4-brickwork|n10|d60|i3|dir=gaussian|basis=Z|eta=0,SU2-HaarU4-brickwork|n10|d60|i3,512,20,0.00820824955169157
v2_spectrum,SU2-HaarU4-brickwork|n10|d60|i3|dir=gaussian|basis=Z|eta=0,SU2-HaarU4-brickwork|n10|d60|i3,512,21,0.008097067915130318
v2_spectrum,SU2-HaarU4-brickwork|n10|d60|i3|dir=gaussian|basis=Z|eta=0,SU2-HaarU4-brickwork|n10|d60|i3,512,22,0.007892311076700229
v2_spectrum,SU2-HaarU4-brickwork|n10|d60|i3|dir=gaussian|basis=Z|eta=0,SU2-HaarU4-brickwork|n10|d60|i3,512,23,0.007794603379138178
v2_spectrum,SU2-HaarU4-brickwork|n10|d60|i3|dir=gaussian|basis=Z|eta=0,SU2-HaarU4-brickwork|n10|d60|i3,512,24,0.007631994094154654
v2_spectrum,SU2-HaarU4-brickwork|n10|d60|i3|dir=gaussian|basis=Z|eta=0,SU2-HaarU4-brickwork|n10|d60|i3,512,25,0.007599476603898119
v2_spectrum,SU2-HaarU4-brickwork|n10|d60|i3|dir=gaussian|basis=Z|eta=0,SU2-HaarU4-brickwork|n10|d60|i3,512,26,0.007454475773840252
v2_spectrum,SU2-HaarU4-brickwork|n10|d60|i3|dir=gaussian|basis=Z|eta=0,SU2-HaarU4-brickwork|n10|d60|i3,512,27,0.007446090856730744
v2_spectrum,SU2-HaarU4-brickwork|n10|d60|i3|dir=gaussian|basis=Z|eta=0,SU2-HaarU4-brickwork|n10|d60|i3,512,28,0.00732615505180777
v2_spectrum,SU2-HaarU4-brickwork|n10|d60|i3|dir=gaussian|basis=Z|eta=0,SU2-HaarU4-brickwork|n10|d60|i3,512,29,0.0072139993636626395
v2_spectrum,SU2-HaarU4-brickwork|n10|d60|i3|dir=gaussian|basis=Z|eta=0,SU2-HaarU4-brickwork|n10|d60|i3,512,30,0.007140939983989026
v2_spectrum,SU2-HaarU4-brickwork|n10|d60|i3|dir=gaussian|basis=Z|eta=0,SU2-HaarU4-brickwork|n10|d60|i3,512,31,0.007012974396578743
v2_spectrum,SU2-HaarU4-brickwork|n10|d60|i3|dir=gaussian|basis=Z|eta=0,SU2-HaarU4-brickwork|n10|d60|i3,512,32,0.006909099619193235
v2_spectrum,SU2-HaarU4-brickwork|n10|d60|i3|dir=gaussian|basis=Z|eta=0,SU2-HaarU4-brickwork|n10|d60|i3,512,33,0.0068110269574421685
v2_spectrum,SU2-HaarU4-brickwork|n10|d60|i3|dir=gaussian|basis=Z|eta=0,SU2-HaarU4-brickwork|n10|d60|i3,512,34,0.006705430315265228
v2_spectrum,SU2-HaarU4-brickwork|n10|d60|i3|dir=gaussian|basis=Z|eta=0,SU2-HaarU4-brickwork|n10|d60|i3,512,35,0.006664411196941465
v2_spectrum,SU2-HaarU4-brickwork|n10|d60|i3|dir=gaussian|basis=Z|eta=0,SU2-HaarU4-brickwork|n10|d60|i3,512,36,0.006617490689834491
v2_spectrum,SU2-HaarU4-brickwork|n10|d60|i3|dir=gaussian|basis=Z|eta=0,SU2-HaarU4-brickwork|n10|d60|i3,512,37,0.006467384006759214
v2_spectrum,SU2-HaarU4-brickwork|n10|d60|i3|dir=gaussian|basis=Z|eta=0,SU2-HaarU4-brickwork|n10|d60|i3,512,38,0.006420458398777463
v2_spectrum,SU2-HaarU4-brickwork|n10|d60|i3|dir=gaussian|basis=Z|eta=0,SU2-HaarU4-brickwork|n10|d60|i3,512,39,0.006311132745284747
v2_spectrum,SU2-HaarU4-brickwork|n10|d60|i3|dir=gaussian|basis=Z|eta=0,SU2-HaarU4-brickwork|n10|d60|i3,512,40,0.00626151236626265
v2_spectrum,SU2-HaarU4-brickwork|n10|d60|i3|dir=gaussian|basis=Z|eta=0,SU2-HaarU4-brickwork|n10|d60|i3,512,41,0.006181985141838435
v2_spectrum,SU2-HaarU4-brickwork|n10|d60|i3|dir=gaussian|basis=Z|eta=0,SU2-HaarU4-brickwork|n10|d60|i3,512,42,0.006115178176637122
v2_spectrum,SU2-HaarU4-brickwork|n10|d60|i3|dir=gaussian|basis=Z|eta=0,SU2-HaarU4-brickwork|n10|d60|i3,512,43,0.006103707062703735
v2_spectrum,SU2-HaarU4-brickwork|n10|d60|i3|dir=gaussian|basis=Z|eta=0,SU2-HaarU4-brickwork|n10|d60|i3,512,44,0.006024342843721331
v2_spectrum,SU2-HaarU4-brickwork|n10|d60|i3|dir=gaussian|basis=Z|eta=0,SU2-HaarU4-brickwork|n10|d60|i3,512,45,0.005974772438199291
v2_spectrum,SU2-HaarU4-brickwork|n10|d60|i3|dir=gaussian|basis=Z|eta=0,SU2-HaarU4-brickwork|n10|d60|i3,512,46,0.005905311002935082
v2_spectrum,SU2-HaarU4-brickwork|n10|d60|i3|dir=gaussian|basis=Z|eta=0,SU2-HaarU4-brickwork|n10|d60|i3,512,47,0.005856145905867937
v2_spectrum,SU2-HaarU4-brickwork|n10|d60|i3|dir=gaussian|basis=Z|eta=0,SU2-HaarU4-brickwork|n10|d60|i3,512,48,0.0057576939749144004
v2_spectrum,SU2-HaarU4-brickwork|n10|d60|i3|dir=gaussian|basis=Z|eta=0,SU2-HaarU4-brickwork|n10|d60|i3,512,49,0.005698319685978728
v2_spectrum,SU2-HaarU4-brickwork|n10|d60|i3|dir=gaussian|basis=Z|eta=0,SU2-HaarU4-brickwork|n10|d60|i3,512,50,0.005637012696521322
v2_spectrum,SU2-HaarU4-brickwork|n10|d60|i3|dir=gaussian|basis=Z|eta=0,SU2-HaarU4-brickwork|n10|d60|i3,512,51,0.005550312844330856
v2_spectrum,SU2-HaarU4-brickwork|n10|d60|i3|dir=gaussian|basis=Z|eta=0,SU2-HaarU4-brickwork|n10|d60|i3,512,52,0.005478036778423782
v2_spectrum,SU2-HaarU4-brickwork|n10|d60|i3|dir=gaussian|basis=Z|eta=0,SU2-HaarU4-brickwork|n10|d60|i3,512,53,0.005415020772822729
v2_spectrum,SU2-HaarU4-brickwork|n10|d60|i3|dir=gaussian|basis=Z|eta=0,SU2-HaarU4-brickwork|n10|d60|i3,512,54,0.005400137397574305
v2_spectrum,SU2-HaarU4-brickwork|n10|d60|i3|dir=gaussian|basis=Z|eta=0,SU2-HaarU4-brickwork|n10|d60|i3,512,55,0.005344671927439594
v2_spectrum,SU2-HaarU4-brickwork|n10|d60|i3|dir=gaussian|basis=Z|eta=0,SU2-HaarU4-brickwork|n10|d60|i3,512,56,0.005341413385642967
v2_spectrum,SU2-HaarU4-brickwork|n10|d60|i3|dir=gaussian|basis=Z|eta=0,SU2-HaarU4-brickwork|n10|d60|i3,512,57,0.005296442030795244
v2_spectrum,SU2-HaarU4-brickwork|n10|d60|i3|dir=gaussian|basis=Z|eta=0,SU2-HaarU4-brickwork|n10|d60|i3,512,58,0.005257296554666263
v2_spectrum,SU2-HaarU4-brickwork|n10|d60|i3|dir=gaussian|basis=Z|eta=0,SU2-HaarU4-brickwork|n10|d60|i3,512,59,0.005183210053935796
v2_spectrum,SU2-HaarU4-brickwork|n10|d60|i3|dir=gaussian|basis=Z|eta=0,SU2-HaarU4-brickwork|n10|d60|i3,512,60,0.005087045803441446
v2_spectrum,SU2-HaarU4-brickwork|n10|d60|i3|dir=gaussian|basis=Z|eta=0,SU2-HaarU4-brickwork|n10|d60|i3,512,61,0.0050458248163994775
v2_spectrum,SU2-HaarU4-brickwork|n10|d60|i3|dir=gaussian|basis=Z|eta=0,SU2-HaarU4-brickwork|n10|d60|i3,512,62,0.005026374437010445
v2_spectrum,SU2-HaarU4-brickwork|n10|d60|i3|dir=gaussian|basis=Z|eta=0,SU2-HaarU4-brickwork|n10|d60|i3,512,63,0.004987415179751812
v2_spectrum,SU2-HaarU4-brickwork|n10|d60|i3|dir=gaussian|basis=Z|eta=0,SU2-HaarU4-brickwork|n10|d60|i3,512,64,0.004868489613318925
v2_spectrum,SU2-HaarU4-brickwork|n10|d60|i3|dir=gaussian|basis=Z|eta=0,SU2-HaarU4-brickwork|n10|d60|i3,512,65,0.004830757915096082
v2_spectrum,SU2-HaarU4-brickwork|n10|d60|i3|dir=gaussian|basis=Z|eta=0,SU2-HaarU4-brickwork|n10|d60|i3,512,66,0.004780203797865386
v2_spectrum,SU2-HaarU4-brickwork|n10|d60|i3|dir=gaussian|basis=Z|eta=0,SU2-HaarU4-brickwork|n10|d60|i3,512,67,0.004740743583027596
v2_spectrum,SU2-HaarU4-brickwork|n10|d60|i3|dir=gaussian|basis=Z|eta=0,SU2-HaarU4-brickwork|n10|d60|i3,512,68,0.004728726739946005
v2_spectrum,SU2-HaarU4-brickwork|n10|d60|i3|dir=gaussian|basis=Z|eta=0,SU2-HaarU4-brickwork|n10|d60|i3,512,69,0.004636362372375797
v2_spectrum,SU2-HaarU4-brickwork|n10|d60|i3|dir=gaussian|basis=Z|eta=0,SU2-HaarU4-brickwork|n10|d60|i3,512,70,0.004609340971075601
v2_spectrum,SU2-HaarU4-brickwork|n10|d60|i3|dir=gaussian|basis=Z|eta=0,SU2-HaarU4-brickwork|n10|d60|i3,512,71,0.004532998312563807
v2_spectrum,SU2-HaarU4-brickwork|n10|d60|i3|dir=gaussian|basis=Z|eta=0,SU2-HaarU4-brickwork|n10|d60|i3,512,72,0.004528364111210622
v2_spectrum,SU2-HaarU4-brickwork|n10|d60|i3|dir=gaussian|basis=Z|eta=0,SU2-HaarU4-brickwork|n10|d60|i3,512,73,0.004506304570807604
v2_spectrum,SU2-HaarU4-brickwork|n10|d60|i3|dir=gaussian|basis=Z|eta=0,SU2-HaarU4-brickwork|n10|d60|i3,512,74,0.004470928213243084
v2_spectrum,SU2-HaarU4-brickwork|n10|d60|i3|dir=gaussian|basis=Z|eta=0,SU2-HaarU4-brickwork|n10|d60|i3,512,75,0.004379642238033414
v2_spectrum,SU2-HaarU4-brickwork|n10|d60|i3|dir=gaussian|basis=Z|eta=0,SU2-HaarU4-brickwork|n10|d60|i3,512,76,0.004325866942477572
v2_spectrum,SU2-HaarU4-brickwork|n10|d60|i3|dir=gaussian|basis=Z|eta=0,SU2-HaarU4-brickwork|n10|d60|i3,512,77,0.004298081485460322
v2_spectrum,SU2-HaarU4-brickwork|n10|d60|i3|dir=gaussian|basis=Z|eta=0,SU2-HaarU4-brickwork|n10|d60|i3,512,78,0.00426563465882686
v2_spectrum,SU2-HaarU4-brickwork|n10|d60|i3|dir=gaussian|basis=Z|eta=0,SU2-HaarU4-brickwork|n10|d60|i3,512,79,0.004231924228709086
v2_spectrum,SU2-HaarU4-brickwork|n10|d60|i3|dir=gaussian|basis=Z|eta=0,SU2-HaarU4-brickwork|n10|d60|i3,512,80,0.004178400859267304
v2_spectrum,SU2-HaarU4-brickwork|n10|d60|i3|dir=gaussian|basis=Z|eta=0,SU2-HaarU4-brickwork|n10|d60|i3,512,81,0.004170171293313502
v2_spectrum,SU2-HaarU4-brickwork|n10|d60|i3|dir=gaussian|basis=Z|eta=0,SU2-HaarU4-brickwork|n10|d60|i3,512,82,0.004086869033515988
v2_spectrum,SU2-HaarU4-brickwork|n10|d60|i3|dir=gaussian|basis=Z|eta=0,SU2-HaarU4-brickwork|n10|d60|i3,512,83,0.004045027450538701
v2_spectrum,SU2-HaarU4-brickwork|n10|d60|i3|dir=gaussian|basis=Z|eta=0,SU2-HaarU4-brickwork|n10|d60|i3,512,84,0.0039989061020169305
v2_spectrum,SU2-HaarU4-brickwork|n10|d60|i3|dir=gaussian|basis=Z|eta=0,SU2-HaarU4-brickwork|n10|d60|i3,512,85,0.003970128423857523
v2_spectrum,SU2-HaarU4-brickwork|n10|d60|i3|dir=gaussian|basis=Z|eta=0,SU2-HaarU4-brickwork|n10|d60|i3,512,86,0.003947549573418389
v2_spectrum,SU2-HaarU4-brickwork|n10|d60|i3|dir=gaussian|basis=Z|eta=0,SU2-HaarU4-brickwork|n10|d60|i3,512,87,0.003922291060372712
v2_spectrum,SU2-HaarU4-brickwork|n10|d60|i3|dir=gaussian|basis=Z|eta=0,SU2-HaarU4-brickwork|n10|d60|i3,512,88,0.003896688234957239
v2_spectrum,SU2-HaarU4-brickwork|n10|d60|i3|dir=gaussian|basis=Z|eta=0,SU2-HaarU4-brickwork|n10|d60|i3,512,89,0.0038534975470661003
v2_spectrum,SU2-HaarU4-brickwork|n10|d60|i3|dir=gaussian|basis=Z|eta=0,SU2-HaarU4-brickwork|n10|d60|i3,512,90,0.003815703598027367
v2_spectrum,SU2-HaarU4-brickwork|n10|d60|i3|dir=gaussian|basis=Z|eta=0,SU2-HaarU4-brickwork|n10|d60|i3,512,91,0.003792774082532984
v2_spectrum,SU2-HaarU4-brickwork|n10|d60|i3|dir=gaussian|basis=Z|eta=0,SU2-HaarU4-brickwork|n10|d60|i3,512,92,0.0037673083867220693
v2_spectrum,SU2-HaarU4-brickwork|n10|d60|i3|dir=gaussian|basis=Z|eta=0,SU2-HaarU4-brickwork|n10|d60|i3,512,93,0.0037214752109714115
v2_spectrum,SU2-HaarU4-brickwork|n10|d60|i3|dir=gaussian|basis=Z|eta=0,SU2-HaarU4-brickwork|n10|d60|i3,512,94,0.0036962025062577146
v2_spectrum,SU2-HaarU4-brickwork|n10|d60|i3|dir=gaussian|basis=Z|eta=0,SU2-HaarU4-brickwork|n10|d60|i3,512,95,0.0036612218960013327
v2_spectrum,SU2-HaarU4-brickwork|n10|d60|i3|dir=gaussian|basis=Z|eta=0,SU2-HaarU4-brickwork|n10|d60|i3,512,96,0.0036092919050230167
v2_spectrum,SU2-HaarU4-brickwork|n10|d60|i3|dir=gaussian|basis=Z|eta=0,SU2-HaarU4-brickwork|n10|d60|i3,512,97,0.0035457339837980835
v2_spectrum,SU2-HaarU4-brickwork|n10|d60|i3|dir=gaussian|basis=Z|eta=0,SU2-HaarU4-brickwork|n10|d60|i3,512,98,0.0035080101103438957
v2_spectrum,SU2-HaarU4-brickwork|n10|d60|i3|dir=gaussian|basis=Z|eta=0,SU2-HaarU4-brickwork|n10|d60|i3,512,99,0.003481357926452682
v2_spectrum,SU2-HaarU4-brickwork|n10|d60|i3|dir=gaussian|basis=Z|eta=0,SU2-HaarU4-brickwork|n10|d60|i3,512,100,0.003452272542248857
v2_spectrum,SU2-HaarU4-brickwork|n10|d60|i3|dir=gaussian|basis=Z|eta=0,SU2-HaarU4-brickwork|n10|d60|i3,512,101,0.0034099506742065874
v2_spectrum,SU2-HaarU4-brickwork|n10|d60|i3|dir=gaussian|basis=Z|eta=0,SU2-HaarU4-brickwork|n10|d60|i3,512,102,0.003373628549558992
v2_spectrum,SU2-HaarU4-brickwork|n10|d60|i3|dir=gaussian|basis=Z|eta=0,SU2-HaarU4-brickwork|n10|d60|i3,512,103,0.003348382446786323
v2_spectrum,SU2-HaarU4-brickwork|n10|d60|i3|dir=gaussian|basis=Z|eta=0,SU2-HaarU4-brickwork|n10|d60|i3,512,104,0.0033358724871234524
v2_spectrum,SU2-HaarU4-brickwork|n10|d60|i3|dir=gaussian|basis=Z|eta=0,SU2-HaarU4-brickwork|n10|d60|i3,512,105,0.0033065085776484084
v2_spectrum,SU2-HaarU4-brickwork|n10|d60|i3|dir=gaussian|basis=Z|eta=0,SU2-HaarU4-brickwork|n10|d60|i3,512,106,0.003275414747816867
v2_spectrum,SU2-HaarU4-brickwork|n10|d60|i3|dir=gaussian|basis=Z|eta=0,SU2-HaarU4-brickwork|n10|d60|i3,512,107,0.0032612467059674397
v2_spectrum,SU2-HaarU4-brickwork|n10|d60|i3|dir=gaussian|basis=Z|eta=0,SU2-HaarU4-brickwork|n10|d60|i3,512,108,0.0032028685908880167
v2_spectrum,SU2-HaarU4-brickwork|n10|d60|i3|dir=gaussian|basis=Z|eta=0,SU2-HaarU4-brickwork|n10|d60|i3,512,109,0.003193606669801462
v2_spectrum,SU2-HaarU4-brickwork|n10|d60|i3|dir=gaussian|basis=Z|eta=0,SU2-HaarU4-brickwork|n10|d60|i3,512,110,0.0031642076666221295
v2_spectrum,SU2-HaarU4-brickwork|n10|d60|i3|dir=gaussian|basis=Z|eta=0,SU2-HaarU4-brickwork|n10|d60|i3,512,111,0.0031254436482270665
v2_spectrum,SU2-HaarU4-brickwork|n10|d60|i3|dir=gaussian|basis=Z|eta=0,SU2-HaarU4-brickwork|n10|d60|i3,512,112,0.0030985758760866816
v2_spectrum,SU2-HaarU4-brickwork|n10|d60|i3|dir=gaussian|basis=Z|eta=0,SU2-HaarU4-brickwork|n10|d60|i3,512,113,0.003085004654950054
v2_spectrum,SU2-HaarU4-brickwork|n10|d60|i3|dir=gaussian|basis=Z|eta=0,SU2-HaarU4-brickwork|n10|d60|i3,512,114,0.003022655281536235
v2_spectrum,SU2-HaarU4-brickwork|n10|d60|i3|dir=gaussian|basis=Z|eta=0,SU2-HaarU4-brickwork|n10|d60|i3,512,115,0.002987051037549961
v2_spectrum,SU2-HaarU4-brickwork|n10|d60|i3|dir=gaussian|basis=Z|eta=0,SU2-HaarU4-brickwork|n10|d60|i3,512,116,0.0029518342784345176
v2_spectrum,SU2-HaarU4-brickwork|n10|d60|i3|dir=gaussian|basis=Z|eta=0,SU2-HaarU4-brickwork|n10|d60|i3,512,117,0.002942769457917944
v2_spectrum,SU2-HaarU4-brickwork|n10|d60|i3|dir=gaussian|basis=Z|eta=0,SU2-HaarU4-brickwork|n10|d60|i3,512,118,0.002922971094080359
v2_spectrum,SU2-HaarU4-brickwork|n10|d60|i3|dir=gaussian|basis=Z|eta=0,SU2-HaarU4-brickwork|n10|d60|i3,512,119,0.002912180772927848
v2_spectrum,SU2-HaarU4-brickwork|n10|d60|i3|dir=gaussian|basis=Z|eta=0,SU2-HaarU4-brickwork|n10|d60|i3,512,120,0.002894394119615398
v2_spectrum,SU2-HaarU4-brickwork|n10|d60|i3|dir=gaussian|basis=Z|eta=0,SU2-HaarU4-brickwork|n10|d60|i3,512,121,0.0028790214108154657
v2_spectrum,SU2-HaarU4-brickwork|n10|d60|i3|dir=gaussian|basis=Z|eta=0,SU2-HaarU4-brickwork|n10|d60|i3,512,122,0.002804033811918332
v2_spectrum,SU2-HaarU4-brickwork|n10|d60|i3|dir=gaussian|basis=Z|eta=0,SU2-HaarU4-brickwork|n10|d60|i3,512,123,0.0027862475451630687
v2_spectrum,SU2-HaarU4-brickwork|n10|d60|i3|dir=gaussian|basis=Z|eta=0,SU2-HaarU4-brickwork|n10|d60|i3,512,124,0.0027610629050560413
v2_spectrum,SU2-HaarU4-brickwork|n10|d60|i3|dir=gaussian|basis=Z|eta=0,SU2-HaarU4-brickwork|n10|d60|i3,512,125,0.0027492943131079833
v2_spectrum,SU2-HaarU4-brickwork|n10|d60|i3|dir=gaussian|basis=Z|eta=0,SU2-HaarU4-brickwork|n10|d60|i3,512,126,0.00272854344189163
v2_spectrum,SU2-HaarU4-brickwork|n10|d60|i3|dir=gaussian|basis=Z|eta=0,SU2-HaarU4-brickwork|n10|d60|i3,512,127,0.0027203870657390833
v2_spectrum,SU2-HaarU4-brickwork|n10|d60|i3|dir=gaussian|basis=Z|eta=0,SU2-HaarU4-brickwork|n10|d60|i3,512,128,0.002670377265220935
v2_spectrum,SU2-HaarU4-brickwork|n10|d60|i3|dir=gaussian|basis=Z|eta=0,SU2-HaarU4-brickwork|n10|d60|i3,512,129,0.0026642393964886597
v2_spectrum,SU2-HaarU4-brickwork|n10|d60|i3|dir=gaussian|basis=Z|eta=0,SU2-HaarU4-brickwork|n10|d60|i3,512,130,0.002627201716760086
v2_spectrum,SU2-HaarU4-brickwork|n10|d60|i3|dir=gaussian|basis=Z|eta=0,SU2-HaarU4-brickwork|n10|d60|i3,512,131,0.002624871308517834
v2_spectrum,SU2-HaarU4-brickwork|n10|d60|i3|dir=gaussian|basis=Z|eta=0,SU2-HaarU4-brickwork|n10|d60|i3,512,132,0.0025899562960900705
v2_spectrum,SU2-HaarU4-brickwork|n10|d60|i3|dir=gaussian|basis=Z|eta=0,SU2-HaarU4-brickwork|n10|d60|i3,512,133,0.002583103210411343
v2_spectrum,SU2-HaarU4-brickwork|n10|d60|i3|dir=gaussian|basis=Z|eta=0,SU2-HaarU4-brickwork|n10|d60|i3,512,134,0.002559356051346313
v2_spectrum,SU2-HaarU4-brickwork|n10|d60|i3|dir=gaussian|basis=Z|eta=0,SU2-HaarU4-brickwork|n10|d60|i3,512,135,0.0025209214795281236
v2_spectrum,SU2-HaarU4-brickwork|n10|d60|i3|dir=gaussian|basis=Z|eta=0,SU2-HaarU4-brickwork|n10|d60|i3,512,136,0.00249017984900854
v2_spectrum,SU2-HaarU4-brickwork|n10|d60|i3|dir=gaussian|basis=Z|eta=0,SU2-HaarU4-brickwork|n10|d60|i3,512,137,0.002467914739387643
v2_spectrum,SU2-HaarU4-brickwork|n10|d60|i3|dir=gaussian|basis=Z|eta=0,SU2-HaarU4-brickwork|n10|d60|i3,512,138,0.002439822124566843
v2_spectrum,SU2-HaarU4-brickwork|n10|d60|i3|dir=gaussian|basis=Z|eta=0,SU2-HaarU4-brickwork|n10|d60|i3,512,139,0.0024180794157258783
v2_spectrum,SU2-HaarU4-brickwork|n10|d60|i3|dir=gaussian|basis=Z|eta=0,SU2-HaarU4-brickwork|n10|d60|i3,512,140,0.002389336800030966
v2_spectrum,SU2-HaarU4-brickwork|n10|d60|i3|dir=gaussian|basis=Z|eta=0,SU2-HaarU4-brickwork|n10|d60|i3,512,141,0.0023688052047652376
v2_spectrum,SU2-HaarU4-brickwork|n10|d60|i3|dir=gaussian|basis=Z|eta=0,SU2-HaarU4-brickwork|n10|d60|i3,512,142,0.0023532764029345534
v2_spectrum,SU2-HaarU4-brickwork|n10|d60|i3|dir=gaussian|basis=Z|eta=0,SU2-HaarU4-brickwork|n10|d60|i3,512,143,0.0023461098018128365
v2_spectrum,SU2-HaarU4-brickwork|n10|d60|i3|dir=gaussian|basis=Z|eta=0,SU2-HaarU4-brickwork|n10|d60|i3,512,144,0.0023408516654971107
v2_spectrum,SU2-HaarU4-brickwork|n10|d60|i3|dir=gaussian|basis=Z|eta=0,SU2-HaarU4-brickwork|n10|d60|i3,512,145,0.002316660171493345
v2_spectrum,SU2-HaarU4-brickwork|n10|d60|i3|dir=gaussian|basis=Z|eta=0,SU2-HaarU4-brickwork|n10|d60|i3,512,146,0.0022784591215790993
v2_spectrum,SU2-HaarU4-brickwork|n10|d60|i3|dir=gaussian|basis=Z|eta=0,SU2-HaarU4-brickwork|n10|d60|i3,512,147,0.002273707060675127
v2_spectrum,SU2-HaarU4-brickwork|n10|d60|i3|dir=gaussian|basis=Z|eta=0,SU2-HaarU4-brickwork|n10|d60|i3,512,148,0.0022581001714613545
v2_spectrum,SU2-HaarU4-brickwork|n10|d60|i3|dir=gaussian|basis=Z|eta=0,SU2-HaarU4-brickwork|n10|d60|i3,512,149,0.0022361407491349123
v2_spectrum,SU2-HaarU4-brickwork|n10|d60|i3|dir=gaussian|basis=Z|eta=0,SU2-HaarU4-brickwork|n10|d60|i3,512,150,0.002223887856261917
v2_spectrum,SU2-HaarU4-brickwork|n10|d60|i3|dir=gaussian|basis=Z|eta=0,SU2-HaarU4-brickwork|n10|d60|i3,512,151,0.0022118320941490813
v2_spectrum,SU2-HaarU4-brickwork|n10|d60|i3|dir=gaussian|basis=Z|eta=0,SU2-HaarU4-brickwork|n10|d60|i3,512,152,0.0021791977325173167
v2_spectrum,SU2-HaarU4-brickwork|n10|d60|i3|dir=gaussian|basis=Z|eta=0,SU2-HaarU4-brickwork|n10|d60|i3,512,153,0.0021643948825223543
v2_spectrum,SU2-HaarU4-brickwork|n10|d60|i3|dir=gaussian|basis=Z|eta=0,SU2-HaarU4-brickwork|n10|d60|i3,512,154,0.002137862792884593
v2_spectrum,SU2-HaarU4-brickwork|n10|d60|i3|dir=gaussian|basis=Z|eta=0,SU2-HaarU4-brickwork|n10|d60|i3,512,155,0.0021171430487887197
v2_spectrum,SU2-HaarU4-brickwork|n10|d60|i3|dir=gaussian|basis=Z|eta=0,SU2-HaarU4-brickwork|n10|d60|i3,512,156,0.002095622615272492
v2_spectrum,SU2-HaarU4-brickwork|n10|d60|i3|dir=gaussian|basis=Z|eta=0,SU2-HaarU4-brickwork|n10|d60|i3,512,157,0.002090736522657209
v2_spectrum,SU2-HaarU4-brickwork|n10|d60|i3|dir=gaussian|basis=Z|eta=0,SU2-HaarU4-brickwork|n10|d60|i3,512,158,0.002066555851719843
v2_spectrum,SU2-HaarU4-brickwork|n10|d60|i3|dir=gaussian|basis=Z|eta=0,SU2-HaarU4-brickwork|n10|d60|i3,512,159,0.002052200542860225
v2_spectrum,SU2-HaarU4-brickwork|n10|d60|i3|dir=gaussian|basis=Z|eta=0,SU2-HaarU4-brickwork|n10|d60|i3,512,160,0.002043550122746129
v2_spectrum,SU2-HaarU4-brickwork|n10|d60|i3|dir=gaussian|basis=Z|eta=0,SU2-HaarU4-brickwork|n10|d60|i3,512,161,0.0020217496935156214
v2_spectrum,SU2-HaarU4-brickwork|n10|d60|i3|dir=gaussian|basis=Z|eta=0,SU2-HaarU4-brickwork|n10|d60|i3,512,162,0.0019955110654557478
v2_spectrum,SU2-HaarU4-brickwork|n10|d60|i3|dir=gaussian|basis=Z|eta=0,SU2-HaarU4-brickwork|n10|d60|i3,512,163,0.0019885525678738246
v2_spectrum,SU2-HaarU4-brickwork|n10|d60|i3|dir=gaussian|basis=Z|eta=0,SU2-HaarU4-brickwork|n10|d60|i3,512,164,0.0019800035263133394
v2_spectrum,SU2-HaarU4-brickwork|n10|d60|i3|dir=gaussian|basis=Z|eta=0,SU2-HaarU4-brickwork|n10|d60|i3,512,165,0.0019450439335833764
v2_spectrum,SU2-HaarU4-brickwork|n10|d60|i3|dir=gaussian|basis=Z|eta=0,SU2-HaarU4-brickwork|n10|d60|i3,512,166,0.0019363057607673453
v2_spectrum,SU2-HaarU4-brickwork|n10|d60|i3|dir=gaussian|basis=Z|eta=0,SU2-HaarU4-brickwork|n10|d60|i3,512,167,0.0019210434216673975
v2_spectrum,SU2-HaarU4-brickwork|n10|d60|i3|dir=gaussian|basis=Z|eta=0,SU2-HaarU4-brickwork|n10|d60|i3,512,168,0.0018773678335540396
v2_spectrum,SU2-HaarU4-brickwork|n10|d60|i3|dir=gaussian|basis=Z|eta=0,SU2-HaarU4-brickwork|n10|d60|i3,512,169,0.0018707826887837753
v2_spectrum,SU2-HaarU4-brickwork|n10|d60|i3|dir=gaussian|basis=Z|eta=0,SU2-HaarU4-brickwork|n10|d60|i3,512,170,0.001862695831252778
v2_spectrum,SU2-HaarU4-brickwork|n10|d60|i3|dir=gaussian|basis=Z|eta=0,SU2-HaarU4-brickwork|n10|d60|i3,512,171,0.0018407960951161233
v2_spectrum,SU2-HaarU4-brickwork|n10|d60|i3|dir=gaussian|basis=Z|eta=0,SU2-HaarU4-brickwork|n10|d60|i3,512,172,0.001838744915432472
v2_spectrum,SU2-HaarU4-brickwork|n10|d60|i3|dir=gaussian|basis=Z|eta=0,SU2-HaarU4-brickwork|n10|d60|i3,512,173,0.0018018492255025336
v2_spectrum,SU2-HaarU4-brickwork|n10|d60|i3|dir=gaussian|basis=Z|eta=0,SU2-HaarU4-brickwork|n10|d60|i3,512,174,0.001790821723532186
v2_spectrum,SU2-HaarU4-brickwork|n10|d60|i3|dir=gaussian|basis=Z|eta=0,SU2-HaarU4-brickwork|n10|d60|i3,512,175,0.0017840708124081425
v2_spectrum,SU2-HaarU4-brickwork|n10|d60|i3|dir=gaussian|basis=Z|eta=0,SU2-HaarU4-brickwork|n10|d60|i3,512,176,0.0017712772132277748
v2_spectrum,SU2-HaarU4-brickwork|n10|d60|i3|dir=gaussian|basis=Z|eta=0,SU2-HaarU4-brickwork|n10|d60|i3,512,177,0.0017662722963009208
v2_spectrum,SU2-HaarU4-brickwork|n10|d60|i3|dir=gaussian|basis=Z|eta=0,SU2-HaarU4-brickwork|n10|d60|i3,512,178,0.0017377344759191232
v2_spectrum,SU2-HaarU4-brickwork|n10|d60|i3|dir=gaussian|basis=Z|eta=0,SU2-HaarU4-brickwork|n10|d60|i3,512,179,0.001725183188115531
v2_spectrum,SU2-HaarU4-brickwork|n10|d60|i3|dir=gaussian|basis=Z|eta=0,SU2-HaarU4-brickwork|n10|d60|i3,512,180,0.001708166929385607
v2_spectrum,SU2-HaarU4-brickwork|n10|d60|i3|dir=gaussian|basis=Z|eta=0,SU2-HaarU4-brickwork|n10|d60|i3,512,181,0.0016981120904029912
v2_spectrum,SU2-HaarU4-brickwork|n10|d60|i3|dir=gaussian|basis=Z|eta=0,SU2-HaarU4-brickwork|n10|d60|i3,512,182,0.0016784651535408659
v2_spectrum,SU2-HaarU4-brickwork|n10|d60|i3|dir=gaussian|basis=Z|eta=0,SU2-HaarU4-brickwork|n10|d60|i3,512,183,0.0016534079444423034
v2_spectrum,SU2-HaarU4-brickwork|n10|d60|i3|dir=gaussian|basis=Z|eta=0,SU2-HaarU4-brickwork|n10|d60|i3,512,184,0.0016397397722896223
v2_spectrum,SU2-HaarU4-brickwork|n10|d60|i3|dir=gaussian|basis=Z|eta=0,SU2-HaarU4-brickwork|n10|d60|i3,512,185,0.0016305658893712323
v2_spectrum,SU2-HaarU4-brickwork|n10|d60|i3|dir=gaussian|basis=Z|eta=0,SU2-HaarU4-brickwork|n10|d60|i3,512,186,0.0016270115303624296
v2_spectrum,SU2-HaarU4-brickwork|n10|d60|i3|dir=gaussian|basis=Z|eta=0,SU2-HaarU4-brickwork|n10|d60|i3,512,187,0.001597625925625472
v2_spectrum,SU2-HaarU4-brickwork|n10|d60|i3|dir=gaussian|basis=Z|eta=0,SU2-HaarU4-brickwork|n10|d60|i3,512,188,0.0015926897505535982
v2_spectrum,SU2-HaarU4-brickwork|n10|d60|i3|dir=gaussian|basis=Z|eta=0,SU2-HaarU4-brickwork|n10|d60|i3,512,189,0.0015822054030216644
v2_spectrum,SU2-HaarU4-brickwork|n10|d60|i3|dir=gaussian|basis=Z|eta=0,SU2-HaarU4-brickwork|n10|d60|i3,512,190,0.0015734923399445737
v2_spectrum,SU2-HaarU4-brickwork|n10|d60|i3|dir=gaussian|basis=Z|eta=0,SU2-HaarU4-brickwork|n10|d60|i3,512,191,0.0015636968172957001
v2_spectrum,SU2-HaarU4-brickwork|n10|d60|i3|dir=gaussian|basis=Z|eta=0,SU2-HaarU4-brickwork|n10|d60|i3,512,192,0.001540166612982528
v2_spectrum,SU2-HaarU4-brickwork|n10|d60|i3|dir=gaussian|basis=Z|eta=0,SU2-HaarU4-brickwork|n10|d60|i3,512,193,0.001532518829576141
v2_spectrum,SU2-HaarU4-brickwork|n10|d60|i3|dir=gaussian|basis=Z|eta=0,SU2-HaarU4-brickwork|n10|d60|i3,512,194,0.0015207622220209695
v2_spectrum,SU2-HaarU4-brickwork|n10|d60|i3|dir=gaussian|basis=Z|eta=0,SU2-HaarU4-brickwork|n10|d60|i3,512,195,0.0015103330187853513
v2_spectrum,SU2-HaarU4-brickwork|n10|d60|i3|dir=gaussian|basis=Z|eta=0,SU2-HaarU4-brickwork|n10|d60|i3,512,196,0.0014991869763077816
v2_spectrum,SU2-HaarU4-brickwork|n10|d60|i3|dir=gaussian|basis=Z|eta=0,SU2-HaarU4-brickwork|n10|d60|i3,512,197,0.0014943180485157029
v2_spectrum,SU2-HaarU4-brickwork|n10|d60|i3|dir=gaussian|basis=Z|eta=0,SU2-HaarU4-brickwork|n10|d60|i3,512,198,0.001481732684929589
v2_spectrum,SU2-HaarU4-brickwork|n10|d60|i3|dir=gaussian|basis=Z|eta=0,SU2-HaarU4-brickwork|n10|d60|i3,512,199,0.0014650052823795264
v2_spectrum,SU2-HaarU4-brickwork|n10|d60|i3|dir=gaussian|basis=Z|eta=0,SU2-HaarU4-brickwork|n10|d60|i3,512,200,0.0014559599713020487
v2_spectrum,SU2-HaarU4-brickwork|n10|d60|i3|dir=gaussian|basis=Z|eta=0,SU2-HaarU4-brickwork|n10|d60|i3,512,201,0.001429441740563628
v2_spectrum,SU2-HaarU4-brickwork|n10|d60|i3|dir=gaussian|basis=Z|eta=0,SU2-HaarU4-brickwork|n10|d60|i3,512,202,0.0014261068747637266
v2_spectrum,SU2-HaarU4-brickwork|n10|d60|i3|dir=gaussian|basis=Z|eta=0,SU2-HaarU4-brickwork|n10|d60|i3,512,203,0.0014216148090700964
v2_spectrum,SU2-HaarU4-brickwork|n10|d60|i3|dir=gaussian|basis=Z|eta=0,SU2-HaarU4-brickwork|n10|d60|i3,512,204,0.0013970169269876711
v2_spectrum,SU2-HaarU4-brickwork|n10|d60|i3|dir=gaussian|basis=Z|eta=0,SU2-HaarU4-brickwork|n10|d60|i3,512,205,0.0013784195273429372
v2_spectrum,SU2-HaarU4-brickwork|n10|d60|i3|dir=gaussian|basis=Z|eta=0,SU2-HaarU4-brickwork|n10|d60|i3,512,206,0.0013729414937550014
v2_spectrum,SU2-HaarU4-brickwork|n10|d60|i3|dir=gaussian|basis=Z|eta=0,SU2-HaarU4-brickwork|n10|d60|i3,512,207,0.0013648510444323459
v2_spectrum,SU2-HaarU4-brickwork|n10|d60|i3|dir=gaussian|basis=Z|eta=0,SU2-HaarU4-brickwork|n10|d60|i3,512,208,0.0013598179369635986
v2_spectrum,SU2-HaarU4-brickwork|n10|d60|i3|dir=gaussian|basis=Z|eta=0,SU2-HaarU4-brickwork|n10|d60|i3,512,209,0.001349143962202931
v2_spectrum,SU2-HaarU4-brickwork|n10|d60|i3|dir=gaussian|basis=Z|eta=0,SU2-HaarU4-brickwork|n10|d60|i3,512,210,0.0013310654672830276
v2_spectrum,SU2-HaarU4-brickwork|n10|d60|i3|dir=gaussian|basis=Z|eta=0,SU2-HaarU4-brickwork|n10|d60|i3,512,211,0.00132828286000842
v2_spectrum,SU2-HaarU4-brickwork|n10|d60|i3|dir=gaussian|basis=Z|eta=0,SU2-HaarU4-brickwork|n10|d60|i3,512,212,0.0013171469327235672
v2_spectrum,SU2-HaarU4-brickwork|n10|d60|i3|dir=gaussian|basis=Z|eta=0,SU2-HaarU4-brickwork|n10|d60|i3,512,213,0.0013054613196434015
v2_spectrum,SU2-HaarU4-brickwork|n10|d60|i3|dir=gaussian|basis=Z|eta=0,SU2-HaarU4-brickwork|n10|d60|i3,512,214,0.0013020518645310813
v2_spectrum,SU2-HaarU4-brickwork|n10|d60|i3|dir=gaussian|basis=Z|eta=0,SU2-HaarU4-brickwork|n10|d60|i3,512,215,0.0012904885149241827
v2_spectrum,SU2-HaarU4-brickwork|n10|d60|i3|dir=gaussian|basis=Z|eta=0,SU2-HaarU4-brickwork|n10|d60|i3,512,216,0.0012711508099953596
v2_spectrum,SU2-HaarU4-brickwork|n10|d60|i3|dir=gaussian|basis=Z|eta=0,SU2-HaarU4-brickwork|n10|d60|i3,512,217,0.0012483385076964295
v2_spectrum,SU2-HaarU4-brickwork|n10|d60|i3|dir=gaussian|basis=Z|eta=0,SU2-HaarU4-brickwork|n10|d60|i3,512,218,0.0012366560094757503
v2_spectrum,SU2-HaarU4-brickwork|n10|d60|i3|dir=gaussian|basis=Z|eta=0,SU2-HaarU4-brickwork|n10|d60|i3,512,219,0.0012327160275777016
v2_spectrum,SU2-HaarU4-brickwork|n10|d60|i3|dir=gaussian|basis=Z|eta=0,SU2-HaarU4-brickwork|n10|d60|i3,512,220,0.0012155447716929292
v2_spectrum,SU2-HaarU4-brickwork|n10|d60|i3|dir=gaussian|basis=Z|eta=0,SU2-HaarU4-brickwork|n10|d60|i3,512,221,0.0012092188305989147
v2_spectrum,SU2-HaarU4-brickwork|n10|d60|i3|dir=gaussian|basis=Z|eta=0,SU2-HaarU4-brickwork|n10|d60|i3,512,222,0.001207635744584839
v2_spectrum,SU2-HaarU4-brickwork|n10|d60|i3|dir=gaussian|basis=Z|eta=0,SU2-HaarU4-brickwork|n10|d60|i3,512,223,0.0011903236691703017
v2_spectrum,SU2-HaarU4-brickwork|n10|d60|i3|dir=gaussian|basis=Z|eta=0,SU2-HaarU4-brickwork|n10|d60|i3,512,224,0.0011814896428671443
v2_spectrum,SU2-HaarU4-brickwork|n10|d60|i3|dir=gaussian|basis=Z|eta=0,SU2-HaarU4-brickwork|n10|d60|i3,512,225,0.0011768226636070165
v2_spectrum,SU2-HaarU4-brickwork|n10|d60|i3|dir=gaussian|basis=Z|eta=0,SU2-HaarU4-brickwork|n10|d60|i3,512,226,0.001168153739874578
v2_spectrum,SU2-HaarU4-brickwork|n10|d60|i3|dir=gaussian|basis=Z|eta=0,SU2-HaarU4-brickwork|n10|d60|i3,512,227,0.0011609151677827991
v2_spectrum,SU2-HaarU4-brickwork|n10|d60|i3|dir=gaussian|basis=Z|eta=0,SU2-HaarU4-brickwork|n10|d60|i3,512,228,0.0011504198247814091
v2_spectrum,SU2-HaarU4-brickwork|n10|d60|i3|dir=gaussian|basis=Z|eta=0,SU2-HaarU4-brickwork|n10|d60|i3,512,229,0.0011410403980848477
v2_spectrum,SU2-HaarU4-brickwork|n10|d60|i3|dir=gaussian|basis=Z|eta=0,SU2-HaarU4-brickwork|n10|d60|i3,512,230,0.0011305933896476911
v2_spectrum,SU2-HaarU4-brickwork|n10|d60|i3|dir=gaussian|basis=Z|eta=0,SU2-HaarU4-brickwork|n10|d60|i3,512,231,0.001125187613178965
v2_spectrum,SU2-HaarU4-brickwork|n10|d60|i3|dir=gaussian|basis=Z|eta=0,SU2-HaarU4-brickwork|n10|d60|i3,512,232,0.0011162110706783768
v2_spectrum,SU2-HaarU4-brickwork|n10|d60|i3|dir=gaussian|basis=Z|eta=0,SU2-HaarU4-brickwork|n10|d60|i3,512,233,0.001101577305717954
v2_spectrum,SU2-HaarU4-brickwork|n10|d60|i3|dir=gaussian|basis=Z|eta=0,SU2-HaarU4-brickwork|n10|d60|i3,512,234,0.0010900811118347636
v2_spectrum,SU2-HaarU4-brickwork|n10|d60|i3|dir=gaussian|basis=Z|eta=0,SU2-HaarU4-brickwork|n10|d60|i3,512,235,0.0010773197003291163
v2_spectrum,SU2-HaarU4-brickwork|n10|d60|i3|dir=gaussian|basis=Z|eta=0,SU2-HaarU4-brickwork|n10|d60|i3,512,236,0.0010746466444289161
v2_spectrum,SU2-HaarU4-brickwork|n10|d60|i3|dir=gaussian|basis=Z|eta=0,SU2-HaarU4-brickwork|n10|d60|i3,512,237,0.0010672718099775343
v2_spectrum,SU2-HaarU4-brickwork|n10|d60|i3|dir=gaussian|basis=Z|eta=0,SU2-HaarU4-brickwork|n10|d60|i3,512,238,0.0010601171012501413
v2_spectrum,SU2-HaarU4-brickwork|n10|d60|i3|dir=gaussian|basis=Z|eta=0,SU2-HaarU4-brickwork|n10|d60|i3,512,239,0.0010519770502748227
v2_spectrum,SU2-HaarU4-brickwork|n10|d60|i3|dir=gaussian|basis=Z|eta=0,SU2-HaarU4-brickwork|n10|d60|i3,512,240,0.001041067528460171
v2_spectrum,SU2-HaarU4-brickwork|n10|d60|i3|dir=gaussian|basis=Z|eta=0,SU2-HaarU4-brickwork|n10|d60|i3,512,241,0.0010240757350294801
v2_spectrum,SU2-HaarU4-brickwork|n10|d60|i3|dir=gaussian|basis=Z|eta=0,SU2-HaarU4-brickwork|n10|d60|i3,512,242,0.0010105012205847725
v2_spectrum,SU2-HaarU4-brickwork|n10|d60|i3|dir=gaussian|basis=Z|eta=0,SU2-HaarU4-brickwork|n10|d60|i3,512,243,0.0010061148243805708
v2_spectrum,SU2-HaarU4-brickwork|n10|d60|i3|dir=gaussian|basis=Z|eta=0,SU2-HaarU4-brickwork|n10|d60|i3,512,244,0.0009938831240819347
v2_spectrum,SU2-HaarU4-brickwork|n10|d60|i3|dir=gaussian|basis=Z|eta=0,SU2-HaarU4-brickwork|n10|d60|i3,512,245,0.0009887980603983937
v2_spectrum,SU2-HaarU4-brickwork|n10|d60|i3|dir=gaussian|basis=Z|eta=0,SU2-HaarU4-brickwork|n10|d60|i3,512,246,0.0009819505899074622
v2_spectrum,SU2-HaarU4-brickwork|n10|d60|i3|dir=gaussian|basis=Z|eta=0,SU2-HaarU4-brickwork|n10|d60|i3,512,247,0.000974330029512607
v2_spectrum,SU2-HaarU4-brickwork|n10|d60|i3|dir=gaussian|basis=Z|eta=0,SU2-HaarU4-brickwork|n10|d60|i3,512,248,0.0009693569719270053
v2_spectrum,SU2-HaarU4-brickwork|n10|d60|i3|dir=gaussian|basis=Z|eta=0,SU2-HaarU4-brickwork|n10|d60|i3,512,249,0.000961694410420452
v2_spectrum,SU2-HaarU4-brickwork|n10|d60|i3|dir=gaussian|basis=Z|eta=0,SU2-HaarU4-brickwork|n10|d60|i3,512,250,0.0009520316435547691
v2_spectrum,SU2-HaarU4-brickwork|n10|d60|i3|dir=gaussian|basis=Z|eta=0,SU2-HaarU4-brickwork|n10|d60|i3,512,251,0.0009403409372212927
v2_spectrum,SU2-HaarU4-brickwork|n10|d60|i3|dir=gaussian|basis=Z|eta=0,SU2-HaarU4-brickwork|n10|d60|i3,512,252,0.0009338600311245692
v2_spectrum,SU2-HaarU4-brickwork|n10|d60|i3|dir=gaussian|basis=Z|eta=0,SU2-HaarU4-brickwork|n10|d60|i3,512,253,0.0009291050344954669
v2_spectrum,SU2-HaarU4-brickwork|n10|d60|i3|dir=gaussian|basis=Z|eta=0,SU2-HaarU4-brickwork|n10|d60|i3,512,254,0.0009261324746303016
v2_spectrum,SU2-HaarU4-brickwork|n10|d60|i3|dir=gaussian|basis=Z|eta=0,SU2-HaarU4-brickwork|n10|d60|i3,512,255,0.0009213324323088622
v2_spectrum,SU2-HaarU4-brickwork|n10|d60|i3|dir=gaussian|basis=Z|eta=0,SU2-HaarU4-brickwork|n10|d60|i3,512,256,0.0009037459068488677
v2_spectrum,SU2-HaarU4-brickwork|n10|d60|i3|dir=gaussian|basis=Z|eta=0,SU2-HaarU4-brickwork|n10|d60|i3,512,257,0.0009007511440428456
v2_spectrum,SU2-HaarU4-brickwork|n10|d60|i3|dir=gaussian|basis=Z|eta=0,SU2-HaarU4-brickwork|n10|d60|i3,512,258,0.0008898224111166274
v2_spectrum,SU2-HaarU4-brickwork|n10|d60|i3|dir=gaussian|basis=Z|eta=0,SU2-HaarU4-brickwork|n10|d60|i3,512,259,0.0008863202732658548
v2_spectrum,SU2-HaarU4-brickwork|n10|d60|i3|dir=gaussian|basis=Z|eta=0,SU2-HaarU4-brickwork|n10|d60|i3,512,260,0.0008809374059656545
v2_spectrum,SU2-HaarU4-brickwork|n10|d60|i3|dir=gaussian|basis=Z|eta=0,SU2-HaarU4-brickwork|n10|d60|i3,512,261,0.0008705079661973857
v2_spectrum,SU2-HaarU4-brickwork|n10|d60|i3|dir=gaussian|basis=Z|eta=0,SU2-HaarU4-brickwork|n10|d60|i3,512,262,0.0008664846991141493
v2_spectrum,SU2-HaarU4-brickwork|n10|d60|i3|dir=gaussian|basis=Z|eta=0,SU2-HaarU4-brickwork|n10|d60|i3,512,263,0.0008517494460756606
v2_spectrum,SU2-HaarU4-brickwork|n10|d60|i3|dir=gaussian|basis=Z|eta=0,SU2-HaarU4-brickwork|n10|d60|i3,512,264,0.0008435299322322962
v2_spectrum,SU2-HaarU4-brickwork|n10|d60|i3|dir=gaussian|basis=Z|eta=0,SU2-HaarU4-brickwork|n10|d60|i3,512,265,0.0008350253825971583
v2_spectrum,SU2-HaarU4-brickwork|n10|d60|i3|dir=gaussian|basis=Z|eta=0,SU2-HaarU4-brickwork|n10|d60|i3,512,266,0.0008321784238186192
v2_spectrum,SU2-HaarU4-brickwork|n10|d60|i3|dir=gaussian|basis=Z|eta=0,SU2-HaarU4-brickwork|n10|d60|i3,512,267,0.0008235426599324336
v2_spectrum,SU2-HaarU4-brickwork|n10|d60|i3|dir=gaussian|basis=Z|eta=0,SU2-HaarU4-brickwork|n10|d60|i3,512,268,0.0008170300604672972
v2_spectrum,SU2-HaarU4-brickwork|n10|d60|i3|dir=gaussian|basis=Z|eta=0,SU2-HaarU4-brickwork|n10|d60|i3,512,269,0.0008067167208527679
v2_spectrum,SU2-HaarU4-brickwork|n10|d60|i3|dir=gaussian|basis=Z|eta=0,SU2-HaarU4-brickwork|n10|d60|i3,512,270,0.0008039091645701729
v2_spectrum,SU2-HaarU4-brickwork|n10|d60|i3|dir=gaussian|basis=Z|eta=0,SU2-HaarU4-brickwork|n10|d60|i3,512,271,0.0007994077386340555
v2_spectrum,SU2-HaarU4-brickwork|n10|d60|i3|dir=gaussian|basis=Z|eta=0,SU2-HaarU4-brickwork|n10|d60|i3,512,272,0.0007890374205910975
v2_spectrum,SU2-HaarU4-brickwork|n10|d60|i3|dir=gaussian|basis=Z|eta=0,SU2-HaarU4-brickwork|n10|d60|i3,512,273,0.0007871819329413779
v2_spectrum,SU2-HaarU4-brickwork|n10|d60|i3|dir=gaussian|basis=Z|eta=0,SU2-HaarU4-brickwork|n10|d60|i3,512,274,0.0007845432688351816
v2_spectrum,SU2-HaarU4-brickwork|n10|d60|i3|dir=gaussian|basis=Z|eta=0,SU2-HaarU4-brickwork|n10|d60|i3,512,275,0.0007682336947230936
v2_spectrum,SU2-HaarU4-brickwork|n10|d60|i3|dir=gaussian|basis=Z|eta=0,SU2-HaarU4-brickwork|n10|d60|i3,512,276,0.0007645393645766288
v2_spectrum,SU2-HaarU4-brickwork|n10|d60|i3|dir=gaussian|basis=Z|eta=0,SU2-HaarU4-brickwork|n10|d60|i3,512,277,0.0007522097815236219
v2_spectrum,SU2-HaarU4-brickwork|n10|d60|i3|dir=gaussian|basis=Z|eta=0,SU2-HaarU4-brickwork|n10|d60|i3,512,278,0.0007512196660812502
v2_spectrum,SU2-HaarU4-brickwork|n10|d60|i3|dir=gaussian|basis=Z|eta=0,SU2-HaarU4-brickwork|n10|d60|i3,512,279,0.0007492199743237403
v2_spectrum,SU2-HaarU4-brickwork|n10|d60|i3|dir=gaussian|basis=Z|eta=0,SU2-HaarU4-brickwork|n10|d60|i3,512,280,0.0007425969857205336
v2_spectrum,SU2-HaarU4-brickwork|n10|d60|i3|dir=gaussian|basis=Z|eta=0,SU2-HaarU4-brickwork|n10|d60|i3,512,281,0.0007312766854411883
v2_spectrum,SU2-HaarU4-brickwork|n10|d60|i3|dir=gaussian|basis=Z|eta=0,SU2-HaarU4-brickwork|n10|d60|i3,512,282,0.0007292121786970681
v2_spectrum,SU2-HaarU4-brickwork|n10|d60|i3|dir=gaussian|basis=Z|eta=0,SU2-HaarU4-brickwork|n10|d60|i3,512,283,0.0007256626758658339
v2_spectrum,SU2-HaarU4-brickwork|n10|d60|i3|dir=gaussian|basis=Z|eta=0,SU2-HaarU4-brickwork|n10|d60|i3,512,284,0.0007130965570557737
v2_spectrum,SU2-HaarU4-brickwork|n10|d60|i3|dir=gaussian|basis=Z|eta=0,SU2-HaarU4-brickwork|n10|d60|i3,512,285,0.0007073410111773367
v2_spectrum,SU2-HaarU4-brickwork|n10|d60|i3|dir=gaussian|basis=Z|eta=0,SU2-HaarU4-brickwork|n10|d60|i3,512,286,0.0007024551900729328
v2_spectrum,SU2-HaarU4-brickwork|n10|d60|i3|dir=gaussian|basis=Z|eta=0,SU2-HaarU4-brickwork|n10|d60|i3,512,287,0.0006985970186189475
v2_spectrum,SU2-HaarU4-brickwork|n10|d60|i3|dir=gaussian|basis=Z|eta=0,SU2-HaarU4-brickwork|n10|d60|i3,512,288,0.0006901822888704036
v2_spectrum,SU2-HaarU4-brickwork|n10|d60|i3|dir=gaussian|basis=Z|eta=0,SU2-HaarU4-brickwork|n10|d60|i3,512,289,0.0006893971152943814
v2_spectrum,SU2-HaarU4-brickwork|n10|d60|i3|dir=gaussian|basis=Z|eta=0,SU2-HaarU4-brickwork|n10|d60|i3,512,290,0.0006842688979392788
v2_spectrum,SU2-HaarU4-brickwork|n10|d60|i3|dir=gaussian|basis=Z|eta=0,SU2-HaarU4-brickwork|n10|d60|i3,512,291,0.0006692151500707409
v2_spectrum,SU2-HaarU4-brickwork|n10|d60|i3|dir=gaussian|basis=Z|eta=0,SU2-HaarU4-brickwork|n10|d60|i3,512,292,0.0006654927760194989
v2_spectrum,SU2-HaarU4-brickwork|n10|d60|i3|dir=gaussian|basis=Z|eta=0,SU2-HaarU4-brickwork|n10|d60|i3,512,293,0.0006572958014074022
v2_spectrum,SU2-HaarU4-brickwork|n10|d60|i3|dir=gaussian|basis=Z|eta=0,SU2-HaarU4-brickwork|n10|d60|i3,512,294,0.0006528161587196776
v2_spectrum,SU2-HaarU4-brickwork|n10|d60|i3|dir=gaussian|basis=Z|eta=0,SU2-HaarU4-brickwork|n10|d60|i3,512,295,0.000648157142514218
v2_spectrum,SU2-HaarU4-brickwork|n10|d60|i3|dir=gaussian|basis=Z|eta=0,SU2-HaarU4-brickwork|n10|d60|i3,512,296,0.0006468019186686104
v2_spectrum,SU2-HaarU4-brickwork|n10|d60|i3|dir=gaussian|basis=Z|eta=0,SU2-HaarU4-brickwork|n10|d60|i3,512,297,0.0006418205769634874
v2_spectrum,SU2-HaarU4-brickwork|n10|d60|i3|dir=gaussian|basis=Z|eta=0,SU2-HaarU4-brickwork|n10|d60|i3,512,298,0.0006351641152194813
v2_spectrum,SU2-HaarU4-brickwork|n10|d60|i3|dir=gaussian|basis=Z|eta=0,SU2-HaarU4-brickwork|n10|d60|i3,512,299,0.0006247404051329513
v2_spectrum,SU2-HaarU4-brickwork|n10|d60|i3|dir=gaussian|basis=Z|eta=0,SU2-HaarU4-brickwork|n10|d60|i3,512,300,0.0006198145056497189
v2_spectrum,SU2-HaarU4-brickwork|n10|d60|i3|dir=gaussian|basis=Z|eta=0,SU2-HaarU4-brickwork|n10|d60|i3,512,301,0.0006130741408859431
v2_spectrum,SU2-HaarU4-brickwork|n10|d60|i3|dir=gaussian|basis=Z|eta=0,SU2-HaarU4-brickwork|n10|d60|i3,512,302,0.0006062507361335405
v2_spectrum,SU2-HaarU4-brickwork|n10|d60|i3|dir=gaussian|basis=Z|eta=0,SU2-HaarU4-brickwork|n10|d60|i3,512,303,0.0006031504238078064
v2_spectrum,SU2-HaarU4-brickwork|n10|d60|i3|dir=gaussian|basis=Z|eta=0,SU2-HaarU4-brickwork|n10|d60|i3,512,304,0.0005983991549333334
v2_spectrum,SU2-HaarU4-brickwork|n10|d60|i3|dir=gaussian|basis=Z|eta=0,SU2-HaarU4-brickwork|n10|d60|i3,512,305,0.0005900522693470608
v2_spectrum,SU2-HaarU4-brickwork|n10|d60|i3|dir=gaussian|basis=Z|eta=0,SU2-HaarU4-brickwork|n10|d60|i3,512,306,0.000580829646268822
v2_spectrum,SU2-HaarU4-brickwork|n10|d60|i3|dir=gaussian|basis=Z|eta=0,SU2-HaarU4-brickwork|n10|d60|i3,512,307,0.0005775363031281604
v2_spectrum,SU2-HaarU4-brickwork|n10|d60|i3|dir=gaussian|basis=Z|eta=0,SU2-HaarU4-brickwork|n10|d60|i3,512,308,0.0005707770373717589
v2_spectrum,SU2-HaarU4-brickwork|n10|d60|i3|dir=gaussian|basis=Z|eta=0,SU2-HaarU4-brickwork|n10|d60|i3,512,309,0.000566342835535576
v2_spectrum,SU2-HaarU4-brickwork|n10|d60|i3|dir=gaussian|basis=Z|eta=0,SU2-HaarU4-brickwork|n10|d60|i3,512,310,0.0005632382166828468
v2_spectrum,SU2-HaarU4-brickwork|n10|d60|i3|dir=gaussian|basis=Z|eta=0,SU2-HaarU4-brickwork|n10|d60|i3,512,311,0.0005580288193995367
v2_spectrum,SU2-HaarU4-brickwork|n10|d60|i3|dir=gaussian|basis=Z|eta=0,SU2-HaarU4-brickwork|n10|d60|i3,512,312,0.0005518659563674303
v2_spectrum,SU2-HaarU4-brickwork|n10|d60|i3|dir=gaussian|basis=Z|eta=0,SU2-HaarU4-brickwork|n10|d60|i3,512,313,0.0005454369509018812
v2_spectrum,SU2-HaarU4-brickwork|n10|d60|i3|dir=gaussian|basis=Z|eta=0,SU2-HaarU4-brickwork|n10|d60|i3,512,314,0.0005408346578672132
v2_spectrum,SU2-HaarU4-brickwork|n10|d60|i3|dir=gaussian|basis=Z|eta=0,SU2-HaarU4-brickwork|n10|d60|i3,512,315,0.0005362729445002839
v2_spectrum,SU2-HaarU4-brickwork|n10|d60|i3|dir=gaussian|basis=Z|eta=0,SU2-HaarU4-brickwork|n10|d60|i3,512,316,0.0005313623415038734
v2_spectrum,SU2-HaarU4-brickwork|n10|d60|i3|dir=gaussian|basis=Z|eta=0,SU2-HaarU4-brickwork|n10|d60|i3,512,317,0.0005279143554267494
v2_spectrum,SU2-HaarU4-brickwork|n10|d60|i3|dir=gaussian|basis=Z|eta=0,SU2-HaarU4-brickwork|n10|d60|i3,512,318,0.0005257394438595612
v2_spectrum,SU2-HaarU4-brickwork|n10|d60|i3|dir=gaussian|basis=Z|eta=0,SU2-HaarU4-brickwork|n10|d60|i3,512,319,0.00052063454924644
v2_spectrum,SU2-HaarU4-brickwork|n10|d60|i3|dir=gaussian|basis=Z|eta=0,SU2-HaarU4-brickwork|n10|d60|i3,512,320,0.0005146934019551523
v2_spectrum,SU2-HaarU4-brickwork|n10|d60|i3|dir=gaussian|basis=Z|eta=0,SU2-HaarU4-brickwork|n10|d60|i3,512,321,0.0005121212352844077
v2_spectrum,SU2-HaarU4-brickwork|n10|d60|i3|dir=gaussian|basis=Z|eta=0,SU2-HaarU4-brickwork|n10|d60|i3,512,322,0.0005099328481395649
v2_spectrum,SU2-HaarU4-brickwork|n10|d60|i3|dir=gaussian|basis=Z|eta=0,SU2-HaarU4-brickwork|n10|d60|i3,512,323,0.0005018305004946119
v2_spectrum,SU2-HaarU4-brickwork|n10|d60|i3|dir=gaussian|basis=Z|eta=0,SU2-HaarU4-brickwork|n10|d60|i3,512,324,0.0005004078274871951
v2_spectrum,SU2-HaarU4-brickwork|n10|d60|i3|dir=gaussian|basis=Z|eta=0,SU2-HaarU4-brickwork|n10|d60|i3,512,325,0.0004955799676066825
v2_spectrum,SU2-HaarU4-brickwork|n10|d60|i3|dir=gaussian|basis=Z|eta=0,SU2-HaarU4-brickwork|n10|d60|i3,512,326,0.0004913888801937351
v2_spectrum,SU2-HaarU4-brickwork|n10|d60|i3|dir=gaussian|basis=Z|eta=0,SU2-HaarU4-brickwork|n10|d60|i3,512,327,0.0004881627617487632
v2_spectrum,SU2-HaarU4-brickwork|n10|d60|i3|dir=gaussian|basis=Z|eta=0,SU2-HaarU4-brickwork|n10|d60|i3,512,328,0.0004796804794049611
v2_spectrum,SU2-HaarU4-brickwork|n10|d60|i3|dir=gaussian|basis=Z|eta=0,SU2-HaarU4-brickwork|n10|d60|i3,512,329,0.0004755636107155283
v2_spectrum,SU2-HaarU4-brickwork|n10|d60|i3|dir=gaussian|basis=Z|eta=0,SU2-HaarU4-brickwork|n10|d60|i3,512,330,0.00047011133636470844
v2_spectrum,SU2-HaarU4-brickwork|n10|d60|i3|dir=gaussian|basis=Z|eta=0,SU2-HaarU4-brickwork|n10|d60|i3,512,331,0.0004654641205409558
v2_spectrum,SU2-HaarU4-brickwork|n10|d60|i3|dir=gaussian|basis=Z|eta=0,SU2-HaarU4-brickwork|n10|d60|i3,512,332,0.00046437019150053497
v2_spectrum,SU2-HaarU4-brickwork|n10|d60|i3|dir=gaussian|basis=Z|eta=0,SU2-HaarU4-brickwork|n10|d60|i3,512,333,0.00045736387455952096
v2_spectrum,SU2-HaarU4-brickwork|n10|d60|i3|dir=gaussian|basis=Z|eta=0,SU2-HaarU4-brickwork|n10|d60|i3,512,334,0.0004503088220633052
v2_spectrum,SU2-HaarU4-brickwork|n10|d60|i3|dir=gaussian|basis=Z|eta=0,SU2-HaarU4-brickwork|n10|d60|i3,512,335,0.0004495548620036974
v2_spectrum,SU2-HaarU4-brickwork|n10|d60|i3|dir=gaussian|basis=Z|eta=0,SU2-HaarU4-brickwork|n10|d60|i3,512,336,0.0004452425365314785
v2_spectrum,SU2-HaarU4-brickwork|n10|d60|i3|dir=gaussian|basis=Z|eta=0,SU2-HaarU4-brickwork|n10|d60|i3,512,337,0.0004419011334581523
v2_spectrum,SU2-HaarU4-brickwork|n10|d60|i3|dir=gaussian|basis=Z|eta=0,SU2-HaarU4-brickwork|n10|d60|i3,512,338,0.0004340633415889769
v2_spectrum,SU2-HaarU4-brickwork|n10|d60|i3|dir=gaussian|basis=Z|eta=0,SU2-HaarU4-brickwork|n10|d60|i3,512,339,0.0004283795560231504
v2_spectrum,SU2-HaarU4-brickwork|n10|d60|i3|dir=gaussian|basis=Z|eta=0,SU2-HaarU4-brickwork|n10|d60|i3,512,340,0.00042701041986572153
v2_spectrum,SU2-HaarU4-brickwork|n10|d60|i3|dir=gaussian|basis=Z|eta=0,SU2-HaarU4-brickwork|n10|d60|i3,512,341,0.0004239982581064356
v2_spectrum,SU2-HaarU4-brickwork|n10|d60|i3|dir=gaussian|basis=Z|eta=0,SU2-HaarU4-brickwork|n10|d60|i3,512,342,0.0004197284025735531
v2_spectrum,SU2-HaarU4-brickwork|n10|d60|i3|dir=gaussian|basis=Z|eta=0,SU2-HaarU4-brickwork|n10|d60|i3,512,343,0.00041779609413257924
v2_spectrum,SU2-HaarU4-brickwork|n10|d60|i3|dir=gaussian|basis=Z|eta=0,SU2-HaarU4-brickwork|n10|d60|i3,512,344,0.00041582154722493537
v2_spectrum,SU2-HaarU4-brickwork|n10|d60|i3|dir=gaussian|basis=Z|eta=0,SU2-HaarU4-brickwork|n10|d60|i3,512,345,0.000409447008875789
v2_spectrum,SU2-HaarU4-brickwork|n10|d60|i3|dir=gaussian|basis=Z|eta=0,SU2-HaarU4-brickwork|n10|d60|i3,512,346,0.0004032786630870873
v2_spectrum,SU2-HaarU4-brickwork|n10|d60|i3|dir=gaussian|basis=Z|eta=0,SU2-HaarU4-brickwork|n10|d60|i3,512,347,0.00040081150819086574
v2_spectrum,SU2-HaarU4-brickwork|n10|d60|i3|dir=gaussian|basis=Z|eta=0,SU2-HaarU4-brickwork|n10|d60|i3,512,348,0.0003980839153280267
v2_spectrum,SU2-HaarU4-brickwork|n10|d60|i3|dir=gaussian|basis=Z|eta=0,SU2-HaarU4-brickwork|n10|d60|i3,512,349,0.00039374306806482233
v2_spectrum,SU2-HaarU4-brickwork|n10|d60|i3|dir=gaussian|basis=Z|eta=0,SU2-HaarU4-brickwork|n10|d60|i3,512,350,0.00038770205124757023
v2_spectrum,SU2-HaarU4-brickwork|n10|d60|i3|dir=gaussian|basis=Z|eta=0,SU2-HaarU4-brickwork|n10|d60|i3,512,351,0.00038667150054629636
v2_spectrum,SU2-HaarU4-brickwork|n10|d60|i3|dir=gaussian|basis=Z|eta=0,SU2-HaarU4-brickwork|n10|d60|i3,512,352,0.0003831054447618101
v2_spectrum,SU2-HaarU4-brickwork|n10|d60|i3|dir=gaussian|basis=Z|eta=0,SU2-HaarU4-brickwork|n10|d60|i3,512,353,0.00037786098312401524
v2_spectrum,SU2-HaarU4-brickwork|n10|d60|i3|dir=gaussian|basis=Z|eta=0,SU2-HaarU4-brickwork|n10|d60|i3,512,354,0.0003733805740079175
v2_spectrum,SU2-HaarU4-brickwork|n10|d60|i3|dir=gaussian|basis=Z|eta=0,SU2-HaarU4-brickwork|n10|d60|i3,512,355,0.0003714885637904098
v2_spectrum,SU2-HaarU4-brickwork|n10|d60|i3|dir=gaussian|basis=Z|eta=0,SU2-HaarU4-brickwork|n10|d60|i3,512,356,0.00036558047312781325
v2_spectrum,SU2-HaarU4-brickwork|n10|d60|i3|dir=gaussian|basis=Z|eta=0,SU2-HaarU4-brickwork|n10|d60|i3,512,357,0.0003582594055857615
v2_spectrum,SU2-HaarU4-brickwork|n10|d60|i3|dir=gaussian|basis=Z|eta=0,SU2-HaarU4-brickwork|n10|d60|i3,512,358,0.0003557195834392682
v2_spectrum,SU2-HaarU4-brickwork|n10|d60|i3|dir=gaussian|basis=Z|eta=0,SU2-HaarU4-brickwork|n10|d60|i3,512,359,0.000353991889714437
v2_spectrum,SU2-HaarU4-brickwork|n10|d60|i3|dir=gaussian|basis=Z|eta=0,SU2-HaarU4-brickwork|n10|d60|i3,512,360,0.00035060972644035046
v2_spectrum,SU2-HaarU4-brickwork|n10|d60|i3|dir=gaussian|basis=Z|eta=0,SU2-HaarU4-brickwork|n10|d60|i3,512,361,0.000348396331717445
v2_spectrum,SU2-HaarU4-brickwork|n10|d60|i3|dir=gaussian|basis=Z|eta=0,SU2-HaarU4-brickwork|n10|d60|i3,512,362,0.00034700717970306616
v2_spectrum,SU2-HaarU4-brickwork|n10|d60|i3|dir=gaussian|basis=Z|eta=0,SU2-HaarU4-brickwork|n10|d60|i3,512,363,0.00034123165936204164
v2_spectrum,SU2-HaarU4-brickwork|n10|d60|i3|dir=gaussian|basis=Z|eta=0,SU2-HaarU4-brickwork|n10|d60|i3,512,364,0.00033661588807125706
v2_spectrum,SU2-HaarU4-brickwork|n10|d60|i3|dir=gaussian|basis=Z|eta=0,SU2-HaarU4-brickwork|n10|d60|i3,512,365,0.00033561142158968274
v2_spectrum,SU2-HaarU4-brickwork|n10|d60|i3|dir=gaussian|basis=Z|eta=0,SU2-HaarU4-brickwork|n10|d60|i3,512,366,0.0003318890469805175
v2_spectrum,SU2-HaarU4-brickwork|n10|d60|i3|dir=gaussian|basis=Z|eta=0,SU2-HaarU4-brickwork|n10|d60|i3,512,367,0.000329037880374917
v2_spectrum,SU2-HaarU4-brickwork|n10|d60|i3|dir=gaussian|basis=Z|eta=0,SU2-HaarU4-brickwork|n10|d60|i3,512,368,0.0003265844931534202
v2_spectrum,SU2-HaarU4-brickwork|n10|d60|i3|dir=gaussian|basis=Z|eta=0,SU2-HaarU4-brickwork|n10|d60|i3,512,369,0.0003229458343046192
v2_spectrum,SU2-HaarU4-brickwork|n10|d60|i3|dir=gaussian|basis=Z|eta=0,SU2-HaarU4-brickwork|n10|d60|i3,512,370,0.0003206272001864328
v2_spectrum,SU2-HaarU4-brickwork|n10|d60|i3|dir=gaussian|basis=Z|eta=0,SU2-HaarU4-brickwork|n10|d60|i3,512,371,0.000316731964565137
v2_spectrum,SU2-HaarU4-brickwork|n10|d60|i3|dir=gaussian|basis=Z|eta=0,SU2-HaarU4-brickwork|n10|d60|i3,512,372,0.0003154431185462613
v2_spectrum,SU2-HaarU4-brickwork|n10|d60|i3|dir=gaussian|basis=Z|eta=0,SU2-HaarU4-brickwork|n10|d60|i3,512,373,0.00030885431392949965
v2_spectrum,SU2-HaarU4-brickwork|n10|d60|i3|dir=gaussian|basis=Z|eta=0,SU2-HaarU4-brickwork|n10|d60|i3,512,374,0.0003055148502907423
v2_spectrum,SU2-HaarU4-brickwork|n10|d60|i3|dir=gaussian|basis=Z|eta=0,SU2-HaarU4-brickwork|n10|d60|i3,512,375,0.0003027410134823028
v2_spectrum,SU2-HaarU4-brickwork|n10|d60|i3|dir=gaussian|basis=Z|eta=0,SU2-HaarU4-brickwork|n10|d60|i3,512,376,0.0003000599355742935
v2_spectrum,SU2-HaarU4-brickwork|n10|d60|i3|dir=gaussian|basis=Z|eta=0,SU2-HaarU4-brickwork|n10|d60|i3,512,377,0.00029760592574877277
v2_spectrum,SU2-HaarU4-brickwork|n10|d60|i3|dir=gaussian|basis=Z|eta=0,SU2-HaarU4-brickwork|n10|d60|i3,512,378,0.00029352160845267825
v2_spectrum,SU2-HaarU4-brickwork|n10|d60|i3|dir=gaussian|basis=Z|eta=0,SU2-HaarU4-brickwork|n10|d60|i3,512,379,0.000289974468564558
v2_spectrum,SU2-HaarU4-brickwork|n10|d60|i3|dir=gaussian|basis=Z|eta=0,SU2-HaarU4-brickwork|n10|d60|i3,512,380,0.00028896654940078494
v2_spectrum,SU2-HaarU4-brickwork|n10|d60|i3|dir=gaussian|basis=Z|eta=0,SU2-HaarU4-brickwork|n10|d60|i3,512,381,0.0002819689083572447
v2_spectrum,SU2-HaarU4-brickwork|n10|d60|i3|dir=gaussian|basis=Z|eta=0,SU2-HaarU4-brickwork|n10|d60|i3,512,382,0.00027918055266931946
v2_spectrum,SU2-HaarU4-brickwork|n10|d60|i3|dir=gaussian|basis=Z|eta=0,SU2-HaarU4-brickwork|n10|d60|i3,512,383,0.000276469667416672
v2_spectrum,SU2-HaarU4-brickwork|n10|d60|i3|dir=gaussian|basis=Z|eta=0,SU2-HaarU4-brickwork|n10|d60|i3,512,384,0.00027416952784001773
v2_spectrum,SU2-HaarU4-brickwork|n10|d60|i3|dir=gaussian|basis=Z|eta=0,SU2-HaarU4-brickwork|n10|d60|i3,512,385,0.000271327522536394
v2_spectrum,SU2-HaarU4-brickwork|n10|d60|i3|dir=gaussian|basis=Z|eta=0,SU2-HaarU4-brickwork|n10|d60|i3,512,386,0.0002696632071093359
v2_spectrum,SU2-HaarU4-brickwork|n10|d60|i3|dir=gaussian|basis=Z|eta=0,SU2-HaarU4-brickwork|n10|d60|i3,512,387,0.00026637124614765695
v2_spectrum,SU2-HaarU4-brickwork|n10|d60|i3|dir=gaussian|basis=Z|eta=0,SU2-HaarU4-brickwork|n10|d60|i3,512,388,0.00026401802515254127
v2_spectrum,SU2-HaarU4-brickwork|n10|d60|i3|dir=gaussian|basis=Z|eta=0,SU2-HaarU4-brickwork|n10|d60|i3,512,389,0.00026098611874646584
v2_spectrum,SU2-HaarU4-brickwork|n10|d60|i3|dir=gaussian|basis=Z|eta=0,SU2-HaarU4-brickwork|n10|d60|i3,512,390,0.00025967769035044346
v2_spectrum,SU2-HaarU4-brickwork|n10|d60|i3|dir=gaussian|basis=Z|eta=0,SU2-HaarU4-brickwork|n10|d60|i3,512,391,0.000257612558571029
v2_spectrum,SU2-HaarU4-brickwork|n10|d60|i3|dir=gaussian|basis=Z|eta=0,SU2-HaarU4-brickwork|n10|d60|i3,512,392,0.00025182077992912994
v2_spectrum,SU2-HaarU4-brickwork|n10|d60|i3|dir=gaussian|basis=Z|eta=0,SU2-HaarU4-brickwork|n10|d60|i3,512,393,0.00024940576114728026
v2_spectrum,SU2-HaarU4-brickwork|n10|d60|i3|dir=gaussian|basis=Z|eta=0,SU2-HaarU4-brickwork|n10|d60|i3,512,394,0.0002481981824443781
v2_spectrum,SU2-HaarU4-brickwork|n10|d60|i3|dir=gaussian|basis=Z|eta=0,SU2-HaarU4-brickwork|n10|d60|i3,512,395,0.00024590330620169275
v2_spectrum,SU2-HaarU4-brickwork|n10|d60|i3|dir=gaussian|basis=Z|eta=0,SU2-HaarU4-brickwork|n10|d60|i3,512,396,0.00024311864136410686
v2_spectrum,SU2-HaarU4-brickwork|n10|d60|i3|dir=gaussian|basis=Z|eta=0,SU2-HaarU4-brickwork|n10|d60|i3,512,397,0.0002420550412482652
v2_spectrum,SU2-HaarU4-brickwork|n10|d60|i3|dir=gaussian|basis=Z|eta=0,SU2-HaarU4-brickwork|n10|d60|i3,512,398,0.00023480781185303582
v2_spectrum,SU2-HaarU4-brickwork|n10|d60|i3|dir=gaussian|basis=Z|eta=0,SU2-HaarU4-brickwork|n10|d60|i3,512,399,0.00023361486271459666
v2_spectrum,SU2-HaarU4-brickwork|n10|d60|i3|dir=gaussian|basis=Z|eta=0,SU2-HaarU4-brickwork|n10|d60|i3,512,400,0.00023293931617462274
v2_spectrum,SU2-HaarU4-brickwork|n10|d60|i3|dir=gaussian|basis=Z|eta=0,SU2-HaarU4-brickwork|n10|d60|i3,512,401,0.00023219863694676034
v2_spectrum,SU2-HaarU4-brickwork|n10|d60|i3|dir=gaussian|basis=Z|eta=0,SU2-HaarU4-brickwork|n10|d60|i3,512,402,0.00022890404491467603
v2_spectrum,SU2-HaarU4-brickwork|n10|d60|i3|dir=gaussian|basis=Z|eta=0,SU2-HaarU4-brickwork|n10|d60|i3,512,403,0.0002268894456630495
v2_spectrum,SU2-HaarU4-brickwork|n10|d60|i3|dir=gaussian|basis=Z|eta=0,SU2-HaarU4-brickwork|n10|d60|i3,512,404,0.00022249718145576802
v2_spectrum,SU2-HaarU4-brickwork|n10|d60|i3|dir=gaussian|basis=Z|eta=0,SU2-HaarU4-brickwork|n10|d60|i3,512,405,0.00022123710734585806
v2_spectrum,SU2-HaarU4-brickwork|n10|d60|i3|dir=gaussian|basis=Z|eta=0,SU2-HaarU4-brickwork|n10|d60|i3,512,406,0.0002173281179163507
v2_spectrum,SU2-HaarU4-brickwork|n10|d60|i3|dir=gaussian|basis=Z|eta=0,SU2-HaarU4-brickwork|n10|d60|i3,512,407,0.0002163156566248578
v2_spectrum,SU2-HaarU4-brickwork|n10|d60|i3|dir=gaussian|basis=Z|eta=0,SU2-HaarU4-brickwork|n10|d60|i3,512,408,0.0002115774730131324
v2_spectrum,SU2-HaarU4-brickwork|n10|d60|i3|dir=gaussian|basis=Z|eta=0,SU2-HaarU4-brickwork|n10|d60|i3,512,409,0.00021042955125847936
v2_spectrum,SU2-HaarU4-brickwork|n10|d60|i3|dir=gaussian|basis=Z|eta=0,SU2-HaarU4-brickwork|n10|d60|i3,512,410,0.00020766747636328384
v2_spectrum,SU2-HaarU4-brickwork|n10|d60|i3|dir=gaussian|basis=Z|eta=0,SU2-HaarU4-brickwork|n10|d60|i3,512,411,0.00020539821967129724
v2_spectrum,SU2-HaarU4-brickwork|n10|d60|i3|dir=gaussian|basis=Z|eta=0,SU2-HaarU4-brickwork|n10|d60|i3,512,412,0.00020358206328556549
v2_spectrum,SU2-HaarU4-brickwork|n10|d60|i3|dir=gaussian|basis=Z|eta=0,SU2-HaarU4-brickwork|n10|d60|i3,512,413,0.0001999390133196007
v2_spectrum,SU2-HaarU4-brickwork|n10|d60|i3|dir=gaussian|basis=Z|eta=0,SU2-HaarU4-brickwork|n10|d60|i3,512,414,0.00019697661678369372
v2_spectrum,SU2-HaarU4-brickwork|n10|d60|i3|dir=gaussian|basis=Z|eta=0,SU2-HaarU4-brickwork|n10|d60|i3,512,415,0.00019555466419562712
v2_spectrum,SU2-HaarU4-brickwork|n10|d60|i3|dir=gaussian|basis=Z|eta=0,SU2-HaarU4-brickwork|n10|d60|i3,512,416,0.0001914608406320307
v2_spectrum,SU2-HaarU4-brickwork|n10|d60|i3|dir=gaussian|basis=Z|eta=0,SU2-HaarU4-brickwork|n10|d60|i3,512,417,0.00018985695476270015
v2_spectrum,SU2-HaarU4-brickwork|n10|d60|i3|dir=gaussian|basis=Z|eta=0,SU2-HaarU4-brickwork|n10|d60|i3,512,418,0.00018742862914812767
v2_spectrum,SU2-HaarU4-brickwork|n10|d60|i3|dir=gaussian|basis=Z|eta=0,SU2-HaarU4-brickwork|n10|d60|i3,512,419,0.0001853912869917023
v2_spectrum,SU2-HaarU4-brickwork|n10|d60|i3|dir=gaussian|basis=Z|eta=0,SU2-HaarU4-brickwork|n10|d60|i3,512,420,0.00018448204887962206
v2_spectrum,SU2-HaarU4-brickwork|n10|d60|i3|dir=gaussian|basis=Z|eta=0,SU2-HaarU4-brickwork|n10|d60|i3,512,421,0.00018134085438471504
v2_spectrum,SU2-HaarU4-brickwork|n10|d60|i3|dir=gaussian|basis=Z|eta=0,SU2-HaarU4-brickwork|n10|d60|i3,512,422,0.0001793449171987615
v2_spectrum,SU2-HaarU4-brickwork|n10|d60|i3|dir=gaussian|basis=Z|eta=0,SU2-HaarU4-brickwork|n10|d60|i3,512,423,0.0001772852444449615
v2_spectrum,SU2-HaarU4-brickwork|n10|d60|i3|dir=gaussian|basis=Z|eta=0,SU2-HaarU4-brickwork|n10|d60|i3,512,424,0.00017355329115494443
v2_spectrum,SU2-HaarU4-brickwork|n10|d60|i3|dir=gaussian|basis=Z|eta=0,SU2-HaarU4-brickwork|n10|d60|i3,512,425,0.00017234736270705408
v2_spectrum,SU2-HaarU4-brickwork|n10|d60|i3|dir=gaussian|basis=Z|eta=0,SU2-HaarU4-brickwork|n10|d60|i3,512,426,0.00017141142935039056
v2_spectrum,SU2-HaarU4-brickwork|n10|d60|i3|dir=gaussian|basis=Z|eta=0,SU2-HaarU4-brickwork|n10|d60|i3,512,427,0.00016993777419062718
v2_spectrum,SU2-HaarU4-brickwork|n10|d60|i3|dir=gaussian|basis=Z|eta=0,SU2-HaarU4-brickwork|n10|d60|i3,512,428,0.00016767434302150495
v2_spectrum,SU2-HaarU4-brickwork|n10|d60|i3|dir=gaussian|basis=Z|eta=0,SU2-HaarU4-brickwork|n10|d60|i3,512,429,0.0001660119357794035
v2_spectrum,SU2-HaarU4-brickwork|n10|d60|i3|dir=gaussian|basis=Z|eta=0,SU2-HaarU4-brickwork|n10|d60|i3,512,430,0.0001633384894566758
v2_spectrum,SU2-HaarU4-brickwork|n10|d60|i3|dir=gaussian|basis=Z|eta=0,SU2-HaarU4-brickwork|n10|d60|i3,512,431,0.00016292569629275698
v2_spectrum,SU2-HaarU4-brickwork|n10|d60|i3|dir=gaussian|basis=Z|eta=0,SU2-HaarU4-brickwork|n10|d60|i3,512,432,0.0001598564815824197
v2_spectrum,SU2-HaarU4-brickwork|n10|d60|i3|dir=gaussian|basis=Z|eta=0,SU2-HaarU4-brickwork|n10|d60|i3,512,433,0.00015856912992555532
v2_spectrum,SU2-HaarU4-brickwork|n10|d60|i3|dir=gaussian|basis=Z|eta=0,SU2-HaarU4-brickwork|n10|d60|i3,512,434,0.0001574323649192929
v2_spectrum,SU2-HaarU4-brickwork|n10|d60|i3|dir=gaussian|basis=Z|eta=0,SU2-HaarU4-brickwork|n10|d60|i3,512,435,0.00015636126256701906
v2_spectrum,SU2-HaarU4-brickwork|n10|d60|i3|dir=gaussian|basis=Z|eta=0,SU2-HaarU4-brickwork|n10|d60|i3,512,436,0.00015508016201576814
v2_spectrum,SU2-HaarU4-brickwork|n10|d60|i3|dir=gaussian|basis=Z|eta=0,SU2-HaarU4-brickwork|n10|d60|i3,512,437,0.00015112031782189608
v2_spectrum,SU2-HaarU4-brickwork|n10|d60|i3|dir=gaussian|basis=Z|eta=0,SU2-HaarU4-brickwork|n10|d60|i3,512,438,0.00015011975019931374
v2_spectrum,SU2-HaarU4-brickwork|n10|d60|i3|dir=gaussian|basis=Z|eta=0,SU2-HaarU4-brickwork|n10|d60|i3,512,439,0.00014802849851502258
v2_spectrum,SU2-HaarU4-brickwork|n10|d60|i3|dir=gaussian|basis=Z|eta=0,SU2-HaarU4-brickwork|n10|d60|i3,512,440,0.00014533999767487376
v2_spectrum,SU2-HaarU4-brickwork|n10|d60|i3|dir=gaussian|basis=Z|eta=0,SU2-HaarU4-brickwork|n10|d60|i3,512,441,0.00014466254346253224
v2_spectrum,SU2-HaarU4-brickwork|n10|d60|i3|dir=gaussian|basis=Z|eta=0,SU2-HaarU4-brickwork|n10|d60|i3,512,442,0.00014105580809419178
v2_spectrum,SU2-HaarU4-brickwork|n10|d60|i3|dir=gaussian|basis=Z|eta=0,SU2-HaarU4-brickwork|n10|d60|i3,512,443,0.00014012844835388567
v2_spectrum,SU2-HaarU4-brickwork|n10|d60|i3|dir=gaussian|basis=Z|eta=0,SU2-HaarU4-brickwork|n10|d60|i3,512,444,0.0001388983487862785
v2_spectrum,SU2-HaarU4-brickwork|n10|d60|i3|dir=gaussian|basis=Z|eta=0,SU2-HaarU4-brickwork|n10|d60|i3,512,445,0.00013590260291164856
v2_spectrum,SU2-HaarU4-brickwork|n10|d60|i3|dir=gaussian|basis=Z|eta=0,SU2-HaarU4-brickwork|n10|d60|i3,512,446,0.0001351133906048078
v2_spectrum,SU2-HaarU4-brickwork|n10|d60|i3|dir=gaussian|basis=Z|eta=0,SU2-HaarU4-brickwork|n10|d60|i3,512,447,0.00013339167835013232
v2_spectrum,SU2-HaarU4-brickwork|n10|d60|i3|dir=gaussian|basis=Z|eta=0,SU2-HaarU4-brickwork|n10|d60|i3,512,448,0.00013212303856965967
v2_spectrum,SU2-HaarU4-brickwork|n10|d60|i3|dir=gaussian|basis=Z|eta=0,SU2-HaarU4-brickwork|n10|d60|i3,512,449,0.00013032553983831677
v2_spectrum,SU2-HaarU4-brickwork|n10|d60|i3|dir=gaussian|basis=Z|eta=0,SU2-HaarU4-brickwork|n10|d60|i3,512,450,0.00012890425900471917
v2_spectrum,SU2-HaarU4-brickwork|n10|d60|i3|dir=gaussian|basis=Z|eta=0,SU2-HaarU4-brickwork|n10|d60|i3,512,451,0.00012767516878251889
v2_spectrum,SU2-HaarU4-brickwork|n10|d60|i3|dir=gaussian|basis=Z|eta=0,SU2-HaarU4-brickwork|n10|d60|i3,512,452,0.00012560403848407465
v2_spectrum,SU2-HaarU4-brickwork|n10|d60|i3|dir=gaussian|basis=Z|eta=0,SU2-HaarU4-brickwork|n10|d60|i3,512,453,0.00012282258936186776
v2_spectrum,SU2-HaarU4-brickwork|n10|d60|i3|dir=gaussian|basis=Z|eta=0,SU2-HaarU4-brickwork|n10|d60|i3,512,454,0.00012181802553778741
v2_spectrum,SU2-HaarU4-brickwork|n10|d60|i3|dir=gaussian|basis=Z|eta=0,SU2-HaarU4-brickwork|n10|d60|i3,512,455,0.00012162639836932637
v2_spectrum,SU2-HaarU4-brickwork|n10|d60|i3|dir=gaussian|basis=Z|eta=0,SU2-HaarU4-brickwork|n10|d60|i3,512,456,0.00011843927020416461
v2_spectrum,SU2-HaarU4-brickwork|n10|d60|i3|dir=gaussian|basis=Z|eta=0,SU2-HaarU4-brickwork|n10|d60|i3,512,457,0.00011695746892812995
v2_spectrum,SU2-HaarU4-brickwork|n10|d60|i3|dir=gaussian|basis=Z|eta=0,SU2-HaarU4-brickwork|n10|d60|i3,512,458,0.00011574991320061107
v2_spectrum,SU2-HaarU4-brickwork|n10|d60|i3|dir=gaussian|basis=Z|eta=0,SU2-HaarU4-brickwork|n10|d60|i3,512,459,0.00011415211215751818
v2_spectrum,SU2-HaarU4-brickwork|n10|d60|i3|dir=gaussian|basis=Z|eta=0,SU2-HaarU4-brickwork|n10|d60|i3,512,460,0.00011140792556836648
v2_spectrum,SU2-HaarU4-brickwork|n10|d60|i3|dir=gaussian|basis=Z|eta=0,SU2-HaarU4-brickwork|n10|d60|i3,512,461,0.00011019253347979413
v2_spectrum,SU2-HaarU4-brickwork|n10|d60|i3|dir=gaussian|basis=Z|eta=0,SU2-HaarU4-brickwork|n10|d60|i3,512,462,0.00010951876666255083
v2_spectrum,SU2-HaarU4-brickwork|n10|d60|i3|dir=gaussian|basis=Z|eta=0,SU2-HaarU4-brickwork|n10|d60|i3,512,463,0.00010813652316718863
v2_spectrum,SU2-HaarU4-brickwork|n10|d60|i3|dir=gaussian|basis=Z|eta=0,SU2-HaarU4-brickwork|n10|d60|i3,512,464,0.00010633789670820146
v2_spectrum,SU2-HaarU4-brickwork|n10|d60|i3|dir=gaussian|basis=Z|eta=0,SU2-HaarU4-brickwork|n10|d60|i3,512,465,0.00010466728851075213
v2_spectrum,SU2-HaarU4-brickwork|n10|d60|i3|dir=gaussian|basis=Z|eta=0,SU2-HaarU4-brickwork|n10|d60|i3,512,466,0.00010361272683609805
v2_spectrum,SU2-HaarU4-brickwork|n10|d60|i3|dir=gaussian|basis=Z|eta=0,SU2-HaarU4-brickwork|n10|d60|i3,512,467,0.00010150260194041828
v2_spectrum,SU2-HaarU4-brickwork|n10|d60|i3|dir=gaussian|basis=Z|eta=0,SU2-HaarU4-brickwork|n10|d60|i3,512,468,9.972518866623289e-05
v2_spectrum,SU2-HaarU4-brickwork|n10|d60|i3|dir=gaussian|basis=Z|eta=0,SU2-HaarU4-brickwork|n10|d60|i3,512,469,9.791168053141783e-05
v2_spectrum,SU2-HaarU4-brickwork|n10|d60|i3|dir=gaussian|basis=Z|eta=0,SU2-HaarU4-brickwork|n10|d60|i3,512,470,9.710901297722755e-05
v2_spectrum,SU2-HaarU4-brickwork|n10|d60|i3|dir=gaussian|basis=Z|eta=0,SU2-HaarU4-brickwork|n10|d60|i3,512,471,9.53736144626323e-05
v2_spectrum,SU2-HaarU4-brickwork|n10|d60|i3|dir=gaussian|basis=Z|eta=0,SU2-HaarU4-brickwork|n10|d60|i3,512,472,9.462375240711387e-05
v2_spectrum,SU2-HaarU4-brickwork|n10|d60|i3|dir=gaussian|basis=Z|eta=0,SU2-HaarU4-brickwork|n10|d60|i3,512,473,9.444472786577496e-05
v2_spectrum,SU2-HaarU4-brickwork|n10|d60|i3|dir=gaussian|basis=Z|eta=0,SU2-HaarU4-brickwork|n10|d60|i3,512,474,8.955861003841978e-05
v2_spectrum,SU2-HaarU4-brickwork|n10|d60|i3|dir=gaussian|basis=Z|eta=0,SU2-HaarU4-brickwork|n10|d60|i3,512,475,8.867761621108217e-05
v2_spectrum,SU2-HaarU4-brickwork|n10|d60|i3|dir=gaussian|basis=Z|eta=0,SU2-HaarU4-brickwork|n10|d60|i3,512,476,8.775249145087782e-05
v2_spectrum,SU2-HaarU4-brickwork|n10|d60|i3|dir=gaussian|basis=Z|eta=0,SU2-HaarU4-brickwork|n10|d60|i3,512,477,8.559398872202044e-05
v2_spectrum,SU2-HaarU4-brickwork|n10|d60|i3|dir=gaussian|basis=Z|eta=0,SU2-HaarU4-brickwork|n10|d60|i3,512,478,8.505641897636006e-05
v2_spectrum,SU2-HaarU4-brickwork|n10|d60|i3|dir=gaussian|basis=Z|eta=0,SU2-HaarU4-brickwork|n10|d60|i3,512,479,8.338591746152952e-05
v2_spectrum,SU2-HaarU4-brickwork|n10|d60|i3|dir=gaussian|basis=Z|eta=0,SU2-HaarU4-brickwork|n10|d60|i3,512,480,8.25404680340831e-05
v2_spectrum,SU2-HaarU4-brickwork|n10|d60|i3|dir=gaussian|basis=Z|eta=0,SU2-HaarU4-brickwork|n10|d60|i3,512,481,8.161705498943102e-05
v2_spectrum,SU2-HaarU4-brickwork|n10|d60|i3|dir=gaussian|basis=Z|eta=0,SU2-HaarU4-brickwork|n10|d60|i3,512,482,8.069549752053054e-05
v2_spectrum,SU2-HaarU4-brickwork|n10|d60|i3|dir=gaussian|basis=Z|eta=0,SU2-HaarU4-brickwork|n10|d60|i3,512,483,7.872381767997624e-05
v2_spectrum,SU2-HaarU4-brickwork|n10|d60|i3|dir=gaussian|basis=Z|eta=0,SU2-HaarU4-brickwork|n10|d60|i3,512,484,7.689063056743477e-05
v2_spectrum,SU2-HaarU4-brickwork|n10|d60|i3|dir=gaussian|basis=Z|eta=0,SU2-HaarU4-brickwork|n10|d60|i3,512,485,7.570812203049387e-05
v2_spectrum,SU2-HaarU4-brickwork|n10|d60|i3|dir=gaussian|basis=Z|eta=0,SU2-HaarU4-brickwork|n10|d60|i3,512,486,7.505203759243115e-05
v2_spectrum,SU2-HaarU4-brickwork|n10|d60|i3|dir=gaussian|basis=Z|eta=0,SU2-HaarU4-brickwork|n10|d60|i3,512,487,7.330536067402232e-05
v2_spectrum,SU2-HaarU4-brickwork|n10|d60|i3|dir=gaussian|basis=Z|eta=0,SU2-HaarU4-brickwork|n10|d60|i3,512,488,7.081426646987449e-05
v2_spectrum,SU2-HaarU4-brickwork|n10|d60|i3|dir=gaussian|basis=Z|eta=0,SU2-HaarU4-brickwork|n10|d60|i3,512,489,7.003130736500257e-05
v2_spectrum,SU2-HaarU4-brickwork|n10|d60|i3|dir=gaussian|basis=Z|eta=0,SU2-HaarU4-brickwork|n10|d60|i3,512,490,6.969561057496554e-05
v2_spectrum,SU2-HaarU4-brickwork|n10|d60|i3|dir=gaussian|basis=Z|eta=0,SU2-HaarU4-brickwork|n10|d60|i3,512,491,6.786042222070324e-05
v2_spectrum,SU2-HaarU4-brickwork|n10|d60|i3|dir=gaussian|basis=Z|eta=0,SU2-HaarU4-brickwork|n10|d60|i3,512,492,6.659021040514034e-05
v2_spectrum,SU2-HaarU4-brickwork|n10|d60|i3|dir=gaussian|basis=Z|eta=0,SU2-HaarU4-brickwork|n10|d60|i3,512,493,6.560440689461592e-05
v2_spectrum,SU2-HaarU4-brickwork|n10|d60|i3|dir=gaussian|basis=Z|eta=0,SU2-HaarU4-brickwork|n10|d60|i3,512,494,6.358298683199903e-05
v2_spectrum,SU2-HaarU4-brickwork|n10|d60|i3|dir=gaussian|basis=Z|eta=0,SU2-HaarU4-brickwork|n10|d60|i3,512,495,6.213348231867184e-05
v2_spectrum,SU2-HaarU4-brickwork|n10|d60|i3|dir=gaussian|basis=Z|eta=0,SU2-HaarU4-brickwork|n10|d60|i3,512,496,6.094349367119408e-05
v2_spectrum,SU2-HaarU4-brickwork|n10|d60|i3|dir=gaussian|basis=Z|eta=0,SU2-HaarU4-brickwork|n10|d60|i3,512,497,5.9150893228238954e-05
v2_spectrum,SU2-HaarU4-brickwork|n10|d60|i3|dir=gaussian|basis=Z|eta=0,SU2-HaarU4-brickwork|n10|d60|i3,512,498,5.8200862739339304e-05
v2_spectrum,SU2-HaarU4-brickwork|n10|d60|i3|dir=gaussian|basis=Z|eta=0,SU2-HaarU4-brickwork|n10|d60|i3,512,499,5.606323261969814e-05
v2_spectrum,SU2-HaarU4-brickwork|n10|d60|i3|dir=gaussian|basis=Z|eta=0,SU2-HaarU4-brickwork|n10|d60|i3,512,500,5.3620513493201984e-05
v2_spectrum,SU2-HaarU4-brickwork|n10|d60|i3|dir=gaussian|basis=Z|eta=0,SU2-HaarU4-brickwork|n10|d60|i3,512,501,5.257579726714139e-05
v2_spectrum,SU2-HaarU4-brickwork|n10|d60|i3|dir=gaussian|basis=Z|eta=0,SU2-HaarU4-brickwork|n10|d60|i3,512,502,5.246666113458882e-05
v2_spectrum,SU2-HaarU4-brickwork|n10|d60|i3|dir=gaussian|basis=Z|eta=0,SU2-HaarU4-brickwork|n10|d60|i3,512,503,5.177936677302726e-05
v2_spectrum,SU2-HaarU4-brickwork|n10|d60|i3|dir=gaussian|basis=Z|eta=0,SU2-HaarU4-brickwork|n10|d60|i3,512,504,5.040256289367422e-05
v2_spectrum,SU2-HaarU4-brickwork|n10|d60|i3|dir=gaussian|basis=Z|eta=0,SU2-HaarU4-brickwork|n10|d60|i3,512,505,4.8759916420246375e-05
v2_spectrum,SU2-HaarU4-brickwork|n10|d60|i3|dir=gaussian|basis=Z|eta=0,SU2-HaarU4-brickwork|n10|d60|i3,512,506,4.734864791193067e-05
v2_spectrum,SU2-HaarU4-brickwork|n10|d60|i3|dir=gaussian|basis=Z|eta=0,SU2-HaarU4-brickwork|n10|d60|i3,512,507,4.603325213319e-05
v2_spectrum,SU2-HaarU4-brickwork|n10|d60|i3|dir=gaussian|basis=Z|eta=0,SU2-HaarU4-brickwork|n10|d60|i3,512,508,4.463030568602882e-05
v2_spectrum,SU2-HaarU4-brickwork|n10|d60|i3|dir=gaussian|basis=Z|eta=0,SU2-HaarU4-brickwork|n10|d60|i3,512,509,4.405822553371409e-05
v2_spectrum,SU2-HaarU4-brickwork|n10|d60|i3|dir=gaussian|basis=Z|eta=0,SU2-HaarU4-brickwork|n10|d60|i3,512,510,4.09760101764029e-05
v2_spectrum,SU2-HaarU4-brickwork|n10|d60|i3|dir=gaussian|basis=Z|eta=0,SU2-HaarU4-brickwork|n10|d60|i3,512,511,4.010517559484782e-05
v2_spectrum,SU2-HaarU4-brickwork|n10|d60|i3|dir=gaussian|basis=Z|eta=0,SU2-HaarU4-brickwork|n10|d60|i3,512,512,3.853571921433778e-05
v2_spectrum,U1-RZ-XY-line|n10|d60|i9|dir=gaussian|basis=Z|eta=0,U1-RZ-XY-line|n10|d60|i9,512,1,0.07514791007956183
v2_spectrum,U1-RZ-XY-line|n10|d60|i9|dir=gaussian|basis=Z|eta=0,U1-RZ-XY-line|n10|d60|i9,512,2,0.07123806443033694
v2_spectrum,U1-RZ-XY-line|n10|d60|i9|dir=gaussian|basis=Z|eta=0,U1-RZ-XY-line|n10|d60|i9,512,3,0.06741576408249332
v2_spectrum,U1-RZ-XY-line|n10|d60|i9|dir=gaussian|basis=Z|eta=0,U1-RZ-XY-line|n10|d60|i9,512,4,0.06400341508763199
v2_spectrum,U1-RZ-XY-line|n10|d60|i9|dir=gaussian|basis=Z|eta=0,U1-RZ-XY-line|n10|d60|i9,512,5,0.053748973253558055
v2_spectrum,U1-RZ-XY-line|n10|d60|i9|dir=gaussian|basis=Z|eta=0,U1-RZ-XY-line|n10|d60|i9,512,6,0.052863210899248135
v2_spectrum,U1-RZ-XY-line|n10|d60|i9|dir=gaussian|basis=Z|eta=0,U1-RZ-XY-line|n10|d60|i9,512,7,0.04916328675635459
v2_spectrum,U1-RZ-XY-line|n10|d60|i9|dir=gaussian|basis=Z|eta=0,U1-RZ-XY-line|n10|d60|i9,512,8,0.04491386666820239
v2_spectrum,U1-RZ-XY-line|n10|d60|i9|dir=gaussian|basis=Z|eta=0,U1-RZ-XY-line|n10|d60|i9,512,9,0.042418526587930876
v2_spectrum,U1-RZ-XY-line|n10|d60|i9|dir=gaussian|basis=Z|eta=0,U1-RZ-XY-line|n10|d60|i9,512,10,0.035919427837359214
v2_spectrum,U1-RZ-XY-line|n10|d60|i9|dir=gaussian|basis=Z|eta=0,U1-RZ-XY-line|n10|d60|i9,512,11,0.0352245419476165
v2_spectrum,U1-RZ-XY-line|n10|d60|i9|dir=gaussian|basis=Z|eta=0,U1-RZ-XY-line|n10|d60|i9,512,12,0.03249224709700668
v2_spectrum,U1-RZ-XY-line|n10|d60|i9|dir=gaussian|basis=Z|eta=0,U1-RZ-XY-line|n10|d60|i9,512,13,0.031161083469095175
v2_spectrum,U1-RZ-XY-line|n10|d60|i9|dir=gaussian|basis=Z|eta=0,U1-RZ-XY-line|n10|d60|i9,512,14,0.02871776489980738
v2_spectrum,U1-RZ-XY-line|n10|d60|i9|dir=gaussian|basis=Z|eta=0,U1-RZ-XY-line|n10|d60|i9,512,15,0.028342423385560162
v2_spectrum,U1-RZ-XY-line|n10|d60|i9|dir=gaussian|basis=Z|eta=0,U1-RZ-XY-line|n10|d60|i9,512,16,0.026059201950199236
v2_spectrum,U1-RZ-XY-line|n10|d60|i9|dir=gaussian|basis=Z|eta=0,U1-RZ-XY-line|n10|d60|i9,512,17,0.024861543050030164
v2_spectrum,U1-RZ-XY-line|n10|d60|i9|dir=gaussian|basis=Z|eta=0,U1-RZ-XY-line|n10|d60|i9,512,18,0.02254218231521722
v2_spectrum,U1-RZ-XY-line|n10|d60|i9|dir=gaussian|basis=Z|eta=0,U1-RZ-XY-line|n10|d60|i9,512,19,0.021521956699791022
v2_spectrum,U1-RZ-XY-line|n10|d60|i9|dir=gaussian|basis=Z|eta=0,U1-RZ-XY-line|n10|d60|i9,512,20,0.019312705248129173
v2_spectrum,U1-RZ-XY-line|n10|d60|i9|dir=gaussian|basis=Z|eta=0,U1-RZ-XY-line|n10|d60|i9,512,21,0.017531443830436932
v2_spectrum,U1-RZ-XY-line|n10|d60|i9|dir=gaussian|basis=Z|eta=0,U1-RZ-XY-line|n10|d60|i9,512,22,0.01715637168864545
v2_spectrum,U1-RZ-XY-line|n10|d60|i9|dir=gaussian|basis=Z|eta=0,U1-RZ-XY-line|n10|d60|i9,512,23,0.015364093795022687
v2_spectrum,U1-RZ-XY-line|n10|d60|i9|dir=gaussian|basis=Z|eta=0,U1-RZ-XY-line|n10|d60|i9,512,24,0.014188236882737234
v2_spectrum,U1-RZ-XY-line|n10|d60|i9|dir=gaussian|basis=Z|eta=0,U1-RZ-XY-line|n10|d60|i9,512,25,0.012464135079803823
v2_spectrum,U1-RZ-XY-line|n10|d60|i9|dir=gaussian|basis=Z|eta=0,U1-RZ-XY-line|n10|d60|i9,512,26,0.010965670809713581
v2_spectrum,U1-RZ-XY-line|n10|d60|i9|dir=gaussian|basis=Z|eta=0,U1-RZ-XY-line|n10|d60|i9,512,27,0.01045184235172161
v2_spectrum,U1-RZ-XY-line|n10|d60|i9|dir=gaussian|basis=Z|eta=0,U1-RZ-XY-line|n10|d60|i9,512,28,0.00928815744259746
v2_spectrum,U1-RZ-XY-line|n10|d60|i9|dir=gaussian|basis=Z|eta=0,U1-RZ-XY-line|n10|d60|i9,512,29,0.008528851824248333
v2_spectrum,U1-RZ-XY-line|n10|d60|i9|dir=gaussian|basis=Z|eta=0,U1-RZ-XY-line|n10|d60|i9,512,30,0.007851683140494595
v2_spectrum,U1-RZ-XY-line|n10|d60|i9|dir=gaussian|basis=Z|eta=0,U1-RZ-XY-line|n10|d60|i9,512,31,0.007569133127524798
v2_spectrum,U1-RZ-XY-line|n10|d60|i9|dir=gaussian|basis=Z|eta=0,U1-RZ-XY-line|n10|d60|i9,512,32,0.006398046041484216
v2_spectrum,U1-RZ-XY-line|n10|d60|i9|dir=gaussian|basis=Z|eta=0,U1-RZ-XY-line|n10|d60|i9,512,33,0.006200924587233512
v2_spectrum,U1-RZ-XY-line|n10|d60|i9|dir=gaussian|basis=Z|eta=0,U1-RZ-XY-line|n10|d60|i9,512,34,0.0055898839608537945
v2_spectrum,U1-RZ-XY-line|n10|d60|i9|dir=gaussian|basis=Z|eta=0,U1-RZ-XY-line|n10|d60|i9,512,35,0.004981289618273285
v2_spectrum,U1-RZ-XY-line|n10|d60|i9|dir=gaussian|basis=Z|eta=0,U1-RZ-XY-line|n10|d60|i9,512,36,0.004460731344985594
v2_spectrum,U1-RZ-XY-line|n10|d60|i9|dir=gaussian|basis=Z|eta=0,U1-RZ-XY-line|n10|d60|i9,512,37,0.00392472354424721
v2_spectrum,U1-RZ-XY-line|n10|d60|i9|dir=gaussian|basis=Z|eta=0,U1-RZ-XY-line|n10|d60|i9,512,38,0.0033449090287012424
v2_spectrum,U1-RZ-XY-line|n10|d60|i9|dir=gaussian|basis=Z|eta=0,U1-RZ-XY-line|n10|d60|i9,512,39,0.002924770827512955
v2_spectrum,U1-RZ-XY-line|n10|d60|i9|dir=gaussian|basis=Z|eta=0,U1-RZ-XY-line|n10|d60|i9,512,40,0.0021319446818991294
v2_spectrum,U1-RZ-XY-line|n10|d60|i9|dir=gaussian|basis=Z|eta=0,U1-RZ-XY-line|n10|d60|i9,512,41,0.0016150606467325965
