profile,job_id,circuit_id,tangent_count_used,eigen_index,eigenvalue
v2_spectrum,SU2-CNOT-line|n10|d60|i6|dir=gaussian|basis=Z|eta=0,SU2-CNOT-line|n10|d60|i6,512,1,0.009976234711174002
v2_spectrum,SU2-CNOT-line|n10|d60|i6|dir=gaussian|basis=Z|eta=0,SU2-CNOT-line|n10|d60|i6,512,2,0.00904374909282395
v2_spectrum,SU2-CNOT-line|n10|d60|i6|dir=gaussian|basis=Z|eta=0,SU2-CNOT-line|n10|d60|i6,512,3,0.009003296490003712
v2_spectrum,SU2-CNOT-line|n10|d60|i6|dir=gaussian|basis=Z|eta=0,SU2-CNOT-line|n10|d60|i6,512,4,0.008701105329967278
v2_spectrum,SU2-CNOT-line|n10|d60|i6|dir=gaussian|basis=Z|eta=0,SU2-CNOT-line|n10|d60|i6,512,5,0.008553070677365654
v2_spectrum,SU2-CNOT-line|n10|d60|i6|dir=gaussian|basis=Z|eta=0,SU2-CNOT-line|n10|d60|i6,512,6,0.00830791663665454
v2_spectrum,SU2-CNOT-line|n10|d60|i6|dir=gaussian|basis=Z|eta=0,SU2-CNOT-line|n10|d60|i6,512,7,0.008288610805018073
v2_spectrum,SU2-CNOT-line|n10|d60|i6|dir=gaussian|basis=Z|eta=0,SU2-CNOT-line|n10|d60|i6,512,8,0.008188956055552785
v2_spectrum,SU2-CNOT-line|n10|d60|i6|dir=gaussian|basis=Z|eta=0,SU2-CNOT-line|n10|d60|i6,512,9,0.00802777157198476
v2_spectrum,SU2-CNOT-line|n10|d60|i6|dir=gaussian|basis=Z|eta=0,SU2-CNOT-line|n10|d60|i6,512,10,0.007963484718844865
v2_spectrum,SU2-CNOT-line|n10|d60|i6|dir=gaussian|basis=Z|eta=0,SU2-CNOT-line|n10|d60|i6,512,11,0.007871628433366324
v2_spectrum,SU2-CNOT-line|n10|d60|i6|dir=gaussian|basis=Z|eta=0,SU2-CNOT-line|n10|d60|i6,512,12,0.007819462065488291
v2_spectrum,SU2-CNOT-line|n10|d60|i6|dir=gaussian|basis=Z|eta=0,SU2-CNOT-line|n10|d60|i6,512,13,0.007638706085176373
v2_spectrum,SU2-CNOT-line|n10|d60|i6|dir=gaussian|basis=Z|eta=0,SU2-CNOT-line|n10|d60|i6,512,14,0.007612330130883631
v2_spectrum,SU2-CNOT-line|n10|d60|i6|dir=gaussian|basis=Z|eta=0,SU2-CNOT-line|n10|d60|i6,512,15,0.007377919552845577
v2_spectrum,SU2-CNOT-line|n10|d60|i6|dir=gaussian|basis=Z|eta=0,SU2-CNOT-line|n10|d60|i6,512,16,0.0073416304978911814
v2_spectrum,SU2-CNOT-line|n10|d60|i6|dir=gaussian|basis=Z|eta=0,SU2-CNOT-line|n10|d60|i6,512,17,0.007143873464913295
v2_spectrum,SU2-CNOT-line|n10|d60|i6|dir=gaussian|basis=Z|eta=0,SU2-CNOT-line|n10|d60|i6,512,18,0.007075653283728365
v2_spectrum,SU2-CNOT-line|n10|d60|i6|dir=gaussian|basis=Z|eta=0,SU2-CNOT-line|n10|d60|i6,512,19,0.007057101391620913
v2_spectrum,SU2-CNOT-line|n10|d60|i6|dir=gaussian|basis=Z|eta=0,SU2-CNOT-line|n10|d60|i6,512,20,0.006934220068084939
v2_spectrum,SU2-CNOT-line|n10|d60|i6|dir=gaussian|basis=Z|eta=0,SU2-CNOT-line|n10|d60|i6,512,21,0.00687158541543828
v2_spectrum,SU2-CNOT-line|n10|d60|i6|dir=gaussian|basis=Z|eta=0,SU2-CNOT-line|n10|d60|i6,512,22,0.00677227689149324
v2_spectrum,SU2-CNOT-line|n10|d60|i6|dir=gaussian|basis=Z|eta=0,SU2-CNOT-line|n10|d60|i6,512,23,0.006686001206084908
v2_spectrum,SU2-CNOT-line|n10|d60|i6|dir=gaussian|basis=Z|eta=0,SU2-CNOT-line|n10|d60|i6,512,24,0.006643919255434218
v2_spectrum,SU2-CNOT-line|n10|d60|i6|dir=gaussian|basis=Z|eta=0,SU2-CNOT-line|n10|d60|i6,512,25,0.006612888961853799
v2_spectrum,SU2-CNOT-line|n10|d60|i6|dir=gaussian|basis=Z|eta=0,SU2-CNOT-line|n10|d60|i6,512,26,0.006552052043483836
v2_spectrum,SU2-CNOT-line|n10|d60|i6|dir=gaussian|basis=Z|eta=0,SU2-CNOT-line|n10|d60|i6,512,27,0.00642783188405728
v2_spectrum,SU2-CNOT-line|n10|d60|i6|dir=gaussian|basis=Z|eta=0,SU2-CNOT-line|n10|d60|i6,512,28,0.0064129705502704165
v2_spectrum,SU2-CNOT-line|n10|d60|i6|dir=gaussian|basis=Z|eta=0,SU2-CNOT-line|n10|d60|i6,512,29,0.006315504554696703
v2_spectrum,SU2-CNOT-line|n10|d60|i6|dir=gaussian|basis=Z|eta=0,SU2-CNOT-line|n10|d60|i6,512,30,0.006225720596325107
v2_spectrum,SU2-CNOT-line|n10|d60|i6|dir=gaussian|basis=Z|eta=0,SU2-CNOT-line|n10|d60|i6,512,31,0.00621639261463334
v2_spectrum,SU2-CNOT-line|n10|d60|i6|dir=gaussian|basis=Z|eta=0,SU2-CNOT-line|n10|d60|i6,512,32,0.006105495721832736
v2_spectrum,SU2-CNOT-line|n10|d60|i6|dir=gaussian|basis=Z|eta=0,SU2-CNOT-line|n10|d60|i6,512,33,0.0060486614964150726
v2_spectrum,SU2-CNOT-line|n10|d60|i6|dir=gaussian|basis=Z|eta=0,SU2-CNOT-line|n10|d60|i6,512,34,0.005963554172563444
v2_spectrum,SU2-CNOT-line|n10|d60|i6|dir=gaussian|basis=Z|eta=0,SU2-CNOT-line|n10|d60|i6,512,35,0.005899021575596212
v2_spectrum,SU2-CNOT-line|n10|d60|i6|dir=gaussian|basis=Z|eta=0,SU2-CNOT-line|n10|d60|i6,512,36,0.005828428699053373
v2_spectrum,SU2-CNOT-line|n10|d60|i6|dir=gaussian|basis=Z|eta=0,SU2-CNOT-line|n10|d60|i6,512,37,0.0057542198360679845
v2_spectrum,SU2-CNOT-line|n10|d60|i6|dir=gaussian|basis=Z|eta=0,SU2-CNOT-line|n10|d60|i6,512,38,0.005684145109874027
v2_spectrum,SU2-CNOT-line|n10|d60|i6|dir=gaussian|basis=Z|eta=0,SU2-CNOT-line|n10|d60|i6,512,39,0.005646269609938326
v2_spectrum,SU2-CNOT-line|n10|d60|i6|dir=gaussian|basis=Z|eta=0,SU2-CNOT-line|n10|d60|i6,512,40,0.005601060920551222
v2_spectrum,SU2-CNOT-line|n10|d60|i6|dir=gaussian|basis=Z|eta=0,SU2-CNOT-line|n10|d60|i6,512,41,0.005560542473583177
v2_spectrum,SU2-CNOT-line|n10|d60|i6|dir=gaussian|basis=Z|eta=0,SU2-CNOT-line|n10|d60|i6,512,42,0.005482758752689836
v2_spectrum,SU2-CNOT-line|n10|d60|i6|dir=gaussian|basis=Z|eta=0,SU2-CNOT-line|n10|d60|i6,512,43,0.005479247176268976
v2_spectrum,SU2-CNOT-line|n10|d60|i6|dir=gaussian|basis=Z|eta=0,SU2-CNOT-line|n10|d60|i6,512,44,0.0054550244964397115
v2_spectrum,SU2-CNOT-line|n10|d60|i6|dir=gaussian|basis=Z|eta=0,SU2-CNOT-line|n10|d60|i6,512,45,0.005375808211187124
v2_spectrum,SU2-CNOT-line|n10|d60|i6|dir=gaussian|basis=Z|eta=0,SU2-CNOT-line|n10|d60|i6,512,46,0.005333058902593514
v2_spectrum,SU2-CNOT-line|n10|d60|i6|dir=gaussian|basis=Z|eta=0,SU2-CNOT-line|n10|d60|i6,512,47,0.00530675467404816
v2_spectrum,SU2-CNOT-line|n10|d60|i6|dir=gaussian|basis=Z|eta=0,SU2-CNOT-line|n10|d60|i6,512,48,0.005250082466632722
v2_spectrum,SU2-CNOT-line|n10|d60|i6|dir=gaussian|basis=Z|eta=0,SU2-CNOT-line|n10|d60|i6,512,49,0.005148674882803605
v2_spectrum,SU2-CNOT-line|n10|d60|i6|dir=gaussian|basis=Z|eta=0,SU2-CNOT-line|n10|d60|i6,512,50,0.005107935822474607
v2_spectrum,SU2-CNOT-line|n10|d60|i6|dir=gaussian|basis=Z|eta=0,SU2-CNOT-line|n10|d60|i6,512,51,0.005046419664238261
v2_spectrum,SU2-CNOT-line|n10|d60|i6|dir=gaussian|basis=Z|eta=0,SU2-CNOT-line|n10|d60|i6,512,52,0.005027675956971869
v2_spectrum,SU2-CNOT-line|n10|d60|i6|dir=gaussian|basis=Z|eta=0,SU2-CNOT-line|n10|d60|i6,512,53,0.0050175625864461795
v2_spectrum,SU2-CNOT-line|n10|d60|i6|dir=gaussian|basis=Z|eta=0,SU2-CNOT-line|n10|d60|i6,512,54,0.004940072347610629
v2_spectrum,SU2-CNOT-line|n10|d60|i6|dir=gaussian|basis=Z|eta=0,SU2-CNOT-line|n10|d60|i6,512,55,0.004873502231636676
v2_spectrum,SU2-CNOT-line|n10|d60|i6|dir=gaussian|basis=Z|eta=0,SU2-CNOT-line|n10|d60|i6,512,56,0.004852126826644358
v2_spectrum,SU2-CNOT-line|n10|d60|i6|dir=gaussian|basis=Z|eta=0,SU2-CNOT-line|n10|d60|i6,512,57,0.004828527532530323
v2_spectrum,SU2-CNOT-line|n10|d60|i6|dir=gaussian|basis=Z|eta=0,SU2-CNOT-line|n10|d60|i6,512,58,0.004795452817660917
v2_spectrum,SU2-CNOT-line|n10|d60|i6|dir=gaussian|basis=Z|eta=0,SU2-CNOT-line|n10|d60|i6,512,59,0.004780776744772553
v2_spectrum,SU2-CNOT-line|n10|d60|i6|dir=gaussian|basis=Z|eta=0,SU2-CNOT-line|n10|d60|i6,512,60,0.004721466085625198
v2_spectrum,SU2-CNOT-line|n10|d60|i6|dir=gaussian|basis=Z|eta=0,SU2-CNOT-line|n10|d60|i6,512,61,0.004703832421830177
v2_spectrum,SU2-CNOT-line|n10|d60|i6|dir=gaussian|basis=Z|eta=0,SU2-CNOT-line|n10|d60|i6,512,62,0.004636528878078275
v2_spectrum,SU2-CNOT-line|n10|d60|i6|dir=gaussian|basis=Z|eta=0,SU2-CNOT-line|n10|d60|i6,512,63,0.004601375277844235
v2_spectrum,SU2-CNOT-line|n10|d60|i6|dir=gaussian|basis=Z|eta=0,SU2-CNOT-line|n10|d60|i6,512,64,0.004553494629340071
v2_spectrum,SU2-CNOT-line|n10|d60|i6|dir=gaussian|basis=Z|eta=0,SU2-CNOT-line|n10|d60|i6,512,65,0.004511875194016722
v2_spectrum,SU2-CNOT-line|n10|d60|i6|dir=gaussian|basis=Z|eta=0,SU2-CNOT-line|n10|d60|i6,512,66,0.004474099468443924
v2_spectrum,SU2-CNOT-line|n10|d60|i6|dir=gaussian|basis=Z|eta=0,SU2-CNOT-line|n10|d60|i6,512,67,0.004430063997397648
v2_spectrum,SU2-CNOT-line|n10|d60|i6|dir=gaussian|basis=Z|eta=0,SU2-CNOT-line|n10|d60|i6,512,68,0.004379279870124214
v2_spectrum,SU2-CNOT-line|n10|d60|i6|dir=gaussian|basis=Z|eta=0,SU2-CNOT-line|n10|d60|i6,512,69,0.004353457971644913
v2_spectrum,SU2-CNOT-line|n10|d60|i6|dir=gaussian|basis=Z|eta=0,SU2-CNOT-line|n10|d60|i6,512,70,0.004326992673943932
v2_spectrum,SU2-CNOT-line|n10|d60|i6|dir=gaussian|basis=Z|eta=0,SU2-CNOT-line|n10|d60|i6,512,71,0.004317474886830878
v2_spectrum,SU2-CNOT-line|n10|d60|i6|dir=gaussian|basis=Z|eta=0,SU2-CNOT-line|n10|d60|i6,512,72,0.004287932166957855
v2_spectrum,SU2-CNOT-line|n10|d60|i6|dir=gaussian|basis=Z|eta=0,SU2-CNOT-line|n10|d60|i6,512,73,0.0042659367023474455
v2_spectrum,SU2-CNOT-line|n10|d60|i6|dir=gaussian|basis=Z|eta=0,SU2-CNOT-line|n10|d60|i6,512,74,0.004239462106179159
v2_spectrum,SU2-CNOT-line|n10|d60|i6|dir=gaussian|basis=Z|eta=0,SU2-CNOT-line|n10|d60|i6,512,75,0.004207946877797769
v2_spectrum,SU2-CNOT-line|n10|d60|i6|dir=gaussian|basis=Z|eta=0,SU2-CNOT-line|n10|d60|i6,512,76,0.004179033775179667
v2_spectrum,SU2-CNOT-line|n10|d60|i6|dir=gaussian|basis=Z|eta=0,SU2-CNOT-line|n10|d60|i6,512,77,0.004125175984735118
v2_spectrum,SU2-CNOT-line|n10|d60|i6|dir=gaussian|basis=Z|eta=0,SU2-CNOT-line|n10|d60|i6,512,78,0.004092019529282026
v2_spectrum,SU2-CNOT-line|n10|d60|i6|dir=gaussian|basis=Z|eta=0,SU2-CNOT-line|n10|d60|i6,512,79,0.004039625969886027
v2_spectrum,SU2-CNOT-line|n10|d60|i6|dir=gaussian|basis=Z|eta=0,SU2-CNOT-line|n10|d60|i6,512,80,0.004014501902680768
v2_spectrum,SU2-CNOT-line|n10|d60|i6|dir=gaussian|basis=Z|eta=0,SU2-CNOT-line|n10|d60|i6,512,81,0.0040119652360941
v2_spectrum,SU2-CNOT-line|n10|d60|i6|dir=gaussian|basis=Z|eta=0,SU2-CNOT-line|n10|d60|i6,512,82,0.003952219643607989
v2_spectrum,SU2-CNOT-line|n10|d60|i6|dir=gaussian|basis=Z|eta=0,SU2-CNOT-line|n10|d60|i6,512,83,0.003948239841895588
v2_spectrum,SU2-CNOT-line|n10|d60|i6|dir=gaussian|basis=Z|eta=0,SU2-CNOT-line|n10|d60|i6,512,84,0.0038934390570940897
v2_spectrum,SU2-CNOT-line|n10|d60|i6|dir=gaussian|basis=Z|eta=0,SU2-CNOT-line|n10|d60|i6,512,85,0.0038787308468729463
v2_spectrum,SU2-CNOT-line|n10|d60|i6|dir=gaussian|basis=Z|eta=0,SU2-CNOT-line|n10|d60|i6,512,86,0.0038479042042274436
v2_spectrum,SU2-CNOT-line|n10|d60|i6|dir=gaussian|basis=Z|eta=0,SU2-CNOT-line|n10|d60|i6,512,87,0.0038111795132856857
v2_spectrum,SU2-CNOT-line|n10|d60|i6|dir=gaussian|basis=Z|eta=0,SU2-CNOT-line|n10|d60|i6,512,88,0.0037848314565902953
v2_spectrum,SU2-CNOT-line|n10|d60|i6|dir=gaussian|basis=Z|eta=0,SU2-CNOT-line|n10|d60|i6,512,89,0.0037746750221017153
v2_spectrum,SU2-CNOT-line|n10|d60|i6|dir=gaussian|basis=Z|eta=0,SU2-CNOT-line|n10|d60|i6,512,90,0.0037402749244628782
v2_spectrum,SU2-CNOT-line|n10|d60|i6|dir=gaussian|basis=Z|eta=0,SU2-CNOT-line|n10|d60|i6,512,91,0.00370990201761801
v2_spectrum,SU2-CNOT-line|n10|d60|i6|dir=gaussian|basis=Z|eta=0,SU2-CNOT-line|n10|d60|i6,512,92,0.0036991514297105717
v2_spectrum,SU2-CNOT-line|n10|d60|i6|dir=gaussian|basis=Z|eta=0,SU2-CNOT-line|n10|d60|i6,512,93,0.0036421796185015986
v2_spectrum,SU2-CNOT-line|n10|d60|i6|dir=gaussian|basis=Z|eta=0,SU2-CNOT-line|n10|d60|i6,512,94,0.003631791942373066
v2_spectrum,SU2-CNOT-line|n10|d60|i6|dir=gaussian|basis=Z|eta=0,SU2-CNOT-line|n10|d60|i6,512,95,0.0036082594548097085
v2_spectrum,SU2-CNOT-line|n10|d60|i6|dir=gaussian|basis=Z|eta=0,SU2-CNOT-line|n10|d60|i6,512,96,0.003586715413641407
v2_spectrum,SU2-CNOT-line|n10|d60|i6|dir=gaussian|basis=Z|eta=0,SU2-CNOT-line|n10|d60|i6,512,97,0.0035418766351110226
v2_spectrum,SU2-CNOT-line|n10|d60|i6|dir=gaussian|basis=Z|eta=0,SU2-CNOT-line|n10|d60|i6,512,98,0.0035269933602066015
v2_spectrum,SU2-CNOT-line|n10|d60|i6|dir=gaussian|basis=Z|eta=0,SU2-CNOT-line|n10|d60|i6,512,99,0.0035129988609882944
v2_spectrum,SU2-CNOT-line|n10|d60|i6|dir=gaussian|basis=Z|eta=0,SU2-CNOT-line|n10|d60|i6,512,100,0.0034870028929603883
v2_spectrum,SU2-CNOT-line|n10|d60|i6|dir=gaussian|basis=Z|eta=0,SU2-CNOT-line|n10|d60|i6,512,101,0.003469846971075308
v2_spectrum,SU2-CNOT-line|n10|d60|i6|dir=gaussian|basis=Z|eta=0,SU2-CNOT-line|n10|d60|i6,512,102,0.0034328754254324308
v2_spectrum,SU2-CNOT-line|n10|d60|i6|dir=gaussian|basis=Z|eta=0,SU2-CNOT-line|n10|d60|i6,512,103,0.0034116243810297054
v2_spectrum,SU2-CNOT-line|n10|d60|i6|dir=gaussian|basis=Z|eta=0,SU2-CNOT-line|n10|d60|i6,512,104,0.003383283937423728
v2_spectrum,SU2-CNOT-line|n10|d60|i6|dir=gaussian|basis=Z|eta=0,SU2-CNOT-line|n10|d60|i6,512,105,0.0033471469076090444
v2_spectrum,SU2-CNOT-line|n10|d60|i6|dir=gaussian|basis=Z|eta=0,SU2-CNOT-line|n10|d60|i6,512,106,0.0033269103785823926
v2_spectrum,SU2-CNOT-line|n10|d60|i6|dir=gaussian|basis=Z|eta=0,SU2-CNOT-line|n10|d60|i6,512,107,0.0033169420553073085
v2_spectrum,SU2-CNOT-line|n10|d60|i6|dir=gaussian|basis=Z|eta=0,SU2-CNOT-line|n10|d60|i6,512,108,0.0032792350301822358
v2_spectrum,SU2-CNOT-line|n10|d60|i6|dir=gaussian|basis=Z|eta=0,SU2-CNOT-line|n10|d60|i6,512,109,0.0032645073619707032
v2_spectrum,SU2-CNOT-line|n10|d60|i6|dir=gaussian|basis=Z|eta=0,SU2-CNOT-line|n10|d60|i6,512,110,0.003259895416917524
v2_spectrum,SU2-CNOT-line|n10|d60|i6|dir=gaussian|basis=Z|eta=0,SU2-CNOT-line|n10|d60|i6,512,111,0.00322452608093208
v2_spectrum,SU2-CNOT-line|n10|d60|i6|dir=gaussian|basis=Z|eta=0,SU2-CNOT-line|n10|d60|i6,512,112,0.003171772048029385
v2_spectrum,SU2-CNOT-line|n10|d60|i6|dir=gaussian|basis=Z|eta=0,SU2-CNOT-line|n10|d60|i6,512,113,0.0031641476875058122
v2_spectrum,SU2-CNOT-line|n10|d60|i6|dir=gaussian|basis=Z|eta=0,SU2-CNOT-line|n10|d60|i6,512,114,0.0031366949487885735
v2_spectrum,SU2-CNOT-line|n10|d60|i6|dir=gaussian|basis=Z|eta=0,SU2-CNOT-line|n10|d60|i6,512,115,0.0031288679843182975
v2_spectrum,SU2-CNOT-line|n10|d60|i6|dir=gaussian|basis=Z|eta=0,SU2-CNOT-line|n10|d60|i6,512,116,0.003110125197502539
v2_spectrum,SU2-CNOT-line|n10|d60|i6|dir=gaussian|basis=Z|eta=0,SU2-CNOT-line|n10|d60|i6,512,117,0.0030806960306817557
v2_spectrum,SU2-CNOT-line|n10|d60|i6|dir=gaussian|basis=Z|eta=0,SU2-CNOT-line|n10|d60|i6,512,118,0.003050788347627694
v2_spectrum,SU2-CNOT-line|n10|d60|i6|dir=gaussian|basis=Z|eta=0,SU2-CNOT-line|n10|d60|i6,512,119,0.003034188347595353
v2_spectrum,SU2-CNOT-line|n10|d60|i6|dir=gaussian|basis=Z|eta=0,SU2-CNOT-line|n10|d60|i6,512,120,0.003019152722229343
v2_spectrum,SU2-CNOT-line|n10|d60|i6|dir=gaussian|basis=Z|eta=0,SU2-CNOT-line|n10|d60|i6,512,121,0.0029895365644208
v2_spectrum,SU2-CNOT-line|n10|d60|i6|dir=gaussian|basis=Z|eta=0,SU2-CNOT-line|n10|d60|i6,512,122,0.002970020433339807
v2_spectrum,SU2-CNOT-line|n10|d60|i6|dir=gaussian|basis=Z|eta=0,SU2-CNOT-line|n10|d60|i6,512,123,0.002943327086801584
v2_spectrum,SU2-CNOT-line|n10|d60|i6|dir=gaussian|basis=Z|eta=0,SU2-CNOT-line|n10|d60|i6,512,124,0.0029346722853942396
v2_spectrum,SU2-CNOT-line|n10|d60|i6|dir=gaussian|basis=Z|eta=0,SU2-CNOT-line|n10|d60|i6,512,125,0.0029264522514944108
v2_spectrum,SU2-CNOT-line|n10|d60|i6|dir=gaussian|basis=Z|eta=0,SU2-CNOT-line|n10|d60|i6,512,126,0.002922090932898708
v2_spectrum,SU2-CNOT-line|n10|d60|i6|dir=gaussian|basis=Z|eta=0,SU2-CNOT-line|n10|d60|i6,512,127,0.0028795011272474123
v2_spectrum,SU2-CNOT-line|n10|d60|i6|dir=gaussian|basis=Z|eta=0,SU2-CNOT-line|n10|d60|i6,512,128,0.002865840190715818
v2_spectrum,SU2-CNOT-line|n10|d60|i6|dir=gaussian|basis=Z|eta=0,SU2-CNOT-line|n10|d60|i6,512,129,0.0028556054174267414
v2_spectrum,SU2-CNOT-line|n10|d60|i6|dir=gaussian|basis=Z|eta=0,SU2-CNOT-line|n10|d60|i6,512,130,0.0028129966412922813
v2_spectrum,SU2-CNOT-line|n10|d60|i6|dir=gaussian|basis=Z|eta=0,SU2-CNOT-line|n10|d60|i6,512,131,0.0027761170445658612
v2_spectrum,SU2-CNOT-line|n10|d60|i6|dir=gaussian|basis=Z|eta=0,SU2-CNOT-line|n10|d60|i6,512,132,0.0027421458780523896
v2_spectrum,SU2-CNOT-line|n10|d60|i6|dir=gaussian|basis=Z|eta=0,SU2-CNOT-line|n10|d60|i6,512,133,0.002733889756239289
v2_spectrum,SU2-CNOT-line|n10|d60|i6|dir=gaussian|basis=Z|eta=0,SU2-CNOT-line|n10|d60|i6,512,134,0.0027186431368290613
v2_spectrum,SU2-CNOT-line|n10|d60|i6|dir=gaussian|basis=Z|eta=0,SU2-CNOT-line|n10|d60|i6,512,135,0.002706502121011041
v2_spectrum,SU2-CNOT-line|n10|d60|i6|dir=gaussian|basis=Z|eta=0,SU2-CNOT-line|n10|d60|i6,512,136,0.002681476069976681
v2_spectrum,SU2-CNOT-line|n10|d60|i6|dir=gaussian|basis=Z|eta=0,SU2-CNOT-line|n10|d60|i6,512,137,0.0026790973581064547
v2_spectrum,SU2-CNOT-line|n10|d60|i6|dir=gaussian|basis=Z|eta=0,SU2-CNOT-line|n10|d60|i6,512,138,0.0026604432590543866
v2_spectrum,SU2-CNOT-line|n10|d60|i6|dir=gaussian|basis=Z|eta=0,SU2-CNOT-line|n10|d60|i6,512,139,0.0026226734217284224
v2_spectrum,SU2-CNOT-line|n10|d60|i6|dir=gaussian|basis=Z|eta=0,SU2-CNOT-line|n10|d60|i6,512,140,0.0026120376757530245
v2_spectrum,SU2-CNOT-line|n10|d60|i6|dir=gaussian|basis=Z|eta=0,SU2-CNOT-line|n10|d60|i6,512,141,0.0025832963860740426
v2_spectrum,SU2-CNOT-line|n10|d60|i6|dir=gaussian|basis=Z|eta=0,SU2-CNOT-line|n10|d60|i6,512,142,0.002578864702062747
v2_spectrum,SU2-CNOT-line|n10|d60|i6|dir=gaussian|basis=Z|eta=0,SU2-CNOT-line|n10|d60|i6,512,143,0.002558146377420116
v2_spectrum,SU2-CNOT-line|n10|d60|i6|dir=gaussian|basis=Z|eta=0,SU2-CNOT-line|n10|d60|i6,512,144,0.0025333548967859188
v2_spectrum,SU2-CNOT-line|n10|d60|i6|dir=gaussian|basis=Z|eta=0,SU2-CNOT-line|n10|d60|i6,512,145,0.002512532535158438
v2_spectrum,SU2-CNOT-line|n10|d60|i6|dir=gaussian|basis=Z|eta=0,SU2-CNOT-line|n10|d60|i6,512,146,0.0024975255992220778
v2_spectrum,SU2-CNOT-line|n10|d60|i6|dir=gaussian|basis=Z|eta=0,SU2-CNOT-line|n10|d60|i6,512,147,0.002491510847895105
v2_spectrum,SU2-CNOT-line|n10|d60|i6|dir=gaussian|basis=Z|eta=0,SU2-CNOT-line|n10|d60|i6,512,148,0.0024554243589412226
v2_spectrum,SU2-CNOT-line|n10|d60|i6|dir=gaussian|basis=Z|eta=0,SU2-CNOT-line|n10|d60|i6,512,149,0.002451447847992794
v2_spectrum,SU2-CNOT-line|n10|d60|i6|dir=gaussian|basis=Z|eta=0,SU2-CNOT-line|n10|d60|i6,512,150,0.0024304388310321485
v2_spectrum,SU2-CNOT-line|n10|d60|i6|dir=gaussian|basis=Z|eta=0,SU2-CNOT-line|n10|d60|i6,512,151,0.0024200036940561684
v2_spectrum,SU2-CNOT-line|n10|d60|i6|dir=gaussian|basis=Z|eta=0,SU2-CNOT-line|n10|d60|i6,512,152,0.0023827411220628055
v2_spectrum,SU2-CNOT-line|n10|d60|i6|dir=gaussian|basis=Z|eta=0,SU2-CNOT-line|n10|d60|i6,512,153,0.0023674042365226227
v2_spectrum,SU2-CNOT-line|n10|d60|i6|dir=gaussian|basis=Z|eta=0,SU2-CNOT-line|n10|d60|i6,512,154,0.0023584939393097954
v2_spectrum,SU2-CNOT-line|n10|d60|i6|dir=gaussian|basis=Z|eta=0,SU2-CNOT-line|n10|d60|i6,512,155,0.002353701293783312
v2_spectrum,SU2-CNOT-line|n10|d60|i6|dir=gaussian|basis=Z|eta=0,SU2-CNOT-line|n10|d60|i6,512,156,0.00232593505705148
v2_spectrum,SU2-CNOT-line|n10|d60|i6|dir=gaussian|basis=Z|eta=0,SU2-CNOT-line|n10|d60|i6,512,157,0.0023100320314269978
v2_spectrum,SU2-CNOT-line|n10|d60|i6|dir=gaussian|basis=Z|eta=0,SU2-CNOT-line|n10|d60|i6,512,158,0.0023056621601152184
v2_spectrum,SU2-CNOT-line|n10|d60|i6|dir=gaussian|basis=Z|eta=0,SU2-CNOT-line|n10|d60|i6,512,159,0.0023025283315732947
v2_spectrum,SU2-CNOT-line|n10|d60|i6|dir=gaussian|basis=Z|eta=0,SU2-CNOT-line|n10|d60|i6,512,160,0.0022694078130750597
v2_spectrum,SU2-CNOT-line|n10|d60|i6|dir=gaussian|basis=Z|eta=0,SU2-CNOT-line|n10|d60|i6,512,161,0.002255317272272996
v2_spectrum,SU2-CNOT-line|n10|d60|i6|dir=gaussian|basis=Z|eta=0,SU2-CNOT-line|n10|d60|i6,512,162,0.0022489545717530703
v2_spectrum,SU2-CNOT-line|n10|d60|i6|dir=gaussian|basis=Z|eta=0,SU2-CNOT-line|n10|d60|i6,512,163,0.0022257255836299946
v2_spectrum,SU2-CNOT-line|n10|d60|i6|dir=gaussian|basis=Z|eta=0,SU2-CNOT-line|n10|d60|i6,512,164,0.002214952071951449
v2_spectrum,SU2-CNOT-line|n10|d60|i6|dir=gaussian|basis=Z|eta=0,SU2-CNOT-line|n10|d60|i6,512,165,0.0022111555375441323
v2_spectrum,SU2-CNOT-line|n10|d60|i6|dir=gaussian|basis=Z|eta=0,SU2-CNOT-line|n10|d60|i6,512,166,0.0021876949787802877
v2_spectrum,SU2-CNOT-line|n10|d60|i6|dir=gaussian|basis=Z|eta=0,SU2-CNOT-line|n10|d60|i6,512,167,0.002178668898621782
v2_spectrum,SU2-CNOT-line|n10|d60|i6|dir=gaussian|basis=Z|eta=0,SU2-CNOT-line|n10|d60|i6,512,168,0.0021561995384790124
v2_spectrum,SU2-CNOT-line|n10|d60|i6|dir=gaussian|basis=Z|eta=0,SU2-CNOT-line|n10|d60|i6,512,169,0.002145274401744696
v2_spectrum,SU2-CNOT-line|n10|d60|i6|dir=gaussian|basis=Z|eta=0,SU2-CNOT-line|n10|d60|i6,512,170,0.0021434161085580237
v2_spectrum,SU2-CNOT-line|n10|d60|i6|dir=gaussian|basis=Z|eta=0,SU2-CNOT-line|n10|d60|i6,512,171,0.002132673028920094
v2_spectrum,SU2-CNOT-line|n10|d60|i6|dir=gaussian|basis=Z|eta=0,SU2-CNOT-line|n10|d60|i6,512,172,0.002096511039305836
v2_spectrum,SU2-CNOT-line|n10|d60|i6|dir=gaussian|basis=Z|eta=0,SU2-CNOT-line|n10|d60|i6,512,173,0.0020877487636763426
v2_spectrum,SU2-CNOT-line|n10|d60|i6|dir=gaussian|basis=Z|eta=0,SU2-CNOT-line|n10|d60|i6,512,174,0.002076410209812997
v2_spectrum,SU2-CNOT-line|n10|d60|i6|dir=gaussian|basis=Z|eta=0,SU2-CNOT-line|n10|d60|i6,512,175,0.002049005164556224
v2_spectrum,SU2-CNOT-line|n10|d60|i6|dir=gaussian|basis=Z|eta=0,SU2-CNOT-line|n10|d60|i6,512,176,0.0020360659215757277
v2_spectrum,SU2-CNOT-line|n10|d60|i6|dir=gaussian|basis=Z|eta=0,SU2-CNOT-line|n10|d60|i6,512,177,0.0020254852289641264
v2_spectrum,SU2-CNOT-line|n10|d60|i6|dir=gaussian|basis=Z|eta=0,SU2-CNOT-line|n10|d60|i6,512,178,0.002016855618088763
v2_spectrum,SU2-CNOT-line|n10|d60|i6|dir=gaussian|basis=Z|eta=0,SU2-CNOT-line|n10|d60|i6,512,179,0.002012089857643333
v2_spectrum,SU2-CNOT-line|n10|d60|i6|dir=gaussian|basis=Z|eta=0,SU2-CNOT-line|n10|d60|i6,512,180,0.0019850998993951635
v2_spectrum,SU2-CNOT-line|n10|d60|i6|dir=gaussian|basis=Z|eta=0,SU2-CNOT-line|n10|d60|i6,512,181,0.001970608743470514
v2_spectrum,SU2-CNOT-line|n10|d60|i6|dir=gaussian|basis=Z|eta=0,SU2-CNOT-line|n10|d60|i6,512,182,0.0019609082445330244
v2_spectrum,SU2-CNOT-line|n10|d60|i6|dir=gaussian|basis=Z|eta=0,SU2-CNOT-line|n10|d60|i6,512,183,0.0019509725895052342
v2_spectrum,SU2-CNOT-line|n10|d60|i6|dir=gaussian|basis=Z|eta=0,SU2-CNOT-line|n10|d60|i6,512,184,0.0019309889647073698
v2_spectrum,SU2-CNOT-line|n10|d60|i6|dir=gaussian|basis=Z|eta=0,SU2-CNOT-line|n10|d60|i6,512,185,0.001915951658316014
v2_spectrum,SU2-CNOT-line|n10|d60|i6|dir=gaussian|basis=Z|eta=0,SU2-CNOT-line|n10|d60|i6,512,186,0.0019125250912363414
v2_spectrum,SU2-CNOT-line|n10|d60|i6|dir=gaussian|basis=Z|eta=0,SU2-CNOT-line|n10|d60|i6,512,187,0.0018818374262713885
v2_spectrum,SU2-CNOT-line|n10|d60|i6|dir=gaussian|basis=Z|eta=0,SU2-CNOT-line|n10|d60|i6,512,188,0.0018692132926797621
v2_spectrum,SU2-CNOT-line|n10|d60|i6|dir=gaussian|basis=Z|eta=0,SU2-CNOT-line|n10|d60|i6,512,189,0.001860714458413942
v2_spectrum,SU2-CNOT-line|n10|d60|i6|dir=gaussian|basis=Z|eta=0,SU2-CNOT-line|n10|d60|i6,512,190,0.0018296558353938278
v2_spectrum,SU2-CNOT-line|n10|d60|i6|dir=gaussian|basis=Z|eta=0,SU2-CNOT-line|n10|d60|i6,512,191,0.0018234421111354747
v2_spectrum,SU2-CNOT-line|n10|d60|i6|dir=gaussian|basis=Z|eta=0,SU2-CNOT-line|n10|d60|i6,512,192,0.0018040403031657753
v2_spectrum,SU2-CNOT-line|n10|d60|i6|dir=gaussian|basis=Z|eta=0,SU2-CNOT-line|n10|d60|i6,512,193,0.001803881226374087
v2_spectrum,SU2-CNOT-line|n10|d60|i6|dir=gaussian|basis=Z|eta=0,SU2-CNOT-line|n10|d60|i6,512,194,0.00179840993415943
v2_spectrum,SU2-CNOT-line|n10|d60|i6|dir=gaussian|basis=Z|eta=0,SU2-CNOT-line|n10|d60|i6,512,195,0.0017922789060513405
v2_spectrum,SU2-CNOT-line|n10|d60|i6|dir=gaussian|basis=Z|eta=0,SU2-CNOT-line|n10|d60|i6,512,196,0.0017746131027893304
v2_spectrum,SU2-CNOT-line|n10|d60|i6|dir=gaussian|basis=Z|eta=0,SU2-CNOT-line|n10|d60|i6,512,197,0.0017634999587055756
v2_spectrum,SU2-CNOT-line|n10|d60|i6|dir=gaussian|basis=Z|eta=0,SU2-CNOT-line|n10|d60|i6,512,198,0.0017526955533748111
v2_spectrum,SU2-CNOT-line|n10|d60|i6|dir=gaussian|basis=Z|eta=0,SU2-CNOT-line|n10|d60|i6,512,199,0.0017408792195396689
v2_spectrum,SU2-CNOT-line|n10|d60|i6|dir=gaussian|basis=Z|eta=0,SU2-CNOT-line|n10|d60|i6,512,200,0.0017294547883257342
v2_spectrum,SU2-CNOT-line|n10|d60|i6|dir=gaussian|basis=Z|eta=0,SU2-CNOT-line|n10|d60|i6,512,201,0.0017158566101972137
v2_spectrum,SU2-CNOT-line|n10|d60|i6|dir=gaussian|basis=Z|eta=0,SU2-CNOT-line|n10|d60|i6,512,202,0.0017072736079456672
v2_spectrum,SU2-CNOT-line|n10|d60|i6|dir=gaussian|basis=Z|eta=0,SU2-CNOT-line|n10|d60|i6,512,203,0.0016947943079105995
v2_spectrum,SU2-CNOT-line|n10|d60|i6|dir=gaussian|basis=Z|eta=0,SU2-CNOT-line|n10|d60|i6,512,204,0.0016779939965914468
v2_spectrum,SU2-CNOT-line|n10|d60|i6|dir=gaussian|basis=Z|eta=0,SU2-CNOT-line|n10|d60|i6,512,205,0.0016748493704874365
v2_spectrum,SU2-CNOT-line|n10|d60|i6|dir=gaussian|basis=Z|eta=0,SU2-CNOT-line|n10|d60|i6,512,206,0.0016614410371416986
v2_spectrum,SU2-CNOT-line|n10|d60|i6|dir=gaussian|basis=Z|eta=0,SU2-CNOT-line|n10|d60|i6,512,207,0.0016460444939322054
v2_spectrum,SU2-CNOT-line|n10|d60|i6|dir=gaussian|basis=Z|eta=0,SU2-CNOT-line|n10|d60|i6,512,208,0.0016351770444310207
v2_spectrum,SU2-CNOT-line|n10|d60|i6|dir=gaussian|basis=Z|eta=0,SU2-CNOT-line|n10|d60|i6,512,209,0.0016315647282560606
v2_spectrum,SU2-CNOT-line|n10|d60|i6|dir=gaussian|basis=Z|eta=0,SU2-CNOT-line|n10|d60|i6,512,210,0.0016125139080389417
v2_spectrum,SU2-CNOT-line|n10|d60|i6|dir=gaussian|basis=Z|eta=0,SU2-CNOT-line|n10|d60|i6,512,211,0.0016061515286106833
v2_spectrum,SU2-CNOT-line|n10|d60|i6|dir=gaussian|basis=Z|eta=0,SU2-CNOT-line|n10|d60|i6,512,212,0.0015847449960611688
v2_spectrum,SU2-CNOT-line|n10|d60|i6|dir=gaussian|basis=Z|eta=0,SU2-CNOT-line|n10|d60|i6,512,213,0.0015786194634307882
v2_spectrum,SU2-CNOT-line|n10|d60|i6|dir=gaussian|basis=Z|eta=0,SU2-CNOT-line|n10|d60|i6,512,214,0.0015712683442282922
v2_spectrum,SU2-CNOT-line|n10|d60|i6|dir=gaussian|basis=Z|eta=0,SU2-CNOT-line|n10|d60|i6,512,215,0.0015701065090240338
v2_spectrum,SU2-CNOT-line|n10|d60|i6|dir=gaussian|basis=Z|eta=0,SU2-CNOT-line|n10|d60|i6,512,216,0.0015414861059935554
v2_spectrum,SU2-CNOT-line|n10|d60|i6|dir=gaussian|basis=Z|eta=0,SU2-CNOT-line|n10|d60|i6,512,217,0.001530398699943043
v2_spectrum,SU2-CNOT-line|n10|d60|i6|dir=gaussian|basis=Z|eta=0,SU2-CNOT-line|n10|d60|i6,512,218,0.0015235774894991738
v2_spectrum,SU2-CNOT-line|n10|d60|i6|dir=gaussian|basis=Z|eta=0,SU2-CNOT-line|n10|d60|i6,512,219,0.0015034206461824102
v2_spectrum,SU2-CNOT-line|n10|d60|i6|dir=gaussian|basis=Z|eta=0,SU2-CNOT-line|n10|d60|i6,512,220,0.001497791851178466
v2_spectrum,SU2-CNOT-line|n10|d60|i6|dir=gaussian|basis=Z|eta=0,SU2-CNOT-line|n10|d60|i6,512,221,0.0014845730726812075
v2_spectrum,SU2-CNOT-line|n10|d60|i6|dir=gaussian|basis=Z|eta=0,SU2-CNOT-line|n10|d60|i6,512,222,0.0014699071570352883
v2_spectrum,SU2-CNOT-line|n10|d60|i6|dir=gaussian|basis=Z|eta=0,SU2-CNOT-line|n10|d60|i6,512,223,0.0014605124551026027
v2_spectrum,SU2-CNOT-line|n10|d60|i6|dir=gaussian|basis=Z|eta=0,SU2-CNOT-line|n10|d60|i6,512,224,0.0014517855235199396
v2_spectrum,SU2-CNOT-line|n10|d60|i6|dir=gaussian|basis=Z|eta=0,SU2-CNOT-line|n10|d60|i6,512,225,0.0014438172509538185
v2_spectrum,SU2-CNOT-line|n10|d60|i6|dir=gaussian|basis=Z|eta=0,SU2-CNOT-line|n10|d60|i6,512,226,0.001440860624879596
v2_spectrum,SU2-CNOT-line|n10|d60|i6|dir=gaussian|basis=Z|eta=0,SU2-CNOT-line|n10|d60|i6,512,227,0.0014217056285448508
v2_spectrum,SU2-CNOT-line|n10|d60|i6|dir=gaussian|basis=Z|eta=0,SU2-CNOT-line|n10|d60|i6,512,228,0.001416276281426436
v2_spectrum,SU2-CNOT-line|n10|d60|i6|dir=gaussian|basis=Z|eta=0,SU2-CNOT-line|n10|d60|i6,512,229,0.001407736838345878
v2_spectrum,SU2-CNOT-line|n10|d60|i6|dir=gaussian|basis=Z|eta=0,SU2-CNOT-line|n10|d60|i6,512,230,0.0013928128723391523
v2_spectrum,SU2-CNOT-line|n10|d60|i6|dir=gaussian|basis=Z|eta=0,SU2-CNOT-line|n10|d60|i6,512,231,0.0013808608825445785
v2_spectrum,SU2-CNOT-line|n10|d60|i6|dir=gaussian|basis=Z|eta=0,SU2-CNOT-line|n10|d60|i6,512,232,0.001371462145164711
v2_spectrum,SU2-CNOT-line|n10|d60|i6|dir=gaussian|basis=Z|eta=0,SU2-CNOT-line|n10|d60|i6,512,233,0.0013619312369069552
v2_spectrum,SU2-CNOT-line|n10|d60|i6|dir=gaussian|basis=Z|eta=0,SU2-CNOT-line|n10|d60|i6,512,234,0.0013558327608356995
v2_spectrum,SU2-CNOT-line|n10|d60|i6|dir=gaussian|basis=Z|eta=0,SU2-CNOT-line|n10|d60|i6,512,235,0.0013420422924419857
v2_spectrum,SU2-CNOT-line|n10|d60|i6|dir=gaussian|basis=Z|eta=0,SU2-CNOT-line|n10|d60|i6,512,236,0.0013371802406447074
v2_spectrum,SU2-CNOT-line|n10|d60|i6|dir=gaussian|basis=Z|eta=0,SU2-CNOT-line|n10|d60|i6,512,237,0.0013319322101606028
v2_spectrum,SU2-CNOT-line|n10|d60|i6|dir=gaussian|basis=Z|eta=0,SU2-CNOT-line|n10|d60|i6,512,238,0.0013286238701538233
v2_spectrum,SU2-CNOT-line|n10|d60|i6|dir=gaussian|basis=Z|eta=0,SU2-CNOT-line|n10|d60|i6,512,239,0.0013136092825581705
v2_spectrum,SU2-CNOT-line|n10|d60|i6|dir=gaussian|basis=Z|eta=0,SU2-CNOT-line|n10|d60|i6,512,240,0.0013111006937611513
v2_spectrum,SU2-CNOT-line|n10|d60|i6|dir=gaussian|basis=Z|eta=0,SU2-CNOT-line|n10|d60|i6,512,241,0.001296594331448155
v2_spectrum,SU2-CNOT-line|n10|d60|i6|dir=gaussian|basis=Z|eta=0,SU2-CNOT-line|n10|d60|i6,512,242,0.0012812735099913567
v2_spectrum,SU2-CNOT-line|n10|d60|i6|dir=gaussian|basis=Z|eta=0,SU2-CNOT-line|n10|d60|i6,512,243,0.0012672581555488616
v2_spectrum,SU2-CNOT-line|n10|d60|i6|dir=gaussian|basis=Z|eta=0,SU2-CNOT-line|n10|d60|i6,512,244,0.0012544931541705287
v2_spectrum,SU2-CNOT-line|n10|d60|i6|dir=gaussian|basis=Z|eta=0,SU2-CNOT-line|n10|d60|i6,512,245,0.0012529741069826966
v2_spectrum,SU2-CNOT-line|n10|d60|i6|dir=gaussian|basis=Z|eta=0,SU2-CNOT-line|n10|d60|i6,512,246,0.0012386901191105556
v2_spectrum,SU2-CNOT-line|n10|d60|i6|dir=gaussian|basis=Z|eta=0,SU2-CNOT-line|n10|d60|i6,512,247,0.0012337646768127164
v2_spectrum,SU2-CNOT-line|n10|d60|i6|dir=gaussian|basis=Z|eta=0,SU2-CNOT-line|n10|d60|i6,512,248,0.001225312624155844
v2_spectrum,SU2-CNOT-line|n10|d60|i6|dir=gaussian|basis=Z|eta=0,SU2-CNOT-line|n10|d60|i6,512,249,0.0012246309120859764
v2_spectrum,SU2-CNOT-line|n10|d60|i6|dir=gaussian|basis=Z|eta=0,SU2-CNOT-line|n10|d60|i6,512,250,0.0012128004938870682
v2_spectrum,SU2-CNOT-line|n10|d60|i6|dir=gaussian|basis=Z|eta=0,SU2-CNOT-line|n10|d60|i6,512,251,0.001202794744364291
v2_spectrum,SU2-CNOT-line|n10|d60|i6|dir=gaussian|basis=Z|eta=0,SU2-CNOT-line|n10|d60|i6,512,252,0.0011930928837403003
v2_spectrum,SU2-CNOT-line|n10|d60|i6|dir=gaussian|basis=Z|eta=0,SU2-CNOT-line|n10|d60|i6,512,253,0.0011810175402472538
v2_spectrum,SU2-CNOT-line|n10|d60|i6|dir=gaussian|basis=Z|eta=0,SU2-CNOT-line|n10|d60|i6,512,254,0.0011779478245815844
v2_spectrum,SU2-CNOT-line|n10|d60|i6|dir=gaussian|basis=Z|eta=0,SU2-CNOT-line|n10|d60|i6,512,255,0.0011689215473711404
v2_spectrum,SU2-CNOT-line|n10|d60|i6|dir=gaussian|basis=Z|eta=0,SU2-CNOT-line|n10|d60|i6,512,256,0.0011659950011415185
v2_spectrum,SU2-CNOT-line|n10|d60|i6|dir=gaussian|basis=Z|eta=0,SU2-CNOT-line|n10|d60|i6,512,257,0.001149457637244877
v2_spectrum,SU2-CNOT-line|n10|d60|i6|dir=gaussian|basis=Z|eta=0,SU2-CNOT-line|n10|d60|i6,512,258,0.001147979002839815
v2_spectrum,SU2-CNOT-line|n10|d60|i6|dir=gaussian|basis=Z|eta=0,SU2-CNOT-line|n10|d60|i6,512,259,0.00114234734309221
v2_spectrum,SU2-CNOT-line|n10|d60|i6|dir=gaussian|basis=Z|eta=0,SU2-CNOT-line|n10|d60|i6,512,260,0.0011275786604534564
v2_spectrum,SU2-CNOT-line|n10|d60|i6|dir=gaussian|basis=Z|eta=0,SU2-CNOT-line|n10|d60|i6,512,261,0.0011204893579173712
v2_spectrum,SU2-CNOT-line|n10|d60|i6|dir=gaussian|basis=Z|eta=0,SU2-CNOT-line|n10|d60|i6,512,262,0.001111749240602662
v2_spectrum,SU2-CNOT-line|n10|d60|i6|dir=gaussian|basis=Z|eta=0,SU2-CNOT-line|n10|d60|i6,512,263,0.0010989515153265374
v2_spectrum,SU2-CNOT-line|n10|d60|i6|dir=gaussian|basis=Z|eta=0,SU2-CNOT-line|n10|d60|i6,512,264,0.0010929242104000631
v2_spectrum,SU2-CNOT-line|n10|d60|i6|dir=gaussian|basis=Z|eta=0,SU2-CNOT-line|n10|d60|i6,512,265,0.0010910223205231543
v2_spectrum,SU2-CNOT-line|n10|d60|i6|dir=gaussian|basis=Z|eta=0,SU2-CNOT-line|n10|d60|i6,512,266,0.0010799565825841497
v2_spectrum,SU2-CNOT-line|n10|d60|i6|dir=gaussian|basis=Z|eta=0,SU2-CNOT-line|n10|d60|i6,512,267,0.001066004643495265
v2_spectrum,SU2-CNOT-line|n10|d60|i6|dir=gaussian|basis=Z|eta=0,SU2-CNOT-line|n10|d60|i6,512,268,0.0010566684282337648
v2_spectrum,SU2-CNOT-line|n10|d60|i6|dir=gaussian|basis=Z|eta=0,SU2-CNOT-line|n10|d60|i6,512,269,0.0010553479693480414
v2_spectrum,SU2-CNOT-line|n10|d60|i6|dir=gaussian|basis=Z|eta=0,SU2-CNOT-line|n10|d60|i6,512,270,0.0010439635724242531
v2_spectrum,SU2-CNOT-line|n10|d60|i6|dir=gaussian|basis=Z|eta=0,SU2-CNOT-line|n10|d60|i6,512,271,0.0010355000691500184
v2_spectrum,SU2-CNOT-line|n10|d60|i6|dir=gaussian|basis=Z|eta=0,SU2-CNOT-line|n10|d60|i6,512,272,0.0010310358649082932
v2_spectrum,SU2-CNOT-line|n10|d60|i6|dir=gaussian|basis=Z|eta=0,SU2-CNOT-line|n10|d60|i6,512,273,0.001028098691538466
v2_spectrum,SU2-CNOT-line|n10|d60|i6|dir=gaussian|basis=Z|eta=0,SU2-CNOT-line|n10|d60|i6,512,274,0.0010163604551499121
v2_spectrum,SU2-CNOT-line|n10|d60|i6|dir=gaussian|basis=Z|eta=0,SU2-CNOT-line|n10|d60|i6,512,275,0.0010158248917730203
v2_spectrum,SU2-CNOT-line|n10|d60|i6|dir=gaussian|basis=Z|eta=0,SU2-CNOT-line|n10|d60|i6,512,276,0.000998762248552304
v2_spectrum,SU2-CNOT-line|n10|d60|i6|dir=gaussian|basis=Z|eta=0,SU2-CNOT-line|n10|d60|i6,512,277,0.0009940706952938476
v2_spectrum,SU2-CNOT-line|n10|d60|i6|dir=gaussian|basis=Z|eta=0,SU2-CNOT-line|n10|d60|i6,512,278,0.0009911597722032186
v2_spectrum,SU2-CNOT-line|n10|d60|i6|dir=gaussian|basis=Z|eta=0,SU2-CNOT-line|n10|d60|i6,512,279,0.0009806924983840521
v2_spectrum,SU2-CNOT-line|n10|d60|i6|dir=gaussian|basis=Z|eta=0,SU2-CNOT-line|n10|d60|i6,512,280,0.0009775507756371118
v2_spectrum,SU2-CNOT-line|n10|d60|i6|dir=gaussian|basis=Z|eta=0,SU2-CNOT-line|n10|d60|i6,512,281,0.000964698623324147
v2_spectrum,SU2-CNOT-line|n10|d60|i6|dir=gaussian|basis=Z|eta=0,SU2-CNOT-line|n10|d60|i6,512,282,0.0009603253962808473
v2_spectrum,SU2-CNOT-line|n10|d60|i6|dir=gaussian|basis=Z|eta=0,SU2-CNOT-line|n10|d60|i6,512,283,0.0009563719977931664
v2_spectrum,SU2-CNOT-line|n10|d60|i6|dir=gaussian|basis=Z|eta=0,SU2-CNOT-line|n10|d60|i6,512,284,0.0009506733908132039
v2_spectrum,SU2-CNOT-line|n10|d60|i6|dir=gaussian|basis=Z|eta=0,SU2-CNOT-line|n10|d60|i6,512,285,0.0009438155054348735
v2_spectrum,SU2-CNOT-line|n10|d60|i6|dir=gaussian|basis=Z|eta=0,SU2-CNOT-line|n10|d60|i6,512,286,0.0009350014905016675
v2_spectrum,SU2-CNOT-line|n10|d60|i6|dir=gaussian|basis=Z|eta=0,SU2-CNOT-line|n10|d60|i6,512,287,0.0009312912757628142
v2_spectrum,SU2-CNOT-line|n10|d60|i6|dir=gaussian|basis=Z|eta=0,SU2-CNOT-line|n10|d60|i6,512,288,0.0009200738795802937
v2_spectrum,SU2-CNOT-line|n10|d60|i6|dir=gaussian|basis=Z|eta=0,SU2-CNOT-line|n10|d60|i6,512,289,0.0009168678210931548
v2_spectrum,SU2-CNOT-line|n10|d60|i6|dir=gaussian|basis=Z|eta=0,SU2-CNOT-line|n10|d60|i6,512,290,0.0009087543230613497
v2_spectrum,SU2-CNOT-line|n10|d60|i6|dir=gaussian|basis=Z|eta=0,SU2-CNOT-line|n10|d60|i6,512,291,0.0009056630218429698
v2_spectrum,SU2-CNOT-line|n10|d60|i6|dir=gaussian|basis=Z|eta=0,SU2-CNOT-line|n10|d60|i6,512,292,0.00089273172587095
v2_spectrum,SU2-CNOT-line|n10|d60|i6|dir=gaussian|basis=Z|eta=0,SU2-CNOT-line|n10|d60|i6,512,293,0.0008833301683565684
v2_spectrum,SU2-CNOT-line|n10|d60|i6|dir=gaussian|basis=Z|eta=0,SU2-CNOT-line|n10|d60|i6,512,294,0.0008768161086251105
v2_spectrum,SU2-CNOT-line|n10|d60|i6|dir=gaussian|basis=Z|eta=0,SU2-CNOT-line|n10|d60|i6,512,295,0.0008738695474881422
v2_spectrum,SU2-CNOT-line|n10|d60|i6|dir=gaussian|basis=Z|eta=0,SU2-CNOT-line|n10|d60|i6,512,296,0.0008679510273191431
v2_spectrum,SU2-CNOT-line|n10|d60|i6|dir=gaussian|basis=Z|eta=0,SU2-CNOT-line|n10|d60|i6,512,297,0.0008655695488138576
v2_spectrum,SU2-CNOT-line|n10|d60|i6|dir=gaussian|basis=Z|eta=0,SU2-CNOT-line|n10|d60|i6,512,298,0.0008563537174188689
v2_spectrum,SU2-CNOT-line|n10|d60|i6|dir=gaussian|basis=Z|eta=0,SU2-CNOT-line|n10|d60|i6,512,299,0.0008534020705575858
v2_spectrum,SU2-CNOT-line|n10|d60|i6|dir=gaussian|basis=Z|eta=0,SU2-CNOT-line|n10|d60|i6,512,300,0.0008416138622997348
v2_spectrum,SU2-CNOT-line|n10|d60|i6|dir=gaussian|basis=Z|eta=0,SU2-CNOT-line|n10|d60|i6,512,301,0.0008332848150639448
v2_spectrum,SU2-CNOT-line|n10|d60|i6|dir=gaussian|basis=Z|eta=0,SU2-CNOT-line|n10|d60|i6,512,302,0.0008239227229747924
v2_spectrum,SU2-CNOT-line|n10|d60|i6|dir=gaussian|basis=Z|eta=0,SU2-CNOT-line|n10|d60|i6,512,303,0.0008198446815036579
v2_spectrum,SU2-CNOT-line|n10|d60|i6|dir=gaussian|basis=Z|eta=0,SU2-CNOT-line|n10|d60|i6,512,304,0.0008177484015189641
v2_spectrum,SU2-CNOT-line|n10|d60|i6|dir=gaussian|basis=Z|eta=0,SU2-CNOT-line|n10|d60|i6,512,305,0.0008122797770364623
v2_spectrum,SU2-CNOT-line|n10|d60|i6|dir=gaussian|basis=Z|eta=0,SU2-CNOT-line|n10|d60|i6,512,306,0.0008092476389014361
v2_spectrum,SU2-CNOT-line|n10|d60|i6|dir=gaussian|basis=Z|eta=0,SU2-CNOT-line|n10|d60|i6,512,307,0.0008025229793031622
v2_spectrum,SU2-CNOT-line|n10|d60|i6|dir=gaussian|basis=Z|eta=0,SU2-CNOT-line|n10|d60|i6,512,308,0.0007894912483412794
v2_spectrum,SU2-CNOT-line|n10|d60|i6|dir=gaussian|basis=Z|eta=0,SU2-CNOT-line|n10|d60|i6,512,309,0.0007826898022080156
v2_spectrum,SU2-CNOT-line|n10|d60|i6|dir=gaussian|basis=Z|eta=0,SU2-CNOT-line|n10|d60|i6,512,310,0.0007820064608402665
v2_spectrum,SU2-CNOT-line|n10|d60|i6|dir=gaussian|basis=Z|eta=0,SU2-CNOT-line|n10|d60|i6,512,311,0.0007781002010359807
v2_spectrum,SU2-CNOT-line|n10|d60|i6|dir=gaussian|basis=Z|eta=0,SU2-CNOT-line|n10|d60|i6,512,312,0.000771414454154465
v2_spectrum,SU2-CNOT-line|n10|d60|i6|dir=gaussian|basis=Z|eta=0,SU2-CNOT-line|n10|d60|i6,512,313,0.0007612350957083433
v2_spectrum,SU2-CNOT-line|n10|d60|i6|dir=gaussian|basis=Z|eta=0,SU2-CNOT-line|n10|d60|i6,512,314,0.0007595045852896721
v2_spectrum,SU2-CNOT-line|n10|d60|i6|dir=gaussian|basis=Z|eta=0,SU2-CNOT-line|n10|d60|i6,512,315,0.000752831522679156
v2_spectrum,SU2-CNOT-line|n10|d60|i6|dir=gaussian|basis=Z|eta=0,SU2-CNOT-line|n10|d60|i6,512,316,0.0007429281888139805
v2_spectrum,SU2-CNOT-line|n10|d60|i6|dir=gaussian|basis=Z|eta=0,SU2-CNOT-line|n10|d60|i6,512,317,0.000739968367582171
v2_spectrum,SU2-CNOT-line|n10|d60|i6|dir=gaussian|basis=Z|eta=0,SU2-CNOT-line|n10|d60|i6,512,318,0.0007335550655253932
v2_spectrum,SU2-CNOT-line|n10|d60|i6|dir=gaussian|basis=Z|eta=0,SU2-CNOT-line|n10|d60|i6,512,319,0.0007238751224452753
v2_spectrum,SU2-CNOT-line|n10|d60|i6|dir=gaussian|basis=Z|eta=0,SU2-CNOT-line|n10|d60|i6,512,320,0.0007208874908344076
v2_spectrum,SU2-CNOT-line|n10|d60|i6|dir=gaussian|basis=Z|eta=0,SU2-CNOT-line|n10|d60|i6,512,321,0.0007142036455442296
v2_spectrum,SU2-CNOT-line|n10|d60|i6|dir=gaussian|basis=Z|eta=0,SU2-CNOT-line|n10|d60|i6,512,322,0.0007127212306223651
v2_spectrum,SU2-CNOT-line|n10|d60|i6|dir=gaussian|basis=Z|eta=0,SU2-CNOT-line|n10|d60|i6,512,323,0.0007023474437145792
v2_spectrum,SU2-CNOT-line|n10|d60|i6|dir=gaussian|basis=Z|eta=0,SU2-CNOT-line|n10|d60|i6,512,324,0.000699306024032526
v2_spectrum,SU2-CNOT-line|n10|d60|i6|dir=gaussian|basis=Z|eta=0,SU2-CNOT-line|n10|d60|i6,512,325,0.0006963563118796187
v2_spectrum,SU2-CNOT-line|n10|d60|i6|dir=gaussian|basis=Z|eta=0,SU2-CNOT-line|n10|d60|i6,512,326,0.0006857267015302676
v2_spectrum,SU2-CNOT-line|n10|d60|i6|dir=gaussian|basis=Z|eta=0,SU2-CNOT-line|n10|d60|i6,512,327,0.0006783469733514198
v2_spectrum,SU2-CNOT-line|n10|d60|i6|dir=gaussian|basis=Z|eta=0,SU2-CNOT-line|n10|d60|i6,512,328,0.0006776162838952992
v2_spectrum,SU2-CNOT-line|n10|d60|i6|dir=gaussian|basis=Z|eta=0,SU2-CNOT-line|n10|d60|i6,512,329,0.0006688241461564856
v2_spectrum,SU2-CNOT-line|n10|d60|i6|dir=gaussian|basis=Z|eta=0,SU2-CNOT-line|n10|d60|i6,512,330,0.0006652653345362207
v2_spectrum,SU2-CNOT-line|n10|d60|i6|dir=gaussian|basis=Z|eta=0,SU2-CNOT-line|n10|d60|i6,512,331,0.0006633271794059982
v2_spectrum,SU2-CNOT-line|n10|d60|i6|dir=gaussian|basis=Z|eta=0,SU2-CNOT-line|n10|d60|i6,512,332,0.00066003494698656
v2_spectrum,SU2-CNOT-line|n10|d60|i6|dir=gaussian|basis=Z|eta=0,SU2-CNOT-line|n10|d60|i6,512,333,0.0006571754041205796
v2_spectrum,SU2-CNOT-line|n10|d60|i6|dir=gaussian|basis=Z|eta=0,SU2-CNOT-line|n10|d60|i6,512,334,0.000650140991071762
v2_spectrum,SU2-CNOT-line|n10|d60|i6|dir=gaussian|basis=Z|eta=0,SU2-CNOT-line|n10|d60|i6,512,335,0.0006469707071763422
v2_spectrum,SU2-CNOT-line|n10|d60|i6|dir=gaussian|basis=Z|eta=0,SU2-CNOT-line|n10|d60|i6,512,336,0.000643172926929118
v2_spectrum,SU2-CNOT-line|n10|d60|i6|dir=gaussian|basis=Z|eta=0,SU2-CNOT-line|n10|d60|i6,512,337,0.0006376638099243772
v2_spectrum,SU2-CNOT-line|n10|d60|i6|dir=gaussian|basis=Z|eta=0,SU2-CNOT-line|n10|d60|i6,512,338,0.0006303960588342523
v2_spectrum,SU2-CNOT-line|n10|d60|i6|dir=gaussian|basis=Z|eta=0,SU2-CNOT-line|n10|d60|i6,512,339,0.00062412491188218
v2_spectrum,SU2-CNOT-line|n10|d60|i6|dir=gaussian|basis=Z|eta=0,SU2-CNOT-line|n10|d60|i6,512,340,0.0006181688555984082
v2_spectrum,SU2-CNOT-line|n10|d60|i6|dir=gaussian|basis=Z|eta=0,SU2-CNOT-line|n10|d60|i6,512,341,0.0006176990460735414
v2_spectrum,SU2-CNOT-line|n10|d60|i6|dir=gaussian|basis=Z|eta=0,SU2-CNOT-line|n10|d60|i6,512,342,0.0006051465119717128
v2_spectrum,SU2-CNOT-line|n10|d60|i6|dir=gaussian|basis=Z|eta=0,SU2-CNOT-line|n10|d60|i6,512,343,0.0006044574607247138
v2_spectrum,SU2-CNOT-line|n10|d60|i6|dir=gaussian|basis=Z|eta=0,SU2-CNOT-line|n10|d60|i6,512,344,0.0005969441876805281
v2_spectrum,SU2-CNOT-line|n10|d60|i6|dir=gaussian|basis=Z|eta=0,SU2-CNOT-line|n10|d60|i6,512,345,0.0005913511080960277
v2_spectrum,SU2-CNOT-line|n10|d60|i6|dir=gaussian|basis=Z|eta=0,SU2-CNOT-line|n10|d60|i6,512,346,0.0005881961044609168
v2_spectrum,SU2-CNOT-line|n10|d60|i6|dir=gaussian|basis=Z|eta=0,SU2-CNOT-line|n10|d60|i6,512,347,0.0005809581429006322
v2_spectrum,SU2-CNOT-line|n10|d60|i6|dir=gaussian|basis=Z|eta=0,SU2-CNOT-line|n10|d60|i6,512,348,0.0005800700115282889
v2_spectrum,SU2-CNOT-line|n10|d60|i6|dir=gaussian|basis=Z|eta=0,SU2-CNOT-line|n10|d60|i6,512,349,0.0005790373970837163
v2_spectrum,SU2-CNOT-line|n10|d60|i6|dir=gaussian|basis=Z|eta=0,SU2-CNOT-line|n10|d60|i6,512,350,0.0005655480507877362
v2_spectrum,SU2-CNOT-line|n10|d60|i6|dir=gaussian|basis=Z|eta=0,SU2-CNOT-line|n10|d60|i6,512,351,0.0005626748237942998
v2_spectrum,SU2-CNOT-line|n10|d60|i6|dir=gaussian|basis=Z|eta=0,SU2-CNOT-line|n10|d60|i6,512,352,0.0005581981144524524
v2_spectrum,SU2-CNOT-line|n10|d60|i6|dir=gaussian|basis=Z|eta=0,SU2-CNOT-line|n10|d60|i6,512,353,0.0005538502839922762
v2_spectrum,SU2-CNOT-line|n10|d60|i6|dir=gaussian|basis=Z|eta=0,SU2-CNOT-line|n10|d60|i6,512,354,0.00054865022367674
v2_spectrum,SU2-CNOT-line|n10|d60|i6|dir=gaussian|basis=Z|eta=0,SU2-CNOT-line|n10|d60|i6,512,355,0.0005467435200853437
v2_spectrum,SU2-CNOT-line|n10|d60|i6|dir=gaussian|basis=Z|eta=0,SU2-CNOT-line|n10|d60|i6,512,356,0.0005383303449613796
v2_spectrum,SU2-CNOT-line|n10|d60|i6|dir=gaussian|basis=Z|eta=0,SU2-CNOT-line|n10|d60|i6,512,357,0.0005355312665705182
v2_spectrum,SU2-CNOT-line|n10|d60|i6|dir=gaussian|basis=Z|eta=0,SU2-CNOT-line|n10|d60|i6,512,358,0.0005314841699301508
v2_spectrum,SU2-CNOT-line|n10|d60|i6|dir=gaussian|basis=Z|eta=0,SU2-CNOT-line|n10|d60|i6,512,359,0.000524883887601014
v2_spectrum,SU2-CNOT-line|n10|d60|i6|dir=gaussian|basis=Z|eta=0,SU2-CNOT-line|n10|d60|i6,512,360,0.0005223538291558451
v2_spectrum,SU2-CNOT-line|n10|d60|i6|dir=gaussian|basis=Z|eta=0,SU2-CNOT-line|n10|d60|i6,512,361,0.0005186640791786029
v2_spectrum,SU2-CNOT-line|n10|d60|i6|dir=gaussian|basis=Z|eta=0,SU2-CNOT-line|n10|d60|i6,512,362,0.000512419687080397
v2_spectrum,SU2-CNOT-line|n10|d60|i6|dir=gaussian|basis=Z|eta=0,SU2-CNOT-line|n10|d60|i6,512,363,0.0005090889305781451
v2_spectrum,SU2-CNOT-line|n10|d60|i6|dir=gaussian|basis=Z|eta=0,SU2-CNOT-line|n10|d60|i6,512,364,0.0005027155082305219
v2_spectrum,SU2-CNOT-line|n10|d60|i6|dir=gaussian|basis=Z|eta=0,SU2-CNOT-line|n10|d60|i6,512,365,0.0005011098954831348
v2_spectrum,SU2-CNOT-line|n10|d60|i6|dir=gaussian|basis=Z|eta=0,SU2-CNOT-line|n10|d60|i6,512,366,0.0004950055196876894
v2_spectrum,SU2-CNOT-line|n10|d60|i6|dir=gaussian|basis=Z|eta=0,SU2-CNOT-line|n10|d60|i6,512,367,0.0004911973742460745
v2_spectrum,SU2-CNOT-line|n10|d60|i6|dir=gaussian|basis=Z|eta=0,SU2-CNOT-line|n10|d60|i6,512,368,0.0004882348981750054
v2_spectrum,SU2-CNOT-line|n10|d60|i6|dir=gaussian|basis=Z|eta=0,SU2-CNOT-line|n10|d60|i6,512,369,0.00048430812093301965
v2_spectrum,SU2-CNOT-line|n10|d60|i6|dir=gaussian|basis=Z|eta=0,SU2-CNOT-line|n10|d60|i6,512,370,0.00048276039976565287
v2_spectrum,SU2-CNOT-line|n10|d60|i6|dir=gaussian|basis=Z|eta=0,SU2-CNOT-line|n10|d60|i6,512,371,0.00047966957721627684
v2_spectrum,SU2-CNOT-line|n10|d60|i6|dir=gaussian|basis=Z|eta=0,SU2-CNOT-line|n10|d60|i6,512,372,0.00047246845389988657
v2_spectrum,SU2-CNOT-line|n10|d60|i6|dir=gaussian|basis=Z|eta=0,SU2-CNOT-line|n10|d60|i6,512,373,0.00047025166259638025
v2_spectrum,SU2-CNOT-line|n10|d60|i6|dir=gaussian|basis=Z|eta=0,SU2-CNOT-line|n10|d60|i6,512,374,0.0004683494152160899
v2_spectrum,SU2-CNOT-line|n10|d60|i6|dir=gaussian|basis=Z|eta=0,SU2-CNOT-line|n10|d60|i6,512,375,0.0004607969512516562
v2_spectrum,SU2-CNOT-line|n10|d60|i6|dir=gaussian|basis=Z|eta=0,SU2-CNOT-line|n10|d60|i6,512,376,0.0004572840331553485
v2_spectrum,SU2-CNOT-line|n10|d60|i6|dir=gaussian|basis=Z|eta=0,SU2-CNOT-line|n10|d60|i6,512,377,0.0004535075712909093
v2_spectrum,SU2-CNOT-line|n10|d60|i6|dir=gaussian|basis=Z|eta=0,SU2-CNOT-line|n10|d60|i6,512,378,0.0004483668786915322
v2_spectrum,SU2-CNOT-line|n10|d60|i6|dir=gaussian|basis=Z|eta=0,SU2-CNOT-line|n10|d60|i6,512,379,0.0004453963450437024
v2_spectrum,SU2-CNOT-line|n10|d60|i6|dir=gaussian|basis=Z|eta=0,SU2-CNOT-line|n10|d60|i6,512,380,0.0004411988823368143
v2_spectrum,SU2-CNOT-line|n10|d60|i6|dir=gaussian|basis=Z|eta=0,SU2-CNOT-line|n10|d60|i6,512,381,0.0004349417491739334
v2_spectrum,SU2-CNOT-line|n10|d60|i6|dir=gaussian|basis=Z|eta=0,SU2-CNOT-line|n10|d60|i6,512,382,0.00043120595780007855
v2_spectrum,SU2-CNOT-line|n10|d60|i6|dir=gaussian|basis=Z|eta=0,SU2-CNOT-line|n10|d60|i6,512,383,0.0004212483334466951
v2_spectrum,SU2-CNOT-line|n10|d60|i6|dir=gaussian|basis=Z|eta=0,SU2-CNOT-line|n10|d60|i6,512,384,0.00041707029939780534
v2_spectrum,SU2-CNOT-line|n10|d60|i6|dir=gaussian|basis=Z|eta=0,SU2-CNOT-line|n10|d60|i6,512,385,0.00041347867390416533
v2_spectrum,SU2-CNOT-line|n10|d60|i6|dir=gaussian|basis=Z|eta=0,SU2-CNOT-line|n10|d60|i6,512,386,0.00040831268599494187
v2_spectrum,SU2-CNOT-line|n10|d60|i6|dir=gaussian|basis=Z|eta=0,SU2-CNOT-line|n10|d60|i6,512,387,0.0004079693951361047
v2_spectrum,SU2-CNOT-line|n10|d60|i6|dir=gaussian|basis=Z|eta=0,SU2-CNOT-line|n10|d60|i6,512,388,0.00040605799630183176
v2_spectrum,SU2-CNOT-line|n10|d60|i6|dir=gaussian|basis=Z|eta=0,SU2-CNOT-line|n10|d60|i6,512,389,0.0004052831908493631
v2_spectrum,SU2-CNOT-line|n10|d60|i6|dir=gaussian|basis=Z|eta=0,SU2-CNOT-line|n10|d60|i6,512,390,0.0003997207026894676
v2_spectrum,SU2-CNOT-line|n10|d60|i6|dir=gaussian|basis=Z|eta=0,SU2-CNOT-line|n10|d60|i6,512,391,0.0003982924678019512
v2_spectrum,SU2-CNOT-line|n10|d60|i6|dir=gaussian|basis=Z|eta=0,SU2-CNOT-line|n10|d60|i6,512,392,0.00039387073728830603
v2_spectrum,SU2-CNOT-line|n10|d60|i6|dir=gaussian|basis=Z|eta=0,SU2-CNOT-line|n10|d60|i6,512,393,0.000389554732398968
v2_spectrum,SU2-CNOT-line|n10|d60|i6|dir=gaussian|basis=Z|eta=0,SU2-CNOT-line|n10|d60|i6,512,394,0.0003858819071472323
v2_spectrum,SU2-CNOT-line|n10|d60|i6|dir=gaussian|basis=Z|eta=0,SU2-CNOT-line|n10|d60|i6,512,395,0.0003826797997276424
v2_spectrum,SU2-CNOT-line|n10|d60|i6|dir=gaussian|basis=Z|eta=0,SU2-CNOT-line|n10|d60|i6,512,396,0.0003818287330852415
v2_spectrum,SU2-CNOT-line|n10|d60|i6|dir=gaussian|basis=Z|eta=0,SU2-CNOT-line|n10|d60|i6,512,397,0.0003750435146868381
v2_spectrum,SU2-CNOT-line|n10|d60|i6|dir=gaussian|basis=Z|eta=0,SU2-CNOT-line|n10|d60|i6,512,398,0.0003724447787449111
v2_spectrum,SU2-CNOT-line|n10|d60|i6|dir=gaussian|basis=Z|eta=0,SU2-CNOT-line|n10|d60|i6,512,399,0.00036928465063472714
v2_spectrum,SU2-CNOT-line|n10|d60|i6|dir=gaussian|basis=Z|eta=0,SU2-CNOT-line|n10|d60|i6,512,400,0.00036458232040568366
v2_spectrum,SU2-CNOT-line|n10|d60|i6|dir=gaussian|basis=Z|eta=0,SU2-CNOT-line|n10|d60|i6,512,401,0.0003607218056774512
v2_spectrum,SU2-CNOT-line|n10|d60|i6|dir=gaussian|basis=Z|eta=0,SU2-CNOT-line|n10|d60|i6,512,402,0.00035675115722865765
v2_spectrum,SU2-CNOT-line|n10|d60|i6|dir=gaussian|basis=Z|eta=0,SU2-CNOT-line|n10|d60|i6,512,403,0.00035260722320580514
v2_spectrum,SU2-CNOT-line|n10|d60|i6|dir=gaussian|basis=Z|eta=0,SU2-CNOT-line|n10|d60|i6,512,404,0.0003510072751656494
v2_spectrum,SU2-CNOT-line|n10|d60|i6|dir=gaussian|basis=Z|eta=0,SU2-CNOT-line|n10|d60|i6,512,405,0.00034705340461036225
v2_spectrum,SU2-CNOT-line|n10|d60|i6|dir=gaussian|basis=Z|eta=0,SU2-CNOT-line|n10|d60|i6,512,406,0.00034045224292091704
v2_spectrum,SU2-CNOT-line|n10|d60|i6|dir=gaussian|basis=Z|eta=0,SU2-CNOT-line|n10|d60|i6,512,407,0.00033694600602732585
v2_spectrum,SU2-CNOT-line|n10|d60|i6|dir=gaussian|basis=Z|eta=0,SU2-CNOT-line|n10|d60|i6,512,408,0.00033498844592653315
v2_spectrum,SU2-CNOT-line|n10|d60|i6|dir=gaussian|basis=Z|eta=0,SU2-CNOT-line|n10|d60|i6,512,409,0.0003328873009244251
v2_spectrum,SU2-CNOT-line|n10|d60|i6|dir=gaussian|basis=Z|eta=0,SU2-CNOT-line|n10|d60|i6,512,410,0.0003320678166130384
v2_spectrum,SU2-CNOT-line|n10|d60|i6|dir=gaussian|basis=Z|eta=0,SU2-CNOT-line|n10|d60|i6,512,411,0.00032801106044210685
v2_spectrum,SU2-CNOT-line|n10|d60|i6|dir=gaussian|basis=Z|eta=0,SU2-CNOT-line|n10|d60|i6,512,412,0.0003239170163557677
v2_spectrum,SU2-CNOT-line|n10|d60|i6|dir=gaussian|basis=Z|eta=0,SU2-CNOT-line|n10|d60|i6,512,413,0.00032249625407433305
v2_spectrum,SU2-CNOT-line|n10|d60|i6|dir=gaussian|basis=Z|eta=0,SU2-CNOT-line|n10|d60|i6,512,414,0.0003163959680661775
v2_spectrum,SU2-CNOT-line|n10|d60|i6|dir=gaussian|basis=Z|eta=0,SU2-CNOT-line|n10|d60|i6,512,415,0.00031013326308721714
v2_spectrum,SU2-CNOT-line|n10|d60|i6|dir=gaussian|basis=Z|eta=0,SU2-CNOT-line|n10|d60|i6,512,416,0.0003065495992095942
v2_spectrum,SU2-CNOT-line|n10|d60|i6|dir=gaussian|basis=Z|eta=0,SU2-CNOT-line|n10|d60|i6,512,417,0.00030183356379367927
v2_spectrum,SU2-CNOT-line|n10|d60|i6|dir=gaussian|basis=Z|eta=0,SU2-CNOT-line|n10|d60|i6,512,418,0.00029913315457145073
v2_spectrum,SU2-CNOT-line|n10|d60|i6|dir=gaussian|basis=Z|eta=0,SU2-CNOT-line|n10|d60|i6,512,419,0.0002951487348134301
v2_spectrum,SU2-CNOT-line|n10|d60|i6|dir=gaussian|basis=Z|eta=0,SU2-CNOT-line|n10|d60|i6,512,420,0.000293077569782128
v2_spectrum,SU2-CNOT-line|n10|d60|i6|dir=gaussian|basis=Z|eta=0,SU2-CNOT-line|n10|d60|i6,512,421,0.0002910774736695451
v2_spectrum,SU2-CNOT-line|n10|d60|i6|dir=gaussian|basis=Z|eta=0,SU2-CNOT-line|n10|d60|i6,512,422,0.0002883627226534221
v2_spectrum,SU2-CNOT-line|n10|d60|i6|dir=gaussian|basis=Z|eta=0,SU2-CNOT-line|n10|d60|i6,512,423,0.000284375360915994
v2_spectrum,SU2-CNOT-line|n10|d60|i6|dir=gaussian|basis=Z|eta=0,SU2-CNOT-line|n10|d60|i6,512,424,0.00028347208414244664
v2_spectrum,SU2-CNOT-line|n10|d60|i6|dir=gaussian|basis=Z|eta=0,SU2-CNOT-line|n10|d60|i6,512,425,0.00027970690654836677
v2_spectrum,SU2-CNOT-line|n10|d60|i6|dir=gaussian|basis=Z|eta=0,SU2-CNOT-line|n10|d60|i6,512,426,0.00027811804485438946
v2_spectrum,SU2-CNOT-line|n10|d60|i6|dir=gaussian|basis=Z|eta=0,SU2-CNOT-line|n10|d60|i6,512,427,0.00027359795385343394
v2_spectrum,SU2-CNOT-line|n10|d60|i6|dir=gaussian|basis=Z|eta=0,SU2-CNOT-line|n10|d60|i6,512,428,0.00027144249782260225
v2_spectrum,SU2-CNOT-line|n10|d60|i6|dir=gaussian|basis=Z|eta=0,SU2-CNOT-line|n10|d60|i6,512,429,0.00026951947365970387
v2_spectrum,SU2-CNOT-line|n10|d60|i6|dir=gaussian|basis=Z|eta=0,SU2-CNOT-line|n10|d60|i6,512,430,0.00026733655405222675
v2_spectrum,SU2-CNOT-line|n10|d60|i6|dir=gaussian|basis=Z|eta=0,SU2-CNOT-line|n10|d60|i6,512,431,0.00026057519223200584
v2_spectrum,SU2-CNOT-line|n10|d60|i6|dir=gaussian|basis=Z|eta=0,SU2-CNOT-line|n10|d60|i6,512,432,0.0002591202334083537
v2_spectrum,SU2-CNOT-line|n10|d60|i6|dir=gaussian|basis=Z|eta=0,SU2-CNOT-line|n10|d60|i6,512,433,0.00025707342600726426
v2_spectrum,SU2-CNOT-line|n10|d60|i6|dir=gaussian|basis=Z|eta=0,SU2-CNOT-line|n10|d60|i6,512,434,0.00025143410663278277
v2_spectrum,SU2-CNOT-line|n10|d60|i6|dir=gaussian|basis=Z|eta=0,SU2-CNOT-line|n10|d60|i6,512,435,0.00025025732690349406
v2_spectrum,SU2-CNOT-line|n10|d60|i6|dir=gaussian|basis=Z|eta=0,SU2-CNOT-line|n10|d60|i6,512,436,0.0002479696550319614
v2_spectrum,SU2-CNOT-line|n10|d60|i6|dir=gaussian|basis=Z|eta=0,SU2-CNOT-line|n10|d60|i6,512,437,0.0002469874824132641
v2_spectrum,SU2-CNOT-line|n10|d60|i6|dir=gaussian|basis=Z|eta=0,SU2-CNOT-line|n10|d60|i6,512,438,0.0002442542197175169
v2_spectrum,SU2-CNOT-line|n10|d60|i6|dir=gaussian|basis=Z|eta=0,SU2-CNOT-line|n10|d60|i6,512,439,0.00023986658380621757
v2_spectrum,SU2-CNOT-line|n10|d60|i6|dir=gaussian|basis=Z|eta=0,SU2-CNOT-line|n10|d60|i6,512,440,0.00023598663259250034
v2_spectrum,SU2-CNOT-line|n10|d60|i6|dir=gaussian|basis=Z|eta=0,SU2-CNOT-line|n10|d60|i6,512,441,0.00023359041214081482
v2_spectrum,SU2-CNOT-line|n10|d60|i6|dir=gaussian|basis=Z|eta=0,SU2-CNOT-line|n10|d60|i6,512,442,0.00023110523335060702
v2_spectrum,SU2-CNOT-line|n10|d60|i6|dir=gaussian|basis=Z|eta=0,SU2-CNOT-line|n10|d60|i6,512,443,0.00022816789644718803
v2_spectrum,SU2-CNOT-line|n10|d60|i6|dir=gaussian|basis=Z|eta=0,SU2-CNOT-line|n10|d60|i6,512,444,0.00022573044883591046
v2_spectrum,SU2-CNOT-line|n10|d60|i6|dir=gaussian|basis=Z|eta=0,SU2-CNOT-line|n10|d60|i6,512,445,0.00022109743749778573
v2_spectrum,SU2-CNOT-line|n10|d60|i6|dir=gaussian|basis=Z|eta=0,SU2-CNOT-line|n10|d60|i6,512,446,0.00022053377239023058
v2_spectrum,SU2-CNOT-line|n10|d60|i6|dir=gaussian|basis=Z|eta=0,SU2-CNOT-line|n10|d60|i6,512,447,0.00021899830449615256
v2_spectrum,SU2-CNOT-line|n10|d60|i6|dir=gaussian|basis=Z|eta=0,SU2-CNOT-line|n10|d60|i6,512,448,0.0002159306489245573
v2_spectrum,SU2-CNOT-line|n10|d60|i6|dir=gaussian|basis=Z|eta=0,SU2-CNOT-line|n10|d60|i6,512,449,0.00021190467817417552
v2_spectrum,SU2-CNOT-line|n10|d60|i6|dir=gaussian|basis=Z|eta=0,SU2-CNOT-line|n10|d60|i6,512,450,0.00021095753080346984
v2_spectrum,SU2-CNOT-line|n10|d60|i6|dir=gaussian|basis=Z|eta=0,SU2-CNOT-line|n10|d60|i6,512,451,0.0002103901909187248
v2_spectrum,SU2-CNOT-line|n10|d60|i6|dir=gaussian|basis=Z|eta=0,SU2-CNOT-line|n10|d60|i6,512,452,0.0002083589550054587
v2_spectrum,SU2-CNOT-line|n10|d60|i6|dir=gaussian|basis=Z|eta=0,SU2-CNOT-line|n10|d60|i6,512,453,0.00020537055020214282
v2_spectrum,SU2-CNOT-line|n10|d60|i6|dir=gaussian|basis=Z|eta=0,SU2-CNOT-line|n10|d60|i6,512,454,0.00020318830332442277
v2_spectrum,SU2-CNOT-line|n10|d60|i6|dir=gaussian|basis=Z|eta=0,SU2-CNOT-line|n10|d60|i6,512,455,0.00020134681502819173
v2_spectrum,SU2-CNOT-line|n10|d60|i6|dir=gaussian|basis=Z|eta=0,SU2-CNOT-line|n10|d60|i6,512,456,0.00019919618673259793
v2_spectrum,SU2-CNOT-line|n10|d60|i6|dir=gaussian|basis=Z|eta=0,SU2-CNOT-line|n10|d60|i6,512,457,0.00019523401488186486
v2_spectrum,SU2-CNOT-line|n10|d60|i6|dir=gaussian|basis=Z|eta=0,SU2-CNOT-line|n10|d60|i6,512,458,0.0001922116561590581
v2_spectrum,SU2-CNOT-line|n10|d60|i6|dir=gaussian|basis=Z|eta=0,SU2-CNOT-line|n10|d60|i6,512,459,0.0001878948811260124
v2_spectrum,SU2-CNOT-line|n10|d60|i6|dir=gaussian|basis=Z|eta=0,SU2-CNOT-line|n10|d60|i6,512,460,0.00018774248697968305
v2_spectrum,SU2-CNOT-line|n10|d60|i6|dir=gaussian|basis=Z|eta=0,SU2-CNOT-line|n10|d60|i6,512,461,0.00018674443968235202
v2_spectrum,SU2-CNOT-line|n10|d60|i6|dir=gaussian|basis=Z|eta=0,SU2-CNOT-line|n10|d60|i6,512,462,0.00018207268991768898
v2_spectrum,SU2-CNOT-line|n10|d60|i6|dir=gaussian|basis=Z|eta=0,SU2-CNOT-line|n10|d60|i6,512,463,0.00017818235572492403
v2_spectrum,SU2-CNOT-line|n10|d60|i6|dir=gaussian|basis=Z|eta=0,SU2-CNOT-line|n10|d60|i6,512,464,0.0001771194804825886
v2_spectrum,SU2-CNOT-line|n10|d60|i6|dir=gaussian|basis=Z|eta=0,SU2-CNOT-line|n10|d60|i6,512,465,0.0001759579980271106
v2_spectrum,SU2-CNOT-line|n10|d60|i6|dir=gaussian|basis=Z|eta=0,SU2-CNOT-line|n10|d60|i6,512,466,0.00017343648720595886
v2_spectrum,SU2-CNOT-line|n10|d60|i6|dir=gaussian|basis=Z|eta=0,SU2-CNOT-line|n10|d60|i6,512,467,0.00017184946388818054
v2_spectrum,SU2-CNOT-line|n10|d60|i6|dir=gaussian|basis=Z|eta=0,SU2-CNOT-line|n10|d60|i6,512,468,0.00016946554912488095
v2_spectrum,SU2-CNOT-line|n10|d60|i6|dir=gaussian|basis=Z|eta=0,SU2-CNOT-line|n10|d60|i6,512,469,0.00016864068869384727
v2_spectrum,SU2-CNOT-line|n10|d60|i6|dir=gaussian|basis=Z|eta=0,SU2-CNOT-line|n10|d60|i6,512,470,0.0001645925446341488
v2_spectrum,SU2-CNOT-line|n10|d60|i6|dir=gaussian|basis=Z|eta=0,SU2-CNOT-line|n10|d60|i6,512,471,0.0001615818560617414
v2_spectrum,SU2-CNOT-line|n10|d60|i6|dir=gaussian|basis=Z|eta=0,SU2-CNOT-line|n10|d60|i6,512,472,0.00015845385450691658
v2_spectrum,SU2-CNOT-line|n10|d60|i6|dir=gaussian|basis=Z|eta=0,SU2-CNOT-line|n10|d60|i6,512,473,0.00015604715563517327
v2_spectrum,SU2-CNOT-line|n10|d60|i6|dir=gaussian|basis=Z|eta=0,SU2-CNOT-line|n10|d60|i6,512,474,0.00015475085479904033
v2_spectrum,SU2-CNOT-line|n10|d60|i6|dir=gaussian|basis=Z|eta=0,SU2-CNOT-line|n10|d60|i6,512,475,0.00015265062206231488
v2_spectrum,SU2-CNOT-line|n10|d60|i6|dir=gaussian|basis=Z|eta=0,SU2-CNOT-line|n10|d60|i6,512,476,0.00015055229420518631
v2_spectrum,SU2-CNOT-line|n10|d60|i6|dir=gaussian|basis=Z|eta=0,SU2-CNOT-line|n10|d60|i6,512,477,0.0001480426459101657
v2_spectrum,SU2-CNOT-line|n10|d60|i6|dir=gaussian|basis=Z|eta=0,SU2-CNOT-line|n10|d60|i6,512,478,0.00014683909798518448
v2_spectrum,SU2-CNOT-line|n10|d60|i6|dir=gaussian|basis=Z|eta=0,SU2-CNOT-line|n10|d60|i6,512,479,0.00014526790367810926
v2_spectrum,SU2-CNOT-line|n10|d60|i6|dir=gaussian|basis=Z|eta=0,SU2-CNOT-line|n10|d60|i6,512,480,0.00014160666289336462
v2_spectrum,SU2-CNOT-line|n10|d60|i6|dir=gaussian|basis=Z|eta=0,SU2-CNOT-line|n10|d60|i6,512,481,0.00013985432310045196
v2_spectrum,SU2-CNOT-line|n10|d60|i6|dir=gaussian|basis=Z|eta=0,SU2-CNOT-line|n10|d60|i6,512,482,0.000136452460529543
v2_spectrum,SU2-CNOT-line|n10|d60|i6|dir=gaussian|basis=Z|eta=0,SU2-CNOT-line|n10|d60|i6,512,483,0.00013480743059647723
v2_spectrum,SU2-CNOT-line|n10|d60|i6|dir=gaussian|basis=Z|eta=0,SU2-CNOT-line|n10|d60|i6,512,484,0.00013250632723828287
v2_spectrum,SU2-CNOT-line|n10|d60|i6|dir=gaussian|basis=Z|eta=0,SU2-CNOT-line|n10|d60|i6,512,485,0.0001321006907573623
v2_spectrum,SU2-CNOT-line|n10|d60|i6|dir=gaussian|basis=Z|eta=0,SU2-CNOT-line|n10|d60|i6,512,486,0.00012893792719685386
v2_spectrum,SU2-CNOT-line|n10|d60|i6|dir=gaussian|basis=Z|eta=0,SU2-CNOT-line|n10|d60|i6,512,487,0.00012635467701897665
v2_spectrum,SU2-CNOT-line|n10|d60|i6|dir=gaussian|basis=Z|eta=0,SU2-CNOT-line|n10|d60|i6,512,488,0.0001243871172132428
v2_spectrum,SU2-CNOT-line|n10|d60|i6|dir=gaussian|basis=Z|eta=0,SU2-CNOT-line|n10|d60|i6,512,489,0.0001235670270560517
v2_spectrum,SU2-CNOT-line|n10|d60|i6|dir=gaussian|basis=Z|eta=0,SU2-CNOT-line|n10|d60|i6,512,490,0.00012166862632097336
v2_spectrum,SU2-CNOT-line|n10|d60|i6|dir=gaussian|basis=Z|eta=0,SU2-CNOT-line|n10|d60|i6,512,491,0.0001198645375258695
v2_spectrum,SU2-CNOT-line|n10|d60|i6|dir=gaussian|basis=Z|eta=0,SU2-CNOT-line|n10|d60|i6,512,492,0.00011850468678956958
v2_spectrum,SU2-CNOT-line|n10|d60|i6|dir=gaussian|basis=Z|eta=0,SU2-CNOT-line|n10|d60|i6,512,493,0.00011621282189701455
v2_spectrum,SU2-CNOT-line|n10|d60|i6|dir=gaussian|basis=Z|eta=0,SU2-CNOT-line|n10|d60|i6,512,494,0.000112105954886815
v2_spectrum,SU2-CNOT-line|n10|d60|i6|dir=gaussian|basis=Z|eta=0,SU2-CNOT-line|n10|d60|i6,512,495,0.00011047979069617075
v2_spectrum,SU2-CNOT-line|n10|d60|i6|dir=gaussian|basis=Z|eta=0,SU2-CNOT-line|n10|d60|i6,512,496,0.00010763344752847735
v2_spectrum,SU2-CNOT-line|n10|d60|i6|dir=gaussian|basis=Z|eta=0,SU2-CNOT-line|n10|d60|i6,512,497,0.00010560120130092472
v2_spectrum,SU2-CNOT-line|n10|d60|i6|dir=gaussian|basis=Z|eta=0,SU2-CNOT-line|n10|d60|i6,512,498,0.0001031179503213646
v2_spectrum,SU2-CNOT-line|n10|d60|i6|dir=gaussian|basis=Z|eta=0,SU2-CNOT-line|n10|d60|i6,512,499,0.0001009701688100313
v2_spectrum,SU2-CNOT-line|n10|d60|i6|dir=gaussian|basis=Z|eta=0,SU2-CNOT-line|n10|d60|i6,512,500,9.918026305953819e-05
v2_spectrum,SU2-CNOT-line|n10|d60|i6|dir=gaussian|basis=Z|eta=0,SU2-CNOT-line|n10|d60|i6,512,501,9.810244129504263e-05
v2_spectrum,SU2-CNOT-line|n10|d60|i6|dir=gaussian|basis=Z|eta=0,SU2-CNOT-line|n10|d60|i6,512,502,9.450216886282745e-05
v2_spectrum,SU2-CNOT-line|n10|d60|i6|dir=gaussian|basis=Z|eta=0,SU2-CNOT-line|n10|d60|i6,512,503,9.374859780138525e-05
v2_spectrum,SU2-CNOT-line|n10|d60|i6|dir=gaussian|basis=Z|eta=0,SU2-CNOT-line|n10|d60|i6,512,504,9.197939046730101e-05
v2_spectrum,SU2-CNOT-line|n10|d60|i6|dir=gaussian|basis=Z|eta=0,SU2-CNOT-line|n10|d60|i6,512,505,9.00114676967113e-05
v2_spectrum,SU2-CNOT-line|n10|d60|i6|dir=gaussian|basis=Z|eta=0,SU2-CNOT-line|n10|d60|i6,512,506,8.80709974403901e-05
v2_spectrum,SU2-CNOT-line|n10|d60|i6|dir=gaussian|basis=Z|eta=0,SU2-CNOT-line|n10|d60|i6,512,507,8.588034387389969e-05
v2_spectrum,SU2-CNOT-line|n10|d60|i6|dir=gaussian|basis=Z|eta=0,SU2-CNOT-line|n10|d60|i6,512,508,8.476611674396384e-05
v2_spectrum,SU2-CNOT-line|n10|d60|i6|dir=gaussian|basis=Z|eta=0,SU2-CNOT-line|n10|d60|i6,512,509,8.185936304550737e-05
v2_spectrum,SU2-CNOT-line|n10|d60|i6|dir=gaussian|basis=Z|eta=0,SU2-CNOT-line|n10|d60|i6,512,510,7.76286846762563e-05
v2_spectrum,SU2-CNOT-line|n10|d60|i6|dir=gaussian|basis=Z|eta=0,SU2-CNOT-line|n10|d60|i6,512,511,7.248929580750943e-05
v2_spectrum,SU2-CNOT-line|n10|d60|i6|dir=gaussian|basis=Z|eta=0,SU2-CNOT-line|n10|d60|i6,512,512,6.712385462235767e-05
v2_spectrum,SU2-HaarU4-brickwork|n12|d72|i6|dir=gaussian|basis=Z|eta=0,SU2-HaarU4-brickwork|n12|d72|i6,512,1,0.008832160927390873
v2_spectrum,SU2-HaarU4-brickwork|n12|d72|i6|dir=gaussian|basis=Z|eta=0,SU2-HaarU4-brickwork|n12|d72|i6,512,2,0.008696553440562313
v2_spectrum,SU2-HaarU4-brickwork|n12|d72|i6|dir=gaussian|basis=Z|eta=0,SU2-HaarU4-brickwork|n12|d72|i6,512,3,0.008306839099810932
v2_spectrum,SU2-HaarU4-brickwork|n12|d72|i6|dir=gaussian|basis=Z|eta=0,SU2-HaarU4-brickwork|n12|d72|i6,512,4,0.008202704134980405
v2_spectrum,SU2-HaarU4-brickwork|n12|d72|i6|dir=gaussian|basis=Z|eta=0,SU2-HaarU4-brickwork|n12|d72|i6,512,5,0.007796234619708964
v2_spectrum,SU2-HaarU4-brickwork|n12|d72|i6|dir=gaussian|basis=Z|eta=0,SU2-HaarU4-brickwork|n12|d72|i6,512,6,0.007654383228748042
v2_spectrum,SU2-HaarU4-brickwork|n12|d72|i6|dir=gaussian|basis=Z|eta=0,SU2-HaarU4-brickwork|n12|d72|i6,512,7,0.00751070575249727
v2_spectrum,SU2-HaarU4-brickwork|n12|d72|i6|dir=gaussian|basis=Z|eta=0,SU2-HaarU4-brickwork|n12|d72|i6,512,8,0.007492735871854598
v2_spectrum,SU2-HaarU4-brickwork|n12|d72|i6|dir=gaussian|basis=Z|eta=0,SU2-HaarU4-brickwork|n12|d72|i6,512,9,0.007280105185918994
v2_spectrum,SU2-HaarU4-brickwork|n12|d72|i6|dir=gaussian|basis=Z|eta=0,SU2-HaarU4-brickwork|n12|d72|i6,512,10,0.0070935133331047635
v2_spectrum,SU2-HaarU4-brickwork|n12|d72|i6|dir=gaussian|basis=Z|eta=0,SU2-HaarU4-brickwork|n12|d72|i6,512,11,0.007056381875824698
v2_spectrum,SU2-HaarU4-brickwork|n12|d72|i6|dir=gaussian|basis=Z|eta=0,SU2-HaarU4-brickwork|n12|d72|i6,512,12,0.006834738051760278
v2_spectrum,SU2-HaarU4-brickwork|n12|d72|i6|dir=gaussian|basis=Z|eta=0,SU2-HaarU4-brickwork|n12|d72|i6,512,13,0.006673739793827566
v2_spectrum,SU2-HaarU4-brickwork|n12|d72|i6|dir=gaussian|basis=Z|eta=0,SU2-HaarU4-brickwork|n12|d72|i6,512,14,0.006627632413376582
v2_spectrum,SU2-HaarU4-brickwork|n12|d72|i6|dir=gaussian|basis=Z|eta=0,SU2-HaarU4-brickwork|n12|d72|i6,512,15,0.006545576582897998
v2_spectrum,SU2-HaarU4-brickwork|n12|d72|i6|dir=gaussian|basis=Z|eta=0,SU2-HaarU4-brickwork|n12|d72|i6,512,16,0.006534233381916462
v2_spectrum,SU2-HaarU4-brickwork|n12|d72|i6|dir=gaussian|basis=Z|eta=0,SU2-HaarU4-brickwork|n12|d72|i6,512,17,0.00649368090270396
v2_spectrum,SU2-HaarU4-brickwork|n12|d72|i6|dir=gaussian|basis=Z|eta=0,SU2-HaarU4-brickwork|n12|d72|i6,512,18,0.00635969503579169
v2_spectrum,SU2-HaarU4-brickwork|n12|d72|i6|dir=gaussian|basis=Z|eta=0,SU2-HaarU4-brickwork|n12|d72|i6,512,19,0.006277968444013541
v2_spectrum,SU2-HaarU4-brickwork|n12|d72|i6|dir=gaussian|basis=Z|eta=0,SU2-HaarU4-brickwork|n12|d72|i6,512,20,0.006234207844101625
v2_spectrum,SU2-HaarU4-brickwork|n12|d72|i6|dir=gaussian|basis=Z|eta=0,SU2-HaarU4-brickwork|n12|d72|i6,512,21,0.006091875584122423
v2_spectrum,SU2-HaarU4-brickwork|n12|d72|i6|dir=gaussian|basis=Z|eta=0,SU2-HaarU4-brickwork|n12|d72|i6,512,22,0.006023942694297374
v2_spectrum,SU2-HaarU4-brickwork|n12|d72|i6|dir=gaussian|basis=Z|eta=0,SU2-HaarU4-brickwork|n12|d72|i6,512,23,0.00597276260620397
v2_spectrum,SU2-HaarU4-brickwork|n12|d72|i6|dir=gaussian|basis=Z|eta=0,SU2-HaarU4-brickwork|n12|d72|i6,512,24,0.005884683858019599
v2_spectrum,SU2-HaarU4-brickwork|n12|d72|i6|dir=gaussian|basis=Z|eta=0,SU2-HaarU4-brickwork|n12|d72|i6,512,25,0.005805697507738064
v2_spectrum,SU2-HaarU4-brickwork|n12|d72|i6|dir=gaussian|basis=Z|eta=0,SU2-HaarU4-brickwork|n12|d72|i6,512,26,0.0057613067923294355
v2_spectrum,SU2-HaarU4-brickwork|n12|d72|i6|dir=gaussian|basis=Z|eta=0,SU2-HaarU4-brickwork|n12|d72|i6,512,27,0.005736037469306578
v2_spectrum,SU2-HaarU4-brickwork|n12|d72|i6|dir=gaussian|basis=Z|eta=0,SU2-HaarU4-brickwork|n12|d72|i6,512,28,0.005715256849183394
v2_spectrum,SU2-HaarU4-brickwork|n12|d72|i6|dir=gaussian|basis=Z|eta=0,SU2-HaarU4-brickwork|n12|d72|i6,512,29,0.005629582099027792
v2_spectrum,SU2-HaarU4-brickwork|n12|d72|i6|dir=gaussian|basis=Z|eta=0,SU2-HaarU4-brickwork|n12|d72|i6,512,30,0.005566083462667564
v2_spectrum,SU2-HaarU4-brickwork|n12|d72|i6|dir=gaussian|basis=Z|eta=0,SU2-HaarU4-brickwork|n12|d72|i6,512,31,0.005487695105459654
v2_spectrum,SU2-HaarU4-brickwork|n12|d72|i6|dir=gaussian|basis=Z|eta=0,SU2-HaarU4-brickwork|n12|d72|i6,512,32,0.005468609122201618
v2_spectrum,SU2-HaarU4-brickwork|n12|d72|i6|dir=gaussian|basis=Z|eta=0,SU2-HaarU4-brickwork|n12|d72|i6,512,33,0.005445031908306966
v2_spectrum,SU2-HaarU4-brickwork|n12|d72|i6|dir=gaussian|basis=Z|eta=0,SU2-HaarU4-brickwork|n12|d72|i6,512,34,0.005386427138437082
v2_spectrum,SU2-HaarU4-brickwork|n12|d72|i6|dir=gaussian|basis=Z|eta=0,SU2-HaarU4-brickwork|n12|d72|i6,512,35,0.005360553001577798
v2_spectrum,SU2-HaarU4-brickwork|n12|d72|i6|dir=gaussian|basis=Z|eta=0,SU2-HaarU4-brickwork|n12|d72|i6,512,36,0.005315640384641733
v2_spectrum,SU2-HaarU4-brickwork|n12|d72|i6|dir=gaussian|basis=Z|eta=0,SU2-HaarU4-brickwork|n12|d72|i6,512,37,0.005281455996688361
v2_spectrum,SU2-HaarU4-brickwork|n12|d72|i6|dir=gaussian|basis=Z|eta=0,SU2-HaarU4-brickwork|n12|d72|i6,512,38,0.005206297502946232
v2_spectrum,SU2-HaarU4-brickwork|n12|d72|i6|dir=gaussian|basis=Z|eta=0,SU2-HaarU4-brickwork|n12|d72|i6,512,39,0.005170793564445458
v2_spectrum,SU2-HaarU4-brickwork|n12|d72|i6|dir=gaussian|basis=Z|eta=0,SU2-HaarU4-brickwork|n12|d72|i6,512,40,0.005139132529333105
v2_spectrum,SU2-HaarU4-brickwork|n12|d72|i6|dir=gaussian|basis=Z|eta=0,SU2-HaarU4-brickwork|n12|d72|i6,512,41,0.005112629631831089
v2_spectrum,SU2-HaarU4-brickwork|n12|d72|i6|dir=gaussian|basis=Z|eta=0,SU2-HaarU4-brickwork|n12|d72|i6,512,42,0.005074276812411572
v2_spectrum,SU2-HaarU4-brickwork|n12|d72|i6|dir=gaussian|basis=Z|eta=0,SU2-HaarU4-brickwork|n12|d72|i6,512,43,0.005048271138796983
v2_spectrum,SU2-HaarU4-brickwork|n12|d72|i6|dir=gaussian|basis=Z|eta=0,SU2-HaarU4-brickwork|n12|d72|i6,512,44,0.00498099439130804
v2_spectrum,SU2-HaarU4-brickwork|n12|d72|i6|dir=gaussian|basis=Z|eta=0,SU2-HaarU4-brickwork|n12|d72|i6,512,45,0.004939821717294658
v2_spectrum,SU2-HaarU4-brickwork|n12|d72|i6|dir=gaussian|basis=Z|eta=0,SU2-HaarU4-brickwork|n12|d72|i6,512,46,0.004921977779131084
v2_spectrum,SU2-HaarU4-brickwork|n12|d72|i6|dir=gaussian|basis=Z|eta=0,SU2-HaarU4-brickwork|n12|d72|i6,512,47,0.004843249361198456
v2_spectrum,SU2-HaarU4-brickwork|n12|d72|i6|dir=gaussian|basis=Z|eta=0,SU2-HaarU4-brickwork|n12|d72|i6,512,48,0.004801979545735036
v2_spectrum,SU2-HaarU4-brickwork|n12|d72|i6|dir=gaussian|basis=Z|eta=0,SU2-HaarU4-brickwork|n12|d72|i6,512,49,0.0047794638575961714
v2_spectrum,SU2-HaarU4-brickwork|n12|d72|i6|dir=gaussian|basis=Z|eta=0,SU2-HaarU4-brickwork|n12|d72|i6,512,50,0.004767719036987485
v2_spectrum,SU2-HaarU4-brickwork|n12|d72|i6|dir=gaussian|basis=Z|eta=0,SU2-HaarU4-brickwork|n12|d72|i6,512,51,0.004743511223070873
v2_spectrum,SU2-HaarU4-brickwork|n12|d72|i6|dir=gaussian|basis=Z|eta=0,SU2-HaarU4-brickwork|n12|d72|i6,512,52,0.004723654078990493
v2_spectrum,SU2-HaarU4-brickwork|n12|d72|i6|dir=gaussian|basis=Z|eta=0,SU2-HaarU4-brickwork|n12|d72|i6,512,53,0.004684930606321901
v2_spectrum,SU2-HaarU4-brickwork|n12|d72|i6|dir=gaussian|basis=Z|eta=0,SU2-HaarU4-brickwork|n12|d72|i6,512,54,0.004590486316708283
v2_spectrum,SU2-HaarU4-brickwork|n12|d72|i6|dir=gaussian|basis=Z|eta=0,SU2-HaarU4-brickwork|n12|d72|i6,512,55,0.004565239388915649
v2_spectrum,SU2-HaarU4-brickwork|n12|d72|i6|dir=gaussian|basis=Z|eta=0,SU2-HaarU4-brickwork|n12|d72|i6,512,56,0.004474610547040827
v2_spectrum,SU2-HaarU4-brickwork|n12|d72|i6|dir=gaussian|basis=Z|eta=0,SU2-HaarU4-brickwork|n12|d72|i6,512,57,0.004446430627939517
v2_spectrum,SU2-HaarU4-brickwork|n12|d72|i6|dir=gaussian|basis=Z|eta=0,SU2-HaarU4-brickwork|n12|d72|i6,512,58,0.004415189891956216
v2_spectrum,SU2-HaarU4-brickwork|n12|d72|i6|dir=gaussian|basis=Z|eta=0,SU2-HaarU4-brickwork|n12|d72|i6,512,59,0.004387464403819288
v2_spectrum,SU2-HaarU4-brickwork|n12|d72|i6|dir=gaussian|basis=Z|eta=0,SU2-HaarU4-brickwork|n12|d72|i6,512,60,0.004335863982856491
v2_spectrum,SU2-HaarU4-brickwork|n12|d72|i6|dir=gaussian|basis=Z|eta=0,SU2-HaarU4-brickwork|n12|d72|i6,512,61,0.004325198683993842
v2_spectrum,SU2-HaarU4-brickwork|n12|d72|i6|dir=gaussian|basis=Z|eta=0,SU2-HaarU4-brickwork|n12|d72|i6,512,62,0.004315930108763098
v2_spectrum,SU2-HaarU4-brickwork|n12|d72|i6|dir=gaussian|basis=Z|eta=0,SU2-HaarU4-brickwork|n12|d72|i6,512,63,0.004274375150264678
v2_spectrum,SU2-HaarU4-brickwork|n12|d72|i6|dir=gaussian|basis=Z|eta=0,SU2-HaarU4-brickwork|n12|d72|i6,512,64,0.004238901158680964
v2_spectrum,SU2-HaarU4-brickwork|n12|d72|i6|dir=gaussian|basis=Z|eta=0,SU2-HaarU4-brickwork|n12|d72|i6,512,65,0.004215602805691158
v2_spectrum,SU2-HaarU4-brickwork|n12|d72|i6|dir=gaussian|basis=Z|eta=0,SU2-HaarU4-brickwork|n12|d72|i6,512,66,0.004182927841800042
v2_spectrum,SU2-HaarU4-brickwork|n12|d72|i6|dir=gaussian|basis=Z|eta=0,SU2-HaarU4-brickwork|n12|d72|i6,512,67,0.004165044780180087
v2_spectrum,SU2-HaarU4-brickwork|n12|d72|i6|dir=gaussian|basis=Z|eta=0,SU2-HaarU4-brickwork|n12|d72|i6,512,68,0.004138704093955843
v2_spectrum,SU2-HaarU4-brickwork|n12|d72|i6|dir=gaussian|basis=Z|eta=0,SU2-HaarU4-brickwork|n12|d72|i6,512,69,0.004099234267976487
v2_spectrum,SU2-HaarU4-brickwork|n12|d72|i6|dir=gaussian|basis=Z|eta=0,SU2-HaarU4-brickwork|n12|d72|i6,512,70,0.004072328420160294
v2_spectrum,SU2-HaarU4-brickwork|n12|d72|i6|dir=gaussian|basis=Z|eta=0,SU2-HaarU4-brickwork|n12|d72|i6,512,71,0.004045814203666396
v2_spectrum,SU2-HaarU4-brickwork|n12|d72|i6|dir=gaussian|basis=Z|eta=0,SU2-HaarU4-brickwork|n12|d72|i6,512,72,0.004023858105723313
v2_spectrum,SU2-HaarU4-brickwork|n12|d72|i6|dir=gaussian|basis=Z|eta=0,SU2-HaarU4-brickwork|n12|d72|i6,512,73,0.003965904364780092
v2_spectrum,SU2-HaarU4-brickwork|n12|d72|i6|dir=gaussian|basis=Z|eta=0,SU2-HaarU4-brickwork|n12|d72|i6,512,74,0.003958276108929775
v2_spectrum,SU2-HaarU4-brickwork|n12|d72|i6|dir=gaussian|basis=Z|eta=0,SU2-HaarU4-brickwork|n12|d72|i6,512,75,0.003943081990642881
v2_spectrum,SU2-HaarU4-brickwork|n12|d72|i6|dir=gaussian|basis=Z|eta=0,SU2-HaarU4-brickwork|n12|d72|i6,512,76,0.0039238727567372815
v2_spectrum,SU2-HaarU4-brickwork|n12|d72|i6|dir=gaussian|basis=Z|eta=0,SU2-HaarU4-brickwork|n12|d72|i6,512,77,0.003890306841174485
v2_spectrum,SU2-HaarU4-brickwork|n12|d72|i6|dir=gaussian|basis=Z|eta=0,SU2-HaarU4-brickwork|n12|d72|i6,512,78,0.003876026771496008
v2_spectrum,SU2-HaarU4-brickwork|n12|d72|i6|dir=gaussian|basis=Z|eta=0,SU2-HaarU4-brickwork|n12|d72|i6,512,79,0.003794086915643679
v2_spectrum,SU2-HaarU4-brickwork|n12|d72|i6|dir=gaussian|basis=Z|eta=0,SU2-HaarU4-brickwork|n12|d72|i6,512,80,0.003769250959763906
v2_spectrum,SU2-HaarU4-brickwork|n12|d72|i6|dir=gaussian|basis=Z|eta=0,SU2-HaarU4-brickwork|n12|d72|i6,512,81,0.0037471172621241144
v2_spectrum,SU2-HaarU4-brickwork|n12|d72|i6|dir=gaussian|basis=Z|eta=0,SU2-HaarU4-brickwork|n12|d72|i6,512,82,0.003722539011009541
v2_spectrum,SU2-HaarU4-brickwork|n12|d72|i6|dir=gaussian|basis=Z|eta=0,SU2-HaarU4-brickwork|n12|d72|i6,512,83,0.0037098520689573386
v2_spectrum,SU2-HaarU4-brickwork|n12|d72|i6|dir=gaussian|basis=Z|eta=0,SU2-HaarU4-brickwork|n12|d72|i6,512,84,0.0036950228617737132
v2_spectrum,SU2-HaarU4-brickwork|n12|d72|i6|dir=gaussian|basis=Z|eta=0,SU2-HaarU4-brickwork|n12|d72|i6,512,85,0.0036702696730393715
v2_spectrum,SU2-HaarU4-brickwork|n12|d72|i6|dir=gaussian|basis=Z|eta=0,SU2-HaarU4-brickwork|n12|d72|i6,512,86,0.0036576117423606806
v2_spectrum,SU2-HaarU4-brickwork|n12|d72|i6|dir=gaussian|basis=Z|eta=0,SU2-HaarU4-brickwork|n12|d72|i6,512,87,0.0036132363817678254
v2_spectrum,SU2-HaarU4-brickwork|n12|d72|i6|dir=gaussian|basis=Z|eta=0,SU2-HaarU4-brickwork|n12|d72|i6,512,88,0.003574026154971053
v2_spectrum,SU2-HaarU4-brickwork|n12|d72|i6|dir=gaussian|basis=Z|eta=0,SU2-HaarU4-brickwork|n12|d72|i6,512,89,0.00355746245346873
v2_spectrum,SU2-HaarU4-brickwork|n12|d72|i6|dir=gaussian|basis=Z|eta=0,SU2-HaarU4-brickwork|n12|d72|i6,512,90,0.0035402124469785666
v2_spectrum,SU2-HaarU4-brickwork|n12|d72|i6|dir=gaussian|basis=Z|eta=0,SU2-HaarU4-brickwork|n12|d72|i6,512,91,0.003533028970876039
v2_spectrum,SU2-HaarU4-brickwork|n12|d72|i6|dir=gaussian|basis=Z|eta=0,SU2-HaarU4-brickwork|n12|d72|i6,512,92,0.0035189263772879746
v2_spectrum,SU2-HaarU4-brickwork|n12|d72|i6|dir=gaussian|basis=Z|eta=0,SU2-HaarU4-brickwork|n12|d72|i6,512,93,0.003494173452394286
v2_spectrum,SU2-HaarU4-brickwork|n12|d72|i6|dir=gaussian|basis=Z|eta=0,SU2-HaarU4-brickwork|n12|d72|i6,512,94,0.0034639907886504537
v2_spectrum,SU2-HaarU4-brickwork|n12|d72|i6|dir=gaussian|basis=Z|eta=0,SU2-HaarU4-brickwork|n12|d72|i6,512,95,0.0034429558741364925
v2_spectrum,SU2-HaarU4-brickwork|n12|d72|i6|dir=gaussian|basis=Z|eta=0,SU2-HaarU4-brickwork|n12|d72|i6,512,96,0.00342322505187031
v2_spectrum,SU2-HaarU4-brickwork|n12|d72|i6|dir=gaussian|basis=Z|eta=0,SU2-HaarU4-brickwork|n12|d72|i6,512,97,0.0033938534478006465
v2_spectrum,SU2-HaarU4-brickwork|n12|d72|i6|dir=gaussian|basis=Z|eta=0,SU2-HaarU4-brickwork|n12|d72|i6,512,98,0.0033643786403228905
v2_spectrum,SU2-HaarU4-brickwork|n12|d72|i6|dir=gaussian|basis=Z|eta=0,SU2-HaarU4-brickwork|n12|d72|i6,512,99,0.003357918278234012
v2_spectrum,SU2-HaarU4-brickwork|n12|d72|i6|dir=gaussian|basis=Z|eta=0,SU2-HaarU4-brickwork|n12|d72|i6,512,100,0.0033260317729342007
v2_spectrum,SU2-HaarU4-brickwork|n12|d72|i6|dir=gaussian|basis=Z|eta=0,SU2-HaarU4-brickwork|n12|d72|i6,512,101,0.0033023725514849844
v2_spectrum,SU2-HaarU4-brickwork|n12|d72|i6|dir=gaussian|basis=Z|eta=0,SU2-HaarU4-brickwork|n12|d72|i6,512,102,0.003278960721928694
v2_spectrum,SU2-HaarU4-brickwork|n12|d72|i6|dir=gaussian|basis=Z|eta=0,SU2-HaarU4-brickwork|n12|d72|i6,512,103,0.0032411165878125587
v2_spectrum,SU2-HaarU4-brickwork|n12|d72|i6|dir=gaussian|basis=Z|eta=0,SU2-HaarU4-brickwork|n12|d72|i6,512,104,0.003228216319718451
v2_spectrum,SU2-HaarU4-brickwork|n12|d72|i6|dir=gaussian|basis=Z|eta=0,SU2-HaarU4-brickwork|n12|d72|i6,512,105,0.003198370938981078
v2_spectrum,SU2-HaarU4-brickwork|n12|d72|i6|dir=gaussian|basis=Z|eta=0,SU2-HaarU4-brickwork|n12|d72|i6,512,106,0.0031901841206405145
v2_spectrum,SU2-HaarU4-brickwork|n12|d72|i6|dir=gaussian|basis=Z|eta=0,SU2-HaarU4-brickwork|n12|d72|i6,512,107,0.0031701438302727523
v2_spectrum,SU2-HaarU4-brickwork|n12|d72|i6|dir=gaussian|basis=Z|eta=0,SU2-HaarU4-brickwork|n12|d72|i6,512,108,0.0031435872288246135
v2_spectrum,SU2-HaarU4-brickwork|n12|d72|i6|dir=gaussian|basis=Z|eta=0,SU2-HaarU4-brickwork|n12|d72|i6,512,109,0.0031341264653698673
v2_spectrum,SU2-HaarU4-brickwork|n12|d72|i6|dir=gaussian|basis=Z|eta=0,SU2-HaarU4-brickwork|n12|d72|i6,512,110,0.0031185834729618995
v2_spectrum,SU2-HaarU4-brickwork|n12|d72|i6|dir=gaussian|basis=Z|eta=0,SU2-HaarU4-brickwork|n12|d72|i6,512,111,0.003097619911553815
v2_spectrum,SU2-HaarU4-brickwork|n12|d72|i6|dir=gaussian|basis=Z|eta=0,SU2-HaarU4-brickwork|n12|d72|i6,512,112,0.0030834159138380156
v2_spectrum,SU2-HaarU4-brickwork|n12|d72|i6|dir=gaussian|basis=Z|eta=0,SU2-HaarU4-brickwork|n12|d72|i6,512,113,0.003067648784658383
v2_spectrum,SU2-HaarU4-brickwork|n12|d72|i6|dir=gaussian|basis=Z|eta=0,SU2-HaarU4-brickwork|n12|d72|i6,512,114,0.003032051472543045
v2_spectrum,SU2-HaarU4-brickwork|n12|d72|i6|dir=gaussian|basis=Z|eta=0,SU2-HaarU4-brickwork|n12|d72|i6,512,115,0.003009877421252097
v2_spectrum,SU2-HaarU4-brickwork|n12|d72|i6|dir=gaussian|basis=Z|eta=0,SU2-HaarU4-brickwork|n12|d72|i6,512,116,0.0029940660541579625
v2_spectrum,SU2-HaarU4-brickwork|n12|d72|i6|dir=gaussian|basis=Z|eta=0,SU2-HaarU4-brickwork|n12|d72|i6,512,117,0.0029897020123073508
v2_spectrum,SU2-HaarU4-brickwork|n12|d72|i6|dir=gaussian|basis=Z|eta=0,SU2-HaarU4-brickwork|n12|d72|i6,512,118,0.0029509927488059902
v2_spectrum,SU2-HaarU4-brickwork|n12|d72|i6|dir=gaussian|basis=Z|eta=0,SU2-HaarU4-brickwork|n12|d72|i6,512,119,0.002936273344830199
v2_spectrum,SU2-HaarU4-brickwork|n12|d72|i6|dir=gaussian|basis=Z|eta=0,SU2-HaarU4-brickwork|n12|d72|i6,512,120,0.00291280180258682
v2_spectrum,SU2-HaarU4-brickwork|n12|d72|i6|dir=gaussian|basis=Z|eta=0,SU2-HaarU4-brickwork|n12|d72|i6,512,121,0.002888778130789707
v2_spectrum,SU2-HaarU4-brickwork|n12|d72|i6|dir=gaussian|basis=Z|eta=0,SU2-HaarU4-brickwork|n12|d72|i6,512,122,0.0028876269711757196
v2_spectrum,SU2-HaarU4-brickwork|n12|d72|i6|dir=gaussian|basis=Z|eta=0,SU2-HaarU4-brickwork|n12|d72|i6,512,123,0.0028739002074258443
v2_spectrum,SU2-HaarU4-brickwork|n12|d72|i6|dir=gaussian|basis=Z|eta=0,SU2-HaarU4-brickwork|n12|d72|i6,512,124,0.002850414348153863
v2_spectrum,SU2-HaarU4-brickwork|n12|d72|i6|dir=gaussian|basis=Z|eta=0,SU2-HaarU4-brickwork|n12|d72|i6,512,125,0.0028317108945532616
v2_spectrum,SU2-HaarU4-brickwork|n12|d72|i6|dir=gaussian|basis=Z|eta=0,SU2-HaarU4-brickwork|n12|d72|i6,512,126,0.0028151189914747787
v2_spectrum,SU2-HaarU4-brickwork|n12|d72|i6|dir=gaussian|basis=Z|eta=0,SU2-HaarU4-brickwork|n12|d72|i6,512,127,0.0028047952119404675
v2_spectrum,SU2-HaarU4-brickwork|n12|d72|i6|dir=gaussian|basis=Z|eta=0,SU2-HaarU4-brickwork|n12|d72|i6,512,128,0.002786855051100032
v2_spectrum,SU2-HaarU4-brickwork|n12|d72|i6|dir=gaussian|basis=Z|eta=0,SU2-HaarU4-brickwork|n12|d72|i6,512,129,0.002772417106306333
v2_spectrum,SU2-HaarU4-brickwork|n12|d72|i6|dir=gaussian|basis=Z|eta=0,SU2-HaarU4-brickwork|n12|d72|i6,512,130,0.002751117653827313
v2_spectrum,SU2-HaarU4-brickwork|n12|d72|i6|dir=gaussian|basis=Z|eta=0,SU2-HaarU4-brickwork|n12|d72|i6,512,131,0.002733527022984304
v2_spectrum,SU2-HaarU4-brickwork|n12|d72|i6|dir=gaussian|basis=Z|eta=0,SU2-HaarU4-brickwork|n12|d72|i6,512,132,0.002729673471158775
v2_spectrum,SU2-HaarU4-brickwork|n12|d72|i6|dir=gaussian|basis=Z|eta=0,SU2-HaarU4-brickwork|n12|d72|i6,512,133,0.0026904781124638356
v2_spectrum,SU2-HaarU4-brickwork|n12|d72|i6|dir=gaussian|basis=Z|eta=0,SU2-HaarU4-brickwork|n12|d72|i6,512,134,0.002661886247774104
v2_spectrum,SU2-HaarU4-brickwork|n12|d72|i6|dir=gaussian|basis=Z|eta=0,SU2-HaarU4-brickwork|n12|d72|i6,512,135,0.0026483283115990046
v2_spectrum,SU2-HaarU4-brickwork|n12|d72|i6|dir=gaussian|basis=Z|eta=0,SU2-HaarU4-brickwork|n12|d72|i6,512,136,0.002642348207332424
v2_spectrum,SU2-HaarU4-brickwork|n12|d72|i6|dir=gaussian|basis=Z|eta=0,SU2-HaarU4-brickwork|n12|d72|i6,512,137,0.0026152807089466004
v2_spectrum,SU2-HaarU4-brickwork|n12|d72|i6|dir=gaussian|basis=Z|eta=0,SU2-HaarU4-brickwork|n12|d72|i6,512,138,0.002612140353983341
v2_spectrum,SU2-HaarU4-brickwork|n12|d72|i6|dir=gaussian|basis=Z|eta=0,SU2-HaarU4-brickwork|n12|d72|i6,512,139,0.002594464592897891
v2_spectrum,SU2-HaarU4-brickwork|n12|d72|i6|dir=gaussian|basis=Z|eta=0,SU2-HaarU4-brickwork|n12|d72|i6,512,140,0.0025724470422270533
v2_spectrum,SU2-HaarU4-brickwork|n12|d72|i6|dir=gaussian|basis=Z|eta=0,SU2-HaarU4-brickwork|n12|d72|i6,512,141,0.002560686432154714
v2_spectrum,SU2-HaarU4-brickwork|n12|d72|i6|dir=gaussian|basis=Z|eta=0,SU2-HaarU4-brickwork|n12|d72|i6,512,142,0.002557179467823556
v2_spectrum,SU2-HaarU4-brickwork|n12|d72|i6|dir=gaussian|basis=Z|eta=0,SU2-HaarU4-brickwork|n12|d72|i6,512,143,0.002529478364896002
v2_spectrum,SU2-HaarU4-brickwork|n12|d72|i6|dir=gaussian|basis=Z|eta=0,SU2-HaarU4-brickwork|n12|d72|i6,512,144,0.002518887498646648
v2_spectrum,SU2-HaarU4-brickwork|n12|d72|i6|dir=gaussian|basis=Z|eta=0,SU2-HaarU4-brickwork|n12|d72|i6,512,145,0.0025033586927838917
v2_spectrum,SU2-HaarU4-brickwork|n12|d72|i6|dir=gaussian|basis=Z|eta=0,SU2-HaarU4-brickwork|n12|d72|i6,512,146,0.0024848744491106417
v2_spectrum,SU2-HaarU4-brickwork|n12|d72|i6|dir=gaussian|basis=Z|eta=0,SU2-HaarU4-brickwork|n12|d72|i6,512,147,0.002470784514314018
v2_spectrum,SU2-HaarU4-brickwork|n12|d72|i6|dir=gaussian|basis=Z|eta=0,SU2-HaarU4-brickwork|n12|d72|i6,512,148,0.002439710964389401
v2_spectrum,SU2-HaarU4-brickwork|n12|d72|i6|dir=gaussian|basis=Z|eta=0,SU2-HaarU4-brickwork|n12|d72|i6,512,149,0.002416468883905412
v2_spectrum,SU2-HaarU4-brickwork|n12|d72|i6|dir=gaussian|basis=Z|eta=0,SU2-HaarU4-brickwork|n12|d72|i6,512,150,0.0024125279952692275
v2_spectrum,SU2-HaarU4-brickwork|n12|d72|i6|dir=gaussian|basis=Z|eta=0,SU2-HaarU4-brickwork|n12|d72|i6,512,151,0.0023981380412701277
v2_spectrum,SU2-HaarU4-brickwork|n12|d72|i6|dir=gaussian|basis=Z|eta=0,SU2-HaarU4-brickwork|n12|d72|i6,512,152,0.002386908662095508
v2_spectrum,SU2-HaarU4-brickwork|n12|d72|i6|dir=gaussian|basis=Z|eta=0,SU2-HaarU4-brickwork|n12|d72|i6,512,153,0.0023699944021945514
v2_spectrum,SU2-HaarU4-brickwork|n12|d72|i6|dir=gaussian|basis=Z|eta=0,SU2-HaarU4-brickwork|n12|d72|i6,512,154,0.0023580842936658524
v2_spectrum,SU2-HaarU4-brickwork|n12|d72|i6|dir=gaussian|basis=Z|eta=0,SU2-HaarU4-brickwork|n12|d72|i6,512,155,0.0023370708444735927
v2_spectrum,SU2-HaarU4-brickwork|n12|d72|i6|dir=gaussian|basis=Z|eta=0,SU2-HaarU4-brickwork|n12|d72|i6,512,156,0.002331516616613175
v2_spectrum,SU2-HaarU4-brickwork|n12|d72|i6|dir=gaussian|basis=Z|eta=0,SU2-HaarU4-brickwork|n12|d72|i6,512,157,0.0023148493795370796
v2_spectrum,SU2-HaarU4-brickwork|n12|d72|i6|dir=gaussian|basis=Z|eta=0,SU2-HaarU4-brickwork|n12|d72|i6,512,158,0.002302791892982251
v2_spectrum,SU2-HaarU4-brickwork|n12|d72|i6|dir=gaussian|basis=Z|eta=0,SU2-HaarU4-brickwork|n12|d72|i6,512,159,0.002288024622275525
v2_spectrum,SU2-HaarU4-brickwork|n12|d72|i6|dir=gaussian|basis=Z|eta=0,SU2-HaarU4-brickwork|n12|d72|i6,512,160,0.0022771250462690503
v2_spectrum,SU2-HaarU4-brickwork|n12|d72|i6|dir=gaussian|basis=Z|eta=0,SU2-HaarU4-brickwork|n12|d72|i6,512,161,0.0022718712119850627
v2_spectrum,SU2-HaarU4-brickwork|n12|d72|i6|dir=gaussian|basis=Z|eta=0,SU2-HaarU4-brickwork|n12|d72|i6,512,162,0.0022578008028805393
v2_spectrum,SU2-HaarU4-brickwork|n12|d72|i6|dir=gaussian|basis=Z|eta=0,SU2-HaarU4-brickwork|n12|d72|i6,512,163,0.0022317072297633606
v2_spectrum,SU2-HaarU4-brickwork|n12|d72|i6|dir=gaussian|basis=Z|eta=0,SU2-HaarU4-brickwork|n12|d72|i6,512,164,0.0022238892823496317
v2_spectrum,SU2-HaarU4-brickwork|n12|d72|i6|dir=gaussian|basis=Z|eta=0,SU2-HaarU4-brickwork|n12|d72|i6,512,165,0.002210961875671804
v2_spectrum,SU2-HaarU4-brickwork|n12|d72|i6|dir=gaussian|basis=Z|eta=0,SU2-HaarU4-brickwork|n12|d72|i6,512,166,0.0021989369222137254
v2_spectrum,SU2-HaarU4-brickwork|n12|d72|i6|dir=gaussian|basis=Z|eta=0,SU2-HaarU4-brickwork|n12|d72|i6,512,167,0.0021852898839084907
v2_spectrum,SU2-HaarU4-brickwork|n12|d72|i6|dir=gaussian|basis=Z|eta=0,SU2-HaarU4-brickwork|n12|d72|i6,512,168,0.002174060261318586
v2_spectrum,SU2-HaarU4-brickwork|n12|d72|i6|dir=gaussian|basis=Z|eta=0,SU2-HaarU4-brickwork|n12|d72|i6,512,169,0.002155284537832813
v2_spectrum,SU2-HaarU4-brickwork|n12|d72|i6|dir=gaussian|basis=Z|eta=0,SU2-HaarU4-brickwork|n12|d72|i6,512,170,0.0021359166997449762
v2_spectrum,SU2-HaarU4-brickwork|n12|d72|i6|dir=gaussian|basis=Z|eta=0,SU2-HaarU4-brickwork|n12|d72|i6,512,171,0.0021297147982429626
v2_spectrum,SU2-HaarU4-brickwork|n12|d72|i6|dir=gaussian|basis=Z|eta=0,SU2-HaarU4-brickwork|n12|d72|i6,512,172,0.0021264442873359427
v2_spectrum,SU2-HaarU4-brickwork|n12|d72|i6|dir=gaussian|basis=Z|eta=0,SU2-HaarU4-brickwork|n12|d72|i6,512,173,0.0020966118229815874
v2_spectrum,SU2-HaarU4-brickwork|n12|d72|i6|dir=gaussian|basis=Z|eta=0,SU2-HaarU4-brickwork|n12|d72|i6,512,174,0.0020947216640842324
v2_spectrum,SU2-HaarU4-brickwork|n12|d72|i6|dir=gaussian|basis=Z|eta=0,SU2-HaarU4-brickwork|n12|d72|i6,512,175,0.002080445242221258
v2_spectrum,SU2-HaarU4-brickwork|n12|d72|i6|dir=gaussian|basis=Z|eta=0,SU2-HaarU4-brickwork|n12|d72|i6,512,176,0.0020745933339166266
v2_spectrum,SU2-HaarU4-brickwork|n12|d72|i6|dir=gaussian|basis=Z|eta=0,SU2-HaarU4-brickwork|n12|d72|i6,512,177,0.0020541911279990228
v2_spectrum,SU2-HaarU4-brickwork|n12|d72|i6|dir=gaussian|basis=Z|eta=0,SU2-HaarU4-brickwork|n12|d72|i6,512,178,0.002036802454661247
v2_spectrum,SU2-HaarU4-brickwork|n12|d72|i6|dir=gaussian|basis=Z|eta=0,SU2-HaarU4-brickwork|n12|d72|i6,512,179,0.0020266589336412656
v2_spectrum,SU2-HaarU4-brickwork|n12|d72|i6|dir=gaussian|basis=Z|eta=0,SU2-HaarU4-brickwork|n12|d72|i6,512,180,0.0020119655038112667
v2_spectrum,SU2-HaarU4-brickwork|n12|d72|i6|dir=gaussian|basis=Z|eta=0,SU2-HaarU4-brickwork|n12|d72|i6,512,181,0.0020045702796396706
v2_spectrum,SU2-HaarU4-brickwork|n12|d72|i6|dir=gaussian|basis=Z|eta=0,SU2-HaarU4-brickwork|n12|d72|i6,512,182,0.0019933293667365524
v2_spectrum,SU2-HaarU4-brickwork|n12|d72|i6|dir=gaussian|basis=Z|eta=0,SU2-HaarU4-brickwork|n12|d72|i6,512,183,0.0019789243214166485
v2_spectrum,SU2-HaarU4-brickwork|n12|d72|i6|dir=gaussian|basis=Z|eta=0,SU2-HaarU4-brickwork|n12|d72|i6,512,184,0.0019690632775707225
v2_spectrum,SU2-HaarU4-brickwork|n12|d72|i6|dir=gaussian|basis=Z|eta=0,SU2-HaarU4-brickwork|n12|d72|i6,512,185,0.0019625786091555545
v2_spectrum,SU2-HaarU4-brickwork|n12|d72|i6|dir=gaussian|basis=Z|eta=0,SU2-HaarU4-brickwork|n12|d72|i6,512,186,0.0019494103617944648
v2_spectrum,SU2-HaarU4-brickwork|n12|d72|i6|dir=gaussian|basis=Z|eta=0,SU2-HaarU4-brickwork|n12|d72|i6,512,187,0.0019396473721825596
v2_spectrum,SU2-HaarU4-brickwork|n12|d72|i6|dir=gaussian|basis=Z|eta=0,SU2-HaarU4-brickwork|n12|d72|i6,512,188,0.0019349496916987634
v2_spectrum,SU2-HaarU4-brickwork|n12|d72|i6|dir=gaussian|basis=Z|eta=0,SU2-HaarU4-brickwork|n12|d72|i6,512,189,0.0019176096891476012
v2_spectrum,SU2-HaarU4-brickwork|n12|d72|i6|dir=gaussian|basis=Z|eta=0,SU2-HaarU4-brickwork|n12|d72|i6,512,190,0.0019057927348922878
v2_spectrum,SU2-HaarU4-brickwork|n12|d72|i6|dir=gaussian|basis=Z|eta=0,SU2-HaarU4-brickwork|n12|d72|i6,512,191,0.0018926058165697952
v2_spectrum,SU2-HaarU4-brickwork|n12|d72|i6|dir=gaussian|basis=Z|eta=0,SU2-HaarU4-brickwork|n12|d72|i6,512,192,0.0018802924921903718
v2_spectrum,SU2-HaarU4-brickwork|n12|d72|i6|dir=gaussian|basis=Z|eta=0,SU2-HaarU4-brickwork|n12|d72|i6,512,193,0.0018664384554443482
v2_spectrum,SU2-HaarU4-brickwork|n12|d72|i6|dir=gaussian|basis=Z|eta=0,SU2-HaarU4-brickwork|n12|d72|i6,512,194,0.0018608243680263876
v2_spectrum,SU2-HaarU4-brickwork|n12|d72|i6|dir=gaussian|basis=Z|eta=0,SU2-HaarU4-brickwork|n12|d72|i6,512,195,0.0018520832876319083
v2_spectrum,SU2-HaarU4-brickwork|n12|d72|i6|dir=gaussian|basis=Z|eta=0,SU2-HaarU4-brickwork|n12|d72|i6,512,196,0.0018330509414578567
v2_spectrum,SU2-HaarU4-brickwork|n12|d72|i6|dir=gaussian|basis=Z|eta=0,SU2-HaarU4-brickwork|n12|d72|i6,512,197,0.0018206498194401402
v2_spectrum,SU2-HaarU4-brickwork|n12|d72|i6|dir=gaussian|basis=Z|eta=0,SU2-HaarU4-brickwork|n12|d72|i6,512,198,0.001815433392626573
v2_spectrum,SU2-HaarU4-brickwork|n12|d72|i6|dir=gaussian|basis=Z|eta=0,SU2-HaarU4-brickwork|n12|d72|i6,512,199,0.0018031770416742582
v2_spectrum,SU2-HaarU4-brickwork|n12|d72|i6|dir=gaussian|basis=Z|eta=0,SU2-HaarU4-brickwork|n12|d72|i6,512,200,0.0017976163404252322
v2_spectrum,SU2-HaarU4-brickwork|n12|d72|i6|dir=gaussian|basis=Z|eta=0,SU2-HaarU4-brickwork|n12|d72|i6,512,201,0.0017876523863570547
v2_spectrum,SU2-HaarU4-brickwork|n12|d72|i6|dir=gaussian|basis=Z|eta=0,SU2-HaarU4-brickwork|n12|d72|i6,512,202,0.0017750032388335391
v2_spectrum,SU2-HaarU4-brickwork|n12|d72|i6|dir=gaussian|basis=Z|eta=0,SU2-HaarU4-brickwork|n12|d72|i6,512,203,0.0017682035878290123
v2_spectrum,SU2-HaarU4-brickwork|n12|d72|i6|dir=gaussian|basis=Z|eta=0,SU2-HaarU4-brickwork|n12|d72|i6,512,204,0.0017588243038745806
v2_spectrum,SU2-HaarU4-brickwork|n12|d72|i6|dir=gaussian|basis=Z|eta=0,SU2-HaarU4-brickwork|n12|d72|i6,512,205,0.0017556197335879412
v2_spectrum,SU2-HaarU4-brickwork|n12|d72|i6|dir=gaussian|basis=Z|eta=0,SU2-HaarU4-brickwork|n12|d72|i6,512,206,0.001739369745734754
v2_spectrum,SU2-HaarU4-brickwork|n12|d72|i6|dir=gaussian|basis=Z|eta=0,SU2-HaarU4-brickwork|n12|d72|i6,512,207,0.0017324126897004222
v2_spectrum,SU2-HaarU4-brickwork|n12|d72|i6|dir=gaussian|basis=Z|eta=0,SU2-HaarU4-brickwork|n12|d72|i6,512,208,0.001704685809988252
v2_spectrum,SU2-HaarU4-brickwork|n12|d72|i6|dir=gaussian|basis=Z|eta=0,SU2-HaarU4-brickwork|n12|d72|i6,512,209,0.0016959462055402541
v2_spectrum,SU2-HaarU4-brickwork|n12|d72|i6|dir=gaussian|basis=Z|eta=0,SU2-HaarU4-brickwork|n12|d72|i6,512,210,0.00168975459021979
v2_spectrum,SU2-HaarU4-brickwork|n12|d72|i6|dir=gaussian|basis=Z|eta=0,SU2-HaarU4-brickwork|n12|d72|i6,512,211,0.001677310122429987
v2_spectrum,SU2-HaarU4-brickwork|n12|d72|i6|dir=gaussian|basis=Z|eta=0,SU2-HaarU4-brickwork|n12|d72|i6,512,212,0.0016716025847000613
v2_spectrum,SU2-HaarU4-brickwork|n12|d72|i6|dir=gaussian|basis=Z|eta=0,SU2-HaarU4-brickwork|n12|d72|i6,512,213,0.0016585846963916397
v2_spectrum,SU2-HaarU4-brickwork|n12|d72|i6|dir=gaussian|basis=Z|eta=0,SU2-HaarU4-brickwork|n12|d72|i6,512,214,0.001649553687386335
v2_spectrum,SU2-HaarU4-brickwork|n12|d72|i6|dir=gaussian|basis=Z|eta=0,SU2-HaarU4-brickwork|n12|d72|i6,512,215,0.0016453623454613937
v2_spectrum,SU2-HaarU4-brickwork|n12|d72|i6|dir=gaussian|basis=Z|eta=0,SU2-HaarU4-brickwork|n12|d72|i6,512,216,0.0016304978484894873
v2_spectrum,SU2-HaarU4-brickwork|n12|d72|i6|dir=gaussian|basis=Z|eta=0,SU2-HaarU4-brickwork|n12|d72|i6,512,217,0.0016275937132955122
v2_spectrum,SU2-HaarU4-brickwork|n12|d72|i6|dir=gaussian|basis=Z|eta=0,SU2-HaarU4-brickwork|n12|d72|i6,512,218,0.0016145593297154262
v2_spectrum,SU2-HaarU4-brickwork|n12|d72|i6|dir=gaussian|basis=Z|eta=0,SU2-HaarU4-brickwork|n12|d72|i6,512,219,0.001608299150929362
v2_spectrum,SU2-HaarU4-brickwork|n12|d72|i6|dir=gaussian|basis=Z|eta=0,SU2-HaarU4-brickwork|n12|d72|i6,512,220,0.0016036348062265751
v2_spectrum,SU2-HaarU4-brickwork|n12|d72|i6|dir=gaussian|basis=Z|eta=0,SU2-HaarU4-brickwork|n12|d72|i6,512,221,0.0015941954221317942
v2_spectrum,SU2-HaarU4-brickwork|n12|d72|i6|dir=gaussian|basis=Z|eta=0,SU2-HaarU4-brickwork|n12|d72|i6,512,222,0.001583721597704994
v2_spectrum,SU2-HaarU4-brickwork|n12|d72|i6|dir=gaussian|basis=Z|eta=0,SU2-HaarU4-brickwork|n12|d72|i6,512,223,0.0015789217002613236
v2_spectrum,SU2-HaarU4-brickwork|n12|d72|i6|dir=gaussian|basis=Z|eta=0,SU2-HaarU4-brickwork|n12|d72|i6,512,224,0.001565410262288303
v2_spectrum,SU2-HaarU4-brickwork|n12|d72|i6|dir=gaussian|basis=Z|eta=0,SU2-HaarU4-brickwork|n12|d72|i6,512,225,0.0015619728380284643
v2_spectrum,SU2-HaarU4-brickwork|n12|d72|i6|dir=gaussian|basis=Z|eta=0,SU2-HaarU4-brickwork|n12|d72|i6,512,226,0.0015544233181911083
v2_spectrum,SU2-HaarU4-brickwork|n12|d72|i6|dir=gaussian|basis=Z|eta=0,SU2-HaarU4-brickwork|n12|d72|i6,512,227,0.0015467949961578656
v2_spectrum,SU2-HaarU4-brickwork|n12|d72|i6|dir=gaussian|basis=Z|eta=0,SU2-HaarU4-brickwork|n12|d72|i6,512,228,0.0015390487521108516
v2_spectrum,SU2-HaarU4-brickwork|n12|d72|i6|dir=gaussian|basis=Z|eta=0,SU2-HaarU4-brickwork|n12|d72|i6,512,229,0.001526378491605976
v2_spectrum,SU2-HaarU4-brickwork|n12|d72|i6|dir=gaussian|basis=Z|eta=0,SU2-HaarU4-brickwork|n12|d72|i6,512,230,0.0015157100385013518
v2_spectrum,SU2-HaarU4-brickwork|n12|d72|i6|dir=gaussian|basis=Z|eta=0,SU2-HaarU4-brickwork|n12|d72|i6,512,231,0.001502936010673739
v2_spectrum,SU2-HaarU4-brickwork|n12|d72|i6|dir=gaussian|basis=Z|eta=0,SU2-HaarU4-brickwork|n12|d72|i6,512,232,0.0014986708245238968
v2_spectrum,SU2-HaarU4-brickwork|n12|d72|i6|dir=gaussian|basis=Z|eta=0,SU2-HaarU4-brickwork|n12|d72|i6,512,233,0.0014927683980011036
v2_spectrum,SU2-HaarU4-brickwork|n12|d72|i6|dir=gaussian|basis=Z|eta=0,SU2-HaarU4-brickwork|n12|d72|i6,512,234,0.0014869255363624925
v2_spectrum,SU2-HaarU4-brickwork|n12|d72|i6|dir=gaussian|basis=Z|eta=0,SU2-HaarU4-brickwork|n12|d72|i6,512,235,0.00148416282117595
v2_spectrum,SU2-HaarU4-brickwork|n12|d72|i6|dir=gaussian|basis=Z|eta=0,SU2-HaarU4-brickwork|n12|d72|i6,512,236,0.0014740376643984894
v2_spectrum,SU2-HaarU4-brickwork|n12|d72|i6|dir=gaussian|basis=Z|eta=0,SU2-HaarU4-brickwork|n12|d72|i6,512,237,0.0014639944887701781
v2_spectrum,SU2-HaarU4-brickwork|n12|d72|i6|dir=gaussian|basis=Z|eta=0,SU2-HaarU4-brickwork|n12|d72|i6,512,238,0.0014559140566962976
v2_spectrum,SU2-HaarU4-brickwork|n12|d72|i6|dir=gaussian|basis=Z|eta=0,SU2-HaarU4-brickwork|n12|d72|i6,512,239,0.001451247867034767
v2_spectrum,SU2-HaarU4-brickwork|n12|d72|i6|dir=gaussian|basis=Z|eta=0,SU2-HaarU4-brickwork|n12|d72|i6,512,240,0.0014375285510425445
v2_spectrum,SU2-HaarU4-brickwork|n12|d72|i6|dir=gaussian|basis=Z|eta=0,SU2-HaarU4-brickwork|n12|d72|i6,512,241,0.0014316212624968393
v2_spectrum,SU2-HaarU4-brickwork|n12|d72|i6|dir=gaussian|basis=Z|eta=0,SU2-HaarU4-brickwork|n12|d72|i6,512,242,0.0014288077368738916
v2_spectrum,SU2-HaarU4-brickwork|n12|d72|i6|dir=gaussian|basis=Z|eta=0,SU2-HaarU4-brickwork|n12|d72|i6,512,243,0.0014189069390080267
v2_spectrum,SU2-HaarU4-brickwork|n12|d72|i6|dir=gaussian|basis=Z|eta=0,SU2-HaarU4-brickwork|n12|d72|i6,512,244,0.0014102885588410568
v2_spectrum,SU2-HaarU4-brickwork|n12|d72|i6|dir=gaussian|basis=Z|eta=0,SU2-HaarU4-brickwork|n12|d72|i6,512,245,0.0013981364107193985
v2_spectrum,SU2-HaarU4-brickwork|n12|d72|i6|dir=gaussian|basis=Z|eta=0,SU2-HaarU4-brickwork|n12|d72|i6,512,246,0.00139259937758459
v2_spectrum,SU2-HaarU4-brickwork|n12|d72|i6|dir=gaussian|basis=Z|eta=0,SU2-HaarU4-brickwork|n12|d72|i6,512,247,0.0013814286364916093
v2_spectrum,SU2-HaarU4-brickwork|n12|d72|i6|dir=gaussian|basis=Z|eta=0,SU2-HaarU4-brickwork|n12|d72|i6,512,248,0.0013746238125775447
v2_spectrum,SU2-HaarU4-brickwork|n12|d72|i6|dir=gaussian|basis=Z|eta=0,SU2-HaarU4-brickwork|n12|d72|i6,512,249,0.0013654328255537703
v2_spectrum,SU2-HaarU4-brickwork|n12|d72|i6|dir=gaussian|basis=Z|eta=0,SU2-HaarU4-brickwork|n12|d72|i6,512,250,0.001348271199899101
v2_spectrum,SU2-HaarU4-brickwork|n12|d72|i6|dir=gaussian|basis=Z|eta=0,SU2-HaarU4-brickwork|n12|d72|i6,512,251,0.001342008197701356
v2_spectrum,SU2-HaarU4-brickwork|n12|d72|i6|dir=gaussian|basis=Z|eta=0,SU2-HaarU4-brickwork|n12|d72|i6,512,252,0.0013352525827996769
v2_spectrum,SU2-HaarU4-brickwork|n12|d72|i6|dir=gaussian|basis=Z|eta=0,SU2-HaarU4-brickwork|n12|d72|i6,512,253,0.0013272531867625514
v2_spectrum,SU2-HaarU4-brickwork|n12|d72|i6|dir=gaussian|basis=Z|eta=0,SU2-HaarU4-brickwork|n12|d72|i6,512,254,0.0013237354635212565
v2_spectrum,SU2-HaarU4-brickwork|n12|d72|i6|dir=gaussian|basis=Z|eta=0,SU2-HaarU4-brickwork|n12|d72|i6,512,255,0.001317299773419546
v2_spectrum,SU2-HaarU4-brickwork|n12|d72|i6|dir=gaussian|basis=Z|eta=0,SU2-HaarU4-brickwork|n12|d72|i6,512,256,0.0013022625068704805
v2_spectrum,SU2-HaarU4-brickwork|n12|d72|i6|dir=gaussian|basis=Z|eta=0,SU2-HaarU4-brickwork|n12|d72|i6,512,257,0.001298438907766136
v2_spectrum,SU2-HaarU4-brickwork|n12|d72|i6|dir=gaussian|basis=Z|eta=0,SU2-HaarU4-brickwork|n12|d72|i6,512,258,0.0012936527159077885
v2_spectrum,SU2-HaarU4-brickwork|n12|d72|i6|dir=gaussian|basis=Z|eta=0,SU2-HaarU4-brickwork|n12|d72|i6,512,259,0.0012873269714457067
v2_spectrum,SU2-HaarU4-brickwork|n12|d72|i6|dir=gaussian|basis=Z|eta=0,SU2-HaarU4-brickwork|n12|d72|i6,512,260,0.001275901118108019
v2_spectrum,SU2-HaarU4-brickwork|n12|d72|i6|dir=gaussian|basis=Z|eta=0,SU2-HaarU4-brickwork|n12|d72|i6,512,261,0.0012723693239556912
v2_spectrum,SU2-HaarU4-brickwork|n12|d72|i6|dir=gaussian|basis=Z|eta=0,SU2-HaarU4-brickwork|n12|d72|i6,512,262,0.0012624084074283955
v2_spectrum,SU2-HaarU4-brickwork|n12|d72|i6|dir=gaussian|basis=Z|eta=0,SU2-HaarU4-brickwork|n12|d72|i6,512,263,0.0012562575588375442
v2_spectrum,SU2-HaarU4-brickwork|n12|d72|i6|dir=gaussian|basis=Z|eta=0,SU2-HaarU4-brickwork|n12|d72|i6,512,264,0.0012490376000444678
v2_spectrum,SU2-HaarU4-brickwork|n12|d72|i6|dir=gaussian|basis=Z|eta=0,SU2-HaarU4-brickwork|n12|d72|i6,512,265,0.0012446108937093881
v2_spectrum,SU2-HaarU4-brickwork|n12|d72|i6|dir=gaussian|basis=Z|eta=0,SU2-HaarU4-brickwork|n12|d72|i6,512,266,0.0012325704068783662
v2_spectrum,SU2-HaarU4-brickwork|n12|d72|i6|dir=gaussian|basis=Z|eta=0,SU2-HaarU4-brickwork|n12|d72|i6,512,267,0.0012258566645746572
v2_spectrum,SU2-HaarU4-brickwork|n12|d72|i6|dir=gaussian|basis=Z|eta=0,SU2-HaarU4-brickwork|n12|d72|i6,512,268,0.0012132499043853518
v2_spectrum,SU2-HaarU4-brickwork|n12|d72|i6|dir=gaussian|basis=Z|eta=0,SU2-HaarU4-brickwork|n12|d72|i6,512,269,0.0012030754047341059
v2_spectrum,SU2-HaarU4-brickwork|n12|d72|i6|dir=gaussian|basis=Z|eta=0,SU2-HaarU4-brickwork|n12|d72|i6,512,270,0.0011967027467207735
v2_spectrum,SU2-HaarU4-brickwork|n12|d72|i6|dir=gaussian|basis=Z|eta=0,SU2-HaarU4-brickwork|n12|d72|i6,512,271,0.0011955647511987019
v2_spectrum,SU2-HaarU4-brickwork|n12|d72|i6|dir=gaussian|basis=Z|eta=0,SU2-HaarU4-brickwork|n12|d72|i6,512,272,0.0011801855261114633
v2_spectrum,SU2-HaarU4-brickwork|n12|d72|i6|dir=gaussian|basis=Z|eta=0,SU2-HaarU4-brickwork|n12|d72|i6,512,273,0.001176207518964274
v2_spectrum,SU2-HaarU4-brickwork|n12|d72|i6|dir=gaussian|basis=Z|eta=0,SU2-HaarU4-brickwork|n12|d72|i6,512,274,0.0011717286937923859
v2_spectrum,SU2-HaarU4-brickwork|n12|d72|i6|dir=gaussian|basis=Z|eta=0,SU2-HaarU4-brickwork|n12|d72|i6,512,275,0.0011641374328232167
v2_spectrum,SU2-HaarU4-brickwork|n12|d72|i6|dir=gaussian|basis=Z|eta=0,SU2-HaarU4-brickwork|n12|d72|i6,512,276,0.001156781648568922
v2_spectrum,SU2-HaarU4-brickwork|n12|d72|i6|dir=gaussian|basis=Z|eta=0,SU2-HaarU4-brickwork|n12|d72|i6,512,277,0.001153354789862715
v2_spectrum,SU2-HaarU4-brickwork|n12|d72|i6|dir=gaussian|basis=Z|eta=0,SU2-HaarU4-brickwork|n12|d72|i6,512,278,0.0011474793036387696
v2_spectrum,SU2-HaarU4-brickwork|n12|d72|i6|dir=gaussian|basis=Z|eta=0,SU2-HaarU4-brickwork|n12|d72|i6,512,279,0.0011412600349740023
v2_spectrum,SU2-HaarU4-brickwork|n12|d72|i6|dir=gaussian|basis=Z|eta=0,SU2-HaarU4-brickwork|n12|d72|i6,512,280,0.0011310613651604419
v2_spectrum,SU2-HaarU4-brickwork|n12|d72|i6|dir=gaussian|basis=Z|eta=0,SU2-HaarU4-brickwork|n12|d72|i6,512,281,0.001123699011614248
v2_spectrum,SU2-HaarU4-brickwork|n12|d72|i6|dir=gaussian|basis=Z|eta=0,SU2-HaarU4-brickwork|n12|d72|i6,512,282,0.0011194097618465568
v2_spectrum,SU2-HaarU4-brickwork|n12|d72|i6|dir=gaussian|basis=Z|eta=0,SU2-HaarU4-brickwork|n12|d72|i6,512,283,0.0011132074962901582
v2_spectrum,SU2-HaarU4-brickwork|n12|d72|i6|dir=gaussian|basis=Z|eta=0,SU2-HaarU4-brickwork|n12|d72|i6,512,284,0.0011123227871435025
v2_spectrum,SU2-HaarU4-brickwork|n12|d72|i6|dir=gaussian|basis=Z|eta=0,SU2-HaarU4-brickwork|n12|d72|i6,512,285,0.0010997232072130789
v2_spectrum,SU2-HaarU4-brickwork|n12|d72|i6|dir=gaussian|basis=Z|eta=0,SU2-HaarU4-brickwork|n12|d72|i6,512,286,0.0010969758924219825
v2_spectrum,SU2-HaarU4-brickwork|n12|d72|i6|dir=gaussian|basis=Z|eta=0,SU2-HaarU4-brickwork|n12|d72|i6,512,287,0.0010942193653982754
v2_spectrum,SU2-HaarU4-brickwork|n12|d72|i6|dir=gaussian|basis=Z|eta=0,SU2-HaarU4-brickwork|n12|d72|i6,512,288,0.0010882370481286425
v2_spectrum,SU2-HaarU4-brickwork|n12|d72|i6|dir=gaussian|basis=Z|eta=0,SU2-HaarU4-brickwork|n12|d72|i6,512,289,0.0010774888430102752
v2_spectrum,SU2-HaarU4-brickwork|n12|d72|i6|dir=gaussian|basis=Z|eta=0,SU2-HaarU4-brickwork|n12|d72|i6,512,290,0.0010731934523302575
v2_spectrum,SU2-HaarU4-brickwork|n12|d72|i6|dir=gaussian|basis=Z|eta=0,SU2-HaarU4-brickwork|n12|d72|i6,512,291,0.0010609742886118153
v2_spectrum,SU2-HaarU4-brickwork|n12|d72|i6|dir=gaussian|basis=Z|eta=0,SU2-HaarU4-brickwork|n12|d72|i6,512,292,0.0010571820602897513
v2_spectrum,SU2-HaarU4-brickwork|n12|d72|i6|dir=gaussian|basis=Z|eta=0,SU2-HaarU4-brickwork|n12|d72|i6,512,293,0.0010527204697682964
v2_spectrum,SU2-HaarU4-brickwork|n12|d72|i6|dir=gaussian|basis=Z|eta=0,SU2-HaarU4-brickwork|n12|d72|i6,512,294,0.0010477998942094945
v2_spectrum,SU2-HaarU4-brickwork|n12|d72|i6|dir=gaussian|basis=Z|eta=0,SU2-HaarU4-brickwork|n12|d72|i6,512,295,0.0010396021141251372
v2_spectrum,SU2-HaarU4-brickwork|n12|d72|i6|dir=gaussian|basis=Z|eta=0,SU2-HaarU4-brickwork|n12|d72|i6,512,296,0.0010371264687876669
v2_spectrum,SU2-HaarU4-brickwork|n12|d72|i6|dir=gaussian|basis=Z|eta=0,SU2-HaarU4-brickwork|n12|d72|i6,512,297,0.001023726448022848
v2_spectrum,SU2-HaarU4-brickwork|n12|d72|i6|dir=gaussian|basis=Z|eta=0,SU2-HaarU4-brickwork|n12|d72|i6,512,298,0.0010186554409644377
v2_spectrum,SU2-HaarU4-brickwork|n12|d72|i6|dir=gaussian|basis=Z|eta=0,SU2-HaarU4-brickwork|n12|d72|i6,512,299,0.0010136649698270846
v2_spectrum,SU2-HaarU4-brickwork|n12|d72|i6|dir=gaussian|basis=Z|eta=0,SU2-HaarU4-brickwork|n12|d72|i6,512,300,0.0010099272629178345
v2_spectrum,SU2-HaarU4-brickwork|n12|d72|i6|dir=gaussian|basis=Z|eta=0,SU2-HaarU4-brickwork|n12|d72|i6,512,301,0.0010069488727877513
v2_spectrum,SU2-HaarU4-brickwork|n12|d72|i6|dir=gaussian|basis=Z|eta=0,SU2-HaarU4-brickwork|n12|d72|i6,512,302,0.0010013104490085721
v2_spectrum,SU2-HaarU4-brickwork|n12|d72|i6|dir=gaussian|basis=Z|eta=0,SU2-HaarU4-brickwork|n12|d72|i6,512,303,0.0009950990736672589
v2_spectrum,SU2-HaarU4-brickwork|n12|d72|i6|dir=gaussian|basis=Z|eta=0,SU2-HaarU4-brickwork|n12|d72|i6,512,304,0.0009870357325447582
v2_spectrum,SU2-HaarU4-brickwork|n12|d72|i6|dir=gaussian|basis=Z|eta=0,SU2-HaarU4-brickwork|n12|d72|i6,512,305,0.0009850626287754162
v2_spectrum,SU2-HaarU4-brickwork|n12|d72|i6|dir=gaussian|basis=Z|eta=0,SU2-HaarU4-brickwork|n12|d72|i6,512,306,0.000973423208532725
v2_spectrum,SU2-HaarU4-brickwork|n12|d72|i6|dir=gaussian|basis=Z|eta=0,SU2-HaarU4-brickwork|n12|d72|i6,512,307,0.0009708041608652495
v2_spectrum,SU2-HaarU4-brickwork|n12|d72|i6|dir=gaussian|basis=Z|eta=0,SU2-HaarU4-brickwork|n12|d72|i6,512,308,0.0009570440820673194
v2_spectrum,SU2-HaarU4-brickwork|n12|d72|i6|dir=gaussian|basis=Z|eta=0,SU2-HaarU4-brickwork|n12|d72|i6,512,309,0.0009535704242546263
v2_spectrum,SU2-HaarU4-brickwork|n12|d72|i6|dir=gaussian|basis=Z|eta=0,SU2-HaarU4-brickwork|n12|d72|i6,512,310,0.0009479491867706856
v2_spectrum,SU2-HaarU4-brickwork|n12|d72|i6|dir=gaussian|basis=Z|eta=0,SU2-HaarU4-brickwork|n12|d72|i6,512,311,0.000943102833634121
v2_spectrum,SU2-HaarU4-brickwork|n12|d72|i6|dir=gaussian|basis=Z|eta=0,SU2-HaarU4-brickwork|n12|d72|i6,512,312,0.0009380711208397194
v2_spectrum,SU2-HaarU4-brickwork|n12|d72|i6|dir=gaussian|basis=Z|eta=0,SU2-HaarU4-brickwork|n12|d72|i6,512,313,0.0009354269614045898
v2_spectrum,SU2-HaarU4-brickwork|n12|d72|i6|dir=gaussian|basis=Z|eta=0,SU2-HaarU4-brickwork|n12|d72|i6,512,314,0.0009336334260481577
v2_spectrum,SU2-HaarU4-brickwork|n12|d72|i6|dir=gaussian|basis=Z|eta=0,SU2-HaarU4-brickwork|n12|d72|i6,512,315,0.0009274794236151871
v2_spectrum,SU2-HaarU4-brickwork|n12|d72|i6|dir=gaussian|basis=Z|eta=0,SU2-HaarU4-brickwork|n12|d72|i6,512,316,0.0009208022988792632
v2_spectrum,SU2-HaarU4-brickwork|n12|d72|i6|dir=gaussian|basis=Z|eta=0,SU2-HaarU4-brickwork|n12|d72|i6,512,317,0.0009125716138060899
v2_spectrum,SU2-HaarU4-brickwork|n12|d72|i6|dir=gaussian|basis=Z|eta=0,SU2-HaarU4-brickwork|n12|d72|i6,512,318,0.0009058740273320033
v2_spectrum,SU2-HaarU4-brickwork|n12|d72|i6|dir=gaussian|basis=Z|eta=0,SU2-HaarU4-brickwork|n12|d72|i6,512,319,0.0009031519884385938
v2_spectrum,SU2-HaarU4-brickwork|n12|d72|i6|dir=gaussian|basis=Z|eta=0,SU2-HaarU4-brickwork|n12|d72|i6,512,320,0.0008997116791365204
v2_spectrum,SU2-HaarU4-brickwork|n12|d72|i6|dir=gaussian|basis=Z|eta=0,SU2-HaarU4-brickwork|n12|d72|i6,512,321,0.0008914683036279961
v2_spectrum,SU2-HaarU4-brickwork|n12|d72|i6|dir=gaussian|basis=Z|eta=0,SU2-HaarU4-brickwork|n12|d72|i6,512,322,0.0008877794967485314
v2_spectrum,SU2-HaarU4-brickwork|n12|d72|i6|dir=gaussian|basis=Z|eta=0,SU2-HaarU4-brickwork|n12|d72|i6,512,323,0.0008818041654737766
v2_spectrum,SU2-HaarU4-brickwork|n12|d72|i6|dir=gaussian|basis=Z|eta=0,SU2-HaarU4-brickwork|n12|d72|i6,512,324,0.0008742839026787477
v2_spectrum,SU2-HaarU4-brickwork|n12|d72|i6|dir=gaussian|basis=Z|eta=0,SU2-HaarU4-brickwork|n12|d72|i6,512,325,0.0008684408608796913
v2_spectrum,SU2-HaarU4-brickwork|n12|d72|i6|dir=gaussian|basis=Z|eta=0,SU2-HaarU4-brickwork|n12|d72|i6,512,326,0.0008586855054577397
v2_spectrum,SU2-HaarU4-brickwork|n12|d72|i6|dir=gaussian|basis=Z|eta=0,SU2-HaarU4-brickwork|n12|d72|i6,512,327,0.00085566075484424
v2_spectrum,SU2-HaarU4-brickwork|n12|d72|i6|dir=gaussian|basis=Z|eta=0,SU2-HaarU4-brickwork|n12|d72|i6,512,328,0.0008541008250736736
v2_spectrum,SU2-HaarU4-brickwork|n12|d72|i6|dir=gaussian|basis=Z|eta=0,SU2-HaarU4-brickwork|n12|d72|i6,512,329,0.0008484059629701812
v2_spectrum,SU2-HaarU4-brickwork|n12|d72|i6|dir=gaussian|basis=Z|eta=0,SU2-HaarU4-brickwork|n12|d72|i6,512,330,0.0008402673453513088
v2_spectrum,SU2-HaarU4-brickwork|n12|d72|i6|dir=gaussian|basis=Z|eta=0,SU2-HaarU4-brickwork|n12|d72|i6,512,331,0.0008372351803039595
v2_spectrum,SU2-HaarU4-brickwork|n12|d72|i6|dir=gaussian|basis=Z|eta=0,SU2-HaarU4-brickwork|n12|d72|i6,512,332,0.0008316398808387358
v2_spectrum,SU2-HaarU4-brickwork|n12|d72|i6|dir=gaussian|basis=Z|eta=0,SU2-HaarU4-brickwork|n12|d72|i6,512,333,0.0008291714914317731
v2_spectrum,SU2-HaarU4-brickwork|n12|d72|i6|dir=gaussian|basis=Z|eta=0,SU2-HaarU4-brickwork|n12|d72|i6,512,334,0.0008253930081761078
v2_spectrum,SU2-HaarU4-brickwork|n12|d72|i6|dir=gaussian|basis=Z|eta=0,SU2-HaarU4-brickwork|n12|d72|i6,512,335,0.0008187600536416862
v2_spectrum,SU2-HaarU4-brickwork|n12|d72|i6|dir=gaussian|basis=Z|eta=0,SU2-HaarU4-brickwork|n12|d72|i6,512,336,0.000811206665979015
v2_spectrum,SU2-HaarU4-brickwork|n12|d72|i6|dir=gaussian|basis=Z|eta=0,SU2-HaarU4-brickwork|n12|d72|i6,512,337,0.0008076285474957249
v2_spectrum,SU2-HaarU4-brickwork|n12|d72|i6|dir=gaussian|basis=Z|eta=0,SU2-HaarU4-brickwork|n12|d72|i6,512,338,0.0008036984021400174
v2_spectrum,SU2-HaarU4-brickwork|n12|d72|i6|dir=gaussian|basis=Z|eta=0,SU2-HaarU4-brickwork|n12|d72|i6,512,339,0.0008006814184084627
v2_spectrum,SU2-HaarU4-brickwork|n12|d72|i6|dir=gaussian|basis=Z|eta=0,SU2-HaarU4-brickwork|n12|d72|i6,512,340,0.0007962531952817361
v2_spectrum,SU2-HaarU4-brickwork|n12|d72|i6|dir=gaussian|basis=Z|eta=0,SU2-HaarU4-brickwork|n12|d72|i6,512,341,0.0007857406472130512
v2_spectrum,SU2-HaarU4-brickwork|n12|d72|i6|dir=gaussian|basis=Z|eta=0,SU2-HaarU4-brickwork|n12|d72|i6,512,342,0.000781490592464162
v2_spectrum,SU2-HaarU4-brickwork|n12|d72|i6|dir=gaussian|basis=Z|eta=0,SU2-HaarU4-brickwork|n12|d72|i6,512,343,0.0007791887220428266
v2_spectrum,SU2-HaarU4-brickwork|n12|d72|i6|dir=gaussian|basis=Z|eta=0,SU2-HaarU4-brickwork|n12|d72|i6,512,344,0.0007730827088567255
v2_spectrum,SU2-HaarU4-brickwork|n12|d72|i6|dir=gaussian|basis=Z|eta=0,SU2-HaarU4-brickwork|n12|d72|i6,512,345,0.0007624105223158278
v2_spectrum,SU2-HaarU4-brickwork|n12|d72|i6|dir=gaussian|basis=Z|eta=0,SU2-HaarU4-brickwork|n12|d72|i6,512,346,0.0007615857452438155
v2_spectrum,SU2-HaarU4-brickwork|n12|d72|i6|dir=gaussian|basis=Z|eta=0,SU2-HaarU4-brickwork|n12|d72|i6,512,347,0.0007555965443067796
v2_spectrum,SU2-HaarU4-brickwork|n12|d72|i6|dir=gaussian|basis=Z|eta=0,SU2-HaarU4-brickwork|n12|d72|i6,512,348,0.0007522763275421853
v2_spectrum,SU2-HaarU4-brickwork|n12|d72|i6|dir=gaussian|basis=Z|eta=0,SU2-HaarU4-brickwork|n12|d72|i6,512,349,0.000748563013057316
v2_spectrum,SU2-HaarU4-brickwork|n12|d72|i6|dir=gaussian|basis=Z|eta=0,SU2-HaarU4-brickwork|n12|d72|i6,512,350,0.0007442029514998812
v2_spectrum,SU2-HaarU4-brickwork|n12|d72|i6|dir=gaussian|basis=Z|eta=0,SU2-HaarU4-brickwork|n12|d72|i6,512,351,0.0007401706557076861
v2_spectrum,SU2-HaarU4-brickwork|n12|d72|i6|dir=gaussian|basis=Z|eta=0,SU2-HaarU4-brickwork|n12|d72|i6,512,352,0.0007373851803720401
v2_spectrum,SU2-HaarU4-brickwork|n12|d72|i6|dir=gaussian|basis=Z|eta=0,SU2-HaarU4-brickwork|n12|d72|i6,512,353,0.0007346306506281496
v2_spectrum,SU2-HaarU4-brickwork|n12|d72|i6|dir=gaussian|basis=Z|eta=0,SU2-HaarU4-brickwork|n12|d72|i6,512,354,0.0007306493205888186
v2_spectrum,SU2-HaarU4-brickwork|n12|d72|i6|dir=gaussian|basis=Z|eta=0,SU2-HaarU4-brickwork|n12|d72|i6,512,355,0.0007223271049548894
v2_spectrum,SU2-HaarU4-brickwork|n12|d72|i6|dir=gaussian|basis=Z|eta=0,SU2-HaarU4-brickwork|n12|d72|i6,512,356,0.0007199559257550648
v2_spectrum,SU2-HaarU4-brickwork|n12|d72|i6|dir=gaussian|basis=Z|eta=0,SU2-HaarU4-brickwork|n12|d72|i6,512,357,0.0007127680588734382
v2_spectrum,SU2-HaarU4-brickwork|n12|d72|i6|dir=gaussian|basis=Z|eta=0,SU2-HaarU4-brickwork|n12|d72|i6,512,358,0.000709362647725727
v2_spectrum,SU2-HaarU4-brickwork|n12|d72|i6|dir=gaussian|basis=Z|eta=0,SU2-HaarU4-brickwork|n12|d72|i6,512,359,0.0007073306768477362
v2_spectrum,SU2-HaarU4-brickwork|n12|d72|i6|dir=gaussian|basis=Z|eta=0,SU2-HaarU4-brickwork|n12|d72|i6,512,360,0.0006969332633930516
v2_spectrum,SU2-HaarU4-brickwork|n12|d72|i6|dir=gaussian|basis=Z|eta=0,SU2-HaarU4-brickwork|n12|d72|i6,512,361,0.000694677379220307
v2_spectrum,SU2-HaarU4-brickwork|n12|d72|i6|dir=gaussian|basis=Z|eta=0,SU2-HaarU4-brickwork|n12|d72|i6,512,362,0.0006909657318067289
v2_spectrum,SU2-HaarU4-brickwork|n12|d72|i6|dir=gaussian|basis=Z|eta=0,SU2-HaarU4-brickwork|n12|d72|i6,512,363,0.0006872043454456189
v2_spectrum,SU2-HaarU4-brickwork|n12|d72|i6|dir=gaussian|basis=Z|eta=0,SU2-HaarU4-brickwork|n12|d72|i6,512,364,0.0006825725236238369
v2_spectrum,SU2-HaarU4-brickwork|n12|d72|i6|dir=gaussian|basis=Z|eta=0,SU2-HaarU4-brickwork|n12|d72|i6,512,365,0.0006674738936541691
v2_spectrum,SU2-HaarU4-brickwork|n12|d72|i6|dir=gaussian|basis=Z|eta=0,SU2-HaarU4-brickwork|n12|d72|i6,512,366,0.0006655372742054408
v2_spectrum,SU2-HaarU4-brickwork|n12|d72|i6|dir=gaussian|basis=Z|eta=0,SU2-HaarU4-brickwork|n12|d72|i6,512,367,0.0006634527609944677
v2_spectrum,SU2-HaarU4-brickwork|n12|d72|i6|dir=gaussian|basis=Z|eta=0,SU2-HaarU4-brickwork|n12|d72|i6,512,368,0.0006583456133585784
v2_spectrum,SU2-HaarU4-brickwork|n12|d72|i6|dir=gaussian|basis=Z|eta=0,SU2-HaarU4-brickwork|n12|d72|i6,512,369,0.000655168283069494
v2_spectrum,SU2-HaarU4-brickwork|n12|d72|i6|dir=gaussian|basis=Z|eta=0,SU2-HaarU4-brickwork|n12|d72|i6,512,370,0.0006523132582029229
v2_spectrum,SU2-HaarU4-brickwork|n12|d72|i6|dir=gaussian|basis=Z|eta=0,SU2-HaarU4-brickwork|n12|d72|i6,512,371,0.0006484160331953267
v2_spectrum,SU2-HaarU4-brickwork|n12|d72|i6|dir=gaussian|basis=Z|eta=0,SU2-HaarU4-brickwork|n12|d72|i6,512,372,0.000645094608699409
v2_spectrum,SU2-HaarU4-brickwork|n12|d72|i6|dir=gaussian|basis=Z|eta=0,SU2-HaarU4-brickwork|n12|d72|i6,512,373,0.0006352369527717008
v2_spectrum,SU2-HaarU4-brickwork|n12|d72|i6|dir=gaussian|basis=Z|eta=0,SU2-HaarU4-brickwork|n12|d72|i6,512,374,0.0006330794363457746
v2_spectrum,SU2-HaarU4-brickwork|n12|d72|i6|dir=gaussian|basis=Z|eta=0,SU2-HaarU4-brickwork|n12|d72|i6,512,375,0.0006289163134012891
v2_spectrum,SU2-HaarU4-brickwork|n12|d72|i6|dir=gaussian|basis=Z|eta=0,SU2-HaarU4-brickwork|n12|d72|i6,512,376,0.0006269828655038128
v2_spectrum,SU2-HaarU4-brickwork|n12|d72|i6|dir=gaussian|basis=Z|eta=0,SU2-HaarU4-brickwork|n12|d72|i6,512,377,0.00062589041945266
v2_spectrum,SU2-HaarU4-brickwork|n12|d72|i6|dir=gaussian|basis=Z|eta=0,SU2-HaarU4-brickwork|n12|d72|i6,512,378,0.0006182220436652827
v2_spectrum,SU2-HaarU4-brickwork|n12|d72|i6|dir=gaussian|basis=Z|eta=0,SU2-HaarU4-brickwork|n12|d72|i6,512,379,0.0006166384174884544
v2_spectrum,SU2-HaarU4-brickwork|n12|d72|i6|dir=gaussian|basis=Z|eta=0,SU2-HaarU4-brickwork|n12|d72|i6,512,380,0.0006127695389623599
v2_spectrum,SU2-HaarU4-brickwork|n12|d72|i6|dir=gaussian|basis=Z|eta=0,SU2-HaarU4-brickwork|n12|d72|i6,512,381,0.0006082658825417353
v2_spectrum,SU2-HaarU4-brickwork|n12|d72|i6|dir=gaussian|basis=Z|eta=0,SU2-HaarU4-brickwork|n12|d72|i6,512,382,0.0006025119129240277
v2_spectrum,SU2-HaarU4-brickwork|n12|d72|i6|dir=gaussian|basis=Z|eta=0,SU2-HaarU4-brickwork|n12|d72|i6,512,383,0.0005990243697460636
v2_spectrum,SU2-HaarU4-brickwork|n12|d72|i6|dir=gaussian|basis=Z|eta=0,SU2-HaarU4-brickwork|n12|d72|i6,512,384,0.0005959603422079251
v2_spectrum,SU2-HaarU4-brickwork|n12|d72|i6|dir=gaussian|basis=Z|eta=0,SU2-HaarU4-brickwork|n12|d72|i6,512,385,0.0005915109670228222
v2_spectrum,SU2-HaarU4-brickwork|n12|d72|i6|dir=gaussian|basis=Z|eta=0,SU2-HaarU4-brickwork|n12|d72|i6,512,386,0.000587719140837492
v2_spectrum,SU2-HaarU4-brickwork|n12|d72|i6|dir=gaussian|basis=Z|eta=0,SU2-HaarU4-brickwork|n12|d72|i6,512,387,0.0005859392058942235
v2_spectrum,SU2-HaarU4-brickwork|n12|d72|i6|dir=gaussian|basis=Z|eta=0,SU2-HaarU4-brickwork|n12|d72|i6,512,388,0.000584623388858511
v2_spectrum,SU2-HaarU4-brickwork|n12|d72|i6|dir=gaussian|basis=Z|eta=0,SU2-HaarU4-brickwork|n12|d72|i6,512,389,0.0005778430250663245
v2_spectrum,SU2-HaarU4-brickwork|n12|d72|i6|dir=gaussian|basis=Z|eta=0,SU2-HaarU4-brickwork|n12|d72|i6,512,390,0.000576719492261423
v2_spectrum,SU2-HaarU4-brickwork|n12|d72|i6|dir=gaussian|basis=Z|eta=0,SU2-HaarU4-brickwork|n12|d72|i6,512,391,0.0005740691621326663
v2_spectrum,SU2-HaarU4-brickwork|n12|d72|i6|dir=gaussian|basis=Z|eta=0,SU2-HaarU4-brickwork|n12|d72|i6,512,392,0.000569319650484495
v2_spectrum,SU2-HaarU4-brickwork|n12|d72|i6|dir=gaussian|basis=Z|eta=0,SU2-HaarU4-brickwork|n12|d72|i6,512,393,0.0005675500141761044
v2_spectrum,SU2-HaarU4-brickwork|n12|d72|i6|dir=gaussian|basis=Z|eta=0,SU2-HaarU4-brickwork|n12|d72|i6,512,394,0.000557915968306152
v2_spectrum,SU2-HaarU4-brickwork|n12|d72|i6|dir=gaussian|basis=Z|eta=0,SU2-HaarU4-brickwork|n12|d72|i6,512,395,0.0005564825586887701
v2_spectrum,SU2-HaarU4-brickwork|n12|d72|i6|dir=gaussian|basis=Z|eta=0,SU2-HaarU4-brickwork|n12|d72|i6,512,396,0.0005514110294107961
v2_spectrum,SU2-HaarU4-brickwork|n12|d72|i6|dir=gaussian|basis=Z|eta=0,SU2-HaarU4-brickwork|n12|d72|i6,512,397,0.0005479559223434763
v2_spectrum,SU2-HaarU4-brickwork|n12|d72|i6|dir=gaussian|basis=Z|eta=0,SU2-HaarU4-brickwork|n12|d72|i6,512,398,0.0005440581357070672
v2_spectrum,SU2-HaarU4-brickwork|n12|d72|i6|dir=gaussian|basis=Z|eta=0,SU2-HaarU4-brickwork|n12|d72|i6,512,399,0.0005425639412787024
v2_spectrum,SU2-HaarU4-brickwork|n12|d72|i6|dir=gaussian|basis=Z|eta=0,SU2-HaarU4-brickwork|n12|d72|i6,512,400,0.000537200131216116
v2_spectrum,SU2-HaarU4-brickwork|n12|d72|i6|dir=gaussian|basis=Z|eta=0,SU2-HaarU4-brickwork|n12|d72|i6,512,401,0.000535622456760254
v2_spectrum,SU2-HaarU4-brickwork|n12|d72|i6|dir=gaussian|basis=Z|eta=0,SU2-HaarU4-brickwork|n12|d72|i6,512,402,0.0005348093582065131
v2_spectrum,SU2-HaarU4-brickwork|n12|d72|i6|dir=gaussian|basis=Z|eta=0,SU2-HaarU4-brickwork|n12|d72|i6,512,403,0.0005260478274014205
v2_spectrum,SU2-HaarU4-brickwork|n12|d72|i6|dir=gaussian|basis=Z|eta=0,SU2-HaarU4-brickwork|n12|d72|i6,512,404,0.0005232169738466984
v2_spectrum,SU2-HaarU4-brickwork|n12|d72|i6|dir=gaussian|basis=Z|eta=0,SU2-HaarU4-brickwork|n12|d72|i6,512,405,0.0005206889026619537
v2_spectrum,SU2-HaarU4-brickwork|n12|d72|i6|dir=gaussian|basis=Z|eta=0,SU2-HaarU4-brickwork|n12|d72|i6,512,406,0.0005196674216112663
v2_spectrum,SU2-HaarU4-brickwork|n12|d72|i6|dir=gaussian|basis=Z|eta=0,SU2-HaarU4-brickwork|n12|d72|i6,512,407,0.0005134485354722358
v2_spectrum,SU2-HaarU4-brickwork|n12|d72|i6|dir=gaussian|basis=Z|eta=0,SU2-HaarU4-brickwork|n12|d72|i6,512,408,0.0005087362304377887
v2_spectrum,SU2-HaarU4-brickwork|n12|d72|i6|dir=gaussian|basis=Z|eta=0,SU2-HaarU4-brickwork|n12|d72|i6,512,409,0.0005048783451544473
v2_spectrum,SU2-HaarU4-brickwork|n12|d72|i6|dir=gaussian|basis=Z|eta=0,SU2-HaarU4-brickwork|n12|d72|i6,512,410,0.0005031187768321568
v2_spectrum,SU2-HaarU4-brickwork|n12|d72|i6|dir=gaussian|basis=Z|eta=0,SU2-HaarU4-brickwork|n12|d72|i6,512,411,0.0005014932046914149
v2_spectrum,SU2-HaarU4-brickwork|n12|d72|i6|dir=gaussian|basis=Z|eta=0,SU2-HaarU4-brickwork|n12|d72|i6,512,412,0.0004948258288715567
v2_spectrum,SU2-HaarU4-brickwork|n12|d72|i6|dir=gaussian|basis=Z|eta=0,SU2-HaarU4-brickwork|n12|d72|i6,512,413,0.0004905703695719987
v2_spectrum,SU2-HaarU4-brickwork|n12|d72|i6|dir=gaussian|basis=Z|eta=0,SU2-HaarU4-brickwork|n12|d72|i6,512,414,0.0004881104589657853
v2_spectrum,SU2-HaarU4-brickwork|n12|d72|i6|dir=gaussian|basis=Z|eta=0,SU2-HaarU4-brickwork|n12|d72|i6,512,415,0.0004853582989599454
v2_spectrum,SU2-HaarU4-brickwork|n12|d72|i6|dir=gaussian|basis=Z|eta=0,SU2-HaarU4-brickwork|n12|d72|i6,512,416,0.0004841406162060438
v2_spectrum,SU2-HaarU4-brickwork|n12|d72|i6|dir=gaussian|basis=Z|eta=0,SU2-HaarU4-brickwork|n12|d72|i6,512,417,0.00047634575864596206
v2_spectrum,SU2-HaarU4-brickwork|n12|d72|i6|dir=gaussian|basis=Z|eta=0,SU2-HaarU4-brickwork|n12|d72|i6,512,418,0.00047363144331379704
v2_spectrum,SU2-HaarU4-brickwork|n12|d72|i6|dir=gaussian|basis=Z|eta=0,SU2-HaarU4-brickwork|n12|d72|i6,512,419,0.00046975338745935957
v2_spectrum,SU2-HaarU4-brickwork|n12|d72|i6|dir=gaussian|basis=Z|eta=0,SU2-HaarU4-brickwork|n12|d72|i6,512,420,0.0004669302333725529
v2_spectrum,SU2-HaarU4-brickwork|n12|d72|i6|dir=gaussian|basis=Z|eta=0,SU2-HaarU4-brickwork|n12|d72|i6,512,421,0.000463277122867272
v2_spectrum,SU2-HaarU4-brickwork|n12|d72|i6|dir=gaussian|basis=Z|eta=0,SU2-HaarU4-brickwork|n12|d72|i6,512,422,0.00045866214244212155
v2_spectrum,SU2-HaarU4-brickwork|n12|d72|i6|dir=gaussian|basis=Z|eta=0,SU2-HaarU4-brickwork|n12|d72|i6,512,423,0.00045364620443237157
v2_spectrum,SU2-HaarU4-brickwork|n12|d72|i6|dir=gaussian|basis=Z|eta=0,SU2-HaarU4-brickwork|n12|d72|i6,512,424,0.0004527542090371924
v2_spectrum,SU2-HaarU4-brickwork|n12|d72|i6|dir=gaussian|basis=Z|eta=0,SU2-HaarU4-brickwork|n12|d72|i6,512,425,0.00044993080380648337
v2_spectrum,SU2-HaarU4-brickwork|n12|d72|i6|dir=gaussian|basis=Z|eta=0,SU2-HaarU4-brickwork|n12|d72|i6,512,426,0.0004474320485756154
v2_spectrum,SU2-HaarU4-brickwork|n12|d72|i6|dir=gaussian|basis=Z|eta=0,SU2-HaarU4-brickwork|n12|d72|i6,512,427,0.00044339087722497614
v2_spectrum,SU2-HaarU4-brickwork|n12|d72|i6|dir=gaussian|basis=Z|eta=0,SU2-HaarU4-brickwork|n12|d72|i6,512,428,0.00044166103958378567
v2_spectrum,SU2-HaarU4-brickwork|n12|d72|i6|dir=gaussian|basis=Z|eta=0,SU2-HaarU4-brickwork|n12|d72|i6,512,429,0.0004399445805069365
v2_spectrum,SU2-HaarU4-brickwork|n12|d72|i6|dir=gaussian|basis=Z|eta=0,SU2-HaarU4-brickwork|n12|d72|i6,512,430,0.0004354058902276552
v2_spectrum,SU2-HaarU4-brickwork|n12|d72|i6|dir=gaussian|basis=Z|eta=0,SU2-HaarU4-brickwork|n12|d72|i6,512,431,0.0004324601976734251
v2_spectrum,SU2-HaarU4-brickwork|n12|d72|i6|dir=gaussian|basis=Z|eta=0,SU2-HaarU4-brickwork|n12|d72|i6,512,432,0.0004311997216692277
v2_spectrum,SU2-HaarU4-brickwork|n12|d72|i6|dir=gaussian|basis=Z|eta=0,SU2-HaarU4-brickwork|n12|d72|i6,512,433,0.00042861768351127347
v2_spectrum,SU2-HaarU4-brickwork|n12|d72|i6|dir=gaussian|basis=Z|eta=0,SU2-HaarU4-brickwork|n12|d72|i6,512,434,0.0004256432519871946
v2_spectrum,SU2-HaarU4-brickwork|n12|d72|i6|dir=gaussian|basis=Z|eta=0,SU2-HaarU4-brickwork|n12|d72|i6,512,435,0.0004211186613700368
v2_spectrum,SU2-HaarU4-brickwork|n12|d72|i6|dir=gaussian|basis=Z|eta=0,SU2-HaarU4-brickwork|n12|d72|i6,512,436,0.0004196974123518661
v2_spectrum,SU2-HaarU4-brickwork|n12|d72|i6|dir=gaussian|basis=Z|eta=0,SU2-HaarU4-brickwork|n12|d72|i6,512,437,0.00041622359074823057
v2_spectrum,SU2-HaarU4-brickwork|n12|d72|i6|dir=gaussian|basis=Z|eta=0,SU2-HaarU4-brickwork|n12|d72|i6,512,438,0.00041317693204656294
v2_spectrum,SU2-HaarU4-brickwork|n12|d72|i6|dir=gaussian|basis=Z|eta=0,SU2-HaarU4-brickwork|n12|d72|i6,512,439,0.00040689744984513817
v2_spectrum,SU2-HaarU4-brickwork|n12|d72|i6|dir=gaussian|basis=Z|eta=0,SU2-HaarU4-brickwork|n12|d72|i6,512,440,0.00040562787619978497
v2_spectrum,SU2-HaarU4-brickwork|n12|d72|i6|dir=gaussian|basis=Z|eta=0,SU2-HaarU4-brickwork|n12|d72|i6,512,441,0.00040402441868689934
v2_spectrum,SU2-HaarU4-brickwork|n12|d72|i6|dir=gaussian|basis=Z|eta=0,SU2-HaarU4-brickwork|n12|d72|i6,512,442,0.00040021176767764236
v2_spectrum,SU2-HaarU4-brickwork|n12|d72|i6|dir=gaussian|basis=Z|eta=0,SU2-HaarU4-brickwork|n12|d72|i6,512,443,0.00039831566054126074
v2_spectrum,SU2-HaarU4-brickwork|n12|d72|i6|dir=gaussian|basis=Z|eta=0,SU2-HaarU4-brickwork|n12|d72|i6,512,444,0.0003926822578108869
v2_spectrum,SU2-HaarU4-brickwork|n12|d72|i6|dir=gaussian|basis=Z|eta=0,SU2-HaarU4-brickwork|n12|d72|i6,512,445,0.0003877927193189097
v2_spectrum,SU2-HaarU4-brickwork|n12|d72|i6|dir=gaussian|basis=Z|eta=0,SU2-HaarU4-brickwork|n12|d72|i6,512,446,0.0003864603258980356
v2_spectrum,SU2-HaarU4-brickwork|n12|d72|i6|dir=gaussian|basis=Z|eta=0,SU2-HaarU4-brickwork|n12|d72|i6,512,447,0.0003800165700431588
v2_spectrum,SU2-HaarU4-brickwork|n12|d72|i6|dir=gaussian|basis=Z|eta=0,SU2-HaarU4-brickwork|n12|d72|i6,512,448,0.00037953028108615234
v2_spectrum,SU2-HaarU4-brickwork|n12|d72|i6|dir=gaussian|basis=Z|eta=0,SU2-HaarU4-brickwork|n12|d72|i6,512,449,0.00037741226168282687
v2_spectrum,SU2-HaarU4-brickwork|n12|d72|i6|dir=gaussian|basis=Z|eta=0,SU2-HaarU4-brickwork|n12|d72|i6,512,450,0.00037196428332544114
v2_spectrum,SU2-HaarU4-brickwork|n12|d72|i6|dir=gaussian|basis=Z|eta=0,SU2-HaarU4-brickwork|n12|d72|i6,512,451,0.00036848430470695837
v2_spectrum,SU2-HaarU4-brickwork|n12|d72|i6|dir=gaussian|basis=Z|eta=0,SU2-HaarU4-brickwork|n12|d72|i6,512,452,0.00036449426429652963
v2_spectrum,SU2-HaarU4-brickwork|n12|d72|i6|dir=gaussian|basis=Z|eta=0,SU2-HaarU4-brickwork|n12|d72|i6,512,453,0.00036219779044498955
v2_spectrum,SU2-HaarU4-brickwork|n12|d72|i6|dir=gaussian|basis=Z|eta=0,SU2-HaarU4-brickwork|n12|d72|i6,512,454,0.00036194250271367296
v2_spectrum,SU2-HaarU4-brickwork|n12|d72|i6|dir=gaussian|basis=Z|eta=0,SU2-HaarU4-brickwork|n12|d72|i6,512,455,0.0003558178167949906
v2_spectrum,SU2-HaarU4-brickwork|n12|d72|i6|dir=gaussian|basis=Z|eta=0,SU2-HaarU4-brickwork|n12|d72|i6,512,456,0.0003547526742008115
v2_spectrum,SU2-HaarU4-brickwork|n12|d72|i6|dir=gaussian|basis=Z|eta=0,SU2-HaarU4-brickwork|n12|d72|i6,512,457,0.00035023292583643694
v2_spectrum,SU2-HaarU4-brickwork|n12|d72|i6|dir=gaussian|basis=Z|eta=0,SU2-HaarU4-brickwork|n12|d72|i6,512,458,0.0003481847305246145
v2_spectrum,SU2-HaarU4-brickwork|n12|d72|i6|dir=gaussian|basis=Z|eta=0,SU2-HaarU4-brickwork|n12|d72|i6,512,459,0.0003459298527241032
v2_spectrum,SU2-HaarU4-brickwork|n12|d72|i6|dir=gaussian|basis=Z|eta=0,SU2-HaarU4-brickwork|n12|d72|i6,512,460,0.00033978994617437426
v2_spectrum,SU2-HaarU4-brickwork|n12|d72|i6|dir=gaussian|basis=Z|eta=0,SU2-HaarU4-brickwork|n12|d72|i6,512,461,0.00033861653525890005
v2_spectrum,SU2-HaarU4-brickwork|n12|d72|i6|dir=gaussian|basis=Z|eta=0,SU2-HaarU4-brickwork|n12|d72|i6,512,462,0.0003371594888586614
v2_spectrum,SU2-HaarU4-brickwork|n12|d72|i6|dir=gaussian|basis=Z|eta=0,SU2-HaarU4-brickwork|n12|d72|i6,512,463,0.0003338568207643896
v2_spectrum,SU2-HaarU4-brickwork|n12|d72|i6|dir=gaussian|basis=Z|eta=0,SU2-HaarU4-brickwork|n12|d72|i6,512,464,0.00033094419737597213
v2_spectrum,SU2-HaarU4-brickwork|n12|d72|i6|dir=gaussian|basis=Z|eta=0,SU2-HaarU4-brickwork|n12|d72|i6,512,465,0.00032730079555731896
v2_spectrum,SU2-HaarU4-brickwork|n12|d72|i6|dir=gaussian|basis=Z|eta=0,SU2-HaarU4-brickwork|n12|d72|i6,512,466,0.0003257701248555205
v2_spectrum,SU2-HaarU4-brickwork|n12|d72|i6|dir=gaussian|basis=Z|eta=0,SU2-HaarU4-brickwork|n12|d72|i6,512,467,0.0003228096621696693
v2_spectrum,SU2-HaarU4-brickwork|n12|d72|i6|dir=gaussian|basis=Z|eta=0,SU2-HaarU4-brickwork|n12|d72|i6,512,468,0.00032008274901311213
v2_spectrum,SU2-HaarU4-brickwork|n12|d72|i6|dir=gaussian|basis=Z|eta=0,SU2-HaarU4-brickwork|n12|d72|i6,512,469,0.00031615778538436677
v2_spectrum,SU2-HaarU4-brickwork|n12|d72|i6|dir=gaussian|basis=Z|eta=0,SU2-HaarU4-brickwork|n12|d72|i6,512,470,0.0003123315684739878
v2_spectrum,SU2-HaarU4-brickwork|n12|d72|i6|dir=gaussian|basis=Z|eta=0,SU2-HaarU4-brickwork|n12|d72|i6,512,471,0.0003112323478854729
v2_spectrum,SU2-HaarU4-brickwork|n12|d72|i6|dir=gaussian|basis=Z|eta=0,SU2-HaarU4-brickwork|n12|d72|i6,512,472,0.00030715249811854705
v2_spectrum,SU2-HaarU4-brickwork|n12|d72|i6|dir=gaussian|basis=Z|eta=0,SU2-HaarU4-brickwork|n12|d72|i6,512,473,0.0003010733387562306
v2_spectrum,SU2-HaarU4-brickwork|n12|d72|i6|dir=gaussian|basis=Z|eta=0,SU2-HaarU4-brickwork|n12|d72|i6,512,474,0.00029942198006978555
v2_spectrum,SU2-HaarU4-brickwork|n12|d72|i6|dir=gaussian|basis=Z|eta=0,SU2-HaarU4-brickwork|n12|d72|i6,512,475,0.0002987233994919625
v2_spectrum,SU2-HaarU4-brickwork|n12|d72|i6|dir=gaussian|basis=Z|eta=0,SU2-HaarU4-brickwork|n12|d72|i6,512,476,0.0002939255263515029
v2_spectrum,SU2-HaarU4-brickwork|n12|d72|i6|dir=gaussian|basis=Z|eta=0,SU2-HaarU4-brickwork|n12|d72|i6,512,477,0.0002920114610113627
v2_spectrum,SU2-HaarU4-brickwork|n12|d72|i6|dir=gaussian|basis=Z|eta=0,SU2-HaarU4-brickwork|n12|d72|i6,512,478,0.00028763565617765584
v2_spectrum,SU2-HaarU4-brickwork|n12|d72|i6|dir=gaussian|basis=Z|eta=0,SU2-HaarU4-brickwork|n12|d72|i6,512,479,0.000286059249699286
v2_spectrum,SU2-HaarU4-brickwork|n12|d72|i6|dir=gaussian|basis=Z|eta=0,SU2-HaarU4-brickwork|n12|d72|i6,512,480,0.00028379673813895605
v2_spectrum,SU2-HaarU4-brickwork|n12|d72|i6|dir=gaussian|basis=Z|eta=0,SU2-HaarU4-brickwork|n12|d72|i6,512,481,0.00028178788155394224
v2_spectrum,SU2-HaarU4-brickwork|n12|d72|i6|dir=gaussian|basis=Z|eta=0,SU2-HaarU4-brickwork|n12|d72|i6,512,482,0.0002781485640558343
v2_spectrum,SU2-HaarU4-brickwork|n12|d72|i6|dir=gaussian|basis=Z|eta=0,SU2-HaarU4-brickwork|n12|d72|i6,512,483,0.000276931112493628
v2_spectrum,SU2-HaarU4-brickwork|n12|d72|i6|dir=gaussian|basis=Z|eta=0,SU2-HaarU4-brickwork|n12|d72|i6,512,484,0.00027386905147785853
v2_spectrum,SU2-HaarU4-brickwork|n12|d72|i6|dir=gaussian|basis=Z|eta=0,SU2-HaarU4-brickwork|n12|d72|i6,512,485,0.0002721104645436899
v2_spectrum,SU2-HaarU4-brickwork|n12|d72|i6|dir=gaussian|basis=Z|eta=0,SU2-HaarU4-brickwork|n12|d72|i6,512,486,0.00026602086750011965
v2_spectrum,SU2-HaarU4-brickwork|n12|d72|i6|dir=gaussian|basis=Z|eta=0,SU2-HaarU4-brickwork|n12|d72|i6,512,487,0.00026439171505479245
v2_spectrum,SU2-HaarU4-brickwork|n12|d72|i6|dir=gaussian|basis=Z|eta=0,SU2-HaarU4-brickwork|n12|d72|i6,512,488,0.00026104869840065713
v2_spectrum,SU2-HaarU4-brickwork|n12|d72|i6|dir=gaussian|basis=Z|eta=0,SU2-HaarU4-brickwork|n12|d72|i6,512,489,0.0002586145149743749
v2_spectrum,SU2-HaarU4-brickwork|n12|d72|i6|dir=gaussian|basis=Z|eta=0,SU2-HaarU4-brickwork|n12|d72|i6,512,490,0.00025440187707809496
v2_spectrum,SU2-HaarU4-brickwork|n12|d72|i6|dir=gaussian|basis=Z|eta=0,SU2-HaarU4-brickwork|n12|d72|i6,512,491,0.0002508269998075538
v2_spectrum,SU2-HaarU4-brickwork|n12|d72|i6|dir=gaussian|basis=Z|eta=0,SU2-HaarU4-brickwork|n12|d72|i6,512,492,0.0002495271715109699
v2_spectrum,SU2-HaarU4-brickwork|n12|d72|i6|dir=gaussian|basis=Z|eta=0,SU2-HaarU4-brickwork|n12|d72|i6,512,493,0.00024663491151366736
v2_spectrum,SU2-HaarU4-brickwork|n12|d72|i6|dir=gaussian|basis=Z|eta=0,SU2-HaarU4-brickwork|n12|d72|i6,512,494,0.00024308742093064376
v2_spectrum,SU2-HaarU4-brickwork|n12|d72|i6|dir=gaussian|basis=Z|eta=0,SU2-HaarU4-brickwork|n12|d72|i6,512,495,0.00023894552372015224
v2_spectrum,SU2-HaarU4-brickwork|n12|d72|i6|dir=gaussian|basis=Z|eta=0,SU2-HaarU4-brickwork|n12|d72|i6,512,496,0.00023874727754577237
v2_spectrum,SU2-HaarU4-brickwork|n12|d72|i6|dir=gaussian|basis=Z|eta=0,SU2-HaarU4-brickwork|n12|d72|i6,512,497,0.000234973826565089
v2_spectrum,SU2-HaarU4-brickwork|n12|d72|i6|dir=gaussian|basis=Z|eta=0,SU2-HaarU4-brickwork|n12|d72|i6,512,498,0.000231866765606433
v2_spectrum,SU2-HaarU4-brickwork|n12|d72|i6|dir=gaussian|basis=Z|eta=0,SU2-HaarU4-brickwork|n12|d72|i6,512,499,0.0002308080594979459
v2_spectrum,SU2-HaarU4-brickwork|n12|d72|i6|dir=gaussian|basis=Z|eta=0,SU2-HaarU4-brickwork|n12|d72|i6,512,500,0.00022647715766283767
v2_spectrum,SU2-HaarU4-brickwork|n12|d72|i6|dir=gaussian|basis=Z|eta=0,SU2-HaarU4-brickwork|n12|d72|i6,512,501,0.00022340307211734956
v2_spectrum,SU2-HaarU4-brickwork|n12|d72|i6|dir=gaussian|basis=Z|eta=0,SU2-HaarU4-brickwork|n12|d72|i6,512,502,0.00021988533415683804
v2_spectrum,SU2-HaarU4-brickwork|n12|d72|i6|dir=gaussian|basis=Z|eta=0,SU2-HaarU4-brickwork|n12|d72|i6,512,503,0.00021423784214455704
v2_spectrum,SU2-HaarU4-brickwork|n12|d72|i6|dir=gaussian|basis=Z|eta=0,SU2-HaarU4-brickwork|n12|d72|i6,512,504,0.0002125276180561181
v2_spectrum,SU2-HaarU4-brickwork|n12|d72|i6|dir=gaussian|basis=Z|eta=0,SU2-HaarU4-brickwork|n12|d72|i6,512,505,0.0002093887605404901
v2_spectrum,SU2-HaarU4-brickwork|n12|d72|i6|dir=gaussian|basis=Z|eta=0,SU2-HaarU4-brickwork|n12|d72|i6,512,506,0.0002071886691018292
v2_spectrum,SU2-HaarU4-brickwork|n12|d72|i6|dir=gaussian|basis=Z|eta=0,SU2-HaarU4-brickwork|n12|d72|i6,512,507,0.00020463149396529799
v2_spectrum,SU2-HaarU4-brickwork|n12|d72|i6|dir=gaussian|basis=Z|eta=0,SU2-HaarU4-brickwork|n12|d72|i6,512,508,0.00019912691028920124
v2_spectrum,SU2-HaarU4-brickwork|n12|d72|i6|dir=gaussian|basis=Z|eta=0,SU2-HaarU4-brickwork|n12|d72|i6,512,509,0.00019623214093872292
v2_spectrum,SU2-HaarU4-brickwork|n12|d72|i6|dir=gaussian|basis=Z|eta=0,SU2-HaarU4-brickwork|n12|d72|i6,512,510,0.00018854883454569373
v2_spectrum,SU2-HaarU4-brickwork|n12|d72|i6|dir=gaussian|basis=Z|eta=0,SU2-HaarU4-brickwork|n12|d72|i6,512,511,0.00018790469098996324
v2_spectrum,SU2-HaarU4-brickwork|n12|d72|i6|dir=gaussian|basis=Z|eta=0,SU2-HaarU4-brickwork|n12|d72|i6,512,512,0.000180337938230134
