family,n,bitflip_rate,shots,method,metric,mean,ci_low,ci_high,circuits
SU2-HaarU4-brickwork,8,0.0,100,aligned_crossfit,actual_retention,0.08570737431855258,0.08428936680778765,0.08713888760067309,16
SU2-HaarU4-brickwork,8,0.0,100,aligned_crossfit,rho,2.731922556403865,2.686690393648199,2.776976437864892,16
SU2-HaarU4-brickwork,8,0.0,100,aligned_crossfit,expected_scalar_directional_grad2,0.005230167098593775,0.005138979855812601,0.005325382947164589,16
SU2-HaarU4-brickwork,8,0.0,100,aligned_crossfit,estimated_parameter_gradient_norm2,6.025152497580087,5.919622800157444,6.135659767961513,16
SU2-HaarU4-brickwork,8,0.0,100,aligned_crossfit,finite_difference_snr_mean,0.010286587265139386,0.009899538883235406,0.010673465906947718,16
SU2-HaarU4-brickwork,8,0.0,100,aligned_crossfit,linearized_shots_for_snr1,957226.2012330658,940143.2991047031,973448.575785339,16
SU2-HaarU4-brickwork,8,0.0,100,physical,actual_retention,0.02927754580294785,0.02858089603419136,0.03001617747001371,16
SU2-HaarU4-brickwork,8,0.0,100,physical,rho,0.9332217724689645,0.9108197347236799,0.9572739147836462,16
SU2-HaarU4-brickwork,8,0.0,100,physical,expected_scalar_directional_grad2,0.0017653363205629249,0.0017266378379805051,0.0018061113513204235,16
SU2-HaarU4-brickwork,8,0.0,100,physical,estimated_parameter_gradient_norm2,2.033667441288542,1.987225017470397,2.0801388644671834,16
SU2-HaarU4-brickwork,8,0.0,100,physical,finite_difference_snr_mean,0.005931080210001594,0.005701157618237557,0.006176346030477958,16
SU2-HaarU4-brickwork,8,0.0,100,physical,linearized_shots_for_snr1,2838193.783414044,2773746.9514907724,2901358.708972113,16
SU2-HaarU4-brickwork,8,0.0,100,random_rank,actual_retention,0.03102285991431267,0.030211621680010264,0.031979159184954746,16
SU2-HaarU4-brickwork,8,0.0,100,random_rank,rho,0.9888536597687176,0.9620158017385517,1.0187414319030432,16
SU2-HaarU4-brickwork,8,0.0,100,random_rank,expected_scalar_directional_grad2,0.0018734914204691438,0.0018228737012027211,0.001931597989880789,16
SU2-HaarU4-brickwork,8,0.0,100,random_rank,estimated_parameter_gradient_norm2,2.1582621163805005,2.0982340811695575,2.2281758548777884,16
SU2-HaarU4-brickwork,8,0.0,100,random_rank,finite_difference_snr_mean,0.006051291610876881,0.005792867708675124,0.006321679328480063,16
SU2-HaarU4-brickwork,8,0.0,100,random_rank,linearized_shots_for_snr1,2678124.8317437368,2599896.933681905,2751371.118488601,16
SU2-HaarU4-brickwork,8,0.0,1000,aligned_crossfit,actual_retention,0.08570737431855258,0.08428422050956483,0.08712819388121794,16
SU2-HaarU4-brickwork,8,0.0,1000,aligned_crossfit,rho,2.731922556403865,2.687433216596117,2.7779295691427466,16
SU2-HaarU4-brickwork,8,0.0,1000,aligned_crossfit,expected_scalar_directional_grad2,0.005230167098593775,0.005140755437679958,0.005326571473938123,16
SU2-HaarU4-brickwork,8,0.0,1000,aligned_crossfit,estimated_parameter_gradient_norm2,6.025152497580087,5.92240482793246,6.133430931388756,16
SU2-HaarU4-brickwork,8,0.0,1000,aligned_crossfit,finite_difference_snr_mean,0.03252904510792283,0.031249412496901895,0.03376219321273878,16
SU2-HaarU4-brickwork,8,0.0,1000,aligned_crossfit,linearized_shots_for_snr1,957226.2012330658,940250.6201431695,973764.6046468935,16
SU2-HaarU4-brickwork,8,0.0,1000,physical,actual_retention,0.02927754580294785,0.02858328787051797,0.03003714999334541,16
SU2-HaarU4-brickwork,8,0.0,1000,physical,rho,0.9332217724689645,0.9108487590455864,0.9573370149437881,16
SU2-HaarU4-brickwork,8,0.0,1000,physical,expected_scalar_directional_grad2,0.0017653363205629249,0.0017274986344660332,0.0018068268575554393,16
SU2-HaarU4-brickwork,8,0.0,1000,physical,estimated_parameter_gradient_norm2,2.033667441288542,1.9892649920779444,2.081156380093746,16
SU2-HaarU4-brickwork,8,0.0,1000,physical,finite_difference_snr_mean,0.01875572244875482,0.01802160597171126,0.019529093535522325,16
SU2-HaarU4-brickwork,8,0.0,1000,physical,linearized_shots_for_snr1,2838193.783414044,2775064.2761854962,2899648.6626525745,16
SU2-HaarU4-brickwork,8,0.0,1000,random_rank,actual_retention,0.03102285991431267,0.030212297020715907,0.03197057238858104,16
SU2-HaarU4-brickwork,8,0.0,1000,random_rank,rho,0.9888536597687176,0.9626148626631286,1.0186486007197608,16
SU2-HaarU4-brickwork,8,0.0,1000,random_rank,expected_scalar_directional_grad2,0.0018734914204691438,0.0018225119414040166,0.0019332377740313737,16
SU2-HaarU4-brickwork,8,0.0,1000,random_rank,estimated_parameter_gradient_norm2,2.1582621163805005,2.0985167615465437,2.2263482743752467,16
SU2-HaarU4-brickwork,8,0.0,1000,random_rank,finite_difference_snr_mean,0.019135864276240283,0.01832422725684687,0.019981610914831725,16
SU2-HaarU4-brickwork,8,0.0,1000,random_rank,linearized_shots_for_snr1,2678124.8317437368,2600203.231197195,2750918.062608501,16
SU2-HaarU4-brickwork,8,0.0,10000,aligned_crossfit,actual_retention,0.08570737431855258,0.08432563634456539,0.08711681196203985,16
SU2-HaarU4-brickwork,8,0.0,10000,aligned_crossfit,rho,2.731922556403865,2.685979650559102,2.777493213827311,16
SU2-HaarU4-brickwork,8,0.0,10000,aligned_crossfit,expected_scalar_directional_grad2,0.005230167098593775,0.005141206909589838,0.005326309406852658,16
SU2-HaarU4-brickwork,8,0.0,10000,aligned_crossfit,estimated_parameter_gradient_norm2,6.025152497580087,5.923217160518504,6.1340144814722946,16
SU2-HaarU4-brickwork,8,0.0,10000,aligned_crossfit,finite_difference_snr_mean,0.10286587265139385,0.09900741364617864,0.10673570644508518,16
SU2-HaarU4-brickwork,8,0.0,10000,aligned_crossfit,linearized_shots_for_snr1,957226.2012330658,939988.2636400805,973408.1754331253,16
SU2-HaarU4-brickwork,8,0.0,10000,physical,actual_retention,0.02927754580294785,0.028570392212075787,0.030036587491488256,16
SU2-HaarU4-brickwork,8,0.0,10000,physical,rho,0.9332217724689645,0.9113278372208462,0.9568511719718634,16
SU2-HaarU4-brickwork,8,0.0,10000,physical,expected_scalar_directional_grad2,0.0017653363205629249,0.0017270205431599553,0.0018061817457730675,16
SU2-HaarU4-brickwork,8,0.0,10000,physical,estimated_parameter_gradient_norm2,2.033667441288542,1.9902351614530922,2.0823131509691586,16
SU2-HaarU4-brickwork,8,0.0,10000,physical,finite_difference_snr_mean,0.05931080210001594,0.05697356006799657,0.06171825581457193,16
SU2-HaarU4-brickwork,8,0.0,10000,physical,linearized_shots_for_snr1,2838193.783414044,2774741.069247097,2899990.0862816344,16
SU2-HaarU4-brickwork,8,0.0,10000,random_rank,actual_retention,0.03102285991431267,0.03020007361800254,0.031980888768578346,16
SU2-HaarU4-brickwork,8,0.0,10000,random_rank,rho,0.9888536597687176,0.9627723718751334,1.0189663464137169,16
SU2-HaarU4-brickwork,8,0.0,10000,random_rank,expected_scalar_directional_grad2,0.0018734914204691438,0.0018212414956365064,0.0019312824877645409,16
SU2-HaarU4-brickwork,8,0.0,10000,random_rank,estimated_parameter_gradient_norm2,2.1582621163805005,2.099447271982289,2.2264446938576046,16
SU2-HaarU4-brickwork,8,0.0,10000,random_rank,finite_difference_snr_mean,0.0605129161087688,0.05787596532471393,0.06326783645914842,16
SU2-HaarU4-brickwork,8,0.0,10000,random_rank,linearized_shots_for_snr1,2678124.8317437368,2599862.518172743,2749379.3694735426,16
SU2-HaarU4-brickwork,8,0.01,100,aligned_crossfit,actual_retention,0.08839749428249208,0.08678812747473684,0.09014586405509482,16
SU2-HaarU4-brickwork,8,0.01,100,aligned_crossfit,rho,2.8176701302544367,2.7673735424977037,2.8720886751696497,16
SU2-HaarU4-brickwork,8,0.01,100,aligned_crossfit,expected_scalar_directional_grad2,0.004108940238889337,0.0040282209760310545,0.0041956705893243,16
SU2-HaarU4-brickwork,8,0.01,100,aligned_crossfit,estimated_parameter_gradient_norm2,4.733499155200575,4.63890842611182,4.8326250849867955,16
SU2-HaarU4-brickwork,8,0.01,100,aligned_crossfit,finite_difference_snr_mean,0.009031808243897937,0.008684659582215072,0.009394307265208898,16
SU2-HaarU4-brickwork,8,0.01,100,aligned_crossfit,linearized_shots_for_snr1,1218907.4189365047,1193615.1786403095,1242527.5195217244,16
SU2-HaarU4-brickwork,8,0.01,100,physical,actual_retention,0.03681238183178358,0.035953636559361624,0.037696895740400464,16
SU2-HaarU4-brickwork,8,0.01,100,physical,rho,1.1733946708881031,1.1462252348783908,1.2015708977517283,16
SU2-HaarU4-brickwork,8,0.01,100,physical,expected_scalar_directional_grad2,0.0016934215932905314,0.001656924032625718,0.0017321746749633425,16
SU2-HaarU4-brickwork,8,0.01,100,physical,estimated_parameter_gradient_norm2,1.950821675470749,1.9084048629057981,1.9960311128721373,16
SU2-HaarU4-brickwork,8,0.01,100,physical,finite_difference_snr_mean,0.005810559168147737,0.005584088830258046,0.006049443876606495,16
SU2-HaarU4-brickwork,8,0.01,100,physical,linearized_shots_for_snr1,2958756.763043115,2891820.8658558778,3022141.5375078237,16
SU2-HaarU4-brickwork,8,0.01,100,random_rank,actual_retention,0.030764278408406637,0.0300093273036974,0.03167945000769396,16
SU2-HaarU4-brickwork,8,0.01,100,random_rank,rho,0.9806113742679632,0.9564378007630087,1.0091395778111112,16
SU2-HaarU4-brickwork,8,0.01,100,random_rank,expected_scalar_directional_grad2,0.0014146888895040376,0.0013806217262025127,0.0014525454161921285,16
SU2-HaarU4-brickwork,8,0.01,100,random_rank,estimated_parameter_gradient_norm2,1.6297216007087014,1.5914021563486511,1.6725903432899956,16
SU2-HaarU4-brickwork,8,0.01,100,random_rank,finite_difference_snr_mean,0.005264979126546906,0.0050359563234331555,0.00550285978574934,16
SU2-HaarU4-brickwork,8,0.01,100,random_rank,linearized_shots_for_snr1,3543291.7162437905,3454739.172359909,3624221.297083968,16
SU2-HaarU4-brickwork,8,0.01,1000,aligned_crossfit,actual_retention,0.08839749428249208,0.08678291425504248,0.09008260374221365,16
SU2-HaarU4-brickwork,8,0.01,1000,aligned_crossfit,rho,2.8176701302544367,2.765429949852364,2.87187795560972,16
SU2-HaarU4-brickwork,8,0.01,1000,aligned_crossfit,expected_scalar_directional_grad2,0.004108940238889337,0.004027956783033506,0.004194075822144652,16
SU2-HaarU4-brickwork,8,0.01,1000,aligned_crossfit,estimated_parameter_gradient_norm2,4.733499155200575,4.640429937413069,4.833732628660833,16
SU2-HaarU4-brickwork,8,0.01,1000,aligned_crossfit,finite_difference_snr_mean,0.02856108544060313,0.027472960484617875,0.029710227216443806,16
SU2-HaarU4-brickwork,8,0.01,1000,aligned_crossfit,linearized_shots_for_snr1,1218907.4189365047,1194138.587811798,1242921.8285640844,16
SU2-HaarU4-brickwork,8,0.01,1000,physical,actual_retention,0.03681238183178358,0.03595612677012118,0.037690751564819595,16
SU2-HaarU4-brickwork,8,0.01,1000,physical,rho,1.1733946708881031,1.145924619875182,1.2012894027559036,16
SU2-HaarU4-brickwork,8,0.01,1000,physical,expected_scalar_directional_grad2,0.0016934215932905314,0.0016564072018389559,0.0017327590286535753,16
SU2-HaarU4-brickwork,8,0.01,1000,physical,estimated_parameter_gradient_norm2,1.950821675470749,1.907598140912034,1.9973943417736082,16
SU2-HaarU4-brickwork,8,0.01,1000,physical,finite_difference_snr_mean,0.018374601450520278,0.017647615124960016,0.019130976548059994,16
SU2-HaarU4-brickwork,8,0.01,1000,physical,linearized_shots_for_snr1,2958756.763043115,2892554.212932906,3023339.6829714817,16
SU2-HaarU4-brickwork,8,0.01,1000,random_rank,actual_retention,0.030764278408406637,0.030008441105552404,0.03165522482298331,16
SU2-HaarU4-brickwork,8,0.01,1000,random_rank,rho,0.9806113742679632,0.9567636366930741,1.0092108558336763,16
SU2-HaarU4-brickwork,8,0.01,1000,random_rank,expected_scalar_directional_grad2,0.0014146888895040376,0.0013808016682788473,0.001453086975046577,16
SU2-HaarU4-brickwork,8,0.01,1000,random_rank,estimated_parameter_gradient_norm2,1.6297216007087014,1.591550464175299,1.6732398467665006,16
SU2-HaarU4-brickwork,8,0.01,1000,random_rank,finite_difference_snr_mean,0.016649325873132195,0.015940458240239774,0.017413783887985926,16
SU2-HaarU4-brickwork,8,0.01,1000,random_rank,linearized_shots_for_snr1,3543291.7162437905,3454593.4887122167,3626012.4472593744,16
SU2-HaarU4-brickwork,8,0.01,10000,aligned_crossfit,actual_retention,0.08839749428249208,0.0867778471499302,0.09008911964731321,16
SU2-HaarU4-brickwork,8,0.01,10000,aligned_crossfit,rho,2.8176701302544367,2.767308373764189,2.8727543635839714,16
SU2-HaarU4-brickwork,8,0.01,10000,aligned_crossfit,expected_scalar_directional_grad2,0.004108940238889337,0.00402911901329353,0.004192220072652022,16
SU2-HaarU4-brickwork,8,0.01,10000,aligned_crossfit,estimated_parameter_gradient_norm2,4.733499155200575,4.642282374128229,4.828530368734432,16
SU2-HaarU4-brickwork,8,0.01,10000,aligned_crossfit,finite_difference_snr_mean,0.09031808243897974,0.08676277355007184,0.09399365707721379,16
SU2-HaarU4-brickwork,8,0.01,10000,aligned_crossfit,linearized_shots_for_snr1,1218907.4189365047,1194341.8358525974,1243121.7078141668,16
SU2-HaarU4-brickwork,8,0.01,10000,physical,actual_retention,0.03681238183178358,0.03597146432482665,0.03768777259867687,16
SU2-HaarU4-brickwork,8,0.01,10000,physical,rho,1.1733946708881031,1.1457689856674171,1.201667346413401,16
SU2-HaarU4-brickwork,8,0.01,10000,physical,expected_scalar_directional_grad2,0.0016934215932905314,0.0016557128492358435,0.001733847136874187,16
SU2-HaarU4-brickwork,8,0.01,10000,physical,estimated_parameter_gradient_norm2,1.950821675470749,1.9082357402826697,1.997703165572299,16
SU2-HaarU4-brickwork,8,0.01,10000,physical,finite_difference_snr_mean,0.05810559168147788,0.05583247260927085,0.06044788531114478,16
SU2-HaarU4-brickwork,8,0.01,10000,physical,linearized_shots_for_snr1,2958756.763043115,2892279.92425886,3022975.369167525,16
SU2-HaarU4-brickwork,8,0.01,10000,random_rank,actual_retention,0.030764278408406637,0.03001898080009736,0.031658569180497205,16
SU2-HaarU4-brickwork,8,0.01,10000,random_rank,rho,0.9806113742679632,0.9572281982734193,1.0090516880277793,16
SU2-HaarU4-brickwork,8,0.01,10000,random_rank,expected_scalar_directional_grad2,0.0014146888895040376,0.0013810754623169907,0.0014527870989558625,16
SU2-HaarU4-brickwork,8,0.01,10000,random_rank,estimated_parameter_gradient_norm2,1.6297216007087014,1.5906957246182722,1.6725514603094849,16
SU2-HaarU4-brickwork,8,0.01,10000,random_rank,finite_difference_snr_mean,0.0526497912654694,0.05038836050882116,0.05508876345818847,16
SU2-HaarU4-brickwork,8,0.01,10000,random_rank,linearized_shots_for_snr1,3543291.7162437905,3455241.254634148,3625683.926360741,16
SU2-HaarU4-brickwork,8,0.03,100,aligned_crossfit,actual_retention,0.09337803402278978,0.09171459726476967,0.09519633683826433,16
SU2-HaarU4-brickwork,8,0.03,100,aligned_crossfit,rho,2.9764248344764264,2.9224622661030013,3.03714773020438,16
SU2-HaarU4-brickwork,8,0.03,100,aligned_crossfit,expected_scalar_directional_grad2,0.0029512477494599313,0.0028966963464829043,0.003009343199582024,16
SU2-HaarU4-brickwork,8,0.03,100,aligned_crossfit,estimated_parameter_gradient_norm2,3.3998374073778943,3.339103822441437,3.466670993679392,16
SU2-HaarU4-brickwork,8,0.03,100,aligned_crossfit,finite_difference_snr_mean,0.007663778198785019,0.007353791354432811,0.007985051843625824,16
SU2-HaarU4-brickwork,8,0.03,100,aligned_crossfit,linearized_shots_for_snr1,1696748.4920757418,1664240.9248163295,1728005.5016010578,16
SU2-HaarU4-brickwork,8,0.03,100,physical,actual_retention,0.049582486673332385,0.04845947606765819,0.05071944907187741,16
SU2-HaarU4-brickwork,8,0.03,100,physical,rho,1.5804417627124712,1.5445165057437769,1.616097544256176,16
SU2-HaarU4-brickwork,8,0.03,100,physical,expected_scalar_directional_grad2,0.0015547924300043001,0.0015208028970346552,0.0015916558890096948,16
SU2-HaarU4-brickwork,8,0.03,100,physical,estimated_parameter_gradient_norm2,1.7911208793650053,1.7519561428854287,1.8334251709925138,16
SU2-HaarU4-brickwork,8,0.03,100,physical,finite_difference_snr_mean,0.005570453411885931,0.005350363950269886,0.005795564880878959,16
SU2-HaarU4-brickwork,8,0.03,100,physical,linearized_shots_for_snr1,3222627.675173804,3151412.281782975,3294016.774746873,16
SU2-HaarU4-brickwork,8,0.03,100,random_rank,actual_retention,0.03074315548673652,0.03002220172475769,0.03161345715134577,16
SU2-HaarU4-brickwork,8,0.03,100,random_rank,rho,0.9799380811397287,0.9574188255345261,1.0081440511211832,16
SU2-HaarU4-brickwork,8,0.03,100,random_rank,expected_scalar_directional_grad2,0.0009612278004519437,0.0009390693452698167,0.0009863943708453278,16
SU2-HaarU4-brickwork,8,0.03,100,random_rank,estimated_parameter_gradient_norm2,1.107334426120703,1.0816692536421302,1.1363227355314167,16
SU2-HaarU4-brickwork,8,0.03,100,random_rank,finite_difference_snr_mean,0.004341615233481444,0.0041514552283392556,0.004545213573151466,16
SU2-HaarU4-brickwork,8,0.03,100,random_rank,linearized_shots_for_snr1,5214489.570273051,5086659.297532494,5330264.662715719,16
SU2-HaarU4-brickwork,8,0.03,1000,aligned_crossfit,actual_retention,0.09337803402278978,0.0917047224342157,0.09526232306649277,16
SU2-HaarU4-brickwork,8,0.03,1000,aligned_crossfit,rho,2.9764248344764264,2.922412174547829,3.0358667197981863,16
SU2-HaarU4-brickwork,8,0.03,1000,aligned_crossfit,expected_scalar_directional_grad2,0.0029512477494599313,0.002897218860678895,0.003009719955350173,16
SU2-HaarU4-brickwork,8,0.03,1000,aligned_crossfit,estimated_parameter_gradient_norm2,3.3998374073778943,3.3370712206617106,3.4676051689850866,16
SU2-HaarU4-brickwork,8,0.03,1000,aligned_crossfit,finite_difference_snr_mean,0.02423499459050344,0.023267240167775424,0.02529541413036941,16
SU2-HaarU4-brickwork,8,0.03,1000,aligned_crossfit,linearized_shots_for_snr1,1696748.4920757418,1663978.2503020524,1728275.835903248,16
SU2-HaarU4-brickwork,8,0.03,1000,physical,actual_retention,0.049582486673332385,0.04848284338512765,0.050732955013030046,16
SU2-HaarU4-brickwork,8,0.03,1000,physical,rho,1.5804417627124712,1.5450276659339466,1.6169854378022925,16
SU2-HaarU4-brickwork,8,0.03,1000,physical,expected_scalar_directional_grad2,0.0015547924300043001,0.0015206789685826656,0.0015917799063124064,16
SU2-HaarU4-brickwork,8,0.03,1000,physical,estimated_parameter_gradient_norm2,1.7911208793650053,1.7525430147313552,1.8325219682561906,16
SU2-HaarU4-brickwork,8,0.03,1000,physical,finite_difference_snr_mean,0.01761532038141572,0.0169068186137777,0.018354122134715656,16
SU2-HaarU4-brickwork,8,0.03,1000,physical,linearized_shots_for_snr1,3222627.675173804,3148445.622444822,3293986.5757327885,16
SU2-HaarU4-brickwork,8,0.03,1000,random_rank,actual_retention,0.03074315548673652,0.030015848926086754,0.03163125473382891,16
SU2-HaarU4-brickwork,8,0.03,1000,random_rank,rho,0.9799380811397287,0.9573303203257932,1.0088823551632256,16
SU2-HaarU4-brickwork,8,0.03,1000,random_rank,expected_scalar_directional_grad2,0.0009612278004519437,0.000939060136900749,0.0009862331113253292,16
SU2-HaarU4-brickwork,8,0.03,1000,random_rank,estimated_parameter_gradient_norm2,1.107334426120703,1.0809847336813094,1.137341792236899,16
SU2-HaarU4-brickwork,8,0.03,1000,random_rank,finite_difference_snr_mean,0.013729392861885193,0.013105110231225231,0.014389740651219129,16
SU2-HaarU4-brickwork,8,0.03,1000,random_rank,linearized_shots_for_snr1,5214489.570273051,5084002.6317091985,5332391.839671926,16
SU2-HaarU4-brickwork,8,0.03,10000,aligned_crossfit,actual_retention,0.09337803402278978,0.09172641928758296,0.0952113281384845,16
SU2-HaarU4-brickwork,8,0.03,10000,aligned_crossfit,rho,2.9764248344764264,2.922075539132789,3.035281403500582,16
SU2-HaarU4-brickwork,8,0.03,10000,aligned_crossfit,expected_scalar_directional_grad2,0.0029512477494599313,0.0028974886942864987,0.0030092514736851867,16
SU2-HaarU4-brickwork,8,0.03,10000,aligned_crossfit,estimated_parameter_gradient_norm2,3.3998374073778943,3.338175879149763,3.467095414280723,16
SU2-HaarU4-brickwork,8,0.03,10000,aligned_crossfit,finite_difference_snr_mean,0.0766377819878507,0.07357323528044826,0.07987114339589986,16
SU2-HaarU4-brickwork,8,0.03,10000,aligned_crossfit,linearized_shots_for_snr1,1696748.4920757418,1663668.0766348555,1728134.9770126294,16
SU2-HaarU4-brickwork,8,0.03,10000,physical,actual_retention,0.049582486673332385,0.04848206394487314,0.05074214227929371,16
SU2-HaarU4-brickwork,8,0.03,10000,physical,rho,1.5804417627124712,1.545599610667095,1.6168504472789276,16
SU2-HaarU4-brickwork,8,0.03,10000,physical,expected_scalar_directional_grad2,0.0015547924300043001,0.0015209352416715434,0.0015912159261598775,16
SU2-HaarU4-brickwork,8,0.03,10000,physical,estimated_parameter_gradient_norm2,1.7911208793650053,1.7519404565215286,1.8336757511968549,16
SU2-HaarU4-brickwork,8,0.03,10000,physical,finite_difference_snr_mean,0.05570453411885974,0.05347818928675027,0.057980235329153404,16
SU2-HaarU4-brickwork,8,0.03,10000,physical,linearized_shots_for_snr1,3222627.675173804,3149151.2416982194,3293836.015272858,16
SU2-HaarU4-brickwork,8,0.03,10000,random_rank,actual_retention,0.03074315548673652,0.030010258825572414,0.031609340364020876,16
SU2-HaarU4-brickwork,8,0.03,10000,random_rank,rho,0.9799380811397287,0.9568417179865661,1.008044385522203,16
SU2-HaarU4-brickwork,8,0.03,10000,random_rank,expected_scalar_directional_grad2,0.0009612278004519437,0.0009395223582377278,0.0009869032244115975,16
SU2-HaarU4-brickwork,8,0.03,10000,random_rank,estimated_parameter_gradient_norm2,1.107334426120703,1.081523998585733,1.136478125454205,16
SU2-HaarU4-brickwork,8,0.03,10000,random_rank,finite_difference_snr_mean,0.043416152334814884,0.04147609645251234,0.04548071313715166,16
SU2-HaarU4-brickwork,8,0.03,10000,random_rank,linearized_shots_for_snr1,5214489.570273051,5086561.741250298,5332863.488822796,16
SU2-HaarU4-brickwork,8,0.05,100,aligned_crossfit,actual_retention,0.10017106912776091,0.09827116528645699,0.10220976950697327,16
SU2-HaarU4-brickwork,8,0.05,100,aligned_crossfit,rho,3.192952828447381,3.131910692077387,3.258714962014975,16
SU2-HaarU4-brickwork,8,0.05,100,aligned_crossfit,expected_scalar_directional_grad2,0.002260577585342363,0.002217862553673274,0.0023050615461780713,16
SU2-HaarU4-brickwork,8,0.05,100,aligned_crossfit,estimated_parameter_gradient_norm2,2.6041853783144653,2.553925953740479,2.6566314901434147,16
SU2-HaarU4-brickwork,8,0.05,100,aligned_crossfit,finite_difference_snr_mean,0.006691245252975469,0.006417310462490373,0.0069691534265295535,16
SU2-HaarU4-brickwork,8,0.05,100,aligned_crossfit,linearized_shots_for_snr1,2215313.191787607,2172387.0226464416,2257068.7274559853,16
SU2-HaarU4-brickwork,8,0.05,100,physical,actual_retention,0.06340253924854515,0.06205899338396112,0.06483587580665501,16
SU2-HaarU4-brickwork,8,0.05,100,physical,rho,2.0209559385473783,1.9775330959102828,2.065994298243844,16
SU2-HaarU4-brickwork,8,0.05,100,physical,expected_scalar_directional_grad2,0.001422873740700475,0.0013917407902044926,0.0014560999428532293,16
SU2-HaarU4-brickwork,8,0.05,100,physical,estimated_parameter_gradient_norm2,1.6391505492870209,1.602854650943275,1.677333775138649,16
SU2-HaarU4-brickwork,8,0.05,100,physical,finite_difference_snr_mean,0.005331407165382612,0.0051189141482237055,0.005550124805610042,16
SU2-HaarU4-brickwork,8,0.05,100,physical,linearized_shots_for_snr1,3521457.9416170693,3441972.538715858,3599075.153739734,16
SU2-HaarU4-brickwork,8,0.05,100,random_rank,actual_retention,0.03078494164247436,0.03005132546875754,0.03165524579050842,16
SU2-HaarU4-brickwork,8,0.05,100,random_rank,rho,0.981270014853872,0.9577928394539272,1.009597772227534,16
SU2-HaarU4-brickwork,8,0.05,100,random_rank,expected_scalar_directional_grad2,0.0006870414903101688,0.0006707368169421155,0.0007054711365252727,16
SU2-HaarU4-brickwork,8,0.05,100,random_rank,estimated_parameter_gradient_norm2,0.7914717968373706,0.7730546964142109,0.8127028158261786,16
SU2-HaarU4-brickwork,8,0.05,100,random_rank,finite_difference_snr_mean,0.0036729652867411185,0.0035049694317787375,0.0038525154296330856,16
SU2-HaarU4-brickwork,8,0.05,100,random_rank,linearized_shots_for_snr1,7296314.381061388,7113676.832725128,7463862.877035787,16
SU2-HaarU4-brickwork,8,0.05,1000,aligned_crossfit,actual_retention,0.10017106912776091,0.09825915197017245,0.10225293903465499,16
SU2-HaarU4-brickwork,8,0.05,1000,aligned_crossfit,rho,3.192952828447381,3.1330526173625497,3.258645647904441,16
SU2-HaarU4-brickwork,8,0.05,1000,aligned_crossfit,expected_scalar_directional_grad2,0.002260577585342363,0.002218611848744999,0.002305466292531508,16
SU2-HaarU4-brickwork,8,0.05,1000,aligned_crossfit,estimated_parameter_gradient_norm2,2.6041853783144653,2.5546808692678105,2.6573283585499503,16
SU2-HaarU4-brickwork,8,0.05,1000,aligned_crossfit,finite_difference_snr_mean,0.021159575382192115,0.020290683242561683,0.02204224735914301,16
SU2-HaarU4-brickwork,8,0.05,1000,aligned_crossfit,linearized_shots_for_snr1,2215313.191787607,2171536.413966045,2258056.8917874154,16
SU2-HaarU4-brickwork,8,0.05,1000,physical,actual_retention,0.06340253924854515,0.06200735557860424,0.06481503865752195,16
SU2-HaarU4-brickwork,8,0.05,1000,physical,rho,2.0209559385473783,1.977135638370617,2.066256610483584,16
SU2-HaarU4-brickwork,8,0.05,1000,physical,expected_scalar_directional_grad2,0.001422873740700475,0.0013917472078477456,0.0014552041595812786,16
SU2-HaarU4-brickwork,8,0.05,1000,physical,estimated_parameter_gradient_norm2,1.6391505492870209,1.603527572299745,1.677670659412297,16
SU2-HaarU4-brickwork,8,0.05,1000,physical,finite_difference_snr_mean,0.01685938977635109,0.01618493838637104,0.01754566314520668,16
SU2-HaarU4-brickwork,8,0.05,1000,physical,linearized_shots_for_snr1,3521457.9416170693,3442458.979656333,3598413.4843507325,16
SU2-HaarU4-brickwork,8,0.05,1000,random_rank,actual_retention,0.03078494164247436,0.030049339422820023,0.031635116829831035,16
SU2-HaarU4-brickwork,8,0.05,1000,random_rank,rho,0.981270014853872,0.9578737099277869,1.009701835828431,16
SU2-HaarU4-brickwork,8,0.05,1000,random_rank,expected_scalar_directional_grad2,0.0006870414903101688,0.0006705056701017235,0.0007055351313629475,16
SU2-HaarU4-brickwork,8,0.05,1000,random_rank,estimated_parameter_gradient_norm2,0.7914717968373706,0.7725046093903751,0.8129050735394534,16
SU2-HaarU4-brickwork,8,0.05,1000,random_rank,finite_difference_snr_mean,0.011614936072835475,0.011095870921499044,0.012177238800754454,16
SU2-HaarU4-brickwork,8,0.05,1000,random_rank,linearized_shots_for_snr1,7296314.381061388,7109117.547888742,7468140.232711988,16
SU2-HaarU4-brickwork,8,0.05,10000,aligned_crossfit,actual_retention,0.10017106912776091,0.0982817498182156,0.10218352098718353,16
SU2-HaarU4-brickwork,8,0.05,10000,aligned_crossfit,rho,3.192952828447381,3.1328413278178777,3.258786443041223,16
SU2-HaarU4-brickwork,8,0.05,10000,aligned_crossfit,expected_scalar_directional_grad2,0.002260577585342363,0.0022161021659834468,0.002306846080872733,16
SU2-HaarU4-brickwork,8,0.05,10000,aligned_crossfit,estimated_parameter_gradient_norm2,2.6041853783144653,2.5546575842186856,2.6561195646506457,16
SU2-HaarU4-brickwork,8,0.05,10000,aligned_crossfit,finite_difference_snr_mean,0.06691245252975504,0.06425412204228012,0.06974323747563915,16
SU2-HaarU4-brickwork,8,0.05,10000,aligned_crossfit,linearized_shots_for_snr1,2215313.191787607,2172114.6763481773,2257605.322041656,16
SU2-HaarU4-brickwork,8,0.05,10000,physical,actual_retention,0.06340253924854515,0.062037280037583846,0.06483179984306872,16
SU2-HaarU4-brickwork,8,0.05,10000,physical,rho,2.0209559385473783,1.9772247289741474,2.065950248686226,16
SU2-HaarU4-brickwork,8,0.05,10000,physical,expected_scalar_directional_grad2,0.001422873740700475,0.0013915985151500656,0.0014566688471401702,16
SU2-HaarU4-brickwork,8,0.05,10000,physical,estimated_parameter_gradient_norm2,1.6391505492870209,1.6028226969373291,1.6779116656798707,16
SU2-HaarU4-brickwork,8,0.05,10000,physical,finite_difference_snr_mean,0.05331407165382637,0.05120096198779884,0.05551267019333099,16
SU2-HaarU4-brickwork,8,0.05,10000,physical,linearized_shots_for_snr1,3521457.9416170693,3442578.797807342,3600245.5585351735,16
SU2-HaarU4-brickwork,8,0.05,10000,random_rank,actual_retention,0.03078494164247436,0.030042152569875063,0.031663297094635376,16
SU2-HaarU4-brickwork,8,0.05,10000,random_rank,rho,0.981270014853872,0.9575109335206629,1.0089843268671421,16
SU2-HaarU4-brickwork,8,0.05,10000,random_rank,expected_scalar_directional_grad2,0.0006870414903101688,0.0006707480558292266,0.0007054614020078726,16
SU2-HaarU4-brickwork,8,0.05,10000,random_rank,estimated_parameter_gradient_norm2,0.7914717968373706,0.7724277144680963,0.8122922472947628,16
SU2-HaarU4-brickwork,8,0.05,10000,random_rank,finite_difference_snr_mean,0.03672965286741155,0.03509348827306368,0.03849224646447464,16
SU2-HaarU4-brickwork,8,0.05,10000,random_rank,linearized_shots_for_snr1,7296314.381061388,7113563.461389975,7465827.040852528,16
SU2-HaarU4-brickwork,10,0.0,100,aligned_crossfit,actual_retention,0.04296809321729346,0.04208115745122724,0.04383189673533316,16
SU2-HaarU4-brickwork,10,0.0,100,aligned_crossfit,rho,4.395635936129125,4.306020440839413,4.485300113577356,16
SU2-HaarU4-brickwork,10,0.0,100,aligned_crossfit,expected_scalar_directional_grad2,0.0021019708163926877,0.0020587526243817235,0.002146495474711241,16
SU2-HaarU4-brickwork,10,0.0,100,aligned_crossfit,estimated_parameter_gradient_norm2,3.7835474695069173,3.7043912362418743,3.864781913485452,16
SU2-HaarU4-brickwork,10,0.0,100,aligned_crossfit,finite_difference_snr_mean,0.006249346379623719,0.0060464311036189195,0.006451286241272108,16
SU2-HaarU4-brickwork,10,0.0,100,aligned_crossfit,linearized_shots_for_snr1,2383114.7303772904,2332561.221309477,2433344.9028585767,16
SU2-HaarU4-brickwork,10,0.0,100,physical,actual_retention,0.009317307423358769,0.009136257713232529,0.009495612013859305,16
SU2-HaarU4-brickwork,10,0.0,100,physical,rho,0.9531605494096074,0.9349995954008453,0.9716468557808076,16
SU2-HaarU4-brickwork,10,0.0,100,physical,expected_scalar_directional_grad2,0.0004531596014616875,0.0004438132041036353,0.0004626631613496842,16
SU2-HaarU4-brickwork,10,0.0,100,physical,estimated_parameter_gradient_norm2,0.8156872826311479,0.7983074554561942,0.8330667082930743,16
SU2-HaarU4-brickwork,10,0.0,100,physical,finite_difference_snr_mean,0.0029414334853891688,0.002842896122831769,0.003053957069253662,16
SU2-HaarU4-brickwork,10,0.0,100,physical,linearized_shots_for_snr1,11053664.398873236,10822289.632940754,11284070.282660108,16
SU2-HaarU4-brickwork,10,0.0,100,random_rank,actual_retention,0.009836660211375031,0.009621930103917896,0.010057844121428697,16
SU2-HaarU4-brickwork,10,0.0,100,random_rank,rho,1.0062903396236709,0.9842505327973642,1.0284123220097814,16
SU2-HaarU4-brickwork,10,0.0,100,random_rank,expected_scalar_directional_grad2,0.0004782800467700375,0.0004681049685294944,0.0004887702516656812,16
SU2-HaarU4-brickwork,10,0.0,100,random_rank,estimated_parameter_gradient_norm2,0.8609040841861764,0.8422620475750868,0.8797179131858457,16
SU2-HaarU4-brickwork,10,0.0,100,random_rank,finite_difference_snr_mean,0.003045737036354127,0.0029324450182048,0.0031557785513381003,16
SU2-HaarU4-brickwork,10,0.0,100,random_rank,linearized_shots_for_snr1,10474842.891726892,10245882.135547297,10699149.346220423,16
SU2-HaarU4-brickwork,10,0.0,1000,aligned_crossfit,actual_retention,0.04296809321729346,0.04210763367681736,0.04383031451126468,16
SU2-HaarU4-brickwork,10,0.0,1000,aligned_crossfit,rho,4.395635936129125,4.305683388100353,4.484101937819609,16
SU2-HaarU4-brickwork,10,0.0,1000,aligned_crossfit,expected_scalar_directional_grad2,0.0021019708163926877,0.0020572758000529075,0.002144967722209659,16
SU2-HaarU4-brickwork,10,0.0,1000,aligned_crossfit,estimated_parameter_gradient_norm2,3.7835474695069173,3.704018493460343,3.8625710535912887,16
SU2-HaarU4-brickwork,10,0.0,1000,aligned_crossfit,finite_difference_snr_mean,0.019762168446938226,0.019099593870527686,0.0204084329239958,16
SU2-HaarU4-brickwork,10,0.0,1000,aligned_crossfit,linearized_shots_for_snr1,2383114.7303772904,2332555.0166592193,2433698.7771783844,16
SU2-HaarU4-brickwork,10,0.0,1000,physical,actual_retention,0.009317307423358769,0.009137627498217756,0.009499289578196334,16
SU2-HaarU4-brickwork,10,0.0,1000,physical,rho,0.9531605494096074,0.9343381178190553,0.971979877104188,16
SU2-HaarU4-brickwork,10,0.0,1000,physical,expected_scalar_directional_grad2,0.0004531596014616875,0.00044377565575092094,0.0004624623957964614,16
SU2-HaarU4-brickwork,10,0.0,1000,physical,estimated_parameter_gradient_norm2,0.8156872826311479,0.7986034879726788,0.8325346165795665,16
SU2-HaarU4-brickwork,10,0.0,1000,physical,finite_difference_snr_mean,0.009301629399717381,0.008985256707535264,0.009669759464508581,16
SU2-HaarU4-brickwork,10,0.0,1000,physical,linearized_shots_for_snr1,11053664.398873236,10827298.524965841,11284015.515476247,16
SU2-HaarU4-brickwork,10,0.0,1000,random_rank,actual_retention,0.009836660211375031,0.009620188234408347,0.010057890727368235,16
SU2-HaarU4-brickwork,10,0.0,1000,random_rank,rho,1.0062903396236709,0.9840634689601753,1.0289812614741811,16
SU2-HaarU4-brickwork,10,0.0,1000,random_rank,expected_scalar_directional_grad2,0.0004782800467700375,0.0004679473433018366,0.0004888904162265887,16
SU2-HaarU4-brickwork,10,0.0,1000,random_rank,estimated_parameter_gradient_norm2,0.8609040841861764,0.8422732855461768,0.880249822021615,16
SU2-HaarU4-brickwork,10,0.0,1000,random_rank,finite_difference_snr_mean,0.009631466188810103,0.009279923574791222,0.009983989256282718,16
SU2-HaarU4-brickwork,10,0.0,1000,random_rank,linearized_shots_for_snr1,10474842.891726892,10248517.708921073,10708193.296328278,16
SU2-HaarU4-brickwork,10,0.0,10000,aligned_crossfit,actual_retention,0.04296809321729346,0.04208567507002504,0.04382946772339446,16
SU2-HaarU4-brickwork,10,0.0,10000,aligned_crossfit,rho,4.395635936129125,4.306744897223873,4.484293405840004,16
SU2-HaarU4-brickwork,10,0.0,10000,aligned_crossfit,expected_scalar_directional_grad2,0.0021019708163926877,0.002058054589629802,0.0021450307242289633,16
SU2-HaarU4-brickwork,10,0.0,10000,aligned_crossfit,estimated_parameter_gradient_norm2,3.7835474695069173,3.7032900093786947,3.8622876000579383,16
SU2-HaarU4-brickwork,10,0.0,10000,aligned_crossfit,finite_difference_snr_mean,0.062493463796237186,0.060385576793619195,0.06448943872005206,16
SU2-HaarU4-brickwork,10,0.0,10000,aligned_crossfit,linearized_shots_for_snr1,2383114.7303772904,2332524.9418580057,2434063.329976818,16
SU2-HaarU4-brickwork,10,0.0,10000,physical,actual_retention,0.009317307423358769,0.009137279396360788,0.009502159321257638,16
SU2-HaarU4-brickwork,10,0.0,10000,physical,rho,0.9531605494096074,0.9351279648236704,0.9721257172457878,16
SU2-HaarU4-brickwork,10,0.0,10000,physical,expected_scalar_directional_grad2,0.0004531596014616875,0.0004438018174493453,0.00046276374653367346,16
SU2-HaarU4-brickwork,10,0.0,10000,physical,estimated_parameter_gradient_norm2,0.8156872826311479,0.7987548660692054,0.833079328005432,16
SU2-HaarU4-brickwork,10,0.0,10000,physical,finite_difference_snr_mean,0.029414334853891687,0.028405003557651777,0.03054298720084221,16
SU2-HaarU4-brickwork,10,0.0,10000,physical,linearized_shots_for_snr1,11053664.398873236,10825062.670231868,11287889.090251198,16
SU2-HaarU4-brickwork,10,0.0,10000,random_rank,actual_retention,0.009836660211375031,0.009628593131003347,0.010063571682928082,16
SU2-HaarU4-brickwork,10,0.0,10000,random_rank,rho,1.0062903396236709,0.9841742765042979,1.0287395203567786,16
SU2-HaarU4-brickwork,10,0.0,10000,random_rank,expected_scalar_directional_grad2,0.0004782800467700375,0.00046818417883331634,0.0004889670568086705,16
SU2-HaarU4-brickwork,10,0.0,10000,random_rank,estimated_parameter_gradient_norm2,0.8609040841861764,0.842612108109607,0.8802770247157911,16
SU2-HaarU4-brickwork,10,0.0,10000,random_rank,finite_difference_snr_mean,0.03045737036354127,0.02932754540388391,0.031572898284489316,16
SU2-HaarU4-brickwork,10,0.0,10000,random_rank,linearized_shots_for_snr1,10474842.891726892,10241048.174846426,10701275.720019106,16
SU2-HaarU4-brickwork,10,0.01,100,aligned_crossfit,actual_retention,0.04440379163877857,0.043478409602689526,0.04530209950581162,16
SU2-HaarU4-brickwork,10,0.01,100,aligned_crossfit,rho,4.542507884647051,4.447896079335215,4.635619447545311,16
SU2-HaarU4-brickwork,10,0.01,100,aligned_crossfit,expected_scalar_directional_grad2,0.0015600136023833813,0.0015285266947715624,0.0015914745542561035,16
SU2-HaarU4-brickwork,10,0.01,100,aligned_crossfit,estimated_parameter_gradient_norm2,2.808024484290177,2.75129780351114,2.864340192850133,16
SU2-HaarU4-brickwork,10,0.01,100,aligned_crossfit,finite_difference_snr_mean,0.005413768476833501,0.005256738904944714,0.005575231505174855,16
SU2-HaarU4-brickwork,10,0.01,100,aligned_crossfit,linearized_shots_for_snr1,3210511.4147427734,3147075.838589845,3276126.3303108923,16
SU2-HaarU4-brickwork,10,0.01,100,physical,actual_retention,0.012444685320730469,0.012222430544420019,0.012666515228182396,16
SU2-HaarU4-brickwork,10,0.01,100,physical,rho,1.2730913083107318,1.2505791618907738,1.2963320333338646,16
SU2-HaarU4-brickwork,10,0.01,100,physical,expected_scalar_directional_grad2,0.00043502783210158126,0.0004261586114750655,0.00044410520638885813,16
SU2-HaarU4-brickwork,10,0.01,100,physical,estimated_parameter_gradient_norm2,0.7830500977829223,0.7666911251631086,0.7994357486878,16
SU2-HaarU4-brickwork,10,0.01,100,physical,finite_difference_snr_mean,0.0028820558067153,0.0027852336785484802,0.00299210862934294,16
SU2-HaarU4-brickwork,10,0.01,100,physical,linearized_shots_for_snr1,11514441.794293009,11279008.021762671,11756096.865507383,16
SU2-HaarU4-brickwork,10,0.01,100,random_rank,actual_retention,0.009867396184868205,0.009647979719078876,0.010096343554385304,16
SU2-HaarU4-brickwork,10,0.01,100,random_rank,rho,1.009434629712022,0.9871129267757486,1.0336469046532022,16
SU2-HaarU4-brickwork,10,0.01,100,random_rank,expected_scalar_directional_grad2,0.00034474582475353124,0.00033685286956246956,0.0003534360319235539,16
SU2-HaarU4-brickwork,10,0.01,100,random_rank,estimated_parameter_gradient_norm2,0.62054248455645,0.6058098644912427,0.6358929911744732,16
SU2-HaarU4-brickwork,10,0.01,100,random_rank,finite_difference_snr_mean,0.00257595447096685,0.0024751532066664573,0.002676335286423717,16
SU2-HaarU4-brickwork,10,0.01,100,random_rank,linearized_shots_for_snr1,14538477.728449553,14193049.800556252,14879274.603330983,16
SU2-HaarU4-brickwork,10,0.01,1000,aligned_crossfit,actual_retention,0.04440379163877857,0.04347840890241625,0.04530819046588269,16
SU2-HaarU4-brickwork,10,0.01,1000,aligned_crossfit,rho,4.542507884647051,4.447010088382111,4.636066439745093,16
SU2-HaarU4-brickwork,10,0.01,1000,aligned_crossfit,expected_scalar_directional_grad2,0.0015600136023833813,0.001528296468720562,0.0015910193880380103,16
SU2-HaarU4-brickwork,10,0.01,1000,aligned_crossfit,estimated_parameter_gradient_norm2,2.808024484290177,2.752166678858983,2.862901636467029,16
SU2-HaarU4-brickwork,10,0.01,1000,aligned_crossfit,finite_difference_snr_mean,0.01711983911161449,0.01660966673668388,0.017656725501571748,16
SU2-HaarU4-brickwork,10,0.01,1000,aligned_crossfit,linearized_shots_for_snr1,3210511.4147427734,3148160.363336484,3275687.4292008798,16
SU2-HaarU4-brickwork,10,0.01,1000,physical,actual_retention,0.012444685320730469,0.012218738449425216,0.012668532610181426,16
SU2-HaarU4-brickwork,10,0.01,1000,physical,rho,1.2730913083107318,1.2501469787814945,1.2963636380966492,16
SU2-HaarU4-brickwork,10,0.01,1000,physical,expected_scalar_directional_grad2,0.00043502783210158126,0.00042608349062444386,0.0004441868938612852,16
SU2-HaarU4-brickwork,10,0.01,1000,physical,estimated_parameter_gradient_norm2,0.7830500977829223,0.7665857319619863,0.7994343821982608,16
SU2-HaarU4-brickwork,10,0.01,1000,physical,finite_difference_snr_mean,0.009113860692934449,0.008805629566788379,0.009467028398897641,16
SU2-HaarU4-brickwork,10,0.01,1000,physical,linearized_shots_for_snr1,11514441.794293009,11274837.708424266,11752782.071974972,16
SU2-HaarU4-brickwork,10,0.01,1000,random_rank,actual_retention,0.009867396184868205,0.009647372252028483,0.01008809288690913,16
SU2-HaarU4-brickwork,10,0.01,1000,random_rank,rho,1.009434629712022,0.9872594597093287,1.0329549041950261,16
SU2-HaarU4-brickwork,10,0.01,1000,random_rank,expected_scalar_directional_grad2,0.00034474582475353124,0.00033682746253597924,0.00035311033792691796,16
SU2-HaarU4-brickwork,10,0.01,1000,random_rank,estimated_parameter_gradient_norm2,0.62054248455645,0.6056734556985361,0.6358547736825041,16
SU2-HaarU4-brickwork,10,0.01,1000,random_rank,finite_difference_snr_mean,0.008145883277149445,0.007831297854845988,0.008468133557613939,16
SU2-HaarU4-brickwork,10,0.01,1000,random_rank,linearized_shots_for_snr1,14538477.728449553,14184195.22554776,14875755.669264905,16
SU2-HaarU4-brickwork,10,0.01,10000,aligned_crossfit,actual_retention,0.04440379163877857,0.04347931031055154,0.045316714306322343,16
SU2-HaarU4-brickwork,10,0.01,10000,aligned_crossfit,rho,4.542507884647051,4.445963255548695,4.636122274018074,16
SU2-HaarU4-brickwork,10,0.01,10000,aligned_crossfit,expected_scalar_directional_grad2,0.0015600136023833813,0.0015280154003044547,0.0015915521975203104,16
SU2-HaarU4-brickwork,10,0.01,10000,aligned_crossfit,estimated_parameter_gradient_norm2,2.808024484290177,2.751403881320621,2.8637981632238554,16
SU2-HaarU4-brickwork,10,0.01,10000,aligned_crossfit,finite_difference_snr_mean,0.054137684768335484,0.05252178886961683,0.055752017372823794,16
SU2-HaarU4-brickwork,10,0.01,10000,aligned_crossfit,linearized_shots_for_snr1,3210511.4147427734,3146849.7628174103,3277280.7361731464,16
SU2-HaarU4-brickwork,10,0.01,10000,physical,actual_retention,0.012444685320730469,0.01222439159964543,0.012670027022228414,16
SU2-HaarU4-brickwork,10,0.01,10000,physical,rho,1.2730913083107318,1.2499670362183364,1.2966417044156604,16
SU2-HaarU4-brickwork,10,0.01,10000,physical,expected_scalar_directional_grad2,0.00043502783210158126,0.0004259034070121567,0.00044405275653474106,16
SU2-HaarU4-brickwork,10,0.01,10000,physical,estimated_parameter_gradient_norm2,0.7830500977829223,0.7667546427725683,0.7998015113402263,16
SU2-HaarU4-brickwork,10,0.01,10000,physical,finite_difference_snr_mean,0.02882055806715344,0.027826357164937393,0.029916196753733155,16
SU2-HaarU4-brickwork,10,0.01,10000,physical,linearized_shots_for_snr1,11514441.794293009,11275225.196802644,11753641.381422177,16
SU2-HaarU4-brickwork,10,0.01,10000,random_rank,actual_retention,0.009867396184868205,0.009648327489111846,0.010103614277626094,16
SU2-HaarU4-brickwork,10,0.01,10000,random_rank,rho,1.009434629712022,0.9866747141125362,1.0333871807964525,16
SU2-HaarU4-brickwork,10,0.01,10000,random_rank,expected_scalar_directional_grad2,0.00034474582475353124,0.00033651699154068607,0.00035336139579505705,16
SU2-HaarU4-brickwork,10,0.01,10000,random_rank,estimated_parameter_gradient_norm2,0.62054248455645,0.6056136521458494,0.6360906792955504,16
SU2-HaarU4-brickwork,10,0.01,10000,random_rank,finite_difference_snr_mean,0.025759544709669006,0.024750488150833784,0.026771973971387256,16
SU2-HaarU4-brickwork,10,0.01,10000,random_rank,linearized_shots_for_snr1,14538477.728449553,14187269.046467962,14890235.284197723,16
SU2-HaarU4-brickwork,10,0.03,100,aligned_crossfit,actual_retention,0.04642066764878464,0.04549928074963184,0.04729572228385825,16
SU2-HaarU4-brickwork,10,0.03,100,aligned_crossfit,rho,4.748834300470673,4.655190727806753,4.8388409993262576,16
SU2-HaarU4-brickwork,10,0.03,100,aligned_crossfit,expected_scalar_directional_grad2,0.0010290547270382564,0.0010099809763973095,0.001046714472123108,16
SU2-HaarU4-brickwork,10,0.03,100,aligned_crossfit,estimated_parameter_gradient_norm2,1.85229850866897,1.8179633626808622,1.8851307274129865,16
SU2-HaarU4-brickwork,10,0.03,100,aligned_crossfit,finite_difference_snr_mean,0.004426900797573276,0.004311034621318238,0.004549283336451703,16
SU2-HaarU4-brickwork,10,0.03,100,aligned_crossfit,linearized_shots_for_snr1,4865585.7969091525,4779763.54682348,4955824.0213728575,16
SU2-HaarU4-brickwork,10,0.03,100,physical,actual_retention,0.01811197328810879,0.017805223824671364,0.018433455076932333,16
SU2-HaarU4-brickwork,10,0.03,100,physical,rho,1.8528548673735346,1.8209593861087534,1.8856871654665073,16
SU2-HaarU4-brickwork,10,0.03,100,physical,expected_scalar_directional_grad2,0.00039993932695683745,0.0003916067641392181,0.0004083030164438525,16
SU2-HaarU4-brickwork,10,0.03,100,physical,estimated_parameter_gradient_norm2,0.7198907885224135,0.7046097763702537,0.7350073878868951,16
SU2-HaarU4-brickwork,10,0.03,100,physical,finite_difference_snr_mean,0.002763504565473044,0.002667702429841184,0.002866753382030971,16
SU2-HaarU4-brickwork,10,0.03,100,physical,linearized_shots_for_snr1,12524788.318827078,12258989.477559587,12786578.279508885,16
SU2-HaarU4-brickwork,10,0.03,100,random_rank,actual_retention,0.009882069804137267,0.009670119739550252,0.01011782016469513,16
SU2-HaarU4-brickwork,10,0.03,100,random_rank,rho,1.0109357409632476,0.9890160968168529,1.0344945950962963,16
SU2-HaarU4-brickwork,10,0.03,100,random_rank,expected_scalar_directional_grad2,0.00021793811212015,0.00021276818724851268,0.00022362541401214312,16
SU2-HaarU4-brickwork,10,0.03,100,random_rank,estimated_parameter_gradient_norm2,0.3922886018163647,0.38292197104724895,0.4024714113861131,16
SU2-HaarU4-brickwork,10,0.03,100,random_rank,finite_difference_snr_mean,0.00203993426350095,0.001956867346319451,0.00212054333017307,16
SU2-HaarU4-brickwork,10,0.03,100,random_rank,linearized_shots_for_snr1,23000529.663747728,22429272.74983037,23544532.96492695,16
SU2-HaarU4-brickwork,10,0.03,1000,aligned_crossfit,actual_retention,0.04642066764878464,0.0454888853394875,0.0472869027547081,16
SU2-HaarU4-brickwork,10,0.03,1000,aligned_crossfit,rho,4.748834300470673,4.654463454747981,4.840581029015569,16
SU2-HaarU4-brickwork,10,0.03,1000,aligned_crossfit,expected_scalar_directional_grad2,0.0010290547270382564,0.0010100992899856082,0.001046952367911013,16
SU2-HaarU4-brickwork,10,0.03,1000,aligned_crossfit,estimated_parameter_gradient_norm2,1.85229850866897,1.8179876281860698,1.885514933403896,16
SU2-HaarU4-brickwork,10,0.03,1000,aligned_crossfit,finite_difference_snr_mean,0.013999089495947682,0.013642162847278427,0.014392215849607667,16
SU2-HaarU4-brickwork,10,0.03,1000,aligned_crossfit,linearized_shots_for_snr1,4865585.7969091525,4780526.410692465,4959774.656234508,16
SU2-HaarU4-brickwork,10,0.03,1000,physical,actual_retention,0.01811197328810879,0.017803655216423835,0.01843867600514693,16
SU2-HaarU4-brickwork,10,0.03,1000,physical,rho,1.8528548673735346,1.8209659265530387,1.8856445520498073,16
SU2-HaarU4-brickwork,10,0.03,1000,physical,expected_scalar_directional_grad2,0.00039993932695683745,0.00039164149744474504,0.0004082094784386028,16
SU2-HaarU4-brickwork,10,0.03,1000,physical,estimated_parameter_gradient_norm2,0.7198907885224135,0.7051832082790463,0.7351970922550908,16
SU2-HaarU4-brickwork,10,0.03,1000,physical,finite_difference_snr_mean,0.008738968751168892,0.00844344015817538,0.009071410334141546,16
SU2-HaarU4-brickwork,10,0.03,1000,physical,linearized_shots_for_snr1,12524788.318827078,12263446.595581833,12786865.20088966,16
SU2-HaarU4-brickwork,10,0.03,1000,random_rank,actual_retention,0.009882069804137267,0.009667328996888082,0.010114568770707343,16
SU2-HaarU4-brickwork,10,0.03,1000,random_rank,rho,1.0109357409632476,0.9888753167836637,1.0352374183853934,16
SU2-HaarU4-brickwork,10,0.03,1000,random_rank,expected_scalar_directional_grad2,0.00021793811212015,0.0002127641952472589,0.00022352470239818064,16
SU2-HaarU4-brickwork,10,0.03,1000,random_rank,estimated_parameter_gradient_norm2,0.3922886018163647,0.38277001237825575,0.4024863646927087,16
SU2-HaarU4-brickwork,10,0.03,1000,random_rank,finite_difference_snr_mean,0.0064508385496812185,0.006192001309194969,0.006704113433286368,16
SU2-HaarU4-brickwork,10,0.03,1000,random_rank,linearized_shots_for_snr1,23000529.663747728,22419476.21344765,23556064.00522422,16
SU2-HaarU4-brickwork,10,0.03,10000,aligned_crossfit,actual_retention,0.04642066764878464,0.04548031973035976,0.04731302070592322,16
SU2-HaarU4-brickwork,10,0.03,10000,aligned_crossfit,rho,4.748834300470673,4.6544647575234634,4.840664373581327,16
SU2-HaarU4-brickwork,10,0.03,10000,aligned_crossfit,expected_scalar_directional_grad2,0.0010290547270382564,0.0010094075083787785,0.0010470954719791455,16
SU2-HaarU4-brickwork,10,0.03,10000,aligned_crossfit,estimated_parameter_gradient_norm2,1.85229850866897,1.816946751398382,1.8849110161546014,16
SU2-HaarU4-brickwork,10,0.03,10000,aligned_crossfit,finite_difference_snr_mean,0.04426900797573326,0.04315000551402964,0.045500653659460356,16
SU2-HaarU4-brickwork,10,0.03,10000,aligned_crossfit,linearized_shots_for_snr1,4865585.7969091525,4779506.457392764,4959323.348685097,16
SU2-HaarU4-brickwork,10,0.03,10000,physical,actual_retention,0.01811197328810879,0.01780297110652407,0.01842644950180986,16
SU2-HaarU4-brickwork,10,0.03,10000,physical,rho,1.8528548673735346,1.8216019043263154,1.8850422807608962,16
SU2-HaarU4-brickwork,10,0.03,10000,physical,expected_scalar_directional_grad2,0.00039993932695683745,0.00039168440661833546,0.00040844990422429203,16
SU2-HaarU4-brickwork,10,0.03,10000,physical,estimated_parameter_gradient_norm2,0.7198907885224135,0.705045330097705,0.734865512682233,16
SU2-HaarU4-brickwork,10,0.03,10000,physical,finite_difference_snr_mean,0.02763504565473103,0.026707583607485364,0.02869666805366614,16
SU2-HaarU4-brickwork,10,0.03,10000,physical,linearized_shots_for_snr1,12524788.318827078,12263337.293500513,12788878.266144969,16
SU2-HaarU4-brickwork,10,0.03,10000,random_rank,actual_retention,0.009882069804137267,0.009673121559541403,0.010122582370724905,16
SU2-HaarU4-brickwork,10,0.03,10000,random_rank,rho,1.0109357409632476,0.9889119653439628,1.0348315697799342,16
SU2-HaarU4-brickwork,10,0.03,10000,random_rank,expected_scalar_directional_grad2,0.00021793811212015,0.0002127256864386206,0.00022359192695141703,16
SU2-HaarU4-brickwork,10,0.03,10000,random_rank,estimated_parameter_gradient_norm2,0.3922886018163647,0.3828851135505374,0.40259645832228524,16
SU2-HaarU4-brickwork,10,0.03,10000,random_rank,finite_difference_snr_mean,0.02039934263501001,0.019584961444332694,0.021205970106207127,16
SU2-HaarU4-brickwork,10,0.03,10000,random_rank,linearized_shots_for_snr1,23000529.663747728,22430753.876520656,23548271.22384501,16
SU2-HaarU4-brickwork,10,0.05,100,aligned_crossfit,actual_retention,0.048866951288061164,0.04793164607141097,0.049740675347339815,16
SU2-HaarU4-brickwork,10,0.05,100,aligned_crossfit,rho,4.999089116768662,4.902503628515856,5.090153086241037,16
SU2-HaarU4-brickwork,10,0.05,100,aligned_crossfit,expected_scalar_directional_grad2,0.0007217294113788125,0.0007080346492042723,0.0007345522081377957,16
SU2-HaarU4-brickwork,10,0.05,100,aligned_crossfit,estimated_parameter_gradient_norm2,1.2991129404819637,1.2747056268257455,1.3218145279320102,16
SU2-HaarU4-brickwork,10,0.05,100,aligned_crossfit,finite_difference_snr_mean,0.0037287717603942247,0.0036158731013162058,0.0038504168192950872,16
SU2-HaarU4-brickwork,10,0.05,100,aligned_crossfit,linearized_shots_for_snr1,6937788.137891599,6814025.875173468,7072497.490170381,16
SU2-HaarU4-brickwork,10,0.05,100,physical,actual_retention,0.02487996449348078,0.02446182874835137,0.025313314493275757,16
SU2-HaarU4-brickwork,10,0.05,100,physical,rho,2.5452203676830893,2.502252255556921,2.589081500212767,16
SU2-HaarU4-brickwork,10,0.05,100,physical,expected_scalar_directional_grad2,0.0003663982456623,0.0003587578885675741,0.00037409761556113797,16
SU2-HaarU4-brickwork,10,0.05,100,physical,estimated_parameter_gradient_norm2,0.6595168421922067,0.6454651432651566,0.6731892848583811,16
SU2-HaarU4-brickwork,10,0.05,100,physical,finite_difference_snr_mean,0.0026451915005561996,0.0025554004235694644,0.0027479988176328986,16
SU2-HaarU4-brickwork,10,0.05,100,physical,linearized_shots_for_snr1,13671470.696200525,13382246.610569643,13960373.687227665,16
SU2-HaarU4-brickwork,10,0.05,100,random_rank,actual_retention,0.009886566006264499,0.00967838298626787,0.01011494986204696,16
SU2-HaarU4-brickwork,10,0.05,100,random_rank,rho,1.0113957024408626,0.990528982229829,1.0344413537436243,16
SU2-HaarU4-brickwork,10,0.05,100,random_rank,expected_scalar_directional_grad2,0.00014527813060550624,0.0001418529737564592,0.00014904247405328,16
SU2-HaarU4-brickwork,10,0.05,100,random_rank,estimated_parameter_gradient_norm2,0.26150063509,0.25534928153172654,0.26816492624285143,16
SU2-HaarU4-brickwork,10,0.05,100,random_rank,finite_difference_snr_mean,0.0016622007639654063,0.0015947861794396415,0.001728550894509582,16
SU2-HaarU4-brickwork,10,0.05,100,random_rank,linearized_shots_for_snr1,34501368.47106074,33652779.448324606,35301201.328437,16
SU2-HaarU4-brickwork,10,0.05,1000,aligned_crossfit,actual_retention,0.048866951288061164,0.04792166148829477,0.04973683692494637,16
SU2-HaarU4-brickwork,10,0.05,1000,aligned_crossfit,rho,4.999089116768662,4.903040469651093,5.08812418637345,16
SU2-HaarU4-brickwork,10,0.05,1000,aligned_crossfit,expected_scalar_directional_grad2,0.0007217294113788125,0.0007079445236410802,0.0007345599351014771,16
SU2-HaarU4-brickwork,10,0.05,1000,aligned_crossfit,estimated_parameter_gradient_norm2,1.2991129404819637,1.274432536647002,1.321855231891633,16
SU2-HaarU4-brickwork,10,0.05,1000,aligned_crossfit,finite_difference_snr_mean,0.01179141163776148,0.011443634453352879,0.012175431667915062,16
SU2-HaarU4-brickwork,10,0.05,1000,aligned_crossfit,linearized_shots_for_snr1,6937788.137891599,6814732.591729469,7073945.547958136,16
SU2-HaarU4-brickwork,10,0.05,1000,physical,actual_retention,0.02487996449348078,0.024462730265848127,0.025307806734984596,16
SU2-HaarU4-brickwork,10,0.05,1000,physical,rho,2.5452203676830893,2.5027543790051068,2.589001683382538,16
SU2-HaarU4-brickwork,10,0.05,1000,physical,expected_scalar_directional_grad2,0.0003663982456623,0.0003588453821633649,0.00037419703264618127,16
SU2-HaarU4-brickwork,10,0.05,1000,physical,estimated_parameter_gradient_norm2,0.6595168421922067,0.6457594223199923,0.673506820570773,16
SU2-HaarU4-brickwork,10,0.05,1000,physical,finite_difference_snr_mean,0.008364829989076237,0.008083186944417823,0.008690450427436311,16
SU2-HaarU4-brickwork,10,0.05,1000,physical,linearized_shots_for_snr1,13671470.696200525,13385344.111850347,13957885.254475985,16
SU2-HaarU4-brickwork,10,0.05,1000,random_rank,actual_retention,0.009886566006264499,0.00968126708824455,0.010112685162934518,16
SU2-HaarU4-brickwork,10,0.05,1000,random_rank,rho,1.0113957024408626,0.9904681503072791,1.0351057212710828,16
SU2-HaarU4-brickwork,10,0.05,1000,random_rank,expected_scalar_directional_grad2,0.00014527813060550624,0.0001418282624283683,0.00014901198199475594,16
SU2-HaarU4-brickwork,10,0.05,1000,random_rank,estimated_parameter_gradient_norm2,0.26150063509,0.2554609942603091,0.2683514541003238,16
SU2-HaarU4-brickwork,10,0.05,1000,random_rank,finite_difference_snr_mean,0.005256340342602756,0.005045097760826358,0.005462448378130421,16
SU2-HaarU4-brickwork,10,0.05,1000,random_rank,linearized_shots_for_snr1,34501368.47106074,33653944.3823658,35311567.79389562,16
SU2-HaarU4-brickwork,10,0.05,10000,aligned_crossfit,actual_retention,0.048866951288061164,0.0479490132051275,0.04972760373813083,16
SU2-HaarU4-brickwork,10,0.05,10000,aligned_crossfit,rho,4.999089116768662,4.902814509360838,5.087862451818554,16
SU2-HaarU4-brickwork,10,0.05,10000,aligned_crossfit,expected_scalar_directional_grad2,0.0007217294113788125,0.0007082020380868188,0.0007344034395713303,16
SU2-HaarU4-brickwork,10,0.05,10000,aligned_crossfit,estimated_parameter_gradient_norm2,1.2991129404819637,1.274148050124851,1.3217938772144606,16
SU2-HaarU4-brickwork,10,0.05,10000,aligned_crossfit,finite_difference_snr_mean,0.037287717603942665,0.03617636505691829,0.038487937475618836,16
SU2-HaarU4-brickwork,10,0.05,10000,aligned_crossfit,linearized_shots_for_snr1,6937788.137891599,6813838.445170949,7074164.352100443,16
SU2-HaarU4-brickwork,10,0.05,10000,physical,actual_retention,0.02487996449348078,0.024456910033598914,0.025318540886290167,16
SU2-HaarU4-brickwork,10,0.05,10000,physical,rho,2.5452203676830893,2.5025496803882374,2.588315712281445,16
SU2-HaarU4-brickwork,10,0.05,10000,physical,expected_scalar_directional_grad2,0.0003663982456623,0.0003587384738770136,0.0003740171827453219,16
SU2-HaarU4-brickwork,10,0.05,10000,physical,estimated_parameter_gradient_norm2,0.6595168421922067,0.6459001078394866,0.6734725612701566,16
SU2-HaarU4-brickwork,10,0.05,10000,physical,finite_difference_snr_mean,0.026451915005562418,0.025549388852293495,0.02746794173175457,16
SU2-HaarU4-brickwork,10,0.05,10000,physical,linearized_shots_for_snr1,13671470.696200525,13383091.007794622,13960212.149427298,16
SU2-HaarU4-brickwork,10,0.05,10000,random_rank,actual_retention,0.009886566006264499,0.009677818110220256,0.010110765813901247,16
SU2-HaarU4-brickwork,10,0.05,10000,random_rank,rho,1.0113957024408626,0.9904014809981946,1.0344217299461353,16
SU2-HaarU4-brickwork,10,0.05,10000,random_rank,expected_scalar_directional_grad2,0.00014527813060550624,0.00014185662901948626,0.00014902812360135842,16
SU2-HaarU4-brickwork,10,0.05,10000,random_rank,estimated_parameter_gradient_norm2,0.26150063509,0.25542537043002256,0.26817447243450193,16
SU2-HaarU4-brickwork,10,0.05,10000,random_rank,finite_difference_snr_mean,0.016622007639654632,0.015943188277018884,0.01726890094895543,16
SU2-HaarU4-brickwork,10,0.05,10000,random_rank,linearized_shots_for_snr1,34501368.47106074,33661467.09103328,35303661.63461663,16
SU2-HaarU4-brickwork,12,0.0,100,aligned_crossfit,actual_retention,0.02616450376413732,0.025832489273215402,0.026507471649864816,16
SU2-HaarU4-brickwork,12,0.0,100,aligned_crossfit,rho,8.928636909511878,8.811825793712297,9.045229947741376,16
SU2-HaarU4-brickwork,12,0.0,100,aligned_crossfit,expected_scalar_directional_grad2,0.0010713113537411936,0.0010582012532010397,0.0010847642349217843,16
SU2-HaarU4-brickwork,12,0.0,100,aligned_crossfit,estimated_parameter_gradient_norm2,2.7768390288973217,2.742957833821655,2.8122167879277553,16
SU2-HaarU4-brickwork,12,0.0,100,aligned_crossfit,finite_difference_snr_mean,0.004457147957088467,0.004322434752687577,0.004576895524785808,16
SU2-HaarU4-brickwork,12,0.0,100,aligned_crossfit,linearized_shots_for_snr1,4670216.401503901,4611402.631088724,4728611.684616027,16
SU2-HaarU4-brickwork,12,0.0,100,physical,actual_retention,0.0027365511706037874,0.0026909566403221998,0.0027778128153068864,16
SU2-HaarU4-brickwork,12,0.0,100,physical,rho,0.9338480869685605,0.918455530301872,0.9479960265871609,16
SU2-HaarU4-brickwork,12,0.0,100,physical,expected_scalar_directional_grad2,0.00011177797957759375,0.00010987711777032,0.00011350299665998813,16
SU2-HaarU4-brickwork,12,0.0,100,physical,estimated_parameter_gradient_norm2,0.28972852306521557,0.2848736939686771,0.2940498680021178,16
SU2-HaarU4-brickwork,12,0.0,100,physical,finite_difference_snr_mean,0.0014327537852236506,0.0013884114610413932,0.0014761341589201015,16
SU2-HaarU4-brickwork,12,0.0,100,physical,linearized_shots_for_snr1,44781462.56492057,44089980.16834412,45563127.52712173,16
SU2-HaarU4-brickwork,12,0.0,100,random_rank,actual_retention,0.0029192754589436438,0.002853752814295612,0.002986207627577971,16
SU2-HaarU4-brickwork,12,0.0,100,random_rank,rho,0.9962027503645354,0.9736129990477824,1.0188872575519607,16
SU2-HaarU4-brickwork,12,0.0,100,random_rank,expected_scalar_directional_grad2,0.00011918004677135625,0.00011647937182923749,0.00012191599893925922,16
SU2-HaarU4-brickwork,12,0.0,100,random_rank,estimated_parameter_gradient_norm2,0.30891468123149163,0.30169382181354953,0.3162862019962561,16
SU2-HaarU4-brickwork,12,0.0,100,random_rank,finite_difference_snr_mean,0.0014666452054457662,0.0014245455574989168,0.0015117621803442608,16
SU2-HaarU4-brickwork,12,0.0,100,random_rank,linearized_shots_for_snr1,42048468.693807244,41068901.60766666,43016503.82496728,16
SU2-HaarU4-brickwork,12,0.0,1000,aligned_crossfit,actual_retention,0.02616450376413732,0.025812616682128656,0.026519093273060977,16
SU2-HaarU4-brickwork,12,0.0,1000,aligned_crossfit,rho,8.928636909511878,8.812556915872948,9.047008936401628,16
SU2-HaarU4-brickwork,12,0.0,1000,aligned_crossfit,expected_scalar_directional_grad2,0.0010713113537411936,0.0010582069513175808,0.0010844278596326296,16
SU2-HaarU4-brickwork,12,0.0,1000,aligned_crossfit,estimated_parameter_gradient_norm2,2.7768390288973217,2.7424313366427415,2.8119746068877833,16
SU2-HaarU4-brickwork,12,0.0,1000,aligned_crossfit,finite_difference_snr_mean,0.014094739412765987,0.013661712813809398,0.01445955313836272,16
SU2-HaarU4-brickwork,12,0.0,1000,aligned_crossfit,linearized_shots_for_snr1,4670216.401503901,4611342.440014291,4728510.187649616,16
SU2-HaarU4-brickwork,12,0.0,1000,physical,actual_retention,0.0027365511706037874,0.0026921985586173904,0.0027779941705006464,16
SU2-HaarU4-brickwork,12,0.0,1000,physical,rho,0.9338480869685605,0.9187661742267769,0.9479860893164676,16
SU2-HaarU4-brickwork,12,0.0,1000,physical,expected_scalar_directional_grad2,0.00011177797957759375,0.00010989729723542156,0.00011347011127037704,16
SU2-HaarU4-brickwork,12,0.0,1000,physical,estimated_parameter_gradient_norm2,0.28972852306521557,0.2849503191831875,0.2941448048551086,16
SU2-HaarU4-brickwork,12,0.0,1000,physical,finite_difference_snr_mean,0.004530765287534435,0.004391268992992063,0.0046692531204044155,16
SU2-HaarU4-brickwork,12,0.0,1000,physical,linearized_shots_for_snr1,44781462.56492057,44068708.489653945,45556285.2410605,16
SU2-HaarU4-brickwork,12,0.0,1000,random_rank,actual_retention,0.0029192754589436438,0.002853801318631048,0.0029879298769004397,16
SU2-HaarU4-brickwork,12,0.0,1000,random_rank,rho,0.9962027503645354,0.9734883534550048,1.0195331868155122,16
SU2-HaarU4-brickwork,12,0.0,1000,random_rank,expected_scalar_directional_grad2,0.00011918004677135625,0.0001164299501724536,0.00012203315432087875,16
SU2-HaarU4-brickwork,12,0.0,1000,random_rank,estimated_parameter_gradient_norm2,0.30891468123149163,0.3016893140945418,0.31630744932739635,16
SU2-HaarU4-brickwork,12,0.0,1000,random_rank,finite_difference_snr_mean,0.00463793936857421,0.004505818309170357,0.004780651498426358,16
SU2-HaarU4-brickwork,12,0.0,1000,random_rank,linearized_shots_for_snr1,42048468.693807244,41067041.63856428,43007625.98473422,16
SU2-HaarU4-brickwork,12,0.0,10000,aligned_crossfit,actual_retention,0.02616450376413732,0.025817923438385862,0.026505328123732682,16
SU2-HaarU4-brickwork,12,0.0,10000,aligned_crossfit,rho,8.928636909511878,8.813998412041844,9.045107551761667,16
SU2-HaarU4-brickwork,12,0.0,10000,aligned_crossfit,expected_scalar_directional_grad2,0.0010713113537411936,0.0010582924763352449,0.001084651855344872,16
SU2-HaarU4-brickwork,12,0.0,10000,aligned_crossfit,estimated_parameter_gradient_norm2,2.7768390288973217,2.7427660759652626,2.8119733901125734,16
SU2-HaarU4-brickwork,12,0.0,10000,aligned_crossfit,finite_difference_snr_mean,0.04457147957088466,0.04318432932570929,0.0457623044019641,16
SU2-HaarU4-brickwork,12,0.0,10000,aligned_crossfit,linearized_shots_for_snr1,4670216.401503901,4613160.810248723,4727470.619641124,16
SU2-HaarU4-brickwork,12,0.0,10000,physical,actual_retention,0.0027365511706037874,0.0026928810826098997,0.002777181146666078,16
SU2-HaarU4-brickwork,12,0.0,10000,physical,rho,0.9338480869685605,0.91856001761921,0.9477972164175539,16
SU2-HaarU4-brickwork,12,0.0,10000,physical,expected_scalar_directional_grad2,0.00011177797957759375,0.00010988400093913704,0.00011349011328394688,16
SU2-HaarU4-brickwork,12,0.0,10000,physical,estimated_parameter_gradient_norm2,0.28972852306521557,0.2848191665146345,0.2942325805023951,16
SU2-HaarU4-brickwork,12,0.0,10000,physical,finite_difference_snr_mean,0.014327537852236507,0.013883446816937295,0.01476006151851106,16
SU2-HaarU4-brickwork,12,0.0,10000,physical,linearized_shots_for_snr1,44781462.56492057,44079198.97335125,45555408.38306048,16
SU2-HaarU4-brickwork,12,0.0,10000,random_rank,actual_retention,0.0029192754589436438,0.0028536664075727697,0.002987338521391669,16
SU2-HaarU4-brickwork,12,0.0,10000,random_rank,rho,0.9962027503645354,0.9735196973591849,1.019512181549438,16
SU2-HaarU4-brickwork,12,0.0,10000,random_rank,expected_scalar_directional_grad2,0.00011918004677135625,0.00011639956922526422,0.00012199956534053939,16
SU2-HaarU4-brickwork,12,0.0,10000,random_rank,estimated_parameter_gradient_norm2,0.30891468123149163,0.30189158205728794,0.3163730141096447,16
SU2-HaarU4-brickwork,12,0.0,10000,random_rank,finite_difference_snr_mean,0.01466645205445766,0.014243601579561152,0.015114280246536752,16
SU2-HaarU4-brickwork,12,0.0,10000,random_rank,linearized_shots_for_snr1,42048468.693807244,41060917.05461099,43019455.07280139,16
SU2-HaarU4-brickwork,12,0.01,100,aligned_crossfit,actual_retention,0.026560332284519438,0.02622329381204842,0.026915820553398404,16
SU2-HaarU4-brickwork,12,0.01,100,aligned_crossfit,rho,9.063713392092271,8.94604800012602,9.186831383525456,16
SU2-HaarU4-brickwork,12,0.01,100,aligned_crossfit,expected_scalar_directional_grad2,0.000742718736860725,0.0007336336076396643,0.0007519659853198559,16
SU2-HaarU4-brickwork,12,0.01,100,aligned_crossfit,estimated_parameter_gradient_norm2,1.9251269659431287,1.9017064096585372,1.949241332847237,16
SU2-HaarU4-brickwork,12,0.01,100,aligned_crossfit,finite_difference_snr_mean,0.00367970191642675,0.003573481673380956,0.0037745603029327225,16
SU2-HaarU4-brickwork,12,0.01,100,aligned_crossfit,linearized_shots_for_snr1,6736281.339966815,6652544.094995246,6816509.343515804,16
SU2-HaarU4-brickwork,12,0.01,100,physical,actual_retention,0.0038469630986571503,0.0037879261819754187,0.0039013280016763946,16
SU2-HaarU4-brickwork,12,0.01,100,physical,rho,1.312776157416768,1.2923839634946852,1.3316364043818205,16
SU2-HaarU4-brickwork,12,0.01,100,physical,expected_scalar_directional_grad2,0.00010733892203671374,0.00010551461349536233,0.00010901697570543566,16
SU2-HaarU4-brickwork,12,0.01,100,physical,estimated_parameter_gradient_norm2,0.27822248591928866,0.27365407784944107,0.2825067808142803,16
SU2-HaarU4-brickwork,12,0.01,100,physical,finite_difference_snr_mean,0.0014040252398116624,0.0013609518406370702,0.0014467028502074305,16
SU2-HaarU4-brickwork,12,0.01,100,physical,linearized_shots_for_snr1,46633439.23018035,45909834.0433074,47431439.99447024,16
SU2-HaarU4-brickwork,12,0.01,100,random_rank,actual_retention,0.0029367761459858,0.00287240097278071,0.003003626987844177,16
SU2-HaarU4-brickwork,12,0.01,100,random_rank,rho,1.0021748598176718,0.9802705204678983,1.0255346689562903,16
SU2-HaarU4-brickwork,12,0.01,100,random_rank,expected_scalar_directional_grad2,8.188497016814544e-05,8.008396419010674e-05,8.380106972012071e-05,16
SU2-HaarU4-brickwork,12,0.01,100,random_rank,estimated_parameter_gradient_norm2,0.21224584267583294,0.20755763020055976,0.2173565231126009,16
SU2-HaarU4-brickwork,12,0.01,100,random_rank,finite_difference_snr_mean,0.0012186641265763125,0.00118376282987647,0.0012567947007898817,16
SU2-HaarU4-brickwork,12,0.01,100,random_rank,linearized_shots_for_snr1,61194287.270153075,59786990.250472486,62535652.7757909,16
SU2-HaarU4-brickwork,12,0.01,1000,aligned_crossfit,actual_retention,0.026560332284519438,0.02620895844866882,0.026918168538055575,16
SU2-HaarU4-brickwork,12,0.01,1000,aligned_crossfit,rho,9.063713392092271,8.944764593712362,9.188432308277042,16
SU2-HaarU4-brickwork,12,0.01,1000,aligned_crossfit,expected_scalar_directional_grad2,0.000742718736860725,0.0007337275647170148,0.0007518260516396166,16
SU2-HaarU4-brickwork,12,0.01,1000,aligned_crossfit,estimated_parameter_gradient_norm2,1.9251269659431287,1.9012717259224923,1.9491103203378748,16
SU2-HaarU4-brickwork,12,0.01,1000,aligned_crossfit,finite_difference_snr_mean,0.011636239166395211,0.011299114671213445,0.011937463759967008,16
SU2-HaarU4-brickwork,12,0.01,1000,aligned_crossfit,linearized_shots_for_snr1,6736281.339966815,6653606.223993467,6819014.860106003,16
SU2-HaarU4-brickwork,12,0.01,1000,physical,actual_retention,0.0038469630986571503,0.003787052379711725,0.0039023514519817048,16
SU2-HaarU4-brickwork,12,0.01,1000,physical,rho,1.312776157416768,1.2921318461229443,1.3316273413407935,16
SU2-HaarU4-brickwork,12,0.01,1000,physical,expected_scalar_directional_grad2,0.00010733892203671374,0.00010553925068866731,0.00010898983474171285,16
SU2-HaarU4-brickwork,12,0.01,1000,physical,estimated_parameter_gradient_norm2,0.27822248591928866,0.27358385727884227,0.28254270133771486,16
SU2-HaarU4-brickwork,12,0.01,1000,physical,finite_difference_snr_mean,0.0044399176501690564,0.004302657585936573,0.004577188887184894,16
SU2-HaarU4-brickwork,12,0.01,1000,physical,linearized_shots_for_snr1,46633439.23018035,45910453.611861266,47443436.70659081,16
SU2-HaarU4-brickwork,12,0.01,1000,random_rank,actual_retention,0.0029367761459858,0.0028710904011411183,0.0030043510759868064,16
SU2-HaarU4-brickwork,12,0.01,1000,random_rank,rho,1.0021748598176718,0.980264727605275,1.025455562167435,16
SU2-HaarU4-brickwork,12,0.01,1000,random_rank,expected_scalar_directional_grad2,8.188497016814544e-05,8.01314416179622e-05,8.380972142736802e-05,16
SU2-HaarU4-brickwork,12,0.01,1000,random_rank,estimated_parameter_gradient_norm2,0.21224584267583294,0.20757040965109938,0.21718714292558383,16
SU2-HaarU4-brickwork,12,0.01,1000,random_rank,finite_difference_snr_mean,0.003853754342721006,0.003739955702080917,0.003972153397593978,16
SU2-HaarU4-brickwork,12,0.01,1000,random_rank,linearized_shots_for_snr1,61194287.270153075,59815769.704398766,62542553.97451604,16
SU2-HaarU4-brickwork,12,0.01,10000,aligned_crossfit,actual_retention,0.026560332284519438,0.026212811179144535,0.026922813975550904,16
SU2-HaarU4-brickwork,12,0.01,10000,aligned_crossfit,rho,9.063713392092271,8.946092979379515,9.185068242819021,16
SU2-HaarU4-brickwork,12,0.01,10000,aligned_crossfit,expected_scalar_directional_grad2,0.000742718736860725,0.0007337578860589163,0.0007519427463790105,16
SU2-HaarU4-brickwork,12,0.01,10000,aligned_crossfit,estimated_parameter_gradient_norm2,1.9251269659431287,1.9022600063398263,1.949470571206431,16
SU2-HaarU4-brickwork,12,0.01,10000,aligned_crossfit,finite_difference_snr_mean,0.036797019164268016,0.035752538009700824,0.03773490583102549,16
SU2-HaarU4-brickwork,12,0.01,10000,aligned_crossfit,linearized_shots_for_snr1,6736281.339966815,6651628.018023121,6816449.4401382515,16
SU2-HaarU4-brickwork,12,0.01,10000,physical,actual_retention,0.0038469630986571503,0.003786963449956307,0.003903726356379654,16
SU2-HaarU4-brickwork,12,0.01,10000,physical,rho,1.312776157416768,1.2923549907603789,1.3318113792904003,16
SU2-HaarU4-brickwork,12,0.01,10000,physical,expected_scalar_directional_grad2,0.00010733892203671374,0.00010557601413396621,0.000108987046381805,16
SU2-HaarU4-brickwork,12,0.01,10000,physical,estimated_parameter_gradient_norm2,0.27822248591928866,0.2735760745215875,0.2825483448560881,16
SU2-HaarU4-brickwork,12,0.01,10000,physical,finite_difference_snr_mean,0.014040252398117,0.013597285041142179,0.014467467484381675,16
SU2-HaarU4-brickwork,12,0.01,10000,physical,linearized_shots_for_snr1,46633439.23018035,45913241.8193853,47443257.498856686,16
SU2-HaarU4-brickwork,12,0.01,10000,random_rank,actual_retention,0.0029367761459858,0.0028728308311029164,0.003005173646532357,16
SU2-HaarU4-brickwork,12,0.01,10000,random_rank,rho,1.0021748598176718,0.980219842602635,1.0260343960576992,16
SU2-HaarU4-brickwork,12,0.01,10000,random_rank,expected_scalar_directional_grad2,8.188497016814544e-05,8.003226646217037e-05,8.381995096946509e-05,16
SU2-HaarU4-brickwork,12,0.01,10000,random_rank,estimated_parameter_gradient_norm2,0.21224584267583294,0.20751606801315506,0.217333280064066,16
SU2-HaarU4-brickwork,12,0.01,10000,random_rank,finite_difference_snr_mean,0.01218664126576362,0.011826551357416852,0.012567744574430237,16
SU2-HaarU4-brickwork,12,0.01,10000,random_rank,linearized_shots_for_snr1,61194287.270153075,59787794.39867488,62546739.02444874,16
SU2-HaarU4-brickwork,12,0.03,100,aligned_crossfit,actual_retention,0.02707286866377638,0.026738784145427026,0.027417531194331952,16
SU2-HaarU4-brickwork,12,0.03,100,aligned_crossfit,rho,9.238616431513705,9.123499196860998,9.355574185897092,16
SU2-HaarU4-brickwork,12,0.03,100,aligned_crossfit,expected_scalar_directional_grad2,0.0004433975953232125,0.0004383947251054155,0.0004485767608433564,16
SU2-HaarU4-brickwork,12,0.03,100,aligned_crossfit,estimated_parameter_gradient_norm2,1.1492865670779095,1.1362003686117697,1.1629006558747916,16
SU2-HaarU4-brickwork,12,0.03,100,aligned_crossfit,finite_difference_snr_mean,0.0028293769076750625,0.002754844869271288,0.0028987020406419668,16
SU2-HaarU4-brickwork,12,0.03,100,aligned_crossfit,linearized_shots_for_snr1,11282868.80361297,11153339.203152407,11411968.199378267,16
SU2-HaarU4-brickwork,12,0.03,100,physical,actual_retention,0.0060402280600232935,0.005947450358382783,0.006126806633386783,16
SU2-HaarU4-brickwork,12,0.03,100,physical,rho,2.0612278254829652,2.0293160433387767,2.090819384267052,16
SU2-HaarU4-brickwork,12,0.03,100,physical,expected_scalar_directional_grad2,9.873501822873808e-05,9.70755238250918e-05,0.00010028063047842813,16
SU2-HaarU4-brickwork,12,0.03,100,physical,estimated_parameter_gradient_norm2,0.25592116724896413,0.2516247305542129,0.2598887498558191,16
SU2-HaarU4-brickwork,12,0.03,100,physical,finite_difference_snr_mean,0.0013465959106808312,0.0013058452453568504,0.0013876210176165709,16
SU2-HaarU4-brickwork,12,0.03,100,physical,linearized_shots_for_snr1,50697170.746006526,49897524.05254372,51550995.86782026,16
SU2-HaarU4-brickwork,12,0.03,100,random_rank,actual_retention,0.002945896368250375,0.002882056183199042,0.003013550217573106,16
SU2-HaarU4-brickwork,12,0.03,100,random_rank,rho,1.00528713566546,0.9837901049530591,1.0286991269491772,16
SU2-HaarU4-brickwork,12,0.03,100,random_rank,expected_scalar_directional_grad2,4.810494440940235e-05,4.7055268377945914e-05,4.924745193345299e-05,16
SU2-HaarU4-brickwork,12,0.03,100,random_rank,estimated_parameter_gradient_norm2,0.12468801590917086,0.12196911479754942,0.12766405741333164,16
SU2-HaarU4-brickwork,12,0.03,100,random_rank,finite_difference_snr_mean,0.0009353041579108312,0.0009108519281182204,0.0009622543558292513,16
SU2-HaarU4-brickwork,12,0.03,100,random_rank,linearized_shots_for_snr1,104163808.66599095,101780371.36864798,106403893.62046959,16
SU2-HaarU4-brickwork,12,0.03,1000,aligned_crossfit,actual_retention,0.02707286866377638,0.026741816627803255,0.02740976962174408,16
SU2-HaarU4-brickwork,12,0.03,1000,aligned_crossfit,rho,9.238616431513705,9.126912106957032,9.355078338032627,16
SU2-HaarU4-brickwork,12,0.03,1000,aligned_crossfit,expected_scalar_directional_grad2,0.0004433975953232125,0.0004384678381074884,0.0004485026677568411,16
SU2-HaarU4-brickwork,12,0.03,1000,aligned_crossfit,estimated_parameter_gradient_norm2,1.1492865670779095,1.136467454957055,1.1629486887314555,16
SU2-HaarU4-brickwork,12,0.03,1000,aligned_crossfit,finite_difference_snr_mean,0.008947275387337255,0.008709394818120204,0.009164189297167436,16
SU2-HaarU4-brickwork,12,0.03,1000,aligned_crossfit,linearized_shots_for_snr1,11282868.80361297,11146565.632619103,11412441.70242026,16
SU2-HaarU4-brickwork,12,0.03,1000,physical,actual_retention,0.0060402280600232935,0.005946837400990872,0.006128776735760876,16
SU2-HaarU4-brickwork,12,0.03,1000,physical,rho,2.0612278254829652,2.0299804378639306,2.0910618327584403,16
SU2-HaarU4-brickwork,12,0.03,1000,physical,expected_scalar_directional_grad2,9.873501822873808e-05,9.706549559518239e-05,0.00010027066774943477,16
SU2-HaarU4-brickwork,12,0.03,1000,physical,estimated_parameter_gradient_norm2,0.25592116724896413,0.251598656032124,0.25987668141295855,16
SU2-HaarU4-brickwork,12,0.03,1000,physical,finite_difference_snr_mean,0.004258310165620206,0.004125958782970128,0.004389948232884719,16
SU2-HaarU4-brickwork,12,0.03,1000,physical,linearized_shots_for_snr1,50697170.746006526,49885547.19351785,51572598.3686171,16
SU2-HaarU4-brickwork,12,0.03,1000,random_rank,actual_retention,0.002945896368250375,0.0028823679997678742,0.003015727216158959,16
SU2-HaarU4-brickwork,12,0.03,1000,random_rank,rho,1.00528713566546,0.9832178214191203,1.0286977086121434,16
SU2-HaarU4-brickwork,12,0.03,1000,random_rank,expected_scalar_directional_grad2,4.810494440940235e-05,4.703400256815185e-05,4.92633943622965e-05,16
SU2-HaarU4-brickwork,12,0.03,1000,random_rank,estimated_parameter_gradient_norm2,0.12468801590917086,0.12191498858906936,0.12765704545745646,16
SU2-HaarU4-brickwork,12,0.03,1000,random_rank,finite_difference_snr_mean,0.0029576914440241435,0.0028819329710377197,0.003044519476531145,16
SU2-HaarU4-brickwork,12,0.03,1000,random_rank,linearized_shots_for_snr1,104163808.66599095,101733229.84676243,106440561.75349589,16
SU2-HaarU4-brickwork,12,0.03,10000,aligned_crossfit,actual_retention,0.02707286866377638,0.026742843428864144,0.027417516834554827,16
SU2-HaarU4-brickwork,12,0.03,10000,aligned_crossfit,rho,9.238616431513705,9.12455920146225,9.35408840345117,16
SU2-HaarU4-brickwork,12,0.03,10000,aligned_crossfit,expected_scalar_directional_grad2,0.0004433975953232125,0.000438384402745788,0.00044851673255997436,16
SU2-HaarU4-brickwork,12,0.03,10000,aligned_crossfit,estimated_parameter_gradient_norm2,1.1492865670779095,1.136259181642151,1.162864845591616,16
SU2-HaarU4-brickwork,12,0.03,10000,aligned_crossfit,finite_difference_snr_mean,0.02829376907675108,0.02755386358709275,0.02897997316939946,16
SU2-HaarU4-brickwork,12,0.03,10000,aligned_crossfit,linearized_shots_for_snr1,11282868.80361297,11149418.184861658,11411439.041411422,16
SU2-HaarU4-brickwork,12,0.03,10000,physical,actual_retention,0.0060402280600232935,0.0059464378252100545,0.006127456681465274,16
SU2-HaarU4-brickwork,12,0.03,10000,physical,rho,2.0612278254829652,2.0295229598885207,2.090979228381304,16
SU2-HaarU4-brickwork,12,0.03,10000,physical,expected_scalar_directional_grad2,9.873501822873808e-05,9.709776626729038e-05,0.0001002669960919068,16
SU2-HaarU4-brickwork,12,0.03,10000,physical,estimated_parameter_gradient_norm2,0.25592116724896413,0.25161196417259557,0.25986273743378924,16
SU2-HaarU4-brickwork,12,0.03,10000,physical,finite_difference_snr_mean,0.013465959106808813,0.013050373870678478,0.013868684119844054,16
SU2-HaarU4-brickwork,12,0.03,10000,physical,linearized_shots_for_snr1,50697170.746006526,49894793.93952355,51572212.3709927,16
SU2-HaarU4-brickwork,12,0.03,10000,random_rank,actual_retention,0.002945896368250375,0.002881146568996645,0.0030150723567489734,16
SU2-HaarU4-brickwork,12,0.03,10000,random_rank,rho,1.00528713566546,0.983608557830613,1.0284977014080698,16
SU2-HaarU4-brickwork,12,0.03,10000,random_rank,expected_scalar_directional_grad2,4.810494440940235e-05,4.7021377815429234e-05,4.92541011168655e-05,16
SU2-HaarU4-brickwork,12,0.03,10000,random_rank,estimated_parameter_gradient_norm2,0.12468801590917086,0.12190231050241362,0.12760567230805264,16
SU2-HaarU4-brickwork,12,0.03,10000,random_rank,finite_difference_snr_mean,0.009353041579108832,0.009103172543950289,0.009624411158284022,16
SU2-HaarU4-brickwork,12,0.03,10000,random_rank,linearized_shots_for_snr1,104163808.66599095,101697567.65208854,106429933.75662395,16
SU2-HaarU4-brickwork,12,0.05,100,aligned_crossfit,actual_retention,0.02784618730737313,0.027488784616535537,0.028191856583538066,16
SU2-HaarU4-brickwork,12,0.05,100,aligned_crossfit,rho,9.502511418641093,9.378593664362102,9.62399701493179,16
SU2-HaarU4-brickwork,12,0.05,100,aligned_crossfit,expected_scalar_directional_grad2,0.00028294943051458124,0.00027952781602482465,0.0002862456118723295,16
SU2-HaarU4-brickwork,12,0.05,100,aligned_crossfit,estimated_parameter_gradient_norm2,0.73340492389392,0.7244561071052283,0.7417735146976993,16
SU2-HaarU4-brickwork,12,0.05,100,aligned_crossfit,finite_difference_snr_mean,0.0022641198193274685,0.0022035833857884757,0.002318509301225088,16
SU2-HaarU4-brickwork,12,0.05,100,aligned_crossfit,linearized_shots_for_snr1,17681456.41171451,17470311.68449533,17895168.79029842,16
SU2-HaarU4-brickwork,12,0.05,100,physical,actual_retention,0.008920155251687613,0.008783431234165274,0.009047826870766676,16
SU2-HaarU4-brickwork,12,0.05,100,physical,rho,3.0440029796384094,2.999262011857207,3.088402536798067,16
SU2-HaarU4-brickwork,12,0.05,100,physical,expected_scalar_directional_grad2,9.049543116404282e-05,8.8986632407746e-05,9.191553107608562e-05,16
SU2-HaarU4-brickwork,12,0.05,100,physical,estimated_parameter_gradient_norm2,0.23456415757719892,0.23059696836345978,0.23818058893890204,16
SU2-HaarU4-brickwork,12,0.05,100,physical,finite_difference_snr_mean,0.0012891990171996312,0.0012504024511980744,0.0013288516630289955,16
SU2-HaarU4-brickwork,12,0.05,100,physical,linearized_shots_for_snr1,55313163.304399714,54440450.21722366,56260928.42760356,16
SU2-HaarU4-brickwork,12,0.05,100,random_rank,actual_retention,0.0029506786936960875,0.002888928580404487,0.0030180266850250125,16
SU2-HaarU4-brickwork,12,0.05,100,random_rank,rho,1.0069191042238064,0.9856727002418982,1.0299072071747084,16
SU2-HaarU4-brickwork,12,0.05,100,random_rank,expected_scalar_directional_grad2,2.9892361206852624e-05,2.9241494253038114e-05,3.060515714592656e-05,16
SU2-HaarU4-brickwork,12,0.05,100,random_rank,estimated_parameter_gradient_norm2,0.07748100024816196,0.07580713501456678,0.07932044539914497,16
SU2-HaarU4-brickwork,12,0.05,100,random_rank,finite_difference_snr_mean,0.0007381947005170124,0.0007203639649368967,0.000757482719260225,16
SU2-HaarU4-brickwork,12,0.05,100,random_rank,linearized_shots_for_snr1,167617975.67953986,163776123.69631308,171166417.73676494,16
SU2-HaarU4-brickwork,12,0.05,1000,aligned_crossfit,actual_retention,0.02784618730737313,0.027485718287085768,0.02819915017234685,16
SU2-HaarU4-brickwork,12,0.05,1000,aligned_crossfit,rho,9.502511418641093,9.383613857898679,9.622892794350305,16
SU2-HaarU4-brickwork,12,0.05,1000,aligned_crossfit,expected_scalar_directional_grad2,0.00028294943051458124,0.00027954987877267516,0.0002861983818446681,16
SU2-HaarU4-brickwork,12,0.05,1000,aligned_crossfit,estimated_parameter_gradient_norm2,0.73340492389392,0.7245846401750219,0.7418799619985236,16
SU2-HaarU4-brickwork,12,0.05,1000,aligned_crossfit,finite_difference_snr_mean,0.007159775524603825,0.006981751902227313,0.007330910206934677,16
SU2-HaarU4-brickwork,12,0.05,1000,aligned_crossfit,linearized_shots_for_snr1,17681456.41171451,17475249.53501359,17892143.590696607,16
SU2-HaarU4-brickwork,12,0.05,1000,physical,actual_retention,0.008920155251687613,0.00878757630386132,0.00904715337852501,16
SU2-HaarU4-brickwork,12,0.05,1000,physical,rho,3.0440029796384094,2.9985760970805053,3.0868620224996115,16
SU2-HaarU4-brickwork,12,0.05,1000,physical,expected_scalar_directional_grad2,9.049543116404282e-05,8.89669214849571e-05,9.188991459281713e-05,16
SU2-HaarU4-brickwork,12,0.05,1000,physical,estimated_parameter_gradient_norm2,0.23456415757719892,0.23075556263523492,0.238118119082875,16
SU2-HaarU4-brickwork,12,0.05,1000,physical,finite_difference_snr_mean,0.004076805251601544,0.003949959294670771,0.004204717769671464,16
SU2-HaarU4-brickwork,12,0.05,1000,physical,linearized_shots_for_snr1,55313163.304399714,54450879.97458748,56265021.459350646,16
SU2-HaarU4-brickwork,12,0.05,1000,random_rank,actual_retention,0.0029506786936960875,0.0028894722169391217,0.00302034025872653,16
SU2-HaarU4-brickwork,12,0.05,1000,random_rank,rho,1.0069191042238064,0.985487569567721,1.0301999144110872,16
SU2-HaarU4-brickwork,12,0.05,1000,random_rank,expected_scalar_directional_grad2,2.9892361206852624e-05,2.922986027683063e-05,3.059334993884894e-05,16
SU2-HaarU4-brickwork,12,0.05,1000,random_rank,estimated_parameter_gradient_norm2,0.07748100024816196,0.07581728815035393,0.07934189716332303,16
SU2-HaarU4-brickwork,12,0.05,1000,random_rank,finite_difference_snr_mean,0.00233437661029975,0.0022788084964436898,0.002396004268772248,16
SU2-HaarU4-brickwork,12,0.05,1000,random_rank,linearized_shots_for_snr1,167617975.67953986,163850331.8798334,171222786.70824862,16
SU2-HaarU4-brickwork,12,0.05,10000,aligned_crossfit,actual_retention,0.02784618730737313,0.027493406169823296,0.028205710370734636,16
SU2-HaarU4-brickwork,12,0.05,10000,aligned_crossfit,rho,9.502511418641093,9.379905180126917,9.622892868028561,16
SU2-HaarU4-brickwork,12,0.05,10000,aligned_crossfit,expected_scalar_directional_grad2,0.00028294943051458124,0.0002795225133614945,0.0002862460801616775,16
SU2-HaarU4-brickwork,12,0.05,10000,aligned_crossfit,estimated_parameter_gradient_norm2,0.73340492389392,0.7245445124651098,0.741892315608594,16
SU2-HaarU4-brickwork,12,0.05,10000,aligned_crossfit,finite_difference_snr_mean,0.022641198193275106,0.022057063463867745,0.023186489505498457,16
SU2-HaarU4-brickwork,12,0.05,10000,aligned_crossfit,linearized_shots_for_snr1,17681456.41171451,17476198.570386514,17896032.602491975,16
SU2-HaarU4-brickwork,12,0.05,10000,physical,actual_retention,0.008920155251687613,0.008785484644123646,0.009047429162534586,16
SU2-HaarU4-brickwork,12,0.05,10000,physical,rho,3.0440029796384094,2.996549864569086,3.0874038108366175,16
SU2-HaarU4-brickwork,12,0.05,10000,physical,expected_scalar_directional_grad2,9.049543116404282e-05,8.8983775069194e-05,9.190370322630491e-05,16
SU2-HaarU4-brickwork,12,0.05,10000,physical,estimated_parameter_gradient_norm2,0.23456415757719892,0.2305604717058043,0.23827158963145872,16
SU2-HaarU4-brickwork,12,0.05,10000,physical,finite_difference_snr_mean,0.012891990171996768,0.012493532836636446,0.013279909922221509,16
SU2-HaarU4-brickwork,12,0.05,10000,physical,linearized_shots_for_snr1,55313163.304399714,54440171.19445796,56283074.770709164,16
SU2-HaarU4-brickwork,12,0.05,10000,random_rank,actual_retention,0.0029506786936960875,0.002888528192359023,0.0030181949162871166,16
SU2-HaarU4-brickwork,12,0.05,10000,random_rank,rho,1.0069191042238064,0.9857508444017012,1.0301408968561763,16
SU2-HaarU4-brickwork,12,0.05,10000,random_rank,expected_scalar_directional_grad2,2.9892361206852624e-05,2.925442892902062e-05,3.061862510827436e-05,16
SU2-HaarU4-brickwork,12,0.05,10000,random_rank,estimated_parameter_gradient_norm2,0.07748100024816196,0.07578929447095055,0.07932496810232756,16
SU2-HaarU4-brickwork,12,0.05,10000,random_rank,finite_difference_snr_mean,0.007381947005170594,0.007200114882505796,0.007571631531883168,16
SU2-HaarU4-brickwork,12,0.05,10000,random_rank,linearized_shots_for_snr1,167617975.67953986,163805026.47248435,171222735.62061572,16
U1-RZ-XY-line,8,0.0,100,aligned_crossfit,actual_retention,0.4935018522001363,0.4839614247740866,0.5027866740865292,20
U1-RZ-XY-line,8,0.0,100,aligned_crossfit,rho,4.864518257401343,4.770697826085861,4.956354109923153,20
U1-RZ-XY-line,8,0.0,100,aligned_crossfit,expected_scalar_directional_grad2,0.02528541873027491,0.02439388673122274,0.02622115942089945,20
U1-RZ-XY-line,8,0.0,100,aligned_crossfit,estimated_parameter_gradient_norm2,13.95755113911178,13.462855160245796,14.46389841375894,20
U1-RZ-XY-line,8,0.0,100,aligned_crossfit,finite_difference_snr_mean,0.021656253277703718,0.02065006760538576,0.022682885013511015,20
U1-RZ-XY-line,8,0.0,100,aligned_crossfit,linearized_shots_for_snr1,199052.39260524305,192004.70469988536,206002.78543212084,20
U1-RZ-XY-line,8,0.0,100,physical,actual_retention,0.4326143178078845,0.42117002639390594,0.44366315377477866,20
U1-RZ-XY-line,8,0.0,100,physical,rho,4.264341132677719,4.153794345354808,4.371426608266685,20
U1-RZ-XY-line,8,0.0,100,physical,expected_scalar_directional_grad2,0.022031504963671088,0.0211496170362639,0.022910448029059945,20
U1-RZ-XY-line,8,0.0,100,physical,estimated_parameter_gradient_norm2,12.161390739946471,11.665527198869677,12.657614546460968,20
U1-RZ-XY-line,8,0.0,100,physical,finite_difference_snr_mean,0.02028436823252216,0.01918528693731019,0.021449992001712357,20
U1-RZ-XY-line,8,0.0,100,physical,linearized_shots_for_snr1,228872.91099563375,219662.44155425607,238064.09564341692,20
U1-RZ-XY-line,8,0.0,100,random_rank,actual_retention,0.10576806759282034,0.09975127045922544,0.11210752499932583,20
U1-RZ-XY-line,8,0.0,100,random_rank,rho,1.0425709519863724,0.9833503550922974,1.1022136558983724,20
U1-RZ-XY-line,8,0.0,100,random_rank,expected_scalar_directional_grad2,0.005253656815921619,0.00493105641569288,0.0055845690772792726,20
U1-RZ-XY-line,8,0.0,100,random_rank,estimated_parameter_gradient_norm2,2.900018562388759,2.724637324122801,3.0868901210384574,20
U1-RZ-XY-line,8,0.0,100,random_rank,finite_difference_snr_mean,0.009722786841099096,0.009118410428963386,0.010395912486546836,20
U1-RZ-XY-line,8,0.0,100,random_rank,linearized_shots_for_snr1,970777.7727336861,911291.0914372487,1030539.0726549495,20
U1-RZ-XY-line,8,0.0,1000,aligned_crossfit,actual_retention,0.4935018522001363,0.4841064439455765,0.5030050816823699,20
U1-RZ-XY-line,8,0.0,1000,aligned_crossfit,rho,4.864518257401343,4.7687350916439035,4.957785722165291,20
U1-RZ-XY-line,8,0.0,1000,aligned_crossfit,expected_scalar_directional_grad2,0.02528541873027491,0.024395472694230078,0.02620332251840028,20
U1-RZ-XY-line,8,0.0,1000,aligned_crossfit,estimated_parameter_gradient_norm2,13.95755113911178,13.458443216083396,14.458407164706085,20
U1-RZ-XY-line,8,0.0,1000,aligned_crossfit,finite_difference_snr_mean,0.06848308594303071,0.065269624602989,0.07176318700029229,20
U1-RZ-XY-line,8,0.0,1000,aligned_crossfit,linearized_shots_for_snr1,199052.39260524305,192123.27327275192,205931.0144777871,20
U1-RZ-XY-line,8,0.0,1000,physical,actual_retention,0.4326143178078845,0.4215813947902445,0.44355580117897564,20
U1-RZ-XY-line,8,0.0,1000,physical,rho,4.264341132677719,4.154226943339296,4.37221841312022,20
U1-RZ-XY-line,8,0.0,1000,physical,expected_scalar_directional_grad2,0.022031504963671088,0.02115998865488269,0.022927713608969166,20
U1-RZ-XY-line,8,0.0,1000,physical,estimated_parameter_gradient_norm2,12.161390739946471,11.67094194149241,12.653534407340617,20
U1-RZ-XY-line,8,0.0,1000,physical,finite_difference_snr_mean,0.06414480451233401,0.06062529561856249,0.06782012420237396,20
U1-RZ-XY-line,8,0.0,1000,physical,linearized_shots_for_snr1,228872.91099563375,219820.06499195623,238274.05044122358,20
U1-RZ-XY-line,8,0.0,1000,random_rank,actual_retention,0.10576806759282034,0.09982503291613691,0.11197619768251971,20
U1-RZ-XY-line,8,0.0,1000,random_rank,rho,1.0425709519863724,0.9834996454649608,1.1042189296612135,20
U1-RZ-XY-line,8,0.0,1000,random_rank,expected_scalar_directional_grad2,0.005253656815921619,0.004932718227114717,0.0055917783052838056,20
U1-RZ-XY-line,8,0.0,1000,random_rank,estimated_parameter_gradient_norm2,2.900018562388759,2.719938084928863,3.0853473389093238,20
U1-RZ-XY-line,8,0.0,1000,random_rank,finite_difference_snr_mean,0.030746151622186756,0.02885576097112612,0.03289589315781223,20
U1-RZ-XY-line,8,0.0,1000,random_rank,linearized_shots_for_snr1,970777.7727336861,912548.985796213,1029764.3904774056,20
U1-RZ-XY-line,8,0.0,10000,aligned_crossfit,actual_retention,0.4935018522001363,0.48402825792520626,0.5027571556285768,20
U1-RZ-XY-line,8,0.0,10000,aligned_crossfit,rho,4.864518257401343,4.770564617412685,4.956826309467266,20
U1-RZ-XY-line,8,0.0,10000,aligned_crossfit,expected_scalar_directional_grad2,0.02528541873027491,0.024414691315585352,0.02621603695030912,20
U1-RZ-XY-line,8,0.0,10000,aligned_crossfit,estimated_parameter_gradient_norm2,13.95755113911178,13.468483978153165,14.47876949254703,20
U1-RZ-XY-line,8,0.0,10000,aligned_crossfit,finite_difference_snr_mean,0.21656253277703716,0.20658897888702007,0.22722762878646804,20
U1-RZ-XY-line,8,0.0,10000,aligned_crossfit,linearized_shots_for_snr1,199052.39260524305,192160.2813299186,205988.22171674366,20
U1-RZ-XY-line,8,0.0,10000,physical,actual_retention,0.4326143178078845,0.4217460469646535,0.4438923955455868,20
U1-RZ-XY-line,8,0.0,10000,physical,rho,4.264341132677719,4.155513452961929,4.371118534767425,20
U1-RZ-XY-line,8,0.0,10000,physical,expected_scalar_directional_grad2,0.022031504963671088,0.021163832920935502,0.02291710371969133,20
U1-RZ-XY-line,8,0.0,10000,physical,estimated_parameter_gradient_norm2,12.161390739946471,11.6772038315751,12.655600279412079,20
U1-RZ-XY-line,8,0.0,10000,physical,finite_difference_snr_mean,0.20284368232522162,0.1915169607722828,0.21449850573587906,20
U1-RZ-XY-line,8,0.0,10000,physical,linearized_shots_for_snr1,228872.91099563375,219708.5878643634,238306.00378746513,20
U1-RZ-XY-line,8,0.0,10000,random_rank,actual_retention,0.10576806759282034,0.09962916529444636,0.11180735993628212,20
U1-RZ-XY-line,8,0.0,10000,random_rank,rho,1.0425709519863724,0.9837263634458366,1.1046245328025701,20
U1-RZ-XY-line,8,0.0,10000,random_rank,expected_scalar_directional_grad2,0.005253656815921619,0.004938692635639821,0.0055922085828850505,20
U1-RZ-XY-line,8,0.0,10000,random_rank,estimated_parameter_gradient_norm2,2.900018562388759,2.7194115554427247,3.083902313130266,20
U1-RZ-XY-line,8,0.0,10000,random_rank,finite_difference_snr_mean,0.09722786841099097,0.09137394495606145,0.10386839214031002,20
U1-RZ-XY-line,8,0.0,10000,random_rank,linearized_shots_for_snr1,970777.7727336861,912119.5917892806,1029895.8482691338,20
U1-RZ-XY-line,8,0.01,100,aligned_crossfit,actual_retention,0.5541618069226203,0.5433819727475433,0.5645120258439633,20
U1-RZ-XY-line,8,0.01,100,aligned_crossfit,rho,17.66390759565852,17.32089051730337,17.994372453885205,20
U1-RZ-XY-line,8,0.01,100,aligned_crossfit,expected_scalar_directional_grad2,0.02337641925488592,0.022530576368427778,0.02425602922119707,20
U1-RZ-XY-line,8,0.01,100,aligned_crossfit,estimated_parameter_gradient_norm2,12.903783428697059,12.434561647601516,13.388962137900766,20
U1-RZ-XY-line,8,0.01,100,aligned_crossfit,finite_difference_snr_mean,0.020818201151253577,0.019791982273574777,0.02185953248946245,20
U1-RZ-XY-line,8,0.01,100,aligned_crossfit,linearized_shots_for_snr1,215379.12852171948,207382.1996757181,223020.8357362123,20
U1-RZ-XY-line,8,0.01,100,physical,actual_retention,0.4365617258259644,0.4256289461660004,0.44718216513548764,20
U1-RZ-XY-line,8,0.01,100,physical,rho,13.915405010702617,13.563856681528277,14.262822739951345,20
U1-RZ-XY-line,8,0.01,100,physical,expected_scalar_directional_grad2,0.018389255667416875,0.01764559451255225,0.01915285720654555,20
U1-RZ-XY-line,8,0.01,100,physical,estimated_parameter_gradient_norm2,10.15086912841414,9.74285510658425,10.558359470785101,20
U1-RZ-XY-line,8,0.01,100,physical,finite_difference_snr_mean,0.018529067538921543,0.017505665561320483,0.019581921434283972,20
U1-RZ-XY-line,8,0.01,100,physical,linearized_shots_for_snr1,274235.992256918,263197.7813376486,285442.5396461045,20
U1-RZ-XY-line,8,0.01,100,random_rank,actual_retention,0.031159516086974502,0.029410941252367904,0.03296486045608108,20
U1-RZ-XY-line,8,0.01,100,random_rank,rho,0.9932095752723139,0.9385684882608532,1.0494977127950813,20
U1-RZ-XY-line,8,0.01,100,random_rank,expected_scalar_directional_grad2,0.0012818265433897596,0.001205199640642753,0.0013606899388113572,20
U1-RZ-XY-line,8,0.01,100,random_rank,estimated_parameter_gradient_norm2,0.707568251951175,0.6651561836863331,0.7497505746282592,20
U1-RZ-XY-line,8,0.01,100,random_rank,finite_difference_snr_mean,0.004743568168903124,0.004441546439990323,0.005044286707772722,20
U1-RZ-XY-line,8,0.01,100,random_rank,linearized_shots_for_snr1,3977641.0650521377,3730532.1772030727,4224584.133504501,20
U1-RZ-XY-line,8,0.01,1000,aligned_crossfit,actual_retention,0.5541618069226203,0.5434233045860785,0.5644866121607927,20
U1-RZ-XY-line,8,0.01,1000,aligned_crossfit,rho,17.66390759565852,17.321792762354608,17.988262336498053,20
U1-RZ-XY-line,8,0.01,1000,aligned_crossfit,expected_scalar_directional_grad2,0.02337641925488592,0.022551011514751206,0.024270722395326468,20
U1-RZ-XY-line,8,0.01,1000,aligned_crossfit,estimated_parameter_gradient_norm2,12.903783428697059,12.44050670873624,13.393880918314446,20
U1-RZ-XY-line,8,0.01,1000,aligned_crossfit,finite_difference_snr_mean,0.06583293242550099,0.06257060334879842,0.06912689527902552,20
U1-RZ-XY-line,8,0.01,1000,aligned_crossfit,linearized_shots_for_snr1,215379.12852171948,207580.84753787224,222816.4361204517,20
U1-RZ-XY-line,8,0.01,1000,physical,actual_retention,0.4365617258259644,0.4254780397720713,0.4473027862878497,20
U1-RZ-XY-line,8,0.01,1000,physical,rho,13.915405010702617,13.573172144603282,14.252328392023676,20
U1-RZ-XY-line,8,0.01,1000,physical,expected_scalar_directional_grad2,0.018389255667416875,0.017660096621487622,0.019142771426481506,20
U1-RZ-XY-line,8,0.01,1000,physical,estimated_parameter_gradient_norm2,10.15086912841414,9.74121451266997,10.555763201284675,20
U1-RZ-XY-line,8,0.01,1000,physical,finite_difference_snr_mean,0.058594056342082826,0.05537167564953335,0.06182901541244149,20
U1-RZ-XY-line,8,0.01,1000,physical,linearized_shots_for_snr1,274235.992256918,263224.2860824861,285361.5431752168,20
U1-RZ-XY-line,8,0.01,1000,random_rank,actual_retention,0.031159516086974502,0.029419094883049942,0.03293568513379259,20
U1-RZ-XY-line,8,0.01,1000,random_rank,rho,0.9932095752723139,0.9385525184592095,1.0504435968371078,20
U1-RZ-XY-line,8,0.01,1000,random_rank,expected_scalar_directional_grad2,0.0012818265433897596,0.0012052004969384474,0.0013606298503496047,20
U1-RZ-XY-line,8,0.01,1000,random_rank,estimated_parameter_gradient_norm2,0.707568251951175,0.664549490498274,0.749571104354356,20
U1-RZ-XY-line,8,0.01,1000,random_rank,finite_difference_snr_mean,0.015000479650008263,0.014029067914022017,0.015957531329842435,20
U1-RZ-XY-line,8,0.01,1000,random_rank,linearized_shots_for_snr1,3977641.0650521377,3734963.5135985757,4228343.228851004,20
U1-RZ-XY-line,8,0.01,10000,aligned_crossfit,actual_retention,0.5541618069226203,0.5434627095107925,0.5643894521568,20
U1-RZ-XY-line,8,0.01,10000,aligned_crossfit,rho,17.66390759565852,17.329300416437327,17.99502802641746,20
U1-RZ-XY-line,8,0.01,10000,aligned_crossfit,expected_scalar_directional_grad2,0.02337641925488592,0.022537231916029882,0.024270374840295567,20
U1-RZ-XY-line,8,0.01,10000,aligned_crossfit,estimated_parameter_gradient_norm2,12.903783428697059,12.449293699765082,13.395469509726508,20
U1-RZ-XY-line,8,0.01,10000,aligned_crossfit,finite_difference_snr_mean,0.2081820115125364,0.19786202244389742,0.2184272883585179,20
U1-RZ-XY-line,8,0.01,10000,aligned_crossfit,linearized_shots_for_snr1,215379.12852171948,207512.3984001676,222756.97187080415,20
U1-RZ-XY-line,8,0.01,10000,physical,actual_retention,0.4365617258259644,0.42554929373686146,0.44716566356911525,20
U1-RZ-XY-line,8,0.01,10000,physical,rho,13.915405010702617,13.57148414141287,14.248476896900648,20
U1-RZ-XY-line,8,0.01,10000,physical,expected_scalar_directional_grad2,0.018389255667416875,0.017641769682735692,0.019116921810990985,20
U1-RZ-XY-line,8,0.01,10000,physical,estimated_parameter_gradient_norm2,10.15086912841414,9.745534477896141,10.568007133867775,20
U1-RZ-XY-line,8,0.01,10000,physical,finite_difference_snr_mean,0.18529067538921595,0.17501705948650645,0.19599557466373563,20
U1-RZ-XY-line,8,0.01,10000,physical,linearized_shots_for_snr1,274235.992256918,263124.0395078621,285708.8119053878,20
U1-RZ-XY-line,8,0.01,10000,random_rank,actual_retention,0.031159516086974502,0.02943567536814475,0.03293763643443533,20
U1-RZ-XY-line,8,0.01,10000,random_rank,rho,0.9932095752723139,0.9375341239902997,1.0493651949332934,20
U1-RZ-XY-line,8,0.01,10000,random_rank,expected_scalar_directional_grad2,0.0012818265433897596,0.0012059174655629388,0.0013578396410739515,20
U1-RZ-XY-line,8,0.01,10000,random_rank,estimated_parameter_gradient_norm2,0.707568251951175,0.6644518261632446,0.7515254149438749,20
U1-RZ-XY-line,8,0.01,10000,random_rank,finite_difference_snr_mean,0.04743568168903167,0.04445146386037657,0.05045540074011362,20
U1-RZ-XY-line,8,0.01,10000,random_rank,linearized_shots_for_snr1,3977641.0650521377,3734926.285634482,4225656.362458579,20
U1-RZ-XY-line,8,0.03,100,aligned_crossfit,actual_retention,0.5695018538329952,0.5588852365162892,0.5796757114838553,20
U1-RZ-XY-line,8,0.03,100,aligned_crossfit,rho,18.15287159092673,17.81411487322121,18.47431120680092,20
U1-RZ-XY-line,8,0.03,100,aligned_crossfit,expected_scalar_directional_grad2,0.0209872317975782,0.020237968843177367,0.021774123394082294,20
U1-RZ-XY-line,8,0.03,100,aligned_crossfit,estimated_parameter_gradient_norm2,11.584951952263188,11.17078746016332,12.018816814326286,20
U1-RZ-XY-line,8,0.03,100,aligned_crossfit,finite_difference_snr_mean,0.019726031149380128,0.01874799419334514,0.020727669314002908,20
U1-RZ-XY-line,8,0.03,100,aligned_crossfit,linearized_shots_for_snr1,239863.4386735182,231176.45472250358,248175.64727457648,20
U1-RZ-XY-line,8,0.03,100,physical,actual_retention,0.4536990756602372,0.44257960975511307,0.4641006801475338,20
U1-RZ-XY-line,8,0.03,100,physical,rho,14.461658036670064,14.104966865354251,14.808767481691838,20
U1-RZ-XY-line,8,0.03,100,physical,expected_scalar_directional_grad2,0.016734876622916693,0.01605019911430466,0.017428756444620924,20
U1-RZ-XY-line,8,0.03,100,physical,estimated_parameter_gradient_norm2,9.237651895850037,8.857701962093735,9.627092383363511,20
U1-RZ-XY-line,8,0.03,100,physical,finite_difference_snr_mean,0.01767009274844786,0.016691001791459107,0.0187113166406314,20
U1-RZ-XY-line,8,0.03,100,physical,linearized_shots_for_snr1,301432.80193503224,289025.93244491925,313617.01260927477,20
U1-RZ-XY-line,8,0.03,100,random_rank,actual_retention,0.031349162262970236,0.0296128239824985,0.033113190608323094,20
U1-RZ-XY-line,8,0.03,100,random_rank,rho,0.9992545471321777,0.9440331702188975,1.0543058645484586,20
U1-RZ-XY-line,8,0.03,100,random_rank,expected_scalar_directional_grad2,0.00112575065702642,0.0010588436077168812,0.001195404212237889,20
U1-RZ-XY-line,8,0.03,100,random_rank,estimated_parameter_gradient_norm2,0.6214143626786106,0.5832619503263891,0.6591729947663807,20
U1-RZ-XY-line,8,0.03,100,random_rank,finite_difference_snr_mean,0.00442195465371807,0.0041457083100109315,0.004697669160349198,20
U1-RZ-XY-line,8,0.03,100,random_rank,linearized_shots_for_snr1,4529996.841777959,4252757.938828792,4820371.474848277,20
U1-RZ-XY-line,8,0.03,1000,aligned_crossfit,actual_retention,0.5695018538329952,0.5590191330554802,0.5797598556567368,20
U1-RZ-XY-line,8,0.03,1000,aligned_crossfit,rho,18.15287159092673,17.815190182120656,18.471527968323684,20
U1-RZ-XY-line,8,0.03,1000,aligned_crossfit,expected_scalar_directional_grad2,0.0209872317975782,0.020231329683426176,0.021771730559601413,20
U1-RZ-XY-line,8,0.03,1000,aligned_crossfit,estimated_parameter_gradient_norm2,11.584951952263188,11.173763814462333,12.02557266889409,20
U1-RZ-XY-line,8,0.03,1000,aligned_crossfit,finite_difference_snr_mean,0.06237918762747047,0.059085267711741454,0.06553419338243345,20
U1-RZ-XY-line,8,0.03,1000,aligned_crossfit,linearized_shots_for_snr1,239863.4386735182,231254.72862183856,248328.44119025208,20
U1-RZ-XY-line,8,0.03,1000,physical,actual_retention,0.4536990756602372,0.44255375393853014,0.4645250569724335,20
U1-RZ-XY-line,8,0.03,1000,physical,rho,14.461658036670064,14.113161771420723,14.797819304521083,20
U1-RZ-XY-line,8,0.03,1000,physical,expected_scalar_directional_grad2,0.016734876622916693,0.01605517673297512,0.01742836588602262,20
U1-RZ-XY-line,8,0.03,1000,physical,estimated_parameter_gradient_norm2,9.237651895850037,8.861679178881138,9.619921740064362,20
U1-RZ-XY-line,8,0.03,1000,physical,finite_difference_snr_mean,0.055877739551520034,0.05271417656517389,0.059097740986034555,20
U1-RZ-XY-line,8,0.03,1000,physical,linearized_shots_for_snr1,301432.80193503224,289370.8693667811,313999.73263323196,20
U1-RZ-XY-line,8,0.03,1000,random_rank,actual_retention,0.031349162262970236,0.029669182373495945,0.03313949097635591,20
U1-RZ-XY-line,8,0.03,1000,random_rank,rho,0.9992545471321777,0.9441220968839972,1.0553126340012382,20
U1-RZ-XY-line,8,0.03,1000,random_rank,expected_scalar_directional_grad2,0.00112575065702642,0.0010567603675264428,0.0011941221737090519,20
U1-RZ-XY-line,8,0.03,1000,random_rank,estimated_parameter_gradient_norm2,0.6214143626786106,0.5836458352962527,0.6587766972624144,20
U1-RZ-XY-line,8,0.03,1000,random_rank,finite_difference_snr_mean,0.01398344841573034,0.013121334685503375,0.0148460905047691,20
U1-RZ-XY-line,8,0.03,1000,random_rank,linearized_shots_for_snr1,4529996.841777959,4262841.004924795,4816906.218351351,20
U1-RZ-XY-line,8,0.03,10000,aligned_crossfit,actual_retention,0.5695018538329952,0.5589485771186792,0.5796988035031813,20
U1-RZ-XY-line,8,0.03,10000,aligned_crossfit,rho,18.15287159092673,17.820114959458813,18.479733661901733,20
U1-RZ-XY-line,8,0.03,10000,aligned_crossfit,expected_scalar_directional_grad2,0.0209872317975782,0.020250000089097362,0.02177830176109297,20
U1-RZ-XY-line,8,0.03,10000,aligned_crossfit,estimated_parameter_gradient_norm2,11.584951952263188,11.166676247029214,12.017547439229915,20
U1-RZ-XY-line,8,0.03,10000,aligned_crossfit,finite_difference_snr_mean,0.19726031149380174,0.18748341801691773,0.2072516314716187,20
U1-RZ-XY-line,8,0.03,10000,aligned_crossfit,linearized_shots_for_snr1,239863.4386735182,231096.9632003446,248253.8666625971,20
U1-RZ-XY-line,8,0.03,10000,physical,actual_retention,0.4536990756602372,0.4426790546763789,0.4645454231205249,20
U1-RZ-XY-line,8,0.03,10000,physical,rho,14.461658036670064,14.108344713947556,14.809787131937274,20
U1-RZ-XY-line,8,0.03,10000,physical,expected_scalar_directional_grad2,0.016734876622916693,0.016045809533674387,0.017432735736578994,20
U1-RZ-XY-line,8,0.03,10000,physical,estimated_parameter_gradient_norm2,9.237651895850037,8.856533911353619,9.610261893635284,20
U1-RZ-XY-line,8,0.03,10000,physical,finite_difference_snr_mean,0.17670092748447902,0.1668823093151539,0.18696829374403928,20
U1-RZ-XY-line,8,0.03,10000,physical,linearized_shots_for_snr1,301432.80193503224,289185.75969420315,313977.8963627919,20
U1-RZ-XY-line,8,0.03,10000,random_rank,actual_retention,0.031349162262970236,0.029597764880052058,0.03314403838290498,20
U1-RZ-XY-line,8,0.03,10000,random_rank,rho,0.9992545471321777,0.9447933183303246,1.0552722926018265,20
U1-RZ-XY-line,8,0.03,10000,random_rank,expected_scalar_directional_grad2,0.00112575065702642,0.0010567219181375797,0.0011922475081129068,20
U1-RZ-XY-line,8,0.03,10000,random_rank,estimated_parameter_gradient_norm2,0.6214143626786106,0.5844959110470703,0.6601297776747042,20
U1-RZ-XY-line,8,0.03,10000,random_rank,finite_difference_snr_mean,0.04421954653718109,0.04157241874631713,0.04689993976012624,20
U1-RZ-XY-line,8,0.03,10000,random_rank,linearized_shots_for_snr1,4529996.841777959,4249679.438045214,4818705.007285053,20
U1-RZ-XY-line,8,0.05,100,aligned_crossfit,actual_retention,0.5903537345741672,0.5795366842011896,0.600626878610252,20
U1-RZ-XY-line,8,0.05,100,aligned_crossfit,rho,18.817525289551575,18.473072098307092,19.15114699867507,20
U1-RZ-XY-line,8,0.05,100,aligned_crossfit,expected_scalar_directional_grad2,0.0187577745969159,0.018094964567209097,0.01945601925036562,20
U1-RZ-XY-line,8,0.05,100,aligned_crossfit,estimated_parameter_gradient_norm2,10.354291577497598,9.989450585986756,10.740608617323318,20
U1-RZ-XY-line,8,0.05,100,aligned_crossfit,finite_difference_snr_mean,0.01866462262317036,0.017737425181505822,0.01963037476710487,20
U1-RZ-XY-line,8,0.05,100,aligned_crossfit,linearized_shots_for_snr1,268369.9492084909,258861.85727494172,277854.8121497056,20
U1-RZ-XY-line,8,0.05,100,physical,actual_retention,0.4773414972953824,0.4656771575486816,0.4880638655361201,20
U1-RZ-XY-line,8,0.05,100,physical,rho,15.215260226290315,14.850009560275572,15.557052875945102,20
U1-RZ-XY-line,8,0.05,100,physical,expected_scalar_directional_grad2,0.01521724465603776,0.014580387397673365,0.015855455745203906,20
U1-RZ-XY-line,8,0.05,100,physical,estimated_parameter_gradient_norm2,8.399919050132869,8.053348424573333,8.760951736918248,20
U1-RZ-XY-line,8,0.05,100,physical,finite_difference_snr_mean,0.016843948110659982,0.015883842308677718,0.017828653166958548,20
U1-RZ-XY-line,8,0.05,100,physical,linearized_shots_for_snr1,331604.263307327,317820.2974934154,345725.3355820618,20
U1-RZ-XY-line,8,0.05,100,random_rank,actual_retention,0.03147314215873756,0.029763323444580513,0.03322008093721221,20
U1-RZ-XY-line,8,0.05,100,random_rank,rho,1.0032064063097617,0.9480133019800635,1.058981917255228,20
U1-RZ-XY-line,8,0.05,100,random_rank,expected_scalar_directional_grad2,0.00097363704370258,0.0009130436885160002,0.0010338831918338515,20
U1-RZ-XY-line,8,0.05,100,random_rank,estimated_parameter_gradient_norm2,0.5374476481238493,0.5040331531568942,0.5707040203702684,20
U1-RZ-XY-line,8,0.05,100,random_rank,finite_difference_snr_mean,0.00409653819104422,0.0038515273010765886,0.004342063803162555,20
U1-RZ-XY-line,8,0.05,100,random_rank,linearized_shots_for_snr1,5240193.764519974,4913122.943676521,5577712.37170087,20
U1-RZ-XY-line,8,0.05,1000,aligned_crossfit,actual_retention,0.5903537345741672,0.5792674642932195,0.6006906134864831,20
U1-RZ-XY-line,8,0.05,1000,aligned_crossfit,rho,18.817525289551575,18.46611421871418,19.15111302104207,20
U1-RZ-XY-line,8,0.05,1000,aligned_crossfit,expected_scalar_directional_grad2,0.0187577745969159,0.018100344207731402,0.019458816179139752,20
U1-RZ-XY-line,8,0.05,1000,aligned_crossfit,estimated_parameter_gradient_norm2,10.354291577497598,9.982490433081642,10.748202484069639,20
U1-RZ-XY-line,8,0.05,1000,aligned_crossfit,finite_difference_snr_mean,0.05902271915672511,0.05602221008808951,0.06197702591712639,20
U1-RZ-XY-line,8,0.05,1000,aligned_crossfit,linearized_shots_for_snr1,268369.9492084909,259030.51806097274,277877.427917721,20
U1-RZ-XY-line,8,0.05,1000,physical,actual_retention,0.4773414972953824,0.46612231300087686,0.4881474587940315,20
U1-RZ-XY-line,8,0.05,1000,physical,rho,15.215260226290315,14.847929591551893,15.553737579844563,20
U1-RZ-XY-line,8,0.05,1000,physical,expected_scalar_directional_grad2,0.01521724465603776,0.014581470369470604,0.015862988898807547,20
U1-RZ-XY-line,8,0.05,1000,physical,estimated_parameter_gradient_norm2,8.399919050132869,8.0460146906035,8.750761642876911,20
U1-RZ-XY-line,8,0.05,1000,physical,finite_difference_snr_mean,0.053265240819375524,0.050226063150343066,0.05636800780489876,20
U1-RZ-XY-line,8,0.05,1000,physical,linearized_shots_for_snr1,331604.263307327,318279.7491423689,345647.61213767144,20
U1-RZ-XY-line,8,0.05,1000,random_rank,actual_retention,0.03147314215873756,0.029726734981139733,0.033163687883096385,20
U1-RZ-XY-line,8,0.05,1000,random_rank,rho,1.0032064063097617,0.9478861170007311,1.0566110056891709,20
U1-RZ-XY-line,8,0.05,1000,random_rank,expected_scalar_directional_grad2,0.00097363704370258,0.0009152265355815148,0.0010324793748472429,20
U1-RZ-XY-line,8,0.05,1000,random_rank,estimated_parameter_gradient_norm2,0.5374476481238493,0.5043510516160729,0.5709696062948338,20
U1-RZ-XY-line,8,0.05,1000,random_rank,finite_difference_snr_mean,0.012954391205565899,0.012186816241612289,0.01373656515049327,20
U1-RZ-XY-line,8,0.05,1000,random_rank,linearized_shots_for_snr1,5240193.764519974,4910946.202572721,5579480.274984287,20
U1-RZ-XY-line,8,0.05,10000,aligned_crossfit,actual_retention,0.5903537345741672,0.5796109375635696,0.6007888972372892,20
U1-RZ-XY-line,8,0.05,10000,aligned_crossfit,rho,18.817525289551575,18.465816216229932,19.146062566998594,20
U1-RZ-XY-line,8,0.05,10000,aligned_crossfit,expected_scalar_directional_grad2,0.0187577745969159,0.018088619635535073,0.019464926387199454,20
U1-RZ-XY-line,8,0.05,10000,aligned_crossfit,estimated_parameter_gradient_norm2,10.354291577497598,9.985772660084418,10.728844331963138,20
U1-RZ-XY-line,8,0.05,10000,aligned_crossfit,finite_difference_snr_mean,0.18664622623170413,0.177152403390471,0.1961961328506058,20
U1-RZ-XY-line,8,0.05,10000,aligned_crossfit,linearized_shots_for_snr1,268369.9492084909,258756.13981105082,277715.82837663207,20
U1-RZ-XY-line,8,0.05,10000,physical,actual_retention,0.4773414972953824,0.4660525673712146,0.48786442510594064,20
U1-RZ-XY-line,8,0.05,10000,physical,rho,15.215260226290315,14.85655905301143,15.551263251847473,20
U1-RZ-XY-line,8,0.05,10000,physical,expected_scalar_directional_grad2,0.01521724465603776,0.014591992609289894,0.015865541374280364,20
U1-RZ-XY-line,8,0.05,10000,physical,estimated_parameter_gradient_norm2,8.399919050132869,8.049173885991676,8.765619061820985,20
U1-RZ-XY-line,8,0.05,10000,physical,finite_difference_snr_mean,0.16843948110660023,0.1588909660688758,0.1783536347274364,20
U1-RZ-XY-line,8,0.05,10000,physical,linearized_shots_for_snr1,331604.263307327,317933.0815479077,345897.36390855955,20
U1-RZ-XY-line,8,0.05,10000,random_rank,actual_retention,0.03147314215873756,0.029752496957561835,0.033229945651154516,20
U1-RZ-XY-line,8,0.05,10000,random_rank,rho,1.0032064063097617,0.9489558295290488,1.0594510373868964,20
U1-RZ-XY-line,8,0.05,10000,random_rank,expected_scalar_directional_grad2,0.00097363704370258,0.0009149292253548576,0.0010339341797235464,20
U1-RZ-XY-line,8,0.05,10000,random_rank,estimated_parameter_gradient_norm2,0.5374476481238493,0.5048216220986507,0.5707420420005733,20
U1-RZ-XY-line,8,0.05,10000,random_rank,finite_difference_snr_mean,0.04096538191044284,0.03845485818889587,0.043397149054745204,20
U1-RZ-XY-line,8,0.05,10000,random_rank,linearized_shots_for_snr1,5240193.764519974,4915477.82355442,5577583.897043276,20
U1-RZ-XY-line,10,0.0,100,aligned_crossfit,actual_retention,0.41768223761484363,0.4106991172616142,0.42536819211438703,20
U1-RZ-XY-line,10,0.0,100,aligned_crossfit,rho,11.64869351570286,11.450948594544267,11.862575178096417,20
U1-RZ-XY-line,10,0.0,100,aligned_crossfit,expected_scalar_directional_grad2,0.016884809525339852,0.016370303634864605,0.017398138343689907,20
U1-RZ-XY-line,10,0.0,100,aligned_crossfit,estimated_parameter_gradient_norm2,14.68978428704572,14.237720173501495,15.133241133383839,20
U1-RZ-XY-line,10,0.0,100,aligned_crossfit,finite_difference_snr_mean,0.01817809129203069,0.01736750571265223,0.018994355067356368,20
U1-RZ-XY-line,10,0.0,100,aligned_crossfit,linearized_shots_for_snr1,297592.6369163808,288500.09864619473,306864.27655341965,20
U1-RZ-XY-line,10,0.0,100,physical,actual_retention,0.35335102450231953,0.3448135561965126,0.36175914107300644,20
U1-RZ-XY-line,10,0.0,100,physical,rho,9.854567461120244,9.620458344962959,10.08975615553102,20
U1-RZ-XY-line,10,0.0,100,physical,expected_scalar_directional_grad2,0.014204716239376195,0.013745107381770084,0.014676078052913016,20
U1-RZ-XY-line,10,0.0,100,physical,estimated_parameter_gradient_norm2,12.35810312825733,11.961974910445377,12.758318196429576,20
U1-RZ-XY-line,10,0.0,100,physical,finite_difference_snr_mean,0.016573441135146055,0.01585886302700742,0.017312053851219717,20
U1-RZ-XY-line,10,0.0,100,physical,linearized_shots_for_snr1,353943.81077691796,342342.44318945473,365625.0147931593,20
U1-RZ-XY-line,10,0.0,100,random_rank,actual_retention,0.0360130388440196,0.034645656471986225,0.03735967507724172,20
U1-RZ-XY-line,10,0.0,100,random_rank,rho,1.0043636388721031,0.9659066465583855,1.0422109822920758,20
U1-RZ-XY-line,10,0.0,100,random_rank,expected_scalar_directional_grad2,0.00141790404784427,0.00136351714238441,0.001470854929165367,20
U1-RZ-XY-line,10,0.0,100,random_rank,estimated_parameter_gradient_norm2,1.2335765216245698,1.1873208472535792,1.280369055570682,20
U1-RZ-XY-line,10,0.0,100,random_rank,finite_difference_snr_mean,0.005200872258888413,0.004936475889118105,0.005461028888130756,20
U1-RZ-XY-line,10,0.0,100,random_rank,linearized_shots_for_snr1,3553559.8832563544,3418646.159421981,3694957.566997979,20
U1-RZ-XY-line,10,0.0,1000,aligned_crossfit,actual_retention,0.41768223761484363,0.41052122359792337,0.4253510711448625,20
U1-RZ-XY-line,10,0.0,1000,aligned_crossfit,rho,11.64869351570286,11.450775012225485,11.864051815481814,20
U1-RZ-XY-line,10,0.0,1000,aligned_crossfit,expected_scalar_directional_grad2,0.016884809525339852,0.016365760797948336,0.017402860020876033,20
U1-RZ-XY-line,10,0.0,1000,aligned_crossfit,estimated_parameter_gradient_norm2,14.68978428704572,14.234593108042331,15.123417883507114,20
U1-RZ-XY-line,10,0.0,1000,aligned_crossfit,finite_difference_snr_mean,0.05748417199729002,0.054812067933646715,0.06014411066584008,20
U1-RZ-XY-line,10,0.0,1000,aligned_crossfit,linearized_shots_for_snr1,297592.6369163808,288590.3977697552,306788.7218046739,20
U1-RZ-XY-line,10,0.0,1000,physical,actual_retention,0.35335102450231953,0.34491264913436487,0.3618655875907071,20
U1-RZ-XY-line,10,0.0,1000,physical,rho,9.854567461120244,9.617908932833284,10.08938070508523,20
U1-RZ-XY-line,10,0.0,1000,physical,expected_scalar_directional_grad2,0.014204716239376195,0.013746351349712325,0.014653745236001136,20
U1-RZ-XY-line,10,0.0,1000,physical,estimated_parameter_gradient_norm2,12.35810312825733,11.956530526699037,12.757790106436863,20
U1-RZ-XY-line,10,0.0,1000,physical,finite_difference_snr_mean,0.05240982265378804,0.05014845070671877,0.054741961970910934,20
U1-RZ-XY-line,10,0.0,1000,physical,linearized_shots_for_snr1,353943.81077691796,342570.5373030129,365369.3367392278,20
U1-RZ-XY-line,10,0.0,1000,random_rank,actual_retention,0.0360130388440196,0.03461288074137849,0.037363357495148526,20
U1-RZ-XY-line,10,0.0,1000,random_rank,rho,1.0043636388721031,0.9657118219276071,1.042565067715204,20
U1-RZ-XY-line,10,0.0,1000,random_rank,expected_scalar_directional_grad2,0.00141790404784427,0.0013625896821113784,0.0014713691115086267,20
U1-RZ-XY-line,10,0.0,1000,random_rank,estimated_parameter_gradient_norm2,1.2335765216245698,1.1861724040740107,1.2802109523784222,20
U1-RZ-XY-line,10,0.0,1000,random_rank,finite_difference_snr_mean,0.01644660215767228,0.015632013739673118,0.01726214516142735,20
U1-RZ-XY-line,10,0.0,1000,random_rank,linearized_shots_for_snr1,3553559.8832563544,3418424.1775042913,3694834.62624723,20
U1-RZ-XY-line,10,0.0,10000,aligned_crossfit,actual_retention,0.41768223761484363,0.41082560818425623,0.425584560913359,20
U1-RZ-XY-line,10,0.0,10000,aligned_crossfit,rho,11.64869351570286,11.449777114155067,11.861834632834551,20
U1-RZ-XY-line,10,0.0,10000,aligned_crossfit,expected_scalar_directional_grad2,0.016884809525339852,0.01636339819062587,0.01739114994429891,20
U1-RZ-XY-line,10,0.0,10000,aligned_crossfit,estimated_parameter_gradient_norm2,14.68978428704572,14.237550738351267,15.136010713885273,20
U1-RZ-XY-line,10,0.0,10000,aligned_crossfit,finite_difference_snr_mean,0.1817809129203069,0.17353581955760158,0.19008625333606832,20
U1-RZ-XY-line,10,0.0,10000,aligned_crossfit,linearized_shots_for_snr1,297592.6369163808,288678.09551149665,306987.19470266334,20
U1-RZ-XY-line,10,0.0,10000,physical,actual_retention,0.35335102450231953,0.34479176510825904,0.3618019601439504,20
U1-RZ-XY-line,10,0.0,10000,physical,rho,9.854567461120244,9.61218134647835,10.086694794126428,20
U1-RZ-XY-line,10,0.0,10000,physical,expected_scalar_directional_grad2,0.014204716239376195,0.013749344133109197,0.014671487234623063,20
U1-RZ-XY-line,10,0.0,10000,physical,estimated_parameter_gradient_norm2,12.35810312825733,11.957281274189258,12.763631822667492,20
U1-RZ-XY-line,10,0.0,10000,physical,finite_difference_snr_mean,0.16573441135146055,0.1586491793410221,0.17322183336452326,20
U1-RZ-XY-line,10,0.0,10000,physical,linearized_shots_for_snr1,353943.81077691796,342829.24584256596,365311.288347957,20
U1-RZ-XY-line,10,0.0,10000,random_rank,actual_retention,0.0360130388440196,0.03467450252127036,0.037339570215457835,20
U1-RZ-XY-line,10,0.0,10000,random_rank,rho,1.0043636388721031,0.9653387904273523,1.0419701784654507,20
U1-RZ-XY-line,10,0.0,10000,random_rank,expected_scalar_directional_grad2,0.00141790404784427,0.0013637503203471981,0.0014712024602992699,20
U1-RZ-XY-line,10,0.0,10000,random_rank,estimated_parameter_gradient_norm2,1.2335765216245698,1.186510894215045,1.2804427805691658,20
U1-RZ-XY-line,10,0.0,10000,random_rank,finite_difference_snr_mean,0.05200872258888413,0.049351675712901444,0.054566971704348904,20
U1-RZ-XY-line,10,0.0,10000,random_rank,linearized_shots_for_snr1,3553559.8832563544,3424005.4891657336,3696135.53766856,20
U1-RZ-XY-line,10,0.01,100,aligned_crossfit,actual_retention,0.4582593294354996,0.45133232817140645,0.46624320218897725,20
U1-RZ-XY-line,10,0.01,100,aligned_crossfit,rho,46.879929401251594,46.18795738449913,47.69658834711546,20
U1-RZ-XY-line,10,0.01,100,aligned_crossfit,expected_scalar_directional_grad2,0.015533605214380807,0.01508893895560087,0.01599958367387319,20
U1-RZ-XY-line,10,0.01,100,aligned_crossfit,estimated_parameter_gradient_norm2,13.514236536511344,13.115825034102963,13.91486012579699,20
U1-RZ-XY-line,10,0.01,100,aligned_crossfit,finite_difference_snr_mean,0.017562435528188924,0.01680793098947746,0.018328090471489533,20
U1-RZ-XY-line,10,0.01,100,aligned_crossfit,linearized_shots_for_snr1,323302.4203751207,314018.8587456574,332378.1196394212,20
U1-RZ-XY-line,10,0.01,100,physical,actual_retention,0.362117845148146,0.3536930793521914,0.3704722645652919,20
U1-RZ-XY-line,10,0.01,100,physical,rho,37.044655558655336,36.17114278010008,37.88274048578976,20
U1-RZ-XY-line,10,0.01,100,physical,expected_scalar_directional_grad2,0.01223881782138574,0.011841066283976395,0.012629755250856542,20
U1-RZ-XY-line,10,0.01,100,physical,estimated_parameter_gradient_norm2,10.64777150460564,10.30482150346537,10.985379902027988,20
U1-RZ-XY-line,10,0.01,100,physical,finite_difference_snr_mean,0.015377674223834325,0.014751461734166853,0.01605585249617306,20
U1-RZ-XY-line,10,0.01,100,physical,linearized_shots_for_snr1,410735.7696523745,397626.4122134134,424326.7985319515,20
U1-RZ-XY-line,10,0.01,100,random_rank,actual_retention,0.009703674588993773,0.009308606087647359,0.010092741240537089,20
U1-RZ-XY-line,10,0.01,100,random_rank,rho,0.9926859104540678,0.9535055623931623,1.0326219904643483,20
U1-RZ-XY-line,10,0.01,100,random_rank,expected_scalar_directional_grad2,0.00032172098601802494,0.0003071772764539512,0.0003363436453981984,20
U1-RZ-XY-line,10,0.01,100,random_rank,estimated_parameter_gradient_norm2,0.27989725783571734,0.2674174767584312,0.29281229305340023,20
U1-RZ-XY-line,10,0.01,100,random_rank,finite_difference_snr_mean,0.0024756420170376197,0.002339038568947137,0.0026157587830939423,20
U1-RZ-XY-line,10,0.01,100,random_rank,linearized_shots_for_snr1,15711342.191732746,14998880.75184671,16450111.379212592,20
U1-RZ-XY-line,10,0.01,1000,aligned_crossfit,actual_retention,0.4582593294354996,0.45125262299843294,0.4660385441623121,20
U1-RZ-XY-line,10,0.01,1000,aligned_crossfit,rho,46.879929401251594,46.17323499790257,47.69434235716956,20
U1-RZ-XY-line,10,0.01,1000,aligned_crossfit,expected_scalar_directional_grad2,0.015533605214380807,0.015097212715569486,0.01599986991610649,20
U1-RZ-XY-line,10,0.01,1000,aligned_crossfit,estimated_parameter_gradient_norm2,13.514236536511344,13.128089968271302,13.922869655361872,20
U1-RZ-XY-line,10,0.01,1000,aligned_crossfit,finite_difference_snr_mean,0.05553729752893938,0.0532104669094581,0.05792305138954473,20
U1-RZ-XY-line,10,0.01,1000,aligned_crossfit,linearized_shots_for_snr1,323302.4203751207,313905.04990909674,332600.67057429295,20
U1-RZ-XY-line,10,0.01,1000,physical,actual_retention,0.362117845148146,0.35356802182183633,0.3703804451724875,20
U1-RZ-XY-line,10,0.01,1000,physical,rho,37.044655558655336,36.18638361748276,37.878548985238766,20
U1-RZ-XY-line,10,0.01,1000,physical,expected_scalar_directional_grad2,0.01223881782138574,0.011852309215440556,0.012627987052014471,20
U1-RZ-XY-line,10,0.01,1000,physical,estimated_parameter_gradient_norm2,10.64777150460564,10.316494959011603,10.997363262155556,20
U1-RZ-XY-line,10,0.01,1000,physical,finite_difference_snr_mean,0.0486284756633785,0.04662851001439173,0.05067917082976254,20
U1-RZ-XY-line,10,0.01,1000,physical,linearized_shots_for_snr1,410735.7696523745,397861.3839784246,424159.36388666363,20
U1-RZ-XY-line,10,0.01,1000,random_rank,actual_retention,0.009703674588993773,0.009310870760476982,0.010101850997148516,20
U1-RZ-XY-line,10,0.01,1000,random_rank,rho,0.9926859104540678,0.9532158123248368,1.033765588148055,20
U1-RZ-XY-line,10,0.01,1000,random_rank,expected_scalar_directional_grad2,0.00032172098601802494,0.0003071163131012467,0.00033603134872678696,20
U1-RZ-XY-line,10,0.01,1000,random_rank,estimated_parameter_gradient_norm2,0.27989725783571734,0.2675742056486445,0.29247581178940446,20
U1-RZ-XY-line,10,0.01,1000,random_rank,finite_difference_snr_mean,0.007828667445052336,0.007411048449845383,0.00827997868007783,20
U1-RZ-XY-line,10,0.01,1000,random_rank,linearized_shots_for_snr1,15711342.191732746,15010176.613048486,16439121.80389718,20
U1-RZ-XY-line,10,0.01,10000,aligned_crossfit,actual_retention,0.4582593294354996,0.4513689169155186,0.46614426273335424,20
U1-RZ-XY-line,10,0.01,10000,aligned_crossfit,rho,46.879929401251594,46.18353525079433,47.71348588835916,20
U1-RZ-XY-line,10,0.01,10000,aligned_crossfit,expected_scalar_directional_grad2,0.015533605214380807,0.01508064238974047,0.015992551717213702,20
U1-RZ-XY-line,10,0.01,10000,aligned_crossfit,estimated_parameter_gradient_norm2,13.514236536511344,13.126580045562738,13.915005067008419,20
U1-RZ-XY-line,10,0.01,10000,aligned_crossfit,finite_difference_snr_mean,0.17562435528188966,0.16826747707181813,0.18343316159960832,20
U1-RZ-XY-line,10,0.01,10000,aligned_crossfit,linearized_shots_for_snr1,323302.4203751207,313626.5739945199,332530.72684084397,20
U1-RZ-XY-line,10,0.01,10000,physical,actual_retention,0.362117845148146,0.353619803807736,0.37038003157389154,20
U1-RZ-XY-line,10,0.01,10000,physical,rho,37.044655558655336,36.177977963508695,37.89624675014492,20
U1-RZ-XY-line,10,0.01,10000,physical,expected_scalar_directional_grad2,0.01223881782138574,0.011846915901297973,0.01263867163465165,20
U1-RZ-XY-line,10,0.01,10000,physical,estimated_parameter_gradient_norm2,10.64777150460564,10.309146281328266,10.978672846800455,20
U1-RZ-XY-line,10,0.01,10000,physical,finite_difference_snr_mean,0.15377674223834367,0.14720877045654449,0.16033608998404425,20
U1-RZ-XY-line,10,0.01,10000,physical,linearized_shots_for_snr1,410735.7696523745,397646.88737710414,424224.27708430483,20
U1-RZ-XY-line,10,0.01,10000,random_rank,actual_retention,0.009703674588993773,0.009327364483089191,0.010088643950257116,20
U1-RZ-XY-line,10,0.01,10000,random_rank,rho,0.9926859104540678,0.9532741323245626,1.0324106763412422,20
U1-RZ-XY-line,10,0.01,10000,random_rank,expected_scalar_directional_grad2,0.00032172098601802494,0.00030694976490129724,0.0003366670107572637,20
U1-RZ-XY-line,10,0.01,10000,random_rank,estimated_parameter_gradient_norm2,0.27989725783571734,0.26709562933289105,0.2924872491258327,20
U1-RZ-XY-line,10,0.01,10000,random_rank,finite_difference_snr_mean,0.024756420170376582,0.023435994018630123,0.02620138180853784,20
U1-RZ-XY-line,10,0.01,10000,random_rank,linearized_shots_for_snr1,15711342.191732746,15000956.387777748,16464292.559836416,20
U1-RZ-XY-line,10,0.03,100,aligned_crossfit,actual_retention,0.476119937836022,0.4687064473443941,0.48475383995056565,20
U1-RZ-XY-line,10,0.03,100,aligned_crossfit,rho,48.70706964062505,47.93293653217866,49.56688542653757,20
U1-RZ-XY-line,10,0.03,100,aligned_crossfit,expected_scalar_directional_grad2,0.013723814898842085,0.013323839915505769,0.01413031139498751,20
U1-RZ-XY-line,10,0.03,100,aligned_crossfit,estimated_parameter_gradient_norm2,11.939718961992657,11.586784426950544,12.290389240924915,20
U1-RZ-XY-line,10,0.03,100,aligned_crossfit,finite_difference_snr_mean,0.01650631480313857,0.015834349913867327,0.017214515221685066,20
U1-RZ-XY-line,10,0.03,100,aligned_crossfit,linearized_shots_for_snr1,365970.6700970601,355515.6076925121,376857.2349993637,20
U1-RZ-XY-line,10,0.03,100,physical,actual_retention,0.3890754228024229,0.3805021790720737,0.3974391670547439,20
U1-RZ-XY-line,10,0.03,100,physical,rho,39.802415752687864,38.89558967106023,40.66771710934587,20
U1-RZ-XY-line,10,0.03,100,physical,expected_scalar_directional_grad2,0.011207341053721296,0.010862354459504325,0.011563604167327934,20
U1-RZ-XY-line,10,0.03,100,physical,estimated_parameter_gradient_norm2,9.750386716737566,9.455209409465153,10.05892757405917,20
U1-RZ-XY-line,10,0.03,100,physical,finite_difference_snr_mean,0.01470439794532736,0.014101767440430261,0.015340442882934782,20
U1-RZ-XY-line,10,0.03,100,physical,linearized_shots_for_snr1,448443.73128197266,434087.1600459977,462653.7441849443,20
U1-RZ-XY-line,10,0.03,100,random_rank,actual_retention,0.00962883641834012,0.009244264693399458,0.010014278665559824,20
U1-RZ-XY-line,10,0.03,100,random_rank,rho,0.9850299655961987,0.9460468656782252,1.024913127232051,20
U1-RZ-XY-line,10,0.03,100,random_rank,expected_scalar_directional_grad2,0.00027101435439770495,0.00025897216384501877,0.00028322270173101116,20
U1-RZ-XY-line,10,0.03,100,random_rank,estimated_parameter_gradient_norm2,0.23578248832604592,0.22549477818440916,0.246426039791517,20
U1-RZ-XY-line,10,0.03,100,random_rank,finite_difference_snr_mean,0.0022853863610776846,0.002161235172527929,0.0024232381130777996,20
U1-RZ-XY-line,10,0.03,100,random_rank,linearized_shots_for_snr1,18637619.539088465,17829764.198053144,19467712.907986354,20
U1-RZ-XY-line,10,0.03,1000,aligned_crossfit,actual_retention,0.476119937836022,0.46843367238844785,0.48464718016581654,20
U1-RZ-XY-line,10,0.03,1000,aligned_crossfit,rho,48.70706964062505,47.92822760232523,49.57725461497139,20
U1-RZ-XY-line,10,0.03,1000,aligned_crossfit,expected_scalar_directional_grad2,0.013723814898842085,0.01332777392476804,0.014129439018811875,20
U1-RZ-XY-line,10,0.03,1000,aligned_crossfit,estimated_parameter_gradient_norm2,11.939718961992657,11.59342820466044,12.300038326609622,20
U1-RZ-XY-line,10,0.03,1000,aligned_crossfit,finite_difference_snr_mean,0.05219755055367188,0.05003549187656312,0.05442810607066988,20
U1-RZ-XY-line,10,0.03,1000,aligned_crossfit,linearized_shots_for_snr1,365970.6700970601,355137.73984607245,376637.58649601595,20
U1-RZ-XY-line,10,0.03,1000,physical,actual_retention,0.3890754228024229,0.3803884778403976,0.3974664803059506,20
U1-RZ-XY-line,10,0.03,1000,physical,rho,39.802415752687864,38.92166417915046,40.675510971892756,20
U1-RZ-XY-line,10,0.03,1000,physical,expected_scalar_directional_grad2,0.011207341053721296,0.01085376488861731,0.011559049483992317,20
U1-RZ-XY-line,10,0.03,1000,physical,estimated_parameter_gradient_norm2,9.750386716737566,9.444027542865332,10.055501787121152,20
U1-RZ-XY-line,10,0.03,1000,physical,finite_difference_snr_mean,0.04649938912873463,0.04459096826332267,0.048505528947501826,20
U1-RZ-XY-line,10,0.03,1000,physical,linearized_shots_for_snr1,448443.73128197266,434285.33009355835,462605.1520156017,20
U1-RZ-XY-line,10,0.03,1000,random_rank,actual_retention,0.00962883641834012,0.009244833211122334,0.010017852102850328,20
U1-RZ-XY-line,10,0.03,1000,random_rank,rho,0.9850299655961987,0.9464906201200463,1.0246124633432943,20
U1-RZ-XY-line,10,0.03,1000,random_rank,expected_scalar_directional_grad2,0.00027101435439770495,0.00025903134590890857,0.0002827374937850591,20
U1-RZ-XY-line,10,0.03,1000,random_rank,estimated_parameter_gradient_norm2,0.23578248832604592,0.22539467365685542,0.2464731322090833,20
U1-RZ-XY-line,10,0.03,1000,random_rank,finite_difference_snr_mean,0.007227026234489615,0.006835522836717772,0.007670721092576836,20
U1-RZ-XY-line,10,0.03,1000,random_rank,linearized_shots_for_snr1,18637619.539088465,17815514.100655783,19467404.398577604,20
U1-RZ-XY-line,10,0.03,10000,aligned_crossfit,actual_retention,0.476119937836022,0.4685356427775892,0.48477738287411337,20
U1-RZ-XY-line,10,0.03,10000,aligned_crossfit,rho,48.70706964062505,47.92983073371304,49.57552684032207,20
U1-RZ-XY-line,10,0.03,10000,aligned_crossfit,expected_scalar_directional_grad2,0.013723814898842085,0.01332516421285392,0.014131073516303744,20
U1-RZ-XY-line,10,0.03,10000,aligned_crossfit,estimated_parameter_gradient_norm2,11.939718961992657,11.59134901594817,12.30103470252865,20
U1-RZ-XY-line,10,0.03,10000,aligned_crossfit,finite_difference_snr_mean,0.16506314803138628,0.1583447943679484,0.17196745321889054,20
U1-RZ-XY-line,10,0.03,10000,aligned_crossfit,linearized_shots_for_snr1,365970.6700970601,355487.85179527866,376645.6469537662,20
U1-RZ-XY-line,10,0.03,10000,physical,actual_retention,0.3890754228024229,0.38030237737416933,0.39763946816024787,20
U1-RZ-XY-line,10,0.03,10000,physical,rho,39.802415752687864,38.924838657556315,40.683957797474655,20
U1-RZ-XY-line,10,0.03,10000,physical,expected_scalar_directional_grad2,0.011207341053721296,0.010862125180018898,0.011561650805940692,20
U1-RZ-XY-line,10,0.03,10000,physical,estimated_parameter_gradient_norm2,9.750386716737566,9.442794724596117,10.061249441794445,20
U1-RZ-XY-line,10,0.03,10000,physical,finite_difference_snr_mean,0.14704397945327408,0.14085512409182335,0.15329007485602558,20
U1-RZ-XY-line,10,0.03,10000,physical,linearized_shots_for_snr1,448443.73128197266,434564.7157042876,463052.15334173676,20
U1-RZ-XY-line,10,0.03,10000,random_rank,actual_retention,0.00962883641834012,0.009249903311846844,0.010018741909610806,20
U1-RZ-XY-line,10,0.03,10000,random_rank,rho,0.9850299655961987,0.9462008031374304,1.0244847971748576,20
U1-RZ-XY-line,10,0.03,10000,random_rank,expected_scalar_directional_grad2,0.00027101435439770495,0.000259323128928484,0.0002833243009896293,20
U1-RZ-XY-line,10,0.03,10000,random_rank,estimated_parameter_gradient_norm2,0.23578248832604592,0.2253464427524695,0.24636696352296825,20
U1-RZ-XY-line,10,0.03,10000,random_rank,finite_difference_snr_mean,0.022853863610777448,0.02157482218715406,0.024181417720030615,20
U1-RZ-XY-line,10,0.03,10000,random_rank,linearized_shots_for_snr1,18637619.539088465,17832865.48647723,19475510.49827449,20
U1-RZ-XY-line,10,0.05,100,aligned_crossfit,actual_retention,0.5016816535508676,0.4932589501027038,0.5111508346427753,20
U1-RZ-XY-line,10,0.05,100,aligned_crossfit,rho,51.322033158253774,50.45078455029488,52.26817730170929,20
U1-RZ-XY-line,10,0.05,100,aligned_crossfit,expected_scalar_directional_grad2,0.012163119967273258,0.01180845927977827,0.012533826986971627,20
U1-RZ-XY-line,10,0.05,100,aligned_crossfit,estimated_parameter_gradient_norm2,10.581914371527777,10.278519789495478,10.899732049822317,20
U1-RZ-XY-line,10,0.05,100,aligned_crossfit,finite_difference_snr_mean,0.015495273822179152,0.01487980458739075,0.016131288911189715,20
U1-RZ-XY-line,10,0.05,100,aligned_crossfit,linearized_shots_for_snr1,412984.7319327948,400803.9027134965,425293.3890555798,20
U1-RZ-XY-line,10,0.05,100,physical,actual_retention,0.42193237122115584,0.4128739161984733,0.43094783420101407,20
U1-RZ-XY-line,10,0.05,100,physical,rho,43.163681575924244,42.2186225465361,44.08005754559146,20
U1-RZ-XY-line,10,0.05,100,physical,expected_scalar_directional_grad2,0.010244542751898539,0.009934790727288223,0.010569106915952366,20
U1-RZ-XY-line,10,0.05,100,physical,estimated_parameter_gradient_norm2,8.912752194151766,8.640709298395171,9.189955594796837,20
U1-RZ-XY-line,10,0.05,100,physical,finite_difference_snr_mean,0.014049010187528133,0.013474134883922125,0.014656831562557074,20
U1-RZ-XY-line,10,0.05,100,physical,linearized_shots_for_snr1,490525.59403955063,475396.6928627368,505979.73252403224,20
U1-RZ-XY-line,10,0.05,100,random_rank,actual_retention,0.009562315043400065,0.00918831503787887,0.009950508959193482,20
U1-RZ-XY-line,10,0.05,100,random_rank,rho,0.9782248289398312,0.9386066942405579,1.0165822570974925,20
U1-RZ-XY-line,10,0.05,100,random_rank,expected_scalar_directional_grad2,0.00022599120235999498,0.00021630529050942004,0.0002354444987294216,20
U1-RZ-XY-line,10,0.05,100,random_rank,estimated_parameter_gradient_norm2,0.1966123460532458,0.18838964511926148,0.20502418520194077,20
U1-RZ-XY-line,10,0.05,100,random_rank,finite_difference_snr_mean,0.002094250565994735,0.00197500457538624,0.0022242732683964658,20
U1-RZ-XY-line,10,0.05,100,random_rank,linearized_shots_for_snr1,22338370.085463442,21390550.260491505,23306339.142632663,20
U1-RZ-XY-line,10,0.05,1000,aligned_crossfit,actual_retention,0.5016816535508676,0.4933715503728937,0.5108284542410653,20
U1-RZ-XY-line,10,0.05,1000,aligned_crossfit,rho,51.322033158253774,50.45957216746297,52.29889329487838,20
U1-RZ-XY-line,10,0.05,1000,aligned_crossfit,expected_scalar_directional_grad2,0.012163119967273258,0.011807381500816115,0.012515363827753487,20
U1-RZ-XY-line,10,0.05,1000,aligned_crossfit,estimated_parameter_gradient_norm2,10.581914371527777,10.276138577089315,10.893121351270464,20
U1-RZ-XY-line,10,0.05,1000,aligned_crossfit,finite_difference_snr_mean,0.04900035824606915,0.047089919794671364,0.051017638923455365,20
U1-RZ-XY-line,10,0.05,1000,aligned_crossfit,linearized_shots_for_snr1,412984.7319327948,400766.90988340747,425392.8364811242,20
U1-RZ-XY-line,10,0.05,1000,physical,actual_retention,0.42193237122115584,0.41281934039546564,0.43081295923316504,20
U1-RZ-XY-line,10,0.05,1000,physical,rho,43.163681575924244,42.22455519400873,44.07561734124251,20
U1-RZ-XY-line,10,0.05,1000,physical,expected_scalar_directional_grad2,0.010244542751898539,0.00993292434881285,0.010561399435786193,20
U1-RZ-XY-line,10,0.05,1000,physical,estimated_parameter_gradient_norm2,8.912752194151766,8.64190720260043,9.194743796233077,20
U1-RZ-XY-line,10,0.05,1000,physical,finite_difference_snr_mean,0.044426871063498304,0.04255565740623115,0.04632140757537924,20
U1-RZ-XY-line,10,0.05,1000,physical,linearized_shots_for_snr1,490525.59403955063,475613.74255248747,505918.23148738453,20
U1-RZ-XY-line,10,0.05,1000,random_rank,actual_retention,0.009562315043400065,0.009178310219628137,0.009943887082758923,20
U1-RZ-XY-line,10,0.05,1000,random_rank,rho,0.9782248289398312,0.9402991426059913,1.0163490192010685,20
U1-RZ-XY-line,10,0.05,1000,random_rank,expected_scalar_directional_grad2,0.00022599120235999498,0.00021639163148159924,0.00023588068681357763,20
U1-RZ-XY-line,10,0.05,1000,random_rank,estimated_parameter_gradient_norm2,0.1966123460532458,0.18830314242326898,0.20500365685665964,20
U1-RZ-XY-line,10,0.05,1000,random_rank,finite_difference_snr_mean,0.0066226017796402244,0.006253251674534557,0.007032058106700263,20
U1-RZ-XY-line,10,0.05,1000,random_rank,linearized_shots_for_snr1,22338370.085463442,21376776.638021808,23297923.924747,20
U1-RZ-XY-line,10,0.05,10000,aligned_crossfit,actual_retention,0.5016816535508676,0.49343977230097924,0.5110362166196754,20
U1-RZ-XY-line,10,0.05,10000,aligned_crossfit,rho,51.322033158253774,50.477031236916616,52.28631284814716,20
U1-RZ-XY-line,10,0.05,10000,aligned_crossfit,expected_scalar_directional_grad2,0.012163119967273258,0.011807170954410712,0.012529581681655192,20
U1-RZ-XY-line,10,0.05,10000,aligned_crossfit,estimated_parameter_gradient_norm2,10.581914371527777,10.269084353981492,10.898615158107832,20
U1-RZ-XY-line,10,0.05,10000,aligned_crossfit,finite_difference_snr_mean,0.154952738221792,0.1490028417605699,0.1612153204445415,20
U1-RZ-XY-line,10,0.05,10000,aligned_crossfit,linearized_shots_for_snr1,412984.7319327948,400770.26346249017,425336.2665457504,20
U1-RZ-XY-line,10,0.05,10000,physical,actual_retention,0.42193237122115584,0.41288041112699353,0.4306691927114947,20
U1-RZ-XY-line,10,0.05,10000,physical,rho,43.163681575924244,42.25687337578397,44.05231038424221,20
U1-RZ-XY-line,10,0.05,10000,physical,expected_scalar_directional_grad2,0.010244542751898539,0.009925770291798237,0.010564768251561172,20
U1-RZ-XY-line,10,0.05,10000,physical,estimated_parameter_gradient_norm2,8.912752194151766,8.637171233199558,9.190191220379846,20
U1-RZ-XY-line,10,0.05,10000,physical,finite_difference_snr_mean,0.14049010187528177,0.13467916602148375,0.1464486128556262,20
U1-RZ-XY-line,10,0.05,10000,physical,linearized_shots_for_snr1,490525.59403955063,475764.71671582904,505387.50663479447,20
U1-RZ-XY-line,10,0.05,10000,random_rank,actual_retention,0.009562315043400065,0.009188164082207548,0.009942012846520637,20
U1-RZ-XY-line,10,0.05,10000,random_rank,rho,0.9782248289398312,0.9390023379055911,1.0179063493639817,20
U1-RZ-XY-line,10,0.05,10000,random_rank,expected_scalar_directional_grad2,0.00022599120235999498,0.0002163378871139934,0.00023568915054132225,20
U1-RZ-XY-line,10,0.05,10000,random_rank,estimated_parameter_gradient_norm2,0.1966123460532458,0.18838697584343678,0.20511779677177452,20
U1-RZ-XY-line,10,0.05,10000,random_rank,finite_difference_snr_mean,0.020942505659947753,0.0197460648338364,0.022190173945654534,20
U1-RZ-XY-line,10,0.05,10000,random_rank,linearized_shots_for_snr1,22338370.085463442,21379509.72981629,23300032.635322176,20
U1-RZ-XY-line,12,0.0,100,aligned_crossfit,actual_retention,0.3552640382451906,0.35061695217529476,0.3597959994116901,20
U1-RZ-XY-line,12,0.0,100,aligned_crossfit,rho,29.80988248184645,29.416819736745996,30.214408716405284,20
U1-RZ-XY-line,12,0.0,100,aligned_crossfit,expected_scalar_directional_grad2,0.011878692230294256,0.011639639162405664,0.012125784532137506,20
U1-RZ-XY-line,12,0.0,100,aligned_crossfit,estimated_parameter_gradient_norm2,14.967152210170832,14.658776995535113,15.283111149549102,20
U1-RZ-XY-line,12,0.0,100,aligned_crossfit,finite_difference_snr_mean,0.014521373247730035,0.014089365404264982,0.014939394807143154,20
U1-RZ-XY-line,12,0.0,100,aligned_crossfit,linearized_shots_for_snr1,421879.1241467609,413229.13585083775,430542.745832301,20
U1-RZ-XY-line,12,0.0,100,physical,actual_retention,0.2953852104087169,0.2886847130913231,0.3019635613751527,20
U1-RZ-XY-line,12,0.0,100,physical,rho,24.785504473385977,24.229970356544115,25.334924986620162,20
U1-RZ-XY-line,12,0.0,100,physical,expected_scalar_directional_grad2,0.009818944823053653,0.009537192438055996,0.010095945183984292,20
U1-RZ-XY-line,12,0.0,100,physical,estimated_parameter_gradient_norm2,12.371870477047658,12.024930445148275,12.71145582985965,20
U1-RZ-XY-line,12,0.0,100,physical,finite_difference_snr_mean,0.013063323044845868,0.012650758130985207,0.013487608464669933,20
U1-RZ-XY-line,12,0.0,100,physical,linearized_shots_for_snr1,511389.87466585543,496927.20446564764,526609.6914101237,20
U1-RZ-XY-line,12,0.0,100,random_rank,actual_retention,0.011949719130775641,0.011567246893821465,0.012317283274315595,20
U1-RZ-XY-line,12,0.0,100,random_rank,rho,1.0026900688823608,0.9702912328876792,1.0332030633311267,20
U1-RZ-XY-line,12,0.0,100,random_rank,expected_scalar_directional_grad2,0.00039033724083209996,0.00037601501900698695,0.00040382381924307956,20
U1-RZ-XY-line,12,0.0,100,random_rank,estimated_parameter_gradient_norm2,0.4918249234485047,0.47450020698871226,0.5093456641909047,20
U1-RZ-XY-line,12,0.0,100,random_rank,finite_difference_snr_mean,0.002674646216568189,0.002568989379133869,0.002783313540727439,20
U1-RZ-XY-line,12,0.0,100,random_rank,linearized_shots_for_snr1,12897460.144528072,12435458.588071683,13387527.477532718,20
U1-RZ-XY-line,12,0.0,1000,aligned_crossfit,actual_retention,0.3552640382451906,0.35066154114714726,0.3599618241663166,20
U1-RZ-XY-line,12,0.0,1000,aligned_crossfit,rho,29.80988248184645,29.420737424596446,30.211776299469797,20
U1-RZ-XY-line,12,0.0,1000,aligned_crossfit,expected_scalar_directional_grad2,0.011878692230294256,0.011629795248851596,0.012130072715016527,20
U1-RZ-XY-line,12,0.0,1000,aligned_crossfit,estimated_parameter_gradient_norm2,14.967152210170832,14.652822124472385,15.283956268433668,20
U1-RZ-XY-line,12,0.0,1000,aligned_crossfit,finite_difference_snr_mean,0.045920614216263436,0.04458438335617733,0.047259847033989055,20
U1-RZ-XY-line,12,0.0,1000,aligned_crossfit,linearized_shots_for_snr1,421879.1241467609,413206.8368730169,430751.5606329909,20
U1-RZ-XY-line,12,0.0,1000,physical,actual_retention,0.2953852104087169,0.28862452910530445,0.30208568295137495,20
U1-RZ-XY-line,12,0.0,1000,physical,rho,24.785504473385977,24.22435444808303,25.335448114746505,20
U1-RZ-XY-line,12,0.0,1000,physical,expected_scalar_directional_grad2,0.009818944823053653,0.009543150275663041,0.01009518519620893,20
U1-RZ-XY-line,12,0.0,1000,physical,estimated_parameter_gradient_norm2,12.371870477047658,12.018092081520162,12.71403730377336,20
U1-RZ-XY-line,12,0.0,1000,physical,finite_difference_snr_mean,0.041309854632278854,0.0400121737128815,0.042641368474289294,20
U1-RZ-XY-line,12,0.0,1000,physical,linearized_shots_for_snr1,511389.87466585543,496877.0455000892,526430.464213307,20
U1-RZ-XY-line,12,0.0,1000,random_rank,actual_retention,0.011949719130775641,0.011559016443624873,0.012313724077898037,20
U1-RZ-XY-line,12,0.0,1000,random_rank,rho,1.0026900688823608,0.9706357447441329,1.0330046083097892,20
U1-RZ-XY-line,12,0.0,1000,random_rank,expected_scalar_directional_grad2,0.00039033724083209996,0.0003761756572158933,0.0004038633513604648,20
U1-RZ-XY-line,12,0.0,1000,random_rank,estimated_parameter_gradient_norm2,0.4918249234485047,0.47400692710371634,0.5084748159042879,20
U1-RZ-XY-line,12,0.0,1000,random_rank,finite_difference_snr_mean,0.00845797397950746,0.008127196307960643,0.008799013588192234,20
U1-RZ-XY-line,12,0.0,1000,random_rank,linearized_shots_for_snr1,12897460.144528072,12452489.770610979,13392774.21210369,20
U1-RZ-XY-line,12,0.0,10000,aligned_crossfit,actual_retention,0.3552640382451906,0.350666957582033,0.3600108813613302,20
U1-RZ-XY-line,12,0.0,10000,aligned_crossfit,rho,29.80988248184645,29.42163122207639,30.18868165826943,20
U1-RZ-XY-line,12,0.0,10000,aligned_crossfit,expected_scalar_directional_grad2,0.011878692230294256,0.011631336111539738,0.012126123706055652,20
U1-RZ-XY-line,12,0.0,10000,aligned_crossfit,estimated_parameter_gradient_norm2,14.967152210170832,14.648958617584467,15.277080972753373,20
U1-RZ-XY-line,12,0.0,10000,aligned_crossfit,finite_difference_snr_mean,0.14521373247730035,0.14084829310906968,0.1495161338440725,20
U1-RZ-XY-line,12,0.0,10000,aligned_crossfit,linearized_shots_for_snr1,421879.1241467609,413157.28275762877,430629.7420441578,20
U1-RZ-XY-line,12,0.0,10000,physical,actual_retention,0.2953852104087169,0.28875605275128957,0.3019283071911087,20
U1-RZ-XY-line,12,0.0,10000,physical,rho,24.785504473385977,24.228188092657014,25.340029679743083,20
U1-RZ-XY-line,12,0.0,10000,physical,expected_scalar_directional_grad2,0.009818944823053653,0.009537461666896322,0.01009584797036841,20
U1-RZ-XY-line,12,0.0,10000,physical,estimated_parameter_gradient_norm2,12.371870477047658,12.019738774380617,12.724226240216304,20
U1-RZ-XY-line,12,0.0,10000,physical,finite_difference_snr_mean,0.13063323044845868,0.12651354439355708,0.1349125244116172,20
U1-RZ-XY-line,12,0.0,10000,physical,linearized_shots_for_snr1,511389.87466585543,496817.3028411704,526562.7613683358,20
U1-RZ-XY-line,12,0.0,10000,random_rank,actual_retention,0.011949719130775641,0.011566656699044532,0.012305696342113571,20
U1-RZ-XY-line,12,0.0,10000,random_rank,rho,1.0026900688823608,0.9694654763215473,1.0331602861048308,20
U1-RZ-XY-line,12,0.0,10000,random_rank,expected_scalar_directional_grad2,0.00039033724083209996,0.000376057798246314,0.0004037694375778039,20
U1-RZ-XY-line,12,0.0,10000,random_rank,estimated_parameter_gradient_norm2,0.4918249234485047,0.47375946399385666,0.508623113515251,20
U1-RZ-XY-line,12,0.0,10000,random_rank,finite_difference_snr_mean,0.02674646216568189,0.02568299120054065,0.027817998441853207,20
U1-RZ-XY-line,12,0.0,10000,random_rank,linearized_shots_for_snr1,12897460.144528072,12443797.08655752,13400723.28684559,20
U1-RZ-XY-line,12,0.01,100,aligned_crossfit,actual_retention,0.3858821648075223,0.38039300248544733,0.39132156528694084,20
U1-RZ-XY-line,12,0.01,100,aligned_crossfit,rho,131.682288740567,129.83736664226896,133.52865307688592,20
U1-RZ-XY-line,12,0.01,100,aligned_crossfit,expected_scalar_directional_grad2,0.010890667173761104,0.010655224998914135,0.01112912169414468,20
U1-RZ-XY-line,12,0.01,100,aligned_crossfit,estimated_parameter_gradient_norm2,13.722240638939052,13.433834053586278,14.028030778201458,20
U1-RZ-XY-line,12,0.01,100,aligned_crossfit,finite_difference_snr_mean,0.013888833071039242,0.01347451605641146,0.014301057395971657,20
U1-RZ-XY-line,12,0.01,100,aligned_crossfit,linearized_shots_for_snr1,460222.43638994003,450548.54721298406,470147.4694128622,20
U1-RZ-XY-line,12,0.01,100,physical,actual_retention,0.3063785648085,0.2993566302170166,0.31295510675548516,20
U1-RZ-XY-line,12,0.01,100,physical,rho,104.55168524090065,102.25416459618475,106.8676394625044,20
U1-RZ-XY-line,12,0.01,100,physical,expected_scalar_directional_grad2,0.008613593718180445,0.008369003220731586,0.008856639387239516,20
U1-RZ-XY-line,12,0.01,100,physical,estimated_parameter_gradient_norm2,10.853128084907414,10.5501564774679,11.15687725273378,20
U1-RZ-XY-line,12,0.01,100,physical,finite_difference_snr_mean,0.01223511233187063,0.011841012104209606,0.01263501622903751,20
U1-RZ-XY-line,12,0.01,100,physical,linearized_shots_for_snr1,582956.7810626745,566409.180431805,599592.0056652211,20
U1-RZ-XY-line,12,0.01,100,random_rank,actual_retention,0.0029153858632932255,0.002792794982260024,0.0030403482060198583,20
U1-RZ-XY-line,12,0.01,100,random_rank,rho,0.9948754258488315,0.9551485758286927,1.0367834534372573,20
U1-RZ-XY-line,12,0.01,100,random_rank,expected_scalar_directional_grad2,8.0415154750995e-05,7.73342650320679e-05,8.350641196400285e-05,20
U1-RZ-XY-line,12,0.01,100,random_rank,estimated_parameter_gradient_norm2,0.10132309498625366,0.09744387512143543,0.10513339211500325,20
U1-RZ-XY-line,12,0.01,100,random_rank,finite_difference_snr_mean,0.00122626436833043,0.001175944690278705,0.001279965510059015,20
U1-RZ-XY-line,12,0.01,100,random_rank,linearized_shots_for_snr1,62665303.86232202,60251342.465092234,65153947.485268675,20
U1-RZ-XY-line,12,0.01,1000,aligned_crossfit,actual_retention,0.3858821648075223,0.38055058073338266,0.391383924719069,20
U1-RZ-XY-line,12,0.01,1000,aligned_crossfit,rho,131.682288740567,129.85853986197367,133.55668225472337,20
U1-RZ-XY-line,12,0.01,1000,aligned_crossfit,expected_scalar_directional_grad2,0.010890667173761104,0.010657386479928343,0.011122406394534465,20
U1-RZ-XY-line,12,0.01,1000,aligned_crossfit,estimated_parameter_gradient_norm2,13.722240638939052,13.428485706354298,14.034972817542627,20
U1-RZ-XY-line,12,0.01,1000,aligned_crossfit,finite_difference_snr_mean,0.043920346546355314,0.042629937271346584,0.045258417483361145,20
U1-RZ-XY-line,12,0.01,1000,aligned_crossfit,linearized_shots_for_snr1,460222.43638994003,450492.85292739386,470023.5205770574,20
U1-RZ-XY-line,12,0.01,1000,physical,actual_retention,0.3063785648085,0.2995601545668545,0.3131223086160024,20
U1-RZ-XY-line,12,0.01,1000,physical,rho,104.55168524090065,102.25433320469415,106.84052926465255,20
U1-RZ-XY-line,12,0.01,1000,physical,expected_scalar_directional_grad2,0.008613593718180445,0.00836611845381946,0.008865331048052476,20
U1-RZ-XY-line,12,0.01,1000,physical,estimated_parameter_gradient_norm2,10.853128084907414,10.546456661748282,11.155883612843509,20
U1-RZ-XY-line,12,0.01,1000,physical,finite_difference_snr_mean,0.03869082239672524,0.0374405231789142,0.039941744920169976,20
U1-RZ-XY-line,12,0.01,1000,physical,linearized_shots_for_snr1,582956.7810626745,566505.6363844415,599582.1265820796,20
U1-RZ-XY-line,12,0.01,1000,random_rank,actual_retention,0.0029153858632932255,0.0027994227246675813,0.0030377270263056725,20
U1-RZ-XY-line,12,0.01,1000,random_rank,rho,0.9948754258488315,0.9539774243935126,1.0371438348894877,20
U1-RZ-XY-line,12,0.01,1000,random_rank,expected_scalar_directional_grad2,8.0415154750995e-05,7.726797110152636e-05,8.349799175929691e-05,20
U1-RZ-XY-line,12,0.01,1000,random_rank,estimated_parameter_gradient_norm2,0.10132309498625366,0.09744225121252212,0.10514622306042402,20
U1-RZ-XY-line,12,0.01,1000,random_rank,finite_difference_snr_mean,0.0038777884174319203,0.0037224165677715026,0.004046979220356071,20
U1-RZ-XY-line,12,0.01,1000,random_rank,linearized_shots_for_snr1,62665303.86232202,60288283.92723913,65235499.099554084,20
U1-RZ-XY-line,12,0.01,10000,aligned_crossfit,actual_retention,0.3858821648075223,0.3804306354745604,0.39142994546476406,20
U1-RZ-XY-line,12,0.01,10000,aligned_crossfit,rho,131.682288740567,129.8433280891162,133.53087481358918,20
U1-RZ-XY-line,12,0.01,10000,aligned_crossfit,expected_scalar_directional_grad2,0.010890667173761104,0.010657620439021923,0.011127748149773417,20
U1-RZ-XY-line,12,0.01,10000,aligned_crossfit,estimated_parameter_gradient_norm2,13.722240638939052,13.43166443822684,14.031510285803526,20
U1-RZ-XY-line,12,0.01,10000,aligned_crossfit,finite_difference_snr_mean,0.13888833071039292,0.13476250215113278,0.14318378649261534,20
U1-RZ-XY-line,12,0.01,10000,aligned_crossfit,linearized_shots_for_snr1,460222.43638994003,450433.35258764017,469995.6103952632,20
U1-RZ-XY-line,12,0.01,10000,physical,actual_retention,0.3063785648085,0.2996493402187947,0.3131128708023056,20
U1-RZ-XY-line,12,0.01,10000,physical,rho,104.55168524090065,102.23120223924559,106.85076430642332,20
U1-RZ-XY-line,12,0.01,10000,physical,expected_scalar_directional_grad2,0.008613593718180445,0.008369834430095225,0.008860293681847856,20
U1-RZ-XY-line,12,0.01,10000,physical,estimated_parameter_gradient_norm2,10.853128084907414,10.543128898239374,11.158376771782935,20
U1-RZ-XY-line,12,0.01,10000,physical,finite_difference_snr_mean,0.12235112331870676,0.11840880881814803,0.12628621371675275,20
U1-RZ-XY-line,12,0.01,10000,physical,linearized_shots_for_snr1,582956.7810626745,566836.1450999967,600228.60203379,20
U1-RZ-XY-line,12,0.01,10000,random_rank,actual_retention,0.0029153858632932255,0.002796578570280649,0.003038370869862805,20
U1-RZ-XY-line,12,0.01,10000,random_rank,rho,0.9948754258488315,0.9541385704763788,1.0365129204687848,20
U1-RZ-XY-line,12,0.01,10000,random_rank,expected_scalar_directional_grad2,8.0415154750995e-05,7.729917899607354e-05,8.349690596473615e-05,20
U1-RZ-XY-line,12,0.01,10000,random_rank,estimated_parameter_gradient_norm2,0.10132309498625366,0.09737418596559351,0.10515533286223194,20
U1-RZ-XY-line,12,0.01,10000,random_rank,finite_difference_snr_mean,0.012262643683304736,0.011753011688959399,0.012798039969380864,20
U1-RZ-XY-line,12,0.01,10000,random_rank,linearized_shots_for_snr1,62665303.86232202,60261557.16080358,65211383.11748231,20
U1-RZ-XY-line,12,0.03,100,aligned_crossfit,actual_retention,0.4057021426868534,0.39981793676201954,0.4115561001078627,20
U1-RZ-XY-line,12,0.03,100,aligned_crossfit,rho,138.44585619188868,136.4143561746591,140.45827683772393,20
U1-RZ-XY-line,12,0.03,100,aligned_crossfit,expected_scalar_directional_grad2,0.009463281093284506,0.009250671853251674,0.00968393023106562,20
U1-RZ-XY-line,12,0.03,100,aligned_crossfit,estimated_parameter_gradient_norm2,11.923734177538527,11.646260318670603,12.19769340524378,20
U1-RZ-XY-line,12,0.03,100,aligned_crossfit,finite_difference_snr_mean,0.012920240663123203,0.012510268853934877,0.013335649166700624,20
U1-RZ-XY-line,12,0.03,100,aligned_crossfit,linearized_shots_for_snr1,529804.7537204653,517457.5746940166,541416.3514445928,20
U1-RZ-XY-line,12,0.03,100,physical,actual_retention,0.33836749602886684,0.3311504527646608,0.3455192190327982,20
U1-RZ-XY-line,12,0.03,100,physical,rho,115.4679080198508,113.06518133563709,117.84943806278555,20
U1-RZ-XY-line,12,0.03,100,physical,expected_scalar_directional_grad2,0.007879431786300625,0.007648917400653576,0.008101622999403835,20
U1-RZ-XY-line,12,0.03,100,physical,estimated_parameter_gradient_norm2,9.928084050738843,9.642397658119306,10.204723024595436,20
U1-RZ-XY-line,12,0.03,100,physical,finite_difference_snr_mean,0.011701706298172136,0.011322173996261592,0.012084273761679119,20
U1-RZ-XY-line,12,0.03,100,physical,linearized_shots_for_snr1,637300.1377269541,618844.1160595574,656175.0209741272,20
U1-RZ-XY-line,12,0.03,100,random_rank,actual_retention,0.00290246402805803,0.002789273509991128,0.0030206370381220308,20
U1-RZ-XY-line,12,0.03,100,random_rank,rho,0.9904658495748201,0.9515192098110512,1.0305392046291495,20
U1-RZ-XY-line,12,0.03,100,random_rank,expected_scalar_directional_grad2,6.599374527613498e-05,6.361459416553468e-05,6.841642647800881e-05,20
U1-RZ-XY-line,12,0.03,100,random_rank,estimated_parameter_gradient_norm2,0.08315211904793005,0.0801098054414468,0.08614349692503033,20
U1-RZ-XY-line,12,0.03,100,random_rank,finite_difference_snr_mean,0.001106745750569915,0.0010616622842253387,0.0011562624213729137,20
U1-RZ-XY-line,12,0.03,100,random_rank,linearized_shots_for_snr1,76293557.225853,73545064.87178165,79077009.11223483,20
U1-RZ-XY-line,12,0.03,1000,aligned_crossfit,actual_retention,0.4057021426868534,0.3998344058406307,0.41153515947358493,20
U1-RZ-XY-line,12,0.03,1000,aligned_crossfit,rho,138.44585619188868,136.39745885499227,140.46411390937678,20
U1-RZ-XY-line,12,0.03,1000,aligned_crossfit,expected_scalar_directional_grad2,0.009463281093284506,0.00924729056673894,0.00968731123718305,20
U1-RZ-XY-line,12,0.03,1000,aligned_crossfit,estimated_parameter_gradient_norm2,11.923734177538527,11.651844652870759,12.19684681145514,20
U1-RZ-XY-line,12,0.03,1000,aligned_crossfit,finite_difference_snr_mean,0.04085738841299375,0.039578968426712165,0.04215814823515048,20
U1-RZ-XY-line,12,0.03,1000,aligned_crossfit,linearized_shots_for_snr1,529804.7537204653,517457.21126839315,541856.2584687428,20
U1-RZ-XY-line,12,0.03,1000,physical,actual_retention,0.33836749602886684,0.3311829478619574,0.3455997120380134,20
U1-RZ-XY-line,12,0.03,1000,physical,rho,115.4679080198508,113.00409024484148,117.83567174265501,20
U1-RZ-XY-line,12,0.03,1000,physical,expected_scalar_directional_grad2,0.007879431786300625,0.007655904087196036,0.0081028319572957,20
U1-RZ-XY-line,12,0.03,1000,physical,estimated_parameter_gradient_norm2,9.928084050738843,9.639768564848191,10.212488920327106,20
U1-RZ-XY-line,12,0.03,1000,physical,finite_difference_snr_mean,0.03700404441256149,0.035790638203472516,0.038218903353463334,20
U1-RZ-XY-line,12,0.03,1000,physical,linearized_shots_for_snr1,637300.1377269541,619410.7583261458,656555.9705155181,20
U1-RZ-XY-line,12,0.03,1000,random_rank,actual_retention,0.00290246402805803,0.0027877800568225195,0.003019798298919517,20
U1-RZ-XY-line,12,0.03,1000,random_rank,rho,0.9904658495748201,0.9506677437675393,1.0303390037924969,20
U1-RZ-XY-line,12,0.03,1000,random_rank,expected_scalar_directional_grad2,6.599374527613498e-05,6.360862106435342e-05,6.840203665444203e-05,20
U1-RZ-XY-line,12,0.03,1000,random_rank,estimated_parameter_gradient_norm2,0.08315211904793005,0.0801241345385716,0.08620156292341374,20
U1-RZ-XY-line,12,0.03,1000,random_rank,finite_difference_snr_mean,0.0034998373625136506,0.0033580776529323524,0.0036612433630983845,20
U1-RZ-XY-line,12,0.03,1000,random_rank,linearized_shots_for_snr1,76293557.225853,73617786.60836199,79157286.24546382,20
U1-RZ-XY-line,12,0.03,10000,aligned_crossfit,actual_retention,0.4057021426868534,0.3997604595849849,0.4115763713028438,20
U1-RZ-XY-line,12,0.03,10000,aligned_crossfit,rho,138.44585619188868,136.44205956259887,140.3827671123216,20
U1-RZ-XY-line,12,0.03,10000,aligned_crossfit,expected_scalar_directional_grad2,0.009463281093284506,0.009254018447320947,0.009680046593947823,20
U1-RZ-XY-line,12,0.03,10000,aligned_crossfit,estimated_parameter_gradient_norm2,11.923734177538527,11.653791787183737,12.200403327633362,20
U1-RZ-XY-line,12,0.03,10000,aligned_crossfit,finite_difference_snr_mean,0.12920240663123259,0.1252130700121066,0.1332755833434704,20
U1-RZ-XY-line,12,0.03,10000,aligned_crossfit,linearized_shots_for_snr1,529804.7537204653,517750.24632761587,541986.4254510244,20
U1-RZ-XY-line,12,0.03,10000,physical,actual_retention,0.33836749602886684,0.33114297052622593,0.3455106595572265,20
U1-RZ-XY-line,12,0.03,10000,physical,rho,115.4679080198508,113.04376179040601,117.86670137242622,20
U1-RZ-XY-line,12,0.03,10000,physical,expected_scalar_directional_grad2,0.007879431786300625,0.007648021172733796,0.008099041278235007,20
U1-RZ-XY-line,12,0.03,10000,physical,estimated_parameter_gradient_norm2,9.928084050738843,9.640418792886296,10.204362900727775,20
U1-RZ-XY-line,12,0.03,10000,physical,finite_difference_snr_mean,0.11701706298172188,0.11326681920019196,0.12090117227210175,20
U1-RZ-XY-line,12,0.03,10000,physical,linearized_shots_for_snr1,637300.1377269541,619209.7191747661,655880.9494515823,20
U1-RZ-XY-line,12,0.03,10000,random_rank,actual_retention,0.00290246402805803,0.002785436420297625,0.0030227681605183763,20
U1-RZ-XY-line,12,0.03,10000,random_rank,rho,0.9904658495748201,0.9511180222802725,1.030151137308122,20
U1-RZ-XY-line,12,0.03,10000,random_rank,expected_scalar_directional_grad2,6.599374527613498e-05,6.360742450466235e-05,6.83736588495048e-05,20
U1-RZ-XY-line,12,0.03,10000,random_rank,estimated_parameter_gradient_norm2,0.08315211904793005,0.08015821675571662,0.08615331750011815,20
U1-RZ-XY-line,12,0.03,10000,random_rank,finite_difference_snr_mean,0.011067457505699653,0.010610980953441538,0.011564617416809682,20
U1-RZ-XY-line,12,0.03,10000,random_rank,linearized_shots_for_snr1,76293557.225853,73589744.48284611,79175589.68894504,20
U1-RZ-XY-line,12,0.05,100,aligned_crossfit,actual_retention,0.43263199635320315,0.4256096872585362,0.439096424781478,20
U1-RZ-XY-line,12,0.05,100,aligned_crossfit,rho,147.6356687555306,145.32391271348746,149.92040634059333,20
U1-RZ-XY-line,12,0.05,100,aligned_crossfit,expected_scalar_directional_grad2,0.008269929166270753,0.008068359518741942,0.008476981772060977,20
U1-RZ-XY-line,12,0.05,100,aligned_crossfit,estimated_parameter_gradient_norm2,10.42011074950121,10.159454095783788,10.68166442641736,20
U1-RZ-XY-line,12,0.05,100,aligned_crossfit,finite_difference_snr_mean,0.012067833649162547,0.011654642535442855,0.012509460075880328,20
U1-RZ-XY-line,12,0.05,100,aligned_crossfit,linearized_shots_for_snr1,606566.9631968805,591316.0042484134,621677.4334519268,20
U1-RZ-XY-line,12,0.05,100,physical,actual_retention,0.3762402265601782,0.3687610426150357,0.38357072587730623,20
U1-RZ-XY-line,12,0.05,100,physical,rho,128.3919773136608,125.85988004894725,130.89193932695636,20
U1-RZ-XY-line,12,0.05,100,physical,expected_scalar_directional_grad2,0.007192871785348725,0.006985109502617672,0.007400253978883674,20
U1-RZ-XY-line,12,0.05,100,physical,estimated_parameter_gradient_norm2,9.06301844953945,8.803378444374562,9.318938532738647,20
U1-RZ-XY-line,12,0.05,100,physical,finite_difference_snr_mean,0.011179842945048686,0.010818603277041096,0.011548973742126996,20
U1-RZ-XY-line,12,0.05,100,physical,linearized_shots_for_snr1,698175.125628964,678504.4031798884,719371.5865940495,20
U1-RZ-XY-line,12,0.05,100,random_rank,actual_retention,0.00289213516223389,0.0027853317314660217,0.003003432215370366,20
U1-RZ-XY-line,12,0.05,100,random_rank,rho,0.9869411241123307,0.9493204780714364,1.0250940802784676,20
U1-RZ-XY-line,12,0.05,100,random_rank,expected_scalar_directional_grad2,5.37406955413194e-05,5.191987552341074e-05,5.557800013340907e-05,20
U1-RZ-XY-line,12,0.05,100,random_rank,estimated_parameter_gradient_norm2,0.06771327638206241,0.06540794390836943,0.07007594100240441,20
U1-RZ-XY-line,12,0.05,100,random_rank,finite_difference_snr_mean,0.00099421075678255,0.0009528117130591273,0.0010383202080874081,20
U1-RZ-XY-line,12,0.05,100,random_rank,linearized_shots_for_snr1,93597999.22227058,90521759.06738365,96689223.72463825,20
U1-RZ-XY-line,12,0.05,1000,aligned_crossfit,actual_retention,0.43263199635320315,0.4257197727220763,0.4392304598691563,20
U1-RZ-XY-line,12,0.05,1000,aligned_crossfit,rho,147.6356687555306,145.3396184486467,149.8820857519285,20
U1-RZ-XY-line,12,0.05,1000,aligned_crossfit,expected_scalar_directional_grad2,0.008269929166270753,0.008062483253793995,0.008472917649735812,20
U1-RZ-XY-line,12,0.05,1000,aligned_crossfit,estimated_parameter_gradient_norm2,10.42011074950121,10.161745112984478,10.684971981219574,20
U1-RZ-XY-line,12,0.05,1000,aligned_crossfit,finite_difference_snr_mean,0.03816184075537511,0.03680114049842786,0.03953288767578937,20
U1-RZ-XY-line,12,0.05,1000,aligned_crossfit,linearized_shots_for_snr1,606566.9631968805,591484.2867430181,621343.7260009643,20
U1-RZ-XY-line,12,0.05,1000,physical,actual_retention,0.3762402265601782,0.36878227307662725,0.3837113257103767,20
U1-RZ-XY-line,12,0.05,1000,physical,rho,128.3919773136608,125.8360480008951,130.89221975447177,20
U1-RZ-XY-line,12,0.05,1000,physical,expected_scalar_directional_grad2,0.007192871785348725,0.006978498844858198,0.007400750677627388,20
U1-RZ-XY-line,12,0.05,1000,physical,estimated_parameter_gradient_norm2,9.06301844953945,8.801215256330632,9.321884505666398,20
U1-RZ-XY-line,12,0.05,1000,physical,finite_difference_snr_mean,0.03535376758931866,0.0342230882855922,0.03651712396645125,20
U1-RZ-XY-line,12,0.05,1000,physical,linearized_shots_for_snr1,698175.125628964,678571.2501965167,719199.1883975115,20
U1-RZ-XY-line,12,0.05,1000,random_rank,actual_retention,0.00289213516223389,0.0027851019295798466,0.0030078565642918335,20
U1-RZ-XY-line,12,0.05,1000,random_rank,rho,0.9869411241123307,0.9500123752172184,1.0249967129051467,20
U1-RZ-XY-line,12,0.05,1000,random_rank,expected_scalar_directional_grad2,5.37406955413194e-05,5.1922362439388427e-05,5.559077649605117e-05,20
U1-RZ-XY-line,12,0.05,1000,random_rank,estimated_parameter_gradient_norm2,0.06771327638206241,0.06546643360390952,0.07006241438182262,20
U1-RZ-XY-line,12,0.05,1000,random_rank,finite_difference_snr_mean,0.0031439704656726795,0.0030134727359861333,0.0032851208052438107,20
U1-RZ-XY-line,12,0.05,1000,random_rank,linearized_shots_for_snr1,93597999.22227058,90485459.95464693,96822184.00831564,20
U1-RZ-XY-line,12,0.05,10000,aligned_crossfit,actual_retention,0.43263199635320315,0.4257717346042032,0.4391567269251847,20
U1-RZ-XY-line,12,0.05,10000,aligned_crossfit,rho,147.6356687555306,145.3175748700254,149.88408866198247,20
U1-RZ-XY-line,12,0.05,10000,aligned_crossfit,expected_scalar_directional_grad2,0.008269929166270753,0.008060447819496537,0.00847577250472842,20
U1-RZ-XY-line,12,0.05,10000,aligned_crossfit,estimated_parameter_gradient_norm2,10.42011074950121,10.160688625855197,10.67909340245505,20
U1-RZ-XY-line,12,0.05,10000,aligned_crossfit,finite_difference_snr_mean,0.12067833649162603,0.11651071001661459,0.12495681932666278,20
U1-RZ-XY-line,12,0.05,10000,aligned_crossfit,linearized_shots_for_snr1,606566.9631968805,591546.0006714036,621468.2078175378,20
U1-RZ-XY-line,12,0.05,10000,physical,actual_retention,0.3762402265601782,0.368720995679461,0.3834349953241954,20
U1-RZ-XY-line,12,0.05,10000,physical,rho,128.3919773136608,125.88458933217953,130.87347956507705,20
U1-RZ-XY-line,12,0.05,10000,physical,expected_scalar_directional_grad2,0.007192871785348725,0.006986121681468884,0.007394616811931036,20
U1-RZ-XY-line,12,0.05,10000,physical,estimated_parameter_gradient_norm2,9.06301844953945,8.805186163680743,9.321641818459765,20
U1-RZ-XY-line,12,0.05,10000,physical,finite_difference_snr_mean,0.11179842945048737,0.10812535793634877,0.11551587611936213,20
U1-RZ-XY-line,12,0.05,10000,physical,linearized_shots_for_snr1,698175.125628964,678030.9322965243,718731.3101669212,20
U1-RZ-XY-line,12,0.05,10000,random_rank,actual_retention,0.00289213516223389,0.0027841786076881745,0.0030060757495518277,20
U1-RZ-XY-line,12,0.05,10000,random_rank,rho,0.9869411241123307,0.9506915586396056,1.0258094886291191,20
U1-RZ-XY-line,12,0.05,10000,random_rank,expected_scalar_directional_grad2,5.37406955413194e-05,5.19454391380124e-05,5.5609198948655356e-05,20
U1-RZ-XY-line,12,0.05,10000,random_rank,estimated_parameter_gradient_norm2,0.06771327638206241,0.06541475810783687,0.07002402374088727,20
U1-RZ-XY-line,12,0.05,10000,random_rank,finite_difference_snr_mean,0.009942107567826005,0.00953419623951363,0.010386443360310027,20
U1-RZ-XY-line,12,0.05,10000,random_rank,linearized_shots_for_snr1,93597999.22227058,90427831.20094931,96732526.4833684,20
