profile,analysis_role,job_id,circuit_id,family,n,depth,depth_factor,instance,direction_sampler,measurement_basis,bitflip_rate,tangents,tangent_count_used,parameter_count,regular_tangents,regular_fraction,support_size,score_dimension,FQ_mean,Ffull_mean,Ffull_over_FQ_mean,pairwise_purity,sample_covariance_purity,deff_pairwise,trC3_u_stat,renyi3_dimension_diag,k,readout_rank,actual_retention,rank_baseline,enhancement,physical_minus_rank_baseline,haar_null_mean,haar_null_std,haar_alignment_z,theorem_rhs_sample,theorem_bound_slack_sample,theorem_rhs_u_stat,theorem_bound_slack_u_stat,crossfit_kyfan,sample_lambda_max,sample_spectrum_rank,state_norm_error,horizontal_overlap_max,probability_sum_error,probability_tangent_sum_max,fisher_violation_max,min_circuits_for_inference,max_relative_ci_halfwidth
v2_large_n,large-n finite-size extension; not an asymptotic proof,RY-RZ-CZ-line|n14|d84|i0|dir=gaussian|basis=Z|eta=0,RY-RZ-CZ-line|n14|d84|i0,RY-RZ-CZ-line,14,84,6.0,0,gaussian,Z,0.0,96,96,2352,96,1.0,16384,16383,0.9830495827771756,0.4802169304058674,0.4884936622964437,0.0015571944586411,0.0119576403496969,642.1805539127163,4.0822313020052684e-06,494.93845209960216,1,14,0.0007234344153084,0.0008545443447476,0.8465732875713379,-0.0001311099294391,0.0008545443447476,3.5212604374064325e-05,-3.723380640816746,0.4079339335259134,0.4078028235964743,0.1446660936025082,0.1445349836730691,,,0,3.1086244689504387e-15,4.666471338396599e-16,3.1086244689504387e-15,9.54097911787244e-18,-0.4524564751204561,12,0.2
v2_large_n,large-n finite-size extension; not an asymptotic proof,RY-RZ-CZ-line|n14|d84|i0|dir=gaussian|basis=Z|eta=0,RY-RZ-CZ-line|n14|d84|i0,RY-RZ-CZ-line,14,84,6.0,0,gaussian,Z,0.0,96,96,2352,96,1.0,16384,16383,0.9830495827771756,0.4802169304058674,0.4884936622964437,0.0015571944586411,0.0119576403496969,642.1805539127163,4.0822313020052684e-06,494.93845209960216,2,105,0.0059165006024188,0.006409082585607,0.9231431368517018,-0.0004925819831881,0.006409082585607,9.616526367064548e-05,-5.12224439871735,1.114063414934938,1.1135708329517495,0.3950816272406762,0.3945890452574881,,,0,3.1086244689504387e-15,4.666471338396599e-16,3.1086244689504387e-15,9.54097911787244e-18,-0.4524564751204561,12,0.2
v2_large_n,large-n finite-size extension; not an asymptotic proof,SU2-CNOT-line|n14|d84|i8|dir=gaussian|basis=Z|eta=0,SU2-CNOT-line|n14|d84|i8,SU2-CNOT-line,14,84,6.0,8,gaussian,Z,0.0,96,96,3528,96,1.0,16384,16383,0.9965237594210016,0.493739736625709,0.4954679843516694,0.0006074368278528,0.0110177760275627,1646.2617249183745,5.152803308495823e-07,1393.0869294442932,1,14,0.0008470702768308,0.0008545443447476,0.9912537389513982,-7.474067916768931e-06,0.0008545443447476,3.3793043877880435e-05,-0.2211717874180951,0.3914884899871556,0.3914810159192388,0.0874244493682697,0.0874169753003529,,,0,2.664535259100376e-15,2.827608047949299e-16,2.4424906541753444e-15,1.0191500421363743e-17,-0.4688816449887364,12,0.2
v2_large_n,large-n finite-size extension; not an asymptotic proof,SU2-CNOT-line|n14|d84|i8|dir=gaussian|basis=Z|eta=0,SU2-CNOT-line|n14|d84|i8,SU2-CNOT-line,14,84,6.0,8,gaussian,Z,0.0,96,96,3528,96,1.0,16384,16383,0.9965237594210016,0.493739736625709,0.4954679843516694,0.0006074368278528,0.0110177760275627,1646.2617249183745,5.152803308495823e-07,1393.0869294442932,2,105,0.0063074848399515,0.006409082585607,0.9841478488850168,-0.0001015977456554,0.006409082585607,9.228845842324651e-05,-1.1008716300093535,1.0691510762369747,1.0690494784913191,0.2387552802243997,0.2386536824787443,,,0,2.664535259100376e-15,2.827608047949299e-16,2.4424906541753444e-15,1.0191500421363743e-17,-0.4688816449887364,12,0.2
v2_large_n,large-n finite-size extension; not an asymptotic proof,SU2-HaarU4-brickwork|n16|d96|i4|dir=gaussian|basis=Z|eta=0,SU2-HaarU4-brickwork|n16|d96|i4,SU2-HaarU4-brickwork,16,96,6.0,4,gaussian,Z,0.0,96,96,4608,96,1.0,65536,65535,0.9915636255534525,0.4922477675037834,0.4964384313080742,0.0007215978355166,0.0111307478580633,1385.81346947083,8.555840799839345e-07,1081.1069332020547,1,16,0.0002205811464768,0.0002441443503471,0.903486589647519,-2.3563203870293658e-05,0.0002441443503471,9.099334570023537e-06,-2.5895524215495143,0.4216685912394421,0.4216450280355718,0.1062951637649953,0.106271600561125,,,0,3.8191672047105385e-14,5.123885280286102e-15,3.7858605139717844e-14,5.854691731421724e-18,-0.451991166588734,12,0.2
v2_large_n,large-n finite-size extension; not an asymptotic proof,SU2-HaarU4-brickwork|n16|d96|i4|dir=gaussian|basis=Z|eta=0,SU2-HaarU4-brickwork|n16|d96|i4,SU2-HaarU4-brickwork,16,96,6.0,4,gaussian,Z,0.0,96,96,4608,96,1.0,65536,65535,0.9915636255534525,0.4922477675037834,0.4964384313080742,0.0007215978355166,0.0111307478580633,1385.81346947083,8.555840799839345e-07,1081.1069332020547,2,136,0.0019508389498042,0.0020752269779507,0.9400605189369377,-0.0001243880281464,0.0020752269779507,2.650458571526823e-05,-4.693075737259238,1.2282383106079466,1.2281139225798,0.3096170667698073,0.3094926787416608,,,0,3.8191672047105385e-14,5.123885280286102e-15,3.7858605139717844e-14,5.854691731421724e-18,-0.451991166588734,12,0.2
v2_large_n,large-n finite-size extension; not an asymptotic proof,U1-RZ-XY-line|n16|d96|i8|dir=gaussian|basis=Z|eta=0,U1-RZ-XY-line|n16|d96|i8,U1-RZ-XY-line,16,96,6.0,8,gaussian,Z,0.0,96,96,2256,96,1.0,12870,12869,0.7749869590191021,0.3712552243606726,0.4802494766266707,0.0151702145592879,0.0254288581576287,65.91864578393508,0.0002991622716548,57.81580658452115,1,15,0.2276416484284378,0.0011655917320693,195.3013582417044,0.2264760566963684,0.0011655917320693,6.772430445258691e-05,3344.0883376649817,0.616298664799852,0.3898226081034834,0.4755247113572291,0.2490486546608606,,,0,4.440892098500626e-16,4.901167101852097e-16,1.3322676295501878e-15,4.163336342344337e-17,-0.2403840949828201,12,0.2
v2_large_n,large-n finite-size extension; not an asymptotic proof,U1-RZ-XY-line|n16|d96|i8|dir=gaussian|basis=Z|eta=0,U1-RZ-XY-line|n16|d96|i8,U1-RZ-XY-line,16,96,6.0,8,gaussian,Z,0.0,96,96,2256,96,1.0,12870,12869,0.7749869590191021,0.3712552243606726,0.4802494766266707,0.0151702145592879,0.0254288581576287,65.91864578393508,0.0002991622716548,57.81580658452115,2,119,0.4417667328567656,0.0092470277410832,47.77391668179593,0.4325197051156824,0.0092470277410832,0.0001899802037757,2276.6567069594603,1.728840877315975,1.2963211722002923,1.3339418144532953,0.9014221093376128,,,0,4.440892098500626e-16,4.901167101852097e-16,1.3322676295501878e-15,4.163336342344337e-17,-0.2403840949828201,12,0.2
v2_large_n,large-n finite-size extension; not an asymptotic proof,RY-RZ-CZ-line|n14|d84|i1|dir=gaussian|basis=Z|eta=0,RY-RZ-CZ-line|n14|d84|i1,RY-RZ-CZ-line,14,84,6.0,1,gaussian,Z,0.0,96,96,2352,96,1.0,16384,16383,0.9888325456680944,0.485099201836546,0.4905813249514718,0.0016814755017493,0.0120806267986061,594.7157713327598,4.763780212820265e-06,458.1673549868728,1,14,0.0007478239548822,0.0008545443447476,0.8751142752025274,-0.0001067203898653,0.0008545443447476,3.539414941845276e-05,-3.015198602561901,0.4100371117879581,0.4099303913980928,0.1505547288876985,0.1504480084978331,,,0,2.886579864025407e-15,4.813902889391893e-16,2.55351295663786e-15,1.3010426069826053e-17,-0.4564073099169141,12,0.2
v2_large_n,large-n finite-size extension; not an asymptotic proof,RY-RZ-CZ-line|n14|d84|i1|dir=gaussian|basis=Z|eta=0,RY-RZ-CZ-line|n14|d84|i1,RY-RZ-CZ-line,14,84,6.0,1,gaussian,Z,0.0,96,96,2352,96,1.0,16384,16383,0.9888325456680944,0.485099201836546,0.4905813249514718,0.0016814755017493,0.0120806267986061,594.7157713327598,4.763780212820265e-06,458.1673549868728,2,105,0.0060834641737028,0.006409082585607,0.9491942243597472,-0.0003256184119042,0.006409082585607,9.66610613366248e-05,-3.368661665841082,1.1198071733337025,1.119481554921798,0.4111634301895568,0.4108378117776526,,,0,2.886579864025407e-15,4.813902889391893e-16,2.55351295663786e-15,1.3010426069826053e-17,-0.4564073099169141,12,0.2
v2_large_n,large-n finite-size extension; not an asymptotic proof,SU2-CNOT-line|n14|d84|i9|dir=gaussian|basis=Z|eta=0,SU2-CNOT-line|n14|d84|i9,SU2-CNOT-line,14,84,6.0,9,gaussian,Z,0.0,96,96,3528,96,1.0,16384,16383,0.9952409127188137,0.4932736500630228,0.4956545803826418,0.0006214151396653,0.0110316087319605,1609.2301847335916,5.225901158373832e-07,1383.3096428208337,1,14,0.0008084193276957,0.0008545443447476,0.946023846117134,-4.6125017051829725e-05,0.0008545443447476,3.381436873658312e-05,-1.3640655962306327,0.3917355359994318,0.39168941098238,0.0885356622017271,0.0884895371846753,,,0,1.2212453270876722e-15,1.344765745068934e-16,8.881784197001252e-16,9.75781955236954e-18,-0.4487406716217983,12,0.2
v2_large_n,large-n finite-size extension; not an asymptotic proof,SU2-CNOT-line|n14|d84|i9|dir=gaussian|basis=Z|eta=0,SU2-CNOT-line|n14|d84|i9,SU2-CNOT-line,14,84,6.0,9,gaussian,Z,0.0,96,96,3528,96,1.0,16384,16383,0.9952409127188137,0.4932736500630228,0.4956545803826418,0.0006214151396653,0.0110316087319605,1609.2301847335916,5.225901158373832e-07,1383.3096428208337,2,105,0.0063925582644667,0.006409082585607,0.9974217337786484,-1.6524321140323935e-05,0.006409082585607,9.234669639502784e-05,-0.1789378698468919,1.069825756378692,1.0698092320575516,0.2417899911474675,0.2417734668263272,,,0,1.2212453270876722e-15,1.344765745068934e-16,8.881784197001252e-16,9.75781955236954e-18,-0.4487406716217983,12,0.2
v2_large_n,large-n finite-size extension; not an asymptotic proof,SU2-HaarU4-brickwork|n16|d96|i5|dir=gaussian|basis=Z|eta=0,SU2-HaarU4-brickwork|n16|d96|i5,SU2-HaarU4-brickwork,16,96,6.0,5,gaussian,Z,0.0,96,96,4608,96,1.0,65536,65535,0.9969991293097582,0.4955679548238675,0.4970552657596669,0.0007484735595476,0.0111573436266357,1336.0525395236496,8.930308042617233e-07,1058.1976193018352,1,16,0.0002217254433391,0.0002441443503471,0.9081735580768232,-2.241890700802366e-05,0.0002441443503471,9.110213948055248e-06,-2.460854062906987,0.4221727481063966,0.4221503291993885,0.1082985154072971,0.1082760965002891,,,0,3.186340080674199e-14,3.877297388697636e-15,3.2751579226442124e-14,5.854691731421724e-18,-0.4729657087039247,12,0.2
v2_large_n,large-n finite-size extension; not an asymptotic proof,SU2-HaarU4-brickwork|n16|d96|i5|dir=gaussian|basis=Z|eta=0,SU2-HaarU4-brickwork|n16|d96|i5,SU2-HaarU4-brickwork,16,96,6.0,5,gaussian,Z,0.0,96,96,4608,96,1.0,65536,65535,0.9969991293097582,0.4955679548238675,0.4970552657596669,0.0007484735595476,0.0111573436266357,1336.0525395236496,8.930308042617233e-07,1058.1976193018352,2,136,0.0019531700078273,0.0020752269779507,0.9411837975217952,-0.0001220569701233,0.0020752269779507,2.653627522018217e-05,-4.599627080689605,1.2297068211667468,1.229584764196623,0.3154524391162792,0.3153303821461558,,,0,3.186340080674199e-14,3.877297388697636e-15,3.2751579226442124e-14,5.854691731421724e-18,-0.4729657087039247,12,0.2
v2_large_n,large-n finite-size extension; not an asymptotic proof,U1-RZ-XY-line|n16|d96|i9|dir=gaussian|basis=Z|eta=0,U1-RZ-XY-line|n16|d96|i9,U1-RZ-XY-line,16,96,6.0,9,gaussian,Z,0.0,96,96,2256,96,1.0,12870,12869,0.7733687546477196,0.3631446046045233,0.469813695574215,0.0141262454719322,0.0243957637482662,70.79021824921013,0.0002516635194723,63.03617711091032,1,15,0.2257178498160461,0.0011655917320693,193.6508672855132,0.2245522580839768,0.0011655917320693,6.63300225786946e-05,3385.378888082931,0.603610545458057,0.3790582873740802,0.4587836826077092,0.2342314245237323,,,0,2.220446049250313e-16,3.415462980194562e-16,4.440892098500626e-16,5.551115123125783e-17,-0.2657927568585335,12,0.2
v2_large_n,large-n finite-size extension; not an asymptotic proof,U1-RZ-XY-line|n16|d96|i9|dir=gaussian|basis=Z|eta=0,U1-RZ-XY-line|n16|d96|i9,U1-RZ-XY-line,16,96,6.0,9,gaussian,Z,0.0,96,96,2256,96,1.0,12870,12869,0.7733687546477196,0.3631446046045233,0.469813695574215,0.0141262454719322,0.0243957637482662,70.79021824921013,0.0002516635194723,63.03617711091032,2,119,0.4373732236117715,0.0092470277410832,47.29879003915872,0.4281261958706883,0.0092470277410832,0.0001860689645734,2300.900619574163,1.6932481677625926,1.2651219718919042,1.2869798843314908,0.8588536884608025,,,0,2.220446049250313e-16,3.415462980194562e-16,4.440892098500626e-16,5.551115123125783e-17,-0.2657927568585335,12,0.2
v2_large_n,large-n finite-size extension; not an asymptotic proof,RY-RZ-CZ-line|n14|d84|i10|dir=gaussian|basis=Z|eta=0,RY-RZ-CZ-line|n14|d84|i10,RY-RZ-CZ-line,14,84,6.0,10,gaussian,Z,0.0,96,96,2352,96,1.0,16384,16383,0.9848512496467048,0.4829209574114075,0.4903575033252637,0.0014814331049496,0.011882668176773,675.0220422771001,3.4177344369753698e-06,540.9172641747759,1,14,0.0007667667872347,0.0008545443447476,0.8972814482333745,-8.777755751283379e-05,0.0008545443447476,3.510147440627693e-05,-2.5006800710666783,0.4066465057511729,0.4065587281936601,0.1409557592531673,0.1408679816956544,,,0,6.661338147750939e-16,1.5222415688082298e-16,1.1102230246251563e-15,1.5178830414797062e-17,-0.4439401607884651,12,0.2
v2_large_n,large-n finite-size extension; not an asymptotic proof,RY-RZ-CZ-line|n14|d84|i10|dir=gaussian|basis=Z|eta=0,RY-RZ-CZ-line|n14|d84|i10,RY-RZ-CZ-line,14,84,6.0,10,gaussian,Z,0.0,96,96,2352,96,1.0,16384,16383,0.9848512496467048,0.4829209574114075,0.4903575033252637,0.0014814331049496,0.011882668176773,675.0220422771001,3.4177344369753698e-06,540.9172641747759,2,105,0.0059415344679326,0.006409082585607,0.9270491351251516,-0.0004675481176743,0.006409082585607,9.586176886121708e-05,-4.877315776962665,1.1105474628031489,1.1100799146854743,0.3849487419470957,0.3844811938294213,,,0,6.661338147750939e-16,1.5222415688082298e-16,1.1102230246251563e-15,1.5178830414797062e-17,-0.4439401607884651,12,0.2
v2_large_n,large-n finite-size extension; not an asymptotic proof,SU2-CNOT-line|n16|d96|i6|dir=gaussian|basis=Z|eta=0,SU2-CNOT-line|n16|d96|i6,SU2-CNOT-line,16,96,6.0,6,gaussian,Z,0.0,96,96,4608,96,1.0,65536,65535,0.9985879789704908,0.4953980774443884,0.4960923354772837,0.0004307797406057,0.0108429591183078,2321.371934979488,2.948865196460041e-07,1841.50346387438,1,16,0.000229503285207,0.0002441443503471,0.9400311122528622,-1.4641065140065702e-05,0.0002441443503471,8.980767628557382e-06,-1.6302687861012564,0.4161741284530854,0.4161594873879454,0.0815273472325116,0.0815127061673716,,,0,4.218847493575595e-15,3.602828050526168e-16,3.996802888650564e-15,5.0957502106818716e-18,-0.4809685901155155,12,0.2
v2_large_n,large-n finite-size extension; not an asymptotic proof,SU2-CNOT-line|n16|d96|i6|dir=gaussian|basis=Z|eta=0,SU2-CNOT-line|n16|d96|i6,SU2-CNOT-line,16,96,6.0,6,gaussian,Z,0.0,96,96,4608,96,1.0,65536,65535,0.9985879789704908,0.4953980774443884,0.4960923354772837,0.0004307797406057,0.0108429591183078,2321.371934979488,2.948865196460041e-07,1841.50346387438,2,136,0.0020330589564899,0.0020752269779507,0.979680284658589,-4.216802146077498e-05,0.0020752269779507,2.615922335509745e-05,-1.611975282613198,1.2122340128475264,1.2121918448260656,0.2374732510640008,0.23743108304254,,,0,4.218847493575595e-15,3.602828050526168e-16,3.996802888650564e-15,5.0957502106818716e-18,-0.4809685901155155,12,0.2
v2_large_n,large-n finite-size extension; not an asymptotic proof,U1-RZ-XY-line|n14|d84|i2|dir=gaussian|basis=Z|eta=0,U1-RZ-XY-line|n14|d84|i2,U1-RZ-XY-line,14,84,6.0,2,gaussian,Z,0.0,96,96,1722,96,1.0,3432,3431,0.7714118501481068,0.3733329999170534,0.4848240987521177,0.0212033807129327,0.0313991788305063,47.16229046390052,0.0006033240415126,40.71221057778461,1,13,0.2834714276885522,0.0037889828038472,74.81465141534021,0.2796824448847049,0.0037889828038472,0.0002615847751091,1069.1847213506712,0.6347188953001596,0.3550364504154546,0.520408409493164,0.240725964608459,,,0,3.3306690738754696e-15,1.2702602231536174e-15,3.552713678800501e-15,4.163336342344337e-17,-0.2360527495333169,12,0.2
v2_large_n,large-n finite-size extension; not an asymptotic proof,U1-RZ-XY-line|n14|d84|i2|dir=gaussian|basis=Z|eta=0,U1-RZ-XY-line|n14|d84|i2,U1-RZ-XY-line,14,84,6.0,2,gaussian,Z,0.0,96,96,1722,96,1.0,3432,3431,0.7714118501481068,0.3733329999170534,0.4848240987521177,0.0212033807129327,0.0313991788305063,47.16229046390052,0.0006033240415126,40.71221057778461,2,90,0.506437304910313,0.0262314194112503,19.306515479414266,0.4802058854990627,0.0262314194112503,0.000680478253234,705.6888052143364,1.6511373989108789,1.170931513411816,1.353773763447742,0.8735678779486793,,,0,3.3306690738754696e-15,1.2702602231536174e-15,3.552713678800501e-15,4.163336342344337e-17,-0.2360527495333169,12,0.2
v2_large_n,large-n finite-size extension; not an asymptotic proof,RY-RZ-CZ-line|n14|d84|i11|dir=gaussian|basis=Z|eta=0,RY-RZ-CZ-line|n14|d84|i11,RY-RZ-CZ-line,14,84,6.0,11,gaussian,Z,0.0,96,96,2352,96,1.0,16384,16383,0.981545786701058,0.4817410558481959,0.4907951064312342,0.0016039958599298,0.0120039542363889,623.4430056719311,4.569186752454712e-06,467.8218968515283,1,14,0.000765945975505,0.0008545443447476,0.8963209226214257,-8.85983692425099e-05,0.0008545443447476,3.528107974635716e-05,-2.511214789327921,0.4087272127640047,0.4086386143947622,0.1469113281610101,0.1468227297917676,,,0,2.4424906541753444e-15,3.003290117683961e-16,2.220446049250313e-15,1.1275702593849246e-17,-0.4465387613206117,12,0.2
v2_large_n,large-n finite-size extension; not an asymptotic proof,RY-RZ-CZ-line|n14|d84|i11|dir=gaussian|basis=Z|eta=0,RY-RZ-CZ-line|n14|d84|i11,RY-RZ-CZ-line,14,84,6.0,11,gaussian,Z,0.0,96,96,2352,96,1.0,16384,16383,0.981545786701058,0.4817410558481959,0.4907951064312342,0.0016039958599298,0.0120039542363889,623.4430056719311,4.569186752454712e-06,467.8218968515283,2,105,0.0059946444302886,0.006409082585607,0.935335806680184,-0.0004144381553183,0.006409082585607,9.635226921449942e-05,-4.301280693200242,1.116229852449332,1.1158154142940138,0.4012133399372756,0.4007989017819573,,,0,2.4424906541753444e-15,3.003290117683961e-16,2.220446049250313e-15,1.1275702593849246e-17,-0.4465387613206117,12,0.2
v2_large_n,large-n finite-size extension; not an asymptotic proof,SU2-CNOT-line|n16|d96|i7|dir=gaussian|basis=Z|eta=0,SU2-CNOT-line|n16|d96|i7,SU2-CNOT-line,16,96,6.0,7,gaussian,Z,0.0,96,96,4608,96,1.0,65536,65535,0.9966595622580492,0.4945444595791701,0.4962079920430393,0.0004279880763507,0.0108401965338887,2336.513691050799,2.439558957901023e-07,2024.6238141135384,1,16,0.0002329253730051,0.0002441443503471,0.9540477699931462,-1.1218977342025793e-05,0.0002441443503471,8.979621876864052e-06,-1.2493819334343494,0.4161210336362371,0.4161098146588951,0.0812530160904492,0.0812417971131072,,,0,1.7763568394002505e-15,2.485313881356283e-16,2.220446049250313e-15,6.1257422745431e-18,-0.4765264696548407,12,0.2
v2_large_n,large-n finite-size extension; not an asymptotic proof,SU2-CNOT-line|n16|d96|i7|dir=gaussian|basis=Z|eta=0,SU2-CNOT-line|n16|d96|i7,SU2-CNOT-line,16,96,6.0,7,gaussian,Z,0.0,96,96,4608,96,1.0,65536,65535,0.9966595622580492,0.4945444595791701,0.4962079920430393,0.0004279880763507,0.0108401965338887,2336.513691050799,2.439558957901023e-07,2024.6238141135384,2,136,0.0020430979675481,0.0020752269779507,0.9845178331122852,-3.212901040252096e-05,0.0020752269779507,2.6155886004027367e-05,-1.228366356910023,1.2120793580083882,1.2120472289979856,0.2366741779874799,0.2366420489770774,,,0,1.7763568394002505e-15,2.485313881356283e-16,2.220446049250313e-15,6.1257422745431e-18,-0.4765264696548407,12,0.2
v2_large_n,large-n finite-size extension; not an asymptotic proof,U1-RZ-XY-line|n14|d84|i3|dir=gaussian|basis=Z|eta=0,U1-RZ-XY-line|n14|d84|i3,U1-RZ-XY-line,14,84,6.0,3,gaussian,Z,0.0,96,96,1722,96,1.0,3432,3431,0.7708770539276193,0.3565458917288806,0.4622011553585949,0.0191237545158921,0.0293412154063516,52.29098706370561,0.0004711684533783,46.06933013576322,1,13,0.2719461839785029,0.0037889828038472,71.77287363309564,0.2681572011746556,0.0037889828038472,0.0002527840227502,1060.8154671215973,0.6133644268959274,0.3452072257212717,0.4938544398832157,0.22569723870856,,,0,4.440892098500626e-16,2.172745481809025e-16,4.440892098500626e-16,5.551115123125783e-17,-0.2403987161102643,12,0.2
v2_large_n,large-n finite-size extension; not an asymptotic proof,U1-RZ-XY-line|n14|d84|i3|dir=gaussian|basis=Z|eta=0,U1-RZ-XY-line|n14|d84|i3,U1-RZ-XY-line,14,84,6.0,3,gaussian,Z,0.0,96,96,1722,96,1.0,3432,3431,0.7708770539276193,0.3565458917288806,0.4622011553585949,0.0191237545158921,0.0293412154063516,52.29098706370561,0.0004711684533783,46.06933013576322,2,90,0.4891739604695583,0.0262314194112503,18.64839842634505,0.462942541058308,0.0262314194112503,0.0006575842580086,704.0049019120668,1.5955865689652626,1.1326440279069545,1.2846971176488258,0.8217545765905178,,,0,4.440892098500626e-16,2.172745481809025e-16,4.440892098500626e-16,5.551115123125783e-17,-0.2403987161102643,12,0.2
v2_large_n,large-n finite-size extension; not an asymptotic proof,RY-RZ-CZ-line|n16|d96|i0|dir=gaussian|basis=Z|eta=0,RY-RZ-CZ-line|n16|d96|i0,RY-RZ-CZ-line,16,96,6.0,0,gaussian,Z,0.0,96,96,3072,96,1.0,65536,65535,0.98765616771876,0.4874036654726633,0.4934940611506758,0.0010980918772379,0.01150332008685,910.6706102911298,2.367677770912531e-06,649.8882748939438,1,16,0.0002105188242797,0.0002441443503471,0.8622719468234111,-3.362552606737501e-05,0.0002441443503471,9.250574775053415e-06,-3.634966138326345,0.4286771525471892,0.4286435270211218,0.1316096341651162,0.1315760086390489,,,0,8.881784197001252e-16,1.024003554061269e-16,4.440892098500626e-16,7.101524229780054e-18,-0.460942199973348,12,0.2
v2_large_n,large-n finite-size extension; not an asymptotic proof,RY-RZ-CZ-line|n16|d96|i0|dir=gaussian|basis=Z|eta=0,RY-RZ-CZ-line|n16|d96|i0,RY-RZ-CZ-line,16,96,6.0,0,gaussian,Z,0.0,96,96,3072,96,1.0,65536,65535,0.98765616771876,0.4874036654726633,0.4934940611506758,0.0010980918772379,0.01150332008685,910.6706102911298,2.367677770912531e-06,649.8882748939438,2,136,0.0018808951475574,0.0020752269779507,0.9063563492292284,-0.0001943318303933,0.0020752269779507,2.694511891546671e-05,-7.2121348212626435,1.248652881859547,1.2484585500291538,0.3833531785034029,0.3831588466730096,,,0,8.881784197001252e-16,1.024003554061269e-16,4.440892098500626e-16,7.101524229780054e-18,-0.460942199973348,12,0.2
v2_large_n,large-n finite-size extension; not an asymptotic proof,SU2-CNOT-line|n16|d96|i8|dir=gaussian|basis=Z|eta=0,SU2-CNOT-line|n16|d96|i8,SU2-CNOT-line,16,96,6.0,8,gaussian,Z,0.0,96,96,4608,96,1.0,65536,65535,0.99384801978347,0.4937340213121129,0.4967883483200465,0.0004318614531168,0.0108440295629802,2315.557438115354,2.938814152716403e-07,1844.6498406474443,1,16,0.0002415788126408,0.0002441443503471,0.9894917179012178,-2.5655377062716795e-06,0.0002441443503471,8.981211544494679e-06,-0.2856560825409249,0.4161946997823918,0.4161921342446855,0.0816333970960629,0.0816308315583566,,,0,4.773959005888173e-15,4.339307877463901e-16,4.440892098500626e-15,6.0715321659188256e-18,-0.4829037053674459,12,0.2
v2_large_n,large-n finite-size extension; not an asymptotic proof,SU2-CNOT-line|n16|d96|i8|dir=gaussian|basis=Z|eta=0,SU2-CNOT-line|n16|d96|i8,SU2-CNOT-line,16,96,6.0,8,gaussian,Z,0.0,96,96,4608,96,1.0,65536,65535,0.99384801978347,0.4937340213121129,0.4967883483200465,0.0004318614531168,0.0108440295629802,2315.557438115354,2.938814152716403e-07,1844.6498406474443,2,136,0.0021001527827811,0.0020752269779507,1.0120111222026535,2.492580483040921e-05,0.0020752269779507,2.616051639558518e-05,0.95280247734772,1.2122939331149571,1.2122690073101268,0.2377821536191225,0.2377572278142921,,,0,4.773959005888173e-15,4.339307877463901e-16,4.440892098500626e-15,6.0715321659188256e-18,-0.4829037053674459,12,0.2
v2_large_n,large-n finite-size extension; not an asymptotic proof,U1-RZ-XY-line|n14|d84|i4|dir=gaussian|basis=Z|eta=0,U1-RZ-XY-line|n14|d84|i4,U1-RZ-XY-line,14,84,6.0,4,gaussian,Z,0.0,96,96,1722,96,1.0,3432,3431,0.7670853852796214,0.3703773958883623,0.4835775270778651,0.0191831897790221,0.0294000315521573,52.1289739360007,0.0004998421652787,44.72841980488723,1,13,0.2762290345028592,0.0037889828038472,72.90321672148539,0.272440051699012,0.0037889828038472,0.0002530397953697,1076.6687955185896,0.6139850429636685,0.3415449912646565,0.4946331353878194,0.2221930836888074,,,0,3.219646771412954e-15,1.3556911177415093e-15,2.7755575615628917e-15,5.551115123125783e-17,-0.2462835764517343,12,0.2
v2_large_n,large-n finite-size extension; not an asymptotic proof,U1-RZ-XY-line|n14|d84|i4|dir=gaussian|basis=Z|eta=0,U1-RZ-XY-line|n14|d84|i4,U1-RZ-XY-line,14,84,6.0,4,gaussian,Z,0.0,96,96,1722,96,1.0,3432,3431,0.7670853852796214,0.3703773958883623,0.4835775270778651,0.0191831897790221,0.0294000315521573,52.1289739360007,0.0004998421652787,44.72841980488723,2,90,0.5046695727159431,0.0262314194112503,19.23912559987112,0.4784381533046928,0.0262314194112503,0.0006582496167065,726.8339261608372,1.5972010197203923,1.1187628664156994,1.286722791186411,0.8082846378817181,,,0,3.219646771412954e-15,1.3556911177415093e-15,2.7755575615628917e-15,5.551115123125783e-17,-0.2462835764517343,12,0.2
v2_large_n,large-n finite-size extension; not an asymptotic proof,RY-RZ-CZ-line|n16|d96|i1|dir=gaussian|basis=Z|eta=0,RY-RZ-CZ-line|n16|d96|i1,RY-RZ-CZ-line,16,96,6.0,1,gaussian,Z,0.0,96,96,3072,96,1.0,65536,65535,0.9807257928598296,0.4819219663730682,0.4913956176880695,0.0010740060044236,0.0114794851085441,931.0934909871982,2.0011533372677933e-06,706.902986173194,1,16,0.0002105165156856,0.0002441443503471,0.8622624909660792,-3.362783466152029e-05,0.0002441443503471,9.240973427567547e-06,-3.6389926802735073,0.4282322203780059,0.4281985925433443,0.1301376806575369,0.1301040528228754,,,0,5.551115123125783e-15,8.228552548791224e-16,6.661338147750939e-15,7.37257477290143e-18,-0.4404622424659732,12,0.2
v2_large_n,large-n finite-size extension; not an asymptotic proof,RY-RZ-CZ-line|n16|d96|i1|dir=gaussian|basis=Z|eta=0,RY-RZ-CZ-line|n16|d96|i1,RY-RZ-CZ-line,16,96,6.0,1,gaussian,Z,0.0,96,96,3072,96,1.0,65536,65535,0.9807257928598296,0.4819219663730682,0.4913956176880695,0.0010740060044236,0.0114794851085441,931.0934909871982,2.0011533372677933e-06,706.902986173194,2,136,0.0019213666428677,0.0020752269779507,0.925858551031901,-0.0001538603350829,0.0020752269779507,2.69171520641038e-05,-5.716070359766646,1.2473568812866644,1.2472030209515814,0.3790656652121509,0.3789118048770679,,,0,5.551115123125783e-15,8.228552548791224e-16,6.661338147750939e-15,7.37257477290143e-18,-0.4404622424659732,12,0.2
v2_large_n,large-n finite-size extension; not an asymptotic proof,SU2-CNOT-line|n16|d96|i9|dir=gaussian|basis=Z|eta=0,SU2-CNOT-line|n16|d96|i9,SU2-CNOT-line,16,96,6.0,9,gaussian,Z,0.0,96,96,4608,96,1.0,65536,65535,0.999171964661906,0.4959399881497954,0.4963543886244753,0.0004398041827955,0.0108518895558914,2273.73917556581,2.755785420772764e-07,1904.9224534597265,1,16,0.0002278841264917,0.0002441443503471,0.9333991393522548,-1.626022385540433e-05,0.0002441443503471,8.98447043033587e-06,-1.8098143882250464,0.416345718496023,0.4163294582721676,0.0824079132701587,0.0823916530463033,,,0,1.1102230246251563e-15,2.097943040300165e-16,1.7763568394002505e-15,6.938893903907228e-18,-0.4771145587831017,12,0.2
v2_large_n,large-n finite-size extension; not an asymptotic proof,SU2-CNOT-line|n16|d96|i9|dir=gaussian|basis=Z|eta=0,SU2-CNOT-line|n16|d96|i9,SU2-CNOT-line,16,96,6.0,9,gaussian,Z,0.0,96,96,4608,96,1.0,65536,65535,0.999171964661906,0.4959399881497954,0.4963543886244753,0.0004398041827955,0.0108518895558914,2273.73917556581,2.755785420772764e-07,1904.9224534597265,2,136,0.0020307922534278,0.0020752269779507,0.9785880171205258,-4.443472452290379e-05,0.0020752269779507,2.6170008894014535e-05,-1.6979254650947655,1.2127338211539391,1.212689386429416,0.2400381680744884,0.2399937333499655,,,0,1.1102230246251563e-15,2.097943040300165e-16,1.7763568394002505e-15,6.938893903907228e-18,-0.4771145587831017,12,0.2
v2_large_n,large-n finite-size extension; not an asymptotic proof,U1-RZ-XY-line|n14|d84|i5|dir=gaussian|basis=Z|eta=0,U1-RZ-XY-line|n14|d84|i5,U1-RZ-XY-line,14,84,6.0,5,gaussian,Z,0.0,96,96,1722,96,1.0,3432,3431,0.7734609659713895,0.3751040355948454,0.4847659121311918,0.0188469196568064,0.0290672642437147,53.05906844245795,0.0004761407094397,45.82815176624807,1,13,0.2632013292855578,0.0037889828038472,69.46490467528837,0.2594123464817105,0.0037889828038472,0.0002515892705741,1031.0946324926142,0.6104654363829829,0.3510530899012724,0.490211169412752,0.2307988229310414,,,0,1.7763568394002505e-15,4.484394397973857e-16,1.5543122344752194e-15,3.4694469519536136e-17,-0.2362425003714195,12,0.2
v2_large_n,large-n finite-size extension; not an asymptotic proof,U1-RZ-XY-line|n14|d84|i5|dir=gaussian|basis=Z|eta=0,U1-RZ-XY-line|n14|d84|i5,U1-RZ-XY-line,14,84,6.0,5,gaussian,Z,0.0,96,96,1722,96,1.0,3432,3431,0.7734609659713895,0.3751040355948454,0.4847659121311918,0.0188469196568064,0.0290672642437147,53.05906844245795,0.0004761407094397,45.82815176624807,2,90,0.4840880040648924,0.0262314194112503,18.45451046607384,0.4578565846536421,0.0262314194112503,0.0006544762679755,699.5770619305522,1.588045227923656,1.1301886432700137,1.275219630571203,0.8173630459175608,,,0,1.7763568394002505e-15,4.484394397973857e-16,1.5543122344752194e-15,3.4694469519536136e-17,-0.2362425003714195,12,0.2
v2_large_n,large-n finite-size extension; not an asymptotic proof,RY-RZ-CZ-line|n16|d96|i2|dir=gaussian|basis=Z|eta=0,RY-RZ-CZ-line|n16|d96|i2,RY-RZ-CZ-line,16,96,6.0,2,gaussian,Z,0.0,96,96,3072,96,1.0,65536,65535,0.9897934316114656,0.4866747600381592,0.4916797675253361,0.0011415732776115,0.0115463485559697,875.9840648094639,2.195641225538529e-06,674.8687395295152,1,16,0.0002063746659985,0.0002441443503471,0.8452977335136197,-3.776968434854788e-05,0.0002441443503471,9.26788257194002e-06,-4.075330481948657,0.4294792061780861,0.4294414364937376,0.1342260345806325,0.134188264896284,,,0,5.773159728050814e-15,1.0385030512689629e-15,5.773159728050814e-15,7.15573433840433e-18,-0.4572479812318928,12,0.2
v2_large_n,large-n finite-size extension; not an asymptotic proof,RY-RZ-CZ-line|n16|d96|i2|dir=gaussian|basis=Z|eta=0,RY-RZ-CZ-line|n16|d96|i2,RY-RZ-CZ-line,16,96,6.0,2,gaussian,Z,0.0,96,96,3072,96,1.0,65536,65535,0.9897934316114656,0.4866747600381592,0.4916797675253361,0.0011415732776115,0.0115463485559697,875.9840648094639,2.195641225538529e-06,674.8687395295152,2,136,0.0018991434792584,0.0020752269779507,0.91514976406768,-0.0001760834986922,0.0020752269779507,2.699553314989158e-05,-6.522690169315673,1.2509891075521795,1.2508130240534876,0.3909742422795353,0.390798158780843,,,0,5.773159728050814e-15,1.0385030512689629e-15,5.773159728050814e-15,7.15573433840433e-18,-0.4572479812318928,12,0.2
v2_large_n,large-n finite-size extension; not an asymptotic proof,SU2-CNOT-line|n16|d96|i10|dir=gaussian|basis=Z|eta=0,SU2-CNOT-line|n16|d96|i10,SU2-CNOT-line,16,96,6.0,10,gaussian,Z,0.0,96,96,4608,96,1.0,65536,65535,0.9996673806439168,0.496106065847521,0.4962687537392082,0.0004173000452657,0.0108296198364609,2396.3572766046186,2.2857511578784722e-07,2091.633195737655,1,16,0.0002268202345524,0.0002441443503471,0.9290415044620026,-1.7324115794735005e-05,0.0002441443503471,8.975233955269426e-06,-1.9302132825812175,0.4159176947323826,0.4159003706165878,0.0801940513828384,0.0801767272670437,,,0,1.3322676295501878e-15,2.9551273033145325e-17,2.220446049250313e-16,6.5052130349130266e-18,-0.4807235260953488,12,0.2
v2_large_n,large-n finite-size extension; not an asymptotic proof,SU2-CNOT-line|n16|d96|i10|dir=gaussian|basis=Z|eta=0,SU2-CNOT-line|n16|d96|i10,SU2-CNOT-line,16,96,6.0,10,gaussian,Z,0.0,96,96,4608,96,1.0,65536,65535,0.9996673806439168,0.496106065847521,0.4962687537392082,0.0004173000452657,0.0108296198364609,2396.3572766046186,2.2857511578784722e-07,2091.633195737655,2,136,0.0020602345292606,0.0020752269779507,0.9927755137874644,-1.4992448690086951e-05,0.0020752269779507,2.614310484479846e-05,-0.5734762102317741,1.2114870714664452,1.211472079017755,0.2335896204688699,0.2335746280201799,,,0,1.3322676295501878e-15,2.9551273033145325e-17,2.220446049250313e-16,6.5052130349130266e-18,-0.4807235260953488,12,0.2
v2_large_n,large-n finite-size extension; not an asymptotic proof,U1-RZ-XY-line|n14|d84|i6|dir=gaussian|basis=Z|eta=0,U1-RZ-XY-line|n14|d84|i6,U1-RZ-XY-line,14,84,6.0,6,gaussian,Z,0.0,96,96,1722,96,1.0,3432,3431,0.7691081277326695,0.3669452929139394,0.4792164602709048,0.0194308089992675,0.0296450714055251,51.46466109762578,0.0005186185647263,43.91126722966158,1,13,0.2834382645769517,0.0037889828038472,74.80589890488626,0.2796492817731045,0.0037889828038472,0.0002541026247467,1100.5367695506786,0.6165639311568597,0.3369146493837552,0.4978642300489145,0.21821494827581,,,0,2.220446049250313e-16,1.2160476525755221e-16,2.220446049250313e-16,3.4694469519536136e-17,-0.1956601508501718,12,0.2
v2_large_n,large-n finite-size extension; not an asymptotic proof,U1-RZ-XY-line|n14|d84|i6|dir=gaussian|basis=Z|eta=0,U1-RZ-XY-line|n14|d84|i6,U1-RZ-XY-line,14,84,6.0,6,gaussian,Z,0.0,96,96,1722,96,1.0,3432,3431,0.7691081277326695,0.3669452929139394,0.4792164602709048,0.0194308089992675,0.0296450714055251,51.46466109762578,0.0005186185647263,43.91126722966158,2,90,0.5002672484756593,0.0262314194112503,19.071299216888743,0.4740358290644089,0.0262314194112503,0.0006610144269965,717.1338622944643,1.6039096568429316,1.1298738277785227,1.29512805731896,0.8210922282545512,,,0,2.220446049250313e-16,1.2160476525755221e-16,2.220446049250313e-16,3.4694469519536136e-17,-0.1956601508501718,12,0.2
v2_large_n,large-n finite-size extension; not an asymptotic proof,RY-RZ-CZ-line|n16|d96|i3|dir=gaussian|basis=Z|eta=0,RY-RZ-CZ-line|n16|d96|i3,RY-RZ-CZ-line,16,96,6.0,3,gaussian,Z,0.0,96,96,3072,96,1.0,65536,65535,0.9911349369397398,0.4868210982465649,0.491184211104238,0.0010958183480284,0.0115010702402365,912.5600075953404,2.36454575252752e-06,650.3185453673443,1,16,0.0002140394922265,0.0002441443503471,0.8766923826915407,-3.0104858120627892e-05,0.0002441443503471,9.249668904458825e-06,-3.254695755230307,0.4286351739635327,0.4286050691054121,0.1314713969608363,0.1314412921027156,,,0,1.3322676295501878e-15,8.815334188983272e-17,6.661338147750939e-16,6.179952383167375e-18,-0.4621174616477845,12,0.2
v2_large_n,large-n finite-size extension; not an asymptotic proof,RY-RZ-CZ-line|n16|d96|i3|dir=gaussian|basis=Z|eta=0,RY-RZ-CZ-line|n16|d96|i3,RY-RZ-CZ-line,16,96,6.0,3,gaussian,Z,0.0,96,96,3072,96,1.0,65536,65535,0.9911349369397398,0.4868210982465649,0.491184211104238,0.0010958183480284,0.0115010702402365,912.5600075953404,2.36454575252752e-06,650.3185453673443,2,136,0.0019288264121743,0.0020752269779507,0.9294532273665131,-0.0001464005657763,0.0020752269779507,2.694248029122045e-05,-5.433819165642047,1.2485306064381776,1.2483842058724013,0.382950520506636,0.3828041199408596,,,0,1.3322676295501878e-15,8.815334188983272e-17,6.661338147750939e-16,6.179952383167375e-18,-0.4621174616477845,12,0.2
v2_large_n,large-n finite-size extension; not an asymptotic proof,SU2-CNOT-line|n16|d96|i11|dir=gaussian|basis=Z|eta=0,SU2-CNOT-line|n16|d96|i11,SU2-CNOT-line,16,96,6.0,11,gaussian,Z,0.0,96,96,4608,96,1.0,65536,65535,0.993565736046384,0.4934756036678213,0.4966767374046421,0.0004231611337463,0.0108354198719365,2363.1659910415747,2.612117879065461e-07,1956.6070503323324,1,16,0.0002241884280597,0.0002441443503471,0.9182617895559432,-1.9955922287402287e-05,0.0002441443503471,8.977640463534396e-06,-2.2228471243039585,0.4160292137607342,0.4160092578384468,0.0807764841872745,0.0807565282649871,,,0,1.6653345369377348e-15,2.1337638645107615e-16,1.887379141862766e-15,6.5052130349130266e-18,-0.4749235696135663,12,0.2
v2_large_n,large-n finite-size extension; not an asymptotic proof,SU2-CNOT-line|n16|d96|i11|dir=gaussian|basis=Z|eta=0,SU2-CNOT-line|n16|d96|i11,SU2-CNOT-line,16,96,6.0,11,gaussian,Z,0.0,96,96,4608,96,1.0,65536,65535,0.993565736046384,0.4934756036678213,0.4966767374046421,0.0004231611337463,0.0108354198719365,2363.1659910415747,2.612117879065461e-07,1956.6070503323324,2,136,0.0020106809522758,0.0020752269779507,0.9688968838779226,-6.454602567486888e-05,0.0020752269779507,2.615011453370401e-05,-2.468288450196945,1.2118119046312317,1.2117473586055565,0.2352861335566969,0.2352215875310221,,,0,1.6653345369377348e-15,2.1337638645107615e-16,1.887379141862766e-15,6.5052130349130266e-18,-0.4749235696135663,12,0.2
v2_large_n,large-n finite-size extension; not an asymptotic proof,U1-RZ-XY-line|n14|d84|i7|dir=gaussian|basis=Z|eta=0,U1-RZ-XY-line|n14|d84|i7,U1-RZ-XY-line,14,84,6.0,7,gaussian,Z,0.0,96,96,1722,96,1.0,3432,3431,0.7848833571508639,0.3746944728181456,0.4777120419448613,0.0190513593658803,0.0292695743724857,52.48969277178878,0.0004901446740831,45.16872753101307,1,13,0.2675581616124031,0.0037889828038472,70.61477326862732,0.2637691788085559,0.0037889828038472,0.0002524721287649,1044.7457313362186,0.6126076358873621,0.3488384570788062,0.4929042876603235,0.2291351088517676,,,0,1.3322676295501878e-15,7.652842186506455e-16,1.3322676295501878e-15,6.245004513516506e-17,-0.229737297839642,12,0.2
v2_large_n,large-n finite-size extension; not an asymptotic proof,U1-RZ-XY-line|n14|d84|i7|dir=gaussian|basis=Z|eta=0,U1-RZ-XY-line|n14|d84|i7,U1-RZ-XY-line,14,84,6.0,7,gaussian,Z,0.0,96,96,1722,96,1.0,3432,3431,0.7848833571508639,0.3746944728181456,0.4777120419448613,0.0190513593658803,0.0292695743724857,52.48969277178878,0.0004901446740831,45.16872753101307,2,90,0.4914257612646074,0.0262314194112503,18.734242076654088,0.465194341853357,0.0262314194112503,0.0006567729069879,708.303185018405,1.5936178770818887,1.1284235352285317,1.2822254220974687,0.8170310802441116,,,0,1.3322676295501878e-15,7.652842186506455e-16,1.3322676295501878e-15,6.245004513516506e-17,-0.229737297839642,12,0.2
v2_large_n,large-n finite-size extension; not an asymptotic proof,RY-RZ-CZ-line|n16|d96|i4|dir=gaussian|basis=Z|eta=0,RY-RZ-CZ-line|n16|d96|i4,RY-RZ-CZ-line,16,96,6.0,4,gaussian,Z,0.0,96,96,3072,96,1.0,65536,65535,0.9875587712162353,0.4846563321449569,0.4907631409456895,0.0010602752651516,0.0114658973978063,943.1513050122824,2.0890732138740742e-06,691.8678812473538,1,16,0.0002139439618689,0.0002441443503471,0.8763010963175373,-3.020038847820864e-05,0.0002441443503471,9.235495478146852e-06,-3.2700344610280183,0.4279783689345481,0.4279481685460699,0.1292910582178438,0.1292608578293656,,,0,4.6629367034256575e-15,6.116009831390501e-16,4.773959005888173e-15,6.5052130349130266e-18,-0.4493989464768286,12,0.2
v2_large_n,large-n finite-size extension; not an asymptotic proof,RY-RZ-CZ-line|n16|d96|i4|dir=gaussian|basis=Z|eta=0,RY-RZ-CZ-line|n16|d96|i4,RY-RZ-CZ-line,16,96,6.0,4,gaussian,Z,0.0,96,96,3072,96,1.0,65536,65535,0.9875587712162353,0.4846563321449569,0.4907631409456895,0.0010602752651516,0.0114658973978063,943.1513050122824,2.0890732138740742e-06,691.8678812473538,2,136,0.0018704986717193,0.0020752269779507,0.9013465474347592,-0.0002047283062313,0.0020752269779507,2.690119586655469e-05,-7.610379376699028,1.2466174615752237,1.2464127332689925,0.3765996192778428,0.3763948909716114,,,0,4.6629367034256575e-15,6.116009831390501e-16,4.773959005888173e-15,6.5052130349130266e-18,-0.4493989464768286,12,0.2
v2_large_n,large-n finite-size extension; not an asymptotic proof,SU2-HaarU4-brickwork|n14|d84|i0|dir=gaussian|basis=Z|eta=0,SU2-HaarU4-brickwork|n14|d84|i0,SU2-HaarU4-brickwork,14,84,6.0,0,gaussian,Z,0.0,96,96,3528,96,1.0,16384,16383,0.9911333332246434,0.491648773153368,0.4960423574604372,0.0010404321392789,0.0114462609711614,961.1390904292952,1.6534951345069298e-06,777.6757189009551,1,14,0.0007758534686179,0.0008545443447476,0.9079148125977372,-7.869087612962704e-05,0.0008545443447476,3.4447479003979104e-05,-2.284372569630924,0.3990700449437549,0.3989913540676253,0.1170460956870633,0.1169674048109337,,,0,2.4535928844215963e-14,3.2248516348677672e-15,2.3758772726978353e-14,1.3010426069826053e-17,-0.4465192067126304,12,0.2
v2_large_n,large-n finite-size extension; not an asymptotic proof,SU2-HaarU4-brickwork|n14|d84|i0|dir=gaussian|basis=Z|eta=0,SU2-HaarU4-brickwork|n14|d84|i0,SU2-HaarU4-brickwork,14,84,6.0,0,gaussian,Z,0.0,96,96,3528,96,1.0,16384,16383,0.9911333332246434,0.491648773153368,0.4960423574604372,0.0010404321392789,0.0114462609711614,961.1390904292952,1.6534951345069298e-06,777.6757189009551,2,105,0.0060422460150634,0.006409082585607,0.9427630139503356,-0.0003668365705435,0.006409082585607,9.40757140828411e-05,-3.899375881648997,1.08985622555481,1.0894893889842665,0.3196516944272497,0.3192848578567062,,,0,2.4535928844215963e-14,3.2248516348677672e-15,2.3758772726978353e-14,1.3010426069826053e-17,-0.4465192067126304,12,0.2
v2_large_n,large-n finite-size extension; not an asymptotic proof,U1-RZ-XY-line|n14|d84|i8|dir=gaussian|basis=Z|eta=0,U1-RZ-XY-line|n14|d84|i8,U1-RZ-XY-line,14,84,6.0,8,gaussian,Z,0.0,96,96,1722,96,1.0,3432,3431,0.7598863362284073,0.3680108887657324,0.4849885217514282,0.0186773351899834,0.0288994462817544,53.54082848694052,0.00043969598882,47.68960750664209,1,13,0.2683302223180583,0.0037889828038472,70.81853790563524,0.264541239514211,0.0037889828038472,0.0002508545745716,1054.560156879533,0.6086827430481484,0.3441415035339373,0.4879659268150695,0.2234246873008585,,,0,2.4424906541753444e-15,1.0248058791938598e-15,2.4424906541753444e-15,2.775557561562892e-17,-0.2491214004128459,12,0.2
v2_large_n,large-n finite-size extension; not an asymptotic proof,U1-RZ-XY-line|n14|d84|i8|dir=gaussian|basis=Z|eta=0,U1-RZ-XY-line|n14|d84|i8,U1-RZ-XY-line,14,84,6.0,8,gaussian,Z,0.0,96,96,1722,96,1.0,3432,3431,0.7598863362284073,0.3680108887657324,0.4849885217514282,0.0186773351899834,0.0288994462817544,53.54082848694052,0.00043969598882,47.68960750664209,2,90,0.498714294309404,0.0262314194112503,19.012097153061838,0.4724828748981537,0.0262314194112503,0.0006525650533331,724.0394999469025,1.5834077865969054,1.1109249116987516,1.269378928411378,0.7968960535132241,,,0,2.4424906541753444e-15,1.0248058791938598e-15,2.4424906541753444e-15,2.775557561562892e-17,-0.2491214004128459,12,0.2
v2_large_n,large-n finite-size extension; not an asymptotic proof,RY-RZ-CZ-line|n16|d96|i5|dir=gaussian|basis=Z|eta=0,RY-RZ-CZ-line|n16|d96|i5,RY-RZ-CZ-line,16,96,6.0,5,gaussian,Z,0.0,96,96,3072,96,1.0,65536,65535,0.9910647149625196,0.4860148623425895,0.4904098462995045,0.0012031521203816,0.011607285952461,831.1500957025842,2.6020406404579016e-06,619.930440828222,1,16,0.0002317796506007,0.0002441443503471,0.949354962632712,-1.236469974634326e-05,0.0002441443503471,9.292338910706528e-06,-1.330633747343932,0.4306125275034191,0.4306001628036728,0.1378464700220457,0.1378341053222993,,,0,1.5543122344752194e-15,1.7033144156407278e-16,8.881784197001252e-16,6.938893903907228e-18,-0.453115572978866,12,0.2
v2_large_n,large-n finite-size extension; not an asymptotic proof,RY-RZ-CZ-line|n16|d96|i5|dir=gaussian|basis=Z|eta=0,RY-RZ-CZ-line|n16|d96|i5,RY-RZ-CZ-line,16,96,6.0,5,gaussian,Z,0.0,96,96,3072,96,1.0,65536,65535,0.9910647149625196,0.4860148623425895,0.4904098462995045,0.0012031521203816,0.011607285952461,831.1500957025842,2.6020406404579016e-06,619.930440828222,2,136,0.0019505106351619,0.0020752269779507,0.9399023123186724,-0.0001247163427887,0.0020752269779507,2.7066769691655187e-05,-4.607729116164102,1.254290251386278,1.2541655350434893,0.4015198641318903,0.4013951477891015,,,0,1.5543122344752194e-15,1.7033144156407278e-16,8.881784197001252e-16,6.938893903907228e-18,-0.453115572978866,12,0.2
v2_large_n,large-n finite-size extension; not an asymptotic proof,SU2-HaarU4-brickwork|n14|d84|i1|dir=gaussian|basis=Z|eta=0,SU2-HaarU4-brickwork|n14|d84|i1,SU2-HaarU4-brickwork,14,84,6.0,1,gaussian,Z,0.0,96,96,3528,96,1.0,16384,16383,0.9857190988346204,0.487876411210282,0.4949673148823497,0.0010522240069317,0.0114579300068595,950.3679762220588,1.6237407830675382e-06,784.7686591670287,1,14,0.0008031498677447,0.0008545443447476,0.9398574488044688,-5.139447700283444e-05,0.0008545443447476,3.4465127580110894e-05,-1.491202285074178,0.3992745016492599,0.3992231071722571,0.1177486033432698,0.117697208866267,,,0,1.5654144647214707e-14,2.0502326407954204e-15,1.5432100042289676e-14,1.0408340855860844e-17,-0.4516697288206655,12,0.2
v2_large_n,large-n finite-size extension; not an asymptotic proof,SU2-HaarU4-brickwork|n14|d84|i1|dir=gaussian|basis=Z|eta=0,SU2-HaarU4-brickwork|n14|d84|i1,SU2-HaarU4-brickwork,14,84,6.0,1,gaussian,Z,0.0,96,96,3528,96,1.0,16384,16383,0.9857190988346204,0.487876411210282,0.4949673148823497,0.0010522240069317,0.0114579300068595,950.3679762220588,1.6237407830675382e-06,784.7686591670287,2,105,0.0062225564329964,0.006409082585607,0.970896590874096,-0.0001865261526106,0.006409082585607,9.412391216438868e-05,-1.981708455603277,1.0904145947337909,1.09022806858118,0.3215702356766299,0.3213837095240193,,,0,1.5654144647214707e-14,2.0502326407954204e-15,1.5432100042289676e-14,1.0408340855860844e-17,-0.4516697288206655,12,0.2
v2_large_n,large-n finite-size extension; not an asymptotic proof,U1-RZ-XY-line|n14|d84|i9|dir=gaussian|basis=Z|eta=0,U1-RZ-XY-line|n14|d84|i9,U1-RZ-XY-line,14,84,6.0,9,gaussian,Z,0.0,96,96,1722,96,1.0,3432,3431,0.7847931032461456,0.3794268715036376,0.4838102275259702,0.0185151569500151,0.0287389573984525,54.00980411344444,0.0004357135915259,47.90705192127106,1,13,0.2687862979850502,0.0037889828038472,70.93890679897748,0.2649973151812029,0.0037889828038472,0.0002501499462822,1059.3538760237743,0.6069730071154247,0.3419756919342217,0.4858090334588419,0.220811718277639,,,0,3.996802888650564e-15,1.6414201724404084e-15,3.996802888650564e-15,4.8572257327350605e-17,-0.2357093363536758,12,0.2
v2_large_n,large-n finite-size extension; not an asymptotic proof,U1-RZ-XY-line|n14|d84|i9|dir=gaussian|basis=Z|eta=0,U1-RZ-XY-line|n14|d84|i9,U1-RZ-XY-line,14,84,6.0,9,gaussian,Z,0.0,96,96,1722,96,1.0,3432,3431,0.7847931032461456,0.3794268715036376,0.4838102275259702,0.0185151569500151,0.0287389573984525,54.00980411344444,0.0004357135915259,47.90705192127106,2,90,0.4922217520871176,0.0262314194112503,18.764587015676675,0.4659903326758673,0.0262314194112503,0.0006507320558761,716.1017018724467,1.5789601343185735,1.1129698016427063,1.263768055137713,0.7977777224618458,,,0,3.996802888650564e-15,1.6414201724404084e-15,3.996802888650564e-15,4.8572257327350605e-17,-0.2357093363536758,12,0.2
v2_large_n,large-n finite-size extension; not an asymptotic proof,RY-RZ-CZ-line|n16|d96|i6|dir=gaussian|basis=Z|eta=0,RY-RZ-CZ-line|n16|d96|i6,RY-RZ-CZ-line,16,96,6.0,6,gaussian,Z,0.0,96,96,3072,96,1.0,65536,65535,0.9834052234091278,0.4830895351704769,0.4912626865270963,0.0011575595298963,0.0115621682847932,863.8864560940391,2.458437751958838e-06,637.7792593311158,1,16,0.00021038314982,0.0002441443503471,0.8617162327160418,-3.376120052709744e-05,0.0002441443503471,9.274237788285916e-06,-3.640320778677948,0.4297737106941003,0.4297399494935732,0.1351752416256279,0.1351414804251008,,,0,5.551115123125784e-16,2.0795002084501679e-16,8.881784197001252e-16,7.589415207398531e-18,-0.4559576102126969,12,0.2
v2_large_n,large-n finite-size extension; not an asymptotic proof,RY-RZ-CZ-line|n16|d96|i6|dir=gaussian|basis=Z|eta=0,RY-RZ-CZ-line|n16|d96|i6,RY-RZ-CZ-line,16,96,6.0,6,gaussian,Z,0.0,96,96,3072,96,1.0,65536,65535,0.9834052234091278,0.4830895351704769,0.4912626865270963,0.0011575595298963,0.0115621682847932,863.8864560940391,2.458437751958838e-06,637.7792593311158,2,136,0.0018891208783705,0.0020752269779507,0.910320123264817,-0.0001861060995801,0.0020752269779507,2.7014044654780496e-05,-6.889234913114432,1.251846941729851,1.2516608356302708,0.3937390971479887,0.3935529910484086,,,0,5.551115123125784e-16,2.0795002084501679e-16,8.881784197001252e-16,7.589415207398531e-18,-0.4559576102126969,12,0.2
v2_large_n,large-n finite-size extension; not an asymptotic proof,SU2-HaarU4-brickwork|n14|d84|i2|dir=gaussian|basis=Z|eta=0,SU2-HaarU4-brickwork|n14|d84|i2,SU2-HaarU4-brickwork,14,84,6.0,2,gaussian,Z,0.0,96,96,3528,96,1.0,16384,16383,0.989600529740193,0.4914025633692135,0.4965537557747058,0.0010020240944397,0.0114082530101226,997.979994242706,1.497104869710132e-06,817.2856780421115,1,14,0.0007744514275115,0.0008545443447476,0.9062741240658772,-8.009291723602013e-05,0.0008545443447476,3.438993190618158e-05,-2.328964112360556,0.3984033684969302,0.3983232755796942,0.1147280932776305,0.1146480003603945,,,0,2.0206059048177852e-14,2.7675346778586155e-15,2.0317081350640365e-14,1.0408340855860844e-17,-0.4581654203429104,12,0.2
v2_large_n,large-n finite-size extension; not an asymptotic proof,SU2-HaarU4-brickwork|n14|d84|i2|dir=gaussian|basis=Z|eta=0,SU2-HaarU4-brickwork|n14|d84|i2,SU2-HaarU4-brickwork,14,84,6.0,2,gaussian,Z,0.0,96,96,3528,96,1.0,16384,16383,0.989600529740193,0.4914025633692135,0.4965537557747058,0.0010020240944397,0.0114082530101226,997.979994242706,1.497104869710132e-06,817.2856780421115,2,105,0.0060309677153467,0.006409082585607,0.94100327695739,-0.0003781148702602,0.006409082585607,9.391855354525657e-05,-4.025986942804332,1.0880355389730725,1.087657424102812,0.3133212534713833,0.312943138601123,,,0,2.0206059048177852e-14,2.7675346778586155e-15,2.0317081350640365e-14,1.0408340855860844e-17,-0.4581654203429104,12,0.2
v2_large_n,large-n finite-size extension; not an asymptotic proof,U1-RZ-XY-line|n14|d84|i10|dir=gaussian|basis=Z|eta=0,U1-RZ-XY-line|n14|d84|i10,U1-RZ-XY-line,14,84,6.0,10,gaussian,Z,0.0,96,96,1722,96,1.0,3432,3431,0.7619848956180618,0.3617508051736269,0.4758290193526282,0.0194567492237379,0.0296707414193239,51.39604712486942,0.0004954457285153,44.9264347832367,1,13,0.2689933468534477,0.0037889828038472,70.9935517733984,0.2652043640496004,0.0037889828038472,0.0002542137080542,1043.2339234553142,0.6168334677697493,0.3516291037201489,0.4982015021539735,0.232997138104373,,,0,2.220446049250313e-15,9.454724357368554e-16,2.3314683517128287e-15,3.4694469519536136e-17,-0.2525804523065065,12,0.2
v2_large_n,large-n finite-size extension; not an asymptotic proof,U1-RZ-XY-line|n14|d84|i10|dir=gaussian|basis=Z|eta=0,U1-RZ-XY-line|n14|d84|i10,U1-RZ-XY-line,14,84,6.0,10,gaussian,Z,0.0,96,96,1722,96,1.0,3432,3431,0.7619848956180618,0.3617508051736269,0.4758290193526282,0.0194567492237379,0.0296707414193239,51.39604712486942,0.0004954457285153,44.9264347832367,2,90,0.4931027303421443,0.0262314194112503,18.798171864487745,0.4668713109308939,0.0262314194112503,0.0006613033955539,705.9865624004707,1.6046108207522038,1.13773950982131,1.2960054261674312,0.8291341152365372,,,0,2.220446049250313e-15,9.454724357368554e-16,2.3314683517128287e-15,3.4694469519536136e-17,-0.2525804523065065,12,0.2
v2_large_n,large-n finite-size extension; not an asymptotic proof,RY-RZ-CZ-line|n16|d96|i7|dir=gaussian|basis=Z|eta=0,RY-RZ-CZ-line|n16|d96|i7,RY-RZ-CZ-line,16,96,6.0,7,gaussian,Z,0.0,96,96,3072,96,1.0,65536,65535,0.9888300171342,0.4853223616696386,0.4907867778199437,0.001047149322578,0.0114529081838011,954.9736398033886,1.767900346952974e-06,752.0922430754963,1,16,0.00021349351727,0.0002441443503471,0.8744561033933407,-3.06508330770817e-05,0.0002441443503471,9.230255776100064e-06,-3.32069162768447,0.427735558016499,0.4277049071834219,0.1284765111913769,0.1284458603582998,,,0,0.0,6.267448202757879e-17,3.3306690738754696e-16,5.637851296924623e-18,-0.4492357824916044,12,0.2
v2_large_n,large-n finite-size extension; not an asymptotic proof,RY-RZ-CZ-line|n16|d96|i7|dir=gaussian|basis=Z|eta=0,RY-RZ-CZ-line|n16|d96|i7,RY-RZ-CZ-line,16,96,6.0,7,gaussian,Z,0.0,96,96,3072,96,1.0,65536,65535,0.9888300171342,0.4853223616696386,0.4907867778199437,0.001047149322578,0.0114529081838011,954.9736398033886,1.767900346952974e-06,752.0922430754963,2,136,0.0019028589760847,0.0020752269779507,0.9169401691008148,-0.000172368001866,0.0020752269779507,2.688593363710781e-05,-6.411084851749833,1.2459102007595548,1.245737832757689,0.3742270027622097,0.3740546347603438,,,0,0.0,6.267448202757879e-17,3.3306690738754696e-16,5.637851296924623e-18,-0.4492357824916044,12,0.2
v2_large_n,large-n finite-size extension; not an asymptotic proof,SU2-HaarU4-brickwork|n14|d84|i3|dir=gaussian|basis=Z|eta=0,SU2-HaarU4-brickwork|n14|d84|i3,SU2-HaarU4-brickwork,14,84,6.0,3,gaussian,Z,0.0,96,96,3528,96,1.0,16384,16383,0.9952048641728496,0.4934832932238328,0.4958454309174402,0.0010334214636906,0.0114393233234438,967.6594062878578,1.582081570827482e-06,795.0337479899068,1,14,0.0008267594850809,0.0008545443447476,0.9674857602915212,-2.7784859666648404e-05,0.0008545443447476,3.443698202421287e-05,-0.8068320170191652,0.3989484386518518,0.3989206537921851,0.1166264246661654,0.1165986398064988,,,0,2.253752739989068e-14,2.9264793479931346e-15,2.220446049250313e-14,1.214306433183765e-17,-0.4609333994541381,12,0.2
v2_large_n,large-n finite-size extension; not an asymptotic proof,SU2-HaarU4-brickwork|n14|d84|i3|dir=gaussian|basis=Z|eta=0,SU2-HaarU4-brickwork|n14|d84|i3,SU2-HaarU4-brickwork,14,84,6.0,3,gaussian,Z,0.0,96,96,3528,96,1.0,16384,16383,0.9952048641728496,0.4934832932238328,0.4958454309174402,0.0010334214636906,0.0114393233234438,967.6594062878578,1.582081570827482e-06,795.0337479899068,2,105,0.0060948322202085,0.006409082585607,0.9509679644159642,-0.0003142503653985,0.006409082585607,9.404704693808116e-05,-3.341416616785473,1.0895241200109926,1.089209869645594,0.3185055771463224,0.3181913267809239,,,0,2.253752739989068e-14,2.9264793479931346e-15,2.220446049250313e-14,1.214306433183765e-17,-0.4609333994541381,12,0.2
v2_large_n,large-n finite-size extension; not an asymptotic proof,U1-RZ-XY-line|n14|d84|i11|dir=gaussian|basis=Z|eta=0,U1-RZ-XY-line|n14|d84|i11,U1-RZ-XY-line,14,84,6.0,11,gaussian,Z,0.0,96,96,1722,96,1.0,3432,3431,0.748857847234583,0.3470460135535825,0.4637984801159424,0.0186169956806193,0.0288397353089462,53.71435956452513,0.000443149500294,47.5034189431841,1,13,0.2501269312718628,0.0037889828038472,66.01426932259702,0.2463379484680155,0.0037889828038472,0.0002505926443052,983.0214655779642,0.608047185840171,0.3617092373721555,0.4871645556077342,0.2408266071397187,,,0,2.4424906541753444e-15,1.0894209312048628e-15,2.55351295663786e-15,5.551115123125783e-17,-0.2639238741743742,12,0.2
v2_large_n,large-n finite-size extension; not an asymptotic proof,U1-RZ-XY-line|n14|d84|i11|dir=gaussian|basis=Z|eta=0,U1-RZ-XY-line|n14|d84|i11,U1-RZ-XY-line,14,84,6.0,11,gaussian,Z,0.0,96,96,1722,96,1.0,3432,3431,0.748857847234583,0.3470460135535825,0.4637984801159424,0.0186169956806193,0.0288397353089462,53.71435956452513,0.000443149500294,47.5034189431841,2,90,0.4696980723125389,0.0262314194112503,17.905934290048013,0.4434666529012886,0.0262314194112503,0.00065188367633,680.2849480722238,1.581754468438254,1.1382878155369656,1.2672942670271978,0.8238276141259092,,,0,2.4424906541753444e-15,1.0894209312048628e-15,2.55351295663786e-15,5.551115123125783e-17,-0.2639238741743742,12,0.2
v2_large_n,large-n finite-size extension; not an asymptotic proof,RY-RZ-CZ-line|n14|d84|i2|dir=gaussian|basis=Z|eta=0,RY-RZ-CZ-line|n14|d84|i2,RY-RZ-CZ-line,14,84,6.0,2,gaussian,Z,0.0,96,96,2352,96,1.0,16384,16383,0.9886713856663286,0.4850239195520343,0.4905599084569032,0.0015497565711224,0.0119502799401732,645.2626293919975,3.7834353152409495e-06,514.1109374332025,1,14,0.0007114005862118,0.0008545443447476,0.8324911288506323,-0.0001431437585357,0.0008545443447476,3.520170969585983e-05,-4.066386541236174,0.4078077199437755,0.4076645761852397,0.1443060539167142,0.1441629101581785,,,0,1.3322676295501878e-15,3.330711469369309e-16,1.7763568394002505e-15,1.0408340855860844e-17,-0.4607819906691913,12,0.2
v2_large_n,large-n finite-size extension; not an asymptotic proof,RY-RZ-CZ-line|n14|d84|i2|dir=gaussian|basis=Z|eta=0,RY-RZ-CZ-line|n14|d84|i2,RY-RZ-CZ-line,14,84,6.0,2,gaussian,Z,0.0,96,96,2352,96,1.0,16384,16383,0.9886713856663286,0.4850239195520343,0.4905599084569032,0.0015497565711224,0.0119502799401732,645.2626293919975,3.7834353152409495e-06,514.1109374332025,2,105,0.0059247169573275,0.006409082585607,0.9244251229704576,-0.0004843656282794,0.006409082585607,9.613551041550388e-05,-5.038363308063513,1.1137187269284452,1.1132343613001658,0.3940983625281752,0.3936139968998958,,,0,1.3322676295501878e-15,3.330711469369309e-16,1.7763568394002505e-15,1.0408340855860844e-17,-0.4607819906691913,12,0.2
v2_large_n,large-n finite-size extension; not an asymptotic proof,SU2-CNOT-line|n14|d84|i10|dir=gaussian|basis=Z|eta=0,SU2-CNOT-line|n14|d84|i10,SU2-CNOT-line,14,84,6.0,10,gaussian,Z,0.0,96,96,3528,96,1.0,16384,16383,0.9942425645970157,0.4927718342541938,0.4956330042694143,0.0006236858889744,0.0110338558276309,1603.3712124612464,5.073013743158843e-07,1403.9995887170116,1,14,0.0008339602477863,0.0008545443447476,0.9759121956774334,-2.0584096961236164e-05,0.0008545443447476,3.381783164835874e-05,-0.6086758363242121,0.3917756534303118,0.3917550693333506,0.0887148623706417,0.0886942782736804,,,0,6.772360450213455e-15,6.78561104176661e-16,6.661338147750939e-15,1.0408340855860844e-17,-0.4696444811186664,12,0.2
v2_large_n,large-n finite-size extension; not an asymptotic proof,SU2-CNOT-line|n14|d84|i10|dir=gaussian|basis=Z|eta=0,SU2-CNOT-line|n14|d84|i10,SU2-CNOT-line,14,84,6.0,10,gaussian,Z,0.0,96,96,3528,96,1.0,16384,16383,0.9942425645970157,0.4927718342541938,0.4956330042694143,0.0006236858889744,0.0110338558276309,1603.3712124612464,5.073013743158843e-07,1403.9995887170116,2,105,0.0062692127345211,0.006409082585607,0.9781763069491496,-0.0001398698510858,0.006409082585607,9.235615357179425e-05,-1.5144616322409885,1.069935316673562,1.069795446822476,0.2422793849824259,0.2421395151313401,,,0,6.772360450213455e-15,6.78561104176661e-16,6.661338147750939e-15,1.0408340855860844e-17,-0.4696444811186664,12,0.2
v2_large_n,large-n finite-size extension; not an asymptotic proof,SU2-HaarU4-brickwork|n16|d96|i6|dir=gaussian|basis=Z|eta=0,SU2-HaarU4-brickwork|n16|d96|i6,SU2-HaarU4-brickwork,16,96,6.0,6,gaussian,Z,0.0,96,96,4608,96,1.0,65536,65535,0.9898862715802804,0.4920071340922923,0.4970473303001279,0.0007665748848138,0.0111752563964303,1304.5039953831758,8.000919032266284e-07,1117.9697749505524,1,16,0.0002311102648843,0.0002441443503471,0.9466132005746268,-1.3034085462820967e-05,0.0002441443503471,9.117534105602e-06,-1.4295625672310406,0.4225119685731941,0.4224989344877313,0.1096271815486539,0.1096141474631911,,,0,3.674838211509268e-14,3.989701458703075e-15,3.6304292905242625e-14,6.938893903907228e-18,-0.4543798419947996,12,0.2
v2_large_n,large-n finite-size extension; not an asymptotic proof,SU2-HaarU4-brickwork|n16|d96|i6|dir=gaussian|basis=Z|eta=0,SU2-HaarU4-brickwork|n16|d96|i6,SU2-HaarU4-brickwork,16,96,6.0,6,gaussian,Z,0.0,96,96,4608,96,1.0,65536,65535,0.9898862715802804,0.4920071340922923,0.4970473303001279,0.0007665748848138,0.0111752563964303,1304.5039953831758,8.000919032266284e-07,1117.9697749505524,2,136,0.0019658579926807,0.0020752269779507,0.9472978202230412,-0.0001093689852699,0.0020752269779507,2.655759741046478e-05,-4.118180706619843,1.2306949041819848,1.2305855351967148,0.3193225842746494,0.3192132152893794,,,0,3.674838211509268e-14,3.989701458703075e-15,3.6304292905242625e-14,6.938893903907228e-18,-0.4543798419947996,12,0.2
v2_large_n,large-n finite-size extension; not an asymptotic proof,U1-RZ-XY-line|n16|d96|i10|dir=gaussian|basis=Z|eta=0,U1-RZ-XY-line|n16|d96|i10,U1-RZ-XY-line,16,96,6.0,10,gaussian,Z,0.0,96,96,2256,96,1.0,12870,12869,0.7844734637556702,0.3633127692541323,0.4647756500944978,0.0141548486879436,0.0244240690141109,70.64716988827611,0.0002573505928273,62.33578220599605,1,15,0.2353491342577915,0.0011655917320693,201.9138672509013,0.2341835425257222,0.0011655917320693,6.636861412530905e-05,3528.528440921875,0.6039617328027378,0.3697781902770155,0.4592504932737487,0.2250669507480264,,,0,1.7763568394002505e-15,9.236820926598998e-16,2.4424906541753444e-15,6.938893903907227e-17,-0.2430331452085677,12,0.2
v2_large_n,large-n finite-size extension; not an asymptotic proof,U1-RZ-XY-line|n16|d96|i10|dir=gaussian|basis=Z|eta=0,U1-RZ-XY-line|n16|d96|i10,U1-RZ-XY-line,16,96,6.0,10,gaussian,Z,0.0,96,96,2256,96,1.0,12870,12869,0.7844734637556702,0.3633127692541323,0.4647756500944978,0.0141548486879436,0.0244240690141109,70.64716988827611,0.0002573505928273,62.33578220599605,2,119,0.4338032111055668,0.0092470277410832,46.91271868670201,0.4245561833644836,0.0092470277410832,0.0001861772215714,2280.387363077596,1.6942333184237208,1.2696771350592373,1.2882893815079586,0.863733198143475,,,0,1.7763568394002505e-15,9.236820926598998e-16,2.4424906541753444e-15,6.938893903907227e-17,-0.2430331452085677,12,0.2
v2_large_n,large-n finite-size extension; not an asymptotic proof,RY-RZ-CZ-line|n16|d96|i8|dir=gaussian|basis=Z|eta=0,RY-RZ-CZ-line|n16|d96|i8,RY-RZ-CZ-line,16,96,6.0,8,gaussian,Z,0.0,96,96,3072,96,1.0,65536,65535,0.9881537618230636,0.486201687657991,0.4920155532922587,0.0010761153528726,0.0114815724846136,929.2684072673954,2.0038294594224115e-06,706.4307926019059,1,16,0.0002115318022297,0.0002441443503471,0.8664210411954033,-3.261254811739601e-05,0.0002441443503471,9.241814675318812e-06,-3.528803515665714,0.4282712043005586,0.4282385917524412,0.1302672532232877,0.1302346406751703,,,0,4.884981308350689e-15,6.880355528993732e-16,3.996802888650564e-15,5.854691731421724e-18,-0.4535352890493011,12,0.2
v2_large_n,large-n finite-size extension; not an asymptotic proof,RY-RZ-CZ-line|n16|d96|i8|dir=gaussian|basis=Z|eta=0,RY-RZ-CZ-line|n16|d96|i8,RY-RZ-CZ-line,16,96,6.0,8,gaussian,Z,0.0,96,96,3072,96,1.0,65536,65535,0.9881537618230636,0.486201687657991,0.4920155532922587,0.0010761153528726,0.0114815724846136,929.2684072673954,2.0038294594224115e-06,706.4307926019059,2,136,0.0019302610787636,0.0020752269779507,0.930144557329228,-0.000144965899187,0.0020752269779507,2.6919602454619677e-05,-5.385142645826779,1.2474704338446965,1.2473254679455097,0.3794430848079312,0.3792981189087441,,,0,4.884981308350689e-15,6.880355528993732e-16,3.996802888650564e-15,5.854691731421724e-18,-0.4535352890493011,12,0.2
v2_large_n,large-n finite-size extension; not an asymptotic proof,SU2-HaarU4-brickwork|n14|d84|i4|dir=gaussian|basis=Z|eta=0,SU2-HaarU4-brickwork|n14|d84|i4,SU2-HaarU4-brickwork,14,84,6.0,4,gaussian,Z,0.0,96,96,3528,96,1.0,16384,16383,0.9879033590738726,0.4899464262755518,0.4959438587613917,0.0010379617403238,0.0114438163055288,963.4266477760258,1.6185528234461508e-06,786.0253654031177,1,14,0.0008292929490717,0.0008545443447476,0.9704504560459384,-2.525139567581406e-05,0.0008545443447476,3.4443780477570744e-05,-0.7331191676900094,0.3990271979447092,0.3990019465490333,0.1168983852973605,0.1168731339016847,,,0,2.7089441800853823e-14,3.8302701116624e-15,2.6978419498391304e-14,9.107298248878237e-18,-0.4448019565304464,12,0.2
v2_large_n,large-n finite-size extension; not an asymptotic proof,SU2-HaarU4-brickwork|n14|d84|i4|dir=gaussian|basis=Z|eta=0,SU2-HaarU4-brickwork|n14|d84|i4,SU2-HaarU4-brickwork,14,84,6.0,4,gaussian,Z,0.0,96,96,3528,96,1.0,16384,16383,0.9879033590738726,0.4899464262755518,0.4959438587613917,0.0010379617403238,0.0114438163055288,963.4266477760258,1.6185528234461508e-06,786.0253654031177,2,105,0.0061213765920056,0.006409082585607,0.9551096448269376,-0.0002877059936013,0.006409082585607,9.406561344491398e-05,-3.058567132716061,1.0897392108370982,1.089451504843497,0.3192482988583856,0.3189605928647842,,,0,2.7089441800853823e-14,3.8302701116624e-15,2.6978419498391304e-14,9.107298248878237e-18,-0.4448019565304464,12,0.2
v2_large_n,large-n finite-size extension; not an asymptotic proof,U1-RZ-XY-line|n14|d84|i12|dir=gaussian|basis=Z|eta=0,U1-RZ-XY-line|n14|d84|i12,U1-RZ-XY-line,14,84,6.0,12,gaussian,Z,0.0,96,96,1722,96,1.0,3432,3431,0.7654875060222878,0.3591420965633851,0.4697486301880356,0.0183891147210916,0.0286142281094135,54.379996816977744,0.0004389106309588,47.73225476364135,1,13,0.2769597812576579,0.0037889828038472,73.09607765346341,0.2731707984538106,0.0037889828038472,0.0002496009471822,1094.4301355328716,0.6056408955577074,0.3324700971038967,0.4841260956074367,0.210955297153626,,,0,4.440892098500626e-16,3.7643538462452844e-16,6.661338147750939e-16,4.163336342344337e-17,-0.2550571751011936,12,0.2
v2_large_n,large-n finite-size extension; not an asymptotic proof,U1-RZ-XY-line|n14|d84|i12|dir=gaussian|basis=Z|eta=0,U1-RZ-XY-line|n14|d84|i12,U1-RZ-XY-line,14,84,6.0,12,gaussian,Z,0.0,96,96,1722,96,1.0,3432,3431,0.7654875060222878,0.3591420965633851,0.4697486301880356,0.0183891147210916,0.0286142281094135,54.379996816977744,0.0004389106309588,47.73225476364135,2,90,0.4913434511996275,0.0262314194112503,18.7311042340658,0.4651120317883772,0.0262314194112503,0.0006493039072065,716.3240920409828,1.5754948219909355,1.1103827902025585,1.259390114529558,0.7942780827411808,,,0,4.440892098500626e-16,3.7643538462452844e-16,6.661338147750939e-16,4.163336342344337e-17,-0.2550571751011936,12,0.2
v2_large_n,large-n finite-size extension; not an asymptotic proof,RY-RZ-CZ-line|n16|d96|i9|dir=gaussian|basis=Z|eta=0,RY-RZ-CZ-line|n16|d96|i9,RY-RZ-CZ-line,16,96,6.0,9,gaussian,Z,0.0,96,96,3072,96,1.0,65536,65535,0.9859245775680702,0.4842772022612958,0.4911651364766376,0.0011702877133786,0.0115747638830308,854.4907278510241,2.401363459424734e-06,645.3139463567054,1,16,0.0002154426922206,0.0002441443503471,0.8824398021673373,-2.8701658126537e-05,0.0002441443503471,9.279294671124904e-06,-3.0930861820618927,0.4300080496610182,0.4299793480028917,0.1359262563452639,0.1358975546871374,,,0,6.661338147750939e-15,1.4246429913329356e-15,6.661338147750939e-15,8.023096076392733e-18,-0.446782275145427,12,0.2
v2_large_n,large-n finite-size extension; not an asymptotic proof,RY-RZ-CZ-line|n16|d96|i9|dir=gaussian|basis=Z|eta=0,RY-RZ-CZ-line|n16|d96|i9,RY-RZ-CZ-line,16,96,6.0,9,gaussian,Z,0.0,96,96,3072,96,1.0,65536,65535,0.9859245775680702,0.4842772022612958,0.4911651364766376,0.0011702877133786,0.0115747638830308,854.4907278510241,2.401363459424734e-06,645.3139463567054,2,136,0.0019308830589481,0.0020752269779507,0.930444274030642,-0.0001443439190025,0.0020752269779507,2.7028774367555277e-05,-5.340379739002357,1.252529525405317,1.2523851814863145,0.3959266564532149,0.3957823125342123,,,0,6.661338147750939e-15,1.4246429913329356e-15,6.661338147750939e-15,8.023096076392733e-18,-0.446782275145427,12,0.2
v2_large_n,large-n finite-size extension; not an asymptotic proof,SU2-HaarU4-brickwork|n14|d84|i5|dir=gaussian|basis=Z|eta=0,SU2-HaarU4-brickwork|n14|d84|i5,SU2-HaarU4-brickwork,14,84,6.0,5,gaussian,Z,0.0,96,96,3528,96,1.0,16384,16383,0.988707109159348,0.490591342601151,0.4961727297655016,0.0010055346032606,0.0114117269511433,994.4958599707194,1.5273669774941289e-06,809.1486272285185,1,14,0.0007460703858199,0.0008545443447476,0.873062223634924,-0.0001084739589276,0.0008545443447476,3.439519572915132e-05,-3.1537532096575838,0.3984643492749102,0.3983558753159826,0.1149419005942441,0.1148334266353165,,,0,2.1760371282653068e-14,2.433762827290579e-15,2.19824158875781e-14,1.1275702593849246e-17,-0.4651952567043114,12,0.2
v2_large_n,large-n finite-size extension; not an asymptotic proof,SU2-HaarU4-brickwork|n14|d84|i5|dir=gaussian|basis=Z|eta=0,SU2-HaarU4-brickwork|n14|d84|i5,SU2-HaarU4-brickwork,14,84,6.0,5,gaussian,Z,0.0,96,96,3528,96,1.0,16384,16383,0.988707109159348,0.490591342601151,0.4961727297655016,0.0010055346032606,0.0114117269511433,994.4958599707194,1.5273669774941289e-06,809.1486272285185,2,105,0.0059390929850765,0.006409082585607,0.9266681940429412,-0.0004699896005305,0.006409082585607,9.39329289921398e-05,-5.00345944253296,1.08820207685624,1.0877320872557097,0.3139051590740034,0.3134351694734729,,,0,2.1760371282653068e-14,2.433762827290579e-15,2.19824158875781e-14,1.1275702593849246e-17,-0.4651952567043114,12,0.2
v2_large_n,large-n finite-size extension; not an asymptotic proof,U1-RZ-XY-line|n14|d84|i13|dir=gaussian|basis=Z|eta=0,U1-RZ-XY-line|n14|d84|i13,U1-RZ-XY-line,14,84,6.0,13,gaussian,Z,0.0,96,96,1722,96,1.0,3432,3431,0.795127080527994,0.3784768037428827,0.4774847322911446,0.0195996458556708,0.0298121495446743,51.02133004666837,0.0004862491792862,45.34929702951712,1,13,0.2625345315056831,0.0037889828038472,69.28892135353837,0.2587455487018358,0.0037889828038472,0.0002548247633659,1015.3862022046306,0.6183161547962257,0.3595706060943898,0.5000553512723864,0.2413098025705505,,,0,1.7763568394002505e-15,7.556914341715945e-16,1.7763568394002505e-15,4.163336342344337e-17,-0.2495130293904586,12,0.2
v2_large_n,large-n finite-size extension; not an asymptotic proof,U1-RZ-XY-line|n14|d84|i13|dir=gaussian|basis=Z|eta=0,U1-RZ-XY-line|n14|d84|i13,U1-RZ-XY-line,14,84,6.0,13,gaussian,Z,0.0,96,96,1722,96,1.0,3432,3431,0.795127080527994,0.3784768037428827,0.4774847322911446,0.0195996458556708,0.0298121495446743,51.02133004666837,0.0004862491792862,45.34929702951712,2,90,0.4853013444587412,0.0262314194112503,18.500765698199345,0.4590699250474909,0.0262314194112503,0.0006628929752644,692.5249507498831,1.608467835280088,1.1493979102325969,1.3008279698698713,0.8417580448223804,,,0,1.7763568394002505e-15,7.556914341715945e-16,1.7763568394002505e-15,4.163336342344337e-17,-0.2495130293904586,12,0.2
v2_large_n,large-n finite-size extension; not an asymptotic proof,RY-RZ-CZ-line|n16|d96|i10|dir=gaussian|basis=Z|eta=0,RY-RZ-CZ-line|n16|d96|i10,RY-RZ-CZ-line,16,96,6.0,10,gaussian,Z,0.0,96,96,3072,96,1.0,65536,65535,0.9956538350246104,0.4893174319367286,0.4914557223193858,0.001041583589494,0.0114474004271034,960.076570029048,1.8917389867991864e-06,727.0585614893557,1,16,0.0002144025481439,0.0002441443503471,0.8781794370383637,-2.9741802203191907e-05,0.0002441443503471,9.228033111108396e-06,-3.222983906222629,0.4276325583950848,0.4276028165928816,0.1281295591970915,0.1280998173948883,,,0,4.440892098500626e-16,1.4401462242289588e-16,8.881784197001252e-16,6.5052130349130266e-18,-0.459771353519985,12,0.2
v2_large_n,large-n finite-size extension; not an asymptotic proof,RY-RZ-CZ-line|n16|d96|i10|dir=gaussian|basis=Z|eta=0,RY-RZ-CZ-line|n16|d96|i10,RY-RZ-CZ-line,16,96,6.0,10,gaussian,Z,0.0,96,96,3072,96,1.0,65536,65535,0.9956538350246104,0.4893174319367286,0.4914557223193858,0.001041583589494,0.0114474004271034,960.076570029048,1.8917389867991864e-06,727.0585614893557,2,136,0.00191201960185,0.0020752269779507,0.9213544456414756,-0.0001632073761006,0.0020752269779507,2.6879459447777317e-05,-6.071825083305185,1.2456101829644728,1.245446975588372,0.3732163993163362,0.3730531919402355,,,0,4.440892098500626e-16,1.4401462242289588e-16,8.881784197001252e-16,6.5052130349130266e-18,-0.459771353519985,12,0.2
v2_large_n,large-n finite-size extension; not an asymptotic proof,SU2-HaarU4-brickwork|n14|d84|i6|dir=gaussian|basis=Z|eta=0,SU2-HaarU4-brickwork|n14|d84|i6,SU2-HaarU4-brickwork,14,84,6.0,6,gaussian,Z,0.0,96,96,3528,96,1.0,16384,16383,0.9972538623778704,0.4953979568001056,0.4967640031153129,0.0010501228567618,0.0114558507436705,952.269530713413,1.807640268387959e-06,743.7791439203944,1,14,0.0007938857197319,0.0008545443447476,0.9290164104548552,-6.065862501568873e-05,0.0008545443447476,3.4461983506033024e-05,-1.7601605840554604,0.3992380779160915,0.3991774192910758,0.1176237332525855,0.1175630746275699,,,0,2.3758772726978353e-14,3.0617872115245357e-15,2.3647750424515834e-14,1.2576745200831853e-17,-0.463175694269539,12,0.2
v2_large_n,large-n finite-size extension; not an asymptotic proof,SU2-HaarU4-brickwork|n14|d84|i6|dir=gaussian|basis=Z|eta=0,SU2-HaarU4-brickwork|n14|d84|i6,SU2-HaarU4-brickwork,14,84,6.0,6,gaussian,Z,0.0,96,96,3528,96,1.0,16384,16383,0.9972538623778704,0.4953979568001056,0.4967640031153129,0.0010501228567618,0.0114558507436705,952.269530713413,1.807640268387959e-06,743.7791439203944,2,105,0.0062203639011539,0.006409082585607,0.9705544932629,-0.0001887186844531,0.006409082585607,9.411532573012536e-05,-2.0051854784445142,1.0903151218897262,1.090126403205273,0.3212292167316047,0.3210404980471516,,,0,2.3758772726978353e-14,3.0617872115245357e-15,2.3647750424515834e-14,1.2576745200831853e-17,-0.463175694269539,12,0.2
v2_large_n,large-n finite-size extension; not an asymptotic proof,U1-RZ-XY-line|n14|d84|i14|dir=gaussian|basis=Z|eta=0,U1-RZ-XY-line|n14|d84|i14,U1-RZ-XY-line,14,84,6.0,14,gaussian,Z,0.0,96,96,1722,96,1.0,3432,3431,0.7871049081264104,0.3725505402364886,0.474281977158693,0.0188721563615199,0.0290922380660874,52.98811544604346,0.0004649705198144,46.37535965760344,1,13,0.2754940841605314,0.0037889828038472,72.70924636575255,0.2717051013566841,0.0037889828038472,0.0002516984210098,1079.4867137685212,0.6107302830048015,0.3390251816481173,0.490544416642948,0.2188393152862638,,,0,1.7763568394002505e-15,9.244184682141905e-16,2.1094237467877974e-15,3.4694469519536136e-17,-0.2655016897212827,12,0.2
v2_large_n,large-n finite-size extension; not an asymptotic proof,U1-RZ-XY-line|n14|d84|i14|dir=gaussian|basis=Z|eta=0,U1-RZ-XY-line|n14|d84|i14,U1-RZ-XY-line,14,84,6.0,14,gaussian,Z,0.0,96,96,1722,96,1.0,3432,3431,0.7871049081264104,0.3725505402364886,0.474281977158693,0.0188721563615199,0.0290922380660874,52.98811544604346,0.0004649705198144,46.37535965760344,2,90,0.4918863011349239,0.0262314194112503,18.751798879932487,0.4656548817236735,0.0262314194112503,0.0006547602084221,711.1838436941489,1.5887341914404156,1.1230793097167422,1.2760865292391557,0.8104316475154821,,,0,1.7763568394002505e-15,9.244184682141905e-16,2.1094237467877974e-15,3.4694469519536136e-17,-0.2655016897212827,12,0.2
v2_large_n,large-n finite-size extension; not an asymptotic proof,RY-RZ-CZ-line|n16|d96|i11|dir=gaussian|basis=Z|eta=0,RY-RZ-CZ-line|n16|d96|i11,RY-RZ-CZ-line,16,96,6.0,11,gaussian,Z,0.0,96,96,3072,96,1.0,65536,65535,0.9869887411720978,0.4848921672258172,0.4912882486319702,0.0011727347990297,0.0115771854782064,852.7077058064405,2.266012541970008e-06,664.3070254020596,1,16,0.0002158553813776,0.0002441443503471,0.8841301511615787,-2.8288968969478016e-05,0.0002441443503471,9.28026657774019e-06,-3.0482927114758143,0.4300530883932605,0.430024799424291,0.136070169307537,0.1360418803385675,,,0,1.5543122344752194e-15,2.675846668630955e-16,1.4432899320127037e-15,5.963111948670274e-18,-0.4399044641132074,12,0.2
v2_large_n,large-n finite-size extension; not an asymptotic proof,RY-RZ-CZ-line|n16|d96|i11|dir=gaussian|basis=Z|eta=0,RY-RZ-CZ-line|n16|d96|i11,RY-RZ-CZ-line,16,96,6.0,11,gaussian,Z,0.0,96,96,3072,96,1.0,65536,65535,0.9869887411720978,0.4848921672258172,0.4912882486319702,0.0011727347990297,0.0115771854782064,852.7077058064405,2.266012541970008e-06,664.3070254020596,2,136,0.001887747137653,0.0020752269779507,0.9096581519565424,-0.0001874798402977,0.0020752269779507,2.7031605341841773e-05,-6.935579220206729,1.2526607144422777,1.25247323460198,0.3963458468252966,0.3961583669849989,,,0,1.5543122344752194e-15,2.675846668630955e-16,1.4432899320127037e-15,5.963111948670274e-18,-0.4399044641132074,12,0.2
v2_large_n,large-n finite-size extension; not an asymptotic proof,SU2-HaarU4-brickwork|n14|d84|i7|dir=gaussian|basis=Z|eta=0,SU2-HaarU4-brickwork|n14|d84|i7,SU2-HaarU4-brickwork,14,84,6.0,7,gaussian,Z,0.0,96,96,3528,96,1.0,16384,16383,0.9924785276770725,0.4928474009882317,0.4965917723218362,0.0009961590675873,0.0114024490772999,1003.855742057281,1.3594815577821424e-06,857.6564138290721,1,14,0.0007885401538977,0.0008545443447476,0.9227609529504596,-6.600419084987902e-05,0.0008545443447476,3.4381135809556345e-05,-1.9197792421835276,0.3983014667387448,0.3982354625478949,0.1143699924724363,0.1143039882815864,,,0,2.042810365310288e-14,1.785030523456196e-15,2.0317081350640365e-14,1.3660947373317357e-17,-0.4614835044504622,12,0.2
v2_large_n,large-n finite-size extension; not an asymptotic proof,SU2-HaarU4-brickwork|n14|d84|i7|dir=gaussian|basis=Z|eta=0,SU2-HaarU4-brickwork|n14|d84|i7,SU2-HaarU4-brickwork,14,84,6.0,7,gaussian,Z,0.0,96,96,3528,96,1.0,16384,16383,0.9924785276770725,0.4928474009882317,0.4965917723218362,0.0009961590675873,0.0114024490772999,1003.855742057281,1.3594815577821424e-06,857.6564138290721,2,105,0.0061359504468137,0.006409082585607,0.9573835825728564,-0.0002731321387932,0.006409082585607,9.389453149501986e-05,-2.908924880335053,1.0877572463100156,1.0874841141712224,0.3123432838220398,0.3120701516832466,,,0,2.042810365310288e-14,1.785030523456196e-15,2.0317081350640365e-14,1.3660947373317357e-17,-0.4614835044504622,12,0.2
v2_large_n,large-n finite-size extension; not an asymptotic proof,U1-RZ-XY-line|n14|d84|i15|dir=gaussian|basis=Z|eta=0,U1-RZ-XY-line|n14|d84|i15,U1-RZ-XY-line,14,84,6.0,15,gaussian,Z,0.0,96,96,1722,96,1.0,3432,3431,0.7724871047188979,0.3773859945513136,0.4880188744110887,0.0196532311420499,0.0298651766509869,50.88221843890104,0.0005246369476169,43.65867626401298,1,13,0.2738219450563559,0.0037889828038472,72.26793026833515,0.2700329622525086,0.0037889828038472,0.000255053527624,1058.7305526334262,0.6188712367849497,0.3488382745324411,0.5007487629746138,0.2307158007221051,,,0,3.1086244689504387e-15,1.0434722201248688e-15,2.664535259100376e-15,5.551115123125783e-17,-0.2071398040942398,12,0.2
v2_large_n,large-n finite-size extension; not an asymptotic proof,U1-RZ-XY-line|n14|d84|i15|dir=gaussian|basis=Z|eta=0,U1-RZ-XY-line|n14|d84|i15,U1-RZ-XY-line,14,84,6.0,15,gaussian,Z,0.0,96,96,1722,96,1.0,3432,3431,0.7724871047188979,0.3773859945513136,0.4880188744110887,0.0196532311420499,0.0298651766509869,50.88221843890104,0.0005246369476169,43.65867626401298,2,90,0.4976567835619447,0.0262314194112503,18.9717824933448,0.4714253641506943,0.0262314194112503,0.0006634880752763,710.5257527866951,1.6099118077816637,1.1384864436309692,1.3026317888563042,0.8312064247056098,,,0,3.1086244689504387e-15,1.0434722201248688e-15,2.664535259100376e-15,5.551115123125783e-17,-0.2071398040942398,12,0.2
v2_large_n,large-n finite-size extension; not an asymptotic proof,SU2-CNOT-line|n14|d84|i0|dir=gaussian|basis=Z|eta=0,SU2-CNOT-line|n14|d84|i0,SU2-CNOT-line,14,84,6.0,0,gaussian,Z,0.0,96,96,3528,96,1.0,16384,16383,0.9923535003118312,0.4927348455885876,0.4965348619421283,0.0006158877357745,0.0110261389051935,1623.6725330183988,5.511942051731671e-07,1346.9382263751252,1,14,0.0008579558497673,0.0008545443447476,1.0039921919098562,3.41150501971478e-06,0.0008545443447476,3.380593791657158e-05,0.1009143727393071,0.3916378659284077,0.391634454423388,0.0880979338849129,0.0880945223798932,,,0,1.6653345369377348e-15,2.4557296482248325e-16,1.7763568394002505e-15,1.22514845490862e-17,-0.4705528636444281,12,0.2
v2_large_n,large-n finite-size extension; not an asymptotic proof,SU2-CNOT-line|n14|d84|i0|dir=gaussian|basis=Z|eta=0,SU2-CNOT-line|n14|d84|i0,SU2-CNOT-line,14,84,6.0,0,gaussian,Z,0.0,96,96,3528,96,1.0,16384,16383,0.9923535003118312,0.4927348455885876,0.4965348619421283,0.0006158877357745,0.0110261389051935,1623.6725330183988,5.511942051731671e-07,1346.9382263751252,2,105,0.0062041524811101,0.006409082585607,0.968025048552648,-0.0002049301044968,0.006409082585607,9.232367191150036e-05,-2.2196918759177566,1.0695590204101453,1.0693540903056484,0.2405945595754267,0.2403896294709298,,,0,1.6653345369377348e-15,2.4557296482248325e-16,1.7763568394002505e-15,1.22514845490862e-17,-0.4705528636444281,12,0.2
v2_large_n,large-n finite-size extension; not an asymptotic proof,SU2-HaarU4-brickwork|n14|d84|i8|dir=gaussian|basis=Z|eta=0,SU2-HaarU4-brickwork|n14|d84|i8,SU2-HaarU4-brickwork,14,84,6.0,8,gaussian,Z,0.0,96,96,3528,96,1.0,16384,16383,0.984932579095854,0.4883847065212338,0.4958533181963893,0.001039947564622,0.0114457814441572,961.586943437313,1.634537723394279e-06,782.1724697568833,1,14,0.0007506309680577,0.0008545443447476,0.8783990821207616,-0.0001039133766898,0.0008545443447476,3.444675356049553e-05,-3.0166377364800985,0.399061640765221,0.3989577273885312,0.1170171366409884,0.1169132232642986,,,0,2.4980018054066022e-14,2.713215943279079e-15,2.5313084961453572e-14,1.214306433183765e-17,-0.4498421126634805,12,0.2
v2_large_n,large-n finite-size extension; not an asymptotic proof,SU2-HaarU4-brickwork|n14|d84|i8|dir=gaussian|basis=Z|eta=0,SU2-HaarU4-brickwork|n14|d84|i8,SU2-HaarU4-brickwork,14,84,6.0,8,gaussian,Z,0.0,96,96,3528,96,1.0,16384,16383,0.984932579095854,0.4883847065212338,0.4958533181963893,0.001039947564622,0.0114457814441572,961.586943437313,1.634537723394279e-06,782.1724697568833,2,105,0.0061421345881041,0.006409082585607,0.9583484853039036,-0.0002669479975029,0.006409082585607,9.407373290408092e-05,-2.837646484966128,1.0898332738288865,1.0895663258313837,0.31957260756756,0.3193056595700571,,,0,2.4980018054066022e-14,2.713215943279079e-15,2.5313084961453572e-14,1.214306433183765e-17,-0.4498421126634805,12,0.2
v2_large_n,large-n finite-size extension; not an asymptotic proof,U1-RZ-XY-line|n16|d96|i0|dir=gaussian|basis=Z|eta=0,U1-RZ-XY-line|n16|d96|i0,U1-RZ-XY-line,16,96,6.0,0,gaussian,Z,0.0,96,96,2256,96,1.0,12870,12869,0.7814848160812646,0.3680314054473729,0.473009423755881,0.0139936417357872,0.0242645413010395,71.46102629186257,0.0002357061370387,65.13502060097332,1,15,0.2441900916795952,0.0011655917320693,209.49881932164743,0.2430244999475259,0.0011655917320693,6.61508190895917e-05,3673.79426728465,0.6019797738768013,0.3589552739292754,0.4566133263629021,0.2135888264153761,,,0,3.996802888650564e-15,1.7540231324653466e-15,3.774758283725532e-15,4.163336342344337e-17,-0.2496110411664434,12,0.2
v2_large_n,large-n finite-size extension; not an asymptotic proof,U1-RZ-XY-line|n16|d96|i0|dir=gaussian|basis=Z|eta=0,U1-RZ-XY-line|n16|d96|i0,U1-RZ-XY-line,16,96,6.0,0,gaussian,Z,0.0,96,96,2256,96,1.0,12870,12869,0.7814848160812646,0.3680314054473729,0.473009423755881,0.0139936417357872,0.0242645413010395,71.46102629186257,0.0002357061370387,65.13502060097332,2,119,0.4401703104842663,0.0092470277410832,47.60127500522708,0.4309232827431831,0.0092470277410832,0.0001855662629857,2322.2070424313006,1.6886735276858438,1.2577502449426607,1.2808916014766527,0.8499683187334697,,,0,3.996802888650564e-15,1.7540231324653466e-15,3.774758283725532e-15,4.163336342344337e-17,-0.2496110411664434,12,0.2
v2_large_n,large-n finite-size extension; not an asymptotic proof,SU2-CNOT-line|n14|d84|i1|dir=gaussian|basis=Z|eta=0,SU2-CNOT-line|n14|d84|i1,SU2-CNOT-line,14,84,6.0,1,gaussian,Z,0.0,96,96,3528,96,1.0,16384,16383,0.992955409276359,0.4926137191922061,0.496112466577481,0.0005974488044409,0.0110078920460613,1673.7835820690386,5.173534027544899e-07,1390.293028558773,1,14,0.0008114481922462,0.0008545443447476,0.949568266683642,-4.309615250131307e-05,0.0008545443447476,3.377779822687205e-05,-1.2758721634800865,0.3913118708902281,0.3912687747377268,0.0866217150170958,0.0865786188645945,,,0,2.55351295663786e-15,2.472076056891233e-16,2.55351295663786e-15,9.974659986866641e-18,-0.4639950301836142,12,0.2
v2_large_n,large-n finite-size extension; not an asymptotic proof,SU2-CNOT-line|n14|d84|i1|dir=gaussian|basis=Z|eta=0,SU2-CNOT-line|n14|d84|i1,SU2-CNOT-line,14,84,6.0,1,gaussian,Z,0.0,96,96,3528,96,1.0,16384,16383,0.992955409276359,0.4926137191922061,0.496112466577481,0.0005974488044409,0.0110078920460613,1673.7835820690386,5.173534027544899e-07,1390.293028558773,2,105,0.0063197302766008,0.006409082585607,0.9860584868719264,-8.935230900614793e-05,0.006409082585607,9.224682270572112e-05,-0.9686220770030524,1.0686687312833076,1.0685793789743014,0.2365630208925401,0.236473668583534,,,0,2.55351295663786e-15,2.472076056891233e-16,2.55351295663786e-15,9.974659986866641e-18,-0.4639950301836142,12,0.2
v2_large_n,large-n finite-size extension; not an asymptotic proof,SU2-HaarU4-brickwork|n14|d84|i9|dir=gaussian|basis=Z|eta=0,SU2-HaarU4-brickwork|n14|d84|i9,SU2-HaarU4-brickwork,14,84,6.0,9,gaussian,Z,0.0,96,96,3528,96,1.0,16384,16383,0.9928742072306213,0.4915962567397744,0.4951345577802871,0.0009875559859407,0.0113939356110871,1012.600818825915,1.3946762222660532e-06,846.7657856705849,1,14,0.0007890409146314,0.0008545443447476,0.9233469503148184,-6.550343011612909e-05,0.0008545443447476,3.436822923166183e-05,-1.9059297374501876,0.3981519455322774,0.3980864421021613,0.1138426763524945,0.1137771729223784,,,0,2.131628207280301e-14,2.674510059732891e-15,2.131628207280301e-14,1.0408340855860844e-17,-0.4352750104750642,12,0.2
v2_large_n,large-n finite-size extension; not an asymptotic proof,SU2-HaarU4-brickwork|n14|d84|i9|dir=gaussian|basis=Z|eta=0,SU2-HaarU4-brickwork|n14|d84|i9,SU2-HaarU4-brickwork,14,84,6.0,9,gaussian,Z,0.0,96,96,3528,96,1.0,16384,16383,0.9928742072306213,0.4915962567397744,0.4951345577802871,0.0009875559859407,0.0113939356110871,1012.600818825915,1.3946762222660532e-06,846.7657856705849,2,105,0.0062225800933436,0.006409082585607,0.970900282564277,-0.0001865024922633,0.006409082585607,9.385928376232944e-05,-1.9870436336978583,1.0873489054190228,1.0871624029267597,0.310903188872706,0.3107166863804426,,,0,2.131628207280301e-14,2.674510059732891e-15,2.131628207280301e-14,1.0408340855860844e-17,-0.4352750104750642,12,0.2
v2_large_n,large-n finite-size extension; not an asymptotic proof,U1-RZ-XY-line|n16|d96|i1|dir=gaussian|basis=Z|eta=0,U1-RZ-XY-line|n16|d96|i1,U1-RZ-XY-line,16,96,6.0,1,gaussian,Z,0.0,96,96,2256,96,1.0,12870,12869,0.7992410821459593,0.377526460595343,0.4721742501522198,0.0144723110383753,0.0247382244650588,69.09746462388514,0.0002630984865256,61.65109932738123,1,15,0.2355120231456907,0.0011655917320693,202.05361505745964,0.2343464314136214,0.0011655917320693,6.679543829430017e-05,3508.4196974813303,0.607845879972351,0.3734994485587295,0.4644000434499248,0.2300536120363034,,,0,1.9984014443252818e-15,8.04543191611271e-16,1.9984014443252818e-15,5.551115123125783e-17,-0.2856315524951289,12,0.2
v2_large_n,large-n finite-size extension; not an asymptotic proof,U1-RZ-XY-line|n16|d96|i1|dir=gaussian|basis=Z|eta=0,U1-RZ-XY-line|n16|d96|i1,U1-RZ-XY-line,16,96,6.0,1,gaussian,Z,0.0,96,96,2256,96,1.0,12870,12869,0.7992410821459593,0.377526460595343,0.4721742501522198,0.0144723110383753,0.0247382244650588,69.09746462388514,0.0002630984865256,61.65109932738123,2,119,0.4337876909690346,0.0092470277410832,46.91104029479417,0.4245406632279514,0.0092470277410832,0.0001873745486353,2265.7328133407145,1.7051291271993558,1.2805884639714045,1.3027348985159408,0.8781942352879895,,,0,1.9984014443252818e-15,8.04543191611271e-16,1.9984014443252818e-15,5.551115123125783e-17,-0.2856315524951289,12,0.2
v2_large_n,large-n finite-size extension; not an asymptotic proof,SU2-CNOT-line|n14|d84|i2|dir=gaussian|basis=Z|eta=0,SU2-CNOT-line|n14|d84|i2,SU2-CNOT-line,14,84,6.0,2,gaussian,Z,0.0,96,96,3528,96,1.0,16384,16383,0.9958505439409348,0.4942722451603143,0.4963377480714264,0.0006030359784967,0.0110134210203873,1658.2758502947802,5.012750431667659e-07,1412.4138204265053,1,14,0.0008615503711521,0.0008545443447476,1.0081985521846886,7.006026404543747e-06,0.0008545443447476,3.378632729914742e-05,0.2073627696349387,0.3914106792023215,0.391403673175917,0.0870716664963535,0.087064660469949,,,0,8.437694987151191e-15,1.0538457665187889e-15,8.437694987151191e-15,1.3444106938820257e-17,-0.4741049849873433,12,0.2
v2_large_n,large-n finite-size extension; not an asymptotic proof,SU2-CNOT-line|n14|d84|i2|dir=gaussian|basis=Z|eta=0,SU2-CNOT-line|n14|d84|i2,SU2-CNOT-line,14,84,6.0,2,gaussian,Z,0.0,96,96,3528,96,1.0,16384,16383,0.9958505439409348,0.4942722451603143,0.4963377480714264,0.0006030359784967,0.0110134210203873,1658.2758502947802,5.012750431667659e-07,1412.4138204265053,2,105,0.0062531449029791,0.006409082585607,0.9756692661476972,-0.0001559376826278,0.006409082585607,9.227011551517972e-05,-1.690012868816445,1.068938575776614,1.068782638093986,0.2377918337966401,0.2376358961140123,,,0,8.437694987151191e-15,1.0538457665187889e-15,8.437694987151191e-15,1.3444106938820257e-17,-0.4741049849873433,12,0.2
v2_large_n,large-n finite-size extension; not an asymptotic proof,SU2-HaarU4-brickwork|n14|d84|i10|dir=gaussian|basis=Z|eta=0,SU2-HaarU4-brickwork|n14|d84|i10,SU2-HaarU4-brickwork,14,84,6.0,10,gaussian,Z,0.0,96,96,3528,96,1.0,16384,16383,0.9926996057239036,0.4927631685321559,0.4963860964268842,0.0010232359983597,0.0114292439567101,977.2916527595196,1.703742015713008e-06,766.1222636503339,1,14,0.0008640202310279,0.0008545443447476,1.0110888174950947,9.475886280371577e-06,0.0008545443447476,3.442172577550062e-05,0.27528794872673,0.3987716967817553,0.398762220895475,0.1160140003224832,0.1160045244362028,,,0,1.6986412276764895e-14,2.258609989142069e-15,1.6653345369377348e-14,1.1275702593849246e-17,-0.4597117616411962,12,0.2
v2_large_n,large-n finite-size extension; not an asymptotic proof,SU2-HaarU4-brickwork|n14|d84|i10|dir=gaussian|basis=Z|eta=0,SU2-HaarU4-brickwork|n14|d84|i10,SU2-HaarU4-brickwork,14,84,6.0,10,gaussian,Z,0.0,96,96,3528,96,1.0,16384,16383,0.9926996057239036,0.4927631685321559,0.4963860964268842,0.0010232359983597,0.0114292439567101,977.2916527595196,1.703742015713008e-06,766.1222636503339,2,105,0.0062174744015182,0.006409082585607,0.9701036487626048,-0.0001916081840887,0.006409082585607,9.400538227833452e-05,-2.038268229381392,1.0890414397650523,1.0888498315809636,0.3168330525053474,0.3166414443212586,,,0,1.6986412276764895e-14,2.258609989142069e-15,1.6653345369377348e-14,1.1275702593849246e-17,-0.4597117616411962,12,0.2
v2_large_n,large-n finite-size extension; not an asymptotic proof,U1-RZ-XY-line|n16|d96|i2|dir=gaussian|basis=Z|eta=0,U1-RZ-XY-line|n16|d96|i2,U1-RZ-XY-line,16,96,6.0,2,gaussian,Z,0.0,96,96,2256,96,1.0,12870,12869,0.7971703686758552,0.3835925168847159,0.482003206763403,0.0148125553519358,0.0250749245670198,67.51029624806162,0.0002902228931181,58.69946816795783,1,15,0.2432576081643291,0.0011655917320693,208.6988106311168,0.2420920164322598,0.0011655917320693,6.724988502996958e-05,3599.887439575142,0.6119813955554129,0.369889379123153,0.4698564847592494,0.2277644683269895,,,0,2.997602166487923e-15,1.1907825826503249e-15,3.3306690738754696e-15,3.4694469519536136e-17,-0.2661167038032194,12,0.2
v2_large_n,large-n finite-size extension; not an asymptotic proof,U1-RZ-XY-line|n16|d96|i2|dir=gaussian|basis=Z|eta=0,U1-RZ-XY-line|n16|d96|i2,U1-RZ-XY-line,16,96,6.0,2,gaussian,Z,0.0,96,96,2256,96,1.0,12870,12869,0.7971703686758552,0.3835925168847159,0.482003206763403,0.0148125553519358,0.0250749245670198,67.51029624806162,0.0002902228931181,58.69946816795783,2,119,0.4450622462665374,0.0092470277410832,48.13030291768126,0.4358152185254542,0.0092470277410832,0.000188649362517,2310.186542432808,1.716730074592446,1.2809148560669916,1.3180413064623206,0.8822260879368664,,,0,2.997602166487923e-15,1.1907825826503249e-15,3.3306690738754696e-15,3.4694469519536136e-17,-0.2661167038032194,12,0.2
v2_large_n,large-n finite-size extension; not an asymptotic proof,SU2-CNOT-line|n14|d84|i3|dir=gaussian|basis=Z|eta=0,SU2-CNOT-line|n14|d84|i3,SU2-CNOT-line,14,84,6.0,3,gaussian,Z,0.0,96,96,3528,96,1.0,16384,16383,0.9927365249720278,0.4924335393147265,0.496033724468928,0.0006073639180606,0.0110177038772474,1646.459347129275,5.331049577003864e-07,1369.5996594004605,1,14,0.0008406009402505,0.0008545443447476,0.9836832288660784,-1.3943404497033726e-05,0.0008545443447476,3.379293261379012e-05,-0.4126130352872583,0.391487201005587,0.39147325760109,0.0874186163383929,0.0874046729338959,,,0,2.1094237467877974e-15,3.460787090870947e-16,2.664535259100376e-15,1.0842021724855044e-17,-0.4630687250124082,12,0.2
v2_large_n,large-n finite-size extension; not an asymptotic proof,SU2-CNOT-line|n14|d84|i3|dir=gaussian|basis=Z|eta=0,SU2-CNOT-line|n14|d84|i3,SU2-CNOT-line,14,84,6.0,3,gaussian,Z,0.0,96,96,3528,96,1.0,16384,16383,0.9927365249720278,0.4924335393147265,0.496033724468928,0.0006073639180606,0.0110177038772474,1646.459347129275,5.331049577003864e-07,1369.5996594004605,2,105,0.0064018340668762,0.006409082585607,0.9988690239774553,-7.248518730830489e-06,0.006409082585607,9.228815456214984e-05,-0.0785422437497014,1.0691475560414474,1.0691403075227166,0.2387393502792545,0.2387321017605237,,,0,2.1094237467877974e-15,3.460787090870947e-16,2.664535259100376e-15,1.0842021724855044e-17,-0.4630687250124082,12,0.2
v2_large_n,large-n finite-size extension; not an asymptotic proof,SU2-HaarU4-brickwork|n14|d84|i11|dir=gaussian|basis=Z|eta=0,SU2-HaarU4-brickwork|n14|d84|i11,SU2-HaarU4-brickwork,14,84,6.0,11,gaussian,Z,0.0,96,96,3528,96,1.0,16384,16383,0.9926514672717506,0.49252098261715,0.4961361247737475,0.0010770587267484,0.0114825060316781,928.4544799325236,2.076099369680096e-06,694.0263054782653,1,14,0.0007951460741001,0.0008545443447476,0.9304912951416682,-5.939827064741778e-05,0.0008545443447476,3.4502267519907495e-05,-1.7215758533303795,0.3997047635398942,0.3996453652692468,0.1192146071316468,0.1191552088609994,,,0,3.1530333899354446e-14,3.5184553023085325e-15,3.1308289294429414e-14,1.0408340855860844e-17,-0.4581334906787025,12,0.2
v2_large_n,large-n finite-size extension; not an asymptotic proof,SU2-HaarU4-brickwork|n14|d84|i11|dir=gaussian|basis=Z|eta=0,SU2-HaarU4-brickwork|n14|d84|i11,SU2-HaarU4-brickwork,14,84,6.0,11,gaussian,Z,0.0,96,96,3528,96,1.0,16384,16383,0.9926514672717506,0.49252098261715,0.4961361247737475,0.0010770587267484,0.0114825060316781,928.4544799325236,2.076099369680096e-06,694.0263054782653,2,105,0.0062507654054105,0.006409082585607,0.9752979965413456,-0.0001583171801964,0.006409082585607,9.422534096145552e-05,-1.6801974774623358,1.0915896355720298,1.0914313183918334,0.3255738770816739,0.3254155599014774,,,0,3.1530333899354446e-14,3.5184553023085325e-15,3.1308289294429414e-14,1.0408340855860844e-17,-0.4581334906787025,12,0.2
v2_large_n,large-n finite-size extension; not an asymptotic proof,U1-RZ-XY-line|n16|d96|i3|dir=gaussian|basis=Z|eta=0,U1-RZ-XY-line|n16|d96|i3,U1-RZ-XY-line,16,96,6.0,3,gaussian,Z,0.0,96,96,2256,96,1.0,12870,12869,0.7719815644751419,0.3642104000644612,0.4718843764697282,0.0147238832816646,0.0249871761641472,67.91686546750087,0.0002852931902783,59.20444267929404,1,15,0.2228412020821736,0.0011655917320693,191.1828953063661,0.2216756103501043,0.0011655917320693,6.713174672997297e-05,3302.098055660015,0.6109063239524167,0.3892307136023124,0.4684405891334884,0.2467649787833841,,,0,2.664535259100376e-15,1.4395220127808702e-15,3.3306690738754696e-15,3.4694469519536136e-17,-0.2575798621842811,12,0.2
v2_large_n,large-n finite-size extension; not an asymptotic proof,U1-RZ-XY-line|n16|d96|i3|dir=gaussian|basis=Z|eta=0,U1-RZ-XY-line|n16|d96|i3,U1-RZ-XY-line,16,96,6.0,3,gaussian,Z,0.0,96,96,2256,96,1.0,12870,12869,0.7719815644751419,0.3642104000644612,0.4718843764697282,0.0147238832816646,0.0249871761641472,67.91686546750087,0.0002852931902783,59.20444267929404,2,119,0.4362961179102038,0.0092470277410832,47.18230875114632,0.4270490901691206,0.0092470277410832,0.0001883179609842,2267.7023898157213,1.7137142839710189,1.2866651938018985,1.314069436368097,0.8870203461989763,,,0,2.664535259100376e-15,1.4395220127808702e-15,3.3306690738754696e-15,3.4694469519536136e-17,-0.2575798621842811,12,0.2
v2_large_n,large-n finite-size extension; not an asymptotic proof,SU2-CNOT-line|n14|d84|i4|dir=gaussian|basis=Z|eta=0,SU2-CNOT-line|n14|d84|i4,SU2-CNOT-line,14,84,6.0,4,gaussian,Z,0.0,96,96,3528,96,1.0,16384,16383,0.9947900824599784,0.492535201372692,0.4951107419387932,0.0005896619553173,0.0110001863099494,1695.886924673419,5.267275833925273e-07,1377.8659536229625,1,14,0.0008433306031323,0.0008545443447476,0.9868775193655704,-1.1213741615211776e-05,0.0008545443447476,3.376590765811552e-05,-0.3321024782971173,0.3911741200316666,0.3911629062900514,0.0859906900988866,0.0859794763572714,,,0,2.886579864025407e-15,3.065101670718686e-16,3.1086244689504387e-15,1.3010426069826053e-17,-0.4743920325881645,12,0.2
v2_large_n,large-n finite-size extension; not an asymptotic proof,SU2-CNOT-line|n14|d84|i4|dir=gaussian|basis=Z|eta=0,SU2-CNOT-line|n14|d84|i4,SU2-CNOT-line,14,84,6.0,4,gaussian,Z,0.0,96,96,3528,96,1.0,16384,16383,0.9947900824599784,0.492535201372692,0.4951107419387932,0.0005896619553173,0.0110001863099494,1695.886924673419,5.267275833925273e-07,1377.8659536229625,2,105,0.0062388244333903,0.006409082585607,0.9734348637355692,-0.0001702581522166,0.006409082585607,9.221434968363168e-05,-1.8463303466408647,1.068292535092486,1.0681222769402694,0.234839698272103,0.2346694401198863,,,0,2.886579864025407e-15,3.065101670718686e-16,3.1086244689504387e-15,1.3010426069826053e-17,-0.4743920325881645,12,0.2
v2_large_n,large-n finite-size extension; not an asymptotic proof,SU2-HaarU4-brickwork|n16|d96|i0|dir=gaussian|basis=Z|eta=0,SU2-HaarU4-brickwork|n16|d96|i0,SU2-HaarU4-brickwork,16,96,6.0,0,gaussian,Z,0.0,96,96,4608,96,1.0,65536,65535,0.9929097223877116,0.4940186533639023,0.4975410034111907,0.000741842076573,0.0111507812216087,1347.9957953038586,7.747824555430536e-07,1136.083130386961,1,16,0.0002198133486012,0.0002441443503471,0.9003417375363304,-2.4331001745917668e-05,0.0002441443503471,9.107530710516087e-06,-2.6715256329384287,0.4220484052784247,0.4220240742766788,0.1078076556486434,0.1077833246468975,,,0,2.7977620220553945e-14,4.665756120437447e-15,2.7422508708241367e-14,5.529431079676073e-18,-0.4595053195836828,12,0.2
v2_large_n,large-n finite-size extension; not an asymptotic proof,SU2-HaarU4-brickwork|n16|d96|i0|dir=gaussian|basis=Z|eta=0,SU2-HaarU4-brickwork|n16|d96|i0,SU2-HaarU4-brickwork,16,96,6.0,0,gaussian,Z,0.0,96,96,4608,96,1.0,65536,65535,0.9929097223877116,0.4940186533639023,0.4975410034111907,0.000741842076573,0.0111507812216087,1347.9957953038586,7.747824555430536e-07,1136.083130386961,2,136,0.0019238906459098,0.0020752269779507,0.9270748049977976,-0.0001513363320408,0.0020752269779507,2.652845947290924e-05,-5.704678486718417,1.2293446347764458,1.229193298444405,0.3140226604388061,0.3138713241067652,,,0,2.7977620220553945e-14,4.665756120437447e-15,2.7422508708241367e-14,5.529431079676073e-18,-0.4595053195836828,12,0.2
v2_large_n,large-n finite-size extension; not an asymptotic proof,U1-RZ-XY-line|n16|d96|i4|dir=gaussian|basis=Z|eta=0,U1-RZ-XY-line|n16|d96|i4,U1-RZ-XY-line,16,96,6.0,4,gaussian,Z,0.0,96,96,2256,96,1.0,12870,12869,0.7932595721888509,0.3818877995317036,0.4829687512053762,0.0158833921710654,0.0261346068359501,62.95884337740452,0.0003321123831867,54.87284345383063,1,15,0.2594917968179158,0.0011655917320693,222.6266622166506,0.2583262050858465,0.0011655917320693,6.86605191057209e-05,3762.368948712513,0.6248183217436375,0.3664921166577909,0.4866301944794635,0.228303989393617,,,0,4.218847493575595e-15,1.7378950725522125e-15,4.218847493575595e-15,4.163336342344337e-17,-0.2771083209860381,12,0.2
v2_large_n,large-n finite-size extension; not an asymptotic proof,U1-RZ-XY-line|n16|d96|i4|dir=gaussian|basis=Z|eta=0,U1-RZ-XY-line|n16|d96|i4,U1-RZ-XY-line,16,96,6.0,4,gaussian,Z,0.0,96,96,2256,96,1.0,12870,12869,0.7932595721888509,0.3818877995317036,0.4829687512053762,0.0158833921710654,0.0261346068359501,62.95884337740452,0.0003321123831867,54.87284345383063,2,119,0.4540177260161053,0.0092470277410832,49.098774084884525,0.4447706982750221,0.0092470277410832,0.0001926064729123,2309.2198904310467,1.7527402170783104,1.3079695188032885,1.365094913235842,0.9203242149608196,,,0,4.218847493575595e-15,1.7378950725522125e-15,4.218847493575595e-15,4.163336342344337e-17,-0.2771083209860381,12,0.2
v2_large_n,large-n finite-size extension; not an asymptotic proof,SU2-CNOT-line|n14|d84|i5|dir=gaussian|basis=Z|eta=0,SU2-CNOT-line|n14|d84|i5,SU2-CNOT-line,14,84,6.0,5,gaussian,Z,0.0,96,96,3528,96,1.0,16384,16383,0.9909935431635056,0.4906207011873216,0.4950800233903367,0.0006168880971865,0.0110271288461742,1621.039544385224,6.220728485968411e-07,1267.883578307906,1,14,0.0007549193294121,0.0008545443447476,0.8834173838399259,-9.962501533547204e-05,0.0008545443447476,3.3807463900281846e-05,-2.946834924658205,0.3916555442725259,0.3915559192571904,0.0881773159413153,0.0880776909259798,,,0,3.1086244689504387e-15,2.8645442128815936e-16,3.1086244689504387e-15,1.1709383462843448e-17,-0.4654749781947111,12,0.2
v2_large_n,large-n finite-size extension; not an asymptotic proof,SU2-CNOT-line|n14|d84|i5|dir=gaussian|basis=Z|eta=0,SU2-CNOT-line|n14|d84|i5,SU2-CNOT-line,14,84,6.0,5,gaussian,Z,0.0,96,96,3528,96,1.0,16384,16383,0.9909935431635056,0.4906207011873216,0.4950800233903367,0.0006168880971865,0.0110271288461742,1621.039544385224,6.220728485968411e-07,1267.883578307906,2,105,0.0061560477627296,0.006409082585607,0.9605193380647642,-0.0002530348228773,0.006409082585607,9.23278393574608e-05,-2.740612415911704,1.0696072997877604,1.069354264964883,0.2408113511624265,0.2405583163395491,,,0,3.1086244689504387e-15,2.8645442128815936e-16,3.1086244689504387e-15,1.1709383462843448e-17,-0.4654749781947111,12,0.2
v2_large_n,large-n finite-size extension; not an asymptotic proof,SU2-HaarU4-brickwork|n16|d96|i1|dir=gaussian|basis=Z|eta=0,SU2-HaarU4-brickwork|n16|d96|i1,SU2-HaarU4-brickwork,16,96,6.0,1,gaussian,Z,0.0,96,96,4608,96,1.0,65536,65535,0.988226621081575,0.4909083706073935,0.4967489119452778,0.0007274892447133,0.0111365778984142,1374.5907685466534,7.856942914047618e-07,1128.1665041243034,1,16,0.0002129896814164,0.0002441443503471,0.8723924232265946,-3.115466893071619e-05,0.0002441443503471,9.101720543966786e-06,-3.4229428139680182,0.4217791586950776,0.4217480040261469,0.1067375349785927,0.106706380309662,,,0,3.3084646133829665e-14,3.257160426425681e-15,3.241851231905457e-14,6.0715321659188256e-18,-0.4530704204549075,12,0.2
v2_large_n,large-n finite-size extension; not an asymptotic proof,SU2-HaarU4-brickwork|n16|d96|i1|dir=gaussian|basis=Z|eta=0,SU2-HaarU4-brickwork|n16|d96|i1,SU2-HaarU4-brickwork,16,96,6.0,1,gaussian,Z,0.0,96,96,4608,96,1.0,65536,65535,0.988226621081575,0.4909083706073935,0.4967489119452778,0.0007274892447133,0.0111365778984142,1374.5907685466534,7.856942914047618e-07,1128.1665041243034,2,136,0.0019665020033469,0.0020752269779507,0.9476081528628092,-0.0001087249746037,0.0020752269779507,2.651153559170223e-05,-4.101044023937943,1.2285603720271263,1.2284516470525226,0.3109056077788811,0.3107968828042773,,,0,3.3084646133829665e-14,3.257160426425681e-15,3.241851231905457e-14,6.0715321659188256e-18,-0.4530704204549075,12,0.2
v2_large_n,large-n finite-size extension; not an asymptotic proof,U1-RZ-XY-line|n16|d96|i5|dir=gaussian|basis=Z|eta=0,U1-RZ-XY-line|n16|d96|i5,U1-RZ-XY-line,16,96,6.0,5,gaussian,Z,0.0,96,96,2256,96,1.0,12870,12869,0.763637111371299,0.3615175679175978,0.4737030034641331,0.0136752683176,0.023949484272625,73.12470781381329,0.0002448447449298,63.9079087433308,1,15,0.2333626824402956,0.0011655917320693,200.2096240216109,0.2321970907082262,0.0011655917320693,6.571856750570502e-05,3533.203773622565,0.5980462366310481,0.3658491459228218,0.4513598286741351,0.2191627379659088,,,0,2.664535259100376e-15,9.816185326078044e-16,2.664535259100376e-15,4.163336342344337e-17,-0.2703641865803809,12,0.2
v2_large_n,large-n finite-size extension; not an asymptotic proof,U1-RZ-XY-line|n16|d96|i5|dir=gaussian|basis=Z|eta=0,U1-RZ-XY-line|n16|d96|i5,U1-RZ-XY-line,16,96,6.0,5,gaussian,Z,0.0,96,96,2256,96,1.0,12870,12869,0.763637111371299,0.3615175679175978,0.4737030034641331,0.0136752683176,0.023949484272625,73.12470781381329,0.0002448447449298,63.9079087433308,2,119,0.439138377828802,0.0092470277410832,47.48967885948616,0.4298913500877188,0.0092470277410832,0.0001843537109388,2331.8833556342643,1.6776391698796145,1.2477478197918954,1.2661544909294882,0.8362631408417693,,,0,2.664535259100376e-15,9.816185326078044e-16,2.664535259100376e-15,4.163336342344337e-17,-0.2703641865803809,12,0.2
v2_large_n,large-n finite-size extension; not an asymptotic proof,RY-RZ-CZ-line|n14|d84|i3|dir=gaussian|basis=Z|eta=0,RY-RZ-CZ-line|n14|d84|i3,RY-RZ-CZ-line,14,84,6.0,3,gaussian,Z,0.0,96,96,2352,96,1.0,16384,16383,0.9852946557140856,0.4844258184709851,0.4916663855809449,0.0015544546931614,0.011954929123441,643.3124132850775,4.700180225763083e-06,461.2567604447919,1,14,0.0008093056019418,0.0008545443447476,0.9470609769009116,-4.523874280578874e-05,0.0008545443447476,3.520859168280353e-05,-1.2848779415361875,0.4078874469635265,0.4078422082207207,0.1445335763724428,0.1444883376296371,,,0,1.7763568394002505e-15,2.48611105837966e-16,1.7763568394002505e-15,1.3010426069826053e-17,-0.4534806550383922,12,0.2
v2_large_n,large-n finite-size extension; not an asymptotic proof,RY-RZ-CZ-line|n14|d84|i3|dir=gaussian|basis=Z|eta=0,RY-RZ-CZ-line|n14|d84|i3,RY-RZ-CZ-line,14,84,6.0,3,gaussian,Z,0.0,96,96,2352,96,1.0,16384,16383,0.9852946557140856,0.4844258184709851,0.4916663855809449,0.0015544546931614,0.011954929123441,643.3124132850775,4.700180225763083e-06,461.2567604447919,2,105,0.0060571536990179,0.006409082585607,0.945089038581062,-0.000351928886589,0.006409082585607,9.615430505170825e-05,-3.660042952832968,1.1139364606068345,1.1135845317202455,0.3947197240359383,0.3943677951493493,,,0,1.7763568394002505e-15,2.48611105837966e-16,1.7763568394002505e-15,1.3010426069826053e-17,-0.4534806550383922,12,0.2
v2_large_n,large-n finite-size extension; not an asymptotic proof,SU2-CNOT-line|n14|d84|i11|dir=gaussian|basis=Z|eta=0,SU2-CNOT-line|n14|d84|i11,SU2-CNOT-line,14,84,6.0,11,gaussian,Z,0.0,96,96,3528,96,1.0,16384,16383,0.998194365175196,0.4951099442290523,0.4960106542404024,0.0006122692620436,0.0110225581238973,1633.2683379567177,5.990658092354772e-07,1292.0006531144736,1,14,0.0007800782398018,0.0008545443447476,0.9128587001909626,-7.446610494576836e-05,0.0008545443447476,3.3800417604205246e-05,-2.203111979791153,0.3915739137505464,0.3914994476456006,0.0878101965184322,0.0877357304134864,,,0,1.7763568394002505e-15,1.0538948444282503e-16,1.3322676295501878e-15,1.214306433183765e-17,-0.4752497867648591,12,0.2
v2_large_n,large-n finite-size extension; not an asymptotic proof,SU2-CNOT-line|n14|d84|i11|dir=gaussian|basis=Z|eta=0,SU2-CNOT-line|n14|d84|i11,SU2-CNOT-line,14,84,6.0,11,gaussian,Z,0.0,96,96,3528,96,1.0,16384,16383,0.998194365175196,0.4951099442290523,0.4960106542404024,0.0006122692620436,0.0110225581238973,1633.2683379567177,5.990658092354772e-07,1292.0006531144736,2,105,0.0061861603735235,0.006409082585607,0.9652177657089236,-0.0002229222120834,0.006409082585607,9.230859599468904e-05,-2.4149669885160683,1.0693843676641848,1.0691614454521012,0.2398087517600894,0.239585829548006,,,0,1.7763568394002505e-15,1.0538948444282503e-16,1.3322676295501878e-15,1.214306433183765e-17,-0.4752497867648591,12,0.2
v2_large_n,large-n finite-size extension; not an asymptotic proof,SU2-HaarU4-brickwork|n16|d96|i7|dir=gaussian|basis=Z|eta=0,SU2-HaarU4-brickwork|n16|d96|i7,SU2-HaarU4-brickwork,16,96,6.0,7,gaussian,Z,0.0,96,96,4608,96,1.0,65536,65535,0.9903020862330942,0.4920426752311426,0.4968644741989151,0.0007462157796017,0.0111551093652309,1340.0949528749918,8.189491387049121e-07,1105.023552674845,1,16,0.0002330688784013,0.0002441443503471,0.9546355591270976,-1.107547194577609e-05,0.0002441443503471,9.109300491523674e-06,-1.21584219952805,0.4221304179858956,0.4221193425139498,0.1081316455986738,0.108120570126728,,,0,2.9976021664879227e-14,4.1518981966391415e-15,2.9531932455029164e-14,6.2883726004159265e-18,-0.460826663393556,12,0.2
v2_large_n,large-n finite-size extension; not an asymptotic proof,SU2-HaarU4-brickwork|n16|d96|i7|dir=gaussian|basis=Z|eta=0,SU2-HaarU4-brickwork|n16|d96|i7,SU2-HaarU4-brickwork,16,96,6.0,7,gaussian,Z,0.0,96,96,4608,96,1.0,65536,65535,0.9903020862330942,0.4920426752311426,0.4968644741989151,0.0007462157796017,0.0111551093652309,1340.0949528749918,8.189491387049121e-07,1105.023552674845,2,136,0.0020031353341431,0.0020752269779507,0.9652608391402172,-7.209164380759083e-05,0.0020752269779507,2.6533614499582e-05,-2.7169929603343914,1.229583521787158,1.2295114301433503,0.3149663799311913,0.3148942882873837,,,0,2.9976021664879227e-14,4.1518981966391415e-15,2.9531932455029164e-14,6.2883726004159265e-18,-0.460826663393556,12,0.2
v2_large_n,large-n finite-size extension; not an asymptotic proof,U1-RZ-XY-line|n16|d96|i11|dir=gaussian|basis=Z|eta=0,U1-RZ-XY-line|n16|d96|i11,U1-RZ-XY-line,16,96,6.0,11,gaussian,Z,0.0,96,96,2256,96,1.0,12870,12869,0.774295490044932,0.3650932525561237,0.4727814727033261,0.015402771971192,0.025658993096492,64.92337884832104,0.0003445810824082,53.87090661928094,1,15,0.2418708597205518,0.0011655917320693,207.50907291625208,0.2407052679884825,0.0011655917320693,6.803100682462494e-05,3538.17000840498,0.6190896903246739,0.3783844223361914,0.4791743380910421,0.2384690701025596,,,0,2.664535259100376e-15,1.0331954108166804e-15,2.664535259100376e-15,4.163336342344337e-17,-0.2604567456429469,12,0.2
v2_large_n,large-n finite-size extension; not an asymptotic proof,U1-RZ-XY-line|n16|d96|i11|dir=gaussian|basis=Z|eta=0,U1-RZ-XY-line|n16|d96|i11,U1-RZ-XY-line,16,96,6.0,11,gaussian,Z,0.0,96,96,2256,96,1.0,12870,12869,0.774295490044932,0.3650932525561237,0.4727814727033261,0.015402771971192,0.025658993096492,64.92337884832104,0.0003445810824082,53.87090661928094,2,119,0.4440610687276698,0.0092470277410832,48.02203271812086,0.4348140409865866,0.0092470277410832,0.0001908405652015,2278.415181422973,1.736670261496957,1.3018562205103703,1.3441797465546248,0.9093657055680382,,,0,2.664535259100376e-15,1.0331954108166804e-15,2.664535259100376e-15,4.163336342344337e-17,-0.2604567456429469,12,0.2
v2_large_n,large-n finite-size extension; not an asymptotic proof,SU2-CNOT-line|n14|d84|i6|dir=gaussian|basis=Z|eta=0,SU2-CNOT-line|n14|d84|i6,SU2-CNOT-line,14,84,6.0,6,gaussian,Z,0.0,96,96,3528,96,1.0,16384,16383,0.9916275483345086,0.4920742369376958,0.4962469093875781,0.0006105345912168,0.0110208415225583,1637.9088333176328,5.530077778456038e-07,1344.7277905586786,1,14,0.0008248608056669,0.0008545443447476,0.965263898517263,-2.968353908065172e-05,0.0008545443447476,3.379777088559776e-05,-0.8782691373678955,0.39154325182276,0.3915135682836794,0.0876719223809667,0.0876422388418861,,,0,1.7763568394002505e-15,1.864299743720153e-16,1.7763568394002505e-15,1.1275702593849246e-17,-0.4691713641948639,12,0.2
v2_large_n,large-n finite-size extension; not an asymptotic proof,SU2-CNOT-line|n14|d84|i6|dir=gaussian|basis=Z|eta=0,SU2-CNOT-line|n14|d84|i6,SU2-CNOT-line,14,84,6.0,6,gaussian,Z,0.0,96,96,3528,96,1.0,16384,16383,0.9916275483345086,0.4920742369376958,0.4962469093875781,0.0006105345912168,0.0110208415225583,1637.9088333176328,5.530077778456038e-07,1344.7277905586786,2,105,0.0062682819337057,0.006409082585607,0.9780310754276348,-0.0001408006519012,0.006409082585607,9.230136783314648e-05,-1.5254449116700748,1.0693006302518964,1.0691598295999951,0.2394311264999143,0.2392903258480131,,,0,1.7763568394002505e-15,1.864299743720153e-16,1.7763568394002505e-15,1.1275702593849246e-17,-0.4691713641948639,12,0.2
v2_large_n,large-n finite-size extension; not an asymptotic proof,SU2-HaarU4-brickwork|n16|d96|i2|dir=gaussian|basis=Z|eta=0,SU2-HaarU4-brickwork|n16|d96|i2,SU2-HaarU4-brickwork,16,96,6.0,2,gaussian,Z,0.0,96,96,4608,96,1.0,65536,65535,0.9931435262557076,0.4927350938150814,0.49614206202561,0.0007288850905698,0.0111379592042097,1371.958368936106,7.594361051161272e-07,1147.5044535380782,1,16,0.0002343359242534,0.0002441443503471,0.9598252997468836,-9.808426093688283e-06,0.0002441443503471,9.102285758808663e-06,-1.077578352689736,0.4218053510879707,0.4217955426618769,0.1068420771718846,0.1068322687457909,,,0,4.085620730620576e-14,5.4010620513434616e-15,4.085620730620576e-14,7.806255641895632e-18,-0.466540383707739,12,0.2
v2_large_n,large-n finite-size extension; not an asymptotic proof,SU2-HaarU4-brickwork|n16|d96|i2|dir=gaussian|basis=Z|eta=0,SU2-HaarU4-brickwork|n16|d96|i2,SU2-HaarU4-brickwork,16,96,6.0,2,gaussian,Z,0.0,96,96,4608,96,1.0,65536,65535,0.9931435262557076,0.4927350938150814,0.49614206202561,0.0007288850905698,0.0111379592042097,1371.958368936106,7.594361051161272e-07,1147.5044535380782,2,136,0.0019877884075624,0.0020752269779507,0.957865538894158,-8.743857038825834e-05,0.0020752269779507,2.6513181952225495e-05,-3.2979281983511157,1.2286366653557403,1.2285492267853522,0.3112101187847844,0.3111226802143961,,,0,4.085620730620576e-14,5.4010620513434616e-15,4.085620730620576e-14,7.806255641895632e-18,-0.466540383707739,12,0.2
v2_large_n,large-n finite-size extension; not an asymptotic proof,U1-RZ-XY-line|n16|d96|i6|dir=gaussian|basis=Z|eta=0,U1-RZ-XY-line|n16|d96|i6,U1-RZ-XY-line,16,96,6.0,6,gaussian,Z,0.0,96,96,2256,96,1.0,12870,12869,0.746511212044255,0.3522658780585925,0.4737627670505801,0.015132770554585,0.0253918041946415,66.0817526039215,0.000319656095455,55.931762497069855,1,15,0.256419732480237,0.0011655917320693,219.99103581921133,0.2552541407481677,0.0011655917320693,6.767479247164541e-05,3771.7757443455016,0.6158481002943543,0.3605939595461866,0.4749344646445097,0.219680323896342,,,0,2.220446049250313e-15,1.0409399681641666e-15,2.220446049250313e-15,4.163336342344337e-17,-0.2224229366645035,12,0.2
v2_large_n,large-n finite-size extension; not an asymptotic proof,U1-RZ-XY-line|n16|d96|i6|dir=gaussian|basis=Z|eta=0,U1-RZ-XY-line|n16|d96|i6,U1-RZ-XY-line,16,96,6.0,6,gaussian,Z,0.0,96,96,2256,96,1.0,12870,12869,0.746511212044255,0.3522658780585925,0.4737627670505801,0.015132770554585,0.0253918041946415,66.0817526039215,0.000319656095455,55.931762497069855,2,119,0.4528932187945398,0.0092470277410832,48.97716666106666,0.4436461910534566,0.0092470277410832,0.0001898413127778,2336.931748741885,1.727576953865443,1.2839307628119865,1.3322860545061566,0.8886398634527,,,0,2.220446049250313e-15,1.0409399681641666e-15,2.220446049250313e-15,4.163336342344337e-17,-0.2224229366645035,12,0.2
v2_large_n,large-n finite-size extension; not an asymptotic proof,SU2-CNOT-line|n14|d84|i7|dir=gaussian|basis=Z|eta=0,SU2-CNOT-line|n14|d84|i7,SU2-CNOT-line,14,84,6.0,7,gaussian,Z,0.0,96,96,3528,96,1.0,16384,16383,0.9905900852646904,0.4924726980317293,0.4971444068109279,0.0005981881169909,0.0110086236574389,1671.7149197651454,5.142007469306264e-07,1394.5485820003278,1,14,0.0007900587739109,0.0008545443447476,0.9245380637845344,-6.448557083663044e-05,0.0008545443447476,3.3778926944332625e-05,-1.9090473460836128,0.3913249469509659,0.3912604613801293,0.0866813881023391,0.0866169025315025,,,0,3.774758283725532e-15,4.97431968551979e-16,4.218847493575595e-15,1.0408340855860844e-17,-0.4692052684775847,12,0.2
v2_large_n,large-n finite-size extension; not an asymptotic proof,SU2-CNOT-line|n14|d84|i7|dir=gaussian|basis=Z|eta=0,SU2-CNOT-line|n14|d84|i7,SU2-CNOT-line,14,84,6.0,7,gaussian,Z,0.0,96,96,3528,96,1.0,16384,16383,0.9905900852646904,0.4924726980317293,0.4971444068109279,0.0005981881169909,0.0110086236574389,1671.7149197651454,5.142007469306264e-07,1394.5485820003278,2,105,0.0062874493314205,0.006409082585607,0.9810217371110744,-0.0001216332541864,0.006409082585607,9.224990522160246e-05,-1.3185190152152204,1.0687044418719158,1.0685828086177294,0.2367259874801719,0.2366043542259854,,,0,3.774758283725532e-15,4.97431968551979e-16,4.218847493575595e-15,1.0408340855860844e-17,-0.4692052684775847,12,0.2
v2_large_n,large-n finite-size extension; not an asymptotic proof,SU2-HaarU4-brickwork|n16|d96|i3|dir=gaussian|basis=Z|eta=0,SU2-HaarU4-brickwork|n16|d96|i3,SU2-HaarU4-brickwork,16,96,6.0,3,gaussian,Z,0.0,96,96,4608,96,1.0,65536,65535,0.9890175125344112,0.4923176867465897,0.4977712341245223,0.0007576523291068,0.0111664267840119,1319.86659524807,8.400548536391235e-07,1091.0538277895373,1,16,0.0002094376150975,0.0002441443503471,0.8578433815885879,-3.4706735249600884e-05,0.0002441443503471,9.113926567921107e-06,-3.808099065858231,0.4223447931253589,0.4223100863901093,0.1089742763098478,0.1089395695745982,,,0,3.7636560534792807e-14,4.735199041445038e-15,3.752553823233029e-14,6.5052130349130266e-18,-0.4664634829307108,12,0.2
v2_large_n,large-n finite-size extension; not an asymptotic proof,SU2-HaarU4-brickwork|n16|d96|i3|dir=gaussian|basis=Z|eta=0,SU2-HaarU4-brickwork|n16|d96|i3,SU2-HaarU4-brickwork,16,96,6.0,3,gaussian,Z,0.0,96,96,4608,96,1.0,65536,65535,0.9890175125344112,0.4923176867465897,0.4977712341245223,0.0007576523291068,0.0111664267840119,1319.86659524807,8.400548536391235e-07,1091.0538277895373,2,136,0.0019579632347718,0.0020752269779507,0.943493533755663,-0.0001172637431789,0.0020752269779507,2.65470893572716e-05,-4.417197742500882,1.2302079547295235,1.2300906909863445,0.3174207987393758,0.3173035349961969,,,0,3.7636560534792807e-14,4.735199041445038e-15,3.752553823233029e-14,6.5052130349130266e-18,-0.4664634829307108,12,0.2
v2_large_n,large-n finite-size extension; not an asymptotic proof,U1-RZ-XY-line|n16|d96|i7|dir=gaussian|basis=Z|eta=0,U1-RZ-XY-line|n16|d96|i7,U1-RZ-XY-line,16,96,6.0,7,gaussian,Z,0.0,96,96,2256,96,1.0,12870,12869,0.7996714400448283,0.3828275466910695,0.4788471547211237,0.0145421289422975,0.0248073150991486,68.76572226583549,0.0002693116570475,60.93578692145039,1,15,0.2492112020098438,0.0011655917320693,213.806597244312,0.2480456102777745,0.0011655917320693,6.688894223563366e-05,3708.32011969885,0.6086967761855072,0.3606511659077327,0.4655249168707859,0.2174793065930114,,,0,2.220446049250313e-16,1.7976690169534938e-16,0.0,6.938893903907227e-17,-0.2517185474198407,12,0.2
v2_large_n,large-n finite-size extension; not an asymptotic proof,U1-RZ-XY-line|n16|d96|i7|dir=gaussian|basis=Z|eta=0,U1-RZ-XY-line|n16|d96|i7,U1-RZ-XY-line,16,96,6.0,7,gaussian,Z,0.0,96,96,2256,96,1.0,12870,12869,0.7996714400448283,0.3828275466910695,0.4788471547211237,0.0145421289422975,0.0248073150991486,68.76572226583549,0.0002693116570475,60.93578692145039,2,119,0.4477116770639943,0.0092470277410832,48.41681993392053,0.4384646493229111,0.0092470277410832,0.0001876368458707,2336.772648720448,1.7075160610671023,1.2690514117441911,1.305890393185757,0.8674257438628459,,,0,2.220446049250313e-16,1.7976690169534938e-16,0.0,6.938893903907227e-17,-0.2517185474198407,12,0.2
v2_large_n,large-n finite-size extension; not an asymptotic proof,RY-RZ-CZ-line|n14|d84|i4|dir=gaussian|basis=Z|eta=0,RY-RZ-CZ-line|n14|d84|i4,RY-RZ-CZ-line,14,84,6.0,4,gaussian,Z,0.0,96,96,2352,96,1.0,16384,16383,0.9821941799348636,0.4807490772639075,0.4894757357996931,0.0016100009834711,0.0120098968065599,621.1176330116494,4.620832783942351e-06,465.2001794651786,1,14,0.0007017455331441,0.0008545443447476,0.8211926478214939,-0.0001527988116034,0.0008545443447476,3.5289856255760814e-05,-4.329822442348212,0.4088288876065022,0.4086760887948988,0.1471969368858894,0.1470441380742859,,,0,9.992007221626409e-16,1.2025185373144766e-16,6.661338147750939e-16,1.1709383462843448e-17,-0.4446149572029924,12,0.2
v2_large_n,large-n finite-size extension; not an asymptotic proof,RY-RZ-CZ-line|n14|d84|i4|dir=gaussian|basis=Z|eta=0,RY-RZ-CZ-line|n14|d84|i4,RY-RZ-CZ-line,14,84,6.0,4,gaussian,Z,0.0,96,96,2352,96,1.0,16384,16383,0.9821941799348636,0.4807490772639075,0.4894757357996931,0.0016100009834711,0.0120098968065599,621.1176330116494,4.620832783942351e-06,465.2001794651786,2,105,0.0057566265079623,0.006409082585607,0.8981982102852131,-0.0006524560776446,0.006409082585607,9.637623777223362e-05,-6.769885323668916,1.1165075254079573,1.1158550693303126,0.4019933344540935,0.4013408783764488,,,0,9.992007221626409e-16,1.2025185373144766e-16,6.661338147750939e-16,1.1709383462843448e-17,-0.4446149572029924,12,0.2
v2_large_n,large-n finite-size extension; not an asymptotic proof,SU2-CNOT-line|n16|d96|i0|dir=gaussian|basis=Z|eta=0,SU2-CNOT-line|n16|d96|i0,SU2-CNOT-line,16,96,6.0,0,gaussian,Z,0.0,96,96,4608,96,1.0,65536,65535,0.9966454391631072,0.4944339908329414,0.4960967771968987,0.0004311854292553,0.0108433605810339,2319.187829994557,2.812885014294169e-07,1885.4890315399252,1,16,0.0002352559154147,0.0002441443503471,0.963593526044112,-8.88843493239045e-06,0.0002441443503471,8.98093411867085e-06,-0.9897004938397111,0.4161818437042459,0.4161729552693135,0.0815671366447191,0.0815582482097867,,,0,2.886579864025407e-15,2.174939351742409e-16,2.55351295663786e-15,4.5536491244391194e-18,-0.4806497405001891,12,0.2
v2_large_n,large-n finite-size extension; not an asymptotic proof,SU2-CNOT-line|n16|d96|i0|dir=gaussian|basis=Z|eta=0,SU2-CNOT-line|n16|d96|i0,SU2-CNOT-line,16,96,6.0,0,gaussian,Z,0.0,96,96,4608,96,1.0,65536,65535,0.9966454391631072,0.4944339908329414,0.4960967771968987,0.0004311854292553,0.0108433605810339,2319.187829994557,2.812885014294169e-07,1885.4890315399252,2,136,0.0020710187762041,0.0020752269779507,0.997972172783368,-4.208201746577246e-06,0.0020752269779507,2.615970830830465e-05,-0.1608657748389844,1.2122564858683966,1.21225227766665,0.2375891498561923,0.2375849416544458,,,0,2.886579864025407e-15,2.174939351742409e-16,2.55351295663786e-15,4.5536491244391194e-18,-0.4806497405001891,12,0.2
v2_large_n,large-n finite-size extension; not an asymptotic proof,SU2-HaarU4-brickwork|n16|d96|i8|dir=gaussian|basis=Z|eta=0,SU2-HaarU4-brickwork|n16|d96|i8,SU2-HaarU4-brickwork,16,96,6.0,8,gaussian,Z,0.0,96,96,4608,96,1.0,65536,65535,0.9831149324532316,0.4888782294053575,0.4972749783168503,0.0007129367670973,0.0111221770091067,1402.6489390796537,8.486649858181362e-07,1085.5050738766272,1,16,0.0002301605108702,0.0002441443503471,0.9427230674926256,-1.3983839476890091e-05,0.0002441443503471,9.095825769693046e-06,-1.5373908681808448,0.4215059913393161,0.4214920074998392,0.1056414623996329,0.1056274785601561,,,0,2.620126338115369e-14,3.647527452454326e-15,2.6978419498391304e-14,5.204170427930421e-18,-0.4628813124465991,12,0.2
v2_large_n,large-n finite-size extension; not an asymptotic proof,SU2-HaarU4-brickwork|n16|d96|i8|dir=gaussian|basis=Z|eta=0,SU2-HaarU4-brickwork|n16|d96|i8,SU2-HaarU4-brickwork,16,96,6.0,8,gaussian,Z,0.0,96,96,4608,96,1.0,65536,65535,0.9831149324532316,0.4888782294053575,0.4972749783168503,0.0007129367670973,0.0111221770091067,1402.6489390796537,8.486649858181362e-07,1085.5050738766272,2,136,0.0020106801524843,0.0020752269779507,0.9688964984783862,-6.454682546638401e-05,0.0020752269779507,2.649436526470653e-05,-2.43624728584714,1.2277646888329674,1.227700142007501,0.3077129622732528,0.3076484154477865,,,0,2.620126338115369e-14,3.647527452454326e-15,2.6978419498391304e-14,5.204170427930421e-18,-0.4628813124465991,12,0.2
v2_large_n,large-n finite-size extension; not an asymptotic proof,U1-RZ-XY-line|n16|d96|i12|dir=gaussian|basis=Z|eta=0,U1-RZ-XY-line|n16|d96|i12,U1-RZ-XY-line,16,96,6.0,12,gaussian,Z,0.0,96,96,2256,96,1.0,12870,12869,0.7505368877891602,0.3538059563026425,0.4727470158553772,0.0140841948668894,0.0243541511703593,71.00157371089078,0.0002513346340771,63.07740680531939,1,15,0.2251604400945019,0.0011655917320693,193.1726469050763,0.2239948483624325,0.0011655917320693,6.627324697043437e-05,3379.8683269941566,0.6030938811401759,0.3790990327777433,0.458096543928256,0.2341016955658234,,,0,4.440892098500626e-16,2.393352812785224e-16,8.881784197001252e-16,4.163336342344337e-17,-0.278911940392436,12,0.2
v2_large_n,large-n finite-size extension; not an asymptotic proof,U1-RZ-XY-line|n16|d96|i12|dir=gaussian|basis=Z|eta=0,U1-RZ-XY-line|n16|d96|i12,U1-RZ-XY-line,16,96,6.0,12,gaussian,Z,0.0,96,96,2256,96,1.0,12870,12869,0.7505368877891602,0.3538059563026425,0.4727470158553772,0.0140841948668894,0.0243541511703593,71.00157371089078,0.0002513346340771,63.07740680531939,2,119,0.4275016280175335,0.0092470277410832,46.23124748703898,0.4182546002764503,0.0092470277410832,0.0001859096976498,2249.7729035320044,1.6917988211330754,1.2735442208566252,1.2850523230608375,0.8667977227843873,,,0,4.440892098500626e-16,2.393352812785224e-16,8.881784197001252e-16,4.163336342344337e-17,-0.278911940392436,12,0.2
v2_large_n,large-n finite-size extension; not an asymptotic proof,RY-RZ-CZ-line|n14|d84|i5|dir=gaussian|basis=Z|eta=0,RY-RZ-CZ-line|n14|d84|i5,RY-RZ-CZ-line,14,84,6.0,5,gaussian,Z,0.0,96,96,2352,96,1.0,16384,16383,0.9870535007477896,0.4832789301488069,0.4896144529179759,0.0014940743934905,0.011895177785225,669.3107146182621,3.817435692267461e-06,511.8163261823197,1,14,0.0007261292239912,0.0008545443447476,0.8497267911892087,-0.0001284151207563,0.0008545443447476,3.512004162684911e-05,-3.656462658010199,0.4068616048458662,0.4067331897251099,0.1415816120498239,0.1414531969290675,,,0,3.552713678800501e-15,5.082748139298755e-16,3.1086244689504387e-15,1.2576745200831853e-17,-0.4498778261884257,12,0.2
v2_large_n,large-n finite-size extension; not an asymptotic proof,RY-RZ-CZ-line|n14|d84|i5|dir=gaussian|basis=Z|eta=0,RY-RZ-CZ-line|n14|d84|i5,RY-RZ-CZ-line,14,84,6.0,5,gaussian,Z,0.0,96,96,2352,96,1.0,16384,16383,0.9870535007477896,0.4832789301488069,0.4896144529179759,0.0014940743934905,0.011895177785225,669.3107146182621,3.817435692267461e-06,511.8163261823197,2,105,0.0058795816060706,0.006409082585607,0.9173827185929048,-0.0005295009795364,0.006409082585607,9.591247575136888e-05,-5.520668457240318,1.1111348962385392,1.110605395259003,0.3866579395562854,0.386128438576749,,,0,3.552713678800501e-15,5.082748139298755e-16,3.1086244689504387e-15,1.2576745200831853e-17,-0.4498778261884257,12,0.2
v2_large_n,large-n finite-size extension; not an asymptotic proof,SU2-CNOT-line|n16|d96|i1|dir=gaussian|basis=Z|eta=0,SU2-CNOT-line|n16|d96|i1,SU2-CNOT-line,16,96,6.0,1,gaussian,Z,0.0,96,96,4608,96,1.0,65536,65535,0.9923197748230258,0.4926490595923055,0.4964665772080372,0.0004242570110665,0.0108365043338679,2357.0618137483325,2.390865772562506e-07,2045.1369845394584,1,16,0.0002342764320606,0.0002441443503471,0.9595816234433476,-9.867918286510084e-06,0.0002441443503471,8.978090348961984e-06,-1.0991110473343564,0.4160500617197812,0.4160401938014947,0.0808849191997131,0.0808750512814266,,,0,1.0991207943789051e-14,8.21595370639541e-16,1.1102230246251564e-14,5.393905808115385e-18,-0.4764448813034923,12,0.2
v2_large_n,large-n finite-size extension; not an asymptotic proof,SU2-CNOT-line|n16|d96|i1|dir=gaussian|basis=Z|eta=0,SU2-CNOT-line|n16|d96|i1,SU2-CNOT-line,16,96,6.0,1,gaussian,Z,0.0,96,96,4608,96,1.0,65536,65535,0.9923197748230258,0.4926490595923055,0.4964665772080372,0.0004242570110665,0.0108365043338679,2357.0618137483325,2.390865772562506e-07,2045.1369845394584,2,136,0.0020586075916787,0.0020752269779507,0.9919915332401784,-1.6619386272003368e-05,0.0020752269779507,2.6151424962151912e-05,-0.6355059541136306,1.2118726306671077,1.2118560112808356,0.2356019835850256,0.2355853641987536,,,0,1.0991207943789051e-14,8.21595370639541e-16,1.1102230246251564e-14,5.393905808115385e-18,-0.4764448813034923,12,0.2
v2_large_n,large-n finite-size extension; not an asymptotic proof,SU2-HaarU4-brickwork|n16|d96|i9|dir=gaussian|basis=Z|eta=0,SU2-HaarU4-brickwork|n16|d96|i9,SU2-HaarU4-brickwork,16,96,6.0,9,gaussian,Z,0.0,96,96,4608,96,1.0,65536,65535,0.9903923435891286,0.4919948841045817,0.4967712270354337,0.0007480481175016,0.0111569226162776,1336.8124009719893,9.91998595624338e-07,1004.0248718280192,1,16,0.0002372432265194,0.0002441443503471,0.971733428122119,-6.901123827666051e-06,0.0002441443503471,9.1100418289768e-06,-0.7575293239285986,0.4221647720056414,0.4221578708818138,0.1082670911616118,0.1082601900377841,,,0,3.419486915845482e-14,3.835798986726509e-15,3.4083846855992306e-14,7.37257477290143e-18,-0.4640824007970484,12,0.2
v2_large_n,large-n finite-size extension; not an asymptotic proof,SU2-HaarU4-brickwork|n16|d96|i9|dir=gaussian|basis=Z|eta=0,SU2-HaarU4-brickwork|n16|d96|i9,SU2-HaarU4-brickwork,16,96,6.0,9,gaussian,Z,0.0,96,96,4608,96,1.0,65536,65535,0.9903923435891286,0.4919948841045817,0.4967712270354337,0.0007480481175016,0.0111569226162776,1336.8124009719893,9.91998595624338e-07,1004.0248718280192,2,136,0.0019598488777332,0.0020752269779507,0.9444021779577196,-0.0001153781002174,0.0020752269779507,2.653577387089856e-05,-4.348020931244696,1.2296835883419166,1.2295682102416992,0.3153609064215645,0.315245528321347,,,0,3.419486915845482e-14,3.835798986726509e-15,3.4083846855992306e-14,7.37257477290143e-18,-0.4640824007970484,12,0.2
v2_large_n,large-n finite-size extension; not an asymptotic proof,U1-RZ-XY-line|n16|d96|i13|dir=gaussian|basis=Z|eta=0,U1-RZ-XY-line|n16|d96|i13,U1-RZ-XY-line,16,96,6.0,13,gaussian,Z,0.0,96,96,2256,96,1.0,12870,12869,0.7772323586893402,0.3637209520156192,0.4686892718981094,0.0146255954296075,0.0248899121438824,68.37328468526042,0.0002681774427413,61.06451012379947,1,15,0.2470881618711969,0.0011655917320693,211.98517034136225,0.2459225701391276,0.0011655917320693,6.700055385483004e-05,3670.455779693517,0.6097124542709873,0.3637898841318596,0.4668661330825889,0.2209435629434612,,,0,4.440892098500626e-15,1.643003635315677e-15,3.552713678800501e-15,5.551115123125783e-17,-0.2541492898299096,12,0.2
v2_large_n,large-n finite-size extension; not an asymptotic proof,U1-RZ-XY-line|n16|d96|i13|dir=gaussian|basis=Z|eta=0,U1-RZ-XY-line|n16|d96|i13,U1-RZ-XY-line,16,96,6.0,13,gaussian,Z,0.0,96,96,2256,96,1.0,12870,12869,0.7772323586893402,0.3637209520156192,0.4686892718981094,0.0146255954296075,0.0248899121438824,68.37328468526042,0.0002681774427413,61.06451012379947,2,119,0.4427304337778583,0.0092470277410832,47.8781340528341,0.4334834060367751,0.0092470277410832,0.00018794993876,2306.3769474815363,1.710365241006414,1.276881834969639,1.3096527726045684,0.8761693665677932,,,0,4.440892098500626e-15,1.643003635315677e-15,3.552713678800501e-15,5.551115123125783e-17,-0.2541492898299096,12,0.2
v2_large_n,large-n finite-size extension; not an asymptotic proof,RY-RZ-CZ-line|n14|d84|i6|dir=gaussian|basis=Z|eta=0,RY-RZ-CZ-line|n14|d84|i6,RY-RZ-CZ-line,14,84,6.0,6,gaussian,Z,0.0,96,96,2352,96,1.0,16384,16383,0.9859473446683577,0.4830515485945608,0.4899497522838325,0.0015172142141113,0.0119180765660476,659.1027098871015,4.251764554950332e-06,484.9705831977898,1,14,0.0007241032207834,0.0008545443447476,0.8473559332924917,-0.0001304411239641,0.0008545443447476,3.5154003433795304e-05,-3.710562417445112,0.4072550484364065,0.4071246073124423,0.1427201230495471,0.1425896819255829,,,0,4.884981308350689e-15,6.904466393580572e-16,4.551914400963142e-15,1.4094628242311558e-17,-0.4462701657892094,12,0.2
v2_large_n,large-n finite-size extension; not an asymptotic proof,RY-RZ-CZ-line|n14|d84|i6|dir=gaussian|basis=Z|eta=0,RY-RZ-CZ-line|n14|d84|i6,RY-RZ-CZ-line,14,84,6.0,6,gaussian,Z,0.0,96,96,2352,96,1.0,16384,16383,0.9859473446683577,0.4830515485945608,0.4899497522838325,0.0015172142141113,0.0119180765660476,659.1027098871015,4.251764554950332e-06,484.9705831977898,2,105,0.0058826130212649,0.006409082585607,0.9178557059750898,-0.000526469564342,0.006409082585607,9.60052251000117e-05,-5.483759491148483,1.1122093866744611,1.111682917110119,0.3897672014932113,0.3892407319288692,,,0,4.884981308350689e-15,6.904466393580572e-16,4.551914400963142e-15,1.4094628242311558e-17,-0.4462701657892094,12,0.2
v2_large_n,large-n finite-size extension; not an asymptotic proof,SU2-CNOT-line|n16|d96|i2|dir=gaussian|basis=Z|eta=0,SU2-CNOT-line|n16|d96|i2,SU2-CNOT-line,16,96,6.0,2,gaussian,Z,0.0,96,96,4608,96,1.0,65536,65535,0.9977115227775571,0.4954392245752728,0.4965782059114425,0.0004093022740707,0.0108217053753825,2443.182125655716,2.44502928398588e-07,2022.357674753503,1,16,0.0002296739844203,0.0002441443503471,0.9407302855617804,-1.4470365926779804e-05,0.0002441443503471,8.971949103657722e-06,-1.6128452981170462,0.4157654727494586,0.4157510023835318,0.0793923974939955,0.0793779271280687,,,0,3.1086244689504387e-15,2.7664494007451333e-16,3.3306690738754696e-15,5.637851296924623e-18,-0.4792537203446203,12,0.2
v2_large_n,large-n finite-size extension; not an asymptotic proof,SU2-CNOT-line|n16|d96|i2|dir=gaussian|basis=Z|eta=0,SU2-CNOT-line|n16|d96|i2,SU2-CNOT-line,16,96,6.0,2,gaussian,Z,0.0,96,96,4608,96,1.0,65536,65535,0.9977115227775571,0.4954392245752728,0.4965782059114425,0.0004093022740707,0.0108217053753825,2443.182125655716,2.44502928398588e-07,2022.357674753503,2,136,0.0020282300194457,0.0020752269779507,0.9773533406204346,-4.6996958504934815e-05,0.0020752269779507,2.6133536713147252e-05,-1.7983390086383368,1.2110436785388514,1.2109966815803466,0.2312545591468242,0.2312075621883193,,,0,3.1086244689504387e-15,2.7664494007451333e-16,3.3306690738754696e-15,5.637851296924623e-18,-0.4792537203446203,12,0.2
v2_large_n,large-n finite-size extension; not an asymptotic proof,SU2-HaarU4-brickwork|n16|d96|i10|dir=gaussian|basis=Z|eta=0,SU2-HaarU4-brickwork|n16|d96|i10,SU2-HaarU4-brickwork,16,96,6.0,10,gaussian,Z,0.0,96,96,4608,96,1.0,65536,65535,0.995493381596373,0.4948143537063392,0.4970678457075343,0.0007560415425335,0.0111648327764655,1322.678640976344,8.857616842053917e-07,1062.5308662740404,1,16,0.0002318046243487,0.0002441443503471,0.9494572535433434,-1.2339725998420767e-05,0.0002441443503471,9.113275147942506e-06,-1.354038564413003,0.4223146059350134,0.422302266209015,0.1088559902086902,0.1088436504826917,,,0,1.7652546091539992e-14,2.1960515170967737e-15,1.754152378907747e-14,4.9873299934333204e-18,-0.4680624078958971,12,0.2
v2_large_n,large-n finite-size extension; not an asymptotic proof,SU2-HaarU4-brickwork|n16|d96|i10|dir=gaussian|basis=Z|eta=0,SU2-HaarU4-brickwork|n16|d96|i10,SU2-HaarU4-brickwork,16,96,6.0,10,gaussian,Z,0.0,96,96,4608,96,1.0,65536,65535,0.995493381596373,0.4948143537063392,0.4970678457075343,0.0007560415425335,0.0111648327764655,1322.678640976344,8.857616842053917e-07,1062.5308662740404,2,136,0.0019897040161866,0.0020752269779507,0.95878862279993,-8.552296176408828e-05,0.0020752269779507,2.654519189800943e-05,-3.2217872860998784,1.2301200253355815,1.2300345023738175,0.317076254412213,0.316990731450449,,,0,1.7652546091539992e-14,2.1960515170967737e-15,1.754152378907747e-14,4.9873299934333204e-18,-0.4680624078958971,12,0.2
v2_large_n,large-n finite-size extension; not an asymptotic proof,U1-RZ-XY-line|n16|d96|i14|dir=gaussian|basis=Z|eta=0,U1-RZ-XY-line|n16|d96|i14,U1-RZ-XY-line,16,96,6.0,14,gaussian,Z,0.0,96,96,2256,96,1.0,12870,12869,0.7656503924148973,0.3666225778100092,0.4793578630069351,0.0152353916803455,0.0254933563503419,65.63664531776044,0.0003096910815065,56.82450361091888,1,15,0.2350796290459273,0.0011655917320693,201.6826497461359,0.233914037313858,0.0011655917320693,6.781040153494762e-05,3449.530337809681,0.6170821577767227,0.3831681204628647,0.4765503838824791,0.2426363465686211,,,0,2.886579864025407e-15,9.951378459631546e-16,2.7755575615628917e-15,3.122502256758253e-17,-0.2362310575399641,12,0.2
v2_large_n,large-n finite-size extension; not an asymptotic proof,U1-RZ-XY-line|n16|d96|i14|dir=gaussian|basis=Z|eta=0,U1-RZ-XY-line|n16|d96|i14,U1-RZ-XY-line,16,96,6.0,14,gaussian,Z,0.0,96,96,2256,96,1.0,12870,12869,0.7656503924148973,0.3666225778100092,0.4793578630069351,0.0152353916803455,0.0254933563503419,65.63664531776044,0.0003096910815065,56.82450361091888,2,119,0.4362405353807873,0.0092470277410832,47.176297897608,0.426993507639704,0.0092470277410832,0.000190221723292,2244.714747873977,1.7310387316402966,1.3040452240005926,1.3368190307928245,0.9098255231531204,,,0,2.886579864025407e-15,9.951378459631546e-16,2.7755575615628917e-15,3.122502256758253e-17,-0.2362310575399641,12,0.2
v2_large_n,large-n finite-size extension; not an asymptotic proof,RY-RZ-CZ-line|n14|d84|i7|dir=gaussian|basis=Z|eta=0,RY-RZ-CZ-line|n14|d84|i7,RY-RZ-CZ-line,14,84,6.0,7,gaussian,Z,0.0,96,96,2352,96,1.0,16384,16383,0.9852854727033712,0.4823910697264289,0.4896409921756403,0.0016780660661094,0.0120772528779208,595.9240939294324,5.108632018623132e-06,442.4331803372101,1,14,0.0007671185434286,0.0008545443447476,0.8976930783565085,-8.7425801318982e-05,0.0008545443447476,3.538918146801173e-05,-2.47041038228042,0.4099795586588727,0.4098921328575537,0.1503962601951428,0.1503088343938239,,,0,1.7763568394002505e-15,2.499462275018149e-16,1.7763568394002505e-15,1.3444106938820257e-17,-0.4369883353759857,12,0.2
v2_large_n,large-n finite-size extension; not an asymptotic proof,RY-RZ-CZ-line|n14|d84|i7|dir=gaussian|basis=Z|eta=0,RY-RZ-CZ-line|n14|d84|i7,RY-RZ-CZ-line,14,84,6.0,7,gaussian,Z,0.0,96,96,2352,96,1.0,16384,16383,0.9852854727033712,0.4823910697264289,0.4896409921756403,0.0016780660661094,0.0120772528779208,595.9240939294324,5.108632018623132e-06,442.4331803372101,2,105,0.0059857762484952,0.006409082585607,0.9339521169437806,-0.0004233063371118,0.006409082585607,9.664749391460196e-05,-4.379899777699982,1.119649996324732,1.1192266899876202,0.4107306538052463,0.4103073474681345,,,0,1.7763568394002505e-15,2.499462275018149e-16,1.7763568394002505e-15,1.3444106938820257e-17,-0.4369883353759857,12,0.2
v2_large_n,large-n finite-size extension; not an asymptotic proof,SU2-CNOT-line|n16|d96|i3|dir=gaussian|basis=Z|eta=0,SU2-CNOT-line|n16|d96|i3,SU2-CNOT-line,16,96,6.0,3,gaussian,Z,0.0,96,96,4608,96,1.0,65536,65535,0.9949765418652275,0.4943618550440525,0.4968532938396876,0.0004416978008199,0.010853763448728,2263.9913491615284,2.9023794242133725e-07,1856.1920433731248,1,16,0.0002379349987976,0.0002441443503471,0.9745668841377796,-6.209351549485426e-06,0.0002441443503471,8.985247203474148e-06,-0.6910607364352289,0.4163817146265543,0.4163755052750048,0.0825914926664574,0.0825852833149079,,,0,1.1102230246251563e-15,9.282709861829461e-17,8.881784197001252e-16,6.5052130349130266e-18,-0.4791106779096797,12,0.2
v2_large_n,large-n finite-size extension; not an asymptotic proof,SU2-CNOT-line|n16|d96|i3|dir=gaussian|basis=Z|eta=0,SU2-CNOT-line|n16|d96|i3,SU2-CNOT-line,16,96,6.0,3,gaussian,Z,0.0,96,96,4608,96,1.0,65536,65535,0.9949765418652275,0.4943618550440525,0.4968532938396876,0.0004416978008199,0.010853763448728,2263.9913491615284,2.9023794242133725e-07,1856.1920433731248,2,136,0.002021194970026,0.0020752269779507,0.9739633261812995,-5.40320079246699e-05,0.0020752269779507,2.617227148256608e-05,-2.064475296332678,1.2128386708569303,1.2127846388490056,0.2405728990273194,0.2405188670193947,,,0,1.1102230246251563e-15,9.282709861829461e-17,8.881784197001252e-16,6.5052130349130266e-18,-0.4791106779096797,12,0.2
v2_large_n,large-n finite-size extension; not an asymptotic proof,SU2-HaarU4-brickwork|n16|d96|i11|dir=gaussian|basis=Z|eta=0,SU2-HaarU4-brickwork|n16|d96|i11,SU2-HaarU4-brickwork,16,96,6.0,11,gaussian,Z,0.0,96,96,4608,96,1.0,65536,65535,0.9953236241768012,0.4948486020600467,0.4971586965001346,0.0007320962666635,0.0111411369305524,1365.940581226277,8.213288724666752e-07,1103.4215333641014,1,16,0.0002327441381412,0.0002441443503471,0.9533054433178572,-1.1400212205909562e-05,0.0002441443503471,9.103585915566354e-06,-1.2522771039504526,0.4218656011275956,0.4218542009153896,0.1070821914608346,0.1070707912486286,,,0,3.9634961979118095e-14,3.9688304754002784e-15,3.9412917374193063e-14,7.37257477290143e-18,-0.4601702195695285,12,0.2
v2_large_n,large-n finite-size extension; not an asymptotic proof,SU2-HaarU4-brickwork|n16|d96|i11|dir=gaussian|basis=Z|eta=0,SU2-HaarU4-brickwork|n16|d96|i11,SU2-HaarU4-brickwork,16,96,6.0,11,gaussian,Z,0.0,96,96,4608,96,1.0,65536,65535,0.9953236241768012,0.4948486020600467,0.4971586965001346,0.0007320962666635,0.0111411369305524,1365.940581226277,8.213288724666752e-07,1103.4215333641014,2,136,0.0020174493894662,0.0020752269779507,0.9721584245490312,-5.7777588484500455e-05,0.0020752269779507,2.651696905511333e-05,-2.178891123054619,1.2288121619623655,1.228754384373881,0.3119095248461793,0.3118517472576947,,,0,3.9634961979118095e-14,3.9688304754002784e-15,3.9412917374193063e-14,7.37257477290143e-18,-0.4601702195695285,12,0.2
v2_large_n,large-n finite-size extension; not an asymptotic proof,U1-RZ-XY-line|n16|d96|i15|dir=gaussian|basis=Z|eta=0,U1-RZ-XY-line|n16|d96|i15,U1-RZ-XY-line,16,96,6.0,15,gaussian,Z,0.0,96,96,2256,96,1.0,12870,12869,0.7773608388967052,0.3780196052813453,0.4870646487249533,0.0152553964570297,0.0255131527439356,65.55057436997622,0.0003349467058907,54.64018291215918,1,15,0.2461143289335595,0.0011655917320693,211.1496866030652,0.2449487372014902,0.0011655917320693,6.78368053469075e-05,3610.8530752422407,0.6173224353873684,0.3723736981858782,0.4768647504982586,0.2319160132967684,,,0,4.440892098500626e-16,1.6595754308907783e-16,0.0,4.163336342344337e-17,-0.28697130253267,12,0.2
v2_large_n,large-n finite-size extension; not an asymptotic proof,U1-RZ-XY-line|n16|d96|i15|dir=gaussian|basis=Z|eta=0,U1-RZ-XY-line|n16|d96|i15,U1-RZ-XY-line,16,96,6.0,15,gaussian,Z,0.0,96,96,2256,96,1.0,12870,12869,0.7773608388967052,0.3780196052813453,0.4870646487249533,0.0152553964570297,0.0255131527439356,65.55057436997622,0.0003349467058907,54.64018291215918,2,119,0.4364970782342248,0.0092470277410832,47.20404117475831,0.4272500504931416,0.0092470277410832,0.0001902957912594,2245.189174523136,1.731712758340197,1.3044627078470554,1.3377008919534348,0.9104508414602932,,,0,4.440892098500626e-16,1.6595754308907783e-16,0.0,4.163336342344337e-17,-0.28697130253267,12,0.2
v2_large_n,large-n finite-size extension; not an asymptotic proof,RY-RZ-CZ-line|n14|d84|i8|dir=gaussian|basis=Z|eta=0,RY-RZ-CZ-line|n14|d84|i8,RY-RZ-CZ-line,14,84,6.0,8,gaussian,Z,0.0,96,96,2352,96,1.0,16384,16383,0.9868053906401328,0.4858070638659185,0.4922969291633667,0.0015429214227738,0.0119435159912865,648.1211455358728,3.7953993642754063e-06,513.2999946598165,1,14,0.0007320343799198,0.0008545443447476,0.8566370890161968,-0.0001225099648277,0.0008545443447476,3.519169490860344e-05,-3.4812180869928127,0.4076916997961167,0.407569189831289,0.1439743966587662,0.1438518866939385,,,0,2.220446049250313e-15,3.8662649470833093e-16,1.9984014443252818e-15,1.3877787807814457e-17,-0.4561495512334741,12,0.2
v2_large_n,large-n finite-size extension; not an asymptotic proof,RY-RZ-CZ-line|n14|d84|i8|dir=gaussian|basis=Z|eta=0,RY-RZ-CZ-line|n14|d84|i8,RY-RZ-CZ-line,14,84,6.0,8,gaussian,Z,0.0,96,96,2352,96,1.0,16384,16383,0.9868053906401328,0.4858070638659185,0.4922969291633667,0.0015429214227738,0.0119435159912865,648.1211455358728,3.7953993642754063e-06,513.2999946598165,2,105,0.0060549897537389,0.006409082585607,0.9447514012905271,-0.000354092831868,0.006409082585607,9.6108160133574e-05,-3.684315997475605,1.1134018770876273,1.1130477842557591,0.3931926099368575,0.3928385171049895,,,0,2.220446049250313e-15,3.8662649470833093e-16,1.9984014443252818e-15,1.3877787807814457e-17,-0.4561495512334741,12,0.2
v2_large_n,large-n finite-size extension; not an asymptotic proof,SU2-CNOT-line|n16|d96|i4|dir=gaussian|basis=Z|eta=0,SU2-CNOT-line|n16|d96|i4,SU2-CNOT-line,16,96,6.0,4,gaussian,Z,0.0,96,96,4608,96,1.0,65536,65535,0.996913555690511,0.4949766065597664,0.4965093910909885,0.0004415344788572,0.0108536018280358,2264.828791146944,2.830613249005197e-07,1879.5753140214656,1,16,0.0002360481705102,0.0002441443503471,0.9668385533993652,-8.09617983688342e-06,0.0002441443503471,8.985180210500336e-06,-0.9010592606058137,0.4163786101321902,0.4163705139523533,0.0825756752770269,0.08256757909719,,,0,8.215650382226158e-15,9.341611914419397e-16,8.215650382226158e-15,8.890457814381136e-18,-0.4806095129878266,12,0.2
v2_large_n,large-n finite-size extension; not an asymptotic proof,SU2-CNOT-line|n16|d96|i4|dir=gaussian|basis=Z|eta=0,SU2-CNOT-line|n16|d96|i4,SU2-CNOT-line,16,96,6.0,4,gaussian,Z,0.0,96,96,4608,96,1.0,65536,65535,0.996913555690511,0.4949766065597664,0.4965093910909885,0.0004415344788572,0.0108536018280358,2264.828791146944,2.830613249005197e-07,1879.5753140214656,2,136,0.0020597430766416,0.0020752269779507,0.992538695056699,-1.548390130905533e-05,0.0020752269779507,2.617207634510817e-05,-0.5916191403724615,1.2128296280707416,1.2128141441694325,0.240526826058936,0.240511342157627,,,0,8.215650382226158e-15,9.341611914419397e-16,8.215650382226158e-15,8.890457814381136e-18,-0.4806095129878266,12,0.2
v2_large_n,large-n finite-size extension; not an asymptotic proof,U1-RZ-XY-line|n14|d84|i0|dir=gaussian|basis=Z|eta=0,U1-RZ-XY-line|n14|d84|i0,U1-RZ-XY-line,14,84,6.0,0,gaussian,Z,0.0,96,96,1722,96,1.0,3432,3431,0.7931303010607119,0.368351674637014,0.4659934651690676,0.0190503519769098,0.0292685774771503,52.4924684442607,0.0004553488621431,46.86276099419423,1,13,0.2539614234129733,0.0037889828038472,67.02628028691626,0.250172440609126,0.0037889828038472,0.0002524677859969,990.9083633034882,0.6125970984358262,0.3624246578267002,0.492891053233925,0.242718612624799,,,0,6.661338147750939e-16,4.026987985304735e-16,8.881784197001252e-16,4.163336342344337e-17,-0.246351140493666,12,0.2
v2_large_n,large-n finite-size extension; not an asymptotic proof,U1-RZ-XY-line|n14|d84|i0|dir=gaussian|basis=Z|eta=0,U1-RZ-XY-line|n14|d84|i0,U1-RZ-XY-line,14,84,6.0,0,gaussian,Z,0.0,96,96,1722,96,1.0,3432,3431,0.7931303010607119,0.368351674637014,0.4659934651690676,0.0190503519769098,0.0292685774771503,52.4924684442607,0.0004553488621431,46.86276099419423,2,90,0.4854606034976224,0.0262314194112503,18.50683700667047,0.459229184086372,0.0262314194112503,0.0006567616098504,699.2326853436598,1.5935904652930657,1.1343612812066934,1.2821909944846444,0.8229618103982723,,,0,6.661338147750939e-16,4.026987985304735e-16,8.881784197001252e-16,4.163336342344337e-17,-0.246351140493666,12,0.2
v2_large_n,large-n finite-size extension; not an asymptotic proof,RY-RZ-CZ-line|n14|d84|i9|dir=gaussian|basis=Z|eta=0,RY-RZ-CZ-line|n14|d84|i9,RY-RZ-CZ-line,14,84,6.0,9,gaussian,Z,0.0,96,96,2352,96,1.0,16384,16383,0.9879642286491408,0.4847156330675197,0.4905978696656472,0.0015860817132328,0.0119862266953866,630.484540397184,4.374159584620348e-06,478.1373698250273,1,14,0.0007885548657362,0.0008545443447476,0.922778168954108,-6.598947901132206e-05,0.0008545443447476,3.525488517668525e-05,-1.8717825538391544,0.4084237517155186,0.4083577622365073,0.1460559981867664,0.145990008707755,,,0,2.220446049250313e-15,3.6084131270583844e-16,1.9984014443252818e-15,1.474514954580286e-17,-0.4542891147991486,12,0.2
v2_large_n,large-n finite-size extension; not an asymptotic proof,RY-RZ-CZ-line|n14|d84|i9|dir=gaussian|basis=Z|eta=0,RY-RZ-CZ-line|n14|d84|i9,RY-RZ-CZ-line,14,84,6.0,9,gaussian,Z,0.0,96,96,2352,96,1.0,16384,16383,0.9879642286491408,0.4847156330675197,0.4905978696656472,0.0015860817132328,0.0119862266953866,630.484540397184,4.374159584620348e-06,478.1373698250273,2,105,0.0058467618649294,0.006409082585607,0.9122619012679992,-0.0005623207206775,0.006409082585607,9.628073211169164e-05,-5.840428384208894,1.1154011034186888,1.1148387826980113,0.3988774424948489,0.3983151217741714,,,0,2.220446049250313e-15,3.6084131270583844e-16,1.9984014443252818e-15,1.474514954580286e-17,-0.4542891147991486,12,0.2
v2_large_n,large-n finite-size extension; not an asymptotic proof,SU2-CNOT-line|n16|d96|i5|dir=gaussian|basis=Z|eta=0,SU2-CNOT-line|n16|d96|i5,SU2-CNOT-line,16,96,6.0,5,gaussian,Z,0.0,96,96,4608,96,1.0,65536,65535,0.9941566510795152,0.4936152917313694,0.4965220409804616,0.000433289937277,0.010845443167097,2307.923434096566,3.069163656224424e-07,1805.053076464378,1,16,0.0002339842991633,0.0002441443503471,0.9583850653542229,-1.0160051183832073e-05,0.0002441443503471,8.981797735847518e-06,-1.1311823626668849,0.416221864239314,0.4162117041881302,0.0817732333218268,0.081763073270643,,,0,2.220446049250313e-15,2.1386110462970875e-16,1.9984014443252818e-15,5.854691731421724e-18,-0.4732288187418286,12,0.2
v2_large_n,large-n finite-size extension; not an asymptotic proof,SU2-CNOT-line|n16|d96|i5|dir=gaussian|basis=Z|eta=0,SU2-CNOT-line|n16|d96|i5,SU2-CNOT-line,16,96,6.0,5,gaussian,Z,0.0,96,96,4608,96,1.0,65536,65535,0.9941566510795152,0.4936152917313694,0.4965220409804616,0.000433289937277,0.010845443167097,2307.923434096566,3.069163656224424e-07,1805.053076464378,2,136,0.002026436285066,0.0020752269779507,0.976488984866191,-4.879069288468794e-05,0.0020752269779507,2.6162223856590963e-05,-1.8649291112305904,1.2123730578763738,1.212324267183489,0.2381894692533964,0.2381406785605118,,,0,2.220446049250313e-15,2.1386110462970875e-16,1.9984014443252818e-15,5.854691731421724e-18,-0.4732288187418286,12,0.2
v2_large_n,large-n finite-size extension; not an asymptotic proof,U1-RZ-XY-line|n14|d84|i1|dir=gaussian|basis=Z|eta=0,U1-RZ-XY-line|n14|d84|i1,U1-RZ-XY-line,14,84,6.0,1,gaussian,Z,0.0,96,96,1722,96,1.0,3432,3431,0.7845097284892514,0.3729352821891408,0.4762553333084862,0.0183120111465207,0.0285379276970778,54.608966322631154,0.0004302321916282,48.21126740086046,1,13,0.2609501350253376,0.0037889828038472,68.87076255937949,0.2571611522214903,0.0037889828038472,0.0002492645129228,1031.6797574032937,0.6048245591276292,0.3476634069061389,0.4830937050430449,0.2259325528215545,,,0,1.1102230246251563e-16,9.560278110813294e-17,2.220446049250313e-16,4.163336342344337e-17,-0.2486903433380325,12,0.2
v2_large_n,large-n finite-size extension; not an asymptotic proof,U1-RZ-XY-line|n14|d84|i1|dir=gaussian|basis=Z|eta=0,U1-RZ-XY-line|n14|d84|i1,U1-RZ-XY-line,14,84,6.0,1,gaussian,Z,0.0,96,96,1722,96,1.0,3432,3431,0.7845097284892514,0.3729352821891408,0.4762553333084862,0.0183120111465207,0.0285379276970778,54.608966322631154,0.0004302321916282,48.21126740086046,2,90,0.4963987017994595,0.0262314194112503,18.923821620821617,0.4701672823882092,0.0262314194112503,0.0006484287179028,725.0870749660909,1.5733712305557728,1.1032039481675635,1.2567044867914017,0.7865372044031924,,,0,1.1102230246251563e-16,9.560278110813294e-17,2.220446049250313e-16,4.163336342344337e-17,-0.2486903433380325,12,0.2
