profile,analysis_role,job_id,circuit_id,family,n,depth,depth_factor,instance,direction_sampler,measurement_basis,bitflip_rate,tangents,tangent_count_used,parameter_count,regular_tangents,regular_fraction,support_size,score_dimension,FQ_mean,Ffull_mean,Ffull_over_FQ_mean,pairwise_purity,sample_covariance_purity,deff_pairwise,trC3_u_stat,renyi3_dimension_diag,k,readout_rank,actual_retention,rank_baseline,enhancement,physical_minus_rank_baseline,haar_null_mean,haar_null_std,haar_alignment_z,theorem_rhs_sample,theorem_bound_slack_sample,theorem_rhs_u_stat,theorem_bound_slack_u_stat,crossfit_kyfan,sample_lambda_max,sample_spectrum_rank,state_norm_error,horizontal_overlap_max,probability_sum_error,probability_tangent_sum_max,fisher_violation_max,min_circuits_for_inference,max_relative_ci_halfwidth
v2_convergence,tangent-sample convergence and estimator stability,SU2-CNOT-line|n8|d48|i0|dir=gaussian|basis=Z|eta=0,SU2-CNOT-line|n8|d48|i0,SU2-CNOT-line,8,48,6.0,0,gaussian,Z,0.0,256,32,1152,32,1.0,256,255,0.9844714152635148,0.4844662857376435,0.4918652820562147,0.0064875930672233,0.0375348557838726,154.14037064873855,6.74171882901273e-05,121.79085577374556,1,8,0.0329890379736505,0.0313725490196078,1.0515255854101104,0.0016164889540426,0.0313725490196078,0.0028249479519221,0.5722190219266742,0.510362637013304,0.5087461480592613,0.1410112537991245,0.1393947648450818,,,0,8.881784197001252e-16,2.0297932603735988e-16,8.881784197001252e-16,6.245004513516506e-17,-0.3761761370295586,8,0.2
v2_convergence,tangent-sample convergence and estimator stability,SU2-CNOT-line|n8|d48|i0|dir=gaussian|basis=Z|eta=0,SU2-CNOT-line|n8|d48|i0,SU2-CNOT-line,8,48,6.0,0,gaussian,Z,0.0,256,32,1152,32,1.0,256,255,0.9844714152635148,0.4844662857376435,0.4918652820562147,0.0064875930672233,0.0375348557838726,154.14037064873855,6.74171882901273e-05,121.79085577374556,2,36,0.1410511984304457,0.1411764705882353,0.9991126555489904,-0.0001252721577895,0.1411764705882353,0.0056427432286081,-0.02220057739903,1.019433052627357,1.0193077804695674,0.281665471744761,0.2815401995869714,,,0,8.881784197001252e-16,2.0297932603735988e-16,8.881784197001252e-16,6.245004513516506e-17,-0.3761761370295586,8,0.2
v2_convergence,tangent-sample convergence and estimator stability,SU2-CNOT-line|n8|d48|i0|dir=gaussian|basis=Z|eta=0,SU2-CNOT-line|n8|d48|i0,SU2-CNOT-line,8,48,6.0,0,gaussian,Z,0.0,256,64,1152,64,1.0,256,255,0.9814530734989266,0.4793053725323561,0.4879577727635385,0.006000138080362,0.0215313859228564,166.66283118932046,4.774125103409914e-05,144.7281805341115,1,8,0.0312151090196295,0.0313725490196078,0.9949816000006912,-0.0001574399999783,0.0313725490196078,0.0020447131160261,-0.0769985768391318,0.3694033290492007,0.3692458890492224,0.1269128655687513,0.126755425568773,,,0,8.881784197001252e-16,2.0297932603735988e-16,8.881784197001252e-16,6.245004513516506e-17,-0.3761761370295586,8,0.2
v2_convergence,tangent-sample convergence and estimator stability,SU2-CNOT-line|n8|d48|i0|dir=gaussian|basis=Z|eta=0,SU2-CNOT-line|n8|d48|i0,SU2-CNOT-line,8,48,6.0,0,gaussian,Z,0.0,256,64,1152,64,1.0,256,255,0.9814530734989266,0.4793053725323561,0.4879577727635385,0.006000138080362,0.0215313859228564,166.66283118932046,4.774125103409914e-05,144.7281805341115,2,36,0.1355166146259328,0.1411764705882353,0.9599093536003576,-0.0056598559623024,0.1411764705882353,0.0040842490857405,-1.385776392057711,0.7378713410274939,0.7322114850651914,0.253504391938991,0.2478445359766885,,,0,8.881784197001252e-16,2.0297932603735988e-16,8.881784197001252e-16,6.245004513516506e-17,-0.3761761370295586,8,0.2
v2_convergence,tangent-sample convergence and estimator stability,SU2-CNOT-line|n8|d48|i0|dir=gaussian|basis=Z|eta=0,SU2-CNOT-line|n8|d48|i0,SU2-CNOT-line,8,48,6.0,0,gaussian,Z,0.0,256,128,1152,128,1.0,256,255,0.9848921075545162,0.4786843418385972,0.4858236897011856,0.0059785481583383,0.0137443407508513,167.26468927163978,4.715796519382563e-05,145.6204843444492,1,8,0.0310175391992566,0.0313725490196078,0.988684061976306,-0.0003550098203511,0.0313725490196078,0.0015271158765609,-0.2324707809014957,0.2758928302577005,0.2755378204373493,0.1262520285689631,0.1258970187486119,,,0,8.881784197001252e-16,2.0297932603735988e-16,8.881784197001252e-16,6.245004513516506e-17,-0.3761761370295586,8,0.2
v2_convergence,tangent-sample convergence and estimator stability,SU2-CNOT-line|n8|d48|i0|dir=gaussian|basis=Z|eta=0,SU2-CNOT-line|n8|d48|i0,SU2-CNOT-line,8,48,6.0,0,gaussian,Z,0.0,256,128,1152,128,1.0,256,255,0.9848921075545162,0.4786843418385972,0.4858236897011856,0.0059785481583383,0.0137443407508513,167.26468927163978,4.715796519382563e-05,145.6204843444492,2,36,0.1362736614857356,0.1411764705882353,0.9652717688572942,-0.0049028091024996,0.1411764705882353,0.0030503651459846,-1.6072859699939543,0.551087108949704,0.5461842998472044,0.2521843911569477,0.247281582054448,,,0,8.881784197001252e-16,2.0297932603735988e-16,8.881784197001252e-16,6.245004513516506e-17,-0.3761761370295586,8,0.2
v2_convergence,tangent-sample convergence and estimator stability,SU2-CNOT-line|n8|d48|i0|dir=gaussian|basis=Z|eta=0,SU2-CNOT-line|n8|d48|i0,SU2-CNOT-line,8,48,6.0,0,gaussian,Z,0.0,256,256,1152,256,1.0,256,255,0.9901788753598988,0.4845574871606556,0.4891458344269865,0.0059375545239315,0.0098206109515724,168.41950603897013,4.670365022970248e-05,146.32703997585872,1,8,0.0305006689984407,0.0313725490196078,0.9722088243253004,-0.000871880021167,0.0313725490196078,0.001183438554645,-0.7367345078837436,0.2138031679772626,0.2129312879560955,0.1249876563543895,0.1241157763332225,,,0,8.881784197001252e-16,2.0297932603735988e-16,8.881784197001252e-16,6.245004513516506e-17,-0.3761761370295586,8,0.2
v2_convergence,tangent-sample convergence and estimator stability,SU2-CNOT-line|n8|d48|i0|dir=gaussian|basis=Z|eta=0,SU2-CNOT-line|n8|d48|i0,SU2-CNOT-line,8,48,6.0,0,gaussian,Z,0.0,256,256,1152,256,1.0,256,255,0.9901788753598988,0.4845574871606556,0.4891458344269865,0.0059375545239315,0.0098206109515724,168.41950603897013,4.670365022970248e-05,146.32703997585872,2,36,0.1404790797627304,0.1411764705882353,0.9950601483193408,-0.0006973908255048,0.1411764705882353,0.0023638806818204,-0.2950194698354079,0.4270649933701528,0.426367602544648,0.2496588480766333,0.2489614572511284,,,0,8.881784197001252e-16,2.0297932603735988e-16,8.881784197001252e-16,6.245004513516506e-17,-0.3761761370295586,8,0.2
v2_convergence,tangent-sample convergence and estimator stability,SU2-HaarU4-brickwork|n12|d72|i0|dir=gaussian|basis=Z|eta=0,SU2-HaarU4-brickwork|n12|d72|i0,SU2-HaarU4-brickwork,12,72,6.0,0,gaussian,Z,0.0,256,32,2592,32,1.0,4096,4095,0.9739994923484374,0.4807835000962833,0.493646429629154,0.0015899671579081,0.0327902806842235,628.9438086983191,5.114977544641977e-06,442.1586588466609,1,12,0.0026807503512018,0.0029304029304029,0.9148060573476442,-0.000249652579201,0.0029304029304029,0.0002154819035316,-1.1585779367517166,0.6240260312890357,0.6237763787098346,0.1268931806394818,0.1266435280602807,,,0,2.2870594307278225e-14,3.599551447780049e-15,2.2648549702353197e-14,2.6454533008646308e-17,-0.4231026910813075,8,0.2
v2_convergence,tangent-sample convergence and estimator stability,SU2-HaarU4-brickwork|n12|d72|i0|dir=gaussian|basis=Z|eta=0,SU2-HaarU4-brickwork|n12|d72|i0,SU2-HaarU4-brickwork,12,72,6.0,0,gaussian,Z,0.0,256,32,2592,32,1.0,4096,4095,0.9739994923484374,0.4807835000962833,0.493646429629154,0.0015899671579081,0.0327902806842235,628.9438086983191,5.114977544641977e-06,442.1586588466609,2,78,0.0188905573814764,0.019047619047619,0.9917542625275152,-0.0001570616661425,0.019047619047619,0.0005449149305017,-0.2882315336779977,1.5780494598294652,1.5778923981633226,0.3208900031790955,0.320732941512953,,,0,2.2870594307278225e-14,3.599551447780049e-15,2.2648549702353197e-14,2.6454533008646308e-17,-0.4231026910813075,8,0.2
v2_convergence,tangent-sample convergence and estimator stability,SU2-HaarU4-brickwork|n12|d72|i0|dir=gaussian|basis=Z|eta=0,SU2-HaarU4-brickwork|n12|d72|i0,SU2-HaarU4-brickwork,12,72,6.0,0,gaussian,Z,0.0,256,64,2592,64,1.0,4096,4095,0.9801642081516644,0.4840054520975832,0.4937504239441909,0.0016139336332129,0.0172137159201939,619.6041642736229,3.750866173131152e-06,516.3381511729355,1,12,0.0025764938277309,0.0029304029304029,0.8792285187131863,-0.0003539091026719,0.0029304029304029,0.0001555951946713,-2.2745503382637446,0.4505967797159136,0.4502428706132417,0.1280181011392843,0.1276641920366123,,,0,2.2870594307278225e-14,3.599551447780049e-15,2.2648549702353197e-14,2.6454533008646308e-17,-0.4231026910813075,8,0.2
v2_convergence,tangent-sample convergence and estimator stability,SU2-HaarU4-brickwork|n12|d72|i0|dir=gaussian|basis=Z|eta=0,SU2-HaarU4-brickwork|n12|d72|i0,SU2-HaarU4-brickwork,12,72,6.0,0,gaussian,Z,0.0,256,64,2592,64,1.0,4096,4095,0.9801642081516644,0.4840054520975832,0.4937504239441909,0.0016139336332129,0.0172137159201939,619.6041642736229,3.750866173131152e-06,516.3381511729355,2,78,0.0181172100247057,0.019047619047619,0.9511535262970534,-0.0009304090229132,0.019047619047619,0.0003934722280671,-2.364611671536846,1.1394781133773637,1.1385477043544503,0.323734724549769,0.3228043155268558,,,0,2.2870594307278225e-14,3.599551447780049e-15,2.2648549702353197e-14,2.6454533008646308e-17,-0.4231026910813075,8,0.2
v2_convergence,tangent-sample convergence and estimator stability,SU2-HaarU4-brickwork|n12|d72|i0|dir=gaussian|basis=Z|eta=0,SU2-HaarU4-brickwork|n12|d72|i0,SU2-HaarU4-brickwork,12,72,6.0,0,gaussian,Z,0.0,256,128,2592,128,1.0,4096,4095,0.9796232309548144,0.4853665864236538,0.4954404833061729,0.0015658960171614,0.0093661624545273,638.6120081030354,3.5520895793530195e-06,530.588759446311,1,12,0.0027059573744386,0.0029304029304029,0.9234079540272028,-0.0002244455559642,0.0029304029304029,0.0001140789699085,-1.9674577719642328,0.3303676349559975,0.3301431894000333,0.1257532188913663,0.125528773335402,,,0,2.2870594307278225e-14,3.599551447780049e-15,2.2648549702353197e-14,2.6454533008646308e-17,-0.4231026910813075,8,0.2
v2_convergence,tangent-sample convergence and estimator stability,SU2-HaarU4-brickwork|n12|d72|i0|dir=gaussian|basis=Z|eta=0,SU2-HaarU4-brickwork|n12|d72|i0,SU2-HaarU4-brickwork,12,72,6.0,0,gaussian,Z,0.0,256,128,2592,128,1.0,4096,4095,0.9796232309548144,0.4853665864236538,0.4954404833061729,0.0015658960171614,0.0093661624545273,638.6120081030354,3.5520895793530195e-06,530.588759446311,2,78,0.0179817419027805,0.019047619047619,0.9440414498959784,-0.0010658771448385,0.019047619047619,0.0002884851717967,-3.6947380629647975,0.8354402568920684,0.8343743797472298,0.3180072452000349,0.3169413680551964,,,0,2.2870594307278225e-14,3.599551447780049e-15,2.2648549702353197e-14,2.6454533008646308e-17,-0.4231026910813075,8,0.2
v2_convergence,tangent-sample convergence and estimator stability,SU2-HaarU4-brickwork|n12|d72|i0|dir=gaussian|basis=Z|eta=0,SU2-HaarU4-brickwork|n12|d72|i0,SU2-HaarU4-brickwork,12,72,6.0,0,gaussian,Z,0.0,256,256,2592,256,1.0,4096,4095,0.983433568004759,0.4869260922220199,0.495094276414674,0.0016063626257164,0.0055063377717097,622.5244437282764,3.918881673512887e-06,505.1483336355905,1,12,0.0027617542278624,0.0029304029304029,0.9424486302580682,-0.0001686487025404,0.0029304029304029,8.664481001490875e-05,-1.946437443990476,0.2509195252094662,0.2507508765069257,0.1276638099172204,0.12749516121468,,,0,2.2870594307278225e-14,3.599551447780049e-15,2.2648549702353197e-14,2.6454533008646308e-17,-0.4231026910813075,8,0.2
v2_convergence,tangent-sample convergence and estimator stability,SU2-HaarU4-brickwork|n12|d72|i0|dir=gaussian|basis=Z|eta=0,SU2-HaarU4-brickwork|n12|d72|i0,SU2-HaarU4-brickwork,12,72,6.0,0,gaussian,Z,0.0,256,256,2592,256,1.0,4096,4095,0.983433568004759,0.4869260922220199,0.495094276414674,0.0016063626257164,0.0055063377717097,622.5244437282764,3.918881673512887e-06,505.1483336355905,2,78,0.0181538178648871,0.019047619047619,0.953075437906574,-0.0008938011827319,0.019047619047619,0.0002191091217118,-4.07925136000264,0.634530294192266,0.6336364930095341,0.3228387858491906,0.3219449846664587,,,0,2.2870594307278225e-14,3.599551447780049e-15,2.2648549702353197e-14,2.6454533008646308e-17,-0.4231026910813075,8,0.2
v2_convergence,tangent-sample convergence and estimator stability,U1-RZ-XY-line|n12|d72|i6|dir=gaussian|basis=Z|eta=0,U1-RZ-XY-line|n12|d72|i6,U1-RZ-XY-line,12,72,6.0,6,gaussian,Z,0.0,256,32,1260,32,1.0,924,923,0.7372285126370052,0.3496516629345226,0.4748606970655079,0.0249557510794054,0.055425883858174,40.07092380502392,0.000819311489199,34.93618490553982,1,11,0.3099828353525518,0.0119176598049837,26.010377911855027,0.298065175547568,0.0119176598049837,0.0011769045186811,253.2619858419642,0.768533068995618,0.47046789344805,0.5093781277368901,0.211312952189322,,,0,1.9984014443252818e-15,8.851718697540462e-16,1.7763568394002505e-15,8.326672684688674e-17,-0.1741049385932843,8,0.2
v2_convergence,tangent-sample convergence and estimator stability,U1-RZ-XY-line|n12|d72|i6|dir=gaussian|basis=Z|eta=0,U1-RZ-XY-line|n12|d72|i6,U1-RZ-XY-line,12,72,6.0,6,gaussian,Z,0.0,256,32,1260,32,1.0,924,923,0.7372285126370052,0.3496516629345226,0.4748606970655079,0.0249557510794054,0.055425883858174,40.07092380502392,0.000819311489199,34.93618490553982,2,65,0.5676255025797589,0.0704225352112676,8.060282136632575,0.4972029673684912,0.0704225352112676,0.0027749029000885,179.17851012106527,1.8120455891865597,1.3148426218180682,1.2010106354955068,0.7038076681270156,,,0,1.9984014443252818e-15,8.851718697540462e-16,1.7763568394002505e-15,8.326672684688674e-17,-0.1741049385932843,8,0.2
v2_convergence,tangent-sample convergence and estimator stability,U1-RZ-XY-line|n12|d72|i6|dir=gaussian|basis=Z|eta=0,U1-RZ-XY-line|n12|d72|i6,U1-RZ-XY-line,12,72,6.0,6,gaussian,Z,0.0,256,64,1260,64,1.0,924,923,0.7375059788584977,0.3523909096541807,0.4783294280891238,0.0242779235395226,0.0395235809842175,41.18968405070046,0.0007441449242606,36.65820859062899,1,11,0.3093568363711385,0.0119176598049837,25.957850906414624,0.2974391765661547,0.0119176598049837,0.0009898380870801,300.49275780399256,0.6463763974030503,0.3489372208368955,0.5020944466694713,0.2046552701033165,,,0,1.9984014443252818e-15,8.851718697540462e-16,1.7763568394002505e-15,8.326672684688674e-17,-0.1741049385932843,8,0.2
v2_convergence,tangent-sample convergence and estimator stability,U1-RZ-XY-line|n12|d72|i6|dir=gaussian|basis=Z|eta=0,U1-RZ-XY-line|n12|d72|i6,U1-RZ-XY-line,12,72,6.0,6,gaussian,Z,0.0,256,64,1260,64,1.0,924,923,0.7375059788584977,0.3523909096541807,0.4783294280891238,0.0242779235395226,0.0395235809842175,41.18968405070046,0.0007441449242606,36.65820859062899,2,65,0.5592729267893677,0.0704225352112676,7.941675560409021,0.4888503915781,0.0704225352112676,0.0023338380768007,209.4620001436515,1.524024856079647,1.035174464501547,1.183837188205195,0.694986796627095,,,0,1.9984014443252818e-15,8.851718697540462e-16,1.7763568394002505e-15,8.326672684688674e-17,-0.1741049385932843,8,0.2
v2_convergence,tangent-sample convergence and estimator stability,U1-RZ-XY-line|n12|d72|i6|dir=gaussian|basis=Z|eta=0,U1-RZ-XY-line|n12|d72|i6,U1-RZ-XY-line,12,72,6.0,6,gaussian,Z,0.0,256,128,1260,128,1.0,924,923,0.7362391254874933,0.3512135635924839,0.4772984318440644,0.0241440135739525,0.031767888467906,41.418134434733616,0.0007214856257191,37.22941041089347,1,11,0.3101780498661709,0.0119176598049837,26.02675818422507,0.2982603900611871,0.0119176598049837,0.0008843635999012,337.2599122063321,0.5775002651037445,0.2792398750425574,0.500642965178387,0.2023825751171998,,,0,1.9984014443252818e-15,8.851718697540462e-16,1.7763568394002505e-15,8.326672684688674e-17,-0.1741049385932843,8,0.2
v2_convergence,tangent-sample convergence and estimator stability,U1-RZ-XY-line|n12|d72|i6|dir=gaussian|basis=Z|eta=0,U1-RZ-XY-line|n12|d72|i6,U1-RZ-XY-line,12,72,6.0,6,gaussian,Z,0.0,256,128,1260,128,1.0,924,923,0.7362391254874933,0.3512135635924839,0.4772984318440644,0.0241440135739525,0.031767888467906,41.418134434733616,0.0007214856257191,37.22941041089347,2,65,0.5599560665717276,0.0704225352112676,7.951376145318531,0.4895335313604599,0.0704225352112676,0.002085150561618,234.77131118079905,1.361628861986257,0.8720953306257974,1.180414888320113,0.6908813569596534,,,0,1.9984014443252818e-15,8.851718697540462e-16,1.7763568394002505e-15,8.326672684688674e-17,-0.1741049385932843,8,0.2
v2_convergence,tangent-sample convergence and estimator stability,U1-RZ-XY-line|n12|d72|i6|dir=gaussian|basis=Z|eta=0,U1-RZ-XY-line|n12|d72|i6,U1-RZ-XY-line,12,72,6.0,6,gaussian,Z,0.0,256,256,1260,256,1.0,924,923,0.7593546211439154,0.3616515355550174,0.4775676442039053,0.0245710313095602,0.0283813007185073,40.69833241435465,0.0007558270169867,36.37381002030216,1,11,0.3156884522121214,0.0119176598049837,26.489131035617092,0.3037707924071376,0.0119176598049837,0.0008341343754581,364.1748875776575,0.5446999661824634,0.2409291737753258,0.5052569584886013,0.2014861660814637,,,0,1.9984014443252818e-15,8.851718697540462e-16,1.7763568394002505e-15,8.326672684688674e-17,-0.1741049385932843,8,0.2
v2_convergence,tangent-sample convergence and estimator stability,U1-RZ-XY-line|n12|d72|i6|dir=gaussian|basis=Z|eta=0,U1-RZ-XY-line|n12|d72|i6,U1-RZ-XY-line,12,72,6.0,6,gaussian,Z,0.0,256,256,1260,256,1.0,924,923,0.7593546211439154,0.3616515355550174,0.4775676442039053,0.0245710313095602,0.0283813007185073,40.69833241435465,0.0007558270169867,36.37381002030216,2,65,0.5619166042506183,0.0704225352112676,7.979215780358779,0.4914940690393506,0.0704225352112676,0.0019667202060845,249.9054352107571,1.284292388928587,0.7927983198892364,1.191293751655476,0.6997996826161254,,,0,1.9984014443252818e-15,8.851718697540462e-16,1.7763568394002505e-15,8.326672684688674e-17,-0.1741049385932843,8,0.2
v2_convergence,tangent-sample convergence and estimator stability,SU2-CNOT-line|n8|d48|i1|dir=gaussian|basis=Z|eta=0,SU2-CNOT-line|n8|d48|i1,SU2-CNOT-line,8,48,6.0,1,gaussian,Z,0.0,256,32,1152,32,1.0,256,255,1.0151472707838434,0.5038588161020884,0.4949579877514972,0.0064673789524718,0.0375152733602071,154.62214404767326,7.590160917826228e-05,114.78219043262744,1,8,0.030129560423817,0.0313725490196078,0.9603797385091694,-0.0012429885957907,0.0313725490196078,0.0028241249531672,-0.4401322945703037,0.5102139518615895,0.5089709632657987,0.1404547404911511,0.1392117518953603,,,0,1.3322676295501878e-15,3.0476010874860083e-16,1.5543122344752194e-15,5.551115123125783e-17,-0.3810386357335242,8,0.2
v2_convergence,tangent-sample convergence and estimator stability,SU2-CNOT-line|n8|d48|i1|dir=gaussian|basis=Z|eta=0,SU2-CNOT-line|n8|d48|i1,SU2-CNOT-line,8,48,6.0,1,gaussian,Z,0.0,256,32,1152,32,1.0,256,255,1.0151472707838434,0.5038588161020884,0.4949579877514972,0.0064673789524718,0.0375152733602071,154.62214404767326,7.590160917826228e-05,114.78219043262744,2,36,0.1406730791056054,0.1411764705882353,0.9964343103313716,-0.0005033914826299,0.1411764705882353,0.0056410993149041,-0.0892364155511161,1.0191360587898384,1.0186326673072084,0.2805538542021933,0.2800504627195634,,,0,1.3322676295501878e-15,3.0476010874860083e-16,1.5543122344752194e-15,5.551115123125783e-17,-0.3810386357335242,8,0.2
v2_convergence,tangent-sample convergence and estimator stability,SU2-CNOT-line|n8|d48|i1|dir=gaussian|basis=Z|eta=0,SU2-CNOT-line|n8|d48|i1,SU2-CNOT-line,8,48,6.0,1,gaussian,Z,0.0,256,64,1152,64,1.0,256,255,1.004846367170973,0.4936866506305755,0.4904079723800897,0.0059211285430373,0.0214536109095524,168.88672365944365,4.677649971213033e-05,146.21305108371408,1,8,0.0311910823249369,0.0313725490196078,0.9942157491073648,-0.0001814666946709,0.0313725490196078,0.0020401928088268,-0.0889458554533676,0.3685866782855005,0.3684052115908297,0.1244774236274846,0.1242959569328136,,,0,1.3322676295501878e-15,3.0476010874860083e-16,1.5543122344752194e-15,5.551115123125783e-17,-0.3810386357335242,8,0.2
v2_convergence,tangent-sample convergence and estimator stability,SU2-CNOT-line|n8|d48|i1|dir=gaussian|basis=Z|eta=0,SU2-CNOT-line|n8|d48|i1,SU2-CNOT-line,8,48,6.0,1,gaussian,Z,0.0,256,64,1152,64,1.0,256,255,1.004846367170973,0.4936866506305755,0.4904079723800897,0.0059211285430373,0.0214536109095524,168.88672365944365,4.677649971213033e-05,146.21305108371408,2,36,0.143031900088829,0.1411764705882353,1.0131426256292058,0.0018554295005937,0.1411764705882353,0.0040752199166109,0.4552955517887191,0.7362401072329486,0.7343846777323548,0.2486396745152945,0.2467842450147007,,,0,1.3322676295501878e-15,3.0476010874860083e-16,1.5543122344752194e-15,5.551115123125783e-17,-0.3810386357335242,8,0.2
v2_convergence,tangent-sample convergence and estimator stability,SU2-CNOT-line|n8|d48|i1|dir=gaussian|basis=Z|eta=0,SU2-CNOT-line|n8|d48|i1,SU2-CNOT-line,8,48,6.0,1,gaussian,Z,0.0,256,128,1152,128,1.0,256,255,0.9919491921095356,0.4841691515985946,0.4876312713289815,0.0059458444915209,0.0137118925814309,168.18468788177162,4.435706339992229e-05,150.14767330076535,1,8,0.0308293333331238,0.0313725490196078,0.982684999993323,-0.0005432156864839,0.0313725490196078,0.0015245914820247,-0.3563024540597412,0.2754367664029749,0.2748935507164909,0.1252443745737177,0.1247011588872337,,,0,1.3322676295501878e-15,3.0476010874860083e-16,1.5543122344752194e-15,5.551115123125783e-17,-0.3810386357335242,8,0.2
v2_convergence,tangent-sample convergence and estimator stability,SU2-CNOT-line|n8|d48|i1|dir=gaussian|basis=Z|eta=0,SU2-CNOT-line|n8|d48|i1,SU2-CNOT-line,8,48,6.0,1,gaussian,Z,0.0,256,128,1152,128,1.0,256,255,0.9919491921095356,0.4841691515985946,0.4876312713289815,0.0059458444915209,0.0137118925814309,168.18468788177162,4.435706339992229e-05,150.14767330076535,2,36,0.143000675014189,0.1411764705882353,1.0129214480171724,0.0018242044259537,0.1411764705882353,0.0030453227485961,0.5990184215432295,0.5501761359789225,0.5483519315529687,0.2501716345132077,0.248347430087254,,,0,1.3322676295501878e-15,3.0476010874860083e-16,1.5543122344752194e-15,5.551115123125783e-17,-0.3810386357335242,8,0.2
v2_convergence,tangent-sample convergence and estimator stability,SU2-CNOT-line|n8|d48|i1|dir=gaussian|basis=Z|eta=0,SU2-CNOT-line|n8|d48|i1,SU2-CNOT-line,8,48,6.0,1,gaussian,Z,0.0,256,256,1152,256,1.0,256,255,0.984230562573008,0.4814357304152066,0.4890217923617517,0.0058750287784676,0.0097583294473017,170.2119321806662,4.368632071004473e-05,151.29593693144568,1,8,0.0310802131200202,0.0313725490196078,0.9906817932006446,-0.0002923358995876,0.0313725490196078,0.0011771746638978,-0.2483368938808417,0.2126715167560394,0.2123791808564518,0.1230341457212935,0.1227418098217059,,,0,1.3322676295501878e-15,3.0476010874860083e-16,1.5543122344752194e-15,5.551115123125783e-17,-0.3810386357335242,8,0.2
v2_convergence,tangent-sample convergence and estimator stability,SU2-CNOT-line|n8|d48|i1|dir=gaussian|basis=Z|eta=0,SU2-CNOT-line|n8|d48|i1,SU2-CNOT-line,8,48,6.0,1,gaussian,Z,0.0,256,256,1152,256,1.0,256,255,0.984230562573008,0.4814357304152066,0.4890217923617517,0.0058750287784676,0.0097583294473017,170.2119321806662,4.368632071004473e-05,151.29593693144568,2,36,0.1422014381137834,0.1411764705882353,1.0072601866392994,0.0010249675255481,0.1411764705882353,0.0023513687602913,0.4359025019202719,0.4248045562313525,0.4237795887058043,0.2457567730350679,0.2447318055095198,,,0,1.3322676295501878e-15,3.0476010874860083e-16,1.5543122344752194e-15,5.551115123125783e-17,-0.3810386357335242,8,0.2
v2_convergence,tangent-sample convergence and estimator stability,SU2-HaarU4-brickwork|n12|d72|i1|dir=gaussian|basis=Z|eta=0,SU2-HaarU4-brickwork|n12|d72|i1,SU2-HaarU4-brickwork,12,72,6.0,1,gaussian,Z,0.0,256,32,2592,32,1.0,4096,4095,0.98370873847123,0.4870174800540112,0.4950875326887731,0.0016897719610094,0.0328869665872279,591.7958298956422,4.3803157942695925e-06,477.8012583460601,1,12,0.0023907485292814,0.0029304029304029,0.8158429356172952,-0.0005396544011214,0.0029304029304029,0.0002158017363954,-2.5006953611000684,0.6249522530710291,0.6244125986699076,0.1315143616133631,0.1309747072122417,,,0,1.7985612998927536e-14,2.664553126141703e-15,1.7985612998927536e-14,2.775557561562892e-17,-0.4377462513577543,8,0.2
v2_convergence,tangent-sample convergence and estimator stability,SU2-HaarU4-brickwork|n12|d72|i1|dir=gaussian|basis=Z|eta=0,SU2-HaarU4-brickwork|n12|d72|i1,SU2-HaarU4-brickwork,12,72,6.0,1,gaussian,Z,0.0,256,32,2592,32,1.0,4096,4095,0.98370873847123,0.4870174800540112,0.4950875326887731,0.0016897719610094,0.0328869665872279,591.7958298956422,4.3803157942695925e-06,477.8012583460601,2,78,0.0177720856490775,0.019047619047619,0.9330344965765688,-0.0012755333985415,0.019047619047619,0.0005457237302195,-2.337324415100112,1.5803917079240482,1.579116174525507,0.3325761376894521,0.3313006042909105,,,0,1.7985612998927536e-14,2.664553126141703e-15,1.7985612998927536e-14,2.775557561562892e-17,-0.4377462513577543,8,0.2
v2_convergence,tangent-sample convergence and estimator stability,SU2-HaarU4-brickwork|n12|d72|i1|dir=gaussian|basis=Z|eta=0,SU2-HaarU4-brickwork|n12|d72|i1,SU2-HaarU4-brickwork,12,72,6.0,1,gaussian,Z,0.0,256,64,2592,64,1.0,4096,4095,0.9905949057610302,0.4906294620175701,0.4952757469894057,0.0015819952642988,0.0171822765882941,632.1131438046424,3.777354892035763e-06,514.5245542611519,1,12,0.00260486323677,0.0029304029304029,0.8889095795477823,-0.0003255396936328,0.0029304029304029,0.0001554509926529,-2.0941628488648223,0.4501791770689508,0.4498536373753179,0.1265167850516963,0.1261912453580634,,,0,1.7985612998927536e-14,2.664553126141703e-15,1.7985612998927536e-14,2.775557561562892e-17,-0.4377462513577543,8,0.2
v2_convergence,tangent-sample convergence and estimator stability,SU2-HaarU4-brickwork|n12|d72|i1|dir=gaussian|basis=Z|eta=0,SU2-HaarU4-brickwork|n12|d72|i1,SU2-HaarU4-brickwork,12,72,6.0,1,gaussian,Z,0.0,256,64,2592,64,1.0,4096,4095,0.9905949057610302,0.4906294620175701,0.4952757469894057,0.0015819952642988,0.0171822765882941,632.1131438046424,3.777354892035763e-06,514.5245542611519,2,78,0.0180364141304772,0.019047619047619,0.9469117418500568,-0.0010112049171417,0.019047619047619,0.00039310756713,-2.5723364333181795,1.1384220714842044,1.1374108665670626,0.3199381665181149,0.3189269616009731,,,0,1.7985612998927536e-14,2.664553126141703e-15,1.7985612998927536e-14,2.775557561562892e-17,-0.4377462513577543,8,0.2
v2_convergence,tangent-sample convergence and estimator stability,SU2-HaarU4-brickwork|n12|d72|i1|dir=gaussian|basis=Z|eta=0,SU2-HaarU4-brickwork|n12|d72|i1,SU2-HaarU4-brickwork,12,72,6.0,1,gaussian,Z,0.0,256,128,2592,128,1.0,4096,4095,0.9901839447879778,0.490605961757842,0.4954902609948481,0.0015905736340773,0.009390647277561,628.7039962032859,3.831352431220748e-06,510.88593747369765,1,12,0.0027240260803149,0.0029304029304029,0.929573899907488,-0.0002063768500879,0.0029304029304029,0.0001142319705176,-1.8066470284345804,0.3308107179310522,0.3306043410809643,0.1269217699222622,0.1267153930721743,,,0,1.7985612998927536e-14,2.664553126141703e-15,1.7985612998927536e-14,2.775557561562892e-17,-0.4377462513577543,8,0.2
v2_convergence,tangent-sample convergence and estimator stability,SU2-HaarU4-brickwork|n12|d72|i1|dir=gaussian|basis=Z|eta=0,SU2-HaarU4-brickwork|n12|d72|i1,SU2-HaarU4-brickwork,12,72,6.0,1,gaussian,Z,0.0,256,128,2592,128,1.0,4096,4095,0.9901839447879778,0.490605961757842,0.4954902609948481,0.0015905736340773,0.009390647277561,628.7039962032859,3.831352431220748e-06,510.88593747369765,2,78,0.0180946095143619,0.019047619047619,0.9499669995040044,-0.000953009533257,0.019047619047619,0.0002888720827851,-3.299071076957389,0.8365607339465277,0.8356077244132707,0.3209623003269491,0.320009290793692,,,0,1.7985612998927536e-14,2.664553126141703e-15,1.7985612998927536e-14,2.775557561562892e-17,-0.4377462513577543,8,0.2
v2_convergence,tangent-sample convergence and estimator stability,SU2-HaarU4-brickwork|n12|d72|i1|dir=gaussian|basis=Z|eta=0,SU2-HaarU4-brickwork|n12|d72|i1,SU2-HaarU4-brickwork,12,72,6.0,1,gaussian,Z,0.0,256,256,2592,256,1.0,4096,4095,0.9869042665118448,0.4902142899610199,0.4967135063302254,0.001601025887737,0.005501021880363,624.5995193828213,3.922463679224292e-06,504.9176294595405,1,12,0.0027608078675835,0.0029304029304029,0.9421256848128732,-0.0001695950628194,0.0029304029304029,8.66010340040157e-05,-1.9583491671884132,0.2507927518243441,0.2506231567615247,0.1274134811247968,0.1272438860619774,,,0,1.7985612998927536e-14,2.664553126141703e-15,1.7985612998927536e-14,2.775557561562892e-17,-0.4377462513577543,8,0.2
v2_convergence,tangent-sample convergence and estimator stability,SU2-HaarU4-brickwork|n12|d72|i1|dir=gaussian|basis=Z|eta=0,SU2-HaarU4-brickwork|n12|d72|i1,SU2-HaarU4-brickwork,12,72,6.0,1,gaussian,Z,0.0,256,256,2592,256,1.0,4096,4095,0.9869042665118448,0.4902142899610199,0.4967135063302254,0.001601025887737,0.005501021880363,624.5995193828213,3.922463679224292e-06,504.9176294595405,2,78,0.0180401319914239,0.019047619047619,0.9471069295497584,-0.001007487056195,0.019047619047619,0.0002189984200633,-4.600430705863447,0.6342097071303779,0.6332022200741828,0.3222057494118358,0.3211982623556407,,,0,1.7985612998927536e-14,2.664553126141703e-15,1.7985612998927536e-14,2.775557561562892e-17,-0.4377462513577543,8,0.2
v2_convergence,tangent-sample convergence and estimator stability,U1-RZ-XY-line|n12|d72|i7|dir=gaussian|basis=Z|eta=0,U1-RZ-XY-line|n12|d72|i7,U1-RZ-XY-line,12,72,6.0,7,gaussian,Z,0.0,256,32,1260,32,1.0,924,923,0.7451758883684523,0.3444813003622037,0.4642945503801617,0.024037275693351,0.0545361108279337,41.60205227735569,0.0007380994436477,36.80802888039437,1,11,0.3122864932039885,0.0119176598049837,26.203675747934675,0.3003688333990048,0.0119176598049837,0.0011672297650268,257.3347959406113,0.7622153363336629,0.4618465029346581,0.4994829873171189,0.1991141539181141,,,0,2.220446049250313e-16,1.0930478719004761e-16,1.1102230246251563e-16,5.551115123125783e-17,-0.1930542587182825,8,0.2
v2_convergence,tangent-sample convergence and estimator stability,U1-RZ-XY-line|n12|d72|i7|dir=gaussian|basis=Z|eta=0,U1-RZ-XY-line|n12|d72|i7,U1-RZ-XY-line,12,72,6.0,7,gaussian,Z,0.0,256,32,1260,32,1.0,924,923,0.7451758883684523,0.3444813003622037,0.4642945503801617,0.024037275693351,0.0545361108279337,41.60205227735569,0.0007380994436477,36.80802888039437,2,65,0.5519091813672954,0.0704225352112676,7.837110375415594,0.4814866461560277,0.0704225352112676,0.0027520917870826,174.9529751936175,1.797149652933983,1.3156630067779551,1.1776798950558522,0.6961932488998245,,,0,2.220446049250313e-16,1.0930478719004761e-16,1.1102230246251563e-16,5.551115123125783e-17,-0.1930542587182825,8,0.2
v2_convergence,tangent-sample convergence and estimator stability,U1-RZ-XY-line|n12|d72|i7|dir=gaussian|basis=Z|eta=0,U1-RZ-XY-line|n12|d72|i7,U1-RZ-XY-line,12,72,6.0,7,gaussian,Z,0.0,256,64,1260,64,1.0,924,923,0.7809673311599985,0.3621797458629855,0.4653016943374441,0.025606312985382,0.0408312143449854,39.052869523655154,0.0008808141645811,33.69440991125924,1,11,0.3272630350363425,0.0119176598049837,27.46034375804947,0.3153453752313587,0.0119176598049837,0.0010065331420703,313.2985512853807,0.6572784728432964,0.3419330976119377,0.5162721889199812,0.2009268136886224,,,0,2.220446049250313e-16,1.0930478719004761e-16,1.1102230246251563e-16,5.551115123125783e-17,-0.1930542587182825,8,0.2
v2_convergence,tangent-sample convergence and estimator stability,U1-RZ-XY-line|n12|d72|i7|dir=gaussian|basis=Z|eta=0,U1-RZ-XY-line|n12|d72|i7,U1-RZ-XY-line,12,72,6.0,7,gaussian,Z,0.0,256,64,1260,64,1.0,924,923,0.7809673311599985,0.3621797458629855,0.4653016943374441,0.025606312985382,0.0408312143449854,39.052869523655154,0.0008808141645811,33.69440991125924,2,65,0.5588959810582985,0.0704225352112676,7.9363229310278385,0.4884734458470309,0.0704225352112676,0.002373201640942,205.82888424648428,1.549729745708267,1.061256299861236,1.2172654378747052,0.7287919920276743,,,0,2.220446049250313e-16,1.0930478719004761e-16,1.1102230246251563e-16,5.551115123125783e-17,-0.1930542587182825,8,0.2
v2_convergence,tangent-sample convergence and estimator stability,U1-RZ-XY-line|n12|d72|i7|dir=gaussian|basis=Z|eta=0,U1-RZ-XY-line|n12|d72|i7,U1-RZ-XY-line,12,72,6.0,7,gaussian,Z,0.0,256,128,1260,128,1.0,924,923,0.7705620521047187,0.3596299964427596,0.4681350399881113,0.0253459178911443,0.0329604029076198,39.45408504417946,0.0008485106642175,34.32980586632398,1,11,0.3209254962493452,0.0119176598049837,26.92856663983142,0.3090078364443614,0.0119176598049837,0.0009013846588368,342.81461683971554,0.5886152251142431,0.2796073886698817,0.5135238683033564,0.2045160318589949,,,0,2.220446049250313e-16,1.0930478719004761e-16,1.1102230246251563e-16,5.551115123125783e-17,-0.1930542587182825,8,0.2
v2_convergence,tangent-sample convergence and estimator stability,U1-RZ-XY-line|n12|d72|i7|dir=gaussian|basis=Z|eta=0,U1-RZ-XY-line|n12|d72|i7,U1-RZ-XY-line,12,72,6.0,7,gaussian,Z,0.0,256,128,1260,128,1.0,924,923,0.7705620521047187,0.3596299964427596,0.4681350399881113,0.0253459178911443,0.0329604029076198,39.45408504417946,0.0008485106642175,34.32980586632398,2,65,0.5562737200960358,0.0704225352112676,7.8990868253637085,0.4858511848847682,0.0704225352112676,0.0021252827771489,228.6054308201469,1.38783569038901,0.9019845055042416,1.210785453535796,0.7249342686510278,,,0,2.220446049250313e-16,1.0930478719004761e-16,1.1102230246251563e-16,5.551115123125783e-17,-0.1930542587182825,8,0.2
v2_convergence,tangent-sample convergence and estimator stability,U1-RZ-XY-line|n12|d72|i7|dir=gaussian|basis=Z|eta=0,U1-RZ-XY-line|n12|d72|i7,U1-RZ-XY-line,12,72,6.0,7,gaussian,Z,0.0,256,256,1260,256,1.0,924,923,0.753835906096354,0.3559434668410237,0.4727933317395468,0.0256624741919156,0.0294684801521034,38.96740402042086,0.0008756470278661,33.79367795447201,1,11,0.3258864796060044,0.0119176598049837,27.344838243303823,0.3139688198010206,0.0119176598049837,0.0008505825405321,369.1221073084653,0.555440819482807,0.2414719996817863,0.5168630223883383,0.2028942025873176,,,0,2.220446049250313e-16,1.0930478719004761e-16,1.1102230246251563e-16,5.551115123125783e-17,-0.1930542587182825,8,0.2
v2_convergence,tangent-sample convergence and estimator stability,U1-RZ-XY-line|n12|d72|i7|dir=gaussian|basis=Z|eta=0,U1-RZ-XY-line|n12|d72|i7,U1-RZ-XY-line,12,72,6.0,7,gaussian,Z,0.0,256,256,1260,256,1.0,924,923,0.753835906096354,0.3559434668410237,0.4727933317395468,0.0256624741919156,0.0294684801521034,38.96740402042086,0.0008756470278661,33.79367795447201,2,65,0.5614386777891511,0.0704225352112676,7.972429224605945,0.4910161425778835,0.0704225352112676,0.0020055016537215,244.83457376697768,1.3096171493483608,0.8186010067704773,1.2186585037341608,0.7276423611562773,,,0,2.220446049250313e-16,1.0930478719004761e-16,1.1102230246251563e-16,5.551115123125783e-17,-0.1930542587182825,8,0.2
v2_convergence,tangent-sample convergence and estimator stability,SU2-CNOT-line|n12|d72|i2|dir=gaussian|basis=Z|eta=0,SU2-CNOT-line|n12|d72|i2,SU2-CNOT-line,12,72,6.0,2,gaussian,Z,0.0,256,32,2592,32,1.0,4096,4095,0.9802334139044666,0.487550107312568,0.4973927609923366,0.0010243147002683,0.0322423048658849,976.262470643058,1.5332836237701467e-06,807.5859438709037,1,12,0.002631596066631,0.0029304029304029,0.8980321577378483,-0.0002988068637718,0.0029304029304029,0.0002136601769101,-1.3985145388020108,0.6187503918266302,0.6184515849628582,0.0966123225916867,0.0963135157279148,,,0,1.5543122344752194e-15,1.875172400885121e-16,1.2212453270876722e-15,2.580401170515501e-17,-0.4529026245381168,8,0.2
v2_convergence,tangent-sample convergence and estimator stability,SU2-CNOT-line|n12|d72|i2|dir=gaussian|basis=Z|eta=0,SU2-CNOT-line|n12|d72|i2,SU2-CNOT-line,12,72,6.0,2,gaussian,Z,0.0,256,32,2592,32,1.0,4096,4095,0.9802334139044666,0.487550107312568,0.4973927609923366,0.0010243147002683,0.0322423048658849,976.262470643058,1.5332836237701467e-06,807.5859438709037,2,78,0.0179196411393965,0.019047619047619,0.9407811598183188,-0.0011279779082224,0.019047619047619,0.0005403081119287,-2.0876568078831803,1.5647083176551446,1.563580339746922,0.2443151660897067,0.2431871881814842,,,0,1.5543122344752194e-15,1.875172400885121e-16,1.2212453270876722e-15,2.580401170515501e-17,-0.4529026245381168,8,0.2
v2_convergence,tangent-sample convergence and estimator stability,SU2-CNOT-line|n12|d72|i2|dir=gaussian|basis=Z|eta=0,SU2-CNOT-line|n12|d72|i2,SU2-CNOT-line,12,72,6.0,2,gaussian,Z,0.0,256,64,2592,64,1.0,4096,4095,0.9868369558826796,0.4895723666748285,0.4961128936221731,0.0010168715965527,0.0166259829778565,983.4083313862798,1.363554567789768e-06,856.3745231851915,1,12,0.0029431374963125,0.0029304029304029,1.004345670616642,1.27345659095739e-05,0.0029304029304029,0.000152876959797,0.0832994450339458,0.4427248921331855,0.442712157567276,0.0961503269234561,0.0961375923575465,,,0,1.5543122344752194e-15,1.875172400885121e-16,1.2212453270876722e-15,2.580401170515501e-17,-0.4529026245381168,8,0.2
v2_convergence,tangent-sample convergence and estimator stability,SU2-CNOT-line|n12|d72|i2|dir=gaussian|basis=Z|eta=0,SU2-CNOT-line|n12|d72|i2,SU2-CNOT-line,12,72,6.0,2,gaussian,Z,0.0,256,64,2592,64,1.0,4096,4095,0.9868369558826796,0.4895723666748285,0.4961128936221731,0.0010168715965527,0.0166259829778565,983.4083313862798,1.363554567789768e-06,856.3745231851915,2,78,0.0186221572122474,0.019047619047619,0.9776632536429924,-0.0004254618353715,0.019047619047619,0.0003865983015641,-1.1005269129486166,1.11957152723367,1.1191460653982983,0.2431468622399636,0.2427214004045921,,,0,1.5543122344752194e-15,1.875172400885121e-16,1.2212453270876722e-15,2.580401170515501e-17,-0.4529026245381168,8,0.2
v2_convergence,tangent-sample convergence and estimator stability,SU2-CNOT-line|n12|d72|i2|dir=gaussian|basis=Z|eta=0,SU2-CNOT-line|n12|d72|i2,SU2-CNOT-line,12,72,6.0,2,gaussian,Z,0.0,256,128,2592,128,1.0,4096,4095,0.9926517260141396,0.4912433078744577,0.4948623288403037,0.0010179493104074,0.0088224965814198,982.3671864365818,1.3737511412777192e-06,853.190413182603,1,12,0.0029016565130437,0.0029304029304029,0.9901902850761858,-2.8746417359162488e-05,0.0029304029304029,0.0001106272149332,-0.2598494174918815,0.3203715057085165,0.3203427592911573,0.0962173582890012,0.0961886118716421,,,0,1.5543122344752194e-15,1.875172400885121e-16,1.2212453270876722e-15,2.580401170515501e-17,-0.4529026245381168,8,0.2
v2_convergence,tangent-sample convergence and estimator stability,SU2-CNOT-line|n12|d72|i2|dir=gaussian|basis=Z|eta=0,SU2-CNOT-line|n12|d72|i2,SU2-CNOT-line,12,72,6.0,2,gaussian,Z,0.0,256,128,2592,128,1.0,4096,4095,0.9926517260141396,0.4912433078744577,0.4948623288403037,0.0010179493104074,0.0088224965814198,982.3671864365818,1.3737511412777192e-06,853.190413182603,2,78,0.0187078720115155,0.019047619047619,0.982163280604566,-0.0003397470361035,0.019047619047619,0.0002797563050491,-1.2144392457707842,0.810161846107204,0.8098220990711005,0.2433163724925594,0.2429766254564559,,,0,1.5543122344752194e-15,1.875172400885121e-16,1.2212453270876722e-15,2.580401170515501e-17,-0.4529026245381168,8,0.2
v2_convergence,tangent-sample convergence and estimator stability,SU2-CNOT-line|n12|d72|i2|dir=gaussian|basis=Z|eta=0,SU2-CNOT-line|n12|d72|i2,SU2-CNOT-line,12,72,6.0,2,gaussian,Z,0.0,256,256,2592,256,1.0,4096,4095,0.993159425857744,0.491205985696911,0.4945616857366064,0.0010456810614742,0.0049478463698278,956.3145368533194,1.6045564354039395e-06,789.4461328398736,1,12,0.0027865753206784,0.0029304029304029,0.9509188281815129,-0.0001438276097245,0.0029304029304029,8.191789367330453e-05,-1.7557532704405348,0.2372305852263776,0.2370867576166531,0.0979264308879906,0.0977826032782661,,,0,1.5543122344752194e-15,1.875172400885121e-16,1.2212453270876722e-15,2.580401170515501e-17,-0.4529026245381168,8,0.2
v2_convergence,tangent-sample convergence and estimator stability,SU2-CNOT-line|n12|d72|i2|dir=gaussian|basis=Z|eta=0,SU2-CNOT-line|n12|d72|i2,SU2-CNOT-line,12,72,6.0,2,gaussian,Z,0.0,256,256,2592,256,1.0,4096,4095,0.993159425857744,0.491205985696911,0.4945616857366064,0.0010456810614742,0.0049478463698278,956.3145368533194,1.6045564354039395e-06,789.4461328398736,2,78,0.018494084703497,0.019047619047619,0.970939446933594,-0.000553534344122,0.019047619047619,0.000207155601497,-2.6720703670172146,0.5999134300506715,0.5993598957065496,0.2476383093291902,0.2470847749850682,,,0,1.5543122344752194e-15,1.875172400885121e-16,1.2212453270876722e-15,2.580401170515501e-17,-0.4529026245381168,8,0.2
v2_convergence,tangent-sample convergence and estimator stability,SU2-HaarU4-brickwork|n16|d96|i2|dir=gaussian|basis=Z|eta=0,SU2-HaarU4-brickwork|n16|d96|i2,SU2-HaarU4-brickwork,16,96,6.0,2,gaussian,Z,0.0,256,32,4608,32,1.0,65536,65535,0.9890524685917726,0.4911015796853449,0.4965241201578315,0.0007317889562616,0.0319589205513783,1366.5141998159872,6.237329541766372e-07,1266.195177058053,1,16,0.0002264112349587,0.0002441443503471,0.9273662676890544,-1.773311538834409e-05,0.0002441443503471,1.54254448743379e-05,-1.149601553329932,0.7148243159265338,0.7148065828111455,0.1070592357626058,0.1070415026472174,,,0,3.7303493627405266e-14,4.4304841756060876e-15,3.7303493627405266e-14,6.938893903907228e-18,-0.4547482971122366,8,0.2
v2_convergence,tangent-sample convergence and estimator stability,SU2-HaarU4-brickwork|n16|d96|i2|dir=gaussian|basis=Z|eta=0,SU2-HaarU4-brickwork|n16|d96|i2,SU2-HaarU4-brickwork,16,96,6.0,2,gaussian,Z,0.0,256,32,4608,32,1.0,65536,65535,0.9890524685917726,0.4911015796853449,0.4965241201578315,0.0007317889562616,0.0319589205513783,1366.5141998159872,6.237329541766372e-07,1266.195177058053,2,136,0.0019702435102099,0.0020752269779507,0.949411091482412,-0.0001049834677407,0.0020752269779507,4.493131038558749e-05,-2.33653251685388,2.0821437223825243,2.0820387389147834,0.311842659377427,0.3117376759096862,,,0,3.7303493627405266e-14,4.4304841756060876e-15,3.7303493627405266e-14,6.938893903907228e-18,-0.4547482971122366,8,0.2
v2_convergence,tangent-sample convergence and estimator stability,SU2-HaarU4-brickwork|n16|d96|i2|dir=gaussian|basis=Z|eta=0,SU2-HaarU4-brickwork|n16|d96|i2,SU2-HaarU4-brickwork,16,96,6.0,2,gaussian,Z,0.0,256,64,4608,64,1.0,65536,65535,0.9891236477285148,0.4910722814059777,0.4964572755176714,0.0006928986802028,0.0163070721383247,1443.212447319428,5.952944273089003e-07,1296.086811679128,1,16,0.0002376452787914,0.0002441443503471,0.973380209099688,-6.499071555733459e-06,0.0002441443503471,1.1016155563699798e-05,-0.589958222553525,0.5104952193672136,0.510488720295658,0.1041133395036034,0.1041068404320477,,,0,3.7303493627405266e-14,4.4304841756060876e-15,3.7303493627405266e-14,6.938893903907228e-18,-0.4547482971122366,8,0.2
v2_convergence,tangent-sample convergence and estimator stability,SU2-HaarU4-brickwork|n16|d96|i2|dir=gaussian|basis=Z|eta=0,SU2-HaarU4-brickwork|n16|d96|i2,SU2-HaarU4-brickwork,16,96,6.0,2,gaussian,Z,0.0,256,64,4608,64,1.0,65536,65535,0.9891236477285148,0.4910722814059777,0.4964572755176714,0.0006928986802028,0.0163070721383247,1443.212447319428,5.952944273089003e-07,1296.086811679128,2,136,0.0019737196578144,0.0020752269779507,0.9510861601093248,-0.0001015073201362,0.0020752269779507,3.208791117019616e-05,-3.163413149515723,1.4869729423431863,1.48687143502305,0.30326183851584,0.3031603311957037,,,0,3.7303493627405266e-14,4.4304841756060876e-15,3.7303493627405266e-14,6.938893903907228e-18,-0.4547482971122366,8,0.2
v2_convergence,tangent-sample convergence and estimator stability,SU2-HaarU4-brickwork|n16|d96|i2|dir=gaussian|basis=Z|eta=0,SU2-HaarU4-brickwork|n16|d96|i2,SU2-HaarU4-brickwork,16,96,6.0,2,gaussian,Z,0.0,256,128,4608,128,1.0,65536,65535,0.99059361268255,0.4917460821795009,0.4964060923238172,0.000720702481178,0.0085275719930438,1387.5351148581472,7.860764505742443e-07,1127.8922358979946,1,16,0.0002315003664556,0.0002441443503471,0.9482110322294728,-1.2643983891484487e-05,0.0002441443503471,7.962861129039974e-06,-1.5878694462437375,0.3690037341388705,0.368991090154979,0.1062277725829795,0.106215128599088,,,0,3.7303493627405266e-14,4.4304841756060876e-15,3.7303493627405266e-14,6.938893903907228e-18,-0.4547482971122366,8,0.2
v2_convergence,tangent-sample convergence and estimator stability,SU2-HaarU4-brickwork|n16|d96|i2|dir=gaussian|basis=Z|eta=0,SU2-HaarU4-brickwork|n16|d96|i2,SU2-HaarU4-brickwork,16,96,6.0,2,gaussian,Z,0.0,256,128,4608,128,1.0,65536,65535,0.99059361268255,0.4917460821795009,0.4964060923238172,0.000720702481178,0.0085275719930438,1387.5351148581472,7.860764505742443e-07,1127.8922358979946,2,136,0.001975995446141,0.0020752269779507,0.9521828056092112,-9.92315318096783e-05,0.0020752269779507,2.3194260383467976e-05,-4.278279633370285,1.074835860300985,1.0747366287691758,0.3094207694091105,0.3093215378773009,,,0,3.7303493627405266e-14,4.4304841756060876e-15,3.7303493627405266e-14,6.938893903907228e-18,-0.4547482971122366,8,0.2
v2_convergence,tangent-sample convergence and estimator stability,SU2-HaarU4-brickwork|n16|d96|i2|dir=gaussian|basis=Z|eta=0,SU2-HaarU4-brickwork|n16|d96|i2,SU2-HaarU4-brickwork,16,96,6.0,2,gaussian,Z,0.0,256,256,4608,256,1.0,65536,65535,0.9900868763822388,0.4915433808692495,0.4964600884005476,0.0007318436917205,0.0046352349272997,1366.411996595985,8.306988913965449e-07,1097.1807632444854,1,16,0.0002281597211632,0.0002441443503471,0.934527957902081,-1.598462918389723e-05,0.0002441443503471,5.866312653606152e-06,-2.724817125809196,0.2718484273086599,0.271832442679476,0.1070633247923961,0.1070473401632122,,,0,3.7303493627405266e-14,4.4304841756060876e-15,3.7303493627405266e-14,6.938893903907228e-18,-0.4547482971122366,8,0.2
v2_convergence,tangent-sample convergence and estimator stability,SU2-HaarU4-brickwork|n16|d96|i2|dir=gaussian|basis=Z|eta=0,SU2-HaarU4-brickwork|n16|d96|i2,SU2-HaarU4-brickwork,16,96,6.0,2,gaussian,Z,0.0,256,256,4608,256,1.0,65536,65535,0.9900868763822388,0.4915433808692495,0.4964600884005476,0.0007318436917205,0.0046352349272997,1366.411996595985,8.306988913965449e-07,1097.1807632444854,2,136,0.0019659762576565,0.0020752269779507,0.9473548091582258,-0.0001092507202942,0.0020752269779507,1.7087423851001965e-05,-6.393633191688364,0.7918414129863789,0.7917321622660847,0.3118545699231637,0.3117453192028694,,,0,3.7303493627405266e-14,4.4304841756060876e-15,3.7303493627405266e-14,6.938893903907228e-18,-0.4547482971122366,8,0.2
v2_convergence,tangent-sample convergence and estimator stability,U1-RZ-XY-line|n16|d96|i6|dir=gaussian|basis=Z|eta=0,U1-RZ-XY-line|n16|d96|i6,U1-RZ-XY-line,16,96,6.0,6,gaussian,Z,0.0,256,32,2256,32,1.0,12870,12869,0.8043203532843498,0.3761314787344404,0.4680825011170861,0.0136907481002432,0.0445129122221106,73.04202755598376,0.000210122700571,68.98640489807963,1,15,0.2291645100767446,0.0011655917320693,196.6078720118418,0.2279989183446753,0.0011655917320693,8.966218186445101e-05,2542.86605125624,0.8159357768641048,0.5879368585194295,0.4516166748845673,0.223617756539892,,,0,2.220446049250313e-15,9.08264047949426e-16,1.9984014443252818e-15,4.8572257327350605e-17,-0.2545222013243555,8,0.2
v2_convergence,tangent-sample convergence and estimator stability,U1-RZ-XY-line|n16|d96|i6|dir=gaussian|basis=Z|eta=0,U1-RZ-XY-line|n16|d96|i6,U1-RZ-XY-line,16,96,6.0,6,gaussian,Z,0.0,256,32,2256,32,1.0,12870,12869,0.8043203532843498,0.3761314787344404,0.4680825011170861,0.0136907481002432,0.0445129122221106,73.04202755598376,0.000210122700571,68.98640489807963,2,119,0.4318926907084321,0.0092470277410832,46.70610955232616,0.4226456629673489,0.0092470277410832,0.0002515203326084,1680.363804326295,2.2888628596418297,1.8662171966744807,1.266874995861822,0.844229332894473,,,0,2.220446049250313e-15,9.08264047949426e-16,1.9984014443252818e-15,4.8572257327350605e-17,-0.2545222013243555,8,0.2
v2_convergence,tangent-sample convergence and estimator stability,U1-RZ-XY-line|n16|d96|i6|dir=gaussian|basis=Z|eta=0,U1-RZ-XY-line|n16|d96|i6,U1-RZ-XY-line,16,96,6.0,6,gaussian,Z,0.0,256,64,2256,64,1.0,12870,12869,0.787562000047494,0.3698201909629535,0.4699804980784043,0.0138101423993473,0.0292193589243574,72.41054951375897,0.0002478846672568,63.514834048283824,1,15,0.2194406228116185,0.0011655917320693,188.26542499751457,0.2182750310795492,0.0011655917320693,7.261106276416034e-05,3006.085061562909,0.6607687061973349,0.4424936751177856,0.4535928218625549,0.2353177907830057,,,0,2.220446049250313e-15,9.08264047949426e-16,1.9984014443252818e-15,4.8572257327350605e-17,-0.2545222013243555,8,0.2
v2_convergence,tangent-sample convergence and estimator stability,U1-RZ-XY-line|n16|d96|i6|dir=gaussian|basis=Z|eta=0,U1-RZ-XY-line|n16|d96|i6,U1-RZ-XY-line,16,96,6.0,6,gaussian,Z,0.0,256,64,2256,64,1.0,12870,12869,0.787562000047494,0.3698201909629535,0.4699804980784043,0.0138101423993473,0.0292193589243574,72.41054951375897,0.0002478846672568,63.514834048283824,2,119,0.4237039709862839,0.0092470277410832,45.820558005230986,0.4144569432452007,0.0092470277410832,0.0002036885371036,2034.7583086338648,1.853588227545705,1.4391312843005042,1.2724184829246064,0.8579615396794056,,,0,2.220446049250313e-15,9.08264047949426e-16,1.9984014443252818e-15,4.8572257327350605e-17,-0.2545222013243555,8,0.2
v2_convergence,tangent-sample convergence and estimator stability,U1-RZ-XY-line|n16|d96|i6|dir=gaussian|basis=Z|eta=0,U1-RZ-XY-line|n16|d96|i6,U1-RZ-XY-line,16,96,6.0,6,gaussian,Z,0.0,256,128,2256,128,1.0,12870,12869,0.7736965006753236,0.364683404219089,0.4721012498630598,0.0141466505565945,0.0218486298491211,70.68811065908771,0.0002657433480431,61.34353495936275,1,15,0.2221859125694655,0.0011655917320693,190.6207005904301,0.2210203208373962,0.0011655917320693,6.276017294011307e-05,3521.665261316248,0.5711245187121597,0.3501041978747635,0.4591167465221195,0.2380964256847233,,,0,2.220446049250313e-15,9.08264047949426e-16,1.9984014443252818e-15,4.8572257327350605e-17,-0.2545222013243555,8,0.2
v2_convergence,tangent-sample convergence and estimator stability,U1-RZ-XY-line|n16|d96|i6|dir=gaussian|basis=Z|eta=0,U1-RZ-XY-line|n16|d96|i6,U1-RZ-XY-line,16,96,6.0,6,gaussian,Z,0.0,256,128,2256,128,1.0,12870,12869,0.7736965006753236,0.364683404219089,0.4721012498630598,0.0141466505565945,0.0218486298491211,70.68811065908771,0.0002657433480431,61.34353495936275,2,119,0.4268109135844872,0.0092470277410832,46.15655165477954,0.417563885843404,0.0092470277410832,0.0001760548231619,2371.783279457672,1.602118372765995,1.1845544869225906,1.2879141951500588,0.8703503093066548,,,0,2.220446049250313e-15,9.08264047949426e-16,1.9984014443252818e-15,4.8572257327350605e-17,-0.2545222013243555,8,0.2
v2_convergence,tangent-sample convergence and estimator stability,U1-RZ-XY-line|n16|d96|i6|dir=gaussian|basis=Z|eta=0,U1-RZ-XY-line|n16|d96|i6,U1-RZ-XY-line,16,96,6.0,6,gaussian,Z,0.0,256,256,2256,256,1.0,12870,12869,0.767696351035954,0.3616583321015942,0.4719053363378184,0.0142034844921154,0.0180542521308181,70.405258692338,0.0002660796896432,61.304751640321726,1,15,0.2264296422917695,0.0011655917320693,194.26153777685212,0.2252640505597002,0.0011655917320693,5.702940346385036e-05,3949.96329748548,0.5189738823188532,0.293709831759153,0.4600431526415643,0.2347791020818641,,,0,2.220446049250313e-15,9.08264047949426e-16,1.9984014443252818e-15,4.8572257327350605e-17,-0.2545222013243555,8,0.2
v2_convergence,tangent-sample convergence and estimator stability,U1-RZ-XY-line|n16|d96|i6|dir=gaussian|basis=Z|eta=0,U1-RZ-XY-line|n16|d96|i6,U1-RZ-XY-line,16,96,6.0,6,gaussian,Z,0.0,256,256,2256,256,1.0,12870,12869,0.767696351035954,0.3616583321015942,0.4719053363378184,0.0142034844921154,0.0180542521308181,70.405258692338,0.0002660796896432,61.304751640321726,2,119,0.4314626561504137,0.0092470277410832,46.65960438655189,0.4222156284093305,0.0092470277410832,0.0001599788699027,2639.1962180131086,1.455825419163587,1.0336097907542567,1.2905129493901186,0.868297320980788,,,0,2.220446049250313e-15,9.08264047949426e-16,1.9984014443252818e-15,4.8572257327350605e-17,-0.2545222013243555,8,0.2
v2_convergence,tangent-sample convergence and estimator stability,SU2-CNOT-line|n12|d72|i3|dir=gaussian|basis=Z|eta=0,SU2-CNOT-line|n12|d72|i3,SU2-CNOT-line,12,72,6.0,3,gaussian,Z,0.0,256,32,2592,32,1.0,4096,4095,1.0011713142399856,0.4939282603297777,0.4932732825588702,0.0010799649951737,0.0322962160890745,925.9559378951496,1.7798553586676074e-06,749.5621440154664,1,12,0.002726172903038,0.0029304029304029,0.9303065031617258,-0.0002042300273649,0.0029304029304029,0.0002138400912201,-0.955059578396332,0.619271415685082,0.6190671856577171,0.0999989374042393,0.0997947073768744,,,0,4.440892098500626e-15,5.9935170725763605e-16,4.440892098500626e-15,2.4286128663675302e-17,-0.4489727762945967,8,0.2
v2_convergence,tangent-sample convergence and estimator stability,SU2-CNOT-line|n12|d72|i3|dir=gaussian|basis=Z|eta=0,SU2-CNOT-line|n12|d72|i3,SU2-CNOT-line,12,72,6.0,3,gaussian,Z,0.0,256,32,2592,32,1.0,4096,4095,1.0011713142399856,0.4939282603297777,0.4932732825588702,0.0010799649951737,0.0322962160890745,925.9559378951496,1.7798553586676074e-06,749.5621440154664,2,78,0.0192453491679361,0.019047619047619,1.010380831316648,0.0001977301203171,0.019047619047619,0.0005407630828199,0.3656501832299304,1.5660258931682844,1.5658281630479671,0.2528793050961512,0.2526815749758341,,,0,4.440892098500626e-15,5.9935170725763605e-16,4.440892098500626e-15,2.4286128663675302e-17,-0.4489727762945967,8,0.2
v2_convergence,tangent-sample convergence and estimator stability,SU2-CNOT-line|n12|d72|i3|dir=gaussian|basis=Z|eta=0,SU2-CNOT-line|n12|d72|i3,SU2-CNOT-line,12,72,6.0,3,gaussian,Z,0.0,256,64,2592,64,1.0,4096,4095,0.9943117149513726,0.4924203767299445,0.4952026811726003,0.0010378352252414,0.016646619049847,963.5440922400488,1.430790607808947e-06,836.0109381731368,1,12,0.0027339997601025,0.0029304029304029,0.9329774181349858,-0.0001964031703004,0.0029304029304029,0.0001529732187668,-1.2839055874203404,0.4430036538383811,0.4428072506680807,0.0974459426000121,0.0972495394297117,,,0,4.440892098500626e-15,5.9935170725763605e-16,4.440892098500626e-15,2.4286128663675302e-17,-0.4489727762945967,8,0.2
v2_convergence,tangent-sample convergence and estimator stability,SU2-CNOT-line|n12|d72|i3|dir=gaussian|basis=Z|eta=0,SU2-CNOT-line|n12|d72|i3,SU2-CNOT-line,12,72,6.0,3,gaussian,Z,0.0,256,64,2592,64,1.0,4096,4095,0.9943117149513726,0.4924203767299445,0.4952026811726003,0.0010378352252414,0.016646619049847,963.5440922400488,1.430790607808947e-06,836.0109381731368,2,78,0.018886298910366,0.019047619047619,0.9915306927942176,-0.000161320137253,0.019047619047619,0.0003868417231645,-0.4170184537834596,1.120276465387286,1.1201151452500329,0.2464232409742169,0.2462619208369639,,,0,4.440892098500626e-15,5.9935170725763605e-16,4.440892098500626e-15,2.4286128663675302e-17,-0.4489727762945967,8,0.2
v2_convergence,tangent-sample convergence and estimator stability,SU2-CNOT-line|n12|d72|i3|dir=gaussian|basis=Z|eta=0,SU2-CNOT-line|n12|d72|i3,SU2-CNOT-line,12,72,6.0,3,gaussian,Z,0.0,256,128,2592,128,1.0,4096,4095,0.9932888822677948,0.4924536633577361,0.4957728694731961,0.0010393172905724,0.0088436976242398,962.1700794078472,1.5457965539129816e-06,804.3106746514692,1,12,0.0027780452832217,0.0029304029304029,0.9480079528994336,-0.0001523576471811,0.0029304029304029,0.0001107638367553,-1.3755179636620671,0.3207671564431203,0.3206147987959392,0.0975368873636713,0.0973845297164901,,,0,4.440892098500626e-15,5.9935170725763605e-16,4.440892098500626e-15,2.4286128663675302e-17,-0.4489727762945967,8,0.2
v2_convergence,tangent-sample convergence and estimator stability,SU2-CNOT-line|n12|d72|i3|dir=gaussian|basis=Z|eta=0,SU2-CNOT-line|n12|d72|i3,SU2-CNOT-line,12,72,6.0,3,gaussian,Z,0.0,256,128,2592,128,1.0,4096,4095,0.9932888822677948,0.4924536633577361,0.4957728694731961,0.0010393172905724,0.0088436976242398,962.1700794078472,1.5457965539129816e-06,804.3106746514692,2,78,0.0184674070651383,0.019047619047619,0.9695388709197628,-0.0005802119824807,0.019047619047619,0.0002801017970346,-2.07143255995947,0.8111623755670615,0.8105821635845808,0.2466532239043684,0.2460730119218877,,,0,4.440892098500626e-15,5.9935170725763605e-16,4.440892098500626e-15,2.4286128663675302e-17,-0.4489727762945967,8,0.2
v2_convergence,tangent-sample convergence and estimator stability,SU2-CNOT-line|n12|d72|i3|dir=gaussian|basis=Z|eta=0,SU2-CNOT-line|n12|d72|i3,SU2-CNOT-line,12,72,6.0,3,gaussian,Z,0.0,256,256,2592,256,1.0,4096,4095,0.9939789364628197,0.4931864084907334,0.496173805371484,0.0010326886099589,0.0049349046700762,968.34611165101,1.5889786056365552e-06,793.3064312801606,1,12,0.0027822390470105,0.0029304029304029,0.9494390747923646,-0.0001481638833923,0.0029304029304029,8.180512083765749e-05,-1.811181034575695,0.2369040000982873,0.2367558362148949,0.0971294668249174,0.096981302941525,,,0,4.440892098500626e-15,5.9935170725763605e-16,4.440892098500626e-15,2.4286128663675302e-17,-0.4489727762945967,8,0.2
v2_convergence,tangent-sample convergence and estimator stability,SU2-CNOT-line|n12|d72|i3|dir=gaussian|basis=Z|eta=0,SU2-CNOT-line|n12|d72|i3,SU2-CNOT-line,12,72,6.0,3,gaussian,Z,0.0,256,256,2592,256,1.0,4096,4095,0.9939789364628197,0.4931864084907334,0.496173805371484,0.0010326886099589,0.0049349046700762,968.34611165101,1.5889786056365552e-06,793.3064312801606,2,78,0.0184548334789592,0.019047619047619,0.9688787576453608,-0.0005927855686597,0.019047619047619,0.0002068704193036,-2.8654921793807144,0.5990875550724969,0.5984947695038371,0.2456229307292969,0.2450301451606371,,,0,4.440892098500626e-15,5.9935170725763605e-16,4.440892098500626e-15,2.4286128663675302e-17,-0.4489727762945967,8,0.2
v2_convergence,tangent-sample convergence and estimator stability,SU2-HaarU4-brickwork|n16|d96|i3|dir=gaussian|basis=Z|eta=0,SU2-HaarU4-brickwork|n16|d96|i3,SU2-HaarU4-brickwork,16,96,6.0,3,gaussian,Z,0.0,256,32,4608,32,1.0,65536,65535,0.9843152608947794,0.4891627069596235,0.4969742622606042,0.000721423072102,0.0319488786010987,1386.1491802393002,4.692045385571334e-07,1459.885845486148,1,16,0.0002319858896907,0.0002441443503471,0.950199705055283,-1.2158460656374036e-05,0.0002441443503471,1.542302007832441e-05,-0.7883320254158002,0.7147119494330081,0.7146997909723517,0.1062820130966361,0.1062698546359798,,,0,3.397282455352979e-14,4.8379812319471055e-15,3.5305092183079984e-14,6.0715321659188256e-18,-0.4463813230833014,8,0.2
v2_convergence,tangent-sample convergence and estimator stability,SU2-HaarU4-brickwork|n16|d96|i3|dir=gaussian|basis=Z|eta=0,SU2-HaarU4-brickwork|n16|d96|i3,SU2-HaarU4-brickwork,16,96,6.0,3,gaussian,Z,0.0,256,32,4608,32,1.0,65536,65535,0.9843152608947794,0.4891627069596235,0.4969742622606042,0.000721423072102,0.0319488786010987,1386.1491802393002,4.692045385571334e-07,1459.885845486148,2,136,0.0019208075101489,0.0020752269779507,0.925589118953033,-0.0001544194678017,0.0020752269779507,4.492424742803967e-05,-3.4373300977183625,2.081816420717083,2.081662001249281,0.3095787614394497,0.3094243419716479,,,0,3.397282455352979e-14,4.8379812319471055e-15,3.5305092183079984e-14,6.0715321659188256e-18,-0.4463813230833014,8,0.2
v2_convergence,tangent-sample convergence and estimator stability,SU2-HaarU4-brickwork|n16|d96|i3|dir=gaussian|basis=Z|eta=0,SU2-HaarU4-brickwork|n16|d96|i3,SU2-HaarU4-brickwork,16,96,6.0,3,gaussian,Z,0.0,256,64,4608,64,1.0,65536,65535,0.9854788125110124,0.4899762450703413,0.4972036966263833,0.0007250656493939,0.0163387364986221,1379.1854583593474,7.581426440238079e-07,1148.4829104599405,1,16,0.0002271885846297,0.0002441443503471,0.9305502433570167,-1.6955765717368312e-05,0.0002441443503471,1.102685572922636e-05,-1.5376791112291013,0.5109910714197888,0.5109741156540715,0.1065557756084053,0.1065388198426879,,,0,3.397282455352979e-14,4.8379812319471055e-15,3.5305092183079984e-14,6.0715321659188256e-18,-0.4463813230833014,8,0.2
v2_convergence,tangent-sample convergence and estimator stability,SU2-HaarU4-brickwork|n16|d96|i3|dir=gaussian|basis=Z|eta=0,SU2-HaarU4-brickwork|n16|d96|i3,SU2-HaarU4-brickwork,16,96,6.0,3,gaussian,Z,0.0,256,64,4608,64,1.0,65536,65535,0.9854788125110124,0.4899762450703413,0.4972036966263833,0.0007250656493939,0.0163387364986221,1379.1854583593474,7.581426440238079e-07,1148.4829104599405,2,136,0.001933177921332,0.0020752269779507,0.9315501108418902,-0.0001420490566186,0.0020752269779507,3.2119078664058905e-05,-4.422575694165155,1.488417262598523,1.4882752135419044,0.310376178206904,0.3102341291502853,,,0,3.397282455352979e-14,4.8379812319471055e-15,3.5305092183079984e-14,6.0715321659188256e-18,-0.4463813230833014,8,0.2
v2_convergence,tangent-sample convergence and estimator stability,SU2-HaarU4-brickwork|n16|d96|i3|dir=gaussian|basis=Z|eta=0,SU2-HaarU4-brickwork|n16|d96|i3,SU2-HaarU4-brickwork,16,96,6.0,3,gaussian,Z,0.0,256,128,4608,128,1.0,65536,65535,0.9877471127469142,0.4910528300874373,0.4971544723446149,0.000737859385633,0.0085445948591827,1355.2717759930026,8.226821023857092e-07,1102.5136507398738,1,16,0.0002149141222218,0.0002441443503471,0.8802748124882422,-2.923022812524796e-05,0.0002441443503471,7.970819190430844e-06,-3.667154834014995,0.3693725154502797,0.3693432852221545,0.1075117813034446,0.1074825510753193,,,0,3.397282455352979e-14,4.8379812319471055e-15,3.5305092183079984e-14,6.0715321659188256e-18,-0.4463813230833014,8,0.2
v2_convergence,tangent-sample convergence and estimator stability,SU2-HaarU4-brickwork|n16|d96|i3|dir=gaussian|basis=Z|eta=0,SU2-HaarU4-brickwork|n16|d96|i3,SU2-HaarU4-brickwork,16,96,6.0,3,gaussian,Z,0.0,256,128,4608,128,1.0,65536,65535,0.9877471127469142,0.4910528300874373,0.4971544723446149,0.000737859385633,0.0085445948591827,1355.2717759930026,8.226821023857092e-07,1102.5136507398738,2,136,0.0019281220834091,0.0020752269779507,0.9291138289427686,-0.0001471048945415,0.0020752269779507,2.3217440663150905e-05,-6.335965133963721,1.0759100482872843,1.0757629433927427,0.3131608362160651,0.3130137313215235,,,0,3.397282455352979e-14,4.8379812319471055e-15,3.5305092183079984e-14,6.0715321659188256e-18,-0.4463813230833014,8,0.2
v2_convergence,tangent-sample convergence and estimator stability,SU2-HaarU4-brickwork|n16|d96|i3|dir=gaussian|basis=Z|eta=0,SU2-HaarU4-brickwork|n16|d96|i3,SU2-HaarU4-brickwork,16,96,6.0,3,gaussian,Z,0.0,256,256,4608,256,1.0,65536,65535,0.9874831782744582,0.4910939387017374,0.4973286748809298,0.0007386112034627,0.0046419760034492,1353.8922714843595,8.525669539953751e-07,1083.0181937187692,1,16,0.0002241023293243,0.0002441443503471,0.9179091345167782,-2.004202102283585e-05,0.0002441443503471,5.870590905957255e-06,-3.413969963823908,0.2720466840743578,0.2720266420533349,0.1075676962079325,0.1075476541869096,,,0,3.397282455352979e-14,4.8379812319471055e-15,3.5305092183079984e-14,6.0715321659188256e-18,-0.4463813230833014,8,0.2
v2_convergence,tangent-sample convergence and estimator stability,SU2-HaarU4-brickwork|n16|d96|i3|dir=gaussian|basis=Z|eta=0,SU2-HaarU4-brickwork|n16|d96|i3,SU2-HaarU4-brickwork,16,96,6.0,3,gaussian,Z,0.0,256,256,4608,256,1.0,65536,65535,0.9874831782744582,0.4910939387017374,0.4973286748809298,0.0007386112034627,0.0046419760034492,1353.8922714843595,8.525669539953751e-07,1083.0181937187692,2,136,0.0019598672161222,0.0020752269779507,0.9444110147689032,-0.0001153597618284,0.0020752269779507,1.709988556512828e-05,-6.746230048681036,0.7924188962517358,0.7923035364899073,0.3133237054201102,0.3132083456582817,,,0,3.397282455352979e-14,4.8379812319471055e-15,3.5305092183079984e-14,6.0715321659188256e-18,-0.4463813230833014,8,0.2
v2_convergence,tangent-sample convergence and estimator stability,U1-RZ-XY-line|n16|d96|i7|dir=gaussian|basis=Z|eta=0,U1-RZ-XY-line|n16|d96|i7,U1-RZ-XY-line,16,96,6.0,7,gaussian,Z,0.0,256,32,2256,32,1.0,12870,12869,0.7941360047984753,0.3785097732967302,0.4752841025195707,0.0156613268289192,0.0464219103655155,63.851550441656194,0.0003232556687033,55.61948012958647,1,15,0.2452404630338682,0.0011655917320693,210.3999679188567,0.2440748713017989,0.0011655917320693,9.156793456318056e-05,2665.505916084531,0.8332783373105986,0.5892034660087997,0.4831995950017236,0.2391247236999246,,,0,1.3322676295501878e-15,4.1901762724358055e-16,7.771561172376097e-16,5.551115123125783e-17,-0.2270808918202054,8,0.2
v2_convergence,tangent-sample convergence and estimator stability,U1-RZ-XY-line|n16|d96|i7|dir=gaussian|basis=Z|eta=0,U1-RZ-XY-line|n16|d96|i7,U1-RZ-XY-line,16,96,6.0,7,gaussian,Z,0.0,256,32,2256,32,1.0,12870,12869,0.7941360047984753,0.3785097732967302,0.4752841025195707,0.0156613268289192,0.0464219103655155,63.851550441656194,0.0003232556687033,55.61948012958647,2,119,0.4528693410956987,0.0092470277410832,48.97458445849199,0.4436223133546155,0.0092470277410832,0.0002568663496547,1727.0549994225366,2.337512206346091,1.893889892991476,1.3554713963444958,0.9118490829898802,,,0,1.3322676295501878e-15,4.1901762724358055e-16,7.771561172376097e-16,5.551115123125783e-17,-0.2270808918202054,8,0.2
v2_convergence,tangent-sample convergence and estimator stability,U1-RZ-XY-line|n16|d96|i7|dir=gaussian|basis=Z|eta=0,U1-RZ-XY-line|n16|d96|i7,U1-RZ-XY-line,16,96,6.0,7,gaussian,Z,0.0,256,64,2256,64,1.0,12870,12869,0.7900953897504879,0.3742908574406162,0.4736151888666228,0.0146939486419996,0.0300893556944683,68.05522629510932,0.0002781309486244,59.961893881233735,1,15,0.2416233590794618,0.0011655917320693,207.29673386623963,0.2404577673473925,0.0011655917320693,7.368695950521213e-05,3263.2336706793303,0.6705594855982063,0.4301017182508138,0.4679616323228676,0.227503864975475,,,0,1.3322676295501878e-15,4.1901762724358055e-16,7.771561172376097e-16,5.551115123125783e-17,-0.2270808918202054,8,0.2
v2_convergence,tangent-sample convergence and estimator stability,U1-RZ-XY-line|n16|d96|i7|dir=gaussian|basis=Z|eta=0,U1-RZ-XY-line|n16|d96|i7,U1-RZ-XY-line,16,96,6.0,7,gaussian,Z,0.0,256,64,2256,64,1.0,12870,12869,0.7900953897504879,0.3742908574406162,0.4736151888666228,0.0146939486419996,0.0300893556944683,68.05522629510932,0.0002781309486244,59.961893881233735,2,119,0.4458992004841443,0.0092470277410832,48.22081353807103,0.436652172743061,0.0092470277410832,0.0002067066424022,2112.424485583,1.8810533197417207,1.4444011469986602,1.3127258668295534,0.8760736940864924,,,0,1.3322676295501878e-15,4.1901762724358055e-16,7.771561172376097e-16,5.551115123125783e-17,-0.2270808918202054,8,0.2
v2_convergence,tangent-sample convergence and estimator stability,U1-RZ-XY-line|n16|d96|i7|dir=gaussian|basis=Z|eta=0,U1-RZ-XY-line|n16|d96|i7,U1-RZ-XY-line,16,96,6.0,7,gaussian,Z,0.0,256,128,2256,128,1.0,12870,12869,0.7884671713277412,0.3732896115643023,0.4730710458979092,0.0155871137009851,0.0232778393751962,64.1555594694095,0.0003498360744683,53.46477019294569,1,15,0.244848406897624,0.0011655917320693,210.06360989103487,0.2436828151655546,0.0011655917320693,6.478745842638046e-05,3761.265236889286,0.5895730409739043,0.3458902258083496,0.482047662813485,0.2383648476479303,,,0,1.3322676295501878e-15,4.1901762724358055e-16,7.771561172376097e-16,5.551115123125783e-17,-0.2270808918202054,8,0.2
v2_convergence,tangent-sample convergence and estimator stability,U1-RZ-XY-line|n16|d96|i7|dir=gaussian|basis=Z|eta=0,U1-RZ-XY-line|n16|d96|i7,U1-RZ-XY-line,16,96,6.0,7,gaussian,Z,0.0,256,128,2256,128,1.0,12870,12869,0.7884671713277412,0.3732896115643023,0.4730710458979092,0.0155871137009851,0.0232778393751962,64.1555594694095,0.0003498360744683,53.46477019294569,2,119,0.448478072694137,0.0092470277410832,48.49970014706595,0.4392310449530537,0.0092470277410832,0.0001817417639567,2416.7865183563285,1.653870163308225,1.214639118355171,1.3522399964264549,0.9130089514734012,,,0,1.3322676295501878e-15,4.1901762724358055e-16,7.771561172376097e-16,5.551115123125783e-17,-0.2270808918202054,8,0.2
v2_convergence,tangent-sample convergence and estimator stability,U1-RZ-XY-line|n16|d96|i7|dir=gaussian|basis=Z|eta=0,U1-RZ-XY-line|n16|d96|i7,U1-RZ-XY-line,16,96,6.0,7,gaussian,Z,0.0,256,256,2256,256,1.0,12870,12869,0.7865794769196375,0.3701744920255203,0.4710197293822633,0.0153142299821924,0.0191606587713245,65.29874509934932,0.0003275059691341,55.25739283117708,1,15,0.241049430569303,0.0011655917320693,206.804341466424,0.2398838388372337,0.0011655917320693,5.8758200908834486e-05,4082.5592875013695,0.534706130374631,0.2948222915373973,0.4777880958198415,0.2379042569826078,,,0,1.3322676295501878e-15,4.1901762724358055e-16,7.771561172376097e-16,5.551115123125783e-17,-0.2270808918202054,8,0.2
v2_convergence,tangent-sample convergence and estimator stability,U1-RZ-XY-line|n16|d96|i7|dir=gaussian|basis=Z|eta=0,U1-RZ-XY-line|n16|d96|i7,U1-RZ-XY-line,16,96,6.0,7,gaussian,Z,0.0,256,256,2256,256,1.0,12870,12869,0.7865794769196375,0.3701744920255203,0.4710197293822633,0.0153142299821924,0.0191606587713245,65.29874509934932,0.0003275059691341,55.25739283117708,2,119,0.4454207300957926,0.0092470277410832,48.16907038321642,0.4361737023547093,0.0092470277410832,0.0001648284921106,2646.227583408504,1.4999575179078484,1.063783815553139,1.340291060044014,0.9041173576893043,,,0,1.3322676295501878e-15,4.1901762724358055e-16,7.771561172376097e-16,5.551115123125783e-17,-0.2270808918202054,8,0.2
v2_convergence,tangent-sample convergence and estimator stability,SU2-CNOT-line|n12|d72|i4|dir=gaussian|basis=Z|eta=0,SU2-CNOT-line|n12|d72|i4,SU2-CNOT-line,12,72,6.0,4,gaussian,Z,0.0,256,32,2592,32,1.0,4096,4095,0.9866993404069492,0.4879453370061986,0.49451473164989,0.0009042779730843,0.0321260192864255,1105.8546484209012,1.463649462122308e-06,826.5734687897171,1,12,0.0026915543686401,0.0029304029304029,0.9184929282984658,-0.0002388485617627,0.0029304029304029,0.0002132715880862,-1.1199267746161206,0.6176250558351144,0.6173862072733517,0.0888691241212465,0.0886302755594838,,,0,2.886579864025407e-15,3.5042923745885715e-16,2.886579864025407e-15,2.4286128663675302e-17,-0.4534960426945484,8,0.2
v2_convergence,tangent-sample convergence and estimator stability,SU2-CNOT-line|n12|d72|i4|dir=gaussian|basis=Z|eta=0,SU2-CNOT-line|n12|d72|i4,SU2-CNOT-line,12,72,6.0,4,gaussian,Z,0.0,256,32,2592,32,1.0,4096,4095,0.9866993404069492,0.4879453370061986,0.49451473164989,0.0009042779730843,0.0321260192864255,1105.8546484209012,1.463649462122308e-06,826.5734687897171,2,78,0.0185451342637493,0.019047619047619,0.9736195488468417,-0.0005024847838696,0.019047619047619,0.0005393254407694,-0.9316912310920016,1.561862545580749,1.5613600607968794,0.2247340115369236,0.2242315267530539,,,0,2.886579864025407e-15,3.5042923745885715e-16,2.886579864025407e-15,2.4286128663675302e-17,-0.4534960426945484,8,0.2
v2_convergence,tangent-sample convergence and estimator stability,SU2-CNOT-line|n12|d72|i4|dir=gaussian|basis=Z|eta=0,SU2-CNOT-line|n12|d72|i4,SU2-CNOT-line,12,72,6.0,4,gaussian,Z,0.0,256,64,2592,64,1.0,4096,4095,0.996960290152325,0.49374696480455,0.4952230848754504,0.0009872353051035,0.0165968097534612,1012.9297390708216,1.322118185180928e-06,869.6907692983924,1,12,0.0029650514700122,0.0029304029304029,1.0118238141416669,3.464853960927954e-05,0.0029304029304029,0.0001527407749481,0.2268453831077014,0.4423305068534434,0.4422958583138341,0.0942883451196425,0.0942536965800332,,,0,2.886579864025407e-15,3.5042923745885715e-16,2.886579864025407e-15,2.4286128663675302e-17,-0.4534960426945484,8,0.2
v2_convergence,tangent-sample convergence and estimator stability,SU2-CNOT-line|n12|d72|i4|dir=gaussian|basis=Z|eta=0,SU2-CNOT-line|n12|d72|i4,SU2-CNOT-line,12,72,6.0,4,gaussian,Z,0.0,256,64,2592,64,1.0,4096,4095,0.996960290152325,0.49374696480455,0.4952230848754504,0.0009872353051035,0.0165968097534612,1012.9297390708216,1.322118185180928e-06,869.6907692983924,2,78,0.0190227484796287,0.019047619047619,0.9986942951805096,-2.487056799029344e-05,0.019047619047619,0.000386253914605,-0.0643891674618303,1.118574197881277,1.118549327313287,0.2384382455599018,0.2384133749919115,,,0,2.886579864025407e-15,3.5042923745885715e-16,2.886579864025407e-15,2.4286128663675302e-17,-0.4534960426945484,8,0.2
v2_convergence,tangent-sample convergence and estimator stability,SU2-CNOT-line|n12|d72|i4|dir=gaussian|basis=Z|eta=0,SU2-CNOT-line|n12|d72|i4,SU2-CNOT-line,12,72,6.0,4,gaussian,Z,0.0,256,128,2592,128,1.0,4096,4095,0.9932862142250812,0.4917931275874112,0.4951290986273542,0.0009847501020567,0.0087895567418844,1015.486058758816,1.4231865975146072e-06,838.2413438957612,1,12,0.0029193536323688,0.0029304029304029,0.9962294270458611,-1.1049298034106463e-05,0.0029304029304029,0.0001104146116673,-0.100070976723575,0.3197558160840003,0.3197447667859662,0.0941305316068903,0.0941194823088562,,,0,2.886579864025407e-15,3.5042923745885715e-16,2.886579864025407e-15,2.4286128663675302e-17,-0.4534960426945484,8,0.2
v2_convergence,tangent-sample convergence and estimator stability,SU2-CNOT-line|n12|d72|i4|dir=gaussian|basis=Z|eta=0,SU2-CNOT-line|n12|d72|i4,SU2-CNOT-line,12,72,6.0,4,gaussian,Z,0.0,256,128,2592,128,1.0,4096,4095,0.9932862142250812,0.4917931275874112,0.4951290986273542,0.0009847501020567,0.0087895567418844,1015.486058758816,1.4231865975146072e-06,838.2413438957612,2,78,0.0189406313646795,0.019047619047619,0.9943831466456772,-0.0001069876829394,0.019047619047619,0.0002792186696747,-0.3831680849425311,0.8086048779189001,0.8084978902359606,0.2380391636048783,0.2379321759219388,,,0,2.886579864025407e-15,3.5042923745885715e-16,2.886579864025407e-15,2.4286128663675302e-17,-0.4534960426945484,8,0.2
v2_convergence,tangent-sample convergence and estimator stability,SU2-CNOT-line|n12|d72|i4|dir=gaussian|basis=Z|eta=0,SU2-CNOT-line|n12|d72|i4,SU2-CNOT-line,12,72,6.0,4,gaussian,Z,0.0,256,256,2592,256,1.0,4096,4095,0.9916844118067788,0.491280042943,0.4954177067622533,0.0010055047593352,0.0049078270063691,994.5253771459924,1.4293478179612794e-06,836.4327682727258,1,12,0.0029755186626487,0.0029304029304029,1.0153957436288858,4.511573224581962e-05,0.0029304029304029,8.15686640785131e-05,0.5531012767647381,0.2362192318158377,0.2361741160835919,0.0954404685331927,0.0953953528009468,,,0,2.886579864025407e-15,3.5042923745885715e-16,2.886579864025407e-15,2.4286128663675302e-17,-0.4534960426945484,8,0.2
v2_convergence,tangent-sample convergence and estimator stability,SU2-CNOT-line|n12|d72|i4|dir=gaussian|basis=Z|eta=0,SU2-CNOT-line|n12|d72|i4,SU2-CNOT-line,12,72,6.0,4,gaussian,Z,0.0,256,256,2592,256,1.0,4096,4095,0.9916844118067788,0.491280042943,0.4954177067622533,0.0010055047593352,0.0049078270063691,994.5253771459924,1.4293478179612794e-06,836.4327682727258,2,78,0.0186676593551205,0.019047619047619,0.9800521161438308,-0.0003799596924984,0.019047619047619,0.0002062724627404,-1.8420281963504108,0.5973558993978199,0.5969759397053214,0.2413517582007994,0.2409717985083009,,,0,2.886579864025407e-15,3.5042923745885715e-16,2.886579864025407e-15,2.4286128663675302e-17,-0.4534960426945484,8,0.2
v2_convergence,tangent-sample convergence and estimator stability,SU2-HaarU4-brickwork|n16|d96|i4|dir=gaussian|basis=Z|eta=0,SU2-HaarU4-brickwork|n16|d96|i4,SU2-HaarU4-brickwork,16,96,6.0,4,gaussian,Z,0.0,256,32,4608,32,1.0,65536,65535,0.9919006120201932,0.4928577764710236,0.4968908658303513,0.000836630577826,0.032060485872269,1195.2706803980918,1.2014983248230004e-06,912.3015551562746,1,16,0.0002230751120257,0.0002441443503471,0.9137017166630164,-2.106923832138156e-05,0.0002441443503471,1.5449948122103e-05,-1.3637093247736862,0.7159598110428402,0.7159387418045189,0.1146243271006251,0.1146032578623038,,,0,3.8635761256955454e-14,5.830588732233565e-15,3.874678355941796e-14,6.451002926288751e-18,-0.4630098906876435,8,0.2
v2_convergence,tangent-sample convergence and estimator stability,SU2-HaarU4-brickwork|n16|d96|i4|dir=gaussian|basis=Z|eta=0,SU2-HaarU4-brickwork|n16|d96|i4,SU2-HaarU4-brickwork,16,96,6.0,4,gaussian,Z,0.0,256,32,4608,32,1.0,65536,65535,0.9919006120201932,0.4928577764710236,0.4968908658303513,0.000836630577826,0.032060485872269,1195.2706803980918,1.2014983248230004e-06,912.3015551562746,2,136,0.0020058818938538,0.0020752269779507,0.9665843376008184,-6.93450840968746e-05,0.0020752269779507,4.500268356410892e-05,-1.5409099770258927,2.085451198045476,2.0853818529613792,0.3338782939910742,0.3338089489069773,,,0,3.8635761256955454e-14,5.830588732233565e-15,3.874678355941796e-14,6.451002926288751e-18,-0.4630098906876435,8,0.2
v2_convergence,tangent-sample convergence and estimator stability,SU2-HaarU4-brickwork|n16|d96|i4|dir=gaussian|basis=Z|eta=0,SU2-HaarU4-brickwork|n16|d96|i4,SU2-HaarU4-brickwork,16,96,6.0,4,gaussian,Z,0.0,256,64,4608,64,1.0,65536,65535,0.9860492521125952,0.4900779630267202,0.4970260997202328,0.0007352310536282,0.0163487430684153,1360.1166532141303,8.132631193170299e-07,1108.879771544233,1,16,0.0002171273186181,0.0002441443503471,0.8893399266025158,-2.7017031728995894e-05,0.0002441443503471,1.1030235036624689e-05,-2.44936138162866,0.5111476705402027,0.5111206535084737,0.1073160755620615,0.1072890585303325,,,0,3.8635761256955454e-14,5.830588732233565e-15,3.874678355941796e-14,6.451002926288751e-18,-0.4630098906876435,8,0.2
v2_convergence,tangent-sample convergence and estimator stability,SU2-HaarU4-brickwork|n16|d96|i4|dir=gaussian|basis=Z|eta=0,SU2-HaarU4-brickwork|n16|d96|i4,SU2-HaarU4-brickwork,16,96,6.0,4,gaussian,Z,0.0,256,64,4608,64,1.0,65536,65535,0.9860492521125952,0.4900779630267202,0.4970260997202328,0.0007352310536282,0.0163487430684153,1360.1166532141303,8.132631193170299e-07,1108.879771544233,2,136,0.00194630042425,0.0020752269779507,0.937873516935516,-0.0001289265537006,0.0020752269779507,3.2128921926981915e-05,-4.012788041678501,1.4888734052733532,1.4887444787196529,0.3125907835866625,0.3124618570329618,,,0,3.8635761256955454e-14,5.830588732233565e-15,3.874678355941796e-14,6.451002926288751e-18,-0.4630098906876435,8,0.2
v2_convergence,tangent-sample convergence and estimator stability,SU2-HaarU4-brickwork|n16|d96|i4|dir=gaussian|basis=Z|eta=0,SU2-HaarU4-brickwork|n16|d96|i4,SU2-HaarU4-brickwork,16,96,6.0,4,gaussian,Z,0.0,256,128,4608,128,1.0,65536,65535,0.9875927039617898,0.4908592158786721,0.4970347606173373,0.0007393812345871,0.0085461048186919,1352.4822557315376,8.627194908946501e-07,1076.6268216513786,1,16,0.0002216427268389,0.0002441443503471,0.9078347564618884,-2.250162350819849e-05,0.0002441443503471,7.971524701495186e-06,-2.8227502705947773,0.3694052092538009,0.3693827076302927,0.1076249355748576,0.1076024339513494,,,0,3.8635761256955454e-14,5.830588732233565e-15,3.874678355941796e-14,6.451002926288751e-18,-0.4630098906876435,8,0.2
v2_convergence,tangent-sample convergence and estimator stability,SU2-HaarU4-brickwork|n16|d96|i4|dir=gaussian|basis=Z|eta=0,SU2-HaarU4-brickwork|n16|d96|i4,SU2-HaarU4-brickwork,16,96,6.0,4,gaussian,Z,0.0,256,128,4608,128,1.0,65536,65535,0.9875927039617898,0.4908592158786721,0.4970347606173373,0.0007393812345871,0.0085461048186919,1352.4822557315376,8.627194908946501e-07,1076.6268216513786,2,136,0.0019331356096977,0.0020752269779507,0.9315297219230942,-0.0001420913682529,0.0020752269779507,2.3219495679189056e-05,-6.11948554853129,1.0760052789561994,1.0758631875879463,0.313490432524744,0.3133483411564911,,,0,3.8635761256955454e-14,5.830588732233565e-15,3.874678355941796e-14,6.451002926288751e-18,-0.4630098906876435,8,0.2
v2_convergence,tangent-sample convergence and estimator stability,SU2-HaarU4-brickwork|n16|d96|i4|dir=gaussian|basis=Z|eta=0,SU2-HaarU4-brickwork|n16|d96|i4,SU2-HaarU4-brickwork,16,96,6.0,4,gaussian,Z,0.0,256,256,4608,256,1.0,65536,65535,0.9911471633080589,0.4925678146070681,0.4969736351448859,0.000733854027113,0.0046372374098196,1362.668818394176,8.184512739923437e-07,1105.3595950342462,1,16,0.000219705576238,0.0002441443503471,0.8999003086724446,-2.4438774109115512e-05,0.0002441443503471,5.867583863254891e-06,-4.165048967115867,0.2719073359219907,0.2718828971478816,0.1072133994838839,0.1071889607097748,,,0,3.8635761256955454e-14,5.830588732233565e-15,3.874678355941796e-14,6.451002926288751e-18,-0.4630098906876435,8,0.2
v2_convergence,tangent-sample convergence and estimator stability,SU2-HaarU4-brickwork|n16|d96|i4|dir=gaussian|basis=Z|eta=0,SU2-HaarU4-brickwork|n16|d96|i4,SU2-HaarU4-brickwork,16,96,6.0,4,gaussian,Z,0.0,256,256,4608,256,1.0,65536,65535,0.9911471633080589,0.4925678146070681,0.4969736351448859,0.000733854027113,0.0046372374098196,1362.668818394176,8.184512739923437e-07,1105.3595950342462,2,136,0.0019495099057633,0.0020752269779507,0.9394200858397196,-0.0001257170721873,0.0020752269779507,1.709112663661093e-05,-7.35569250993985,0.7920130022800113,0.7918872852078239,0.3122917082098836,0.3121659911376963,,,0,3.8635761256955454e-14,5.830588732233565e-15,3.874678355941796e-14,6.451002926288751e-18,-0.4630098906876435,8,0.2
v2_convergence,tangent-sample convergence and estimator stability,U1-RZ-XY-line|n16|d96|i8|dir=gaussian|basis=Z|eta=0,U1-RZ-XY-line|n16|d96|i8,U1-RZ-XY-line,16,96,6.0,8,gaussian,Z,0.0,256,32,2256,32,1.0,12870,12869,0.7824888359857909,0.3720760387443506,0.4755618498656112,0.0149413592782127,0.0457244418007685,66.92831497989499,0.0003594524618322,52.74475371844428,1,15,0.2442760608206159,0.0011655917320693,209.57257511336712,0.2431104690885466,0.0011655917320693,9.087628527117156e-05,2675.180531016577,0.8269842522163275,0.5838737831277809,0.471905629519928,0.2287951604313813,,,0,3.996802888650564e-15,1.4786374071655026e-15,3.996802888650564e-15,4.8572257327350605e-17,-0.2179427677047309,8,0.2
v2_convergence,tangent-sample convergence and estimator stability,U1-RZ-XY-line|n16|d96|i8|dir=gaussian|basis=Z|eta=0,U1-RZ-XY-line|n16|d96|i8,U1-RZ-XY-line,16,96,6.0,8,gaussian,Z,0.0,256,32,2256,32,1.0,12870,12869,0.7824888359857909,0.3720760387443506,0.4755618498656112,0.0149413592782127,0.0457244418007685,66.92831497989499,0.0003594524618322,52.74475371844428,2,119,0.45016226857752,0.0092470277410832,48.68183390188324,0.4409152408364368,0.0092470277410832,0.0002549261352147,1729.5803761549655,2.3198560402406287,1.878940799404192,1.3237895668888615,0.8828743260524247,,,0,3.996802888650564e-15,1.4786374071655026e-15,3.996802888650564e-15,4.8572257327350605e-17,-0.2179427677047309,8,0.2
v2_convergence,tangent-sample convergence and estimator stability,U1-RZ-XY-line|n16|d96|i8|dir=gaussian|basis=Z|eta=0,U1-RZ-XY-line|n16|d96|i8,U1-RZ-XY-line,16,96,6.0,8,gaussian,Z,0.0,256,64,2256,64,1.0,12870,12869,0.771094530104522,0.3632181511655851,0.4714083383895182,0.0142010961425853,0.0296042040153573,70.41709949426125,0.0002754827197499,60.24941286141704,1,15,0.240384607148948,0.0011655917320693,206.23396729332083,0.2392190154168787,0.0011655917320693,7.308894159586113e-05,3272.9850808295905,0.6651174564472471,0.4258984410303683,0.460004259553153,0.2207852441362742,,,0,3.996802888650564e-15,1.4786374071655026e-15,3.996802888650564e-15,4.8572257327350605e-17,-0.2179427677047309,8,0.2
v2_convergence,tangent-sample convergence and estimator stability,U1-RZ-XY-line|n16|d96|i8|dir=gaussian|basis=Z|eta=0,U1-RZ-XY-line|n16|d96|i8,U1-RZ-XY-line,16,96,6.0,8,gaussian,Z,0.0,256,64,2256,64,1.0,12870,12869,0.771094530104522,0.3632181511655851,0.4714083383895182,0.0142010961425853,0.0296042040153573,70.41709949426125,0.0002754827197499,60.24941286141704,2,119,0.440969932972729,0.0092470277410832,47.68774846576512,0.4317229052316458,0.0092470277410832,0.000205029082696,2105.666667161379,1.8657873407787795,1.4340644355471337,1.2904038465071643,0.8586809412755185,,,0,3.996802888650564e-15,1.4786374071655026e-15,3.996802888650564e-15,4.8572257327350605e-17,-0.2179427677047309,8,0.2
v2_convergence,tangent-sample convergence and estimator stability,U1-RZ-XY-line|n16|d96|i8|dir=gaussian|basis=Z|eta=0,U1-RZ-XY-line|n16|d96|i8,U1-RZ-XY-line,16,96,6.0,8,gaussian,Z,0.0,256,128,2256,128,1.0,12870,12869,0.7761692410944039,0.3704133752017797,0.4776213428079304,0.0143918225732462,0.0220918864593927,69.48390274480981,0.0002825223732722,59.49405588953476,1,15,0.2410220158993463,0.0011655917320693,206.78082150724583,0.2398564241672769,0.0011655917320693,6.310982318656745e-05,3800.619492439475,0.5743063746467251,0.3344499504794481,0.463099860321398,0.223243436154121,,,0,3.996802888650564e-15,1.4786374071655026e-15,3.996802888650564e-15,4.8572257327350605e-17,-0.2179427677047309,8,0.2
v2_convergence,tangent-sample convergence and estimator stability,U1-RZ-XY-line|n16|d96|i8|dir=gaussian|basis=Z|eta=0,U1-RZ-XY-line|n16|d96|i8,U1-RZ-XY-line,16,96,6.0,8,gaussian,Z,0.0,256,128,2256,128,1.0,12870,12869,0.7761692410944039,0.3704133752017797,0.4776213428079304,0.0143918225732462,0.0220918864593927,69.48390274480981,0.0002825223732722,59.49405588953476,2,119,0.4433142614711266,0.0092470277410832,47.94127084766326,0.4340672337300434,0.0092470277410832,0.0001770356619554,2451.863251366813,1.611044114325395,1.1769768805953515,1.2990876250932022,0.8650203913631588,,,0,3.996802888650564e-15,1.4786374071655026e-15,3.996802888650564e-15,4.8572257327350605e-17,-0.2179427677047309,8,0.2
v2_convergence,tangent-sample convergence and estimator stability,U1-RZ-XY-line|n16|d96|i8|dir=gaussian|basis=Z|eta=0,U1-RZ-XY-line|n16|d96|i8,U1-RZ-XY-line,16,96,6.0,8,gaussian,Z,0.0,256,256,2256,256,1.0,12870,12869,0.7855405474579966,0.3796622311505276,0.4835574596905778,0.0145312445503825,0.0183807318763575,68.81723010942487,0.0002810665480358,59.6479359617191,1,15,0.2544715539909276,0.0011655917320693,218.3196285539498,0.2533059622588582,0.0011655917320693,5.75449409732965e-05,4401.880651444301,0.523665330703507,0.2703593684446487,0.4653497315462698,0.2120437692874115,,,0,3.996802888650564e-15,1.4786374071655026e-15,3.996802888650564e-15,4.8572257327350605e-17,-0.2179427677047309,8,0.2
v2_convergence,tangent-sample convergence and estimator stability,U1-RZ-XY-line|n16|d96|i8|dir=gaussian|basis=Z|eta=0,U1-RZ-XY-line|n16|d96|i8,U1-RZ-XY-line,16,96,6.0,8,gaussian,Z,0.0,256,256,2256,256,1.0,12870,12869,0.7855405474579966,0.3796622311505276,0.4835574596905778,0.0145312445503825,0.0183807318763575,68.81723010942487,0.0002810665480358,59.6479359617191,2,119,0.4511921825714591,0.0092470277410832,48.79321174379922,0.4419451548303759,0.0092470277410832,0.0001614250556094,2737.7729755875475,1.4689858691279591,1.0270407142975833,1.3053989633524186,0.8634538085220427,,,0,3.996802888650564e-15,1.4786374071655026e-15,3.996802888650564e-15,4.8572257327350605e-17,-0.2179427677047309,8,0.2
v2_convergence,tangent-sample convergence and estimator stability,SU2-CNOT-line|n12|d72|i5|dir=gaussian|basis=Z|eta=0,SU2-CNOT-line|n12|d72|i5,SU2-CNOT-line,12,72,6.0,5,gaussian,Z,0.0,256,32,2592,32,1.0,4096,4095,0.9960441567081808,0.4930686166550039,0.4950902067596505,0.0010345400564397,0.032252210679676,966.613128003382,1.492778921116327e-06,818.4690341514824,1,12,0.0029873791477667,0.0029304029304029,1.0194431341754018,5.6976217363814696e-05,0.0029304029304029,0.0002136932462774,0.2666261959904519,0.6188461592470227,0.6187891830296589,0.0972434346249256,0.0971864584075618,,,0,4.440892098500626e-16,8.363184457454395e-17,6.661338147750939e-16,2.4286128663675302e-17,-0.4566617184962472,8,0.2
v2_convergence,tangent-sample convergence and estimator stability,SU2-CNOT-line|n12|d72|i5|dir=gaussian|basis=Z|eta=0,SU2-CNOT-line|n12|d72|i5,SU2-CNOT-line,12,72,6.0,5,gaussian,Z,0.0,256,32,2592,32,1.0,4096,4095,0.9960441567081808,0.4930686166550039,0.4950902067596505,0.0010345400564397,0.032252210679676,966.613128003382,1.492778921116327e-06,818.4690341514824,2,78,0.0187983005444884,0.019047619047619,0.9869107785856424,-0.0002493185031306,0.019047619047619,0.0005403917384035,-0.4613662375134487,1.564950496215721,1.5647011777125903,0.245911134772435,0.2456618162693044,,,0,4.440892098500626e-16,8.363184457454395e-17,6.661338147750939e-16,2.4286128663675302e-17,-0.4566617184962472,8,0.2
v2_convergence,tangent-sample convergence and estimator stability,SU2-CNOT-line|n12|d72|i5|dir=gaussian|basis=Z|eta=0,SU2-CNOT-line|n12|d72|i5,SU2-CNOT-line,12,72,6.0,5,gaussian,Z,0.0,256,64,2592,64,1.0,4096,4095,0.9904000104264404,0.490231589528203,0.4950242968110287,0.0010361459223192,0.0166449561422829,965.1150271977924,1.464019069437819e-06,826.4691235349825,1,12,0.0030074551272808,0.0029304029304029,1.0262940621846002,7.705219687794947e-05,0.0029304029304029,0.0001529654642163,0.5037228322922935,0.4429811970041823,0.4429041448073044,0.0973421773857417,0.0972651251888637,,,0,4.440892098500626e-16,8.363184457454395e-17,6.661338147750939e-16,2.4286128663675302e-17,-0.4566617184962472,8,0.2
v2_convergence,tangent-sample convergence and estimator stability,SU2-CNOT-line|n12|d72|i5|dir=gaussian|basis=Z|eta=0,SU2-CNOT-line|n12|d72|i5,SU2-CNOT-line,12,72,6.0,5,gaussian,Z,0.0,256,64,2592,64,1.0,4096,4095,0.9904000104264404,0.490231589528203,0.4950242968110287,0.0010361459223192,0.0166449561422829,965.1150271977924,1.464019069437819e-06,826.4691235349825,2,78,0.0189637374646424,0.019047619047619,0.9955962168937288,-8.388158297659154e-05,0.019047619047619,0.0003868221133027,-0.2168479517895361,1.1202196760975769,1.1201357945146002,0.2461608374331493,0.2460769558501727,,,0,4.440892098500626e-16,8.363184457454395e-17,6.661338147750939e-16,2.4286128663675302e-17,-0.4566617184962472,8,0.2
v2_convergence,tangent-sample convergence and estimator stability,SU2-CNOT-line|n12|d72|i5|dir=gaussian|basis=Z|eta=0,SU2-CNOT-line|n12|d72|i5,SU2-CNOT-line,12,72,6.0,5,gaussian,Z,0.0,256,128,2592,128,1.0,4096,4095,0.9903740433036696,0.4902113279499953,0.4949596628150312,0.0010012646076459,0.0088059422278987,998.736989566671,1.3735315350057389e-06,853.2586163772615,1,12,0.0031447619966417,0.0029304029304029,1.0731500313539926,0.0002143590662388,0.0029304029304029,0.000110520419461,1.9395426409360923,0.3200622307595844,0.3198478716933456,0.095174315431208,0.0949599563649692,,,0,4.440892098500626e-16,8.363184457454395e-17,6.661338147750939e-16,2.4286128663675302e-17,-0.4566617184962472,8,0.2
v2_convergence,tangent-sample convergence and estimator stability,SU2-CNOT-line|n12|d72|i5|dir=gaussian|basis=Z|eta=0,SU2-CNOT-line|n12|d72|i5,SU2-CNOT-line,12,72,6.0,5,gaussian,Z,0.0,256,128,2592,128,1.0,4096,4095,0.9903740433036696,0.4902113279499953,0.4949596628150312,0.0010012646076459,0.0088059422278987,998.736989566671,1.3735315350057389e-06,853.2586163772615,2,78,0.0190649928455561,0.019047619047619,1.0009121243916987,1.737379793712024e-05,0.019047619047619,0.0002794862385313,0.0621633395204654,0.8093797454549395,0.8093623716570024,0.2406787049341733,0.2406613311362362,,,0,4.440892098500626e-16,8.363184457454395e-17,6.661338147750939e-16,2.4286128663675302e-17,-0.4566617184962472,8,0.2
v2_convergence,tangent-sample convergence and estimator stability,SU2-CNOT-line|n12|d72|i5|dir=gaussian|basis=Z|eta=0,SU2-CNOT-line|n12|d72|i5,SU2-CNOT-line,12,72,6.0,5,gaussian,Z,0.0,256,256,2592,256,1.0,4096,4095,0.9936430087667524,0.4915506489871407,0.4946819052391944,0.0010182216880224,0.0049204942595535,982.1044000174252,1.4705952269548573e-06,824.6191648703324,1,12,0.0029733965896952,0.0029304029304029,1.014671586233492,4.2993659292284245e-05,0.0029304029304029,8.167936657462309e-05,0.5263711154395989,0.2365398213324936,0.2364968276732013,0.0962342921695805,0.0961912985102882,,,0,4.440892098500626e-16,8.363184457454395e-17,6.661338147750939e-16,2.4286128663675302e-17,-0.4566617184962472,8,0.2
v2_convergence,tangent-sample convergence and estimator stability,SU2-CNOT-line|n12|d72|i5|dir=gaussian|basis=Z|eta=0,SU2-CNOT-line|n12|d72|i5,SU2-CNOT-line,12,72,6.0,5,gaussian,Z,0.0,256,256,2592,256,1.0,4096,4095,0.9936430087667524,0.4915506489871407,0.4946819052391944,0.0010182216880224,0.0049204942595535,982.1044000174252,1.4705952269548573e-06,824.6191648703324,2,78,0.0190625366634073,0.019047619047619,1.0007831748288876,1.4917615788333227e-05,0.019047619047619,0.0002065524094179,0.0722219403315945,0.598166612554354,0.5981516949385657,0.2433591952271267,0.2433442776113384,,,0,4.440892098500626e-16,8.363184457454395e-17,6.661338147750939e-16,2.4286128663675302e-17,-0.4566617184962472,8,0.2
v2_convergence,tangent-sample convergence and estimator stability,SU2-HaarU4-brickwork|n16|d96|i5|dir=gaussian|basis=Z|eta=0,SU2-HaarU4-brickwork|n16|d96|i5,SU2-HaarU4-brickwork,16,96,6.0,5,gaussian,Z,0.0,256,32,4608,32,1.0,65536,65535,0.9863771067517072,0.4900108527232936,0.4967755198468626,0.0007292277846205,0.031956439416351,1371.3136294174376,6.341853938202021e-07,1255.7173137051625,1,16,0.0002459399243434,0.0002441443503471,1.0073545588654074,1.7955739962847129e-06,0.0002441443503471,1.5424845798449833e-05,0.1164079057740184,0.7147965543925642,0.7147947588185679,0.1068677276849529,0.1068659321109566,,,0,3.5305092183079984e-14,3.988400699065977e-15,3.5527136788005016e-14,6.0715321659188256e-18,-0.4525453016024751,8,0.2
v2_convergence,tangent-sample convergence and estimator stability,SU2-HaarU4-brickwork|n16|d96|i5|dir=gaussian|basis=Z|eta=0,SU2-HaarU4-brickwork|n16|d96|i5,SU2-HaarU4-brickwork,16,96,6.0,5,gaussian,Z,0.0,256,32,4608,32,1.0,65536,65535,0.9863771067517072,0.4900108527232936,0.4967755198468626,0.0007292277846205,0.031956439416351,1371.3136294174376,6.341853938202021e-07,1255.7173137051625,2,136,0.0019704784940963,0.0020752269779507,0.9495243243426852,-0.0001047484838543,0.0020752269779507,4.492956539444522e-05,-2.331393213683304,2.082062858452198,2.0819581099683435,0.3112848337232259,0.3111800852393716,,,0,3.5305092183079984e-14,3.988400699065977e-15,3.5527136788005016e-14,6.0715321659188256e-18,-0.4525453016024751,8,0.2
v2_convergence,tangent-sample convergence and estimator stability,SU2-HaarU4-brickwork|n16|d96|i5|dir=gaussian|basis=Z|eta=0,SU2-HaarU4-brickwork|n16|d96|i5,SU2-HaarU4-brickwork,16,96,6.0,5,gaussian,Z,0.0,256,64,4608,64,1.0,65536,65535,0.9940357828390252,0.4937495980628702,0.4967135112766576,0.0007455204950347,0.0163588717372997,1341.3447472740047,1.0255558963610938e-06,987.4618639417106,1,16,0.0002300334097791,0.0002441443503471,0.942202469367124,-1.4110940568032595e-05,0.0002441443503471,1.1033654523959468e-05,-1.2788999816326343,0.5113061316228371,0.5112920206822691,0.1080802060638396,0.1080660951232716,,,0,3.5305092183079984e-14,3.988400699065977e-15,3.5527136788005016e-14,6.0715321659188256e-18,-0.4525453016024751,8,0.2
v2_convergence,tangent-sample convergence and estimator stability,SU2-HaarU4-brickwork|n16|d96|i5|dir=gaussian|basis=Z|eta=0,SU2-HaarU4-brickwork|n16|d96|i5,SU2-HaarU4-brickwork,16,96,6.0,5,gaussian,Z,0.0,256,64,4608,64,1.0,65536,65535,0.9940357828390252,0.4937495980628702,0.4967135112766576,0.0007455204950347,0.0163588717372997,1341.3447472740047,1.0255558963610938e-06,987.4618639417106,2,136,0.0019704423016964,0.0020752269779507,0.9495068841299632,-0.0001047846762542,0.0020752269779507,3.2138882226218033e-05,-3.26037089643433,1.489334971480739,1.4892301868044846,0.3148165466055042,0.3147117619292499,,,0,3.5305092183079984e-14,3.988400699065977e-15,3.5527136788005016e-14,6.0715321659188256e-18,-0.4525453016024751,8,0.2
v2_convergence,tangent-sample convergence and estimator stability,SU2-HaarU4-brickwork|n16|d96|i5|dir=gaussian|basis=Z|eta=0,SU2-HaarU4-brickwork|n16|d96|i5,SU2-HaarU4-brickwork,16,96,6.0,5,gaussian,Z,0.0,256,128,4608,128,1.0,65536,65535,0.98960702871451,0.4915316567731469,0.4966904453380668,0.0007447723974735,0.0085514538631183,1342.6920806842331,9.310719218499548e-07,1036.3546134216424,1,16,0.000229644316964,0.0002441443503471,0.9406087695148758,-1.4500033383108073e-05,0.0002441443503471,7.97402347821693e-06,-1.81840866442375,0.3695210040574727,0.3695065040240896,0.1080248318865801,0.108010331853197,,,0,3.5305092183079984e-14,3.988400699065977e-15,3.5527136788005016e-14,6.0715321659188256e-18,-0.4525453016024751,8,0.2
v2_convergence,tangent-sample convergence and estimator stability,SU2-HaarU4-brickwork|n16|d96|i5|dir=gaussian|basis=Z|eta=0,SU2-HaarU4-brickwork|n16|d96|i5,SU2-HaarU4-brickwork,16,96,6.0,5,gaussian,Z,0.0,256,128,4608,128,1.0,65536,65535,0.98960702871451,0.4915316567731469,0.4966904453380668,0.0007447723974735,0.0085514538631183,1342.6920806842331,9.310719218499548e-07,1036.3546134216424,2,136,0.0019827007921805,0.0020752269779507,0.9554139442320252,-9.25261857701162e-05,0.0020752269779507,2.322677412810146e-05,-3.9836003596457767,1.076342566620004,1.076250040434234,0.3146552524343435,0.3145627262485734,,,0,3.5305092183079984e-14,3.988400699065977e-15,3.5527136788005016e-14,6.0715321659188256e-18,-0.4525453016024751,8,0.2
v2_convergence,tangent-sample convergence and estimator stability,SU2-HaarU4-brickwork|n16|d96|i5|dir=gaussian|basis=Z|eta=0,SU2-HaarU4-brickwork|n16|d96|i5,SU2-HaarU4-brickwork,16,96,6.0,5,gaussian,Z,0.0,256,256,4608,256,1.0,65536,65535,0.9899019273623756,0.4917324478214915,0.4967467729863601,0.0007310790362584,0.004634473258773,1367.8411640933266,8.317451542673583e-07,1096.490467233478,1,16,0.0002340912988659,0.0002441443503471,0.9588233294485838,-1.005305148123382e-05,0.0002441443503471,5.865829061268946e-06,-1.713833010854745,0.2718260173513169,0.2718159642998357,0.1070061868080078,0.1069961337565266,,,0,3.5305092183079984e-14,3.988400699065977e-15,3.5527136788005016e-14,6.0715321659188256e-18,-0.4525453016024751,8,0.2
v2_convergence,tangent-sample convergence and estimator stability,SU2-HaarU4-brickwork|n16|d96|i5|dir=gaussian|basis=Z|eta=0,SU2-HaarU4-brickwork|n16|d96|i5,SU2-HaarU4-brickwork,16,96,6.0,5,gaussian,Z,0.0,256,256,4608,256,1.0,65536,65535,0.9899019273623756,0.4917324478214915,0.4967467729863601,0.0007310790362584,0.004634473258773,1367.8411640933266,8.317451542673583e-07,1096.490467233478,2,136,0.0019873665965553,0.0020752269779507,0.9576622787151056,-8.786038139537095e-05,0.0020752269779507,1.7086015240904806e-05,-5.142239437140887,0.7917761371543163,0.7916882767729209,0.3116881381260732,0.3116002777446778,,,0,3.5305092183079984e-14,3.988400699065977e-15,3.5527136788005016e-14,6.0715321659188256e-18,-0.4525453016024751,8,0.2
v2_convergence,tangent-sample convergence and estimator stability,U1-RZ-XY-line|n16|d96|i9|dir=gaussian|basis=Z|eta=0,U1-RZ-XY-line|n16|d96|i9,U1-RZ-XY-line,16,96,6.0,9,gaussian,Z,0.0,256,32,2256,32,1.0,12870,12869,0.7713069115822938,0.3690854540109741,0.4803645251545218,0.0152777539514553,0.0460503241404723,65.45464753375865,0.0003347321050474,54.65769535025863,1,15,0.2284137355447957,0.0011655917320693,195.9637575150651,0.2272481438127264,0.0011655917320693,9.120010149665192e-05,2491.753189782021,0.8299310157012707,0.6026828718885442,0.4772158440249979,0.2499677002122714,,,0,5.773159728050814e-15,2.189118164800131e-15,5.9952043329758445e-15,4.163336342344337e-17,-0.2409975667241896,8,0.2
v2_convergence,tangent-sample convergence and estimator stability,U1-RZ-XY-line|n16|d96|i9|dir=gaussian|basis=Z|eta=0,U1-RZ-XY-line|n16|d96|i9,U1-RZ-XY-line,16,96,6.0,9,gaussian,Z,0.0,256,32,2256,32,1.0,12870,12869,0.7713069115822938,0.3690854540109741,0.4803645251545218,0.0152777539514553,0.0460503241404723,65.45464753375865,0.0003347321050474,54.65769535025863,2,119,0.4376673975757935,0.0092470277410832,47.3306028521251,0.4284203698347103,0.0092470277410832,0.0002558345044183,1674.5996432681973,2.328122300512677,1.899701930677967,1.3386857794364946,0.9102654096017844,,,0,5.773159728050814e-15,2.189118164800131e-15,5.9952043329758445e-15,4.163336342344337e-17,-0.2409975667241896,8,0.2
v2_convergence,tangent-sample convergence and estimator stability,U1-RZ-XY-line|n16|d96|i9|dir=gaussian|basis=Z|eta=0,U1-RZ-XY-line|n16|d96|i9,U1-RZ-XY-line,16,96,6.0,9,gaussian,Z,0.0,256,64,2256,64,1.0,12870,12869,0.8006318951735547,0.3743067967439527,0.469636023299035,0.0134707918361229,0.0288853107136835,74.23468584218053,0.00021896834267,67.5786223971756,1,15,0.2148390584896042,0.0011655917320693,184.3175895801811,0.2136734667575349,0.0011655917320693,7.219369613497768e-05,2959.724715549099,0.6569706236865375,0.4432971569290025,0.4479532595707192,0.2342797928131843,,,0,5.773159728050814e-15,2.189118164800131e-15,5.9952043329758445e-15,4.163336342344337e-17,-0.2409975667241896,8,0.2
v2_convergence,tangent-sample convergence and estimator stability,U1-RZ-XY-line|n16|d96|i9|dir=gaussian|basis=Z|eta=0,U1-RZ-XY-line|n16|d96|i9,U1-RZ-XY-line,16,96,6.0,9,gaussian,Z,0.0,256,64,2256,64,1.0,12870,12869,0.8006318951735547,0.3743067967439527,0.469636023299035,0.0134707918361229,0.0288853107136835,74.23468584218053,0.00021896834267,67.5786223971756,2,119,0.4251969367731367,0.0092470277410832,45.98201159103778,0.4159499090320535,0.0092470277410832,0.0002025177403284,2053.893690288808,1.8429338473318229,1.426983938299769,1.2565983840388466,0.8406484750067931,,,0,5.773159728050814e-15,2.189118164800131e-15,5.9952043329758445e-15,4.163336342344337e-17,-0.2409975667241896,8,0.2
v2_convergence,tangent-sample convergence and estimator stability,U1-RZ-XY-line|n16|d96|i9|dir=gaussian|basis=Z|eta=0,U1-RZ-XY-line|n16|d96|i9,U1-RZ-XY-line,16,96,6.0,9,gaussian,Z,0.0,256,128,2256,128,1.0,12870,12869,0.8014327713285857,0.3765083096812215,0.4716773167729021,0.0140976165914665,0.0217999789618456,70.93397621590253,0.0002557132626389,62.53503155030095,1,15,0.2171945629485476,0.0011655917320693,186.338455372324,0.2160289712164783,0.0011655917320693,6.26900094999242e-05,3445.987214545558,0.5704860236422482,0.3544570524257698,0.4583159769895668,0.2422870057730884,,,0,5.773159728050814e-15,2.189118164800131e-15,5.9952043329758445e-15,4.163336342344337e-17,-0.2409975667241896,8,0.2
v2_convergence,tangent-sample convergence and estimator stability,U1-RZ-XY-line|n16|d96|i9|dir=gaussian|basis=Z|eta=0,U1-RZ-XY-line|n16|d96|i9,U1-RZ-XY-line,16,96,6.0,9,gaussian,Z,0.0,256,128,2256,128,1.0,12870,12869,0.8014327713285857,0.3765083096812215,0.4716773167729021,0.0140976165914665,0.0217999789618456,70.93397621590253,0.0002557132626389,62.53503155030095,2,119,0.4274727634437021,0.0092470277410832,46.22812598955464,0.4182257357026189,0.0092470277410832,0.0001758580006951,2378.2013559201127,1.6003272665380004,1.1821015308353815,1.2856678766355834,0.8674421409329645,,,0,5.773159728050814e-15,2.189118164800131e-15,5.9952043329758445e-15,4.163336342344337e-17,-0.2409975667241896,8,0.2
v2_convergence,tangent-sample convergence and estimator stability,U1-RZ-XY-line|n16|d96|i9|dir=gaussian|basis=Z|eta=0,U1-RZ-XY-line|n16|d96|i9,U1-RZ-XY-line,16,96,6.0,9,gaussian,Z,0.0,256,256,2256,256,1.0,12870,12869,0.7998756052295659,0.3763150529001247,0.4721820933458588,0.0143768731229193,0.0182269634622829,69.55615393209655,0.0002680953949023,61.07385349172267,1,15,0.2150998543612568,0.0011655917320693,184.5413350516676,0.2139342626291875,0.0011655917320693,5.730270622656029e-05,3733.405919492632,0.5214609677028332,0.3075267050736457,0.4628579698451033,0.2489237072159158,,,0,5.773159728050814e-15,2.189118164800131e-15,5.9952043329758445e-15,4.163336342344337e-17,-0.2409975667241896,8,0.2
v2_convergence,tangent-sample convergence and estimator stability,U1-RZ-XY-line|n16|d96|i9|dir=gaussian|basis=Z|eta=0,U1-RZ-XY-line|n16|d96|i9,U1-RZ-XY-line,16,96,6.0,9,gaussian,Z,0.0,256,256,2256,256,1.0,12870,12869,0.7998756052295659,0.3763150529001247,0.4721820933458588,0.0143768731229193,0.0182269634622829,69.55615393209655,0.0002680953949023,61.07385349172267,2,119,0.4238608538083753,0.0092470277410832,45.83752376184859,0.4146138260672921,0.0092470277410832,0.0001607455387518,2579.317779433469,1.462802190529133,1.0481883644618408,1.298409073982942,0.88379524791565,,,0,5.773159728050814e-15,2.189118164800131e-15,5.9952043329758445e-15,4.163336342344337e-17,-0.2409975667241896,8,0.2
v2_convergence,tangent-sample convergence and estimator stability,SU2-CNOT-line|n12|d72|i6|dir=gaussian|basis=Z|eta=0,SU2-CNOT-line|n12|d72|i6,SU2-CNOT-line,12,72,6.0,6,gaussian,Z,0.0,256,32,2592,32,1.0,4096,4095,0.9919812991462568,0.4929771481006254,0.4969770869647652,0.0011295669318913,0.0323442679652696,885.2950380953804,2.3672358337742663e-06,649.9489355929791,1,12,0.0027664398043396,0.0029304029304029,0.9440475832308914,-0.0001639631260633,0.0029304029304029,0.0002140003240325,-0.7661816719416707,0.6197354428001047,0.6195714796740414,0.1029235953446036,0.1027596322185402,,,0,2.220446049250313e-16,4.7722633781646347e-17,2.220446049250313e-16,2.5153490401663706e-17,-0.4548934237296199,8,0.2
v2_convergence,tangent-sample convergence and estimator stability,SU2-CNOT-line|n12|d72|i6|dir=gaussian|basis=Z|eta=0,SU2-CNOT-line|n12|d72|i6,SU2-CNOT-line,12,72,6.0,6,gaussian,Z,0.0,256,32,2592,32,1.0,4096,4095,0.9919812991462568,0.4929771481006254,0.4969770869647652,0.0011295669318913,0.0323442679652696,885.2950380953804,2.3672358337742663e-06,649.9489355929791,2,78,0.0183514072378176,0.019047619047619,0.9634488799854288,-0.0006962118098013,0.019047619047619,0.0005411682827482,-1.286497808529568,1.567199334181146,1.5665031223713448,0.260275238361057,0.2595790265512556,,,0,2.220446049250313e-16,4.7722633781646347e-17,2.220446049250313e-16,2.5153490401663706e-17,-0.4548934237296199,8,0.2
v2_convergence,tangent-sample convergence and estimator stability,SU2-CNOT-line|n12|d72|i6|dir=gaussian|basis=Z|eta=0,SU2-CNOT-line|n12|d72|i6,SU2-CNOT-line,12,72,6.0,6,gaussian,Z,0.0,256,64,2592,64,1.0,4096,4095,0.9946329344604388,0.493244053116472,0.495916594092216,0.0010418934981064,0.0166506139121985,959.790997657046,1.6889710172310948e-06,769.4650552780065,1,12,0.0028176433560607,0.0029304029304029,0.9615207952557212,-0.0001127595743422,0.0029304029304029,0.0001529918461947,-0.7370299603985405,0.4430575980430744,0.4429448384687321,0.0976947710734255,0.0975820114990833,,,0,2.220446049250313e-16,4.7722633781646347e-17,2.220446049250313e-16,2.5153490401663706e-17,-0.4548934237296199,8,0.2
v2_convergence,tangent-sample convergence and estimator stability,SU2-CNOT-line|n12|d72|i6|dir=gaussian|basis=Z|eta=0,SU2-CNOT-line|n12|d72|i6,SU2-CNOT-line,12,72,6.0,6,gaussian,Z,0.0,256,64,2592,64,1.0,4096,4095,0.9946329344604388,0.493244053116472,0.495916594092216,0.0010418934981064,0.0166506139121985,959.790997657046,1.6889710172310948e-06,769.4650552780065,2,78,0.0182900522945053,0.019047619047619,0.9602277454615332,-0.0007575667531136,0.019047619047619,0.0003868888285753,-1.958099322493521,1.1204128805667957,1.119655313813682,0.247052483374969,0.2462949166218553,,,0,2.220446049250313e-16,4.7722633781646347e-17,2.220446049250313e-16,2.5153490401663706e-17,-0.4548934237296199,8,0.2
v2_convergence,tangent-sample convergence and estimator stability,SU2-CNOT-line|n12|d72|i6|dir=gaussian|basis=Z|eta=0,SU2-CNOT-line|n12|d72|i6,SU2-CNOT-line,12,72,6.0,6,gaussian,Z,0.0,256,128,2592,128,1.0,4096,4095,0.9943832910399852,0.4927124525268511,0.4955068540617581,0.0010214247366334,0.0088259448558784,979.0246546171968,1.4608296169955694e-06,827.3708531775086,1,12,0.0027870907182825,0.0029304029304029,0.9510947076139096,-0.0001433122121204,0.0029304029304029,0.0001106494474755,-1.2951913939931503,0.3204358901643859,0.3202925779522654,0.0964332045409447,0.0962898923288243,,,0,2.220446049250313e-16,4.7722633781646347e-17,2.220446049250313e-16,2.5153490401663706e-17,-0.4548934237296199,8,0.2
v2_convergence,tangent-sample convergence and estimator stability,SU2-CNOT-line|n12|d72|i6|dir=gaussian|basis=Z|eta=0,SU2-CNOT-line|n12|d72|i6,SU2-CNOT-line,12,72,6.0,6,gaussian,Z,0.0,256,128,2592,128,1.0,4096,4095,0.9943832910399852,0.4927124525268511,0.4955068540617581,0.0010214247366334,0.0088259448558784,979.0246546171968,1.4608296169955694e-06,827.3708531775086,2,78,0.0185342188055284,0.019047619047619,0.9730464872902428,-0.0005134002420906,0.019047619047619,0.0002798125271449,-1.8348007765382093,0.8103246628018796,0.8098112625597891,0.2438622087945835,0.2433488085524929,,,0,2.220446049250313e-16,4.7722633781646347e-17,2.220446049250313e-16,2.5153490401663706e-17,-0.4548934237296199,8,0.2
v2_convergence,tangent-sample convergence and estimator stability,SU2-CNOT-line|n12|d72|i6|dir=gaussian|basis=Z|eta=0,SU2-CNOT-line|n12|d72|i6,SU2-CNOT-line,12,72,6.0,6,gaussian,Z,0.0,256,256,2592,256,1.0,4096,4095,0.995010730745108,0.4933935063509486,0.4958850011829161,0.001014152018516,0.0049164404871936,986.0454663032456,1.4491699926470927e-06,830.6925846234234,1,12,0.0028025944243396,0.0029304029304029,0.9563853473059004,-0.0001278085060632,0.0029304029304029,8.164395591113041e-05,-1.5654374489449692,0.2364372736222567,0.2363094651161935,0.0959809671995471,0.0958531586934838,,,0,2.220446049250313e-16,4.7722633781646347e-17,2.220446049250313e-16,2.5153490401663706e-17,-0.4548934237296199,8,0.2
v2_convergence,tangent-sample convergence and estimator stability,SU2-CNOT-line|n12|d72|i6|dir=gaussian|basis=Z|eta=0,SU2-CNOT-line|n12|d72|i6,SU2-CNOT-line,12,72,6.0,6,gaussian,Z,0.0,256,256,2592,256,1.0,4096,4095,0.995010730745108,0.4933935063509486,0.4958850011829161,0.001014152018516,0.0049164404871936,986.0454663032456,1.4491699926470927e-06,830.6925846234234,2,78,0.0184475301345502,0.019047619047619,0.9684953320638868,-0.0006000889130688,0.019047619047619,0.0002064628622266,-2.9065222994434885,0.5979072878617419,0.597307198948673,0.2427185819961421,0.2421184930830733,,,0,2.220446049250313e-16,4.7722633781646347e-17,2.220446049250313e-16,2.5153490401663706e-17,-0.4548934237296199,8,0.2
v2_convergence,tangent-sample convergence and estimator stability,SU2-HaarU4-brickwork|n16|d96|i6|dir=gaussian|basis=Z|eta=0,SU2-HaarU4-brickwork|n16|d96|i6,SU2-HaarU4-brickwork,16,96,6.0,6,gaussian,Z,0.0,256,32,4608,32,1.0,65536,65535,0.9928207536069084,0.4930698443305936,0.4966521230563623,0.0008087107048344,0.0320334384953083,1236.536123513702,6.883287928553701e-07,1205.3190808868544,1,16,0.0002298909242883,0.0002441443503471,0.9416188577022476,-1.4253426058808826e-05,0.0002441443503471,1.544342657699433e-05,-0.9229445283886532,0.7156575987527529,0.7156433453266942,0.1126593425290292,0.1126450891029704,,,0,2.9531932455029164e-14,4.461492095578392e-15,2.90878432451791e-14,7.480994990149979e-18,-0.4611886645148131,8,0.2
v2_convergence,tangent-sample convergence and estimator stability,SU2-HaarU4-brickwork|n16|d96|i6|dir=gaussian|basis=Z|eta=0,SU2-HaarU4-brickwork|n16|d96|i6,SU2-HaarU4-brickwork,16,96,6.0,6,gaussian,Z,0.0,256,32,4608,32,1.0,65536,65535,0.9928207536069084,0.4930698443305936,0.4966521230563623,0.0008087107048344,0.0320334384953083,1236.536123513702,6.883287928553701e-07,1205.3190808868544,2,136,0.0019684703185615,0.0020752269779507,0.948556634756834,-0.0001067566593891,0.0020752269779507,4.498368757599589e-05,-2.373230500697271,2.084570912626231,2.0844641559668418,0.3281546774335934,0.3280479207742042,,,0,2.9531932455029164e-14,4.461492095578392e-15,2.90878432451791e-14,7.480994990149979e-18,-0.4611886645148131,8,0.2
v2_convergence,tangent-sample convergence and estimator stability,SU2-HaarU4-brickwork|n16|d96|i6|dir=gaussian|basis=Z|eta=0,SU2-HaarU4-brickwork|n16|d96|i6,SU2-HaarU4-brickwork,16,96,6.0,6,gaussian,Z,0.0,256,64,4608,64,1.0,65536,65535,0.993284258284441,0.4934901724817547,0.4968330808195346,0.0007550910809086,0.0163682927827693,1324.3435464721342,8.03931255518688e-07,1115.2970235517078,1,16,0.0002368638302483,0.0002441443503471,0.970179444707693,-7.280520098831351e-06,0.0002441443503471,1.1036834163221926e-05,-0.6596565637537845,0.5114534780027435,0.5114461974826447,0.1087861339101274,0.1087788533900285,,,0,2.9531932455029164e-14,4.461492095578392e-15,2.90878432451791e-14,7.480994990149979e-18,-0.4611886645148131,8,0.2
v2_convergence,tangent-sample convergence and estimator stability,SU2-HaarU4-brickwork|n16|d96|i6|dir=gaussian|basis=Z|eta=0,SU2-HaarU4-brickwork|n16|d96|i6,SU2-HaarU4-brickwork,16,96,6.0,6,gaussian,Z,0.0,256,64,4608,64,1.0,65536,65535,0.993284258284441,0.4934901724817547,0.4968330808195346,0.0007550910809086,0.0163682927827693,1324.3435464721342,8.03931255518688e-07,1115.2970235517078,2,136,0.0019619337825383,0.0020752269779507,0.9454068414606884,-0.0001132931954123,0.0020752269779507,3.214814389482984e-05,-3.5240975585697853,1.4897641627282978,1.4896508695328854,0.3168727766481238,0.3167594834527115,,,0,2.9531932455029164e-14,4.461492095578392e-15,2.90878432451791e-14,7.480994990149979e-18,-0.4611886645148131,8,0.2
v2_convergence,tangent-sample convergence and estimator stability,SU2-HaarU4-brickwork|n16|d96|i6|dir=gaussian|basis=Z|eta=0,SU2-HaarU4-brickwork|n16|d96|i6,SU2-HaarU4-brickwork,16,96,6.0,6,gaussian,Z,0.0,256,128,4608,128,1.0,65536,65535,0.9891355321242286,0.4911790367450047,0.4965809664703948,0.0007515746844,0.0085582030071781,1330.5397597289657,8.625754788677634e-07,1076.716692476376,1,16,0.0002313365623532,0.0002441443503471,0.9475401008636152,-1.2807787993929318e-05,0.0002441443503471,7.977175186948112e-06,-1.6055543088592104,0.3696670561199007,0.3696542483319068,0.108527297594238,0.1085144898062441,,,0,2.9531932455029164e-14,4.461492095578392e-15,2.90878432451791e-14,7.480994990149979e-18,-0.4611886645148131,8,0.2
v2_convergence,tangent-sample convergence and estimator stability,SU2-HaarU4-brickwork|n16|d96|i6|dir=gaussian|basis=Z|eta=0,SU2-HaarU4-brickwork|n16|d96|i6,SU2-HaarU4-brickwork,16,96,6.0,6,gaussian,Z,0.0,256,128,4608,128,1.0,65536,65535,0.9891355321242286,0.4911790367450047,0.4965809664703948,0.0007515746844,0.0085582030071781,1330.5397597289657,8.625754788677634e-07,1076.716692476376,2,136,0.0019669435080618,0.0020752269779507,0.9478209029473034,-0.0001082834698888,0.0020752269779507,2.323595444052676e-05,-4.660168798575498,1.076767987773356,1.0766597043034671,0.3161188369761709,0.316010553506282,,,0,2.9531932455029164e-14,4.461492095578392e-15,2.90878432451791e-14,7.480994990149979e-18,-0.4611886645148131,8,0.2
v2_convergence,tangent-sample convergence and estimator stability,SU2-HaarU4-brickwork|n16|d96|i6|dir=gaussian|basis=Z|eta=0,SU2-HaarU4-brickwork|n16|d96|i6,SU2-HaarU4-brickwork,16,96,6.0,6,gaussian,Z,0.0,256,256,4608,256,1.0,65536,65535,0.9910904966684368,0.4922675737417328,0.4966953021466371,0.0007427868873798,0.0046461353761009,1346.2811702660715,8.485237915719007e-07,1085.5953840699526,1,16,0.0002244742802562,0.0002441443503471,0.9194326222870608,-1.9670070090898424e-05,0.0002441443503471,5.87322911464251e-06,-3.349106548876,0.2721689402383824,0.2721492701682915,0.1078777266104582,0.1078580565403673,,,0,2.9531932455029164e-14,4.461492095578392e-15,2.90878432451791e-14,7.480994990149979e-18,-0.4611886645148131,8,0.2
v2_convergence,tangent-sample convergence and estimator stability,SU2-HaarU4-brickwork|n16|d96|i6|dir=gaussian|basis=Z|eta=0,SU2-HaarU4-brickwork|n16|d96|i6,SU2-HaarU4-brickwork,16,96,6.0,6,gaussian,Z,0.0,256,256,4608,256,1.0,65536,65535,0.9910904966684368,0.4922675737417328,0.4966953021466371,0.0007427868873798,0.0046461353761009,1346.2811702660715,8.485237915719007e-07,1085.5953840699526,2,136,0.001949699513218,0.0020752269779507,0.9395114529319628,-0.0001255274647326,0.0020752269779507,1.7107570152137915e-05,-7.337539090374292,0.7927750045972058,0.7926494771324732,0.3142267634750534,0.3141012360103208,,,0,2.9531932455029164e-14,4.461492095578392e-15,2.90878432451791e-14,7.480994990149979e-18,-0.4611886645148131,8,0.2
v2_convergence,tangent-sample convergence and estimator stability,SU2-CNOT-line|n12|d72|i7|dir=gaussian|basis=Z|eta=0,SU2-CNOT-line|n12|d72|i7,SU2-CNOT-line,12,72,6.0,7,gaussian,Z,0.0,256,32,2592,32,1.0,4096,4095,0.9911355337055268,0.4924780929642563,0.4968484044141858,0.0009755504946491,0.0321950645416913,1025.0622653413857,2.6109056127627005e-06,618.8771015110519,1,12,0.0027342816525683,0.0029304029304029,0.9330736139389462,-0.0001961212778345,0.0029304029304029,0.0002135024003132,-0.9185905055251924,0.6182934778028136,0.618097356524979,0.0935440281064615,0.0933479068286269,,,0,3.1086244689504387e-15,4.683844863802344e-16,3.552713678800501e-15,2.2117724318704287e-17,-0.4570121668384176,8,0.2
v2_convergence,tangent-sample convergence and estimator stability,SU2-CNOT-line|n12|d72|i7|dir=gaussian|basis=Z|eta=0,SU2-CNOT-line|n12|d72|i7,SU2-CNOT-line,12,72,6.0,7,gaussian,Z,0.0,256,32,2592,32,1.0,4096,4095,0.9911355337055268,0.4924780929642563,0.4968484044141858,0.0009755504946491,0.0321950645416913,1025.0622653413857,2.6109056127627005e-06,618.8771015110519,2,78,0.018031747548907,0.019047619047619,0.9466667463176176,-0.001015871498712,0.019047619047619,0.0005399091233272,-1.8815601641470885,1.563552864369033,1.562536992870321,0.2365560018686156,0.2355401303699035,,,0,3.1086244689504387e-15,4.683844863802344e-16,3.552713678800501e-15,2.2117724318704287e-17,-0.4570121668384176,8,0.2
v2_convergence,tangent-sample convergence and estimator stability,SU2-CNOT-line|n12|d72|i7|dir=gaussian|basis=Z|eta=0,SU2-CNOT-line|n12|d72|i7,SU2-CNOT-line,12,72,6.0,7,gaussian,Z,0.0,256,64,2592,64,1.0,4096,4095,0.9914626630040512,0.4927471643893927,0.4969680902820141,0.0009692246138239,0.0165790804792329,1031.7525842174414,1.4090006445146856e-06,842.450522762298,1,12,0.0027193970766803,0.0029304029304029,0.9279942524171738,-0.0002110058537225,0.0029304029304029,0.0001526579527701,-1.3822133068975229,0.4420906575008005,0.4418796516470779,0.0931385906755949,0.0929275848218724,,,0,3.1086244689504387e-15,4.683844863802344e-16,3.552713678800501e-15,2.2117724318704287e-17,-0.4570121668384176,8,0.2
v2_convergence,tangent-sample convergence and estimator stability,SU2-CNOT-line|n12|d72|i7|dir=gaussian|basis=Z|eta=0,SU2-CNOT-line|n12|d72|i7,SU2-CNOT-line,12,72,6.0,7,gaussian,Z,0.0,256,64,2592,64,1.0,4096,4095,0.9914626630040512,0.4927471643893927,0.4969680902820141,0.0009692246138239,0.0165790804792329,1031.7525842174414,1.4090006445146856e-06,842.450522762298,2,78,0.0180364054170547,0.019047619047619,0.9469112843953718,-0.0010112136305643,0.019047619047619,0.0003860444722312,-2.6194226398834037,1.1179676620600123,1.116956448429448,0.2355307236162773,0.2345195099857129,,,0,3.1086244689504387e-15,4.683844863802344e-16,3.552713678800501e-15,2.2117724318704287e-17,-0.4570121668384176,8,0.2
v2_convergence,tangent-sample convergence and estimator stability,SU2-CNOT-line|n12|d72|i7|dir=gaussian|basis=Z|eta=0,SU2-CNOT-line|n12|d72|i7,SU2-CNOT-line,12,72,6.0,7,gaussian,Z,0.0,256,128,2592,128,1.0,4096,4095,0.994631927085644,0.4924956804710719,0.4951803768626043,0.0010161908843559,0.0088207518930718,984.0670836501516,1.509792571258458e-06,813.8443596020343,1,12,0.0028360456559578,0.0029304029304029,0.9678005800956,-9.435727444512786e-05,0.0029304029304029,0.0001106159644576,-0.8530167856670011,0.3203389248303185,0.3202445675558734,0.0961079640730062,0.0960136067985611,,,0,3.1086244689504387e-15,4.683844863802344e-16,3.552713678800501e-15,2.2117724318704287e-17,-0.4570121668384176,8,0.2
v2_convergence,tangent-sample convergence and estimator stability,SU2-CNOT-line|n12|d72|i7|dir=gaussian|basis=Z|eta=0,SU2-CNOT-line|n12|d72|i7,SU2-CNOT-line,12,72,6.0,7,gaussian,Z,0.0,256,128,2592,128,1.0,4096,4095,0.994631927085644,0.4924956804710719,0.4951803768626043,0.0010161908843559,0.0088207518930718,984.0670836501516,1.509792571258458e-06,813.8443596020343,2,78,0.0186104436692218,0.019047619047619,0.9770482926341448,-0.0004371753783972,0.019047619047619,0.0002797278546222,-1.562859655101543,0.8100794549333373,0.8096422795549401,0.2430397342197892,0.242602558841392,,,0,3.1086244689504387e-15,4.683844863802344e-16,3.552713678800501e-15,2.2117724318704287e-17,-0.4570121668384176,8,0.2
v2_convergence,tangent-sample convergence and estimator stability,SU2-CNOT-line|n12|d72|i7|dir=gaussian|basis=Z|eta=0,SU2-CNOT-line|n12|d72|i7,SU2-CNOT-line,12,72,6.0,7,gaussian,Z,0.0,256,256,2592,256,1.0,4096,4095,0.9930730719416012,0.4921695071776145,0.4956272048850993,0.0010187941129298,0.0049210644484262,981.5525897810498,1.4893834586036317e-06,819.4014665579202,1,12,0.0028951045737065,0.0029304029304029,0.9879544357773624,-3.529835669637384e-05,0.0029304029304029,8.168434607828633e-05,-0.4321312269861825,0.2365542417541523,0.236518943397456,0.0962698704634109,0.0962345721067145,,,0,3.1086244689504387e-15,4.683844863802344e-16,3.552713678800501e-15,2.2117724318704287e-17,-0.4570121668384176,8,0.2
v2_convergence,tangent-sample convergence and estimator stability,SU2-CNOT-line|n12|d72|i7|dir=gaussian|basis=Z|eta=0,SU2-CNOT-line|n12|d72|i7,SU2-CNOT-line,12,72,6.0,7,gaussian,Z,0.0,256,256,2592,256,1.0,4096,4095,0.9930730719416012,0.4921695071776145,0.4956272048850993,0.0010187941129298,0.0049210644484262,981.5525897810498,1.4893834586036317e-06,819.4014665579202,2,78,0.0185605716687362,0.019047619047619,0.9744300126086524,-0.0004870473788828,0.019047619047619,0.000206565001686,-2.357840751857084,0.5982030792039297,0.5977160318250468,0.2434491663253592,0.2429621189464764,,,0,3.1086244689504387e-15,4.683844863802344e-16,3.552713678800501e-15,2.2117724318704287e-17,-0.4570121668384176,8,0.2
v2_convergence,tangent-sample convergence and estimator stability,SU2-HaarU4-brickwork|n16|d96|i7|dir=gaussian|basis=Z|eta=0,SU2-HaarU4-brickwork|n16|d96|i7,SU2-HaarU4-brickwork,16,96,6.0,7,gaussian,Z,0.0,256,32,4608,32,1.0,65536,65535,0.9923691474832216,0.4931611999340559,0.4969663659662298,0.0006857488941091,0.0319143192411683,1458.2597341248927,1.0830634878927709e-06,960.8886032414852,1,16,0.0002298274591283,0.0002441443503471,0.9413589083733404,-1.431689121883807e-05,0.0002441443503471,1.541467223056534e-05,-0.9287833698111004,0.7143251051888097,0.7143107882975908,0.1035626323263872,0.1035483154351684,,,0,3.230749001659205e-14,4.91696538031893e-15,3.219646771412954e-14,7.589415207398531e-18,-0.457368930537087,8,0.2
v2_convergence,tangent-sample convergence and estimator stability,SU2-HaarU4-brickwork|n16|d96|i7|dir=gaussian|basis=Z|eta=0,SU2-HaarU4-brickwork|n16|d96|i7,SU2-HaarU4-brickwork,16,96,6.0,7,gaussian,Z,0.0,256,32,4608,32,1.0,65536,65535,0.9923691474832216,0.4931611999340559,0.4969663659662298,0.0006857488941091,0.0319143192411683,1458.2597341248927,1.0830634878927709e-06,960.8886032414852,2,136,0.001969465530302,0.0020752269779507,0.9490362024142884,-0.0001057614476486,0.0020752269779507,4.489993177673949e-05,-2.355492390825374,2.080689618932852,2.080583857485204,0.3016577359883185,0.3015519745406698,,,0,3.230749001659205e-14,4.91696538031893e-15,3.219646771412954e-14,7.589415207398531e-18,-0.457368930537087,8,0.2
v2_convergence,tangent-sample convergence and estimator stability,SU2-HaarU4-brickwork|n16|d96|i7|dir=gaussian|basis=Z|eta=0,SU2-HaarU4-brickwork|n16|d96|i7,SU2-HaarU4-brickwork,16,96,6.0,7,gaussian,Z,0.0,256,64,4608,64,1.0,65536,65535,0.9894222276692552,0.4912830133322759,0.4965403783199443,0.0007469477046137,0.0163602766467291,1338.781810056122,1.0531887976334896e-06,974.4215598002636,1,16,0.0002301753681332,0.0002441443503471,0.9427839219134726,-1.3968982213846632e-05,0.0002441443503471,1.10341287444528e-05,-1.2659796289642964,0.5113281072833451,0.5113141383011313,0.1081857694936933,0.1081718005114794,,,0,3.230749001659205e-14,4.91696538031893e-15,3.219646771412954e-14,7.589415207398531e-18,-0.457368930537087,8,0.2
v2_convergence,tangent-sample convergence and estimator stability,SU2-HaarU4-brickwork|n16|d96|i7|dir=gaussian|basis=Z|eta=0,SU2-HaarU4-brickwork|n16|d96|i7,SU2-HaarU4-brickwork,16,96,6.0,7,gaussian,Z,0.0,256,64,4608,64,1.0,65536,65535,0.9894222276692552,0.4912830133322759,0.4965403783199443,0.0007469477046137,0.0163602766467291,1338.781810056122,1.0531887976334896e-06,974.4215598002636,2,136,0.0019937109217223,0.0020752269779507,0.9607194504049622,-8.151605622835336e-05,0.0020752269779507,3.214026353796305e-05,-2.53625973328032,1.4893989822908813,1.4893174662346529,0.3151240322742005,0.3150425162179721,,,0,3.230749001659205e-14,4.91696538031893e-15,3.219646771412954e-14,7.589415207398531e-18,-0.457368930537087,8,0.2
v2_convergence,tangent-sample convergence and estimator stability,SU2-HaarU4-brickwork|n16|d96|i7|dir=gaussian|basis=Z|eta=0,SU2-HaarU4-brickwork|n16|d96|i7,SU2-HaarU4-brickwork,16,96,6.0,7,gaussian,Z,0.0,256,128,4608,128,1.0,65536,65535,0.9905595948640672,0.4918142139694136,0.4964991186025471,0.0007593409473681,0.0085659085962168,1316.9314831051377,1.0488282114462165e-06,976.4450760756256,1,16,0.000226755822042,0.0002441443503471,0.9287776748454728,-1.738852830506497e-05,0.0002441443503471,7.980772013702167e-06,-2.178802786899644,0.3698337352169977,0.3698163466886926,0.1090981401911622,0.1090807516628571,,,0,3.230749001659205e-14,4.91696538031893e-15,3.219646771412954e-14,7.589415207398531e-18,-0.457368930537087,8,0.2
v2_convergence,tangent-sample convergence and estimator stability,SU2-HaarU4-brickwork|n16|d96|i7|dir=gaussian|basis=Z|eta=0,SU2-HaarU4-brickwork|n16|d96|i7,SU2-HaarU4-brickwork,16,96,6.0,7,gaussian,Z,0.0,256,128,4608,128,1.0,65536,65535,0.9905595948640672,0.4918142139694136,0.4964991186025471,0.0007593409473681,0.0085659085962168,1316.9314831051377,1.0488282114462165e-06,976.4450760756256,2,136,0.0019852343236219,0.0020752269779507,0.9566347896953328,-8.999265432875188e-05,0.0020752269779507,2.3246431294880476e-05,-3.871246007062204,1.077253491452988,1.0771634987986594,0.3177815900515383,0.3176915973972095,,,0,3.230749001659205e-14,4.91696538031893e-15,3.219646771412954e-14,7.589415207398531e-18,-0.457368930537087,8,0.2
v2_convergence,tangent-sample convergence and estimator stability,SU2-HaarU4-brickwork|n16|d96|i7|dir=gaussian|basis=Z|eta=0,SU2-HaarU4-brickwork|n16|d96|i7,SU2-HaarU4-brickwork,16,96,6.0,7,gaussian,Z,0.0,256,256,4608,256,1.0,65536,65535,0.9913326707023864,0.4921090400288705,0.4964131421766182,0.000743429927027,0.0046467759038745,1345.116686382226,8.883516545783405e-07,1060.9808426022996,1,16,0.0002212916337687,0.0002441443503471,0.9063967011897252,-2.2852716578384023e-05,0.0002441443503471,5.873635283583785e-06,-3.890727884016744,0.272187762349379,0.2721649096328006,0.1079253909934283,0.10790253827685,,,0,3.230749001659205e-14,4.91696538031893e-15,3.219646771412954e-14,7.589415207398531e-18,-0.457368930537087,8,0.2
v2_convergence,tangent-sample convergence and estimator stability,SU2-HaarU4-brickwork|n16|d96|i7|dir=gaussian|basis=Z|eta=0,SU2-HaarU4-brickwork|n16|d96|i7,SU2-HaarU4-brickwork,16,96,6.0,7,gaussian,Z,0.0,256,256,4608,256,1.0,65536,65535,0.9913326707023864,0.4921090400288705,0.4964131421766182,0.000743429927027,0.0046467759038745,1345.116686382226,8.883516545783405e-07,1060.9808426022996,2,136,0.0019682966993428,0.0020752269779507,0.948472971995826,-0.0001069302786078,0.0020752269779507,1.710875324299319e-05,-6.250033365328733,0.7928298297330894,0.7927228994544815,0.3143656005201445,0.3142586702415367,,,0,3.230749001659205e-14,4.91696538031893e-15,3.219646771412954e-14,7.589415207398531e-18,-0.457368930537087,8,0.2
v2_convergence,tangent-sample convergence and estimator stability,SU2-CNOT-line|n16|d96|i0|dir=gaussian|basis=Z|eta=0,SU2-CNOT-line|n16|d96|i0,SU2-CNOT-line,16,96,6.0,0,gaussian,Z,0.0,256,32,4608,32,1.0,65536,65535,0.9946221187094642,0.4938610668162275,0.4965319348020884,0.0003784697861575,0.0316166426053402,2642.218841701036,2.612618657182039e-07,1956.419523356704,1,16,0.0002531102155644,0.0002441443503471,1.0367236235633197,8.965865217259701e-06,0.0002441443503471,1.5342580091119295e-05,0.5843779314829446,0.7109843124477893,0.710975346582572,0.0762230504143998,0.0762140845491825,,,0,4.440892098500626e-16,5.329433385569656e-17,2.220446049250313e-16,5.3125906451789725e-18,-0.4746189812822631,8,0.2
v2_convergence,tangent-sample convergence and estimator stability,SU2-CNOT-line|n16|d96|i0|dir=gaussian|basis=Z|eta=0,SU2-CNOT-line|n16|d96|i0,SU2-CNOT-line,16,96,6.0,0,gaussian,Z,0.0,256,32,4608,32,1.0,65536,65535,0.9946221187094642,0.4938610668162275,0.4965319348020884,0.0003784697861575,0.0316166426053402,2642.218841701036,2.612618657182039e-07,1956.419523356704,2,136,0.0020577240342853,0.0020752269779507,0.9915657690212392,-1.750294366539189e-05,0.0020752269779507,4.468994144451899e-05,-0.3916528663865266,2.070958541689795,2.0709410387461293,0.222022869655011,0.2220053667113457,,,0,4.440892098500626e-16,5.329433385569656e-17,2.220446049250313e-16,5.3125906451789725e-18,-0.4746189812822631,8,0.2
v2_convergence,tangent-sample convergence and estimator stability,SU2-CNOT-line|n16|d96|i0|dir=gaussian|basis=Z|eta=0,SU2-CNOT-line|n16|d96|i0,SU2-CNOT-line,16,96,6.0,0,gaussian,Z,0.0,256,64,4608,64,1.0,65536,65535,0.9949285609993896,0.4937797963765972,0.4962983458415108,0.0004061653905441,0.0160248190563169,2462.0512315446376,1.7785598221239549e-07,2371.186760007968,1,16,0.0002488021327478,0.0002441443503471,1.019077985601714,4.657782400662629e-06,0.0002441443503471,1.0920312056370445e-05,0.4265246612568619,0.5060537740720648,0.5060491162896641,0.0790757541668514,0.0790710963844507,,,0,4.440892098500626e-16,5.329433385569656e-17,2.220446049250313e-16,5.3125906451789725e-18,-0.4746189812822631,8,0.2
v2_convergence,tangent-sample convergence and estimator stability,SU2-CNOT-line|n16|d96|i0|dir=gaussian|basis=Z|eta=0,SU2-CNOT-line|n16|d96|i0,SU2-CNOT-line,16,96,6.0,0,gaussian,Z,0.0,256,64,4608,64,1.0,65536,65535,0.9949285609993896,0.4937797963765972,0.4962983458415108,0.0004061653905441,0.0160248190563169,2462.0512315446376,1.7785598221239549e-07,2371.186760007968,2,136,0.0020694431216241,0.0020752269779507,0.997212904232648,-5.783856326541017e-06,0.0020752269779507,3.180873773880795e-05,-0.1818323120531902,1.474035879020693,1.4740300951643666,0.2303322389330906,0.230326455076764,,,0,4.440892098500626e-16,5.329433385569656e-17,2.220446049250313e-16,5.3125906451789725e-18,-0.4746189812822631,8,0.2
v2_convergence,tangent-sample convergence and estimator stability,SU2-CNOT-line|n16|d96|i0|dir=gaussian|basis=Z|eta=0,SU2-CNOT-line|n16|d96|i0,SU2-CNOT-line,16,96,6.0,0,gaussian,Z,0.0,256,128,4608,128,1.0,65536,65535,0.9962284970657164,0.4945159051970658,0.4963882112275796,0.0004254994914449,0.008234675276668,2350.179072139589,2.638342427087839e-07,1946.8586420042336,1,16,0.0002375767204712,0.0002441443503471,0.9730993985053334,-6.567629875862751e-06,0.0002441443503471,7.82466652712438e-06,-0.8393494921599427,0.3625997138604411,0.3625931462305652,0.0810076847372244,0.0810011171073486,,,0,4.440892098500626e-16,5.329433385569656e-17,2.220446049250313e-16,5.3125906451789725e-18,-0.4746189812822631,8,0.2
v2_convergence,tangent-sample convergence and estimator stability,SU2-CNOT-line|n16|d96|i0|dir=gaussian|basis=Z|eta=0,SU2-CNOT-line|n16|d96|i0,SU2-CNOT-line,16,96,6.0,0,gaussian,Z,0.0,256,128,4608,128,1.0,65536,65535,0.9962284970657164,0.4945159051970658,0.4963882112275796,0.0004254994914449,0.008234675276668,2350.179072139589,2.638342427087839e-07,1946.8586420042336,2,136,0.0020348030952069,0.0020752269779507,0.9805207415028452,-4.042388274377168e-05,0.0020752269779507,2.2791726479073936e-05,-1.7736209137507235,1.0561821990815026,1.0561417751987587,0.2359595756360498,0.235919151753306,,,0,4.440892098500626e-16,5.329433385569656e-17,2.220446049250313e-16,5.3125906451789725e-18,-0.4746189812822631,8,0.2
v2_convergence,tangent-sample convergence and estimator stability,SU2-CNOT-line|n16|d96|i0|dir=gaussian|basis=Z|eta=0,SU2-CNOT-line|n16|d96|i0,SU2-CNOT-line,16,96,6.0,0,gaussian,Z,0.0,256,256,4608,256,1.0,65536,65535,0.9950345663772566,0.4938346519542362,0.4962991270551317,0.0004290128091308,0.0043335869778452,2330.932733747221,2.7408567196073506e-07,1910.1032057790376,1,16,0.0002376795922885,0.0002441443503471,0.9735207550394664,-6.46475805857232e-06,0.0002441443503471,5.671568231693045e-06,-1.139853704385832,0.2628238546426141,0.2628173898845555,0.0813538219468109,0.0813473571887523,,,0,4.440892098500626e-16,5.329433385569656e-17,2.220446049250313e-16,5.3125906451789725e-18,-0.4746189812822631,8,0.2
v2_convergence,tangent-sample convergence and estimator stability,SU2-CNOT-line|n16|d96|i0|dir=gaussian|basis=Z|eta=0,SU2-CNOT-line|n16|d96|i0,SU2-CNOT-line,16,96,6.0,0,gaussian,Z,0.0,256,256,4608,256,1.0,65536,65535,0.9950345663772566,0.4938346519542362,0.4962991270551317,0.0004290128091308,0.0043335869778452,2330.932733747221,2.7408567196073506e-07,1910.1032057790376,2,136,0.002027268593425,0.0020752269779507,0.9768900534566964,-4.795838452566247e-05,0.0020752269779507,1.6520171357597607e-05,-2.9030197984966097,0.7655545941063628,0.7655066357218372,0.236967805773114,0.2369198473885884,,,0,4.440892098500626e-16,5.329433385569656e-17,2.220446049250313e-16,5.3125906451789725e-18,-0.4746189812822631,8,0.2
v2_convergence,tangent-sample convergence and estimator stability,U1-RZ-XY-line|n8|d48|i0|dir=gaussian|basis=Z|eta=0,U1-RZ-XY-line|n8|d48|i0,U1-RZ-XY-line,8,48,6.0,0,gaussian,Z,0.0,256,32,552,32,1.0,70,69,0.8304752493481131,0.4063643169903119,0.489253135234732,0.0547741085574182,0.0843124176649989,18.256801002096196,0.0036951914546004,16.450591856933496,1,7,0.4781739534692364,0.1014492753623188,4.713428969911045,0.3767246781069176,0.1014492753623188,0.0134877828058219,27.930808460550477,0.6626881378379262,0.2859634597310086,0.5033526444340779,0.1266279663271602,,,0,2.220446049250313e-16,1.7187774663282427e-16,2.220446049250313e-16,1.0755285551056204e-16,-0.1544923834514859,8,0.2
v2_convergence,tangent-sample convergence and estimator stability,U1-RZ-XY-line|n8|d48|i0|dir=gaussian|basis=Z|eta=0,U1-RZ-XY-line|n8|d48|i0,U1-RZ-XY-line,8,48,6.0,0,gaussian,Z,0.0,256,32,552,32,1.0,70,69,0.8304752493481131,0.4063643169903119,0.489253135234732,0.0547741085574182,0.0843124176649989,18.256801002096196,0.0036951914546004,16.450591856933496,2,27,0.7520648880685543,0.391304347826087,1.921943602841861,0.3607605402424673,0.391304347826087,0.0218022957406006,16.546906093501523,1.071200728313476,0.7104401880710087,0.8136432335660256,0.4528826933235583,,,0,2.220446049250313e-16,1.7187774663282427e-16,2.220446049250313e-16,1.0755285551056204e-16,-0.1544923834514859,8,0.2
v2_convergence,tangent-sample convergence and estimator stability,U1-RZ-XY-line|n8|d48|i0|dir=gaussian|basis=Z|eta=0,U1-RZ-XY-line|n8|d48|i0,U1-RZ-XY-line,8,48,6.0,0,gaussian,Z,0.0,256,64,552,64,1.0,70,69,0.7913000589670894,0.371715692852635,0.4725921582613579,0.0536436003741458,0.0684304191182997,18.641552636760792,0.003335137329766,17.31582305703111,1,7,0.4408144203023916,0.1014492753623188,4.345170714409289,0.3393651449400727,0.1014492753623188,0.0118548962982929,28.626580646592284,0.5824603839844219,0.2430952390443491,0.4962390069591073,0.1568738620190345,,,0,2.220446049250313e-16,1.7187774663282427e-16,2.220446049250313e-16,1.0755285551056204e-16,-0.1544923834514859,8,0.2
v2_convergence,tangent-sample convergence and estimator stability,U1-RZ-XY-line|n8|d48|i0|dir=gaussian|basis=Z|eta=0,U1-RZ-XY-line|n8|d48|i0,U1-RZ-XY-line,8,48,6.0,0,gaussian,Z,0.0,256,64,552,64,1.0,70,69,0.7913000589670894,0.371715692852635,0.4725921582613579,0.0536436003741458,0.0684304191182997,18.641552636760792,0.003335137329766,17.31582305703111,2,27,0.7411896623623386,0.391304347826087,1.894151359370421,0.3498853145362516,0.391304347826087,0.019162820071359,18.258550319490464,0.9415167586573804,0.5916314441211288,0.802144410501216,0.4522590959649643,,,0,2.220446049250313e-16,1.7187774663282427e-16,2.220446049250313e-16,1.0755285551056204e-16,-0.1544923834514859,8,0.2
v2_convergence,tangent-sample convergence and estimator stability,U1-RZ-XY-line|n8|d48|i0|dir=gaussian|basis=Z|eta=0,U1-RZ-XY-line|n8|d48|i0,U1-RZ-XY-line,8,48,6.0,0,gaussian,Z,0.0,256,128,552,128,1.0,70,69,0.7775185809338674,0.3735396363963708,0.4813113957727165,0.0574616234431467,0.0648252045099971,17.40291937608434,0.004013140369213,15.785481178856308,1,7,0.4498201158434565,0.1014492753623188,4.4339411418855,0.3483708404811376,0.1014492753623188,0.0114518519741169,30.420480571047538,0.5626578192115766,0.214286978730439,0.5198730266085172,0.1715021861273795,,,0,2.220446049250313e-16,1.7187774663282427e-16,2.220446049250313e-16,1.0755285551056204e-16,-0.1544923834514859,8,0.2
v2_convergence,tangent-sample convergence and estimator stability,U1-RZ-XY-line|n8|d48|i0|dir=gaussian|basis=Z|eta=0,U1-RZ-XY-line|n8|d48|i0,U1-RZ-XY-line,8,48,6.0,0,gaussian,Z,0.0,256,128,552,128,1.0,70,69,0.7775185809338674,0.3735396363963708,0.4813113957727165,0.0574616234431467,0.0648252045099971,17.40291937608434,0.004013140369213,15.785481178856308,2,27,0.7444763962735974,0.391304347826087,1.9025507904769712,0.3531720484475104,0.391304347826087,0.0185113199931947,19.078706898122093,0.9095069480149957,0.5563348995674853,0.8403475676363669,0.4871755191888564,,,0,2.220446049250313e-16,1.7187774663282427e-16,2.220446049250313e-16,1.0755285551056204e-16,-0.1544923834514859,8,0.2
v2_convergence,tangent-sample convergence and estimator stability,U1-RZ-XY-line|n8|d48|i0|dir=gaussian|basis=Z|eta=0,U1-RZ-XY-line|n8|d48|i0,U1-RZ-XY-line,8,48,6.0,0,gaussian,Z,0.0,256,256,552,256,1.0,70,69,0.7548958083856782,0.3586454177084441,0.4765072559126836,0.0570057137329432,0.0606892851636739,17.542101212603633,0.003904282664651,16.004030625340274,1,7,0.4459005964977762,0.1014492753623188,4.395305879763794,0.3444513211354573,0.1014492753623188,0.0109712565683115,31.395794911071604,0.5390449779379783,0.194593656802521,0.517107684908851,0.1726563637733936,,,0,2.220446049250313e-16,1.7187774663282427e-16,2.220446049250313e-16,1.0755285551056204e-16,-0.1544923834514859,8,0.2
v2_convergence,tangent-sample convergence and estimator stability,U1-RZ-XY-line|n8|d48|i0|dir=gaussian|basis=Z|eta=0,U1-RZ-XY-line|n8|d48|i0,U1-RZ-XY-line,8,48,6.0,0,gaussian,Z,0.0,256,256,552,256,1.0,70,69,0.7548958083856782,0.3586454177084441,0.4765072559126836,0.0570057137329432,0.0606892851636739,17.542101212603633,0.003904282664651,16.004030625340274,2,27,0.745576055824896,0.391304347826087,1.905361031552512,0.3542717079988089,0.391304347826087,0.0177344626460835,19.97645573304393,0.8713380246171013,0.5170663166182923,0.8358775373557847,0.4816058293569757,,,0,2.220446049250313e-16,1.7187774663282427e-16,2.220446049250313e-16,1.0755285551056204e-16,-0.1544923834514859,8,0.2
v2_convergence,tangent-sample convergence and estimator stability,SU2-CNOT-line|n16|d96|i1|dir=gaussian|basis=Z|eta=0,SU2-CNOT-line|n16|d96|i1,SU2-CNOT-line,16,96,6.0,1,gaussian,Z,0.0,256,32,4608,32,1.0,65536,65535,1.001062434000316,0.497261780006701,0.4967402040236995,0.0003831589720497,0.0316211852541733,2609.882771765172,2.037513507077495e-07,2215.3877593298994,1,16,0.0002118772727368,0.0002441443503471,0.8678360668005245,-3.2267077610309124e-05,0.0002441443503471,1.5343682787285646e-05,-2.102955206884676,0.711035412045837,0.7110031449682267,0.0767135064466507,0.0766812393690404,,,0,3.996802888650564e-15,4.181949928020963e-16,3.996802888650564e-15,7.209944447028604e-18,-0.4691450165095839,8,0.2
v2_convergence,tangent-sample convergence and estimator stability,SU2-CNOT-line|n16|d96|i1|dir=gaussian|basis=Z|eta=0,SU2-CNOT-line|n16|d96|i1,SU2-CNOT-line,16,96,6.0,1,gaussian,Z,0.0,256,32,4608,32,1.0,65536,65535,1.001062434000316,0.497261780006701,0.4967402040236995,0.0003831589720497,0.0316211852541733,2609.882771765172,2.037513507077495e-07,2215.3877593298994,2,136,0.0020169411477607,0.0020752269779507,0.9719135155771916,-5.828583019000435e-05,0.0020752269779507,4.469315338324198e-05,-1.3041333129977586,2.071107384845967,2.0710490990157773,0.2234514723562668,0.2233931865260768,,,0,3.996802888650564e-15,4.181949928020963e-16,3.996802888650564e-15,7.209944447028604e-18,-0.4691450165095839,8,0.2
v2_convergence,tangent-sample convergence and estimator stability,SU2-CNOT-line|n16|d96|i1|dir=gaussian|basis=Z|eta=0,SU2-CNOT-line|n16|d96|i1,SU2-CNOT-line,16,96,6.0,1,gaussian,Z,0.0,256,64,4608,64,1.0,65536,65535,0.9985714096353444,0.4957758678608596,0.4964925522550054,0.0003994931265198,0.016018251046418,2503.1719787307684,1.5340904162278956e-07,2553.1393641451587,1,16,0.0002287143988924,0.0002441443503471,0.9367998832137132,-1.542995145465152e-05,0.0002441443503471,1.0918071767586571e-05,-1.4132487661841313,0.5059499577536082,0.5059345278021535,0.0783979893657775,0.0783825594143229,,,0,3.996802888650564e-15,4.181949928020963e-16,3.996802888650564e-15,7.209944447028604e-18,-0.4691450165095839,8,0.2
v2_convergence,tangent-sample convergence and estimator stability,SU2-CNOT-line|n16|d96|i1|dir=gaussian|basis=Z|eta=0,SU2-CNOT-line|n16|d96|i1,SU2-CNOT-line,16,96,6.0,1,gaussian,Z,0.0,256,64,4608,64,1.0,65536,65535,0.9985714096353444,0.4957758678608596,0.4964925522550054,0.0003994931265198,0.016018251046418,2503.1719787307684,1.5340904162278956e-07,2553.1393641451587,2,136,0.0020435388299802,0.0020752269779507,0.9847302736967452,-3.1688147970437754e-05,0.0020752269779507,3.1802212214810325e-05,-0.9964133235888712,1.473733482346519,1.4737017941985482,0.2283580423446901,0.2283263541967197,,,0,3.996802888650564e-15,4.181949928020963e-16,3.996802888650564e-15,7.209944447028604e-18,-0.4691450165095839,8,0.2
v2_convergence,tangent-sample convergence and estimator stability,SU2-CNOT-line|n16|d96|i1|dir=gaussian|basis=Z|eta=0,SU2-CNOT-line|n16|d96|i1,SU2-CNOT-line,16,96,6.0,1,gaussian,Z,0.0,256,128,4608,128,1.0,65536,65535,0.9961462733819088,0.4944760631843101,0.496393782224367,0.0004117352508777,0.0082210185692302,2428.745165414518,2.505788680055555e-07,1997.6885412926065,1,16,0.000227291993361,0.0002441443503471,0.9309737990572038,-1.6852356986110303e-05,0.0002441443503471,7.8181634128964e-06,-2.155539107600592,0.362298355668358,0.3622815033113719,0.0796371201437794,0.0796202677867933,,,0,3.996802888650564e-15,4.181949928020963e-16,3.996802888650564e-15,7.209944447028604e-18,-0.4691450165095839,8,0.2
v2_convergence,tangent-sample convergence and estimator stability,SU2-CNOT-line|n16|d96|i1|dir=gaussian|basis=Z|eta=0,SU2-CNOT-line|n16|d96|i1,SU2-CNOT-line,16,96,6.0,1,gaussian,Z,0.0,256,128,4608,128,1.0,65536,65535,0.9961462733819088,0.4944760631843101,0.496393782224367,0.0004117352508777,0.0082210185692302,2428.745165414518,2.505788680055555e-07,1997.6885412926065,2,136,0.0020624064742887,0.0020752269779507,0.993822119797871,-1.2820503662005524e-05,0.0020752269779507,2.2772784176519253e-05,-0.5629748019666648,1.055304401483052,1.05529158097939,0.2319673884639299,0.2319545679602679,,,0,3.996802888650564e-15,4.181949928020963e-16,3.996802888650564e-15,7.209944447028604e-18,-0.4691450165095839,8,0.2
v2_convergence,tangent-sample convergence and estimator stability,SU2-CNOT-line|n16|d96|i1|dir=gaussian|basis=Z|eta=0,SU2-CNOT-line|n16|d96|i1,SU2-CNOT-line,16,96,6.0,1,gaussian,Z,0.0,256,256,4608,256,1.0,65536,65535,0.9957881047342216,0.4944674031214058,0.4965594587524594,0.0004151484434436,0.0043197767698364,2408.776946638868,2.528352281264008e-07,1988.754647030492,1,16,0.0002260737494593,0.0002441443503471,0.9259839481763243,-1.807060088775174e-05,0.0002441443503471,5.662492003543839e-06,-3.1912806016224584,0.2624032568166971,0.2623851862158093,0.0799791763702416,0.0799611057693538,,,0,3.996802888650564e-15,4.181949928020963e-16,3.996802888650564e-15,7.209944447028604e-18,-0.4691450165095839,8,0.2
v2_convergence,tangent-sample convergence and estimator stability,SU2-CNOT-line|n16|d96|i1|dir=gaussian|basis=Z|eta=0,SU2-CNOT-line|n16|d96|i1,SU2-CNOT-line,16,96,6.0,1,gaussian,Z,0.0,256,256,4608,256,1.0,65536,65535,0.9957881047342216,0.4944674031214058,0.4965594587524594,0.0004151484434436,0.0043197767698364,2408.776946638868,2.528352281264008e-07,1988.754647030492,2,136,0.0020365876654223,0.0020752269779507,0.9813806812754088,-3.863931252833441e-05,0.0020752269779507,1.6493734076376575e-05,-2.3426661512432294,0.7643294747261613,0.764290835413633,0.2329637314936252,0.2329250921810968,,,0,3.996802888650564e-15,4.181949928020963e-16,3.996802888650564e-15,7.209944447028604e-18,-0.4691450165095839,8,0.2
v2_convergence,tangent-sample convergence and estimator stability,U1-RZ-XY-line|n8|d48|i1|dir=gaussian|basis=Z|eta=0,U1-RZ-XY-line|n8|d48|i1,U1-RZ-XY-line,8,48,6.0,1,gaussian,Z,0.0,256,32,552,32,1.0,70,69,0.7599006514246651,0.3691776654959294,0.4815113042270149,0.0543735497094826,0.0839243762810612,18.391295130499863,0.0029790748773988,18.32142674384096,1,7,0.392168227624286,0.1014492753623188,3.865658243725104,0.2907189522619671,0.1014492753623188,0.0134502496098287,21.61439086227248,0.6608440390621769,0.3701250868002098,0.5008437157010865,0.2101247634391194,,,0,1.3322676295501878e-15,6.283148314443373e-16,1.2212453270876722e-15,8.326672684688674e-17,-0.1337290637109096,8,0.2
v2_convergence,tangent-sample convergence and estimator stability,U1-RZ-XY-line|n8|d48|i1|dir=gaussian|basis=Z|eta=0,U1-RZ-XY-line|n8|d48|i1,U1-RZ-XY-line,8,48,6.0,1,gaussian,Z,0.0,256,32,552,32,1.0,70,69,0.7599006514246651,0.3691776654959294,0.4815113042270149,0.0543735497094826,0.0839243762810612,18.391295130499863,0.0029790748773988,18.32142674384096,2,27,0.7142336162659535,0.391304347826087,1.8252636860129925,0.3229292684398665,0.391304347826087,0.0217416252915792,14.85304176247301,1.0682198390552051,0.7452905706153385,0.8095876814403525,0.486658413000486,,,0,1.3322676295501878e-15,6.283148314443373e-16,1.2212453270876722e-15,8.326672684688674e-17,-0.1337290637109096,8,0.2
v2_convergence,tangent-sample convergence and estimator stability,U1-RZ-XY-line|n8|d48|i1|dir=gaussian|basis=Z|eta=0,U1-RZ-XY-line|n8|d48|i1,U1-RZ-XY-line,8,48,6.0,1,gaussian,Z,0.0,256,64,552,64,1.0,70,69,0.7614908499715801,0.3649008171213277,0.4761803465863415,0.0583221488056321,0.0730358652305441,17.14614465479761,0.0039535741390247,15.903952002147884,1,7,0.4135387749794129,0.1014492753623188,4.076310781939927,0.3120894996170941,0.1014492753623188,0.0123506435385621,25.26908809590878,0.6068176723706543,0.2947281727535602,0.52505289601269,0.2129633963955959,,,0,1.3322676295501878e-15,6.283148314443373e-16,1.2212453270876722e-15,8.326672684688674e-17,-0.1337290637109096,8,0.2
v2_convergence,tangent-sample convergence and estimator stability,U1-RZ-XY-line|n8|d48|i1|dir=gaussian|basis=Z|eta=0,U1-RZ-XY-line|n8|d48|i1,U1-RZ-XY-line,8,48,6.0,1,gaussian,Z,0.0,256,64,552,64,1.0,70,69,0.7614908499715801,0.3649008171213277,0.4761803465863415,0.0583221488056321,0.0730358652305441,17.14614465479761,0.0039535741390247,15.903952002147884,2,27,0.704609178651475,0.391304347826087,1.8006679009982138,0.313304830825388,0.391304347826087,0.0199641695667164,15.693356529475617,0.9808890418918432,0.6675842110664552,0.8487205557155282,0.5354157248901401,,,0,1.3322676295501878e-15,6.283148314443373e-16,1.2212453270876722e-15,8.326672684688674e-17,-0.1337290637109096,8,0.2
v2_convergence,tangent-sample convergence and estimator stability,U1-RZ-XY-line|n8|d48|i1|dir=gaussian|basis=Z|eta=0,U1-RZ-XY-line|n8|d48|i1,U1-RZ-XY-line,8,48,6.0,1,gaussian,Z,0.0,256,128,552,128,1.0,70,69,0.775367250070888,0.3757101506472415,0.4830613967082503,0.0592189156251876,0.0665687678468658,16.886496306843373,0.0041578657338164,15.508320565302192,1,7,0.4148958452456255,0.1014492753623188,4.089687617421165,0.3134465698833066,0.1014492753623188,0.0116485147777714,26.90871547688204,0.5723203492961725,0.2588737794128658,0.5303970936384466,0.2169505237551399,,,0,1.3322676295501878e-15,6.283148314443373e-16,1.2212453270876722e-15,8.326672684688674e-17,-0.1337290637109096,8,0.2
v2_convergence,tangent-sample convergence and estimator stability,U1-RZ-XY-line|n8|d48|i1|dir=gaussian|basis=Z|eta=0,U1-RZ-XY-line|n8|d48|i1,U1-RZ-XY-line,8,48,6.0,1,gaussian,Z,0.0,256,128,552,128,1.0,70,69,0.775367250070888,0.3757101506472415,0.4830613967082503,0.0592189156251876,0.0665687678468658,16.886496306843373,0.0041578657338164,15.508320565302192,2,27,0.7097740808787206,0.391304347826087,1.8138670955789529,0.3184697330526336,0.391304347826087,0.0188292151334248,16.913595749793043,0.9251259227226752,0.6066561896700415,0.8573591717735112,0.5388894387208776,,,0,1.3322676295501878e-15,6.283148314443373e-16,1.2212453270876722e-15,8.326672684688674e-17,-0.1337290637109096,8,0.2
v2_convergence,tangent-sample convergence and estimator stability,U1-RZ-XY-line|n8|d48|i1|dir=gaussian|basis=Z|eta=0,U1-RZ-XY-line|n8|d48|i1,U1-RZ-XY-line,8,48,6.0,1,gaussian,Z,0.0,256,256,552,256,1.0,70,69,0.7581829952310958,0.3694220494993055,0.4891032732100062,0.0594036799800811,0.0630778843551589,16.833973927798976,0.00420776206558,15.41609624448483,1,7,0.4256168725297818,0.1014492753623188,4.195366314936421,0.324167597167463,0.1014492753623188,0.0112513173486426,28.811523764065704,0.5528050569421379,0.2286374597746748,0.5314915031822697,0.2073239060148066,,,0,1.3322676295501878e-15,6.283148314443373e-16,1.2212453270876722e-15,8.326672684688674e-17,-0.1337290637109096,8,0.2
v2_convergence,tangent-sample convergence and estimator stability,U1-RZ-XY-line|n8|d48|i1|dir=gaussian|basis=Z|eta=0,U1-RZ-XY-line|n8|d48|i1,U1-RZ-XY-line,8,48,6.0,1,gaussian,Z,0.0,256,256,552,256,1.0,70,69,0.7581829952310958,0.3694220494993055,0.4891032732100062,0.0594036799800811,0.0630778843551589,16.833973927798976,0.00420776206558,15.41609624448483,2,27,0.7121567094692896,0.391304347826087,1.8199560353104065,0.3208523616432026,0.391304347826087,0.0181871662554185,17.641690692062074,0.8935804729261905,0.5727281112829878,0.8591282275834452,0.5382758659402427,,,0,1.3322676295501878e-15,6.283148314443373e-16,1.2212453270876722e-15,8.326672684688674e-17,-0.1337290637109096,8,0.2
v2_convergence,tangent-sample convergence and estimator stability,SU2-CNOT-line|n16|d96|i2|dir=gaussian|basis=Z|eta=0,SU2-CNOT-line|n16|d96|i2,SU2-CNOT-line,16,96,6.0,2,gaussian,Z,0.0,256,32,4608,32,1.0,65536,65535,0.997627003181248,0.4947077937651055,0.4959037847116896,0.0004036336145076,0.0316410200640544,2477.4943514546835,3.806477575907599e-07,1620.8333428108274,1,16,0.0002461538651399,0.0002441443503471,1.0082308469966177,2.00951479279593e-06,0.0002441443503471,1.5348496620227654e-05,0.1309258387005543,0.7112584879355626,0.7112564784207698,0.0788192639547843,0.0788172544399916,,,0,4.551914400963142e-15,4.839421685817733e-16,4.440892098500626e-15,6.938893903907228e-18,-0.4728113426854933,8,0.2
v2_convergence,tangent-sample convergence and estimator stability,SU2-CNOT-line|n16|d96|i2|dir=gaussian|basis=Z|eta=0,SU2-CNOT-line|n16|d96|i2,SU2-CNOT-line,16,96,6.0,2,gaussian,Z,0.0,256,32,4608,32,1.0,65536,65535,0.997627003181248,0.4947077937651055,0.4959037847116896,0.0004036336145076,0.0316410200640544,2477.4943514546835,3.806477575907599e-07,1620.8333428108274,2,136,0.002081356433443,0.0020752269779507,1.002953631365351,6.129455492298076e-06,0.0020752269779507,4.47071751391021e-05,0.1371022766083265,2.07175716137575,2.071751031920257,0.2295851330036907,0.2295790035481984,,,0,4.551914400963142e-15,4.839421685817733e-16,4.440892098500626e-15,6.938893903907228e-18,-0.4728113426854933,8,0.2
v2_convergence,tangent-sample convergence and estimator stability,SU2-CNOT-line|n16|d96|i2|dir=gaussian|basis=Z|eta=0,SU2-CNOT-line|n16|d96|i2,SU2-CNOT-line,16,96,6.0,2,gaussian,Z,0.0,256,64,4608,64,1.0,65536,65535,0.9960582871911547,0.4942398864304979,0.4962019476402911,0.0004121325386061,0.0160306929676904,2426.4039024484614,2.2831689230098238e-07,2092.8156666968985,1,16,0.0002417517918118,0.0002441443503471,0.9902002297745256,-2.3925585352497483e-06,0.0002441443503471,1.0922315205190052e-05,-0.2190523245577874,0.5061466011831361,0.5061442086246009,0.0796770102132418,0.0796746176547066,,,0,4.551914400963142e-15,4.839421685817733e-16,4.440892098500626e-15,6.938893903907228e-18,-0.4728113426854933,8,0.2
v2_convergence,tangent-sample convergence and estimator stability,SU2-CNOT-line|n16|d96|i2|dir=gaussian|basis=Z|eta=0,SU2-CNOT-line|n16|d96|i2,SU2-CNOT-line,16,96,6.0,2,gaussian,Z,0.0,256,64,4608,64,1.0,65536,65535,0.9960582871911547,0.4942398864304979,0.4962019476402911,0.0004121325386061,0.0160306929676904,2426.4039024484614,2.2831689230098238e-07,2092.8156666968985,2,136,0.002034854385054,0.0020752269779507,0.9805454567979238,-4.037259289665614e-05,0.0020752269779507,3.1814572520371495e-05,-1.2689968683629107,1.4743062662784818,1.4742658936855852,0.2320835804510602,0.2320432078581636,,,0,4.551914400963142e-15,4.839421685817733e-16,4.440892098500626e-15,6.938893903907228e-18,-0.4728113426854933,8,0.2
v2_convergence,tangent-sample convergence and estimator stability,SU2-CNOT-line|n16|d96|i2|dir=gaussian|basis=Z|eta=0,SU2-CNOT-line|n16|d96|i2,SU2-CNOT-line,16,96,6.0,2,gaussian,Z,0.0,256,128,4608,128,1.0,65536,65535,0.9944577707874162,0.4936278751069717,0.4963818140157382,0.0004307289995543,0.0082398639292453,2321.6453989274432,2.693791027256571e-07,1926.717531021781,1,16,0.000236728297434,0.0002441443503471,0.9696243107713468,-7.416052913076262e-06,0.0002441443503471,7.82713586738045e-06,-0.9474797727713692,0.3627141445607364,0.3627067285078233,0.0815223692501516,0.0815149531972385,,,0,4.551914400963142e-15,4.839421685817733e-16,4.440892098500626e-15,6.938893903907228e-18,-0.4728113426854933,8,0.2
v2_convergence,tangent-sample convergence and estimator stability,SU2-CNOT-line|n16|d96|i2|dir=gaussian|basis=Z|eta=0,SU2-CNOT-line|n16|d96|i2,SU2-CNOT-line,16,96,6.0,2,gaussian,Z,0.0,256,128,4608,128,1.0,65536,65535,0.9944577707874162,0.4936278751069717,0.4963818140157382,0.0004307289995543,0.0082398639292453,2321.6453989274432,2.693791027256571e-07,1926.717531021781,2,136,0.0020379791939706,0.0020752269779507,0.9820512240946015,-3.724778398007467e-05,0.0020752269779507,2.2798919185306853e-05,-1.633752182606956,1.056515513378399,1.056478265594419,0.2374587511729225,0.2374215033889424,,,0,4.551914400963142e-15,4.839421685817733e-16,4.440892098500626e-15,6.938893903907228e-18,-0.4728113426854933,8,0.2
v2_convergence,tangent-sample convergence and estimator stability,SU2-CNOT-line|n16|d96|i2|dir=gaussian|basis=Z|eta=0,SU2-CNOT-line|n16|d96|i2,SU2-CNOT-line,16,96,6.0,2,gaussian,Z,0.0,256,256,4608,256,1.0,65536,65535,0.9944101222773114,0.4937544627772302,0.4965320698190412,0.0004263545313059,0.004330939083918,2345.4658660173272,2.703054747705145e-07,1923.413141569076,1,16,0.0002298595374696,0.0002441443503471,0.941490299254613,-1.4284812877488236e-05,0.0002441443503471,5.669829131043283e-06,-2.51944327550833,0.262743263681224,0.2627289788683465,0.0810920605497935,0.081077775736916,,,0,4.551914400963142e-15,4.839421685817733e-16,4.440892098500626e-15,6.938893903907228e-18,-0.4728113426854933,8,0.2
v2_convergence,tangent-sample convergence and estimator stability,SU2-CNOT-line|n16|d96|i2|dir=gaussian|basis=Z|eta=0,SU2-CNOT-line|n16|d96|i2,SU2-CNOT-line,16,96,6.0,2,gaussian,Z,0.0,256,256,4608,256,1.0,65536,65535,0.9944101222773114,0.4937544627772302,0.4965320698190412,0.0004263545313059,0.004330939083918,2345.4658660173272,2.703054747705145e-07,1923.413141569076,2,136,0.0020215736016567,0.0020752269779507,0.9741457792983594,-5.365337629393641e-05,0.0020752269779507,1.6515105696819407e-05,-3.248745559301467,0.7653198483645064,0.7652661949882125,0.2362053459107136,0.2361516925344197,,,0,4.551914400963142e-15,4.839421685817733e-16,4.440892098500626e-15,6.938893903907228e-18,-0.4728113426854933,8,0.2
v2_convergence,tangent-sample convergence and estimator stability,U1-RZ-XY-line|n8|d48|i2|dir=gaussian|basis=Z|eta=0,U1-RZ-XY-line|n8|d48|i2,U1-RZ-XY-line,8,48,6.0,2,gaussian,Z,0.0,256,32,552,32,1.0,70,69,0.7548051096897775,0.3570754580713181,0.4679122640019039,0.0605353896483835,0.0898936587218715,16.519262629817774,0.0043442292231143,15.172027934237589,1,7,0.4102245385051239,0.1014492753623188,4.043641879550507,0.3087752631428051,0.1014492753623188,0.0140165124157056,22.029393188908973,0.6886659316412503,0.3798906684984452,0.5381463627607982,0.229371099617993,,,0,0.0,8.857818948996723e-17,0.0,8.326672684688674e-17,-0.1740989873576839,8,0.2
v2_convergence,tangent-sample convergence and estimator stability,U1-RZ-XY-line|n8|d48|i2|dir=gaussian|basis=Z|eta=0,U1-RZ-XY-line|n8|d48|i2,U1-RZ-XY-line,8,48,6.0,2,gaussian,Z,0.0,256,32,552,32,1.0,70,69,0.7548051096897775,0.3570754580713181,0.4679122640019039,0.0605353896483835,0.0898936587218715,16.519262629817774,0.0043442292231143,15.172027934237589,2,27,0.7545665531837225,0.391304347826087,1.9283367470250683,0.3632622053576355,0.391304347826087,0.0226569595120637,16.033140067369395,1.113192473831794,0.7499302684741584,0.8698854601643718,0.5066232548067364,,,0,0.0,8.857818948996723e-17,0.0,8.326672684688674e-17,-0.1740989873576839,8,0.2
v2_convergence,tangent-sample convergence and estimator stability,U1-RZ-XY-line|n8|d48|i2|dir=gaussian|basis=Z|eta=0,U1-RZ-XY-line|n8|d48|i2,U1-RZ-XY-line,8,48,6.0,2,gaussian,Z,0.0,256,64,552,64,1.0,70,69,0.7543318233172067,0.3540759608123842,0.4676647995425164,0.0580743580068138,0.0727919461629574,17.219303567379427,0.0041035530725308,15.610613550967033,1,7,0.4052059494385107,0.1014492753623188,3.9941729301796056,0.3037566740761919,0.1014492753623188,0.0123248872892599,24.64579731620665,0.6055522041218311,0.3017955300456392,0.523566591178673,0.2198099171024811,,,0,0.0,8.857818948996723e-17,0.0,8.326672684688674e-17,-0.1740989873576839,8,0.2
v2_convergence,tangent-sample convergence and estimator stability,U1-RZ-XY-line|n8|d48|i2|dir=gaussian|basis=Z|eta=0,U1-RZ-XY-line|n8|d48|i2,U1-RZ-XY-line,8,48,6.0,2,gaussian,Z,0.0,256,64,552,64,1.0,70,69,0.7543318233172067,0.3540759608123842,0.4676647995425164,0.0580743580068138,0.0727919461629574,17.219303567379427,0.0041035530725308,15.610613550967033,2,27,0.7431445436703521,0.391304347826087,1.8991471671575664,0.3518401958442651,0.391304347826087,0.0199225359363014,17.660412156826254,0.9788434786285264,0.6270032827842613,0.846318021657971,0.4944778258137058,,,0,0.0,8.857818948996723e-17,0.0,8.326672684688674e-17,-0.1740989873576839,8,0.2
v2_convergence,tangent-sample convergence and estimator stability,U1-RZ-XY-line|n8|d48|i2|dir=gaussian|basis=Z|eta=0,U1-RZ-XY-line|n8|d48|i2,U1-RZ-XY-line,8,48,6.0,2,gaussian,Z,0.0,256,128,552,128,1.0,70,69,0.7485333120355433,0.3508391020442385,0.4653787706458737,0.0581076891860828,0.0654662228643166,17.209426394459094,0.0041106735234801,15.59708744821396,1,7,0.4193049274437097,0.1014492753623188,4.133148570516567,0.3178556520813909,0.1014492753623188,0.0115245448606433,27.58075532916498,0.566229400567814,0.2483737484864231,0.5237667645865401,0.2059111125051492,,,0,0.0,8.857818948996723e-17,0.0,8.326672684688674e-17,-0.1740989873576839,8,0.2
v2_convergence,tangent-sample convergence and estimator stability,U1-RZ-XY-line|n8|d48|i2|dir=gaussian|basis=Z|eta=0,U1-RZ-XY-line|n8|d48|i2,U1-RZ-XY-line,8,48,6.0,2,gaussian,Z,0.0,256,128,552,128,1.0,70,69,0.7485333120355433,0.3508391020442385,0.4653787706458737,0.0581076891860828,0.0654662228643166,17.209426394459094,0.0041106735234801,15.59708744821396,2,27,0.7496394559819548,0.391304347826087,1.915745276398329,0.3583351081558678,0.391304347826087,0.0186288242437527,19.235519293496854,0.9152802225487976,0.5569451143929298,0.8466415915063703,0.4883064833505025,,,0,0.0,8.857818948996723e-17,0.0,8.326672684688674e-17,-0.1740989873576839,8,0.2
v2_convergence,tangent-sample convergence and estimator stability,U1-RZ-XY-line|n8|d48|i2|dir=gaussian|basis=Z|eta=0,U1-RZ-XY-line|n8|d48|i2,U1-RZ-XY-line,8,48,6.0,2,gaussian,Z,0.0,256,256,552,256,1.0,70,69,0.753995290763837,0.3501479032723313,0.4634851254251991,0.0568021461155809,0.0604865127323169,17.60496862152357,0.0039168593300597,15.978316251662536,1,7,0.4036230329725328,0.1014492753623188,3.9785698964435374,0.302173757610214,0.1014492753623188,0.0109471517829979,27.602956787309783,0.5378606502006156,0.2356868925904016,0.5158681488337264,0.2136943912235124,,,0,0.0,8.857818948996723e-17,0.0,8.326672684688674e-17,-0.1740989873576839,8,0.2
v2_convergence,tangent-sample convergence and estimator stability,U1-RZ-XY-line|n8|d48|i2|dir=gaussian|basis=Z|eta=0,U1-RZ-XY-line|n8|d48|i2,U1-RZ-XY-line,8,48,6.0,2,gaussian,Z,0.0,256,256,552,256,1.0,70,69,0.753995290763837,0.3501479032723313,0.4634851254251991,0.0568021461155809,0.0604865127323169,17.60496862152357,0.0039168593300597,15.978316251662536,2,27,0.7420410842013718,0.391304347826087,1.896327215181284,0.3507367363752848,0.391304347826087,0.0176954985208646,19.820675634638555,0.8694236207483919,0.518686884373107,0.8338738920954725,0.4831371557201876,,,0,0.0,8.857818948996723e-17,0.0,8.326672684688674e-17,-0.1740989873576839,8,0.2
v2_convergence,tangent-sample convergence and estimator stability,SU2-CNOT-line|n16|d96|i3|dir=gaussian|basis=Z|eta=0,SU2-CNOT-line|n16|d96|i3,SU2-CNOT-line,16,96,6.0,3,gaussian,Z,0.0,256,32,4608,32,1.0,65536,65535,0.9959165985358244,0.4947205974177467,0.496748361305671,0.0004624985887066,0.0316980455078096,2162.168759901561,2.086984855741472e-07,2188.9727299543383,1,16,0.0002261622400567,0.0002441443503471,0.9263464001324424,-1.798211029039321e-05,0.0002441443503471,1.536232807608952e-05,-1.1705328906743773,0.7118994458499222,0.7118814637396318,0.0845818302754371,0.0845638481651467,,,0,5.773159728050814e-15,5.248080643914281e-16,6.217248937900877e-15,5.854691731421724e-18,-0.4731663342359097,8,0.2
v2_convergence,tangent-sample convergence and estimator stability,SU2-CNOT-line|n16|d96|i3|dir=gaussian|basis=Z|eta=0,SU2-CNOT-line|n16|d96|i3,SU2-CNOT-line,16,96,6.0,3,gaussian,Z,0.0,256,32,4608,32,1.0,65536,65535,0.9959165985358244,0.4947205974177467,0.496748361305671,0.0004624985887066,0.0316980455078096,2162.168759901561,2.086984855741472e-07,2188.9727299543383,2,136,0.0020298340697813,0.0020752269779507,0.9781262923758702,-4.539290816940036e-05,0.0020752269779507,4.474746347058795e-05,-1.0144241628184505,2.0736241466866305,2.0735787537784613,0.2463703640346301,0.2463249711264607,,,0,5.773159728050814e-15,5.248080643914281e-16,6.217248937900877e-15,5.854691731421724e-18,-0.4731663342359097,8,0.2
v2_convergence,tangent-sample convergence and estimator stability,SU2-CNOT-line|n16|d96|i3|dir=gaussian|basis=Z|eta=0,SU2-CNOT-line|n16|d96|i3,SU2-CNOT-line,16,96,6.0,3,gaussian,Z,0.0,256,64,4608,64,1.0,65536,65535,0.9936322043580536,0.4932742559398849,0.496435108513923,0.000443966038169,0.0160620290688227,2252.424541579782,3.326130330327093e-07,1733.9252410413278,1,16,0.0002376440300753,0.0002441443503471,0.9733750944365678,-6.50032027183818e-06,0.0002441443503471,1.0932995387792623e-05,-0.5945598659170931,0.5066415272150949,0.5066350268948231,0.0828108543490684,0.0828043540287966,,,0,5.773159728050814e-15,5.248080643914281e-16,6.217248937900877e-15,5.854691731421724e-18,-0.4731663342359097,8,0.2
v2_convergence,tangent-sample convergence and estimator stability,SU2-CNOT-line|n16|d96|i3|dir=gaussian|basis=Z|eta=0,SU2-CNOT-line|n16|d96|i3,SU2-CNOT-line,16,96,6.0,3,gaussian,Z,0.0,256,64,4608,64,1.0,65536,65535,0.9936322043580536,0.4932742559398849,0.496435108513923,0.000443966038169,0.0160620290688227,2252.424541579782,3.326130330327093e-07,1733.9252410413278,2,136,0.0020117975839646,0.0020752269779507,0.9694349607729476,-6.342939398610095e-05,0.0020752269779507,3.1845681807876674e-05,-1.99177377858534,1.4757478892164917,1.4756844598225054,0.2412118567966669,0.2411484274026808,,,0,5.773159728050814e-15,5.248080643914281e-16,6.217248937900877e-15,5.854691731421724e-18,-0.4731663342359097,8,0.2
v2_convergence,tangent-sample convergence and estimator stability,SU2-CNOT-line|n16|d96|i3|dir=gaussian|basis=Z|eta=0,SU2-CNOT-line|n16|d96|i3,SU2-CNOT-line,16,96,6.0,3,gaussian,Z,0.0,256,128,4608,128,1.0,65536,65535,0.9959850985818508,0.4941605941306557,0.4961494616040688,0.0004307695691747,0.0082399041819155,2321.426747752302,2.5989567762632854e-07,1961.5549179127645,1,16,0.0002426710163014,0.0002441443503471,0.993965315832128,-1.4733340457152876e-06,0.0002441443503471,7.827155021050265e-06,-0.1882336611135104,0.3627150321532197,0.362713558819174,0.081526349382312,0.0815248760482663,,,0,5.773159728050814e-15,5.248080643914281e-16,6.217248937900877e-15,5.854691731421724e-18,-0.4731663342359097,8,0.2
v2_convergence,tangent-sample convergence and estimator stability,SU2-CNOT-line|n16|d96|i3|dir=gaussian|basis=Z|eta=0,SU2-CNOT-line|n16|d96|i3,SU2-CNOT-line,16,96,6.0,3,gaussian,Z,0.0,256,128,4608,128,1.0,65536,65535,0.9959850985818508,0.4941605941306557,0.4961494616040688,0.0004307695691747,0.0082399041819155,2321.426747752302,2.5989567762632854e-07,1961.5549179127645,2,136,0.0020347352811892,0.0020752269779507,0.9804880636230664,-4.049169676147027e-05,0.0020752269779507,2.2798974976208865e-05,-1.7760314577179055,1.056518098762074,1.0564776070653126,0.2374703445211165,0.237429852824355,,,0,5.773159728050814e-15,5.248080643914281e-16,6.217248937900877e-15,5.854691731421724e-18,-0.4731663342359097,8,0.2
v2_convergence,tangent-sample convergence and estimator stability,SU2-CNOT-line|n16|d96|i3|dir=gaussian|basis=Z|eta=0,SU2-CNOT-line|n16|d96|i3,SU2-CNOT-line,16,96,6.0,3,gaussian,Z,0.0,256,256,4608,256,1.0,65536,65535,0.9959199591295942,0.4942841545879683,0.4963029995640337,0.0004320544936566,0.0043366167807907,2314.522854598062,2.787794266694919e-07,1893.9549287573527,1,16,0.0002412307158368,0.0002441443503471,0.988065935148033,-2.913634510284162e-06,0.0002441443503471,5.673557511024736e-06,-0.5135463075191271,0.262916039033343,0.2629131253988327,0.081652308087424,0.0816493944529137,,,0,5.773159728050814e-15,5.248080643914281e-16,6.217248937900877e-15,5.854691731421724e-18,-0.4731663342359097,8,0.2
v2_convergence,tangent-sample convergence and estimator stability,SU2-CNOT-line|n16|d96|i3|dir=gaussian|basis=Z|eta=0,SU2-CNOT-line|n16|d96|i3,SU2-CNOT-line,16,96,6.0,3,gaussian,Z,0.0,256,256,4608,256,1.0,65536,65535,0.9959199591295942,0.4942841545879683,0.4963029995640337,0.0004320544936566,0.0043366167807907,2314.522854598062,2.787794266694919e-07,1893.9549287573527,2,136,0.0020224598212798,0.0020752269779507,0.9745728263792264,-5.276715667086596e-05,0.0020752269779507,1.6525965740049716e-05,-3.192984755074726,0.7658231092452317,0.7657703420885608,0.2378372376461613,0.2377844704894904,,,0,5.773159728050814e-15,5.248080643914281e-16,6.217248937900877e-15,5.854691731421724e-18,-0.4731663342359097,8,0.2
v2_convergence,tangent-sample convergence and estimator stability,U1-RZ-XY-line|n8|d48|i3|dir=gaussian|basis=Z|eta=0,U1-RZ-XY-line|n8|d48|i3,U1-RZ-XY-line,8,48,6.0,3,gaussian,Z,0.0,256,32,552,32,1.0,70,69,0.7894807741478884,0.3919699244771119,0.49883842728932,0.0706995383413428,0.0997401777681758,14.144363930241283,0.0063018001376544,12.597016184154112,1,7,0.4772046955357933,0.1014492753623188,4.703874855995677,0.3757554201734744,0.1014492753623188,0.0149036388851369,25.212327208773573,0.7322526498230099,0.3564972296495354,0.594586015616212,0.2188305954427375,,,0,4.440892098500626e-16,2.1926245970700586e-16,4.440892098500626e-16,1.1102230246251563e-16,-0.1492036148543192,8,0.2
v2_convergence,tangent-sample convergence and estimator stability,U1-RZ-XY-line|n8|d48|i3|dir=gaussian|basis=Z|eta=0,U1-RZ-XY-line|n8|d48|i3,U1-RZ-XY-line,8,48,6.0,3,gaussian,Z,0.0,256,32,552,32,1.0,70,69,0.7894807741478884,0.3919699244771119,0.49883842728932,0.0706995383413428,0.0997401777681758,14.144363930241283,0.0063018001376544,12.597016184154112,2,27,0.7510738943431234,0.391304347826087,1.9194110633213155,0.3597695465170364,0.391304347826087,0.024090953069367,14.93380297081323,1.1836481249823114,0.8238785784652749,0.9611172082408184,0.6013476617237818,,,0,4.440892098500626e-16,2.1926245970700586e-16,4.440892098500626e-16,1.1102230246251563e-16,-0.1492036148543192,8,0.2
v2_convergence,tangent-sample convergence and estimator stability,U1-RZ-XY-line|n8|d48|i3|dir=gaussian|basis=Z|eta=0,U1-RZ-XY-line|n8|d48|i3,U1-RZ-XY-line,8,48,6.0,3,gaussian,Z,0.0,256,64,552,64,1.0,70,69,0.7389455505906725,0.3646419006428201,0.4926297816537526,0.0659161530519842,0.0805112131605469,15.17078824687112,0.0053968286268748,13.61227412106066,1,7,0.4748121813159844,0.1014492753623188,4.680291501543275,0.3733629059536655,0.1014492753623188,0.0131154857431554,28.46733344577126,0.644396262091346,0.2710333561376805,0.5687228936314607,0.1953599876777951,,,0,4.440892098500626e-16,2.1926245970700586e-16,4.440892098500626e-16,1.1102230246251563e-16,-0.1492036148543192,8,0.2
v2_convergence,tangent-sample convergence and estimator stability,U1-RZ-XY-line|n8|d48|i3|dir=gaussian|basis=Z|eta=0,U1-RZ-XY-line|n8|d48|i3,U1-RZ-XY-line,8,48,6.0,3,gaussian,Z,0.0,256,64,552,64,1.0,70,69,0.7389455505906725,0.3646419006428201,0.4926297816537526,0.0659161530519842,0.0805112131605469,15.17078824687112,0.0053968286268748,13.61227412106066,2,27,0.7533246248515374,0.391304347826087,1.925162930176151,0.3620202770254504,0.391304347826087,0.0212004970031456,17.076027838957497,1.041632867500569,0.6796125904751187,0.9193108237219788,0.5572905466965283,,,0,4.440892098500626e-16,2.1926245970700586e-16,4.440892098500626e-16,1.1102230246251563e-16,-0.1492036148543192,8,0.2
v2_convergence,tangent-sample convergence and estimator stability,U1-RZ-XY-line|n8|d48|i3|dir=gaussian|basis=Z|eta=0,U1-RZ-XY-line|n8|d48|i3,U1-RZ-XY-line,8,48,6.0,3,gaussian,Z,0.0,256,128,552,128,1.0,70,69,0.7528933532528612,0.3568596691411297,0.4748504013571261,0.0601595321424259,0.0675020357975632,16.622469696614807,0.0042224596401732,15.389242614437912,1,7,0.4662282117711721,0.1014492753623188,4.595678087458697,0.3647789364088533,0.1014492753623188,0.0117524293240786,31.038598603736094,0.5774259280393935,0.2126469916305402,0.5359453503038399,0.1711664138949866,,,0,4.440892098500626e-16,2.1926245970700586e-16,4.440892098500626e-16,1.1102230246251563e-16,-0.1492036148543192,8,0.2
v2_convergence,tangent-sample convergence and estimator stability,U1-RZ-XY-line|n8|d48|i3|dir=gaussian|basis=Z|eta=0,U1-RZ-XY-line|n8|d48|i3,U1-RZ-XY-line,8,48,6.0,3,gaussian,Z,0.0,256,128,552,128,1.0,70,69,0.7528933532528612,0.3568596691411297,0.4748504013571261,0.0601595321424259,0.0675020357975632,16.622469696614807,0.0042224596401732,15.389242614437912,2,27,0.7466869087247545,0.391304347826087,1.9081998778521505,0.3553825608986675,0.391304347826087,0.0189971875646951,18.70711439198079,0.9333788238324544,0.5779962629337869,0.8663276386005017,0.5109450777018341,,,0,4.440892098500626e-16,2.1926245970700586e-16,4.440892098500626e-16,1.1102230246251563e-16,-0.1492036148543192,8,0.2
v2_convergence,tangent-sample convergence and estimator stability,U1-RZ-XY-line|n8|d48|i3|dir=gaussian|basis=Z|eta=0,U1-RZ-XY-line|n8|d48|i3,U1-RZ-XY-line,8,48,6.0,3,gaussian,Z,0.0,256,256,552,256,1.0,70,69,0.7725538774140246,0.3653080972742609,0.4711704074113272,0.0619308283873874,0.0655951610889991,16.147047052961046,0.004630801875931,14.695078139344291,1,7,0.4592640204193641,0.1014492753623188,4.527031058419446,0.3578147450570452,0.1014492753623188,0.0115391114172938,31.0088647311944,0.5669450915335101,0.2091303464764649,0.5462404371552078,0.1884256920981625,,,0,4.440892098500626e-16,2.1926245970700586e-16,4.440892098500626e-16,1.1102230246251563e-16,-0.1492036148543192,8,0.2
v2_convergence,tangent-sample convergence and estimator stability,U1-RZ-XY-line|n8|d48|i3|dir=gaussian|basis=Z|eta=0,U1-RZ-XY-line|n8|d48|i3,U1-RZ-XY-line,8,48,6.0,3,gaussian,Z,0.0,256,256,552,256,1.0,70,69,0.7725538774140246,0.3653080972742609,0.4711704074113272,0.0619308283873874,0.0655951610889991,16.147047052961046,0.004630801875931,14.695078139344291,2,27,0.7449433151769657,0.391304347826087,1.903744027674468,0.3536389673508787,0.391304347826087,0.0186523703210129,18.95946527249053,0.9164370995772626,0.562798132226384,0.8829691082504878,0.5293301408996092,,,0,4.440892098500626e-16,2.1926245970700586e-16,4.440892098500626e-16,1.1102230246251563e-16,-0.1492036148543192,8,0.2
v2_convergence,tangent-sample convergence and estimator stability,SU2-CNOT-line|n8|d48|i2|dir=gaussian|basis=Z|eta=0,SU2-CNOT-line|n8|d48|i2,SU2-CNOT-line,8,48,6.0,2,gaussian,Z,0.0,256,32,1152,32,1.0,256,255,0.978001185606319,0.4676593704815963,0.4786487632157371,0.0059218038338447,0.0369867474640371,168.86746472159726,4.851400374554424e-05,143.57090610160012,1,8,0.0276848793418673,0.0313725490196078,0.8824555290220222,-0.0036876696777404,0.0313725490196078,0.0028018210625645,-1.3161688756687098,0.5061844714543758,0.5024968017766354,0.1244984410932265,0.120810771415486,,,0,1.7763568394002505e-15,3.2009878885013543e-16,1.9984014443252818e-15,4.8572257327350605e-17,-0.3858572770985221,8,0.2
v2_convergence,tangent-sample convergence and estimator stability,SU2-CNOT-line|n8|d48|i2|dir=gaussian|basis=Z|eta=0,SU2-CNOT-line|n8|d48|i2,SU2-CNOT-line,8,48,6.0,2,gaussian,Z,0.0,256,32,1152,32,1.0,256,255,0.978001185606319,0.4676593704815963,0.4786487632157371,0.0059218038338447,0.0369867474640371,168.86746472159726,4.851400374554424e-05,143.57090610160012,2,36,0.1375044549866986,0.1411764705882353,0.9739898894891156,-0.0036720156015366,0.1411764705882353,0.0055965480064155,-0.6561215230044023,1.0110873004871792,1.0074152848856426,0.2486816562312468,0.2450096406297102,,,0,1.7763568394002505e-15,3.2009878885013543e-16,1.9984014443252818e-15,4.8572257327350605e-17,-0.3858572770985221,8,0.2
v2_convergence,tangent-sample convergence and estimator stability,SU2-CNOT-line|n8|d48|i2|dir=gaussian|basis=Z|eta=0,SU2-CNOT-line|n8|d48|i2,SU2-CNOT-line,8,48,6.0,2,gaussian,Z,0.0,256,64,1152,64,1.0,256,255,0.9860944702280244,0.4761856019448315,0.4830031745173183,0.005823448066025,0.0213574566899933,171.71957037518163,4.075096485849201e-05,156.65023546488854,1,8,0.0290814871471835,0.0313725490196078,0.9269724028164762,-0.0022910618724242,0.0313725490196078,0.0020345904134691,-1.1260555722946808,0.3675745345869313,0.365283472714507,0.1213989335260569,0.1191078716536326,,,0,1.7763568394002505e-15,3.2009878885013543e-16,1.9984014443252818e-15,4.8572257327350605e-17,-0.3858572770985221,8,0.2
v2_convergence,tangent-sample convergence and estimator stability,SU2-CNOT-line|n8|d48|i2|dir=gaussian|basis=Z|eta=0,SU2-CNOT-line|n8|d48|i2,SU2-CNOT-line,8,48,6.0,2,gaussian,Z,0.0,256,64,1152,64,1.0,256,255,0.9860944702280244,0.4761856019448315,0.4830031745173183,0.005823448066025,0.0213574566899933,171.71957037518163,4.075096485849201e-05,156.65023546488854,2,36,0.1359927344298311,0.1411764705882353,0.9632818688779704,-0.0051837361584041,0.1411764705882353,0.0040640293109762,-1.275516430062095,0.7342183825503421,0.7290346463919379,0.242490488948053,0.2373067527896488,,,0,1.7763568394002505e-15,3.2009878885013543e-16,1.9984014443252818e-15,4.8572257327350605e-17,-0.3858572770985221,8,0.2
v2_convergence,tangent-sample convergence and estimator stability,SU2-CNOT-line|n8|d48|i2|dir=gaussian|basis=Z|eta=0,SU2-CNOT-line|n8|d48|i2,SU2-CNOT-line,8,48,6.0,2,gaussian,Z,0.0,256,128,1152,128,1.0,256,255,0.9912259540630534,0.480801545019353,0.4850407357380324,0.0058590162819803,0.0136257427172773,170.67711572598697,4.350944151791599e-05,151.60315714951994,1,8,0.0298703544765463,0.0313725490196078,0.9521175489399134,-0.0015021945430615,0.0313725490196078,0.0015178688461538,-0.9896734799373218,0.2742222370632768,0.2727200425202152,0.1225288531902493,0.1210266586471878,,,0,1.7763568394002505e-15,3.2009878885013543e-16,1.9984014443252818e-15,4.8572257327350605e-17,-0.3858572770985221,8,0.2
v2_convergence,tangent-sample convergence and estimator stability,SU2-CNOT-line|n8|d48|i2|dir=gaussian|basis=Z|eta=0,SU2-CNOT-line|n8|d48|i2,SU2-CNOT-line,8,48,6.0,2,gaussian,Z,0.0,256,128,1152,128,1.0,256,255,0.9912259540630534,0.480801545019353,0.4850407357380324,0.0058590162819803,0.0136257427172773,170.67711572598697,4.350944151791599e-05,151.60315714951994,2,36,0.1395622011259816,0.1411764705882353,0.9885655913090364,-0.0016142694622536,0.1411764705882353,0.0030318944983471,-0.5324292989527479,0.5477501524478403,0.5461358829855867,0.2447474673570374,0.2431331978947838,,,0,1.7763568394002505e-15,3.2009878885013543e-16,1.9984014443252818e-15,4.8572257327350605e-17,-0.3858572770985221,8,0.2
v2_convergence,tangent-sample convergence and estimator stability,SU2-CNOT-line|n8|d48|i2|dir=gaussian|basis=Z|eta=0,SU2-CNOT-line|n8|d48|i2,SU2-CNOT-line,8,48,6.0,2,gaussian,Z,0.0,256,256,1152,256,1.0,256,255,0.986644702135404,0.4802482436558082,0.4868628744770107,0.0058959702121495,0.0097791890785083,169.60736978272934,4.426520555530092e-05,150.30338356544272,1,8,0.0307397334778217,0.0313725490196078,0.9798290046055684,-0.000632815541786,0.0313725490196078,0.0011792763029707,-0.5366134638608101,0.2130512044803929,0.2124183889386068,0.1236918614686734,0.1230590459268873,,,0,1.7763568394002505e-15,3.2009878885013543e-16,1.9984014443252818e-15,4.8572257327350605e-17,-0.3858572770985221,8,0.2
v2_convergence,tangent-sample convergence and estimator stability,SU2-CNOT-line|n8|d48|i2|dir=gaussian|basis=Z|eta=0,SU2-CNOT-line|n8|d48|i2,SU2-CNOT-line,8,48,6.0,2,gaussian,Z,0.0,256,256,1152,256,1.0,256,255,0.986644702135404,0.4802482436558082,0.4868628744770107,0.0058959702121495,0.0097791890785083,169.60736978272934,4.426520555530092e-05,150.30338356544272,2,36,0.1377862640500503,0.1411764705882353,0.9759860370211896,-0.003390206538185,0.1411764705882353,0.002355566717156,-1.4392318050231432,0.425562970323238,0.422172763785053,0.247070539215203,0.243680332677018,,,0,1.7763568394002505e-15,3.2009878885013543e-16,1.9984014443252818e-15,4.8572257327350605e-17,-0.3858572770985221,8,0.2
v2_convergence,tangent-sample convergence and estimator stability,SU2-HaarU4-brickwork|n12|d72|i2|dir=gaussian|basis=Z|eta=0,SU2-HaarU4-brickwork|n12|d72|i2,SU2-HaarU4-brickwork,12,72,6.0,2,gaussian,Z,0.0,256,32,2592,32,1.0,4096,4095,0.985679420949426,0.4903679613490953,0.4974508431456234,0.0015933578580033,0.0327935654249407,627.6054026263022,2.7034088673338537e-06,608.1968031110097,1,12,0.0027883140933636,0.0029304029304029,0.9515121843603542,-0.0001420888370392,0.0029304029304029,0.000215492777104,-0.6593670514099775,0.6240575206722418,0.6239154318352026,0.1270529356628054,0.1269108468257662,,,0,1.8429702208777602e-14,2.8657664637953797e-15,1.8207657603852567e-14,3.122502256758253e-17,-0.4386905929779593,8,0.2
v2_convergence,tangent-sample convergence and estimator stability,SU2-HaarU4-brickwork|n12|d72|i2|dir=gaussian|basis=Z|eta=0,SU2-HaarU4-brickwork|n12|d72|i2,SU2-HaarU4-brickwork,12,72,6.0,2,gaussian,Z,0.0,256,32,2592,32,1.0,4096,4095,0.985679420949426,0.4903679613490953,0.4974508431456234,0.0015933578580033,0.0327935654249407,627.6054026263022,2.7034088673338537e-06,608.1968031110097,2,78,0.0185052598943302,0.019047619047619,0.9715261444523384,-0.0005423591532887,0.019047619047619,0.0005449424278082,-0.9952595459856316,1.5781290908090515,1.5775867316557628,0.321293994864731,0.3207516357114423,,,0,1.8429702208777602e-14,2.8657664637953797e-15,1.8207657603852567e-14,3.122502256758253e-17,-0.4386905929779593,8,0.2
v2_convergence,tangent-sample convergence and estimator stability,SU2-HaarU4-brickwork|n12|d72|i2|dir=gaussian|basis=Z|eta=0,SU2-HaarU4-brickwork|n12|d72|i2,SU2-HaarU4-brickwork,12,72,6.0,2,gaussian,Z,0.0,256,64,2592,64,1.0,4096,4095,0.9828637857884492,0.4878506028351477,0.4963590156392113,0.0016193797430536,0.0172190769345684,617.5203835230654,3.937736761234569e-06,503.93748006736143,1,12,0.002558790732105,0.0029304029304029,0.8731873373308433,-0.0003716121982978,0.0029304029304029,0.0001556197705703,-2.3879497890019,0.4506679504287592,0.4502963382304613,0.128272350979633,0.1279007387813351,,,0,1.8429702208777602e-14,2.8657664637953797e-15,1.8207657603852567e-14,3.122502256758253e-17,-0.4386905929779593,8,0.2
v2_convergence,tangent-sample convergence and estimator stability,SU2-HaarU4-brickwork|n12|d72|i2|dir=gaussian|basis=Z|eta=0,SU2-HaarU4-brickwork|n12|d72|i2,SU2-HaarU4-brickwork,12,72,6.0,2,gaussian,Z,0.0,256,64,2592,64,1.0,4096,4095,0.9828637857884492,0.4878506028351477,0.4963590156392113,0.0016193797430536,0.0172190769345684,617.5203835230654,3.937736761234569e-06,503.93748006736143,2,78,0.0178495203629913,0.019047619047619,0.9370998190570464,-0.0011980986846276,0.019047619047619,0.00039353437609,-3.0444575046567848,1.1396580912938774,1.1384599926092498,0.324377676611232,0.3231795779266044,,,0,1.8429702208777602e-14,2.8657664637953797e-15,1.8207657603852567e-14,3.122502256758253e-17,-0.4386905929779593,8,0.2
v2_convergence,tangent-sample convergence and estimator stability,SU2-HaarU4-brickwork|n12|d72|i2|dir=gaussian|basis=Z|eta=0,SU2-HaarU4-brickwork|n12|d72|i2,SU2-HaarU4-brickwork,12,72,6.0,2,gaussian,Z,0.0,256,128,2592,128,1.0,4096,4095,0.9892390440139692,0.4912963572054836,0.4966351104783409,0.0016511344405473,0.0094507349527305,605.6442016123863,4.174965611628895e-06,489.4107998102243,1,12,0.0026889327599731,0.0029304029304029,0.917598304340851,-0.0002414701704297,0.0029304029304029,0.0001146065803099,-2.1069485694164,0.3318955712673775,0.3316541010969477,0.1297448871711817,0.129503417000752,,,0,1.8429702208777602e-14,2.8657664637953797e-15,1.8207657603852567e-14,3.122502256758253e-17,-0.4386905929779593,8,0.2
v2_convergence,tangent-sample convergence and estimator stability,SU2-HaarU4-brickwork|n12|d72|i2|dir=gaussian|basis=Z|eta=0,SU2-HaarU4-brickwork|n12|d72|i2,SU2-HaarU4-brickwork,12,72,6.0,2,gaussian,Z,0.0,256,128,2592,128,1.0,4096,4095,0.9892390440139692,0.4912963572054836,0.4966351104783409,0.0016511344405473,0.0094507349527305,605.6442016123863,4.174965611628895e-06,489.4107998102243,2,78,0.017828186075403,0.019047619047619,0.9359797689586574,-0.001219432972216,0.019047619047619,0.0002898194034909,-4.207561528067813,0.8393041326759781,0.8380846997037621,0.3281014554684262,0.3268820224962101,,,0,1.8429702208777602e-14,2.8657664637953797e-15,1.8207657603852567e-14,3.122502256758253e-17,-0.4386905929779593,8,0.2
v2_convergence,tangent-sample convergence and estimator stability,SU2-HaarU4-brickwork|n12|d72|i2|dir=gaussian|basis=Z|eta=0,SU2-HaarU4-brickwork|n12|d72|i2,SU2-HaarU4-brickwork,12,72,6.0,2,gaussian,Z,0.0,256,256,2592,256,1.0,4096,4095,0.9853757974554712,0.4886062529609188,0.4958427684758371,0.0016439710854458,0.0055437993233933,608.2832045241189,4.198905029404398e-06,488.0136549784237,1,12,0.0026926119458596,0.0029304029304029,0.9188538265246188,-0.0002377909845432,0.0029304029304029,8.695267850207797e-05,-2.7347171891612154,0.2518110986876026,0.2515733077030593,0.1294141699507685,0.1291763789662253,,,0,1.8429702208777602e-14,2.8657664637953797e-15,1.8207657603852567e-14,3.122502256758253e-17,-0.4386905929779593,8,0.2
v2_convergence,tangent-sample convergence and estimator stability,SU2-HaarU4-brickwork|n12|d72|i2|dir=gaussian|basis=Z|eta=0,SU2-HaarU4-brickwork|n12|d72|i2,SU2-HaarU4-brickwork,12,72,6.0,2,gaussian,Z,0.0,256,256,2592,256,1.0,4096,4095,0.9853757974554712,0.4886062529609188,0.4958427684758371,0.0016439710854458,0.0055437993233933,608.2832045241189,4.198905029404398e-06,488.0136549784237,2,78,0.0181733521902041,0.019047619047619,0.95410098998572,-0.0008742668574148,0.019047619047619,0.0002198876656755,-3.9759704334886536,0.6367849229657887,0.6359106561083738,0.3272651311728655,0.3263908643154506,,,0,1.8429702208777602e-14,2.8657664637953797e-15,1.8207657603852567e-14,3.122502256758253e-17,-0.4386905929779593,8,0.2
v2_convergence,tangent-sample convergence and estimator stability,U1-RZ-XY-line|n12|d72|i8|dir=gaussian|basis=Z|eta=0,U1-RZ-XY-line|n12|d72|i8,U1-RZ-XY-line,12,72,6.0,8,gaussian,Z,0.0,256,32,1260,32,1.0,924,923,0.7106274670912938,0.3438337598353871,0.4840910118561715,0.0281456358430822,0.0585160847229859,35.529486900747514,0.0012168117198638,28.66740011537472,1,11,0.3337795053479725,0.0119176598049837,28.007134857834423,0.3218618455429887,0.0119176598049837,0.0012099043883154,266.0225457906759,0.7900823881493366,0.4682205426063479,0.5423436492127913,0.2204818036698025,,,0,1.7763568394002505e-15,7.67632779172715e-16,1.7763568394002505e-15,5.551115123125783e-17,-0.2039723126875288,8,0.2
v2_convergence,tangent-sample convergence and estimator stability,U1-RZ-XY-line|n12|d72|i8|dir=gaussian|basis=Z|eta=0,U1-RZ-XY-line|n12|d72|i8,U1-RZ-XY-line,12,72,6.0,8,gaussian,Z,0.0,256,32,1260,32,1.0,924,923,0.7106274670912938,0.3438337598353871,0.4840910118561715,0.0281456358430822,0.0585160847229859,35.529486900747514,0.0012168117198638,28.66740011537472,2,65,0.5666211070394915,0.0704225352112676,8.04601971996078,0.4961985718282239,0.0704225352112676,0.0028527099205369,173.93937191301652,1.862854526755766,1.366655954927542,1.2787366699310951,0.7825380981028712,,,0,1.7763568394002505e-15,7.67632779172715e-16,1.7763568394002505e-15,5.551115123125783e-17,-0.2039723126875288,8,0.2
v2_convergence,tangent-sample convergence and estimator stability,U1-RZ-XY-line|n12|d72|i8|dir=gaussian|basis=Z|eta=0,U1-RZ-XY-line|n12|d72|i8,U1-RZ-XY-line,12,72,6.0,8,gaussian,Z,0.0,256,64,1260,64,1.0,924,923,0.7302134432803289,0.3457130172578903,0.4738560637869791,0.0261989371434803,0.0414145787506134,38.16948735452241,0.0008967803031024,33.39311780442387,1,11,0.3415378294561534,0.0119176598049837,28.658128780729967,0.3296201696511697,0.0119176598049837,0.0010138925049585,325.1036653679884,0.6620842269691296,0.3324640573179599,0.522473108558821,0.1928529389076513,,,0,1.7763568394002505e-15,7.67632779172715e-16,1.7763568394002505e-15,5.551115123125783e-17,-0.2039723126875288,8,0.2
v2_convergence,tangent-sample convergence and estimator stability,U1-RZ-XY-line|n12|d72|i8|dir=gaussian|basis=Z|eta=0,U1-RZ-XY-line|n12|d72|i8,U1-RZ-XY-line,12,72,6.0,8,gaussian,Z,0.0,256,64,1260,64,1.0,924,923,0.7302134432803289,0.3457130172578903,0.4738560637869791,0.0261989371434803,0.0414145787506134,38.16948735452241,0.0008967803031024,33.39311780442387,2,65,0.5724924343738766,0.0704225352112676,8.129392568109049,0.502069899162609,0.0704225352112676,0.002390553530664,210.0224457317005,1.5610607422752871,1.0589908431126784,1.2318859526368673,0.7298160534742583,,,0,1.7763568394002505e-15,7.67632779172715e-16,1.7763568394002505e-15,5.551115123125783e-17,-0.2039723126875288,8,0.2
v2_convergence,tangent-sample convergence and estimator stability,U1-RZ-XY-line|n12|d72|i8|dir=gaussian|basis=Z|eta=0,U1-RZ-XY-line|n12|d72|i8,U1-RZ-XY-line,12,72,6.0,8,gaussian,Z,0.0,256,128,1260,128,1.0,924,923,0.7410101606858049,0.3502382948126266,0.4743620054284211,0.0269317313538465,0.0345338272026446,37.13092139756455,0.0009361849354282,32.68279393971457,1,11,0.3417339024316713,0.0119176598049837,28.674581085857515,0.3298162426266876,0.0119176598049837,0.0009233625644859,357.1903987793762,0.6029670667551561,0.2731508241284685,0.5300403950341686,0.2002241524074809,,,0,1.7763568394002505e-15,7.67632779172715e-16,1.7763568394002505e-15,5.551115123125783e-17,-0.2039723126875288,8,0.2
v2_convergence,tangent-sample convergence and estimator stability,U1-RZ-XY-line|n12|d72|i8|dir=gaussian|basis=Z|eta=0,U1-RZ-XY-line|n12|d72|i8,U1-RZ-XY-line,12,72,6.0,8,gaussian,Z,0.0,256,128,1260,128,1.0,924,923,0.7410101606858049,0.3502382948126266,0.4743620054284211,0.0269317313538465,0.0345338272026446,37.13092139756455,0.0009361849354282,32.68279393971457,2,65,0.5718708080803215,0.0704225352112676,8.120565474740566,0.5014482728690539,0.0704225352112676,0.0021771022350195,230.32830741848784,1.421674431220432,0.9202261583513782,1.249728084137708,0.7482798112686542,,,0,1.7763568394002505e-15,7.67632779172715e-16,1.7763568394002505e-15,5.551115123125783e-17,-0.2039723126875288,8,0.2
v2_convergence,tangent-sample convergence and estimator stability,U1-RZ-XY-line|n12|d72|i8|dir=gaussian|basis=Z|eta=0,U1-RZ-XY-line|n12|d72|i8,U1-RZ-XY-line,12,72,6.0,8,gaussian,Z,0.0,256,256,1260,256,1.0,924,923,0.7397692910376408,0.346981446746664,0.4704102201351983,0.0268513091117595,0.0306526711855416,37.24213206282933,0.0009380403322427,32.650455475754235,1,11,0.3292901077852044,0.0119176598049837,27.63043358961306,0.3173724479802206,0.0119176598049837,0.000868143901676,365.57585368909616,0.5669086034546184,0.2495361554743977,0.5292151912021815,0.2118427432219609,,,0,1.7763568394002505e-15,7.67632779172715e-16,1.7763568394002505e-15,5.551115123125783e-17,-0.2039723126875288,8,0.2
v2_convergence,tangent-sample convergence and estimator stability,U1-RZ-XY-line|n12|d72|i8|dir=gaussian|basis=Z|eta=0,U1-RZ-XY-line|n12|d72|i8,U1-RZ-XY-line,12,72,6.0,8,gaussian,Z,0.0,256,256,1260,256,1.0,924,923,0.7397692910376408,0.346981446746664,0.4704102201351983,0.0268513091117595,0.0306526711855416,37.24213206282933,0.0009380403322427,32.650455475754235,2,65,0.5622242406177271,0.0704225352112676,7.983584216771725,0.4918017054064595,0.0704225352112676,0.0020469077926175,240.26568621225653,1.3366558653154206,0.8448541599089611,1.2477824203474874,0.7559807149410279,,,0,1.7763568394002505e-15,7.67632779172715e-16,1.7763568394002505e-15,5.551115123125783e-17,-0.2039723126875288,8,0.2
v2_convergence,tangent-sample convergence and estimator stability,SU2-CNOT-line|n16|d96|i4|dir=gaussian|basis=Z|eta=0,SU2-CNOT-line|n16|d96|i4,SU2-CNOT-line,16,96,6.0,4,gaussian,Z,0.0,256,32,4608,32,1.0,65536,65535,0.9901189931386386,0.4923970763813755,0.4973071889198986,0.000417585878856,0.0316545363201418,2394.7169926807346,2.6706992404878106e-07,1935.0291355935635,1,16,0.0002247200922019,0.0002441443503471,0.9204394526533044,-1.942425814522209e-05,0.0002441443503471,1.5351776099412762e-05,-1.265277582179244,0.7114104609570339,0.7113910366988886,0.0802225535500028,0.0802031292918575,,,0,6.217248937900877e-15,6.564858003828452e-16,6.550315845288424e-15,6.179952383167375e-18,-0.4709975451861499,8,0.2
v2_convergence,tangent-sample convergence and estimator stability,SU2-CNOT-line|n16|d96|i4|dir=gaussian|basis=Z|eta=0,SU2-CNOT-line|n16|d96|i4,SU2-CNOT-line,16,96,6.0,4,gaussian,Z,0.0,256,32,4608,32,1.0,65536,65535,0.9901189931386386,0.4923970763813755,0.4973071889198986,0.000417585878856,0.0316545363201418,2394.7169926807346,2.6706992404878106e-07,1935.0291355935635,2,136,0.0020222631104498,0.0020752269779507,0.9744780363480282,-5.296386750084942e-05,0.0020752269779507,4.471672762192315e-05,-1.184430755950106,2.072199829127221,2.07214686525972,0.2336726417191454,0.2336196778516446,,,0,6.217248937900877e-15,6.564858003828452e-16,6.550315845288424e-15,6.179952383167375e-18,-0.4709975451861499,8,0.2
v2_convergence,tangent-sample convergence and estimator stability,SU2-CNOT-line|n16|d96|i4|dir=gaussian|basis=Z|eta=0,SU2-CNOT-line|n16|d96|i4,SU2-CNOT-line,16,96,6.0,4,gaussian,Z,0.0,256,64,4608,64,1.0,65536,65535,0.9911948138265856,0.492608266356466,0.4969815922869095,0.0004021793186822,0.0160208952668278,2486.453065952204,2.134009259158693e-07,2164.720601333422,1,16,0.0002257377238122,0.0002441443503471,0.924607608127234,-1.8406626534893627e-05,0.0002441443503471,1.091897374253284e-05,-1.6857469363804791,0.5059917558105979,0.505973349184063,0.0786715534236907,0.0786531467971558,,,0,6.217248937900877e-15,6.564858003828452e-16,6.550315845288424e-15,6.179952383167375e-18,-0.4709975451861499,8,0.2
v2_convergence,tangent-sample convergence and estimator stability,SU2-CNOT-line|n16|d96|i4|dir=gaussian|basis=Z|eta=0,SU2-CNOT-line|n16|d96|i4,SU2-CNOT-line,16,96,6.0,4,gaussian,Z,0.0,256,64,4608,64,1.0,65536,65535,0.9911948138265856,0.492608266356466,0.4969815922869095,0.0004021793186822,0.0160208952668278,2486.453065952204,2.134009259158693e-07,2164.720601333422,2,136,0.0020115759034932,0.0020752269779507,0.9693281384958106,-6.365107445746197e-05,0.0020752269779507,3.180483949179332e-05,-2.001301546385292,1.47385523192894,1.4737915808544826,0.2291548810547935,0.2290912299803361,,,0,6.217248937900877e-15,6.564858003828452e-16,6.550315845288424e-15,6.179952383167375e-18,-0.4709975451861499,8,0.2
v2_convergence,tangent-sample convergence and estimator stability,SU2-CNOT-line|n16|d96|i4|dir=gaussian|basis=Z|eta=0,SU2-CNOT-line|n16|d96|i4,SU2-CNOT-line,16,96,6.0,4,gaussian,Z,0.0,256,128,4608,128,1.0,65536,65535,0.9929224819919584,0.4934980497286304,0.4970158496137447,0.0004218576682253,0.0082310619051923,2370.4677556456945,2.584869992079599e-07,1966.892605404532,1,16,0.000231594481945,0.0002441443503471,0.9485965233919598,-1.254986840205452e-05,0.0002441443503471,7.822946421097836e-06,-1.6042380615324898,0.3625200031212202,0.3625074532528182,0.0806473188708726,0.0806347690024706,,,0,6.217248937900877e-15,6.564858003828452e-16,6.550315845288424e-15,6.179952383167375e-18,-0.4709975451861499,8,0.2
v2_convergence,tangent-sample convergence and estimator stability,SU2-CNOT-line|n16|d96|i4|dir=gaussian|basis=Z|eta=0,SU2-CNOT-line|n16|d96|i4,SU2-CNOT-line,16,96,6.0,4,gaussian,Z,0.0,256,128,4608,128,1.0,65536,65535,0.9929224819919584,0.4934980497286304,0.4970158496137447,0.0004218576682253,0.0082310619051923,2370.4677556456945,2.584869992079599e-07,1966.892605404532,2,136,0.0020379571536911,0.0020752269779507,0.9820406034349451,-3.726982425951691e-05,0.0020752269779507,2.278671614592605e-05,-1.6355943533434605,1.055950017255035,1.0559127474307752,0.2349099001987883,0.2348726303745288,,,0,6.217248937900877e-15,6.564858003828452e-16,6.550315845288424e-15,6.179952383167375e-18,-0.4709975451861499,8,0.2
v2_convergence,tangent-sample convergence and estimator stability,SU2-CNOT-line|n16|d96|i4|dir=gaussian|basis=Z|eta=0,SU2-CNOT-line|n16|d96|i4,SU2-CNOT-line,16,96,6.0,4,gaussian,Z,0.0,256,256,4608,256,1.0,65536,65535,0.9927532432681592,0.4931989975217643,0.4968008385445638,0.000414027321036,0.0043186600268132,2415.2995447200533,2.440219666751568e-07,2024.3497040711447,1,16,0.0002337235258426,0.0002441443503471,0.9573169541313054,-1.042082450444974e-05,0.0002441443503471,5.661757431287445e-06,-1.8405635760485264,0.2623692163002029,0.2623587954756984,0.07986698362773,0.0798565628032256,,,0,6.217248937900877e-15,6.564858003828452e-16,6.550315845288424e-15,6.179952383167375e-18,-0.4709975451861499,8,0.2
v2_convergence,tangent-sample convergence and estimator stability,SU2-CNOT-line|n16|d96|i4|dir=gaussian|basis=Z|eta=0,SU2-CNOT-line|n16|d96|i4,SU2-CNOT-line,16,96,6.0,4,gaussian,Z,0.0,256,256,4608,256,1.0,65536,65535,0.9927532432681592,0.4931989975217643,0.4968008385445638,0.000414027321036,0.0043186600268132,2415.2995447200533,2.440219666751568e-07,2024.3497040711447,2,136,0.002026363466231,0.0020752269779507,0.9764538952900952,-4.886351171964681e-05,0.0020752269779507,1.6491594410757752e-05,-2.9629343593226074,0.7642303213451894,0.7641814578334698,0.2326369359309777,0.2325880724192581,,,0,6.217248937900877e-15,6.564858003828452e-16,6.550315845288424e-15,6.179952383167375e-18,-0.4709975451861499,8,0.2
v2_convergence,tangent-sample convergence and estimator stability,U1-RZ-XY-line|n8|d48|i4|dir=gaussian|basis=Z|eta=0,U1-RZ-XY-line|n8|d48|i4,U1-RZ-XY-line,8,48,6.0,4,gaussian,Z,0.0,256,32,552,32,1.0,70,69,0.7341607143738171,0.302766005418155,0.4154873668120566,0.0540369744163635,0.0835983189658521,18.505847353607184,0.0033410541593089,17.30048356098627,1,7,0.4150872956730982,0.1014492753623188,4.091574771634826,0.3136380203107794,0.1014492753623188,0.0134186306372817,23.373325400237224,0.6592905207160421,0.3456525004052627,0.4987257941420111,0.1850877738312317,,,0,1.7763568394002505e-15,8.710799543682048e-16,1.9984014443252818e-15,9.714451465470121e-17,-0.119742485353753,8,0.2
v2_convergence,tangent-sample convergence and estimator stability,U1-RZ-XY-line|n8|d48|i4|dir=gaussian|basis=Z|eta=0,U1-RZ-XY-line|n8|d48|i4,U1-RZ-XY-line,8,48,6.0,4,gaussian,Z,0.0,256,32,552,32,1.0,70,69,0.7341607143738171,0.302766005418155,0.4154873668120566,0.0540369744163635,0.0835983189658521,18.505847353607184,0.0033410541593089,17.30048356098627,2,27,0.7275376023087219,0.391304347826087,1.8592627614556223,0.3362332544826349,0.391304347826087,0.0216905148755525,15.50139572120552,1.06570865786935,0.729475403386715,0.8061641719687718,0.4699309174861368,,,0,1.7763568394002505e-15,8.710799543682048e-16,1.9984014443252818e-15,9.714451465470121e-17,-0.119742485353753,8,0.2
v2_convergence,tangent-sample convergence and estimator stability,U1-RZ-XY-line|n8|d48|i4|dir=gaussian|basis=Z|eta=0,U1-RZ-XY-line|n8|d48|i4,U1-RZ-XY-line,8,48,6.0,4,gaussian,Z,0.0,256,64,552,64,1.0,70,69,0.7250299509989444,0.3087622602719158,0.42849384865335,0.0513212037518026,0.0661443099431806,19.485123631085447,0.0028978617203382,18.576383615638967,1,7,0.4360308083065779,0.1014492753623188,4.2980179675934105,0.3345815329442591,0.1014492753623188,0.0116009456575362,28.840884426254163,0.5699831607336759,0.2354016277894168,0.4812957654628211,0.146714232518562,,,0,1.7763568394002505e-15,8.710799543682048e-16,1.9984014443252818e-15,9.714451465470121e-17,-0.119742485353753,8,0.2
v2_convergence,tangent-sample convergence and estimator stability,U1-RZ-XY-line|n8|d48|i4|dir=gaussian|basis=Z|eta=0,U1-RZ-XY-line|n8|d48|i4,U1-RZ-XY-line,8,48,6.0,4,gaussian,Z,0.0,256,64,552,64,1.0,70,69,0.7250299509989444,0.3087622602719158,0.42849384865335,0.0513212037518026,0.0661443099431806,19.485123631085447,0.0028978617203382,18.576383615638967,2,27,0.7347273267401331,0.391304347826087,1.877636501669229,0.3434229789140461,0.391304347826087,0.018752322137562,18.313624115178172,0.9213479796037288,0.5779250006896828,0.7779894418814202,0.434566462967374,,,0,1.7763568394002505e-15,8.710799543682048e-16,1.9984014443252818e-15,9.714451465470121e-17,-0.119742485353753,8,0.2
v2_convergence,tangent-sample convergence and estimator stability,U1-RZ-XY-line|n8|d48|i4|dir=gaussian|basis=Z|eta=0,U1-RZ-XY-line|n8|d48|i4,U1-RZ-XY-line,8,48,6.0,4,gaussian,Z,0.0,256,128,552,128,1.0,70,69,0.7306440256756002,0.3198236724975737,0.4373494967641141,0.0545685271610478,0.0619547105426021,18.325581649816304,0.003445575176078,17.036058984325926,1,7,0.4204474790626263,0.1014492753623188,4.144410865045888,0.3189982037003074,0.1014492753623188,0.011120504928221,28.685586289411297,0.546377919098705,0.2273797153983975,0.5020665368952746,0.1830683331949671,,,0,1.7763568394002505e-15,8.710799543682048e-16,1.9984014443252818e-15,9.714451465470121e-17,-0.119742485353753,8,0.2
v2_convergence,tangent-sample convergence and estimator stability,U1-RZ-XY-line|n8|d48|i4|dir=gaussian|basis=Z|eta=0,U1-RZ-XY-line|n8|d48|i4,U1-RZ-XY-line,8,48,6.0,4,gaussian,Z,0.0,256,128,552,128,1.0,70,69,0.7306440256756002,0.3198236724975737,0.4373494967641141,0.0545685271610478,0.0619547105426021,18.325581649816304,0.003445575176078,17.036058984325926,2,27,0.7341055015201299,0.391304347826087,1.8760473927736647,0.3428011536940429,0.391304347826087,0.0179757148169103,19.07023766151197,0.8831913406243534,0.5403901869303105,0.8115643079695145,0.4687631542754716,,,0,1.7763568394002505e-15,8.710799543682048e-16,1.9984014443252818e-15,9.714451465470121e-17,-0.119742485353753,8,0.2
v2_convergence,tangent-sample convergence and estimator stability,U1-RZ-XY-line|n8|d48|i4|dir=gaussian|basis=Z|eta=0,U1-RZ-XY-line|n8|d48|i4,U1-RZ-XY-line,8,48,6.0,4,gaussian,Z,0.0,256,256,552,256,1.0,70,69,0.7473022359337047,0.3366805083884706,0.4524647154666642,0.0574221525657734,0.0611040972823133,17.414881806364953,0.0039862857376736,15.838563390386668,1,7,0.4363640230321038,0.1014492753623188,4.301302512745023,0.3349147476697849,0.1014492753623188,0.011020403543523,30.390425028185277,0.5414596904190551,0.2065449427492701,0.5196341960425997,0.1847194483728148,,,0,1.7763568394002505e-15,8.710799543682048e-16,1.9984014443252818e-15,9.714451465470121e-17,-0.119742485353753,8,0.2
v2_convergence,tangent-sample convergence and estimator stability,U1-RZ-XY-line|n8|d48|i4|dir=gaussian|basis=Z|eta=0,U1-RZ-XY-line|n8|d48|i4,U1-RZ-XY-line,8,48,6.0,4,gaussian,Z,0.0,256,256,552,256,1.0,70,69,0.7473022359337047,0.3366805083884706,0.4524647154666642,0.0574221525657734,0.0611040972823133,17.414881806364953,0.0039862857376736,15.838563390386668,2,27,0.7447565873955873,0.391304347826087,1.9032668344553896,0.3534522395695003,0.391304347826087,0.0178139061620226,19.84136642209465,0.8752412810973459,0.5217890415278457,0.8399615105130435,0.4865092709435432,,,0,1.7763568394002505e-15,8.710799543682048e-16,1.9984014443252818e-15,9.714451465470121e-17,-0.119742485353753,8,0.2
v2_convergence,tangent-sample convergence and estimator stability,SU2-CNOT-line|n16|d96|i5|dir=gaussian|basis=Z|eta=0,SU2-CNOT-line|n16|d96|i5,SU2-CNOT-line,16,96,6.0,5,gaussian,Z,0.0,256,32,4608,32,1.0,65536,65535,1.0006913961147696,0.4970264203747198,0.4966649819513876,0.0004700234205186,0.0317053351886273,2127.553556579356,3.509947489902055e-07,1687.9115708849429,1,16,0.0002367288722427,0.0002441443503471,0.9696266651517046,-7.415478104413301e-06,0.0002441443503471,1.5364095282195708e-05,-0.4826498383543963,0.7119813392349267,0.7119739237568222,0.085290409351886,0.0852829938737816,,,0,8.881784197001252e-16,9.998144502203159e-17,6.661338147750939e-16,8.023096076392733e-18,-0.46934248837323,8,0.2
v2_convergence,tangent-sample convergence and estimator stability,SU2-CNOT-line|n16|d96|i5|dir=gaussian|basis=Z|eta=0,SU2-CNOT-line|n16|d96|i5,SU2-CNOT-line,16,96,6.0,5,gaussian,Z,0.0,256,32,4608,32,1.0,65536,65535,1.0006913961147696,0.4970264203747198,0.4966649819513876,0.0004700234205186,0.0317053351886273,2127.553556579356,3.509947489902055e-07,1687.9115708849429,2,136,0.0019873222922883,0.0020752269779507,0.957640929596438,-8.790468566238557e-05,0.0020752269779507,4.475261099707547e-05,-1.9642359116908288,2.073862686134286,2.073774781448624,0.2484343165932772,0.2483464119076148,,,0,8.881784197001252e-16,9.998144502203159e-17,6.661338147750939e-16,8.023096076392733e-18,-0.46934248837323,8,0.2
v2_convergence,tangent-sample convergence and estimator stability,SU2-CNOT-line|n16|d96|i5|dir=gaussian|basis=Z|eta=0,SU2-CNOT-line|n16|d96|i5,SU2-CNOT-line,16,96,6.0,5,gaussian,Z,0.0,256,64,4608,64,1.0,65536,65535,0.9980019268383706,0.4956189789737873,0.4966064144161912,0.0004467998859923,0.0160648186377736,2238.138440386906,2.721695882164578e-07,1916.8150114827104,1,16,0.0002447424472067,0.0002441443503471,1.0024497673559345,5.980968596162851e-07,0.0002441443503471,1.0933945641926128e-05,0.0547009176013174,0.5066855625584171,0.5066849644615575,0.0830841025305569,0.0830835044336973,,,0,8.881784197001252e-16,9.998144502203159e-17,6.661338147750939e-16,8.023096076392733e-18,-0.46934248837323,8,0.2
v2_convergence,tangent-sample convergence and estimator stability,SU2-CNOT-line|n16|d96|i5|dir=gaussian|basis=Z|eta=0,SU2-CNOT-line|n16|d96|i5,SU2-CNOT-line,16,96,6.0,5,gaussian,Z,0.0,256,64,4608,64,1.0,65536,65535,0.9980019268383706,0.4956189789737873,0.4966064144161912,0.0004467998859923,0.0160648186377736,2238.138440386906,2.721695882164578e-07,1916.8150114827104,2,136,0.0020042682843676,0.0020752269779507,0.9658067795296588,-7.095869358306845e-05,0.0020752269779507,3.1848449712709594e-05,-2.228010914915941,1.4758761555773556,1.4758051968837729,0.2420077754203936,0.2419368167268105,,,0,8.881784197001252e-16,9.998144502203159e-17,6.661338147750939e-16,8.023096076392733e-18,-0.46934248837323,8,0.2
v2_convergence,tangent-sample convergence and estimator stability,SU2-CNOT-line|n16|d96|i5|dir=gaussian|basis=Z|eta=0,SU2-CNOT-line|n16|d96|i5,SU2-CNOT-line,16,96,6.0,5,gaussian,Z,0.0,256,128,4608,128,1.0,65536,65535,0.9940713170381869,0.4936026266455458,0.4965424554360937,0.0004361721229627,0.0082452645282521,2292.672886124341,2.425159284616105e-07,2030.625641171461,1,16,0.0002419183509228,0.0002441443503471,0.9908824454828696,-2.225999424339416e-06,0.0002441443503471,7.829705248263059e-06,-0.2843018164487395,0.3628332112033341,0.3628309852039098,0.0820546488638342,0.0820524228644099,,,0,8.881784197001252e-16,9.998144502203159e-17,6.661338147750939e-16,8.023096076392733e-18,-0.46934248837323,8,0.2
v2_convergence,tangent-sample convergence and estimator stability,SU2-CNOT-line|n16|d96|i5|dir=gaussian|basis=Z|eta=0,SU2-CNOT-line|n16|d96|i5,SU2-CNOT-line,16,96,6.0,5,gaussian,Z,0.0,256,128,4608,128,1.0,65536,65535,0.9940713170381869,0.4936026266455458,0.4965424554360937,0.0004361721229627,0.0082452645282521,2292.672886124341,2.425159284616105e-07,2030.625641171461,2,136,0.0020107588556218,0.0020752269779507,0.9689344235527784,-6.446812232886474e-05,0.0020752269779507,2.2806403290360272e-05,-2.826755341826034,1.056862331270441,1.056797863148112,0.2390091778043178,0.238944709681989,,,0,8.881784197001252e-16,9.998144502203159e-17,6.661338147750939e-16,8.023096076392733e-18,-0.46934248837323,8,0.2
v2_convergence,tangent-sample convergence and estimator stability,SU2-CNOT-line|n16|d96|i5|dir=gaussian|basis=Z|eta=0,SU2-CNOT-line|n16|d96|i5,SU2-CNOT-line,16,96,6.0,5,gaussian,Z,0.0,256,256,4608,256,1.0,65536,65535,0.995220778679038,0.4941552700179378,0.4965272612351279,0.000431520260469,0.0043360846344515,2317.3882934559365,2.579099130863963e-07,1969.0918853376472,1,16,0.0002414760826973,0.0002441443503471,0.9890709424732368,-2.668267649778177e-06,0.0002441443503471,5.673208169917005e-06,-0.4703278233164519,0.2628998503580476,0.2628971820903978,0.081599961837508,0.0815972935698583,,,0,8.881784197001252e-16,9.998144502203159e-17,6.661338147750939e-16,8.023096076392733e-18,-0.46934248837323,8,0.2
v2_convergence,tangent-sample convergence and estimator stability,SU2-CNOT-line|n16|d96|i5|dir=gaussian|basis=Z|eta=0,SU2-CNOT-line|n16|d96|i5,SU2-CNOT-line,16,96,6.0,5,gaussian,Z,0.0,256,256,4608,256,1.0,65536,65535,0.995220778679038,0.4941552700179378,0.4965272612351279,0.000431520260469,0.0043360846344515,2317.3882934559365,2.579099130863963e-07,1969.0918853376472,2,136,0.0020303963422595,0.0020752269779507,0.978397237426314,-4.483063569117726e-05,0.0020752269779507,1.6524948177582652e-05,-2.7129062802141446,0.7657759547935865,0.7657311241578953,0.2376847632364016,0.2376399326007104,,,0,8.881784197001252e-16,9.998144502203159e-17,6.661338147750939e-16,8.023096076392733e-18,-0.46934248837323,8,0.2
v2_convergence,tangent-sample convergence and estimator stability,U1-RZ-XY-line|n8|d48|i5|dir=gaussian|basis=Z|eta=0,U1-RZ-XY-line|n8|d48|i5,U1-RZ-XY-line,8,48,6.0,5,gaussian,Z,0.0,256,32,552,32,1.0,70,69,0.736240904998474,0.3070323742795321,0.4284714200861774,0.0585021227971316,0.0879239314597212,17.093396823696622,0.0037669838865526,16.293077329756105,1,7,0.4419545223268224,0.1014492753623188,4.356408862935821,0.3405052469645035,0.1014492753623188,0.013832221463601,24.61681573422825,0.6796112612310845,0.3391060142665809,0.5261297881080842,0.1856245411435806,,,0,2.4424906541753444e-15,1.2594104382717332e-15,2.220446049250313e-15,1.0755285551056204e-16,-0.1229103712515154,8,0.2
v2_convergence,tangent-sample convergence and estimator stability,U1-RZ-XY-line|n8|d48|i5|dir=gaussian|basis=Z|eta=0,U1-RZ-XY-line|n8|d48|i5,U1-RZ-XY-line,8,48,6.0,5,gaussian,Z,0.0,256,32,552,32,1.0,70,69,0.736240904998474,0.3070323742795321,0.4284714200861774,0.0585021227971316,0.0879239314597212,17.093396823696622,0.0037669838865526,16.293077329756105,2,27,0.7434849008932496,0.391304347826087,1.9000169689494155,0.3521805530671626,0.391304347826087,0.0223590628230417,15.751132140665112,1.0985560725078571,0.7463755194406945,0.8504612954859199,0.4982807424187572,,,0,2.4424906541753444e-15,1.2594104382717332e-15,2.220446049250313e-15,1.0755285551056204e-16,-0.1229103712515154,8,0.2
v2_convergence,tangent-sample convergence and estimator stability,U1-RZ-XY-line|n8|d48|i5|dir=gaussian|basis=Z|eta=0,U1-RZ-XY-line|n8|d48|i5,U1-RZ-XY-line,8,48,6.0,5,gaussian,Z,0.0,256,64,552,64,1.0,70,69,0.7044011330459372,0.3009954456950617,0.4391778169359003,0.0623913971394807,0.0770415315591764,16.02785072699082,0.0046455912609958,14.671668372647114,1,7,0.4413677940005666,0.1014492753623188,4.350625398005585,0.3399185186382477,0.1014492753623188,0.0127661840390965,26.62647801388757,0.6272342052033546,0.2873156865651068,0.5488857129540587,0.208967194315811,,,0,2.4424906541753444e-15,1.2594104382717332e-15,2.220446049250313e-15,1.0755285551056204e-16,-0.1229103712515154,8,0.2
v2_convergence,tangent-sample convergence and estimator stability,U1-RZ-XY-line|n8|d48|i5|dir=gaussian|basis=Z|eta=0,U1-RZ-XY-line|n8|d48|i5,U1-RZ-XY-line,8,48,6.0,5,gaussian,Z,0.0,256,64,552,64,1.0,70,69,0.7044011330459372,0.3009954456950617,0.4391778169359003,0.0623913971394807,0.0770415315591764,16.02785072699082,0.0046455912609958,14.671668372647114,2,27,0.7449688886994394,0.391304347826087,1.9038093822319009,0.3536645408733525,0.391304347826087,0.020635869060642,17.138340034725406,1.0138912998036531,0.6602267589303008,0.8872450582796585,0.533580517406306,,,0,2.4424906541753444e-15,1.2594104382717332e-15,2.220446049250313e-15,1.0755285551056204e-16,-0.1229103712515154,8,0.2
v2_convergence,tangent-sample convergence and estimator stability,U1-RZ-XY-line|n8|d48|i5|dir=gaussian|basis=Z|eta=0,U1-RZ-XY-line|n8|d48|i5,U1-RZ-XY-line,8,48,6.0,5,gaussian,Z,0.0,256,128,552,128,1.0,70,69,0.717271382562773,0.3175508653447088,0.4523921464800755,0.0607108698962997,0.0680490662252349,16.471514931479327,0.0043530179601804,15.156704044198746,1,7,0.4188896084280118,0.1014492753623188,4.1290547116475445,0.3174403330656929,0.1014492753623188,0.0118129134064933,26.8723152487684,0.5803976606452144,0.2629573275795214,0.539170894132973,0.22173056106728,,,0,2.4424906541753444e-15,1.2594104382717332e-15,2.220446049250313e-15,1.0755285551056204e-16,-0.1229103712515154,8,0.2
v2_convergence,tangent-sample convergence and estimator stability,U1-RZ-XY-line|n8|d48|i5|dir=gaussian|basis=Z|eta=0,U1-RZ-XY-line|n8|d48|i5,U1-RZ-XY-line,8,48,6.0,5,gaussian,Z,0.0,256,128,552,128,1.0,70,69,0.717271382562773,0.3175508653447088,0.4523921464800755,0.0607108698962997,0.0680490662252349,16.471514931479327,0.0043530179601804,15.156704044198746,2,27,0.7343102913498152,0.391304347826087,1.8765707445606388,0.3430059435237282,0.391304347826087,0.0190949569217044,17.963169277111458,0.938182474222356,0.5951765306986276,0.8715415615631901,0.5285356180394618,,,0,2.4424906541753444e-15,1.2594104382717332e-15,2.220446049250313e-15,1.0755285551056204e-16,-0.1229103712515154,8,0.2
v2_convergence,tangent-sample convergence and estimator stability,U1-RZ-XY-line|n8|d48|i5|dir=gaussian|basis=Z|eta=0,U1-RZ-XY-line|n8|d48|i5,U1-RZ-XY-line,8,48,6.0,5,gaussian,Z,0.0,256,256,552,256,1.0,70,69,0.7045858095813629,0.314391889934212,0.4542112071580383,0.0614161716648431,0.0650825147442773,16.28235646886529,0.0045516719342978,14.822263303086526,1,7,0.4371440715004675,0.1014492753623188,4.30899156193318,0.3356947961381487,0.1014492753623188,0.0114810868141214,29.238938923905053,0.5640941992275861,0.2283994030894374,0.5432692693192207,0.207574473181072,,,0,2.4424906541753444e-15,1.2594104382717332e-15,2.220446049250313e-15,1.0755285551056204e-16,-0.1229103712515154,8,0.2
v2_convergence,tangent-sample convergence and estimator stability,U1-RZ-XY-line|n8|d48|i5|dir=gaussian|basis=Z|eta=0,U1-RZ-XY-line|n8|d48|i5,U1-RZ-XY-line,8,48,6.0,5,gaussian,Z,0.0,256,256,552,256,1.0,70,69,0.7045858095813629,0.314391889934212,0.4542112071580383,0.0614161716648431,0.0650825147442773,16.28235646886529,0.0045516719342978,14.822263303086526,2,27,0.7420616706787128,0.391304347826087,1.8963798250678212,0.3507573228526258,0.391304347826087,0.0185585765836131,18.900012146531616,0.911828781214401,0.5610714583617753,0.8781663707814956,0.5274090479288698,,,0,2.4424906541753444e-15,1.2594104382717332e-15,2.220446049250313e-15,1.0755285551056204e-16,-0.1229103712515154,8,0.2
v2_convergence,tangent-sample convergence and estimator stability,SU2-CNOT-line|n16|d96|i6|dir=gaussian|basis=Z|eta=0,SU2-CNOT-line|n16|d96|i6,SU2-CNOT-line,16,96,6.0,6,gaussian,Z,0.0,256,32,4608,32,1.0,65536,65535,0.9933431075599388,0.4934783684087032,0.4967894161079013,0.0004277298089321,0.0316643632524029,2337.9245007418667,1.9880304155917494e-07,2242.7893632641963,1,16,0.0002327331437892,0.0002441443503471,0.9532604111393636,-1.1411206557872602e-05,0.0002441443503471,1.5354159990013973e-05,-0.7431996648005631,0.7115209318693566,0.7115095206627987,0.0812275898569512,0.0812161786503933,,,0,5.551115123125784e-16,5.860363477478009e-17,4.440892098500626e-16,6.5052130349130266e-18,-0.4734943240274336,8,0.2
v2_convergence,tangent-sample convergence and estimator stability,SU2-CNOT-line|n16|d96|i6|dir=gaussian|basis=Z|eta=0,SU2-CNOT-line|n16|d96|i6,SU2-CNOT-line,16,96,6.0,6,gaussian,Z,0.0,256,32,4608,32,1.0,65536,65535,0.9933431075599388,0.4934783684087032,0.4967894161079013,0.0004277298089321,0.0316643632524029,2337.9245007418667,1.9880304155917494e-07,2242.7893632641963,2,136,0.0019678528869618,0.0020752269779507,0.9482591099047556,-0.0001073740909888,0.0020752269779507,4.472367142998839e-05,-2.400833553142439,2.072521609334572,2.0724142352435835,0.2366001163316548,0.236492742240666,,,0,5.551115123125784e-16,5.860363477478009e-17,4.440892098500626e-16,6.5052130349130266e-18,-0.4734943240274336,8,0.2
v2_convergence,tangent-sample convergence and estimator stability,SU2-CNOT-line|n16|d96|i6|dir=gaussian|basis=Z|eta=0,SU2-CNOT-line|n16|d96|i6,SU2-CNOT-line,16,96,6.0,6,gaussian,Z,0.0,256,64,4608,64,1.0,65536,65535,0.9963672366140292,0.4949076849605004,0.4967154273812111,0.0004325702649273,0.0160508113545378,2311.763154057685,2.167783257379343e-07,2147.791261762085,1,16,0.0002316489809868,0.0002441443503471,0.9488197480609956,-1.2495369360251324e-05,0.0002441443503471,1.092917328965295e-05,-1.1433041666638362,0.506464408907626,0.5064519135382658,0.0817028135474731,0.0816903181781129,,,0,5.551115123125784e-16,5.860363477478009e-17,4.440892098500626e-16,6.5052130349130266e-18,-0.4734943240274336,8,0.2
v2_convergence,tangent-sample convergence and estimator stability,SU2-CNOT-line|n16|d96|i6|dir=gaussian|basis=Z|eta=0,SU2-CNOT-line|n16|d96|i6,SU2-CNOT-line,16,96,6.0,6,gaussian,Z,0.0,256,64,4608,64,1.0,65536,65535,0.9963672366140292,0.4949076849605004,0.4967154273812111,0.0004325702649273,0.0160508113545378,2311.763154057685,2.167783257379343e-07,2147.791261762085,2,136,0.0019887470648807,0.0020752269779507,0.9583274918894018,-8.647991306998332e-05,0.0020752269779507,3.1834548781942124e-05,-2.71654276183862,1.4752319781544323,1.4751454982413623,0.2379843501943,0.23789787028123,,,0,5.551115123125784e-16,5.860363477478009e-17,4.440892098500626e-16,6.5052130349130266e-18,-0.4734943240274336,8,0.2
v2_convergence,tangent-sample convergence and estimator stability,SU2-CNOT-line|n16|d96|i6|dir=gaussian|basis=Z|eta=0,SU2-CNOT-line|n16|d96|i6,SU2-CNOT-line,16,96,6.0,6,gaussian,Z,0.0,256,128,4608,128,1.0,65536,65535,0.996123039442662,0.4949275312515065,0.4968533154250331,0.0004352445077062,0.0082443441599897,2297.5591473171785,2.832875750782959e-07,1878.8245942078051,1,16,0.0002380492175997,0.0002441443503471,0.9750347172126324,-6.095132747354547e-06,0.0002441443503471,7.829267434844294e-06,-0.7785061371422887,0.3628129226683764,0.3628068275356291,0.0819641822969951,0.0819580871642477,,,0,5.551115123125784e-16,5.860363477478009e-17,4.440892098500626e-16,6.5052130349130266e-18,-0.4734943240274336,8,0.2
v2_convergence,tangent-sample convergence and estimator stability,SU2-CNOT-line|n16|d96|i6|dir=gaussian|basis=Z|eta=0,SU2-CNOT-line|n16|d96|i6,SU2-CNOT-line,16,96,6.0,6,gaussian,Z,0.0,256,128,4608,128,1.0,65536,65535,0.996123039442662,0.4949275312515065,0.4968533154250331,0.0004352445077062,0.0082443441599897,2297.5591473171785,2.832875750782959e-07,1878.8245942078051,2,136,0.0019909730757908,0.0020752269779507,0.959400150896706,-8.425390215988397e-05,0.0020752269779507,2.280512802531801e-05,-3.6945156399186256,1.0568032347277558,1.056718980825596,0.2387456663511779,0.238661412449018,,,0,5.551115123125784e-16,5.860363477478009e-17,4.440892098500626e-16,6.5052130349130266e-18,-0.4734943240274336,8,0.2
v2_convergence,tangent-sample convergence and estimator stability,SU2-CNOT-line|n16|d96|i6|dir=gaussian|basis=Z|eta=0,SU2-CNOT-line|n16|d96|i6,SU2-CNOT-line,16,96,6.0,6,gaussian,Z,0.0,256,256,4608,256,1.0,65536,65535,0.9945359963416348,0.4941742823401385,0.4968903753173755,0.0004349619152477,0.0043395128452662,2299.0518593575744,2.820012745824812e-07,1883.104687267035,1,16,0.00023813490067,0.0002441443503471,0.9753856697134292,-6.009449677044857e-06,0.0002441443503471,5.675458329851616e-06,-1.0588483480596669,0.263004124111517,0.26299811466184,0.0819366023470132,0.0819305928973362,,,0,5.551115123125784e-16,5.860363477478009e-17,4.440892098500626e-16,6.5052130349130266e-18,-0.4734943240274336,8,0.2
v2_convergence,tangent-sample convergence and estimator stability,SU2-CNOT-line|n16|d96|i6|dir=gaussian|basis=Z|eta=0,SU2-CNOT-line|n16|d96|i6,SU2-CNOT-line,16,96,6.0,6,gaussian,Z,0.0,256,256,4608,256,1.0,65536,65535,0.9945359963416348,0.4941742823401385,0.4968903753173755,0.0004349619152477,0.0043395128452662,2299.0518593575744,2.820012745824812e-07,1883.104687267035,2,136,0.0020122407338808,0.0020752269779507,0.9696485036388358,-6.29862440698608e-05,0.0020752269779507,1.6531502454315857e-05,-3.810073781492079,0.7660796838866774,0.7660166976426075,0.238665331339569,0.2386023450954991,,,0,5.551115123125784e-16,5.860363477478009e-17,4.440892098500626e-16,6.5052130349130266e-18,-0.4734943240274336,8,0.2
v2_convergence,tangent-sample convergence and estimator stability,U1-RZ-XY-line|n8|d48|i6|dir=gaussian|basis=Z|eta=0,U1-RZ-XY-line|n8|d48|i6,U1-RZ-XY-line,8,48,6.0,6,gaussian,Z,0.0,256,32,552,32,1.0,70,69,0.6737488862012381,0.3450783503437715,0.5157632537124435,0.0626926403454793,0.0919834953346831,15.950835608283768,0.005263222385642,13.7839643030171,1,7,0.4269911828304235,0.1014492753623188,4.208913087899889,0.3255419074681047,0.1014492753623188,0.0142094279882886,22.91027532821277,0.6981443509927047,0.3726024435246,0.5506090282517903,0.2250671207836855,,,0,4.440892098500626e-16,3.5497037427302993e-16,4.440892098500626e-16,1.249000902703301e-16,-0.1378292716745869,8,0.2
v2_convergence,tangent-sample convergence and estimator stability,U1-RZ-XY-line|n8|d48|i6|dir=gaussian|basis=Z|eta=0,U1-RZ-XY-line|n8|d48|i6,U1-RZ-XY-line,8,48,6.0,6,gaussian,Z,0.0,256,32,552,32,1.0,70,69,0.6737488862012381,0.3450783503437715,0.5157632537124435,0.0626926403454793,0.0919834953346831,15.950835608283768,0.005263222385642,13.7839643030171,2,27,0.7839807952212756,0.391304347826087,2.003506476676593,0.3926764473951886,0.391304347826087,0.0229687974491785,17.096082120278,1.1285138431649833,0.7358373957697946,0.8900307073604866,0.497354259965298,,,0,4.440892098500626e-16,3.5497037427302993e-16,4.440892098500626e-16,1.249000902703301e-16,-0.1378292716745869,8,0.2
v2_convergence,tangent-sample convergence and estimator stability,U1-RZ-XY-line|n8|d48|i6|dir=gaussian|basis=Z|eta=0,U1-RZ-XY-line|n8|d48|i6,U1-RZ-XY-line,8,48,6.0,6,gaussian,Z,0.0,256,64,552,64,1.0,70,69,0.7177595183266794,0.3482741365953322,0.4907781830620498,0.0561501649756519,0.0708978186479074,17.80938667648837,0.0038414505974664,16.134383436563013,1,7,0.4181765733535777,0.1014492753623188,4.122026223056694,0.3167272979912588,0.1014492753623188,0.0121230176824599,26.126110370152475,0.5956338509171364,0.2789065529258775,0.5118779933744003,0.1951506953831414,,,0,4.440892098500626e-16,3.5497037427302993e-16,4.440892098500626e-16,1.249000902703301e-16,-0.1378292716745869,8,0.2
v2_convergence,tangent-sample convergence and estimator stability,U1-RZ-XY-line|n8|d48|i6|dir=gaussian|basis=Z|eta=0,U1-RZ-XY-line|n8|d48|i6,U1-RZ-XY-line,8,48,6.0,6,gaussian,Z,0.0,256,64,552,64,1.0,70,69,0.7177595183266794,0.3482741365953322,0.4907781830620498,0.0561501649756519,0.0708978186479074,17.80938667648837,0.0038414505974664,16.134383436563013,2,27,0.7717110119274219,0.391304347826087,1.9721503638145224,0.3804066641013349,0.391304347826087,0.0195962242710073,19.41224283007144,0.9628109792220896,0.5824043151207547,0.827424014407818,0.4470173503064831,,,0,4.440892098500626e-16,3.5497037427302993e-16,4.440892098500626e-16,1.249000902703301e-16,-0.1378292716745869,8,0.2
v2_convergence,tangent-sample convergence and estimator stability,U1-RZ-XY-line|n8|d48|i6|dir=gaussian|basis=Z|eta=0,U1-RZ-XY-line|n8|d48|i6,U1-RZ-XY-line,8,48,6.0,6,gaussian,Z,0.0,256,128,552,128,1.0,70,69,0.739028689952109,0.3546513451274186,0.4843104635047816,0.0583382134247588,0.0656949461323779,17.141423113509294,0.0041767556272981,15.47321167611939,1,7,0.4215255304475129,0.1014492753623188,4.155037371554056,0.3200762550851941,0.1014492753623188,0.0115503718378259,27.71133774559413,0.5674983438523782,0.247422088767184,0.5251491100034487,0.2050728549182545,,,0,4.440892098500626e-16,3.5497037427302993e-16,4.440892098500626e-16,1.249000902703301e-16,-0.1378292716745869,8,0.2
v2_convergence,tangent-sample convergence and estimator stability,U1-RZ-XY-line|n8|d48|i6|dir=gaussian|basis=Z|eta=0,U1-RZ-XY-line|n8|d48|i6,U1-RZ-XY-line,8,48,6.0,6,gaussian,Z,0.0,256,128,552,128,1.0,70,69,0.739028689952109,0.3546513451274186,0.4843104635047816,0.0583382134247588,0.0656949461323779,17.141423113509294,0.0041767556272981,15.47321167611939,2,27,0.7686991176493647,0.391304347826087,1.9644533006594875,0.3773947698232777,0.391304347826087,0.0186705722020885,20.21334781486024,0.9173314030257086,0.5399366332024309,0.8488760806013529,0.4714813107780751,,,0,4.440892098500626e-16,3.5497037427302993e-16,4.440892098500626e-16,1.249000902703301e-16,-0.1378292716745869,8,0.2
v2_convergence,tangent-sample convergence and estimator stability,U1-RZ-XY-line|n8|d48|i6|dir=gaussian|basis=Z|eta=0,U1-RZ-XY-line|n8|d48|i6,U1-RZ-XY-line,8,48,6.0,6,gaussian,Z,0.0,256,256,552,256,1.0,70,69,0.738822334406255,0.3535434993544475,0.4805887712691071,0.0572916836711903,0.0609741380318497,17.454540273929133,0.0039819380715625,15.847207673391852,1,7,0.4108520902186759,0.1014492753623188,4.049827746441235,0.3094028148563571,0.1014492753623188,0.0110050295705357,28.11467364746884,0.5407043290911928,0.2313015142348357,0.5188439719785197,0.2094411571221626,,,0,4.440892098500626e-16,3.5497037427302993e-16,4.440892098500626e-16,1.249000902703301e-16,-0.1378292716745869,8,0.2
v2_convergence,tangent-sample convergence and estimator stability,U1-RZ-XY-line|n8|d48|i6|dir=gaussian|basis=Z|eta=0,U1-RZ-XY-line|n8|d48|i6,U1-RZ-XY-line,8,48,6.0,6,gaussian,Z,0.0,256,256,552,256,1.0,70,69,0.738822334406255,0.3535434993544475,0.4805887712691071,0.0572916836711903,0.0609741380318497,17.454540273929133,0.0039819380715625,15.847207673391852,2,27,0.7539262840630074,0.391304347826087,1.9267005037165743,0.3626219362369204,0.391304347826087,0.0177890549384669,20.384553169982528,0.8740202790024754,0.5113983427655548,0.8386841546277622,0.4760622183908418,,,0,4.440892098500626e-16,3.5497037427302993e-16,4.440892098500626e-16,1.249000902703301e-16,-0.1378292716745869,8,0.2
v2_convergence,tangent-sample convergence and estimator stability,SU2-CNOT-line|n16|d96|i7|dir=gaussian|basis=Z|eta=0,SU2-CNOT-line|n16|d96|i7,SU2-CNOT-line,16,96,6.0,7,gaussian,Z,0.0,256,32,4608,32,1.0,65536,65535,0.9923010219136432,0.492824506777148,0.4966458936482432,0.0004174175422507,0.0316543732440554,2395.6827367819,3.6834841656315654e-07,1647.671373462391,1,16,0.0002496739024374,0.0002441443503471,1.022648699764978,5.529552090328038e-06,0.0002441443503471,1.535173653607558e-05,0.3601906583879908,0.7114086275683914,0.7114030980163011,0.0802057689320007,0.0802002393799104,,,0,2.220446049250313e-15,3.615898373553848e-16,3.1086244689504387e-15,6.2883726004159265e-18,-0.478441716975609,8,0.2
v2_convergence,tangent-sample convergence and estimator stability,SU2-CNOT-line|n16|d96|i7|dir=gaussian|basis=Z|eta=0,SU2-CNOT-line|n16|d96|i7,SU2-CNOT-line,16,96,6.0,7,gaussian,Z,0.0,256,32,4608,32,1.0,65536,65535,0.9923010219136432,0.492824506777148,0.4966458936482432,0.0004174175422507,0.0316543732440554,2395.6827367819,3.6834841656315654e-07,1647.671373462391,2,136,0.0020434123125658,0.0020752269779507,0.984669308117674,-3.181466538485292e-05,0.0020752269779507,4.471661238164339e-05,-0.7114730676224739,2.072194488823922,2.072162674158537,0.2336237514027043,0.2335919367373194,,,0,2.220446049250313e-15,3.615898373553848e-16,3.1086244689504387e-15,6.2883726004159265e-18,-0.478441716975609,8,0.2
v2_convergence,tangent-sample convergence and estimator stability,SU2-CNOT-line|n16|d96|i7|dir=gaussian|basis=Z|eta=0,SU2-CNOT-line|n16|d96|i7,SU2-CNOT-line,16,96,6.0,7,gaussian,Z,0.0,256,64,4608,64,1.0,65536,65535,0.9932697201572654,0.4936513839095617,0.4970009067017205,0.0004136277240409,0.0160321647908527,2417.6329145215936,2.6458847668648404e-07,1944.0818111811325,1,16,0.0002556829402185,0.0002441443503471,1.04726134295158,1.1538589871447e-05,0.0002441443503471,1.0922817075674348e-05,1.0563749069041912,0.5061698581607174,0.5061583195708459,0.0798269571186322,0.0798154185287608,,,0,2.220446049250313e-15,3.615898373553848e-16,3.1086244689504387e-15,6.2883726004159265e-18,-0.478441716975609,8,0.2
v2_convergence,tangent-sample convergence and estimator stability,SU2-CNOT-line|n16|d96|i7|dir=gaussian|basis=Z|eta=0,SU2-CNOT-line|n16|d96|i7,SU2-CNOT-line,16,96,6.0,7,gaussian,Z,0.0,256,64,4608,64,1.0,65536,65535,0.9932697201572654,0.4936513839095617,0.4970009067017205,0.0004136277240409,0.0160321647908527,2417.6329145215936,2.6458847668648404e-07,1944.0818111811325,2,136,0.0020229733141985,0.0020752269779507,0.9748202657794036,-5.225366375221068e-05,0.0020752269779507,3.181603437114384e-05,-1.6423688490732566,1.4743740093151878,1.4743217556514356,0.2325203465218179,0.2324680928580657,,,0,2.220446049250313e-15,3.615898373553848e-16,3.1086244689504387e-15,6.2883726004159265e-18,-0.478441716975609,8,0.2
v2_convergence,tangent-sample convergence and estimator stability,SU2-CNOT-line|n16|d96|i7|dir=gaussian|basis=Z|eta=0,SU2-CNOT-line|n16|d96|i7,SU2-CNOT-line,16,96,6.0,7,gaussian,Z,0.0,256,128,4608,128,1.0,65536,65535,0.9951747457094178,0.4942831027331891,0.4966848100575359,0.0004277459032739,0.0082369041384045,2337.836534134226,2.680323924858391e-07,1931.5517958393216,1,16,0.0002473073418288,0.0002441443503471,1.0129554154219396,3.162991481666809e-06,0.0002441443503471,7.825727363875658e-06,0.4041785938349315,0.3626488736682276,0.3626457106767459,0.0812291745653529,0.0812260115738713,,,0,2.220446049250313e-15,3.615898373553848e-16,3.1086244689504387e-15,6.2883726004159265e-18,-0.478441716975609,8,0.2
v2_convergence,tangent-sample convergence and estimator stability,SU2-CNOT-line|n16|d96|i7|dir=gaussian|basis=Z|eta=0,SU2-CNOT-line|n16|d96|i7,SU2-CNOT-line,16,96,6.0,7,gaussian,Z,0.0,256,128,4608,128,1.0,65536,65535,0.9951747457094178,0.4942831027331891,0.4966848100575359,0.0004277459032739,0.0082369041384045,2337.836534134226,2.680323924858391e-07,1931.5517958393216,2,136,0.0020383996181648,0.0020752269779507,0.9822538160032064,-3.682735978582322e-05,0.0020752269779507,2.2794816489490397e-05,-1.6156023806027378,1.0563253920072262,1.0562885646474405,0.2366047322779466,0.2365679049181608,,,0,2.220446049250313e-15,3.615898373553848e-16,3.1086244689504387e-15,6.2883726004159265e-18,-0.478441716975609,8,0.2
v2_convergence,tangent-sample convergence and estimator stability,SU2-CNOT-line|n16|d96|i7|dir=gaussian|basis=Z|eta=0,SU2-CNOT-line|n16|d96|i7,SU2-CNOT-line,16,96,6.0,7,gaussian,Z,0.0,256,256,4608,256,1.0,65536,65535,0.9957246300769076,0.4945446034406671,0.4966698451644382,0.0004265022760327,0.0043310862515169,2344.6533727835576,2.589870409048994e-07,1964.992889668388,1,16,0.0002338315799075,0.0002441443503471,0.9577595368275944,-1.0312770439589385e-05,0.0002441443503471,5.669925802716582e-06,-1.8188545667825695,0.2627477435042241,0.2627374307337845,0.0811066311882244,0.0810963184177848,,,0,2.220446049250313e-15,3.615898373553848e-16,3.1086244689504387e-15,6.2883726004159265e-18,-0.478441716975609,8,0.2
v2_convergence,tangent-sample convergence and estimator stability,SU2-CNOT-line|n16|d96|i7|dir=gaussian|basis=Z|eta=0,SU2-CNOT-line|n16|d96|i7,SU2-CNOT-line,16,96,6.0,7,gaussian,Z,0.0,256,256,4608,256,1.0,65536,65535,0.9957246300769076,0.4945446034406671,0.4966698451644382,0.0004265022760327,0.0043310862515169,2344.6533727835576,2.589870409048994e-07,1964.992889668388,2,136,0.0020169429266962,0.0020752269779507,0.9719143728017734,-5.828405125442608e-05,0.0020752269779507,1.6515387282536634e-05,-3.529075658798242,0.7653328972145935,0.7652746131633391,0.2362477873367591,0.2361895032855047,,,0,2.220446049250313e-15,3.615898373553848e-16,3.1086244689504387e-15,6.2883726004159265e-18,-0.478441716975609,8,0.2
v2_convergence,tangent-sample convergence and estimator stability,U1-RZ-XY-line|n8|d48|i7|dir=gaussian|basis=Z|eta=0,U1-RZ-XY-line|n8|d48|i7,U1-RZ-XY-line,8,48,6.0,7,gaussian,Z,0.0,256,32,552,32,1.0,70,69,0.6820572709196395,0.3210357035920403,0.4774869364963085,0.0557232849146196,0.0852319322610377,17.945819266258635,0.0034788894568927,16.954293046793932,1,7,0.3943908375952329,0.1014492753623188,3.887566827724439,0.2929415622329141,0.1014492753623188,0.0135763083393987,21.57740933025152,0.6670376163135011,0.374096054080587,0.5092485310570711,0.216306968824157,,,0,8.881784197001252e-16,6.343285084890554e-16,8.881784197001252e-16,7.63278329429795e-17,-0.1432169254835301,8,0.2
v2_convergence,tangent-sample convergence and estimator stability,U1-RZ-XY-line|n8|d48|i7|dir=gaussian|basis=Z|eta=0,U1-RZ-XY-line|n8|d48|i7,U1-RZ-XY-line,8,48,6.0,7,gaussian,Z,0.0,256,32,552,32,1.0,70,69,0.6820572709196395,0.3210357035920403,0.4774869364963085,0.0557232849146196,0.0852319322610377,17.945819266258635,0.0034788894568927,16.954293046793932,2,27,0.7556894597761517,0.391304347826087,1.9312063972057207,0.3643851119500647,0.391304347826087,0.021945392637357,16.604173731199605,1.078231432870857,0.7138463209207926,0.8231736260447705,0.4587885140947058,,,0,8.881784197001252e-16,6.343285084890554e-16,8.881784197001252e-16,7.63278329429795e-17,-0.1432169254835301,8,0.2
v2_convergence,tangent-sample convergence and estimator stability,U1-RZ-XY-line|n8|d48|i7|dir=gaussian|basis=Z|eta=0,U1-RZ-XY-line|n8|d48|i7,U1-RZ-XY-line,8,48,6.0,7,gaussian,Z,0.0,256,64,552,64,1.0,70,69,0.7069573230329701,0.3219911409630394,0.4590796154979932,0.0562673791887258,0.071013201388902,17.772286792422115,0.0037117101030018,16.41394506197877,1,7,0.3931835440123671,0.1014492753623188,3.8756663624076175,0.2917342686500482,0.1014492753623188,0.0121354108283273,24.03991696507384,0.5962427568340746,0.3045084881840263,0.5125976399805899,0.2208633713305416,,,0,8.881784197001252e-16,6.343285084890554e-16,8.881784197001252e-16,7.63278329429795e-17,-0.1432169254835301,8,0.2
v2_convergence,tangent-sample convergence and estimator stability,U1-RZ-XY-line|n8|d48|i7|dir=gaussian|basis=Z|eta=0,U1-RZ-XY-line|n8|d48|i7,U1-RZ-XY-line,8,48,6.0,7,gaussian,Z,0.0,256,64,552,64,1.0,70,69,0.7069573230329701,0.3219911409630394,0.4590796154979932,0.0562673791887258,0.071013201388902,17.772286792422115,0.0037117101030018,16.41394506197877,2,27,0.7560694037858273,0.391304347826087,1.9321773652304477,0.3647650559597403,0.391304347826087,0.0196162571433666,18.595038456818376,0.9637952438021478,0.5990301878424074,0.828587285522333,0.4638222295625926,,,0,8.881784197001252e-16,6.343285084890554e-16,8.881784197001252e-16,7.63278329429795e-17,-0.1432169254835301,8,0.2
v2_convergence,tangent-sample convergence and estimator stability,U1-RZ-XY-line|n8|d48|i7|dir=gaussian|basis=Z|eta=0,U1-RZ-XY-line|n8|d48|i7,U1-RZ-XY-line,8,48,6.0,7,gaussian,Z,0.0,256,128,552,128,1.0,70,69,0.704137551136355,0.3225634234487257,0.4615492913566513,0.0551372098769474,0.0625189504247837,18.136572420544173,0.0036253786733013,16.608228532334977,1,7,0.4014743911518857,0.1014492753623188,3.9573904270685873,0.3000251157895668,0.1014492753623188,0.011186411332221,26.820497376614533,0.5496160637787597,0.2495909479891928,0.5056161976590917,0.2055910818695248,,,0,8.881784197001252e-16,6.343285084890554e-16,8.881784197001252e-16,7.63278329429795e-17,-0.1432169254835301,8,0.2
v2_convergence,tangent-sample convergence and estimator stability,U1-RZ-XY-line|n8|d48|i7|dir=gaussian|basis=Z|eta=0,U1-RZ-XY-line|n8|d48|i7,U1-RZ-XY-line,8,48,6.0,7,gaussian,Z,0.0,256,128,552,128,1.0,70,69,0.704137551136355,0.3225634234487257,0.4615492913566513,0.0551372098769474,0.0625189504247837,18.136572420544173,0.0036253786733013,16.608228532334977,2,27,0.7542563430721033,0.391304347826087,1.9275439878509304,0.3629519952460163,0.391304347826087,0.0180822490732737,20.072281593691407,0.8884256322037619,0.5254736369577455,0.8173021490117162,0.4543501537656998,,,0,8.881784197001252e-16,6.343285084890554e-16,8.881784197001252e-16,7.63278329429795e-17,-0.1432169254835301,8,0.2
v2_convergence,tangent-sample convergence and estimator stability,U1-RZ-XY-line|n8|d48|i7|dir=gaussian|basis=Z|eta=0,U1-RZ-XY-line|n8|d48|i7,U1-RZ-XY-line,8,48,6.0,7,gaussian,Z,0.0,256,256,552,256,1.0,70,69,0.7343544321343441,0.329804640350738,0.4543976136469156,0.053243497574388,0.056941765161988,18.781636172621287,0.0032714517165975,17.48355493783589,1,7,0.4009315598702602,0.1014492753623188,3.952039661578279,0.2994822845079413,0.1014492753623188,0.0105168451011549,28.47643771752923,0.5167186183488961,0.2172363338409547,0.4936968334952105,0.1942145489872691,,,0,8.881784197001252e-16,6.343285084890554e-16,8.881784197001252e-16,7.63278329429795e-17,-0.1432169254835301,8,0.2
v2_convergence,tangent-sample convergence and estimator stability,U1-RZ-XY-line|n8|d48|i7|dir=gaussian|basis=Z|eta=0,U1-RZ-XY-line|n8|d48|i7,U1-RZ-XY-line,8,48,6.0,7,gaussian,Z,0.0,256,256,552,256,1.0,70,69,0.7343544321343441,0.329804640350738,0.4543976136469156,0.053243497574388,0.056941765161988,18.781636172621287,0.0032714517165975,17.48355493783589,2,27,0.7554532958816911,0.391304347826087,1.9306028672532105,0.3641489480556041,0.391304347826087,0.0169999302668556,21.420614222493352,0.8352486316027018,0.4710996835470977,0.7980351200061272,0.4338861719505231,,,0,8.881784197001252e-16,6.343285084890554e-16,8.881784197001252e-16,7.63278329429795e-17,-0.1432169254835301,8,0.2
v2_convergence,tangent-sample convergence and estimator stability,SU2-HaarU4-brickwork|n8|d48|i0|dir=gaussian|basis=Z|eta=0,SU2-HaarU4-brickwork|n8|d48|i0,SU2-HaarU4-brickwork,8,48,6.0,0,gaussian,Z,0.0,256,32,1152,32,1.0,256,255,1.0286120796668294,0.5068436315553574,0.492919965217611,0.0065989962715986,0.0376427776381111,151.53819745343537,7.46112588072389e-05,115.77047531542604,1,8,0.0268505759714849,0.0313725490196078,0.8558621090910825,-0.0045219730481229,0.0313725490196078,0.0028294793340814,-1.598164366728231,0.5111812886088287,0.5066593155607059,0.1440397143605941,0.1395177413124712,,,0,1.021405182655144e-14,2.3011760771942087e-15,1.0103029524088925e-14,5.551115123125783e-17,-0.368564921038949,8,0.2
v2_convergence,tangent-sample convergence and estimator stability,SU2-HaarU4-brickwork|n8|d48|i0|dir=gaussian|basis=Z|eta=0,SU2-HaarU4-brickwork|n8|d48|i0,SU2-HaarU4-brickwork,8,48,6.0,0,gaussian,Z,0.0,256,32,1152,32,1.0,256,255,1.0286120796668294,0.5068436315553574,0.492919965217611,0.0065989962715986,0.0376427776381111,151.53819745343537,7.46112588072389e-05,115.77047531542604,2,36,0.1369629511959232,0.1411764705882353,0.9701542376377892,-0.004213519392312,0.1411764705882353,0.0056517945196162,-0.7455188573625305,1.021068283019511,1.016854763627199,0.2877147249052349,0.2835012055129228,,,0,1.021405182655144e-14,2.3011760771942087e-15,1.0103029524088925e-14,5.551115123125783e-17,-0.368564921038949,8,0.2
v2_convergence,tangent-sample convergence and estimator stability,SU2-HaarU4-brickwork|n8|d48|i0|dir=gaussian|basis=Z|eta=0,SU2-HaarU4-brickwork|n8|d48|i0,SU2-HaarU4-brickwork,8,48,6.0,0,gaussian,Z,0.0,256,64,1152,64,1.0,256,255,1.002262130562603,0.494861151592962,0.4935715948152111,0.007213077194065,0.0227253728629077,138.63708554551548,6.798211664694917e-05,121.28376180459608,1,8,0.0285992622717365,0.0313725490196078,0.9116014849116018,-0.0027732867478713,0.0313725490196078,0.0021128945278265,-1.3125533297320109,0.3817211648868823,0.378947878139011,0.1597058684647371,0.1569325817168658,,,0,1.021405182655144e-14,2.3011760771942087e-15,1.0103029524088925e-14,5.551115123125783e-17,-0.368564921038949,8,0.2
v2_convergence,tangent-sample convergence and estimator stability,SU2-HaarU4-brickwork|n8|d48|i0|dir=gaussian|basis=Z|eta=0,SU2-HaarU4-brickwork|n8|d48|i0,SU2-HaarU4-brickwork,8,48,6.0,0,gaussian,Z,0.0,256,64,1152,64,1.0,256,255,1.002262130562603,0.494861151592962,0.4935715948152111,0.007213077194065,0.0227253728629077,138.63708554551548,6.798211664694917e-05,121.28376180459608,2,36,0.1402034729134632,0.1411764705882353,0.9931079331370308,-0.0009729976747721,0.1411764705882353,0.0042204392762508,-0.2305441711357724,0.7624758243479355,0.7615028266731634,0.3190073669269525,0.3180343692521803,,,0,1.021405182655144e-14,2.3011760771942087e-15,1.0103029524088925e-14,5.551115123125783e-17,-0.368564921038949,8,0.2
v2_convergence,tangent-sample convergence and estimator stability,SU2-HaarU4-brickwork|n8|d48|i0|dir=gaussian|basis=Z|eta=0,SU2-HaarU4-brickwork|n8|d48|i0,SU2-HaarU4-brickwork,8,48,6.0,0,gaussian,Z,0.0,256,128,1152,128,1.0,256,255,0.991289686018888,0.4922996876253978,0.4964040131482682,0.0072111547267294,0.0149673175804268,138.67404568276922,6.895101587871871e-05,120.42860770069588,1,8,0.0265147854193793,0.0313725490196078,0.8451587852427178,-0.0048577636002284,0.0313725490196078,0.0016193940600872,-2.9997415205826123,0.2925640531916441,0.2877062895914157,0.1596592220480773,0.1548014584478488,,,0,1.021405182655144e-14,2.3011760771942087e-15,1.0103029524088925e-14,5.551115123125783e-17,-0.368564921038949,8,0.2
v2_convergence,tangent-sample convergence and estimator stability,SU2-HaarU4-brickwork|n8|d48|i0|dir=gaussian|basis=Z|eta=0,SU2-HaarU4-brickwork|n8|d48|i0,SU2-HaarU4-brickwork,8,48,6.0,0,gaussian,Z,0.0,256,128,1152,128,1.0,256,255,0.991289686018888,0.4922996876253978,0.4964040131482682,0.0072111547267294,0.0149673175804268,138.67404568276922,6.895101587871871e-05,120.42860770069588,2,36,0.1368095943945367,0.1411764705882353,0.9690679602946352,-0.0043668761936985,0.1411764705882353,0.0032346878677137,-1.350014706916702,0.5843873438298258,0.5800204676361272,0.3189141922008245,0.314547316007126,,,0,1.021405182655144e-14,2.3011760771942087e-15,1.0103029524088925e-14,5.551115123125783e-17,-0.368564921038949,8,0.2
v2_convergence,tangent-sample convergence and estimator stability,SU2-HaarU4-brickwork|n8|d48|i0|dir=gaussian|basis=Z|eta=0,SU2-HaarU4-brickwork|n8|d48|i0,SU2-HaarU4-brickwork,8,48,6.0,0,gaussian,Z,0.0,256,256,1152,256,1.0,256,255,0.9792367083421352,0.4838695720197181,0.4943737282884961,0.0073069309979841,0.0111846382987732,136.8563628527336,7.243730869114046e-05,117.49485424242008,1,8,0.0301590644918103,0.0313725490196078,0.9613201806764546,-0.0012134845277975,0.0313725490196078,0.0013131521916588,-0.9241004473857192,0.2372375798565795,0.236024095328782,0.1619667848323091,0.1607533003045116,,,0,1.021405182655144e-14,2.3011760771942087e-15,1.0103029524088925e-14,5.551115123125783e-17,-0.368564921038949,8,0.2
v2_convergence,tangent-sample convergence and estimator stability,SU2-HaarU4-brickwork|n8|d48|i0|dir=gaussian|basis=Z|eta=0,SU2-HaarU4-brickwork|n8|d48|i0,SU2-HaarU4-brickwork,8,48,6.0,0,gaussian,Z,0.0,256,256,1152,256,1.0,256,255,0.9792367083421352,0.4838695720197181,0.4943737282884961,0.0073069309979841,0.0111846382987732,136.8563628527336,7.243730869114046e-05,117.49485424242008,2,36,0.1402187733299604,0.1411764705882353,0.9932163110872196,-0.0009576972582748,0.1411764705882353,0.0026229795251885,-0.3651180838729785,0.4738744819692096,0.4729167847109348,0.3235234750962678,0.3225657778379929,,,0,1.021405182655144e-14,2.3011760771942087e-15,1.0103029524088925e-14,5.551115123125783e-17,-0.368564921038949,8,0.2
v2_convergence,tangent-sample convergence and estimator stability,U1-RZ-XY-line|n8|d48|i8|dir=gaussian|basis=Z|eta=0,U1-RZ-XY-line|n8|d48|i8,U1-RZ-XY-line,8,48,6.0,8,gaussian,Z,0.0,256,32,552,32,1.0,70,69,0.8033040611427019,0.4001892789159362,0.4986497854254815,0.0678848092778253,0.0970134089878933,14.73083611250051,0.0052581605850455,13.790597316040037,1,7,0.4715112636104878,0.1014492753623188,4.647753884160522,0.3700619882481689,0.1014492753623188,0.0146633439166242,25.23721671893812,0.7204463635335554,0.3503843752853864,0.5795069387751852,0.2094449505270162,,,0,6.661338147750939e-16,3.9346591617284616e-16,6.661338147750939e-16,8.326672684688674e-17,-0.1444559806137497,8,0.2
v2_convergence,tangent-sample convergence and estimator stability,U1-RZ-XY-line|n8|d48|i8|dir=gaussian|basis=Z|eta=0,U1-RZ-XY-line|n8|d48|i8,U1-RZ-XY-line,8,48,6.0,8,gaussian,Z,0.0,256,32,552,32,1.0,70,69,0.8033040611427019,0.4001892789159362,0.4986497854254815,0.0678848092778253,0.0970134089878933,14.73083611250051,0.0052581605850455,13.790597316040037,2,27,0.7998436038973732,0.391304347826087,2.044044765515509,0.4085392560712862,0.391304347826087,0.0237025288158099,17.236104183060192,1.164563880448823,0.7560246243775368,0.93674266888796,0.5282034128166737,,,0,6.661338147750939e-16,3.9346591617284616e-16,6.661338147750939e-16,8.326672684688674e-17,-0.1444559806137497,8,0.2
v2_convergence,tangent-sample convergence and estimator stability,U1-RZ-XY-line|n8|d48|i8|dir=gaussian|basis=Z|eta=0,U1-RZ-XY-line|n8|d48|i8,U1-RZ-XY-line,8,48,6.0,8,gaussian,Z,0.0,256,64,552,64,1.0,70,69,0.7466858063085848,0.3631942479878696,0.4828992318916289,0.0546406454652982,0.0694118853799029,18.30139434635872,0.0033110111143886,17.37879581576536,1,7,0.4512460608612536,0.1014492753623188,4.447996885632357,0.3497967854989348,0.1014492753623188,0.0119622677192609,29.24167839311202,0.587735807531987,0.2379390220330521,0.5025180804228054,0.1527212949238706,,,0,6.661338147750939e-16,3.9346591617284616e-16,6.661338147750939e-16,8.326672684688674e-17,-0.1444559806137497,8,0.2
v2_convergence,tangent-sample convergence and estimator stability,U1-RZ-XY-line|n8|d48|i8|dir=gaussian|basis=Z|eta=0,U1-RZ-XY-line|n8|d48|i8,U1-RZ-XY-line,8,48,6.0,8,gaussian,Z,0.0,256,64,552,64,1.0,70,69,0.7466858063085848,0.3631942479878696,0.4828992318916289,0.0546406454652982,0.0694118853799029,18.30139434635872,0.0033110111143886,17.37879581576536,2,27,0.793953966123597,0.391304347826087,2.028993468982525,0.40264961829751,0.391304347826087,0.019336380359787,20.823422523011665,0.9500442050135968,0.5473945867160865,0.8122942044742781,0.4096445861767681,,,0,6.661338147750939e-16,3.9346591617284616e-16,6.661338147750939e-16,8.326672684688674e-17,-0.1444559806137497,8,0.2
v2_convergence,tangent-sample convergence and estimator stability,U1-RZ-XY-line|n8|d48|i8|dir=gaussian|basis=Z|eta=0,U1-RZ-XY-line|n8|d48|i8,U1-RZ-XY-line,8,48,6.0,8,gaussian,Z,0.0,256,128,552,128,1.0,70,69,0.7357780055712886,0.3537772222968805,0.4794064448460213,0.0553040577033795,0.0626844947525719,18.081855862429627,0.0036089552538676,16.64597550738938,1,7,0.4396879151985364,0.1014492753623188,4.334066592671287,0.3382386398362175,0.1014492753623188,0.0112056742970394,30.18458602938153,0.5505625008965953,0.2123238610603777,0.5066529265509591,0.1684142867147415,,,0,6.661338147750939e-16,3.9346591617284616e-16,6.661338147750939e-16,8.326672684688674e-17,-0.1444559806137497,8,0.2
v2_convergence,tangent-sample convergence and estimator stability,U1-RZ-XY-line|n8|d48|i8|dir=gaussian|basis=Z|eta=0,U1-RZ-XY-line|n8|d48|i8,U1-RZ-XY-line,8,48,6.0,8,gaussian,Z,0.0,256,128,552,128,1.0,70,69,0.7357780055712886,0.3537772222968805,0.4794064448460213,0.0553040577033795,0.0626844947525719,18.081855862429627,0.0036089552538676,16.64597550738938,2,27,0.790479872384373,0.391304347826087,2.020115229426731,0.399175524558286,0.391304347826087,0.0181133866488009,22.03759751270529,0.8899554983233459,0.4907799737650598,0.8189779670634096,0.4198024425051236,,,0,6.661338147750939e-16,3.9346591617284616e-16,6.661338147750939e-16,8.326672684688674e-17,-0.1444559806137497,8,0.2
v2_convergence,tangent-sample convergence and estimator stability,U1-RZ-XY-line|n8|d48|i8|dir=gaussian|basis=Z|eta=0,U1-RZ-XY-line|n8|d48|i8,U1-RZ-XY-line,8,48,6.0,8,gaussian,Z,0.0,256,256,552,256,1.0,70,69,0.7310337322210827,0.3548139540080141,0.4848312011350664,0.0569274730461356,0.0606113501045491,17.566210943344906,0.0039260258302833,15.95965223394083,1,7,0.4430119024945823,0.1014492753623188,4.36683161030374,0.3415626271322635,0.1014492753623188,0.010961998227612,31.158792406288292,0.5385900927544032,0.1970274656221396,0.5166316242846555,0.175068997152392,,,0,6.661338147750939e-16,3.9346591617284616e-16,6.661338147750939e-16,8.326672684688674e-17,-0.1444559806137497,8,0.2
v2_convergence,tangent-sample convergence and estimator stability,U1-RZ-XY-line|n8|d48|i8|dir=gaussian|basis=Z|eta=0,U1-RZ-XY-line|n8|d48|i8,U1-RZ-XY-line,8,48,6.0,8,gaussian,Z,0.0,256,256,552,256,1.0,70,69,0.7310337322210827,0.3548139540080141,0.4848312011350664,0.0569274730461356,0.0606113501045491,17.566210943344906,0.0039260258302833,15.95965223394083,2,27,0.7860827805265811,0.391304347826087,2.008878216901263,0.3947784327004941,0.391304347826087,0.017719497022385,22.279324983196187,0.8706027265000497,0.4758242937995555,0.8351080102460596,0.4403295775455655,,,0,6.661338147750939e-16,3.9346591617284616e-16,6.661338147750939e-16,8.326672684688674e-17,-0.1444559806137497,8,0.2
v2_convergence,tangent-sample convergence and estimator stability,SU2-HaarU4-brickwork|n8|d48|i1|dir=gaussian|basis=Z|eta=0,SU2-HaarU4-brickwork|n8|d48|i1,SU2-HaarU4-brickwork,8,48,6.0,1,gaussian,Z,0.0,256,32,1152,32,1.0,256,255,0.960282839205628,0.4796518460874546,0.5001451505699172,0.0073969210438795,0.0384157672612583,135.1913849110812,8.093399208802057e-05,111.15641171632356,1,8,0.0295765100304885,0.0313725490196078,0.9427512572218228,-0.0017960389891192,0.0313725490196078,0.0028617255943854,-0.6276069909159021,0.5170069840632806,0.5152109450741613,0.1641053747415672,0.1623093357524479,,,0,5.773159728050814e-15,1.0764015082020957e-15,5.773159728050814e-15,4.510281037539698e-17,-0.3701586562739778,8,0.2
v2_convergence,tangent-sample convergence and estimator stability,SU2-HaarU4-brickwork|n8|d48|i1|dir=gaussian|basis=Z|eta=0,SU2-HaarU4-brickwork|n8|d48|i1,SU2-HaarU4-brickwork,8,48,6.0,1,gaussian,Z,0.0,256,32,1152,32,1.0,256,255,0.960282839205628,0.4796518460874546,0.5001451505699172,0.0073969210438795,0.0384157672612583,135.1913849110812,8.093399208802057e-05,111.15641171632356,2,36,0.1427993724234501,0.1411764705882353,1.0114955546661049,0.0016229018352147,0.1411764705882353,0.0057162053937544,0.2839124425073969,1.0327049234592665,1.0310820216240515,0.3277952400755215,0.3261723382403067,,,0,5.773159728050814e-15,1.0764015082020957e-15,5.773159728050814e-15,4.510281037539698e-17,-0.3701586562739778,8,0.2
v2_convergence,tangent-sample convergence and estimator stability,SU2-HaarU4-brickwork|n8|d48|i1|dir=gaussian|basis=Z|eta=0,SU2-HaarU4-brickwork|n8|d48|i1,SU2-HaarU4-brickwork,8,48,6.0,1,gaussian,Z,0.0,256,64,1152,64,1.0,256,255,0.980026057518428,0.4834349820403784,0.4939766390248857,0.0073936892716849,0.0229031628768149,135.2504768938044,7.306867900448232e-05,116.98612937378022,1,8,0.033304903935618,0.0313725490196078,1.0615938129478235,0.0019323549160101,0.0313725490196078,0.0021228597393696,0.9102602871840784,0.383521506602229,0.3815891516862189,0.1640290552096374,0.1620967002936272,,,0,5.773159728050814e-15,1.0764015082020957e-15,5.773159728050814e-15,4.510281037539698e-17,-0.3701586562739778,8,0.2
v2_convergence,tangent-sample convergence and estimator stability,SU2-HaarU4-brickwork|n8|d48|i1|dir=gaussian|basis=Z|eta=0,SU2-HaarU4-brickwork|n8|d48|i1,SU2-HaarU4-brickwork,8,48,6.0,1,gaussian,Z,0.0,256,64,1152,64,1.0,256,255,0.980026057518428,0.4834349820403784,0.4939766390248857,0.0073936892716849,0.0229031628768149,135.2504768938044,7.306867900448232e-05,116.98612937378022,2,36,0.1478710976612807,0.1411764705882353,1.0474202751007389,0.0066946270730454,0.1411764705882353,0.0042403444677493,1.5787932145519217,0.7660719493726607,0.7593773222996152,0.3276427942502048,0.3209481671771593,,,0,5.773159728050814e-15,1.0764015082020957e-15,5.773159728050814e-15,4.510281037539698e-17,-0.3701586562739778,8,0.2
v2_convergence,tangent-sample convergence and estimator stability,SU2-HaarU4-brickwork|n8|d48|i1|dir=gaussian|basis=Z|eta=0,SU2-HaarU4-brickwork|n8|d48|i1,SU2-HaarU4-brickwork,8,48,6.0,1,gaussian,Z,0.0,256,128,1152,128,1.0,256,255,0.9751905004709648,0.4808166936533122,0.4936154589087289,0.0073957279523976,0.0151504488277695,135.21319421650725,7.443097024132218e-05,115.91060158920624,1,8,0.0312347192299596,0.0313725490196078,0.9956066754549628,-0.0001378297896482,0.0313725490196078,0.0016327631191453,-0.0844150557004091,0.2949793430842072,0.294841513294559,0.1640772035652214,0.1639393737755732,,,0,5.773159728050814e-15,1.0764015082020957e-15,5.773159728050814e-15,4.510281037539698e-17,-0.3701586562739778,8,0.2
v2_convergence,tangent-sample convergence and estimator stability,SU2-HaarU4-brickwork|n8|d48|i1|dir=gaussian|basis=Z|eta=0,SU2-HaarU4-brickwork|n8|d48|i1,SU2-HaarU4-brickwork,8,48,6.0,1,gaussian,Z,0.0,256,128,1152,128,1.0,256,255,0.9751905004709648,0.4808166936533122,0.4936154589087289,0.0073957279523976,0.0151504488277695,135.21319421650725,7.443097024132218e-05,115.91060158920624,2,36,0.141473192295418,0.1411764705882353,1.0021017787592112,0.0002967217071827,0.1411764705882353,0.0032613921358124,0.0909800768587548,0.5892118081804388,0.5889150864732561,0.3277389690513212,0.3274422473441385,,,0,5.773159728050814e-15,1.0764015082020957e-15,5.773159728050814e-15,4.510281037539698e-17,-0.3701586562739778,8,0.2
v2_convergence,tangent-sample convergence and estimator stability,SU2-HaarU4-brickwork|n8|d48|i1|dir=gaussian|basis=Z|eta=0,SU2-HaarU4-brickwork|n8|d48|i1,SU2-HaarU4-brickwork,8,48,6.0,1,gaussian,Z,0.0,256,256,1152,256,1.0,256,255,0.9720413083606908,0.4796396734565899,0.4936053184422987,0.0075057059008164,0.0113826367371413,133.23197221079815,7.76716434147136e-05,113.46678584963996,1,8,0.0315993373162901,0.0313725490196078,1.0072288769567488,0.0002267882966823,0.0313725490196078,0.0013309307526406,0.1703982692054861,0.240449502135987,0.2402227138393047,0.1666539828762289,0.1664271945795466,,,0,5.773159728050814e-15,1.0764015082020957e-15,5.773159728050814e-15,4.510281037539698e-17,-0.3701586562739778,8,0.2
v2_convergence,tangent-sample convergence and estimator stability,SU2-HaarU4-brickwork|n8|d48|i1|dir=gaussian|basis=Z|eta=0,SU2-HaarU4-brickwork|n8|d48|i1,SU2-HaarU4-brickwork,8,48,6.0,1,gaussian,Z,0.0,256,256,1152,256,1.0,256,255,0.9720413083606908,0.4796396734565899,0.4936053184422987,0.0075057059008164,0.0113826367371413,133.23197221079815,7.76716434147136e-05,113.46678584963996,2,36,0.1408051191354745,0.1411764705882353,0.997369593876278,-0.0003713514527607,0.1411764705882353,0.0026584916324207,-0.1396850184638711,0.4802901940465279,0.4799188425937671,0.3328860033529308,0.3325146519001701,,,0,5.773159728050814e-15,1.0764015082020957e-15,5.773159728050814e-15,4.510281037539698e-17,-0.3701586562739778,8,0.2
v2_convergence,tangent-sample convergence and estimator stability,U1-RZ-XY-line|n8|d48|i9|dir=gaussian|basis=Z|eta=0,U1-RZ-XY-line|n8|d48|i9,U1-RZ-XY-line,8,48,6.0,9,gaussian,Z,0.0,256,32,552,32,1.0,70,69,0.6901506357833269,0.3168406747337398,0.4573598505874862,0.0529930424729264,0.0825870098956474,18.87040172322413,0.0031721157208641,17.75519673623266,1,7,0.3898724057811565,0.1014492753623188,3.843027999842828,0.2884231304188376,0.1014492753623188,0.0133200828749896,21.65325344637256,0.6544486253488309,0.3660254949299932,0.4920988082822847,0.2036756778634471,,,0,3.4416913763379853e-15,2.2204704436651924e-15,3.4416913763379853e-15,9.714451465470121e-17,-0.1259748091229913,8,0.2
v2_convergence,tangent-sample convergence and estimator stability,U1-RZ-XY-line|n8|d48|i9|dir=gaussian|basis=Z|eta=0,U1-RZ-XY-line|n8|d48|i9,U1-RZ-XY-line,8,48,6.0,9,gaussian,Z,0.0,256,32,552,32,1.0,70,69,0.6901506357833269,0.3168406747337398,0.4573598505874862,0.0529930424729264,0.0825870098956474,18.87040172322413,0.0031721157208641,17.75519673623266,2,27,0.7003429489088817,0.391304347826087,1.7897653138782532,0.3090386010827947,0.391304347826087,0.0215312175700576,14.35304808366054,1.05788198715106,0.7488433860682651,0.7954519957970018,0.486413394714207,,,0,3.4416913763379853e-15,2.2204704436651924e-15,3.4416913763379853e-15,9.714451465470121e-17,-0.1259748091229913,8,0.2
v2_convergence,tangent-sample convergence and estimator stability,U1-RZ-XY-line|n8|d48|i9|dir=gaussian|basis=Z|eta=0,U1-RZ-XY-line|n8|d48|i9,U1-RZ-XY-line,8,48,6.0,9,gaussian,Z,0.0,256,64,552,64,1.0,70,69,0.7350868785990989,0.327746389938247,0.4435712968702552,0.0572449495408334,0.0719754972042579,17.46878996350044,0.0041184927662184,15.582274340500666,1,7,0.4043242220881823,0.1014492753623188,3.985481617726368,0.3028749467258634,0.1014492753623188,0.0122382812806554,24.74816028330748,0.6012970366570286,0.2984220899311651,0.5185606197462012,0.2156856730203377,,,0,3.4416913763379853e-15,2.2204704436651924e-15,3.4416913763379853e-15,9.714451465470121e-17,-0.1259748091229913,8,0.2
v2_convergence,tangent-sample convergence and estimator stability,U1-RZ-XY-line|n8|d48|i9|dir=gaussian|basis=Z|eta=0,U1-RZ-XY-line|n8|d48|i9,U1-RZ-XY-line,8,48,6.0,9,gaussian,Z,0.0,256,64,552,64,1.0,70,69,0.7350868785990989,0.327746389938247,0.4435712968702552,0.0572449495408334,0.0719754972042579,17.46878996350044,0.0041184927662184,15.582274340500666,2,27,0.7038249357919623,0.391304347826087,1.7986637248016812,0.3125205879658753,0.391304347826087,0.0197825418513067,15.797797386953636,0.9719652228893132,0.659444634923438,0.8382261305583724,0.525705542592497,,,0,3.4416913763379853e-15,2.2204704436651924e-15,3.4416913763379853e-15,9.714451465470121e-17,-0.1259748091229913,8,0.2
v2_convergence,tangent-sample convergence and estimator stability,U1-RZ-XY-line|n8|d48|i9|dir=gaussian|basis=Z|eta=0,U1-RZ-XY-line|n8|d48|i9,U1-RZ-XY-line,8,48,6.0,9,gaussian,Z,0.0,256,128,552,128,1.0,70,69,0.7135375881290797,0.3178311386202194,0.4469919774915168,0.0560410941780757,0.0634157731298095,17.844048455271203,0.0038172473757107,16.18545256827157,1,7,0.4022834225019328,0.1014492753623188,3.965365164661909,0.300834147139614,0.1014492753623188,0.0112903736079507,26.645189750653177,0.5547239875865876,0.2538898404469736,0.5112074340144224,0.2103732868748083,,,0,3.4416913763379853e-15,2.2204704436651924e-15,3.4416913763379853e-15,9.714451465470121e-17,-0.1259748091229913,8,0.2
v2_convergence,tangent-sample convergence and estimator stability,U1-RZ-XY-line|n8|d48|i9|dir=gaussian|basis=Z|eta=0,U1-RZ-XY-line|n8|d48|i9,U1-RZ-XY-line,8,48,6.0,9,gaussian,Z,0.0,256,128,552,128,1.0,70,69,0.7135375881290797,0.3178311386202194,0.4469919774915168,0.0560410941780757,0.0634157731298095,17.844048455271203,0.0038172473757107,16.18545256827157,2,27,0.7070742304711244,0.391304347826087,1.806967477870651,0.3157698826450374,0.391304347826087,0.01825029865666,17.302176177254154,0.896682323987874,0.5809124413428366,0.8263400902604364,0.5105702076153991,,,0,3.4416913763379853e-15,2.2204704436651924e-15,3.4416913763379853e-15,9.714451465470121e-17,-0.1259748091229913,8,0.2
v2_convergence,tangent-sample convergence and estimator stability,U1-RZ-XY-line|n8|d48|i9|dir=gaussian|basis=Z|eta=0,U1-RZ-XY-line|n8|d48|i9,U1-RZ-XY-line,8,48,6.0,9,gaussian,Z,0.0,256,256,552,256,1.0,70,69,0.7234070900197082,0.3266286680105917,0.4532942670601841,0.0558826299836146,0.0595705884602412,17.8946481275704,0.0037750916168441,16.275571677745425,1,7,0.3976050289316354,0.1014492753623188,3.919249570897549,0.2961557535693166,0.1014492753623188,0.0108376023134512,27.326685829921868,0.5324782137379147,0.2363224601685981,0.5102316373709841,0.2140758838016674,,,0,3.4416913763379853e-15,2.2204704436651924e-15,3.4416913763379853e-15,9.714451465470121e-17,-0.1259748091229913,8,0.2
v2_convergence,tangent-sample convergence and estimator stability,U1-RZ-XY-line|n8|d48|i9|dir=gaussian|basis=Z|eta=0,U1-RZ-XY-line|n8|d48|i9,U1-RZ-XY-line,8,48,6.0,9,gaussian,Z,0.0,256,256,552,256,1.0,70,69,0.7234070900197082,0.3266286680105917,0.4532942670601841,0.0558826299836146,0.0595705884602412,17.8946481275704,0.0037750916168441,16.275571677745425,2,27,0.7078140446987782,0.391304347826087,1.808858114230211,0.3165096968726912,0.391304347826087,0.0175184175307813,18.06725386676944,0.8607231936096821,0.5442134967369909,0.8247627660026835,0.5082530691299922,,,0,3.4416913763379853e-15,2.2204704436651924e-15,3.4416913763379853e-15,9.714451465470121e-17,-0.1259748091229913,8,0.2
v2_convergence,tangent-sample convergence and estimator stability,SU2-HaarU4-brickwork|n8|d48|i2|dir=gaussian|basis=Z|eta=0,SU2-HaarU4-brickwork|n8|d48|i2,SU2-HaarU4-brickwork,8,48,6.0,2,gaussian,Z,0.0,256,32,1152,32,1.0,256,255,0.9907810472645896,0.4924058301760215,0.4969124866761484,0.0079879324604392,0.0389883095710505,125.18884016014904,0.0001010798995335,99.46438443276224,1,8,0.0316047125426179,0.0313725490196078,1.007400212295947,0.0002321635230101,0.0313725490196078,0.0028853776288813,0.0804620929635848,0.5212800237445406,0.5210478602215305,0.1775115012455547,0.1772793377225446,,,0,7.771561172376096e-15,1.5196336070966305e-15,7.771561172376096e-15,5.898059818321144e-17,-0.3375133917605961,8,0.2
v2_convergence,tangent-sample convergence and estimator stability,SU2-HaarU4-brickwork|n8|d48|i2|dir=gaussian|basis=Z|eta=0,SU2-HaarU4-brickwork|n8|d48|i2,SU2-HaarU4-brickwork,8,48,6.0,2,gaussian,Z,0.0,256,32,1152,32,1.0,256,255,0.9907810472645896,0.4924058301760215,0.4969124866761484,0.0079879324604392,0.0389883095710505,125.18884016014904,0.0001010798995335,99.46438443276224,2,36,0.1461011685051902,0.1411764705882353,1.034883276911764,0.0049246979169549,0.1411764705882353,0.0057634495765734,0.8544705478073806,1.0412401836259528,1.036315485708998,0.3545735492124269,0.3496488512954719,,,0,7.771561172376096e-15,1.5196336070966305e-15,7.771561172376096e-15,5.898059818321144e-17,-0.3375133917605961,8,0.2
v2_convergence,tangent-sample convergence and estimator stability,SU2-HaarU4-brickwork|n8|d48|i2|dir=gaussian|basis=Z|eta=0,SU2-HaarU4-brickwork|n8|d48|i2,SU2-HaarU4-brickwork,8,48,6.0,2,gaussian,Z,0.0,256,64,1152,64,1.0,256,255,0.9844823155141846,0.4846151665571414,0.4923059325816473,0.0073647161664215,0.0228746424763212,135.78255799719335,6.65462576977067e-05,122.5852398879356,1,8,0.0322380123000418,0.0313725490196078,1.0275866420638329,0.0008654632804339,0.0313725490196078,0.002121264310428,0.4079940798416272,0.3832332721513025,0.3823678088708686,0.1633432514436384,0.1624777881632045,,,0,7.771561172376096e-15,1.5196336070966305e-15,7.771561172376096e-15,5.898059818321144e-17,-0.3375133917605961,8,0.2
v2_convergence,tangent-sample convergence and estimator stability,SU2-HaarU4-brickwork|n8|d48|i2|dir=gaussian|basis=Z|eta=0,SU2-HaarU4-brickwork|n8|d48|i2,SU2-HaarU4-brickwork,8,48,6.0,2,gaussian,Z,0.0,256,64,1152,64,1.0,256,255,0.9844823155141846,0.4846151665571414,0.4923059325816473,0.0073647161664215,0.0228746424763212,135.78255799719335,6.65462576977067e-05,122.5852398879356,2,36,0.1405960082665695,0.1411764705882353,0.9958883918882008,-0.0005804623216657,0.1411764705882353,0.0042371576494396,-0.1369933265859285,0.7654962102709507,0.764915747949285,0.3262729231507704,0.3256924608291047,,,0,7.771561172376096e-15,1.5196336070966305e-15,7.771561172376096e-15,5.898059818321144e-17,-0.3375133917605961,8,0.2
v2_convergence,tangent-sample convergence and estimator stability,SU2-HaarU4-brickwork|n8|d48|i2|dir=gaussian|basis=Z|eta=0,SU2-HaarU4-brickwork|n8|d48|i2,SU2-HaarU4-brickwork,8,48,6.0,2,gaussian,Z,0.0,256,128,1152,128,1.0,256,255,0.9709276944139978,0.480023169635187,0.4944383975485494,0.0073724646426181,0.0151273672625976,135.6398502366877,7.21900045375706e-05,117.69593556107812,1,8,0.0311395604155697,0.0313725490196078,0.9925734882462842,-0.0002329886040381,0.0313725490196078,0.0016310841398359,-0.1428427867991986,0.29467601420084,0.2944430255968019,0.1635269423861342,0.1632939537820961,,,0,7.771561172376096e-15,1.5196336070966305e-15,7.771561172376096e-15,5.898059818321144e-17,-0.3375133917605961,8,0.2
v2_convergence,tangent-sample convergence and estimator stability,SU2-HaarU4-brickwork|n8|d48|i2|dir=gaussian|basis=Z|eta=0,SU2-HaarU4-brickwork|n8|d48|i2,SU2-HaarU4-brickwork,8,48,6.0,2,gaussian,Z,0.0,256,128,1152,128,1.0,256,255,0.9709276944139978,0.480023169635187,0.4944383975485494,0.0073724646426181,0.0151273672625976,135.6398502366877,7.21900045375706e-05,117.69593556107812,2,36,0.1422781594146152,0.1411764705882353,1.007803629186858,0.0011016888263799,0.1411764705882353,0.003258038428314,0.3381448226042099,0.5886059184324537,0.5875042296060737,0.3266398399363415,0.3255381511099616,,,0,7.771561172376096e-15,1.5196336070966305e-15,7.771561172376096e-15,5.898059818321144e-17,-0.3375133917605961,8,0.2
v2_convergence,tangent-sample convergence and estimator stability,SU2-HaarU4-brickwork|n8|d48|i2|dir=gaussian|basis=Z|eta=0,SU2-HaarU4-brickwork|n8|d48|i2,SU2-HaarU4-brickwork,8,48,6.0,2,gaussian,Z,0.0,256,256,1152,256,1.0,256,255,0.9762289609727056,0.4808867534715896,0.4926554928691896,0.0073983566782813,0.0112757068475068,135.16515132821317,7.504732333031554e-05,115.43364155186362,1,8,0.0317835994644295,0.0313725490196078,1.0131022329286905,0.0004110504448216,0.0313725490196078,0.0013213590752067,0.3110815618058495,0.2387202573431956,0.2383092068983739,0.1641392664117868,0.1637282159669651,,,0,7.771561172376096e-15,1.5196336070966305e-15,7.771561172376096e-15,5.898059818321144e-17,-0.3375133917605961,8,0.2
v2_convergence,tangent-sample convergence and estimator stability,SU2-HaarU4-brickwork|n8|d48|i2|dir=gaussian|basis=Z|eta=0,SU2-HaarU4-brickwork|n8|d48|i2,SU2-HaarU4-brickwork,8,48,6.0,2,gaussian,Z,0.0,256,256,1152,256,1.0,256,255,0.9762289609727056,0.4808867534715896,0.4926554928691896,0.0073983566782813,0.0112757068475068,135.16515132821317,7.504732333031554e-05,115.43364155186362,2,36,0.1433885777636714,0.1411764705882353,1.0156690924926723,0.0022121071754361,0.1411764705882353,0.0026393725127253,0.8381185924952919,0.4768360828518455,0.4746239756764094,0.3278629376033672,0.3256508304279312,,,0,7.771561172376096e-15,1.5196336070966305e-15,7.771561172376096e-15,5.898059818321144e-17,-0.3375133917605961,8,0.2
v2_convergence,tangent-sample convergence and estimator stability,U1-RZ-XY-line|n12|d72|i0|dir=gaussian|basis=Z|eta=0,U1-RZ-XY-line|n12|d72|i0,U1-RZ-XY-line,12,72,6.0,0,gaussian,Z,0.0,256,32,1260,32,1.0,924,923,0.7569122010421305,0.358170492244122,0.4756653729475814,0.0284705629362367,0.0588308578444793,35.12399815344789,0.0011509857153774,29.475761453598505,1,11,0.3020115319362054,0.0119176598049837,25.34151308882888,0.2900938721312217,0.0119176598049837,0.0012132154396475,239.11158945973924,0.7922445452329927,0.5021506731017711,0.5455898054307947,0.255495933299573,,,0,2.220446049250313e-16,2.1696573206770122e-16,2.220446049250313e-16,8.326672684688674e-17,-0.1563238914929262,8,0.2
v2_convergence,tangent-sample convergence and estimator stability,U1-RZ-XY-line|n12|d72|i0|dir=gaussian|basis=Z|eta=0,U1-RZ-XY-line|n12|d72|i0,U1-RZ-XY-line,12,72,6.0,0,gaussian,Z,0.0,256,32,1260,32,1.0,924,923,0.7569122010421305,0.358170492244122,0.4756653729475814,0.0284705629362367,0.0588308578444793,35.12399815344789,0.0011509857153774,29.475761453598505,2,65,0.5414441652762112,0.0704225352112676,7.688507146922198,0.4710216300649436,0.0704225352112676,0.0028605167101259,164.6631283074023,1.8679524559986649,1.3969308259337212,1.2863904499620973,0.8153688198971537,,,0,2.220446049250313e-16,2.1696573206770122e-16,2.220446049250313e-16,8.326672684688674e-17,-0.1563238914929262,8,0.2
v2_convergence,tangent-sample convergence and estimator stability,U1-RZ-XY-line|n12|d72|i0|dir=gaussian|basis=Z|eta=0,U1-RZ-XY-line|n12|d72|i0,U1-RZ-XY-line,12,72,6.0,0,gaussian,Z,0.0,256,64,1260,64,1.0,924,923,0.7642540894097515,0.3557697613524719,0.46603489033731,0.0251362529632762,0.040368499010725,39.78317696997195,0.0007920331822786,35.53270838005085,1,11,0.297033891892114,0.0119176598049837,24.92384383785648,0.2851162320871303,0.0119176598049837,0.0010006573222292,284.9289419598375,0.6534414905021679,0.3683252584150376,0.5113002395645931,0.2261840074774628,,,0,2.220446049250313e-16,2.1696573206770122e-16,2.220446049250313e-16,8.326672684688674e-17,-0.1563238914929262,8,0.2
v2_convergence,tangent-sample convergence and estimator stability,U1-RZ-XY-line|n12|d72|i0|dir=gaussian|basis=Z|eta=0,U1-RZ-XY-line|n12|d72|i0,U1-RZ-XY-line,12,72,6.0,0,gaussian,Z,0.0,256,64,1260,64,1.0,924,923,0.7642540894097515,0.3557697613524719,0.46603489033731,0.0251362529632762,0.040368499010725,39.78317696997195,0.0007920331822786,35.53270838005085,2,65,0.5419173085857257,0.0704225352112676,7.695225781917305,0.4714947733744581,0.0704225352112676,0.0023593476457718,199.841161271595,1.5406829171363814,1.0691881437619233,1.2055425865589329,0.7340478131844748,,,0,2.220446049250313e-16,2.1696573206770122e-16,2.220446049250313e-16,8.326672684688674e-17,-0.1563238914929262,8,0.2
v2_convergence,tangent-sample convergence and estimator stability,U1-RZ-XY-line|n12|d72|i0|dir=gaussian|basis=Z|eta=0,U1-RZ-XY-line|n12|d72|i0,U1-RZ-XY-line,12,72,6.0,0,gaussian,Z,0.0,256,128,1260,128,1.0,924,923,0.7580526369719315,0.3582156574886883,0.4731027711887701,0.0252992117967153,0.0329140617045535,39.52692313243657,0.0008202762621227,34.91563365751944,1,11,0.2930990293556857,0.0119176598049837,24.593673099572538,0.2811813695507019,0.0119176598049837,0.0009007292259391,312.17080722293105,0.58818721940228,0.3070058498515781,0.5130293550853694,0.2318479855346674,,,0,2.220446049250313e-16,2.1696573206770122e-16,2.220446049250313e-16,8.326672684688674e-17,-0.1563238914929262,8,0.2
v2_convergence,tangent-sample convergence and estimator stability,U1-RZ-XY-line|n12|d72|i0|dir=gaussian|basis=Z|eta=0,U1-RZ-XY-line|n12|d72|i0,U1-RZ-XY-line,12,72,6.0,0,gaussian,Z,0.0,256,128,1260,128,1.0,924,923,0.7580526369719315,0.3582156574886883,0.4731027711887701,0.0252992117967153,0.0329140617045535,39.52692313243657,0.0008202762621227,34.91563365751944,2,65,0.5391381639689381,0.0704225352112676,7.65576192835892,0.4687156287576705,0.0704225352112676,0.0021237373988961,220.70319475529251,1.3868265394574526,0.918110910699782,1.209619491351997,0.7409038625943266,,,0,2.220446049250313e-16,2.1696573206770122e-16,2.220446049250313e-16,8.326672684688674e-17,-0.1563238914929262,8,0.2
v2_convergence,tangent-sample convergence and estimator stability,U1-RZ-XY-line|n12|d72|i0|dir=gaussian|basis=Z|eta=0,U1-RZ-XY-line|n12|d72|i0,U1-RZ-XY-line,12,72,6.0,0,gaussian,Z,0.0,256,256,1260,256,1.0,924,923,0.7670956518078051,0.3618569273957606,0.472717026733523,0.0251916246344899,0.0289994698507615,39.69573278854334,0.0008021067895249,35.30887689609988,1,11,0.2942019213256847,0.0119176598049837,24.686215762146087,0.2822842615207009,0.0119176598049837,0.0008435261228,334.6479188856384,0.5508328922553112,0.2685486307346102,0.5118884296934417,0.2296041681727408,,,0,2.220446049250313e-16,2.1696573206770122e-16,2.220446049250313e-16,8.326672684688674e-17,-0.1563238914929262,8,0.2
v2_convergence,tangent-sample convergence and estimator stability,U1-RZ-XY-line|n12|d72|i0|dir=gaussian|basis=Z|eta=0,U1-RZ-XY-line|n12|d72|i0,U1-RZ-XY-line,12,72,6.0,0,gaussian,Z,0.0,256,256,1260,256,1.0,924,923,0.7670956518078051,0.3618569273957606,0.472717026733523,0.0251916246344899,0.0289994698507615,39.69573278854334,0.0008021067895249,35.30887689609988,2,65,0.5345283081688971,0.0704225352112676,7.590301975998338,0.4641057729576294,0.0704225352112676,0.0019888640474261,233.35218591650508,1.2987525886095646,0.8346468156519351,1.2069294199582763,0.7428236470006471,,,0,2.220446049250313e-16,2.1696573206770122e-16,2.220446049250313e-16,8.326672684688674e-17,-0.1563238914929262,8,0.2
v2_convergence,tangent-sample convergence and estimator stability,SU2-HaarU4-brickwork|n8|d48|i3|dir=gaussian|basis=Z|eta=0,SU2-HaarU4-brickwork|n8|d48|i3,SU2-HaarU4-brickwork,8,48,6.0,3,gaussian,Z,0.0,256,32,1152,32,1.0,256,255,1.0039029234206924,0.4956820215592254,0.4930500402877731,0.0066686448396216,0.0377102496883834,149.95550431153816,4.839334354322002e-05,143.74977894455802,1,8,0.0274636288452492,0.0313725490196078,0.8754031694423214,-0.0039089201743585,0.0313725490196078,0.0028323086420387,-1.380118012684108,0.5116924389360507,0.5077835187616921,0.1459011563776995,0.1419922362033409,,,0,1.6431300764452317e-14,3.5345029135917807e-15,1.6542323066914832e-14,6.245004513516506e-17,-0.3632507754691294,8,0.2
v2_convergence,tangent-sample convergence and estimator stability,SU2-HaarU4-brickwork|n8|d48|i3|dir=gaussian|basis=Z|eta=0,SU2-HaarU4-brickwork|n8|d48|i3,SU2-HaarU4-brickwork,8,48,6.0,3,gaussian,Z,0.0,256,32,1152,32,1.0,256,255,1.0039029234206924,0.4956820215592254,0.4930500402877731,0.0066686448396216,0.0377102496883834,149.95550431153816,4.839334354322002e-05,143.74977894455802,2,36,0.1317911494803747,0.1411764705882353,0.9335206421526544,-0.0093853211078605,0.1411764705882353,0.0056574459718161,-1.658932520896459,1.02208928945815,1.0127039683502894,0.2914328958295243,0.2820475747216637,,,0,1.6431300764452317e-14,3.5345029135917807e-15,1.6542323066914832e-14,6.245004513516506e-17,-0.3632507754691294,8,0.2
v2_convergence,tangent-sample convergence and estimator stability,SU2-HaarU4-brickwork|n8|d48|i3|dir=gaussian|basis=Z|eta=0,SU2-HaarU4-brickwork|n8|d48|i3,SU2-HaarU4-brickwork,8,48,6.0,3,gaussian,Z,0.0,256,64,1152,64,1.0,256,255,1.0114707602191169,0.4988368029941161,0.492562521339573,0.0072227979654807,0.0227349417472701,138.45050142330004,7.427035001035584e-05,116.03587050653506,1,8,0.0261714271673434,0.0313725490196078,0.8342142409590727,-0.0052011218522643,0.0313725490196078,0.0021134320645842,-2.460983695393879,0.3818182777122481,0.3766171558599837,0.1599415232839166,0.1547404014316522,,,0,1.6431300764452317e-14,3.5345029135917807e-15,1.6542323066914832e-14,6.245004513516506e-17,-0.3632507754691294,8,0.2
v2_convergence,tangent-sample convergence and estimator stability,SU2-HaarU4-brickwork|n8|d48|i3|dir=gaussian|basis=Z|eta=0,SU2-HaarU4-brickwork|n8|d48|i3,SU2-HaarU4-brickwork,8,48,6.0,3,gaussian,Z,0.0,256,64,1152,64,1.0,256,255,1.0114707602191169,0.4988368029941161,0.492562521339573,0.0072227979654807,0.0227349417472701,138.45050142330004,7.427035001035584e-05,116.03587050653506,2,36,0.1359539506132649,0.1411764705882353,0.9630071501772934,-0.0052225199749703,0.1411764705882353,0.0042215129887407,-1.237120432626743,0.7626698041121895,0.7574472841372192,0.3194780798950654,0.3142555599200951,,,0,1.6431300764452317e-14,3.5345029135917807e-15,1.6542323066914832e-14,6.245004513516506e-17,-0.3632507754691294,8,0.2
v2_convergence,tangent-sample convergence and estimator stability,SU2-HaarU4-brickwork|n8|d48|i3|dir=gaussian|basis=Z|eta=0,SU2-HaarU4-brickwork|n8|d48|i3,SU2-HaarU4-brickwork,8,48,6.0,3,gaussian,Z,0.0,256,128,1152,128,1.0,256,255,0.9846058626082064,0.4870976945447475,0.4941022284219468,0.0071778432500437,0.0149342663496527,139.31761466007325,7.074885085141831e-05,118.88862517675256,1,8,0.0251027564330969,0.0313725490196078,0.8001503613049653,-0.0062697925865108,0.0313725490196078,0.0016169694592266,-3.8774959853041873,0.292126018328719,0.2858562257422081,0.1588487831209078,0.1525789905343969,,,0,1.6431300764452317e-14,3.5345029135917807e-15,1.6542323066914832e-14,6.245004513516506e-17,-0.3632507754691294,8,0.2
v2_convergence,tangent-sample convergence and estimator stability,SU2-HaarU4-brickwork|n8|d48|i3|dir=gaussian|basis=Z|eta=0,SU2-HaarU4-brickwork|n8|d48|i3,SU2-HaarU4-brickwork,8,48,6.0,3,gaussian,Z,0.0,256,128,1152,128,1.0,256,255,0.9846058626082064,0.4870976945447475,0.4941022284219468,0.0071778432500437,0.0149342663496527,139.31761466007325,7.074885085141831e-05,118.88862517675256,2,36,0.1340817182214196,0.1411764705882353,0.9497455040683894,-0.0070947523668156,0.1411764705882353,0.0032298448050022,-2.1966233039518306,0.5835123831938311,0.5764176308270155,0.317295366351175,0.3102006139843594,,,0,1.6431300764452317e-14,3.5345029135917807e-15,1.6542323066914832e-14,6.245004513516506e-17,-0.3632507754691294,8,0.2
v2_convergence,tangent-sample convergence and estimator stability,SU2-HaarU4-brickwork|n8|d48|i3|dir=gaussian|basis=Z|eta=0,SU2-HaarU4-brickwork|n8|d48|i3,SU2-HaarU4-brickwork,8,48,6.0,3,gaussian,Z,0.0,256,256,1152,256,1.0,256,255,0.9782258363959112,0.4845229315350456,0.4950954722691883,0.0072703093352631,0.0111481596894223,137.54572933364744,7.223560205293175e-05,117.65878290196451,1,8,0.026189865308773,0.0313725490196078,0.8348019567171423,-0.0051826837108347,0.0313725490196078,0.0013098504014963,-3.956698951967549,0.2366410696330622,0.2314583859222274,0.1610883527956607,0.155905669084826,,,0,1.6431300764452317e-14,3.5345029135917807e-15,1.6542323066914832e-14,6.245004513516506e-17,-0.3632507754691294,8,0.2
v2_convergence,tangent-sample convergence and estimator stability,SU2-HaarU4-brickwork|n8|d48|i3|dir=gaussian|basis=Z|eta=0,SU2-HaarU4-brickwork|n8|d48|i3,SU2-HaarU4-brickwork,8,48,6.0,3,gaussian,Z,0.0,256,256,1152,256,1.0,256,255,0.9782258363959112,0.4845229315350456,0.4950954722691883,0.0072703093352631,0.0111481596894223,137.54572933364744,7.223560205293175e-05,117.65878290196451,2,36,0.1369448388291822,0.1411764705882353,0.9700259417067076,-0.004231631759053,0.1411764705882353,0.0026163843048874,-1.617358639229091,0.472682971866428,0.4684513401073749,0.3217688351839758,0.3175372034249227,,,0,1.6431300764452317e-14,3.5345029135917807e-15,1.6542323066914832e-14,6.245004513516506e-17,-0.3632507754691294,8,0.2
v2_convergence,tangent-sample convergence and estimator stability,U1-RZ-XY-line|n12|d72|i1|dir=gaussian|basis=Z|eta=0,U1-RZ-XY-line|n12|d72|i1,U1-RZ-XY-line,12,72,6.0,1,gaussian,Z,0.0,256,32,1260,32,1.0,924,923,0.7545556488795272,0.3501317490261371,0.4629904753573661,0.0240497722065969,0.0545482168251408,41.58043541575397,0.0006420238963603,39.46611740614799,1,11,0.3288650233542955,0.0119176598049837,27.59476514145589,0.3169473635493118,0.0119176598049837,0.0011673619349984,271.5073654939171,0.7623016449443073,0.4453542813949955,0.499618932831622,0.1826715692823102,,,0,1.1102230246251563e-15,7.355411645640355e-16,1.1102230246251563e-15,5.551115123125783e-17,-0.2077120616658833,8,0.2
v2_convergence,tangent-sample convergence and estimator stability,U1-RZ-XY-line|n12|d72|i1|dir=gaussian|basis=Z|eta=0,U1-RZ-XY-line|n12|d72|i1,U1-RZ-XY-line,12,72,6.0,1,gaussian,Z,0.0,256,32,1260,32,1.0,924,923,0.7545556488795272,0.3501317490261371,0.4629904753573661,0.0240497722065969,0.0545482168251408,41.58043541575397,0.0006420238963603,39.46611740614799,2,65,0.5638916928534028,0.0704225352112676,8.00726203851832,0.4934691576421351,0.0704225352112676,0.0027524034171525,179.28663893051473,1.7973531511873913,1.3038839935452562,1.178000427092616,0.6845312694504807,,,0,1.1102230246251563e-15,7.355411645640355e-16,1.1102230246251563e-15,5.551115123125783e-17,-0.2077120616658833,8,0.2
v2_convergence,tangent-sample convergence and estimator stability,U1-RZ-XY-line|n12|d72|i1|dir=gaussian|basis=Z|eta=0,U1-RZ-XY-line|n12|d72|i1,U1-RZ-XY-line,12,72,6.0,1,gaussian,Z,0.0,256,64,1260,64,1.0,924,923,0.7708815548900434,0.3507608991170157,0.4569912262482677,0.0257405773033795,0.0409633807830142,38.8491675308582,0.0008224885319791,34.86864527327925,1,11,0.3104441056411242,0.0119176598049837,26.04908268243252,0.2985264458361404,0.0119176598049837,0.0010082051783756,296.09691780902955,0.6583703330348559,0.3598438871987154,0.5176835705999157,0.2191571247637752,,,0,1.1102230246251563e-15,7.355411645640355e-16,1.1102230246251563e-15,5.551115123125783e-17,-0.2077120616658833,8,0.2
v2_convergence,tangent-sample convergence and estimator stability,U1-RZ-XY-line|n12|d72|i1|dir=gaussian|basis=Z|eta=0,U1-RZ-XY-line|n12|d72|i1,U1-RZ-XY-line,12,72,6.0,1,gaussian,Z,0.0,256,64,1260,64,1.0,924,923,0.7708815548900434,0.3507608991170157,0.4569912262482677,0.0257405773033795,0.0409633807830142,38.8491675308582,0.0008224885319791,34.86864527327925,2,65,0.5556635599153147,0.0704225352112676,7.890422550797468,0.485241024704047,0.0704225352112676,0.0023771439644858,204.1277398228622,1.552304131279872,1.067063106575825,1.220593190512762,0.735352165808715,,,0,1.1102230246251563e-15,7.355411645640355e-16,1.1102230246251563e-15,5.551115123125783e-17,-0.2077120616658833,8,0.2
v2_convergence,tangent-sample convergence and estimator stability,U1-RZ-XY-line|n12|d72|i1|dir=gaussian|basis=Z|eta=0,U1-RZ-XY-line|n12|d72|i1,U1-RZ-XY-line,12,72,6.0,1,gaussian,Z,0.0,256,128,1260,128,1.0,924,923,0.7376121403658618,0.3379637750961562,0.459559156546556,0.0241227815917364,0.031746822360551,41.45458914831623,0.0007119391984429,37.47818471709484,1,11,0.2969258555358655,0.0119176598049837,24.914778605418537,0.2850081957308817,0.0119176598049837,0.0008840599723604,322.38558993901376,0.5773019925997998,0.292293796868918,0.5004124400623767,0.2154042443314949,,,0,1.1102230246251563e-15,7.355411645640355e-16,1.1102230246251563e-15,5.551115123125783e-17,-0.2077120616658833,8,0.2
v2_convergence,tangent-sample convergence and estimator stability,U1-RZ-XY-line|n12|d72|i1|dir=gaussian|basis=Z|eta=0,U1-RZ-XY-line|n12|d72|i1,U1-RZ-XY-line,12,72,6.0,1,gaussian,Z,0.0,256,128,1260,128,1.0,924,923,0.7376121403658618,0.3379637750961562,0.459559156546556,0.0241227815917364,0.031746822360551,41.45458914831623,0.0007119391984429,37.47818471709484,2,65,0.5513220060308497,0.0704225352112676,7.828772485638066,0.480899470819582,0.0704225352112676,0.0020844346692662,230.7097832856791,1.3611613755101066,0.8802619046905246,1.1798713567057757,0.6989718858861936,,,0,1.1102230246251563e-15,7.355411645640355e-16,1.1102230246251563e-15,5.551115123125783e-17,-0.2077120616658833,8,0.2
v2_convergence,tangent-sample convergence and estimator stability,U1-RZ-XY-line|n12|d72|i1|dir=gaussian|basis=Z|eta=0,U1-RZ-XY-line|n12|d72|i1,U1-RZ-XY-line,12,72,6.0,1,gaussian,Z,0.0,256,256,1260,256,1.0,924,923,0.74712100828184,0.3417939728322205,0.4597798052805096,0.0246687905101175,0.0284786780471873,40.53705022910894,0.000760036734701,36.2729358875046,1,11,0.2957767557132358,0.0119176598049837,24.81835868393788,0.283859095908252,0.0119176598049837,0.0008356208183133,339.698448970204,0.5456706315773484,0.2618115356690964,0.5063073470111177,0.2224482511028656,,,0,1.1102230246251563e-15,7.355411645640355e-16,1.1102230246251563e-15,5.551115123125783e-17,-0.2077120616658833,8,0.2
v2_convergence,tangent-sample convergence and estimator stability,U1-RZ-XY-line|n12|d72|i1|dir=gaussian|basis=Z|eta=0,U1-RZ-XY-line|n12|d72|i1,U1-RZ-XY-line,12,72,6.0,1,gaussian,Z,0.0,256,256,1260,256,1.0,924,923,0.74712100828184,0.3417939728322205,0.4597798052805096,0.0246687905101175,0.0284786780471873,40.53705022910894,0.000760036734701,36.2729358875046,2,65,0.5499458752510492,0.0704225352112676,7.809231428564899,0.4795233400397816,0.0704225352112676,0.0019702249377974,243.38507286171125,1.2865810216736635,0.8070576816338819,1.1937703554165158,0.7142470153767342,,,0,1.1102230246251563e-15,7.355411645640355e-16,1.1102230246251563e-15,5.551115123125783e-17,-0.2077120616658833,8,0.2
v2_convergence,tangent-sample convergence and estimator stability,SU2-HaarU4-brickwork|n8|d48|i4|dir=gaussian|basis=Z|eta=0,SU2-HaarU4-brickwork|n8|d48|i4,SU2-HaarU4-brickwork,8,48,6.0,4,gaussian,Z,0.0,256,32,1152,32,1.0,256,255,0.9670848956633232,0.4827259336704629,0.4990444286824779,0.0072136420985488,0.0382382157829691,138.62622879518435,6.78284795862288e-05,121.4210429365082,1,8,0.0278375369415908,0.0313725490196078,0.8873214900132097,-0.0035350120780169,0.0313725490196078,0.0028543510334937,-1.2384643782548406,0.5156746762092789,0.5121396641312619,0.159719572620256,0.156184560542239,,,0,1.1768364061026661e-14,2.6870866642880738e-15,1.1768364061026661e-14,5.898059818321144e-17,-0.3394622671599262,8,0.2
v2_convergence,tangent-sample convergence and estimator stability,SU2-HaarU4-brickwork|n8|d48|i4|dir=gaussian|basis=Z|eta=0,SU2-HaarU4-brickwork|n8|d48|i4,SU2-HaarU4-brickwork,8,48,6.0,4,gaussian,Z,0.0,256,32,1152,32,1.0,256,255,0.9670848956633232,0.4827259336704629,0.4990444286824779,0.0072136420985488,0.0382382157829691,138.62622879518435,6.78284795862288e-05,121.4210429365082,2,36,0.1253424076514039,0.1411764705882353,0.8878420541974444,-0.0158340629368313,0.1411764705882353,0.0057014749441165,-2.777187147541651,1.0300436811108988,1.0142096181740674,0.3190347405395194,0.3032006776026881,,,0,1.1768364061026661e-14,2.6870866642880738e-15,1.1768364061026661e-14,5.898059818321144e-17,-0.3394622671599262,8,0.2
v2_convergence,tangent-sample convergence and estimator stability,SU2-HaarU4-brickwork|n8|d48|i4|dir=gaussian|basis=Z|eta=0,SU2-HaarU4-brickwork|n8|d48|i4,SU2-HaarU4-brickwork,8,48,6.0,4,gaussian,Z,0.0,256,64,1152,64,1.0,256,255,0.972367993144902,0.4802070499791828,0.4939233829153461,0.0072754156147653,0.0227867372457846,137.44919231425277,6.801017665445668e-05,121.25873926725887,1,8,0.0258085349808492,0.0313725490196078,0.8226470525145707,-0.0055640140387585,0.0313725490196078,0.0021163393323751,-2.629074626002493,0.3823435124710952,0.3767794984323366,0.1612111226510276,0.155647108612269,,,0,1.1768364061026661e-14,2.6870866642880738e-15,1.1768364061026661e-14,5.898059818321144e-17,-0.3394622671599262,8,0.2
v2_convergence,tangent-sample convergence and estimator stability,SU2-HaarU4-brickwork|n8|d48|i4|dir=gaussian|basis=Z|eta=0,SU2-HaarU4-brickwork|n8|d48|i4,SU2-HaarU4-brickwork,8,48,6.0,4,gaussian,Z,0.0,256,64,1152,64,1.0,256,255,0.972367993144902,0.4802070499791828,0.4939233829153461,0.0072754156147653,0.0227867372457846,137.44919231425277,6.801017665445668e-05,121.25873926725887,2,36,0.129201324176325,0.1411764705882353,0.9151760462489692,-0.0119751464119102,0.1411764705882353,0.0042273201632162,-2.8327985460177056,0.7637189437527614,0.7517437973408512,0.3220140640454765,0.3100389176335663,,,0,1.1768364061026661e-14,2.6870866642880738e-15,1.1768364061026661e-14,5.898059818321144e-17,-0.3394622671599262,8,0.2
v2_convergence,tangent-sample convergence and estimator stability,SU2-HaarU4-brickwork|n8|d48|i4|dir=gaussian|basis=Z|eta=0,SU2-HaarU4-brickwork|n8|d48|i4,SU2-HaarU4-brickwork,8,48,6.0,4,gaussian,Z,0.0,256,128,1152,128,1.0,256,255,0.970561797637066,0.4799911689919699,0.4945772119092858,0.0074213742520869,0.0151758947657425,134.7459333045755,7.480790756276911e-05,115.61821132520112,1,8,0.027936735855442,0.0313725490196078,0.8904834553922167,-0.0034358131641657,0.0313725490196078,0.0016346120870417,-2.101913470114986,0.2953133825594136,0.2918775693952478,0.1646817002855621,0.1612458871213963,,,0,1.1768364061026661e-14,2.6870866642880738e-15,1.1768364061026661e-14,5.898059818321144e-17,-0.3394622671599262,8,0.2
v2_convergence,tangent-sample convergence and estimator stability,SU2-HaarU4-brickwork|n8|d48|i4|dir=gaussian|basis=Z|eta=0,SU2-HaarU4-brickwork|n8|d48|i4,SU2-HaarU4-brickwork,8,48,6.0,4,gaussian,Z,0.0,256,128,1152,128,1.0,256,255,0.970561797637066,0.4799911689919699,0.4945772119092858,0.0074213742520869,0.0151758947657425,134.7459333045755,7.480790756276911e-05,115.61821132520112,2,36,0.1325032848161804,0.1411764705882353,0.9385649341146114,-0.0086731857720548,0.1411764705882353,0.0032650853900793,-2.656342709568181,0.5898790413538947,0.5812058555818398,0.3289464319262027,0.3202732461541479,,,0,1.1768364061026661e-14,2.6870866642880738e-15,1.1768364061026661e-14,5.898059818321144e-17,-0.3394622671599262,8,0.2
v2_convergence,tangent-sample convergence and estimator stability,SU2-HaarU4-brickwork|n8|d48|i4|dir=gaussian|basis=Z|eta=0,SU2-HaarU4-brickwork|n8|d48|i4,SU2-HaarU4-brickwork,8,48,6.0,4,gaussian,Z,0.0,256,256,1152,256,1.0,256,255,0.967668039458146,0.480154113097103,0.4963748236949455,0.0074304185972621,0.0113076435246166,134.58191983537287,7.578353356620663e-05,114.87157464155254,1,8,0.0281220917902143,0.0313725490196078,0.8963916758130812,-0.0032504572293935,0.0313725490196078,0.0013242250875791,-2.454610820986435,0.2392380387880121,0.2359875815586186,0.1648943516832721,0.1616438944538786,,,0,1.1768364061026661e-14,2.6870866642880738e-15,1.1768364061026661e-14,5.898059818321144e-17,-0.3394622671599262,8,0.2
v2_convergence,tangent-sample convergence and estimator stability,SU2-HaarU4-brickwork|n8|d48|i4|dir=gaussian|basis=Z|eta=0,SU2-HaarU4-brickwork|n8|d48|i4,SU2-HaarU4-brickwork,8,48,6.0,4,gaussian,Z,0.0,256,256,1152,256,1.0,256,255,0.967668039458146,0.480154113097103,0.4963748236949455,0.0074304185972621,0.0113076435246166,134.58191983537287,7.578353356620663e-05,114.87157464155254,2,36,0.1326533239126464,0.1411764705882353,0.9396277110479124,-0.0085231466755888,0.1411764705882353,0.002645097280821,-3.2222431807661818,0.4778703347359021,0.4693471880603133,0.3293711962952828,0.3208480496196939,,,0,1.1768364061026661e-14,2.6870866642880738e-15,1.1768364061026661e-14,5.898059818321144e-17,-0.3394622671599262,8,0.2
v2_convergence,tangent-sample convergence and estimator stability,U1-RZ-XY-line|n12|d72|i2|dir=gaussian|basis=Z|eta=0,U1-RZ-XY-line|n12|d72|i2,U1-RZ-XY-line,12,72,6.0,2,gaussian,Z,0.0,256,32,1260,32,1.0,924,923,0.7521199885380256,0.3693221533708219,0.4909269992019328,0.0259820761249532,0.0564201362460484,38.488071360840856,0.0008708157526237,33.88729174989083,1,11,0.327724899031174,0.0119176598049837,27.49909834597942,0.3158072392261902,0.0119176598049837,0.0011876220708196,265.9156031078436,0.7755317618431452,0.4597245226169549,0.5202125596307735,0.2044053204045832,,,0,1.2212453270876722e-15,4.671258354505784e-16,1.1102230246251563e-15,7.63278329429795e-17,-0.1846016791221331,8,0.2
v2_convergence,tangent-sample convergence and estimator stability,U1-RZ-XY-line|n12|d72|i2|dir=gaussian|basis=Z|eta=0,U1-RZ-XY-line|n12|d72|i2,U1-RZ-XY-line,12,72,6.0,2,gaussian,Z,0.0,256,32,1260,32,1.0,924,923,0.7521199885380256,0.3693221533708219,0.4909269992019328,0.0259820761249532,0.0564201362460484,38.488071360840856,0.0008708157526237,33.88729174989083,2,65,0.5776326641187299,0.0704225352112676,8.202383830485966,0.5072101289074623,0.0704225352112676,0.0028001727210798,181.1353010795196,1.8285470918753208,1.3213369629678584,1.2265560353184592,0.7193459064109969,,,0,1.2212453270876722e-15,4.671258354505784e-16,1.1102230246251563e-15,7.63278329429795e-17,-0.1846016791221331,8,0.2
v2_convergence,tangent-sample convergence and estimator stability,U1-RZ-XY-line|n12|d72|i2|dir=gaussian|basis=Z|eta=0,U1-RZ-XY-line|n12|d72|i2,U1-RZ-XY-line,12,72,6.0,2,gaussian,Z,0.0,256,64,1260,64,1.0,924,923,0.7732119118732143,0.3773199931996194,0.4890663799340342,0.0271107998133736,0.0423121935662896,36.88566943372527,0.0009709980819649,32.09155888583825,1,11,0.3149123635044344,0.0119176598049837,26.42401013769027,0.3029947036994506,0.0119176598049837,0.0010251130709215,295.57198351502814,0.6694113940064417,0.366416690306991,0.5318731978356951,0.2288784941362444,,,0,1.2212453270876722e-15,4.671258354505784e-16,1.1102230246251563e-15,7.63278329429795e-17,-0.1846016791221331,8,0.2
v2_convergence,tangent-sample convergence and estimator stability,U1-RZ-XY-line|n12|d72|i2|dir=gaussian|basis=Z|eta=0,U1-RZ-XY-line|n12|d72|i2,U1-RZ-XY-line,12,72,6.0,2,gaussian,Z,0.0,256,64,1260,64,1.0,924,923,0.7732119118732143,0.3773199931996194,0.4890663799340342,0.0271107998133736,0.0423121935662896,36.88566943372527,0.0009709980819649,32.09155888583825,2,65,0.5761666830538457,0.0704225352112676,8.181566899364608,0.505744147842578,0.0704225352112676,0.0024170093565503,209.24376915296108,1.5783367206903036,1.0725925728477257,1.2540494625745466,0.7483053147319686,,,0,1.2212453270876722e-15,4.671258354505784e-16,1.1102230246251563e-15,7.63278329429795e-17,-0.1846016791221331,8,0.2
v2_convergence,tangent-sample convergence and estimator stability,U1-RZ-XY-line|n12|d72|i2|dir=gaussian|basis=Z|eta=0,U1-RZ-XY-line|n12|d72|i2,U1-RZ-XY-line,12,72,6.0,2,gaussian,Z,0.0,256,128,1260,128,1.0,924,923,0.7722259032907741,0.3794916773356704,0.4935720473422474,0.0261807675188701,0.033788730272629,38.19597722943893,0.0009018112329242,33.29984252412844,1,11,0.3062684553985259,0.0119176598049837,25.69870766662176,0.2943507955935421,0.0119176598049837,0.0009130208492096,322.39219492998126,0.5962137999830394,0.3018630043894972,0.5222840847947214,0.2279332892011793,,,0,1.2212453270876722e-15,4.671258354505784e-16,1.1102230246251563e-15,7.63278329429795e-17,-0.1846016791221331,8,0.2
v2_convergence,tangent-sample convergence and estimator stability,U1-RZ-XY-line|n12|d72|i2|dir=gaussian|basis=Z|eta=0,U1-RZ-XY-line|n12|d72|i2,U1-RZ-XY-line,12,72,6.0,2,gaussian,Z,0.0,256,128,1260,128,1.0,924,923,0.7722259032907741,0.3794916773356704,0.4935720473422474,0.0261807675188701,0.033788730272629,38.19597722943893,0.0009018112329242,33.29984252412844,2,65,0.5683723644353043,0.0704225352112676,8.07088757498132,0.4979498292240366,0.0704225352112676,0.0021527185613599,231.31208982073127,1.4057515935954918,0.9078017643714552,1.231440272819295,0.7334904435952584,,,0,1.2212453270876722e-15,4.671258354505784e-16,1.1102230246251563e-15,7.63278329429795e-17,-0.1846016791221331,8,0.2
v2_convergence,tangent-sample convergence and estimator stability,U1-RZ-XY-line|n12|d72|i2|dir=gaussian|basis=Z|eta=0,U1-RZ-XY-line|n12|d72|i2,U1-RZ-XY-line,12,72,6.0,2,gaussian,Z,0.0,256,256,1260,256,1.0,924,923,0.767631413728713,0.3702484748590557,0.4841735664769102,0.0261897343238594,0.0299936806741569,38.18289974362113,0.0009011990936147,33.31115006008104,1,11,0.2989484852203713,0.0119176598049837,25.08449562349116,0.2870308254153875,0.0119176598049837,0.000858415515609,334.3728301692384,0.5605558481700611,0.2735250227546735,0.5223773775615639,0.2353465521461763,,,0,1.2212453270876722e-15,4.671258354505784e-16,1.1102230246251563e-15,7.63278329429795e-17,-0.1846016791221331,8,0.2
v2_convergence,tangent-sample convergence and estimator stability,U1-RZ-XY-line|n12|d72|i2|dir=gaussian|basis=Z|eta=0,U1-RZ-XY-line|n12|d72|i2,U1-RZ-XY-line,12,72,6.0,2,gaussian,Z,0.0,256,256,1260,256,1.0,924,923,0.767631413728713,0.3702484748590557,0.4841735664769102,0.0261897343238594,0.0299936806741569,38.18289974362113,0.0009011990936147,33.31115006008104,2,65,0.5587207914872124,0.0704225352112676,7.933835239118416,0.4882982562759448,0.0704225352112676,0.002023970225226,241.25762829411988,1.3216773527998722,0.8333790965239274,1.2316602383009116,0.7433619820249668,,,0,1.2212453270876722e-15,4.671258354505784e-16,1.1102230246251563e-15,7.63278329429795e-17,-0.1846016791221331,8,0.2
v2_convergence,tangent-sample convergence and estimator stability,SU2-HaarU4-brickwork|n8|d48|i5|dir=gaussian|basis=Z|eta=0,SU2-HaarU4-brickwork|n8|d48|i5,SU2-HaarU4-brickwork,8,48,6.0,5,gaussian,Z,0.0,256,32,1152,32,1.0,256,255,0.9860613730996644,0.472547781484688,0.4797647798758827,0.0071674726805053,0.0381934891592395,139.51919240932415,7.070243427594367e-05,118.92764432426192,1,8,0.0330398304800253,0.0313725490196078,1.0531445965508088,0.0016672814604175,0.0313725490196078,0.002852490316894,0.5845003050643011,0.5153385141819612,0.5136712327215437,0.1585956309369706,0.1569283494765531,,,0,8.548717289613705e-15,1.880491456810696e-15,8.659739592076221e-15,5.2041704279304207e-17,-0.3582757282508479,8,0.2
v2_convergence,tangent-sample convergence and estimator stability,SU2-HaarU4-brickwork|n8|d48|i5|dir=gaussian|basis=Z|eta=0,SU2-HaarU4-brickwork|n8|d48|i5,SU2-HaarU4-brickwork,8,48,6.0,5,gaussian,Z,0.0,256,32,1152,32,1.0,256,255,0.9860613730996644,0.472547781484688,0.4797647798758827,0.0071674726805053,0.0381934891592395,139.51919240932415,7.070243427594367e-05,118.92764432426192,2,36,0.1336609863956679,0.1411764705882353,0.9467653203026482,-0.0075154841925673,0.1411764705882353,0.0056977582221902,-1.3190247636864942,1.0293722082074526,1.0218567240148853,0.3167897029562984,0.309274218763731,,,0,8.548717289613705e-15,1.880491456810696e-15,8.659739592076221e-15,5.2041704279304207e-17,-0.3582757282508479,8,0.2
v2_convergence,tangent-sample convergence and estimator stability,SU2-HaarU4-brickwork|n8|d48|i5|dir=gaussian|basis=Z|eta=0,SU2-HaarU4-brickwork|n8|d48|i5,SU2-HaarU4-brickwork,8,48,6.0,5,gaussian,Z,0.0,256,64,1152,64,1.0,256,255,0.9801591375055444,0.4755436906675455,0.4857150246267224,0.0075826333770499,0.0230891547305335,131.8803046744494,7.682160590419546e-05,114.09281858728096,1,8,0.0307194432477284,0.0313725490196078,0.9791822535213454,-0.0006531057718793,0.0313725490196078,0.0021332348459672,-0.3061574646195268,0.385395901052163,0.3847427952802836,0.1684329615313639,0.1677798557594846,,,0,8.548717289613705e-15,1.880491456810696e-15,8.659739592076221e-15,5.2041704279304207e-17,-0.3582757282508479,8,0.2
v2_convergence,tangent-sample convergence and estimator stability,SU2-HaarU4-brickwork|n8|d48|i5|dir=gaussian|basis=Z|eta=0,SU2-HaarU4-brickwork|n8|d48|i5,SU2-HaarU4-brickwork,8,48,6.0,5,gaussian,Z,0.0,256,64,1152,64,1.0,256,255,0.9801591375055444,0.4755436906675455,0.4857150246267224,0.0075826333770499,0.0230891547305335,131.8803046744494,7.682160590419546e-05,114.09281858728096,2,36,0.1340853474417254,0.1411764705882353,0.9497712110455556,-0.0070911231465098,0.1411764705882353,0.004261068411516,-1.6641655241547229,0.7698159923674737,0.7627248692209638,0.336439456347798,0.3293483332012882,,,0,8.548717289613705e-15,1.880491456810696e-15,8.659739592076221e-15,5.2041704279304207e-17,-0.3582757282508479,8,0.2
v2_convergence,tangent-sample convergence and estimator stability,SU2-HaarU4-brickwork|n8|d48|i5|dir=gaussian|basis=Z|eta=0,SU2-HaarU4-brickwork|n8|d48|i5,SU2-HaarU4-brickwork,8,48,6.0,5,gaussian,Z,0.0,256,128,1152,128,1.0,256,255,0.986789976025631,0.4840029797886588,0.4907373987832436,0.00744853158486,0.0152028399318532,134.25464987389117,7.626814433039152e-05,114.50604383386788,1,8,0.0300024270570246,0.0313725490196078,0.9563273624426604,-0.0013701219625832,0.0313725490196078,0.0016365677155731,-0.8371923444080606,0.2956666916296315,0.2942965696670483,0.1653194033170304,0.1639492813544472,,,0,8.548717289613705e-15,1.880491456810696e-15,8.659739592076221e-15,5.2041704279304207e-17,-0.3582757282508479,8,0.2
v2_convergence,tangent-sample convergence and estimator stability,SU2-HaarU4-brickwork|n8|d48|i5|dir=gaussian|basis=Z|eta=0,SU2-HaarU4-brickwork|n8|d48|i5,SU2-HaarU4-brickwork,8,48,6.0,5,gaussian,Z,0.0,256,128,1152,128,1.0,256,255,0.986789976025631,0.4840029797886588,0.4907373987832436,0.00744853158486,0.0152028399318532,134.25464987389117,7.626814433039152e-05,114.50604383386788,2,36,0.1345818305307436,0.1411764705882353,0.9532879662594343,-0.0065946400574916,0.1411764705882353,0.003268991695555,-2.017331541850799,0.5905847649273932,0.5839901248699015,0.3302202233460524,0.3236255832885608,,,0,8.548717289613705e-15,1.880491456810696e-15,8.659739592076221e-15,5.2041704279304207e-17,-0.3582757282508479,8,0.2
v2_convergence,tangent-sample convergence and estimator stability,SU2-HaarU4-brickwork|n8|d48|i5|dir=gaussian|basis=Z|eta=0,SU2-HaarU4-brickwork|n8|d48|i5,SU2-HaarU4-brickwork,8,48,6.0,5,gaussian,Z,0.0,256,256,1152,256,1.0,256,255,0.9826073432665648,0.482982485691092,0.4916279750011297,0.0073289313107993,0.0112065526728665,136.44554132012124,7.256408486127589e-05,117.39217218335172,1,8,0.0300190997931424,0.0313725490196078,0.9568588059064154,-0.0013534492264654,0.0313725490196078,0.0013151317427093,-1.0291358519543692,0.2375952108329404,0.236241761606475,0.1624922159498705,0.1611387667234051,,,0,8.548717289613705e-15,1.880491456810696e-15,8.659739592076221e-15,5.2041704279304207e-17,-0.3582757282508479,8,0.2
v2_convergence,tangent-sample convergence and estimator stability,SU2-HaarU4-brickwork|n8|d48|i5|dir=gaussian|basis=Z|eta=0,SU2-HaarU4-brickwork|n8|d48|i5,SU2-HaarU4-brickwork,8,48,6.0,5,gaussian,Z,0.0,256,256,1152,256,1.0,256,255,0.9826073432665648,0.482982485691092,0.4916279750011297,0.0073289313107993,0.0112065526728665,136.44554132012124,7.256408486127589e-05,117.39217218335172,2,36,0.1355128791574003,0.1411764705882353,0.9598828940315856,-0.0056635914308349,0.1411764705882353,0.0026269336151313,-2.155970519472707,0.4745888384120701,0.4689252469812351,0.3245730069570944,0.3189094155262595,,,0,8.548717289613705e-15,1.880491456810696e-15,8.659739592076221e-15,5.2041704279304207e-17,-0.3582757282508479,8,0.2
v2_convergence,tangent-sample convergence and estimator stability,U1-RZ-XY-line|n12|d72|i3|dir=gaussian|basis=Z|eta=0,U1-RZ-XY-line|n12|d72|i3,U1-RZ-XY-line,12,72,6.0,3,gaussian,Z,0.0,256,32,1260,32,1.0,924,923,0.7846065359936563,0.3758653968539122,0.4792383346439072,0.0287601322025574,0.0591113780712275,34.770354772954654,0.0010568479245577,30.760525504647543,1,11,0.263961044791637,0.0119176598049837,22.14873130388009,0.2520433849866533,0.0119176598049837,0.0012161585934673,207.2454911230529,0.7941664607339718,0.5421230757473186,0.5484665321161125,0.2964231471294592,,,0,3.3306690738754696e-16,1.8440363494407354e-16,3.3306690738754696e-16,6.938893903907227e-17,-0.1766239467301376,8,0.2
v2_convergence,tangent-sample convergence and estimator stability,U1-RZ-XY-line|n12|d72|i3|dir=gaussian|basis=Z|eta=0,U1-RZ-XY-line|n12|d72|i3,U1-RZ-XY-line,12,72,6.0,3,gaussian,Z,0.0,256,32,1260,32,1.0,924,923,0.7846065359936563,0.3758653968539122,0.4792383346439072,0.0287601322025574,0.0591113780712275,34.770354772954654,0.0010568479245577,30.760525504647543,2,65,0.5339776863266844,0.0704225352112676,7.582483145838919,0.4635551511154168,0.0704225352112676,0.0028674560717651,161.66076812122412,1.8724839441633705,1.4089287930479537,1.2931731898489287,0.8296180387335119,,,0,3.3306690738754696e-16,1.8440363494407354e-16,3.3306690738754696e-16,6.938893903907227e-17,-0.1766239467301376,8,0.2
v2_convergence,tangent-sample convergence and estimator stability,U1-RZ-XY-line|n12|d72|i3|dir=gaussian|basis=Z|eta=0,U1-RZ-XY-line|n12|d72|i3,U1-RZ-XY-line,12,72,6.0,3,gaussian,Z,0.0,256,64,1260,64,1.0,924,923,0.7862404787845677,0.3656349372233879,0.4658231777046081,0.0254766578917043,0.0407035851121464,39.25161629326652,0.0008015283797852,35.3216146329413,1,11,0.2588203374105593,0.0119176598049837,21.717379220904206,0.2469026776055755,0.0119176598049837,0.0010049158654964,245.6948746486476,0.6562223714272072,0.4093196938216316,0.5149055875207196,0.2680029099151439,,,0,3.3306690738754696e-16,1.8440363494407354e-16,3.3306690738754696e-16,6.938893903907227e-17,-0.1766239467301376,8,0.2
v2_convergence,tangent-sample convergence and estimator stability,U1-RZ-XY-line|n12|d72|i3|dir=gaussian|basis=Z|eta=0,U1-RZ-XY-line|n12|d72|i3,U1-RZ-XY-line,12,72,6.0,3,gaussian,Z,0.0,256,64,1260,64,1.0,924,923,0.7862404787845677,0.3656349372233879,0.4658231777046081,0.0254766578917043,0.0407035851121464,39.25161629326652,0.0008015283797852,35.3216146329413,2,65,0.5214189687930473,0.0704225352112676,7.404149356861271,0.4509964335817796,0.0704225352112676,0.0023693884297732,190.34297117123123,1.547239672099256,1.0962432385174763,1.2140432680844782,0.7630468345026985,,,0,3.3306690738754696e-16,1.8440363494407354e-16,3.3306690738754696e-16,6.938893903907227e-17,-0.1766239467301376,8,0.2
v2_convergence,tangent-sample convergence and estimator stability,U1-RZ-XY-line|n12|d72|i3|dir=gaussian|basis=Z|eta=0,U1-RZ-XY-line|n12|d72|i3,U1-RZ-XY-line,12,72,6.0,3,gaussian,Z,0.0,256,128,1260,128,1.0,924,923,0.7730733378442014,0.3623703753123227,0.4686389997633728,0.0246516651610244,0.0322715740269539,40.56521105036959,0.0007435306458805,36.67334831356538,1,11,0.2638385661006294,0.0119176598049837,22.138454228261903,0.2519209062956456,0.0119176598049837,0.0008915924704046,282.5516305463191,0.5822208061035491,0.3302998998079035,0.5061234985972717,0.254202592301626,,,0,3.3306690738754696e-16,1.8440363494407354e-16,3.3306690738754696e-16,6.938893903907227e-17,-0.1766239467301376,8,0.2
v2_convergence,tangent-sample convergence and estimator stability,U1-RZ-XY-line|n12|d72|i3|dir=gaussian|basis=Z|eta=0,U1-RZ-XY-line|n12|d72|i3,U1-RZ-XY-line,12,72,6.0,3,gaussian,Z,0.0,256,128,1260,128,1.0,924,923,0.7730733378442014,0.3623703753123227,0.4686389997633728,0.0246516651610244,0.0322715740269539,40.56521105036959,0.0007435306458805,36.67334831356538,2,65,0.5250564771379662,0.0704225352112676,7.45580197535912,0.4546339419266986,0.0704225352112676,0.0021021947766802,216.26632649361204,1.3727589432311007,0.918125001304402,1.1933368780284523,0.7387029361017537,,,0,3.3306690738754696e-16,1.8440363494407354e-16,3.3306690738754696e-16,6.938893903907227e-17,-0.1766239467301376,8,0.2
v2_convergence,tangent-sample convergence and estimator stability,U1-RZ-XY-line|n12|d72|i3|dir=gaussian|basis=Z|eta=0,U1-RZ-XY-line|n12|d72|i3,U1-RZ-XY-line,12,72,6.0,3,gaussian,Z,0.0,256,256,1260,256,1.0,924,923,0.7685641765272117,0.3579041659736591,0.4667485368591084,0.0248537882155315,0.0286629531053146,40.23531508871086,0.0007658735047788,36.13445237379744,1,11,0.2737337656095986,0.0119176598049837,22.968751423423598,0.2618161058046148,0.0119176598049837,0.0008384265231812,312.2707817152486,0.5475027912288991,0.2856866854242842,0.5082891423787197,0.2464730365741048,,,0,3.3306690738754696e-16,1.8440363494407354e-16,3.3306690738754696e-16,6.938893903907227e-17,-0.1766239467301376,8,0.2
v2_convergence,tangent-sample convergence and estimator stability,U1-RZ-XY-line|n12|d72|i3|dir=gaussian|basis=Z|eta=0,U1-RZ-XY-line|n12|d72|i3,U1-RZ-XY-line,12,72,6.0,3,gaussian,Z,0.0,256,256,1260,256,1.0,924,923,0.7685641765272117,0.3579041659736591,0.4667485368591084,0.0248537882155315,0.0286629531053146,40.23531508871086,0.0007658735047788,36.13445237379744,2,65,0.5290138879329256,0.0704225352112676,7.511997208647543,0.4585913527216579,0.0704225352112676,0.0019768402225985,231.98200212601836,1.2909008836928957,0.8323095309712377,1.1984430281997789,0.7398516754781209,,,0,3.3306690738754696e-16,1.8440363494407354e-16,3.3306690738754696e-16,6.938893903907227e-17,-0.1766239467301376,8,0.2
v2_convergence,tangent-sample convergence and estimator stability,SU2-CNOT-line|n8|d48|i3|dir=gaussian|basis=Z|eta=0,SU2-CNOT-line|n8|d48|i3,SU2-CNOT-line,8,48,6.0,3,gaussian,Z,0.0,256,32,1152,32,1.0,256,255,1.000154759877803,0.4929126110435542,0.4917847551745795,0.0059337421299279,0.0369983126883677,168.52771456924424,3.589160901971503e-05,166.91813971903926,1,8,0.0252423617067666,0.0313725490196078,0.804600279403186,-0.0061301873128412,0.0313725490196078,0.0028023110169106,-2.1875470909004364,0.5062729879142801,0.5001428006014389,0.1248694194952334,0.1187392321823922,,,0,8.881784197001252e-16,1.6480786008845643e-16,8.881784197001252e-16,5.551115123125783e-17,-0.3852159670419121,8,0.2
v2_convergence,tangent-sample convergence and estimator stability,SU2-CNOT-line|n8|d48|i3|dir=gaussian|basis=Z|eta=0,SU2-CNOT-line|n8|d48|i3,SU2-CNOT-line,8,48,6.0,3,gaussian,Z,0.0,256,32,1152,32,1.0,256,255,1.000154759877803,0.4929126110435542,0.4917847551745795,0.0059337421299279,0.0369983126883677,168.52771456924424,3.589160901971503e-05,166.91813971903926,2,36,0.1333956769210241,0.1411764705882353,0.9448860448572544,-0.0077807936672111,0.1411764705882353,0.0055975266745595,-1.3900413735542096,1.0112641092862245,1.0034833156190133,0.2494226737301569,0.2416418800629457,,,0,8.881784197001252e-16,1.6480786008845643e-16,8.881784197001252e-16,5.551115123125783e-17,-0.3852159670419121,8,0.2
v2_convergence,tangent-sample convergence and estimator stability,SU2-CNOT-line|n8|d48|i3|dir=gaussian|basis=Z|eta=0,SU2-CNOT-line|n8|d48|i3,SU2-CNOT-line,8,48,6.0,3,gaussian,Z,0.0,256,64,1152,64,1.0,256,255,1.0003170661910643,0.4916080977550716,0.4908881432962914,0.005760912762375,0.0212958985004629,173.58360406549943,3.610537664520242e-05,166.4232734495829,1,8,0.0275296039500663,0.0313725490196078,0.8775061259083653,-0.0038429450695414,0.0313725490196078,0.0020309956311495,-1.892148368318391,0.3669250916183094,0.3630821465487679,0.1193864052859377,0.1155434602163962,,,0,8.881784197001252e-16,1.6480786008845643e-16,8.881784197001252e-16,5.551115123125783e-17,-0.3852159670419121,8,0.2
v2_convergence,tangent-sample convergence and estimator stability,SU2-CNOT-line|n8|d48|i3|dir=gaussian|basis=Z|eta=0,SU2-CNOT-line|n8|d48|i3,SU2-CNOT-line,8,48,6.0,3,gaussian,Z,0.0,256,64,1152,64,1.0,256,255,1.0003170661910643,0.4916080977550716,0.4908881432962914,0.005760912762375,0.0212958985004629,173.58360406549943,3.610537664520242e-05,166.4232734495829,2,36,0.1336635696843374,0.1411764705882353,0.9467836185973906,-0.0075129009038978,0.1411764705882353,0.0040568488482076,-1.8519055515753375,0.7329211409813196,0.7254082400774218,0.2384705281230799,0.2309576272191821,,,0,8.881784197001252e-16,1.6480786008845643e-16,8.881784197001252e-16,5.551115123125783e-17,-0.3852159670419121,8,0.2
v2_convergence,tangent-sample convergence and estimator stability,SU2-CNOT-line|n8|d48|i3|dir=gaussian|basis=Z|eta=0,SU2-CNOT-line|n8|d48|i3,SU2-CNOT-line,8,48,6.0,3,gaussian,Z,0.0,256,128,1152,128,1.0,256,255,0.9857316270680424,0.4832591819179744,0.4899905210031954,0.0059905986277541,0.0137562970759748,166.92822573140666,4.546813010330724e-05,148.30181048936214,1,8,0.0283172970597234,0.0313725490196078,0.9026138437786844,-0.0030552519598844,0.0313725490196078,0.0015280450002812,-1.9994515602106933,0.2760606882289182,0.2730054362690338,0.1266213016895852,0.1235660497297008,,,0,8.881784197001252e-16,1.6480786008845643e-16,8.881784197001252e-16,5.551115123125783e-17,-0.3852159670419121,8,0.2
v2_convergence,tangent-sample convergence and estimator stability,SU2-CNOT-line|n8|d48|i3|dir=gaussian|basis=Z|eta=0,SU2-CNOT-line|n8|d48|i3,SU2-CNOT-line,8,48,6.0,3,gaussian,Z,0.0,256,128,1152,128,1.0,256,255,0.9857316270680424,0.4832591819179744,0.4899905210031954,0.0059905986277541,0.0137562970759748,166.92822573140666,4.546813010330724e-05,148.30181048936214,2,36,0.1359218618421799,0.1411764705882353,0.962779854715441,-0.0052546087460553,0.1411764705882353,0.0030522210409145,-1.7215688757852574,0.551422399881281,0.5461677911352256,0.2529220024108045,0.2476673936647491,,,0,8.881784197001252e-16,1.6480786008845643e-16,8.881784197001252e-16,5.551115123125783e-17,-0.3852159670419121,8,0.2
v2_convergence,tangent-sample convergence and estimator stability,SU2-CNOT-line|n8|d48|i3|dir=gaussian|basis=Z|eta=0,SU2-CNOT-line|n8|d48|i3,SU2-CNOT-line,8,48,6.0,3,gaussian,Z,0.0,256,256,1152,256,1.0,256,255,0.9854691802880812,0.4821723483335103,0.4892476978202568,0.005926210904406,0.0098093116430607,168.74188518274087,4.410044756180121e-05,150.58388636375028,1,8,0.0299328036886186,0.0313725490196078,0.954108117574721,-0.0014397453309891,0.0313725490196078,0.0011823046039036,-1.2177448402345108,0.2135983054097144,0.2121585600787252,0.1246355178544081,0.1231957725234189,,,0,8.881784197001252e-16,1.6480786008845643e-16,8.881784197001252e-16,5.551115123125783e-17,-0.3852159670419121,8,0.2
v2_convergence,tangent-sample convergence and estimator stability,SU2-CNOT-line|n8|d48|i3|dir=gaussian|basis=Z|eta=0,SU2-CNOT-line|n8|d48|i3,SU2-CNOT-line,8,48,6.0,3,gaussian,Z,0.0,256,256,1152,256,1.0,256,255,0.9854691802880812,0.4821723483335103,0.4892476978202568,0.005926210904406,0.0098093116430607,168.74188518274087,4.410044756180121e-05,150.58388636375028,2,36,0.1381271498327419,0.1411764705882353,0.9784006446485886,-0.0030493207554933,0.1411764705882353,0.0023616156514635,-1.291201112087649,0.4266557869403348,0.4236064661848414,0.2489554626797624,0.245906141924269,,,0,8.881784197001252e-16,1.6480786008845643e-16,8.881784197001252e-16,5.551115123125783e-17,-0.3852159670419121,8,0.2
v2_convergence,tangent-sample convergence and estimator stability,SU2-HaarU4-brickwork|n12|d72|i3|dir=gaussian|basis=Z|eta=0,SU2-HaarU4-brickwork|n12|d72|i3,SU2-HaarU4-brickwork,12,72,6.0,3,gaussian,Z,0.0,256,32,2592,32,1.0,4096,4095,0.9877600534645696,0.488112073679349,0.4941163387281206,0.0016893323460089,0.0328865407101961,591.9498329399264,5.487209608355003e-06,426.89810290035854,1,12,0.0027352712315136,0.0029304029304029,0.9334113077540206,-0.0001951316988893,0.0029304029304029,0.0002158003286516,-0.904223362904481,0.6249481763075,0.6247530446086107,0.1314943625770805,0.1312992308781912,,,0,2.4424906541753444e-15,4.102641650272928e-16,2.55351295663786e-15,3.4694469519536136e-17,-0.4358355010658854,8,0.2
v2_convergence,tangent-sample convergence and estimator stability,SU2-HaarU4-brickwork|n12|d72|i3|dir=gaussian|basis=Z|eta=0,SU2-HaarU4-brickwork|n12|d72|i3,SU2-HaarU4-brickwork,12,72,6.0,3,gaussian,Z,0.0,256,32,2592,32,1.0,4096,4095,0.9877600534645696,0.488112073679349,0.4941163387281206,0.0016893323460089,0.0328865407101961,591.9498329399264,5.487209608355003e-06,426.89810290035854,2,78,0.0185769888267554,0.019047619047619,0.9752919134046611,-0.0004706302208635,0.019047619047619,0.0005457201702889,-0.8624020999890483,1.5803813985232182,1.5799107683023546,0.3325255637280779,0.3320549335072143,,,0,2.4424906541753444e-15,4.102641650272928e-16,2.55351295663786e-15,3.4694469519536136e-17,-0.4358355010658854,8,0.2
v2_convergence,tangent-sample convergence and estimator stability,SU2-HaarU4-brickwork|n12|d72|i3|dir=gaussian|basis=Z|eta=0,SU2-HaarU4-brickwork|n12|d72|i3,SU2-HaarU4-brickwork,12,72,6.0,3,gaussian,Z,0.0,256,64,2592,64,1.0,4096,4095,0.9847847923599016,0.486739264148278,0.4942257073869331,0.0015685053003734,0.0171689974050551,637.5496466361343,4.038302904068558e-06,497.62312516553874,1,12,0.0026852832754831,0.0029304029304029,0.9163529177586366,-0.0002451196549197,0.0029304029304029,0.0001553900451485,-1.5774476073119554,0.450002675800821,0.4497575561459013,0.1258772882813664,0.1256321686264467,,,0,2.4424906541753444e-15,4.102641650272928e-16,2.55351295663786e-15,3.4694469519536136e-17,-0.4358355010658854,8,0.2
v2_convergence,tangent-sample convergence and estimator stability,SU2-HaarU4-brickwork|n12|d72|i3|dir=gaussian|basis=Z|eta=0,SU2-HaarU4-brickwork|n12|d72|i3,SU2-HaarU4-brickwork,12,72,6.0,3,gaussian,Z,0.0,256,64,2592,64,1.0,4096,4095,0.9847847923599016,0.486739264148278,0.4942257073869331,0.0015685053003734,0.0171689974050551,637.5496466361343,4.038302904068558e-06,497.62312516553874,2,78,0.0182202962434349,0.019047619047619,0.9565655527803322,-0.0008273228041841,0.019047619047619,0.0003929534418669,-2.1053965076713066,1.137975731561083,1.1371484087568988,0.3183209943451896,0.3174936715410055,,,0,2.4424906541753444e-15,4.102641650272928e-16,2.55351295663786e-15,3.4694469519536136e-17,-0.4358355010658854,8,0.2
v2_convergence,tangent-sample convergence and estimator stability,SU2-HaarU4-brickwork|n12|d72|i3|dir=gaussian|basis=Z|eta=0,SU2-HaarU4-brickwork|n12|d72|i3,SU2-HaarU4-brickwork,12,72,6.0,3,gaussian,Z,0.0,256,128,2592,128,1.0,4096,4095,0.9854125831567406,0.4873484150657999,0.4945597681078407,0.0016248223879863,0.0094246284630802,615.4518840913471,3.898246779272015e-06,506.4835396006322,1,12,0.0027632290431019,0.0029304029304029,0.942951910958532,-0.000167173887301,0.0029304029304029,0.0001144439730066,-1.4607487219202953,0.3314246677323521,0.3312574938450511,0.1285259365860529,0.1283587626987519,,,0,2.4424906541753444e-15,4.102641650272928e-16,2.55351295663786e-15,3.4694469519536136e-17,-0.4358355010658854,8,0.2
v2_convergence,tangent-sample convergence and estimator stability,SU2-HaarU4-brickwork|n12|d72|i3|dir=gaussian|basis=Z|eta=0,SU2-HaarU4-brickwork|n12|d72|i3,SU2-HaarU4-brickwork,12,72,6.0,3,gaussian,Z,0.0,256,128,2592,128,1.0,4096,4095,0.9854125831567406,0.4873484150657999,0.4945597681078407,0.0016248223879863,0.0094246284630802,615.4518840913471,3.898246779272015e-06,506.4835396006322,2,78,0.0183242852933204,0.019047619047619,0.962024977899322,-0.0007233337542986,0.019047619047619,0.0002894081989029,-2.499354741988729,0.838113302435221,0.8373899686809223,0.3250189489447032,0.3242956151904046,,,0,2.4424906541753444e-15,4.102641650272928e-16,2.55351295663786e-15,3.4694469519536136e-17,-0.4358355010658854,8,0.2
v2_convergence,tangent-sample convergence and estimator stability,SU2-HaarU4-brickwork|n12|d72|i3|dir=gaussian|basis=Z|eta=0,SU2-HaarU4-brickwork|n12|d72|i3,SU2-HaarU4-brickwork,12,72,6.0,3,gaussian,Z,0.0,256,256,2592,256,1.0,4096,4095,0.9882365808202334,0.4890963432496448,0.494911000427193,0.001612968746471,0.0055129180873051,619.9748148796307,3.903024923365066e-06,506.17342212759786,1,12,0.0026909456772134,0.0029304029304029,0.9182852123490928,-0.0002394572531894,0.0029304029304029,8.669896786040753e-05,-2.761938914601812,0.2510763639269449,0.2508369066737554,0.1279730030455178,0.1277335457923284,,,0,2.4424906541753444e-15,4.102641650272928e-16,2.55351295663786e-15,3.4694469519536136e-17,-0.4358355010658854,8,0.2
v2_convergence,tangent-sample convergence and estimator stability,SU2-HaarU4-brickwork|n12|d72|i3|dir=gaussian|basis=Z|eta=0,SU2-HaarU4-brickwork|n12|d72|i3,SU2-HaarU4-brickwork,12,72,6.0,3,gaussian,Z,0.0,256,256,2592,256,1.0,4096,4095,0.9882365808202334,0.4890963432496448,0.494911000427193,0.001612968746471,0.0055129180873051,619.9748148796307,3.903024923365066e-06,506.17342212759786,2,78,0.0183065917604028,0.019047619047619,0.961096067421147,-0.0007410272872162,0.019047619047619,0.0002192460771504,-3.379888465268764,0.6349269110655819,0.6341858837783656,0.3236206795918039,0.3228796523045876,,,0,2.4424906541753444e-15,4.102641650272928e-16,2.55351295663786e-15,3.4694469519536136e-17,-0.4358355010658854,8,0.2
v2_convergence,tangent-sample convergence and estimator stability,U1-RZ-XY-line|n12|d72|i9|dir=gaussian|basis=Z|eta=0,U1-RZ-XY-line|n12|d72|i9,U1-RZ-XY-line,12,72,6.0,9,gaussian,Z,0.0,256,32,1260,32,1.0,924,923,0.7434229761353808,0.3491648940407795,0.4698877927689442,0.023772757017078,0.0542798583602943,42.06495692870675,0.0006520122896488,39.16265340968143,1,11,0.2885774964474049,0.0119176598049837,24.214275383723155,0.2766598366424211,0.0119176598049837,0.0011644285508744,237.5927972864148,0.7603861091743287,0.4837262725319076,0.49659664322243,0.2199368065800089,,,0,0.0,1.2706183381304407e-16,0.0,7.63278329429795e-17,-0.2138413724080931,8,0.2
v2_convergence,tangent-sample convergence and estimator stability,U1-RZ-XY-line|n12|d72|i9|dir=gaussian|basis=Z|eta=0,U1-RZ-XY-line|n12|d72|i9,U1-RZ-XY-line,12,72,6.0,9,gaussian,Z,0.0,256,32,1260,32,1.0,924,923,0.7434229761353808,0.3491648940407795,0.4698877927689442,0.023772757017078,0.0542798583602943,42.06495692870675,0.0006520122896488,39.16265340968143,2,65,0.5487037965834701,0.0704225352112676,7.7915939114852755,0.4782812613722025,0.0704225352112676,0.0027454870904805,174.20634139222275,1.7928367051384853,1.3145554437662827,1.1708744792622408,0.6925932178900382,,,0,0.0,1.2706183381304407e-16,0.0,7.63278329429795e-17,-0.2138413724080931,8,0.2
v2_convergence,tangent-sample convergence and estimator stability,U1-RZ-XY-line|n12|d72|i9|dir=gaussian|basis=Z|eta=0,U1-RZ-XY-line|n12|d72|i9,U1-RZ-XY-line,12,72,6.0,9,gaussian,Z,0.0,256,64,1260,64,1.0,924,923,0.7628377886007526,0.3563099551538972,0.4685410485150232,0.0254950502234779,0.0407216900637361,39.2232998654428,0.0008119565029794,35.094060284854066,1,11,0.2955017210910263,0.0119176598049837,24.795280778819755,0.2835840612860426,0.0119176598049837,0.0010051454440038,282.13236500026403,0.6563722890051356,0.372788227719093,0.5150996685889856,0.231515607302943,,,0,0.0,1.2706183381304407e-16,0.0,7.63278329429795e-17,-0.2138413724080931,8,0.2
v2_convergence,tangent-sample convergence and estimator stability,U1-RZ-XY-line|n12|d72|i9|dir=gaussian|basis=Z|eta=0,U1-RZ-XY-line|n12|d72|i9,U1-RZ-XY-line,12,72,6.0,9,gaussian,Z,0.0,256,64,1260,64,1.0,924,923,0.7628377886007526,0.3563099551538972,0.4685410485150232,0.0254950502234779,0.0407216900637361,39.2232998654428,0.0008119565029794,35.094060284854066,2,65,0.5569469012642501,0.0704225352112676,7.908645997952351,0.4865243660529824,0.0704225352112676,0.0023699297294759,205.29062950763625,1.5475931474366045,1.061068781383622,1.2145008720027528,0.7279765059497704,,,0,0.0,1.2706183381304407e-16,0.0,7.63278329429795e-17,-0.2138413724080931,8,0.2
v2_convergence,tangent-sample convergence and estimator stability,U1-RZ-XY-line|n12|d72|i9|dir=gaussian|basis=Z|eta=0,U1-RZ-XY-line|n12|d72|i9,U1-RZ-XY-line,12,72,6.0,9,gaussian,Z,0.0,256,128,1260,128,1.0,924,923,0.7480694775578478,0.3485556197945328,0.4676249304763277,0.0243443563386315,0.031966666054736,41.07728239309086,0.0007351821625481,36.88098566584558,1,11,0.288597995621025,0.0119176598049837,24.215995450746007,0.2766803358160412,0.0119176598049837,0.0008872234816327,311.8496540543148,0.579367802910898,0.3026874670948567,0.5028129723943332,0.2261326365782919,,,0,0.0,1.2706183381304407e-16,0.0,7.63278329429795e-17,-0.2138413724080931,8,0.2
v2_convergence,tangent-sample convergence and estimator stability,U1-RZ-XY-line|n12|d72|i9|dir=gaussian|basis=Z|eta=0,U1-RZ-XY-line|n12|d72|i9,U1-RZ-XY-line,12,72,6.0,9,gaussian,Z,0.0,256,128,1260,128,1.0,924,923,0.7480694775578478,0.3485556197945328,0.4676249304763277,0.0243443563386315,0.031966666054736,41.07728239309086,0.0007351821625481,36.88098566584558,2,65,0.552804864702615,0.0704225352112676,7.849829078777133,0.4823823294913474,0.0704225352112676,0.0020918935845095,230.59601743768323,1.3660321385433922,0.8836498090520448,1.1855313265877565,0.7031489970964091,,,0,0.0,1.2706183381304407e-16,0.0,7.63278329429795e-17,-0.2138413724080931,8,0.2
v2_convergence,tangent-sample convergence and estimator stability,U1-RZ-XY-line|n12|d72|i9|dir=gaussian|basis=Z|eta=0,U1-RZ-XY-line|n12|d72|i9,U1-RZ-XY-line,12,72,6.0,9,gaussian,Z,0.0,256,256,1260,256,1.0,924,923,0.7465145669090938,0.3512409669787366,0.4717008994686535,0.0254032751526083,0.0292102936090435,39.3650028979559,0.0008472263717499,34.355815924922496,1,11,0.2939183716474319,0.0119176598049837,24.66242336641633,0.2820007118424482,0.0119176598049837,0.000846705313217,333.0565043592228,0.5529089425459884,0.2709082307035402,0.5141305028742438,0.2321297910317956,,,0,0.0,1.2706183381304407e-16,0.0,7.63278329429795e-17,-0.2138413724080931,8,0.2
v2_convergence,tangent-sample convergence and estimator stability,U1-RZ-XY-line|n12|d72|i9|dir=gaussian|basis=Z|eta=0,U1-RZ-XY-line|n12|d72|i9,U1-RZ-XY-line,12,72,6.0,9,gaussian,Z,0.0,256,256,1260,256,1.0,924,923,0.7465145669090938,0.3512409669787366,0.4717008994686535,0.0254032751526083,0.0292102936090435,39.3650028979559,0.0008472263717499,34.355815924922496,2,65,0.5565985222833807,0.0704225352112676,7.903699016424006,0.486175987072113,0.0704225352112676,0.0019963599356379,243.5312282084752,1.3036474954443058,0.8174715083721927,1.212215775200238,0.726039788128125,,,0,0.0,1.2706183381304407e-16,0.0,7.63278329429795e-17,-0.2138413724080931,8,0.2
v2_convergence,tangent-sample convergence and estimator stability,SU2-HaarU4-brickwork|n8|d48|i6|dir=gaussian|basis=Z|eta=0,SU2-HaarU4-brickwork|n8|d48|i6,SU2-HaarU4-brickwork,8,48,6.0,6,gaussian,Z,0.0,256,32,1152,32,1.0,256,255,0.9626403509507396,0.4664319388298014,0.4835178870756123,0.0073556563122712,0.0383757920525128,135.9497993852325,7.755178293697794e-05,113.55443652475287,1,8,0.0287821257625667,0.0313725490196078,0.9174302586818164,-0.002590423257041,0.0313725490196078,0.0028600668916811,-0.905721213925304,0.5167073184055093,0.5141168951484683,0.1631282097147062,0.1605377864576651,,,0,5.3290705182007506e-15,1.1796170657810651e-15,5.3290705182007506e-15,5.2041704279304207e-17,-0.361514874496156,8,0.2
v2_convergence,tangent-sample convergence and estimator stability,SU2-HaarU4-brickwork|n8|d48|i6|dir=gaussian|basis=Z|eta=0,SU2-HaarU4-brickwork|n8|d48|i6,SU2-HaarU4-brickwork,8,48,6.0,6,gaussian,Z,0.0,256,32,1152,32,1.0,256,255,0.9626403509507396,0.4664319388298014,0.4835178870756123,0.0073556563122712,0.0383757920525128,135.9497993852325,7.755178293697794e-05,113.55443652475287,2,36,0.1420549952956674,0.1411764705882353,1.0062228833443112,0.0008785247074321,0.1411764705882353,0.0057128921881265,0.1537793255153751,1.0321063508873063,1.0312278261798744,0.3258433841714859,0.3249648594640537,,,0,5.3290705182007506e-15,1.1796170657810651e-15,5.3290705182007506e-15,5.2041704279304207e-17,-0.361514874496156,8,0.2
v2_convergence,tangent-sample convergence and estimator stability,SU2-HaarU4-brickwork|n8|d48|i6|dir=gaussian|basis=Z|eta=0,SU2-HaarU4-brickwork|n8|d48|i6,SU2-HaarU4-brickwork,8,48,6.0,6,gaussian,Z,0.0,256,64,1152,64,1.0,256,255,0.9778738468067384,0.4783394038586478,0.489175441868289,0.0075637221204917,0.023070538962359,132.2100394580584,8.208334272590653e-05,110.37544891285113,1,8,0.025776637633044,0.0313725490196078,0.8216303245532797,-0.0055959113865637,0.0313725490196078,0.0021321986838767,-2.6244793362264884,0.3852087052432864,0.3796127938567226,0.167997377456754,0.1624014660701903,,,0,5.3290705182007506e-15,1.1796170657810651e-15,5.3290705182007506e-15,5.2041704279304207e-17,-0.361514874496156,8,0.2
v2_convergence,tangent-sample convergence and estimator stability,SU2-HaarU4-brickwork|n8|d48|i6|dir=gaussian|basis=Z|eta=0,SU2-HaarU4-brickwork|n8|d48|i6,SU2-HaarU4-brickwork,8,48,6.0,6,gaussian,Z,0.0,256,64,1152,64,1.0,256,255,0.9778738468067384,0.4783394038586478,0.489175441868289,0.0075637221204917,0.023070538962359,132.2100394580584,8.208334272590653e-05,110.37544891285113,2,36,0.1393271305641605,0.1411764705882353,0.9869005081628036,-0.0018493400240747,0.1411764705882353,0.0042589987108633,-0.4342194373897549,0.7694420747233474,0.7675927346992726,0.3355693910831186,0.3337200510590438,,,0,5.3290705182007506e-15,1.1796170657810651e-15,5.3290705182007506e-15,5.2041704279304207e-17,-0.361514874496156,8,0.2
v2_convergence,tangent-sample convergence and estimator stability,SU2-HaarU4-brickwork|n8|d48|i6|dir=gaussian|basis=Z|eta=0,SU2-HaarU4-brickwork|n8|d48|i6,SU2-HaarU4-brickwork,8,48,6.0,6,gaussian,Z,0.0,256,128,1152,128,1.0,256,255,0.9847863944712266,0.4836682667611824,0.4909697466855161,0.0075112632964637,0.0152650815519601,133.13339721039827,7.875784862203143e-05,112.68161889458402,1,8,0.0277071677798435,0.0313725490196078,0.8831659729825115,-0.0036653812397643,0.0313725490196078,0.0016410761840378,-2.2335229012620443,0.2964812035759497,0.2928158223361854,0.16678313576723,0.1631177545274656,,,0,5.3290705182007506e-15,1.1796170657810651e-15,5.3290705182007506e-15,5.2041704279304207e-17,-0.361514874496156,8,0.2
v2_convergence,tangent-sample convergence and estimator stability,SU2-HaarU4-brickwork|n8|d48|i6|dir=gaussian|basis=Z|eta=0,SU2-HaarU4-brickwork|n8|d48|i6,SU2-HaarU4-brickwork,8,48,6.0,6,gaussian,Z,0.0,256,128,1152,128,1.0,256,255,0.9847863944712266,0.4836682667611824,0.4909697466855161,0.0075112632964637,0.0152650815519601,133.13339721039827,7.875784862203143e-05,112.68161889458402,2,36,0.1433006514720495,0.1411764705882353,1.015046281260351,0.0021241808838142,0.1411764705882353,0.0032779972171908,0.6480118020461836,0.5922117265025899,0.5900875456187757,0.3331439821240638,0.3310198012402496,,,0,5.3290705182007506e-15,1.1796170657810651e-15,5.3290705182007506e-15,5.2041704279304207e-17,-0.361514874496156,8,0.2
v2_convergence,tangent-sample convergence and estimator stability,SU2-HaarU4-brickwork|n8|d48|i6|dir=gaussian|basis=Z|eta=0,SU2-HaarU4-brickwork|n8|d48|i6,SU2-HaarU4-brickwork,8,48,6.0,6,gaussian,Z,0.0,256,256,1152,256,1.0,256,255,0.9821617288020844,0.4842829960161894,0.4931128055195198,0.0073763155372545,0.0112537518046871,135.56903781426365,7.52009418708264e-05,115.3156788484667,1,8,0.0275871661806383,0.0313725490196078,0.8793409220078486,-0.0037853828389694,0.0313725490196078,0.0013193852083464,-2.8690505358277125,0.2383636532877873,0.2345782704488179,0.1636181577460252,0.1598327749070558,,,0,5.3290705182007506e-15,1.1796170657810651e-15,5.3290705182007506e-15,5.2041704279304207e-17,-0.361514874496156,8,0.2
v2_convergence,tangent-sample convergence and estimator stability,SU2-HaarU4-brickwork|n8|d48|i6|dir=gaussian|basis=Z|eta=0,SU2-HaarU4-brickwork|n8|d48|i6,SU2-HaarU4-brickwork,8,48,6.0,6,gaussian,Z,0.0,256,256,1152,256,1.0,256,255,0.9821617288020844,0.4842829960161894,0.4931128055195198,0.0073763155372545,0.0112537518046871,135.56903781426365,7.52009418708264e-05,115.3156788484667,2,36,0.1394584979145866,0.1411764705882353,0.9878310268949888,-0.0017179726736486,0.1411764705882353,0.0026354297767704,-0.6518757163599549,0.4761237776507603,0.4744058049771117,0.3268220397018344,0.3251040670281858,,,0,5.3290705182007506e-15,1.1796170657810651e-15,5.3290705182007506e-15,5.2041704279304207e-17,-0.361514874496156,8,0.2
v2_convergence,tangent-sample convergence and estimator stability,U1-RZ-XY-line|n12|d72|i4|dir=gaussian|basis=Z|eta=0,U1-RZ-XY-line|n12|d72|i4,U1-RZ-XY-line,12,72,6.0,4,gaussian,Z,0.0,256,32,1260,32,1.0,924,923,0.7620367332822109,0.383329032751068,0.5013571057542411,0.0258418089223452,0.0562842523935219,38.69698143055719,0.0008816065023358,33.67926519860211,1,11,0.2810274226848706,0.0119176598049837,23.58075555801232,0.2691097628798868,0.0119176598049837,0.0011861630226928,226.87417979776563,0.7745789855415278,0.5054692226616411,0.518745174622126,0.2496354117422392,,,0,2.220446049250313e-16,2.498005569994642e-16,4.440892098500626e-16,5.551115123125783e-17,-0.203553768192377,8,0.2
v2_convergence,tangent-sample convergence and estimator stability,U1-RZ-XY-line|n12|d72|i4|dir=gaussian|basis=Z|eta=0,U1-RZ-XY-line|n12|d72|i4,U1-RZ-XY-line,12,72,6.0,4,gaussian,Z,0.0,256,32,1260,32,1.0,924,923,0.7620367332822109,0.383329032751068,0.5013571057542411,0.0258418089223452,0.0562842523935219,38.69698143055719,0.0008816065023358,33.67926519860211,2,65,0.5438564858080901,0.0704225352112676,7.722762098474879,0.4734339505968225,0.0704225352112676,0.0027967325805977,169.28109390266806,1.826300637995225,1.3528666873984023,1.2230962381544503,0.7496622875576279,,,0,2.220446049250313e-16,2.498005569994642e-16,4.440892098500626e-16,5.551115123125783e-17,-0.203553768192377,8,0.2
v2_convergence,tangent-sample convergence and estimator stability,U1-RZ-XY-line|n12|d72|i4|dir=gaussian|basis=Z|eta=0,U1-RZ-XY-line|n12|d72|i4,U1-RZ-XY-line,12,72,6.0,4,gaussian,Z,0.0,256,64,1260,64,1.0,924,923,0.7737300767703668,0.3818513015721687,0.4923036163890055,0.0240910195310495,0.0393395973508768,41.509243671118114,0.0007512456933094,36.484550697210665,1,11,0.2871175169503753,0.0119176598049837,24.09176983138149,0.2751998571453915,0.0119176598049837,0.0009874664469342,278.692869008145,0.6448276873327233,0.3696278301873318,0.5000673867844205,0.224867529639029,,,0,2.220446049250313e-16,2.498005569994642e-16,4.440892098500626e-16,5.551115123125783e-17,-0.203553768192377,8,0.2
v2_convergence,tangent-sample convergence and estimator stability,U1-RZ-XY-line|n12|d72|i4|dir=gaussian|basis=Z|eta=0,U1-RZ-XY-line|n12|d72|i4,U1-RZ-XY-line,12,72,6.0,4,gaussian,Z,0.0,256,64,1260,64,1.0,924,923,0.7737300767703668,0.3818513015721687,0.4923036163890055,0.0240910195310495,0.0393395973508768,41.509243671118114,0.0007512456933094,36.484550697210665,2,65,0.5430926302775307,0.0704225352112676,7.711915349940936,0.4726700950662631,0.0704225352112676,0.0023282462288518,203.01550978968368,1.5203733108630793,1.0477032157968162,1.1790577908416913,0.7063876957754281,,,0,2.220446049250313e-16,2.498005569994642e-16,4.440892098500626e-16,5.551115123125783e-17,-0.203553768192377,8,0.2
v2_convergence,tangent-sample convergence and estimator stability,U1-RZ-XY-line|n12|d72|i4|dir=gaussian|basis=Z|eta=0,U1-RZ-XY-line|n12|d72|i4,U1-RZ-XY-line,12,72,6.0,4,gaussian,Z,0.0,256,128,1260,128,1.0,924,923,0.7793854184219782,0.37916975390699,0.4863927452827716,0.0250777239872982,0.0326943042686475,39.87602704721109,0.0007849774115258,35.692044037644074,1,11,0.28319902856858,0.0119176598049837,23.762973033527217,0.2712813687635962,0.0119176598049837,0.0008976145416707,302.22479268067787,0.5861532924169137,0.3148719236533174,0.5106777741939839,0.2393964054303876,,,0,2.220446049250313e-16,2.498005569994642e-16,4.440892098500626e-16,5.551115123125783e-17,-0.203553768192377,8,0.2
v2_convergence,tangent-sample convergence and estimator stability,U1-RZ-XY-line|n12|d72|i4|dir=gaussian|basis=Z|eta=0,U1-RZ-XY-line|n12|d72|i4,U1-RZ-XY-line,12,72,6.0,4,gaussian,Z,0.0,256,128,1260,128,1.0,924,923,0.7793854184219782,0.37916975390699,0.4863927452827716,0.0250777239872982,0.0326943042686475,39.87602704721109,0.0007849774115258,35.692044037644074,2,65,0.5377129242344632,0.0704225352112676,7.635523524129376,0.4672903890231955,0.0704225352112676,0.0021163936031403,220.79559696732167,1.382030950859844,0.9147405618366484,1.204074939069531,0.7367845500463354,,,0,2.220446049250313e-16,2.498005569994642e-16,4.440892098500626e-16,5.551115123125783e-17,-0.203553768192377,8,0.2
v2_convergence,tangent-sample convergence and estimator stability,U1-RZ-XY-line|n12|d72|i4|dir=gaussian|basis=Z|eta=0,U1-RZ-XY-line|n12|d72|i4,U1-RZ-XY-line,12,72,6.0,4,gaussian,Z,0.0,256,256,1260,256,1.0,924,923,0.7758857342834261,0.3731300555954611,0.4812305994086326,0.0246292598710548,0.0284393018246835,40.602113308944126,0.0007669954273965,36.10801486596027,1,11,0.2831192834319656,0.0119176598049837,23.756281691609477,0.2712016236269818,0.0119176598049837,0.0008350200678576,324.7845579601454,0.5452783341699415,0.2740767105429597,0.5058828667266144,0.2346812430996326,,,0,2.220446049250313e-16,2.498005569994642e-16,4.440892098500626e-16,5.551115123125783e-17,-0.203553768192377,8,0.2
v2_convergence,tangent-sample convergence and estimator stability,U1-RZ-XY-line|n12|d72|i4|dir=gaussian|basis=Z|eta=0,U1-RZ-XY-line|n12|d72|i4,U1-RZ-XY-line,12,72,6.0,4,gaussian,Z,0.0,256,256,1260,256,1.0,924,923,0.7758857342834261,0.3731300555954611,0.4812305994086326,0.0246292598710548,0.0284393018246835,40.602113308944126,0.0007669954273965,36.10801486596027,2,65,0.5367401580953837,0.0704225352112676,7.621710244954448,0.466317622884116,0.0704225352112676,0.0019688084896868,236.8527082887055,1.28565606370449,0.819338440820374,1.1927695167301129,0.7264518938459968,,,0,2.220446049250313e-16,2.498005569994642e-16,4.440892098500626e-16,5.551115123125783e-17,-0.203553768192377,8,0.2
v2_convergence,tangent-sample convergence and estimator stability,SU2-HaarU4-brickwork|n8|d48|i7|dir=gaussian|basis=Z|eta=0,SU2-HaarU4-brickwork|n8|d48|i7,SU2-HaarU4-brickwork,8,48,6.0,7,gaussian,Z,0.0,256,32,1152,32,1.0,256,255,0.9599413100530418,0.4742613230511063,0.49457401864513,0.007954420960407,0.0389558453053943,125.71625326060484,6.495949697971788e-05,124.07339713088022,1,8,0.030367078063291,0.0313725490196078,0.9679506132674026,-0.0010054709563167,0.0313725490196078,0.0028840416998309,-0.3486325999987181,0.5210386712365837,0.5200332002802669,0.1767785388660421,0.1757730679097253,,,0,7.327471962526033e-15,1.8687761543605334e-15,7.438494264988549e-15,4.163336342344337e-17,-0.3477442328618699,8,0.2
v2_convergence,tangent-sample convergence and estimator stability,SU2-HaarU4-brickwork|n8|d48|i7|dir=gaussian|basis=Z|eta=0,SU2-HaarU4-brickwork|n8|d48|i7,SU2-HaarU4-brickwork,8,48,6.0,7,gaussian,Z,0.0,256,32,1152,32,1.0,256,255,0.9599413100530418,0.4742613230511063,0.49457401864513,0.007954420960407,0.0389558453053943,125.71625326060484,6.495949697971788e-05,124.07339713088022,2,36,0.1385139826033287,0.1411764705882353,0.981140710106912,-0.0026624879849065,0.1411764705882353,0.0057607811010009,-0.4621748228628114,1.0407580897066453,1.0380956017217389,0.3531094802900225,0.350446992305116,,,0,7.327471962526033e-15,1.8687761543605334e-15,7.438494264988549e-15,4.163336342344337e-17,-0.3477442328618699,8,0.2
v2_convergence,tangent-sample convergence and estimator stability,SU2-HaarU4-brickwork|n8|d48|i7|dir=gaussian|basis=Z|eta=0,SU2-HaarU4-brickwork|n8|d48|i7,SU2-HaarU4-brickwork,8,48,6.0,7,gaussian,Z,0.0,256,64,1152,64,1.0,256,255,0.9783543163213064,0.4913476748532387,0.5025330106871181,0.0078870440791152,0.023388809015379,126.79021316084442,8.557401933645014e-05,108.10083150948536,1,8,0.0313148396614047,0.0313725490196078,0.9981605142072768,-5.770935820308132e-05,0.0313725490196078,0.0021498450219898,-0.0268434969092178,0.3883967397863307,0.3883390304281277,0.1752955990017066,0.1752378896435035,,,0,7.327471962526033e-15,1.8687761543605334e-15,7.438494264988549e-15,4.163336342344337e-17,-0.3477442328618699,8,0.2
v2_convergence,tangent-sample convergence and estimator stability,SU2-HaarU4-brickwork|n8|d48|i7|dir=gaussian|basis=Z|eta=0,SU2-HaarU4-brickwork|n8|d48|i7,SU2-HaarU4-brickwork,8,48,6.0,7,gaussian,Z,0.0,256,64,1152,64,1.0,256,255,0.9783543163213064,0.4913476748532387,0.5025330106871181,0.0078870440791152,0.023388809015379,126.79021316084442,8.557401933645014e-05,108.10083150948536,2,36,0.1335247575349845,0.1411764705882353,0.945800365872807,-0.0076517130532507,0.1411764705882353,0.0042942467071422,-1.7818522257988445,0.7758100718109014,0.7681583587576507,0.3501473553162798,0.3424956422630291,,,0,7.327471962526033e-15,1.8687761543605334e-15,7.438494264988549e-15,4.163336342344337e-17,-0.3477442328618699,8,0.2
v2_convergence,tangent-sample convergence and estimator stability,SU2-HaarU4-brickwork|n8|d48|i7|dir=gaussian|basis=Z|eta=0,SU2-HaarU4-brickwork|n8|d48|i7,SU2-HaarU4-brickwork,8,48,6.0,7,gaussian,Z,0.0,256,128,1152,128,1.0,256,255,0.9737490665658358,0.4885161371424629,0.5017067724205889,0.0075208557750155,0.0152745990892732,132.96359216487303,7.82232389659022e-05,113.06601939486896,1,8,0.0292506527249397,0.0313725490196078,0.932364555607454,-0.0021218962946681,0.0313725490196078,0.0016417644950176,-1.2924486435829212,0.2966055556747062,0.294483659380038,0.1670058282837332,0.1648839319890651,,,0,7.327471962526033e-15,1.8687761543605334e-15,7.438494264988549e-15,4.163336342344337e-17,-0.3477442328618699,8,0.2
v2_convergence,tangent-sample convergence and estimator stability,SU2-HaarU4-brickwork|n8|d48|i7|dir=gaussian|basis=Z|eta=0,SU2-HaarU4-brickwork|n8|d48|i7,SU2-HaarU4-brickwork,8,48,6.0,7,gaussian,Z,0.0,256,128,1152,128,1.0,256,255,0.9737490665658358,0.4885161371424629,0.5017067724205889,0.0075208557750155,0.0152745990892732,132.96359216487303,7.82232389659022e-05,113.06601939486896,2,36,0.1334609801476893,0.1411764705882353,0.945348609379466,-0.0077154904405459,0.1411764705882353,0.0032793720963695,-2.35273406427024,0.5924601158446816,0.5847446254041356,0.3335888033069479,0.325873312866402,,,0,7.327471962526033e-15,1.8687761543605334e-15,7.438494264988549e-15,4.163336342344337e-17,-0.3477442328618699,8,0.2
v2_convergence,tangent-sample convergence and estimator stability,SU2-HaarU4-brickwork|n8|d48|i7|dir=gaussian|basis=Z|eta=0,SU2-HaarU4-brickwork|n8|d48|i7,SU2-HaarU4-brickwork,8,48,6.0,7,gaussian,Z,0.0,256,256,1152,256,1.0,256,255,0.9718737760799948,0.4835279535966891,0.4978125466448886,0.0076363694889229,0.0115127899206068,130.95228058969218,8.278063542040719e-05,109.90959869173048,1,8,0.0302564330657867,0.0313725490196078,0.9644238039719522,-0.0011161159538211,0.0313725490196078,0.0013424891476956,-0.8313780083339323,0.2425376726369348,0.2414215566831137,0.1696645652892162,0.1685484493353951,,,0,7.327471962526033e-15,1.8687761543605334e-15,7.438494264988549e-15,4.163336342344337e-17,-0.3477442328618699,8,0.2
v2_convergence,tangent-sample convergence and estimator stability,SU2-HaarU4-brickwork|n8|d48|i7|dir=gaussian|basis=Z|eta=0,SU2-HaarU4-brickwork|n8|d48|i7,SU2-HaarU4-brickwork,8,48,6.0,7,gaussian,Z,0.0,256,256,1152,256,1.0,256,255,0.9718737760799948,0.4835279535966891,0.4978125466448886,0.0076363694889229,0.0115127899206068,130.95228058969218,8.278063542040719e-05,109.90959869173048,2,36,0.1352634114208803,0.1411764705882353,0.9581158308979024,-0.0059130591673549,0.1411764705882353,0.0026815791570549,-2.205066052888439,0.4844612478694435,0.4785481887020886,0.3388995454833237,0.3329864863159688,,,0,7.327471962526033e-15,1.8687761543605334e-15,7.438494264988549e-15,4.163336342344337e-17,-0.3477442328618699,8,0.2
v2_convergence,tangent-sample convergence and estimator stability,U1-RZ-XY-line|n12|d72|i5|dir=gaussian|basis=Z|eta=0,U1-RZ-XY-line|n12|d72|i5,U1-RZ-XY-line,12,72,6.0,5,gaussian,Z,0.0,256,32,1260,32,1.0,924,923,0.7956308122344968,0.3943340817431712,0.4951102031344486,0.0291780300776107,0.0595162166376854,34.272361682406114,0.0011298100922296,29.750705921909457,1,11,0.324253335898175,0.0119176598049837,27.207802639455963,0.3123356760931913,0.0119176598049837,0.0012203935536563,255.93028999326825,0.7969319416200729,0.4845962655268815,0.5525917385061705,0.2402560624129792,,,0,3.3306690738754696e-15,1.755541014765136e-15,3.552713678800501e-15,9.714451465470121e-17,-0.1780587475934888,8,0.2
v2_convergence,tangent-sample convergence and estimator stability,U1-RZ-XY-line|n12|d72|i5|dir=gaussian|basis=Z|eta=0,U1-RZ-XY-line|n12|d72|i5,U1-RZ-XY-line,12,72,6.0,5,gaussian,Z,0.0,256,32,1260,32,1.0,924,923,0.7956308122344968,0.3943340817431712,0.4951102031344486,0.0291780300776107,0.0595162166376854,34.272361682406114,0.0011298100922296,29.750705921909457,2,65,0.6061294339661435,0.0704225352112676,8.607037962319238,0.5357068987548759,0.0704225352112676,0.0028774412516364,186.17474759917755,1.8790043889481187,1.3432974901932428,1.3028995924529934,0.7671926936981175,,,0,3.3306690738754696e-15,1.755541014765136e-15,3.552713678800501e-15,9.714451465470121e-17,-0.1780587475934888,8,0.2
v2_convergence,tangent-sample convergence and estimator stability,U1-RZ-XY-line|n12|d72|i5|dir=gaussian|basis=Z|eta=0,U1-RZ-XY-line|n12|d72|i5,U1-RZ-XY-line,12,72,6.0,5,gaussian,Z,0.0,256,64,1260,64,1.0,924,923,0.7927656848193163,0.3852375465817512,0.4862933987175439,0.0284440715115788,0.0436246328942104,35.15671093686173,0.0010109077593594,31.45170799911237,1,11,0.328562501860012,0.0119176598049837,27.569380837890105,0.3166448420550283,0.0119176598049837,0.0010413015087884,304.0856460713564,0.6799826422586848,0.3633378002036564,0.5453258686257517,0.2286810265707234,,,0,3.3306690738754696e-15,1.755541014765136e-15,3.552713678800501e-15,9.714451465470121e-17,-0.1780587475934888,8,0.2
v2_convergence,tangent-sample convergence and estimator stability,U1-RZ-XY-line|n12|d72|i5|dir=gaussian|basis=Z|eta=0,U1-RZ-XY-line|n12|d72|i5,U1-RZ-XY-line,12,72,6.0,5,gaussian,Z,0.0,256,64,1260,64,1.0,924,923,0.7927656848193163,0.3852375465817512,0.4862933987175439,0.0284440715115788,0.0436246328942104,35.15671093686173,0.0010109077593594,31.45170799911237,2,65,0.6013089048589172,0.0704225352112676,8.538586448996623,0.5308863696476496,0.0704225352112676,0.0024551784199467,216.2312788897676,1.6032615866986166,1.072375217050967,1.2857681403404344,0.7548817706927848,,,0,3.3306690738754696e-15,1.755541014765136e-15,3.552713678800501e-15,9.714451465470121e-17,-0.1780587475934888,8,0.2
v2_convergence,tangent-sample convergence and estimator stability,U1-RZ-XY-line|n12|d72|i5|dir=gaussian|basis=Z|eta=0,U1-RZ-XY-line|n12|d72|i5,U1-RZ-XY-line,12,72,6.0,5,gaussian,Z,0.0,256,128,1260,128,1.0,924,923,0.7903106111457933,0.3845355996454962,0.4875474203374079,0.0280063482174117,0.0356000486219632,35.70619033360058,0.0010108639504391,31.452389520319965,1,11,0.3097069410484786,0.0119176598049837,25.987227871613253,0.2977892812434948,0.0119176598049837,0.0009379630805389,317.4850774215825,0.6125013826091721,0.3147121013656772,0.5409461431297831,0.2431568618862882,,,0,3.3306690738754696e-15,1.755541014765136e-15,3.552713678800501e-15,9.714451465470121e-17,-0.1780587475934888,8,0.2
v2_convergence,tangent-sample convergence and estimator stability,U1-RZ-XY-line|n12|d72|i5|dir=gaussian|basis=Z|eta=0,U1-RZ-XY-line|n12|d72|i5,U1-RZ-XY-line,12,72,6.0,5,gaussian,Z,0.0,256,128,1260,128,1.0,924,923,0.7903106111457933,0.3845355996454962,0.4875474203374079,0.0280063482174117,0.0356000486219632,35.70619033360058,0.0010108639504391,31.452389520319965,2,65,0.5865986960850422,0.0704225352112676,8.329701484407598,0.5161761608737746,0.0704225352112676,0.0022115272998358,233.4025724720134,1.4441544202881238,0.9279782594143492,1.2754416331451233,0.7592654722713487,,,0,3.3306690738754696e-15,1.755541014765136e-15,3.552713678800501e-15,9.714451465470121e-17,-0.1780587475934888,8,0.2
v2_convergence,tangent-sample convergence and estimator stability,U1-RZ-XY-line|n12|d72|i5|dir=gaussian|basis=Z|eta=0,U1-RZ-XY-line|n12|d72|i5,U1-RZ-XY-line,12,72,6.0,5,gaussian,Z,0.0,256,256,1260,256,1.0,924,923,0.7705498943883866,0.3710256616159981,0.4825342488070397,0.027131160047305,0.0309314289533703,36.85798905230848,0.0009456292113183,32.519178077081165,1,11,0.3119277038114839,0.0119176598049837,26.173570056181784,0.3000100440065001,0.0119176598049837,0.0008722264231056,343.9589033983863,0.5695745399631954,0.2695644959566953,0.5320811893305923,0.2320711453240922,,,0,3.3306690738754696e-15,1.755541014765136e-15,3.552713678800501e-15,9.714451465470121e-17,-0.1780587475934888,8,0.2
v2_convergence,tangent-sample convergence and estimator stability,U1-RZ-XY-line|n12|d72|i5|dir=gaussian|basis=Z|eta=0,U1-RZ-XY-line|n12|d72|i5,U1-RZ-XY-line,12,72,6.0,5,gaussian,Z,0.0,256,256,1260,256,1.0,924,923,0.7705498943883866,0.3710256616159981,0.4825342488070397,0.027131160047305,0.0309314289533703,36.85798905230848,0.0009456292113183,32.519178077081165,2,65,0.5813060550647053,0.0704225352112676,8.254545981918815,0.5108835198534377,0.0704225352112676,0.0020565335527149,248.41973483923564,1.3429416045845606,0.8320580847311229,1.2545398644663084,0.7436563446128707,,,0,3.3306690738754696e-15,1.755541014765136e-15,3.552713678800501e-15,9.714451465470121e-17,-0.1780587475934888,8,0.2
v2_convergence,tangent-sample convergence and estimator stability,SU2-CNOT-line|n8|d48|i4|dir=gaussian|basis=Z|eta=0,SU2-CNOT-line|n8|d48|i4,SU2-CNOT-line,8,48,6.0,4,gaussian,Z,0.0,256,32,1152,32,1.0,256,255,0.9852460588873272,0.4806002751901495,0.4877524746483631,0.0051672678483866,0.0362557907281245,193.52586886167092,2.631210884575e-05,194.9495205692827,1,8,0.0293257230512927,0.0313725490196078,0.9347574222599552,-0.0020468259683151,0.0313725490196078,0.0027706787019524,-0.7387453358892756,0.5005582094646681,0.498511383496353,0.0982494157158468,0.0962025897475317,,,0,5.3290705182007506e-15,8.709871060351242e-16,5.3290705182007506e-15,5.2041704279304207e-17,-0.389551256212884,8,0.2
v2_convergence,tangent-sample convergence and estimator stability,SU2-CNOT-line|n8|d48|i4|dir=gaussian|basis=Z|eta=0,SU2-CNOT-line|n8|d48|i4,SU2-CNOT-line,8,48,6.0,4,gaussian,Z,0.0,256,32,1152,32,1.0,256,255,0.9852460588873272,0.4806002751901495,0.4877524746483631,0.0051672678483866,0.0362557907281245,193.52586886167092,2.631210884575e-05,194.9495205692827,2,36,0.1437289388980687,0.1411764705882353,1.01807998386132,0.0025524683098334,0.1411764705882353,0.0055343421366234,0.4612053694589052,0.9998490220179432,0.9972965537081098,0.1962500671448036,0.1936975988349702,,,0,5.3290705182007506e-15,8.709871060351242e-16,5.3290705182007506e-15,5.2041704279304207e-17,-0.389551256212884,8,0.2
v2_convergence,tangent-sample convergence and estimator stability,SU2-CNOT-line|n8|d48|i4|dir=gaussian|basis=Z|eta=0,SU2-CNOT-line|n8|d48|i4,SU2-CNOT-line,8,48,6.0,4,gaussian,Z,0.0,256,64,1152,64,1.0,256,255,0.9876769483733094,0.4815000399903973,0.4873960524111991,0.0059674409232349,0.0214991996588093,167.57602008364853,4.663464166984271e-05,146.43526516087346,1,8,0.0318966959855768,0.0313725490196078,1.0167071845402629,0.000524146965969,0.0313725490196078,0.0020428436538275,0.256577132071251,0.36906558701866,0.368541440052691,0.1259107006380822,0.1253865536721131,,,0,5.3290705182007506e-15,8.709871060351242e-16,5.3290705182007506e-15,5.2041704279304207e-17,-0.389551256212884,8,0.2
v2_convergence,tangent-sample convergence and estimator stability,SU2-CNOT-line|n8|d48|i4|dir=gaussian|basis=Z|eta=0,SU2-CNOT-line|n8|d48|i4,SU2-CNOT-line,8,48,6.0,4,gaussian,Z,0.0,256,64,1152,64,1.0,256,255,0.9876769483733094,0.4815000399903973,0.4873960524111991,0.0059674409232349,0.0214991996588093,167.57602008364853,4.663464166984271e-05,146.43526516087346,2,36,0.1419917893185103,0.1411764705882353,1.0057751743394483,0.000815318730275,0.1411764705882353,0.0040805148947601,0.1998078064417892,0.7371967121181178,0.7363813933878427,0.2515025995262727,0.2506872807959976,,,0,5.3290705182007506e-15,8.709871060351242e-16,5.3290705182007506e-15,5.2041704279304207e-17,-0.389551256212884,8,0.2
v2_convergence,tangent-sample convergence and estimator stability,SU2-CNOT-line|n8|d48|i4|dir=gaussian|basis=Z|eta=0,SU2-CNOT-line|n8|d48|i4,SU2-CNOT-line,8,48,6.0,4,gaussian,Z,0.0,256,128,1152,128,1.0,256,255,0.9902091764935768,0.483200713309932,0.488007579770794,0.0060843266533741,0.0138492928513946,164.3567245761593,4.865018386093524e-05,143.3698256309571,1,8,0.0331675363477573,0.0313725490196078,1.0572152210847667,0.0017949873281495,0.0313725490196078,0.0015352524888227,1.1691805362426035,0.2773628123462099,0.2755678250180604,0.1294575387912915,0.1276625514631419,,,0,5.3290705182007506e-15,8.709871060351242e-16,5.3290705182007506e-15,5.2041704279304207e-17,-0.389551256212884,8,0.2
v2_convergence,tangent-sample convergence and estimator stability,SU2-CNOT-line|n8|d48|i4|dir=gaussian|basis=Z|eta=0,SU2-CNOT-line|n8|d48|i4,SU2-CNOT-line,8,48,6.0,4,gaussian,Z,0.0,256,128,1152,128,1.0,256,255,0.9902091764935768,0.483200713309932,0.488007579770794,0.0060843266533741,0.0138492928513946,164.3567245761593,4.865018386093524e-05,143.3698256309571,2,36,0.1402757156014723,0.1411764705882353,0.993619652177096,-0.0009007549867629,0.1411764705882353,0.0030666177688738,-0.2937291356965286,0.5540233511804565,0.5531225961936936,0.2585872953552251,0.2576865403684621,,,0,5.3290705182007506e-15,8.709871060351242e-16,5.3290705182007506e-15,5.2041704279304207e-17,-0.389551256212884,8,0.2
v2_convergence,tangent-sample convergence and estimator stability,SU2-CNOT-line|n8|d48|i4|dir=gaussian|basis=Z|eta=0,SU2-CNOT-line|n8|d48|i4,SU2-CNOT-line,8,48,6.0,4,gaussian,Z,0.0,256,256,1152,256,1.0,256,255,0.987010737079884,0.4852629779155486,0.4917512248413145,0.0059139208360054,0.0097970695827398,169.09255766694446,4.469016133840905e-05,149.58706418180182,1,8,0.0321655978299769,0.0313725490196078,1.0252784308305165,0.0007930488103691,0.0313725490196078,0.0011810748138347,0.6714636541899275,0.2133761282534537,0.2125830794430846,0.1242528725213962,0.1234598237110271,,,0,5.3290705182007506e-15,8.709871060351242e-16,5.3290705182007506e-15,5.2041704279304207e-17,-0.389551256212884,8,0.2
v2_convergence,tangent-sample convergence and estimator stability,SU2-CNOT-line|n8|d48|i4|dir=gaussian|basis=Z|eta=0,SU2-CNOT-line|n8|d48|i4,SU2-CNOT-line,8,48,6.0,4,gaussian,Z,0.0,256,256,1152,256,1.0,256,255,0.987010737079884,0.4852629779155486,0.4917512248413145,0.0059139208360054,0.0097970695827398,169.09255766694446,4.469016133840905e-05,149.58706418180182,2,36,0.1390420920022513,0.1411764705882353,0.9848814850159467,-0.0021343785859839,0.1411764705882353,0.0023591591851137,-0.904720037313238,0.4262119951730606,0.4240776165870766,0.2481911408591277,0.2460567622731438,,,0,5.3290705182007506e-15,8.709871060351242e-16,5.3290705182007506e-15,5.2041704279304207e-17,-0.389551256212884,8,0.2
v2_convergence,tangent-sample convergence and estimator stability,SU2-HaarU4-brickwork|n12|d72|i4|dir=gaussian|basis=Z|eta=0,SU2-HaarU4-brickwork|n12|d72|i4,SU2-HaarU4-brickwork,12,72,6.0,4,gaussian,Z,0.0,256,32,2592,32,1.0,4096,4095,0.9788797306567016,0.485257383108454,0.4956635532804024,0.0015480791254829,0.0327497016528115,645.9618139273391,3.4207786829905846e-06,540.6765219491742,1,12,0.0029797239227995,0.0029304029304029,1.016830788655349,4.932099239662695e-05,0.0029304029304029,0.0002153475283001,0.229029758483667,0.623636886580927,0.6235875655885303,0.1249027457242512,0.1248534247318546,,,0,1.8651746813702633e-14,3.967095762458458e-15,1.8762769116165142e-14,2.6454533008646308e-17,-0.4339434163173593,8,0.2
v2_convergence,tangent-sample convergence and estimator stability,SU2-HaarU4-brickwork|n12|d72|i4|dir=gaussian|basis=Z|eta=0,SU2-HaarU4-brickwork|n12|d72|i4,SU2-HaarU4-brickwork,12,72,6.0,4,gaussian,Z,0.0,256,32,2592,32,1.0,4096,4095,0.9788797306567016,0.485257383108454,0.4956635532804024,0.0015480791254829,0.0327497016528115,645.9618139273391,3.4207786829905846e-06,540.6765219491742,2,78,0.0178101037226318,0.019047619047619,0.9350304454381744,-0.0012375153249871,0.019047619047619,0.0005445751197391,-2.27244190953835,1.577065382939022,1.575827867614035,0.3158565517118275,0.3146190363868403,,,0,1.8651746813702633e-14,3.967095762458458e-15,1.8762769116165142e-14,2.6454533008646308e-17,-0.4339434163173593,8,0.2
v2_convergence,tangent-sample convergence and estimator stability,SU2-HaarU4-brickwork|n12|d72|i4|dir=gaussian|basis=Z|eta=0,SU2-HaarU4-brickwork|n12|d72|i4,SU2-HaarU4-brickwork,12,72,6.0,4,gaussian,Z,0.0,256,64,2592,64,1.0,4096,4095,0.9783020013381613,0.485114463476423,0.4958738826325091,0.0015876473106036,0.0171878403213755,629.862812301659,3.644831883312683e-06,523.7948803954565,1,12,0.0028952241753787,0.0029304029304029,0.9879952498480138,-3.517875502413552e-05,0.0029304029304029,0.0001554765214319,-0.2262640989142641,0.4502531072804461,0.450217928525422,0.1267837635590554,0.1267485848040313,,,0,1.8651746813702633e-14,3.967095762458458e-15,1.8762769116165142e-14,2.6454533008646308e-17,-0.4339434163173593,8,0.2
v2_convergence,tangent-sample convergence and estimator stability,SU2-HaarU4-brickwork|n12|d72|i4|dir=gaussian|basis=Z|eta=0,SU2-HaarU4-brickwork|n12|d72|i4,SU2-HaarU4-brickwork,12,72,6.0,4,gaussian,Z,0.0,256,64,2592,64,1.0,4096,4095,0.9783020013381613,0.485114463476423,0.4958738826325091,0.0015876473106036,0.0171878403213755,629.862812301659,3.644831883312683e-06,523.7948803954565,2,78,0.0179658016076608,0.019047619047619,0.9432045844021928,-0.0010818174399582,0.019047619047619,0.0003931721248152,-2.7515110346813287,1.1386090276758785,1.1375272102359202,0.320613307086296,0.3195314896463377,,,0,1.8651746813702633e-14,3.967095762458458e-15,1.8762769116165142e-14,2.6454533008646308e-17,-0.4339434163173593,8,0.2
v2_convergence,tangent-sample convergence and estimator stability,SU2-HaarU4-brickwork|n12|d72|i4|dir=gaussian|basis=Z|eta=0,SU2-HaarU4-brickwork|n12|d72|i4,SU2-HaarU4-brickwork,12,72,6.0,4,gaussian,Z,0.0,256,128,2592,128,1.0,4096,4095,0.984112341869884,0.4878511139750317,0.4957034797356149,0.0016108212378183,0.0094107366968978,620.8013505920651,4.1686358172728005e-06,489.78222763088695,1,12,0.0028173021337096,0.0029304029304029,0.9614043531284178,-0.0001131007966932,0.0029304029304029,0.000114357352276,-0.9890120262686044,0.3311738179400358,0.3310607171433425,0.1278725729835902,0.127759472186897,,,0,1.8651746813702633e-14,3.967095762458458e-15,1.8762769116165142e-14,2.6454533008646308e-17,-0.4339434163173593,8,0.2
v2_convergence,tangent-sample convergence and estimator stability,SU2-HaarU4-brickwork|n12|d72|i4|dir=gaussian|basis=Z|eta=0,SU2-HaarU4-brickwork|n12|d72|i4,SU2-HaarU4-brickwork,12,72,6.0,4,gaussian,Z,0.0,256,128,2592,128,1.0,4096,4095,0.984112341869884,0.4878511139750317,0.4957034797356149,0.0016108212378183,0.0094107366968978,620.8013505920651,4.1686358172728005e-06,489.78222763088695,2,78,0.0183297305329935,0.019047619047619,0.96231085298216,-0.0007178885146255,0.019047619047619,0.0002891891506737,-2.482418558763161,0.8374789484829582,0.8367610599683327,0.3233667100504241,0.3226488215357986,,,0,1.8651746813702633e-14,3.967095762458458e-15,1.8762769116165142e-14,2.6454533008646308e-17,-0.4339434163173593,8,0.2
v2_convergence,tangent-sample convergence and estimator stability,SU2-HaarU4-brickwork|n12|d72|i4|dir=gaussian|basis=Z|eta=0,SU2-HaarU4-brickwork|n12|d72|i4,SU2-HaarU4-brickwork,12,72,6.0,4,gaussian,Z,0.0,256,256,2592,256,1.0,4096,4095,0.984874077984528,0.4883022922369169,0.4958195005782161,0.0016098353730665,0.0055097969536404,621.1815299443545,4.001042683833183e-06,499.934844998162,1,12,0.0026862441645359,0.0029304029304029,0.9166808211478958,-0.0002441587658669,0.0029304029304029,8.66732842726514e-05,-2.817001431478152,0.2510019853964323,0.2507578266305654,0.1278264417567562,0.1275822829908892,,,0,1.8651746813702633e-14,3.967095762458458e-15,1.8762769116165142e-14,2.6454533008646308e-17,-0.4339434163173593,8,0.2
v2_convergence,tangent-sample convergence and estimator stability,SU2-HaarU4-brickwork|n12|d72|i4|dir=gaussian|basis=Z|eta=0,SU2-HaarU4-brickwork|n12|d72|i4,SU2-HaarU4-brickwork,12,72,6.0,4,gaussian,Z,0.0,256,256,2592,256,1.0,4096,4095,0.984874077984528,0.4883022922369169,0.4958195005782161,0.0016098353730665,0.0055097969536404,621.1815299443545,4.001042683833183e-06,499.934844998162,2,78,0.0182856104019107,0.019047619047619,0.9599945461003117,-0.0007620086457083,0.019047619047619,0.000219181127982,-3.4766161335327053,0.6347388211558457,0.6339768125101374,0.3232500524849755,0.3224880438392671,,,0,1.8651746813702633e-14,3.967095762458458e-15,1.8762769116165142e-14,2.6454533008646308e-17,-0.4339434163173593,8,0.2
v2_convergence,tangent-sample convergence and estimator stability,U1-RZ-XY-line|n16|d96|i0|dir=gaussian|basis=Z|eta=0,U1-RZ-XY-line|n16|d96|i0,U1-RZ-XY-line,16,96,6.0,0,gaussian,Z,0.0,256,32,2256,32,1.0,12870,12869,0.7656352732396923,0.363908550444887,0.4753897687800643,0.0144231102091555,0.0452223880151194,69.33317332382434,0.0002000013348154,70.71044215556843,1,15,0.225773906789095,0.0011655917320693,193.6989604312576,0.2246083150570257,0.0011655917320693,9.03751439504218e-05,2485.288600815307,0.8224238107418735,0.5978154956848478,0.4636057033074459,0.2389973882504202,,,0,4.440892098500626e-16,3.024116266474586e-16,6.661338147750939e-16,5.551115123125783e-17,-0.2663816621937795,8,0.2
v2_convergence,tangent-sample convergence and estimator stability,U1-RZ-XY-line|n16|d96|i0|dir=gaussian|basis=Z|eta=0,U1-RZ-XY-line|n16|d96|i0,U1-RZ-XY-line,16,96,6.0,0,gaussian,Z,0.0,256,32,2256,32,1.0,12870,12869,0.7656352732396923,0.363908550444887,0.4753897687800643,0.0144231102091555,0.0452223880151194,69.33317332382434,0.0002000013348154,70.71044215556843,2,119,0.4303456032056465,0.0092470277410832,46.53880308952491,0.4210985754645633,0.0092470277410832,0.0002535203336933,1661.0051325270178,2.307063090831589,1.885964515367026,1.300506615725069,0.879408040260506,,,0,4.440892098500626e-16,3.024116266474586e-16,6.661338147750939e-16,5.551115123125783e-17,-0.2663816621937795,8,0.2
v2_convergence,tangent-sample convergence and estimator stability,U1-RZ-XY-line|n16|d96|i0|dir=gaussian|basis=Z|eta=0,U1-RZ-XY-line|n16|d96|i0,U1-RZ-XY-line,16,96,6.0,0,gaussian,Z,0.0,256,64,2256,64,1.0,12870,12869,0.7575941449417517,0.3602899161228304,0.477326259628244,0.0143115921711253,0.0297129735434515,69.87342764123555,0.0002601349955026,62.0012734351563,1,15,0.2438849859578044,0.0011655917320693,209.2370589527323,0.242719394225735,0.0011655917320693,7.322344013622112e-05,3314.7772594976745,0.6663414080479522,0.4236220138222171,0.4618002028326596,0.2190808086069245,,,0,4.440892098500626e-16,3.024116266474586e-16,6.661338147750939e-16,5.551115123125783e-17,-0.2663816621937795,8,0.2
v2_convergence,tangent-sample convergence and estimator stability,U1-RZ-XY-line|n16|d96|i0|dir=gaussian|basis=Z|eta=0,U1-RZ-XY-line|n16|d96|i0,U1-RZ-XY-line,16,96,6.0,0,gaussian,Z,0.0,256,64,2256,64,1.0,12870,12869,0.7575941449417517,0.3602899161228304,0.477326259628244,0.0143115921711253,0.0297129735434515,69.87342764123555,0.0002601349955026,62.0012734351563,2,119,0.4451416375102196,0.0092470277410832,48.13888851360517,0.4358946097691364,0.0092470277410832,0.0002054063779714,2122.1084470398187,1.8692207695366407,1.4333261597675042,1.2954418261950813,0.8595472164259449,,,0,4.440892098500626e-16,3.024116266474586e-16,6.661338147750939e-16,5.551115123125783e-17,-0.2663816621937795,8,0.2
v2_convergence,tangent-sample convergence and estimator stability,U1-RZ-XY-line|n16|d96|i0|dir=gaussian|basis=Z|eta=0,U1-RZ-XY-line|n16|d96|i0,U1-RZ-XY-line,16,96,6.0,0,gaussian,Z,0.0,256,128,2256,128,1.0,12870,12869,0.7744660846175546,0.368130933265888,0.4766103188542014,0.0139666742236103,0.0216700595812384,71.59900660599077,0.0002499646014007,63.250031286914286,1,15,0.2422676891323428,0.0011655917320693,207.84952609627464,0.2411020974002735,0.0011655917320693,6.250225608302361e-05,3857.494313165439,0.5687774467719098,0.3276753493716363,0.4561706792705762,0.2150685818703027,,,0,4.440892098500626e-16,3.024116266474586e-16,6.661338147750939e-16,5.551115123125783e-17,-0.2663816621937795,8,0.2
v2_convergence,tangent-sample convergence and estimator stability,U1-RZ-XY-line|n16|d96|i0|dir=gaussian|basis=Z|eta=0,U1-RZ-XY-line|n16|d96|i0,U1-RZ-XY-line,16,96,6.0,0,gaussian,Z,0.0,256,128,2256,128,1.0,12870,12869,0.7744660846175546,0.368130933265888,0.4766103188542014,0.0139666742236103,0.0216700595812384,71.59900660599077,0.0002499646014007,63.250031286914286,2,119,0.443017910143758,0.0092470277410832,47.90922256840354,0.4337708824026748,0.0092470277410832,0.0001753313148518,2474.0068981355685,1.595534367081635,1.1617634846789606,1.2796498879517884,0.8458790055491135,,,0,4.440892098500626e-16,3.024116266474586e-16,6.661338147750939e-16,5.551115123125783e-17,-0.2663816621937795,8,0.2
v2_convergence,tangent-sample convergence and estimator stability,U1-RZ-XY-line|n16|d96|i0|dir=gaussian|basis=Z|eta=0,U1-RZ-XY-line|n16|d96|i0,U1-RZ-XY-line,16,96,6.0,0,gaussian,Z,0.0,256,256,2256,256,1.0,12870,12869,0.7792048068766116,0.3706216234971212,0.4762684837356844,0.0142923560424649,0.0181427765266741,69.9674705156261,0.0002654535985576,61.37700485800616,1,15,0.2379439472056149,0.0011655917320693,204.1400437726039,0.2367783554735456,0.0011655917320693,5.716964991305043e-05,4141.679297208621,0.520250140526059,0.2834717850525133,0.4614880515554743,0.2247096960819287,,,0,4.440892098500626e-16,3.024116266474586e-16,6.661338147750939e-16,5.551115123125783e-17,-0.2663816621937795,8,0.2
v2_convergence,tangent-sample convergence and estimator stability,U1-RZ-XY-line|n16|d96|i0|dir=gaussian|basis=Z|eta=0,U1-RZ-XY-line|n16|d96|i0,U1-RZ-XY-line,16,96,6.0,0,gaussian,Z,0.0,256,256,2256,256,1.0,12870,12869,0.7792048068766116,0.3706216234971212,0.4762684837356844,0.0142923560424649,0.0181427765266741,69.9674705156261,0.0002654535985576,61.37700485800616,2,119,0.4401394165840021,0.0092470277410832,47.59793405058422,0.4308923888429188,0.0092470277410832,0.0001603722892108,2686.8257038875163,1.4594055784023614,1.0285131895594426,1.294566179501802,0.8636737906588832,,,0,4.440892098500626e-16,3.024116266474586e-16,6.661338147750939e-16,5.551115123125783e-17,-0.2663816621937795,8,0.2
v2_convergence,tangent-sample convergence and estimator stability,SU2-CNOT-line|n8|d48|i5|dir=gaussian|basis=Z|eta=0,SU2-CNOT-line|n8|d48|i5,SU2-CNOT-line,8,48,6.0,5,gaussian,Z,0.0,256,32,1152,32,1.0,256,255,0.9922401385928312,0.4893059433940021,0.4923652685609088,0.0056851432014194,0.036757482476375,175.89706443108136,3.136405604286715e-05,178.559881646721,1,8,0.0331447964528613,0.0313725490196078,1.0564903869349551,0.0017722474332534,0.0313725490196078,0.0027920906322793,0.634738504819487,0.5044265459477335,0.50265429851448,0.1169015566772967,0.1151293092440432,,,0,2.220446049250313e-15,4.0592900003574344e-16,2.220446049250313e-15,5.2041704279304207e-17,-0.3782201152574937,8,0.2
v2_convergence,tangent-sample convergence and estimator stability,SU2-CNOT-line|n8|d48|i5|dir=gaussian|basis=Z|eta=0,SU2-CNOT-line|n8|d48|i5,SU2-CNOT-line,8,48,6.0,5,gaussian,Z,0.0,256,32,1152,32,1.0,256,255,0.9922401385928312,0.4893059433940021,0.4923652685609088,0.0056851432014194,0.036757482476375,175.89706443108136,3.136405604286715e-05,178.559881646721,2,36,0.1381013584191883,0.1411764705882353,0.9782179554692508,-0.0030751121690469,0.1411764705882353,0.0055771117829744,-0.551380766373469,1.0075759004834182,1.0045007883143713,0.2335071224606907,0.2304320102916438,,,0,2.220446049250313e-15,4.0592900003574344e-16,2.220446049250313e-15,5.2041704279304207e-17,-0.3782201152574937,8,0.2
v2_convergence,tangent-sample convergence and estimator stability,SU2-CNOT-line|n8|d48|i5|dir=gaussian|basis=Z|eta=0,SU2-CNOT-line|n8|d48|i5,SU2-CNOT-line,8,48,6.0,5,gaussian,Z,0.0,256,64,1152,64,1.0,256,255,0.9954334271313824,0.4877414634605082,0.4900986929205219,0.0058177323490336,0.02135183028108,171.8882788009491,3.816489320072283e-05,161.87059917768886,1,8,0.0319089463938691,0.0313725490196078,1.0170976663045803,0.0005363973742613,0.0313725490196078,0.002034262114697,0.263681543487444,0.3675152232545037,0.3669788258802424,0.1212163761965563,0.120679978822295,,,0,2.220446049250313e-15,4.0592900003574344e-16,2.220446049250313e-15,5.2041704279304207e-17,-0.3782201152574937,8,0.2
v2_convergence,tangent-sample convergence and estimator stability,SU2-CNOT-line|n8|d48|i5|dir=gaussian|basis=Z|eta=0,SU2-CNOT-line|n8|d48|i5,SU2-CNOT-line,8,48,6.0,5,gaussian,Z,0.0,256,64,1152,64,1.0,256,255,0.9954334271313824,0.4877414634605082,0.4900986929205219,0.0058177323490336,0.02135183028108,171.8882788009491,3.816489320072283e-05,161.87059917768886,2,36,0.1391507314236476,0.1411764705882353,0.9856510142508376,-0.0020257391645876,0.1411764705882353,0.0040633735446737,-0.4985362882137653,0.7340999100598286,0.732074170895241,0.2421258365182017,0.240100097353614,,,0,2.220446049250313e-15,4.0592900003574344e-16,2.220446049250313e-15,5.2041704279304207e-17,-0.3782201152574937,8,0.2
v2_convergence,tangent-sample convergence and estimator stability,SU2-CNOT-line|n8|d48|i5|dir=gaussian|basis=Z|eta=0,SU2-CNOT-line|n8|d48|i5,SU2-CNOT-line,8,48,6.0,5,gaussian,Z,0.0,256,128,1152,128,1.0,256,255,0.982529042364,0.4830166724107105,0.4915926638900982,0.00588248952991,0.0136490325804576,169.996052677257,4.420147827284277e-05,150.41169415398326,1,8,0.032894795630296,0.0313725490196078,1.0485216107156876,0.0015222466106882,0.0313725490196078,0.001519689185134,1.0016828609291872,0.2745511043620763,0.2730288577513881,0.1232688708579125,0.1217466242472242,,,0,2.220446049250313e-15,4.0592900003574344e-16,2.220446049250313e-15,5.2041704279304207e-17,-0.3782201152574937,8,0.2
v2_convergence,tangent-sample convergence and estimator stability,SU2-CNOT-line|n8|d48|i5|dir=gaussian|basis=Z|eta=0,SU2-CNOT-line|n8|d48|i5,SU2-CNOT-line,8,48,6.0,5,gaussian,Z,0.0,256,128,1152,128,1.0,256,255,0.982529042364,0.4830166724107105,0.4915926638900982,0.00588248952991,0.0136490325804576,169.996052677257,4.420147827284277e-05,150.41169415398326,2,36,0.1395406034690181,0.1411764705882353,0.988412607905545,-0.0016358671192171,0.1411764705882353,0.0030355305672692,-0.5389064886567148,0.548407054364263,0.5467711872450458,0.2462256289919855,0.2445897618727684,,,0,2.220446049250313e-15,4.0592900003574344e-16,2.220446049250313e-15,5.2041704279304207e-17,-0.3782201152574937,8,0.2
v2_convergence,tangent-sample convergence and estimator stability,SU2-CNOT-line|n8|d48|i5|dir=gaussian|basis=Z|eta=0,SU2-CNOT-line|n8|d48|i5,SU2-CNOT-line,8,48,6.0,5,gaussian,Z,0.0,256,256,1152,256,1.0,256,255,0.9781001635263749,0.4803745837296637,0.4910452670669288,0.0059150841942516,0.0097982283966178,169.05930112910517,4.382427625582737e-05,151.0576150787323,1,8,0.0317885857561864,0.0313725490196078,1.0132611709784425,0.0004160367365785,0.0313725490196078,0.001181191278662,0.352217921088826,0.2133971691000071,0.2129811323634285,0.1242891435954038,0.1238731068588252,,,0,2.220446049250313e-15,4.0592900003574344e-16,2.220446049250313e-15,5.2041704279304207e-17,-0.3782201152574937,8,0.2
v2_convergence,tangent-sample convergence and estimator stability,SU2-CNOT-line|n8|d48|i5|dir=gaussian|basis=Z|eta=0,SU2-CNOT-line|n8|d48|i5,SU2-CNOT-line,8,48,6.0,5,gaussian,Z,0.0,256,256,1152,256,1.0,256,255,0.9781001635263749,0.4803745837296637,0.4910452670669288,0.0059150841942516,0.0097982283966178,169.05930112910517,4.382427625582737e-05,151.0576150787323,2,36,0.1373779798222805,0.1411764705882353,0.9730940237411536,-0.0037984907659547,0.1411764705882353,0.0023593918198832,-1.6099448739051696,0.4262540235914363,0.4224555328254815,0.2482635911699773,0.2444651004040225,,,0,2.220446049250313e-15,4.0592900003574344e-16,2.220446049250313e-15,5.2041704279304207e-17,-0.3782201152574937,8,0.2
v2_convergence,tangent-sample convergence and estimator stability,SU2-HaarU4-brickwork|n12|d72|i5|dir=gaussian|basis=Z|eta=0,SU2-HaarU4-brickwork|n12|d72|i5,SU2-HaarU4-brickwork,12,72,6.0,5,gaussian,Z,0.0,256,32,2592,32,1.0,4096,4095,0.9890300020270368,0.4896577615631192,0.4950724484023184,0.001802742175656,0.0329964064826668,554.7104924397037,4.475359930789316e-06,472.7004496353399,1,12,0.0029935923467292,0.0029304029304029,1.0215633883213404,6.318941632627246e-05,0.0029304029304029,0.0002161631879519,0.2923227443347752,0.6259990007403674,0.6259358113240411,0.1365565718204464,0.1364933824041201,,,0,1.5987211554602254e-14,2.4823917186128585e-15,1.5987211554602254e-14,2.3852447794681098e-17,-0.4134573960534977,8,0.2
v2_convergence,tangent-sample convergence and estimator stability,SU2-HaarU4-brickwork|n12|d72|i5|dir=gaussian|basis=Z|eta=0,SU2-HaarU4-brickwork|n12|d72|i5,SU2-HaarU4-brickwork,12,72,6.0,5,gaussian,Z,0.0,256,32,2592,32,1.0,4096,4095,0.9890300020270368,0.4896577615631192,0.4950724484023184,0.001802742175656,0.0329964064826668,554.7104924397037,4.475359930789316e-06,472.7004496353399,2,78,0.0180773377936603,0.019047619047619,0.9490602341671676,-0.0009702812539587,0.019047619047619,0.0005466377761164,-1.7749985389813363,1.5830387442836773,1.5820684630297186,0.3453269793125141,0.3443566980585554,,,0,1.5987211554602254e-14,2.4823917186128585e-15,1.5987211554602254e-14,2.3852447794681098e-17,-0.4134573960534977,8,0.2
v2_convergence,tangent-sample convergence and estimator stability,SU2-HaarU4-brickwork|n12|d72|i5|dir=gaussian|basis=Z|eta=0,SU2-HaarU4-brickwork|n12|d72|i5,SU2-HaarU4-brickwork,12,72,6.0,5,gaussian,Z,0.0,256,64,2592,64,1.0,4096,4095,0.9920497575152294,0.4907276859759492,0.4946305596801403,0.0016424011873254,0.0172417386687734,608.8646353382563,3.512324891439338e-06,533.5838290475576,1,12,0.0027054681291303,0.0029304029304029,0.9232409990657428,-0.0002249348012725,0.0029304029304029,0.0001557236133759,-1.4444488950403402,0.4509686745861295,0.4507437397848569,0.1293415780474692,0.1291166432461966,,,0,1.5987211554602254e-14,2.4823917186128585e-15,1.5987211554602254e-14,2.3852447794681098e-17,-0.4134573960534977,8,0.2
v2_convergence,tangent-sample convergence and estimator stability,SU2-HaarU4-brickwork|n12|d72|i5|dir=gaussian|basis=Z|eta=0,SU2-HaarU4-brickwork|n12|d72|i5,SU2-HaarU4-brickwork,12,72,6.0,5,gaussian,Z,0.0,256,64,2592,64,1.0,4096,4095,0.9920497575152294,0.4907276859759492,0.4946305596801403,0.0016424011873254,0.0172417386687734,608.8646353382563,3.512324891439338e-06,533.5838290475576,2,78,0.0178250127913347,0.019047619047619,0.9358131715450768,-0.0012226062562842,0.019047619047619,0.0003937969758456,-3.1046613642952448,1.1404185685340904,1.139195962277806,0.3270815593216194,0.3258589530653352,,,0,1.5987211554602254e-14,2.4823917186128585e-15,1.5987211554602254e-14,2.3852447794681098e-17,-0.4134573960534977,8,0.2
v2_convergence,tangent-sample convergence and estimator stability,SU2-HaarU4-brickwork|n12|d72|i5|dir=gaussian|basis=Z|eta=0,SU2-HaarU4-brickwork|n12|d72|i5,SU2-HaarU4-brickwork,12,72,6.0,5,gaussian,Z,0.0,256,128,2592,128,1.0,4096,4095,0.9856493362734224,0.4871913246083985,0.4942466667462634,0.0016603198897545,0.0094598486406158,602.2935737689884,3.964216359488503e-06,502.25159577481446,1,12,0.0027690025303099,0.0029304029304029,0.9449221134682612,-0.000161400400093,0.0029304029304029,0.0001146632916717,-1.4076030588329522,0.3320598048547733,0.3318984044546803,0.1301677307658932,0.1300063303658001,,,0,1.5987211554602254e-14,2.4823917186128585e-15,1.5987211554602254e-14,2.3852447794681098e-17,-0.4134573960534977,8,0.2
v2_convergence,tangent-sample convergence and estimator stability,SU2-HaarU4-brickwork|n12|d72|i5|dir=gaussian|basis=Z|eta=0,SU2-HaarU4-brickwork|n12|d72|i5,SU2-HaarU4-brickwork,12,72,6.0,5,gaussian,Z,0.0,256,128,2592,128,1.0,4096,4095,0.9856493362734224,0.4871913246083985,0.4942466667462634,0.0016603198897545,0.0094598486406158,602.2935737689884,3.964216359488503e-06,502.25159577481446,2,78,0.0180033226132672,0.019047619047619,0.9451744371965314,-0.0010442964343517,0.019047619047619,0.0002899628163124,-3.6014839682974493,0.8397194498436618,0.83867515340931,0.3291707507746626,0.3281264543403108,,,0,1.5987211554602254e-14,2.4823917186128585e-15,1.5987211554602254e-14,2.3852447794681098e-17,-0.4134573960534977,8,0.2
v2_convergence,tangent-sample convergence and estimator stability,SU2-HaarU4-brickwork|n12|d72|i5|dir=gaussian|basis=Z|eta=0,SU2-HaarU4-brickwork|n12|d72|i5,SU2-HaarU4-brickwork,12,72,6.0,5,gaussian,Z,0.0,256,256,2592,256,1.0,4096,4095,0.9858247417907308,0.4876000904382375,0.4946060884492689,0.001648325995398,0.0055481372219785,606.676108240651,4.191111140947157e-06,488.4672050307057,1,12,0.0026464414976844,0.0029304029304029,0.9030981610848208,-0.0002839614327184,0.0029304029304029,8.698825805639479e-05,-3.264365088612084,0.2519141354981721,0.2516301740654536,0.1296153276575821,0.1293313662248636,,,0,1.5987211554602254e-14,2.4823917186128585e-15,1.5987211554602254e-14,2.3852447794681098e-17,-0.4134573960534977,8,0.2
v2_convergence,tangent-sample convergence and estimator stability,SU2-HaarU4-brickwork|n12|d72|i5|dir=gaussian|basis=Z|eta=0,SU2-HaarU4-brickwork|n12|d72|i5,SU2-HaarU4-brickwork,12,72,6.0,5,gaussian,Z,0.0,256,256,2592,256,1.0,4096,4095,0.9858247417907308,0.4876000904382375,0.4946060884492689,0.001648325995398,0.0055481372219785,606.676108240651,4.191111140947157e-06,488.4672050307057,2,78,0.0180865523928369,0.019047619047619,0.9495440006239412,-0.000961066654782,0.019047619047619,0.0002199776399613,-4.368928837271836,0.637045484505066,0.6360844178502839,0.3277738227893385,0.3268127561345564,,,0,1.5987211554602254e-14,2.4823917186128585e-15,1.5987211554602254e-14,2.3852447794681098e-17,-0.4134573960534977,8,0.2
v2_convergence,tangent-sample convergence and estimator stability,U1-RZ-XY-line|n16|d96|i1|dir=gaussian|basis=Z|eta=0,U1-RZ-XY-line|n16|d96|i1,U1-RZ-XY-line,16,96,6.0,1,gaussian,Z,0.0,256,32,2256,32,1.0,12870,12869,0.7830565662012388,0.3716062788946644,0.474980455295349,0.0143329951863388,0.0451350890867657,69.76908782842038,0.0002453247146886,63.84536127154992,1,15,0.2144603395365592,0.0011655917320693,183.99267396639877,0.2132947478044899,0.0011655917320693,9.028771979824564e-05,2362.3893512995155,0.8216282412828304,0.6083334934783404,0.4621472691218938,0.2488525213174039,,,0,1.3322676295501878e-15,7.527044203160233e-16,1.7763568394002505e-15,6.938893903907227e-17,-0.2439854942589182,8,0.2
v2_convergence,tangent-sample convergence and estimator stability,U1-RZ-XY-line|n16|d96|i1|dir=gaussian|basis=Z|eta=0,U1-RZ-XY-line|n16|d96|i1,U1-RZ-XY-line,16,96,6.0,1,gaussian,Z,0.0,256,32,2256,32,1.0,12870,12869,0.7830565662012388,0.3716062788946644,0.474980455295349,0.0143329951863388,0.0451350890867657,69.76908782842038,0.0002453247146886,63.84536127154992,2,119,0.4161570188511451,0.0092470277410832,45.004409038616686,0.4069099911100619,0.0092470277410832,0.000253275091481,1606.5930081420497,2.304831359562165,1.897921368452104,1.2964154164723882,0.8895054253623264,,,0,1.3322676295501878e-15,7.527044203160233e-16,1.7763568394002505e-15,6.938893903907227e-17,-0.2439854942589182,8,0.2
v2_convergence,tangent-sample convergence and estimator stability,U1-RZ-XY-line|n16|d96|i1|dir=gaussian|basis=Z|eta=0,U1-RZ-XY-line|n16|d96|i1,U1-RZ-XY-line,16,96,6.0,1,gaussian,Z,0.0,256,64,2256,64,1.0,12870,12869,0.7863565921177176,0.3748745411151003,0.4773263120320531,0.0135139321508901,0.0289277769610325,73.99770761274178,0.0002115827742179,68.74796487502134,1,15,0.2164637520664031,0.0011655917320693,185.71146835616943,0.2152981603343338,0.0011655917320693,7.224688810258739e-05,2980.0336871066324,0.6574546764779381,0.4421565161436043,0.4486741280947972,0.2333759677604633,,,0,1.3322676295501878e-15,7.527044203160233e-16,1.7763568394002505e-15,6.938893903907227e-17,-0.2439854942589182,8,0.2
v2_convergence,tangent-sample convergence and estimator stability,U1-RZ-XY-line|n16|d96|i1|dir=gaussian|basis=Z|eta=0,U1-RZ-XY-line|n16|d96|i1,U1-RZ-XY-line,16,96,6.0,1,gaussian,Z,0.0,256,64,2256,64,1.0,12870,12869,0.7863565921177176,0.3748745411151003,0.4773263120320531,0.0135139321508901,0.0289277769610325,73.99770761274178,0.0002115827742179,68.74796487502134,2,119,0.4164149334227289,0.0092470277410832,45.03230065728654,0.4071679056816457,0.0092470277410832,0.0002026669544241,2009.0493136320824,1.844291712114516,1.43712380643287,1.2586205642621335,0.8514526585804878,,,0,1.3322676295501878e-15,7.527044203160233e-16,1.7763568394002505e-15,6.938893903907227e-17,-0.2439854942589182,8,0.2
v2_convergence,tangent-sample convergence and estimator stability,U1-RZ-XY-line|n16|d96|i1|dir=gaussian|basis=Z|eta=0,U1-RZ-XY-line|n16|d96|i1,U1-RZ-XY-line,16,96,6.0,1,gaussian,Z,0.0,256,128,2256,128,1.0,12870,12869,0.784690121699879,0.374461132188443,0.4781073052346717,0.0147983399432926,0.0224952279124856,67.57514720110564,0.0002903540738048,58.68620658983119,1,15,0.2262864498314961,0.0011655917320693,194.1386881921016,0.2251208580994268,0.0011655917320693,6.368534469979601e-05,3534.8926689588598,0.579543684103549,0.3544228260041221,0.4696297836393173,0.2445089255398904,,,0,1.3322676295501878e-15,7.527044203160233e-16,1.7763568394002505e-15,6.938893903907227e-17,-0.2439854942589182,8,0.2
v2_convergence,tangent-sample convergence and estimator stability,U1-RZ-XY-line|n16|d96|i1|dir=gaussian|basis=Z|eta=0,U1-RZ-XY-line|n16|d96|i1,U1-RZ-XY-line,16,96,6.0,1,gaussian,Z,0.0,256,128,2256,128,1.0,12870,12869,0.784690121699879,0.374461132188443,0.4781073052346717,0.0147983399432926,0.0224952279124856,67.57514720110564,0.0002903540738048,58.68620658983119,2,119,0.4256750520123227,0.0092470277410832,46.0337163390469,0.4164280242712395,0.0092470277410832,0.0001786501147762,2330.9698109777837,1.6257358136479163,1.2093077893766768,1.317405364531148,0.9009773402599086,,,0,1.3322676295501878e-15,7.527044203160233e-16,1.7763568394002505e-15,6.938893903907227e-17,-0.2439854942589182,8,0.2
v2_convergence,tangent-sample convergence and estimator stability,U1-RZ-XY-line|n16|d96|i1|dir=gaussian|basis=Z|eta=0,U1-RZ-XY-line|n16|d96|i1,U1-RZ-XY-line,16,96,6.0,1,gaussian,Z,0.0,256,256,2256,256,1.0,12870,12869,0.7797490423618831,0.3713386572614339,0.4770380600213846,0.0148647165430508,0.0187129012440545,67.27339852756838,0.0002965139226307,58.07342696468348,1,15,0.2270298169885378,0.0011655917320693,194.7764476550329,0.2258642252564685,0.0011655917320693,5.806476540623764e-05,3889.867179799282,0.5283957905663508,0.3025315653098822,0.4706873932423171,0.2448231679858485,,,0,1.3322676295501878e-15,7.527044203160233e-16,1.7763568394002505e-15,6.938893903907227e-17,-0.2439854942589182,8,0.2
v2_convergence,tangent-sample convergence and estimator stability,U1-RZ-XY-line|n16|d96|i1|dir=gaussian|basis=Z|eta=0,U1-RZ-XY-line|n16|d96|i1,U1-RZ-XY-line,16,96,6.0,1,gaussian,Z,0.0,256,256,2256,256,1.0,12870,12869,0.7797490423618831,0.3713386572614339,0.4770380600213846,0.0148647165430508,0.0187129012440545,67.27339852756838,0.0002965139226307,58.07342696468348,2,119,0.4272670324279903,0.0092470277410832,46.20587764971267,0.4180200046869071,0.0092470277410832,0.000162883266993,2566.377826303637,1.4822557540822654,1.0642357493953585,1.320372170754072,0.902352166067165,,,0,1.3322676295501878e-15,7.527044203160233e-16,1.7763568394002505e-15,6.938893903907227e-17,-0.2439854942589182,8,0.2
v2_convergence,tangent-sample convergence and estimator stability,SU2-CNOT-line|n8|d48|i6|dir=gaussian|basis=Z|eta=0,SU2-CNOT-line|n8|d48|i6,SU2-CNOT-line,8,48,6.0,6,gaussian,Z,0.0,256,32,1152,32,1.0,256,255,0.992916576121908,0.4871842870392544,0.4909566965975194,0.0058498054771245,0.0369169990559644,170.94585519304252,3.58649783164433e-05,166.98009880564987,1,8,0.0296073929443661,0.0313725490196078,0.9437356501016698,-0.0017651560752417,0.0313725490196078,0.0027988643913519,-0.6306686671550629,0.5056503113415186,0.5038851552662769,0.1222372494646625,0.1204720933894208,,,0,1.5543122344752194e-15,2.551871984339994e-16,1.5543122344752194e-15,5.2909066017292616e-17,-0.390547579717535,8,0.2
v2_convergence,tangent-sample convergence and estimator stability,SU2-CNOT-line|n8|d48|i6|dir=gaussian|basis=Z|eta=0,SU2-CNOT-line|n8|d48|i6,SU2-CNOT-line,8,48,6.0,6,gaussian,Z,0.0,256,32,1152,32,1.0,256,255,0.992916576121908,0.4871842870392544,0.4909566965975194,0.0058498054771245,0.0369169990559644,170.94585519304252,3.58649783164433e-05,166.98009880564987,2,36,0.1390337972860783,0.1411764705882353,0.9848227307763878,-0.002142673302157,0.1411764705882353,0.0055906421501846,-0.3832606782185529,1.0100203327372896,1.0078776594351326,0.2441649982368995,0.2420223249347425,,,0,1.5543122344752194e-15,2.551871984339994e-16,1.5543122344752194e-15,5.2909066017292616e-17,-0.390547579717535,8,0.2
v2_convergence,tangent-sample convergence and estimator stability,SU2-CNOT-line|n8|d48|i6|dir=gaussian|basis=Z|eta=0,SU2-CNOT-line|n8|d48|i6,SU2-CNOT-line,8,48,6.0,6,gaussian,Z,0.0,256,64,1152,64,1.0,256,255,1.000225890355774,0.4925008070974693,0.4926587336388939,0.0060761360732507,0.0216061964471062,164.578276053155,4.595439223695476e-05,147.51510291906374,1,8,0.029786308761965,0.0313725490196078,0.9494385917876352,-0.0015862402576428,0.0313725490196078,0.0020490517171333,-0.7741338319473999,0.3701871523053128,0.36860091204767,0.1292121719650402,0.1276259317073974,,,0,1.5543122344752194e-15,2.551871984339994e-16,1.5543122344752194e-15,5.2909066017292616e-17,-0.390547579717535,8,0.2
v2_convergence,tangent-sample convergence and estimator stability,SU2-CNOT-line|n8|d48|i6|dir=gaussian|basis=Z|eta=0,SU2-CNOT-line|n8|d48|i6,SU2-CNOT-line,8,48,6.0,6,gaussian,Z,0.0,256,64,1152,64,1.0,256,255,1.000225890355774,0.4925008070974693,0.4926587336388939,0.0060761360732507,0.0216061964471062,164.578276053155,4.595439223695476e-05,147.51510291906374,2,36,0.1371629981327796,0.1411764705882353,0.9715712367738556,-0.0040134724554556,0.1411764705882353,0.0040929153027597,-0.9805901560556473,0.7394370029250317,0.735423530469576,0.2580971829634509,0.2540837105079953,,,0,1.5543122344752194e-15,2.551871984339994e-16,1.5543122344752194e-15,5.2909066017292616e-17,-0.390547579717535,8,0.2
v2_convergence,tangent-sample convergence and estimator stability,SU2-CNOT-line|n8|d48|i6|dir=gaussian|basis=Z|eta=0,SU2-CNOT-line|n8|d48|i6,SU2-CNOT-line,8,48,6.0,6,gaussian,Z,0.0,256,128,1152,128,1.0,256,255,0.995660633859668,0.4935858215894847,0.495815187708171,0.0060599536592654,0.0138251102713024,165.01776353867618,4.71390128279434e-05,145.64975495479834,1,8,0.0313050963801186,0.0313725490196078,0.9978499471162808,-6.745263948922803e-05,0.0313725490196078,0.0015333815160951,-0.0439894695359314,0.2770247974194655,0.2769573447799763,0.1287260173416723,0.1286585647021831,,,0,1.5543122344752194e-15,2.551871984339994e-16,1.5543122344752194e-15,5.2909066017292616e-17,-0.390547579717535,8,0.2
v2_convergence,tangent-sample convergence and estimator stability,SU2-CNOT-line|n8|d48|i6|dir=gaussian|basis=Z|eta=0,SU2-CNOT-line|n8|d48|i6,SU2-CNOT-line,8,48,6.0,6,gaussian,Z,0.0,256,128,1152,128,1.0,256,255,0.995660633859668,0.4935858215894847,0.495815187708171,0.0060599536592654,0.0138251102713024,165.01776353867618,4.71390128279434e-05,145.64975495479834,2,36,0.138954319324229,0.1411764705882353,0.9842597618799556,-0.0022221512640062,0.1411764705882353,0.00306288056066,-0.7255102574184056,0.5533481771696371,0.5511260259056309,0.2571261046442205,0.2549039533802142,,,0,1.5543122344752194e-15,2.551871984339994e-16,1.5543122344752194e-15,5.2909066017292616e-17,-0.390547579717535,8,0.2
v2_convergence,tangent-sample convergence and estimator stability,SU2-CNOT-line|n8|d48|i6|dir=gaussian|basis=Z|eta=0,SU2-CNOT-line|n8|d48|i6,SU2-CNOT-line,8,48,6.0,6,gaussian,Z,0.0,256,256,1152,256,1.0,256,255,0.9873295078510852,0.4884651258171297,0.4947554481501715,0.0059792681089244,0.0098621615928739,167.24454929649826,4.5572854346251774e-05,148.13131724753936,1,8,0.0320184503308694,0.0313725490196078,1.0205881042964635,0.0006459013112616,0.0313725490196078,0.0011875990898141,0.5438715108502634,0.2145548213657244,0.2139089200544628,0.1262741209788719,0.1256282196676103,,,0,1.5543122344752194e-15,2.551871984339994e-16,1.5543122344752194e-15,5.2909066017292616e-17,-0.390547579717535,8,0.2
v2_convergence,tangent-sample convergence and estimator stability,SU2-CNOT-line|n8|d48|i6|dir=gaussian|basis=Z|eta=0,SU2-CNOT-line|n8|d48|i6,SU2-CNOT-line,8,48,6.0,6,gaussian,Z,0.0,256,256,1152,256,1.0,256,255,0.9873295078510852,0.4884651258171297,0.4947554481501715,0.0059792681089244,0.0098621615928739,167.24454929649826,4.5572854346251774e-05,148.13131724753936,2,36,0.1403503590159735,0.1411764705882353,0.994148376363146,-0.0008261115722617,0.1411764705882353,0.0023721912178205,-0.3482483056407051,0.4285663969854363,0.4277402854131745,0.2522285200395107,0.2514024084672489,,,0,1.5543122344752194e-15,2.551871984339994e-16,1.5543122344752194e-15,5.2909066017292616e-17,-0.390547579717535,8,0.2
v2_convergence,tangent-sample convergence and estimator stability,SU2-HaarU4-brickwork|n12|d72|i6|dir=gaussian|basis=Z|eta=0,SU2-HaarU4-brickwork|n12|d72|i6,SU2-HaarU4-brickwork,12,72,6.0,6,gaussian,Z,0.0,256,32,2592,32,1.0,4096,4095,0.9893919281383045,0.4913100934804987,0.4966601759258668,0.0016708884445857,0.0328686731806924,598.4840000781172,5.932350760338706e-06,410.56941063232847,1,12,0.0028278132161268,0.0029304029304029,0.9649912600032932,-0.000102589714276,0.0029304029304029,0.0002157412589515,-0.4755219969264404,0.6247771130769398,0.6246745233626638,0.130652551254188,0.1305499615399119,,,0,1.9095836023552686e-14,3.1563323439343066e-15,1.9095836023552686e-14,2.949029909160572e-17,-0.432785017795797,8,0.2
v2_convergence,tangent-sample convergence and estimator stability,SU2-HaarU4-brickwork|n12|d72|i6|dir=gaussian|basis=Z|eta=0,SU2-HaarU4-brickwork|n12|d72|i6,SU2-HaarU4-brickwork,12,72,6.0,6,gaussian,Z,0.0,256,32,2592,32,1.0,4096,4095,0.9893919281383045,0.4913100934804987,0.4966601759258668,0.0016708884445857,0.0328686731806924,598.4840000781172,5.932350760338706e-06,410.56941063232847,2,78,0.0188403193861314,0.019047619047619,0.9891167677719032,-0.0002072996614875,0.019047619047619,0.0005455707936544,-0.3799683998825675,1.57994881041784,1.5797415107563524,0.3303967744841024,0.3301894748226148,,,0,1.9095836023552686e-14,3.1563323439343066e-15,1.9095836023552686e-14,2.949029909160572e-17,-0.432785017795797,8,0.2
v2_convergence,tangent-sample convergence and estimator stability,SU2-HaarU4-brickwork|n12|d72|i6|dir=gaussian|basis=Z|eta=0,SU2-HaarU4-brickwork|n12|d72|i6,SU2-HaarU4-brickwork,12,72,6.0,6,gaussian,Z,0.0,256,64,2592,64,1.0,4096,4095,0.9877908739912074,0.4888290337397393,0.4949595391384789,0.0016925871739772,0.0172911404993838,590.8115194151056,4.562590479264916e-06,468.1599467507861,1,12,0.0029073423536035,0.0029304029304029,0.9921305781672154,-2.306057679936878e-05,0.0029304029304029,0.0001559497475875,-0.1478718443351721,0.4516235492288512,0.4516004886520518,0.1316423597087319,0.1316192991319326,,,0,1.9095836023552686e-14,3.1563323439343066e-15,1.9095836023552686e-14,2.949029909160572e-17,-0.432785017795797,8,0.2
v2_convergence,tangent-sample convergence and estimator stability,SU2-HaarU4-brickwork|n12|d72|i6|dir=gaussian|basis=Z|eta=0,SU2-HaarU4-brickwork|n12|d72|i6,SU2-HaarU4-brickwork,12,72,6.0,6,gaussian,Z,0.0,256,64,2592,64,1.0,4096,4095,0.9877908739912074,0.4888290337397393,0.4949595391384789,0.0016925871739772,0.0172911404993838,590.8115194151056,4.562590479264916e-06,468.1599467507861,2,78,0.0188948609396543,0.019047619047619,0.9919801993318512,-0.0001527581079647,0.019047619047619,0.0003943688285449,-0.3873483320889167,1.1420746285770798,1.141921870469115,0.332899821823011,0.3327470637150462,,,0,1.9095836023552686e-14,3.1563323439343066e-15,1.9095836023552686e-14,2.949029909160572e-17,-0.432785017795797,8,0.2
v2_convergence,tangent-sample convergence and estimator stability,SU2-HaarU4-brickwork|n12|d72|i6|dir=gaussian|basis=Z|eta=0,SU2-HaarU4-brickwork|n12|d72|i6,SU2-HaarU4-brickwork,12,72,6.0,6,gaussian,Z,0.0,256,128,2592,128,1.0,4096,4095,0.9836366660638204,0.4871668974838392,0.4952907777947536,0.0016407452128403,0.009440426890865,609.4791514088097,4.1731041721556425e-06,489.5199400300934,1,12,0.0027647001584808,0.0029304029304029,0.9434539290815966,-0.000165702771922,0.0029304029304029,0.0001145424029282,-1.4466500412595475,0.3317097164175463,0.3315440136456242,0.1292649618034937,0.1290992590315716,,,0,1.9095836023552686e-14,3.1563323439343066e-15,1.9095836023552686e-14,2.949029909160572e-17,-0.432785017795797,8,0.2
v2_convergence,tangent-sample convergence and estimator stability,SU2-HaarU4-brickwork|n12|d72|i6|dir=gaussian|basis=Z|eta=0,SU2-HaarU4-brickwork|n12|d72|i6,SU2-HaarU4-brickwork,12,72,6.0,6,gaussian,Z,0.0,256,128,2592,128,1.0,4096,4095,0.9836366660638204,0.4871668974838392,0.4952907777947536,0.0016407452128403,0.009440426890865,609.4791514088097,4.1731041721556425e-06,489.5199400300934,2,78,0.0184671603272255,0.019047619047619,0.9695259171793438,-0.0005804587203934,0.019047619047619,0.0002896571104494,-2.00395122181792,0.838834139229107,0.8382536805087135,0.3268878106374981,0.3263073519171046,,,0,1.9095836023552686e-14,3.1563323439343066e-15,1.9095836023552686e-14,2.949029909160572e-17,-0.432785017795797,8,0.2
v2_convergence,tangent-sample convergence and estimator stability,SU2-HaarU4-brickwork|n12|d72|i6|dir=gaussian|basis=Z|eta=0,SU2-HaarU4-brickwork|n12|d72|i6,SU2-HaarU4-brickwork,12,72,6.0,6,gaussian,Z,0.0,256,256,2592,256,1.0,4096,4095,0.9848900284280284,0.4872395753413668,0.4947677626418679,0.0016329113778344,0.0055327828177647,612.403106239734,4.104800289743884e-06,493.5759429047329,1,12,0.0027255555666323,0.0029304029304029,0.930095837113289,-0.0002048473637705,0.0029304029304029,8.686225534076326e-05,-2.358301231840678,0.2515492372246814,0.2513443898609108,0.1289018999297692,0.1286970525659986,,,0,1.9095836023552686e-14,3.1563323439343066e-15,1.9095836023552686e-14,2.949029909160572e-17,-0.432785017795797,8,0.2
v2_convergence,tangent-sample convergence and estimator stability,SU2-HaarU4-brickwork|n12|d72|i6|dir=gaussian|basis=Z|eta=0,SU2-HaarU4-brickwork|n12|d72|i6,SU2-HaarU4-brickwork,12,72,6.0,6,gaussian,Z,0.0,256,256,2592,256,1.0,4096,4095,0.9848900284280284,0.4872395753413668,0.4947677626418679,0.0016329113778344,0.0055327828177647,612.403106239734,4.104800289743884e-06,493.5759429047329,2,78,0.0184649748413047,0.019047619047619,0.9694111791684976,-0.0005826442063143,0.019047619047619,0.0002196590017838,-2.652494100322736,0.6361227224815248,0.6355400782752104,0.3259696925382704,0.3253870483319561,,,0,1.9095836023552686e-14,3.1563323439343066e-15,1.9095836023552686e-14,2.949029909160572e-17,-0.432785017795797,8,0.2
v2_convergence,tangent-sample convergence and estimator stability,U1-RZ-XY-line|n16|d96|i2|dir=gaussian|basis=Z|eta=0,U1-RZ-XY-line|n16|d96|i2,U1-RZ-XY-line,16,96,6.0,2,gaussian,Z,0.0,256,32,2256,32,1.0,12870,12869,0.7444699543294679,0.3522805474286506,0.4737766546304764,0.0165895417810698,0.0473211186004113,60.27894038285565,0.0003484967701965,53.56740662522714,1,15,0.2564951213259131,0.0011655917320693,220.0557144228784,0.2553295295938438,0.0011655917320693,9.24520048593199e-05,2761.752219244649,0.8413234748355077,0.5859939452416639,0.4973819901212559,0.2420524605274121,,,0,2.664535259100376e-15,1.2405108605765606e-15,2.664535259100376e-15,3.816391647148976e-17,-0.2672478701468618,8,0.2
v2_convergence,tangent-sample convergence and estimator stability,U1-RZ-XY-line|n16|d96|i2|dir=gaussian|basis=Z|eta=0,U1-RZ-XY-line|n16|d96|i2,U1-RZ-XY-line,16,96,6.0,2,gaussian,Z,0.0,256,32,2256,32,1.0,12870,12869,0.7444699543294679,0.3522805474286506,0.4737766546304764,0.0165895417810698,0.0473211186004113,60.27894038285565,0.0003484967701965,53.56740662522714,2,119,0.4549205968376946,0.0092470277410832,49.19641311516211,0.4456735690966114,0.0092470277410832,0.0002593463434526,1718.4494030776152,2.360080424340217,1.9144068552436055,1.3952558479769794,0.949582278880368,,,0,2.664535259100376e-15,1.2405108605765606e-15,2.664535259100376e-15,3.816391647148976e-17,-0.2672478701468618,8,0.2
v2_convergence,tangent-sample convergence and estimator stability,U1-RZ-XY-line|n16|d96|i2|dir=gaussian|basis=Z|eta=0,U1-RZ-XY-line|n16|d96|i2,U1-RZ-XY-line,16,96,6.0,2,gaussian,Z,0.0,256,64,2256,64,1.0,12870,12869,0.7500610857008546,0.3522780435461706,0.4703044700431376,0.014538249605505,0.029936089455419,68.7840714759322,0.0002774543948989,60.034955875026206,1,15,0.2392222927058719,0.0011655917320693,205.23677898879103,0.2380567009738026,0.0011655917320693,7.34985630125216e-05,3238.9300037504954,0.6688450566670174,0.4307883556932148,0.4654624861377206,0.227405785163918,,,0,2.664535259100376e-15,1.2405108605765606e-15,2.664535259100376e-15,3.816391647148976e-17,-0.2672478701468618,8,0.2
v2_convergence,tangent-sample convergence and estimator stability,U1-RZ-XY-line|n16|d96|i2|dir=gaussian|basis=Z|eta=0,U1-RZ-XY-line|n16|d96|i2,U1-RZ-XY-line,16,96,6.0,2,gaussian,Z,0.0,256,64,2256,64,1.0,12870,12869,0.7500610857008546,0.3522780435461706,0.4703044700431376,0.014538249605505,0.029936089455419,68.7840714759322,0.0002774543948989,60.034955875026206,2,119,0.4468536395498331,0.0092470277410832,48.32402930560338,0.4376066118087499,0.0092470277410832,0.0002061781526028,2122.468390973056,1.8762440040855608,1.4386373922768114,1.3057152625072586,0.8681086506985086,,,0,2.664535259100376e-15,1.2405108605765606e-15,2.664535259100376e-15,3.816391647148976e-17,-0.2672478701468618,8,0.2
v2_convergence,tangent-sample convergence and estimator stability,U1-RZ-XY-line|n16|d96|i2|dir=gaussian|basis=Z|eta=0,U1-RZ-XY-line|n16|d96|i2,U1-RZ-XY-line,16,96,6.0,2,gaussian,Z,0.0,256,128,2256,128,1.0,12870,12869,0.7677064232748808,0.3612097043819856,0.4710001488081758,0.0144389743928546,0.0221386699054104,69.2569965699825,0.0002681449414049,61.068210768010445,1,15,0.2340075825843847,0.0011655917320693,200.76290535189645,0.2328419908523153,0.0011655917320693,6.317684653244402e-05,3685.558929136184,0.5749162945109161,0.3420743036586007,0.4638619768069574,0.231019985954642,,,0,2.664535259100376e-15,1.2405108605765606e-15,2.664535259100376e-15,3.816391647148976e-17,-0.2672478701468618,8,0.2
v2_convergence,tangent-sample convergence and estimator stability,U1-RZ-XY-line|n16|d96|i2|dir=gaussian|basis=Z|eta=0,U1-RZ-XY-line|n16|d96|i2,U1-RZ-XY-line,16,96,6.0,2,gaussian,Z,0.0,256,128,2256,128,1.0,12870,12869,0.7677064232748808,0.3612097043819856,0.4710001488081758,0.0144389743928546,0.0221386699054104,69.2569965699825,0.0002681449414049,61.068210768010445,2,119,0.4412004060432958,0.0092470277410832,47.71267248211071,0.4319533783022126,0.0092470277410832,0.0001772236758304,2437.3344942666995,1.6127550613926631,1.1808016830904504,1.3012255140888556,0.8692721357866429,,,0,2.664535259100376e-15,1.2405108605765606e-15,2.664535259100376e-15,3.816391647148976e-17,-0.2672478701468618,8,0.2
v2_convergence,tangent-sample convergence and estimator stability,U1-RZ-XY-line|n16|d96|i2|dir=gaussian|basis=Z|eta=0,U1-RZ-XY-line|n16|d96|i2,U1-RZ-XY-line,16,96,6.0,2,gaussian,Z,0.0,256,256,2256,256,1.0,12870,12869,0.7701130668708706,0.362990718969263,0.472068527030021,0.0145777056836902,0.0184270115208633,68.59790022505493,0.0002839999901021,59.33908394372042,1,15,0.227007849542976,0.0011655917320693,194.7576010512372,0.2258422578109067,0.0011655917320693,5.761764693200829e-05,3919.6716602712336,0.5243269629733289,0.2984847051624222,0.4660970685695294,0.2402548107586227,,,0,2.664535259100376e-15,1.2405108605765606e-15,2.664535259100376e-15,3.816391647148976e-17,-0.2672478701468618,8,0.2
v2_convergence,tangent-sample convergence and estimator stability,U1-RZ-XY-line|n16|d96|i2|dir=gaussian|basis=Z|eta=0,U1-RZ-XY-line|n16|d96|i2,U1-RZ-XY-line,16,96,6.0,2,gaussian,Z,0.0,256,256,2256,256,1.0,12870,12869,0.7701130668708706,0.362990718969263,0.472068527030021,0.0145777056836902,0.0184270115208633,68.59790022505493,0.0002839999901021,59.33908394372042,2,119,0.4374028478082716,0.0092470277410832,47.3019936844088,0.4281558200671884,0.0092470277410832,0.0001616290103486,2649.0035368250024,1.4708418798239922,1.0426860597568035,1.3074953930037183,0.8793395729365299,,,0,2.664535259100376e-15,1.2405108605765606e-15,2.664535259100376e-15,3.816391647148976e-17,-0.2672478701468618,8,0.2
v2_convergence,tangent-sample convergence and estimator stability,SU2-CNOT-line|n8|d48|i7|dir=gaussian|basis=Z|eta=0,SU2-CNOT-line|n8|d48|i7,SU2-CNOT-line,8,48,6.0,7,gaussian,Z,0.0,256,32,1152,32,1.0,256,255,0.9869494510963076,0.4856473980480941,0.4918964490072852,0.0061208684900232,0.03717959134971,163.37550817011677,5.152536902997545e-05,139.31229428904405,1,8,0.0303359339957482,0.0313725490196078,0.9669578961144752,-0.0010366150238595,0.0313725490196078,0.0028099796233079,-0.3689048188325632,0.507658418814145,0.5066218037902854,0.1305466114405083,0.1295099964166487,,,0,2.664535259100376e-15,4.771821955900909e-16,2.886579864025407e-15,6.418476861114186e-17,-0.378693252831866,8,0.2
v2_convergence,tangent-sample convergence and estimator stability,SU2-CNOT-line|n8|d48|i7|dir=gaussian|basis=Z|eta=0,SU2-CNOT-line|n8|d48|i7,SU2-CNOT-line,8,48,6.0,7,gaussian,Z,0.0,256,32,1152,32,1.0,256,255,0.9869494510963076,0.4856473980480941,0.4918964490072852,0.0061208684900232,0.03717959134971,163.37550817011677,5.152536902997545e-05,139.31229428904405,2,36,0.1437966737779497,0.1411764705882353,1.0185597725938105,0.0026202031897143,0.1411764705882353,0.005612844470695,0.4668226962985748,1.0140314632205147,1.0114112600308005,0.2607626831575558,0.2581424799678414,,,0,2.664535259100376e-15,4.771821955900909e-16,2.886579864025407e-15,6.418476861114186e-17,-0.378693252831866,8,0.2
v2_convergence,tangent-sample convergence and estimator stability,SU2-CNOT-line|n8|d48|i7|dir=gaussian|basis=Z|eta=0,SU2-CNOT-line|n8|d48|i7,SU2-CNOT-line,8,48,6.0,7,gaussian,Z,0.0,256,64,1152,64,1.0,256,255,0.976588615849462,0.4758661983119738,0.4871533823432504,0.0059823975899703,0.021513922627627,167.15706118839776,4.922247023731863e-05,142.533942352563,1,8,0.0288640560968976,0.0313725490196078,0.920041788088612,-0.0025084929227102,0.0313725490196078,0.0020436990144832,-1.2274277694186293,0.3692201187577436,0.3667116258350333,0.1263701073789753,0.1238616144562651,,,0,2.664535259100376e-15,4.771821955900909e-16,2.886579864025407e-15,6.418476861114186e-17,-0.378693252831866,8,0.2
v2_convergence,tangent-sample convergence and estimator stability,SU2-CNOT-line|n8|d48|i7|dir=gaussian|basis=Z|eta=0,SU2-CNOT-line|n8|d48|i7,SU2-CNOT-line,8,48,6.0,7,gaussian,Z,0.0,256,64,1152,64,1.0,256,255,0.976588615849462,0.4758661983119738,0.4871533823432504,0.0059823975899703,0.021513922627627,167.15706118839776,4.922247023731863e-05,142.533942352563,2,36,0.1409141822377768,0.1411764705882353,0.9981421241842524,-0.0002622883504584,0.1411764705882353,0.0040822234503264,-0.0642513457800842,0.7375053843270075,0.737243095976549,0.2524202498053115,0.252157961454853,,,0,2.664535259100376e-15,4.771821955900909e-16,2.886579864025407e-15,6.418476861114186e-17,-0.378693252831866,8,0.2
v2_convergence,tangent-sample convergence and estimator stability,SU2-CNOT-line|n8|d48|i7|dir=gaussian|basis=Z|eta=0,SU2-CNOT-line|n8|d48|i7,SU2-CNOT-line,8,48,6.0,7,gaussian,Z,0.0,256,128,1152,128,1.0,256,255,0.9860866422596186,0.4854006570349509,0.4919768213964359,0.0059588263606488,0.0137247730297062,167.818281566961,4.601684810045858e-05,147.41496229927606,1,8,0.0292728055102675,0.0313725490196078,0.9330706756397792,-0.0020997435093402,0.0313725490196078,0.0015255940518663,-1.3763448453220322,0.2756178933465144,0.2735181498371741,0.1256453346558496,0.1235455911465093,,,0,2.664535259100376e-15,4.771821955900909e-16,2.886579864025407e-15,6.418476861114186e-17,-0.378693252831866,8,0.2
v2_convergence,tangent-sample convergence and estimator stability,SU2-CNOT-line|n8|d48|i7|dir=gaussian|basis=Z|eta=0,SU2-CNOT-line|n8|d48|i7,SU2-CNOT-line,8,48,6.0,7,gaussian,Z,0.0,256,128,1152,128,1.0,256,255,0.9860866422596186,0.4854006570349509,0.4919768213964359,0.0059588263606488,0.0137247730297062,167.818281566961,4.601684810045858e-05,147.41496229927606,2,36,0.1412733818223511,0.1411764705882353,1.000686454574987,9.691123411581516e-05,0.1411764705882353,0.0030473253498056,0.031802063446227,0.5505379312585418,0.550441020024426,0.2509725394597404,0.2508756282256246,,,0,2.664535259100376e-15,4.771821955900909e-16,2.886579864025407e-15,6.418476861114186e-17,-0.378693252831866,8,0.2
v2_convergence,tangent-sample convergence and estimator stability,SU2-CNOT-line|n8|d48|i7|dir=gaussian|basis=Z|eta=0,SU2-CNOT-line|n8|d48|i7,SU2-CNOT-line,8,48,6.0,7,gaussian,Z,0.0,256,256,1152,256,1.0,256,255,0.9880265527998744,0.4851837872925032,0.4908859346755675,0.0058909259704634,0.0097741645408912,169.75260001804696,4.442567408647696e-05,150.0316850156455,1,8,0.0301183326908504,0.0313725490196078,0.960021854520857,-0.0012542163287574,0.0313725490196078,0.0011787704158624,-1.06400390769879,0.2129598095651654,0.211705593236408,0.1235337551677806,0.1222795388390231,,,0,2.664535259100376e-15,4.771821955900909e-16,2.886579864025407e-15,6.418476861114186e-17,-0.378693252831866,8,0.2
v2_convergence,tangent-sample convergence and estimator stability,SU2-CNOT-line|n8|d48|i7|dir=gaussian|basis=Z|eta=0,SU2-CNOT-line|n8|d48|i7,SU2-CNOT-line,8,48,6.0,7,gaussian,Z,0.0,256,256,1152,256,1.0,256,255,0.9880265527998744,0.4851837872925032,0.4908859346755675,0.0058909259704634,0.0097741645408912,169.75260001804696,4.442567408647696e-05,150.0316850156455,2,36,0.1399953670187855,0.1411764705882353,0.9916338497163978,-0.0011811035694497,0.1411764705882353,0.0023545562238291,-0.501624704263352,0.4253804119017004,0.4241993083322506,0.2467547269333673,0.2455736233639176,,,0,2.664535259100376e-15,4.771821955900909e-16,2.886579864025407e-15,6.418476861114186e-17,-0.378693252831866,8,0.2
v2_convergence,tangent-sample convergence and estimator stability,SU2-HaarU4-brickwork|n12|d72|i7|dir=gaussian|basis=Z|eta=0,SU2-HaarU4-brickwork|n12|d72|i7,SU2-HaarU4-brickwork,12,72,6.0,7,gaussian,Z,0.0,256,32,2592,32,1.0,4096,4095,0.9876524097994096,0.4909960791903914,0.4972607692440092,0.0017606136362234,0.0329555944600914,567.9837866898714,5.867436232831719e-06,412.83433582137366,1,12,0.0028441277576215,0.0029304029304029,0.9705585972883508,-8.627517278138926e-05,0.0029304029304029,0.0002160284671515,-0.3993694623628161,0.6256088552802624,0.6255225801074811,0.1346983157923877,0.1346120406196063,,,0,2.253752739989068e-14,3.175845122088036e-15,2.220446049250313e-14,2.47198095326695e-17,-0.4419479385261577,8,0.2
v2_convergence,tangent-sample convergence and estimator stability,SU2-HaarU4-brickwork|n12|d72|i7|dir=gaussian|basis=Z|eta=0,SU2-HaarU4-brickwork|n12|d72|i7,SU2-HaarU4-brickwork,12,72,6.0,7,gaussian,Z,0.0,256,32,2592,32,1.0,4096,4095,0.9876524097994096,0.4909960791903914,0.4972607692440092,0.0017606136362234,0.0329555944600914,567.9837866898714,5.867436232831719e-06,412.83433582137366,2,78,0.0180762697314885,0.019047619047619,0.9490041609031492,-0.0009713493161304,0.019047619047619,0.0005462970914725,-1.7780605668470082,1.5820521366716491,1.5810807873555186,0.3406277844484066,0.3396564351322761,,,0,2.253752739989068e-14,3.175845122088036e-15,2.220446049250313e-14,2.47198095326695e-17,-0.4419479385261577,8,0.2
v2_convergence,tangent-sample convergence and estimator stability,SU2-HaarU4-brickwork|n12|d72|i7|dir=gaussian|basis=Z|eta=0,SU2-HaarU4-brickwork|n12|d72|i7,SU2-HaarU4-brickwork,12,72,6.0,7,gaussian,Z,0.0,256,64,2592,64,1.0,4096,4095,0.9916188415738526,0.4930883614074466,0.4973236923237299,0.0016410200729246,0.0172403791342852,609.3770676538857,4.47357571725492e-06,472.7947047140559,1,12,0.0029577646011559,0.0029304029304029,1.0093371701444636,2.736167075300701e-05,0.0029304029304029,0.0001557173855371,0.1757136536721044,0.4509506390414785,0.4509232773707254,0.1292776817770995,0.1292503201063465,,,0,2.253752739989068e-14,3.175845122088036e-15,2.220446049250313e-14,2.47198095326695e-17,-0.4419479385261577,8,0.2
v2_convergence,tangent-sample convergence and estimator stability,SU2-HaarU4-brickwork|n12|d72|i7|dir=gaussian|basis=Z|eta=0,SU2-HaarU4-brickwork|n12|d72|i7,SU2-HaarU4-brickwork,12,72,6.0,7,gaussian,Z,0.0,256,64,2592,64,1.0,4096,4095,0.9916188415738526,0.4930883614074466,0.4973236923237299,0.0016410200729246,0.0172403791342852,609.3770676538857,4.47357571725492e-06,472.7947047140559,2,78,0.0181115530246971,0.019047619047619,0.9508565337966028,-0.0009360660229218,0.019047619047619,0.0003937812267629,-2.3771220142125533,1.140372959889471,1.1394368938665491,0.326919977160161,0.3259839111372392,,,0,2.253752739989068e-14,3.175845122088036e-15,2.220446049250313e-14,2.47198095326695e-17,-0.4419479385261577,8,0.2
v2_convergence,tangent-sample convergence and estimator stability,SU2-HaarU4-brickwork|n12|d72|i7|dir=gaussian|basis=Z|eta=0,SU2-HaarU4-brickwork|n12|d72|i7,SU2-HaarU4-brickwork,12,72,6.0,7,gaussian,Z,0.0,256,128,2592,128,1.0,4096,4095,0.9924961588350004,0.4930557925624431,0.496786140041626,0.0016410403321878,0.0094407197045926,609.3695446636373,4.115155301624874e-06,492.9545563911139,1,12,0.0029885753343237,0.0029304029304029,1.019851332837995,5.817240392086464e-05,0.0029304029304029,0.0001145442264653,0.5078597648785137,0.3317149973000833,0.3316568248961624,0.1292786192856578,0.1292204468817369,,,0,2.253752739989068e-14,3.175845122088036e-15,2.220446049250313e-14,2.47198095326695e-17,-0.4419479385261577,8,0.2
v2_convergence,tangent-sample convergence and estimator stability,SU2-HaarU4-brickwork|n12|d72|i7|dir=gaussian|basis=Z|eta=0,SU2-HaarU4-brickwork|n12|d72|i7,SU2-HaarU4-brickwork,12,72,6.0,7,gaussian,Z,0.0,256,128,2592,128,1.0,4096,4095,0.9924961588350004,0.4930557925624431,0.496786140041626,0.0016410403321878,0.0094407197045926,609.3695446636373,4.115155301624874e-06,492.9545563911139,2,78,0.0182279922029076,0.019047619047619,0.9569695906526496,-0.0008196268447114,0.019047619047619,0.0002896617218464,-2.829600126267304,0.8388474936300727,0.8380278667853612,0.3269223479504802,0.3261027211057688,,,0,2.253752739989068e-14,3.175845122088036e-15,2.220446049250313e-14,2.47198095326695e-17,-0.4419479385261577,8,0.2
v2_convergence,tangent-sample convergence and estimator stability,SU2-HaarU4-brickwork|n12|d72|i7|dir=gaussian|basis=Z|eta=0,SU2-HaarU4-brickwork|n12|d72|i7,SU2-HaarU4-brickwork,12,72,6.0,7,gaussian,Z,0.0,256,256,2592,256,1.0,4096,4095,0.9900053811369816,0.4915541806514154,0.4965177591429195,0.0016139639612514,0.0055139094145277,619.5925212757735,4.066811174250066e-06,495.8758933701642,1,12,0.0028761859699821,0.0029304029304029,0.9814984622563968,-5.4216960420815086e-05,0.0029304029304029,8.670712382995731e-05,-0.6252884195206476,0.2510999832528653,0.2510457662924445,0.1280195183918811,0.1279653014314603,,,0,2.253752739989068e-14,3.175845122088036e-15,2.220446049250313e-14,2.47198095326695e-17,-0.4419479385261577,8,0.2
v2_convergence,tangent-sample convergence and estimator stability,SU2-HaarU4-brickwork|n12|d72|i7|dir=gaussian|basis=Z|eta=0,SU2-HaarU4-brickwork|n12|d72|i7,SU2-HaarU4-brickwork,12,72,6.0,7,gaussian,Z,0.0,256,256,2592,256,1.0,4096,4095,0.9900053811369816,0.4915541806514154,0.4965177591429195,0.0016139639612514,0.0055139094145277,619.5925212757735,4.066811174250066e-06,495.8758933701642,2,78,0.0183370379746116,0.019047619047619,0.96269449366711,-0.0007105810730074,0.019047619047619,0.0002192667021287,-3.240715831947111,0.6349866400875159,0.6342760590145085,0.3237383085263704,0.323027727453363,,,0,2.253752739989068e-14,3.175845122088036e-15,2.220446049250313e-14,2.47198095326695e-17,-0.4419479385261577,8,0.2
v2_convergence,tangent-sample convergence and estimator stability,U1-RZ-XY-line|n16|d96|i3|dir=gaussian|basis=Z|eta=0,U1-RZ-XY-line|n16|d96|i3,U1-RZ-XY-line,16,96,6.0,3,gaussian,Z,0.0,256,32,2256,32,1.0,12870,12869,0.786265269279502,0.3699035129957651,0.471025343717229,0.0141500386707098,0.0449578499622502,70.67118495371795,0.0002652664036535,61.39865749871415,1,15,0.2416664869743908,0.0011655917320693,207.3337347248957,0.2405008952423215,0.0011655917320693,9.010996552821814e-05,2668.9711158196824,0.8200106577555294,0.579509762513208,0.459172025946071,0.2186711307037495,,,0,2.886579864025407e-15,1.4437236128816977e-15,3.1086244689504387e-15,5.551115123125783e-17,-0.253989965383143,8,0.2
v2_convergence,tangent-sample convergence and estimator stability,U1-RZ-XY-line|n16|d96|i3|dir=gaussian|basis=Z|eta=0,U1-RZ-XY-line|n16|d96|i3,U1-RZ-XY-line,16,96,6.0,3,gaussian,Z,0.0,256,32,2256,32,1.0,12870,12869,0.786265269279502,0.3699035129957651,0.471025343717229,0.0141500386707098,0.0449578499622502,70.67118495371795,0.0002652664036535,61.39865749871415,2,119,0.4348279196109211,0.0092470277410832,47.02353359220961,0.4255808918698379,0.0092470277410832,0.0002527764552423,1683.6255238319752,2.300293714611435,1.8747128227415968,1.288069264977823,0.862488373107985,,,0,2.886579864025407e-15,1.4437236128816977e-15,3.1086244689504387e-15,5.551115123125783e-17,-0.253989965383143,8,0.2
v2_convergence,tangent-sample convergence and estimator stability,U1-RZ-XY-line|n16|d96|i3|dir=gaussian|basis=Z|eta=0,U1-RZ-XY-line|n16|d96|i3,U1-RZ-XY-line,16,96,6.0,3,gaussian,Z,0.0,256,64,2256,64,1.0,12870,12869,0.7629577127958216,0.3560831206204756,0.4670856510690238,0.0147626667207063,0.0301570000531952,67.73843905839766,0.0003023836563918,57.50701732095376,1,15,0.2341149895113114,0.0011655917320693,200.8550533347378,0.2329493977792421,0.0011655917320693,7.376995563608306e-05,3157.781454124932,0.671314759573373,0.4383653617941309,0.4690604002135727,0.2361110024343306,,,0,2.886579864025407e-15,1.4437236128816977e-15,3.1086244689504387e-15,5.551115123125783e-17,-0.253989965383143,8,0.2
v2_convergence,tangent-sample convergence and estimator stability,U1-RZ-XY-line|n16|d96|i3|dir=gaussian|basis=Z|eta=0,U1-RZ-XY-line|n16|d96|i3,U1-RZ-XY-line,16,96,6.0,3,gaussian,Z,0.0,256,64,2256,64,1.0,12870,12869,0.7629577127958216,0.3560831206204756,0.4670856510690238,0.0147626667207063,0.0301570000531952,67.73843905839766,0.0003023836563918,57.50701732095376,2,119,0.4300898665927211,0.0092470277410832,46.51114700152713,0.4208428388516379,0.0092470277410832,0.00020693946313,2033.6519312759929,1.883172014128744,1.4623291752771062,1.315808130271987,0.8949652914203492,,,0,2.886579864025407e-15,1.4437236128816977e-15,3.1086244689504387e-15,5.551115123125783e-17,-0.253989965383143,8,0.2
v2_convergence,tangent-sample convergence and estimator stability,U1-RZ-XY-line|n16|d96|i3|dir=gaussian|basis=Z|eta=0,U1-RZ-XY-line|n16|d96|i3,U1-RZ-XY-line,16,96,6.0,3,gaussian,Z,0.0,256,128,2256,128,1.0,12870,12869,0.766793916355441,0.358671275707546,0.4683030767883068,0.0145921994108828,0.0222906978529852,68.52976524253116,0.0002823115429719,59.51626682821461,1,15,0.2296298171854474,0.0011655917320693,197.00707449063484,0.2284642254533781,0.0011655917320693,6.339415698482882e-05,3603.8688156710255,0.576893843674903,0.3484296182215249,0.4663299581095644,0.2378657326561863,,,0,2.886579864025407e-15,1.4437236128816977e-15,3.1086244689504387e-15,5.551115123125783e-17,-0.253989965383143,8,0.2
v2_convergence,tangent-sample convergence and estimator stability,U1-RZ-XY-line|n16|d96|i3|dir=gaussian|basis=Z|eta=0,U1-RZ-XY-line|n16|d96|i3,U1-RZ-XY-line,16,96,6.0,3,gaussian,Z,0.0,256,128,2256,128,1.0,12870,12869,0.766793916355441,0.358671275707546,0.4683030767883068,0.0145921994108828,0.0222906978529852,68.52976524253116,0.0002823115429719,59.51626682821461,2,119,0.4291081731660077,0.0092470277410832,46.40498386952397,0.4198611454249245,0.0092470277410832,0.000177833275063,2360.981910027833,1.6183024818673009,1.1984413364423765,1.3081486946895862,0.8882875492646617,,,0,2.886579864025407e-15,1.4437236128816977e-15,3.1086244689504387e-15,5.551115123125783e-17,-0.253989965383143,8,0.2
v2_convergence,tangent-sample convergence and estimator stability,U1-RZ-XY-line|n16|d96|i3|dir=gaussian|basis=Z|eta=0,U1-RZ-XY-line|n16|d96|i3,U1-RZ-XY-line,16,96,6.0,3,gaussian,Z,0.0,256,256,2256,256,1.0,12870,12869,0.7811693816473055,0.3657987012772642,0.4694613106223249,0.0146812740291957,0.0185301753025192,68.11397961861897,0.0002857446874991,59.157650542923086,1,15,0.2310460730138515,0.0011655917320693,198.2221275743504,0.2298804812817822,0.0011655917320693,5.777938937753899e-05,3978.58966247825,0.5257988371258618,0.2959183558440796,0.4677586896419807,0.2378782083601985,,,0,2.886579864025407e-15,1.4437236128816977e-15,3.1086244689504387e-15,5.551115123125783e-17,-0.253989965383143,8,0.2
v2_convergence,tangent-sample convergence and estimator stability,U1-RZ-XY-line|n16|d96|i3|dir=gaussian|basis=Z|eta=0,U1-RZ-XY-line|n16|d96|i3,U1-RZ-XY-line,16,96,6.0,3,gaussian,Z,0.0,256,256,2256,256,1.0,12870,12869,0.7811693816473055,0.3657987012772642,0.4694613106223249,0.0146812740291957,0.0185301753025192,68.11397961861897,0.0002857446874991,59.157650542923086,2,119,0.4320776857283347,0.0092470277410832,46.726115442335626,0.4228306579872515,0.0092470277410832,0.0001620827302208,2608.733561009383,1.474970780869056,1.0521401228818044,1.3121565720663022,0.8893259140790506,,,0,2.886579864025407e-15,1.4437236128816977e-15,3.1086244689504387e-15,5.551115123125783e-17,-0.253989965383143,8,0.2
v2_convergence,tangent-sample convergence and estimator stability,SU2-CNOT-line|n12|d72|i0|dir=gaussian|basis=Z|eta=0,SU2-CNOT-line|n12|d72|i0,SU2-CNOT-line,12,72,6.0,0,gaussian,Z,0.0,256,32,2592,32,1.0,4096,4095,0.9942801217165396,0.4936907231085727,0.4965720162313273,0.0010959543031031,0.0323117057311312,912.44680290821,2.58533430597071e-06,621.930199208023,1,12,0.0030188682529579,0.0029304029304029,1.0301887913219046,8.846532255503154e-05,0.0029304029304029,0.0002138917557768,0.4135985617290744,0.6194210339491033,0.6193325686265483,0.1009509629263289,0.1008624976037738,,,0,2.4424906541753444e-15,3.326548709848398e-16,2.664535259100376e-15,3.079134169858833e-17,-0.4465233033558594,8,0.2
v2_convergence,tangent-sample convergence and estimator stability,SU2-CNOT-line|n12|d72|i0|dir=gaussian|basis=Z|eta=0,SU2-CNOT-line|n12|d72|i0,SU2-CNOT-line,12,72,6.0,0,gaussian,Z,0.0,256,32,2592,32,1.0,4096,4095,0.9942801217165396,0.4936907231085727,0.4965720162313273,0.0010959543031031,0.0323117057311312,912.44680290821,2.58533430597071e-06,621.930199208023,2,78,0.019308262211162,0.019047619047619,1.013683766086008,0.000260643163543,0.019047619047619,0.0005408937331804,0.4818749923583482,1.5664042508150506,1.5661436076515076,0.2552868062027539,0.2550261630392109,,,0,2.4424906541753444e-15,3.326548709848398e-16,2.664535259100376e-15,3.079134169858833e-17,-0.4465233033558594,8,0.2
v2_convergence,tangent-sample convergence and estimator stability,SU2-CNOT-line|n12|d72|i0|dir=gaussian|basis=Z|eta=0,SU2-CNOT-line|n12|d72|i0,SU2-CNOT-line,12,72,6.0,0,gaussian,Z,0.0,256,64,2592,64,1.0,4096,4095,0.998196845653144,0.4955069403414543,0.4964111986425752,0.001065118408645,0.0166734759335099,938.8627516748418,1.608525437938893e-06,788.4715604572566,1,12,0.0029876181297256,0.0029304029304029,1.0195246867688614,5.7215199322670565e-05,0.0029304029304029,0.0001530984046807,0.373715189534451,0.443366186690217,0.4433089714908943,0.0991067632475246,0.0990495480482019,,,0,2.4424906541753444e-15,3.326548709848398e-16,2.664535259100376e-15,3.079134169858833e-17,-0.4465233033558594,8,0.2
v2_convergence,tangent-sample convergence and estimator stability,SU2-CNOT-line|n12|d72|i0|dir=gaussian|basis=Z|eta=0,SU2-CNOT-line|n12|d72|i0,SU2-CNOT-line,12,72,6.0,0,gaussian,Z,0.0,256,64,2592,64,1.0,4096,4095,0.998196845653144,0.4955069403414543,0.4964111986425752,0.001065118408645,0.0166734759335099,938.8627516748418,1.608525437938893e-06,788.4715604572566,2,78,0.0188769086737412,0.019047619047619,0.9910377053714166,-0.0001707103738777,0.019047619047619,0.0003871582957974,-0.4409317215485249,1.1211932456854223,1.1210225353115446,0.2506231573146728,0.250452446940795,,,0,2.4424906541753444e-15,3.326548709848398e-16,2.664535259100376e-15,3.079134169858833e-17,-0.4465233033558594,8,0.2
v2_convergence,tangent-sample convergence and estimator stability,SU2-CNOT-line|n12|d72|i0|dir=gaussian|basis=Z|eta=0,SU2-CNOT-line|n12|d72|i0,SU2-CNOT-line,12,72,6.0,0,gaussian,Z,0.0,256,128,2592,128,1.0,4096,4095,0.9955904361510534,0.4943464924059915,0.4965122216380105,0.0010363359197481,0.0088407395453751,964.9380871050324,1.6110787224704135e-06,787.8465163532976,1,12,0.0029493269346327,0.0029304029304029,1.0064578164434246,1.892400422981574e-05,0.0029304029304029,0.0001107447846915,0.1708794168729634,0.3207119825116992,0.3206930585074694,0.0973538534733775,0.0973349294691477,,,0,2.4424906541753444e-15,3.326548709848398e-16,2.664535259100376e-15,3.079134169858833e-17,-0.4465233033558594,8,0.2
v2_convergence,tangent-sample convergence and estimator stability,SU2-CNOT-line|n12|d72|i0|dir=gaussian|basis=Z|eta=0,SU2-CNOT-line|n12|d72|i0,SU2-CNOT-line,12,72,6.0,0,gaussian,Z,0.0,256,128,2592,128,1.0,4096,4095,0.9955904361510534,0.4943464924059915,0.4965122216380105,0.0010363359197481,0.0088407395453751,964.9380871050324,1.6110787224704135e-06,787.8465163532976,2,78,0.0187719737661712,0.019047619047619,0.98552862272399,-0.0002756452814478,0.019047619047619,0.0002800536177961,-0.9842589558992396,0.8110228506301035,0.8107472053486556,0.246190364156175,0.2459147188747272,,,0,2.4424906541753444e-15,3.326548709848398e-16,2.664535259100376e-15,3.079134169858833e-17,-0.4465233033558594,8,0.2
v2_convergence,tangent-sample convergence and estimator stability,SU2-CNOT-line|n12|d72|i0|dir=gaussian|basis=Z|eta=0,SU2-CNOT-line|n12|d72|i0,SU2-CNOT-line,12,72,6.0,0,gaussian,Z,0.0,256,256,2592,256,1.0,4096,4095,0.9959514856170596,0.4933184295650271,0.4953115166849969,0.0010223026271755,0.0049245592575381,978.1839285328376,1.5065126933186187e-06,814.729801487847,1,12,0.0028033412207069,0.0029304029304029,0.9566401915662508,-0.0001270617096959,0.0029304029304029,8.171485988780667e-05,-1.5549400668424576,0.2366426083925679,0.236515546682872,0.0964876507832205,0.0963605890735246,,,0,2.4424906541753444e-15,3.326548709848398e-16,2.664535259100376e-15,3.079134169858833e-17,-0.4465233033558594,8,0.2
v2_convergence,tangent-sample convergence and estimator stability,SU2-CNOT-line|n12|d72|i0|dir=gaussian|basis=Z|eta=0,SU2-CNOT-line|n12|d72|i0,SU2-CNOT-line,12,72,6.0,0,gaussian,Z,0.0,256,256,2592,256,1.0,4096,4095,0.9959514856170596,0.4933184295650271,0.4953115166849969,0.0010223026271755,0.0049245592575381,978.1839285328376,1.5065126933186187e-06,814.729801487847,2,78,0.0185972413481087,0.019047619047619,0.9763551707757068,-0.0004503776995103,0.019047619047619,0.0002066421656154,-2.1795053210409683,0.5984265425196036,0.5979761648200932,0.2439998935367339,0.2435495158372236,,,0,2.4424906541753444e-15,3.326548709848398e-16,2.664535259100376e-15,3.079134169858833e-17,-0.4465233033558594,8,0.2
v2_convergence,tangent-sample convergence and estimator stability,SU2-HaarU4-brickwork|n16|d96|i0|dir=gaussian|basis=Z|eta=0,SU2-HaarU4-brickwork|n16|d96|i0,SU2-HaarU4-brickwork,16,96,6.0,0,gaussian,Z,0.0,256,32,4608,32,1.0,65536,65535,0.99120021671201,0.4916003343595079,0.4959702251367128,0.0006776155844814,0.0319064400974664,1475.7629884874136,6.460470746689785e-07,1244.1361745829354,1,16,0.0002105096962845,0.0002441443503471,0.8622345591253544,-3.363465406262806e-05,0.0002441443503471,1.5412768382652638e-05,-2.182259100220081,0.7142368797409919,0.7142032450869293,0.1029325878016939,0.1028989531476313,,,0,2.930988785010413e-14,3.894779480159167e-15,3.008704396734174e-14,7.047314121155779e-18,-0.4600489689331755,8,0.2
v2_convergence,tangent-sample convergence and estimator stability,SU2-HaarU4-brickwork|n16|d96|i0|dir=gaussian|basis=Z|eta=0,SU2-HaarU4-brickwork|n16|d96|i0,SU2-HaarU4-brickwork,16,96,6.0,0,gaussian,Z,0.0,256,32,4608,32,1.0,65536,65535,0.99120021671201,0.4916003343595079,0.4959702251367128,0.0006776155844814,0.0319064400974664,1475.7629884874136,6.460470746689785e-07,1244.1361745829354,2,136,0.0019572914371747,0.0020752269779507,0.943169811288592,-0.0001179355407759,0.0020752269779507,4.489438623933753e-05,-2.6269551864951453,2.0804326354220297,2.080314699881254,0.2998225392516053,0.2997046037108293,,,0,2.930988785010413e-14,3.894779480159167e-15,3.008704396734174e-14,7.047314121155779e-18,-0.4600489689331755,8,0.2
v2_convergence,tangent-sample convergence and estimator stability,SU2-HaarU4-brickwork|n16|d96|i0|dir=gaussian|basis=Z|eta=0,SU2-HaarU4-brickwork|n16|d96|i0,SU2-HaarU4-brickwork,16,96,6.0,0,gaussian,Z,0.0,256,64,4608,64,1.0,65536,65535,0.99213841694691,0.4925597580701634,0.4964600639731693,0.000696737737188,0.0163108512100445,1435.2602803399377,5.811418923001612e-07,1311.7736667751674,1,16,0.0002229373449294,0.0002441443503471,0.9131374312468474,-2.120700541772245e-05,0.0002441443503471,1.101743315102994e-05,-1.9248590054517336,0.5105544235261046,0.5105332165206868,0.104407841553261,0.1043866345478433,,,0,2.930988785010413e-14,3.894779480159167e-15,3.008704396734174e-14,7.047314121155779e-18,-0.4600489689331755,8,0.2
v2_convergence,tangent-sample convergence and estimator stability,SU2-HaarU4-brickwork|n16|d96|i0|dir=gaussian|basis=Z|eta=0,SU2-HaarU4-brickwork|n16|d96|i0,SU2-HaarU4-brickwork,16,96,6.0,0,gaussian,Z,0.0,256,64,4608,64,1.0,65536,65535,0.99213841694691,0.4925597580701634,0.4964600639731693,0.000696737737188,0.0163108512100445,1435.2602803399377,5.811418923001612e-07,1311.7736667751674,2,136,0.0019758821961967,0.0020752269779507,0.952128233292326,-9.9344781753928e-05,0.0020752269779507,3.2091632532746336e-05,-3.095659955988729,1.4871453925033546,1.4870460477216008,0.304119665509496,0.304020320727742,,,0,2.930988785010413e-14,3.894779480159167e-15,3.008704396734174e-14,7.047314121155779e-18,-0.4600489689331755,8,0.2
v2_convergence,tangent-sample convergence and estimator stability,SU2-HaarU4-brickwork|n16|d96|i0|dir=gaussian|basis=Z|eta=0,SU2-HaarU4-brickwork|n16|d96|i0,SU2-HaarU4-brickwork,16,96,6.0,0,gaussian,Z,0.0,256,128,4608,128,1.0,65536,65535,0.9885251993610884,0.4912494598037201,0.4969580806094116,0.0007116713757622,0.008518611443139,1405.1429269990683,7.716622780444311e-07,1138.3776606893364,1,16,0.0002209540086631,0.0002441443503471,0.9050138098586052,-2.3190341684021e-05,0.0002441443503471,7.95866894285828e-06,-2.913846756351246,0.3688094657307968,0.3687862753891128,0.1055456169605411,0.1055224266188571,,,0,2.930988785010413e-14,3.894779480159167e-15,3.008704396734174e-14,7.047314121155779e-18,-0.4600489689331755,8,0.2
v2_convergence,tangent-sample convergence and estimator stability,SU2-HaarU4-brickwork|n16|d96|i0|dir=gaussian|basis=Z|eta=0,SU2-HaarU4-brickwork|n16|d96|i0,SU2-HaarU4-brickwork,16,96,6.0,0,gaussian,Z,0.0,256,128,4608,128,1.0,65536,65535,0.9885251993610884,0.4912494598037201,0.4969580806094116,0.0007116713757622,0.008518611443139,1405.1429269990683,7.716622780444311e-07,1138.3776606893364,2,136,0.0019681232969276,0.0020752269779507,0.9483894137070292,-0.000107103681023,0.0020752269779507,2.3182049363295897e-05,-4.620112714995903,1.0742699943429932,1.0741628906619702,0.3074337832150176,0.3073266795339946,,,0,2.930988785010413e-14,3.894779480159167e-15,3.008704396734174e-14,7.047314121155779e-18,-0.4600489689331755,8,0.2
v2_convergence,tangent-sample convergence and estimator stability,SU2-HaarU4-brickwork|n16|d96|i0|dir=gaussian|basis=Z|eta=0,SU2-HaarU4-brickwork|n16|d96|i0,SU2-HaarU4-brickwork,16,96,6.0,0,gaussian,Z,0.0,256,256,4608,256,1.0,65536,65535,0.9886817125008414,0.4914380973564066,0.4970700003528019,0.0007241136955652,0.0046275351264419,1380.9986002535338,8.04258416588991e-07,1115.0701568661048,1,16,0.0002218189953694,0.0002441443503471,0.9085567413459672,-2.2325354977714555e-05,0.0002441443503471,5.861422122136055e-06,-3.808863192671511,0.2716217971633961,0.2715994718084183,0.1064842982456845,0.1064619728907068,,,0,2.930988785010413e-14,3.894779480159167e-15,3.008704396734174e-14,7.047314121155779e-18,-0.4600489689331755,8,0.2
v2_convergence,tangent-sample convergence and estimator stability,SU2-HaarU4-brickwork|n16|d96|i0|dir=gaussian|basis=Z|eta=0,SU2-HaarU4-brickwork|n16|d96|i0,SU2-HaarU4-brickwork,16,96,6.0,0,gaussian,Z,0.0,256,256,4608,256,1.0,65536,65535,0.9886817125008414,0.4914380973564066,0.4970700003528019,0.0007241136955652,0.0046275351264419,1380.9986002535338,8.04258416588991e-07,1115.0701568661048,2,136,0.0019769349110904,0.0020752269779507,0.952635510281734,-9.829206686021468e-05,0.0020752269779507,1.7073178687298516e-05,-5.757104090601385,0.7911812836038856,0.7910829915370254,0.3101679785993,0.3100696865324398,,,0,2.930988785010413e-14,3.894779480159167e-15,3.008704396734174e-14,7.047314121155779e-18,-0.4600489689331755,8,0.2
v2_convergence,tangent-sample convergence and estimator stability,U1-RZ-XY-line|n16|d96|i4|dir=gaussian|basis=Z|eta=0,U1-RZ-XY-line|n16|d96|i4,U1-RZ-XY-line,16,96,6.0,4,gaussian,Z,0.0,256,32,2256,32,1.0,12870,12869,0.7661027877591648,0.3555332825738708,0.4643897749957753,0.0135376516255995,0.0443646000122995,73.86805538037423,0.0002028570221402,70.21097064062543,1,15,0.2268204026108397,0.0011655917320693,194.59678407992644,0.2256548108787704,0.0011655917320693,8.951242323504615e-05,2520.9328797437965,0.8145729567644302,0.5889181458856598,0.4490699841159651,0.2234151732371947,,,0,6.661338147750939e-16,2.424949181165624e-16,3.3306690738754696e-16,4.163336342344337e-17,-0.2546009816822517,8,0.2
v2_convergence,tangent-sample convergence and estimator stability,U1-RZ-XY-line|n16|d96|i4|dir=gaussian|basis=Z|eta=0,U1-RZ-XY-line|n16|d96|i4,U1-RZ-XY-line,16,96,6.0,4,gaussian,Z,0.0,256,32,2256,32,1.0,12870,12869,0.7661027877591648,0.3555332825738708,0.4643897749957753,0.0135376516255995,0.0443646000122995,73.86805538037423,0.0002028570221402,70.21097064062543,2,119,0.4333602742810151,0.0092470277410832,46.864818232961206,0.4241132465399319,0.0092470277410832,0.0002511002297345,1689.0197471672416,2.2850398770015694,1.8609266304616372,1.2597310194846012,0.8356177729446692,,,0,6.661338147750939e-16,2.424949181165624e-16,3.3306690738754696e-16,4.163336342344337e-17,-0.2546009816822517,8,0.2
v2_convergence,tangent-sample convergence and estimator stability,U1-RZ-XY-line|n16|d96|i4|dir=gaussian|basis=Z|eta=0,U1-RZ-XY-line|n16|d96|i4,U1-RZ-XY-line,16,96,6.0,4,gaussian,Z,0.0,256,64,2256,64,1.0,12870,12869,0.7767371384096335,0.3623418874563792,0.4676093520829676,0.0137165498628667,0.0291272287712594,72.90463053739096,0.0002247812732895,66.69909426829616,1,15,0.2260524025967753,0.0011655917320693,193.93789126786007,0.224886810864706,0.0011655917320693,7.249619343903923e-05,3102.049917335444,0.6597233826274463,0.4348365717627403,0.4520444628112676,0.2271576519465615,,,0,6.661338147750939e-16,2.424949181165624e-16,3.3306690738754696e-16,4.163336342344337e-17,-0.2546009816822517,8,0.2
v2_convergence,tangent-sample convergence and estimator stability,U1-RZ-XY-line|n16|d96|i4|dir=gaussian|basis=Z|eta=0,U1-RZ-XY-line|n16|d96|i4,U1-RZ-XY-line,16,96,6.0,4,gaussian,Z,0.0,256,64,2256,64,1.0,12870,12869,0.7767371384096335,0.3623418874563792,0.4676093520829676,0.0137165498628667,0.0291272287712594,72.90463053739096,0.0002247812732895,66.69909426829616,2,119,0.4335201945096921,0.0092470277410832,46.88211246340528,0.4242731667686089,0.0092470277410832,0.0002033663056984,2086.251040021213,1.8506558861001297,1.4263827193315208,1.268075026458581,0.843801859689972,,,0,6.661338147750939e-16,2.424949181165624e-16,3.3306690738754696e-16,4.163336342344337e-17,-0.2546009816822517,8,0.2
v2_convergence,tangent-sample convergence and estimator stability,U1-RZ-XY-line|n16|d96|i4|dir=gaussian|basis=Z|eta=0,U1-RZ-XY-line|n16|d96|i4,U1-RZ-XY-line,16,96,6.0,4,gaussian,Z,0.0,256,128,2256,128,1.0,12870,12869,0.7724522488264274,0.3592684605079786,0.4658193108576535,0.0140650619149549,0.0217676786187443,71.09815840460212,0.0002520286819994,62.990494227897024,1,15,0.2274323873073334,0.0011655917320693,195.12182615053823,0.226266795575264,0.0011655917320693,6.264338311477424e-05,3611.982372674565,0.57006171837777,0.3437949228025059,0.4577835556222541,0.23151676004699,,,0,6.661338147750939e-16,2.424949181165624e-16,3.3306690738754696e-16,4.163336342344337e-17,-0.2546009816822517,8,0.2
v2_convergence,tangent-sample convergence and estimator stability,U1-RZ-XY-line|n16|d96|i4|dir=gaussian|basis=Z|eta=0,U1-RZ-XY-line|n16|d96|i4,U1-RZ-XY-line,16,96,6.0,4,gaussian,Z,0.0,256,128,2256,128,1.0,12870,12869,0.7724522488264274,0.3592684605079786,0.4658193108576535,0.0140650619149549,0.0217676786187443,71.09815840460212,0.0002520286819994,62.990494227897024,2,119,0.4344171071331407,0.0092470277410832,46.9791071571125,0.4251700793920575,0.0092470277410832,0.0001757272043699,2419.489235696604,1.599137005504531,1.1739669261124734,1.2841743283345082,0.8590042489424506,,,0,6.661338147750939e-16,2.424949181165624e-16,3.3306690738754696e-16,4.163336342344337e-17,-0.2546009816822517,8,0.2
v2_convergence,tangent-sample convergence and estimator stability,U1-RZ-XY-line|n16|d96|i4|dir=gaussian|basis=Z|eta=0,U1-RZ-XY-line|n16|d96|i4,U1-RZ-XY-line,16,96,6.0,4,gaussian,Z,0.0,256,256,2256,256,1.0,12870,12869,0.7726283462203027,0.3603214024230943,0.4671455415531812,0.0146590129531623,0.018508001183814,68.21741703859215,0.0002836876559902,59.3717404961279,1,15,0.2306404412231587,0.0011655917320693,197.87412254005528,0.2294748494910894,0.0011655917320693,5.774466252987061e-05,3973.957755357646,0.5254828189692529,0.2960079694781634,0.4674020376559929,0.2379271881649035,,,0,6.661338147750939e-16,2.424949181165624e-16,3.3306690738754696e-16,4.163336342344337e-17,-0.2546009816822517,8,0.2
v2_convergence,tangent-sample convergence and estimator stability,U1-RZ-XY-line|n16|d96|i4|dir=gaussian|basis=Z|eta=0,U1-RZ-XY-line|n16|d96|i4,U1-RZ-XY-line,16,96,6.0,4,gaussian,Z,0.0,256,256,2256,256,1.0,12870,12869,0.7726283462203027,0.3603214024230943,0.4671455415531812,0.0146590129531623,0.018508001183814,68.21741703859215,0.0002836876559902,59.3717404961279,2,119,0.4380993751425582,0.0092470277410832,47.377318140416655,0.428852347401475,0.0092470277410832,0.0001619853144755,2647.4767097868325,1.4740842868064783,1.0452319394050034,1.3111560919945957,0.8823037445931204,,,0,6.661338147750939e-16,2.424949181165624e-16,3.3306690738754696e-16,4.163336342344337e-17,-0.2546009816822517,8,0.2
v2_convergence,tangent-sample convergence and estimator stability,SU2-CNOT-line|n12|d72|i1|dir=gaussian|basis=Z|eta=0,SU2-CNOT-line|n12|d72|i1,SU2-CNOT-line,12,72,6.0,1,gaussian,Z,0.0,256,32,2592,32,1.0,4096,4095,0.9927986939965237,0.4921956054559455,0.4957143157393451,0.0009960132196313,0.0322148878065179,1004.0027384075172,1.5115351721508383e-06,813.3750966565325,1,12,0.0027258676967325,0.0029304029304029,0.930202351509979,-0.0002045352336703,0.0029304029304029,0.0002135686216574,-0.9577026441575138,0.6184852518771784,0.618280716643508,0.0948436520059085,0.0946391167722381,,,0,1.1102230246251563e-15,1.4750314545661624e-16,1.1102230246251563e-15,2.3418766925686896e-17,-0.4632635625298202,8,0.2
v2_convergence,tangent-sample convergence and estimator stability,SU2-CNOT-line|n12|d72|i1|dir=gaussian|basis=Z|eta=0,SU2-CNOT-line|n12|d72|i1,SU2-CNOT-line,12,72,6.0,1,gaussian,Z,0.0,256,32,2592,32,1.0,4096,4095,0.9927986939965237,0.4921956054559455,0.4957143157393451,0.0009960132196313,0.0322148878065179,1004.0027384075172,1.5115351721508383e-06,813.3750966565325,2,78,0.0183378254346826,0.019047619047619,0.9627358353208374,-0.0007097936129364,0.019047619047619,0.0005400765851816,-1.3142462243530426,1.564037826468828,1.5633280328558916,0.2398425166767678,0.2391327230638314,,,0,1.1102230246251563e-15,1.4750314545661624e-16,1.1102230246251563e-15,2.3418766925686896e-17,-0.4632635625298202,8,0.2
v2_convergence,tangent-sample convergence and estimator stability,SU2-CNOT-line|n12|d72|i1|dir=gaussian|basis=Z|eta=0,SU2-CNOT-line|n12|d72|i1,SU2-CNOT-line,12,72,6.0,1,gaussian,Z,0.0,256,64,2592,64,1.0,4096,4095,0.9981469330495498,0.4931417281473368,0.4940159133297101,0.0009865883443892,0.0165961729015081,1013.5939732989984,1.3698711430980894e-06,854.3978393399277,1,12,0.0027695288000586,0.0029304029304029,0.9451017030199996,-0.0001608741303443,0.0029304029304029,0.0001527378006764,-1.0532699150561342,0.4423218934945242,0.4421610193641799,0.0942472877439813,0.094086413613637,,,0,1.1102230246251563e-15,1.4750314545661624e-16,1.1102230246251563e-15,2.3418766925686896e-17,-0.4632635625298202,8,0.2
v2_convergence,tangent-sample convergence and estimator stability,SU2-CNOT-line|n12|d72|i1|dir=gaussian|basis=Z|eta=0,SU2-CNOT-line|n12|d72|i1,SU2-CNOT-line,12,72,6.0,1,gaussian,Z,0.0,256,64,2592,64,1.0,4096,4095,0.9981469330495498,0.4931417281473368,0.4940159133297101,0.0009865883443892,0.0165961729015081,1013.5939732989984,1.3698711430980894e-06,854.3978393399277,2,78,0.0188876347216558,0.019047619047619,0.9916008228869344,-0.0001599843259631,0.019047619047619,0.0003862463932074,-0.414202769984722,1.1185524162476463,1.1183924319216831,0.2383344188503809,0.2381744345244177,,,0,1.1102230246251563e-15,1.4750314545661624e-16,1.1102230246251563e-15,2.3418766925686896e-17,-0.4632635625298202,8,0.2
v2_convergence,tangent-sample convergence and estimator stability,SU2-CNOT-line|n12|d72|i1|dir=gaussian|basis=Z|eta=0,SU2-CNOT-line|n12|d72|i1,SU2-CNOT-line,12,72,6.0,1,gaussian,Z,0.0,256,128,2592,128,1.0,4096,4095,0.9971609023452418,0.4930690378912761,0.4944513418520684,0.0010134391779672,0.0088180216843893,986.7390384549664,1.3960800854786254e-06,846.3399353409636,1,12,0.0029211733975142,0.0029304029304029,0.9968504219017454,-9.229532888658036e-06,0.0029304029304029,0.0001105983566405,-0.0834509044166991,0.3202879333733831,0.3202787038404944,0.0959365261248072,0.0959272965919186,,,0,1.1102230246251563e-15,1.4750314545661624e-16,1.1102230246251563e-15,2.3418766925686896e-17,-0.4632635625298202,8,0.2
v2_convergence,tangent-sample convergence and estimator stability,SU2-CNOT-line|n12|d72|i1|dir=gaussian|basis=Z|eta=0,SU2-CNOT-line|n12|d72|i1,SU2-CNOT-line,12,72,6.0,1,gaussian,Z,0.0,256,128,2592,128,1.0,4096,4095,0.9971609023452418,0.4930690378912761,0.4944513418520684,0.0010134391779672,0.0088180216843893,986.7390384549664,1.3960800854786254e-06,846.3399353409636,2,78,0.0191160963430827,0.019047619047619,1.0035950580118416,6.847729546365089e-05,0.019047619047619,0.0002796833276236,0.2448386753885808,0.8099505067211826,0.809882029425719,0.2426061985209807,0.2425377212255171,,,0,1.1102230246251563e-15,1.4750314545661624e-16,1.1102230246251563e-15,2.3418766925686896e-17,-0.4632635625298202,8,0.2
v2_convergence,tangent-sample convergence and estimator stability,SU2-CNOT-line|n12|d72|i1|dir=gaussian|basis=Z|eta=0,SU2-CNOT-line|n12|d72|i1,SU2-CNOT-line,12,72,6.0,1,gaussian,Z,0.0,256,256,2592,256,1.0,4096,4095,0.9961304946172982,0.4932474472388016,0.4951377301077257,0.001015990841354,0.00491827212713,984.2608410399374,1.4978703679040928e-06,817.0768112811154,1,12,0.0028412560661082,0.0029304029304029,0.969578632559425,-8.914686429472522e-05,0.0029304029304029,8.165995762221315e-05,-1.0916839402139915,0.2364836138675262,0.2363944670032315,0.0960955112204251,0.0960063643561304,,,0,1.1102230246251563e-15,1.4750314545661624e-16,1.1102230246251563e-15,2.3418766925686896e-17,-0.4632635625298202,8,0.2
v2_convergence,tangent-sample convergence and estimator stability,SU2-CNOT-line|n12|d72|i1|dir=gaussian|basis=Z|eta=0,SU2-CNOT-line|n12|d72|i1,SU2-CNOT-line,12,72,6.0,1,gaussian,Z,0.0,256,256,2592,256,1.0,4096,4095,0.9961304946172982,0.4932474472388016,0.4951377301077257,0.001015990841354,0.00491827212713,984.2608410399374,1.4978703679040928e-06,817.0768112811154,2,78,0.01908984293236,0.019047619047619,1.002216753948905,4.222388474104874e-05,0.019047619047619,0.0002065033276724,0.2044707231450483,0.5980244739971741,0.597982250112433,0.2430082431980953,0.2429660193133542,,,0,1.1102230246251563e-15,1.4750314545661624e-16,1.1102230246251563e-15,2.3418766925686896e-17,-0.4632635625298202,8,0.2
v2_convergence,tangent-sample convergence and estimator stability,SU2-HaarU4-brickwork|n16|d96|i1|dir=gaussian|basis=Z|eta=0,SU2-HaarU4-brickwork|n16|d96|i1,SU2-HaarU4-brickwork,16,96,6.0,1,gaussian,Z,0.0,256,32,4608,32,1.0,65536,65535,0.9924125246710772,0.49343484478121,0.4971950404792458,0.0007979109927907,0.032022976274266,1253.2726194213476,8.694732481054554e-07,1072.437243966279,1,16,0.0002230288560945,0.0002441443503471,0.913512255259787,-2.1115494252588825e-05,0.0002441443503471,1.5440903233285794e-05,-1.3675038262703685,0.7155406655002604,0.7155195500060079,0.1118900096228156,0.111868894128563,,,0,3.3861802251067274e-14,4.825215568088913e-15,3.3750779948604765e-14,5.3125906451789725e-18,-0.451329116377888,8,0.2
v2_convergence,tangent-sample convergence and estimator stability,SU2-HaarU4-brickwork|n16|d96|i1|dir=gaussian|basis=Z|eta=0,SU2-HaarU4-brickwork|n16|d96|i1,SU2-HaarU4-brickwork,16,96,6.0,1,gaussian,Z,0.0,256,32,4608,32,1.0,65536,65535,0.9924125246710772,0.49343484478121,0.4971950404792458,0.0007979109927907,0.032022976274266,1253.2726194213476,8.694732481054554e-07,1072.437243966279,2,136,0.0019448281205352,0.0020752269779507,0.9371640505829112,-0.0001303988574154,0.0020752269779507,4.497633756824561e-05,-2.8992769190605183,2.0842303088831984,2.084099910025783,0.3259137608259669,0.3257833619685514,,,0,3.3861802251067274e-14,4.825215568088913e-15,3.3750779948604765e-14,5.3125906451789725e-18,-0.451329116377888,8,0.2
v2_convergence,tangent-sample convergence and estimator stability,SU2-HaarU4-brickwork|n16|d96|i1|dir=gaussian|basis=Z|eta=0,SU2-HaarU4-brickwork|n16|d96|i1,SU2-HaarU4-brickwork,16,96,6.0,1,gaussian,Z,0.0,256,64,4608,64,1.0,65536,65535,0.9894588314253954,0.4918044898280438,0.4970375262664929,0.0007662352163726,0.0163792627911168,1305.0822758238712,8.044475295713826e-07,1114.9390814199437,1,16,0.0002293526588171,0.0002441443503471,0.9394141559738348,-1.4791691530001447e-05,0.0002441443503471,1.1040535429501091e-05,-1.3397621541503324,0.5116249968897267,0.5116102051981968,0.1096023976293085,0.1095876059377785,,,0,3.3861802251067274e-14,4.825215568088913e-15,3.3750779948604765e-14,5.3125906451789725e-18,-0.451329116377888,8,0.2
v2_convergence,tangent-sample convergence and estimator stability,SU2-HaarU4-brickwork|n16|d96|i1|dir=gaussian|basis=Z|eta=0,SU2-HaarU4-brickwork|n16|d96|i1,SU2-HaarU4-brickwork,16,96,6.0,1,gaussian,Z,0.0,256,64,4608,64,1.0,65536,65535,0.9894588314253954,0.4918044898280438,0.4970375262664929,0.0007662352163726,0.0163792627911168,1305.0822758238712,8.044475295713826e-07,1114.9390814199437,2,136,0.0019677896440107,0.0020752269779507,0.9482286347076966,-0.0001074373339399,0.0020752269779507,3.215892496113708e-05,-3.3408247965304643,1.4902637637713023,1.4901563264373625,0.3192503935545921,0.3191429562206522,,,0,3.3861802251067274e-14,4.825215568088913e-15,3.3750779948604765e-14,5.3125906451789725e-18,-0.451329116377888,8,0.2
v2_convergence,tangent-sample convergence and estimator stability,SU2-HaarU4-brickwork|n16|d96|i1|dir=gaussian|basis=Z|eta=0,SU2-HaarU4-brickwork|n16|d96|i1,SU2-HaarU4-brickwork,16,96,6.0,1,gaussian,Z,0.0,256,128,4608,128,1.0,65536,65535,0.9921869768814894,0.4928218273908049,0.4966991446929105,0.0007385412687575,0.0085452714150954,1354.0204756360602,7.976067987207068e-07,1119.710050377135,1,16,0.0002309426610277,0.0002441443503471,0.9459267056532192,-1.3201689319424575e-05,0.0002441443503471,7.971135311053844e-06,-1.6561868296373474,0.3693871646684986,0.3693739629791792,0.107562496184245,0.1075492944949255,,,0,3.3861802251067274e-14,4.825215568088913e-15,3.3750779948604765e-14,5.3125906451789725e-18,-0.451329116377888,8,0.2
v2_convergence,tangent-sample convergence and estimator stability,SU2-HaarU4-brickwork|n16|d96|i1|dir=gaussian|basis=Z|eta=0,SU2-HaarU4-brickwork|n16|d96|i1,SU2-HaarU4-brickwork,16,96,6.0,1,gaussian,Z,0.0,256,128,4608,128,1.0,65536,65535,0.9921869768814894,0.4928218273908049,0.4966991446929105,0.0007385412687575,0.0085452714150954,1354.0204756360602,7.976067987207068e-07,1119.710050377135,2,136,0.0019633892569356,0.0020752269779507,0.9461081981858808,-0.000111837721015,0.0020752269779507,2.321836146082948e-05,-4.816779220347183,1.075952718600916,1.0758408808799012,0.3133085587659801,0.3131967210449651,,,0,3.3861802251067274e-14,4.825215568088913e-15,3.3750779948604765e-14,5.3125906451789725e-18,-0.451329116377888,8,0.2
v2_convergence,tangent-sample convergence and estimator stability,SU2-HaarU4-brickwork|n16|d96|i1|dir=gaussian|basis=Z|eta=0,SU2-HaarU4-brickwork|n16|d96|i1,SU2-HaarU4-brickwork,16,96,6.0,1,gaussian,Z,0.0,256,256,4608,256,1.0,65536,65535,0.9936576916251816,0.4934602332101251,0.4966096684684407,0.0007472519208625,0.0046505829680466,1338.2367740797813,8.502231900205867e-07,1084.509915032651,1,16,0.0002239727417358,0.0002441443503471,0.9173783518535092,-2.017160861133519e-05,0.0002441443503471,5.8760488247311404e-06,-3.43285245119762,0.2722996072856952,0.2722794356770839,0.108208257506352,0.1081880858977407,,,0,3.3861802251067274e-14,4.825215568088913e-15,3.3750779948604765e-14,5.3125906451789725e-18,-0.451329116377888,8,0.2
v2_convergence,tangent-sample convergence and estimator stability,SU2-HaarU4-brickwork|n16|d96|i1|dir=gaussian|basis=Z|eta=0,SU2-HaarU4-brickwork|n16|d96|i1,SU2-HaarU4-brickwork,16,96,6.0,1,gaussian,Z,0.0,256,256,4608,256,1.0,65536,65535,0.9936576916251816,0.4934602332101251,0.4966096684684407,0.0007472519208625,0.0046505829680466,1338.2367740797813,8.502231900205867e-07,1084.509915032651,2,136,0.0019440577708208,0.0020752269779507,0.9367928383143193,-0.0001311692071298,0.0020752269779507,1.7115783417312547e-05,-7.66364027469175,0.79315561220417,0.7930244429970401,0.315189535466164,0.3150583662590342,,,0,3.3861802251067274e-14,4.825215568088913e-15,3.3750779948604765e-14,5.3125906451789725e-18,-0.451329116377888,8,0.2
v2_convergence,tangent-sample convergence and estimator stability,U1-RZ-XY-line|n16|d96|i5|dir=gaussian|basis=Z|eta=0,U1-RZ-XY-line|n16|d96|i5,U1-RZ-XY-line,16,96,6.0,5,gaussian,Z,0.0,256,32,2256,32,1.0,12870,12869,0.7815927578193985,0.3762569596280688,0.482288836597893,0.0148513845549342,0.0456372787875925,67.3337894053626,0.0002991264730947,57.81926609227442,1,15,0.2338061059854766,0.0011655917320693,200.5900518618066,0.2326405142534073,0.0011655917320693,9.0789479109871e-05,2562.41710531098,0.8261943065426384,0.593553792289231,0.4704751592064407,0.2378346449530333,,,0,1.9984014443252818e-15,4.703184359237124e-16,8.881784197001252e-16,5.551115123125783e-17,-0.2467464211240834,8,0.2
v2_convergence,tangent-sample convergence and estimator stability,U1-RZ-XY-line|n16|d96|i5|dir=gaussian|basis=Z|eta=0,U1-RZ-XY-line|n16|d96|i5,U1-RZ-XY-line,16,96,6.0,5,gaussian,Z,0.0,256,32,2256,32,1.0,12870,12869,0.7815927578193985,0.3762569596280688,0.482288836597893,0.0148513845549342,0.0456372787875925,67.3337894053626,0.0002991264730947,57.81926609227442,2,119,0.4378852186272877,0.0092470277410832,47.354158642979534,0.4286381908862045,0.0092470277410832,0.0002546826265903,1683.0287822325963,2.317640084812628,1.8890018939264237,1.3197768118838722,0.8911386209976677,,,0,1.9984014443252818e-15,4.703184359237124e-16,8.881784197001252e-16,5.551115123125783e-17,-0.2467464211240834,8,0.2
v2_convergence,tangent-sample convergence and estimator stability,U1-RZ-XY-line|n16|d96|i5|dir=gaussian|basis=Z|eta=0,U1-RZ-XY-line|n16|d96|i5,U1-RZ-XY-line,16,96,6.0,5,gaussian,Z,0.0,256,64,2256,64,1.0,12870,12869,0.7915855409814728,0.3793104035756913,0.479327736917096,0.013994353211331,0.0294006914424039,71.45739319987389,0.000273527266043,60.46439165167368,1,15,0.2376887903634961,0.0011655917320693,203.92113621252207,0.2365231986314268,0.0011655917320693,7.28366218299622e-05,3247.311485472136,0.6628213186561975,0.4262981200247707,0.4566249987747061,0.2201018001432793,,,0,1.9984014443252818e-15,4.703184359237124e-16,8.881784197001252e-16,5.551115123125783e-17,-0.2467464211240834,8,0.2
v2_convergence,tangent-sample convergence and estimator stability,U1-RZ-XY-line|n16|d96|i5|dir=gaussian|basis=Z|eta=0,U1-RZ-XY-line|n16|d96|i5,U1-RZ-XY-line,16,96,6.0,5,gaussian,Z,0.0,256,64,2256,64,1.0,12870,12869,0.7915855409814728,0.3793104035756913,0.479327736917096,0.013994353211331,0.0294006914424039,71.45739319987389,0.000273527266043,60.46439165167368,2,119,0.4429616671303064,0.0092470277410832,47.90314028823456,0.4337146393892231,0.0092470277410832,0.0002043212753448,2122.709143515149,1.85934621555842,1.4256315761691964,1.2809243449236474,0.8472097055344242,,,0,1.9984014443252818e-15,4.703184359237124e-16,8.881784197001252e-16,5.551115123125783e-17,-0.2467464211240834,8,0.2
v2_convergence,tangent-sample convergence and estimator stability,U1-RZ-XY-line|n16|d96|i5|dir=gaussian|basis=Z|eta=0,U1-RZ-XY-line|n16|d96|i5,U1-RZ-XY-line,16,96,6.0,5,gaussian,Z,0.0,256,128,2256,128,1.0,12870,12869,0.7754082218167067,0.370391493524159,0.4779877427228045,0.0143059501657569,0.0220066849300869,69.90098444447436,0.0002759165724504,60.20202597605035,1,15,0.2308892630770272,0.0011655917320693,198.0875951025509,0.2297236713449579,0.0011655917320693,6.298757774832176e-05,3647.12661697931,0.5731939276311719,0.3434702562862139,0.4617086699422931,0.2319849985973351,,,0,1.9984014443252818e-15,4.703184359237124e-16,8.881784197001252e-16,5.551115123125783e-17,-0.2467464211240834,8,0.2
v2_convergence,tangent-sample convergence and estimator stability,U1-RZ-XY-line|n16|d96|i5|dir=gaussian|basis=Z|eta=0,U1-RZ-XY-line|n16|d96|i5,U1-RZ-XY-line,16,96,6.0,5,gaussian,Z,0.0,256,128,2256,128,1.0,12870,12869,0.7754082218167067,0.370391493524159,0.4779877427228045,0.0143059501657569,0.0220066849300869,69.90098444447436,0.0002759165724504,60.20202597605035,2,119,0.4388907168290775,0.0092470277410832,47.462896091373096,0.4296436890879943,0.0092470277410832,0.0001766927390793,2431.586557131293,1.6079234782049827,1.1782797891169885,1.295185058151399,0.8655413690634047,,,0,1.9984014443252818e-15,4.703184359237124e-16,8.881784197001252e-16,5.551115123125783e-17,-0.2467464211240834,8,0.2
v2_convergence,tangent-sample convergence and estimator stability,U1-RZ-XY-line|n16|d96|i5|dir=gaussian|basis=Z|eta=0,U1-RZ-XY-line|n16|d96|i5,U1-RZ-XY-line,16,96,6.0,5,gaussian,Z,0.0,256,256,2256,256,1.0,12870,12869,0.7827534974443091,0.3732606719766053,0.4775931495213565,0.0147205442989384,0.0185692921727706,67.93227068866709,0.0002964884770328,58.07591893567022,1,15,0.2307056107640794,0.0011655917320693,197.9300336615292,0.22954001903201,0.0011655917320693,5.784059940628928e-05,3968.493089424158,0.5263558551609097,0.2968158361288996,0.4683871893905691,0.238847170358559,,,0,1.9984014443252818e-15,4.703184359237124e-16,8.881784197001252e-16,5.551115123125783e-17,-0.2467464211240834,8,0.2
v2_convergence,tangent-sample convergence and estimator stability,U1-RZ-XY-line|n16|d96|i5|dir=gaussian|basis=Z|eta=0,U1-RZ-XY-line|n16|d96|i5,U1-RZ-XY-line,16,96,6.0,5,gaussian,Z,0.0,256,256,2256,256,1.0,12870,12869,0.7827534974443091,0.3732606719766053,0.4775931495213565,0.0147205442989384,0.0185692921727706,67.93227068866709,0.0002964884770328,58.07591893567022,2,119,0.4383467971158826,0.0092470277410832,47.40407505953188,0.4290997693747994,0.0092470277410832,0.0001622544365799,2644.610393525157,1.476533327736987,1.0474335583621874,1.313919639421146,0.8848198700463464,,,0,1.9984014443252818e-15,4.703184359237124e-16,8.881784197001252e-16,5.551115123125783e-17,-0.2467464211240834,8,0.2
