profile,analysis_role,job_id,circuit_id,family,n,depth_factor,tangent_count_used,k,regular_fraction,state_norm_error,horizontal_overlap_max,probability_sum_error,probability_tangent_sum_max,fisher_violation_max,theorem_bound_slack_sample
v2_convergence,tangent-sample convergence and estimator stability,SU2-CNOT-line|n8|d48|i0|dir=gaussian|basis=Z|eta=0,SU2-CNOT-line|n8|d48|i0,SU2-CNOT-line,8,6.0,32,1,1.0,8.881784197001252e-16,2.0297932603735988e-16,8.881784197001252e-16,6.245004513516506e-17,-0.3761761370295586,0.5087461480592613
v2_convergence,tangent-sample convergence and estimator stability,SU2-CNOT-line|n8|d48|i0|dir=gaussian|basis=Z|eta=0,SU2-CNOT-line|n8|d48|i0,SU2-CNOT-line,8,6.0,32,2,1.0,8.881784197001252e-16,2.0297932603735988e-16,8.881784197001252e-16,6.245004513516506e-17,-0.3761761370295586,1.0193077804695674
v2_convergence,tangent-sample convergence and estimator stability,SU2-CNOT-line|n8|d48|i0|dir=gaussian|basis=Z|eta=0,SU2-CNOT-line|n8|d48|i0,SU2-CNOT-line,8,6.0,64,1,1.0,8.881784197001252e-16,2.0297932603735988e-16,8.881784197001252e-16,6.245004513516506e-17,-0.3761761370295586,0.3692458890492224
v2_convergence,tangent-sample convergence and estimator stability,SU2-CNOT-line|n8|d48|i0|dir=gaussian|basis=Z|eta=0,SU2-CNOT-line|n8|d48|i0,SU2-CNOT-line,8,6.0,64,2,1.0,8.881784197001252e-16,2.0297932603735988e-16,8.881784197001252e-16,6.245004513516506e-17,-0.3761761370295586,0.7322114850651914
v2_convergence,tangent-sample convergence and estimator stability,SU2-CNOT-line|n8|d48|i0|dir=gaussian|basis=Z|eta=0,SU2-CNOT-line|n8|d48|i0,SU2-CNOT-line,8,6.0,128,1,1.0,8.881784197001252e-16,2.0297932603735988e-16,8.881784197001252e-16,6.245004513516506e-17,-0.3761761370295586,0.2755378204373493
v2_convergence,tangent-sample convergence and estimator stability,SU2-CNOT-line|n8|d48|i0|dir=gaussian|basis=Z|eta=0,SU2-CNOT-line|n8|d48|i0,SU2-CNOT-line,8,6.0,128,2,1.0,8.881784197001252e-16,2.0297932603735988e-16,8.881784197001252e-16,6.245004513516506e-17,-0.3761761370295586,0.5461842998472044
v2_convergence,tangent-sample convergence and estimator stability,SU2-CNOT-line|n8|d48|i0|dir=gaussian|basis=Z|eta=0,SU2-CNOT-line|n8|d48|i0,SU2-CNOT-line,8,6.0,256,1,1.0,8.881784197001252e-16,2.0297932603735988e-16,8.881784197001252e-16,6.245004513516506e-17,-0.3761761370295586,0.2129312879560955
v2_convergence,tangent-sample convergence and estimator stability,SU2-CNOT-line|n8|d48|i0|dir=gaussian|basis=Z|eta=0,SU2-CNOT-line|n8|d48|i0,SU2-CNOT-line,8,6.0,256,2,1.0,8.881784197001252e-16,2.0297932603735988e-16,8.881784197001252e-16,6.245004513516506e-17,-0.3761761370295586,0.426367602544648
v2_convergence,tangent-sample convergence and estimator stability,SU2-HaarU4-brickwork|n12|d72|i0|dir=gaussian|basis=Z|eta=0,SU2-HaarU4-brickwork|n12|d72|i0,SU2-HaarU4-brickwork,12,6.0,32,1,1.0,2.2870594307278225e-14,3.599551447780049e-15,2.2648549702353197e-14,2.6454533008646308e-17,-0.4231026910813075,0.6237763787098346
v2_convergence,tangent-sample convergence and estimator stability,SU2-HaarU4-brickwork|n12|d72|i0|dir=gaussian|basis=Z|eta=0,SU2-HaarU4-brickwork|n12|d72|i0,SU2-HaarU4-brickwork,12,6.0,32,2,1.0,2.2870594307278225e-14,3.599551447780049e-15,2.2648549702353197e-14,2.6454533008646308e-17,-0.4231026910813075,1.5778923981633226
v2_convergence,tangent-sample convergence and estimator stability,SU2-HaarU4-brickwork|n12|d72|i0|dir=gaussian|basis=Z|eta=0,SU2-HaarU4-brickwork|n12|d72|i0,SU2-HaarU4-brickwork,12,6.0,64,1,1.0,2.2870594307278225e-14,3.599551447780049e-15,2.2648549702353197e-14,2.6454533008646308e-17,-0.4231026910813075,0.4502428706132417
v2_convergence,tangent-sample convergence and estimator stability,SU2-HaarU4-brickwork|n12|d72|i0|dir=gaussian|basis=Z|eta=0,SU2-HaarU4-brickwork|n12|d72|i0,SU2-HaarU4-brickwork,12,6.0,64,2,1.0,2.2870594307278225e-14,3.599551447780049e-15,2.2648549702353197e-14,2.6454533008646308e-17,-0.4231026910813075,1.1385477043544503
v2_convergence,tangent-sample convergence and estimator stability,SU2-HaarU4-brickwork|n12|d72|i0|dir=gaussian|basis=Z|eta=0,SU2-HaarU4-brickwork|n12|d72|i0,SU2-HaarU4-brickwork,12,6.0,128,1,1.0,2.2870594307278225e-14,3.599551447780049e-15,2.2648549702353197e-14,2.6454533008646308e-17,-0.4231026910813075,0.3301431894000333
v2_convergence,tangent-sample convergence and estimator stability,SU2-HaarU4-brickwork|n12|d72|i0|dir=gaussian|basis=Z|eta=0,SU2-HaarU4-brickwork|n12|d72|i0,SU2-HaarU4-brickwork,12,6.0,128,2,1.0,2.2870594307278225e-14,3.599551447780049e-15,2.2648549702353197e-14,2.6454533008646308e-17,-0.4231026910813075,0.8343743797472298
v2_convergence,tangent-sample convergence and estimator stability,SU2-HaarU4-brickwork|n12|d72|i0|dir=gaussian|basis=Z|eta=0,SU2-HaarU4-brickwork|n12|d72|i0,SU2-HaarU4-brickwork,12,6.0,256,1,1.0,2.2870594307278225e-14,3.599551447780049e-15,2.2648549702353197e-14,2.6454533008646308e-17,-0.4231026910813075,0.2507508765069257
v2_convergence,tangent-sample convergence and estimator stability,SU2-HaarU4-brickwork|n12|d72|i0|dir=gaussian|basis=Z|eta=0,SU2-HaarU4-brickwork|n12|d72|i0,SU2-HaarU4-brickwork,12,6.0,256,2,1.0,2.2870594307278225e-14,3.599551447780049e-15,2.2648549702353197e-14,2.6454533008646308e-17,-0.4231026910813075,0.6336364930095341
v2_convergence,tangent-sample convergence and estimator stability,U1-RZ-XY-line|n12|d72|i6|dir=gaussian|basis=Z|eta=0,U1-RZ-XY-line|n12|d72|i6,U1-RZ-XY-line,12,6.0,32,1,1.0,1.9984014443252818e-15,8.851718697540462e-16,1.7763568394002505e-15,8.326672684688674e-17,-0.1741049385932843,0.47046789344805
v2_convergence,tangent-sample convergence and estimator stability,U1-RZ-XY-line|n12|d72|i6|dir=gaussian|basis=Z|eta=0,U1-RZ-XY-line|n12|d72|i6,U1-RZ-XY-line,12,6.0,32,2,1.0,1.9984014443252818e-15,8.851718697540462e-16,1.7763568394002505e-15,8.326672684688674e-17,-0.1741049385932843,1.3148426218180682
v2_convergence,tangent-sample convergence and estimator stability,U1-RZ-XY-line|n12|d72|i6|dir=gaussian|basis=Z|eta=0,U1-RZ-XY-line|n12|d72|i6,U1-RZ-XY-line,12,6.0,64,1,1.0,1.9984014443252818e-15,8.851718697540462e-16,1.7763568394002505e-15,8.326672684688674e-17,-0.1741049385932843,0.3489372208368955
v2_convergence,tangent-sample convergence and estimator stability,U1-RZ-XY-line|n12|d72|i6|dir=gaussian|basis=Z|eta=0,U1-RZ-XY-line|n12|d72|i6,U1-RZ-XY-line,12,6.0,64,2,1.0,1.9984014443252818e-15,8.851718697540462e-16,1.7763568394002505e-15,8.326672684688674e-17,-0.1741049385932843,1.035174464501547
v2_convergence,tangent-sample convergence and estimator stability,U1-RZ-XY-line|n12|d72|i6|dir=gaussian|basis=Z|eta=0,U1-RZ-XY-line|n12|d72|i6,U1-RZ-XY-line,12,6.0,128,1,1.0,1.9984014443252818e-15,8.851718697540462e-16,1.7763568394002505e-15,8.326672684688674e-17,-0.1741049385932843,0.2792398750425574
v2_convergence,tangent-sample convergence and estimator stability,U1-RZ-XY-line|n12|d72|i6|dir=gaussian|basis=Z|eta=0,U1-RZ-XY-line|n12|d72|i6,U1-RZ-XY-line,12,6.0,128,2,1.0,1.9984014443252818e-15,8.851718697540462e-16,1.7763568394002505e-15,8.326672684688674e-17,-0.1741049385932843,0.8720953306257974
v2_convergence,tangent-sample convergence and estimator stability,U1-RZ-XY-line|n12|d72|i6|dir=gaussian|basis=Z|eta=0,U1-RZ-XY-line|n12|d72|i6,U1-RZ-XY-line,12,6.0,256,1,1.0,1.9984014443252818e-15,8.851718697540462e-16,1.7763568394002505e-15,8.326672684688674e-17,-0.1741049385932843,0.2409291737753258
v2_convergence,tangent-sample convergence and estimator stability,U1-RZ-XY-line|n12|d72|i6|dir=gaussian|basis=Z|eta=0,U1-RZ-XY-line|n12|d72|i6,U1-RZ-XY-line,12,6.0,256,2,1.0,1.9984014443252818e-15,8.851718697540462e-16,1.7763568394002505e-15,8.326672684688674e-17,-0.1741049385932843,0.7927983198892364
v2_convergence,tangent-sample convergence and estimator stability,SU2-CNOT-line|n8|d48|i1|dir=gaussian|basis=Z|eta=0,SU2-CNOT-line|n8|d48|i1,SU2-CNOT-line,8,6.0,32,1,1.0,1.3322676295501878e-15,3.0476010874860083e-16,1.5543122344752194e-15,5.551115123125783e-17,-0.3810386357335242,0.5089709632657987
v2_convergence,tangent-sample convergence and estimator stability,SU2-CNOT-line|n8|d48|i1|dir=gaussian|basis=Z|eta=0,SU2-CNOT-line|n8|d48|i1,SU2-CNOT-line,8,6.0,32,2,1.0,1.3322676295501878e-15,3.0476010874860083e-16,1.5543122344752194e-15,5.551115123125783e-17,-0.3810386357335242,1.0186326673072084
v2_convergence,tangent-sample convergence and estimator stability,SU2-CNOT-line|n8|d48|i1|dir=gaussian|basis=Z|eta=0,SU2-CNOT-line|n8|d48|i1,SU2-CNOT-line,8,6.0,64,1,1.0,1.3322676295501878e-15,3.0476010874860083e-16,1.5543122344752194e-15,5.551115123125783e-17,-0.3810386357335242,0.3684052115908297
v2_convergence,tangent-sample convergence and estimator stability,SU2-CNOT-line|n8|d48|i1|dir=gaussian|basis=Z|eta=0,SU2-CNOT-line|n8|d48|i1,SU2-CNOT-line,8,6.0,64,2,1.0,1.3322676295501878e-15,3.0476010874860083e-16,1.5543122344752194e-15,5.551115123125783e-17,-0.3810386357335242,0.7343846777323548
v2_convergence,tangent-sample convergence and estimator stability,SU2-CNOT-line|n8|d48|i1|dir=gaussian|basis=Z|eta=0,SU2-CNOT-line|n8|d48|i1,SU2-CNOT-line,8,6.0,128,1,1.0,1.3322676295501878e-15,3.0476010874860083e-16,1.5543122344752194e-15,5.551115123125783e-17,-0.3810386357335242,0.2748935507164909
v2_convergence,tangent-sample convergence and estimator stability,SU2-CNOT-line|n8|d48|i1|dir=gaussian|basis=Z|eta=0,SU2-CNOT-line|n8|d48|i1,SU2-CNOT-line,8,6.0,128,2,1.0,1.3322676295501878e-15,3.0476010874860083e-16,1.5543122344752194e-15,5.551115123125783e-17,-0.3810386357335242,0.5483519315529687
v2_convergence,tangent-sample convergence and estimator stability,SU2-CNOT-line|n8|d48|i1|dir=gaussian|basis=Z|eta=0,SU2-CNOT-line|n8|d48|i1,SU2-CNOT-line,8,6.0,256,1,1.0,1.3322676295501878e-15,3.0476010874860083e-16,1.5543122344752194e-15,5.551115123125783e-17,-0.3810386357335242,0.2123791808564518
v2_convergence,tangent-sample convergence and estimator stability,SU2-CNOT-line|n8|d48|i1|dir=gaussian|basis=Z|eta=0,SU2-CNOT-line|n8|d48|i1,SU2-CNOT-line,8,6.0,256,2,1.0,1.3322676295501878e-15,3.0476010874860083e-16,1.5543122344752194e-15,5.551115123125783e-17,-0.3810386357335242,0.4237795887058043
v2_convergence,tangent-sample convergence and estimator stability,SU2-HaarU4-brickwork|n12|d72|i1|dir=gaussian|basis=Z|eta=0,SU2-HaarU4-brickwork|n12|d72|i1,SU2-HaarU4-brickwork,12,6.0,32,1,1.0,1.7985612998927536e-14,2.664553126141703e-15,1.7985612998927536e-14,2.775557561562892e-17,-0.4377462513577543,0.6244125986699076
v2_convergence,tangent-sample convergence and estimator stability,SU2-HaarU4-brickwork|n12|d72|i1|dir=gaussian|basis=Z|eta=0,SU2-HaarU4-brickwork|n12|d72|i1,SU2-HaarU4-brickwork,12,6.0,32,2,1.0,1.7985612998927536e-14,2.664553126141703e-15,1.7985612998927536e-14,2.775557561562892e-17,-0.4377462513577543,1.579116174525507
v2_convergence,tangent-sample convergence and estimator stability,SU2-HaarU4-brickwork|n12|d72|i1|dir=gaussian|basis=Z|eta=0,SU2-HaarU4-brickwork|n12|d72|i1,SU2-HaarU4-brickwork,12,6.0,64,1,1.0,1.7985612998927536e-14,2.664553126141703e-15,1.7985612998927536e-14,2.775557561562892e-17,-0.4377462513577543,0.4498536373753179
v2_convergence,tangent-sample convergence and estimator stability,SU2-HaarU4-brickwork|n12|d72|i1|dir=gaussian|basis=Z|eta=0,SU2-HaarU4-brickwork|n12|d72|i1,SU2-HaarU4-brickwork,12,6.0,64,2,1.0,1.7985612998927536e-14,2.664553126141703e-15,1.7985612998927536e-14,2.775557561562892e-17,-0.4377462513577543,1.1374108665670626
v2_convergence,tangent-sample convergence and estimator stability,SU2-HaarU4-brickwork|n12|d72|i1|dir=gaussian|basis=Z|eta=0,SU2-HaarU4-brickwork|n12|d72|i1,SU2-HaarU4-brickwork,12,6.0,128,1,1.0,1.7985612998927536e-14,2.664553126141703e-15,1.7985612998927536e-14,2.775557561562892e-17,-0.4377462513577543,0.3306043410809643
v2_convergence,tangent-sample convergence and estimator stability,SU2-HaarU4-brickwork|n12|d72|i1|dir=gaussian|basis=Z|eta=0,SU2-HaarU4-brickwork|n12|d72|i1,SU2-HaarU4-brickwork,12,6.0,128,2,1.0,1.7985612998927536e-14,2.664553126141703e-15,1.7985612998927536e-14,2.775557561562892e-17,-0.4377462513577543,0.8356077244132707
v2_convergence,tangent-sample convergence and estimator stability,SU2-HaarU4-brickwork|n12|d72|i1|dir=gaussian|basis=Z|eta=0,SU2-HaarU4-brickwork|n12|d72|i1,SU2-HaarU4-brickwork,12,6.0,256,1,1.0,1.7985612998927536e-14,2.664553126141703e-15,1.7985612998927536e-14,2.775557561562892e-17,-0.4377462513577543,0.2506231567615247
v2_convergence,tangent-sample convergence and estimator stability,SU2-HaarU4-brickwork|n12|d72|i1|dir=gaussian|basis=Z|eta=0,SU2-HaarU4-brickwork|n12|d72|i1,SU2-HaarU4-brickwork,12,6.0,256,2,1.0,1.7985612998927536e-14,2.664553126141703e-15,1.7985612998927536e-14,2.775557561562892e-17,-0.4377462513577543,0.6332022200741828
v2_convergence,tangent-sample convergence and estimator stability,U1-RZ-XY-line|n12|d72|i7|dir=gaussian|basis=Z|eta=0,U1-RZ-XY-line|n12|d72|i7,U1-RZ-XY-line,12,6.0,32,1,1.0,2.220446049250313e-16,1.0930478719004761e-16,1.1102230246251563e-16,5.551115123125783e-17,-0.1930542587182825,0.4618465029346581
v2_convergence,tangent-sample convergence and estimator stability,U1-RZ-XY-line|n12|d72|i7|dir=gaussian|basis=Z|eta=0,U1-RZ-XY-line|n12|d72|i7,U1-RZ-XY-line,12,6.0,32,2,1.0,2.220446049250313e-16,1.0930478719004761e-16,1.1102230246251563e-16,5.551115123125783e-17,-0.1930542587182825,1.3156630067779551
v2_convergence,tangent-sample convergence and estimator stability,U1-RZ-XY-line|n12|d72|i7|dir=gaussian|basis=Z|eta=0,U1-RZ-XY-line|n12|d72|i7,U1-RZ-XY-line,12,6.0,64,1,1.0,2.220446049250313e-16,1.0930478719004761e-16,1.1102230246251563e-16,5.551115123125783e-17,-0.1930542587182825,0.3419330976119377
v2_convergence,tangent-sample convergence and estimator stability,U1-RZ-XY-line|n12|d72|i7|dir=gaussian|basis=Z|eta=0,U1-RZ-XY-line|n12|d72|i7,U1-RZ-XY-line,12,6.0,64,2,1.0,2.220446049250313e-16,1.0930478719004761e-16,1.1102230246251563e-16,5.551115123125783e-17,-0.1930542587182825,1.061256299861236
v2_convergence,tangent-sample convergence and estimator stability,U1-RZ-XY-line|n12|d72|i7|dir=gaussian|basis=Z|eta=0,U1-RZ-XY-line|n12|d72|i7,U1-RZ-XY-line,12,6.0,128,1,1.0,2.220446049250313e-16,1.0930478719004761e-16,1.1102230246251563e-16,5.551115123125783e-17,-0.1930542587182825,0.2796073886698817
v2_convergence,tangent-sample convergence and estimator stability,U1-RZ-XY-line|n12|d72|i7|dir=gaussian|basis=Z|eta=0,U1-RZ-XY-line|n12|d72|i7,U1-RZ-XY-line,12,6.0,128,2,1.0,2.220446049250313e-16,1.0930478719004761e-16,1.1102230246251563e-16,5.551115123125783e-17,-0.1930542587182825,0.9019845055042416
v2_convergence,tangent-sample convergence and estimator stability,U1-RZ-XY-line|n12|d72|i7|dir=gaussian|basis=Z|eta=0,U1-RZ-XY-line|n12|d72|i7,U1-RZ-XY-line,12,6.0,256,1,1.0,2.220446049250313e-16,1.0930478719004761e-16,1.1102230246251563e-16,5.551115123125783e-17,-0.1930542587182825,0.2414719996817863
v2_convergence,tangent-sample convergence and estimator stability,U1-RZ-XY-line|n12|d72|i7|dir=gaussian|basis=Z|eta=0,U1-RZ-XY-line|n12|d72|i7,U1-RZ-XY-line,12,6.0,256,2,1.0,2.220446049250313e-16,1.0930478719004761e-16,1.1102230246251563e-16,5.551115123125783e-17,-0.1930542587182825,0.8186010067704773
v2_convergence,tangent-sample convergence and estimator stability,SU2-CNOT-line|n12|d72|i2|dir=gaussian|basis=Z|eta=0,SU2-CNOT-line|n12|d72|i2,SU2-CNOT-line,12,6.0,32,1,1.0,1.5543122344752194e-15,1.875172400885121e-16,1.2212453270876722e-15,2.580401170515501e-17,-0.4529026245381168,0.6184515849628582
v2_convergence,tangent-sample convergence and estimator stability,SU2-CNOT-line|n12|d72|i2|dir=gaussian|basis=Z|eta=0,SU2-CNOT-line|n12|d72|i2,SU2-CNOT-line,12,6.0,32,2,1.0,1.5543122344752194e-15,1.875172400885121e-16,1.2212453270876722e-15,2.580401170515501e-17,-0.4529026245381168,1.563580339746922
v2_convergence,tangent-sample convergence and estimator stability,SU2-CNOT-line|n12|d72|i2|dir=gaussian|basis=Z|eta=0,SU2-CNOT-line|n12|d72|i2,SU2-CNOT-line,12,6.0,64,1,1.0,1.5543122344752194e-15,1.875172400885121e-16,1.2212453270876722e-15,2.580401170515501e-17,-0.4529026245381168,0.442712157567276
v2_convergence,tangent-sample convergence and estimator stability,SU2-CNOT-line|n12|d72|i2|dir=gaussian|basis=Z|eta=0,SU2-CNOT-line|n12|d72|i2,SU2-CNOT-line,12,6.0,64,2,1.0,1.5543122344752194e-15,1.875172400885121e-16,1.2212453270876722e-15,2.580401170515501e-17,-0.4529026245381168,1.1191460653982983
v2_convergence,tangent-sample convergence and estimator stability,SU2-CNOT-line|n12|d72|i2|dir=gaussian|basis=Z|eta=0,SU2-CNOT-line|n12|d72|i2,SU2-CNOT-line,12,6.0,128,1,1.0,1.5543122344752194e-15,1.875172400885121e-16,1.2212453270876722e-15,2.580401170515501e-17,-0.4529026245381168,0.3203427592911573
v2_convergence,tangent-sample convergence and estimator stability,SU2-CNOT-line|n12|d72|i2|dir=gaussian|basis=Z|eta=0,SU2-CNOT-line|n12|d72|i2,SU2-CNOT-line,12,6.0,128,2,1.0,1.5543122344752194e-15,1.875172400885121e-16,1.2212453270876722e-15,2.580401170515501e-17,-0.4529026245381168,0.8098220990711005
v2_convergence,tangent-sample convergence and estimator stability,SU2-CNOT-line|n12|d72|i2|dir=gaussian|basis=Z|eta=0,SU2-CNOT-line|n12|d72|i2,SU2-CNOT-line,12,6.0,256,1,1.0,1.5543122344752194e-15,1.875172400885121e-16,1.2212453270876722e-15,2.580401170515501e-17,-0.4529026245381168,0.2370867576166531
v2_convergence,tangent-sample convergence and estimator stability,SU2-CNOT-line|n12|d72|i2|dir=gaussian|basis=Z|eta=0,SU2-CNOT-line|n12|d72|i2,SU2-CNOT-line,12,6.0,256,2,1.0,1.5543122344752194e-15,1.875172400885121e-16,1.2212453270876722e-15,2.580401170515501e-17,-0.4529026245381168,0.5993598957065496
v2_convergence,tangent-sample convergence and estimator stability,SU2-HaarU4-brickwork|n16|d96|i2|dir=gaussian|basis=Z|eta=0,SU2-HaarU4-brickwork|n16|d96|i2,SU2-HaarU4-brickwork,16,6.0,32,1,1.0,3.7303493627405266e-14,4.4304841756060876e-15,3.7303493627405266e-14,6.938893903907228e-18,-0.4547482971122366,0.7148065828111455
v2_convergence,tangent-sample convergence and estimator stability,SU2-HaarU4-brickwork|n16|d96|i2|dir=gaussian|basis=Z|eta=0,SU2-HaarU4-brickwork|n16|d96|i2,SU2-HaarU4-brickwork,16,6.0,32,2,1.0,3.7303493627405266e-14,4.4304841756060876e-15,3.7303493627405266e-14,6.938893903907228e-18,-0.4547482971122366,2.0820387389147834
v2_convergence,tangent-sample convergence and estimator stability,SU2-HaarU4-brickwork|n16|d96|i2|dir=gaussian|basis=Z|eta=0,SU2-HaarU4-brickwork|n16|d96|i2,SU2-HaarU4-brickwork,16,6.0,64,1,1.0,3.7303493627405266e-14,4.4304841756060876e-15,3.7303493627405266e-14,6.938893903907228e-18,-0.4547482971122366,0.510488720295658
v2_convergence,tangent-sample convergence and estimator stability,SU2-HaarU4-brickwork|n16|d96|i2|dir=gaussian|basis=Z|eta=0,SU2-HaarU4-brickwork|n16|d96|i2,SU2-HaarU4-brickwork,16,6.0,64,2,1.0,3.7303493627405266e-14,4.4304841756060876e-15,3.7303493627405266e-14,6.938893903907228e-18,-0.4547482971122366,1.48687143502305
v2_convergence,tangent-sample convergence and estimator stability,SU2-HaarU4-brickwork|n16|d96|i2|dir=gaussian|basis=Z|eta=0,SU2-HaarU4-brickwork|n16|d96|i2,SU2-HaarU4-brickwork,16,6.0,128,1,1.0,3.7303493627405266e-14,4.4304841756060876e-15,3.7303493627405266e-14,6.938893903907228e-18,-0.4547482971122366,0.368991090154979
v2_convergence,tangent-sample convergence and estimator stability,SU2-HaarU4-brickwork|n16|d96|i2|dir=gaussian|basis=Z|eta=0,SU2-HaarU4-brickwork|n16|d96|i2,SU2-HaarU4-brickwork,16,6.0,128,2,1.0,3.7303493627405266e-14,4.4304841756060876e-15,3.7303493627405266e-14,6.938893903907228e-18,-0.4547482971122366,1.0747366287691758
v2_convergence,tangent-sample convergence and estimator stability,SU2-HaarU4-brickwork|n16|d96|i2|dir=gaussian|basis=Z|eta=0,SU2-HaarU4-brickwork|n16|d96|i2,SU2-HaarU4-brickwork,16,6.0,256,1,1.0,3.7303493627405266e-14,4.4304841756060876e-15,3.7303493627405266e-14,6.938893903907228e-18,-0.4547482971122366,0.271832442679476
v2_convergence,tangent-sample convergence and estimator stability,SU2-HaarU4-brickwork|n16|d96|i2|dir=gaussian|basis=Z|eta=0,SU2-HaarU4-brickwork|n16|d96|i2,SU2-HaarU4-brickwork,16,6.0,256,2,1.0,3.7303493627405266e-14,4.4304841756060876e-15,3.7303493627405266e-14,6.938893903907228e-18,-0.4547482971122366,0.7917321622660847
v2_convergence,tangent-sample convergence and estimator stability,U1-RZ-XY-line|n16|d96|i6|dir=gaussian|basis=Z|eta=0,U1-RZ-XY-line|n16|d96|i6,U1-RZ-XY-line,16,6.0,32,1,1.0,2.220446049250313e-15,9.08264047949426e-16,1.9984014443252818e-15,4.8572257327350605e-17,-0.2545222013243555,0.5879368585194295
v2_convergence,tangent-sample convergence and estimator stability,U1-RZ-XY-line|n16|d96|i6|dir=gaussian|basis=Z|eta=0,U1-RZ-XY-line|n16|d96|i6,U1-RZ-XY-line,16,6.0,32,2,1.0,2.220446049250313e-15,9.08264047949426e-16,1.9984014443252818e-15,4.8572257327350605e-17,-0.2545222013243555,1.8662171966744807
v2_convergence,tangent-sample convergence and estimator stability,U1-RZ-XY-line|n16|d96|i6|dir=gaussian|basis=Z|eta=0,U1-RZ-XY-line|n16|d96|i6,U1-RZ-XY-line,16,6.0,64,1,1.0,2.220446049250313e-15,9.08264047949426e-16,1.9984014443252818e-15,4.8572257327350605e-17,-0.2545222013243555,0.4424936751177856
v2_convergence,tangent-sample convergence and estimator stability,U1-RZ-XY-line|n16|d96|i6|dir=gaussian|basis=Z|eta=0,U1-RZ-XY-line|n16|d96|i6,U1-RZ-XY-line,16,6.0,64,2,1.0,2.220446049250313e-15,9.08264047949426e-16,1.9984014443252818e-15,4.8572257327350605e-17,-0.2545222013243555,1.4391312843005042
v2_convergence,tangent-sample convergence and estimator stability,U1-RZ-XY-line|n16|d96|i6|dir=gaussian|basis=Z|eta=0,U1-RZ-XY-line|n16|d96|i6,U1-RZ-XY-line,16,6.0,128,1,1.0,2.220446049250313e-15,9.08264047949426e-16,1.9984014443252818e-15,4.8572257327350605e-17,-0.2545222013243555,0.3501041978747635
v2_convergence,tangent-sample convergence and estimator stability,U1-RZ-XY-line|n16|d96|i6|dir=gaussian|basis=Z|eta=0,U1-RZ-XY-line|n16|d96|i6,U1-RZ-XY-line,16,6.0,128,2,1.0,2.220446049250313e-15,9.08264047949426e-16,1.9984014443252818e-15,4.8572257327350605e-17,-0.2545222013243555,1.1845544869225906
v2_convergence,tangent-sample convergence and estimator stability,U1-RZ-XY-line|n16|d96|i6|dir=gaussian|basis=Z|eta=0,U1-RZ-XY-line|n16|d96|i6,U1-RZ-XY-line,16,6.0,256,1,1.0,2.220446049250313e-15,9.08264047949426e-16,1.9984014443252818e-15,4.8572257327350605e-17,-0.2545222013243555,0.293709831759153
v2_convergence,tangent-sample convergence and estimator stability,U1-RZ-XY-line|n16|d96|i6|dir=gaussian|basis=Z|eta=0,U1-RZ-XY-line|n16|d96|i6,U1-RZ-XY-line,16,6.0,256,2,1.0,2.220446049250313e-15,9.08264047949426e-16,1.9984014443252818e-15,4.8572257327350605e-17,-0.2545222013243555,1.0336097907542567
v2_convergence,tangent-sample convergence and estimator stability,SU2-CNOT-line|n12|d72|i3|dir=gaussian|basis=Z|eta=0,SU2-CNOT-line|n12|d72|i3,SU2-CNOT-line,12,6.0,32,1,1.0,4.440892098500626e-15,5.9935170725763605e-16,4.440892098500626e-15,2.4286128663675302e-17,-0.4489727762945967,0.6190671856577171
v2_convergence,tangent-sample convergence and estimator stability,SU2-CNOT-line|n12|d72|i3|dir=gaussian|basis=Z|eta=0,SU2-CNOT-line|n12|d72|i3,SU2-CNOT-line,12,6.0,32,2,1.0,4.440892098500626e-15,5.9935170725763605e-16,4.440892098500626e-15,2.4286128663675302e-17,-0.4489727762945967,1.5658281630479671
v2_convergence,tangent-sample convergence and estimator stability,SU2-CNOT-line|n12|d72|i3|dir=gaussian|basis=Z|eta=0,SU2-CNOT-line|n12|d72|i3,SU2-CNOT-line,12,6.0,64,1,1.0,4.440892098500626e-15,5.9935170725763605e-16,4.440892098500626e-15,2.4286128663675302e-17,-0.4489727762945967,0.4428072506680807
v2_convergence,tangent-sample convergence and estimator stability,SU2-CNOT-line|n12|d72|i3|dir=gaussian|basis=Z|eta=0,SU2-CNOT-line|n12|d72|i3,SU2-CNOT-line,12,6.0,64,2,1.0,4.440892098500626e-15,5.9935170725763605e-16,4.440892098500626e-15,2.4286128663675302e-17,-0.4489727762945967,1.1201151452500329
v2_convergence,tangent-sample convergence and estimator stability,SU2-CNOT-line|n12|d72|i3|dir=gaussian|basis=Z|eta=0,SU2-CNOT-line|n12|d72|i3,SU2-CNOT-line,12,6.0,128,1,1.0,4.440892098500626e-15,5.9935170725763605e-16,4.440892098500626e-15,2.4286128663675302e-17,-0.4489727762945967,0.3206147987959392
v2_convergence,tangent-sample convergence and estimator stability,SU2-CNOT-line|n12|d72|i3|dir=gaussian|basis=Z|eta=0,SU2-CNOT-line|n12|d72|i3,SU2-CNOT-line,12,6.0,128,2,1.0,4.440892098500626e-15,5.9935170725763605e-16,4.440892098500626e-15,2.4286128663675302e-17,-0.4489727762945967,0.8105821635845808
v2_convergence,tangent-sample convergence and estimator stability,SU2-CNOT-line|n12|d72|i3|dir=gaussian|basis=Z|eta=0,SU2-CNOT-line|n12|d72|i3,SU2-CNOT-line,12,6.0,256,1,1.0,4.440892098500626e-15,5.9935170725763605e-16,4.440892098500626e-15,2.4286128663675302e-17,-0.4489727762945967,0.2367558362148949
v2_convergence,tangent-sample convergence and estimator stability,SU2-CNOT-line|n12|d72|i3|dir=gaussian|basis=Z|eta=0,SU2-CNOT-line|n12|d72|i3,SU2-CNOT-line,12,6.0,256,2,1.0,4.440892098500626e-15,5.9935170725763605e-16,4.440892098500626e-15,2.4286128663675302e-17,-0.4489727762945967,0.5984947695038371
v2_convergence,tangent-sample convergence and estimator stability,SU2-HaarU4-brickwork|n16|d96|i3|dir=gaussian|basis=Z|eta=0,SU2-HaarU4-brickwork|n16|d96|i3,SU2-HaarU4-brickwork,16,6.0,32,1,1.0,3.397282455352979e-14,4.8379812319471055e-15,3.5305092183079984e-14,6.0715321659188256e-18,-0.4463813230833014,0.7146997909723517
v2_convergence,tangent-sample convergence and estimator stability,SU2-HaarU4-brickwork|n16|d96|i3|dir=gaussian|basis=Z|eta=0,SU2-HaarU4-brickwork|n16|d96|i3,SU2-HaarU4-brickwork,16,6.0,32,2,1.0,3.397282455352979e-14,4.8379812319471055e-15,3.5305092183079984e-14,6.0715321659188256e-18,-0.4463813230833014,2.081662001249281
v2_convergence,tangent-sample convergence and estimator stability,SU2-HaarU4-brickwork|n16|d96|i3|dir=gaussian|basis=Z|eta=0,SU2-HaarU4-brickwork|n16|d96|i3,SU2-HaarU4-brickwork,16,6.0,64,1,1.0,3.397282455352979e-14,4.8379812319471055e-15,3.5305092183079984e-14,6.0715321659188256e-18,-0.4463813230833014,0.5109741156540715
v2_convergence,tangent-sample convergence and estimator stability,SU2-HaarU4-brickwork|n16|d96|i3|dir=gaussian|basis=Z|eta=0,SU2-HaarU4-brickwork|n16|d96|i3,SU2-HaarU4-brickwork,16,6.0,64,2,1.0,3.397282455352979e-14,4.8379812319471055e-15,3.5305092183079984e-14,6.0715321659188256e-18,-0.4463813230833014,1.4882752135419044
v2_convergence,tangent-sample convergence and estimator stability,SU2-HaarU4-brickwork|n16|d96|i3|dir=gaussian|basis=Z|eta=0,SU2-HaarU4-brickwork|n16|d96|i3,SU2-HaarU4-brickwork,16,6.0,128,1,1.0,3.397282455352979e-14,4.8379812319471055e-15,3.5305092183079984e-14,6.0715321659188256e-18,-0.4463813230833014,0.3693432852221545
v2_convergence,tangent-sample convergence and estimator stability,SU2-HaarU4-brickwork|n16|d96|i3|dir=gaussian|basis=Z|eta=0,SU2-HaarU4-brickwork|n16|d96|i3,SU2-HaarU4-brickwork,16,6.0,128,2,1.0,3.397282455352979e-14,4.8379812319471055e-15,3.5305092183079984e-14,6.0715321659188256e-18,-0.4463813230833014,1.0757629433927427
v2_convergence,tangent-sample convergence and estimator stability,SU2-HaarU4-brickwork|n16|d96|i3|dir=gaussian|basis=Z|eta=0,SU2-HaarU4-brickwork|n16|d96|i3,SU2-HaarU4-brickwork,16,6.0,256,1,1.0,3.397282455352979e-14,4.8379812319471055e-15,3.5305092183079984e-14,6.0715321659188256e-18,-0.4463813230833014,0.2720266420533349
v2_convergence,tangent-sample convergence and estimator stability,SU2-HaarU4-brickwork|n16|d96|i3|dir=gaussian|basis=Z|eta=0,SU2-HaarU4-brickwork|n16|d96|i3,SU2-HaarU4-brickwork,16,6.0,256,2,1.0,3.397282455352979e-14,4.8379812319471055e-15,3.5305092183079984e-14,6.0715321659188256e-18,-0.4463813230833014,0.7923035364899073
v2_convergence,tangent-sample convergence and estimator stability,U1-RZ-XY-line|n16|d96|i7|dir=gaussian|basis=Z|eta=0,U1-RZ-XY-line|n16|d96|i7,U1-RZ-XY-line,16,6.0,32,1,1.0,1.3322676295501878e-15,4.1901762724358055e-16,7.771561172376097e-16,5.551115123125783e-17,-0.2270808918202054,0.5892034660087997
v2_convergence,tangent-sample convergence and estimator stability,U1-RZ-XY-line|n16|d96|i7|dir=gaussian|basis=Z|eta=0,U1-RZ-XY-line|n16|d96|i7,U1-RZ-XY-line,16,6.0,32,2,1.0,1.3322676295501878e-15,4.1901762724358055e-16,7.771561172376097e-16,5.551115123125783e-17,-0.2270808918202054,1.893889892991476
v2_convergence,tangent-sample convergence and estimator stability,U1-RZ-XY-line|n16|d96|i7|dir=gaussian|basis=Z|eta=0,U1-RZ-XY-line|n16|d96|i7,U1-RZ-XY-line,16,6.0,64,1,1.0,1.3322676295501878e-15,4.1901762724358055e-16,7.771561172376097e-16,5.551115123125783e-17,-0.2270808918202054,0.4301017182508138
v2_convergence,tangent-sample convergence and estimator stability,U1-RZ-XY-line|n16|d96|i7|dir=gaussian|basis=Z|eta=0,U1-RZ-XY-line|n16|d96|i7,U1-RZ-XY-line,16,6.0,64,2,1.0,1.3322676295501878e-15,4.1901762724358055e-16,7.771561172376097e-16,5.551115123125783e-17,-0.2270808918202054,1.4444011469986602
v2_convergence,tangent-sample convergence and estimator stability,U1-RZ-XY-line|n16|d96|i7|dir=gaussian|basis=Z|eta=0,U1-RZ-XY-line|n16|d96|i7,U1-RZ-XY-line,16,6.0,128,1,1.0,1.3322676295501878e-15,4.1901762724358055e-16,7.771561172376097e-16,5.551115123125783e-17,-0.2270808918202054,0.3458902258083496
v2_convergence,tangent-sample convergence and estimator stability,U1-RZ-XY-line|n16|d96|i7|dir=gaussian|basis=Z|eta=0,U1-RZ-XY-line|n16|d96|i7,U1-RZ-XY-line,16,6.0,128,2,1.0,1.3322676295501878e-15,4.1901762724358055e-16,7.771561172376097e-16,5.551115123125783e-17,-0.2270808918202054,1.214639118355171
v2_convergence,tangent-sample convergence and estimator stability,U1-RZ-XY-line|n16|d96|i7|dir=gaussian|basis=Z|eta=0,U1-RZ-XY-line|n16|d96|i7,U1-RZ-XY-line,16,6.0,256,1,1.0,1.3322676295501878e-15,4.1901762724358055e-16,7.771561172376097e-16,5.551115123125783e-17,-0.2270808918202054,0.2948222915373973
v2_convergence,tangent-sample convergence and estimator stability,U1-RZ-XY-line|n16|d96|i7|dir=gaussian|basis=Z|eta=0,U1-RZ-XY-line|n16|d96|i7,U1-RZ-XY-line,16,6.0,256,2,1.0,1.3322676295501878e-15,4.1901762724358055e-16,7.771561172376097e-16,5.551115123125783e-17,-0.2270808918202054,1.063783815553139
v2_convergence,tangent-sample convergence and estimator stability,SU2-CNOT-line|n12|d72|i4|dir=gaussian|basis=Z|eta=0,SU2-CNOT-line|n12|d72|i4,SU2-CNOT-line,12,6.0,32,1,1.0,2.886579864025407e-15,3.5042923745885715e-16,2.886579864025407e-15,2.4286128663675302e-17,-0.4534960426945484,0.6173862072733517
v2_convergence,tangent-sample convergence and estimator stability,SU2-CNOT-line|n12|d72|i4|dir=gaussian|basis=Z|eta=0,SU2-CNOT-line|n12|d72|i4,SU2-CNOT-line,12,6.0,32,2,1.0,2.886579864025407e-15,3.5042923745885715e-16,2.886579864025407e-15,2.4286128663675302e-17,-0.4534960426945484,1.5613600607968794
v2_convergence,tangent-sample convergence and estimator stability,SU2-CNOT-line|n12|d72|i4|dir=gaussian|basis=Z|eta=0,SU2-CNOT-line|n12|d72|i4,SU2-CNOT-line,12,6.0,64,1,1.0,2.886579864025407e-15,3.5042923745885715e-16,2.886579864025407e-15,2.4286128663675302e-17,-0.4534960426945484,0.4422958583138341
v2_convergence,tangent-sample convergence and estimator stability,SU2-CNOT-line|n12|d72|i4|dir=gaussian|basis=Z|eta=0,SU2-CNOT-line|n12|d72|i4,SU2-CNOT-line,12,6.0,64,2,1.0,2.886579864025407e-15,3.5042923745885715e-16,2.886579864025407e-15,2.4286128663675302e-17,-0.4534960426945484,1.118549327313287
v2_convergence,tangent-sample convergence and estimator stability,SU2-CNOT-line|n12|d72|i4|dir=gaussian|basis=Z|eta=0,SU2-CNOT-line|n12|d72|i4,SU2-CNOT-line,12,6.0,128,1,1.0,2.886579864025407e-15,3.5042923745885715e-16,2.886579864025407e-15,2.4286128663675302e-17,-0.4534960426945484,0.3197447667859662
v2_convergence,tangent-sample convergence and estimator stability,SU2-CNOT-line|n12|d72|i4|dir=gaussian|basis=Z|eta=0,SU2-CNOT-line|n12|d72|i4,SU2-CNOT-line,12,6.0,128,2,1.0,2.886579864025407e-15,3.5042923745885715e-16,2.886579864025407e-15,2.4286128663675302e-17,-0.4534960426945484,0.8084978902359606
v2_convergence,tangent-sample convergence and estimator stability,SU2-CNOT-line|n12|d72|i4|dir=gaussian|basis=Z|eta=0,SU2-CNOT-line|n12|d72|i4,SU2-CNOT-line,12,6.0,256,1,1.0,2.886579864025407e-15,3.5042923745885715e-16,2.886579864025407e-15,2.4286128663675302e-17,-0.4534960426945484,0.2361741160835919
v2_convergence,tangent-sample convergence and estimator stability,SU2-CNOT-line|n12|d72|i4|dir=gaussian|basis=Z|eta=0,SU2-CNOT-line|n12|d72|i4,SU2-CNOT-line,12,6.0,256,2,1.0,2.886579864025407e-15,3.5042923745885715e-16,2.886579864025407e-15,2.4286128663675302e-17,-0.4534960426945484,0.5969759397053214
v2_convergence,tangent-sample convergence and estimator stability,SU2-HaarU4-brickwork|n16|d96|i4|dir=gaussian|basis=Z|eta=0,SU2-HaarU4-brickwork|n16|d96|i4,SU2-HaarU4-brickwork,16,6.0,32,1,1.0,3.8635761256955454e-14,5.830588732233565e-15,3.874678355941796e-14,6.451002926288751e-18,-0.4630098906876435,0.7159387418045189
v2_convergence,tangent-sample convergence and estimator stability,SU2-HaarU4-brickwork|n16|d96|i4|dir=gaussian|basis=Z|eta=0,SU2-HaarU4-brickwork|n16|d96|i4,SU2-HaarU4-brickwork,16,6.0,32,2,1.0,3.8635761256955454e-14,5.830588732233565e-15,3.874678355941796e-14,6.451002926288751e-18,-0.4630098906876435,2.0853818529613792
v2_convergence,tangent-sample convergence and estimator stability,SU2-HaarU4-brickwork|n16|d96|i4|dir=gaussian|basis=Z|eta=0,SU2-HaarU4-brickwork|n16|d96|i4,SU2-HaarU4-brickwork,16,6.0,64,1,1.0,3.8635761256955454e-14,5.830588732233565e-15,3.874678355941796e-14,6.451002926288751e-18,-0.4630098906876435,0.5111206535084737
v2_convergence,tangent-sample convergence and estimator stability,SU2-HaarU4-brickwork|n16|d96|i4|dir=gaussian|basis=Z|eta=0,SU2-HaarU4-brickwork|n16|d96|i4,SU2-HaarU4-brickwork,16,6.0,64,2,1.0,3.8635761256955454e-14,5.830588732233565e-15,3.874678355941796e-14,6.451002926288751e-18,-0.4630098906876435,1.4887444787196529
v2_convergence,tangent-sample convergence and estimator stability,SU2-HaarU4-brickwork|n16|d96|i4|dir=gaussian|basis=Z|eta=0,SU2-HaarU4-brickwork|n16|d96|i4,SU2-HaarU4-brickwork,16,6.0,128,1,1.0,3.8635761256955454e-14,5.830588732233565e-15,3.874678355941796e-14,6.451002926288751e-18,-0.4630098906876435,0.3693827076302927
v2_convergence,tangent-sample convergence and estimator stability,SU2-HaarU4-brickwork|n16|d96|i4|dir=gaussian|basis=Z|eta=0,SU2-HaarU4-brickwork|n16|d96|i4,SU2-HaarU4-brickwork,16,6.0,128,2,1.0,3.8635761256955454e-14,5.830588732233565e-15,3.874678355941796e-14,6.451002926288751e-18,-0.4630098906876435,1.0758631875879463
v2_convergence,tangent-sample convergence and estimator stability,SU2-HaarU4-brickwork|n16|d96|i4|dir=gaussian|basis=Z|eta=0,SU2-HaarU4-brickwork|n16|d96|i4,SU2-HaarU4-brickwork,16,6.0,256,1,1.0,3.8635761256955454e-14,5.830588732233565e-15,3.874678355941796e-14,6.451002926288751e-18,-0.4630098906876435,0.2718828971478816
v2_convergence,tangent-sample convergence and estimator stability,SU2-HaarU4-brickwork|n16|d96|i4|dir=gaussian|basis=Z|eta=0,SU2-HaarU4-brickwork|n16|d96|i4,SU2-HaarU4-brickwork,16,6.0,256,2,1.0,3.8635761256955454e-14,5.830588732233565e-15,3.874678355941796e-14,6.451002926288751e-18,-0.4630098906876435,0.7918872852078239
v2_convergence,tangent-sample convergence and estimator stability,U1-RZ-XY-line|n16|d96|i8|dir=gaussian|basis=Z|eta=0,U1-RZ-XY-line|n16|d96|i8,U1-RZ-XY-line,16,6.0,32,1,1.0,3.996802888650564e-15,1.4786374071655026e-15,3.996802888650564e-15,4.8572257327350605e-17,-0.2179427677047309,0.5838737831277809
v2_convergence,tangent-sample convergence and estimator stability,U1-RZ-XY-line|n16|d96|i8|dir=gaussian|basis=Z|eta=0,U1-RZ-XY-line|n16|d96|i8,U1-RZ-XY-line,16,6.0,32,2,1.0,3.996802888650564e-15,1.4786374071655026e-15,3.996802888650564e-15,4.8572257327350605e-17,-0.2179427677047309,1.878940799404192
v2_convergence,tangent-sample convergence and estimator stability,U1-RZ-XY-line|n16|d96|i8|dir=gaussian|basis=Z|eta=0,U1-RZ-XY-line|n16|d96|i8,U1-RZ-XY-line,16,6.0,64,1,1.0,3.996802888650564e-15,1.4786374071655026e-15,3.996802888650564e-15,4.8572257327350605e-17,-0.2179427677047309,0.4258984410303683
v2_convergence,tangent-sample convergence and estimator stability,U1-RZ-XY-line|n16|d96|i8|dir=gaussian|basis=Z|eta=0,U1-RZ-XY-line|n16|d96|i8,U1-RZ-XY-line,16,6.0,64,2,1.0,3.996802888650564e-15,1.4786374071655026e-15,3.996802888650564e-15,4.8572257327350605e-17,-0.2179427677047309,1.4340644355471337
v2_convergence,tangent-sample convergence and estimator stability,U1-RZ-XY-line|n16|d96|i8|dir=gaussian|basis=Z|eta=0,U1-RZ-XY-line|n16|d96|i8,U1-RZ-XY-line,16,6.0,128,1,1.0,3.996802888650564e-15,1.4786374071655026e-15,3.996802888650564e-15,4.8572257327350605e-17,-0.2179427677047309,0.3344499504794481
v2_convergence,tangent-sample convergence and estimator stability,U1-RZ-XY-line|n16|d96|i8|dir=gaussian|basis=Z|eta=0,U1-RZ-XY-line|n16|d96|i8,U1-RZ-XY-line,16,6.0,128,2,1.0,3.996802888650564e-15,1.4786374071655026e-15,3.996802888650564e-15,4.8572257327350605e-17,-0.2179427677047309,1.1769768805953515
v2_convergence,tangent-sample convergence and estimator stability,U1-RZ-XY-line|n16|d96|i8|dir=gaussian|basis=Z|eta=0,U1-RZ-XY-line|n16|d96|i8,U1-RZ-XY-line,16,6.0,256,1,1.0,3.996802888650564e-15,1.4786374071655026e-15,3.996802888650564e-15,4.8572257327350605e-17,-0.2179427677047309,0.2703593684446487
v2_convergence,tangent-sample convergence and estimator stability,U1-RZ-XY-line|n16|d96|i8|dir=gaussian|basis=Z|eta=0,U1-RZ-XY-line|n16|d96|i8,U1-RZ-XY-line,16,6.0,256,2,1.0,3.996802888650564e-15,1.4786374071655026e-15,3.996802888650564e-15,4.8572257327350605e-17,-0.2179427677047309,1.0270407142975833
v2_convergence,tangent-sample convergence and estimator stability,SU2-CNOT-line|n12|d72|i5|dir=gaussian|basis=Z|eta=0,SU2-CNOT-line|n12|d72|i5,SU2-CNOT-line,12,6.0,32,1,1.0,4.440892098500626e-16,8.363184457454395e-17,6.661338147750939e-16,2.4286128663675302e-17,-0.4566617184962472,0.6187891830296589
v2_convergence,tangent-sample convergence and estimator stability,SU2-CNOT-line|n12|d72|i5|dir=gaussian|basis=Z|eta=0,SU2-CNOT-line|n12|d72|i5,SU2-CNOT-line,12,6.0,32,2,1.0,4.440892098500626e-16,8.363184457454395e-17,6.661338147750939e-16,2.4286128663675302e-17,-0.4566617184962472,1.5647011777125903
v2_convergence,tangent-sample convergence and estimator stability,SU2-CNOT-line|n12|d72|i5|dir=gaussian|basis=Z|eta=0,SU2-CNOT-line|n12|d72|i5,SU2-CNOT-line,12,6.0,64,1,1.0,4.440892098500626e-16,8.363184457454395e-17,6.661338147750939e-16,2.4286128663675302e-17,-0.4566617184962472,0.4429041448073044
v2_convergence,tangent-sample convergence and estimator stability,SU2-CNOT-line|n12|d72|i5|dir=gaussian|basis=Z|eta=0,SU2-CNOT-line|n12|d72|i5,SU2-CNOT-line,12,6.0,64,2,1.0,4.440892098500626e-16,8.363184457454395e-17,6.661338147750939e-16,2.4286128663675302e-17,-0.4566617184962472,1.1201357945146002
v2_convergence,tangent-sample convergence and estimator stability,SU2-CNOT-line|n12|d72|i5|dir=gaussian|basis=Z|eta=0,SU2-CNOT-line|n12|d72|i5,SU2-CNOT-line,12,6.0,128,1,1.0,4.440892098500626e-16,8.363184457454395e-17,6.661338147750939e-16,2.4286128663675302e-17,-0.4566617184962472,0.3198478716933456
v2_convergence,tangent-sample convergence and estimator stability,SU2-CNOT-line|n12|d72|i5|dir=gaussian|basis=Z|eta=0,SU2-CNOT-line|n12|d72|i5,SU2-CNOT-line,12,6.0,128,2,1.0,4.440892098500626e-16,8.363184457454395e-17,6.661338147750939e-16,2.4286128663675302e-17,-0.4566617184962472,0.8093623716570024
v2_convergence,tangent-sample convergence and estimator stability,SU2-CNOT-line|n12|d72|i5|dir=gaussian|basis=Z|eta=0,SU2-CNOT-line|n12|d72|i5,SU2-CNOT-line,12,6.0,256,1,1.0,4.440892098500626e-16,8.363184457454395e-17,6.661338147750939e-16,2.4286128663675302e-17,-0.4566617184962472,0.2364968276732013
v2_convergence,tangent-sample convergence and estimator stability,SU2-CNOT-line|n12|d72|i5|dir=gaussian|basis=Z|eta=0,SU2-CNOT-line|n12|d72|i5,SU2-CNOT-line,12,6.0,256,2,1.0,4.440892098500626e-16,8.363184457454395e-17,6.661338147750939e-16,2.4286128663675302e-17,-0.4566617184962472,0.5981516949385657
v2_convergence,tangent-sample convergence and estimator stability,SU2-HaarU4-brickwork|n16|d96|i5|dir=gaussian|basis=Z|eta=0,SU2-HaarU4-brickwork|n16|d96|i5,SU2-HaarU4-brickwork,16,6.0,32,1,1.0,3.5305092183079984e-14,3.988400699065977e-15,3.5527136788005016e-14,6.0715321659188256e-18,-0.4525453016024751,0.7147947588185679
v2_convergence,tangent-sample convergence and estimator stability,SU2-HaarU4-brickwork|n16|d96|i5|dir=gaussian|basis=Z|eta=0,SU2-HaarU4-brickwork|n16|d96|i5,SU2-HaarU4-brickwork,16,6.0,32,2,1.0,3.5305092183079984e-14,3.988400699065977e-15,3.5527136788005016e-14,6.0715321659188256e-18,-0.4525453016024751,2.0819581099683435
v2_convergence,tangent-sample convergence and estimator stability,SU2-HaarU4-brickwork|n16|d96|i5|dir=gaussian|basis=Z|eta=0,SU2-HaarU4-brickwork|n16|d96|i5,SU2-HaarU4-brickwork,16,6.0,64,1,1.0,3.5305092183079984e-14,3.988400699065977e-15,3.5527136788005016e-14,6.0715321659188256e-18,-0.4525453016024751,0.5112920206822691
v2_convergence,tangent-sample convergence and estimator stability,SU2-HaarU4-brickwork|n16|d96|i5|dir=gaussian|basis=Z|eta=0,SU2-HaarU4-brickwork|n16|d96|i5,SU2-HaarU4-brickwork,16,6.0,64,2,1.0,3.5305092183079984e-14,3.988400699065977e-15,3.5527136788005016e-14,6.0715321659188256e-18,-0.4525453016024751,1.4892301868044846
v2_convergence,tangent-sample convergence and estimator stability,SU2-HaarU4-brickwork|n16|d96|i5|dir=gaussian|basis=Z|eta=0,SU2-HaarU4-brickwork|n16|d96|i5,SU2-HaarU4-brickwork,16,6.0,128,1,1.0,3.5305092183079984e-14,3.988400699065977e-15,3.5527136788005016e-14,6.0715321659188256e-18,-0.4525453016024751,0.3695065040240896
v2_convergence,tangent-sample convergence and estimator stability,SU2-HaarU4-brickwork|n16|d96|i5|dir=gaussian|basis=Z|eta=0,SU2-HaarU4-brickwork|n16|d96|i5,SU2-HaarU4-brickwork,16,6.0,128,2,1.0,3.5305092183079984e-14,3.988400699065977e-15,3.5527136788005016e-14,6.0715321659188256e-18,-0.4525453016024751,1.076250040434234
v2_convergence,tangent-sample convergence and estimator stability,SU2-HaarU4-brickwork|n16|d96|i5|dir=gaussian|basis=Z|eta=0,SU2-HaarU4-brickwork|n16|d96|i5,SU2-HaarU4-brickwork,16,6.0,256,1,1.0,3.5305092183079984e-14,3.988400699065977e-15,3.5527136788005016e-14,6.0715321659188256e-18,-0.4525453016024751,0.2718159642998357
v2_convergence,tangent-sample convergence and estimator stability,SU2-HaarU4-brickwork|n16|d96|i5|dir=gaussian|basis=Z|eta=0,SU2-HaarU4-brickwork|n16|d96|i5,SU2-HaarU4-brickwork,16,6.0,256,2,1.0,3.5305092183079984e-14,3.988400699065977e-15,3.5527136788005016e-14,6.0715321659188256e-18,-0.4525453016024751,0.7916882767729209
v2_convergence,tangent-sample convergence and estimator stability,U1-RZ-XY-line|n16|d96|i9|dir=gaussian|basis=Z|eta=0,U1-RZ-XY-line|n16|d96|i9,U1-RZ-XY-line,16,6.0,32,1,1.0,5.773159728050814e-15,2.189118164800131e-15,5.9952043329758445e-15,4.163336342344337e-17,-0.2409975667241896,0.6026828718885442
v2_convergence,tangent-sample convergence and estimator stability,U1-RZ-XY-line|n16|d96|i9|dir=gaussian|basis=Z|eta=0,U1-RZ-XY-line|n16|d96|i9,U1-RZ-XY-line,16,6.0,32,2,1.0,5.773159728050814e-15,2.189118164800131e-15,5.9952043329758445e-15,4.163336342344337e-17,-0.2409975667241896,1.899701930677967
v2_convergence,tangent-sample convergence and estimator stability,U1-RZ-XY-line|n16|d96|i9|dir=gaussian|basis=Z|eta=0,U1-RZ-XY-line|n16|d96|i9,U1-RZ-XY-line,16,6.0,64,1,1.0,5.773159728050814e-15,2.189118164800131e-15,5.9952043329758445e-15,4.163336342344337e-17,-0.2409975667241896,0.4432971569290025
v2_convergence,tangent-sample convergence and estimator stability,U1-RZ-XY-line|n16|d96|i9|dir=gaussian|basis=Z|eta=0,U1-RZ-XY-line|n16|d96|i9,U1-RZ-XY-line,16,6.0,64,2,1.0,5.773159728050814e-15,2.189118164800131e-15,5.9952043329758445e-15,4.163336342344337e-17,-0.2409975667241896,1.426983938299769
v2_convergence,tangent-sample convergence and estimator stability,U1-RZ-XY-line|n16|d96|i9|dir=gaussian|basis=Z|eta=0,U1-RZ-XY-line|n16|d96|i9,U1-RZ-XY-line,16,6.0,128,1,1.0,5.773159728050814e-15,2.189118164800131e-15,5.9952043329758445e-15,4.163336342344337e-17,-0.2409975667241896,0.3544570524257698
v2_convergence,tangent-sample convergence and estimator stability,U1-RZ-XY-line|n16|d96|i9|dir=gaussian|basis=Z|eta=0,U1-RZ-XY-line|n16|d96|i9,U1-RZ-XY-line,16,6.0,128,2,1.0,5.773159728050814e-15,2.189118164800131e-15,5.9952043329758445e-15,4.163336342344337e-17,-0.2409975667241896,1.1821015308353815
v2_convergence,tangent-sample convergence and estimator stability,U1-RZ-XY-line|n16|d96|i9|dir=gaussian|basis=Z|eta=0,U1-RZ-XY-line|n16|d96|i9,U1-RZ-XY-line,16,6.0,256,1,1.0,5.773159728050814e-15,2.189118164800131e-15,5.9952043329758445e-15,4.163336342344337e-17,-0.2409975667241896,0.3075267050736457
v2_convergence,tangent-sample convergence and estimator stability,U1-RZ-XY-line|n16|d96|i9|dir=gaussian|basis=Z|eta=0,U1-RZ-XY-line|n16|d96|i9,U1-RZ-XY-line,16,6.0,256,2,1.0,5.773159728050814e-15,2.189118164800131e-15,5.9952043329758445e-15,4.163336342344337e-17,-0.2409975667241896,1.0481883644618408
v2_convergence,tangent-sample convergence and estimator stability,SU2-CNOT-line|n12|d72|i6|dir=gaussian|basis=Z|eta=0,SU2-CNOT-line|n12|d72|i6,SU2-CNOT-line,12,6.0,32,1,1.0,2.220446049250313e-16,4.7722633781646347e-17,2.220446049250313e-16,2.5153490401663706e-17,-0.4548934237296199,0.6195714796740414
v2_convergence,tangent-sample convergence and estimator stability,SU2-CNOT-line|n12|d72|i6|dir=gaussian|basis=Z|eta=0,SU2-CNOT-line|n12|d72|i6,SU2-CNOT-line,12,6.0,32,2,1.0,2.220446049250313e-16,4.7722633781646347e-17,2.220446049250313e-16,2.5153490401663706e-17,-0.4548934237296199,1.5665031223713448
v2_convergence,tangent-sample convergence and estimator stability,SU2-CNOT-line|n12|d72|i6|dir=gaussian|basis=Z|eta=0,SU2-CNOT-line|n12|d72|i6,SU2-CNOT-line,12,6.0,64,1,1.0,2.220446049250313e-16,4.7722633781646347e-17,2.220446049250313e-16,2.5153490401663706e-17,-0.4548934237296199,0.4429448384687321
v2_convergence,tangent-sample convergence and estimator stability,SU2-CNOT-line|n12|d72|i6|dir=gaussian|basis=Z|eta=0,SU2-CNOT-line|n12|d72|i6,SU2-CNOT-line,12,6.0,64,2,1.0,2.220446049250313e-16,4.7722633781646347e-17,2.220446049250313e-16,2.5153490401663706e-17,-0.4548934237296199,1.119655313813682
v2_convergence,tangent-sample convergence and estimator stability,SU2-CNOT-line|n12|d72|i6|dir=gaussian|basis=Z|eta=0,SU2-CNOT-line|n12|d72|i6,SU2-CNOT-line,12,6.0,128,1,1.0,2.220446049250313e-16,4.7722633781646347e-17,2.220446049250313e-16,2.5153490401663706e-17,-0.4548934237296199,0.3202925779522654
v2_convergence,tangent-sample convergence and estimator stability,SU2-CNOT-line|n12|d72|i6|dir=gaussian|basis=Z|eta=0,SU2-CNOT-line|n12|d72|i6,SU2-CNOT-line,12,6.0,128,2,1.0,2.220446049250313e-16,4.7722633781646347e-17,2.220446049250313e-16,2.5153490401663706e-17,-0.4548934237296199,0.8098112625597891
v2_convergence,tangent-sample convergence and estimator stability,SU2-CNOT-line|n12|d72|i6|dir=gaussian|basis=Z|eta=0,SU2-CNOT-line|n12|d72|i6,SU2-CNOT-line,12,6.0,256,1,1.0,2.220446049250313e-16,4.7722633781646347e-17,2.220446049250313e-16,2.5153490401663706e-17,-0.4548934237296199,0.2363094651161935
v2_convergence,tangent-sample convergence and estimator stability,SU2-CNOT-line|n12|d72|i6|dir=gaussian|basis=Z|eta=0,SU2-CNOT-line|n12|d72|i6,SU2-CNOT-line,12,6.0,256,2,1.0,2.220446049250313e-16,4.7722633781646347e-17,2.220446049250313e-16,2.5153490401663706e-17,-0.4548934237296199,0.597307198948673
v2_convergence,tangent-sample convergence and estimator stability,SU2-HaarU4-brickwork|n16|d96|i6|dir=gaussian|basis=Z|eta=0,SU2-HaarU4-brickwork|n16|d96|i6,SU2-HaarU4-brickwork,16,6.0,32,1,1.0,2.9531932455029164e-14,4.461492095578392e-15,2.90878432451791e-14,7.480994990149979e-18,-0.4611886645148131,0.7156433453266942
v2_convergence,tangent-sample convergence and estimator stability,SU2-HaarU4-brickwork|n16|d96|i6|dir=gaussian|basis=Z|eta=0,SU2-HaarU4-brickwork|n16|d96|i6,SU2-HaarU4-brickwork,16,6.0,32,2,1.0,2.9531932455029164e-14,4.461492095578392e-15,2.90878432451791e-14,7.480994990149979e-18,-0.4611886645148131,2.0844641559668418
v2_convergence,tangent-sample convergence and estimator stability,SU2-HaarU4-brickwork|n16|d96|i6|dir=gaussian|basis=Z|eta=0,SU2-HaarU4-brickwork|n16|d96|i6,SU2-HaarU4-brickwork,16,6.0,64,1,1.0,2.9531932455029164e-14,4.461492095578392e-15,2.90878432451791e-14,7.480994990149979e-18,-0.4611886645148131,0.5114461974826447
v2_convergence,tangent-sample convergence and estimator stability,SU2-HaarU4-brickwork|n16|d96|i6|dir=gaussian|basis=Z|eta=0,SU2-HaarU4-brickwork|n16|d96|i6,SU2-HaarU4-brickwork,16,6.0,64,2,1.0,2.9531932455029164e-14,4.461492095578392e-15,2.90878432451791e-14,7.480994990149979e-18,-0.4611886645148131,1.4896508695328854
v2_convergence,tangent-sample convergence and estimator stability,SU2-HaarU4-brickwork|n16|d96|i6|dir=gaussian|basis=Z|eta=0,SU2-HaarU4-brickwork|n16|d96|i6,SU2-HaarU4-brickwork,16,6.0,128,1,1.0,2.9531932455029164e-14,4.461492095578392e-15,2.90878432451791e-14,7.480994990149979e-18,-0.4611886645148131,0.3696542483319068
v2_convergence,tangent-sample convergence and estimator stability,SU2-HaarU4-brickwork|n16|d96|i6|dir=gaussian|basis=Z|eta=0,SU2-HaarU4-brickwork|n16|d96|i6,SU2-HaarU4-brickwork,16,6.0,128,2,1.0,2.9531932455029164e-14,4.461492095578392e-15,2.90878432451791e-14,7.480994990149979e-18,-0.4611886645148131,1.0766597043034671
v2_convergence,tangent-sample convergence and estimator stability,SU2-HaarU4-brickwork|n16|d96|i6|dir=gaussian|basis=Z|eta=0,SU2-HaarU4-brickwork|n16|d96|i6,SU2-HaarU4-brickwork,16,6.0,256,1,1.0,2.9531932455029164e-14,4.461492095578392e-15,2.90878432451791e-14,7.480994990149979e-18,-0.4611886645148131,0.2721492701682915
v2_convergence,tangent-sample convergence and estimator stability,SU2-HaarU4-brickwork|n16|d96|i6|dir=gaussian|basis=Z|eta=0,SU2-HaarU4-brickwork|n16|d96|i6,SU2-HaarU4-brickwork,16,6.0,256,2,1.0,2.9531932455029164e-14,4.461492095578392e-15,2.90878432451791e-14,7.480994990149979e-18,-0.4611886645148131,0.7926494771324732
v2_convergence,tangent-sample convergence and estimator stability,SU2-CNOT-line|n12|d72|i7|dir=gaussian|basis=Z|eta=0,SU2-CNOT-line|n12|d72|i7,SU2-CNOT-line,12,6.0,32,1,1.0,3.1086244689504387e-15,4.683844863802344e-16,3.552713678800501e-15,2.2117724318704287e-17,-0.4570121668384176,0.618097356524979
v2_convergence,tangent-sample convergence and estimator stability,SU2-CNOT-line|n12|d72|i7|dir=gaussian|basis=Z|eta=0,SU2-CNOT-line|n12|d72|i7,SU2-CNOT-line,12,6.0,32,2,1.0,3.1086244689504387e-15,4.683844863802344e-16,3.552713678800501e-15,2.2117724318704287e-17,-0.4570121668384176,1.562536992870321
v2_convergence,tangent-sample convergence and estimator stability,SU2-CNOT-line|n12|d72|i7|dir=gaussian|basis=Z|eta=0,SU2-CNOT-line|n12|d72|i7,SU2-CNOT-line,12,6.0,64,1,1.0,3.1086244689504387e-15,4.683844863802344e-16,3.552713678800501e-15,2.2117724318704287e-17,-0.4570121668384176,0.4418796516470779
v2_convergence,tangent-sample convergence and estimator stability,SU2-CNOT-line|n12|d72|i7|dir=gaussian|basis=Z|eta=0,SU2-CNOT-line|n12|d72|i7,SU2-CNOT-line,12,6.0,64,2,1.0,3.1086244689504387e-15,4.683844863802344e-16,3.552713678800501e-15,2.2117724318704287e-17,-0.4570121668384176,1.116956448429448
v2_convergence,tangent-sample convergence and estimator stability,SU2-CNOT-line|n12|d72|i7|dir=gaussian|basis=Z|eta=0,SU2-CNOT-line|n12|d72|i7,SU2-CNOT-line,12,6.0,128,1,1.0,3.1086244689504387e-15,4.683844863802344e-16,3.552713678800501e-15,2.2117724318704287e-17,-0.4570121668384176,0.3202445675558734
v2_convergence,tangent-sample convergence and estimator stability,SU2-CNOT-line|n12|d72|i7|dir=gaussian|basis=Z|eta=0,SU2-CNOT-line|n12|d72|i7,SU2-CNOT-line,12,6.0,128,2,1.0,3.1086244689504387e-15,4.683844863802344e-16,3.552713678800501e-15,2.2117724318704287e-17,-0.4570121668384176,0.8096422795549401
v2_convergence,tangent-sample convergence and estimator stability,SU2-CNOT-line|n12|d72|i7|dir=gaussian|basis=Z|eta=0,SU2-CNOT-line|n12|d72|i7,SU2-CNOT-line,12,6.0,256,1,1.0,3.1086244689504387e-15,4.683844863802344e-16,3.552713678800501e-15,2.2117724318704287e-17,-0.4570121668384176,0.236518943397456
v2_convergence,tangent-sample convergence and estimator stability,SU2-CNOT-line|n12|d72|i7|dir=gaussian|basis=Z|eta=0,SU2-CNOT-line|n12|d72|i7,SU2-CNOT-line,12,6.0,256,2,1.0,3.1086244689504387e-15,4.683844863802344e-16,3.552713678800501e-15,2.2117724318704287e-17,-0.4570121668384176,0.5977160318250468
v2_convergence,tangent-sample convergence and estimator stability,SU2-HaarU4-brickwork|n16|d96|i7|dir=gaussian|basis=Z|eta=0,SU2-HaarU4-brickwork|n16|d96|i7,SU2-HaarU4-brickwork,16,6.0,32,1,1.0,3.230749001659205e-14,4.91696538031893e-15,3.219646771412954e-14,7.589415207398531e-18,-0.457368930537087,0.7143107882975908
v2_convergence,tangent-sample convergence and estimator stability,SU2-HaarU4-brickwork|n16|d96|i7|dir=gaussian|basis=Z|eta=0,SU2-HaarU4-brickwork|n16|d96|i7,SU2-HaarU4-brickwork,16,6.0,32,2,1.0,3.230749001659205e-14,4.91696538031893e-15,3.219646771412954e-14,7.589415207398531e-18,-0.457368930537087,2.080583857485204
v2_convergence,tangent-sample convergence and estimator stability,SU2-HaarU4-brickwork|n16|d96|i7|dir=gaussian|basis=Z|eta=0,SU2-HaarU4-brickwork|n16|d96|i7,SU2-HaarU4-brickwork,16,6.0,64,1,1.0,3.230749001659205e-14,4.91696538031893e-15,3.219646771412954e-14,7.589415207398531e-18,-0.457368930537087,0.5113141383011313
v2_convergence,tangent-sample convergence and estimator stability,SU2-HaarU4-brickwork|n16|d96|i7|dir=gaussian|basis=Z|eta=0,SU2-HaarU4-brickwork|n16|d96|i7,SU2-HaarU4-brickwork,16,6.0,64,2,1.0,3.230749001659205e-14,4.91696538031893e-15,3.219646771412954e-14,7.589415207398531e-18,-0.457368930537087,1.4893174662346529
v2_convergence,tangent-sample convergence and estimator stability,SU2-HaarU4-brickwork|n16|d96|i7|dir=gaussian|basis=Z|eta=0,SU2-HaarU4-brickwork|n16|d96|i7,SU2-HaarU4-brickwork,16,6.0,128,1,1.0,3.230749001659205e-14,4.91696538031893e-15,3.219646771412954e-14,7.589415207398531e-18,-0.457368930537087,0.3698163466886926
v2_convergence,tangent-sample convergence and estimator stability,SU2-HaarU4-brickwork|n16|d96|i7|dir=gaussian|basis=Z|eta=0,SU2-HaarU4-brickwork|n16|d96|i7,SU2-HaarU4-brickwork,16,6.0,128,2,1.0,3.230749001659205e-14,4.91696538031893e-15,3.219646771412954e-14,7.589415207398531e-18,-0.457368930537087,1.0771634987986594
v2_convergence,tangent-sample convergence and estimator stability,SU2-HaarU4-brickwork|n16|d96|i7|dir=gaussian|basis=Z|eta=0,SU2-HaarU4-brickwork|n16|d96|i7,SU2-HaarU4-brickwork,16,6.0,256,1,1.0,3.230749001659205e-14,4.91696538031893e-15,3.219646771412954e-14,7.589415207398531e-18,-0.457368930537087,0.2721649096328006
v2_convergence,tangent-sample convergence and estimator stability,SU2-HaarU4-brickwork|n16|d96|i7|dir=gaussian|basis=Z|eta=0,SU2-HaarU4-brickwork|n16|d96|i7,SU2-HaarU4-brickwork,16,6.0,256,2,1.0,3.230749001659205e-14,4.91696538031893e-15,3.219646771412954e-14,7.589415207398531e-18,-0.457368930537087,0.7927228994544815
v2_convergence,tangent-sample convergence and estimator stability,SU2-CNOT-line|n16|d96|i0|dir=gaussian|basis=Z|eta=0,SU2-CNOT-line|n16|d96|i0,SU2-CNOT-line,16,6.0,32,1,1.0,4.440892098500626e-16,5.329433385569656e-17,2.220446049250313e-16,5.3125906451789725e-18,-0.4746189812822631,0.710975346582572
v2_convergence,tangent-sample convergence and estimator stability,SU2-CNOT-line|n16|d96|i0|dir=gaussian|basis=Z|eta=0,SU2-CNOT-line|n16|d96|i0,SU2-CNOT-line,16,6.0,32,2,1.0,4.440892098500626e-16,5.329433385569656e-17,2.220446049250313e-16,5.3125906451789725e-18,-0.4746189812822631,2.0709410387461293
v2_convergence,tangent-sample convergence and estimator stability,SU2-CNOT-line|n16|d96|i0|dir=gaussian|basis=Z|eta=0,SU2-CNOT-line|n16|d96|i0,SU2-CNOT-line,16,6.0,64,1,1.0,4.440892098500626e-16,5.329433385569656e-17,2.220446049250313e-16,5.3125906451789725e-18,-0.4746189812822631,0.5060491162896641
v2_convergence,tangent-sample convergence and estimator stability,SU2-CNOT-line|n16|d96|i0|dir=gaussian|basis=Z|eta=0,SU2-CNOT-line|n16|d96|i0,SU2-CNOT-line,16,6.0,64,2,1.0,4.440892098500626e-16,5.329433385569656e-17,2.220446049250313e-16,5.3125906451789725e-18,-0.4746189812822631,1.4740300951643666
v2_convergence,tangent-sample convergence and estimator stability,SU2-CNOT-line|n16|d96|i0|dir=gaussian|basis=Z|eta=0,SU2-CNOT-line|n16|d96|i0,SU2-CNOT-line,16,6.0,128,1,1.0,4.440892098500626e-16,5.329433385569656e-17,2.220446049250313e-16,5.3125906451789725e-18,-0.4746189812822631,0.3625931462305652
v2_convergence,tangent-sample convergence and estimator stability,SU2-CNOT-line|n16|d96|i0|dir=gaussian|basis=Z|eta=0,SU2-CNOT-line|n16|d96|i0,SU2-CNOT-line,16,6.0,128,2,1.0,4.440892098500626e-16,5.329433385569656e-17,2.220446049250313e-16,5.3125906451789725e-18,-0.4746189812822631,1.0561417751987587
v2_convergence,tangent-sample convergence and estimator stability,SU2-CNOT-line|n16|d96|i0|dir=gaussian|basis=Z|eta=0,SU2-CNOT-line|n16|d96|i0,SU2-CNOT-line,16,6.0,256,1,1.0,4.440892098500626e-16,5.329433385569656e-17,2.220446049250313e-16,5.3125906451789725e-18,-0.4746189812822631,0.2628173898845555
v2_convergence,tangent-sample convergence and estimator stability,SU2-CNOT-line|n16|d96|i0|dir=gaussian|basis=Z|eta=0,SU2-CNOT-line|n16|d96|i0,SU2-CNOT-line,16,6.0,256,2,1.0,4.440892098500626e-16,5.329433385569656e-17,2.220446049250313e-16,5.3125906451789725e-18,-0.4746189812822631,0.7655066357218372
v2_convergence,tangent-sample convergence and estimator stability,U1-RZ-XY-line|n8|d48|i0|dir=gaussian|basis=Z|eta=0,U1-RZ-XY-line|n8|d48|i0,U1-RZ-XY-line,8,6.0,32,1,1.0,2.220446049250313e-16,1.7187774663282427e-16,2.220446049250313e-16,1.0755285551056204e-16,-0.1544923834514859,0.2859634597310086
v2_convergence,tangent-sample convergence and estimator stability,U1-RZ-XY-line|n8|d48|i0|dir=gaussian|basis=Z|eta=0,U1-RZ-XY-line|n8|d48|i0,U1-RZ-XY-line,8,6.0,32,2,1.0,2.220446049250313e-16,1.7187774663282427e-16,2.220446049250313e-16,1.0755285551056204e-16,-0.1544923834514859,0.7104401880710087
v2_convergence,tangent-sample convergence and estimator stability,U1-RZ-XY-line|n8|d48|i0|dir=gaussian|basis=Z|eta=0,U1-RZ-XY-line|n8|d48|i0,U1-RZ-XY-line,8,6.0,64,1,1.0,2.220446049250313e-16,1.7187774663282427e-16,2.220446049250313e-16,1.0755285551056204e-16,-0.1544923834514859,0.2430952390443491
v2_convergence,tangent-sample convergence and estimator stability,U1-RZ-XY-line|n8|d48|i0|dir=gaussian|basis=Z|eta=0,U1-RZ-XY-line|n8|d48|i0,U1-RZ-XY-line,8,6.0,64,2,1.0,2.220446049250313e-16,1.7187774663282427e-16,2.220446049250313e-16,1.0755285551056204e-16,-0.1544923834514859,0.5916314441211288
v2_convergence,tangent-sample convergence and estimator stability,U1-RZ-XY-line|n8|d48|i0|dir=gaussian|basis=Z|eta=0,U1-RZ-XY-line|n8|d48|i0,U1-RZ-XY-line,8,6.0,128,1,1.0,2.220446049250313e-16,1.7187774663282427e-16,2.220446049250313e-16,1.0755285551056204e-16,-0.1544923834514859,0.214286978730439
v2_convergence,tangent-sample convergence and estimator stability,U1-RZ-XY-line|n8|d48|i0|dir=gaussian|basis=Z|eta=0,U1-RZ-XY-line|n8|d48|i0,U1-RZ-XY-line,8,6.0,128,2,1.0,2.220446049250313e-16,1.7187774663282427e-16,2.220446049250313e-16,1.0755285551056204e-16,-0.1544923834514859,0.5563348995674853
v2_convergence,tangent-sample convergence and estimator stability,U1-RZ-XY-line|n8|d48|i0|dir=gaussian|basis=Z|eta=0,U1-RZ-XY-line|n8|d48|i0,U1-RZ-XY-line,8,6.0,256,1,1.0,2.220446049250313e-16,1.7187774663282427e-16,2.220446049250313e-16,1.0755285551056204e-16,-0.1544923834514859,0.194593656802521
v2_convergence,tangent-sample convergence and estimator stability,U1-RZ-XY-line|n8|d48|i0|dir=gaussian|basis=Z|eta=0,U1-RZ-XY-line|n8|d48|i0,U1-RZ-XY-line,8,6.0,256,2,1.0,2.220446049250313e-16,1.7187774663282427e-16,2.220446049250313e-16,1.0755285551056204e-16,-0.1544923834514859,0.5170663166182923
v2_convergence,tangent-sample convergence and estimator stability,SU2-CNOT-line|n16|d96|i1|dir=gaussian|basis=Z|eta=0,SU2-CNOT-line|n16|d96|i1,SU2-CNOT-line,16,6.0,32,1,1.0,3.996802888650564e-15,4.181949928020963e-16,3.996802888650564e-15,7.209944447028604e-18,-0.4691450165095839,0.7110031449682267
v2_convergence,tangent-sample convergence and estimator stability,SU2-CNOT-line|n16|d96|i1|dir=gaussian|basis=Z|eta=0,SU2-CNOT-line|n16|d96|i1,SU2-CNOT-line,16,6.0,32,2,1.0,3.996802888650564e-15,4.181949928020963e-16,3.996802888650564e-15,7.209944447028604e-18,-0.4691450165095839,2.0710490990157773
v2_convergence,tangent-sample convergence and estimator stability,SU2-CNOT-line|n16|d96|i1|dir=gaussian|basis=Z|eta=0,SU2-CNOT-line|n16|d96|i1,SU2-CNOT-line,16,6.0,64,1,1.0,3.996802888650564e-15,4.181949928020963e-16,3.996802888650564e-15,7.209944447028604e-18,-0.4691450165095839,0.5059345278021535
v2_convergence,tangent-sample convergence and estimator stability,SU2-CNOT-line|n16|d96|i1|dir=gaussian|basis=Z|eta=0,SU2-CNOT-line|n16|d96|i1,SU2-CNOT-line,16,6.0,64,2,1.0,3.996802888650564e-15,4.181949928020963e-16,3.996802888650564e-15,7.209944447028604e-18,-0.4691450165095839,1.4737017941985482
v2_convergence,tangent-sample convergence and estimator stability,SU2-CNOT-line|n16|d96|i1|dir=gaussian|basis=Z|eta=0,SU2-CNOT-line|n16|d96|i1,SU2-CNOT-line,16,6.0,128,1,1.0,3.996802888650564e-15,4.181949928020963e-16,3.996802888650564e-15,7.209944447028604e-18,-0.4691450165095839,0.3622815033113719
v2_convergence,tangent-sample convergence and estimator stability,SU2-CNOT-line|n16|d96|i1|dir=gaussian|basis=Z|eta=0,SU2-CNOT-line|n16|d96|i1,SU2-CNOT-line,16,6.0,128,2,1.0,3.996802888650564e-15,4.181949928020963e-16,3.996802888650564e-15,7.209944447028604e-18,-0.4691450165095839,1.05529158097939
v2_convergence,tangent-sample convergence and estimator stability,SU2-CNOT-line|n16|d96|i1|dir=gaussian|basis=Z|eta=0,SU2-CNOT-line|n16|d96|i1,SU2-CNOT-line,16,6.0,256,1,1.0,3.996802888650564e-15,4.181949928020963e-16,3.996802888650564e-15,7.209944447028604e-18,-0.4691450165095839,0.2623851862158093
v2_convergence,tangent-sample convergence and estimator stability,SU2-CNOT-line|n16|d96|i1|dir=gaussian|basis=Z|eta=0,SU2-CNOT-line|n16|d96|i1,SU2-CNOT-line,16,6.0,256,2,1.0,3.996802888650564e-15,4.181949928020963e-16,3.996802888650564e-15,7.209944447028604e-18,-0.4691450165095839,0.764290835413633
v2_convergence,tangent-sample convergence and estimator stability,U1-RZ-XY-line|n8|d48|i1|dir=gaussian|basis=Z|eta=0,U1-RZ-XY-line|n8|d48|i1,U1-RZ-XY-line,8,6.0,32,1,1.0,1.3322676295501878e-15,6.283148314443373e-16,1.2212453270876722e-15,8.326672684688674e-17,-0.1337290637109096,0.3701250868002098
v2_convergence,tangent-sample convergence and estimator stability,U1-RZ-XY-line|n8|d48|i1|dir=gaussian|basis=Z|eta=0,U1-RZ-XY-line|n8|d48|i1,U1-RZ-XY-line,8,6.0,32,2,1.0,1.3322676295501878e-15,6.283148314443373e-16,1.2212453270876722e-15,8.326672684688674e-17,-0.1337290637109096,0.7452905706153385
v2_convergence,tangent-sample convergence and estimator stability,U1-RZ-XY-line|n8|d48|i1|dir=gaussian|basis=Z|eta=0,U1-RZ-XY-line|n8|d48|i1,U1-RZ-XY-line,8,6.0,64,1,1.0,1.3322676295501878e-15,6.283148314443373e-16,1.2212453270876722e-15,8.326672684688674e-17,-0.1337290637109096,0.2947281727535602
v2_convergence,tangent-sample convergence and estimator stability,U1-RZ-XY-line|n8|d48|i1|dir=gaussian|basis=Z|eta=0,U1-RZ-XY-line|n8|d48|i1,U1-RZ-XY-line,8,6.0,64,2,1.0,1.3322676295501878e-15,6.283148314443373e-16,1.2212453270876722e-15,8.326672684688674e-17,-0.1337290637109096,0.6675842110664552
v2_convergence,tangent-sample convergence and estimator stability,U1-RZ-XY-line|n8|d48|i1|dir=gaussian|basis=Z|eta=0,U1-RZ-XY-line|n8|d48|i1,U1-RZ-XY-line,8,6.0,128,1,1.0,1.3322676295501878e-15,6.283148314443373e-16,1.2212453270876722e-15,8.326672684688674e-17,-0.1337290637109096,0.2588737794128658
v2_convergence,tangent-sample convergence and estimator stability,U1-RZ-XY-line|n8|d48|i1|dir=gaussian|basis=Z|eta=0,U1-RZ-XY-line|n8|d48|i1,U1-RZ-XY-line,8,6.0,128,2,1.0,1.3322676295501878e-15,6.283148314443373e-16,1.2212453270876722e-15,8.326672684688674e-17,-0.1337290637109096,0.6066561896700415
v2_convergence,tangent-sample convergence and estimator stability,U1-RZ-XY-line|n8|d48|i1|dir=gaussian|basis=Z|eta=0,U1-RZ-XY-line|n8|d48|i1,U1-RZ-XY-line,8,6.0,256,1,1.0,1.3322676295501878e-15,6.283148314443373e-16,1.2212453270876722e-15,8.326672684688674e-17,-0.1337290637109096,0.2286374597746748
v2_convergence,tangent-sample convergence and estimator stability,U1-RZ-XY-line|n8|d48|i1|dir=gaussian|basis=Z|eta=0,U1-RZ-XY-line|n8|d48|i1,U1-RZ-XY-line,8,6.0,256,2,1.0,1.3322676295501878e-15,6.283148314443373e-16,1.2212453270876722e-15,8.326672684688674e-17,-0.1337290637109096,0.5727281112829878
v2_convergence,tangent-sample convergence and estimator stability,SU2-CNOT-line|n16|d96|i2|dir=gaussian|basis=Z|eta=0,SU2-CNOT-line|n16|d96|i2,SU2-CNOT-line,16,6.0,32,1,1.0,4.551914400963142e-15,4.839421685817733e-16,4.440892098500626e-15,6.938893903907228e-18,-0.4728113426854933,0.7112564784207698
v2_convergence,tangent-sample convergence and estimator stability,SU2-CNOT-line|n16|d96|i2|dir=gaussian|basis=Z|eta=0,SU2-CNOT-line|n16|d96|i2,SU2-CNOT-line,16,6.0,32,2,1.0,4.551914400963142e-15,4.839421685817733e-16,4.440892098500626e-15,6.938893903907228e-18,-0.4728113426854933,2.071751031920257
v2_convergence,tangent-sample convergence and estimator stability,SU2-CNOT-line|n16|d96|i2|dir=gaussian|basis=Z|eta=0,SU2-CNOT-line|n16|d96|i2,SU2-CNOT-line,16,6.0,64,1,1.0,4.551914400963142e-15,4.839421685817733e-16,4.440892098500626e-15,6.938893903907228e-18,-0.4728113426854933,0.5061442086246009
v2_convergence,tangent-sample convergence and estimator stability,SU2-CNOT-line|n16|d96|i2|dir=gaussian|basis=Z|eta=0,SU2-CNOT-line|n16|d96|i2,SU2-CNOT-line,16,6.0,64,2,1.0,4.551914400963142e-15,4.839421685817733e-16,4.440892098500626e-15,6.938893903907228e-18,-0.4728113426854933,1.4742658936855852
v2_convergence,tangent-sample convergence and estimator stability,SU2-CNOT-line|n16|d96|i2|dir=gaussian|basis=Z|eta=0,SU2-CNOT-line|n16|d96|i2,SU2-CNOT-line,16,6.0,128,1,1.0,4.551914400963142e-15,4.839421685817733e-16,4.440892098500626e-15,6.938893903907228e-18,-0.4728113426854933,0.3627067285078233
v2_convergence,tangent-sample convergence and estimator stability,SU2-CNOT-line|n16|d96|i2|dir=gaussian|basis=Z|eta=0,SU2-CNOT-line|n16|d96|i2,SU2-CNOT-line,16,6.0,128,2,1.0,4.551914400963142e-15,4.839421685817733e-16,4.440892098500626e-15,6.938893903907228e-18,-0.4728113426854933,1.056478265594419
v2_convergence,tangent-sample convergence and estimator stability,SU2-CNOT-line|n16|d96|i2|dir=gaussian|basis=Z|eta=0,SU2-CNOT-line|n16|d96|i2,SU2-CNOT-line,16,6.0,256,1,1.0,4.551914400963142e-15,4.839421685817733e-16,4.440892098500626e-15,6.938893903907228e-18,-0.4728113426854933,0.2627289788683465
v2_convergence,tangent-sample convergence and estimator stability,SU2-CNOT-line|n16|d96|i2|dir=gaussian|basis=Z|eta=0,SU2-CNOT-line|n16|d96|i2,SU2-CNOT-line,16,6.0,256,2,1.0,4.551914400963142e-15,4.839421685817733e-16,4.440892098500626e-15,6.938893903907228e-18,-0.4728113426854933,0.7652661949882125
v2_convergence,tangent-sample convergence and estimator stability,U1-RZ-XY-line|n8|d48|i2|dir=gaussian|basis=Z|eta=0,U1-RZ-XY-line|n8|d48|i2,U1-RZ-XY-line,8,6.0,32,1,1.0,0.0,8.857818948996723e-17,0.0,8.326672684688674e-17,-0.1740989873576839,0.3798906684984452
v2_convergence,tangent-sample convergence and estimator stability,U1-RZ-XY-line|n8|d48|i2|dir=gaussian|basis=Z|eta=0,U1-RZ-XY-line|n8|d48|i2,U1-RZ-XY-line,8,6.0,32,2,1.0,0.0,8.857818948996723e-17,0.0,8.326672684688674e-17,-0.1740989873576839,0.7499302684741584
v2_convergence,tangent-sample convergence and estimator stability,U1-RZ-XY-line|n8|d48|i2|dir=gaussian|basis=Z|eta=0,U1-RZ-XY-line|n8|d48|i2,U1-RZ-XY-line,8,6.0,64,1,1.0,0.0,8.857818948996723e-17,0.0,8.326672684688674e-17,-0.1740989873576839,0.3017955300456392
v2_convergence,tangent-sample convergence and estimator stability,U1-RZ-XY-line|n8|d48|i2|dir=gaussian|basis=Z|eta=0,U1-RZ-XY-line|n8|d48|i2,U1-RZ-XY-line,8,6.0,64,2,1.0,0.0,8.857818948996723e-17,0.0,8.326672684688674e-17,-0.1740989873576839,0.6270032827842613
v2_convergence,tangent-sample convergence and estimator stability,U1-RZ-XY-line|n8|d48|i2|dir=gaussian|basis=Z|eta=0,U1-RZ-XY-line|n8|d48|i2,U1-RZ-XY-line,8,6.0,128,1,1.0,0.0,8.857818948996723e-17,0.0,8.326672684688674e-17,-0.1740989873576839,0.2483737484864231
v2_convergence,tangent-sample convergence and estimator stability,U1-RZ-XY-line|n8|d48|i2|dir=gaussian|basis=Z|eta=0,U1-RZ-XY-line|n8|d48|i2,U1-RZ-XY-line,8,6.0,128,2,1.0,0.0,8.857818948996723e-17,0.0,8.326672684688674e-17,-0.1740989873576839,0.5569451143929298
v2_convergence,tangent-sample convergence and estimator stability,U1-RZ-XY-line|n8|d48|i2|dir=gaussian|basis=Z|eta=0,U1-RZ-XY-line|n8|d48|i2,U1-RZ-XY-line,8,6.0,256,1,1.0,0.0,8.857818948996723e-17,0.0,8.326672684688674e-17,-0.1740989873576839,0.2356868925904016
v2_convergence,tangent-sample convergence and estimator stability,U1-RZ-XY-line|n8|d48|i2|dir=gaussian|basis=Z|eta=0,U1-RZ-XY-line|n8|d48|i2,U1-RZ-XY-line,8,6.0,256,2,1.0,0.0,8.857818948996723e-17,0.0,8.326672684688674e-17,-0.1740989873576839,0.518686884373107
v2_convergence,tangent-sample convergence and estimator stability,SU2-CNOT-line|n16|d96|i3|dir=gaussian|basis=Z|eta=0,SU2-CNOT-line|n16|d96|i3,SU2-CNOT-line,16,6.0,32,1,1.0,5.773159728050814e-15,5.248080643914281e-16,6.217248937900877e-15,5.854691731421724e-18,-0.4731663342359097,0.7118814637396318
v2_convergence,tangent-sample convergence and estimator stability,SU2-CNOT-line|n16|d96|i3|dir=gaussian|basis=Z|eta=0,SU2-CNOT-line|n16|d96|i3,SU2-CNOT-line,16,6.0,32,2,1.0,5.773159728050814e-15,5.248080643914281e-16,6.217248937900877e-15,5.854691731421724e-18,-0.4731663342359097,2.0735787537784613
v2_convergence,tangent-sample convergence and estimator stability,SU2-CNOT-line|n16|d96|i3|dir=gaussian|basis=Z|eta=0,SU2-CNOT-line|n16|d96|i3,SU2-CNOT-line,16,6.0,64,1,1.0,5.773159728050814e-15,5.248080643914281e-16,6.217248937900877e-15,5.854691731421724e-18,-0.4731663342359097,0.5066350268948231
v2_convergence,tangent-sample convergence and estimator stability,SU2-CNOT-line|n16|d96|i3|dir=gaussian|basis=Z|eta=0,SU2-CNOT-line|n16|d96|i3,SU2-CNOT-line,16,6.0,64,2,1.0,5.773159728050814e-15,5.248080643914281e-16,6.217248937900877e-15,5.854691731421724e-18,-0.4731663342359097,1.4756844598225054
v2_convergence,tangent-sample convergence and estimator stability,SU2-CNOT-line|n16|d96|i3|dir=gaussian|basis=Z|eta=0,SU2-CNOT-line|n16|d96|i3,SU2-CNOT-line,16,6.0,128,1,1.0,5.773159728050814e-15,5.248080643914281e-16,6.217248937900877e-15,5.854691731421724e-18,-0.4731663342359097,0.362713558819174
v2_convergence,tangent-sample convergence and estimator stability,SU2-CNOT-line|n16|d96|i3|dir=gaussian|basis=Z|eta=0,SU2-CNOT-line|n16|d96|i3,SU2-CNOT-line,16,6.0,128,2,1.0,5.773159728050814e-15,5.248080643914281e-16,6.217248937900877e-15,5.854691731421724e-18,-0.4731663342359097,1.0564776070653126
v2_convergence,tangent-sample convergence and estimator stability,SU2-CNOT-line|n16|d96|i3|dir=gaussian|basis=Z|eta=0,SU2-CNOT-line|n16|d96|i3,SU2-CNOT-line,16,6.0,256,1,1.0,5.773159728050814e-15,5.248080643914281e-16,6.217248937900877e-15,5.854691731421724e-18,-0.4731663342359097,0.2629131253988327
v2_convergence,tangent-sample convergence and estimator stability,SU2-CNOT-line|n16|d96|i3|dir=gaussian|basis=Z|eta=0,SU2-CNOT-line|n16|d96|i3,SU2-CNOT-line,16,6.0,256,2,1.0,5.773159728050814e-15,5.248080643914281e-16,6.217248937900877e-15,5.854691731421724e-18,-0.4731663342359097,0.7657703420885608
v2_convergence,tangent-sample convergence and estimator stability,U1-RZ-XY-line|n8|d48|i3|dir=gaussian|basis=Z|eta=0,U1-RZ-XY-line|n8|d48|i3,U1-RZ-XY-line,8,6.0,32,1,1.0,4.440892098500626e-16,2.1926245970700586e-16,4.440892098500626e-16,1.1102230246251563e-16,-0.1492036148543192,0.3564972296495354
v2_convergence,tangent-sample convergence and estimator stability,U1-RZ-XY-line|n8|d48|i3|dir=gaussian|basis=Z|eta=0,U1-RZ-XY-line|n8|d48|i3,U1-RZ-XY-line,8,6.0,32,2,1.0,4.440892098500626e-16,2.1926245970700586e-16,4.440892098500626e-16,1.1102230246251563e-16,-0.1492036148543192,0.8238785784652749
v2_convergence,tangent-sample convergence and estimator stability,U1-RZ-XY-line|n8|d48|i3|dir=gaussian|basis=Z|eta=0,U1-RZ-XY-line|n8|d48|i3,U1-RZ-XY-line,8,6.0,64,1,1.0,4.440892098500626e-16,2.1926245970700586e-16,4.440892098500626e-16,1.1102230246251563e-16,-0.1492036148543192,0.2710333561376805
v2_convergence,tangent-sample convergence and estimator stability,U1-RZ-XY-line|n8|d48|i3|dir=gaussian|basis=Z|eta=0,U1-RZ-XY-line|n8|d48|i3,U1-RZ-XY-line,8,6.0,64,2,1.0,4.440892098500626e-16,2.1926245970700586e-16,4.440892098500626e-16,1.1102230246251563e-16,-0.1492036148543192,0.6796125904751187
v2_convergence,tangent-sample convergence and estimator stability,U1-RZ-XY-line|n8|d48|i3|dir=gaussian|basis=Z|eta=0,U1-RZ-XY-line|n8|d48|i3,U1-RZ-XY-line,8,6.0,128,1,1.0,4.440892098500626e-16,2.1926245970700586e-16,4.440892098500626e-16,1.1102230246251563e-16,-0.1492036148543192,0.2126469916305402
v2_convergence,tangent-sample convergence and estimator stability,U1-RZ-XY-line|n8|d48|i3|dir=gaussian|basis=Z|eta=0,U1-RZ-XY-line|n8|d48|i3,U1-RZ-XY-line,8,6.0,128,2,1.0,4.440892098500626e-16,2.1926245970700586e-16,4.440892098500626e-16,1.1102230246251563e-16,-0.1492036148543192,0.5779962629337869
v2_convergence,tangent-sample convergence and estimator stability,U1-RZ-XY-line|n8|d48|i3|dir=gaussian|basis=Z|eta=0,U1-RZ-XY-line|n8|d48|i3,U1-RZ-XY-line,8,6.0,256,1,1.0,4.440892098500626e-16,2.1926245970700586e-16,4.440892098500626e-16,1.1102230246251563e-16,-0.1492036148543192,0.2091303464764649
v2_convergence,tangent-sample convergence and estimator stability,U1-RZ-XY-line|n8|d48|i3|dir=gaussian|basis=Z|eta=0,U1-RZ-XY-line|n8|d48|i3,U1-RZ-XY-line,8,6.0,256,2,1.0,4.440892098500626e-16,2.1926245970700586e-16,4.440892098500626e-16,1.1102230246251563e-16,-0.1492036148543192,0.562798132226384
v2_convergence,tangent-sample convergence and estimator stability,SU2-CNOT-line|n8|d48|i2|dir=gaussian|basis=Z|eta=0,SU2-CNOT-line|n8|d48|i2,SU2-CNOT-line,8,6.0,32,1,1.0,1.7763568394002505e-15,3.2009878885013543e-16,1.9984014443252818e-15,4.8572257327350605e-17,-0.3858572770985221,0.5024968017766354
v2_convergence,tangent-sample convergence and estimator stability,SU2-CNOT-line|n8|d48|i2|dir=gaussian|basis=Z|eta=0,SU2-CNOT-line|n8|d48|i2,SU2-CNOT-line,8,6.0,32,2,1.0,1.7763568394002505e-15,3.2009878885013543e-16,1.9984014443252818e-15,4.8572257327350605e-17,-0.3858572770985221,1.0074152848856426
v2_convergence,tangent-sample convergence and estimator stability,SU2-CNOT-line|n8|d48|i2|dir=gaussian|basis=Z|eta=0,SU2-CNOT-line|n8|d48|i2,SU2-CNOT-line,8,6.0,64,1,1.0,1.7763568394002505e-15,3.2009878885013543e-16,1.9984014443252818e-15,4.8572257327350605e-17,-0.3858572770985221,0.365283472714507
v2_convergence,tangent-sample convergence and estimator stability,SU2-CNOT-line|n8|d48|i2|dir=gaussian|basis=Z|eta=0,SU2-CNOT-line|n8|d48|i2,SU2-CNOT-line,8,6.0,64,2,1.0,1.7763568394002505e-15,3.2009878885013543e-16,1.9984014443252818e-15,4.8572257327350605e-17,-0.3858572770985221,0.7290346463919379
v2_convergence,tangent-sample convergence and estimator stability,SU2-CNOT-line|n8|d48|i2|dir=gaussian|basis=Z|eta=0,SU2-CNOT-line|n8|d48|i2,SU2-CNOT-line,8,6.0,128,1,1.0,1.7763568394002505e-15,3.2009878885013543e-16,1.9984014443252818e-15,4.8572257327350605e-17,-0.3858572770985221,0.2727200425202152
v2_convergence,tangent-sample convergence and estimator stability,SU2-CNOT-line|n8|d48|i2|dir=gaussian|basis=Z|eta=0,SU2-CNOT-line|n8|d48|i2,SU2-CNOT-line,8,6.0,128,2,1.0,1.7763568394002505e-15,3.2009878885013543e-16,1.9984014443252818e-15,4.8572257327350605e-17,-0.3858572770985221,0.5461358829855867
v2_convergence,tangent-sample convergence and estimator stability,SU2-CNOT-line|n8|d48|i2|dir=gaussian|basis=Z|eta=0,SU2-CNOT-line|n8|d48|i2,SU2-CNOT-line,8,6.0,256,1,1.0,1.7763568394002505e-15,3.2009878885013543e-16,1.9984014443252818e-15,4.8572257327350605e-17,-0.3858572770985221,0.2124183889386068
v2_convergence,tangent-sample convergence and estimator stability,SU2-CNOT-line|n8|d48|i2|dir=gaussian|basis=Z|eta=0,SU2-CNOT-line|n8|d48|i2,SU2-CNOT-line,8,6.0,256,2,1.0,1.7763568394002505e-15,3.2009878885013543e-16,1.9984014443252818e-15,4.8572257327350605e-17,-0.3858572770985221,0.422172763785053
v2_convergence,tangent-sample convergence and estimator stability,SU2-HaarU4-brickwork|n12|d72|i2|dir=gaussian|basis=Z|eta=0,SU2-HaarU4-brickwork|n12|d72|i2,SU2-HaarU4-brickwork,12,6.0,32,1,1.0,1.8429702208777602e-14,2.8657664637953797e-15,1.8207657603852567e-14,3.122502256758253e-17,-0.4386905929779593,0.6239154318352026
v2_convergence,tangent-sample convergence and estimator stability,SU2-HaarU4-brickwork|n12|d72|i2|dir=gaussian|basis=Z|eta=0,SU2-HaarU4-brickwork|n12|d72|i2,SU2-HaarU4-brickwork,12,6.0,32,2,1.0,1.8429702208777602e-14,2.8657664637953797e-15,1.8207657603852567e-14,3.122502256758253e-17,-0.4386905929779593,1.5775867316557628
v2_convergence,tangent-sample convergence and estimator stability,SU2-HaarU4-brickwork|n12|d72|i2|dir=gaussian|basis=Z|eta=0,SU2-HaarU4-brickwork|n12|d72|i2,SU2-HaarU4-brickwork,12,6.0,64,1,1.0,1.8429702208777602e-14,2.8657664637953797e-15,1.8207657603852567e-14,3.122502256758253e-17,-0.4386905929779593,0.4502963382304613
v2_convergence,tangent-sample convergence and estimator stability,SU2-HaarU4-brickwork|n12|d72|i2|dir=gaussian|basis=Z|eta=0,SU2-HaarU4-brickwork|n12|d72|i2,SU2-HaarU4-brickwork,12,6.0,64,2,1.0,1.8429702208777602e-14,2.8657664637953797e-15,1.8207657603852567e-14,3.122502256758253e-17,-0.4386905929779593,1.1384599926092498
v2_convergence,tangent-sample convergence and estimator stability,SU2-HaarU4-brickwork|n12|d72|i2|dir=gaussian|basis=Z|eta=0,SU2-HaarU4-brickwork|n12|d72|i2,SU2-HaarU4-brickwork,12,6.0,128,1,1.0,1.8429702208777602e-14,2.8657664637953797e-15,1.8207657603852567e-14,3.122502256758253e-17,-0.4386905929779593,0.3316541010969477
v2_convergence,tangent-sample convergence and estimator stability,SU2-HaarU4-brickwork|n12|d72|i2|dir=gaussian|basis=Z|eta=0,SU2-HaarU4-brickwork|n12|d72|i2,SU2-HaarU4-brickwork,12,6.0,128,2,1.0,1.8429702208777602e-14,2.8657664637953797e-15,1.8207657603852567e-14,3.122502256758253e-17,-0.4386905929779593,0.8380846997037621
v2_convergence,tangent-sample convergence and estimator stability,SU2-HaarU4-brickwork|n12|d72|i2|dir=gaussian|basis=Z|eta=0,SU2-HaarU4-brickwork|n12|d72|i2,SU2-HaarU4-brickwork,12,6.0,256,1,1.0,1.8429702208777602e-14,2.8657664637953797e-15,1.8207657603852567e-14,3.122502256758253e-17,-0.4386905929779593,0.2515733077030593
v2_convergence,tangent-sample convergence and estimator stability,SU2-HaarU4-brickwork|n12|d72|i2|dir=gaussian|basis=Z|eta=0,SU2-HaarU4-brickwork|n12|d72|i2,SU2-HaarU4-brickwork,12,6.0,256,2,1.0,1.8429702208777602e-14,2.8657664637953797e-15,1.8207657603852567e-14,3.122502256758253e-17,-0.4386905929779593,0.6359106561083738
v2_convergence,tangent-sample convergence and estimator stability,U1-RZ-XY-line|n12|d72|i8|dir=gaussian|basis=Z|eta=0,U1-RZ-XY-line|n12|d72|i8,U1-RZ-XY-line,12,6.0,32,1,1.0,1.7763568394002505e-15,7.67632779172715e-16,1.7763568394002505e-15,5.551115123125783e-17,-0.2039723126875288,0.4682205426063479
v2_convergence,tangent-sample convergence and estimator stability,U1-RZ-XY-line|n12|d72|i8|dir=gaussian|basis=Z|eta=0,U1-RZ-XY-line|n12|d72|i8,U1-RZ-XY-line,12,6.0,32,2,1.0,1.7763568394002505e-15,7.67632779172715e-16,1.7763568394002505e-15,5.551115123125783e-17,-0.2039723126875288,1.366655954927542
v2_convergence,tangent-sample convergence and estimator stability,U1-RZ-XY-line|n12|d72|i8|dir=gaussian|basis=Z|eta=0,U1-RZ-XY-line|n12|d72|i8,U1-RZ-XY-line,12,6.0,64,1,1.0,1.7763568394002505e-15,7.67632779172715e-16,1.7763568394002505e-15,5.551115123125783e-17,-0.2039723126875288,0.3324640573179599
v2_convergence,tangent-sample convergence and estimator stability,U1-RZ-XY-line|n12|d72|i8|dir=gaussian|basis=Z|eta=0,U1-RZ-XY-line|n12|d72|i8,U1-RZ-XY-line,12,6.0,64,2,1.0,1.7763568394002505e-15,7.67632779172715e-16,1.7763568394002505e-15,5.551115123125783e-17,-0.2039723126875288,1.0589908431126784
v2_convergence,tangent-sample convergence and estimator stability,U1-RZ-XY-line|n12|d72|i8|dir=gaussian|basis=Z|eta=0,U1-RZ-XY-line|n12|d72|i8,U1-RZ-XY-line,12,6.0,128,1,1.0,1.7763568394002505e-15,7.67632779172715e-16,1.7763568394002505e-15,5.551115123125783e-17,-0.2039723126875288,0.2731508241284685
v2_convergence,tangent-sample convergence and estimator stability,U1-RZ-XY-line|n12|d72|i8|dir=gaussian|basis=Z|eta=0,U1-RZ-XY-line|n12|d72|i8,U1-RZ-XY-line,12,6.0,128,2,1.0,1.7763568394002505e-15,7.67632779172715e-16,1.7763568394002505e-15,5.551115123125783e-17,-0.2039723126875288,0.9202261583513782
v2_convergence,tangent-sample convergence and estimator stability,U1-RZ-XY-line|n12|d72|i8|dir=gaussian|basis=Z|eta=0,U1-RZ-XY-line|n12|d72|i8,U1-RZ-XY-line,12,6.0,256,1,1.0,1.7763568394002505e-15,7.67632779172715e-16,1.7763568394002505e-15,5.551115123125783e-17,-0.2039723126875288,0.2495361554743977
v2_convergence,tangent-sample convergence and estimator stability,U1-RZ-XY-line|n12|d72|i8|dir=gaussian|basis=Z|eta=0,U1-RZ-XY-line|n12|d72|i8,U1-RZ-XY-line,12,6.0,256,2,1.0,1.7763568394002505e-15,7.67632779172715e-16,1.7763568394002505e-15,5.551115123125783e-17,-0.2039723126875288,0.8448541599089611
v2_convergence,tangent-sample convergence and estimator stability,SU2-CNOT-line|n16|d96|i4|dir=gaussian|basis=Z|eta=0,SU2-CNOT-line|n16|d96|i4,SU2-CNOT-line,16,6.0,32,1,1.0,6.217248937900877e-15,6.564858003828452e-16,6.550315845288424e-15,6.179952383167375e-18,-0.4709975451861499,0.7113910366988886
v2_convergence,tangent-sample convergence and estimator stability,SU2-CNOT-line|n16|d96|i4|dir=gaussian|basis=Z|eta=0,SU2-CNOT-line|n16|d96|i4,SU2-CNOT-line,16,6.0,32,2,1.0,6.217248937900877e-15,6.564858003828452e-16,6.550315845288424e-15,6.179952383167375e-18,-0.4709975451861499,2.07214686525972
v2_convergence,tangent-sample convergence and estimator stability,SU2-CNOT-line|n16|d96|i4|dir=gaussian|basis=Z|eta=0,SU2-CNOT-line|n16|d96|i4,SU2-CNOT-line,16,6.0,64,1,1.0,6.217248937900877e-15,6.564858003828452e-16,6.550315845288424e-15,6.179952383167375e-18,-0.4709975451861499,0.505973349184063
v2_convergence,tangent-sample convergence and estimator stability,SU2-CNOT-line|n16|d96|i4|dir=gaussian|basis=Z|eta=0,SU2-CNOT-line|n16|d96|i4,SU2-CNOT-line,16,6.0,64,2,1.0,6.217248937900877e-15,6.564858003828452e-16,6.550315845288424e-15,6.179952383167375e-18,-0.4709975451861499,1.4737915808544826
v2_convergence,tangent-sample convergence and estimator stability,SU2-CNOT-line|n16|d96|i4|dir=gaussian|basis=Z|eta=0,SU2-CNOT-line|n16|d96|i4,SU2-CNOT-line,16,6.0,128,1,1.0,6.217248937900877e-15,6.564858003828452e-16,6.550315845288424e-15,6.179952383167375e-18,-0.4709975451861499,0.3625074532528182
v2_convergence,tangent-sample convergence and estimator stability,SU2-CNOT-line|n16|d96|i4|dir=gaussian|basis=Z|eta=0,SU2-CNOT-line|n16|d96|i4,SU2-CNOT-line,16,6.0,128,2,1.0,6.217248937900877e-15,6.564858003828452e-16,6.550315845288424e-15,6.179952383167375e-18,-0.4709975451861499,1.0559127474307752
v2_convergence,tangent-sample convergence and estimator stability,SU2-CNOT-line|n16|d96|i4|dir=gaussian|basis=Z|eta=0,SU2-CNOT-line|n16|d96|i4,SU2-CNOT-line,16,6.0,256,1,1.0,6.217248937900877e-15,6.564858003828452e-16,6.550315845288424e-15,6.179952383167375e-18,-0.4709975451861499,0.2623587954756984
v2_convergence,tangent-sample convergence and estimator stability,SU2-CNOT-line|n16|d96|i4|dir=gaussian|basis=Z|eta=0,SU2-CNOT-line|n16|d96|i4,SU2-CNOT-line,16,6.0,256,2,1.0,6.217248937900877e-15,6.564858003828452e-16,6.550315845288424e-15,6.179952383167375e-18,-0.4709975451861499,0.7641814578334698
v2_convergence,tangent-sample convergence and estimator stability,U1-RZ-XY-line|n8|d48|i4|dir=gaussian|basis=Z|eta=0,U1-RZ-XY-line|n8|d48|i4,U1-RZ-XY-line,8,6.0,32,1,1.0,1.7763568394002505e-15,8.710799543682048e-16,1.9984014443252818e-15,9.714451465470121e-17,-0.119742485353753,0.3456525004052627
v2_convergence,tangent-sample convergence and estimator stability,U1-RZ-XY-line|n8|d48|i4|dir=gaussian|basis=Z|eta=0,U1-RZ-XY-line|n8|d48|i4,U1-RZ-XY-line,8,6.0,32,2,1.0,1.7763568394002505e-15,8.710799543682048e-16,1.9984014443252818e-15,9.714451465470121e-17,-0.119742485353753,0.729475403386715
v2_convergence,tangent-sample convergence and estimator stability,U1-RZ-XY-line|n8|d48|i4|dir=gaussian|basis=Z|eta=0,U1-RZ-XY-line|n8|d48|i4,U1-RZ-XY-line,8,6.0,64,1,1.0,1.7763568394002505e-15,8.710799543682048e-16,1.9984014443252818e-15,9.714451465470121e-17,-0.119742485353753,0.2354016277894168
v2_convergence,tangent-sample convergence and estimator stability,U1-RZ-XY-line|n8|d48|i4|dir=gaussian|basis=Z|eta=0,U1-RZ-XY-line|n8|d48|i4,U1-RZ-XY-line,8,6.0,64,2,1.0,1.7763568394002505e-15,8.710799543682048e-16,1.9984014443252818e-15,9.714451465470121e-17,-0.119742485353753,0.5779250006896828
v2_convergence,tangent-sample convergence and estimator stability,U1-RZ-XY-line|n8|d48|i4|dir=gaussian|basis=Z|eta=0,U1-RZ-XY-line|n8|d48|i4,U1-RZ-XY-line,8,6.0,128,1,1.0,1.7763568394002505e-15,8.710799543682048e-16,1.9984014443252818e-15,9.714451465470121e-17,-0.119742485353753,0.2273797153983975
v2_convergence,tangent-sample convergence and estimator stability,U1-RZ-XY-line|n8|d48|i4|dir=gaussian|basis=Z|eta=0,U1-RZ-XY-line|n8|d48|i4,U1-RZ-XY-line,8,6.0,128,2,1.0,1.7763568394002505e-15,8.710799543682048e-16,1.9984014443252818e-15,9.714451465470121e-17,-0.119742485353753,0.5403901869303105
v2_convergence,tangent-sample convergence and estimator stability,U1-RZ-XY-line|n8|d48|i4|dir=gaussian|basis=Z|eta=0,U1-RZ-XY-line|n8|d48|i4,U1-RZ-XY-line,8,6.0,256,1,1.0,1.7763568394002505e-15,8.710799543682048e-16,1.9984014443252818e-15,9.714451465470121e-17,-0.119742485353753,0.2065449427492701
v2_convergence,tangent-sample convergence and estimator stability,U1-RZ-XY-line|n8|d48|i4|dir=gaussian|basis=Z|eta=0,U1-RZ-XY-line|n8|d48|i4,U1-RZ-XY-line,8,6.0,256,2,1.0,1.7763568394002505e-15,8.710799543682048e-16,1.9984014443252818e-15,9.714451465470121e-17,-0.119742485353753,0.5217890415278457
v2_convergence,tangent-sample convergence and estimator stability,SU2-CNOT-line|n16|d96|i5|dir=gaussian|basis=Z|eta=0,SU2-CNOT-line|n16|d96|i5,SU2-CNOT-line,16,6.0,32,1,1.0,8.881784197001252e-16,9.998144502203159e-17,6.661338147750939e-16,8.023096076392733e-18,-0.46934248837323,0.7119739237568222
v2_convergence,tangent-sample convergence and estimator stability,SU2-CNOT-line|n16|d96|i5|dir=gaussian|basis=Z|eta=0,SU2-CNOT-line|n16|d96|i5,SU2-CNOT-line,16,6.0,32,2,1.0,8.881784197001252e-16,9.998144502203159e-17,6.661338147750939e-16,8.023096076392733e-18,-0.46934248837323,2.073774781448624
v2_convergence,tangent-sample convergence and estimator stability,SU2-CNOT-line|n16|d96|i5|dir=gaussian|basis=Z|eta=0,SU2-CNOT-line|n16|d96|i5,SU2-CNOT-line,16,6.0,64,1,1.0,8.881784197001252e-16,9.998144502203159e-17,6.661338147750939e-16,8.023096076392733e-18,-0.46934248837323,0.5066849644615575
v2_convergence,tangent-sample convergence and estimator stability,SU2-CNOT-line|n16|d96|i5|dir=gaussian|basis=Z|eta=0,SU2-CNOT-line|n16|d96|i5,SU2-CNOT-line,16,6.0,64,2,1.0,8.881784197001252e-16,9.998144502203159e-17,6.661338147750939e-16,8.023096076392733e-18,-0.46934248837323,1.4758051968837729
v2_convergence,tangent-sample convergence and estimator stability,SU2-CNOT-line|n16|d96|i5|dir=gaussian|basis=Z|eta=0,SU2-CNOT-line|n16|d96|i5,SU2-CNOT-line,16,6.0,128,1,1.0,8.881784197001252e-16,9.998144502203159e-17,6.661338147750939e-16,8.023096076392733e-18,-0.46934248837323,0.3628309852039098
v2_convergence,tangent-sample convergence and estimator stability,SU2-CNOT-line|n16|d96|i5|dir=gaussian|basis=Z|eta=0,SU2-CNOT-line|n16|d96|i5,SU2-CNOT-line,16,6.0,128,2,1.0,8.881784197001252e-16,9.998144502203159e-17,6.661338147750939e-16,8.023096076392733e-18,-0.46934248837323,1.056797863148112
v2_convergence,tangent-sample convergence and estimator stability,SU2-CNOT-line|n16|d96|i5|dir=gaussian|basis=Z|eta=0,SU2-CNOT-line|n16|d96|i5,SU2-CNOT-line,16,6.0,256,1,1.0,8.881784197001252e-16,9.998144502203159e-17,6.661338147750939e-16,8.023096076392733e-18,-0.46934248837323,0.2628971820903978
v2_convergence,tangent-sample convergence and estimator stability,SU2-CNOT-line|n16|d96|i5|dir=gaussian|basis=Z|eta=0,SU2-CNOT-line|n16|d96|i5,SU2-CNOT-line,16,6.0,256,2,1.0,8.881784197001252e-16,9.998144502203159e-17,6.661338147750939e-16,8.023096076392733e-18,-0.46934248837323,0.7657311241578953
v2_convergence,tangent-sample convergence and estimator stability,U1-RZ-XY-line|n8|d48|i5|dir=gaussian|basis=Z|eta=0,U1-RZ-XY-line|n8|d48|i5,U1-RZ-XY-line,8,6.0,32,1,1.0,2.4424906541753444e-15,1.2594104382717332e-15,2.220446049250313e-15,1.0755285551056204e-16,-0.1229103712515154,0.3391060142665809
v2_convergence,tangent-sample convergence and estimator stability,U1-RZ-XY-line|n8|d48|i5|dir=gaussian|basis=Z|eta=0,U1-RZ-XY-line|n8|d48|i5,U1-RZ-XY-line,8,6.0,32,2,1.0,2.4424906541753444e-15,1.2594104382717332e-15,2.220446049250313e-15,1.0755285551056204e-16,-0.1229103712515154,0.7463755194406945
v2_convergence,tangent-sample convergence and estimator stability,U1-RZ-XY-line|n8|d48|i5|dir=gaussian|basis=Z|eta=0,U1-RZ-XY-line|n8|d48|i5,U1-RZ-XY-line,8,6.0,64,1,1.0,2.4424906541753444e-15,1.2594104382717332e-15,2.220446049250313e-15,1.0755285551056204e-16,-0.1229103712515154,0.2873156865651068
v2_convergence,tangent-sample convergence and estimator stability,U1-RZ-XY-line|n8|d48|i5|dir=gaussian|basis=Z|eta=0,U1-RZ-XY-line|n8|d48|i5,U1-RZ-XY-line,8,6.0,64,2,1.0,2.4424906541753444e-15,1.2594104382717332e-15,2.220446049250313e-15,1.0755285551056204e-16,-0.1229103712515154,0.6602267589303008
v2_convergence,tangent-sample convergence and estimator stability,U1-RZ-XY-line|n8|d48|i5|dir=gaussian|basis=Z|eta=0,U1-RZ-XY-line|n8|d48|i5,U1-RZ-XY-line,8,6.0,128,1,1.0,2.4424906541753444e-15,1.2594104382717332e-15,2.220446049250313e-15,1.0755285551056204e-16,-0.1229103712515154,0.2629573275795214
v2_convergence,tangent-sample convergence and estimator stability,U1-RZ-XY-line|n8|d48|i5|dir=gaussian|basis=Z|eta=0,U1-RZ-XY-line|n8|d48|i5,U1-RZ-XY-line,8,6.0,128,2,1.0,2.4424906541753444e-15,1.2594104382717332e-15,2.220446049250313e-15,1.0755285551056204e-16,-0.1229103712515154,0.5951765306986276
v2_convergence,tangent-sample convergence and estimator stability,U1-RZ-XY-line|n8|d48|i5|dir=gaussian|basis=Z|eta=0,U1-RZ-XY-line|n8|d48|i5,U1-RZ-XY-line,8,6.0,256,1,1.0,2.4424906541753444e-15,1.2594104382717332e-15,2.220446049250313e-15,1.0755285551056204e-16,-0.1229103712515154,0.2283994030894374
v2_convergence,tangent-sample convergence and estimator stability,U1-RZ-XY-line|n8|d48|i5|dir=gaussian|basis=Z|eta=0,U1-RZ-XY-line|n8|d48|i5,U1-RZ-XY-line,8,6.0,256,2,1.0,2.4424906541753444e-15,1.2594104382717332e-15,2.220446049250313e-15,1.0755285551056204e-16,-0.1229103712515154,0.5610714583617753
v2_convergence,tangent-sample convergence and estimator stability,SU2-CNOT-line|n16|d96|i6|dir=gaussian|basis=Z|eta=0,SU2-CNOT-line|n16|d96|i6,SU2-CNOT-line,16,6.0,32,1,1.0,5.551115123125784e-16,5.860363477478009e-17,4.440892098500626e-16,6.5052130349130266e-18,-0.4734943240274336,0.7115095206627987
v2_convergence,tangent-sample convergence and estimator stability,SU2-CNOT-line|n16|d96|i6|dir=gaussian|basis=Z|eta=0,SU2-CNOT-line|n16|d96|i6,SU2-CNOT-line,16,6.0,32,2,1.0,5.551115123125784e-16,5.860363477478009e-17,4.440892098500626e-16,6.5052130349130266e-18,-0.4734943240274336,2.0724142352435835
v2_convergence,tangent-sample convergence and estimator stability,SU2-CNOT-line|n16|d96|i6|dir=gaussian|basis=Z|eta=0,SU2-CNOT-line|n16|d96|i6,SU2-CNOT-line,16,6.0,64,1,1.0,5.551115123125784e-16,5.860363477478009e-17,4.440892098500626e-16,6.5052130349130266e-18,-0.4734943240274336,0.5064519135382658
v2_convergence,tangent-sample convergence and estimator stability,SU2-CNOT-line|n16|d96|i6|dir=gaussian|basis=Z|eta=0,SU2-CNOT-line|n16|d96|i6,SU2-CNOT-line,16,6.0,64,2,1.0,5.551115123125784e-16,5.860363477478009e-17,4.440892098500626e-16,6.5052130349130266e-18,-0.4734943240274336,1.4751454982413623
v2_convergence,tangent-sample convergence and estimator stability,SU2-CNOT-line|n16|d96|i6|dir=gaussian|basis=Z|eta=0,SU2-CNOT-line|n16|d96|i6,SU2-CNOT-line,16,6.0,128,1,1.0,5.551115123125784e-16,5.860363477478009e-17,4.440892098500626e-16,6.5052130349130266e-18,-0.4734943240274336,0.3628068275356291
v2_convergence,tangent-sample convergence and estimator stability,SU2-CNOT-line|n16|d96|i6|dir=gaussian|basis=Z|eta=0,SU2-CNOT-line|n16|d96|i6,SU2-CNOT-line,16,6.0,128,2,1.0,5.551115123125784e-16,5.860363477478009e-17,4.440892098500626e-16,6.5052130349130266e-18,-0.4734943240274336,1.056718980825596
v2_convergence,tangent-sample convergence and estimator stability,SU2-CNOT-line|n16|d96|i6|dir=gaussian|basis=Z|eta=0,SU2-CNOT-line|n16|d96|i6,SU2-CNOT-line,16,6.0,256,1,1.0,5.551115123125784e-16,5.860363477478009e-17,4.440892098500626e-16,6.5052130349130266e-18,-0.4734943240274336,0.26299811466184
v2_convergence,tangent-sample convergence and estimator stability,SU2-CNOT-line|n16|d96|i6|dir=gaussian|basis=Z|eta=0,SU2-CNOT-line|n16|d96|i6,SU2-CNOT-line,16,6.0,256,2,1.0,5.551115123125784e-16,5.860363477478009e-17,4.440892098500626e-16,6.5052130349130266e-18,-0.4734943240274336,0.7660166976426075
v2_convergence,tangent-sample convergence and estimator stability,U1-RZ-XY-line|n8|d48|i6|dir=gaussian|basis=Z|eta=0,U1-RZ-XY-line|n8|d48|i6,U1-RZ-XY-line,8,6.0,32,1,1.0,4.440892098500626e-16,3.5497037427302993e-16,4.440892098500626e-16,1.249000902703301e-16,-0.1378292716745869,0.3726024435246
v2_convergence,tangent-sample convergence and estimator stability,U1-RZ-XY-line|n8|d48|i6|dir=gaussian|basis=Z|eta=0,U1-RZ-XY-line|n8|d48|i6,U1-RZ-XY-line,8,6.0,32,2,1.0,4.440892098500626e-16,3.5497037427302993e-16,4.440892098500626e-16,1.249000902703301e-16,-0.1378292716745869,0.7358373957697946
v2_convergence,tangent-sample convergence and estimator stability,U1-RZ-XY-line|n8|d48|i6|dir=gaussian|basis=Z|eta=0,U1-RZ-XY-line|n8|d48|i6,U1-RZ-XY-line,8,6.0,64,1,1.0,4.440892098500626e-16,3.5497037427302993e-16,4.440892098500626e-16,1.249000902703301e-16,-0.1378292716745869,0.2789065529258775
v2_convergence,tangent-sample convergence and estimator stability,U1-RZ-XY-line|n8|d48|i6|dir=gaussian|basis=Z|eta=0,U1-RZ-XY-line|n8|d48|i6,U1-RZ-XY-line,8,6.0,64,2,1.0,4.440892098500626e-16,3.5497037427302993e-16,4.440892098500626e-16,1.249000902703301e-16,-0.1378292716745869,0.5824043151207547
v2_convergence,tangent-sample convergence and estimator stability,U1-RZ-XY-line|n8|d48|i6|dir=gaussian|basis=Z|eta=0,U1-RZ-XY-line|n8|d48|i6,U1-RZ-XY-line,8,6.0,128,1,1.0,4.440892098500626e-16,3.5497037427302993e-16,4.440892098500626e-16,1.249000902703301e-16,-0.1378292716745869,0.247422088767184
v2_convergence,tangent-sample convergence and estimator stability,U1-RZ-XY-line|n8|d48|i6|dir=gaussian|basis=Z|eta=0,U1-RZ-XY-line|n8|d48|i6,U1-RZ-XY-line,8,6.0,128,2,1.0,4.440892098500626e-16,3.5497037427302993e-16,4.440892098500626e-16,1.249000902703301e-16,-0.1378292716745869,0.5399366332024309
v2_convergence,tangent-sample convergence and estimator stability,U1-RZ-XY-line|n8|d48|i6|dir=gaussian|basis=Z|eta=0,U1-RZ-XY-line|n8|d48|i6,U1-RZ-XY-line,8,6.0,256,1,1.0,4.440892098500626e-16,3.5497037427302993e-16,4.440892098500626e-16,1.249000902703301e-16,-0.1378292716745869,0.2313015142348357
v2_convergence,tangent-sample convergence and estimator stability,U1-RZ-XY-line|n8|d48|i6|dir=gaussian|basis=Z|eta=0,U1-RZ-XY-line|n8|d48|i6,U1-RZ-XY-line,8,6.0,256,2,1.0,4.440892098500626e-16,3.5497037427302993e-16,4.440892098500626e-16,1.249000902703301e-16,-0.1378292716745869,0.5113983427655548
v2_convergence,tangent-sample convergence and estimator stability,SU2-CNOT-line|n16|d96|i7|dir=gaussian|basis=Z|eta=0,SU2-CNOT-line|n16|d96|i7,SU2-CNOT-line,16,6.0,32,1,1.0,2.220446049250313e-15,3.615898373553848e-16,3.1086244689504387e-15,6.2883726004159265e-18,-0.478441716975609,0.7114030980163011
v2_convergence,tangent-sample convergence and estimator stability,SU2-CNOT-line|n16|d96|i7|dir=gaussian|basis=Z|eta=0,SU2-CNOT-line|n16|d96|i7,SU2-CNOT-line,16,6.0,32,2,1.0,2.220446049250313e-15,3.615898373553848e-16,3.1086244689504387e-15,6.2883726004159265e-18,-0.478441716975609,2.072162674158537
v2_convergence,tangent-sample convergence and estimator stability,SU2-CNOT-line|n16|d96|i7|dir=gaussian|basis=Z|eta=0,SU2-CNOT-line|n16|d96|i7,SU2-CNOT-line,16,6.0,64,1,1.0,2.220446049250313e-15,3.615898373553848e-16,3.1086244689504387e-15,6.2883726004159265e-18,-0.478441716975609,0.5061583195708459
v2_convergence,tangent-sample convergence and estimator stability,SU2-CNOT-line|n16|d96|i7|dir=gaussian|basis=Z|eta=0,SU2-CNOT-line|n16|d96|i7,SU2-CNOT-line,16,6.0,64,2,1.0,2.220446049250313e-15,3.615898373553848e-16,3.1086244689504387e-15,6.2883726004159265e-18,-0.478441716975609,1.4743217556514356
v2_convergence,tangent-sample convergence and estimator stability,SU2-CNOT-line|n16|d96|i7|dir=gaussian|basis=Z|eta=0,SU2-CNOT-line|n16|d96|i7,SU2-CNOT-line,16,6.0,128,1,1.0,2.220446049250313e-15,3.615898373553848e-16,3.1086244689504387e-15,6.2883726004159265e-18,-0.478441716975609,0.3626457106767459
v2_convergence,tangent-sample convergence and estimator stability,SU2-CNOT-line|n16|d96|i7|dir=gaussian|basis=Z|eta=0,SU2-CNOT-line|n16|d96|i7,SU2-CNOT-line,16,6.0,128,2,1.0,2.220446049250313e-15,3.615898373553848e-16,3.1086244689504387e-15,6.2883726004159265e-18,-0.478441716975609,1.0562885646474405
v2_convergence,tangent-sample convergence and estimator stability,SU2-CNOT-line|n16|d96|i7|dir=gaussian|basis=Z|eta=0,SU2-CNOT-line|n16|d96|i7,SU2-CNOT-line,16,6.0,256,1,1.0,2.220446049250313e-15,3.615898373553848e-16,3.1086244689504387e-15,6.2883726004159265e-18,-0.478441716975609,0.2627374307337845
v2_convergence,tangent-sample convergence and estimator stability,SU2-CNOT-line|n16|d96|i7|dir=gaussian|basis=Z|eta=0,SU2-CNOT-line|n16|d96|i7,SU2-CNOT-line,16,6.0,256,2,1.0,2.220446049250313e-15,3.615898373553848e-16,3.1086244689504387e-15,6.2883726004159265e-18,-0.478441716975609,0.7652746131633391
v2_convergence,tangent-sample convergence and estimator stability,U1-RZ-XY-line|n8|d48|i7|dir=gaussian|basis=Z|eta=0,U1-RZ-XY-line|n8|d48|i7,U1-RZ-XY-line,8,6.0,32,1,1.0,8.881784197001252e-16,6.343285084890554e-16,8.881784197001252e-16,7.63278329429795e-17,-0.1432169254835301,0.374096054080587
v2_convergence,tangent-sample convergence and estimator stability,U1-RZ-XY-line|n8|d48|i7|dir=gaussian|basis=Z|eta=0,U1-RZ-XY-line|n8|d48|i7,U1-RZ-XY-line,8,6.0,32,2,1.0,8.881784197001252e-16,6.343285084890554e-16,8.881784197001252e-16,7.63278329429795e-17,-0.1432169254835301,0.7138463209207926
v2_convergence,tangent-sample convergence and estimator stability,U1-RZ-XY-line|n8|d48|i7|dir=gaussian|basis=Z|eta=0,U1-RZ-XY-line|n8|d48|i7,U1-RZ-XY-line,8,6.0,64,1,1.0,8.881784197001252e-16,6.343285084890554e-16,8.881784197001252e-16,7.63278329429795e-17,-0.1432169254835301,0.3045084881840263
v2_convergence,tangent-sample convergence and estimator stability,U1-RZ-XY-line|n8|d48|i7|dir=gaussian|basis=Z|eta=0,U1-RZ-XY-line|n8|d48|i7,U1-RZ-XY-line,8,6.0,64,2,1.0,8.881784197001252e-16,6.343285084890554e-16,8.881784197001252e-16,7.63278329429795e-17,-0.1432169254835301,0.5990301878424074
v2_convergence,tangent-sample convergence and estimator stability,U1-RZ-XY-line|n8|d48|i7|dir=gaussian|basis=Z|eta=0,U1-RZ-XY-line|n8|d48|i7,U1-RZ-XY-line,8,6.0,128,1,1.0,8.881784197001252e-16,6.343285084890554e-16,8.881784197001252e-16,7.63278329429795e-17,-0.1432169254835301,0.2495909479891928
v2_convergence,tangent-sample convergence and estimator stability,U1-RZ-XY-line|n8|d48|i7|dir=gaussian|basis=Z|eta=0,U1-RZ-XY-line|n8|d48|i7,U1-RZ-XY-line,8,6.0,128,2,1.0,8.881784197001252e-16,6.343285084890554e-16,8.881784197001252e-16,7.63278329429795e-17,-0.1432169254835301,0.5254736369577455
v2_convergence,tangent-sample convergence and estimator stability,U1-RZ-XY-line|n8|d48|i7|dir=gaussian|basis=Z|eta=0,U1-RZ-XY-line|n8|d48|i7,U1-RZ-XY-line,8,6.0,256,1,1.0,8.881784197001252e-16,6.343285084890554e-16,8.881784197001252e-16,7.63278329429795e-17,-0.1432169254835301,0.2172363338409547
v2_convergence,tangent-sample convergence and estimator stability,U1-RZ-XY-line|n8|d48|i7|dir=gaussian|basis=Z|eta=0,U1-RZ-XY-line|n8|d48|i7,U1-RZ-XY-line,8,6.0,256,2,1.0,8.881784197001252e-16,6.343285084890554e-16,8.881784197001252e-16,7.63278329429795e-17,-0.1432169254835301,0.4710996835470977
v2_convergence,tangent-sample convergence and estimator stability,SU2-HaarU4-brickwork|n8|d48|i0|dir=gaussian|basis=Z|eta=0,SU2-HaarU4-brickwork|n8|d48|i0,SU2-HaarU4-brickwork,8,6.0,32,1,1.0,1.021405182655144e-14,2.3011760771942087e-15,1.0103029524088925e-14,5.551115123125783e-17,-0.368564921038949,0.5066593155607059
v2_convergence,tangent-sample convergence and estimator stability,SU2-HaarU4-brickwork|n8|d48|i0|dir=gaussian|basis=Z|eta=0,SU2-HaarU4-brickwork|n8|d48|i0,SU2-HaarU4-brickwork,8,6.0,32,2,1.0,1.021405182655144e-14,2.3011760771942087e-15,1.0103029524088925e-14,5.551115123125783e-17,-0.368564921038949,1.016854763627199
v2_convergence,tangent-sample convergence and estimator stability,SU2-HaarU4-brickwork|n8|d48|i0|dir=gaussian|basis=Z|eta=0,SU2-HaarU4-brickwork|n8|d48|i0,SU2-HaarU4-brickwork,8,6.0,64,1,1.0,1.021405182655144e-14,2.3011760771942087e-15,1.0103029524088925e-14,5.551115123125783e-17,-0.368564921038949,0.378947878139011
v2_convergence,tangent-sample convergence and estimator stability,SU2-HaarU4-brickwork|n8|d48|i0|dir=gaussian|basis=Z|eta=0,SU2-HaarU4-brickwork|n8|d48|i0,SU2-HaarU4-brickwork,8,6.0,64,2,1.0,1.021405182655144e-14,2.3011760771942087e-15,1.0103029524088925e-14,5.551115123125783e-17,-0.368564921038949,0.7615028266731634
v2_convergence,tangent-sample convergence and estimator stability,SU2-HaarU4-brickwork|n8|d48|i0|dir=gaussian|basis=Z|eta=0,SU2-HaarU4-brickwork|n8|d48|i0,SU2-HaarU4-brickwork,8,6.0,128,1,1.0,1.021405182655144e-14,2.3011760771942087e-15,1.0103029524088925e-14,5.551115123125783e-17,-0.368564921038949,0.2877062895914157
v2_convergence,tangent-sample convergence and estimator stability,SU2-HaarU4-brickwork|n8|d48|i0|dir=gaussian|basis=Z|eta=0,SU2-HaarU4-brickwork|n8|d48|i0,SU2-HaarU4-brickwork,8,6.0,128,2,1.0,1.021405182655144e-14,2.3011760771942087e-15,1.0103029524088925e-14,5.551115123125783e-17,-0.368564921038949,0.5800204676361272
v2_convergence,tangent-sample convergence and estimator stability,SU2-HaarU4-brickwork|n8|d48|i0|dir=gaussian|basis=Z|eta=0,SU2-HaarU4-brickwork|n8|d48|i0,SU2-HaarU4-brickwork,8,6.0,256,1,1.0,1.021405182655144e-14,2.3011760771942087e-15,1.0103029524088925e-14,5.551115123125783e-17,-0.368564921038949,0.236024095328782
v2_convergence,tangent-sample convergence and estimator stability,SU2-HaarU4-brickwork|n8|d48|i0|dir=gaussian|basis=Z|eta=0,SU2-HaarU4-brickwork|n8|d48|i0,SU2-HaarU4-brickwork,8,6.0,256,2,1.0,1.021405182655144e-14,2.3011760771942087e-15,1.0103029524088925e-14,5.551115123125783e-17,-0.368564921038949,0.4729167847109348
v2_convergence,tangent-sample convergence and estimator stability,U1-RZ-XY-line|n8|d48|i8|dir=gaussian|basis=Z|eta=0,U1-RZ-XY-line|n8|d48|i8,U1-RZ-XY-line,8,6.0,32,1,1.0,6.661338147750939e-16,3.9346591617284616e-16,6.661338147750939e-16,8.326672684688674e-17,-0.1444559806137497,0.3503843752853864
v2_convergence,tangent-sample convergence and estimator stability,U1-RZ-XY-line|n8|d48|i8|dir=gaussian|basis=Z|eta=0,U1-RZ-XY-line|n8|d48|i8,U1-RZ-XY-line,8,6.0,32,2,1.0,6.661338147750939e-16,3.9346591617284616e-16,6.661338147750939e-16,8.326672684688674e-17,-0.1444559806137497,0.7560246243775368
v2_convergence,tangent-sample convergence and estimator stability,U1-RZ-XY-line|n8|d48|i8|dir=gaussian|basis=Z|eta=0,U1-RZ-XY-line|n8|d48|i8,U1-RZ-XY-line,8,6.0,64,1,1.0,6.661338147750939e-16,3.9346591617284616e-16,6.661338147750939e-16,8.326672684688674e-17,-0.1444559806137497,0.2379390220330521
v2_convergence,tangent-sample convergence and estimator stability,U1-RZ-XY-line|n8|d48|i8|dir=gaussian|basis=Z|eta=0,U1-RZ-XY-line|n8|d48|i8,U1-RZ-XY-line,8,6.0,64,2,1.0,6.661338147750939e-16,3.9346591617284616e-16,6.661338147750939e-16,8.326672684688674e-17,-0.1444559806137497,0.5473945867160865
v2_convergence,tangent-sample convergence and estimator stability,U1-RZ-XY-line|n8|d48|i8|dir=gaussian|basis=Z|eta=0,U1-RZ-XY-line|n8|d48|i8,U1-RZ-XY-line,8,6.0,128,1,1.0,6.661338147750939e-16,3.9346591617284616e-16,6.661338147750939e-16,8.326672684688674e-17,-0.1444559806137497,0.2123238610603777
v2_convergence,tangent-sample convergence and estimator stability,U1-RZ-XY-line|n8|d48|i8|dir=gaussian|basis=Z|eta=0,U1-RZ-XY-line|n8|d48|i8,U1-RZ-XY-line,8,6.0,128,2,1.0,6.661338147750939e-16,3.9346591617284616e-16,6.661338147750939e-16,8.326672684688674e-17,-0.1444559806137497,0.4907799737650598
v2_convergence,tangent-sample convergence and estimator stability,U1-RZ-XY-line|n8|d48|i8|dir=gaussian|basis=Z|eta=0,U1-RZ-XY-line|n8|d48|i8,U1-RZ-XY-line,8,6.0,256,1,1.0,6.661338147750939e-16,3.9346591617284616e-16,6.661338147750939e-16,8.326672684688674e-17,-0.1444559806137497,0.1970274656221396
v2_convergence,tangent-sample convergence and estimator stability,U1-RZ-XY-line|n8|d48|i8|dir=gaussian|basis=Z|eta=0,U1-RZ-XY-line|n8|d48|i8,U1-RZ-XY-line,8,6.0,256,2,1.0,6.661338147750939e-16,3.9346591617284616e-16,6.661338147750939e-16,8.326672684688674e-17,-0.1444559806137497,0.4758242937995555
v2_convergence,tangent-sample convergence and estimator stability,SU2-HaarU4-brickwork|n8|d48|i1|dir=gaussian|basis=Z|eta=0,SU2-HaarU4-brickwork|n8|d48|i1,SU2-HaarU4-brickwork,8,6.0,32,1,1.0,5.773159728050814e-15,1.0764015082020957e-15,5.773159728050814e-15,4.510281037539698e-17,-0.3701586562739778,0.5152109450741613
v2_convergence,tangent-sample convergence and estimator stability,SU2-HaarU4-brickwork|n8|d48|i1|dir=gaussian|basis=Z|eta=0,SU2-HaarU4-brickwork|n8|d48|i1,SU2-HaarU4-brickwork,8,6.0,32,2,1.0,5.773159728050814e-15,1.0764015082020957e-15,5.773159728050814e-15,4.510281037539698e-17,-0.3701586562739778,1.0310820216240515
v2_convergence,tangent-sample convergence and estimator stability,SU2-HaarU4-brickwork|n8|d48|i1|dir=gaussian|basis=Z|eta=0,SU2-HaarU4-brickwork|n8|d48|i1,SU2-HaarU4-brickwork,8,6.0,64,1,1.0,5.773159728050814e-15,1.0764015082020957e-15,5.773159728050814e-15,4.510281037539698e-17,-0.3701586562739778,0.3815891516862189
v2_convergence,tangent-sample convergence and estimator stability,SU2-HaarU4-brickwork|n8|d48|i1|dir=gaussian|basis=Z|eta=0,SU2-HaarU4-brickwork|n8|d48|i1,SU2-HaarU4-brickwork,8,6.0,64,2,1.0,5.773159728050814e-15,1.0764015082020957e-15,5.773159728050814e-15,4.510281037539698e-17,-0.3701586562739778,0.7593773222996152
v2_convergence,tangent-sample convergence and estimator stability,SU2-HaarU4-brickwork|n8|d48|i1|dir=gaussian|basis=Z|eta=0,SU2-HaarU4-brickwork|n8|d48|i1,SU2-HaarU4-brickwork,8,6.0,128,1,1.0,5.773159728050814e-15,1.0764015082020957e-15,5.773159728050814e-15,4.510281037539698e-17,-0.3701586562739778,0.294841513294559
v2_convergence,tangent-sample convergence and estimator stability,SU2-HaarU4-brickwork|n8|d48|i1|dir=gaussian|basis=Z|eta=0,SU2-HaarU4-brickwork|n8|d48|i1,SU2-HaarU4-brickwork,8,6.0,128,2,1.0,5.773159728050814e-15,1.0764015082020957e-15,5.773159728050814e-15,4.510281037539698e-17,-0.3701586562739778,0.5889150864732561
v2_convergence,tangent-sample convergence and estimator stability,SU2-HaarU4-brickwork|n8|d48|i1|dir=gaussian|basis=Z|eta=0,SU2-HaarU4-brickwork|n8|d48|i1,SU2-HaarU4-brickwork,8,6.0,256,1,1.0,5.773159728050814e-15,1.0764015082020957e-15,5.773159728050814e-15,4.510281037539698e-17,-0.3701586562739778,0.2402227138393047
v2_convergence,tangent-sample convergence and estimator stability,SU2-HaarU4-brickwork|n8|d48|i1|dir=gaussian|basis=Z|eta=0,SU2-HaarU4-brickwork|n8|d48|i1,SU2-HaarU4-brickwork,8,6.0,256,2,1.0,5.773159728050814e-15,1.0764015082020957e-15,5.773159728050814e-15,4.510281037539698e-17,-0.3701586562739778,0.4799188425937671
v2_convergence,tangent-sample convergence and estimator stability,U1-RZ-XY-line|n8|d48|i9|dir=gaussian|basis=Z|eta=0,U1-RZ-XY-line|n8|d48|i9,U1-RZ-XY-line,8,6.0,32,1,1.0,3.4416913763379853e-15,2.2204704436651924e-15,3.4416913763379853e-15,9.714451465470121e-17,-0.1259748091229913,0.3660254949299932
v2_convergence,tangent-sample convergence and estimator stability,U1-RZ-XY-line|n8|d48|i9|dir=gaussian|basis=Z|eta=0,U1-RZ-XY-line|n8|d48|i9,U1-RZ-XY-line,8,6.0,32,2,1.0,3.4416913763379853e-15,2.2204704436651924e-15,3.4416913763379853e-15,9.714451465470121e-17,-0.1259748091229913,0.7488433860682651
v2_convergence,tangent-sample convergence and estimator stability,U1-RZ-XY-line|n8|d48|i9|dir=gaussian|basis=Z|eta=0,U1-RZ-XY-line|n8|d48|i9,U1-RZ-XY-line,8,6.0,64,1,1.0,3.4416913763379853e-15,2.2204704436651924e-15,3.4416913763379853e-15,9.714451465470121e-17,-0.1259748091229913,0.2984220899311651
v2_convergence,tangent-sample convergence and estimator stability,U1-RZ-XY-line|n8|d48|i9|dir=gaussian|basis=Z|eta=0,U1-RZ-XY-line|n8|d48|i9,U1-RZ-XY-line,8,6.0,64,2,1.0,3.4416913763379853e-15,2.2204704436651924e-15,3.4416913763379853e-15,9.714451465470121e-17,-0.1259748091229913,0.659444634923438
v2_convergence,tangent-sample convergence and estimator stability,U1-RZ-XY-line|n8|d48|i9|dir=gaussian|basis=Z|eta=0,U1-RZ-XY-line|n8|d48|i9,U1-RZ-XY-line,8,6.0,128,1,1.0,3.4416913763379853e-15,2.2204704436651924e-15,3.4416913763379853e-15,9.714451465470121e-17,-0.1259748091229913,0.2538898404469736
v2_convergence,tangent-sample convergence and estimator stability,U1-RZ-XY-line|n8|d48|i9|dir=gaussian|basis=Z|eta=0,U1-RZ-XY-line|n8|d48|i9,U1-RZ-XY-line,8,6.0,128,2,1.0,3.4416913763379853e-15,2.2204704436651924e-15,3.4416913763379853e-15,9.714451465470121e-17,-0.1259748091229913,0.5809124413428366
v2_convergence,tangent-sample convergence and estimator stability,U1-RZ-XY-line|n8|d48|i9|dir=gaussian|basis=Z|eta=0,U1-RZ-XY-line|n8|d48|i9,U1-RZ-XY-line,8,6.0,256,1,1.0,3.4416913763379853e-15,2.2204704436651924e-15,3.4416913763379853e-15,9.714451465470121e-17,-0.1259748091229913,0.2363224601685981
v2_convergence,tangent-sample convergence and estimator stability,U1-RZ-XY-line|n8|d48|i9|dir=gaussian|basis=Z|eta=0,U1-RZ-XY-line|n8|d48|i9,U1-RZ-XY-line,8,6.0,256,2,1.0,3.4416913763379853e-15,2.2204704436651924e-15,3.4416913763379853e-15,9.714451465470121e-17,-0.1259748091229913,0.5442134967369909
v2_convergence,tangent-sample convergence and estimator stability,SU2-HaarU4-brickwork|n8|d48|i2|dir=gaussian|basis=Z|eta=0,SU2-HaarU4-brickwork|n8|d48|i2,SU2-HaarU4-brickwork,8,6.0,32,1,1.0,7.771561172376096e-15,1.5196336070966305e-15,7.771561172376096e-15,5.898059818321144e-17,-0.3375133917605961,0.5210478602215305
v2_convergence,tangent-sample convergence and estimator stability,SU2-HaarU4-brickwork|n8|d48|i2|dir=gaussian|basis=Z|eta=0,SU2-HaarU4-brickwork|n8|d48|i2,SU2-HaarU4-brickwork,8,6.0,32,2,1.0,7.771561172376096e-15,1.5196336070966305e-15,7.771561172376096e-15,5.898059818321144e-17,-0.3375133917605961,1.036315485708998
v2_convergence,tangent-sample convergence and estimator stability,SU2-HaarU4-brickwork|n8|d48|i2|dir=gaussian|basis=Z|eta=0,SU2-HaarU4-brickwork|n8|d48|i2,SU2-HaarU4-brickwork,8,6.0,64,1,1.0,7.771561172376096e-15,1.5196336070966305e-15,7.771561172376096e-15,5.898059818321144e-17,-0.3375133917605961,0.3823678088708686
v2_convergence,tangent-sample convergence and estimator stability,SU2-HaarU4-brickwork|n8|d48|i2|dir=gaussian|basis=Z|eta=0,SU2-HaarU4-brickwork|n8|d48|i2,SU2-HaarU4-brickwork,8,6.0,64,2,1.0,7.771561172376096e-15,1.5196336070966305e-15,7.771561172376096e-15,5.898059818321144e-17,-0.3375133917605961,0.764915747949285
v2_convergence,tangent-sample convergence and estimator stability,SU2-HaarU4-brickwork|n8|d48|i2|dir=gaussian|basis=Z|eta=0,SU2-HaarU4-brickwork|n8|d48|i2,SU2-HaarU4-brickwork,8,6.0,128,1,1.0,7.771561172376096e-15,1.5196336070966305e-15,7.771561172376096e-15,5.898059818321144e-17,-0.3375133917605961,0.2944430255968019
v2_convergence,tangent-sample convergence and estimator stability,SU2-HaarU4-brickwork|n8|d48|i2|dir=gaussian|basis=Z|eta=0,SU2-HaarU4-brickwork|n8|d48|i2,SU2-HaarU4-brickwork,8,6.0,128,2,1.0,7.771561172376096e-15,1.5196336070966305e-15,7.771561172376096e-15,5.898059818321144e-17,-0.3375133917605961,0.5875042296060737
v2_convergence,tangent-sample convergence and estimator stability,SU2-HaarU4-brickwork|n8|d48|i2|dir=gaussian|basis=Z|eta=0,SU2-HaarU4-brickwork|n8|d48|i2,SU2-HaarU4-brickwork,8,6.0,256,1,1.0,7.771561172376096e-15,1.5196336070966305e-15,7.771561172376096e-15,5.898059818321144e-17,-0.3375133917605961,0.2383092068983739
v2_convergence,tangent-sample convergence and estimator stability,SU2-HaarU4-brickwork|n8|d48|i2|dir=gaussian|basis=Z|eta=0,SU2-HaarU4-brickwork|n8|d48|i2,SU2-HaarU4-brickwork,8,6.0,256,2,1.0,7.771561172376096e-15,1.5196336070966305e-15,7.771561172376096e-15,5.898059818321144e-17,-0.3375133917605961,0.4746239756764094
v2_convergence,tangent-sample convergence and estimator stability,U1-RZ-XY-line|n12|d72|i0|dir=gaussian|basis=Z|eta=0,U1-RZ-XY-line|n12|d72|i0,U1-RZ-XY-line,12,6.0,32,1,1.0,2.220446049250313e-16,2.1696573206770122e-16,2.220446049250313e-16,8.326672684688674e-17,-0.1563238914929262,0.5021506731017711
v2_convergence,tangent-sample convergence and estimator stability,U1-RZ-XY-line|n12|d72|i0|dir=gaussian|basis=Z|eta=0,U1-RZ-XY-line|n12|d72|i0,U1-RZ-XY-line,12,6.0,32,2,1.0,2.220446049250313e-16,2.1696573206770122e-16,2.220446049250313e-16,8.326672684688674e-17,-0.1563238914929262,1.3969308259337212
v2_convergence,tangent-sample convergence and estimator stability,U1-RZ-XY-line|n12|d72|i0|dir=gaussian|basis=Z|eta=0,U1-RZ-XY-line|n12|d72|i0,U1-RZ-XY-line,12,6.0,64,1,1.0,2.220446049250313e-16,2.1696573206770122e-16,2.220446049250313e-16,8.326672684688674e-17,-0.1563238914929262,0.3683252584150376
v2_convergence,tangent-sample convergence and estimator stability,U1-RZ-XY-line|n12|d72|i0|dir=gaussian|basis=Z|eta=0,U1-RZ-XY-line|n12|d72|i0,U1-RZ-XY-line,12,6.0,64,2,1.0,2.220446049250313e-16,2.1696573206770122e-16,2.220446049250313e-16,8.326672684688674e-17,-0.1563238914929262,1.0691881437619233
v2_convergence,tangent-sample convergence and estimator stability,U1-RZ-XY-line|n12|d72|i0|dir=gaussian|basis=Z|eta=0,U1-RZ-XY-line|n12|d72|i0,U1-RZ-XY-line,12,6.0,128,1,1.0,2.220446049250313e-16,2.1696573206770122e-16,2.220446049250313e-16,8.326672684688674e-17,-0.1563238914929262,0.3070058498515781
v2_convergence,tangent-sample convergence and estimator stability,U1-RZ-XY-line|n12|d72|i0|dir=gaussian|basis=Z|eta=0,U1-RZ-XY-line|n12|d72|i0,U1-RZ-XY-line,12,6.0,128,2,1.0,2.220446049250313e-16,2.1696573206770122e-16,2.220446049250313e-16,8.326672684688674e-17,-0.1563238914929262,0.918110910699782
v2_convergence,tangent-sample convergence and estimator stability,U1-RZ-XY-line|n12|d72|i0|dir=gaussian|basis=Z|eta=0,U1-RZ-XY-line|n12|d72|i0,U1-RZ-XY-line,12,6.0,256,1,1.0,2.220446049250313e-16,2.1696573206770122e-16,2.220446049250313e-16,8.326672684688674e-17,-0.1563238914929262,0.2685486307346102
v2_convergence,tangent-sample convergence and estimator stability,U1-RZ-XY-line|n12|d72|i0|dir=gaussian|basis=Z|eta=0,U1-RZ-XY-line|n12|d72|i0,U1-RZ-XY-line,12,6.0,256,2,1.0,2.220446049250313e-16,2.1696573206770122e-16,2.220446049250313e-16,8.326672684688674e-17,-0.1563238914929262,0.8346468156519351
v2_convergence,tangent-sample convergence and estimator stability,SU2-HaarU4-brickwork|n8|d48|i3|dir=gaussian|basis=Z|eta=0,SU2-HaarU4-brickwork|n8|d48|i3,SU2-HaarU4-brickwork,8,6.0,32,1,1.0,1.6431300764452317e-14,3.5345029135917807e-15,1.6542323066914832e-14,6.245004513516506e-17,-0.3632507754691294,0.5077835187616921
v2_convergence,tangent-sample convergence and estimator stability,SU2-HaarU4-brickwork|n8|d48|i3|dir=gaussian|basis=Z|eta=0,SU2-HaarU4-brickwork|n8|d48|i3,SU2-HaarU4-brickwork,8,6.0,32,2,1.0,1.6431300764452317e-14,3.5345029135917807e-15,1.6542323066914832e-14,6.245004513516506e-17,-0.3632507754691294,1.0127039683502894
v2_convergence,tangent-sample convergence and estimator stability,SU2-HaarU4-brickwork|n8|d48|i3|dir=gaussian|basis=Z|eta=0,SU2-HaarU4-brickwork|n8|d48|i3,SU2-HaarU4-brickwork,8,6.0,64,1,1.0,1.6431300764452317e-14,3.5345029135917807e-15,1.6542323066914832e-14,6.245004513516506e-17,-0.3632507754691294,0.3766171558599837
v2_convergence,tangent-sample convergence and estimator stability,SU2-HaarU4-brickwork|n8|d48|i3|dir=gaussian|basis=Z|eta=0,SU2-HaarU4-brickwork|n8|d48|i3,SU2-HaarU4-brickwork,8,6.0,64,2,1.0,1.6431300764452317e-14,3.5345029135917807e-15,1.6542323066914832e-14,6.245004513516506e-17,-0.3632507754691294,0.7574472841372192
v2_convergence,tangent-sample convergence and estimator stability,SU2-HaarU4-brickwork|n8|d48|i3|dir=gaussian|basis=Z|eta=0,SU2-HaarU4-brickwork|n8|d48|i3,SU2-HaarU4-brickwork,8,6.0,128,1,1.0,1.6431300764452317e-14,3.5345029135917807e-15,1.6542323066914832e-14,6.245004513516506e-17,-0.3632507754691294,0.2858562257422081
v2_convergence,tangent-sample convergence and estimator stability,SU2-HaarU4-brickwork|n8|d48|i3|dir=gaussian|basis=Z|eta=0,SU2-HaarU4-brickwork|n8|d48|i3,SU2-HaarU4-brickwork,8,6.0,128,2,1.0,1.6431300764452317e-14,3.5345029135917807e-15,1.6542323066914832e-14,6.245004513516506e-17,-0.3632507754691294,0.5764176308270155
v2_convergence,tangent-sample convergence and estimator stability,SU2-HaarU4-brickwork|n8|d48|i3|dir=gaussian|basis=Z|eta=0,SU2-HaarU4-brickwork|n8|d48|i3,SU2-HaarU4-brickwork,8,6.0,256,1,1.0,1.6431300764452317e-14,3.5345029135917807e-15,1.6542323066914832e-14,6.245004513516506e-17,-0.3632507754691294,0.2314583859222274
v2_convergence,tangent-sample convergence and estimator stability,SU2-HaarU4-brickwork|n8|d48|i3|dir=gaussian|basis=Z|eta=0,SU2-HaarU4-brickwork|n8|d48|i3,SU2-HaarU4-brickwork,8,6.0,256,2,1.0,1.6431300764452317e-14,3.5345029135917807e-15,1.6542323066914832e-14,6.245004513516506e-17,-0.3632507754691294,0.4684513401073749
v2_convergence,tangent-sample convergence and estimator stability,U1-RZ-XY-line|n12|d72|i1|dir=gaussian|basis=Z|eta=0,U1-RZ-XY-line|n12|d72|i1,U1-RZ-XY-line,12,6.0,32,1,1.0,1.1102230246251563e-15,7.355411645640355e-16,1.1102230246251563e-15,5.551115123125783e-17,-0.2077120616658833,0.4453542813949955
v2_convergence,tangent-sample convergence and estimator stability,U1-RZ-XY-line|n12|d72|i1|dir=gaussian|basis=Z|eta=0,U1-RZ-XY-line|n12|d72|i1,U1-RZ-XY-line,12,6.0,32,2,1.0,1.1102230246251563e-15,7.355411645640355e-16,1.1102230246251563e-15,5.551115123125783e-17,-0.2077120616658833,1.3038839935452562
v2_convergence,tangent-sample convergence and estimator stability,U1-RZ-XY-line|n12|d72|i1|dir=gaussian|basis=Z|eta=0,U1-RZ-XY-line|n12|d72|i1,U1-RZ-XY-line,12,6.0,64,1,1.0,1.1102230246251563e-15,7.355411645640355e-16,1.1102230246251563e-15,5.551115123125783e-17,-0.2077120616658833,0.3598438871987154
v2_convergence,tangent-sample convergence and estimator stability,U1-RZ-XY-line|n12|d72|i1|dir=gaussian|basis=Z|eta=0,U1-RZ-XY-line|n12|d72|i1,U1-RZ-XY-line,12,6.0,64,2,1.0,1.1102230246251563e-15,7.355411645640355e-16,1.1102230246251563e-15,5.551115123125783e-17,-0.2077120616658833,1.067063106575825
v2_convergence,tangent-sample convergence and estimator stability,U1-RZ-XY-line|n12|d72|i1|dir=gaussian|basis=Z|eta=0,U1-RZ-XY-line|n12|d72|i1,U1-RZ-XY-line,12,6.0,128,1,1.0,1.1102230246251563e-15,7.355411645640355e-16,1.1102230246251563e-15,5.551115123125783e-17,-0.2077120616658833,0.292293796868918
v2_convergence,tangent-sample convergence and estimator stability,U1-RZ-XY-line|n12|d72|i1|dir=gaussian|basis=Z|eta=0,U1-RZ-XY-line|n12|d72|i1,U1-RZ-XY-line,12,6.0,128,2,1.0,1.1102230246251563e-15,7.355411645640355e-16,1.1102230246251563e-15,5.551115123125783e-17,-0.2077120616658833,0.8802619046905246
v2_convergence,tangent-sample convergence and estimator stability,U1-RZ-XY-line|n12|d72|i1|dir=gaussian|basis=Z|eta=0,U1-RZ-XY-line|n12|d72|i1,U1-RZ-XY-line,12,6.0,256,1,1.0,1.1102230246251563e-15,7.355411645640355e-16,1.1102230246251563e-15,5.551115123125783e-17,-0.2077120616658833,0.2618115356690964
v2_convergence,tangent-sample convergence and estimator stability,U1-RZ-XY-line|n12|d72|i1|dir=gaussian|basis=Z|eta=0,U1-RZ-XY-line|n12|d72|i1,U1-RZ-XY-line,12,6.0,256,2,1.0,1.1102230246251563e-15,7.355411645640355e-16,1.1102230246251563e-15,5.551115123125783e-17,-0.2077120616658833,0.8070576816338819
v2_convergence,tangent-sample convergence and estimator stability,SU2-HaarU4-brickwork|n8|d48|i4|dir=gaussian|basis=Z|eta=0,SU2-HaarU4-brickwork|n8|d48|i4,SU2-HaarU4-brickwork,8,6.0,32,1,1.0,1.1768364061026661e-14,2.6870866642880738e-15,1.1768364061026661e-14,5.898059818321144e-17,-0.3394622671599262,0.5121396641312619
v2_convergence,tangent-sample convergence and estimator stability,SU2-HaarU4-brickwork|n8|d48|i4|dir=gaussian|basis=Z|eta=0,SU2-HaarU4-brickwork|n8|d48|i4,SU2-HaarU4-brickwork,8,6.0,32,2,1.0,1.1768364061026661e-14,2.6870866642880738e-15,1.1768364061026661e-14,5.898059818321144e-17,-0.3394622671599262,1.0142096181740674
v2_convergence,tangent-sample convergence and estimator stability,SU2-HaarU4-brickwork|n8|d48|i4|dir=gaussian|basis=Z|eta=0,SU2-HaarU4-brickwork|n8|d48|i4,SU2-HaarU4-brickwork,8,6.0,64,1,1.0,1.1768364061026661e-14,2.6870866642880738e-15,1.1768364061026661e-14,5.898059818321144e-17,-0.3394622671599262,0.3767794984323366
v2_convergence,tangent-sample convergence and estimator stability,SU2-HaarU4-brickwork|n8|d48|i4|dir=gaussian|basis=Z|eta=0,SU2-HaarU4-brickwork|n8|d48|i4,SU2-HaarU4-brickwork,8,6.0,64,2,1.0,1.1768364061026661e-14,2.6870866642880738e-15,1.1768364061026661e-14,5.898059818321144e-17,-0.3394622671599262,0.7517437973408512
v2_convergence,tangent-sample convergence and estimator stability,SU2-HaarU4-brickwork|n8|d48|i4|dir=gaussian|basis=Z|eta=0,SU2-HaarU4-brickwork|n8|d48|i4,SU2-HaarU4-brickwork,8,6.0,128,1,1.0,1.1768364061026661e-14,2.6870866642880738e-15,1.1768364061026661e-14,5.898059818321144e-17,-0.3394622671599262,0.2918775693952478
v2_convergence,tangent-sample convergence and estimator stability,SU2-HaarU4-brickwork|n8|d48|i4|dir=gaussian|basis=Z|eta=0,SU2-HaarU4-brickwork|n8|d48|i4,SU2-HaarU4-brickwork,8,6.0,128,2,1.0,1.1768364061026661e-14,2.6870866642880738e-15,1.1768364061026661e-14,5.898059818321144e-17,-0.3394622671599262,0.5812058555818398
v2_convergence,tangent-sample convergence and estimator stability,SU2-HaarU4-brickwork|n8|d48|i4|dir=gaussian|basis=Z|eta=0,SU2-HaarU4-brickwork|n8|d48|i4,SU2-HaarU4-brickwork,8,6.0,256,1,1.0,1.1768364061026661e-14,2.6870866642880738e-15,1.1768364061026661e-14,5.898059818321144e-17,-0.3394622671599262,0.2359875815586186
v2_convergence,tangent-sample convergence and estimator stability,SU2-HaarU4-brickwork|n8|d48|i4|dir=gaussian|basis=Z|eta=0,SU2-HaarU4-brickwork|n8|d48|i4,SU2-HaarU4-brickwork,8,6.0,256,2,1.0,1.1768364061026661e-14,2.6870866642880738e-15,1.1768364061026661e-14,5.898059818321144e-17,-0.3394622671599262,0.4693471880603133
v2_convergence,tangent-sample convergence and estimator stability,U1-RZ-XY-line|n12|d72|i2|dir=gaussian|basis=Z|eta=0,U1-RZ-XY-line|n12|d72|i2,U1-RZ-XY-line,12,6.0,32,1,1.0,1.2212453270876722e-15,4.671258354505784e-16,1.1102230246251563e-15,7.63278329429795e-17,-0.1846016791221331,0.4597245226169549
v2_convergence,tangent-sample convergence and estimator stability,U1-RZ-XY-line|n12|d72|i2|dir=gaussian|basis=Z|eta=0,U1-RZ-XY-line|n12|d72|i2,U1-RZ-XY-line,12,6.0,32,2,1.0,1.2212453270876722e-15,4.671258354505784e-16,1.1102230246251563e-15,7.63278329429795e-17,-0.1846016791221331,1.3213369629678584
v2_convergence,tangent-sample convergence and estimator stability,U1-RZ-XY-line|n12|d72|i2|dir=gaussian|basis=Z|eta=0,U1-RZ-XY-line|n12|d72|i2,U1-RZ-XY-line,12,6.0,64,1,1.0,1.2212453270876722e-15,4.671258354505784e-16,1.1102230246251563e-15,7.63278329429795e-17,-0.1846016791221331,0.366416690306991
v2_convergence,tangent-sample convergence and estimator stability,U1-RZ-XY-line|n12|d72|i2|dir=gaussian|basis=Z|eta=0,U1-RZ-XY-line|n12|d72|i2,U1-RZ-XY-line,12,6.0,64,2,1.0,1.2212453270876722e-15,4.671258354505784e-16,1.1102230246251563e-15,7.63278329429795e-17,-0.1846016791221331,1.0725925728477257
v2_convergence,tangent-sample convergence and estimator stability,U1-RZ-XY-line|n12|d72|i2|dir=gaussian|basis=Z|eta=0,U1-RZ-XY-line|n12|d72|i2,U1-RZ-XY-line,12,6.0,128,1,1.0,1.2212453270876722e-15,4.671258354505784e-16,1.1102230246251563e-15,7.63278329429795e-17,-0.1846016791221331,0.3018630043894972
v2_convergence,tangent-sample convergence and estimator stability,U1-RZ-XY-line|n12|d72|i2|dir=gaussian|basis=Z|eta=0,U1-RZ-XY-line|n12|d72|i2,U1-RZ-XY-line,12,6.0,128,2,1.0,1.2212453270876722e-15,4.671258354505784e-16,1.1102230246251563e-15,7.63278329429795e-17,-0.1846016791221331,0.9078017643714552
v2_convergence,tangent-sample convergence and estimator stability,U1-RZ-XY-line|n12|d72|i2|dir=gaussian|basis=Z|eta=0,U1-RZ-XY-line|n12|d72|i2,U1-RZ-XY-line,12,6.0,256,1,1.0,1.2212453270876722e-15,4.671258354505784e-16,1.1102230246251563e-15,7.63278329429795e-17,-0.1846016791221331,0.2735250227546735
v2_convergence,tangent-sample convergence and estimator stability,U1-RZ-XY-line|n12|d72|i2|dir=gaussian|basis=Z|eta=0,U1-RZ-XY-line|n12|d72|i2,U1-RZ-XY-line,12,6.0,256,2,1.0,1.2212453270876722e-15,4.671258354505784e-16,1.1102230246251563e-15,7.63278329429795e-17,-0.1846016791221331,0.8333790965239274
v2_convergence,tangent-sample convergence and estimator stability,SU2-HaarU4-brickwork|n8|d48|i5|dir=gaussian|basis=Z|eta=0,SU2-HaarU4-brickwork|n8|d48|i5,SU2-HaarU4-brickwork,8,6.0,32,1,1.0,8.548717289613705e-15,1.880491456810696e-15,8.659739592076221e-15,5.2041704279304207e-17,-0.3582757282508479,0.5136712327215437
v2_convergence,tangent-sample convergence and estimator stability,SU2-HaarU4-brickwork|n8|d48|i5|dir=gaussian|basis=Z|eta=0,SU2-HaarU4-brickwork|n8|d48|i5,SU2-HaarU4-brickwork,8,6.0,32,2,1.0,8.548717289613705e-15,1.880491456810696e-15,8.659739592076221e-15,5.2041704279304207e-17,-0.3582757282508479,1.0218567240148853
v2_convergence,tangent-sample convergence and estimator stability,SU2-HaarU4-brickwork|n8|d48|i5|dir=gaussian|basis=Z|eta=0,SU2-HaarU4-brickwork|n8|d48|i5,SU2-HaarU4-brickwork,8,6.0,64,1,1.0,8.548717289613705e-15,1.880491456810696e-15,8.659739592076221e-15,5.2041704279304207e-17,-0.3582757282508479,0.3847427952802836
v2_convergence,tangent-sample convergence and estimator stability,SU2-HaarU4-brickwork|n8|d48|i5|dir=gaussian|basis=Z|eta=0,SU2-HaarU4-brickwork|n8|d48|i5,SU2-HaarU4-brickwork,8,6.0,64,2,1.0,8.548717289613705e-15,1.880491456810696e-15,8.659739592076221e-15,5.2041704279304207e-17,-0.3582757282508479,0.7627248692209638
v2_convergence,tangent-sample convergence and estimator stability,SU2-HaarU4-brickwork|n8|d48|i5|dir=gaussian|basis=Z|eta=0,SU2-HaarU4-brickwork|n8|d48|i5,SU2-HaarU4-brickwork,8,6.0,128,1,1.0,8.548717289613705e-15,1.880491456810696e-15,8.659739592076221e-15,5.2041704279304207e-17,-0.3582757282508479,0.2942965696670483
v2_convergence,tangent-sample convergence and estimator stability,SU2-HaarU4-brickwork|n8|d48|i5|dir=gaussian|basis=Z|eta=0,SU2-HaarU4-brickwork|n8|d48|i5,SU2-HaarU4-brickwork,8,6.0,128,2,1.0,8.548717289613705e-15,1.880491456810696e-15,8.659739592076221e-15,5.2041704279304207e-17,-0.3582757282508479,0.5839901248699015
v2_convergence,tangent-sample convergence and estimator stability,SU2-HaarU4-brickwork|n8|d48|i5|dir=gaussian|basis=Z|eta=0,SU2-HaarU4-brickwork|n8|d48|i5,SU2-HaarU4-brickwork,8,6.0,256,1,1.0,8.548717289613705e-15,1.880491456810696e-15,8.659739592076221e-15,5.2041704279304207e-17,-0.3582757282508479,0.236241761606475
v2_convergence,tangent-sample convergence and estimator stability,SU2-HaarU4-brickwork|n8|d48|i5|dir=gaussian|basis=Z|eta=0,SU2-HaarU4-brickwork|n8|d48|i5,SU2-HaarU4-brickwork,8,6.0,256,2,1.0,8.548717289613705e-15,1.880491456810696e-15,8.659739592076221e-15,5.2041704279304207e-17,-0.3582757282508479,0.4689252469812351
v2_convergence,tangent-sample convergence and estimator stability,U1-RZ-XY-line|n12|d72|i3|dir=gaussian|basis=Z|eta=0,U1-RZ-XY-line|n12|d72|i3,U1-RZ-XY-line,12,6.0,32,1,1.0,3.3306690738754696e-16,1.8440363494407354e-16,3.3306690738754696e-16,6.938893903907227e-17,-0.1766239467301376,0.5421230757473186
v2_convergence,tangent-sample convergence and estimator stability,U1-RZ-XY-line|n12|d72|i3|dir=gaussian|basis=Z|eta=0,U1-RZ-XY-line|n12|d72|i3,U1-RZ-XY-line,12,6.0,32,2,1.0,3.3306690738754696e-16,1.8440363494407354e-16,3.3306690738754696e-16,6.938893903907227e-17,-0.1766239467301376,1.4089287930479537
v2_convergence,tangent-sample convergence and estimator stability,U1-RZ-XY-line|n12|d72|i3|dir=gaussian|basis=Z|eta=0,U1-RZ-XY-line|n12|d72|i3,U1-RZ-XY-line,12,6.0,64,1,1.0,3.3306690738754696e-16,1.8440363494407354e-16,3.3306690738754696e-16,6.938893903907227e-17,-0.1766239467301376,0.4093196938216316
v2_convergence,tangent-sample convergence and estimator stability,U1-RZ-XY-line|n12|d72|i3|dir=gaussian|basis=Z|eta=0,U1-RZ-XY-line|n12|d72|i3,U1-RZ-XY-line,12,6.0,64,2,1.0,3.3306690738754696e-16,1.8440363494407354e-16,3.3306690738754696e-16,6.938893903907227e-17,-0.1766239467301376,1.0962432385174763
v2_convergence,tangent-sample convergence and estimator stability,U1-RZ-XY-line|n12|d72|i3|dir=gaussian|basis=Z|eta=0,U1-RZ-XY-line|n12|d72|i3,U1-RZ-XY-line,12,6.0,128,1,1.0,3.3306690738754696e-16,1.8440363494407354e-16,3.3306690738754696e-16,6.938893903907227e-17,-0.1766239467301376,0.3302998998079035
v2_convergence,tangent-sample convergence and estimator stability,U1-RZ-XY-line|n12|d72|i3|dir=gaussian|basis=Z|eta=0,U1-RZ-XY-line|n12|d72|i3,U1-RZ-XY-line,12,6.0,128,2,1.0,3.3306690738754696e-16,1.8440363494407354e-16,3.3306690738754696e-16,6.938893903907227e-17,-0.1766239467301376,0.918125001304402
v2_convergence,tangent-sample convergence and estimator stability,U1-RZ-XY-line|n12|d72|i3|dir=gaussian|basis=Z|eta=0,U1-RZ-XY-line|n12|d72|i3,U1-RZ-XY-line,12,6.0,256,1,1.0,3.3306690738754696e-16,1.8440363494407354e-16,3.3306690738754696e-16,6.938893903907227e-17,-0.1766239467301376,0.2856866854242842
v2_convergence,tangent-sample convergence and estimator stability,U1-RZ-XY-line|n12|d72|i3|dir=gaussian|basis=Z|eta=0,U1-RZ-XY-line|n12|d72|i3,U1-RZ-XY-line,12,6.0,256,2,1.0,3.3306690738754696e-16,1.8440363494407354e-16,3.3306690738754696e-16,6.938893903907227e-17,-0.1766239467301376,0.8323095309712377
v2_convergence,tangent-sample convergence and estimator stability,SU2-CNOT-line|n8|d48|i3|dir=gaussian|basis=Z|eta=0,SU2-CNOT-line|n8|d48|i3,SU2-CNOT-line,8,6.0,32,1,1.0,8.881784197001252e-16,1.6480786008845643e-16,8.881784197001252e-16,5.551115123125783e-17,-0.3852159670419121,0.5001428006014389
v2_convergence,tangent-sample convergence and estimator stability,SU2-CNOT-line|n8|d48|i3|dir=gaussian|basis=Z|eta=0,SU2-CNOT-line|n8|d48|i3,SU2-CNOT-line,8,6.0,32,2,1.0,8.881784197001252e-16,1.6480786008845643e-16,8.881784197001252e-16,5.551115123125783e-17,-0.3852159670419121,1.0034833156190133
v2_convergence,tangent-sample convergence and estimator stability,SU2-CNOT-line|n8|d48|i3|dir=gaussian|basis=Z|eta=0,SU2-CNOT-line|n8|d48|i3,SU2-CNOT-line,8,6.0,64,1,1.0,8.881784197001252e-16,1.6480786008845643e-16,8.881784197001252e-16,5.551115123125783e-17,-0.3852159670419121,0.3630821465487679
v2_convergence,tangent-sample convergence and estimator stability,SU2-CNOT-line|n8|d48|i3|dir=gaussian|basis=Z|eta=0,SU2-CNOT-line|n8|d48|i3,SU2-CNOT-line,8,6.0,64,2,1.0,8.881784197001252e-16,1.6480786008845643e-16,8.881784197001252e-16,5.551115123125783e-17,-0.3852159670419121,0.7254082400774218
v2_convergence,tangent-sample convergence and estimator stability,SU2-CNOT-line|n8|d48|i3|dir=gaussian|basis=Z|eta=0,SU2-CNOT-line|n8|d48|i3,SU2-CNOT-line,8,6.0,128,1,1.0,8.881784197001252e-16,1.6480786008845643e-16,8.881784197001252e-16,5.551115123125783e-17,-0.3852159670419121,0.2730054362690338
v2_convergence,tangent-sample convergence and estimator stability,SU2-CNOT-line|n8|d48|i3|dir=gaussian|basis=Z|eta=0,SU2-CNOT-line|n8|d48|i3,SU2-CNOT-line,8,6.0,128,2,1.0,8.881784197001252e-16,1.6480786008845643e-16,8.881784197001252e-16,5.551115123125783e-17,-0.3852159670419121,0.5461677911352256
v2_convergence,tangent-sample convergence and estimator stability,SU2-CNOT-line|n8|d48|i3|dir=gaussian|basis=Z|eta=0,SU2-CNOT-line|n8|d48|i3,SU2-CNOT-line,8,6.0,256,1,1.0,8.881784197001252e-16,1.6480786008845643e-16,8.881784197001252e-16,5.551115123125783e-17,-0.3852159670419121,0.2121585600787252
v2_convergence,tangent-sample convergence and estimator stability,SU2-CNOT-line|n8|d48|i3|dir=gaussian|basis=Z|eta=0,SU2-CNOT-line|n8|d48|i3,SU2-CNOT-line,8,6.0,256,2,1.0,8.881784197001252e-16,1.6480786008845643e-16,8.881784197001252e-16,5.551115123125783e-17,-0.3852159670419121,0.4236064661848414
v2_convergence,tangent-sample convergence and estimator stability,SU2-HaarU4-brickwork|n12|d72|i3|dir=gaussian|basis=Z|eta=0,SU2-HaarU4-brickwork|n12|d72|i3,SU2-HaarU4-brickwork,12,6.0,32,1,1.0,2.4424906541753444e-15,4.102641650272928e-16,2.55351295663786e-15,3.4694469519536136e-17,-0.4358355010658854,0.6247530446086107
v2_convergence,tangent-sample convergence and estimator stability,SU2-HaarU4-brickwork|n12|d72|i3|dir=gaussian|basis=Z|eta=0,SU2-HaarU4-brickwork|n12|d72|i3,SU2-HaarU4-brickwork,12,6.0,32,2,1.0,2.4424906541753444e-15,4.102641650272928e-16,2.55351295663786e-15,3.4694469519536136e-17,-0.4358355010658854,1.5799107683023546
v2_convergence,tangent-sample convergence and estimator stability,SU2-HaarU4-brickwork|n12|d72|i3|dir=gaussian|basis=Z|eta=0,SU2-HaarU4-brickwork|n12|d72|i3,SU2-HaarU4-brickwork,12,6.0,64,1,1.0,2.4424906541753444e-15,4.102641650272928e-16,2.55351295663786e-15,3.4694469519536136e-17,-0.4358355010658854,0.4497575561459013
v2_convergence,tangent-sample convergence and estimator stability,SU2-HaarU4-brickwork|n12|d72|i3|dir=gaussian|basis=Z|eta=0,SU2-HaarU4-brickwork|n12|d72|i3,SU2-HaarU4-brickwork,12,6.0,64,2,1.0,2.4424906541753444e-15,4.102641650272928e-16,2.55351295663786e-15,3.4694469519536136e-17,-0.4358355010658854,1.1371484087568988
v2_convergence,tangent-sample convergence and estimator stability,SU2-HaarU4-brickwork|n12|d72|i3|dir=gaussian|basis=Z|eta=0,SU2-HaarU4-brickwork|n12|d72|i3,SU2-HaarU4-brickwork,12,6.0,128,1,1.0,2.4424906541753444e-15,4.102641650272928e-16,2.55351295663786e-15,3.4694469519536136e-17,-0.4358355010658854,0.3312574938450511
v2_convergence,tangent-sample convergence and estimator stability,SU2-HaarU4-brickwork|n12|d72|i3|dir=gaussian|basis=Z|eta=0,SU2-HaarU4-brickwork|n12|d72|i3,SU2-HaarU4-brickwork,12,6.0,128,2,1.0,2.4424906541753444e-15,4.102641650272928e-16,2.55351295663786e-15,3.4694469519536136e-17,-0.4358355010658854,0.8373899686809223
v2_convergence,tangent-sample convergence and estimator stability,SU2-HaarU4-brickwork|n12|d72|i3|dir=gaussian|basis=Z|eta=0,SU2-HaarU4-brickwork|n12|d72|i3,SU2-HaarU4-brickwork,12,6.0,256,1,1.0,2.4424906541753444e-15,4.102641650272928e-16,2.55351295663786e-15,3.4694469519536136e-17,-0.4358355010658854,0.2508369066737554
v2_convergence,tangent-sample convergence and estimator stability,SU2-HaarU4-brickwork|n12|d72|i3|dir=gaussian|basis=Z|eta=0,SU2-HaarU4-brickwork|n12|d72|i3,SU2-HaarU4-brickwork,12,6.0,256,2,1.0,2.4424906541753444e-15,4.102641650272928e-16,2.55351295663786e-15,3.4694469519536136e-17,-0.4358355010658854,0.6341858837783656
v2_convergence,tangent-sample convergence and estimator stability,U1-RZ-XY-line|n12|d72|i9|dir=gaussian|basis=Z|eta=0,U1-RZ-XY-line|n12|d72|i9,U1-RZ-XY-line,12,6.0,32,1,1.0,0.0,1.2706183381304407e-16,0.0,7.63278329429795e-17,-0.2138413724080931,0.4837262725319076
v2_convergence,tangent-sample convergence and estimator stability,U1-RZ-XY-line|n12|d72|i9|dir=gaussian|basis=Z|eta=0,U1-RZ-XY-line|n12|d72|i9,U1-RZ-XY-line,12,6.0,32,2,1.0,0.0,1.2706183381304407e-16,0.0,7.63278329429795e-17,-0.2138413724080931,1.3145554437662827
v2_convergence,tangent-sample convergence and estimator stability,U1-RZ-XY-line|n12|d72|i9|dir=gaussian|basis=Z|eta=0,U1-RZ-XY-line|n12|d72|i9,U1-RZ-XY-line,12,6.0,64,1,1.0,0.0,1.2706183381304407e-16,0.0,7.63278329429795e-17,-0.2138413724080931,0.372788227719093
v2_convergence,tangent-sample convergence and estimator stability,U1-RZ-XY-line|n12|d72|i9|dir=gaussian|basis=Z|eta=0,U1-RZ-XY-line|n12|d72|i9,U1-RZ-XY-line,12,6.0,64,2,1.0,0.0,1.2706183381304407e-16,0.0,7.63278329429795e-17,-0.2138413724080931,1.061068781383622
v2_convergence,tangent-sample convergence and estimator stability,U1-RZ-XY-line|n12|d72|i9|dir=gaussian|basis=Z|eta=0,U1-RZ-XY-line|n12|d72|i9,U1-RZ-XY-line,12,6.0,128,1,1.0,0.0,1.2706183381304407e-16,0.0,7.63278329429795e-17,-0.2138413724080931,0.3026874670948567
v2_convergence,tangent-sample convergence and estimator stability,U1-RZ-XY-line|n12|d72|i9|dir=gaussian|basis=Z|eta=0,U1-RZ-XY-line|n12|d72|i9,U1-RZ-XY-line,12,6.0,128,2,1.0,0.0,1.2706183381304407e-16,0.0,7.63278329429795e-17,-0.2138413724080931,0.8836498090520448
v2_convergence,tangent-sample convergence and estimator stability,U1-RZ-XY-line|n12|d72|i9|dir=gaussian|basis=Z|eta=0,U1-RZ-XY-line|n12|d72|i9,U1-RZ-XY-line,12,6.0,256,1,1.0,0.0,1.2706183381304407e-16,0.0,7.63278329429795e-17,-0.2138413724080931,0.2709082307035402
v2_convergence,tangent-sample convergence and estimator stability,U1-RZ-XY-line|n12|d72|i9|dir=gaussian|basis=Z|eta=0,U1-RZ-XY-line|n12|d72|i9,U1-RZ-XY-line,12,6.0,256,2,1.0,0.0,1.2706183381304407e-16,0.0,7.63278329429795e-17,-0.2138413724080931,0.8174715083721927
v2_convergence,tangent-sample convergence and estimator stability,SU2-HaarU4-brickwork|n8|d48|i6|dir=gaussian|basis=Z|eta=0,SU2-HaarU4-brickwork|n8|d48|i6,SU2-HaarU4-brickwork,8,6.0,32,1,1.0,5.3290705182007506e-15,1.1796170657810651e-15,5.3290705182007506e-15,5.2041704279304207e-17,-0.361514874496156,0.5141168951484683
v2_convergence,tangent-sample convergence and estimator stability,SU2-HaarU4-brickwork|n8|d48|i6|dir=gaussian|basis=Z|eta=0,SU2-HaarU4-brickwork|n8|d48|i6,SU2-HaarU4-brickwork,8,6.0,32,2,1.0,5.3290705182007506e-15,1.1796170657810651e-15,5.3290705182007506e-15,5.2041704279304207e-17,-0.361514874496156,1.0312278261798744
v2_convergence,tangent-sample convergence and estimator stability,SU2-HaarU4-brickwork|n8|d48|i6|dir=gaussian|basis=Z|eta=0,SU2-HaarU4-brickwork|n8|d48|i6,SU2-HaarU4-brickwork,8,6.0,64,1,1.0,5.3290705182007506e-15,1.1796170657810651e-15,5.3290705182007506e-15,5.2041704279304207e-17,-0.361514874496156,0.3796127938567226
v2_convergence,tangent-sample convergence and estimator stability,SU2-HaarU4-brickwork|n8|d48|i6|dir=gaussian|basis=Z|eta=0,SU2-HaarU4-brickwork|n8|d48|i6,SU2-HaarU4-brickwork,8,6.0,64,2,1.0,5.3290705182007506e-15,1.1796170657810651e-15,5.3290705182007506e-15,5.2041704279304207e-17,-0.361514874496156,0.7675927346992726
v2_convergence,tangent-sample convergence and estimator stability,SU2-HaarU4-brickwork|n8|d48|i6|dir=gaussian|basis=Z|eta=0,SU2-HaarU4-brickwork|n8|d48|i6,SU2-HaarU4-brickwork,8,6.0,128,1,1.0,5.3290705182007506e-15,1.1796170657810651e-15,5.3290705182007506e-15,5.2041704279304207e-17,-0.361514874496156,0.2928158223361854
v2_convergence,tangent-sample convergence and estimator stability,SU2-HaarU4-brickwork|n8|d48|i6|dir=gaussian|basis=Z|eta=0,SU2-HaarU4-brickwork|n8|d48|i6,SU2-HaarU4-brickwork,8,6.0,128,2,1.0,5.3290705182007506e-15,1.1796170657810651e-15,5.3290705182007506e-15,5.2041704279304207e-17,-0.361514874496156,0.5900875456187757
v2_convergence,tangent-sample convergence and estimator stability,SU2-HaarU4-brickwork|n8|d48|i6|dir=gaussian|basis=Z|eta=0,SU2-HaarU4-brickwork|n8|d48|i6,SU2-HaarU4-brickwork,8,6.0,256,1,1.0,5.3290705182007506e-15,1.1796170657810651e-15,5.3290705182007506e-15,5.2041704279304207e-17,-0.361514874496156,0.2345782704488179
v2_convergence,tangent-sample convergence and estimator stability,SU2-HaarU4-brickwork|n8|d48|i6|dir=gaussian|basis=Z|eta=0,SU2-HaarU4-brickwork|n8|d48|i6,SU2-HaarU4-brickwork,8,6.0,256,2,1.0,5.3290705182007506e-15,1.1796170657810651e-15,5.3290705182007506e-15,5.2041704279304207e-17,-0.361514874496156,0.4744058049771117
v2_convergence,tangent-sample convergence and estimator stability,U1-RZ-XY-line|n12|d72|i4|dir=gaussian|basis=Z|eta=0,U1-RZ-XY-line|n12|d72|i4,U1-RZ-XY-line,12,6.0,32,1,1.0,2.220446049250313e-16,2.498005569994642e-16,4.440892098500626e-16,5.551115123125783e-17,-0.203553768192377,0.5054692226616411
v2_convergence,tangent-sample convergence and estimator stability,U1-RZ-XY-line|n12|d72|i4|dir=gaussian|basis=Z|eta=0,U1-RZ-XY-line|n12|d72|i4,U1-RZ-XY-line,12,6.0,32,2,1.0,2.220446049250313e-16,2.498005569994642e-16,4.440892098500626e-16,5.551115123125783e-17,-0.203553768192377,1.3528666873984023
v2_convergence,tangent-sample convergence and estimator stability,U1-RZ-XY-line|n12|d72|i4|dir=gaussian|basis=Z|eta=0,U1-RZ-XY-line|n12|d72|i4,U1-RZ-XY-line,12,6.0,64,1,1.0,2.220446049250313e-16,2.498005569994642e-16,4.440892098500626e-16,5.551115123125783e-17,-0.203553768192377,0.3696278301873318
v2_convergence,tangent-sample convergence and estimator stability,U1-RZ-XY-line|n12|d72|i4|dir=gaussian|basis=Z|eta=0,U1-RZ-XY-line|n12|d72|i4,U1-RZ-XY-line,12,6.0,64,2,1.0,2.220446049250313e-16,2.498005569994642e-16,4.440892098500626e-16,5.551115123125783e-17,-0.203553768192377,1.0477032157968162
v2_convergence,tangent-sample convergence and estimator stability,U1-RZ-XY-line|n12|d72|i4|dir=gaussian|basis=Z|eta=0,U1-RZ-XY-line|n12|d72|i4,U1-RZ-XY-line,12,6.0,128,1,1.0,2.220446049250313e-16,2.498005569994642e-16,4.440892098500626e-16,5.551115123125783e-17,-0.203553768192377,0.3148719236533174
v2_convergence,tangent-sample convergence and estimator stability,U1-RZ-XY-line|n12|d72|i4|dir=gaussian|basis=Z|eta=0,U1-RZ-XY-line|n12|d72|i4,U1-RZ-XY-line,12,6.0,128,2,1.0,2.220446049250313e-16,2.498005569994642e-16,4.440892098500626e-16,5.551115123125783e-17,-0.203553768192377,0.9147405618366484
v2_convergence,tangent-sample convergence and estimator stability,U1-RZ-XY-line|n12|d72|i4|dir=gaussian|basis=Z|eta=0,U1-RZ-XY-line|n12|d72|i4,U1-RZ-XY-line,12,6.0,256,1,1.0,2.220446049250313e-16,2.498005569994642e-16,4.440892098500626e-16,5.551115123125783e-17,-0.203553768192377,0.2740767105429597
v2_convergence,tangent-sample convergence and estimator stability,U1-RZ-XY-line|n12|d72|i4|dir=gaussian|basis=Z|eta=0,U1-RZ-XY-line|n12|d72|i4,U1-RZ-XY-line,12,6.0,256,2,1.0,2.220446049250313e-16,2.498005569994642e-16,4.440892098500626e-16,5.551115123125783e-17,-0.203553768192377,0.819338440820374
v2_convergence,tangent-sample convergence and estimator stability,SU2-HaarU4-brickwork|n8|d48|i7|dir=gaussian|basis=Z|eta=0,SU2-HaarU4-brickwork|n8|d48|i7,SU2-HaarU4-brickwork,8,6.0,32,1,1.0,7.327471962526033e-15,1.8687761543605334e-15,7.438494264988549e-15,4.163336342344337e-17,-0.3477442328618699,0.5200332002802669
v2_convergence,tangent-sample convergence and estimator stability,SU2-HaarU4-brickwork|n8|d48|i7|dir=gaussian|basis=Z|eta=0,SU2-HaarU4-brickwork|n8|d48|i7,SU2-HaarU4-brickwork,8,6.0,32,2,1.0,7.327471962526033e-15,1.8687761543605334e-15,7.438494264988549e-15,4.163336342344337e-17,-0.3477442328618699,1.0380956017217389
v2_convergence,tangent-sample convergence and estimator stability,SU2-HaarU4-brickwork|n8|d48|i7|dir=gaussian|basis=Z|eta=0,SU2-HaarU4-brickwork|n8|d48|i7,SU2-HaarU4-brickwork,8,6.0,64,1,1.0,7.327471962526033e-15,1.8687761543605334e-15,7.438494264988549e-15,4.163336342344337e-17,-0.3477442328618699,0.3883390304281277
v2_convergence,tangent-sample convergence and estimator stability,SU2-HaarU4-brickwork|n8|d48|i7|dir=gaussian|basis=Z|eta=0,SU2-HaarU4-brickwork|n8|d48|i7,SU2-HaarU4-brickwork,8,6.0,64,2,1.0,7.327471962526033e-15,1.8687761543605334e-15,7.438494264988549e-15,4.163336342344337e-17,-0.3477442328618699,0.7681583587576507
v2_convergence,tangent-sample convergence and estimator stability,SU2-HaarU4-brickwork|n8|d48|i7|dir=gaussian|basis=Z|eta=0,SU2-HaarU4-brickwork|n8|d48|i7,SU2-HaarU4-brickwork,8,6.0,128,1,1.0,7.327471962526033e-15,1.8687761543605334e-15,7.438494264988549e-15,4.163336342344337e-17,-0.3477442328618699,0.294483659380038
v2_convergence,tangent-sample convergence and estimator stability,SU2-HaarU4-brickwork|n8|d48|i7|dir=gaussian|basis=Z|eta=0,SU2-HaarU4-brickwork|n8|d48|i7,SU2-HaarU4-brickwork,8,6.0,128,2,1.0,7.327471962526033e-15,1.8687761543605334e-15,7.438494264988549e-15,4.163336342344337e-17,-0.3477442328618699,0.5847446254041356
v2_convergence,tangent-sample convergence and estimator stability,SU2-HaarU4-brickwork|n8|d48|i7|dir=gaussian|basis=Z|eta=0,SU2-HaarU4-brickwork|n8|d48|i7,SU2-HaarU4-brickwork,8,6.0,256,1,1.0,7.327471962526033e-15,1.8687761543605334e-15,7.438494264988549e-15,4.163336342344337e-17,-0.3477442328618699,0.2414215566831137
v2_convergence,tangent-sample convergence and estimator stability,SU2-HaarU4-brickwork|n8|d48|i7|dir=gaussian|basis=Z|eta=0,SU2-HaarU4-brickwork|n8|d48|i7,SU2-HaarU4-brickwork,8,6.0,256,2,1.0,7.327471962526033e-15,1.8687761543605334e-15,7.438494264988549e-15,4.163336342344337e-17,-0.3477442328618699,0.4785481887020886
v2_convergence,tangent-sample convergence and estimator stability,U1-RZ-XY-line|n12|d72|i5|dir=gaussian|basis=Z|eta=0,U1-RZ-XY-line|n12|d72|i5,U1-RZ-XY-line,12,6.0,32,1,1.0,3.3306690738754696e-15,1.755541014765136e-15,3.552713678800501e-15,9.714451465470121e-17,-0.1780587475934888,0.4845962655268815
v2_convergence,tangent-sample convergence and estimator stability,U1-RZ-XY-line|n12|d72|i5|dir=gaussian|basis=Z|eta=0,U1-RZ-XY-line|n12|d72|i5,U1-RZ-XY-line,12,6.0,32,2,1.0,3.3306690738754696e-15,1.755541014765136e-15,3.552713678800501e-15,9.714451465470121e-17,-0.1780587475934888,1.3432974901932428
v2_convergence,tangent-sample convergence and estimator stability,U1-RZ-XY-line|n12|d72|i5|dir=gaussian|basis=Z|eta=0,U1-RZ-XY-line|n12|d72|i5,U1-RZ-XY-line,12,6.0,64,1,1.0,3.3306690738754696e-15,1.755541014765136e-15,3.552713678800501e-15,9.714451465470121e-17,-0.1780587475934888,0.3633378002036564
v2_convergence,tangent-sample convergence and estimator stability,U1-RZ-XY-line|n12|d72|i5|dir=gaussian|basis=Z|eta=0,U1-RZ-XY-line|n12|d72|i5,U1-RZ-XY-line,12,6.0,64,2,1.0,3.3306690738754696e-15,1.755541014765136e-15,3.552713678800501e-15,9.714451465470121e-17,-0.1780587475934888,1.072375217050967
v2_convergence,tangent-sample convergence and estimator stability,U1-RZ-XY-line|n12|d72|i5|dir=gaussian|basis=Z|eta=0,U1-RZ-XY-line|n12|d72|i5,U1-RZ-XY-line,12,6.0,128,1,1.0,3.3306690738754696e-15,1.755541014765136e-15,3.552713678800501e-15,9.714451465470121e-17,-0.1780587475934888,0.3147121013656772
v2_convergence,tangent-sample convergence and estimator stability,U1-RZ-XY-line|n12|d72|i5|dir=gaussian|basis=Z|eta=0,U1-RZ-XY-line|n12|d72|i5,U1-RZ-XY-line,12,6.0,128,2,1.0,3.3306690738754696e-15,1.755541014765136e-15,3.552713678800501e-15,9.714451465470121e-17,-0.1780587475934888,0.9279782594143492
v2_convergence,tangent-sample convergence and estimator stability,U1-RZ-XY-line|n12|d72|i5|dir=gaussian|basis=Z|eta=0,U1-RZ-XY-line|n12|d72|i5,U1-RZ-XY-line,12,6.0,256,1,1.0,3.3306690738754696e-15,1.755541014765136e-15,3.552713678800501e-15,9.714451465470121e-17,-0.1780587475934888,0.2695644959566953
v2_convergence,tangent-sample convergence and estimator stability,U1-RZ-XY-line|n12|d72|i5|dir=gaussian|basis=Z|eta=0,U1-RZ-XY-line|n12|d72|i5,U1-RZ-XY-line,12,6.0,256,2,1.0,3.3306690738754696e-15,1.755541014765136e-15,3.552713678800501e-15,9.714451465470121e-17,-0.1780587475934888,0.8320580847311229
v2_convergence,tangent-sample convergence and estimator stability,SU2-CNOT-line|n8|d48|i4|dir=gaussian|basis=Z|eta=0,SU2-CNOT-line|n8|d48|i4,SU2-CNOT-line,8,6.0,32,1,1.0,5.3290705182007506e-15,8.709871060351242e-16,5.3290705182007506e-15,5.2041704279304207e-17,-0.389551256212884,0.498511383496353
v2_convergence,tangent-sample convergence and estimator stability,SU2-CNOT-line|n8|d48|i4|dir=gaussian|basis=Z|eta=0,SU2-CNOT-line|n8|d48|i4,SU2-CNOT-line,8,6.0,32,2,1.0,5.3290705182007506e-15,8.709871060351242e-16,5.3290705182007506e-15,5.2041704279304207e-17,-0.389551256212884,0.9972965537081098
v2_convergence,tangent-sample convergence and estimator stability,SU2-CNOT-line|n8|d48|i4|dir=gaussian|basis=Z|eta=0,SU2-CNOT-line|n8|d48|i4,SU2-CNOT-line,8,6.0,64,1,1.0,5.3290705182007506e-15,8.709871060351242e-16,5.3290705182007506e-15,5.2041704279304207e-17,-0.389551256212884,0.368541440052691
v2_convergence,tangent-sample convergence and estimator stability,SU2-CNOT-line|n8|d48|i4|dir=gaussian|basis=Z|eta=0,SU2-CNOT-line|n8|d48|i4,SU2-CNOT-line,8,6.0,64,2,1.0,5.3290705182007506e-15,8.709871060351242e-16,5.3290705182007506e-15,5.2041704279304207e-17,-0.389551256212884,0.7363813933878427
v2_convergence,tangent-sample convergence and estimator stability,SU2-CNOT-line|n8|d48|i4|dir=gaussian|basis=Z|eta=0,SU2-CNOT-line|n8|d48|i4,SU2-CNOT-line,8,6.0,128,1,1.0,5.3290705182007506e-15,8.709871060351242e-16,5.3290705182007506e-15,5.2041704279304207e-17,-0.389551256212884,0.2755678250180604
v2_convergence,tangent-sample convergence and estimator stability,SU2-CNOT-line|n8|d48|i4|dir=gaussian|basis=Z|eta=0,SU2-CNOT-line|n8|d48|i4,SU2-CNOT-line,8,6.0,128,2,1.0,5.3290705182007506e-15,8.709871060351242e-16,5.3290705182007506e-15,5.2041704279304207e-17,-0.389551256212884,0.5531225961936936
v2_convergence,tangent-sample convergence and estimator stability,SU2-CNOT-line|n8|d48|i4|dir=gaussian|basis=Z|eta=0,SU2-CNOT-line|n8|d48|i4,SU2-CNOT-line,8,6.0,256,1,1.0,5.3290705182007506e-15,8.709871060351242e-16,5.3290705182007506e-15,5.2041704279304207e-17,-0.389551256212884,0.2125830794430846
v2_convergence,tangent-sample convergence and estimator stability,SU2-CNOT-line|n8|d48|i4|dir=gaussian|basis=Z|eta=0,SU2-CNOT-line|n8|d48|i4,SU2-CNOT-line,8,6.0,256,2,1.0,5.3290705182007506e-15,8.709871060351242e-16,5.3290705182007506e-15,5.2041704279304207e-17,-0.389551256212884,0.4240776165870766
v2_convergence,tangent-sample convergence and estimator stability,SU2-HaarU4-brickwork|n12|d72|i4|dir=gaussian|basis=Z|eta=0,SU2-HaarU4-brickwork|n12|d72|i4,SU2-HaarU4-brickwork,12,6.0,32,1,1.0,1.8651746813702633e-14,3.967095762458458e-15,1.8762769116165142e-14,2.6454533008646308e-17,-0.4339434163173593,0.6235875655885303
v2_convergence,tangent-sample convergence and estimator stability,SU2-HaarU4-brickwork|n12|d72|i4|dir=gaussian|basis=Z|eta=0,SU2-HaarU4-brickwork|n12|d72|i4,SU2-HaarU4-brickwork,12,6.0,32,2,1.0,1.8651746813702633e-14,3.967095762458458e-15,1.8762769116165142e-14,2.6454533008646308e-17,-0.4339434163173593,1.575827867614035
v2_convergence,tangent-sample convergence and estimator stability,SU2-HaarU4-brickwork|n12|d72|i4|dir=gaussian|basis=Z|eta=0,SU2-HaarU4-brickwork|n12|d72|i4,SU2-HaarU4-brickwork,12,6.0,64,1,1.0,1.8651746813702633e-14,3.967095762458458e-15,1.8762769116165142e-14,2.6454533008646308e-17,-0.4339434163173593,0.450217928525422
v2_convergence,tangent-sample convergence and estimator stability,SU2-HaarU4-brickwork|n12|d72|i4|dir=gaussian|basis=Z|eta=0,SU2-HaarU4-brickwork|n12|d72|i4,SU2-HaarU4-brickwork,12,6.0,64,2,1.0,1.8651746813702633e-14,3.967095762458458e-15,1.8762769116165142e-14,2.6454533008646308e-17,-0.4339434163173593,1.1375272102359202
v2_convergence,tangent-sample convergence and estimator stability,SU2-HaarU4-brickwork|n12|d72|i4|dir=gaussian|basis=Z|eta=0,SU2-HaarU4-brickwork|n12|d72|i4,SU2-HaarU4-brickwork,12,6.0,128,1,1.0,1.8651746813702633e-14,3.967095762458458e-15,1.8762769116165142e-14,2.6454533008646308e-17,-0.4339434163173593,0.3310607171433425
v2_convergence,tangent-sample convergence and estimator stability,SU2-HaarU4-brickwork|n12|d72|i4|dir=gaussian|basis=Z|eta=0,SU2-HaarU4-brickwork|n12|d72|i4,SU2-HaarU4-brickwork,12,6.0,128,2,1.0,1.8651746813702633e-14,3.967095762458458e-15,1.8762769116165142e-14,2.6454533008646308e-17,-0.4339434163173593,0.8367610599683327
v2_convergence,tangent-sample convergence and estimator stability,SU2-HaarU4-brickwork|n12|d72|i4|dir=gaussian|basis=Z|eta=0,SU2-HaarU4-brickwork|n12|d72|i4,SU2-HaarU4-brickwork,12,6.0,256,1,1.0,1.8651746813702633e-14,3.967095762458458e-15,1.8762769116165142e-14,2.6454533008646308e-17,-0.4339434163173593,0.2507578266305654
v2_convergence,tangent-sample convergence and estimator stability,SU2-HaarU4-brickwork|n12|d72|i4|dir=gaussian|basis=Z|eta=0,SU2-HaarU4-brickwork|n12|d72|i4,SU2-HaarU4-brickwork,12,6.0,256,2,1.0,1.8651746813702633e-14,3.967095762458458e-15,1.8762769116165142e-14,2.6454533008646308e-17,-0.4339434163173593,0.6339768125101374
v2_convergence,tangent-sample convergence and estimator stability,U1-RZ-XY-line|n16|d96|i0|dir=gaussian|basis=Z|eta=0,U1-RZ-XY-line|n16|d96|i0,U1-RZ-XY-line,16,6.0,32,1,1.0,4.440892098500626e-16,3.024116266474586e-16,6.661338147750939e-16,5.551115123125783e-17,-0.2663816621937795,0.5978154956848478
v2_convergence,tangent-sample convergence and estimator stability,U1-RZ-XY-line|n16|d96|i0|dir=gaussian|basis=Z|eta=0,U1-RZ-XY-line|n16|d96|i0,U1-RZ-XY-line,16,6.0,32,2,1.0,4.440892098500626e-16,3.024116266474586e-16,6.661338147750939e-16,5.551115123125783e-17,-0.2663816621937795,1.885964515367026
v2_convergence,tangent-sample convergence and estimator stability,U1-RZ-XY-line|n16|d96|i0|dir=gaussian|basis=Z|eta=0,U1-RZ-XY-line|n16|d96|i0,U1-RZ-XY-line,16,6.0,64,1,1.0,4.440892098500626e-16,3.024116266474586e-16,6.661338147750939e-16,5.551115123125783e-17,-0.2663816621937795,0.4236220138222171
v2_convergence,tangent-sample convergence and estimator stability,U1-RZ-XY-line|n16|d96|i0|dir=gaussian|basis=Z|eta=0,U1-RZ-XY-line|n16|d96|i0,U1-RZ-XY-line,16,6.0,64,2,1.0,4.440892098500626e-16,3.024116266474586e-16,6.661338147750939e-16,5.551115123125783e-17,-0.2663816621937795,1.4333261597675042
v2_convergence,tangent-sample convergence and estimator stability,U1-RZ-XY-line|n16|d96|i0|dir=gaussian|basis=Z|eta=0,U1-RZ-XY-line|n16|d96|i0,U1-RZ-XY-line,16,6.0,128,1,1.0,4.440892098500626e-16,3.024116266474586e-16,6.661338147750939e-16,5.551115123125783e-17,-0.2663816621937795,0.3276753493716363
v2_convergence,tangent-sample convergence and estimator stability,U1-RZ-XY-line|n16|d96|i0|dir=gaussian|basis=Z|eta=0,U1-RZ-XY-line|n16|d96|i0,U1-RZ-XY-line,16,6.0,128,2,1.0,4.440892098500626e-16,3.024116266474586e-16,6.661338147750939e-16,5.551115123125783e-17,-0.2663816621937795,1.1617634846789606
v2_convergence,tangent-sample convergence and estimator stability,U1-RZ-XY-line|n16|d96|i0|dir=gaussian|basis=Z|eta=0,U1-RZ-XY-line|n16|d96|i0,U1-RZ-XY-line,16,6.0,256,1,1.0,4.440892098500626e-16,3.024116266474586e-16,6.661338147750939e-16,5.551115123125783e-17,-0.2663816621937795,0.2834717850525133
v2_convergence,tangent-sample convergence and estimator stability,U1-RZ-XY-line|n16|d96|i0|dir=gaussian|basis=Z|eta=0,U1-RZ-XY-line|n16|d96|i0,U1-RZ-XY-line,16,6.0,256,2,1.0,4.440892098500626e-16,3.024116266474586e-16,6.661338147750939e-16,5.551115123125783e-17,-0.2663816621937795,1.0285131895594426
v2_convergence,tangent-sample convergence and estimator stability,SU2-CNOT-line|n8|d48|i5|dir=gaussian|basis=Z|eta=0,SU2-CNOT-line|n8|d48|i5,SU2-CNOT-line,8,6.0,32,1,1.0,2.220446049250313e-15,4.0592900003574344e-16,2.220446049250313e-15,5.2041704279304207e-17,-0.3782201152574937,0.50265429851448
v2_convergence,tangent-sample convergence and estimator stability,SU2-CNOT-line|n8|d48|i5|dir=gaussian|basis=Z|eta=0,SU2-CNOT-line|n8|d48|i5,SU2-CNOT-line,8,6.0,32,2,1.0,2.220446049250313e-15,4.0592900003574344e-16,2.220446049250313e-15,5.2041704279304207e-17,-0.3782201152574937,1.0045007883143713
v2_convergence,tangent-sample convergence and estimator stability,SU2-CNOT-line|n8|d48|i5|dir=gaussian|basis=Z|eta=0,SU2-CNOT-line|n8|d48|i5,SU2-CNOT-line,8,6.0,64,1,1.0,2.220446049250313e-15,4.0592900003574344e-16,2.220446049250313e-15,5.2041704279304207e-17,-0.3782201152574937,0.3669788258802424
v2_convergence,tangent-sample convergence and estimator stability,SU2-CNOT-line|n8|d48|i5|dir=gaussian|basis=Z|eta=0,SU2-CNOT-line|n8|d48|i5,SU2-CNOT-line,8,6.0,64,2,1.0,2.220446049250313e-15,4.0592900003574344e-16,2.220446049250313e-15,5.2041704279304207e-17,-0.3782201152574937,0.732074170895241
v2_convergence,tangent-sample convergence and estimator stability,SU2-CNOT-line|n8|d48|i5|dir=gaussian|basis=Z|eta=0,SU2-CNOT-line|n8|d48|i5,SU2-CNOT-line,8,6.0,128,1,1.0,2.220446049250313e-15,4.0592900003574344e-16,2.220446049250313e-15,5.2041704279304207e-17,-0.3782201152574937,0.2730288577513881
v2_convergence,tangent-sample convergence and estimator stability,SU2-CNOT-line|n8|d48|i5|dir=gaussian|basis=Z|eta=0,SU2-CNOT-line|n8|d48|i5,SU2-CNOT-line,8,6.0,128,2,1.0,2.220446049250313e-15,4.0592900003574344e-16,2.220446049250313e-15,5.2041704279304207e-17,-0.3782201152574937,0.5467711872450458
v2_convergence,tangent-sample convergence and estimator stability,SU2-CNOT-line|n8|d48|i5|dir=gaussian|basis=Z|eta=0,SU2-CNOT-line|n8|d48|i5,SU2-CNOT-line,8,6.0,256,1,1.0,2.220446049250313e-15,4.0592900003574344e-16,2.220446049250313e-15,5.2041704279304207e-17,-0.3782201152574937,0.2129811323634285
v2_convergence,tangent-sample convergence and estimator stability,SU2-CNOT-line|n8|d48|i5|dir=gaussian|basis=Z|eta=0,SU2-CNOT-line|n8|d48|i5,SU2-CNOT-line,8,6.0,256,2,1.0,2.220446049250313e-15,4.0592900003574344e-16,2.220446049250313e-15,5.2041704279304207e-17,-0.3782201152574937,0.4224555328254815
v2_convergence,tangent-sample convergence and estimator stability,SU2-HaarU4-brickwork|n12|d72|i5|dir=gaussian|basis=Z|eta=0,SU2-HaarU4-brickwork|n12|d72|i5,SU2-HaarU4-brickwork,12,6.0,32,1,1.0,1.5987211554602254e-14,2.4823917186128585e-15,1.5987211554602254e-14,2.3852447794681098e-17,-0.4134573960534977,0.6259358113240411
v2_convergence,tangent-sample convergence and estimator stability,SU2-HaarU4-brickwork|n12|d72|i5|dir=gaussian|basis=Z|eta=0,SU2-HaarU4-brickwork|n12|d72|i5,SU2-HaarU4-brickwork,12,6.0,32,2,1.0,1.5987211554602254e-14,2.4823917186128585e-15,1.5987211554602254e-14,2.3852447794681098e-17,-0.4134573960534977,1.5820684630297186
v2_convergence,tangent-sample convergence and estimator stability,SU2-HaarU4-brickwork|n12|d72|i5|dir=gaussian|basis=Z|eta=0,SU2-HaarU4-brickwork|n12|d72|i5,SU2-HaarU4-brickwork,12,6.0,64,1,1.0,1.5987211554602254e-14,2.4823917186128585e-15,1.5987211554602254e-14,2.3852447794681098e-17,-0.4134573960534977,0.4507437397848569
v2_convergence,tangent-sample convergence and estimator stability,SU2-HaarU4-brickwork|n12|d72|i5|dir=gaussian|basis=Z|eta=0,SU2-HaarU4-brickwork|n12|d72|i5,SU2-HaarU4-brickwork,12,6.0,64,2,1.0,1.5987211554602254e-14,2.4823917186128585e-15,1.5987211554602254e-14,2.3852447794681098e-17,-0.4134573960534977,1.139195962277806
v2_convergence,tangent-sample convergence and estimator stability,SU2-HaarU4-brickwork|n12|d72|i5|dir=gaussian|basis=Z|eta=0,SU2-HaarU4-brickwork|n12|d72|i5,SU2-HaarU4-brickwork,12,6.0,128,1,1.0,1.5987211554602254e-14,2.4823917186128585e-15,1.5987211554602254e-14,2.3852447794681098e-17,-0.4134573960534977,0.3318984044546803
v2_convergence,tangent-sample convergence and estimator stability,SU2-HaarU4-brickwork|n12|d72|i5|dir=gaussian|basis=Z|eta=0,SU2-HaarU4-brickwork|n12|d72|i5,SU2-HaarU4-brickwork,12,6.0,128,2,1.0,1.5987211554602254e-14,2.4823917186128585e-15,1.5987211554602254e-14,2.3852447794681098e-17,-0.4134573960534977,0.83867515340931
v2_convergence,tangent-sample convergence and estimator stability,SU2-HaarU4-brickwork|n12|d72|i5|dir=gaussian|basis=Z|eta=0,SU2-HaarU4-brickwork|n12|d72|i5,SU2-HaarU4-brickwork,12,6.0,256,1,1.0,1.5987211554602254e-14,2.4823917186128585e-15,1.5987211554602254e-14,2.3852447794681098e-17,-0.4134573960534977,0.2516301740654536
v2_convergence,tangent-sample convergence and estimator stability,SU2-HaarU4-brickwork|n12|d72|i5|dir=gaussian|basis=Z|eta=0,SU2-HaarU4-brickwork|n12|d72|i5,SU2-HaarU4-brickwork,12,6.0,256,2,1.0,1.5987211554602254e-14,2.4823917186128585e-15,1.5987211554602254e-14,2.3852447794681098e-17,-0.4134573960534977,0.6360844178502839
v2_convergence,tangent-sample convergence and estimator stability,U1-RZ-XY-line|n16|d96|i1|dir=gaussian|basis=Z|eta=0,U1-RZ-XY-line|n16|d96|i1,U1-RZ-XY-line,16,6.0,32,1,1.0,1.3322676295501878e-15,7.527044203160233e-16,1.7763568394002505e-15,6.938893903907227e-17,-0.2439854942589182,0.6083334934783404
v2_convergence,tangent-sample convergence and estimator stability,U1-RZ-XY-line|n16|d96|i1|dir=gaussian|basis=Z|eta=0,U1-RZ-XY-line|n16|d96|i1,U1-RZ-XY-line,16,6.0,32,2,1.0,1.3322676295501878e-15,7.527044203160233e-16,1.7763568394002505e-15,6.938893903907227e-17,-0.2439854942589182,1.897921368452104
v2_convergence,tangent-sample convergence and estimator stability,U1-RZ-XY-line|n16|d96|i1|dir=gaussian|basis=Z|eta=0,U1-RZ-XY-line|n16|d96|i1,U1-RZ-XY-line,16,6.0,64,1,1.0,1.3322676295501878e-15,7.527044203160233e-16,1.7763568394002505e-15,6.938893903907227e-17,-0.2439854942589182,0.4421565161436043
v2_convergence,tangent-sample convergence and estimator stability,U1-RZ-XY-line|n16|d96|i1|dir=gaussian|basis=Z|eta=0,U1-RZ-XY-line|n16|d96|i1,U1-RZ-XY-line,16,6.0,64,2,1.0,1.3322676295501878e-15,7.527044203160233e-16,1.7763568394002505e-15,6.938893903907227e-17,-0.2439854942589182,1.43712380643287
v2_convergence,tangent-sample convergence and estimator stability,U1-RZ-XY-line|n16|d96|i1|dir=gaussian|basis=Z|eta=0,U1-RZ-XY-line|n16|d96|i1,U1-RZ-XY-line,16,6.0,128,1,1.0,1.3322676295501878e-15,7.527044203160233e-16,1.7763568394002505e-15,6.938893903907227e-17,-0.2439854942589182,0.3544228260041221
v2_convergence,tangent-sample convergence and estimator stability,U1-RZ-XY-line|n16|d96|i1|dir=gaussian|basis=Z|eta=0,U1-RZ-XY-line|n16|d96|i1,U1-RZ-XY-line,16,6.0,128,2,1.0,1.3322676295501878e-15,7.527044203160233e-16,1.7763568394002505e-15,6.938893903907227e-17,-0.2439854942589182,1.2093077893766768
v2_convergence,tangent-sample convergence and estimator stability,U1-RZ-XY-line|n16|d96|i1|dir=gaussian|basis=Z|eta=0,U1-RZ-XY-line|n16|d96|i1,U1-RZ-XY-line,16,6.0,256,1,1.0,1.3322676295501878e-15,7.527044203160233e-16,1.7763568394002505e-15,6.938893903907227e-17,-0.2439854942589182,0.3025315653098822
v2_convergence,tangent-sample convergence and estimator stability,U1-RZ-XY-line|n16|d96|i1|dir=gaussian|basis=Z|eta=0,U1-RZ-XY-line|n16|d96|i1,U1-RZ-XY-line,16,6.0,256,2,1.0,1.3322676295501878e-15,7.527044203160233e-16,1.7763568394002505e-15,6.938893903907227e-17,-0.2439854942589182,1.0642357493953585
v2_convergence,tangent-sample convergence and estimator stability,SU2-CNOT-line|n8|d48|i6|dir=gaussian|basis=Z|eta=0,SU2-CNOT-line|n8|d48|i6,SU2-CNOT-line,8,6.0,32,1,1.0,1.5543122344752194e-15,2.551871984339994e-16,1.5543122344752194e-15,5.2909066017292616e-17,-0.390547579717535,0.5038851552662769
v2_convergence,tangent-sample convergence and estimator stability,SU2-CNOT-line|n8|d48|i6|dir=gaussian|basis=Z|eta=0,SU2-CNOT-line|n8|d48|i6,SU2-CNOT-line,8,6.0,32,2,1.0,1.5543122344752194e-15,2.551871984339994e-16,1.5543122344752194e-15,5.2909066017292616e-17,-0.390547579717535,1.0078776594351326
v2_convergence,tangent-sample convergence and estimator stability,SU2-CNOT-line|n8|d48|i6|dir=gaussian|basis=Z|eta=0,SU2-CNOT-line|n8|d48|i6,SU2-CNOT-line,8,6.0,64,1,1.0,1.5543122344752194e-15,2.551871984339994e-16,1.5543122344752194e-15,5.2909066017292616e-17,-0.390547579717535,0.36860091204767
v2_convergence,tangent-sample convergence and estimator stability,SU2-CNOT-line|n8|d48|i6|dir=gaussian|basis=Z|eta=0,SU2-CNOT-line|n8|d48|i6,SU2-CNOT-line,8,6.0,64,2,1.0,1.5543122344752194e-15,2.551871984339994e-16,1.5543122344752194e-15,5.2909066017292616e-17,-0.390547579717535,0.735423530469576
v2_convergence,tangent-sample convergence and estimator stability,SU2-CNOT-line|n8|d48|i6|dir=gaussian|basis=Z|eta=0,SU2-CNOT-line|n8|d48|i6,SU2-CNOT-line,8,6.0,128,1,1.0,1.5543122344752194e-15,2.551871984339994e-16,1.5543122344752194e-15,5.2909066017292616e-17,-0.390547579717535,0.2769573447799763
v2_convergence,tangent-sample convergence and estimator stability,SU2-CNOT-line|n8|d48|i6|dir=gaussian|basis=Z|eta=0,SU2-CNOT-line|n8|d48|i6,SU2-CNOT-line,8,6.0,128,2,1.0,1.5543122344752194e-15,2.551871984339994e-16,1.5543122344752194e-15,5.2909066017292616e-17,-0.390547579717535,0.5511260259056309
v2_convergence,tangent-sample convergence and estimator stability,SU2-CNOT-line|n8|d48|i6|dir=gaussian|basis=Z|eta=0,SU2-CNOT-line|n8|d48|i6,SU2-CNOT-line,8,6.0,256,1,1.0,1.5543122344752194e-15,2.551871984339994e-16,1.5543122344752194e-15,5.2909066017292616e-17,-0.390547579717535,0.2139089200544628
v2_convergence,tangent-sample convergence and estimator stability,SU2-CNOT-line|n8|d48|i6|dir=gaussian|basis=Z|eta=0,SU2-CNOT-line|n8|d48|i6,SU2-CNOT-line,8,6.0,256,2,1.0,1.5543122344752194e-15,2.551871984339994e-16,1.5543122344752194e-15,5.2909066017292616e-17,-0.390547579717535,0.4277402854131745
v2_convergence,tangent-sample convergence and estimator stability,SU2-HaarU4-brickwork|n12|d72|i6|dir=gaussian|basis=Z|eta=0,SU2-HaarU4-brickwork|n12|d72|i6,SU2-HaarU4-brickwork,12,6.0,32,1,1.0,1.9095836023552686e-14,3.1563323439343066e-15,1.9095836023552686e-14,2.949029909160572e-17,-0.432785017795797,0.6246745233626638
v2_convergence,tangent-sample convergence and estimator stability,SU2-HaarU4-brickwork|n12|d72|i6|dir=gaussian|basis=Z|eta=0,SU2-HaarU4-brickwork|n12|d72|i6,SU2-HaarU4-brickwork,12,6.0,32,2,1.0,1.9095836023552686e-14,3.1563323439343066e-15,1.9095836023552686e-14,2.949029909160572e-17,-0.432785017795797,1.5797415107563524
v2_convergence,tangent-sample convergence and estimator stability,SU2-HaarU4-brickwork|n12|d72|i6|dir=gaussian|basis=Z|eta=0,SU2-HaarU4-brickwork|n12|d72|i6,SU2-HaarU4-brickwork,12,6.0,64,1,1.0,1.9095836023552686e-14,3.1563323439343066e-15,1.9095836023552686e-14,2.949029909160572e-17,-0.432785017795797,0.4516004886520518
v2_convergence,tangent-sample convergence and estimator stability,SU2-HaarU4-brickwork|n12|d72|i6|dir=gaussian|basis=Z|eta=0,SU2-HaarU4-brickwork|n12|d72|i6,SU2-HaarU4-brickwork,12,6.0,64,2,1.0,1.9095836023552686e-14,3.1563323439343066e-15,1.9095836023552686e-14,2.949029909160572e-17,-0.432785017795797,1.141921870469115
v2_convergence,tangent-sample convergence and estimator stability,SU2-HaarU4-brickwork|n12|d72|i6|dir=gaussian|basis=Z|eta=0,SU2-HaarU4-brickwork|n12|d72|i6,SU2-HaarU4-brickwork,12,6.0,128,1,1.0,1.9095836023552686e-14,3.1563323439343066e-15,1.9095836023552686e-14,2.949029909160572e-17,-0.432785017795797,0.3315440136456242
v2_convergence,tangent-sample convergence and estimator stability,SU2-HaarU4-brickwork|n12|d72|i6|dir=gaussian|basis=Z|eta=0,SU2-HaarU4-brickwork|n12|d72|i6,SU2-HaarU4-brickwork,12,6.0,128,2,1.0,1.9095836023552686e-14,3.1563323439343066e-15,1.9095836023552686e-14,2.949029909160572e-17,-0.432785017795797,0.8382536805087135
v2_convergence,tangent-sample convergence and estimator stability,SU2-HaarU4-brickwork|n12|d72|i6|dir=gaussian|basis=Z|eta=0,SU2-HaarU4-brickwork|n12|d72|i6,SU2-HaarU4-brickwork,12,6.0,256,1,1.0,1.9095836023552686e-14,3.1563323439343066e-15,1.9095836023552686e-14,2.949029909160572e-17,-0.432785017795797,0.2513443898609108
v2_convergence,tangent-sample convergence and estimator stability,SU2-HaarU4-brickwork|n12|d72|i6|dir=gaussian|basis=Z|eta=0,SU2-HaarU4-brickwork|n12|d72|i6,SU2-HaarU4-brickwork,12,6.0,256,2,1.0,1.9095836023552686e-14,3.1563323439343066e-15,1.9095836023552686e-14,2.949029909160572e-17,-0.432785017795797,0.6355400782752104
v2_convergence,tangent-sample convergence and estimator stability,U1-RZ-XY-line|n16|d96|i2|dir=gaussian|basis=Z|eta=0,U1-RZ-XY-line|n16|d96|i2,U1-RZ-XY-line,16,6.0,32,1,1.0,2.664535259100376e-15,1.2405108605765606e-15,2.664535259100376e-15,3.816391647148976e-17,-0.2672478701468618,0.5859939452416639
v2_convergence,tangent-sample convergence and estimator stability,U1-RZ-XY-line|n16|d96|i2|dir=gaussian|basis=Z|eta=0,U1-RZ-XY-line|n16|d96|i2,U1-RZ-XY-line,16,6.0,32,2,1.0,2.664535259100376e-15,1.2405108605765606e-15,2.664535259100376e-15,3.816391647148976e-17,-0.2672478701468618,1.9144068552436055
v2_convergence,tangent-sample convergence and estimator stability,U1-RZ-XY-line|n16|d96|i2|dir=gaussian|basis=Z|eta=0,U1-RZ-XY-line|n16|d96|i2,U1-RZ-XY-line,16,6.0,64,1,1.0,2.664535259100376e-15,1.2405108605765606e-15,2.664535259100376e-15,3.816391647148976e-17,-0.2672478701468618,0.4307883556932148
v2_convergence,tangent-sample convergence and estimator stability,U1-RZ-XY-line|n16|d96|i2|dir=gaussian|basis=Z|eta=0,U1-RZ-XY-line|n16|d96|i2,U1-RZ-XY-line,16,6.0,64,2,1.0,2.664535259100376e-15,1.2405108605765606e-15,2.664535259100376e-15,3.816391647148976e-17,-0.2672478701468618,1.4386373922768114
v2_convergence,tangent-sample convergence and estimator stability,U1-RZ-XY-line|n16|d96|i2|dir=gaussian|basis=Z|eta=0,U1-RZ-XY-line|n16|d96|i2,U1-RZ-XY-line,16,6.0,128,1,1.0,2.664535259100376e-15,1.2405108605765606e-15,2.664535259100376e-15,3.816391647148976e-17,-0.2672478701468618,0.3420743036586007
v2_convergence,tangent-sample convergence and estimator stability,U1-RZ-XY-line|n16|d96|i2|dir=gaussian|basis=Z|eta=0,U1-RZ-XY-line|n16|d96|i2,U1-RZ-XY-line,16,6.0,128,2,1.0,2.664535259100376e-15,1.2405108605765606e-15,2.664535259100376e-15,3.816391647148976e-17,-0.2672478701468618,1.1808016830904504
v2_convergence,tangent-sample convergence and estimator stability,U1-RZ-XY-line|n16|d96|i2|dir=gaussian|basis=Z|eta=0,U1-RZ-XY-line|n16|d96|i2,U1-RZ-XY-line,16,6.0,256,1,1.0,2.664535259100376e-15,1.2405108605765606e-15,2.664535259100376e-15,3.816391647148976e-17,-0.2672478701468618,0.2984847051624222
v2_convergence,tangent-sample convergence and estimator stability,U1-RZ-XY-line|n16|d96|i2|dir=gaussian|basis=Z|eta=0,U1-RZ-XY-line|n16|d96|i2,U1-RZ-XY-line,16,6.0,256,2,1.0,2.664535259100376e-15,1.2405108605765606e-15,2.664535259100376e-15,3.816391647148976e-17,-0.2672478701468618,1.0426860597568035
v2_convergence,tangent-sample convergence and estimator stability,SU2-CNOT-line|n8|d48|i7|dir=gaussian|basis=Z|eta=0,SU2-CNOT-line|n8|d48|i7,SU2-CNOT-line,8,6.0,32,1,1.0,2.664535259100376e-15,4.771821955900909e-16,2.886579864025407e-15,6.418476861114186e-17,-0.378693252831866,0.5066218037902854
v2_convergence,tangent-sample convergence and estimator stability,SU2-CNOT-line|n8|d48|i7|dir=gaussian|basis=Z|eta=0,SU2-CNOT-line|n8|d48|i7,SU2-CNOT-line,8,6.0,32,2,1.0,2.664535259100376e-15,4.771821955900909e-16,2.886579864025407e-15,6.418476861114186e-17,-0.378693252831866,1.0114112600308005
v2_convergence,tangent-sample convergence and estimator stability,SU2-CNOT-line|n8|d48|i7|dir=gaussian|basis=Z|eta=0,SU2-CNOT-line|n8|d48|i7,SU2-CNOT-line,8,6.0,64,1,1.0,2.664535259100376e-15,4.771821955900909e-16,2.886579864025407e-15,6.418476861114186e-17,-0.378693252831866,0.3667116258350333
v2_convergence,tangent-sample convergence and estimator stability,SU2-CNOT-line|n8|d48|i7|dir=gaussian|basis=Z|eta=0,SU2-CNOT-line|n8|d48|i7,SU2-CNOT-line,8,6.0,64,2,1.0,2.664535259100376e-15,4.771821955900909e-16,2.886579864025407e-15,6.418476861114186e-17,-0.378693252831866,0.737243095976549
v2_convergence,tangent-sample convergence and estimator stability,SU2-CNOT-line|n8|d48|i7|dir=gaussian|basis=Z|eta=0,SU2-CNOT-line|n8|d48|i7,SU2-CNOT-line,8,6.0,128,1,1.0,2.664535259100376e-15,4.771821955900909e-16,2.886579864025407e-15,6.418476861114186e-17,-0.378693252831866,0.2735181498371741
v2_convergence,tangent-sample convergence and estimator stability,SU2-CNOT-line|n8|d48|i7|dir=gaussian|basis=Z|eta=0,SU2-CNOT-line|n8|d48|i7,SU2-CNOT-line,8,6.0,128,2,1.0,2.664535259100376e-15,4.771821955900909e-16,2.886579864025407e-15,6.418476861114186e-17,-0.378693252831866,0.550441020024426
v2_convergence,tangent-sample convergence and estimator stability,SU2-CNOT-line|n8|d48|i7|dir=gaussian|basis=Z|eta=0,SU2-CNOT-line|n8|d48|i7,SU2-CNOT-line,8,6.0,256,1,1.0,2.664535259100376e-15,4.771821955900909e-16,2.886579864025407e-15,6.418476861114186e-17,-0.378693252831866,0.211705593236408
v2_convergence,tangent-sample convergence and estimator stability,SU2-CNOT-line|n8|d48|i7|dir=gaussian|basis=Z|eta=0,SU2-CNOT-line|n8|d48|i7,SU2-CNOT-line,8,6.0,256,2,1.0,2.664535259100376e-15,4.771821955900909e-16,2.886579864025407e-15,6.418476861114186e-17,-0.378693252831866,0.4241993083322506
v2_convergence,tangent-sample convergence and estimator stability,SU2-HaarU4-brickwork|n12|d72|i7|dir=gaussian|basis=Z|eta=0,SU2-HaarU4-brickwork|n12|d72|i7,SU2-HaarU4-brickwork,12,6.0,32,1,1.0,2.253752739989068e-14,3.175845122088036e-15,2.220446049250313e-14,2.47198095326695e-17,-0.4419479385261577,0.6255225801074811
v2_convergence,tangent-sample convergence and estimator stability,SU2-HaarU4-brickwork|n12|d72|i7|dir=gaussian|basis=Z|eta=0,SU2-HaarU4-brickwork|n12|d72|i7,SU2-HaarU4-brickwork,12,6.0,32,2,1.0,2.253752739989068e-14,3.175845122088036e-15,2.220446049250313e-14,2.47198095326695e-17,-0.4419479385261577,1.5810807873555186
v2_convergence,tangent-sample convergence and estimator stability,SU2-HaarU4-brickwork|n12|d72|i7|dir=gaussian|basis=Z|eta=0,SU2-HaarU4-brickwork|n12|d72|i7,SU2-HaarU4-brickwork,12,6.0,64,1,1.0,2.253752739989068e-14,3.175845122088036e-15,2.220446049250313e-14,2.47198095326695e-17,-0.4419479385261577,0.4509232773707254
v2_convergence,tangent-sample convergence and estimator stability,SU2-HaarU4-brickwork|n12|d72|i7|dir=gaussian|basis=Z|eta=0,SU2-HaarU4-brickwork|n12|d72|i7,SU2-HaarU4-brickwork,12,6.0,64,2,1.0,2.253752739989068e-14,3.175845122088036e-15,2.220446049250313e-14,2.47198095326695e-17,-0.4419479385261577,1.1394368938665491
v2_convergence,tangent-sample convergence and estimator stability,SU2-HaarU4-brickwork|n12|d72|i7|dir=gaussian|basis=Z|eta=0,SU2-HaarU4-brickwork|n12|d72|i7,SU2-HaarU4-brickwork,12,6.0,128,1,1.0,2.253752739989068e-14,3.175845122088036e-15,2.220446049250313e-14,2.47198095326695e-17,-0.4419479385261577,0.3316568248961624
v2_convergence,tangent-sample convergence and estimator stability,SU2-HaarU4-brickwork|n12|d72|i7|dir=gaussian|basis=Z|eta=0,SU2-HaarU4-brickwork|n12|d72|i7,SU2-HaarU4-brickwork,12,6.0,128,2,1.0,2.253752739989068e-14,3.175845122088036e-15,2.220446049250313e-14,2.47198095326695e-17,-0.4419479385261577,0.8380278667853612
v2_convergence,tangent-sample convergence and estimator stability,SU2-HaarU4-brickwork|n12|d72|i7|dir=gaussian|basis=Z|eta=0,SU2-HaarU4-brickwork|n12|d72|i7,SU2-HaarU4-brickwork,12,6.0,256,1,1.0,2.253752739989068e-14,3.175845122088036e-15,2.220446049250313e-14,2.47198095326695e-17,-0.4419479385261577,0.2510457662924445
v2_convergence,tangent-sample convergence and estimator stability,SU2-HaarU4-brickwork|n12|d72|i7|dir=gaussian|basis=Z|eta=0,SU2-HaarU4-brickwork|n12|d72|i7,SU2-HaarU4-brickwork,12,6.0,256,2,1.0,2.253752739989068e-14,3.175845122088036e-15,2.220446049250313e-14,2.47198095326695e-17,-0.4419479385261577,0.6342760590145085
v2_convergence,tangent-sample convergence and estimator stability,U1-RZ-XY-line|n16|d96|i3|dir=gaussian|basis=Z|eta=0,U1-RZ-XY-line|n16|d96|i3,U1-RZ-XY-line,16,6.0,32,1,1.0,2.886579864025407e-15,1.4437236128816977e-15,3.1086244689504387e-15,5.551115123125783e-17,-0.253989965383143,0.579509762513208
v2_convergence,tangent-sample convergence and estimator stability,U1-RZ-XY-line|n16|d96|i3|dir=gaussian|basis=Z|eta=0,U1-RZ-XY-line|n16|d96|i3,U1-RZ-XY-line,16,6.0,32,2,1.0,2.886579864025407e-15,1.4437236128816977e-15,3.1086244689504387e-15,5.551115123125783e-17,-0.253989965383143,1.8747128227415968
v2_convergence,tangent-sample convergence and estimator stability,U1-RZ-XY-line|n16|d96|i3|dir=gaussian|basis=Z|eta=0,U1-RZ-XY-line|n16|d96|i3,U1-RZ-XY-line,16,6.0,64,1,1.0,2.886579864025407e-15,1.4437236128816977e-15,3.1086244689504387e-15,5.551115123125783e-17,-0.253989965383143,0.4383653617941309
v2_convergence,tangent-sample convergence and estimator stability,U1-RZ-XY-line|n16|d96|i3|dir=gaussian|basis=Z|eta=0,U1-RZ-XY-line|n16|d96|i3,U1-RZ-XY-line,16,6.0,64,2,1.0,2.886579864025407e-15,1.4437236128816977e-15,3.1086244689504387e-15,5.551115123125783e-17,-0.253989965383143,1.4623291752771062
v2_convergence,tangent-sample convergence and estimator stability,U1-RZ-XY-line|n16|d96|i3|dir=gaussian|basis=Z|eta=0,U1-RZ-XY-line|n16|d96|i3,U1-RZ-XY-line,16,6.0,128,1,1.0,2.886579864025407e-15,1.4437236128816977e-15,3.1086244689504387e-15,5.551115123125783e-17,-0.253989965383143,0.3484296182215249
v2_convergence,tangent-sample convergence and estimator stability,U1-RZ-XY-line|n16|d96|i3|dir=gaussian|basis=Z|eta=0,U1-RZ-XY-line|n16|d96|i3,U1-RZ-XY-line,16,6.0,128,2,1.0,2.886579864025407e-15,1.4437236128816977e-15,3.1086244689504387e-15,5.551115123125783e-17,-0.253989965383143,1.1984413364423765
v2_convergence,tangent-sample convergence and estimator stability,U1-RZ-XY-line|n16|d96|i3|dir=gaussian|basis=Z|eta=0,U1-RZ-XY-line|n16|d96|i3,U1-RZ-XY-line,16,6.0,256,1,1.0,2.886579864025407e-15,1.4437236128816977e-15,3.1086244689504387e-15,5.551115123125783e-17,-0.253989965383143,0.2959183558440796
v2_convergence,tangent-sample convergence and estimator stability,U1-RZ-XY-line|n16|d96|i3|dir=gaussian|basis=Z|eta=0,U1-RZ-XY-line|n16|d96|i3,U1-RZ-XY-line,16,6.0,256,2,1.0,2.886579864025407e-15,1.4437236128816977e-15,3.1086244689504387e-15,5.551115123125783e-17,-0.253989965383143,1.0521401228818044
v2_convergence,tangent-sample convergence and estimator stability,SU2-CNOT-line|n12|d72|i0|dir=gaussian|basis=Z|eta=0,SU2-CNOT-line|n12|d72|i0,SU2-CNOT-line,12,6.0,32,1,1.0,2.4424906541753444e-15,3.326548709848398e-16,2.664535259100376e-15,3.079134169858833e-17,-0.4465233033558594,0.6193325686265483
v2_convergence,tangent-sample convergence and estimator stability,SU2-CNOT-line|n12|d72|i0|dir=gaussian|basis=Z|eta=0,SU2-CNOT-line|n12|d72|i0,SU2-CNOT-line,12,6.0,32,2,1.0,2.4424906541753444e-15,3.326548709848398e-16,2.664535259100376e-15,3.079134169858833e-17,-0.4465233033558594,1.5661436076515076
v2_convergence,tangent-sample convergence and estimator stability,SU2-CNOT-line|n12|d72|i0|dir=gaussian|basis=Z|eta=0,SU2-CNOT-line|n12|d72|i0,SU2-CNOT-line,12,6.0,64,1,1.0,2.4424906541753444e-15,3.326548709848398e-16,2.664535259100376e-15,3.079134169858833e-17,-0.4465233033558594,0.4433089714908943
v2_convergence,tangent-sample convergence and estimator stability,SU2-CNOT-line|n12|d72|i0|dir=gaussian|basis=Z|eta=0,SU2-CNOT-line|n12|d72|i0,SU2-CNOT-line,12,6.0,64,2,1.0,2.4424906541753444e-15,3.326548709848398e-16,2.664535259100376e-15,3.079134169858833e-17,-0.4465233033558594,1.1210225353115446
v2_convergence,tangent-sample convergence and estimator stability,SU2-CNOT-line|n12|d72|i0|dir=gaussian|basis=Z|eta=0,SU2-CNOT-line|n12|d72|i0,SU2-CNOT-line,12,6.0,128,1,1.0,2.4424906541753444e-15,3.326548709848398e-16,2.664535259100376e-15,3.079134169858833e-17,-0.4465233033558594,0.3206930585074694
v2_convergence,tangent-sample convergence and estimator stability,SU2-CNOT-line|n12|d72|i0|dir=gaussian|basis=Z|eta=0,SU2-CNOT-line|n12|d72|i0,SU2-CNOT-line,12,6.0,128,2,1.0,2.4424906541753444e-15,3.326548709848398e-16,2.664535259100376e-15,3.079134169858833e-17,-0.4465233033558594,0.8107472053486556
v2_convergence,tangent-sample convergence and estimator stability,SU2-CNOT-line|n12|d72|i0|dir=gaussian|basis=Z|eta=0,SU2-CNOT-line|n12|d72|i0,SU2-CNOT-line,12,6.0,256,1,1.0,2.4424906541753444e-15,3.326548709848398e-16,2.664535259100376e-15,3.079134169858833e-17,-0.4465233033558594,0.236515546682872
v2_convergence,tangent-sample convergence and estimator stability,SU2-CNOT-line|n12|d72|i0|dir=gaussian|basis=Z|eta=0,SU2-CNOT-line|n12|d72|i0,SU2-CNOT-line,12,6.0,256,2,1.0,2.4424906541753444e-15,3.326548709848398e-16,2.664535259100376e-15,3.079134169858833e-17,-0.4465233033558594,0.5979761648200932
v2_convergence,tangent-sample convergence and estimator stability,SU2-HaarU4-brickwork|n16|d96|i0|dir=gaussian|basis=Z|eta=0,SU2-HaarU4-brickwork|n16|d96|i0,SU2-HaarU4-brickwork,16,6.0,32,1,1.0,2.930988785010413e-14,3.894779480159167e-15,3.008704396734174e-14,7.047314121155779e-18,-0.4600489689331755,0.7142032450869293
v2_convergence,tangent-sample convergence and estimator stability,SU2-HaarU4-brickwork|n16|d96|i0|dir=gaussian|basis=Z|eta=0,SU2-HaarU4-brickwork|n16|d96|i0,SU2-HaarU4-brickwork,16,6.0,32,2,1.0,2.930988785010413e-14,3.894779480159167e-15,3.008704396734174e-14,7.047314121155779e-18,-0.4600489689331755,2.080314699881254
v2_convergence,tangent-sample convergence and estimator stability,SU2-HaarU4-brickwork|n16|d96|i0|dir=gaussian|basis=Z|eta=0,SU2-HaarU4-brickwork|n16|d96|i0,SU2-HaarU4-brickwork,16,6.0,64,1,1.0,2.930988785010413e-14,3.894779480159167e-15,3.008704396734174e-14,7.047314121155779e-18,-0.4600489689331755,0.5105332165206868
v2_convergence,tangent-sample convergence and estimator stability,SU2-HaarU4-brickwork|n16|d96|i0|dir=gaussian|basis=Z|eta=0,SU2-HaarU4-brickwork|n16|d96|i0,SU2-HaarU4-brickwork,16,6.0,64,2,1.0,2.930988785010413e-14,3.894779480159167e-15,3.008704396734174e-14,7.047314121155779e-18,-0.4600489689331755,1.4870460477216008
v2_convergence,tangent-sample convergence and estimator stability,SU2-HaarU4-brickwork|n16|d96|i0|dir=gaussian|basis=Z|eta=0,SU2-HaarU4-brickwork|n16|d96|i0,SU2-HaarU4-brickwork,16,6.0,128,1,1.0,2.930988785010413e-14,3.894779480159167e-15,3.008704396734174e-14,7.047314121155779e-18,-0.4600489689331755,0.3687862753891128
v2_convergence,tangent-sample convergence and estimator stability,SU2-HaarU4-brickwork|n16|d96|i0|dir=gaussian|basis=Z|eta=0,SU2-HaarU4-brickwork|n16|d96|i0,SU2-HaarU4-brickwork,16,6.0,128,2,1.0,2.930988785010413e-14,3.894779480159167e-15,3.008704396734174e-14,7.047314121155779e-18,-0.4600489689331755,1.0741628906619702
v2_convergence,tangent-sample convergence and estimator stability,SU2-HaarU4-brickwork|n16|d96|i0|dir=gaussian|basis=Z|eta=0,SU2-HaarU4-brickwork|n16|d96|i0,SU2-HaarU4-brickwork,16,6.0,256,1,1.0,2.930988785010413e-14,3.894779480159167e-15,3.008704396734174e-14,7.047314121155779e-18,-0.4600489689331755,0.2715994718084183
v2_convergence,tangent-sample convergence and estimator stability,SU2-HaarU4-brickwork|n16|d96|i0|dir=gaussian|basis=Z|eta=0,SU2-HaarU4-brickwork|n16|d96|i0,SU2-HaarU4-brickwork,16,6.0,256,2,1.0,2.930988785010413e-14,3.894779480159167e-15,3.008704396734174e-14,7.047314121155779e-18,-0.4600489689331755,0.7910829915370254
v2_convergence,tangent-sample convergence and estimator stability,U1-RZ-XY-line|n16|d96|i4|dir=gaussian|basis=Z|eta=0,U1-RZ-XY-line|n16|d96|i4,U1-RZ-XY-line,16,6.0,32,1,1.0,6.661338147750939e-16,2.424949181165624e-16,3.3306690738754696e-16,4.163336342344337e-17,-0.2546009816822517,0.5889181458856598
v2_convergence,tangent-sample convergence and estimator stability,U1-RZ-XY-line|n16|d96|i4|dir=gaussian|basis=Z|eta=0,U1-RZ-XY-line|n16|d96|i4,U1-RZ-XY-line,16,6.0,32,2,1.0,6.661338147750939e-16,2.424949181165624e-16,3.3306690738754696e-16,4.163336342344337e-17,-0.2546009816822517,1.8609266304616372
v2_convergence,tangent-sample convergence and estimator stability,U1-RZ-XY-line|n16|d96|i4|dir=gaussian|basis=Z|eta=0,U1-RZ-XY-line|n16|d96|i4,U1-RZ-XY-line,16,6.0,64,1,1.0,6.661338147750939e-16,2.424949181165624e-16,3.3306690738754696e-16,4.163336342344337e-17,-0.2546009816822517,0.4348365717627403
v2_convergence,tangent-sample convergence and estimator stability,U1-RZ-XY-line|n16|d96|i4|dir=gaussian|basis=Z|eta=0,U1-RZ-XY-line|n16|d96|i4,U1-RZ-XY-line,16,6.0,64,2,1.0,6.661338147750939e-16,2.424949181165624e-16,3.3306690738754696e-16,4.163336342344337e-17,-0.2546009816822517,1.4263827193315208
v2_convergence,tangent-sample convergence and estimator stability,U1-RZ-XY-line|n16|d96|i4|dir=gaussian|basis=Z|eta=0,U1-RZ-XY-line|n16|d96|i4,U1-RZ-XY-line,16,6.0,128,1,1.0,6.661338147750939e-16,2.424949181165624e-16,3.3306690738754696e-16,4.163336342344337e-17,-0.2546009816822517,0.3437949228025059
v2_convergence,tangent-sample convergence and estimator stability,U1-RZ-XY-line|n16|d96|i4|dir=gaussian|basis=Z|eta=0,U1-RZ-XY-line|n16|d96|i4,U1-RZ-XY-line,16,6.0,128,2,1.0,6.661338147750939e-16,2.424949181165624e-16,3.3306690738754696e-16,4.163336342344337e-17,-0.2546009816822517,1.1739669261124734
v2_convergence,tangent-sample convergence and estimator stability,U1-RZ-XY-line|n16|d96|i4|dir=gaussian|basis=Z|eta=0,U1-RZ-XY-line|n16|d96|i4,U1-RZ-XY-line,16,6.0,256,1,1.0,6.661338147750939e-16,2.424949181165624e-16,3.3306690738754696e-16,4.163336342344337e-17,-0.2546009816822517,0.2960079694781634
v2_convergence,tangent-sample convergence and estimator stability,U1-RZ-XY-line|n16|d96|i4|dir=gaussian|basis=Z|eta=0,U1-RZ-XY-line|n16|d96|i4,U1-RZ-XY-line,16,6.0,256,2,1.0,6.661338147750939e-16,2.424949181165624e-16,3.3306690738754696e-16,4.163336342344337e-17,-0.2546009816822517,1.0452319394050034
v2_convergence,tangent-sample convergence and estimator stability,SU2-CNOT-line|n12|d72|i1|dir=gaussian|basis=Z|eta=0,SU2-CNOT-line|n12|d72|i1,SU2-CNOT-line,12,6.0,32,1,1.0,1.1102230246251563e-15,1.4750314545661624e-16,1.1102230246251563e-15,2.3418766925686896e-17,-0.4632635625298202,0.618280716643508
v2_convergence,tangent-sample convergence and estimator stability,SU2-CNOT-line|n12|d72|i1|dir=gaussian|basis=Z|eta=0,SU2-CNOT-line|n12|d72|i1,SU2-CNOT-line,12,6.0,32,2,1.0,1.1102230246251563e-15,1.4750314545661624e-16,1.1102230246251563e-15,2.3418766925686896e-17,-0.4632635625298202,1.5633280328558916
v2_convergence,tangent-sample convergence and estimator stability,SU2-CNOT-line|n12|d72|i1|dir=gaussian|basis=Z|eta=0,SU2-CNOT-line|n12|d72|i1,SU2-CNOT-line,12,6.0,64,1,1.0,1.1102230246251563e-15,1.4750314545661624e-16,1.1102230246251563e-15,2.3418766925686896e-17,-0.4632635625298202,0.4421610193641799
v2_convergence,tangent-sample convergence and estimator stability,SU2-CNOT-line|n12|d72|i1|dir=gaussian|basis=Z|eta=0,SU2-CNOT-line|n12|d72|i1,SU2-CNOT-line,12,6.0,64,2,1.0,1.1102230246251563e-15,1.4750314545661624e-16,1.1102230246251563e-15,2.3418766925686896e-17,-0.4632635625298202,1.1183924319216831
v2_convergence,tangent-sample convergence and estimator stability,SU2-CNOT-line|n12|d72|i1|dir=gaussian|basis=Z|eta=0,SU2-CNOT-line|n12|d72|i1,SU2-CNOT-line,12,6.0,128,1,1.0,1.1102230246251563e-15,1.4750314545661624e-16,1.1102230246251563e-15,2.3418766925686896e-17,-0.4632635625298202,0.3202787038404944
v2_convergence,tangent-sample convergence and estimator stability,SU2-CNOT-line|n12|d72|i1|dir=gaussian|basis=Z|eta=0,SU2-CNOT-line|n12|d72|i1,SU2-CNOT-line,12,6.0,128,2,1.0,1.1102230246251563e-15,1.4750314545661624e-16,1.1102230246251563e-15,2.3418766925686896e-17,-0.4632635625298202,0.809882029425719
v2_convergence,tangent-sample convergence and estimator stability,SU2-CNOT-line|n12|d72|i1|dir=gaussian|basis=Z|eta=0,SU2-CNOT-line|n12|d72|i1,SU2-CNOT-line,12,6.0,256,1,1.0,1.1102230246251563e-15,1.4750314545661624e-16,1.1102230246251563e-15,2.3418766925686896e-17,-0.4632635625298202,0.2363944670032315
v2_convergence,tangent-sample convergence and estimator stability,SU2-CNOT-line|n12|d72|i1|dir=gaussian|basis=Z|eta=0,SU2-CNOT-line|n12|d72|i1,SU2-CNOT-line,12,6.0,256,2,1.0,1.1102230246251563e-15,1.4750314545661624e-16,1.1102230246251563e-15,2.3418766925686896e-17,-0.4632635625298202,0.597982250112433
v2_convergence,tangent-sample convergence and estimator stability,SU2-HaarU4-brickwork|n16|d96|i1|dir=gaussian|basis=Z|eta=0,SU2-HaarU4-brickwork|n16|d96|i1,SU2-HaarU4-brickwork,16,6.0,32,1,1.0,3.3861802251067274e-14,4.825215568088913e-15,3.3750779948604765e-14,5.3125906451789725e-18,-0.451329116377888,0.7155195500060079
v2_convergence,tangent-sample convergence and estimator stability,SU2-HaarU4-brickwork|n16|d96|i1|dir=gaussian|basis=Z|eta=0,SU2-HaarU4-brickwork|n16|d96|i1,SU2-HaarU4-brickwork,16,6.0,32,2,1.0,3.3861802251067274e-14,4.825215568088913e-15,3.3750779948604765e-14,5.3125906451789725e-18,-0.451329116377888,2.084099910025783
v2_convergence,tangent-sample convergence and estimator stability,SU2-HaarU4-brickwork|n16|d96|i1|dir=gaussian|basis=Z|eta=0,SU2-HaarU4-brickwork|n16|d96|i1,SU2-HaarU4-brickwork,16,6.0,64,1,1.0,3.3861802251067274e-14,4.825215568088913e-15,3.3750779948604765e-14,5.3125906451789725e-18,-0.451329116377888,0.5116102051981968
v2_convergence,tangent-sample convergence and estimator stability,SU2-HaarU4-brickwork|n16|d96|i1|dir=gaussian|basis=Z|eta=0,SU2-HaarU4-brickwork|n16|d96|i1,SU2-HaarU4-brickwork,16,6.0,64,2,1.0,3.3861802251067274e-14,4.825215568088913e-15,3.3750779948604765e-14,5.3125906451789725e-18,-0.451329116377888,1.4901563264373625
v2_convergence,tangent-sample convergence and estimator stability,SU2-HaarU4-brickwork|n16|d96|i1|dir=gaussian|basis=Z|eta=0,SU2-HaarU4-brickwork|n16|d96|i1,SU2-HaarU4-brickwork,16,6.0,128,1,1.0,3.3861802251067274e-14,4.825215568088913e-15,3.3750779948604765e-14,5.3125906451789725e-18,-0.451329116377888,0.3693739629791792
v2_convergence,tangent-sample convergence and estimator stability,SU2-HaarU4-brickwork|n16|d96|i1|dir=gaussian|basis=Z|eta=0,SU2-HaarU4-brickwork|n16|d96|i1,SU2-HaarU4-brickwork,16,6.0,128,2,1.0,3.3861802251067274e-14,4.825215568088913e-15,3.3750779948604765e-14,5.3125906451789725e-18,-0.451329116377888,1.0758408808799012
v2_convergence,tangent-sample convergence and estimator stability,SU2-HaarU4-brickwork|n16|d96|i1|dir=gaussian|basis=Z|eta=0,SU2-HaarU4-brickwork|n16|d96|i1,SU2-HaarU4-brickwork,16,6.0,256,1,1.0,3.3861802251067274e-14,4.825215568088913e-15,3.3750779948604765e-14,5.3125906451789725e-18,-0.451329116377888,0.2722794356770839
v2_convergence,tangent-sample convergence and estimator stability,SU2-HaarU4-brickwork|n16|d96|i1|dir=gaussian|basis=Z|eta=0,SU2-HaarU4-brickwork|n16|d96|i1,SU2-HaarU4-brickwork,16,6.0,256,2,1.0,3.3861802251067274e-14,4.825215568088913e-15,3.3750779948604765e-14,5.3125906451789725e-18,-0.451329116377888,0.7930244429970401
v2_convergence,tangent-sample convergence and estimator stability,U1-RZ-XY-line|n16|d96|i5|dir=gaussian|basis=Z|eta=0,U1-RZ-XY-line|n16|d96|i5,U1-RZ-XY-line,16,6.0,32,1,1.0,1.9984014443252818e-15,4.703184359237124e-16,8.881784197001252e-16,5.551115123125783e-17,-0.2467464211240834,0.593553792289231
v2_convergence,tangent-sample convergence and estimator stability,U1-RZ-XY-line|n16|d96|i5|dir=gaussian|basis=Z|eta=0,U1-RZ-XY-line|n16|d96|i5,U1-RZ-XY-line,16,6.0,32,2,1.0,1.9984014443252818e-15,4.703184359237124e-16,8.881784197001252e-16,5.551115123125783e-17,-0.2467464211240834,1.8890018939264237
v2_convergence,tangent-sample convergence and estimator stability,U1-RZ-XY-line|n16|d96|i5|dir=gaussian|basis=Z|eta=0,U1-RZ-XY-line|n16|d96|i5,U1-RZ-XY-line,16,6.0,64,1,1.0,1.9984014443252818e-15,4.703184359237124e-16,8.881784197001252e-16,5.551115123125783e-17,-0.2467464211240834,0.4262981200247707
v2_convergence,tangent-sample convergence and estimator stability,U1-RZ-XY-line|n16|d96|i5|dir=gaussian|basis=Z|eta=0,U1-RZ-XY-line|n16|d96|i5,U1-RZ-XY-line,16,6.0,64,2,1.0,1.9984014443252818e-15,4.703184359237124e-16,8.881784197001252e-16,5.551115123125783e-17,-0.2467464211240834,1.4256315761691964
v2_convergence,tangent-sample convergence and estimator stability,U1-RZ-XY-line|n16|d96|i5|dir=gaussian|basis=Z|eta=0,U1-RZ-XY-line|n16|d96|i5,U1-RZ-XY-line,16,6.0,128,1,1.0,1.9984014443252818e-15,4.703184359237124e-16,8.881784197001252e-16,5.551115123125783e-17,-0.2467464211240834,0.3434702562862139
v2_convergence,tangent-sample convergence and estimator stability,U1-RZ-XY-line|n16|d96|i5|dir=gaussian|basis=Z|eta=0,U1-RZ-XY-line|n16|d96|i5,U1-RZ-XY-line,16,6.0,128,2,1.0,1.9984014443252818e-15,4.703184359237124e-16,8.881784197001252e-16,5.551115123125783e-17,-0.2467464211240834,1.1782797891169885
v2_convergence,tangent-sample convergence and estimator stability,U1-RZ-XY-line|n16|d96|i5|dir=gaussian|basis=Z|eta=0,U1-RZ-XY-line|n16|d96|i5,U1-RZ-XY-line,16,6.0,256,1,1.0,1.9984014443252818e-15,4.703184359237124e-16,8.881784197001252e-16,5.551115123125783e-17,-0.2467464211240834,0.2968158361288996
v2_convergence,tangent-sample convergence and estimator stability,U1-RZ-XY-line|n16|d96|i5|dir=gaussian|basis=Z|eta=0,U1-RZ-XY-line|n16|d96|i5,U1-RZ-XY-line,16,6.0,256,2,1.0,1.9984014443252818e-15,4.703184359237124e-16,8.881784197001252e-16,5.551115123125783e-17,-0.2467464211240834,1.0474335583621874
