profile,analysis_role,job_id,circuit_id,family,n,depth,depth_factor,instance,direction_sampler,measurement_basis,bitflip_rate,tangents,tangent_count_used,parameter_count,regular_tangents,regular_fraction,support_size,score_dimension,FQ_mean,Ffull_mean,Ffull_over_FQ_mean,pairwise_purity,sample_covariance_purity,deff_pairwise,trC3_u_stat,renyi3_dimension_diag,k,readout_rank,actual_retention,rank_baseline,enhancement,physical_minus_rank_baseline,haar_null_mean,haar_null_std,haar_alignment_z,theorem_rhs_sample,theorem_bound_slack_sample,theorem_rhs_u_stat,theorem_bound_slack_u_stat,crossfit_kyfan,sample_lambda_max,sample_spectrum_rank,state_norm_error,horizontal_overlap_max,probability_sum_error,probability_tangent_sum_max,fisher_violation_max,min_circuits_for_inference,max_relative_ci_halfwidth
v2_directions,dense tangent-ensemble robustness: Gaussian versus Rademacher,SU2-CNOT-line|n8|d48|i0|dir=gaussian|basis=Z|eta=0,SU2-CNOT-line|n8|d48|i0,SU2-CNOT-line,8,48,6.0,0,gaussian,Z,0.0,128,128,1152,128,1.0,256,255,0.972441197801608,0.4781561936446225,0.491719908774985,0.0057345514000767,0.0135022502172636,174.38155667880275,4.021805550181891e-05,157.6846670539617,1,8,0.0312354211550273,0.0313725490196078,0.9956290493164972,-0.0001371278645804,0.0313725490196078,0.0015081799439531,-0.090922747733304,0.2724718141312244,0.272334686266644,0.1185277986539836,0.1183906707894031,,,0,3.996802888650564e-15,5.646631501530517e-16,3.996802888650564e-15,6.938893903907227e-17,-0.3572259161131533,10,0.2
v2_directions,dense tangent-ensemble robustness: Gaussian versus Rademacher,SU2-CNOT-line|n8|d48|i0|dir=gaussian|basis=Z|eta=0,SU2-CNOT-line|n8|d48|i0,SU2-CNOT-line,8,48,6.0,0,gaussian,Z,0.0,128,128,1152,128,1.0,256,255,0.972441197801608,0.4781561936446225,0.491719908774985,0.0057345514000767,0.0135022502172636,174.38155667880275,4.021805550181891e-05,157.6846670539617,2,36,0.1401905271254748,0.1411764705882353,0.9930162338054466,-0.0009859434627604,0.1411764705882353,0.0030125412259273,-0.3272796582084931,0.5442537385969874,0.543267795134227,0.2367554888229043,0.2357695453601438,,,0,3.996802888650564e-15,5.646631501530517e-16,3.996802888650564e-15,6.938893903907227e-17,-0.3572259161131533,10,0.2
v2_directions,dense tangent-ensemble robustness: Gaussian versus Rademacher,SU2-CNOT-line|n12|d72|i6|dir=gaussian|basis=Z|eta=0,SU2-CNOT-line|n12|d72|i6,SU2-CNOT-line,12,72,6.0,6,gaussian,Z,0.0,128,128,2592,128,1.0,4096,4095,0.9930899037854076,0.4912248549767729,0.4946508679274383,0.0010132867962987,0.0088178704932027,986.8874277772824,1.4675023672892505e-06,825.4876775978964,1,12,0.0028258279517561,0.0029304029304029,0.9643137885367796,-0.0001045749786467,0.0029304029304029,0.0001105973814878,-0.9455466055338974,0.3202851093743912,0.3201805343957444,0.0959270234258864,0.0958224484472396,,,0,1.1102230246251563e-16,4.324866022235167e-17,0.0,2.6020852139652106e-17,-0.4440056075814846,10,0.2
v2_directions,dense tangent-ensemble robustness: Gaussian versus Rademacher,SU2-CNOT-line|n12|d72|i6|dir=gaussian|basis=Z|eta=0,SU2-CNOT-line|n12|d72|i6,SU2-CNOT-line,12,72,6.0,6,gaussian,Z,0.0,128,128,2592,128,1.0,4096,4095,0.9930899037854076,0.4912248549767729,0.4946508679274383,0.0010132867962987,0.0088178704932027,986.8874277772824,1.4675023672892505e-06,825.4876775978964,2,78,0.019084640335584,0.019047619047619,1.0019436176181622,3.702128796499379e-05,0.019047619047619,0.000279680861638,0.132369757974013,0.809943365336272,0.809906344048307,0.242582167906636,0.242545146618671,,,0,1.1102230246251563e-16,4.324866022235167e-17,0.0,2.6020852139652106e-17,-0.4440056075814846,10,0.2
v2_directions,dense tangent-ensemble robustness: Gaussian versus Rademacher,SU2-HaarU4-brickwork|n12|d72|i2|dir=gaussian|basis=Z|eta=0,SU2-HaarU4-brickwork|n12|d72|i2,SU2-HaarU4-brickwork,12,72,6.0,2,gaussian,Z,0.0,128,128,2592,128,1.0,4096,4095,0.998823738315005,0.4955651480560937,0.4961223588214535,0.0016255718243231,0.0094253720444456,615.1681427034906,4.1798373822251164e-06,489.1255025510358,1,12,0.0028429528409691,0.0029304029304029,0.9701576569807367,-8.74500894337384e-05,0.0029304029304029,0.000114448607686,-0.7640991987741426,0.3314380895581691,0.3313506394687354,0.1285608154048445,0.1284733653154108,,,0,1.4432899320127035e-14,1.9793225267944333e-15,1.4432899320127035e-14,2.40692882291782e-17,-0.4097369516949926,10,0.2
v2_directions,dense tangent-ensemble robustness: Gaussian versus Rademacher,SU2-HaarU4-brickwork|n12|d72|i2|dir=gaussian|basis=Z|eta=0,SU2-HaarU4-brickwork|n12|d72|i2,SU2-HaarU4-brickwork,12,72,6.0,2,gaussian,Z,0.0,128,128,2592,128,1.0,4096,4095,0.998823738315005,0.4955651480560937,0.4961223588214535,0.0016255718243231,0.0094253720444456,615.1681427034906,4.1798373822251164e-06,489.1255025510358,2,78,0.0182909690163471,0.019047619047619,0.9602758733582238,-0.0007566500312719,0.019047619047619,0.0002894199191725,-2.6143675025382853,0.8381472438157381,0.8373905937844662,0.3251071511965226,0.3243505011652507,,,0,1.4432899320127035e-14,1.9793225267944333e-15,1.4432899320127035e-14,2.40692882291782e-17,-0.4097369516949926,10,0.2
v2_directions,dense tangent-ensemble robustness: Gaussian versus Rademacher,U1-RZ-XY-line|n8|d48|i8|dir=gaussian|basis=Z|eta=0,U1-RZ-XY-line|n8|d48|i8,U1-RZ-XY-line,8,48,6.0,8,gaussian,Z,0.0,128,128,552,128,1.0,70,69,0.7567480446258577,0.3579847018910365,0.4743451079648807,0.0575056915904157,0.0648689283748656,17.38958305418703,0.0041234336473561,15.572935855994304,1,7,0.3868873191965492,0.1014492753623188,3.813603574937413,0.2854380438342303,0.1014492753623188,0.0114568250136047,24.91423614267279,0.5629021569448445,0.2774641131106141,0.5201395447903712,0.2347015009561408,,,0,8.881784197001252e-16,5.315505243189588e-16,8.881784197001252e-16,8.326672684688674e-17,-0.1349371135979392,10,0.2
v2_directions,dense tangent-ensemble robustness: Gaussian versus Rademacher,U1-RZ-XY-line|n8|d48|i8|dir=gaussian|basis=Z|eta=0,U1-RZ-XY-line|n8|d48|i8,U1-RZ-XY-line,8,48,6.0,8,gaussian,Z,0.0,128,128,552,128,1.0,70,69,0.7567480446258577,0.3579847018910365,0.4743451079648807,0.0575056915904157,0.0648689283748656,17.38958305418703,0.0041234336473561,15.572935855994304,2,27,0.6886019108978481,0.391304347826087,1.7597604389611672,0.2972975630717611,0.391304347826087,0.0185193586515275,16.05334011106471,0.9099019071864166,0.6126043441146556,0.8407783803432944,0.5434808172715333,,,0,8.881784197001252e-16,5.315505243189588e-16,8.881784197001252e-16,8.326672684688674e-17,-0.1349371135979392,10,0.2
v2_directions,dense tangent-ensemble robustness: Gaussian versus Rademacher,SU2-CNOT-line|n8|d48|i0|dir=rademacher|basis=Z|eta=0,SU2-CNOT-line|n8|d48|i0,SU2-CNOT-line,8,48,6.0,0,rademacher,Z,0.0,128,128,1152,128,1.0,256,255,0.976186083880902,0.4816728326661667,0.4936562399592915,0.0058537680927826,0.0136205355295578,170.83013610206703,4.341266357073414e-05,151.77204421387944,1,8,0.0305445710386268,0.0313725490196078,0.9736082018562322,-0.0008279779809809,0.0313725490196078,0.0015174615529359,-0.5456335808831437,0.2741486543834336,0.2733206764024527,0.1223627865942879,0.1215348086133069,,,0,3.552713678800501e-15,6.059415733233703e-16,3.552713678800501e-15,5.637851296924623e-17,-0.3759324107639721,10,0.2
v2_directions,dense tangent-ensemble robustness: Gaussian versus Rademacher,SU2-CNOT-line|n8|d48|i0|dir=rademacher|basis=Z|eta=0,SU2-CNOT-line|n8|d48|i0,SU2-CNOT-line,8,48,6.0,0,rademacher,Z,0.0,128,128,1152,128,1.0,256,255,0.976186083880902,0.4816728326661667,0.4936562399592915,0.0058537680927826,0.0136205355295578,170.83013610206703,4.341266357073414e-05,151.77204421387944,2,36,0.1353997367284885,0.1411764705882353,0.9590814684934604,-0.0057767338597467,0.1411764705882353,0.0030310809431644,-1.9058329249749089,0.5476031733970774,0.5418264395373307,0.2444157546402698,0.238639020780523,,,0,3.552713678800501e-15,6.059415733233703e-16,3.552713678800501e-15,5.637851296924623e-17,-0.3759324107639721,10,0.2
v2_directions,dense tangent-ensemble robustness: Gaussian versus Rademacher,SU2-CNOT-line|n12|d72|i6|dir=rademacher|basis=Z|eta=0,SU2-CNOT-line|n12|d72|i6,SU2-CNOT-line,12,72,6.0,6,rademacher,Z,0.0,128,128,2592,128,1.0,4096,4095,0.99231425076451,0.4915855782028115,0.4954083942742382,0.0010101077165319,0.0088147162499965,989.9934270706772,1.459087669300994e-06,827.8645887076293,1,12,0.0027770333942431,0.0029304029304029,0.9476626457854802,-0.0001533695361597,0.0029304029304029,0.000110577035293,-1.386992658586908,0.3202261876969686,0.3200728181608088,0.0957285571705977,0.0955751876344379,,,0,2.220446049250313e-16,6.657566371588431e-17,3.3306690738754696e-16,2.775557561562892e-17,-0.4594331474115117,10,0.2
v2_directions,dense tangent-ensemble robustness: Gaussian versus Rademacher,SU2-CNOT-line|n12|d72|i6|dir=rademacher|basis=Z|eta=0,SU2-CNOT-line|n12|d72|i6,SU2-CNOT-line,12,72,6.0,6,rademacher,Z,0.0,128,128,2592,128,1.0,4096,4095,0.99231425076451,0.4915855782028115,0.4954083942742382,0.0010101077165319,0.0088147162499965,989.9934270706772,1.459087669300994e-06,827.8645887076293,2,78,0.0191295082753847,0.019047619047619,1.004299184457701,8.188922776573154e-05,0.019047619047619,0.0002796294097752,0.2928491242446616,0.8097943630245623,0.8097124737967966,0.2420802824863983,0.2419983932586326,,,0,2.220446049250313e-16,6.657566371588431e-17,3.3306690738754696e-16,2.775557561562892e-17,-0.4594331474115117,10,0.2
v2_directions,dense tangent-ensemble robustness: Gaussian versus Rademacher,SU2-HaarU4-brickwork|n12|d72|i2|dir=rademacher|basis=Z|eta=0,SU2-HaarU4-brickwork|n12|d72|i2,SU2-HaarU4-brickwork,12,72,6.0,2,rademacher,Z,0.0,128,128,2592,128,1.0,4096,4095,0.9955562336653762,0.493748986427205,0.4959742818972588,0.0016702833346776,0.0094697342461254,598.7008187404407,4.402921616302179e-06,476.5730977279623,1,12,0.0028155106004944,0.0029304029304029,0.9607929924187176,-0.0001148923299085,0.0029304029304029,0.0001147247747167,-1.0014604970212362,0.3322378570250794,0.3321229646951709,0.13062484108668,0.1305099487567715,,,0,1.5099033134902132e-14,2.301978052621223e-15,1.5099033134902132e-14,2.949029909160572e-17,-0.4413357315116297,10,0.2
v2_directions,dense tangent-ensemble robustness: Gaussian versus Rademacher,SU2-HaarU4-brickwork|n12|d72|i2|dir=rademacher|basis=Z|eta=0,SU2-HaarU4-brickwork|n12|d72|i2,SU2-HaarU4-brickwork,12,72,6.0,2,rademacher,Z,0.0,128,128,2592,128,1.0,4096,4095,0.9955562336653762,0.493748986427205,0.4959742818972588,0.0016702833346776,0.0094697342461254,598.7008187404407,4.402921616302179e-06,476.5730977279623,2,78,0.0186147450874877,0.019047619047619,0.9772741170931092,-0.0004328739601312,0.019047619047619,0.0002901182958616,-1.4920601916733045,0.840169711719104,0.8397368377589728,0.3303267004604637,0.3298938265003324,,,0,1.5099033134902132e-14,2.301978052621223e-15,1.5099033134902132e-14,2.949029909160572e-17,-0.4413357315116297,10,0.2
v2_directions,dense tangent-ensemble robustness: Gaussian versus Rademacher,U1-RZ-XY-line|n8|d48|i8|dir=rademacher|basis=Z|eta=0,U1-RZ-XY-line|n8|d48|i8,U1-RZ-XY-line,8,48,6.0,8,rademacher,Z,0.0,128,128,552,128,1.0,70,69,0.776365764794893,0.3604445883207938,0.4657847268204206,0.0601514497534698,0.0674940165522708,16.62470321328066,0.0043877552869123,15.09658793044526,1,7,0.3916566428664876,0.1014492753623188,3.860615479683949,0.2902073675041687,0.1014492753623188,0.0117515403365814,24.69526199904024,0.5773822498843162,0.2871748823801474,0.5358979207434308,0.245690553239262,,,0,6.661338147750939e-16,1.874785894044092e-16,4.440892098500626e-16,5.551115123125783e-17,-0.1703805475066236,10,0.2
v2_directions,dense tangent-ensemble robustness: Gaussian versus Rademacher,U1-RZ-XY-line|n8|d48|i8|dir=rademacher|basis=Z|eta=0,U1-RZ-XY-line|n8|d48|i8,U1-RZ-XY-line,8,48,6.0,8,rademacher,Z,0.0,128,128,552,128,1.0,70,69,0.776365764794893,0.3604445883207938,0.4657847268204206,0.0601514497534698,0.0674940165522708,16.62470321328066,0.0043877552869123,15.09658793044526,2,27,0.6889310016408041,0.391304347826087,1.7606014486376105,0.2976266538147171,0.391304347826087,0.0189957505628838,15.668064961658056,0.9333082203783428,0.6356815665636257,0.866250971195801,0.5686243173810839,,,0,6.661338147750939e-16,1.874785894044092e-16,4.440892098500626e-16,5.551115123125783e-17,-0.1703805475066236,10,0.2
v2_directions,dense tangent-ensemble robustness: Gaussian versus Rademacher,SU2-CNOT-line|n8|d48|i5|dir=gaussian|basis=Z|eta=0,SU2-CNOT-line|n8|d48|i5,SU2-CNOT-line,8,48,6.0,5,gaussian,Z,0.0,128,128,1152,128,1.0,256,255,0.9785512942247312,0.4794991224519271,0.4901672681058234,0.0058016529946333,0.0135688275806128,172.36466933217375,4.170949766159411e-05,154.8397709922314,1,8,0.0308383482453917,0.0313725490196078,0.982972350321862,-0.000534200774216,0.0313725490196078,0.0015134111378468,-0.3529779587694286,0.2734168955825359,0.2728826948083198,0.1207013281853014,0.1201671274110853,,,0,1.7763568394002505e-15,2.96962163573356e-16,1.7763568394002505e-15,5.2041704279304207e-17,-0.381696283915203,10,0.2
v2_directions,dense tangent-ensemble robustness: Gaussian versus Rademacher,SU2-CNOT-line|n8|d48|i5|dir=gaussian|basis=Z|eta=0,SU2-CNOT-line|n8|d48|i5,SU2-CNOT-line,8,48,6.0,5,gaussian,Z,0.0,128,128,1152,128,1.0,256,255,0.9785512942247312,0.4794991224519271,0.4901672681058234,0.0058016529946333,0.0135688275806128,172.36466933217375,4.170949766159411e-05,154.8397709922314,2,36,0.1412729659109537,0.1411764705882353,1.000683508535922,9.649532271840956e-05,0.1411764705882353,0.0030229903685038,0.0319204863249923,0.5461415085844813,0.5460450132617629,0.2410970445803045,0.2410005492575861,,,0,1.7763568394002505e-15,2.96962163573356e-16,1.7763568394002505e-15,5.2041704279304207e-17,-0.381696283915203,10,0.2
v2_directions,dense tangent-ensemble robustness: Gaussian versus Rademacher,SU2-HaarU4-brickwork|n8|d48|i1|dir=gaussian|basis=Z|eta=0,SU2-HaarU4-brickwork|n8|d48|i1,SU2-HaarU4-brickwork,8,48,6.0,1,gaussian,Z,0.0,128,128,1152,128,1.0,256,255,0.9786077122472184,0.4826805286539991,0.4933688561940367,0.0075947117502869,0.0153478780647378,131.67056668901492,8.311329618207583e-05,109.6894217084034,1,8,0.0305001862653606,0.0313725490196078,0.9721934372083694,-0.0008723627542472,0.0313725490196078,0.0016470544179257,-0.5296502318034132,0.2975612472665396,0.2966888845122923,0.1687105748946103,0.167838212140363,,,0,1.1768364061026661e-14,2.959489091416648e-15,1.1879386363489175e-14,5.551115123125783e-17,-0.3566271441681013,10,0.2
v2_directions,dense tangent-ensemble robustness: Gaussian versus Rademacher,SU2-HaarU4-brickwork|n8|d48|i1|dir=gaussian|basis=Z|eta=0,SU2-HaarU4-brickwork|n8|d48|i1,SU2-HaarU4-brickwork,8,48,6.0,1,gaussian,Z,0.0,128,128,1152,128,1.0,256,255,0.9786077122472184,0.4826805286539991,0.4933688561940367,0.0075947117502869,0.0153478780647378,131.67056668901492,8.311329618207583e-05,109.6894217084034,2,36,0.1398624665812575,0.1411764705882353,0.990692471617241,-0.0013140040069777,0.1411764705882353,0.0032899385482752,-0.3994007753325976,0.5943690792486926,0.593055075241715,0.3369939801663921,0.3356799761594143,,,0,1.1768364061026661e-14,2.959489091416648e-15,1.1879386363489175e-14,5.551115123125783e-17,-0.3566271441681013,10,0.2
v2_directions,dense tangent-ensemble robustness: Gaussian versus Rademacher,SU2-HaarU4-brickwork|n12|d72|i7|dir=gaussian|basis=Z|eta=0,SU2-HaarU4-brickwork|n12|d72|i7,SU2-HaarU4-brickwork,12,72,6.0,7,gaussian,Z,0.0,128,128,2592,128,1.0,4096,4095,0.9955693572612608,0.4938813736009029,0.4961210203562027,0.0016183001812433,0.0094181572110774,617.9323289895924,4.024032695559128e-06,498.5046912204084,1,12,0.0027820748850405,0.0029304029304029,0.9493830545200947,-0.0001483280453623,0.0029304029304029,0.0001144036303163,-1.2965326795334444,0.3313078370910904,0.331159509045728,0.1282219920556979,0.1280736640103356,,,0,1.9095836023552686e-14,3.171075411161946e-15,1.8540724511240114e-14,2.6454533008646308e-17,-0.4447733514847522,10,0.2
v2_directions,dense tangent-ensemble robustness: Gaussian versus Rademacher,SU2-HaarU4-brickwork|n12|d72|i7|dir=gaussian|basis=Z|eta=0,SU2-HaarU4-brickwork|n12|d72|i7,SU2-HaarU4-brickwork,12,72,6.0,7,gaussian,Z,0.0,128,128,2592,128,1.0,4096,4095,0.9955693572612608,0.4938813736009029,0.4961210203562027,0.0016183001812433,0.0094181572110774,617.9323289895924,4.024032695559128e-06,498.5046912204084,2,78,0.018702291766186,0.019047619047619,0.9818703177247694,-0.0003453272814329,0.019047619047619,0.0002893061795038,-1.1936394930283991,0.8378178587820873,0.8374725315006543,0.3242503279611299,0.323905000679697,,,0,1.9095836023552686e-14,3.171075411161946e-15,1.8540724511240114e-14,2.6454533008646308e-17,-0.4447733514847522,10,0.2
v2_directions,dense tangent-ensemble robustness: Gaussian versus Rademacher,U1-RZ-XY-line|n12|d72|i1|dir=gaussian|basis=Z|eta=0,U1-RZ-XY-line|n12|d72|i1,U1-RZ-XY-line,12,72,6.0,1,gaussian,Z,0.0,128,128,1260,128,1.0,924,923,0.7441539977408207,0.3360391387459249,0.452797735371571,0.0248512712559941,0.0324696206993067,40.239390158312254,0.0007668308411835,36.11188962050781,1,11,0.2670519699001914,0.0119176598049837,22.40808801980697,0.2551343100952076,0.0119176598049837,0.0008944188241235,285.2514987542036,0.5840664497077488,0.3289321396125411,0.5082622311997282,0.2531279211045206,,,0,1.1102230246251563e-15,5.95041128658653e-16,1.1102230246251563e-15,4.163336342344337e-17,-0.1847534140353992,10,0.2
v2_directions,dense tangent-ensemble robustness: Gaussian versus Rademacher,U1-RZ-XY-line|n12|d72|i1|dir=gaussian|basis=Z|eta=0,U1-RZ-XY-line|n12|d72|i1,U1-RZ-XY-line,12,72,6.0,1,gaussian,Z,0.0,128,128,1260,128,1.0,924,923,0.7441539977408207,0.3360391387459249,0.452797735371571,0.0248512712559941,0.0324696206993067,40.239390158312254,0.0007668308411835,36.11188962050781,2,65,0.5193513285455656,0.0704225352112676,7.374788865347032,0.448928793334298,0.0704225352112676,0.002108858747297,212.8776021199592,1.3771105976843974,0.9281818043500992,1.1983795770808117,0.7494507837465136,,,0,1.1102230246251563e-15,5.95041128658653e-16,1.1102230246251563e-15,4.163336342344337e-17,-0.1847534140353992,10,0.2
v2_directions,dense tangent-ensemble robustness: Gaussian versus Rademacher,SU2-CNOT-line|n8|d48|i5|dir=rademacher|basis=Z|eta=0,SU2-CNOT-line|n8|d48|i5,SU2-CNOT-line,8,48,6.0,5,rademacher,Z,0.0,128,128,1152,128,1.0,256,255,0.9966448696259425,0.4846544009378601,0.4864869789585989,0.0058671247834988,0.0136337878711277,170.44123602287826,4.316384222980352e-05,152.20886649788352,1,8,0.0302042823267292,0.0313725490196078,0.962761499164494,-0.0011682666928786,0.0313725490196078,0.0015184979032159,-0.7693568034597925,0.2743358841911181,0.2731676174982395,0.1227849860584533,0.1216167193655747,,,0,1.7763568394002505e-15,3.036212121942574e-16,1.7763568394002505e-15,5.2041704279304207e-17,-0.3452515377165606,10,0.2
v2_directions,dense tangent-ensemble robustness: Gaussian versus Rademacher,SU2-CNOT-line|n8|d48|i5|dir=rademacher|basis=Z|eta=0,SU2-CNOT-line|n8|d48|i5,SU2-CNOT-line,8,48,6.0,5,rademacher,Z,0.0,128,128,1152,128,1.0,256,255,0.9966448696259425,0.4846544009378601,0.4864869789585989,0.0058671247834988,0.0136337878711277,170.44123602287826,4.316384222980352e-05,152.20886649788352,2,36,0.136154592872557,0.1411764705882353,0.964428366180612,-0.0050218777156783,0.1411764705882353,0.0030331510197195,-1.6556635930849897,0.5479771589527358,0.5429552812370575,0.2452590845734533,0.240237206857775,,,0,1.7763568394002505e-15,3.036212121942574e-16,1.7763568394002505e-15,5.2041704279304207e-17,-0.3452515377165606,10,0.2
v2_directions,dense tangent-ensemble robustness: Gaussian versus Rademacher,SU2-HaarU4-brickwork|n8|d48|i1|dir=rademacher|basis=Z|eta=0,SU2-HaarU4-brickwork|n8|d48|i1,SU2-HaarU4-brickwork,8,48,6.0,1,rademacher,Z,0.0,128,128,1152,128,1.0,256,255,0.9604390207280772,0.4730134743962039,0.4928177243570903,0.0073304422738685,0.0150856731936039,136.4174169360545,7.453428810203282e-05,115.83023731212506,1,8,0.0303353013228807,0.0313725490196078,0.9669377296668236,-0.0010372476967271,0.0313725490196078,0.0016280468769951,-0.6371116897085378,0.2941272941893189,0.2930900464925918,0.1625282397823503,0.1614909920856232,,,0,1.1768364061026661e-14,3.004541561178011e-15,1.1879386363489175e-14,6.765421556309548e-17,-0.3435367210959247,10,0.2
v2_directions,dense tangent-ensemble robustness: Gaussian versus Rademacher,SU2-HaarU4-brickwork|n8|d48|i1|dir=rademacher|basis=Z|eta=0,SU2-HaarU4-brickwork|n8|d48|i1,SU2-HaarU4-brickwork,8,48,6.0,1,rademacher,Z,0.0,128,128,1152,128,1.0,256,255,0.9604390207280772,0.4730134743962039,0.4928177243570903,0.0073304422738685,0.0150856731936039,136.4174169360545,7.453428810203282e-05,115.83023731212506,2,36,0.1376620070821511,0.1411764705882353,0.9751058834985706,-0.0035144635060841,0.1411764705882353,0.003251971592882,-1.0807177755724124,0.5875098677504205,0.5839954042443363,0.324644963410896,0.3211304999048118,,,0,1.1768364061026661e-14,3.004541561178011e-15,1.1879386363489175e-14,6.765421556309548e-17,-0.3435367210959247,10,0.2
v2_directions,dense tangent-ensemble robustness: Gaussian versus Rademacher,SU2-HaarU4-brickwork|n12|d72|i7|dir=rademacher|basis=Z|eta=0,SU2-HaarU4-brickwork|n12|d72|i7,SU2-HaarU4-brickwork,12,72,6.0,7,rademacher,Z,0.0,128,128,2592,128,1.0,4096,4095,0.9880757382028869,0.4906456843728868,0.4965448020008638,0.0016008049529002,0.0094007986642057,624.6857233845061,3.647102319259271e-06,523.6318156163723,1,12,0.0028483620619777,0.0029304029304029,0.9720035536499242,-8.204086842513066e-05,0.0029304029304029,0.0001142953443784,-0.7177971147578265,0.3309942458200077,0.3309122049515826,0.1274031071969397,0.1273210663285146,,,0,1.9095836023552686e-14,2.803327930863436e-15,1.8540724511240114e-14,2.775557561562892e-17,-0.4433496673910381,10,0.2
v2_directions,dense tangent-ensemble robustness: Gaussian versus Rademacher,SU2-HaarU4-brickwork|n12|d72|i7|dir=rademacher|basis=Z|eta=0,SU2-HaarU4-brickwork|n12|d72|i7,SU2-HaarU4-brickwork,12,72,6.0,7,rademacher,Z,0.0,128,128,2592,128,1.0,4096,4095,0.9880757382028869,0.4906456843728868,0.4965448020008638,0.0016008049529002,0.0094007986642057,624.6857233845061,3.647102319259271e-06,523.6318156163723,2,78,0.0183914012147168,0.019047619047619,0.9655485637726337,-0.0006562178329022,0.019047619047619,0.000289032343867,-2.270395846093152,0.8370248429283783,0.836368625095476,0.3221795156164004,0.3215232977834982,,,0,1.9095836023552686e-14,2.803327930863436e-15,1.8540724511240114e-14,2.775557561562892e-17,-0.4433496673910381,10,0.2
v2_directions,dense tangent-ensemble robustness: Gaussian versus Rademacher,U1-RZ-XY-line|n12|d72|i1|dir=rademacher|basis=Z|eta=0,U1-RZ-XY-line|n12|d72|i1,U1-RZ-XY-line,12,72,6.0,1,rademacher,Z,0.0,128,128,1260,128,1.0,924,923,0.7374941081073159,0.3343328552291883,0.4554088904389648,0.0237847248698106,0.0314114067067652,42.04379094034747,0.0006839302858698,38.23790432211572,1,11,0.2882935679594462,0.0119176598049837,24.19045120241535,0.2763759081544624,0.0119176598049837,0.0008792114732875,314.3452019808432,0.5741358633061181,0.2977599551516556,0.4967275948878532,0.2203516867333907,,,0,1.1102230246251563e-15,5.083156056795922e-16,1.1102230246251563e-15,6.938893903907227e-17,-0.2074241850978582,10,0.2
v2_directions,dense tangent-ensemble robustness: Gaussian versus Rademacher,U1-RZ-XY-line|n12|d72|i1|dir=rademacher|basis=Z|eta=0,U1-RZ-XY-line|n12|d72|i1,U1-RZ-XY-line,12,72,6.0,1,rademacher,Z,0.0,128,128,1260,128,1.0,924,923,0.7374941081073159,0.3343328552291883,0.4554088904389648,0.0237847248698106,0.0314114067067652,42.04379094034747,0.0006839302858698,38.23790432211572,2,65,0.5403926981531594,0.0704225352112676,7.673576313774863,0.4699701629418917,0.0704225352112676,0.0020730028887567,226.70984468514283,1.3536962827862395,0.8837261198443478,1.1711832368125656,0.7012130738706739,,,0,1.1102230246251563e-15,5.083156056795922e-16,1.1102230246251563e-15,6.938893903907227e-17,-0.2074241850978582,10,0.2
v2_directions,dense tangent-ensemble robustness: Gaussian versus Rademacher,SU2-CNOT-line|n8|d48|i6|dir=gaussian|basis=Z|eta=0,SU2-CNOT-line|n8|d48|i6,SU2-CNOT-line,8,48,6.0,6,gaussian,Z,0.0,128,128,1152,128,1.0,256,255,0.9935184268076762,0.4900199126634843,0.4934050401403752,0.0059181334395197,0.0136843980220234,168.97219540915876,4.576179362936425e-05,147.82520191439468,1,8,0.0286998473531553,0.0313725490196078,0.9148076343818276,-0.0026727016664524,0.0313725490196078,0.001522449191195,-1.755527660239684,0.2750497344237391,0.2723770327572867,0.1243841624848203,0.1217114608183678,,,0,1.3322676295501878e-15,1.6693985127249423e-16,1.1102230246251563e-15,3.816391647148976e-17,-0.4089198781356503,10,0.2
v2_directions,dense tangent-ensemble robustness: Gaussian versus Rademacher,SU2-CNOT-line|n8|d48|i6|dir=gaussian|basis=Z|eta=0,SU2-CNOT-line|n8|d48|i6,SU2-CNOT-line,8,48,6.0,6,gaussian,Z,0.0,128,128,1152,128,1.0,256,255,0.9935184268076762,0.4900199126634843,0.4934050401403752,0.0059181334395197,0.0136843980220234,168.97219540915876,4.576179362936425e-05,147.82520191439468,2,36,0.1365162025748097,0.1411764705882353,0.9669897682382356,-0.0046602680134255,0.1411764705882353,0.0030410435911466,-1.5324568273183916,0.5494030519726839,0.5447427839592583,0.2484533883641096,0.243793120350684,,,0,1.3322676295501878e-15,1.6693985127249423e-16,1.1102230246251563e-15,3.816391647148976e-17,-0.4089198781356503,10,0.2
v2_directions,dense tangent-ensemble robustness: Gaussian versus Rademacher,SU2-HaarU4-brickwork|n8|d48|i2|dir=gaussian|basis=Z|eta=0,SU2-HaarU4-brickwork|n8|d48|i2,SU2-HaarU4-brickwork,8,48,6.0,2,gaussian,Z,0.0,128,128,1152,128,1.0,256,255,0.9618744256508808,0.481260654722734,0.4997739032616066,0.0076483661231615,0.0154011132628243,130.74687899310928,8.254524019805118e-05,110.06620236509012,1,8,0.0314363869184881,0.0313725490196078,1.00203483302681,6.383789888031455e-05,0.0313725490196078,0.0016508867742562,0.0386688535372599,0.2982536109900746,0.2981897730911943,0.1699383031241689,0.1698744652252886,,,0,3.885780586188048e-15,9.454306603436376e-16,3.885780586188048e-15,4.6837533851373785e-17,-0.3447763168772987,10,0.2
v2_directions,dense tangent-ensemble robustness: Gaussian versus Rademacher,SU2-HaarU4-brickwork|n8|d48|i2|dir=gaussian|basis=Z|eta=0,SU2-HaarU4-brickwork|n8|d48|i2,SU2-HaarU4-brickwork,8,48,6.0,2,gaussian,Z,0.0,128,128,1152,128,1.0,256,255,0.9618744256508808,0.481260654722734,0.4997739032616066,0.0076483661231615,0.0154011132628243,130.74687899310928,8.254524019805118e-05,110.06620236509012,2,36,0.1413370104430513,0.1411764705882353,1.001137157304947,0.000160539854816,0.1411764705882353,0.003297593557536,0.0486839424007102,0.5957520536536026,0.5955915137987866,0.3394463280580406,0.3392857882032245,,,0,3.885780586188048e-15,9.454306603436376e-16,3.885780586188048e-15,4.6837533851373785e-17,-0.3447763168772987,10,0.2
v2_directions,dense tangent-ensemble robustness: Gaussian versus Rademacher,SU2-HaarU4-brickwork|n12|d72|i8|dir=gaussian|basis=Z|eta=0,SU2-HaarU4-brickwork|n12|d72|i8,SU2-HaarU4-brickwork,12,72,6.0,8,gaussian,Z,0.0,128,128,2592,128,1.0,4096,4095,0.9943641152801248,0.4944932226555698,0.4972745628794306,0.0016371562829349,0.0094368659994745,610.8152351877366,4.248481460985759e-06,485.15793208076224,1,12,0.0026328674228101,0.0029304029304029,0.8984660080339729,-0.0002975355075927,0.0029304029304029,0.0001145202246716,-2.5981044697194515,0.3316454891707135,0.3313479536631208,0.1290987583027918,0.128801222795199,,,0,1.121325254871408e-14,1.3461456967915228e-15,1.1324274851176595e-14,1.7780915628762273e-17,-0.447597792666752,10,0.2
v2_directions,dense tangent-ensemble robustness: Gaussian versus Rademacher,SU2-HaarU4-brickwork|n12|d72|i8|dir=gaussian|basis=Z|eta=0,SU2-HaarU4-brickwork|n12|d72|i8,SU2-HaarU4-brickwork,12,72,6.0,8,gaussian,Z,0.0,128,128,2592,128,1.0,4096,4095,0.9943641152801248,0.4944932226555698,0.4972745628794306,0.0016371562829349,0.0094368659994745,610.8152351877366,4.248481460985759e-06,485.15793208076224,2,78,0.018502278143162,0.019047619047619,0.9713696025160082,-0.0005453409044569,0.019047619047619,0.0002896010256325,-1.8830765646148384,0.838671720087775,0.838126379183318,0.3264675119138011,0.3259221710093442,,,0,1.121325254871408e-14,1.3461456967915228e-15,1.1324274851176595e-14,1.7780915628762273e-17,-0.447597792666752,10,0.2
v2_directions,dense tangent-ensemble robustness: Gaussian versus Rademacher,U1-RZ-XY-line|n12|d72|i2|dir=gaussian|basis=Z|eta=0,U1-RZ-XY-line|n12|d72|i2,U1-RZ-XY-line,12,72,6.0,2,gaussian,Z,0.0,128,128,1260,128,1.0,924,923,0.7678467236028389,0.3584343228096604,0.4687229035406103,0.0254390222482408,0.0330527798869264,39.30968691491876,0.0008323538160038,34.661393002047134,1,11,0.3120494398293115,0.0119176598049837,26.1837848147686,0.3001317800243278,0.0119176598049837,0.0009026897849128,332.4860711183482,0.5894674884309729,0.2893357084066451,0.5145082174258322,0.2143764374015044,,,0,8.881784197001252e-16,3.74701274700546e-16,8.881784197001252e-16,1.1102230246251563e-16,-0.1980734570322271,10,0.2
v2_directions,dense tangent-ensemble robustness: Gaussian versus Rademacher,U1-RZ-XY-line|n12|d72|i2|dir=gaussian|basis=Z|eta=0,U1-RZ-XY-line|n12|d72|i2,U1-RZ-XY-line,12,72,6.0,2,gaussian,Z,0.0,128,128,1260,128,1.0,924,923,0.7678467236028389,0.3584343228096604,0.4687229035406103,0.0254390222482408,0.0330527798869264,39.30968691491876,0.0008323538160038,34.661393002047134,2,65,0.5585772185662846,0.0704225352112676,7.931796503641241,0.488154683355017,0.0704225352112676,0.0021283600005562,229.35719672773044,1.389845154973174,0.9016904716181572,1.2131063497438577,0.7249516663888407,,,0,8.881784197001252e-16,3.74701274700546e-16,8.881784197001252e-16,1.1102230246251563e-16,-0.1980734570322271,10,0.2
v2_directions,dense tangent-ensemble robustness: Gaussian versus Rademacher,SU2-CNOT-line|n8|d48|i6|dir=rademacher|basis=Z|eta=0,SU2-CNOT-line|n8|d48|i6,SU2-CNOT-line,8,48,6.0,6,rademacher,Z,0.0,128,128,1152,128,1.0,256,255,0.9792187040856818,0.4826800055425969,0.4928853238641041,0.0060416210545741,0.0138069208900852,165.51849097567865,4.7910991902059465e-05,144.47157883138064,1,8,0.0299002490386816,0.0313725490196078,0.9530704381079764,-0.0014722999809262,0.0313725490196078,0.0015319727231412,-0.9610484303580068,0.2767702811242379,0.2752979811433117,0.1281730386135587,0.1267007386326324,,,0,1.3322676295501878e-15,1.8738225716062288e-16,1.1102230246251563e-15,4.510281037539698e-17,-0.3698882057782241,10,0.2
v2_directions,dense tangent-ensemble robustness: Gaussian versus Rademacher,SU2-CNOT-line|n8|d48|i6|dir=rademacher|basis=Z|eta=0,SU2-CNOT-line|n8|d48|i6,SU2-CNOT-line,8,48,6.0,6,rademacher,Z,0.0,128,128,1152,128,1.0,256,255,0.9792187040856818,0.4826800055425969,0.4928853238641041,0.0060416210545741,0.0138069208900852,165.51849097567865,4.7910991902059465e-05,144.47157883138064,2,36,0.1384022279065776,0.1411764705882353,0.9803491143382582,-0.0027742426816576,0.1411764705882353,0.0030600665417697,-0.9065955409104384,0.5528397890060645,0.5500655463244069,0.2560215473119325,0.2532473046302748,,,0,1.3322676295501878e-15,1.8738225716062288e-16,1.1102230246251563e-15,4.510281037539698e-17,-0.3698882057782241,10,0.2
v2_directions,dense tangent-ensemble robustness: Gaussian versus Rademacher,SU2-HaarU4-brickwork|n8|d48|i2|dir=rademacher|basis=Z|eta=0,SU2-HaarU4-brickwork|n8|d48|i2,SU2-HaarU4-brickwork,8,48,6.0,2,rademacher,Z,0.0,128,128,1152,128,1.0,256,255,0.9780831012116118,0.4835849228191718,0.4944243223087692,0.0074595689502832,0.0152137910678591,134.05600332470033,7.764706532171125e-05,113.48474259114695,1,8,0.0319762076398177,0.0313725490196078,1.019241618519191,0.0006036586202099,0.0313725490196078,0.0016373618604798,0.3686775872701688,0.2958101639681252,0.2952065053479152,0.1655778785773705,0.1649742199571606,,,0,3.885780586188048e-15,8.188450671059358e-16,3.885780586188048e-15,4.8572257327350605e-17,-0.3684993000806743,10,0.2
v2_directions,dense tangent-ensemble robustness: Gaussian versus Rademacher,SU2-HaarU4-brickwork|n8|d48|i2|dir=rademacher|basis=Z|eta=0,SU2-HaarU4-brickwork|n8|d48|i2,SU2-HaarU4-brickwork,8,48,6.0,2,rademacher,Z,0.0,128,128,1152,128,1.0,256,255,0.9780831012116118,0.4835849228191718,0.4944243223087692,0.0074595689502832,0.0152137910678591,134.05600332470033,7.764706532171125e-05,113.48474259114695,2,36,0.1407750374367046,0.1411764705882353,0.997156515176658,-0.0004014331515306,0.1411764705882353,0.0032705779746198,-0.1227407371558809,0.5908713463371418,0.5904699131856112,0.3307365194158806,0.33033508626435,,,0,3.885780586188048e-15,8.188450671059358e-16,3.885780586188048e-15,4.8572257327350605e-17,-0.3684993000806743,10,0.2
v2_directions,dense tangent-ensemble robustness: Gaussian versus Rademacher,SU2-HaarU4-brickwork|n12|d72|i8|dir=rademacher|basis=Z|eta=0,SU2-HaarU4-brickwork|n12|d72|i8,SU2-HaarU4-brickwork,12,72,6.0,8,rademacher,Z,0.0,128,128,2592,128,1.0,4096,4095,0.9955635843997132,0.4943390190110566,0.4965622257511643,0.0016031703152738,0.0094031455471857,623.7640445763766,3.900728467052856e-06,506.3223986747016,1,12,0.0026515357050803,0.0029304029304029,0.904836559358666,-0.0002788672253225,0.0029304029304029,0.0001143099906805,-2.4395700118799915,0.3310366608609432,0.3307577936356206,0.1275141282146413,0.1272352609893187,,,0,1.121325254871408e-14,1.3921270056343692e-15,1.1324274851176595e-14,2.6020852139652106e-17,-0.4295031229379874,10,0.2
v2_directions,dense tangent-ensemble robustness: Gaussian versus Rademacher,SU2-HaarU4-brickwork|n12|d72|i8|dir=rademacher|basis=Z|eta=0,SU2-HaarU4-brickwork|n12|d72|i8,SU2-HaarU4-brickwork,12,72,6.0,8,rademacher,Z,0.0,128,128,2592,128,1.0,4096,4095,0.9955635843997132,0.4943390190110566,0.4965622257511643,0.0016031703152738,0.0094031455471857,623.7640445763766,3.900728467052856e-06,506.3223986747016,2,78,0.0183827823863076,0.019047619047619,0.9650960752811536,-0.0006648366613113,0.019047619047619,0.0002890693817274,-2.2999207226247185,0.8371321029288924,0.836467266267581,0.3224602677777354,0.321795431116424,,,0,1.121325254871408e-14,1.3921270056343692e-15,1.1324274851176595e-14,2.6020852139652106e-17,-0.4295031229379874,10,0.2
v2_directions,dense tangent-ensemble robustness: Gaussian versus Rademacher,U1-RZ-XY-line|n12|d72|i2|dir=rademacher|basis=Z|eta=0,U1-RZ-XY-line|n12|d72|i2,U1-RZ-XY-line,12,72,6.0,2,rademacher,Z,0.0,128,128,1260,128,1.0,924,923,0.740693142331335,0.3454667585234875,0.4676508590398621,0.0259648799323053,0.0335745293078341,38.51356149564964,0.0008904828656736,33.5109867694843,1,11,0.300840582104188,0.0119176598049837,25.243259752924143,0.2889229222992043,0.0119176598049837,0.00091002605666,317.4886259406837,0.5942581637588028,0.3053352414595985,0.5200328868452331,0.2311099645460287,,,0,8.881784197001252e-16,3.823526543449751e-16,8.881784197001252e-16,5.551115123125783e-17,-0.2135053178428175,10,0.2
v2_directions,dense tangent-ensemble robustness: Gaussian versus Rademacher,U1-RZ-XY-line|n12|d72|i2|dir=rademacher|basis=Z|eta=0,U1-RZ-XY-line|n12|d72|i2,U1-RZ-XY-line,12,72,6.0,2,rademacher,Z,0.0,128,128,1260,128,1.0,924,923,0.740693142331335,0.3454667585234875,0.4676508590398621,0.0259648799323053,0.0335745293078341,38.51356149564964,0.0008904828656736,33.5109867694843,2,65,0.5566389672398406,0.0704225352112676,7.904273334805737,0.486216432028573,0.0704225352112676,0.0021456574460363,226.60487251903092,1.401140598783242,0.9149241667546688,1.226132403217682,0.7399159711891089,,,0,8.881784197001252e-16,3.823526543449751e-16,8.881784197001252e-16,5.551115123125783e-17,-0.2135053178428175,10,0.2
v2_directions,dense tangent-ensemble robustness: Gaussian versus Rademacher,SU2-CNOT-line|n8|d48|i7|dir=gaussian|basis=Z|eta=0,SU2-CNOT-line|n8|d48|i7,SU2-CNOT-line,8,48,6.0,7,gaussian,Z,0.0,128,128,1152,128,1.0,256,255,0.9842219750077796,0.4873974241912804,0.4951824828322733,0.0060280178986942,0.0137934240088607,165.89200908255555,4.776810201707298e-05,144.68749815397746,1,8,0.0297984556273105,0.0313725490196078,0.9498257731205252,-0.0015740933922972,0.0313725490196078,0.0015309265329855,-1.0281965583466297,0.2765812736183272,0.27500718022603,0.1277611705714661,0.1261870771791689,,,0,4.440892098500626e-16,8.813009902325737e-17,2.220446049250313e-16,3.9898639947466563e-17,-0.3815161274142043,10,0.2
v2_directions,dense tangent-ensemble robustness: Gaussian versus Rademacher,SU2-CNOT-line|n8|d48|i7|dir=gaussian|basis=Z|eta=0,SU2-CNOT-line|n8|d48|i7,SU2-CNOT-line,8,48,6.0,7,gaussian,Z,0.0,128,128,1152,128,1.0,256,255,0.9842219750077796,0.4873974241912804,0.4951824828322733,0.0060280178986942,0.0137934240088607,165.89200908255555,4.776810201707298e-05,144.68749815397746,2,36,0.1423281047469119,0.1411764705882353,1.0081574086239593,0.0011516341586766,0.1411764705882353,0.0030579768103772,0.3766000300488072,0.5524622525550272,0.5513106183963506,0.2551988540640741,0.2540472199053974,,,0,4.440892098500626e-16,8.813009902325737e-17,2.220446049250313e-16,3.9898639947466563e-17,-0.3815161274142043,10,0.2
v2_directions,dense tangent-ensemble robustness: Gaussian versus Rademacher,SU2-HaarU4-brickwork|n8|d48|i3|dir=gaussian|basis=Z|eta=0,SU2-HaarU4-brickwork|n8|d48|i3,SU2-HaarU4-brickwork,8,48,6.0,3,gaussian,Z,0.0,128,128,1152,128,1.0,256,255,0.9780580185253752,0.4848628044164962,0.4955465548581074,0.0072578733691777,0.015013671233481,137.78140636164005,7.231268108132511e-05,117.59605916859503,1,8,0.0324624431738493,0.0313725490196078,1.0347403761664469,0.0010898941542414,0.0313725490196078,0.001622788408577,0.6716181533470124,0.2931772852496159,0.2920873910953745,0.1607889637424797,0.1596990695882383,,,0,4.218847493575595e-15,8.223760314076101e-16,4.218847493575595e-15,5.2041704279304207e-17,-0.3460547930130137,10,0.2
v2_directions,dense tangent-ensemble robustness: Gaussian versus Rademacher,SU2-HaarU4-brickwork|n8|d48|i3|dir=gaussian|basis=Z|eta=0,SU2-HaarU4-brickwork|n8|d48|i3,SU2-HaarU4-brickwork,8,48,6.0,3,gaussian,Z,0.0,128,128,1152,128,1.0,256,255,0.9780580185253752,0.4848628044164962,0.4955465548581074,0.0072578733691777,0.015013671233481,137.78140636164005,7.231268108132511e-05,117.59605916859503,2,36,0.1387104551115053,0.1411764705882353,0.9825323903731632,-0.0024660154767299,0.1411764705882353,0.0032414679703147,-0.7607711997507303,0.585612255262382,0.5831462397856522,0.3211708151208426,0.3187047996441127,,,0,4.218847493575595e-15,8.223760314076101e-16,4.218847493575595e-15,5.2041704279304207e-17,-0.3460547930130137,10,0.2
v2_directions,dense tangent-ensemble robustness: Gaussian versus Rademacher,SU2-HaarU4-brickwork|n12|d72|i9|dir=gaussian|basis=Z|eta=0,SU2-HaarU4-brickwork|n12|d72|i9,SU2-HaarU4-brickwork,12,72,6.0,9,gaussian,Z,0.0,128,128,2592,128,1.0,4096,4095,0.9914667387564258,0.4904439366111967,0.4946342604214407,0.0015773251921436,0.00937750233908,633.984675437129,3.628671325753979e-06,524.9599643627967,1,12,0.0027613274507008,0.0029304029304029,0.9423029925516748,-0.000169075479702,0.0029304029304029,0.0001141498560032,-1.481171204432418,0.3305729179407778,0.3304038424610758,0.1262957649973756,0.1261266895176735,,,0,8.881784197001252e-15,1.4242093108709713e-15,8.659739592076221e-15,2.3418766925686896e-17,-0.4468080675826942,10,0.2
v2_directions,dense tangent-ensemble robustness: Gaussian versus Rademacher,SU2-HaarU4-brickwork|n12|d72|i9|dir=gaussian|basis=Z|eta=0,SU2-HaarU4-brickwork|n12|d72|i9,SU2-HaarU4-brickwork,12,72,6.0,9,gaussian,Z,0.0,128,128,2592,128,1.0,4096,4095,0.9914667387564258,0.4904439366111967,0.4946342604214407,0.0015773251921436,0.00937750233908,633.984675437129,3.628671325753979e-06,524.9599643627967,2,78,0.0181727020265604,0.019047619047619,0.9540668563944236,-0.0008749170210585,0.019047619047619,0.0002886644299651,-3.0309138578806416,0.835959380593648,0.8350844635725895,0.3193792466015663,0.3185043295805077,,,0,8.881784197001252e-15,1.4242093108709713e-15,8.659739592076221e-15,2.3418766925686896e-17,-0.4468080675826942,10,0.2
v2_directions,dense tangent-ensemble robustness: Gaussian versus Rademacher,U1-RZ-XY-line|n12|d72|i3|dir=gaussian|basis=Z|eta=0,U1-RZ-XY-line|n12|d72|i3,U1-RZ-XY-line,12,72,6.0,3,gaussian,Z,0.0,128,128,1260,128,1.0,924,923,0.7493757661843294,0.3569644054776787,0.4760941258110848,0.0238290538101279,0.0314553893272362,41.96557731448724,0.0006791867956375,38.37120014968791,1,11,0.2926706652286442,0.0119176598049837,24.557729455094425,0.2807530054236605,0.0119176598049837,0.0008798487727489,319.0923419106439,0.5745520276619467,0.2937990222382862,0.4972123395462238,0.2164593341225633,,,0,4.440892098500626e-16,2.8107338574093433e-16,5.551115123125784e-16,5.2041704279304207e-17,-0.2151973210210353,10,0.2
v2_directions,dense tangent-ensemble robustness: Gaussian versus Rademacher,U1-RZ-XY-line|n12|d72|i3|dir=gaussian|basis=Z|eta=0,U1-RZ-XY-line|n12|d72|i3,U1-RZ-XY-line,12,72,6.0,3,gaussian,Z,0.0,128,128,1260,128,1.0,924,923,0.7493757661843294,0.3569644054776787,0.4760941258110848,0.0238290538101279,0.0314553893272362,41.96557731448724,0.0006791867956375,38.37120014968791,2,65,0.5403116303662473,0.0704225352112676,7.672425151200711,0.4698890951549797,0.0704225352112676,0.0020745055120328,226.50655417855995,1.3546775141942016,0.8847884190392219,1.172326166707866,0.7024370715528863,,,0,4.440892098500626e-16,2.8107338574093433e-16,5.551115123125784e-16,5.2041704279304207e-17,-0.2151973210210353,10,0.2
v2_directions,dense tangent-ensemble robustness: Gaussian versus Rademacher,SU2-CNOT-line|n8|d48|i7|dir=rademacher|basis=Z|eta=0,SU2-CNOT-line|n8|d48|i7,SU2-CNOT-line,8,48,6.0,7,rademacher,Z,0.0,128,128,1152,128,1.0,256,255,0.9881244712024072,0.4897578433910756,0.4956337518838554,0.0060743002571811,0.0138393447864219,164.62801601184862,4.698209768467183e-05,145.89277944789234,1,8,0.0292956420049483,0.0313725490196078,0.9337985889077288,-0.0020769070146594,0.0313725490196078,0.0015344830970113,-1.353489666132278,0.2772238119679933,0.2751469049533337,0.129157112112355,0.1270802050976955,,,0,4.440892098500626e-16,1.095119334357188e-16,2.220446049250313e-16,6.938893903907227e-17,-0.3786792705350603,10,0.2
v2_directions,dense tangent-ensemble robustness: Gaussian versus Rademacher,SU2-CNOT-line|n8|d48|i7|dir=rademacher|basis=Z|eta=0,SU2-CNOT-line|n8|d48|i7,SU2-CNOT-line,8,48,6.0,7,rademacher,Z,0.0,128,128,1152,128,1.0,256,255,0.9881244712024072,0.4897578433910756,0.4956337518838554,0.0060743002571811,0.0138393447864219,164.62801601184862,4.698209768467183e-05,145.89277944789234,2,36,0.1368444906703268,0.1411764705882353,0.9693151422481486,-0.0043319799179084,0.1411764705882353,0.0030650809333257,-1.413332963188022,0.5537457023684059,0.5494137224504975,0.2579872026678153,0.2536552227499068,,,0,4.440892098500626e-16,1.095119334357188e-16,2.220446049250313e-16,6.938893903907227e-17,-0.3786792705350603,10,0.2
v2_directions,dense tangent-ensemble robustness: Gaussian versus Rademacher,SU2-HaarU4-brickwork|n8|d48|i3|dir=rademacher|basis=Z|eta=0,SU2-HaarU4-brickwork|n8|d48|i3,SU2-HaarU4-brickwork,8,48,6.0,3,rademacher,Z,0.0,128,128,1152,128,1.0,256,255,0.9757888126375314,0.4798108005155279,0.4916800072194447,0.0070246900679447,0.0147823096767889,142.3550349307545,6.501357338410611e-05,124.0217860702328,1,8,0.0338165140103293,0.0313725490196078,1.0779013840792482,0.0024439649907215,0.0313725490196078,0.0016057749818356,1.5219847228705274,0.2901035941642686,0.2876596291735471,0.155068207211874,0.1526242422211525,,,0,4.218847493575595e-15,7.139145873101079e-16,4.218847493575595e-15,4.163336342344337e-17,-0.3514320545340595,10,0.2
v2_directions,dense tangent-ensemble robustness: Gaussian versus Rademacher,SU2-HaarU4-brickwork|n8|d48|i3|dir=rademacher|basis=Z|eta=0,SU2-HaarU4-brickwork|n8|d48|i3,SU2-HaarU4-brickwork,8,48,6.0,3,rademacher,Z,0.0,128,128,1152,128,1.0,256,255,0.9757888126375314,0.4798108005155279,0.4916800072194447,0.0070246900679447,0.0147823096767889,142.3550349307545,6.501357338410611e-05,124.0217860702328,2,36,0.1371136126661898,0.1411764705882353,0.971221423052178,-0.0040628579220454,0.1411764705882353,0.0032074841942684,-1.2666805745467271,0.5794726555763505,0.5754097976543051,0.3097437868268783,0.3056809289048328,,,0,4.218847493575595e-15,7.139145873101079e-16,4.218847493575595e-15,4.163336342344337e-17,-0.3514320545340595,10,0.2
v2_directions,dense tangent-ensemble robustness: Gaussian versus Rademacher,SU2-HaarU4-brickwork|n12|d72|i9|dir=rademacher|basis=Z|eta=0,SU2-HaarU4-brickwork|n12|d72|i9,SU2-HaarU4-brickwork,12,72,6.0,9,rademacher,Z,0.0,128,128,2592,128,1.0,4096,4095,0.9953422770282035,0.4932743524676869,0.4955292080582113,0.0016196897441144,0.0094195359179885,617.4021930025589,3.811289650267121e-06,512.2288345180236,1,12,0.002611373948796,0.0029304029304029,0.8911313600266404,-0.0003190289816069,0.0029304029304029,0.0001144122265605,-2.788416860657565,0.3313327314330848,0.3310137024514779,0.1282868081192869,0.12796777913768,,,0,8.881784197001252e-15,1.4536988550772517e-15,8.659739592076221e-15,2.775557561562892e-17,-0.4463187376502705,10,0.2
v2_directions,dense tangent-ensemble robustness: Gaussian versus Rademacher,SU2-HaarU4-brickwork|n12|d72|i9|dir=rademacher|basis=Z|eta=0,SU2-HaarU4-brickwork|n12|d72|i9,SU2-HaarU4-brickwork,12,72,6.0,9,rademacher,Z,0.0,128,128,2592,128,1.0,4096,4095,0.9953422770282035,0.4932743524676869,0.4955292080582113,0.0016196897441144,0.0094195359179885,617.4021930025589,3.811289650267121e-06,512.2288345180236,2,78,0.0181676740990416,0.019047619047619,0.9538028901996852,-0.0008799449485774,0.019047619047619,0.0002893279178576,-3.041341309518559,0.83788081209007,0.8370008671414926,0.3244142361140054,0.323534291165428,,,0,8.881784197001252e-15,1.4536988550772517e-15,8.659739592076221e-15,2.775557561562892e-17,-0.4463187376502705,10,0.2
v2_directions,dense tangent-ensemble robustness: Gaussian versus Rademacher,U1-RZ-XY-line|n12|d72|i3|dir=rademacher|basis=Z|eta=0,U1-RZ-XY-line|n12|d72|i3,U1-RZ-XY-line,12,72,6.0,3,rademacher,Z,0.0,128,128,1260,128,1.0,924,923,0.7402127070462956,0.3550779908545516,0.4815965836243515,0.0245170717507342,0.0321380321276816,40.78790526727776,0.0007649273863822,36.156792340888806,1,11,0.3096238495917722,0.0119176598049837,25.980255743018706,0.2977061897867884,0.0119176598049837,0.0008896816055818,334.6210463597212,0.5809729879641985,0.2832667981774101,0.5046762454706822,0.2069700556838938,,,0,4.440892098500626e-16,2.810466186314674e-16,5.551115123125784e-16,6.245004513516506e-17,-0.1994357362398757,10,0.2
v2_directions,dense tangent-ensemble robustness: Gaussian versus Rademacher,U1-RZ-XY-line|n12|d72|i3|dir=rademacher|basis=Z|eta=0,U1-RZ-XY-line|n12|d72|i3,U1-RZ-XY-line,12,72,6.0,3,rademacher,Z,0.0,128,128,1260,128,1.0,924,923,0.7402127070462956,0.3550779908545516,0.4815965836243515,0.0245170717507342,0.0321380321276816,40.78790526727776,0.0007649273863822,36.156792340888806,2,65,0.5480135135870065,0.0704225352112676,7.781791892935491,0.4775909783757388,0.0704225352112676,0.0020976893437804,227.67478882980484,1.3698168403512958,0.892225861975557,1.189924547771929,0.7123335693961899,,,0,4.440892098500626e-16,2.810466186314674e-16,5.551115123125784e-16,6.245004513516506e-17,-0.1994357362398757,10,0.2
v2_directions,dense tangent-ensemble robustness: Gaussian versus Rademacher,SU2-CNOT-line|n8|d48|i8|dir=gaussian|basis=Z|eta=0,SU2-CNOT-line|n8|d48|i8,SU2-CNOT-line,8,48,6.0,8,gaussian,Z,0.0,128,128,1152,128,1.0,256,255,0.9826488538033696,0.4859235858141962,0.494828495571125,0.0057506576467484,0.0135182306338831,173.893154736038,4.2236031222993226e-05,153.87159261128724,1,8,0.0301497025121393,0.0313725490196078,0.9610217675744404,-0.0012228465074685,0.0313725490196078,0.0015094372293471,-0.8101340577093097,0.2726989586663036,0.271476112158835,0.1190531254315748,0.1178302789241063,,,0,3.552713678800501e-15,5.048790416235623e-16,3.552713678800501e-15,5.377642775528102e-17,-0.3711588445809768,10,0.2
v2_directions,dense tangent-ensemble robustness: Gaussian versus Rademacher,SU2-CNOT-line|n8|d48|i8|dir=gaussian|basis=Z|eta=0,SU2-CNOT-line|n8|d48|i8,SU2-CNOT-line,8,48,6.0,8,gaussian,Z,0.0,128,128,1152,128,1.0,256,255,0.9826488538033696,0.4859235858141962,0.494828495571125,0.0057506576467484,0.0135182306338831,173.893154736038,4.2236031222993226e-05,153.87159261128724,2,36,0.1368347342012913,0.1411764705882353,0.9692460339258138,-0.0043417363869439,0.1411764705882353,0.00301505261331,-1.4400201070379817,0.544707452544659,0.5403657161577151,0.237804812267976,0.2334630758810321,,,0,3.552713678800501e-15,5.048790416235623e-16,3.552713678800501e-15,5.377642775528102e-17,-0.3711588445809768,10,0.2
v2_directions,dense tangent-ensemble robustness: Gaussian versus Rademacher,SU2-HaarU4-brickwork|n8|d48|i4|dir=gaussian|basis=Z|eta=0,SU2-HaarU4-brickwork|n8|d48|i4,SU2-HaarU4-brickwork,8,48,6.0,4,gaussian,Z,0.0,128,128,1152,128,1.0,256,255,0.975652867810682,0.4853154779168899,0.4976119466351933,0.0073544625869807,0.0151095058480199,135.97186581250105,7.329956850991643e-05,116.80173419691278,1,8,0.0290200083208942,0.0313725490196078,0.9250127652285048,-0.0023525406987135,0.0313725490196078,0.0016297836930975,-1.4434680557162916,0.2944410720220716,0.292088531323358,0.1630998547027008,0.1607473140039872,,,0,3.552713678800501e-15,8.534857131091303e-16,3.552713678800501e-15,6.245004513516506e-17,-0.3214063897219332,10,0.2
v2_directions,dense tangent-ensemble robustness: Gaussian versus Rademacher,SU2-HaarU4-brickwork|n8|d48|i4|dir=gaussian|basis=Z|eta=0,SU2-HaarU4-brickwork|n8|d48|i4,SU2-HaarU4-brickwork,8,48,6.0,4,gaussian,Z,0.0,128,128,1152,128,1.0,256,255,0.975652867810682,0.4853154779168899,0.4976119466351933,0.0073544625869807,0.0151095058480199,135.97186581250105,7.329956850991643e-05,116.80173419691278,2,36,0.1409197663268727,0.1411764705882353,0.998181678148682,-0.0002567042613625,0.1411764705882353,0.0032554408275254,-0.0788539171690809,0.5881366289407808,0.5878799246794182,0.3257867459414322,0.3255300416800697,,,0,3.552713678800501e-15,8.534857131091303e-16,3.552713678800501e-15,6.245004513516506e-17,-0.3214063897219332,10,0.2
v2_directions,dense tangent-ensemble robustness: Gaussian versus Rademacher,U1-RZ-XY-line|n8|d48|i0|dir=gaussian|basis=Z|eta=0,U1-RZ-XY-line|n8|d48|i0,U1-RZ-XY-line,8,48,6.0,0,gaussian,Z,0.0,128,128,552,128,1.0,70,69,0.7232761255915525,0.3548231067518231,0.4901749034054535,0.0581188503271635,0.0654772968089825,17.206121497083725,0.0039990362694583,15.813293384822892,1,7,0.4036266480444062,0.1014492753623188,3.978605530723432,0.3021773726820873,0.1014492753623188,0.011525796641651,26.217482580778874,0.566290903665612,0.2641135309835246,0.5238337767319828,0.2216564040498955,,,0,2.997602166487923e-15,1.3999906304757253e-15,3.1086244689504387e-15,9.714451465470121e-17,-0.1308579584062899,10,0.2
v2_directions,dense tangent-ensemble robustness: Gaussian versus Rademacher,U1-RZ-XY-line|n8|d48|i0|dir=gaussian|basis=Z|eta=0,U1-RZ-XY-line|n8|d48|i0,U1-RZ-XY-line,8,48,6.0,0,gaussian,Z,0.0,128,128,552,128,1.0,70,69,0.7232761255915525,0.3548231067518231,0.4901749034054535,0.0581188503271635,0.0654772968089825,17.206121497083725,0.0039990362694583,15.813293384822892,2,27,0.7216499780042911,0.391304347826087,1.8442166104554103,0.3303456301782041,0.391304347826087,0.0186308476823063,17.731111101935063,0.9153796390908978,0.5850340089126937,0.8467499131359655,0.5164042829577613,,,0,2.997602166487923e-15,1.3999906304757253e-15,3.1086244689504387e-15,9.714451465470121e-17,-0.1308579584062899,10,0.2
v2_directions,dense tangent-ensemble robustness: Gaussian versus Rademacher,U1-RZ-XY-line|n12|d72|i4|dir=gaussian|basis=Z|eta=0,U1-RZ-XY-line|n12|d72|i4,U1-RZ-XY-line,12,72,6.0,4,gaussian,Z,0.0,128,128,1260,128,1.0,924,923,0.7516391213639351,0.3498425071156091,0.4670761835871495,0.0251380647666318,0.0327541736356425,39.78030963335712,0.0008048315471511,35.249057112547064,1,11,0.2677970286513544,0.0119176598049837,22.470605222290924,0.2558793688463707,0.0119176598049837,0.0008984641572519,284.7964126126158,0.5867081018001191,0.3308287329537484,0.511319496302171,0.2554401274558003,,,0,2.220446049250313e-16,1.2691965342481976e-16,1.1102230246251563e-16,5.551115123125783e-17,-0.2127280690377871,10,0.2
v2_directions,dense tangent-ensemble robustness: Gaussian versus Rademacher,U1-RZ-XY-line|n12|d72|i4|dir=gaussian|basis=Z|eta=0,U1-RZ-XY-line|n12|d72|i4,U1-RZ-XY-line,12,72,6.0,4,gaussian,Z,0.0,128,128,1260,128,1.0,924,923,0.7516391213639351,0.3498425071156091,0.4670761835871495,0.0251380647666318,0.0327541736356425,39.78030963335712,0.0008048315471511,35.249057112547064,2,65,0.5195889292165402,0.0704225352112676,7.3781627948748705,0.4491663940052726,0.0704225352112676,0.0021183968248995,212.0312817342788,1.3833390792101186,0.934172685204846,1.2055879900526767,0.7564215960474041,,,0,2.220446049250313e-16,1.2691965342481976e-16,1.1102230246251563e-16,5.551115123125783e-17,-0.2127280690377871,10,0.2
v2_directions,dense tangent-ensemble robustness: Gaussian versus Rademacher,SU2-CNOT-line|n8|d48|i8|dir=rademacher|basis=Z|eta=0,SU2-CNOT-line|n8|d48|i8,SU2-CNOT-line,8,48,6.0,8,rademacher,Z,0.0,128,128,1152,128,1.0,256,255,0.9882023501532322,0.4894867438691891,0.4954182050492935,0.0059566274159797,0.0137225912642924,167.88023325368871,4.691166034066831e-05,146.00226656979677,1,8,0.02922692363429,0.0313725490196078,0.9316081908429948,-0.0021456253853178,0.0313725490196078,0.001525424277096,-1.4065761359210005,0.2755872213833558,0.273441595998038,0.1255775077608369,0.1234318823755191,,,0,3.552713678800501e-15,6.539907504432563e-16,3.552713678800501e-15,6.938893903907227e-17,-0.3795359396708129,10,0.2
v2_directions,dense tangent-ensemble robustness: Gaussian versus Rademacher,SU2-CNOT-line|n8|d48|i8|dir=rademacher|basis=Z|eta=0,SU2-CNOT-line|n8|d48|i8,SU2-CNOT-line,8,48,6.0,8,rademacher,Z,0.0,128,128,1152,128,1.0,256,255,0.9882023501532322,0.4894867438691891,0.4954182050492935,0.0059566274159797,0.0137225912642924,167.88023325368871,4.691166034066831e-05,146.00226656979677,2,36,0.1359763110036023,0.1411764705882353,0.9631655362755164,-0.0052001595846329,0.1411764705882353,0.003046986230129,-1.70665673944079,0.5504766649926258,0.5452765054079929,0.2508370574051807,0.2456368978205477,,,0,3.552713678800501e-15,6.539907504432563e-16,3.552713678800501e-15,6.938893903907227e-17,-0.3795359396708129,10,0.2
v2_directions,dense tangent-ensemble robustness: Gaussian versus Rademacher,SU2-HaarU4-brickwork|n8|d48|i4|dir=rademacher|basis=Z|eta=0,SU2-HaarU4-brickwork|n8|d48|i4,SU2-HaarU4-brickwork,8,48,6.0,4,rademacher,Z,0.0,128,128,1152,128,1.0,256,255,0.9757331699162304,0.4771853778772894,0.4895625739992383,0.0074482821740862,0.0152025924696011,134.2591454817808,7.570257734979658e-05,114.93297996931138,1,8,0.0308624656562108,0.0313725490196078,0.9837410927917224,-0.0005100833633969,0.0313725490196078,0.0016365497658694,-0.3116821584255024,0.2956634487882598,0.2951533654248629,0.1653135578956629,0.1648034745322659,,,0,3.552713678800501e-15,7.639167560745639e-16,3.552713678800501e-15,6.418476861114186e-17,-0.3565864329003511,10,0.2
v2_directions,dense tangent-ensemble robustness: Gaussian versus Rademacher,SU2-HaarU4-brickwork|n8|d48|i4|dir=rademacher|basis=Z|eta=0,SU2-HaarU4-brickwork|n8|d48|i4,SU2-HaarU4-brickwork,8,48,6.0,4,rademacher,Z,0.0,128,128,1152,128,1.0,256,255,0.9757331699162304,0.4771853778772894,0.4895625739992383,0.0074482821740862,0.0152025924696011,134.2591454817808,7.570257734979658e-05,114.93297996931138,2,36,0.1437208948373952,0.1411764705882353,1.0180230050982166,0.0025444242491599,0.1411764705882353,0.0032689558415958,0.7783599327906037,0.5905782874554176,0.5880338632062576,0.3302085473037319,0.3276641230545719,,,0,3.552713678800501e-15,7.639167560745639e-16,3.552713678800501e-15,6.418476861114186e-17,-0.3565864329003511,10,0.2
v2_directions,dense tangent-ensemble robustness: Gaussian versus Rademacher,U1-RZ-XY-line|n8|d48|i0|dir=rademacher|basis=Z|eta=0,U1-RZ-XY-line|n8|d48|i0,U1-RZ-XY-line,8,48,6.0,0,rademacher,Z,0.0,128,128,552,128,1.0,70,69,0.7735267112030968,0.3703446720561147,0.4806365046614796,0.0580828244626953,0.0654415523965805,17.21679359174873,0.0040397014894811,15.733500663214388,1,7,0.4460322119821924,0.1014492753623188,4.396603232395897,0.3445829366198736,0.1014492753623188,0.0115217556614189,29.907155362938514,0.5660923603094785,0.2215094236896049,0.5236174444944781,0.1790345078746045,,,0,2.997602166487923e-15,1.4087022763913426e-15,3.1086244689504387e-15,1.249000902703301e-16,-0.161971338470482,10,0.2
v2_directions,dense tangent-ensemble robustness: Gaussian versus Rademacher,U1-RZ-XY-line|n8|d48|i0|dir=rademacher|basis=Z|eta=0,U1-RZ-XY-line|n8|d48|i0,U1-RZ-XY-line,8,48,6.0,0,rademacher,Z,0.0,128,128,552,128,1.0,70,69,0.7735267112030968,0.3703446720561147,0.4806365046614796,0.0580828244626953,0.0654415523965805,17.21679359174873,0.0040397014894811,15.733500663214388,2,27,0.7490485986012034,0.391304347826087,1.9142353075364087,0.3577442507751164,0.391304347826087,0.0186243156490307,19.20845079715639,0.915058704135904,0.5573144533607874,0.846400223384269,0.4886559726091525,,,0,2.997602166487923e-15,1.4087022763913426e-15,3.1086244689504387e-15,1.249000902703301e-16,-0.161971338470482,10,0.2
v2_directions,dense tangent-ensemble robustness: Gaussian versus Rademacher,U1-RZ-XY-line|n12|d72|i4|dir=rademacher|basis=Z|eta=0,U1-RZ-XY-line|n12|d72|i4,U1-RZ-XY-line,12,72,6.0,4,rademacher,Z,0.0,128,128,1260,128,1.0,924,923,0.7686878529694168,0.3581095073321618,0.4667275461606047,0.0261533650354554,0.0337615418711159,38.235997495707615,0.0008766686195218,33.77398214118688,1,11,0.2641890296829008,0.0119176598049837,22.16786130884704,0.252271369877917,0.0119176598049837,0.0009126412664878,276.4189820702918,0.5959659278154165,0.3436945579374994,0.5219988795203719,0.2697275096424549,,,0,2.220446049250313e-16,7.958959704453304e-17,1.1102230246251563e-16,4.8572257327350605e-17,-0.1869663683159812,10,0.2
v2_directions,dense tangent-ensemble robustness: Gaussian versus Rademacher,U1-RZ-XY-line|n12|d72|i4|dir=rademacher|basis=Z|eta=0,U1-RZ-XY-line|n12|d72|i4,U1-RZ-XY-line,12,72,6.0,4,rademacher,Z,0.0,128,128,1260,128,1.0,924,923,0.7686878529694168,0.3581095073321618,0.4667275461606047,0.0261533650354554,0.0337615418711159,38.235997495707615,0.0008766686195218,33.77398214118688,2,65,0.5177302016562465,0.0704225352112676,7.3517688635187,0.4473076664449789,0.0704225352112676,0.0021518235820486,207.87376352624835,1.405167161140802,0.9578594946958232,1.2307678164472184,0.7834601500022396,,,0,2.220446049250313e-16,7.958959704453304e-17,1.1102230246251563e-16,4.8572257327350605e-17,-0.1869663683159812,10,0.2
v2_directions,dense tangent-ensemble robustness: Gaussian versus Rademacher,SU2-CNOT-line|n8|d48|i9|dir=gaussian|basis=Z|eta=0,SU2-CNOT-line|n8|d48|i9,SU2-CNOT-line,8,48,6.0,9,gaussian,Z,0.0,128,128,1152,128,1.0,256,255,0.9864483078535512,0.4905827476916672,0.4971132225621915,0.005860928808335,0.0136276403020198,170.6214207171173,4.454319782889207e-05,149.83363086054118,1,8,0.0307113795585912,0.0313725490196078,0.978925223430096,-0.0006611694610165,0.0313725490196078,0.0015180172433253,-0.4355480571276383,0.2742490468923553,0.2735878774313388,0.1225893146580913,0.1219281451970747,,,0,2.997602166487923e-15,6.288755424288872e-16,2.997602166487923e-15,4.510281037539698e-17,-0.3933906986843828,10,0.2
v2_directions,dense tangent-ensemble robustness: Gaussian versus Rademacher,SU2-CNOT-line|n8|d48|i9|dir=gaussian|basis=Z|eta=0,SU2-CNOT-line|n8|d48|i9,SU2-CNOT-line,8,48,6.0,9,gaussian,Z,0.0,128,128,1152,128,1.0,256,255,0.9864483078535512,0.4905827476916672,0.4971132225621915,0.005860928808335,0.0136276403020198,170.6214207171173,4.454319782889207e-05,149.83363086054118,2,36,0.1417715662815895,0.1411764705882353,1.0042152611612596,0.0005950956933542,0.1411764705882353,0.0030321909169533,0.1962593087483485,0.5478037042243926,0.5472086085310384,0.2448682372062748,0.2442731415129205,,,0,2.997602166487923e-15,6.288755424288872e-16,2.997602166487923e-15,4.510281037539698e-17,-0.3933906986843828,10,0.2
v2_directions,dense tangent-ensemble robustness: Gaussian versus Rademacher,SU2-HaarU4-brickwork|n8|d48|i5|dir=gaussian|basis=Z|eta=0,SU2-HaarU4-brickwork|n8|d48|i5,SU2-HaarU4-brickwork,8,48,6.0,5,gaussian,Z,0.0,128,128,1152,128,1.0,256,255,0.9753750137339434,0.4794071074033419,0.4915854780821883,0.0072254960236829,0.0149815468359979,138.39880289495844,6.837288003782958e-05,120.93668586272447,1,8,0.0285712273653753,0.0313725490196078,0.9107078722713388,-0.0028013216542325,0.0313725490196078,0.0016204367850231,-1.728744792838354,0.2927524346616915,0.2899511130074589,0.160006869153457,0.1572055474992245,,,0,6.106226635438361e-15,1.7564180134013809e-15,5.9952043329758445e-15,6.331740687315346e-17,-0.3733765168795344,10,0.2
v2_directions,dense tangent-ensemble robustness: Gaussian versus Rademacher,SU2-HaarU4-brickwork|n8|d48|i5|dir=gaussian|basis=Z|eta=0,SU2-HaarU4-brickwork|n8|d48|i5,SU2-HaarU4-brickwork,8,48,6.0,5,gaussian,Z,0.0,128,128,1152,128,1.0,256,255,0.9753750137339434,0.4794071074033419,0.4915854780821883,0.0072254960236829,0.0149815468359979,138.39880289495844,6.837288003782958e-05,120.93668586272447,2,36,0.1399144461521875,0.1411764705882353,0.9910606602446618,-0.0012620244360477,0.1411764705882353,0.0032367706774403,-0.3899023322361992,0.5847636297942386,0.5835016053581908,0.3196086061805552,0.3183465817445075,,,0,6.106226635438361e-15,1.7564180134013809e-15,5.9952043329758445e-15,6.331740687315346e-17,-0.3733765168795344,10,0.2
v2_directions,dense tangent-ensemble robustness: Gaussian versus Rademacher,U1-RZ-XY-line|n8|d48|i1|dir=gaussian|basis=Z|eta=0,U1-RZ-XY-line|n8|d48|i1,U1-RZ-XY-line,8,48,6.0,1,gaussian,Z,0.0,128,128,552,128,1.0,70,69,0.7331691894430192,0.3449356280581844,0.4694276735455052,0.0560217325122723,0.0633965627270202,17.850215535211024,0.0038535088099478,16.109120193703838,1,7,0.4005026414132588,0.1014492753623188,3.947811751073551,0.2990533660509399,0.1014492753623188,0.0112881567177975,26.492666032837384,0.5546150662888055,0.2555617002378655,0.511088307946626,0.212034941895686,,,0,1.7763568394002505e-15,9.08996756680832e-16,1.7763568394002505e-15,5.551115123125783e-17,-0.1456111671537683,10,0.2
v2_directions,dense tangent-ensemble robustness: Gaussian versus Rademacher,U1-RZ-XY-line|n8|d48|i1|dir=gaussian|basis=Z|eta=0,U1-RZ-XY-line|n8|d48|i1,U1-RZ-XY-line,8,48,6.0,1,gaussian,Z,0.0,128,128,552,128,1.0,70,69,0.7331691894430192,0.3449356280581844,0.4694276735455052,0.0560217325122723,0.0633965627270202,17.850215535211024,0.0038535088099478,16.109120193703838,2,27,0.7385378262858835,0.391304347826087,1.8873744449528131,0.3472334784597965,0.391304347826087,0.0182467151696303,19.029917178612425,0.8965062584046063,0.5492727799448098,0.8261475291999639,0.4789140507401674,,,0,1.7763568394002505e-15,9.08996756680832e-16,1.7763568394002505e-15,5.551115123125783e-17,-0.1456111671537683,10,0.2
v2_directions,dense tangent-ensemble robustness: Gaussian versus Rademacher,U1-RZ-XY-line|n12|d72|i5|dir=gaussian|basis=Z|eta=0,U1-RZ-XY-line|n12|d72|i5,U1-RZ-XY-line,12,72,6.0,5,gaussian,Z,0.0,128,128,1260,128,1.0,924,923,0.7383692876449375,0.3456619635627186,0.4689272648902691,0.0257526889771383,0.0333639960945044,38.83089648959522,0.0008560341209324,34.178615162799694,1,11,0.3249779592249484,0.0119176598049837,27.26860512405704,0.3130602994199646,0.0119176598049837,0.0009070729087302,345.1324545214481,0.5923297219815267,0.279269422561562,0.5178106989137456,0.204750399493781,,,0,4.440892098500626e-16,1.7732881412653983e-16,2.220446049250313e-16,6.938893903907227e-17,-0.1791137546275515,10,0.2
v2_directions,dense tangent-ensemble robustness: Gaussian versus Rademacher,U1-RZ-XY-line|n12|d72|i5|dir=gaussian|basis=Z|eta=0,U1-RZ-XY-line|n12|d72|i5,U1-RZ-XY-line,12,72,6.0,5,gaussian,Z,0.0,128,128,1260,128,1.0,924,923,0.7383692876449375,0.3456619635627186,0.4689272648902691,0.0257526889771383,0.0333639960945044,38.83089648959522,0.0008560341209324,34.178615162799694,2,65,0.5717044608257154,0.0704225352112676,8.118203343725158,0.5012819256144477,0.0704225352112676,0.0021386945203063,234.38687519647817,1.396593722978557,0.8953117973641093,1.2208929333730625,0.7196110077586148,,,0,4.440892098500626e-16,1.7732881412653983e-16,2.220446049250313e-16,6.938893903907227e-17,-0.1791137546275515,10,0.2
v2_directions,dense tangent-ensemble robustness: Gaussian versus Rademacher,SU2-CNOT-line|n8|d48|i9|dir=rademacher|basis=Z|eta=0,SU2-CNOT-line|n8|d48|i9,SU2-CNOT-line,8,48,6.0,9,rademacher,Z,0.0,128,128,1152,128,1.0,256,255,0.9796458234236908,0.4854484283159781,0.495556976846314,0.005799980702505,0.0135671683532667,172.41436675264922,4.022001305785416e-05,157.68082965680298,1,8,0.0300081759377652,0.0313725490196078,0.9565106080162687,-0.0013643730818425,0.0313725490196078,0.0015132809868299,-0.9015993022555948,0.2733933821524451,0.2720290090706025,0.1206476357049883,0.1192832626231458,,,0,2.7755575615628917e-15,5.863365348801608e-16,2.886579864025407e-15,7.112366251504909e-17,-0.3604554485556535,10,0.2
v2_directions,dense tangent-ensemble robustness: Gaussian versus Rademacher,SU2-CNOT-line|n8|d48|i9|dir=rademacher|basis=Z|eta=0,SU2-CNOT-line|n8|d48|i9,SU2-CNOT-line,8,48,6.0,9,rademacher,Z,0.0,128,128,1152,128,1.0,256,255,0.9796458234236908,0.4854484283159781,0.495556976846314,0.005799980702505,0.0135671683532667,172.41436675264922,4.022001305785416e-05,157.68082965680298,2,36,0.138103995240673,0.1411764705882353,0.9782366329547671,-0.0030724753475622,0.1411764705882353,0.0030227303960081,-1.0164569594495745,0.5460945412595309,0.5430220659119687,0.2409897955672713,0.237917320219709,,,0,2.7755575615628917e-15,5.863365348801608e-16,2.886579864025407e-15,7.112366251504909e-17,-0.3604554485556535,10,0.2
v2_directions,dense tangent-ensemble robustness: Gaussian versus Rademacher,SU2-HaarU4-brickwork|n8|d48|i5|dir=rademacher|basis=Z|eta=0,SU2-HaarU4-brickwork|n8|d48|i5,SU2-HaarU4-brickwork,8,48,6.0,5,rademacher,Z,0.0,128,128,1152,128,1.0,256,255,0.9671110307180224,0.4784769071655466,0.4948017090751446,0.0076171556849985,0.0153701466562094,131.28259961515977,8.135699445299548e-05,110.86706534722876,1,8,0.0305006859232707,0.0313725490196078,0.9722093638042538,-0.0008718630963371,0.0313725490196078,0.0016486585985861,-0.5288318012503228,0.2978510628263255,0.2969791997299884,0.1692252243946725,0.1683533612983354,,,0,3.3306690738754696e-15,9.506383571394088e-16,3.4416913763379853e-15,6.938893903907227e-17,-0.3564779099871757,10,0.2
v2_directions,dense tangent-ensemble robustness: Gaussian versus Rademacher,SU2-HaarU4-brickwork|n8|d48|i5|dir=rademacher|basis=Z|eta=0,SU2-HaarU4-brickwork|n8|d48|i5,SU2-HaarU4-brickwork,8,48,6.0,5,rademacher,Z,0.0,128,128,1152,128,1.0,256,255,0.9671110307180224,0.4784769071655466,0.4948017090751446,0.0076171556849985,0.0153701466562094,131.28259961515977,8.135699445299548e-05,110.86706534722876,2,36,0.1380114492350307,0.1411764705882353,0.9775810987481344,-0.0031650213532045,0.1411764705882353,0.0032931428478632,-0.9610944618628272,0.5949479765648059,0.5917829552116014,0.3380219760909211,0.3348569547377166,,,0,3.3306690738754696e-15,9.506383571394088e-16,3.4416913763379853e-15,6.938893903907227e-17,-0.3564779099871757,10,0.2
v2_directions,dense tangent-ensemble robustness: Gaussian versus Rademacher,U1-RZ-XY-line|n8|d48|i1|dir=rademacher|basis=Z|eta=0,U1-RZ-XY-line|n8|d48|i1,U1-RZ-XY-line,8,48,6.0,1,rademacher,Z,0.0,128,128,552,128,1.0,70,69,0.7447910976675167,0.3570100157462464,0.4804282783121743,0.0570911920616693,0.0644576671236875,17.515836749735584,0.0040057647342064,15.800007044851045,1,7,0.4074329327251285,0.1014492753623188,4.016124622576267,0.3059836573628096,0.1014492753623188,0.0114099635347835,26.817233589749097,0.5605997365557067,0.2546160791928971,0.5176272829858514,0.2116436256230417,,,0,1.3322676295501878e-15,9.783840404509192e-16,1.5543122344752194e-15,6.938893903907227e-17,-0.1729015584555788,10,0.2
v2_directions,dense tangent-ensemble robustness: Gaussian versus Rademacher,U1-RZ-XY-line|n8|d48|i1|dir=rademacher|basis=Z|eta=0,U1-RZ-XY-line|n8|d48|i1,U1-RZ-XY-line,8,48,6.0,1,rademacher,Z,0.0,128,128,552,128,1.0,70,69,0.7447910976675167,0.3570100157462464,0.4804282783121743,0.0570911920616693,0.0644576671236875,17.515836749735584,0.0040057647342064,15.800007044851045,2,27,0.7363355893365099,0.391304347826087,1.881746506082192,0.3450312415104229,0.391304347826087,0.0184436095210135,18.70735991874661,0.9061801650019634,0.5611489234915406,0.8367174404817546,0.4916861989713316,,,0,1.3322676295501878e-15,9.783840404509192e-16,1.5543122344752194e-15,6.938893903907227e-17,-0.1729015584555788,10,0.2
v2_directions,dense tangent-ensemble robustness: Gaussian versus Rademacher,U1-RZ-XY-line|n12|d72|i5|dir=rademacher|basis=Z|eta=0,U1-RZ-XY-line|n12|d72|i5,U1-RZ-XY-line,12,72,6.0,5,rademacher,Z,0.0,128,128,1260,128,1.0,924,923,0.7568850534915609,0.3486801649684544,0.461899248693201,0.0244133897898089,0.0320351601820761,40.96112865151711,0.0007265882350021,37.09845464895492,1,11,0.306700948468932,0.0119176598049837,25.734997766984023,0.2947832886639482,0.0119176598049837,0.0008882067971191,331.8858734475684,0.5800099199701253,0.285226631306177,0.5035585400744653,0.208775251410517,,,0,2.220446049250313e-16,9.813077866773593e-17,0.0,8.326672684688674e-17,-0.2266351095596073,10,0.2
v2_directions,dense tangent-ensemble robustness: Gaussian versus Rademacher,U1-RZ-XY-line|n12|d72|i5|dir=rademacher|basis=Z|eta=0,U1-RZ-XY-line|n12|d72|i5,U1-RZ-XY-line,12,72,6.0,5,rademacher,Z,0.0,128,128,1260,128,1.0,924,923,0.7568850534915609,0.3486801649684544,0.461899248693201,0.0244133897898089,0.0320351601820761,40.96112865151711,0.0007265882350021,37.09845464895492,2,65,0.5496320276618021,0.0704225352112676,7.804774792797589,0.4792094924505344,0.0704225352112676,0.0020942120436126,228.8256788094208,1.367546120741237,0.8883366282907025,1.1872892244333093,0.7080797319827749,,,0,2.220446049250313e-16,9.813077866773593e-17,0.0,8.326672684688674e-17,-0.2266351095596073,10,0.2
v2_directions,dense tangent-ensemble robustness: Gaussian versus Rademacher,SU2-CNOT-line|n8|d48|i1|dir=gaussian|basis=Z|eta=0,SU2-CNOT-line|n8|d48|i1,SU2-CNOT-line,8,48,6.0,1,gaussian,Z,0.0,128,128,1152,128,1.0,256,255,0.9750148547715682,0.4767697801166899,0.4890908994016403,0.0056853505050518,0.0134534337042311,175.89065073673495,3.986631255882152e-05,158.37877017572626,1,8,0.0311815113854381,0.0313725490196078,0.9939106754108424,-0.0001910376341696,0.0313725490196078,0.0015043327171551,-0.1269916102941077,0.2717767638693287,0.271585726235159,0.1169084272133012,0.1167173895791316,,,0,8.881784197001252e-16,1.374877796631506e-16,8.881784197001252e-16,8.673617379884034e-17,-0.3827198557352661,10,0.2
v2_directions,dense tangent-ensemble robustness: Gaussian versus Rademacher,SU2-CNOT-line|n8|d48|i1|dir=gaussian|basis=Z|eta=0,SU2-CNOT-line|n8|d48|i1,SU2-CNOT-line,8,48,6.0,1,gaussian,Z,0.0,128,128,1152,128,1.0,256,255,0.9750148547715682,0.4767697801166899,0.4890908994016403,0.0056853505050518,0.0134534337042311,175.89065073673495,3.986631255882152e-05,158.37877017572626,2,36,0.1433579048317662,0.1411764705882353,1.0154518258916774,0.0021814342435309,0.1411764705882353,0.0030048565133829,0.7259695209456253,0.5428653979175828,0.5406839636740519,0.2335208461367287,0.2313394118931978,,,0,8.881784197001252e-16,1.374877796631506e-16,8.881784197001252e-16,8.673617379884034e-17,-0.3827198557352661,10,0.2
v2_directions,dense tangent-ensemble robustness: Gaussian versus Rademacher,SU2-CNOT-line|n12|d72|i7|dir=gaussian|basis=Z|eta=0,SU2-CNOT-line|n12|d72|i7,SU2-CNOT-line,12,72,6.0,7,gaussian,Z,0.0,128,128,2592,128,1.0,4096,4095,0.993579169687461,0.4920453719348571,0.4952065371742166,0.0010257431113501,0.0088302294932926,974.9029644311056,1.5843445324842909e-06,794.4657611200779,1,12,0.0028083566968416,0.0029304029304029,0.9583517227972056,-0.0001220462335613,0.0029304029304029,0.0001106770661954,-1.1027237869294644,0.3205158727517944,0.3203938265182331,0.0967007320535926,0.0965786858200313,,,0,2.886579864025407e-15,3.3090198440738496e-16,2.886579864025407e-15,1.9949319973733282e-17,-0.466136640829594,10,0.2
v2_directions,dense tangent-ensemble robustness: Gaussian versus Rademacher,SU2-CNOT-line|n12|d72|i7|dir=gaussian|basis=Z|eta=0,SU2-CNOT-line|n12|d72|i7,SU2-CNOT-line,12,72,6.0,7,gaussian,Z,0.0,128,128,2592,128,1.0,4096,4095,0.993579169687461,0.4920453719348571,0.4952065371742166,0.0010257431113501,0.0088302294932926,974.9029644311056,1.5843445324842909e-06,794.4657611200779,2,78,0.0184049087551677,0.019047619047619,0.9662577096463068,-0.0006427102924512,0.019047619047619,0.000279882369914,-2.296358618974755,0.8105269243623391,0.8098842140698878,0.244538737698276,0.2438960274058247,,,0,2.886579864025407e-15,3.3090198440738496e-16,2.886579864025407e-15,1.9949319973733282e-17,-0.466136640829594,10,0.2
v2_directions,dense tangent-ensemble robustness: Gaussian versus Rademacher,SU2-HaarU4-brickwork|n12|d72|i3|dir=gaussian|basis=Z|eta=0,SU2-HaarU4-brickwork|n12|d72|i3,SU2-HaarU4-brickwork,12,72,6.0,3,gaussian,Z,0.0,128,128,2592,128,1.0,4096,4095,0.9910991618007492,0.4895126716998151,0.4938940472102798,0.0016373650260871,0.0094370731118208,610.7373640377161,4.0641598071542e-06,496.0376161777529,1,12,0.0027211319706646,0.0029304029304029,0.9285862849893212,-0.0002092709597382,0.0029304029304029,0.0001145215147446,-1.827350609227581,0.33164922516473,0.3314399542049917,0.1291084310675725,0.1288991601078342,,,0,1.1324274851176595e-14,2.088623319040416e-15,1.1324274851176595e-14,2.2985086056692694e-17,-0.4444794171441295,10,0.2
v2_directions,dense tangent-ensemble robustness: Gaussian versus Rademacher,SU2-HaarU4-brickwork|n12|d72|i3|dir=gaussian|basis=Z|eta=0,SU2-HaarU4-brickwork|n12|d72|i3,SU2-HaarU4-brickwork,12,72,6.0,3,gaussian,Z,0.0,128,128,2592,128,1.0,4096,4095,0.9910991618007492,0.4895126716998151,0.4938940472102798,0.0016373650260871,0.0094370731118208,610.7373640377161,4.0641598071542e-06,496.0376161777529,2,78,0.0182633698911418,0.019047619047619,0.9588269192849468,-0.0007842491564772,0.019047619047619,0.0002896042879946,-2.7080025710517805,0.8386811677438727,0.8378969185873955,0.3264919725940803,0.3257077234376031,,,0,1.1324274851176595e-14,2.088623319040416e-15,1.1324274851176595e-14,2.2985086056692694e-17,-0.4444794171441295,10,0.2
v2_directions,dense tangent-ensemble robustness: Gaussian versus Rademacher,U1-RZ-XY-line|n8|d48|i9|dir=gaussian|basis=Z|eta=0,U1-RZ-XY-line|n8|d48|i9,U1-RZ-XY-line,8,48,6.0,9,gaussian,Z,0.0,128,128,552,128,1.0,70,69,0.7844693909911318,0.3648880847717404,0.4653097031348417,0.0570274140242466,0.0643943873521822,17.535426024662886,0.0038418038059414,16.133641736537864,1,7,0.4252800438935081,0.1014492753623188,4.192046146950294,0.3238307685311893,0.1014492753623188,0.0114027359766199,28.399391970064837,0.5602446287422493,0.23641386021106,0.5172396441487446,0.1934088756175552,,,0,1.3322676295501878e-15,6.66169953867201e-16,1.3322676295501878e-15,1.1102230246251563e-16,-0.1233183060447404,10,0.2
v2_directions,dense tangent-ensemble robustness: Gaussian versus Rademacher,U1-RZ-XY-line|n8|d48|i9|dir=gaussian|basis=Z|eta=0,U1-RZ-XY-line|n8|d48|i9,U1-RZ-XY-line,8,48,6.0,9,gaussian,Z,0.0,128,128,552,128,1.0,70,69,0.7844693909911318,0.3648880847717404,0.4653097031348417,0.0570274140242466,0.0643943873521822,17.535426024662886,0.0038418038059414,16.133641736537864,2,27,0.7007411867765744,0.391304347826087,1.7907830328734675,0.3094368389504874,0.391304347826087,0.0184319265511115,16.788089844673703,0.9056061517871706,0.5961693128366832,0.8360908425680117,0.5266540036175242,,,0,1.3322676295501878e-15,6.66169953867201e-16,1.3322676295501878e-15,1.1102230246251563e-16,-0.1233183060447404,10,0.2
v2_directions,dense tangent-ensemble robustness: Gaussian versus Rademacher,SU2-CNOT-line|n12|d72|i0|dir=gaussian|basis=Z|eta=0,SU2-CNOT-line|n12|d72|i0,SU2-CNOT-line,12,72,6.0,0,gaussian,Z,0.0,128,128,2592,128,1.0,4096,4095,0.9894630859286122,0.4910447648205765,0.496290663064456,0.0010261470777521,0.0088306303037071,974.5191714530994,1.6145207017963238e-06,787.0062675260953,1,12,0.0028941733892696,0.0029304029304029,0.9876366690882664,-3.622954113328535e-05,0.0029304029304029,0.0001106796494619,-0.3273369703410906,0.3205233537768912,0.3204871242357579,0.0967257203183972,0.0966894907772639,,,0,4.6629367034256575e-15,6.89153834591537e-16,4.6629367034256575e-15,2.255140518769849e-17,-0.452844959783562,10,0.2
v2_directions,dense tangent-ensemble robustness: Gaussian versus Rademacher,SU2-CNOT-line|n12|d72|i0|dir=gaussian|basis=Z|eta=0,SU2-CNOT-line|n12|d72|i0,SU2-CNOT-line,12,72,6.0,0,gaussian,Z,0.0,128,128,2592,128,1.0,4096,4095,0.9894630859286122,0.4910447648205765,0.496290663064456,0.0010261470777521,0.0088306303037071,974.5191714530994,1.6145207017963238e-06,787.0062675260953,2,78,0.0188377751282508,0.019047619047619,0.9889831942331702,-0.0002098439193681,0.019047619047619,0.0002798889025298,-0.7497400485388226,0.8105458425276415,0.8103359986082733,0.2446019285201325,0.2443920846007644,,,0,4.6629367034256575e-15,6.89153834591537e-16,4.6629367034256575e-15,2.255140518769849e-17,-0.452844959783562,10,0.2
v2_directions,dense tangent-ensemble robustness: Gaussian versus Rademacher,SU2-HaarU4-brickwork|n8|d48|i6|dir=gaussian|basis=Z|eta=0,SU2-HaarU4-brickwork|n8|d48|i6,SU2-HaarU4-brickwork,8,48,6.0,6,gaussian,Z,0.0,128,128,1152,128,1.0,256,255,0.9735004642206536,0.4780555339323993,0.4910391304203828,0.0073615502656148,0.0151165381541646,135.8409525057403,7.539616500899543e-05,115.16628875445237,1,8,0.0286763725144211,0.0313725490196078,0.9140593738971748,-0.0026961765051866,0.0313725490196078,0.0016302958222421,-1.653795874590799,0.2945335946402564,0.2918374181350697,0.1632681388537022,0.1605719623485156,,,0,7.438494264988549e-15,1.5716680853875746e-15,7.327471962526033e-15,4.6837533851373785e-17,-0.3986606317928713,10,0.2
v2_directions,dense tangent-ensemble robustness: Gaussian versus Rademacher,SU2-HaarU4-brickwork|n8|d48|i6|dir=gaussian|basis=Z|eta=0,SU2-HaarU4-brickwork|n8|d48|i6,SU2-HaarU4-brickwork,8,48,6.0,6,gaussian,Z,0.0,128,128,1152,128,1.0,256,255,0.9735004642206536,0.4780555339323993,0.4910391304203828,0.0073615502656148,0.0151165381541646,135.8409525057403,7.539616500899543e-05,115.16628875445237,2,36,0.1341085770611748,0.1411764705882353,0.9499357541833214,-0.0070678935270604,0.1411764705882353,0.0032564637891206,-2.1704198126425727,0.5883214399129263,0.5812535463858658,0.3261228881535036,0.3190549946264431,,,0,7.438494264988549e-15,1.5716680853875746e-15,7.327471962526033e-15,4.6837533851373785e-17,-0.3986606317928713,10,0.2
v2_directions,dense tangent-ensemble robustness: Gaussian versus Rademacher,U1-RZ-XY-line|n8|d48|i2|dir=gaussian|basis=Z|eta=0,U1-RZ-XY-line|n8|d48|i2,U1-RZ-XY-line,8,48,6.0,2,gaussian,Z,0.0,128,128,552,128,1.0,70,69,0.7586626445490834,0.347710124478358,0.4614820290496179,0.0656869065177439,0.0729862275605741,15.223734120130477,0.0053168635494675,13.714255700824902,1,7,0.4302279870502095,0.1014492753623188,4.240818729494921,0.3287787116878906,0.1014492753623188,0.0123454064820045,26.631663539563363,0.6065603628255746,0.2777816511376839,0.5674537886597516,0.2386750769718609,,,0,1.1102230246251563e-15,5.134810791569157e-16,1.3322676295501878e-15,1.3183898417423734e-16,-0.1620714396226077,10,0.2
v2_directions,dense tangent-ensemble robustness: Gaussian versus Rademacher,U1-RZ-XY-line|n8|d48|i2|dir=gaussian|basis=Z|eta=0,U1-RZ-XY-line|n8|d48|i2,U1-RZ-XY-line,8,48,6.0,2,gaussian,Z,0.0,128,128,552,128,1.0,70,69,0.7586626445490834,0.347710124478358,0.4614820290496179,0.0656869065177439,0.0729862275605741,15.223734120130477,0.0053168635494675,13.714255700824902,2,27,0.7172212148717526,0.391304347826087,1.832898660227812,0.3259168670456656,0.391304347826087,0.0199557041385936,16.332015386786264,0.9804731144648172,0.6545562474191517,0.9172593818862514,0.5913425148405858,,,0,1.1102230246251563e-15,5.134810791569157e-16,1.3322676295501878e-15,1.3183898417423734e-16,-0.1620714396226077,10,0.2
v2_directions,dense tangent-ensemble robustness: Gaussian versus Rademacher,U1-RZ-XY-line|n12|d72|i6|dir=gaussian|basis=Z|eta=0,U1-RZ-XY-line|n12|d72|i6,U1-RZ-XY-line,12,72,6.0,6,gaussian,Z,0.0,128,128,1260,128,1.0,924,923,0.7909647694443848,0.3667913054885968,0.463581535357926,0.0260952533091545,0.0337038841426767,38.32114554140728,0.0008786293323144,33.736276784822124,1,11,0.2964454540039888,0.0119176598049837,24.874468549607425,0.284527794199005,0.0119176598049837,0.0009118357725235,312.03842048393733,0.5954399303885982,0.3109121361895932,0.5213935359638112,0.2368657417648061,,,0,2.220446049250313e-15,8.951593359576565e-16,2.220446049250313e-15,5.551115123125783e-17,-0.2321246029014534,10,0.2
v2_directions,dense tangent-ensemble robustness: Gaussian versus Rademacher,U1-RZ-XY-line|n12|d72|i6|dir=gaussian|basis=Z|eta=0,U1-RZ-XY-line|n12|d72|i6,U1-RZ-XY-line,12,72,6.0,6,gaussian,Z,0.0,128,128,1260,128,1.0,924,923,0.7909647694443848,0.3667913054885968,0.463581535357926,0.0260952533091545,0.0337038841426767,38.32114554140728,0.0008786293323144,33.736276784822124,2,65,0.5434563669803171,0.0704225352112676,7.717080411120502,0.4730338317690494,0.0704225352112676,0.0021499243901413,220.0234733547783,1.4039269655582816,0.930893133789232,1.229340538733532,0.7563067069644827,,,0,2.220446049250313e-15,8.951593359576565e-16,2.220446049250313e-15,5.551115123125783e-17,-0.2321246029014534,10,0.2
v2_directions,dense tangent-ensemble robustness: Gaussian versus Rademacher,SU2-CNOT-line|n12|d72|i0|dir=rademacher|basis=Z|eta=0,SU2-CNOT-line|n12|d72|i0,SU2-CNOT-line,12,72,6.0,0,rademacher,Z,0.0,128,128,2592,128,1.0,4096,4095,0.9971475848473932,0.4941090420437856,0.495523640941647,0.0010525100998074,0.0088567873646526,950.1096475777098,1.6450235618252747e-06,779.6755918425068,1,12,0.0028007934593368,0.0029304029304029,0.9557707679987107,-0.000129609471066,0.0029304029304029,0.0001108481043872,-1.169252932041547,0.32101119176595,0.320881582294884,0.0983427383412292,0.0982131288701631,,,0,4.6629367034256575e-15,4.736256870506769e-16,4.6629367034256575e-15,2.688821387764051e-17,-0.4642068503683895,10,0.2
v2_directions,dense tangent-ensemble robustness: Gaussian versus Rademacher,SU2-CNOT-line|n12|d72|i0|dir=rademacher|basis=Z|eta=0,SU2-CNOT-line|n12|d72|i0,SU2-CNOT-line,12,72,6.0,0,rademacher,Z,0.0,128,128,2592,128,1.0,4096,4095,0.9971475848473932,0.4941090420437856,0.495523640941647,0.0010525100998074,0.0088567873646526,950.1096475777098,1.6450235618252747e-06,779.6755918425068,2,78,0.0188494819580477,0.019047619047619,0.989597802797508,-0.0001981370895712,0.019047619047619,0.0002803148947009,-0.7068375363452006,0.8117794969531281,0.8115813598635568,0.2486910759106563,0.248492938821085,,,0,4.6629367034256575e-15,4.736256870506769e-16,4.6629367034256575e-15,2.688821387764051e-17,-0.4642068503683895,10,0.2
v2_directions,dense tangent-ensemble robustness: Gaussian versus Rademacher,SU2-HaarU4-brickwork|n8|d48|i6|dir=rademacher|basis=Z|eta=0,SU2-HaarU4-brickwork|n8|d48|i6,SU2-HaarU4-brickwork,8,48,6.0,6,rademacher,Z,0.0,128,128,1152,128,1.0,256,255,0.9704524280206136,0.4729863094547116,0.487823432311903,0.0071511715808205,0.0149078030528453,139.8372264877558,6.82457896988238e-05,121.04924031851648,1,8,0.0300013290598242,0.0313725490196078,0.9562923637818967,-0.0013712199597836,0.0313725490196078,0.0016150255177497,-0.8490391914637592,0.2917748206729673,0.2904036007131836,0.1581968919138697,0.1568256719540861,,,0,7.438494264988549e-15,1.6445215149761096e-15,7.327471962526033e-15,6.591949208711867e-17,-0.3764565435805588,10,0.2
v2_directions,dense tangent-ensemble robustness: Gaussian versus Rademacher,SU2-HaarU4-brickwork|n8|d48|i6|dir=rademacher|basis=Z|eta=0,SU2-HaarU4-brickwork|n8|d48|i6,SU2-HaarU4-brickwork,8,48,6.0,6,rademacher,Z,0.0,128,128,1152,128,1.0,256,255,0.9704524280206136,0.4729863094547116,0.487823432311903,0.0071511715808205,0.0149078030528453,139.8372264877558,6.82457896988238e-05,121.04924031851648,2,36,0.1386692444316268,0.1411764705882353,0.9822404813906904,-0.0025072261566084,0.1411764705882353,0.0032259618440443,-0.7772026694107376,0.5828108771032332,0.5803036509466248,0.3159932345041791,0.3134860083475707,,,0,7.438494264988549e-15,1.6445215149761096e-15,7.327471962526033e-15,6.591949208711867e-17,-0.3764565435805588,10,0.2
v2_directions,dense tangent-ensemble robustness: Gaussian versus Rademacher,U1-RZ-XY-line|n8|d48|i2|dir=rademacher|basis=Z|eta=0,U1-RZ-XY-line|n8|d48|i2,U1-RZ-XY-line,8,48,6.0,2,rademacher,Z,0.0,128,128,552,128,1.0,70,69,0.7476485539708606,0.3359673126858957,0.4547413304419554,0.0635914812478999,0.0709071728006507,15.725376738775424,0.0048571413849481,14.348603254112025,1,7,0.4299893186408126,0.1014492753623188,4.2384661408880095,0.3285400432784937,0.1014492753623188,0.0121240228746168,27.09826982975532,0.5956832384946372,0.2671431952161435,0.5557192465641342,0.2271792032856404,,,0,1.1102230246251563e-15,5.377642775528102e-16,1.3322676295501878e-15,9.020562075079396e-17,-0.0829505700850752,10,0.2
v2_directions,dense tangent-ensemble robustness: Gaussian versus Rademacher,U1-RZ-XY-line|n8|d48|i2|dir=rademacher|basis=Z|eta=0,U1-RZ-XY-line|n8|d48|i2,U1-RZ-XY-line,8,48,6.0,2,rademacher,Z,0.0,128,128,552,128,1.0,70,69,0.7476485539708606,0.3359673126858957,0.4547413304419554,0.0635914812478999,0.0709071728006507,15.725376738775424,0.0048571413849481,14.348603254112025,2,27,0.7284618297513334,0.391304347826087,1.8616246760311852,0.3371574819252464,0.391304347826087,0.0195978491115758,17.203800274495343,0.9628908116590504,0.6257333297338039,0.8982911080911881,0.5611336261659416,,,0,1.1102230246251563e-15,5.377642775528102e-16,1.3322676295501878e-15,9.020562075079396e-17,-0.0829505700850752,10,0.2
v2_directions,dense tangent-ensemble robustness: Gaussian versus Rademacher,U1-RZ-XY-line|n12|d72|i6|dir=rademacher|basis=Z|eta=0,U1-RZ-XY-line|n12|d72|i6,U1-RZ-XY-line,12,72,6.0,6,rademacher,Z,0.0,128,128,1260,128,1.0,924,923,0.7909774279756959,0.3665012679222968,0.4648961375049961,0.0261822194290938,0.033790170839804,38.19385910763529,0.000921307955694,32.945612747505976,1,11,0.2893639772705979,0.0119176598049837,24.28026827461472,0.2774463174656141,0.0119176598049837,0.0009130409568545,303.87061542280566,0.5962269305214718,0.3187806130558576,0.5222991919438764,0.2448528744782622,,,0,2.220446049250313e-15,9.43715081225932e-16,2.220446049250313e-15,9.714451465470121e-17,-0.2032101369386461,10,0.2
v2_directions,dense tangent-ensemble robustness: Gaussian versus Rademacher,U1-RZ-XY-line|n12|d72|i6|dir=rademacher|basis=Z|eta=0,U1-RZ-XY-line|n12|d72|i6,U1-RZ-XY-line,12,72,6.0,6,rademacher,Z,0.0,128,128,1260,128,1.0,924,923,0.7909774279756959,0.3665012679222968,0.4648961375049961,0.0261822194290938,0.033790170839804,38.19385910763529,0.000921307955694,32.945612747505976,2,65,0.5420800701029711,0.0704225352112676,7.697536995462189,0.4716575348917035,0.0704225352112676,0.0021527659711209,219.0937339306352,1.4057825527502894,0.934125017858586,1.2314758924225313,0.7598183575308278,,,0,2.220446049250313e-15,9.43715081225932e-16,2.220446049250313e-15,9.714451465470121e-17,-0.2032101369386461,10,0.2
v2_directions,dense tangent-ensemble robustness: Gaussian versus Rademacher,SU2-CNOT-line|n12|d72|i1|dir=gaussian|basis=Z|eta=0,SU2-CNOT-line|n12|d72|i1,SU2-CNOT-line,12,72,6.0,1,gaussian,Z,0.0,128,128,2592,128,1.0,4096,4095,0.992082967666502,0.4925568314932257,0.4964904865935969,0.0009876140432274,0.0087923983085147,1012.541292681584,1.4306159364879256e-06,836.0619730715341,1,12,0.0028447364427695,0.0029304029304029,0.9707663110951168,-8.566648763335717e-05,0.0029304029304029,0.0001104329680927,-0.7757329094100326,0.3198089754773711,0.3197233089897378,0.0943123722775772,0.0942267057899438,,,0,2.220446049250313e-15,2.2294244458216275e-16,2.220446049250313e-15,2.0816681711721685e-17,-0.448773632763658,10,0.2
v2_directions,dense tangent-ensemble robustness: Gaussian versus Rademacher,SU2-CNOT-line|n12|d72|i1|dir=gaussian|basis=Z|eta=0,SU2-CNOT-line|n12|d72|i1,SU2-CNOT-line,12,72,6.0,1,gaussian,Z,0.0,128,128,2592,128,1.0,4096,4095,0.992082967666502,0.4925568314932257,0.4964904865935969,0.0009876140432274,0.0087923983085147,1012.541292681584,1.4306159364879256e-06,836.0619730715341,2,78,0.0183777908705276,0.019047619047619,0.9648340207027,-0.0006698281770914,0.019047619047619,0.0002792650897689,-2.3985388852062117,0.808739308451903,0.8080694802748116,0.2384990059155584,0.237829177738467,,,0,2.220446049250313e-15,2.2294244458216275e-16,2.220446049250313e-15,2.0816681711721685e-17,-0.448773632763658,10,0.2
v2_directions,dense tangent-ensemble robustness: Gaussian versus Rademacher,SU2-HaarU4-brickwork|n8|d48|i7|dir=gaussian|basis=Z|eta=0,SU2-HaarU4-brickwork|n8|d48|i7,SU2-HaarU4-brickwork,8,48,6.0,7,gaussian,Z,0.0,128,128,1152,128,1.0,256,255,0.9923605742484508,0.4883081083839179,0.4921506505693449,0.0074741164240726,0.0152282248895095,133.79507934599522,7.568647826082402e-05,114.94520287840494,1,8,0.0280936530802902,0.0313725490196078,0.8954851919342526,-0.0032788959393175,0.0313725490196078,0.0016384079717266,-2.0012695225488737,0.2959991572181146,0.2927202612787971,0.1659179391561409,0.1626390432168233,,,0,1.2656542480726783e-14,2.456378242661212e-15,1.2656542480726783e-14,5.551115123125783e-17,-0.4002860877559704,10,0.2
v2_directions,dense tangent-ensemble robustness: Gaussian versus Rademacher,SU2-HaarU4-brickwork|n8|d48|i7|dir=gaussian|basis=Z|eta=0,SU2-HaarU4-brickwork|n8|d48|i7,SU2-HaarU4-brickwork,8,48,6.0,7,gaussian,Z,0.0,128,128,1152,128,1.0,256,255,0.9923605742484508,0.4883081083839179,0.4921506505693449,0.0074741164240726,0.0152282248895095,133.79507934599522,7.568647826082402e-05,114.94520287840494,2,36,0.1340877880035734,0.1411764705882353,0.9497884983586452,-0.0070886825846618,0.1411764705882353,0.003272667548394,-2.166025873340048,0.591248854312432,0.5841601717277702,0.3314157795512286,0.3243270969665667,,,0,1.2656542480726783e-14,2.456378242661212e-15,1.2656542480726783e-14,5.551115123125783e-17,-0.4002860877559704,10,0.2
v2_directions,dense tangent-ensemble robustness: Gaussian versus Rademacher,U1-RZ-XY-line|n8|d48|i3|dir=gaussian|basis=Z|eta=0,U1-RZ-XY-line|n8|d48|i3,U1-RZ-XY-line,8,48,6.0,3,gaussian,Z,0.0,128,128,552,128,1.0,70,69,0.7335892478714943,0.3510624346728704,0.4785959761238212,0.0589942863450513,0.0663458934829806,16.950794084550935,0.0042378362871452,15.361297930191371,1,7,0.4491792638430385,0.1014492753623188,4.427624172167094,0.3477299884807197,0.1014492753623188,0.0116235614564634,29.91595904432203,0.5710943308861394,0.2233643424054197,0.5290635040550631,0.1813335155743434,,,0,2.220446049250313e-16,1.110764993427085e-16,0.0,8.326672684688674e-17,-0.1767187011843957,10,0.2
v2_directions,dense tangent-ensemble robustness: Gaussian versus Rademacher,U1-RZ-XY-line|n8|d48|i3|dir=gaussian|basis=Z|eta=0,U1-RZ-XY-line|n8|d48|i3,U1-RZ-XY-line,8,48,6.0,3,gaussian,Z,0.0,128,128,552,128,1.0,70,69,0.7335892478714943,0.3510624346728704,0.4785959761238212,0.0589942863450513,0.0663458934829806,16.950794084550935,0.0042378362871452,15.361297930191371,2,27,0.7446932256365213,0.391304347826087,1.9031049099599988,0.3533888778104343,0.391304347826087,0.018788879394134,18.80840631297915,0.923144128061256,0.5697552502508216,0.8552034939343812,0.501814616123947,,,0,2.220446049250313e-16,1.110764993427085e-16,0.0,8.326672684688674e-17,-0.1767187011843957,10,0.2
v2_directions,dense tangent-ensemble robustness: Gaussian versus Rademacher,U1-RZ-XY-line|n12|d72|i7|dir=gaussian|basis=Z|eta=0,U1-RZ-XY-line|n12|d72|i7,U1-RZ-XY-line,12,72,6.0,7,gaussian,Z,0.0,128,128,1260,128,1.0,924,923,0.7536482206052578,0.3455711225165839,0.4598438118135373,0.026027314667227,0.0336364762713893,38.421174553945576,0.0009022364622403,33.29199439413209,1,11,0.2920431386048807,0.0119176598049837,24.50507426657317,0.2801254787998969,0.0119176598049837,0.0009108931632919,307.5283579772755,0.5948243950124084,0.3146989162125114,0.5206849341487495,0.2405594553488525,,,0,2.664535259100376e-15,1.384397371507198e-15,2.664535259100376e-15,6.938893903907227e-17,-0.2243768956399031,10,0.2
v2_directions,dense tangent-ensemble robustness: Gaussian versus Rademacher,U1-RZ-XY-line|n12|d72|i7|dir=gaussian|basis=Z|eta=0,U1-RZ-XY-line|n12|d72|i7,U1-RZ-XY-line,12,72,6.0,7,gaussian,Z,0.0,128,128,1260,128,1.0,924,923,0.7536482206052578,0.3455711225165839,0.4598438118135373,0.026027314667227,0.0336364762713893,38.421174553945576,0.0009022364622403,33.29199439413209,2,65,0.531665754068199,0.0704225352112676,7.549653707768426,0.4612432188569314,0.0704225352112676,0.0021477019081566,214.7612837262027,1.4024756575945647,0.9412324387376332,1.2276697989237926,0.7664265800668612,,,0,2.664535259100376e-15,1.384397371507198e-15,2.664535259100376e-15,6.938893903907227e-17,-0.2243768956399031,10,0.2
v2_directions,dense tangent-ensemble robustness: Gaussian versus Rademacher,SU2-CNOT-line|n12|d72|i1|dir=rademacher|basis=Z|eta=0,SU2-CNOT-line|n12|d72|i1,SU2-CNOT-line,12,72,6.0,1,rademacher,Z,0.0,128,128,2592,128,1.0,4096,4095,0.990778916350802,0.4907481861050585,0.4953201054178794,0.0010555091539674,0.008859762988702,947.410068630089,1.6998495223625871e-06,766.9989355361596,1,12,0.0029529734968561,0.0029304029304029,1.0077022058021563,2.2570566453205924e-05,0.0029304029304029,0.000110867251584,0.2035819065660066,0.3210666411981466,0.3210440706316934,0.0985250088714884,0.0985024383050352,,,0,2.664535259100376e-15,2.9230098613250923e-16,2.664535259100376e-15,2.6020852139652106e-17,-0.4565671770299027,10,0.2
v2_directions,dense tangent-ensemble robustness: Gaussian versus Rademacher,SU2-CNOT-line|n12|d72|i1|dir=rademacher|basis=Z|eta=0,SU2-CNOT-line|n12|d72|i1,SU2-CNOT-line,12,72,6.0,1,rademacher,Z,0.0,128,128,2592,128,1.0,4096,4095,0.990778916350802,0.4907481861050585,0.4953201054178794,0.0010555091539674,0.008859762988702,947.410068630089,1.6998495223625871e-06,766.9989355361596,2,78,0.0185914298366428,0.019047619047619,0.9760500664237486,-0.0004561892109762,0.019047619047619,0.0002803633145135,-1.6271358889009888,0.8119197185819358,0.8114635293709596,0.2491520052587867,0.2486958160478105,,,0,2.664535259100376e-15,2.9230098613250923e-16,2.664535259100376e-15,2.6020852139652106e-17,-0.4565671770299027,10,0.2
v2_directions,dense tangent-ensemble robustness: Gaussian versus Rademacher,SU2-HaarU4-brickwork|n8|d48|i7|dir=rademacher|basis=Z|eta=0,SU2-HaarU4-brickwork|n8|d48|i7,SU2-HaarU4-brickwork,8,48,6.0,7,rademacher,Z,0.0,128,128,1152,128,1.0,256,255,0.9975832902125036,0.4890415718259074,0.4898799224685615,0.0073393282932648,0.0150944897909737,136.25225089299772,7.065247520982266e-05,118.96968435240018,1,8,0.0287802421110652,0.0313725490196078,0.917370217290204,-0.0025923069085426,0.0313725490196078,0.0016286896065998,-1.5916519010362384,0.2942434114351981,0.2916511045266555,0.1627399356804811,0.1601476287719385,,,0,1.199040866595169e-14,2.258690571633918e-15,1.199040866595169e-14,4.510281037539698e-17,-0.3824936232976482,10,0.2
v2_directions,dense tangent-ensemble robustness: Gaussian versus Rademacher,SU2-HaarU4-brickwork|n8|d48|i7|dir=rademacher|basis=Z|eta=0,SU2-HaarU4-brickwork|n8|d48|i7,SU2-HaarU4-brickwork,8,48,6.0,7,rademacher,Z,0.0,128,128,1152,128,1.0,256,255,0.9975832902125036,0.4890415718259074,0.4898799224685615,0.0073393282932648,0.0150944897909737,136.25225089299772,7.065247520982266e-05,118.96968435240018,2,36,0.1299788515642768,0.1411764705882353,0.9206835319136272,-0.0111976190239584,0.1411764705882353,0.0032532554247211,-3.441973519468792,0.5877418082371341,0.5765441892131755,0.325067819200111,0.3138702001761525,,,0,1.199040866595169e-14,2.258690571633918e-15,1.199040866595169e-14,4.510281037539698e-17,-0.3824936232976482,10,0.2
v2_directions,dense tangent-ensemble robustness: Gaussian versus Rademacher,U1-RZ-XY-line|n8|d48|i3|dir=rademacher|basis=Z|eta=0,U1-RZ-XY-line|n8|d48|i3,U1-RZ-XY-line,8,48,6.0,3,rademacher,Z,0.0,128,128,552,128,1.0,70,69,0.7649354207492148,0.3652903311181878,0.4816526770282349,0.0587213228457694,0.0660750625110368,17.029589108993385,0.0041593938443045,15.505471519837467,1,7,0.4458287643946902,0.1014492753623188,4.3945978204619465,0.3443794890323713,0.1014492753623188,0.0115931665586462,29.705386124684797,0.5696009543598278,0.2252214653274564,0.5274384233941117,0.1830589343617403,,,0,1.1102230246251563e-15,4.874572967494828e-16,1.1102230246251563e-15,6.938893903907227e-17,-0.1737737236228349,10,0.2
v2_directions,dense tangent-ensemble robustness: Gaussian versus Rademacher,U1-RZ-XY-line|n8|d48|i3|dir=rademacher|basis=Z|eta=0,U1-RZ-XY-line|n8|d48|i3,U1-RZ-XY-line,8,48,6.0,3,rademacher,Z,0.0,128,128,552,128,1.0,70,69,0.7649354207492148,0.3652903311181878,0.4816526770282349,0.0587213228457694,0.0660750625110368,17.029589108993385,0.0041593938443045,15.505471519837467,2,27,0.7677723135211892,0.391304347826087,1.962084801220817,0.3764679656951022,0.391304347826087,0.0187397476309113,20.08927617969173,0.920730162982825,0.5442621972877226,0.8525766360080287,0.4761086703129264,,,0,1.1102230246251563e-15,4.874572967494828e-16,1.1102230246251563e-15,6.938893903907227e-17,-0.1737737236228349,10,0.2
v2_directions,dense tangent-ensemble robustness: Gaussian versus Rademacher,U1-RZ-XY-line|n12|d72|i7|dir=rademacher|basis=Z|eta=0,U1-RZ-XY-line|n12|d72|i7,U1-RZ-XY-line,12,72,6.0,7,rademacher,Z,0.0,128,128,1260,128,1.0,924,923,0.7664077125912054,0.3539400186375986,0.4632721424553059,0.0266958021664478,0.0342997412120225,37.45907291959298,0.0009909783970858,31.766393140864334,1,11,0.3038283692648263,0.0119176598049837,25.49396225740316,0.2919107094598426,0.0119176598049837,0.000920126045725,317.2507840812524,0.6008535803535573,0.3089428708937147,0.527615890841359,0.2357051813815163,,,0,2.664535259100376e-15,1.97070771307442e-15,2.886579864025407e-15,6.938893903907227e-17,-0.2136879644061422,10,0.2
v2_directions,dense tangent-ensemble robustness: Gaussian versus Rademacher,U1-RZ-XY-line|n12|d72|i7|dir=rademacher|basis=Z|eta=0,U1-RZ-XY-line|n12|d72|i7,U1-RZ-XY-line,12,72,6.0,7,rademacher,Z,0.0,128,128,1260,128,1.0,924,923,0.7664077125912054,0.3539400186375986,0.4632721424553059,0.0266958021664478,0.0342997412120225,37.45907291959298,0.0009909783970858,31.766393140864334,2,65,0.5456429772057344,0.0704225352112676,7.748130276321429,0.4752204419944668,0.0704225352112676,0.0021694711781636,219.04897690169295,1.4166912576052384,0.9414708156107716,1.2440115934546376,0.7687911514601709,,,0,2.664535259100376e-15,1.97070771307442e-15,2.886579864025407e-15,6.938893903907227e-17,-0.2136879644061422,10,0.2
v2_directions,dense tangent-ensemble robustness: Gaussian versus Rademacher,SU2-CNOT-line|n12|d72|i2|dir=gaussian|basis=Z|eta=0,SU2-CNOT-line|n12|d72|i2,SU2-CNOT-line,12,72,6.0,2,gaussian,Z,0.0,128,128,2592,128,1.0,4096,4095,0.9978293718184792,0.4948597313286355,0.4959106331353016,0.0010085473292626,0.0088131680532528,991.5251084260784,1.5315888333636362e-06,808.0326402872511,1,12,0.0026778147638114,0.0029304029304029,0.9138042881506406,-0.0002525881665915,0.0029304029304029,0.0001105670474032,-2.284479621402928,0.3201972632114344,0.3199446750448429,0.0956309933101929,0.0953784051436013,,,0,2.4424906541753444e-15,3.47188622697367e-16,2.220446049250313e-15,2.5153490401663706e-17,-0.4570880487521446,10,0.2
v2_directions,dense tangent-ensemble robustness: Gaussian versus Rademacher,SU2-CNOT-line|n12|d72|i2|dir=gaussian|basis=Z|eta=0,SU2-CNOT-line|n12|d72|i2,SU2-CNOT-line,12,72,6.0,2,gaussian,Z,0.0,128,128,2592,128,1.0,4096,4095,0.9978293718184792,0.4948597313286355,0.4959106331353016,0.0010085473292626,0.0088131680532528,991.5251084260784,1.5315888333636362e-06,808.0326402872511,2,78,0.0185290864052564,0.019047619047619,0.972777036275962,-0.0005185326423626,0.019047619047619,0.0002796041522006,-1.854524113041406,0.8097212182093072,0.8092026855669445,0.2418335610525301,0.2413150284101675,,,0,2.4424906541753444e-15,3.47188622697367e-16,2.220446049250313e-15,2.5153490401663706e-17,-0.4570880487521446,10,0.2
v2_directions,dense tangent-ensemble robustness: Gaussian versus Rademacher,SU2-HaarU4-brickwork|n8|d48|i8|dir=gaussian|basis=Z|eta=0,SU2-HaarU4-brickwork|n8|d48|i8,SU2-HaarU4-brickwork,8,48,6.0,8,gaussian,Z,0.0,128,128,1152,128,1.0,256,255,0.9755247912393544,0.4796785564977228,0.4912630730142139,0.0072585718357608,0.0150143642432939,137.76814814634616,7.097920783875167e-05,118.69554692966614,1,8,0.0292117828147985,0.0313725490196078,0.9311255772217032,-0.0021607662048093,0.0313725490196078,0.0016228391018841,-1.3314728504512143,0.293186443637771,0.2910256774329617,0.1608057937159878,0.1586450275111784,,,0,6.3282712403633915e-15,1.2040230659188293e-15,6.439293542825908e-15,5.2041704279304207e-17,-0.3449652260889222,10,0.2
v2_directions,dense tangent-ensemble robustness: Gaussian versus Rademacher,SU2-HaarU4-brickwork|n8|d48|i8|dir=gaussian|basis=Z|eta=0,SU2-HaarU4-brickwork|n8|d48|i8,SU2-HaarU4-brickwork,8,48,6.0,8,gaussian,Z,0.0,128,128,1152,128,1.0,256,255,0.9755247912393544,0.4796785564977228,0.4912630730142139,0.0072585718357608,0.0150143642432939,137.76814814634616,7.097920783875167e-05,118.69554692966614,2,36,0.1370878532347876,0.1411764705882353,0.9710389604130788,-0.0040886173534477,0.1411764705882353,0.003241569228575,-1.261308047166093,0.5856305488499548,0.5815419314965071,0.3212044324549197,0.317115815101472,,,0,6.3282712403633915e-15,1.2040230659188293e-15,6.439293542825908e-15,5.2041704279304207e-17,-0.3449652260889222,10,0.2
v2_directions,dense tangent-ensemble robustness: Gaussian versus Rademacher,U1-RZ-XY-line|n8|d48|i4|dir=gaussian|basis=Z|eta=0,U1-RZ-XY-line|n8|d48|i4,U1-RZ-XY-line,8,48,6.0,4,gaussian,Z,0.0,128,128,552,128,1.0,70,69,0.7663163171601284,0.3431570673864667,0.4496948762418136,0.0586245192297235,0.0659790151732413,17.05770918276435,0.0042260350265657,15.382731294608003,1,7,0.4065490148623452,0.1014492753623188,4.00741171792883,0.3050997395000263,0.1014492753623188,0.0115823681703185,26.341740740195828,0.5690704028262202,0.2639706633261939,0.5268609017160478,0.2217611622160215,,,0,8.881784197001252e-16,4.929667816346371e-16,8.881784197001252e-16,9.020562075079396e-17,-0.1840278546026011,10,0.2
v2_directions,dense tangent-ensemble robustness: Gaussian versus Rademacher,U1-RZ-XY-line|n8|d48|i4|dir=gaussian|basis=Z|eta=0,U1-RZ-XY-line|n8|d48|i4,U1-RZ-XY-line,8,48,6.0,4,gaussian,Z,0.0,128,128,552,128,1.0,70,69,0.7663163171601284,0.3431570673864667,0.4496948762418136,0.0586245192297235,0.0659790151732413,17.05770918276435,0.0042260350265657,15.382731294608003,2,27,0.7246615525224611,0.391304347826087,1.8519128564462892,0.3333572046963741,0.391304347826087,0.0187222926007382,17.80536239900608,0.9198725541669156,0.5865153494705415,0.8516431024092875,0.5182858977129134,,,0,8.881784197001252e-16,4.929667816346371e-16,8.881784197001252e-16,9.020562075079396e-17,-0.1840278546026011,10,0.2
v2_directions,dense tangent-ensemble robustness: Gaussian versus Rademacher,U1-RZ-XY-line|n12|d72|i8|dir=gaussian|basis=Z|eta=0,U1-RZ-XY-line|n12|d72|i8,U1-RZ-XY-line,12,72,6.0,8,gaussian,Z,0.0,128,128,1260,128,1.0,924,923,0.7664601893611984,0.3580827004829532,0.4673893376363874,0.0262881768559287,0.0338953004742418,38.03991450150604,0.000902423488178,33.28854435698756,1,11,0.2962081828003056,0.0119176598049837,24.854559338607466,0.2842905229953218,0.0119176598049837,0.0009145071780528,310.86745934639606,0.5971843909266774,0.3128938679313555,0.5234005036204834,0.2391099806251615,,,0,1.7763568394002505e-15,7.633098692049963e-16,1.7763568394002505e-15,5.551115123125783e-17,-0.2113411712320557,10,0.2
v2_directions,dense tangent-ensemble robustness: Gaussian versus Rademacher,U1-RZ-XY-line|n12|d72|i8|dir=gaussian|basis=Z|eta=0,U1-RZ-XY-line|n12|d72|i8,U1-RZ-XY-line,12,72,6.0,8,gaussian,Z,0.0,128,128,1260,128,1.0,924,923,0.7664601893611984,0.3580827004829532,0.4673893376363874,0.0262881768559287,0.0338953004742418,38.03991450150604,0.000902423488178,33.28854435698756,2,65,0.537633427303126,0.0704225352112676,7.634394667704389,0.4672108920918584,0.0704225352112676,0.0021562230242554,216.68022594888436,1.408040050799581,0.9408291587077224,1.2340725626849098,0.7668616705930514,,,0,1.7763568394002505e-15,7.633098692049963e-16,1.7763568394002505e-15,5.551115123125783e-17,-0.2113411712320557,10,0.2
v2_directions,dense tangent-ensemble robustness: Gaussian versus Rademacher,SU2-CNOT-line|n12|d72|i2|dir=rademacher|basis=Z|eta=0,SU2-CNOT-line|n12|d72|i2,SU2-CNOT-line,12,72,6.0,2,rademacher,Z,0.0,128,128,2592,128,1.0,4096,4095,0.98602047551789,0.488377276052275,0.4952998558691592,0.0010032875794716,0.008807949395257,996.7231932907766,1.4324422991454185e-06,835.5288139369097,1,12,0.0028173076883759,0.0029304029304029,0.9614062486583096,-0.0001130952420269,0.0029304029304029,0.0001105333735992,-1.0231773295633335,0.3200997453691458,0.3199866501271189,0.0953013895084266,0.0951882942663997,,,0,2.4424906541753444e-15,2.4162602687411063e-16,2.220446049250313e-15,2.7321894746634715e-17,-0.4390361655785503,10,0.2
v2_directions,dense tangent-ensemble robustness: Gaussian versus Rademacher,SU2-CNOT-line|n12|d72|i2|dir=rademacher|basis=Z|eta=0,SU2-CNOT-line|n12|d72|i2,SU2-CNOT-line,12,72,6.0,2,rademacher,Z,0.0,128,128,2592,128,1.0,4096,4095,0.98602047551789,0.488377276052275,0.4952998558691592,0.0010032875794716,0.008807949395257,996.7231932907766,1.4324422991454185e-06,835.5288139369097,2,78,0.0186102054027626,0.019047619047619,0.9770357836450368,-0.0004374136448564,0.019047619047619,0.0002795189972141,-1.5648798443608507,0.809474613146968,0.8090371995021115,0.2410000523922255,0.240562638747369,,,0,2.4424906541753444e-15,2.4162602687411063e-16,2.220446049250313e-15,2.7321894746634715e-17,-0.4390361655785503,10,0.2
v2_directions,dense tangent-ensemble robustness: Gaussian versus Rademacher,SU2-HaarU4-brickwork|n8|d48|i8|dir=rademacher|basis=Z|eta=0,SU2-HaarU4-brickwork|n8|d48|i8,SU2-HaarU4-brickwork,8,48,6.0,8,rademacher,Z,0.0,128,128,1152,128,1.0,256,255,0.9857643006161768,0.4868663010365841,0.4934724682710825,0.0073840295340477,0.015138841803313,135.42741065552346,7.402476650083835e-05,116.22819060348836,1,8,0.0260476043352815,0.0313725490196078,0.8302673881870993,-0.0053249446843262,0.0313725490196078,0.0016319190268991,-3.26299564902095,0.2948268471260509,0.2895019024417246,0.1638007248354194,0.1584757801510931,,,0,6.3282712403633915e-15,1.0789993965289204e-15,6.439293542825908e-15,4.8572257327350605e-17,-0.3765326896578492,10,0.2
v2_directions,dense tangent-ensemble robustness: Gaussian versus Rademacher,SU2-HaarU4-brickwork|n8|d48|i8|dir=rademacher|basis=Z|eta=0,SU2-HaarU4-brickwork|n8|d48|i8,SU2-HaarU4-brickwork,8,48,6.0,8,rademacher,Z,0.0,128,128,1152,128,1.0,256,255,0.9857643006161768,0.4868663010365841,0.4934724682710825,0.0073840295340477,0.015138841803313,135.42741065552346,7.402476650083835e-05,116.22819060348836,2,36,0.1341626965604062,0.1411764705882353,0.950319100636211,-0.007013774027829,0.1411764705882353,0.0032597060885337,-2.1516584125484277,0.5889072023788731,0.581893428351044,0.3271867116267613,0.3201729375989323,,,0,6.3282712403633915e-15,1.0789993965289204e-15,6.439293542825908e-15,4.8572257327350605e-17,-0.3765326896578492,10,0.2
v2_directions,dense tangent-ensemble robustness: Gaussian versus Rademacher,U1-RZ-XY-line|n8|d48|i4|dir=rademacher|basis=Z|eta=0,U1-RZ-XY-line|n8|d48|i4,U1-RZ-XY-line,8,48,6.0,4,rademacher,Z,0.0,128,128,552,128,1.0,70,69,0.7254549145673003,0.3236969719889038,0.4501215154359396,0.0567573690401725,0.0641264520945461,17.6188575494436,0.0037737429561949,16.278479700698604,1,7,0.3945565647344839,0.1014492753623188,3.889200423811342,0.2931072893721651,0.1014492753623188,0.0113720826005648,25.77428424214976,0.5587385525406375,0.2656312631684724,0.5155950985669354,0.2224878091947703,,,0,8.881784197001252e-16,4.805172286179613e-16,8.881784197001252e-16,9.714451465470121e-17,-0.1290945405769706,10,0.2
v2_directions,dense tangent-ensemble robustness: Gaussian versus Rademacher,U1-RZ-XY-line|n8|d48|i4|dir=rademacher|basis=Z|eta=0,U1-RZ-XY-line|n8|d48|i4,U1-RZ-XY-line,8,48,6.0,4,rademacher,Z,0.0,128,128,552,128,1.0,70,69,0.7254549145673003,0.3236969719889038,0.4501215154359396,0.0567573690401725,0.0641264520945461,17.6188575494436,0.0037737429561949,16.278479700698604,2,27,0.7308494869289631,0.391304347826087,1.867726466596239,0.3395451391028761,0.391304347826087,0.018382376971331,18.47123142085639,0.9031716583475782,0.5636265192447021,0.8334325206147529,0.4938873815118768,,,0,8.881784197001252e-16,4.805172286179613e-16,8.881784197001252e-16,9.714451465470121e-17,-0.1290945405769706,10,0.2
v2_directions,dense tangent-ensemble robustness: Gaussian versus Rademacher,U1-RZ-XY-line|n12|d72|i8|dir=rademacher|basis=Z|eta=0,U1-RZ-XY-line|n12|d72|i8,U1-RZ-XY-line,12,72,6.0,8,rademacher,Z,0.0,128,128,1260,128,1.0,924,923,0.7618978398110278,0.3571059064230207,0.4700181835290077,0.0259297549960596,0.0335396787851529,38.56573269404053,0.0008523599103079,34.25220167750975,1,11,0.2966826318762858,0.0119176598049837,24.89436992925562,0.2847649720713021,0.0119176598049837,0.0009095378708611,313.0875373025403,0.5939393724513451,0.309174400380043,0.5196656942490377,0.2349007221777356,,,0,1.7763568394002505e-15,9.021379359693141e-16,1.7763568394002505e-15,5.551115123125783e-17,-0.2402717889168645,10,0.2
v2_directions,dense tangent-ensemble robustness: Gaussian versus Rademacher,U1-RZ-XY-line|n12|d72|i8|dir=rademacher|basis=Z|eta=0,U1-RZ-XY-line|n12|d72|i8,U1-RZ-XY-line,12,72,6.0,8,rademacher,Z,0.0,128,128,1260,128,1.0,924,923,0.7618978398110278,0.3571059064230207,0.4700181835290077,0.0259297549960596,0.0335396787851529,38.56573269404053,0.0008523599103079,34.25220167750975,2,65,0.5479126170368427,0.0704225352112676,7.780359161923165,0.477490081825575,0.0704225352112676,0.0021445064026274,222.6573356183769,1.40038895333576,0.922898871510185,1.2252666373174752,0.7477765554919001,,,0,1.7763568394002505e-15,9.021379359693141e-16,1.7763568394002505e-15,5.551115123125783e-17,-0.2402717889168645,10,0.2
v2_directions,dense tangent-ensemble robustness: Gaussian versus Rademacher,SU2-CNOT-line|n12|d72|i3|dir=gaussian|basis=Z|eta=0,SU2-CNOT-line|n12|d72|i3,SU2-CNOT-line,12,72,6.0,3,gaussian,Z,0.0,128,128,2592,128,1.0,4096,4095,0.9926224602582958,0.4913630733555664,0.4950017967726701,0.0010276437483407,0.0088321152815568,973.0998720272652,1.592253571892936e-06,792.4901702458103,1,12,0.0028311640562714,0.0029304029304029,0.9661347342026207,-9.923887413151388e-05,0.0029304029304029,0.0001106892197793,-0.8965541028234864,0.3205510689914804,0.3204518301173489,0.0968182440865458,0.0967190052124143,,,0,1.7763568394002505e-15,2.073216826003377e-16,1.5543122344752194e-15,3.4694469519536136e-17,-0.4612147038150483,10,0.2
v2_directions,dense tangent-ensemble robustness: Gaussian versus Rademacher,SU2-CNOT-line|n12|d72|i3|dir=gaussian|basis=Z|eta=0,SU2-CNOT-line|n12|d72|i3,SU2-CNOT-line,12,72,6.0,3,gaussian,Z,0.0,128,128,2592,128,1.0,4096,4095,0.9926224602582958,0.4913630733555664,0.4950017967726701,0.0010276437483407,0.0088321152815568,973.0998720272652,1.592253571892936e-06,792.4901702458103,2,78,0.0183602518405123,0.019047619047619,0.9639132216268984,-0.0006873672071066,0.019047619047619,0.0002799131041391,-2.455644973180484,0.8106159293144398,0.8099285621073331,0.244835904468294,0.2441485372611873,,,0,1.7763568394002505e-15,2.073216826003377e-16,1.5543122344752194e-15,3.4694469519536136e-17,-0.4612147038150483,10,0.2
v2_directions,dense tangent-ensemble robustness: Gaussian versus Rademacher,SU2-HaarU4-brickwork|n8|d48|i9|dir=gaussian|basis=Z|eta=0,SU2-HaarU4-brickwork|n8|d48|i9,SU2-HaarU4-brickwork,8,48,6.0,9,gaussian,Z,0.0,128,128,1152,128,1.0,256,255,0.984320641205746,0.4924174406403896,0.4994864399421568,0.0073583293424807,0.0151133423944926,135.90041345755614,7.272866270748905e-05,117.25927345795648,1,8,0.0304938842348239,0.0313725490196078,0.9719925599850128,-0.0008786647847839,0.0313725490196078,0.0016300631103306,-0.539037279731862,0.2944915522852057,0.2936128875004218,0.1631916853526264,0.1623130205678425,,,0,1.0991207943789051e-14,2.213507325284044e-15,1.0880185641326534e-14,7.63278329429795e-17,-0.3677096866197901,10,0.2
v2_directions,dense tangent-ensemble robustness: Gaussian versus Rademacher,SU2-HaarU4-brickwork|n8|d48|i9|dir=gaussian|basis=Z|eta=0,SU2-HaarU4-brickwork|n8|d48|i9,SU2-HaarU4-brickwork,8,48,6.0,9,gaussian,Z,0.0,128,128,1152,128,1.0,256,255,0.984320641205746,0.4924174406403896,0.4994864399421568,0.0073583293424807,0.0151133423944926,135.90041345755614,7.272866270748905e-05,117.25927345795648,2,36,0.1380984904026684,0.1411764705882353,0.978197640352235,-0.0030779801855668,0.1411764705882353,0.0032559989545166,-0.9453259133566828,0.5882374616526842,0.5851594814671174,0.3259701747291003,0.3228921945435334,,,0,1.0991207943789051e-14,2.213507325284044e-15,1.0880185641326534e-14,7.63278329429795e-17,-0.3677096866197901,10,0.2
v2_directions,dense tangent-ensemble robustness: Gaussian versus Rademacher,U1-RZ-XY-line|n8|d48|i5|dir=gaussian|basis=Z|eta=0,U1-RZ-XY-line|n8|d48|i5,U1-RZ-XY-line,8,48,6.0,5,gaussian,Z,0.0,128,128,552,128,1.0,70,69,0.7160727754330283,0.3534459262136612,0.49480079598422,0.0585385910275142,0.0658937582851117,17.08274802053199,0.0039649131440336,15.881194365130789,1,7,0.4493950423185885,0.1014492753623188,4.429751131426087,0.3479457669562696,0.1014492753623188,0.0115727744867719,30.06589019374603,0.5685990414189355,0.2206532744626658,0.5263477308951877,0.178401963938918,,,0,1.7763568394002505e-15,1.1383170325457368e-15,1.9984014443252818e-15,1.0408340855860844e-16,-0.1431664489998302,10,0.2
v2_directions,dense tangent-ensemble robustness: Gaussian versus Rademacher,U1-RZ-XY-line|n8|d48|i5|dir=gaussian|basis=Z|eta=0,U1-RZ-XY-line|n8|d48|i5,U1-RZ-XY-line,8,48,6.0,5,gaussian,Z,0.0,128,128,552,128,1.0,70,69,0.7160727754330283,0.3534459262136612,0.49480079598422,0.0585385910275142,0.0658937582851117,17.08274802053199,0.0039649131440336,15.881194365130789,2,27,0.7582202484688099,0.391304347826087,1.9376739683091808,0.3669159006427229,0.391304347826087,0.0187067849128598,19.614054598472983,0.9191106230956434,0.5521947224529205,0.8508135886068405,0.4838976879641176,,,0,1.7763568394002505e-15,1.1383170325457368e-15,1.9984014443252818e-15,1.0408340855860844e-16,-0.1431664489998302,10,0.2
v2_directions,dense tangent-ensemble robustness: Gaussian versus Rademacher,U1-RZ-XY-line|n12|d72|i9|dir=gaussian|basis=Z|eta=0,U1-RZ-XY-line|n12|d72|i9,U1-RZ-XY-line,12,72,6.0,9,gaussian,Z,0.0,128,128,1260,128,1.0,924,923,0.7894170383135646,0.3693263892714376,0.4688015666825949,0.0259115239756065,0.0335215901945471,38.59286705565496,0.0008696677513181,33.909650763007654,1,11,0.3040196952764978,0.0119176598049837,25.51001624910977,0.2921020354715141,0.0119176598049837,0.0009092843827269,321.24387157678325,0.5937738415942507,0.3016718061227366,0.5194750066523376,0.2273729711808235,,,0,1.2212453270876722e-15,5.735091309777749e-16,1.2212453270876722e-15,5.551115123125783e-17,-0.1915467323927785,10,0.2
v2_directions,dense tangent-ensemble robustness: Gaussian versus Rademacher,U1-RZ-XY-line|n12|d72|i9|dir=gaussian|basis=Z|eta=0,U1-RZ-XY-line|n12|d72|i9,U1-RZ-XY-line,12,72,6.0,9,gaussian,Z,0.0,128,128,1260,128,1.0,924,923,0.7894170383135646,0.3693263892714376,0.4688015666825949,0.0259115239756065,0.0335215901945471,38.59286705565496,0.0008696677513181,33.909650763007654,2,65,0.5449454794847146,0.0704225352112676,7.738225808682947,0.474522944273447,0.0704225352112676,0.0021439087288591,221.33542248599323,1.3999986650429428,0.9254757207694958,1.2248170345190366,0.7502940902455896,,,0,1.2212453270876722e-15,5.735091309777749e-16,1.2212453270876722e-15,5.551115123125783e-17,-0.1915467323927785,10,0.2
v2_directions,dense tangent-ensemble robustness: Gaussian versus Rademacher,SU2-CNOT-line|n12|d72|i3|dir=rademacher|basis=Z|eta=0,SU2-CNOT-line|n12|d72|i3,SU2-CNOT-line,12,72,6.0,3,rademacher,Z,0.0,128,128,2592,128,1.0,4096,4095,0.9930041757551322,0.4911161869695772,0.4945627349271477,0.0010302653157526,0.0088347163679733,970.6237652671456,1.4565473278406762e-06,828.5862070576943,1,12,0.0027767928703359,0.0029304029304029,0.9475805670021532,-0.0001536100600669,0.0029304029304029,0.0001107059811485,-1.387549782525766,0.3205996091728809,0.3204459991128139,0.0969800959473598,0.0968264858872928,,,0,1.7763568394002505e-15,2.105051601834303e-16,1.5543122344752194e-15,2.7321894746634715e-17,-0.4615623686174911,10,0.2
v2_directions,dense tangent-ensemble robustness: Gaussian versus Rademacher,SU2-CNOT-line|n12|d72|i3|dir=rademacher|basis=Z|eta=0,SU2-CNOT-line|n12|d72|i3,SU2-CNOT-line,12,72,6.0,3,rademacher,Z,0.0,128,128,2592,128,1.0,4096,4095,0.9930041757551322,0.4911161869695772,0.4945627349271477,0.0010302653157526,0.0088347163679733,970.6237652671456,1.4565473278406762e-06,828.5862070576943,2,78,0.0187417755388522,0.019047619047619,0.9839432157897426,-0.0003058435087668,0.019047619047619,0.0002799554906234,-1.0924719071795654,0.8107386786921874,0.8104328351834206,0.2452451986783485,0.2449393551695817,,,0,1.7763568394002505e-15,2.105051601834303e-16,1.5543122344752194e-15,2.7321894746634715e-17,-0.4615623686174911,10,0.2
v2_directions,dense tangent-ensemble robustness: Gaussian versus Rademacher,SU2-HaarU4-brickwork|n8|d48|i9|dir=rademacher|basis=Z|eta=0,SU2-HaarU4-brickwork|n8|d48|i9,SU2-HaarU4-brickwork,8,48,6.0,9,rademacher,Z,0.0,128,128,1152,128,1.0,256,255,0.9751894550170804,0.4847991238198895,0.4973076329095752,0.0075684112622613,0.0153217830492749,132.12812641225412,7.856970170851448e-05,112.81645472478554,1,8,0.0295259493409546,0.0313725490196078,0.9411396352429306,-0.0018465996786531,0.0313725490196078,0.0016451725995743,-1.1224352260248958,0.297221272940431,0.2953746732617779,0.1681054879647424,0.1662588882860892,,,0,1.0991207943789051e-14,2.1406491647289075e-15,1.0880185641326534e-14,6.591949208711867e-17,-0.3633914251813621,10,0.2
v2_directions,dense tangent-ensemble robustness: Gaussian versus Rademacher,SU2-HaarU4-brickwork|n8|d48|i9|dir=rademacher|basis=Z|eta=0,SU2-HaarU4-brickwork|n8|d48|i9,SU2-HaarU4-brickwork,8,48,6.0,9,rademacher,Z,0.0,128,128,1152,128,1.0,256,255,0.9751894550170804,0.4847991238198895,0.4973076329095752,0.0075684112622613,0.0153217830492749,132.12812641225412,7.856970170851448e-05,112.81645472478554,2,36,0.1405537791360382,0.1411764705882353,0.9955892688802712,-0.000622691452197,0.1411764705882353,0.0032861796762743,-0.1894879506110783,0.5936899914002796,0.5930672999480826,0.3357853383668474,0.3351626469146503,,,0,1.0991207943789051e-14,2.1406491647289075e-15,1.0880185641326534e-14,6.591949208711867e-17,-0.3633914251813621,10,0.2
v2_directions,dense tangent-ensemble robustness: Gaussian versus Rademacher,U1-RZ-XY-line|n8|d48|i5|dir=rademacher|basis=Z|eta=0,U1-RZ-XY-line|n8|d48|i5,U1-RZ-XY-line,8,48,6.0,5,rademacher,Z,0.0,128,128,552,128,1.0,70,69,0.6805639467479745,0.3320529484364811,0.4918616251675389,0.0586519316435654,0.0660062134276001,17.04973684544807,0.0040956209365843,15.62572305627438,1,7,0.4492465133809078,0.1014492753623188,4.428287060468948,0.347797238018589,0.1014492753623188,0.0115854270310101,30.02023465234877,0.5692206922195797,0.2214234542009907,0.5270245059456906,0.1792272679271016,,,0,1.7763568394002505e-15,9.78777657380276e-16,1.9984014443252818e-15,8.326672684688674e-17,-0.0755913438558182,10,0.2
v2_directions,dense tangent-ensemble robustness: Gaussian versus Rademacher,U1-RZ-XY-line|n8|d48|i5|dir=rademacher|basis=Z|eta=0,U1-RZ-XY-line|n8|d48|i5,U1-RZ-XY-line,8,48,6.0,5,rademacher,Z,0.0,128,128,552,128,1.0,70,69,0.6805639467479745,0.3320529484364811,0.4918616251675389,0.0586519316435654,0.0660062134276001,17.04973684544807,0.0040956209365843,15.62572305627438,2,27,0.7531334796356295,0.391304347826087,1.92467444795772,0.3618291318095425,0.391304347826087,0.0187272370891236,19.3210098258266,0.9201154891138874,0.5582863573043448,0.8519075600929883,0.4900784282834458,,,0,1.7763568394002505e-15,9.78777657380276e-16,1.9984014443252818e-15,8.326672684688674e-17,-0.0755913438558182,10,0.2
v2_directions,dense tangent-ensemble robustness: Gaussian versus Rademacher,U1-RZ-XY-line|n12|d72|i9|dir=rademacher|basis=Z|eta=0,U1-RZ-XY-line|n12|d72|i9,U1-RZ-XY-line,12,72,6.0,9,rademacher,Z,0.0,128,128,1260,128,1.0,924,923,0.7773858569603178,0.3688298496726288,0.475261207601419,0.0250802645455299,0.0326968249787679,39.87198772104784,0.0007723362850302,35.98295126127937,1,11,0.3120396600505823,0.0119176598049837,26.182964202426135,0.3001220002455986,0.0119176598049837,0.0008976503296796,334.34177019989573,0.5861766624251519,0.2860546621795533,0.5107048092035885,0.2105828089579899,,,0,1.2212453270876722e-15,5.2745026098331815e-16,1.2212453270876722e-15,5.551115123125783e-17,-0.2048902073048161,10,0.2
v2_directions,dense tangent-ensemble robustness: Gaussian versus Rademacher,U1-RZ-XY-line|n12|d72|i9|dir=rademacher|basis=Z|eta=0,U1-RZ-XY-line|n12|d72|i9,U1-RZ-XY-line,12,72,6.0,9,rademacher,Z,0.0,128,128,1260,128,1.0,924,923,0.7773858569603178,0.3688298496726288,0.475261207601419,0.0250802645455299,0.0326968249787679,39.87198772104784,0.0007723362850302,35.98295126127937,2,65,0.5497388693164917,0.0704225352112676,7.806291944294182,0.4793163341052241,0.0704225352112676,0.0021164779840294,226.46884953307517,1.3820860526141543,0.9027697185089304,1.2041386821560471,0.724822348050823,,,0,1.2212453270876722e-15,5.2745026098331815e-16,1.2212453270876722e-15,5.551115123125783e-17,-0.2048902073048161,10,0.2
v2_directions,dense tangent-ensemble robustness: Gaussian versus Rademacher,SU2-CNOT-line|n12|d72|i4|dir=gaussian|basis=Z|eta=0,SU2-CNOT-line|n12|d72|i4,SU2-CNOT-line,12,72,6.0,4,gaussian,Z,0.0,128,128,2592,128,1.0,4096,4095,0.9925877596356876,0.4910788342915007,0.4947855493841169,0.0010078198032755,0.0088124462110625,992.2408715822224,1.482715327660959e-06,821.2419233374306,1,12,0.0027485881665353,0.0029304029304029,0.937955711830185,-0.0001818147638675,0.0029304029304029,0.0001105623902705,-1.6444539903905764,0.3201837763617491,0.3200019615978816,0.0955854704072783,0.0954036556434107,,,0,0.0,2.3719013392288202e-17,0.0,2.168404344971009e-17,-0.4534980260367045,10,0.2
v2_directions,dense tangent-ensemble robustness: Gaussian versus Rademacher,SU2-CNOT-line|n12|d72|i4|dir=gaussian|basis=Z|eta=0,SU2-CNOT-line|n12|d72|i4,SU2-CNOT-line,12,72,6.0,4,gaussian,Z,0.0,128,128,2592,128,1.0,4096,4095,0.9925877596356876,0.4910788342915007,0.4947855493841169,0.0010078198032755,0.0088124462110625,992.2408715822224,1.482715327660959e-06,821.2419233374306,2,78,0.0187840050106846,0.019047619047619,0.9861602630609412,-0.0002636140369344,0.019047619047619,0.0002795923751506,-0.9428513091330828,0.8096871123951368,0.8094234983582024,0.2417184418287281,0.2414548277917937,,,0,0.0,2.3719013392288202e-17,0.0,2.168404344971009e-17,-0.4534980260367045,10,0.2
v2_directions,dense tangent-ensemble robustness: Gaussian versus Rademacher,SU2-HaarU4-brickwork|n12|d72|i0|dir=gaussian|basis=Z|eta=0,SU2-HaarU4-brickwork|n12|d72|i0,SU2-HaarU4-brickwork,12,72,6.0,0,gaussian,Z,0.0,128,128,2592,128,1.0,4096,4095,0.9903245722178688,0.4907878867458868,0.4955656101971847,0.0016277452887839,0.0094275285287153,614.3467328030611,3.95790427522402e-06,502.6519328215064,1,12,0.0026319197510257,0.0029304029304029,0.8981426150375423,-0.0002984831793771,0.0029304029304029,0.0001144620478076,-2.6077043447506147,0.3314770115540314,0.3311785283746543,0.1286619151169788,0.1283634319376016,,,0,1.7652546091539992e-14,2.3019806671238465e-15,1.7763568394002505e-14,2.168404344971009e-17,-0.437194907634048,10,0.2
v2_directions,dense tangent-ensemble robustness: Gaussian versus Rademacher,SU2-HaarU4-brickwork|n12|d72|i0|dir=gaussian|basis=Z|eta=0,SU2-HaarU4-brickwork|n12|d72|i0,SU2-HaarU4-brickwork,12,72,6.0,0,gaussian,Z,0.0,128,128,2592,128,1.0,4096,4095,0.9903245722178688,0.4907878867458868,0.4955656101971847,0.0016277452887839,0.0094275285287153,614.3467328030611,3.95790427522402e-06,502.6519328215064,2,78,0.0181043029234877,0.019047619047619,0.9504759034831088,-0.0009433161241312,0.019047619047619,0.0002894539068198,-3.2589510865311944,0.8382456705342822,0.837302354410151,0.3253628141626858,0.3244194980385546,,,0,1.7652546091539992e-14,2.3019806671238465e-15,1.7763568394002505e-14,2.168404344971009e-17,-0.437194907634048,10,0.2
v2_directions,dense tangent-ensemble robustness: Gaussian versus Rademacher,U1-RZ-XY-line|n8|d48|i6|dir=gaussian|basis=Z|eta=0,U1-RZ-XY-line|n8|d48|i6,U1-RZ-XY-line,8,48,6.0,6,gaussian,Z,0.0,128,128,552,128,1.0,70,69,0.6950215305153544,0.3221148604297268,0.4660514385814444,0.06067490131634,0.0680133786498061,16.481279380848285,0.0044038805028871,15.06892380669844,1,7,0.4180960666163971,0.1014492753623188,4.121232656647343,0.3166467912540782,0.1014492753623188,0.011808976947178,26.814074806856723,0.5802042526603048,0.2635574614062266,0.5389610523266415,0.2223142610725632,,,0,2.886579864025407e-15,1.7106097553589045e-15,2.886579864025407e-15,6.938893903907227e-17,-0.1257246341607428,10,0.2
v2_directions,dense tangent-ensemble robustness: Gaussian versus Rademacher,U1-RZ-XY-line|n8|d48|i6|dir=gaussian|basis=Z|eta=0,U1-RZ-XY-line|n8|d48|i6,U1-RZ-XY-line,8,48,6.0,6,gaussian,Z,0.0,128,128,552,128,1.0,70,69,0.6950215305153544,0.3221148604297268,0.4660514385814444,0.06067490131634,0.0680133786498061,16.481279380848285,0.0044038805028871,15.06892380669844,2,27,0.7330173206104661,0.391304347826087,1.8732664860045245,0.3417129727843791,0.391304347826087,0.0190885938410261,17.901421950209446,0.9378698403264596,0.5961568675420803,0.871202363254154,0.5294893904697748,,,0,2.886579864025407e-15,1.7106097553589045e-15,2.886579864025407e-15,6.938893903907227e-17,-0.1257246341607428,10,0.2
v2_directions,dense tangent-ensemble robustness: Gaussian versus Rademacher,U1-RZ-XY-line|n12|d72|i10|dir=gaussian|basis=Z|eta=0,U1-RZ-XY-line|n12|d72|i10,U1-RZ-XY-line,12,72,6.0,10,gaussian,Z,0.0,128,128,1260,128,1.0,924,923,0.7731650279240184,0.3622405802952281,0.4699069581466559,0.0248713990475856,0.0324895912425264,40.20682544181495,0.0007883561017409,35.61547848293589,1,11,0.3054055891430164,0.0119176598049837,25.62630534354584,0.2934879293380327,0.0119176598049837,0.0008947033311842,328.0282067907113,0.5842522363038832,0.2907643069658505,0.5084773964826084,0.2149894671445756,,,0,2.220446049250313e-16,1.5974533408876415e-16,2.220446049250313e-16,8.326672684688674e-17,-0.19044400294121,10,0.2
v2_directions,dense tangent-ensemble robustness: Gaussian versus Rademacher,U1-RZ-XY-line|n12|d72|i10|dir=gaussian|basis=Z|eta=0,U1-RZ-XY-line|n12|d72|i10,U1-RZ-XY-line,12,72,6.0,10,gaussian,Z,0.0,128,128,1260,128,1.0,924,923,0.7731650279240184,0.3622405802952281,0.4699069581466559,0.0248713990475856,0.0324895912425264,40.20682544181495,0.0007883561017409,35.61547848293589,2,65,0.552341056984949,0.0704225352112676,7.843243009186275,0.4819185217736813,0.0704225352112676,0.0021095295574224,228.44833819845124,1.3775486449144214,0.8956301231407401,1.1988868933141892,0.7169683715405079,,,0,2.220446049250313e-16,1.5974533408876415e-16,2.220446049250313e-16,8.326672684688674e-17,-0.19044400294121,10,0.2
v2_directions,dense tangent-ensemble robustness: Gaussian versus Rademacher,SU2-CNOT-line|n12|d72|i4|dir=rademacher|basis=Z|eta=0,SU2-CNOT-line|n12|d72|i4,SU2-CNOT-line,12,72,6.0,4,rademacher,Z,0.0,128,128,2592,128,1.0,4096,4095,0.991183154288695,0.491199087859852,0.4956037293279514,0.0010024145030655,0.0088070831397603,997.5913127173028,1.4351884736004568e-06,834.7290560686449,1,12,0.0028665655100338,0.0029304029304029,0.9782154802990476,-6.383742036909085e-05,0.0029304029304029,0.0001105277830242,-0.5775689932645752,0.3200835553119884,0.3200197178916193,0.0952465675336951,0.095182730113326,,,0,0.0,2.78943538308346e-17,0.0,2.6020852139652106e-17,-0.4490179416213896,10,0.2
v2_directions,dense tangent-ensemble robustness: Gaussian versus Rademacher,SU2-CNOT-line|n12|d72|i4|dir=rademacher|basis=Z|eta=0,SU2-CNOT-line|n12|d72|i4,SU2-CNOT-line,12,72,6.0,4,rademacher,Z,0.0,128,128,2592,128,1.0,4096,4095,0.991183154288695,0.491199087859852,0.4956037293279514,0.0010024145030655,0.0088070831397603,997.5913127173028,1.4351884736004568e-06,834.7290560686449,2,78,0.0192191643549398,0.019047619047619,1.00900612863434,0.0001715453073207,0.019047619047619,0.0002795048596567,0.6137471367454531,0.8094336714078887,0.8092621261005679,0.2408614174903558,0.2406898721830351,,,0,0.0,2.78943538308346e-17,0.0,2.6020852139652106e-17,-0.4490179416213896,10,0.2
v2_directions,dense tangent-ensemble robustness: Gaussian versus Rademacher,SU2-HaarU4-brickwork|n12|d72|i0|dir=rademacher|basis=Z|eta=0,SU2-HaarU4-brickwork|n12|d72|i0,SU2-HaarU4-brickwork,12,72,6.0,0,rademacher,Z,0.0,128,128,2592,128,1.0,4096,4095,0.9866593163487792,0.4888926379457639,0.4954680412602242,0.0015727712972563,0.0093729840214965,635.8203521036147,3.929975959568147e-06,504.4348151614689,1,12,0.0028069930950851,0.0029304029304029,0.957886393697799,-0.0001234098353178,0.0029304029304029,0.0001141216170869,-1.081388771627367,0.3304911392923743,0.3303677294570565,0.1260798701402724,0.1259564603049545,,,0,1.7652546091539992e-14,2.543110393626372e-15,1.7763568394002505e-14,2.47198095326695e-17,-0.4421697535028201,10,0.2
v2_directions,dense tangent-ensemble robustness: Gaussian versus Rademacher,SU2-HaarU4-brickwork|n12|d72|i0|dir=rademacher|basis=Z|eta=0,SU2-HaarU4-brickwork|n12|d72|i0,SU2-HaarU4-brickwork,12,72,6.0,0,rademacher,Z,0.0,128,128,2592,128,1.0,4096,4095,0.9866593163487792,0.4888926379457639,0.4954680412602242,0.0015727712972563,0.0093729840214965,635.8203521036147,3.929975959568147e-06,504.4348151614689,2,78,0.0185850608671348,0.019047619047619,0.9757156955245792,-0.0004625581804842,0.019047619047619,0.0002885930188311,-1.6028044696214947,0.8357525771183631,0.8352900189378789,0.3188332873858458,0.3183707292053616,,,0,1.7652546091539992e-14,2.543110393626372e-15,1.7763568394002505e-14,2.47198095326695e-17,-0.4421697535028201,10,0.2
v2_directions,dense tangent-ensemble robustness: Gaussian versus Rademacher,U1-RZ-XY-line|n8|d48|i6|dir=rademacher|basis=Z|eta=0,U1-RZ-XY-line|n8|d48|i6,U1-RZ-XY-line,8,48,6.0,6,rademacher,Z,0.0,128,128,552,128,1.0,70,69,0.7430324592933295,0.3524204549127404,0.4786030988335216,0.0595079866627158,0.0668555805169133,16.80446703175963,0.0041637756801899,15.497310619573495,1,7,0.4211460543578117,0.1014492753623188,4.1512968215270005,0.3196967789954928,0.1014492753623188,0.0116805482789529,27.37001477675079,0.573894234459659,0.2541974554641661,0.532108345989621,0.2124115669941281,,,0,2.886579864025407e-15,1.4886515131390978e-15,2.886579864025407e-15,8.326672684688674e-17,-0.1057051906882194,10,0.2
v2_directions,dense tangent-ensemble robustness: Gaussian versus Rademacher,U1-RZ-XY-line|n8|d48|i6|dir=rademacher|basis=Z|eta=0,U1-RZ-XY-line|n8|d48|i6,U1-RZ-XY-line,8,48,6.0,6,rademacher,Z,0.0,128,128,552,128,1.0,70,69,0.7430324592933295,0.3524204549127404,0.4786030988335216,0.0595079866627158,0.0668555805169133,16.80446703175963,0.0041637756801899,15.497310619573495,2,27,0.7236575904784549,0.391304347826087,1.8493471756671624,0.3323532426523679,0.391304347826087,0.018880995613317,17.60252740157171,0.9276700258039666,0.5953167831515986,0.8601253217319017,0.5277720790795337,,,0,2.886579864025407e-15,1.4886515131390978e-15,2.886579864025407e-15,8.326672684688674e-17,-0.1057051906882194,10,0.2
v2_directions,dense tangent-ensemble robustness: Gaussian versus Rademacher,U1-RZ-XY-line|n12|d72|i10|dir=rademacher|basis=Z|eta=0,U1-RZ-XY-line|n12|d72|i10,U1-RZ-XY-line,12,72,6.0,10,rademacher,Z,0.0,128,128,1260,128,1.0,924,923,0.7726956658173456,0.3602740898863431,0.4671793370303901,0.0252337050779829,0.0328490667570612,39.62953505676519,0.0008013307649454,35.32596966661741,1,11,0.3118157741076301,0.0119176598049837,26.16417813648569,0.2998981143026463,0.0119176598049837,0.0008998091569825,333.29080058301207,0.587586403101856,0.2876882887992096,0.512334981069935,0.2124368667672886,,,0,2.220446049250313e-16,8.701328688121326e-17,2.220446049250313e-16,5.551115123125783e-17,-0.2293555059099065,10,0.2
v2_directions,dense tangent-ensemble robustness: Gaussian versus Rademacher,U1-RZ-XY-line|n12|d72|i10|dir=rademacher|basis=Z|eta=0,U1-RZ-XY-line|n12|d72|i10,U1-RZ-XY-line,12,72,6.0,10,rademacher,Z,0.0,128,128,1260,128,1.0,924,923,0.7726956658173456,0.3602740898863431,0.4671793370303901,0.0252337050779829,0.0328490667570612,39.62953505676519,0.0008013307649454,35.32596966661741,2,65,0.5551238805489243,0.0704225352112676,7.882759103794724,0.4847013453376566,0.0704225352112676,0.0021215680623226,228.46372640385897,1.3854099360983836,0.900708590760727,1.2079822978171009,0.7232809524794442,,,0,2.220446049250313e-16,8.701328688121326e-17,2.220446049250313e-16,5.551115123125783e-17,-0.2293555059099065,10,0.2
v2_directions,dense tangent-ensemble robustness: Gaussian versus Rademacher,SU2-CNOT-line|n8|d48|i1|dir=rademacher|basis=Z|eta=0,SU2-CNOT-line|n8|d48|i1,SU2-CNOT-line,8,48,6.0,1,rademacher,Z,0.0,128,128,1152,128,1.0,256,255,0.984554283539256,0.4847882917359765,0.492418516640115,0.0058479401738882,0.0136147531412797,171.00038137618353,4.281116837815537e-05,152.83452084871865,1,8,0.0308676319341617,0.0313725490196078,0.9839057679014068,-0.000504917085446,0.0313725490196078,0.001517009140829,-0.3328372070125578,0.2740669204046719,0.2735620033192258,0.1221781113184096,0.1216731942329635,,,0,8.881784197001252e-16,1.3125564828094615e-16,8.881784197001252e-16,6.591949208711867e-17,-0.3966469757587931,10,0.2
v2_directions,dense tangent-ensemble robustness: Gaussian versus Rademacher,SU2-CNOT-line|n8|d48|i1|dir=rademacher|basis=Z|eta=0,SU2-CNOT-line|n8|d48|i1,SU2-CNOT-line,8,48,6.0,1,rademacher,Z,0.0,128,128,1152,128,1.0,256,255,0.984554283539256,0.4847882917359765,0.492418516640115,0.0058479401738882,0.0136147531412797,171.00038137618353,4.281116837815537e-05,152.83452084871865,2,36,0.1409450730575109,0.1411764705882353,0.998360934157369,-0.0002313975307243,0.1411764705882353,0.0030301772644431,-0.0763643544685164,0.547439912387298,0.5472085148565737,0.2440468716802335,0.2438154741495091,,,0,8.881784197001252e-16,1.3125564828094615e-16,8.881784197001252e-16,6.591949208711867e-17,-0.3966469757587931,10,0.2
v2_directions,dense tangent-ensemble robustness: Gaussian versus Rademacher,SU2-CNOT-line|n12|d72|i7|dir=rademacher|basis=Z|eta=0,SU2-CNOT-line|n12|d72|i7,SU2-CNOT-line,12,72,6.0,7,rademacher,Z,0.0,128,128,2592,128,1.0,4096,4095,0.9910052560830618,0.4913084061700751,0.4957359914465242,0.0010523098619807,0.0088565886911839,950.2904383294032,1.5905517527156954e-06,792.9140214045677,1,12,0.0027481488840429,0.0029304029304029,0.9378058066796524,-0.0001822540463599,0.0029304029304029,0.0001108468258687,-1.644197250860614,0.3210074892330257,0.3208252351866657,0.0983305566538763,0.0981483026075163,,,0,2.886579864025407e-15,2.810907829952289e-16,2.886579864025407e-15,2.4286128663675302e-17,-0.4554991462895703,10,0.2
v2_directions,dense tangent-ensemble robustness: Gaussian versus Rademacher,SU2-CNOT-line|n12|d72|i7|dir=rademacher|basis=Z|eta=0,SU2-CNOT-line|n12|d72|i7,SU2-CNOT-line,12,72,6.0,7,rademacher,Z,0.0,128,128,2592,128,1.0,4096,4095,0.9910052560830618,0.4913084061700751,0.4957359914465242,0.0010523098619807,0.0088565886911839,950.2904383294032,1.5905517527156954e-06,792.9140214045677,2,78,0.0186175255516177,0.019047619047619,0.97742009145993,-0.0004300934960013,0.019047619047619,0.0002803116615578,-1.5343403610506363,0.8117701339141069,0.8113400404181056,0.2486602706169937,0.2482301771209923,,,0,2.886579864025407e-15,2.810907829952289e-16,2.886579864025407e-15,2.4286128663675302e-17,-0.4554991462895703,10,0.2
v2_directions,dense tangent-ensemble robustness: Gaussian versus Rademacher,SU2-HaarU4-brickwork|n12|d72|i3|dir=rademacher|basis=Z|eta=0,SU2-HaarU4-brickwork|n12|d72|i3,SU2-HaarU4-brickwork,12,72,6.0,3,rademacher,Z,0.0,128,128,2592,128,1.0,4096,4095,0.9893324657197444,0.4900408600933499,0.4953236208679339,0.0016230008534881,0.0094228211593202,616.142621151937,3.948874177496112e-06,503.2263249070971,1,12,0.0025615328311991,0.0029304029304029,0.8741230786467247,-0.0003688700992037,0.0029304029304029,0.0001144327074535,-3.2234673758232044,0.3313920431904171,0.3310231730912134,0.1284411227578757,0.128072252658672,,,0,1.1324274851176595e-14,1.6531919845585753e-15,1.1324274851176595e-14,2.775557561562892e-17,-0.4461348008659889,10,0.2
v2_directions,dense tangent-ensemble robustness: Gaussian versus Rademacher,SU2-HaarU4-brickwork|n12|d72|i3|dir=rademacher|basis=Z|eta=0,SU2-HaarU4-brickwork|n12|d72|i3,SU2-HaarU4-brickwork,12,72,6.0,3,rademacher,Z,0.0,128,128,2592,128,1.0,4096,4095,0.9893324657197444,0.4900408600933499,0.4953236208679339,0.0016230008534881,0.0094228211593202,616.142621151937,3.948874177496112e-06,503.2263249070971,2,78,0.0182617254682197,0.019047619047619,0.958740587081538,-0.0007858935793992,0.019047619047619,0.0002893797103478,-2.715786737275272,0.8380308008436266,0.8372449072642273,0.3248044700463397,0.3240185764669404,,,0,1.1324274851176595e-14,1.6531919845585753e-15,1.1324274851176595e-14,2.775557561562892e-17,-0.4461348008659889,10,0.2
v2_directions,dense tangent-ensemble robustness: Gaussian versus Rademacher,U1-RZ-XY-line|n8|d48|i9|dir=rademacher|basis=Z|eta=0,U1-RZ-XY-line|n8|d48|i9,U1-RZ-XY-line,8,48,6.0,9,rademacher,Z,0.0,128,128,552,128,1.0,70,69,0.7687027278818981,0.3571876183853752,0.4680844801754705,0.0552564520281941,0.0626372609967239,18.097434114838887,0.0035824400058034,16.70746411280465,1,7,0.4420904682031089,0.1014492753623188,4.3577489008592165,0.3406411928407901,0.1014492753623188,0.011200181490324,30.41389937610144,0.5502926257135394,0.2096514328727493,0.5063573394206001,0.16571614657981,,,0,1.3322676295501878e-15,6.94028154393788e-16,1.3322676295501878e-15,5.898059818321144e-17,-0.1318667219749251,10,0.2
v2_directions,dense tangent-ensemble robustness: Gaussian versus Rademacher,U1-RZ-XY-line|n8|d48|i9|dir=rademacher|basis=Z|eta=0,U1-RZ-XY-line|n8|d48|i9,U1-RZ-XY-line,8,48,6.0,9,rademacher,Z,0.0,128,128,552,128,1.0,70,69,0.7687027278818981,0.3571876183853752,0.4680844801754705,0.0552564520281941,0.0626372609967239,18.097434114838887,0.0035824400058034,16.70746411280465,2,27,0.7107802216162833,0.391304347826087,1.8164383441305016,0.3194758737901963,0.391304347826087,0.0181045078139191,17.64620596559805,0.8895192591994854,0.570043385409289,0.8185001659209996,0.4990242921308033,,,0,1.3322676295501878e-15,6.94028154393788e-16,1.3322676295501878e-15,5.898059818321144e-17,-0.1318667219749251,10,0.2
v2_directions,dense tangent-ensemble robustness: Gaussian versus Rademacher,SU2-CNOT-line|n12|d72|i5|dir=gaussian|basis=Z|eta=0,SU2-CNOT-line|n12|d72|i5,SU2-CNOT-line,12,72,6.0,5,gaussian,Z,0.0,128,128,2592,128,1.0,4096,4095,0.9907574451124956,0.4897522823274776,0.4943132321755271,0.0010119777535378,0.0088165716773383,988.1640149736896,1.4698644798189192e-06,824.8241202336579,1,12,0.0029107444381929,0.0029304029304029,0.9932915395333596,-1.9658492209935225e-05,0.0029304029304029,0.0001105890040328,-0.1777617257869467,0.3202608486362934,0.3202411901440835,0.0958453511783015,0.0958256926860915,,,0,1.7763568394002505e-15,1.3759362831095381e-16,1.5543122344752194e-15,2.775557561562892e-17,-0.4577784857052716,10,0.2
v2_directions,dense tangent-ensemble robustness: Gaussian versus Rademacher,SU2-CNOT-line|n12|d72|i5|dir=gaussian|basis=Z|eta=0,SU2-CNOT-line|n12|d72|i5,SU2-CNOT-line,12,72,6.0,5,gaussian,Z,0.0,128,128,2592,128,1.0,4096,4095,0.9907574451124956,0.4897522823274776,0.4943132321755271,0.0010119777535378,0.0088165716773383,988.1640149736896,1.4698644798189192e-06,824.8241202336579,2,78,0.0185504698025877,0.019047619047619,0.9738996646358548,-0.0004971492450313,0.019047619047619,0.0002796596765628,-1.7776936995049035,0.8098820142984454,0.8093848650534141,0.242375633499861,0.2418784842548296,,,0,1.7763568394002505e-15,1.3759362831095381e-16,1.5543122344752194e-15,2.775557561562892e-17,-0.4577784857052716,10,0.2
v2_directions,dense tangent-ensemble robustness: Gaussian versus Rademacher,SU2-HaarU4-brickwork|n12|d72|i1|dir=gaussian|basis=Z|eta=0,SU2-HaarU4-brickwork|n12|d72|i1,SU2-HaarU4-brickwork,12,72,6.0,1,gaussian,Z,0.0,128,128,2592,128,1.0,4096,4095,0.9778920092634094,0.4847336989542171,0.4957156131050024,0.0015771067012536,0.00937728555515,634.0725070821923,3.6045317631221088e-06,526.7148605464894,1,12,0.002653628554497,0.0029304029304029,0.9055507442221028,-0.0002767743759059,0.0029304029304029,0.0001141485012904,-2.42468690150928,0.3305689947528229,0.3302922203769169,0.126285415027975,0.1260086406520691,,,0,1.4765966227514582e-14,1.974138371495841e-15,1.454392162258955e-14,2.949029909160572e-17,-0.4253973178924495,10,0.2
v2_directions,dense tangent-ensemble robustness: Gaussian versus Rademacher,SU2-HaarU4-brickwork|n12|d72|i1|dir=gaussian|basis=Z|eta=0,SU2-HaarU4-brickwork|n12|d72|i1,SU2-HaarU4-brickwork,12,72,6.0,1,gaussian,Z,0.0,128,128,2592,128,1.0,4096,4095,0.9778920092634094,0.4847336989542171,0.4957156131050024,0.0015771067012536,0.00937728555515,634.0725070821923,3.6045317631221088e-06,526.7148605464894,2,78,0.018307463830252,0.019047619047619,0.9611418510882332,-0.0007401552173669,0.019047619047619,0.0002886610041406,-2.564098394830094,0.8359494595577894,0.8352093043404224,0.3193530733927532,0.3186129181753862,,,0,1.4765966227514582e-14,1.974138371495841e-15,1.454392162258955e-14,2.949029909160572e-17,-0.4253973178924495,10,0.2
v2_directions,dense tangent-ensemble robustness: Gaussian versus Rademacher,U1-RZ-XY-line|n8|d48|i7|dir=gaussian|basis=Z|eta=0,U1-RZ-XY-line|n8|d48|i7,U1-RZ-XY-line,8,48,6.0,7,gaussian,Z,0.0,128,128,552,128,1.0,70,69,0.754777321323942,0.3434019814329689,0.4598257901766628,0.0619572823637139,0.0692857410952474,16.140152728610687,0.0049163473270327,14.261943823487323,1,7,0.4537244913289482,0.1014492753623188,4.4724271288139175,0.3522752159666293,0.1014492753623188,0.0119485216971964,29.482744802588137,0.5870604314604877,0.2347852154938583,0.5463927221886257,0.1941175062219963,,,0,7.771561172376097e-16,3.6346726102178325e-16,8.881784197001252e-16,8.326672684688674e-17,-0.1051172382447612,10,0.2
v2_directions,dense tangent-ensemble robustness: Gaussian versus Rademacher,U1-RZ-XY-line|n8|d48|i7|dir=gaussian|basis=Z|eta=0,U1-RZ-XY-line|n8|d48|i7,U1-RZ-XY-line,8,48,6.0,7,gaussian,Z,0.0,128,128,552,128,1.0,70,69,0.754777321323942,0.3434019814329689,0.4598257901766628,0.0619572823637139,0.0692857410952474,16.140152728610687,0.0049163473270327,14.261943823487323,2,27,0.7539578368529731,0.391304347826087,1.9267811386242648,0.3626534890268861,0.391304347826087,0.0193141606337859,18.776559639485583,0.9489524949038672,0.586299005876981,0.8832152690452785,0.5205617800183924,,,0,7.771561172376097e-16,3.6346726102178325e-16,8.881784197001252e-16,8.326672684688674e-17,-0.1051172382447612,10,0.2
v2_directions,dense tangent-ensemble robustness: Gaussian versus Rademacher,U1-RZ-XY-line|n12|d72|i11|dir=gaussian|basis=Z|eta=0,U1-RZ-XY-line|n12|d72|i11,U1-RZ-XY-line,12,72,6.0,11,gaussian,Z,0.0,128,128,1260,128,1.0,924,923,0.752337848546766,0.3474717705389365,0.4608000483211517,0.0259393270760544,0.0335491760832728,38.551501242417935,0.0008820577522619,33.67064914702463,1,11,0.2859795130268908,0.0119176598049837,23.996280956710933,0.274061853221907,0.0119176598049837,0.0009096709348951,301.2758160218711,0.594026264895726,0.3199644116738189,0.5197657855366724,0.2457039323147653,,,0,1.5543122344752194e-15,7.147640956158182e-16,1.5543122344752194e-15,8.673617379884034e-17,-0.2197820372315238,10,0.2
v2_directions,dense tangent-ensemble robustness: Gaussian versus Rademacher,U1-RZ-XY-line|n12|d72|i11|dir=gaussian|basis=Z|eta=0,U1-RZ-XY-line|n12|d72|i11,U1-RZ-XY-line,12,72,6.0,11,gaussian,Z,0.0,128,128,1260,128,1.0,924,923,0.752337848546766,0.3474717705389365,0.4608000483211517,0.0259393270760544,0.0335491760832728,38.551501242417935,0.0008820577522619,33.67064914702463,2,65,0.5402377247313817,0.0704225352112676,7.671375691185619,0.469815189520114,0.0704225352112676,0.0021448201407157,219.0464275308984,1.4005938281510752,0.9307786386309612,1.2255026323365463,0.7556874428164323,,,0,1.5543122344752194e-15,7.147640956158182e-16,1.5543122344752194e-15,8.673617379884034e-17,-0.2197820372315238,10,0.2
v2_directions,dense tangent-ensemble robustness: Gaussian versus Rademacher,SU2-CNOT-line|n12|d72|i5|dir=rademacher|basis=Z|eta=0,SU2-CNOT-line|n12|d72|i5,SU2-CNOT-line,12,72,6.0,5,rademacher,Z,0.0,128,128,2592,128,1.0,4096,4095,0.9946829949452878,0.4929900465963698,0.4956337543972486,0.000984727929218,0.008789534742271,1015.5089241696072,1.4147854066107463e-06,840.7264564857064,1,12,0.002745997623158,0.0029304029304029,0.9370716889026812,-0.0001844053072448,0.0029304029304029,0.0001104144695386,-1.67011903435613,0.3197554044856733,0.3195709991784284,0.0941291224129661,0.0939447171057212,,,0,1.7763568394002505e-15,1.5786221915782288e-16,1.5543122344752194e-15,1.9949319973733282e-17,-0.4651209599264884,10,0.2
v2_directions,dense tangent-ensemble robustness: Gaussian versus Rademacher,SU2-CNOT-line|n12|d72|i5|dir=rademacher|basis=Z|eta=0,SU2-CNOT-line|n12|d72|i5,SU2-CNOT-line,12,72,6.0,5,rademacher,Z,0.0,128,128,2592,128,1.0,4096,4095,0.9946829949452878,0.4929900465963698,0.4956337543972486,0.000984727929218,0.008789534742271,1015.5089241696072,1.4147854066107463e-06,840.7264564857064,2,78,0.0182006850296224,0.019047619047619,0.9555359640551786,-0.0008469340179965,0.019047619047619,0.0002792183102569,-3.033232373683532,0.8086038370608511,0.8077569030428545,0.2380356000072088,0.2371886659892122,,,0,1.7763568394002505e-15,1.5786221915782288e-16,1.5543122344752194e-15,1.9949319973733282e-17,-0.4651209599264884,10,0.2
v2_directions,dense tangent-ensemble robustness: Gaussian versus Rademacher,SU2-HaarU4-brickwork|n12|d72|i1|dir=rademacher|basis=Z|eta=0,SU2-HaarU4-brickwork|n12|d72|i1,SU2-HaarU4-brickwork,12,72,6.0,1,rademacher,Z,0.0,128,128,2592,128,1.0,4096,4095,0.988518946458394,0.4899239166543947,0.49566128237611,0.0016292582267264,0.0094290296468301,613.7762471264019,3.953804876850734e-06,502.91244601633457,1,12,0.0028017272863633,0.0029304029304029,0.9560894364714848,-0.0001286756440396,0.0029304029304029,0.0001144714024788,-1.1240855030441423,0.3315041022666216,0.331375426622582,0.1287322432596653,0.1286035676156257,,,0,1.4765966227514582e-14,2.4459635709562577e-15,1.454392162258955e-14,2.3418766925686896e-17,-0.4433456294513411,10,0.2
v2_directions,dense tangent-ensemble robustness: Gaussian versus Rademacher,SU2-HaarU4-brickwork|n12|d72|i1|dir=rademacher|basis=Z|eta=0,SU2-HaarU4-brickwork|n12|d72|i1,SU2-HaarU4-brickwork,12,72,6.0,1,rademacher,Z,0.0,128,128,2592,128,1.0,4096,4095,0.988518946458394,0.4899239166543947,0.49566128237611,0.0016292582267264,0.0094290296468301,613.7762471264019,3.953804876850734e-06,502.91244601633457,2,78,0.0182898992816765,0.019047619047619,0.9602197122880204,-0.0007577197659424,0.019047619047619,0.0002894775630986,-2.6175422987247656,0.838314178067984,0.8375564583020416,0.3255406613709954,0.324782941605053,,,0,1.4765966227514582e-14,2.4459635709562577e-15,1.454392162258955e-14,2.3418766925686896e-17,-0.4433456294513411,10,0.2
v2_directions,dense tangent-ensemble robustness: Gaussian versus Rademacher,U1-RZ-XY-line|n8|d48|i7|dir=rademacher|basis=Z|eta=0,U1-RZ-XY-line|n8|d48|i7,U1-RZ-XY-line,8,48,6.0,7,rademacher,Z,0.0,128,128,552,128,1.0,70,69,0.7519657773622287,0.3617507327765333,0.4838642458155074,0.0615358368459418,0.0688675881205829,16.25069311243059,0.0045934039061132,14.7547780954497,1,7,0.4688368295229285,0.1014492753623188,4.621391605297438,0.3673875541606096,0.1014492753623188,0.0119028417752728,30.86553287836067,0.5848160638848893,0.2174285097242796,0.5439615571278645,0.1765740029672549,,,0,7.771561172376097e-16,3.295974604355933e-16,8.881784197001252e-16,5.898059818321144e-17,-0.1499816835585069,10,0.2
v2_directions,dense tangent-ensemble robustness: Gaussian versus Rademacher,U1-RZ-XY-line|n8|d48|i7|dir=rademacher|basis=Z|eta=0,U1-RZ-XY-line|n8|d48|i7,U1-RZ-XY-line,8,48,6.0,7,rademacher,Z,0.0,128,128,552,128,1.0,70,69,0.7519657773622287,0.3617507327765333,0.4838642458155074,0.0615358368459418,0.0688675881205829,16.25069311243059,0.0045934039061132,14.7547780954497,2,27,0.7530211522574861,0.391304347826087,1.9243873891024643,0.3617168044313991,0.391304347826087,0.0192403214282231,18.7999356341732,0.945324592057397,0.583607787625998,0.8792854178301439,0.5175686133987447,,,0,7.771561172376097e-16,3.295974604355933e-16,8.881784197001252e-16,5.898059818321144e-17,-0.1499816835585069,10,0.2
v2_directions,dense tangent-ensemble robustness: Gaussian versus Rademacher,U1-RZ-XY-line|n12|d72|i11|dir=rademacher|basis=Z|eta=0,U1-RZ-XY-line|n12|d72|i11,U1-RZ-XY-line,12,72,6.0,11,rademacher,Z,0.0,128,128,1260,128,1.0,924,923,0.7458694463817495,0.3470134264097317,0.4678465976188456,0.0268089766365746,0.0344120315066014,37.300938918933966,0.0009604061439502,32.26803617576396,1,11,0.2942885246275418,0.0119176598049837,24.693482566474646,0.2823708648225581,0.0119176598049837,0.0009216800116395,306.3653993323172,0.6018683391334227,0.3194974743108646,0.5287803049627946,0.2464094401402365,,,0,1.5543122344752194e-15,6.263366791593591e-16,1.5543122344752194e-15,4.8572257327350605e-17,-0.1669611161977481,10,0.2
v2_directions,dense tangent-ensemble robustness: Gaussian versus Rademacher,U1-RZ-XY-line|n12|d72|i11|dir=rademacher|basis=Z|eta=0,U1-RZ-XY-line|n12|d72|i11,U1-RZ-XY-line,12,72,6.0,11,rademacher,Z,0.0,128,128,1260,128,1.0,924,923,0.7458694463817495,0.3470134264097317,0.4678465976188456,0.0268089766365746,0.0344120315066014,37.300938918933966,0.0009604061439502,32.26803617576396,2,65,0.5552972507307179,0.0704225352112676,7.885220960376194,0.4848747155194503,0.0704225352112676,0.0021731351155981,223.12221271431724,1.4190838536369832,0.9342091381175328,1.246757046523419,0.7618823310039687,,,0,1.5543122344752194e-15,6.263366791593591e-16,1.5543122344752194e-15,4.8572257327350605e-17,-0.1669611161977481,10,0.2
v2_directions,dense tangent-ensemble robustness: Gaussian versus Rademacher,SU2-CNOT-line|n8|d48|i2|dir=gaussian|basis=Z|eta=0,SU2-CNOT-line|n8|d48|i2,SU2-CNOT-line,8,48,6.0,2,gaussian,Z,0.0,128,128,1152,128,1.0,256,255,0.9856752351239136,0.4939324100218234,0.5013509431326073,0.0056760840108769,0.0134442396045419,176.17780111846864,3.78237001352165e-05,162.59904634419036,1,8,0.032525954321708,0.0313725490196078,1.036764794004444,0.0011534053021002,0.0313725490196078,0.0015036070290718,0.7670922520308985,0.2716456591232721,0.2704922538211719,0.1166009181285906,0.1154475128264904,,,0,2.997602166487923e-15,4.4366909454865583e-16,3.1086244689504387e-15,4.8572257327350605e-17,-0.3656684071702433,10,0.2
v2_directions,dense tangent-ensemble robustness: Gaussian versus Rademacher,SU2-CNOT-line|n8|d48|i2|dir=gaussian|basis=Z|eta=0,SU2-CNOT-line|n8|d48|i2,SU2-CNOT-line,8,48,6.0,2,gaussian,Z,0.0,128,128,1152,128,1.0,256,255,0.9856752351239136,0.4939324100218234,0.5013509431326073,0.0056760840108769,0.0134442396045419,176.17780111846864,3.78237001352165e-05,162.59904634419036,2,36,0.1413349834595132,0.1411764705882353,1.0011227995048857,0.0001585128712779,0.1411764705882353,0.0030034069746345,0.0527776863464466,0.5426035203783716,0.5424450075070936,0.2329066065701888,0.2327480936989108,,,0,2.997602166487923e-15,4.4366909454865583e-16,3.1086244689504387e-15,4.8572257327350605e-17,-0.3656684071702433,10,0.2
v2_directions,dense tangent-ensemble robustness: Gaussian versus Rademacher,SU2-CNOT-line|n12|d72|i8|dir=gaussian|basis=Z|eta=0,SU2-CNOT-line|n12|d72|i8,SU2-CNOT-line,12,72,6.0,8,gaussian,Z,0.0,128,128,2592,128,1.0,4096,4095,0.990763499825906,0.4900242349941953,0.494611212028715,0.0010217444011459,0.0088262620230119,978.7183554697784,1.5845136365937506e-06,794.4233660890064,1,12,0.0027669041419198,0.0029304029304029,0.9442060384301464,-0.000163498788483,0.0029304029304029,0.0001106514921672,-1.4776012982815443,0.3204418115008003,0.3202783127123172,0.0964530334993973,0.0962895347109143,,,0,7.993605777301127e-15,1.0148234499154773e-15,7.771561172376096e-15,1.9949319973733282e-17,-0.4530769006312146,10,0.2
v2_directions,dense tangent-ensemble robustness: Gaussian versus Rademacher,SU2-CNOT-line|n12|d72|i8|dir=gaussian|basis=Z|eta=0,SU2-CNOT-line|n12|d72|i8,SU2-CNOT-line,12,72,6.0,8,gaussian,Z,0.0,128,128,2592,128,1.0,4096,4095,0.990763499825906,0.4900242349941953,0.494611212028715,0.0010217444011459,0.0088262620230119,978.7183554697784,1.5845136365937506e-06,794.4233660890064,2,78,0.0185426689445087,0.019047619047619,0.9734901195867084,-0.0005049501031103,0.019047619047619,0.000279817697802,-1.8045681423181863,0.81033963679537,0.8098346866922597,0.243912352659753,0.2434074025566427,,,0,7.993605777301127e-15,1.0148234499154773e-15,7.771561172376096e-15,1.9949319973733282e-17,-0.4530769006312146,10,0.2
v2_directions,dense tangent-ensemble robustness: Gaussian versus Rademacher,SU2-HaarU4-brickwork|n12|d72|i4|dir=gaussian|basis=Z|eta=0,SU2-HaarU4-brickwork|n12|d72|i4,SU2-HaarU4-brickwork,12,72,6.0,4,gaussian,Z,0.0,128,128,2592,128,1.0,4096,4095,1.0001387041914545,0.4936422103674232,0.4935506370954566,0.0016494196526187,0.0094490335615826,606.2738481455227,4.327364978268726e-06,480.715623351237,1,12,0.002923473723371,0.0029304029304029,0.9976354081003648,-6.929207031898272e-06,0.0029304029304029,0.0001145959900261,-0.0604664005286527,0.3318649022754035,0.3318579730683716,0.1296657957680212,0.1296588665609893,,,0,1.6653345369377348e-14,2.7512726633932096e-15,1.6764367671839864e-14,2.862293735361732e-17,-0.4415096191065848,10,0.2
v2_directions,dense tangent-ensemble robustness: Gaussian versus Rademacher,SU2-HaarU4-brickwork|n12|d72|i4|dir=gaussian|basis=Z|eta=0,SU2-HaarU4-brickwork|n12|d72|i4,SU2-HaarU4-brickwork,12,72,6.0,4,gaussian,Z,0.0,128,128,2592,128,1.0,4096,4095,1.0001387041914545,0.4936422103674232,0.4935506370954566,0.0016494196526187,0.0094490335615826,606.2738481455227,4.327364978268726e-06,480.715623351237,2,78,0.0185466348242546,0.019047619047619,0.9736983282733698,-0.0005009842233643,0.019047619047619,0.0002897926225702,-1.7287680373673902,0.8392265763180836,0.8387255920947192,0.3279014475524475,0.3274004633290831,,,0,1.6653345369377348e-14,2.7512726633932096e-15,1.6764367671839864e-14,2.862293735361732e-17,-0.4415096191065848,10,0.2
v2_directions,dense tangent-ensemble robustness: Gaussian versus Rademacher,U1-RZ-XY-line|n8|d48|i10|dir=gaussian|basis=Z|eta=0,U1-RZ-XY-line|n8|d48|i10,U1-RZ-XY-line,8,48,6.0,10,gaussian,Z,0.0,128,128,552,128,1.0,70,69,0.7204576161398272,0.335868773379403,0.4684310427561934,0.0603440581331071,0.0676851201789422,16.57163987536595,0.0043716514282742,15.124368031871231,1,7,0.4286020904442971,0.1014492753623188,4.2247920343795,0.3271528150819782,0.1014492753623188,0.0117727072026212,27.78908958248249,0.5784222303793836,0.2512694152974053,0.5370270572799787,0.2098742421980004,,,0,6.661338147750939e-16,3.9597699537089767e-16,6.661338147750939e-16,7.112366251504909e-17,-0.135226930112362,10,0.2
v2_directions,dense tangent-ensemble robustness: Gaussian versus Rademacher,U1-RZ-XY-line|n8|d48|i10|dir=gaussian|basis=Z|eta=0,U1-RZ-XY-line|n8|d48|i10,U1-RZ-XY-line,8,48,6.0,10,gaussian,Z,0.0,128,128,552,128,1.0,70,69,0.7204576161398272,0.335868773379403,0.4684310427561934,0.0603440581331071,0.0676851201789422,16.57163987536595,0.0043716514282742,15.124368031871231,2,27,0.798367689485564,0.391304347826087,2.040272984240885,0.407063341659477,0.391304347826087,0.0190299656951961,21.390650313270616,0.9349892944766096,0.5279259528171325,0.8680761613738864,0.4610128197144094,,,0,6.661338147750939e-16,3.9597699537089767e-16,6.661338147750939e-16,7.112366251504909e-17,-0.135226930112362,10,0.2
v2_directions,dense tangent-ensemble robustness: Gaussian versus Rademacher,SU2-CNOT-line|n8|d48|i2|dir=rademacher|basis=Z|eta=0,SU2-CNOT-line|n8|d48|i2,SU2-CNOT-line,8,48,6.0,2,rademacher,Z,0.0,128,128,1152,128,1.0,256,255,0.997523569421498,0.4932286134417853,0.4943976145985407,0.0058369686337451,0.013603867316294,171.32180464680107,4.244856301960011e-05,153.4859064960587,1,8,0.0332509276283282,0.0313725490196078,1.0598733181529638,0.0018783786087204,0.0313725490196078,0.0015161570712626,1.2389076595844684,0.2739129832425599,0.2720346046338395,0.1218296852398328,0.1199513066311124,,,0,2.997602166487923e-15,7.275331040404289e-16,3.1086244689504387e-15,5.551115123125783e-17,-0.3869282169682168,10,0.2
v2_directions,dense tangent-ensemble robustness: Gaussian versus Rademacher,SU2-CNOT-line|n8|d48|i2|dir=rademacher|basis=Z|eta=0,SU2-CNOT-line|n8|d48|i2,SU2-CNOT-line,8,48,6.0,2,rademacher,Z,0.0,128,128,1152,128,1.0,256,255,0.997523569421498,0.4932286134417853,0.4943976145985407,0.0058369686337451,0.013603867316294,171.32180464680107,4.244856301960011e-05,153.4859064960587,2,36,0.1425736687146999,0.1411764705882353,1.009896820062458,0.0013971981264646,0.1411764705882353,0.0030284752827224,0.461353650279313,0.5471324278269022,0.5457352297004375,0.243350901726443,0.2419537035999784,,,0,2.997602166487923e-15,7.275331040404289e-16,3.1086244689504387e-15,5.551115123125783e-17,-0.3869282169682168,10,0.2
v2_directions,dense tangent-ensemble robustness: Gaussian versus Rademacher,SU2-CNOT-line|n12|d72|i8|dir=rademacher|basis=Z|eta=0,SU2-CNOT-line|n12|d72|i8,SU2-CNOT-line,12,72,6.0,8,rademacher,Z,0.0,128,128,2592,128,1.0,4096,4095,0.9921955837679944,0.4891634161696608,0.4929921204525664,0.0010358630801567,0.0088402703998429,965.3785516216184,1.636689332375543e-06,781.6581746061437,1,12,0.0027797201020931,0.0029304029304029,0.9485794848392703,-0.0001506828283098,0.0029304029304029,0.0001107417627702,-1.3606685006665475,0.3207032311618085,0.3205525483334987,0.0973247930300657,0.0971741102017559,,,0,7.993605777301127e-15,8.378805299837066e-16,7.771561172376096e-15,2.6129272356900657e-17,-0.454636128897732,10,0.2
v2_directions,dense tangent-ensemble robustness: Gaussian versus Rademacher,SU2-CNOT-line|n12|d72|i8|dir=rademacher|basis=Z|eta=0,SU2-CNOT-line|n12|d72|i8,SU2-CNOT-line,12,72,6.0,8,rademacher,Z,0.0,128,128,2592,128,1.0,4096,4095,0.9921955837679944,0.4891634161696608,0.4929921204525664,0.0010358630801567,0.0088402703998429,965.3785516216184,1.636689332375543e-06,781.6581746061437,2,78,0.0187997433600468,0.019047619047619,0.9869865264024577,-0.0002478756875722,0.019047619047619,0.0002800459759014,-0.8851249755486209,0.8110007200421547,0.8107528443545825,0.2461168755281833,0.245868999840611,,,0,7.993605777301127e-15,8.378805299837066e-16,7.771561172376096e-15,2.6129272356900657e-17,-0.454636128897732,10,0.2
v2_directions,dense tangent-ensemble robustness: Gaussian versus Rademacher,SU2-HaarU4-brickwork|n12|d72|i4|dir=rademacher|basis=Z|eta=0,SU2-HaarU4-brickwork|n12|d72|i4,SU2-HaarU4-brickwork,12,72,6.0,4,rademacher,Z,0.0,128,128,2592,128,1.0,4096,4095,0.9852935574796208,0.4874631788037322,0.4946818891810506,0.0015908423485489,0.0093909138927008,628.5977997204664,3.770398719916328e-06,514.9989698769652,1,12,0.0026954097586534,0.0029304029304029,0.9198085801404968,-0.0002349931717494,0.0029304029304029,0.0001142336354128,-2.057127665597278,0.3308155393935695,0.33058054622182,0.1269344350621959,0.1266994418904465,,,0,1.6653345369377348e-14,2.412589126040936e-15,1.6764367671839864e-14,2.949029909160572e-17,-0.4337169042032676,10,0.2
v2_directions,dense tangent-ensemble robustness: Gaussian versus Rademacher,SU2-HaarU4-brickwork|n12|d72|i4|dir=rademacher|basis=Z|eta=0,SU2-HaarU4-brickwork|n12|d72|i4,SU2-HaarU4-brickwork,12,72,6.0,4,rademacher,Z,0.0,128,128,2592,128,1.0,4096,4095,0.9852935574796208,0.4874631788037322,0.4946818891810506,0.0015908423485489,0.0093909138927008,628.5977997204664,3.770398719916328e-06,514.9989698769652,2,78,0.0182265606916006,0.019047619047619,0.956894436309035,-0.0008210583560183,0.019047619047619,0.0002888762930052,-2.8422490038096333,0.836572926556995,0.8357518682009766,0.3209943281851296,0.3201732698291112,,,0,1.6653345369377348e-14,2.412589126040936e-15,1.6764367671839864e-14,2.949029909160572e-17,-0.4337169042032676,10,0.2
v2_directions,dense tangent-ensemble robustness: Gaussian versus Rademacher,U1-RZ-XY-line|n8|d48|i10|dir=rademacher|basis=Z|eta=0,U1-RZ-XY-line|n8|d48|i10,U1-RZ-XY-line,8,48,6.0,10,rademacher,Z,0.0,128,128,552,128,1.0,70,69,0.6954779387917398,0.3374377639423038,0.4826972045225586,0.0602376952208448,0.067579588226932,16.600900753818294,0.0044061729250349,15.065003303625335,1,7,0.4461426323815438,0.1014492753623188,4.397691662046646,0.344693357019225,0.1014492753623188,0.0117610230674443,29.30810993589232,0.5778481599117554,0.2331548028925304,0.5364038151873811,0.1917104581681561,,,0,6.661338147750939e-16,3.7050968628857874e-16,6.661338147750939e-16,9.714451465470121e-17,-0.1293179598588206,10,0.2
v2_directions,dense tangent-ensemble robustness: Gaussian versus Rademacher,U1-RZ-XY-line|n8|d48|i10|dir=rademacher|basis=Z|eta=0,U1-RZ-XY-line|n8|d48|i10,U1-RZ-XY-line,8,48,6.0,10,rademacher,Z,0.0,128,128,552,128,1.0,70,69,0.6954779387917398,0.3374377639423038,0.4826972045225586,0.0602376952208448,0.067579588226932,16.600900753818294,0.0044061729250349,15.065003303625335,2,27,0.7909573303734452,0.391304347826087,2.021335399843249,0.3996529825473582,0.391304347826087,0.0190110789015499,21.022109508723144,0.9340613395791026,0.5344083570317444,0.8670687231153955,0.4674157405680373,,,0,6.661338147750939e-16,3.7050968628857874e-16,6.661338147750939e-16,9.714451465470121e-17,-0.1293179598588206,10,0.2
v2_directions,dense tangent-ensemble robustness: Gaussian versus Rademacher,SU2-CNOT-line|n8|d48|i3|dir=gaussian|basis=Z|eta=0,SU2-CNOT-line|n8|d48|i3,SU2-CNOT-line,8,48,6.0,3,gaussian,Z,0.0,128,128,1152,128,1.0,256,255,0.977680903727894,0.4813371610316747,0.492244910481098,0.0058381703607107,0.0136050596547677,171.2865398258526,4.328301589212035e-05,151.99917926960973,1,8,0.0294544770879062,0.0313725490196078,0.9388614571770116,-0.0019180719317015,0.0313725490196078,0.001516250422894,-1.2650099896035716,0.2739298483974511,0.2720117764657496,0.121867897378499,0.1199498254467974,,,0,8.881784197001252e-16,1.406437154598422e-16,8.881784197001252e-16,5.2041704279304207e-17,-0.3656434120877057,10,0.2
v2_directions,dense tangent-ensemble robustness: Gaussian versus Rademacher,SU2-CNOT-line|n8|d48|i3|dir=gaussian|basis=Z|eta=0,SU2-CNOT-line|n8|d48|i3,SU2-CNOT-line,8,48,6.0,3,gaussian,Z,0.0,128,128,1152,128,1.0,256,255,0.977680903727894,0.4813371610316747,0.492244910481098,0.0058381703607107,0.0136050596547677,171.2865398258526,4.328301589212035e-05,151.99917926960973,2,36,0.1360032732229866,0.1411764705882353,0.9633565186628218,-0.0051731973652486,0.1411764705882353,0.0030286617496219,-1.7080802654487333,0.5471661154346674,0.5419929180694187,0.2434272292518979,0.2382540318866492,,,0,8.881784197001252e-16,1.406437154598422e-16,8.881784197001252e-16,5.2041704279304207e-17,-0.3656434120877057,10,0.2
v2_directions,dense tangent-ensemble robustness: Gaussian versus Rademacher,SU2-CNOT-line|n12|d72|i9|dir=gaussian|basis=Z|eta=0,SU2-CNOT-line|n12|d72|i9,SU2-CNOT-line,12,72,6.0,9,gaussian,Z,0.0,128,128,2592,128,1.0,4096,4095,0.9916974607765968,0.4898632722336569,0.4939998137654789,0.0010009764669618,0.0088056563383137,999.0244855956996,1.383484392603551e-06,850.1838833491171,1,12,0.0029530896717369,0.0029304029304029,1.007741850480236,2.2686741334025044e-05,0.0029304029304029,0.0001105185742231,0.205275371072113,0.3200568870326673,0.3200342002913333,0.0951562019103832,0.0951335151690492,,,0,4.218847493575595e-15,5.87250177575384e-16,4.440892098500626e-15,2.4286128663675302e-17,-0.4669452579072933,10,0.2
v2_directions,dense tangent-ensemble robustness: Gaussian versus Rademacher,SU2-CNOT-line|n12|d72|i9|dir=gaussian|basis=Z|eta=0,SU2-CNOT-line|n12|d72|i9,SU2-CNOT-line,12,72,6.0,9,gaussian,Z,0.0,128,128,2592,128,1.0,4096,4095,0.9916974607765968,0.4898632722336569,0.4939998137654789,0.0010009764669618,0.0088056563383137,999.0244855956996,1.383484392603551e-06,850.1838833491171,2,78,0.0187422803795423,0.019047619047619,0.9839697199259736,-0.0003053386680766,0.019047619047619,0.0002794815722571,-1.092518070550303,0.8093662321318533,0.8090608934637766,0.2406328991018523,0.2403275604337756,,,0,4.218847493575595e-15,5.87250177575384e-16,4.440892098500626e-15,2.4286128663675302e-17,-0.4669452579072933,10,0.2
v2_directions,dense tangent-ensemble robustness: Gaussian versus Rademacher,SU2-HaarU4-brickwork|n12|d72|i5|dir=gaussian|basis=Z|eta=0,SU2-HaarU4-brickwork|n12|d72|i5,SU2-HaarU4-brickwork,12,72,6.0,5,gaussian,Z,0.0,128,128,2592,128,1.0,4096,4095,0.988784850122851,0.490847907574135,0.496422736088376,0.0015309146676033,0.0093314543967626,653.2042713821075,3.478910785668282e-06,536.140177945834,1,12,0.0026273549221758,0.0029304029304029,0.8965848671925158,-0.000303048008227,0.0029304029304029,0.0001138617341376,-2.661543937674008,0.3297385298025895,0.3294354817943624,0.1240779028684543,0.1237748548602272,,,0,1.4765966227514582e-14,2.024865080060343e-15,1.4876988529977098e-14,2.190088388420719e-17,-0.4302743802084052,10,0.2
v2_directions,dense tangent-ensemble robustness: Gaussian versus Rademacher,SU2-HaarU4-brickwork|n12|d72|i5|dir=gaussian|basis=Z|eta=0,SU2-HaarU4-brickwork|n12|d72|i5,SU2-HaarU4-brickwork,12,72,6.0,5,gaussian,Z,0.0,128,128,2592,128,1.0,4096,4095,0.988784850122851,0.490847907574135,0.496422736088376,0.0015309146676033,0.0093314543967626,653.2042713821075,3.478910785668282e-06,536.140177945834,2,78,0.0180662756903482,0.019047619047619,0.9484794737432836,-0.0009813433572707,0.019047619047619,0.0002879358216515,-3.4082017014838333,0.8338493632470376,0.8328680198897669,0.3137706726654905,0.3127893293082197,,,0,1.4765966227514582e-14,2.024865080060343e-15,1.4876988529977098e-14,2.190088388420719e-17,-0.4302743802084052,10,0.2
v2_directions,dense tangent-ensemble robustness: Gaussian versus Rademacher,U1-RZ-XY-line|n8|d48|i11|dir=gaussian|basis=Z|eta=0,U1-RZ-XY-line|n8|d48|i11,U1-RZ-XY-line,8,48,6.0,11,gaussian,Z,0.0,128,128,552,128,1.0,70,69,0.7464891004397891,0.3494396759469239,0.4746879756490318,0.0550155434911298,0.0623982345576054,18.17668128937469,0.0035834539874856,16.705100155960952,1,7,0.3969123368200697,0.1014492753623188,3.9124216057978303,0.2954630614577509,0.1014492753623188,0.0111723437289101,26.445933693679272,0.5489248876250367,0.2534618261672857,0.5048588668145336,0.2093958053567827,,,0,1.1102230246251563e-16,1.8309346819176894e-16,1.1102230246251563e-16,9.714451465470121e-17,-0.1513252142512226,10,0.2
v2_directions,dense tangent-ensemble robustness: Gaussian versus Rademacher,U1-RZ-XY-line|n8|d48|i11|dir=gaussian|basis=Z|eta=0,U1-RZ-XY-line|n8|d48|i11,U1-RZ-XY-line,8,48,6.0,11,gaussian,Z,0.0,128,128,552,128,1.0,70,69,0.7464891004397891,0.3494396759469239,0.4746879756490318,0.0550155434911298,0.0623982345576054,18.17668128937469,0.0035834539874856,16.705100155960952,2,27,0.7430612928554423,0.391304347826087,1.8989344150750191,0.3517569450293553,0.391304347826087,0.0180595095280006,19.477657711798223,0.8873083820871737,0.5355514370578183,0.8160779632960766,0.4643210182667213,,,0,1.1102230246251563e-16,1.8309346819176894e-16,1.1102230246251563e-16,9.714451465470121e-17,-0.1513252142512226,10,0.2
v2_directions,dense tangent-ensemble robustness: Gaussian versus Rademacher,SU2-CNOT-line|n8|d48|i3|dir=rademacher|basis=Z|eta=0,SU2-CNOT-line|n8|d48|i3,SU2-CNOT-line,8,48,6.0,3,rademacher,Z,0.0,128,128,1152,128,1.0,256,255,0.9790770601181986,0.4821335498566364,0.4923177486150509,0.0058599714978286,0.0136266904705019,170.64929417669208,4.331065912840821e-05,151.95066442391834,1,8,0.0284460803502754,0.0313725490196078,0.9067188111650288,-0.0029264686693324,0.0313725490196078,0.0015179429652884,-1.9279174094504383,0.274235627623962,0.2713091589546296,0.1225590545429277,0.1196325858735952,,,0,5.551115123125784e-16,1.4262760966092848e-16,6.661338147750939e-16,4.8572257327350605e-17,-0.3916402394729409,10,0.2
v2_directions,dense tangent-ensemble robustness: Gaussian versus Rademacher,SU2-CNOT-line|n8|d48|i3|dir=rademacher|basis=Z|eta=0,SU2-CNOT-line|n8|d48|i3,SU2-CNOT-line,8,48,6.0,3,rademacher,Z,0.0,128,128,1152,128,1.0,256,255,0.9790770601181986,0.4821335498566364,0.4923177486150509,0.0058599714978286,0.0136266904705019,170.64929417669208,4.331065912840821e-05,151.95066442391834,2,36,0.1359286921105404,0.1411764705882353,0.9628282357829951,-0.0052477784776948,0.1411764705882353,0.0030320425489491,-1.7307733625023147,0.5477768996647517,0.5425291211870569,0.2448077935935632,0.2395600151158684,,,0,5.551115123125784e-16,1.4262760966092848e-16,6.661338147750939e-16,4.8572257327350605e-17,-0.3916402394729409,10,0.2
v2_directions,dense tangent-ensemble robustness: Gaussian versus Rademacher,SU2-CNOT-line|n12|d72|i9|dir=rademacher|basis=Z|eta=0,SU2-CNOT-line|n12|d72|i9,SU2-CNOT-line,12,72,6.0,9,rademacher,Z,0.0,128,128,2592,128,1.0,4096,4095,0.9894651071892212,0.4886369541439926,0.4938194256640971,0.0010079869077579,0.008812612010041,992.0763774842396,1.4596792405800349e-06,827.6968153605907,1,12,0.0027695182705775,0.0029304029304029,0.9450981098345994,-0.0001608846598253,0.0029304029304029,0.0001105634599785,-1.455134090923809,0.3201868741886827,0.3200259895288574,0.0955959284204447,0.0954350437606193,,,0,3.996802888650564e-15,6.375132375851023e-16,4.218847493575595e-15,4.380176776841438e-17,-0.4687983501555451,10,0.2
v2_directions,dense tangent-ensemble robustness: Gaussian versus Rademacher,SU2-CNOT-line|n12|d72|i9|dir=rademacher|basis=Z|eta=0,SU2-CNOT-line|n12|d72|i9,SU2-CNOT-line,12,72,6.0,9,rademacher,Z,0.0,128,128,2592,128,1.0,4096,4095,0.9894651071892212,0.4886369541439926,0.4938194256640971,0.0010079869077579,0.008812612010041,992.0763774842396,1.4596792405800349e-06,827.6968153605907,2,78,0.0186001913732983,0.019047619047619,0.9765100470981648,-0.0004474276743206,0.019047619047619,0.0002795950802496,-1.6002701976058562,0.8096949462416017,0.8092475185672809,0.2417448882607689,0.2412974605864482,,,0,3.996802888650564e-15,6.375132375851023e-16,4.218847493575595e-15,4.380176776841438e-17,-0.4687983501555451,10,0.2
v2_directions,dense tangent-ensemble robustness: Gaussian versus Rademacher,SU2-HaarU4-brickwork|n12|d72|i5|dir=rademacher|basis=Z|eta=0,SU2-HaarU4-brickwork|n12|d72|i5,SU2-HaarU4-brickwork,12,72,6.0,5,rademacher,Z,0.0,128,128,2592,128,1.0,4096,4095,0.9935980502223892,0.4916616088032967,0.4947880983364303,0.0015582608369814,0.0093585869241924,641.7410848476144,3.6696640084742623e-06,522.0196471833624,1,12,0.0027084997070764,0.0029304029304029,0.9242755250398532,-0.0002219032233264,0.0029304029304029,0.0001140315903986,-1.945980254687237,0.3302304259977818,0.3300085227744554,0.1253894668193154,0.125167563595989,,,0,9.769962616701378e-15,1.6488692643645245e-15,9.992007221626407e-15,2.125036258071589e-17,-0.4427411401710142,10,0.2
v2_directions,dense tangent-ensemble robustness: Gaussian versus Rademacher,SU2-HaarU4-brickwork|n12|d72|i5|dir=rademacher|basis=Z|eta=0,SU2-HaarU4-brickwork|n12|d72|i5,SU2-HaarU4-brickwork,12,72,6.0,5,rademacher,Z,0.0,128,128,2592,128,1.0,4096,4095,0.9935980502223892,0.4916616088032967,0.4947880983364303,0.0015582608369814,0.0093585869241924,641.7410848476144,3.6696640084742623e-06,522.0196471833624,2,78,0.0181408284482975,0.019047619047619,0.9523934935356212,-0.0009067905993214,0.019047619047619,0.0002883653575483,-3.144589235790591,0.8350932801450427,0.8341864895457212,0.3170873817135295,0.316180591114208,,,0,9.769962616701378e-15,1.6488692643645245e-15,9.992007221626407e-15,2.125036258071589e-17,-0.4427411401710142,10,0.2
v2_directions,dense tangent-ensemble robustness: Gaussian versus Rademacher,U1-RZ-XY-line|n8|d48|i11|dir=rademacher|basis=Z|eta=0,U1-RZ-XY-line|n8|d48|i11,U1-RZ-XY-line,8,48,6.0,11,rademacher,Z,0.0,128,128,552,128,1.0,70,69,0.7299929086414283,0.346067658916619,0.4727812214927782,0.0582518211732727,0.0656092288203566,17.16684525665649,0.0042025255830871,15.42569773117604,1,7,0.4459327909769486,0.1014492753623188,4.395623225344208,0.3444835156146298,0.1014492753623188,0.011540699580723,29.84944831161161,0.5670231219318809,0.222539606317251,0.5246314830394597,0.1801479674248299,,,0,2.220446049250313e-16,1.8054463245622663e-16,4.440892098500626e-16,7.979727989493313e-17,-0.1638796007313316,10,0.2
v2_directions,dense tangent-ensemble robustness: Gaussian versus Rademacher,U1-RZ-XY-line|n8|d48|i11|dir=rademacher|basis=Z|eta=0,U1-RZ-XY-line|n8|d48|i11,U1-RZ-XY-line,8,48,6.0,11,rademacher,Z,0.0,128,128,552,128,1.0,70,69,0.7299929086414283,0.346067658916619,0.4727812214927782,0.0582518211732727,0.0656092288203566,17.16684525665649,0.0042025255830871,15.42569773117604,2,27,0.7598891235495762,0.391304347826087,1.9419388712933607,0.3685847757234892,0.391304347826087,0.0186549375041643,19.75802790232938,0.9165632316366624,0.5479784559131733,0.848039363676513,0.4794545879530238,,,0,2.220446049250313e-16,1.8054463245622663e-16,4.440892098500626e-16,7.979727989493313e-17,-0.1638796007313316,10,0.2
v2_directions,dense tangent-ensemble robustness: Gaussian versus Rademacher,SU2-CNOT-line|n8|d48|i4|dir=gaussian|basis=Z|eta=0,SU2-CNOT-line|n8|d48|i4,SU2-CNOT-line,8,48,6.0,4,gaussian,Z,0.0,128,128,1152,128,1.0,256,255,0.9920926840734436,0.4905333700191599,0.4945445630971558,0.0058666412895394,0.0136333081544649,170.45528278387292,4.465939350882087e-05,149.63858387899907,1,8,0.0335364623005543,0.0313725490196078,1.0689747358301689,0.0021639132809464,0.0313725490196078,0.0015184604010898,1.4250706040100785,0.2743291089569181,0.2721651956759716,0.1227697283421429,0.1206058150611964,,,0,4.440892098500626e-16,9.020979066276895e-17,2.220446049250313e-16,5.898059818321144e-17,-0.3937726722971495,10,0.2
v2_directions,dense tangent-ensemble robustness: Gaussian versus Rademacher,SU2-CNOT-line|n8|d48|i4|dir=gaussian|basis=Z|eta=0,SU2-CNOT-line|n8|d48|i4,SU2-CNOT-line,8,48,6.0,4,gaussian,Z,0.0,128,128,1152,128,1.0,256,255,0.9920926840734436,0.4905333700191599,0.4945445630971558,0.0058666412895394,0.0136333081544649,170.45528278387292,4.465939350882087e-05,149.63858387899907,2,36,0.140501212404748,0.1411764705882353,0.9952169212002984,-0.0006752581834872,0.1411764705882353,0.0030330761104214,-0.2226314668356462,0.5479636256390056,0.5472883674555182,0.2452286077728679,0.2445533495893806,,,0,4.440892098500626e-16,9.020979066276895e-17,2.220446049250313e-16,5.898059818321144e-17,-0.3937726722971495,10,0.2
v2_directions,dense tangent-ensemble robustness: Gaussian versus Rademacher,SU2-HaarU4-brickwork|n8|d48|i0|dir=gaussian|basis=Z|eta=0,SU2-HaarU4-brickwork|n8|d48|i0,SU2-HaarU4-brickwork,8,48,6.0,0,gaussian,Z,0.0,128,128,1152,128,1.0,256,255,0.9759815033995036,0.484304060825426,0.4959743389686816,0.0076427919030366,0.0153955825912941,130.84223837138413,8.121948246880901e-05,110.96087967664975,1,8,0.02680808417696,0.0313725490196078,0.8545076831406002,-0.0045644648426478,0.0313725490196078,0.001650489040166,-2.7655226612038555,0.2981817552877548,0.293617290445107,0.1698111660865541,0.1652467012439063,,,0,1.1102230246251564e-14,2.241300493103484e-15,1.1102230246251564e-14,5.551115123125783e-17,-0.3612832113331188,10,0.2
v2_directions,dense tangent-ensemble robustness: Gaussian versus Rademacher,SU2-HaarU4-brickwork|n8|d48|i0|dir=gaussian|basis=Z|eta=0,SU2-HaarU4-brickwork|n8|d48|i0,SU2-HaarU4-brickwork,8,48,6.0,0,gaussian,Z,0.0,128,128,1152,128,1.0,256,255,0.9759815033995036,0.484304060825426,0.4959743389686816,0.0076427919030366,0.0153955825912941,130.84223837138413,8.121948246880901e-05,110.96087967664975,2,36,0.1384467316445381,0.1411764705882353,0.9806643491488118,-0.0027297389436971,0.1411764705882353,0.0032967990964052,-0.8279967519627036,0.5956085241852365,0.5928787852415394,0.3391923758896057,0.3364626369459085,,,0,1.1102230246251564e-14,2.241300493103484e-15,1.1102230246251564e-14,5.551115123125783e-17,-0.3612832113331188,10,0.2
v2_directions,dense tangent-ensemble robustness: Gaussian versus Rademacher,SU2-HaarU4-brickwork|n12|d72|i6|dir=gaussian|basis=Z|eta=0,SU2-HaarU4-brickwork|n12|d72|i6,SU2-HaarU4-brickwork,12,72,6.0,6,gaussian,Z,0.0,128,128,2592,128,1.0,4096,4095,0.9905908927708756,0.4916520085879216,0.4963411813559474,0.0016249232708499,0.0094247285577964,615.4136739496136,4.174675130144619e-06,489.427826560592,1,12,0.002638224465507,0.0029304029304029,0.9002940988542957,-0.0002921784648958,0.0029304029304029,0.0001144445968994,-2.5530123117344394,0.3314264744981618,0.331134296033266,0.1285306322327725,0.1282384537678766,,,0,2.1649348980190556e-14,2.834538292451384e-15,2.1760371282653068e-14,2.4936649967166602e-17,-0.4493459643221566,10,0.2
v2_directions,dense tangent-ensemble robustness: Gaussian versus Rademacher,SU2-HaarU4-brickwork|n12|d72|i6|dir=gaussian|basis=Z|eta=0,SU2-HaarU4-brickwork|n12|d72|i6,SU2-HaarU4-brickwork,12,72,6.0,6,gaussian,Z,0.0,128,128,2592,128,1.0,4096,4095,0.9905908927708756,0.4916520085879216,0.4963411813559474,0.0016249232708499,0.0094247285577964,615.4136739496136,4.174675130144619e-06,489.427826560592,2,78,0.0180130428393817,0.019047619047619,0.9456847490675416,-0.0010345762082373,0.019047619047619,0.0002894097766154,-3.5747797477202448,0.8381178714205954,0.837083295212358,0.3250308233896749,0.3239962471814376,,,0,2.1649348980190556e-14,2.834538292451384e-15,2.1760371282653068e-14,2.4936649967166602e-17,-0.4493459643221566,10,0.2
v2_directions,dense tangent-ensemble robustness: Gaussian versus Rademacher,U1-RZ-XY-line|n12|d72|i0|dir=gaussian|basis=Z|eta=0,U1-RZ-XY-line|n12|d72|i0,U1-RZ-XY-line,12,72,6.0,0,gaussian,Z,0.0,128,128,1260,128,1.0,924,923,0.7423080609278903,0.3442580333272811,0.4652985830316699,0.0241776843509566,0.0318012961919648,41.36045394109187,0.0007161401670459,37.3680971519317,1,11,0.2772860791992887,0.0119176598049837,23.2668228273585,0.2653684193943049,0.0119176598049837,0.0008848448945558,299.9038826205828,0.5778145564095364,0.3124461370152314,0.5010083263620775,0.2356399069677725,,,0,4.440892098500626e-15,2.034857256944261e-15,4.440892098500626e-15,5.551115123125783e-17,-0.1934442820482523,10,0.2
v2_directions,dense tangent-ensemble robustness: Gaussian versus Rademacher,U1-RZ-XY-line|n12|d72|i0|dir=gaussian|basis=Z|eta=0,U1-RZ-XY-line|n12|d72|i0,U1-RZ-XY-line,12,72,6.0,0,gaussian,Z,0.0,128,128,1260,128,1.0,924,923,0.7423080609278903,0.3442580333272811,0.4652985830316699,0.0241776843509566,0.0318012961919648,41.36045394109187,0.0007161401670459,37.3680971519317,2,65,0.5367739908213203,0.0704225352112676,7.622190669662747,0.4663514556100526,0.0704225352112676,0.0020862853571019,223.53196029609865,1.3623698973396534,0.8960184417296008,1.1812763361199217,0.714924880509869,,,0,4.440892098500626e-15,2.034857256944261e-15,4.440892098500626e-15,5.551115123125783e-17,-0.1934442820482523,10,0.2
v2_directions,dense tangent-ensemble robustness: Gaussian versus Rademacher,SU2-CNOT-line|n8|d48|i4|dir=rademacher|basis=Z|eta=0,SU2-CNOT-line|n8|d48|i4,SU2-CNOT-line,8,48,6.0,4,rademacher,Z,0.0,128,128,1152,128,1.0,256,255,0.982403544696398,0.4766345440733424,0.4855524554836631,0.0056534411183284,0.0134217736095915,176.88342003916742,3.907613586414952e-05,159.9720810594277,1,8,0.0297723348646851,0.0313725490196078,0.9489931738118388,-0.0016002141549227,0.0313725490196078,0.0015018323182213,-1.0655078702913063,0.2713250351241779,0.2697248209692551,0.1158460784407224,0.1142458642857997,,,0,4.440892098500626e-16,9.948534211382816e-17,2.220446049250313e-16,5.030698080332741e-17,-0.386774723254407,10,0.2
v2_directions,dense tangent-ensemble robustness: Gaussian versus Rademacher,SU2-CNOT-line|n8|d48|i4|dir=rademacher|basis=Z|eta=0,SU2-CNOT-line|n8|d48|i4,SU2-CNOT-line,8,48,6.0,4,rademacher,Z,0.0,128,128,1152,128,1.0,256,255,0.982403544696398,0.4766345440733424,0.4855524554836631,0.0056534411183284,0.0134217736095915,176.88342003916742,3.907613586414952e-05,159.9720810594277,2,36,0.1409704856302968,0.1411764705882353,0.9985409398812694,-0.0002059849579384,0.1411764705882353,0.0029998620464431,-0.0686648101644128,0.541963084189596,0.5417570992316576,0.2313988384236979,0.2311928534657594,,,0,4.440892098500626e-16,9.948534211382816e-17,2.220446049250313e-16,5.030698080332741e-17,-0.386774723254407,10,0.2
v2_directions,dense tangent-ensemble robustness: Gaussian versus Rademacher,SU2-HaarU4-brickwork|n8|d48|i0|dir=rademacher|basis=Z|eta=0,SU2-HaarU4-brickwork|n8|d48|i0,SU2-HaarU4-brickwork,8,48,6.0,0,rademacher,Z,0.0,128,128,1152,128,1.0,256,255,0.9734880225494686,0.4807764542533443,0.4942287490317306,0.0071962296403574,0.0149525090962921,138.96165769806154,6.891655123691675e-05,120.45871665108868,1,8,0.0274924638493118,0.0313725490196078,0.8763222851968154,-0.0038800851702959,0.0313725490196078,0.0016183081756353,-2.397618221741158,0.2923678744082544,0.2884877892379585,0.1592966176604258,0.1554165324901298,,,0,1.1102230246251564e-14,1.7659487115506973e-15,1.1102230246251564e-14,4.163336342344337e-17,-0.363919297320747,10,0.2
v2_directions,dense tangent-ensemble robustness: Gaussian versus Rademacher,SU2-HaarU4-brickwork|n8|d48|i0|dir=rademacher|basis=Z|eta=0,SU2-HaarU4-brickwork|n8|d48|i0,SU2-HaarU4-brickwork,8,48,6.0,0,rademacher,Z,0.0,128,128,1152,128,1.0,256,255,0.9734880225494686,0.4807764542533443,0.4942287490317306,0.0071962296403574,0.0149525090962921,138.96165769806154,6.891655123691675e-05,120.45871665108868,2,36,0.1342950364374925,0.1411764705882353,0.9512565080989054,-0.0068814341507427,0.1411764705882353,0.0032325188482336,-2.128814857337321,0.583995482981269,0.5771140488305262,0.3181899015278966,0.3113084673771539,,,0,1.1102230246251564e-14,1.7659487115506973e-15,1.1102230246251564e-14,4.163336342344337e-17,-0.363919297320747,10,0.2
v2_directions,dense tangent-ensemble robustness: Gaussian versus Rademacher,SU2-HaarU4-brickwork|n12|d72|i6|dir=rademacher|basis=Z|eta=0,SU2-HaarU4-brickwork|n12|d72|i6,SU2-HaarU4-brickwork,12,72,6.0,6,rademacher,Z,0.0,128,128,2592,128,1.0,4096,4095,0.987474702627381,0.4903759346956315,0.4965858779860396,0.0016616430586455,0.0094611614722499,601.813966481531,4.537365333814891e-06,469.4594932910481,1,12,0.0026743632485146,0.0029304029304029,0.9126264585556088,-0.0002560396818883,0.0029304029304029,0.0001146714586627,-2.232810891864989,0.3320834560984497,0.3318274164165614,0.1302285284813527,0.1299724887994643,,,0,2.1649348980190556e-14,2.905668165646043e-15,2.1760371282653068e-14,3.382710778154774e-17,-0.4420401668307353,10,0.2
v2_directions,dense tangent-ensemble robustness: Gaussian versus Rademacher,SU2-HaarU4-brickwork|n12|d72|i6|dir=rademacher|basis=Z|eta=0,SU2-HaarU4-brickwork|n12|d72|i6,SU2-HaarU4-brickwork,12,72,6.0,6,rademacher,Z,0.0,128,128,2592,128,1.0,4096,4095,0.987474702627381,0.4903759346956315,0.4965858779860396,0.0016616430586455,0.0094611614722499,601.813966481531,4.537365333814891e-06,469.4594932910481,2,78,0.0188419161064123,0.019047619047619,0.9892005955866504,-0.0002057029412066,0.019047619047619,0.0002899834691621,-0.7093609225415768,0.8397792595798529,0.8395735566386462,0.3293244972487344,0.3291187943075278,,,0,2.1649348980190556e-14,2.905668165646043e-15,2.1760371282653068e-14,3.382710778154774e-17,-0.4420401668307353,10,0.2
v2_directions,dense tangent-ensemble robustness: Gaussian versus Rademacher,U1-RZ-XY-line|n12|d72|i0|dir=rademacher|basis=Z|eta=0,U1-RZ-XY-line|n12|d72|i0,U1-RZ-XY-line,12,72,6.0,0,rademacher,Z,0.0,128,128,1260,128,1.0,924,923,0.7470498817828233,0.353291840977663,0.4736646531135956,0.0246305057725553,0.0322505799462072,40.60005950483791,0.0007661141129557,36.12877767905865,1,11,0.298368896511697,0.0119176598049837,25.03586286184513,0.2864512367067133,0.0119176598049837,0.0008912923353351,321.38864584647354,0.5820248142262386,0.2955735775195253,0.5058962506616452,0.2194450139549319,,,0,4.440892098500626e-15,1.7382353383046256e-15,4.440892098500626e-15,5.551115123125783e-17,-0.2307337745810207,10,0.2
v2_directions,dense tangent-ensemble robustness: Gaussian versus Rademacher,U1-RZ-XY-line|n12|d72|i0|dir=rademacher|basis=Z|eta=0,U1-RZ-XY-line|n12|d72|i0,U1-RZ-XY-line,12,72,6.0,0,rademacher,Z,0.0,128,128,1260,128,1.0,924,923,0.7470498817828233,0.353291840977663,0.4736646531135956,0.0246305057725553,0.0322505799462072,40.60005950483791,0.0007661141129557,36.12877767905865,2,65,0.552203292641724,0.0704225352112676,7.84128675551248,0.4817807574304563,0.0704225352112676,0.0021014871188699,229.25705949105443,1.3722968340114403,0.890516076580984,1.1928010733428558,0.7110203159123994,,,0,4.440892098500626e-15,1.7382353383046256e-15,4.440892098500626e-15,5.551115123125783e-17,-0.2307337745810207,10,0.2
