profile,job_id,circuit_id,tangent_count_used,eigen_index,eigenvalue
v2_spectrum,SU2-CNOT-line|n8|d48|i1|dir=gaussian|basis=Z|eta=0,SU2-CNOT-line|n8|d48|i1,512,1,0.017346670569496417
v2_spectrum,SU2-CNOT-line|n8|d48|i1|dir=gaussian|basis=Z|eta=0,SU2-CNOT-line|n8|d48|i1,512,2,0.016767060255140874
v2_spectrum,SU2-CNOT-line|n8|d48|i1|dir=gaussian|basis=Z|eta=0,SU2-CNOT-line|n8|d48|i1,512,3,0.0160782611276405
v2_spectrum,SU2-CNOT-line|n8|d48|i1|dir=gaussian|basis=Z|eta=0,SU2-CNOT-line|n8|d48|i1,512,4,0.015939607392390188
v2_spectrum,SU2-CNOT-line|n8|d48|i1|dir=gaussian|basis=Z|eta=0,SU2-CNOT-line|n8|d48|i1,512,5,0.015264380843600208
v2_spectrum,SU2-CNOT-line|n8|d48|i1|dir=gaussian|basis=Z|eta=0,SU2-CNOT-line|n8|d48|i1,512,6,0.014407715446140763
v2_spectrum,SU2-CNOT-line|n8|d48|i1|dir=gaussian|basis=Z|eta=0,SU2-CNOT-line|n8|d48|i1,512,7,0.014135194699370511
v2_spectrum,SU2-CNOT-line|n8|d48|i1|dir=gaussian|basis=Z|eta=0,SU2-CNOT-line|n8|d48|i1,512,8,0.01393825483138147
v2_spectrum,SU2-CNOT-line|n8|d48|i1|dir=gaussian|basis=Z|eta=0,SU2-CNOT-line|n8|d48|i1,512,9,0.013471194710014229
v2_spectrum,SU2-CNOT-line|n8|d48|i1|dir=gaussian|basis=Z|eta=0,SU2-CNOT-line|n8|d48|i1,512,10,0.013144278698241347
v2_spectrum,SU2-CNOT-line|n8|d48|i1|dir=gaussian|basis=Z|eta=0,SU2-CNOT-line|n8|d48|i1,512,11,0.01297631888623473
v2_spectrum,SU2-CNOT-line|n8|d48|i1|dir=gaussian|basis=Z|eta=0,SU2-CNOT-line|n8|d48|i1,512,12,0.012781566711330936
v2_spectrum,SU2-CNOT-line|n8|d48|i1|dir=gaussian|basis=Z|eta=0,SU2-CNOT-line|n8|d48|i1,512,13,0.012746806830786833
v2_spectrum,SU2-CNOT-line|n8|d48|i1|dir=gaussian|basis=Z|eta=0,SU2-CNOT-line|n8|d48|i1,512,14,0.012444309370124673
v2_spectrum,SU2-CNOT-line|n8|d48|i1|dir=gaussian|basis=Z|eta=0,SU2-CNOT-line|n8|d48|i1,512,15,0.012285213973539058
v2_spectrum,SU2-CNOT-line|n8|d48|i1|dir=gaussian|basis=Z|eta=0,SU2-CNOT-line|n8|d48|i1,512,16,0.011880221058457586
v2_spectrum,SU2-CNOT-line|n8|d48|i1|dir=gaussian|basis=Z|eta=0,SU2-CNOT-line|n8|d48|i1,512,17,0.01176629014685708
v2_spectrum,SU2-CNOT-line|n8|d48|i1|dir=gaussian|basis=Z|eta=0,SU2-CNOT-line|n8|d48|i1,512,18,0.011660269945799417
v2_spectrum,SU2-CNOT-line|n8|d48|i1|dir=gaussian|basis=Z|eta=0,SU2-CNOT-line|n8|d48|i1,512,19,0.01118832064190948
v2_spectrum,SU2-CNOT-line|n8|d48|i1|dir=gaussian|basis=Z|eta=0,SU2-CNOT-line|n8|d48|i1,512,20,0.011023414059534407
v2_spectrum,SU2-CNOT-line|n8|d48|i1|dir=gaussian|basis=Z|eta=0,SU2-CNOT-line|n8|d48|i1,512,21,0.010825334420953642
v2_spectrum,SU2-CNOT-line|n8|d48|i1|dir=gaussian|basis=Z|eta=0,SU2-CNOT-line|n8|d48|i1,512,22,0.010794416274439507
v2_spectrum,SU2-CNOT-line|n8|d48|i1|dir=gaussian|basis=Z|eta=0,SU2-CNOT-line|n8|d48|i1,512,23,0.010510398248245059
v2_spectrum,SU2-CNOT-line|n8|d48|i1|dir=gaussian|basis=Z|eta=0,SU2-CNOT-line|n8|d48|i1,512,24,0.010249732433746252
v2_spectrum,SU2-CNOT-line|n8|d48|i1|dir=gaussian|basis=Z|eta=0,SU2-CNOT-line|n8|d48|i1,512,25,0.010103898041033973
v2_spectrum,SU2-CNOT-line|n8|d48|i1|dir=gaussian|basis=Z|eta=0,SU2-CNOT-line|n8|d48|i1,512,26,0.010045490804579522
v2_spectrum,SU2-CNOT-line|n8|d48|i1|dir=gaussian|basis=Z|eta=0,SU2-CNOT-line|n8|d48|i1,512,27,0.009989677706578116
v2_spectrum,SU2-CNOT-line|n8|d48|i1|dir=gaussian|basis=Z|eta=0,SU2-CNOT-line|n8|d48|i1,512,28,0.009657382062155728
v2_spectrum,SU2-CNOT-line|n8|d48|i1|dir=gaussian|basis=Z|eta=0,SU2-CNOT-line|n8|d48|i1,512,29,0.009516972784409442
v2_spectrum,SU2-CNOT-line|n8|d48|i1|dir=gaussian|basis=Z|eta=0,SU2-CNOT-line|n8|d48|i1,512,30,0.009337846616475125
v2_spectrum,SU2-CNOT-line|n8|d48|i1|dir=gaussian|basis=Z|eta=0,SU2-CNOT-line|n8|d48|i1,512,31,0.009166129194487631
v2_spectrum,SU2-CNOT-line|n8|d48|i1|dir=gaussian|basis=Z|eta=0,SU2-CNOT-line|n8|d48|i1,512,32,0.009067551086038352
v2_spectrum,SU2-CNOT-line|n8|d48|i1|dir=gaussian|basis=Z|eta=0,SU2-CNOT-line|n8|d48|i1,512,33,0.008999871203371677
v2_spectrum,SU2-CNOT-line|n8|d48|i1|dir=gaussian|basis=Z|eta=0,SU2-CNOT-line|n8|d48|i1,512,34,0.008879428819893695
v2_spectrum,SU2-CNOT-line|n8|d48|i1|dir=gaussian|basis=Z|eta=0,SU2-CNOT-line|n8|d48|i1,512,35,0.008772762121682934
v2_spectrum,SU2-CNOT-line|n8|d48|i1|dir=gaussian|basis=Z|eta=0,SU2-CNOT-line|n8|d48|i1,512,36,0.008558461499292529
v2_spectrum,SU2-CNOT-line|n8|d48|i1|dir=gaussian|basis=Z|eta=0,SU2-CNOT-line|n8|d48|i1,512,37,0.008261638206918739
v2_spectrum,SU2-CNOT-line|n8|d48|i1|dir=gaussian|basis=Z|eta=0,SU2-CNOT-line|n8|d48|i1,512,38,0.008179508387522846
v2_spectrum,SU2-CNOT-line|n8|d48|i1|dir=gaussian|basis=Z|eta=0,SU2-CNOT-line|n8|d48|i1,512,39,0.00811348313786866
v2_spectrum,SU2-CNOT-line|n8|d48|i1|dir=gaussian|basis=Z|eta=0,SU2-CNOT-line|n8|d48|i1,512,40,0.008045410191889465
v2_spectrum,SU2-CNOT-line|n8|d48|i1|dir=gaussian|basis=Z|eta=0,SU2-CNOT-line|n8|d48|i1,512,41,0.007909118623813011
v2_spectrum,SU2-CNOT-line|n8|d48|i1|dir=gaussian|basis=Z|eta=0,SU2-CNOT-line|n8|d48|i1,512,42,0.007816320681921899
v2_spectrum,SU2-CNOT-line|n8|d48|i1|dir=gaussian|basis=Z|eta=0,SU2-CNOT-line|n8|d48|i1,512,43,0.007701362730966826
v2_spectrum,SU2-CNOT-line|n8|d48|i1|dir=gaussian|basis=Z|eta=0,SU2-CNOT-line|n8|d48|i1,512,44,0.0076899676339276255
v2_spectrum,SU2-CNOT-line|n8|d48|i1|dir=gaussian|basis=Z|eta=0,SU2-CNOT-line|n8|d48|i1,512,45,0.007457427684686635
v2_spectrum,SU2-CNOT-line|n8|d48|i1|dir=gaussian|basis=Z|eta=0,SU2-CNOT-line|n8|d48|i1,512,46,0.007269306671610786
v2_spectrum,SU2-CNOT-line|n8|d48|i1|dir=gaussian|basis=Z|eta=0,SU2-CNOT-line|n8|d48|i1,512,47,0.0072340828469423385
v2_spectrum,SU2-CNOT-line|n8|d48|i1|dir=gaussian|basis=Z|eta=0,SU2-CNOT-line|n8|d48|i1,512,48,0.007060538278830649
v2_spectrum,SU2-CNOT-line|n8|d48|i1|dir=gaussian|basis=Z|eta=0,SU2-CNOT-line|n8|d48|i1,512,49,0.007044414965906953
v2_spectrum,SU2-CNOT-line|n8|d48|i1|dir=gaussian|basis=Z|eta=0,SU2-CNOT-line|n8|d48|i1,512,50,0.006918407322383332
v2_spectrum,SU2-CNOT-line|n8|d48|i1|dir=gaussian|basis=Z|eta=0,SU2-CNOT-line|n8|d48|i1,512,51,0.006865498440809655
v2_spectrum,SU2-CNOT-line|n8|d48|i1|dir=gaussian|basis=Z|eta=0,SU2-CNOT-line|n8|d48|i1,512,52,0.0067474609862069245
v2_spectrum,SU2-CNOT-line|n8|d48|i1|dir=gaussian|basis=Z|eta=0,SU2-CNOT-line|n8|d48|i1,512,53,0.006648403456783557
v2_spectrum,SU2-CNOT-line|n8|d48|i1|dir=gaussian|basis=Z|eta=0,SU2-CNOT-line|n8|d48|i1,512,54,0.006619712005563295
v2_spectrum,SU2-CNOT-line|n8|d48|i1|dir=gaussian|basis=Z|eta=0,SU2-CNOT-line|n8|d48|i1,512,55,0.006468950710713781
v2_spectrum,SU2-CNOT-line|n8|d48|i1|dir=gaussian|basis=Z|eta=0,SU2-CNOT-line|n8|d48|i1,512,56,0.006379240067932395
v2_spectrum,SU2-CNOT-line|n8|d48|i1|dir=gaussian|basis=Z|eta=0,SU2-CNOT-line|n8|d48|i1,512,57,0.0062524226397245725
v2_spectrum,SU2-CNOT-line|n8|d48|i1|dir=gaussian|basis=Z|eta=0,SU2-CNOT-line|n8|d48|i1,512,58,0.006158952052727059
v2_spectrum,SU2-CNOT-line|n8|d48|i1|dir=gaussian|basis=Z|eta=0,SU2-CNOT-line|n8|d48|i1,512,59,0.006103120697450264
v2_spectrum,SU2-CNOT-line|n8|d48|i1|dir=gaussian|basis=Z|eta=0,SU2-CNOT-line|n8|d48|i1,512,60,0.006066035203951504
v2_spectrum,SU2-CNOT-line|n8|d48|i1|dir=gaussian|basis=Z|eta=0,SU2-CNOT-line|n8|d48|i1,512,61,0.005892779770209327
v2_spectrum,SU2-CNOT-line|n8|d48|i1|dir=gaussian|basis=Z|eta=0,SU2-CNOT-line|n8|d48|i1,512,62,0.005830799354117577
v2_spectrum,SU2-CNOT-line|n8|d48|i1|dir=gaussian|basis=Z|eta=0,SU2-CNOT-line|n8|d48|i1,512,63,0.005725526460989978
v2_spectrum,SU2-CNOT-line|n8|d48|i1|dir=gaussian|basis=Z|eta=0,SU2-CNOT-line|n8|d48|i1,512,64,0.005685478477414316
v2_spectrum,SU2-CNOT-line|n8|d48|i1|dir=gaussian|basis=Z|eta=0,SU2-CNOT-line|n8|d48|i1,512,65,0.005626090152764471
v2_spectrum,SU2-CNOT-line|n8|d48|i1|dir=gaussian|basis=Z|eta=0,SU2-CNOT-line|n8|d48|i1,512,66,0.005596821711673309
v2_spectrum,SU2-CNOT-line|n8|d48|i1|dir=gaussian|basis=Z|eta=0,SU2-CNOT-line|n8|d48|i1,512,67,0.005534264851181424
v2_spectrum,SU2-CNOT-line|n8|d48|i1|dir=gaussian|basis=Z|eta=0,SU2-CNOT-line|n8|d48|i1,512,68,0.005442225898502887
v2_spectrum,SU2-CNOT-line|n8|d48|i1|dir=gaussian|basis=Z|eta=0,SU2-CNOT-line|n8|d48|i1,512,69,0.005371521199912549
v2_spectrum,SU2-CNOT-line|n8|d48|i1|dir=gaussian|basis=Z|eta=0,SU2-CNOT-line|n8|d48|i1,512,70,0.005297023407249527
v2_spectrum,SU2-CNOT-line|n8|d48|i1|dir=gaussian|basis=Z|eta=0,SU2-CNOT-line|n8|d48|i1,512,71,0.005227553183807048
v2_spectrum,SU2-CNOT-line|n8|d48|i1|dir=gaussian|basis=Z|eta=0,SU2-CNOT-line|n8|d48|i1,512,72,0.005170772583057328
v2_spectrum,SU2-CNOT-line|n8|d48|i1|dir=gaussian|basis=Z|eta=0,SU2-CNOT-line|n8|d48|i1,512,73,0.005059289965118942
v2_spectrum,SU2-CNOT-line|n8|d48|i1|dir=gaussian|basis=Z|eta=0,SU2-CNOT-line|n8|d48|i1,512,74,0.005018977793973249
v2_spectrum,SU2-CNOT-line|n8|d48|i1|dir=gaussian|basis=Z|eta=0,SU2-CNOT-line|n8|d48|i1,512,75,0.004955075187229592
v2_spectrum,SU2-CNOT-line|n8|d48|i1|dir=gaussian|basis=Z|eta=0,SU2-CNOT-line|n8|d48|i1,512,76,0.004877783553146415
v2_spectrum,SU2-CNOT-line|n8|d48|i1|dir=gaussian|basis=Z|eta=0,SU2-CNOT-line|n8|d48|i1,512,77,0.004794698283083062
v2_spectrum,SU2-CNOT-line|n8|d48|i1|dir=gaussian|basis=Z|eta=0,SU2-CNOT-line|n8|d48|i1,512,78,0.0047253964552570376
v2_spectrum,SU2-CNOT-line|n8|d48|i1|dir=gaussian|basis=Z|eta=0,SU2-CNOT-line|n8|d48|i1,512,79,0.004672690861625658
v2_spectrum,SU2-CNOT-line|n8|d48|i1|dir=gaussian|basis=Z|eta=0,SU2-CNOT-line|n8|d48|i1,512,80,0.004613356573118583
v2_spectrum,SU2-CNOT-line|n8|d48|i1|dir=gaussian|basis=Z|eta=0,SU2-CNOT-line|n8|d48|i1,512,81,0.004551109035397776
v2_spectrum,SU2-CNOT-line|n8|d48|i1|dir=gaussian|basis=Z|eta=0,SU2-CNOT-line|n8|d48|i1,512,82,0.004472589639493222
v2_spectrum,SU2-CNOT-line|n8|d48|i1|dir=gaussian|basis=Z|eta=0,SU2-CNOT-line|n8|d48|i1,512,83,0.004443361796196999
v2_spectrum,SU2-CNOT-line|n8|d48|i1|dir=gaussian|basis=Z|eta=0,SU2-CNOT-line|n8|d48|i1,512,84,0.004400670065055572
v2_spectrum,SU2-CNOT-line|n8|d48|i1|dir=gaussian|basis=Z|eta=0,SU2-CNOT-line|n8|d48|i1,512,85,0.004340752698394967
v2_spectrum,SU2-CNOT-line|n8|d48|i1|dir=gaussian|basis=Z|eta=0,SU2-CNOT-line|n8|d48|i1,512,86,0.0042085780857954065
v2_spectrum,SU2-CNOT-line|n8|d48|i1|dir=gaussian|basis=Z|eta=0,SU2-CNOT-line|n8|d48|i1,512,87,0.004198613046465681
v2_spectrum,SU2-CNOT-line|n8|d48|i1|dir=gaussian|basis=Z|eta=0,SU2-CNOT-line|n8|d48|i1,512,88,0.004153731823300551
v2_spectrum,SU2-CNOT-line|n8|d48|i1|dir=gaussian|basis=Z|eta=0,SU2-CNOT-line|n8|d48|i1,512,89,0.004119286236682184
v2_spectrum,SU2-CNOT-line|n8|d48|i1|dir=gaussian|basis=Z|eta=0,SU2-CNOT-line|n8|d48|i1,512,90,0.0040388085526519985
v2_spectrum,SU2-CNOT-line|n8|d48|i1|dir=gaussian|basis=Z|eta=0,SU2-CNOT-line|n8|d48|i1,512,91,0.004021947915194827
v2_spectrum,SU2-CNOT-line|n8|d48|i1|dir=gaussian|basis=Z|eta=0,SU2-CNOT-line|n8|d48|i1,512,92,0.003972710478246283
v2_spectrum,SU2-CNOT-line|n8|d48|i1|dir=gaussian|basis=Z|eta=0,SU2-CNOT-line|n8|d48|i1,512,93,0.003908664109381751
v2_spectrum,SU2-CNOT-line|n8|d48|i1|dir=gaussian|basis=Z|eta=0,SU2-CNOT-line|n8|d48|i1,512,94,0.003824012602214759
v2_spectrum,SU2-CNOT-line|n8|d48|i1|dir=gaussian|basis=Z|eta=0,SU2-CNOT-line|n8|d48|i1,512,95,0.003777584487234281
v2_spectrum,SU2-CNOT-line|n8|d48|i1|dir=gaussian|basis=Z|eta=0,SU2-CNOT-line|n8|d48|i1,512,96,0.003728980115821658
v2_spectrum,SU2-CNOT-line|n8|d48|i1|dir=gaussian|basis=Z|eta=0,SU2-CNOT-line|n8|d48|i1,512,97,0.0037095781746873694
v2_spectrum,SU2-CNOT-line|n8|d48|i1|dir=gaussian|basis=Z|eta=0,SU2-CNOT-line|n8|d48|i1,512,98,0.0036469097155082896
v2_spectrum,SU2-CNOT-line|n8|d48|i1|dir=gaussian|basis=Z|eta=0,SU2-CNOT-line|n8|d48|i1,512,99,0.0036237556571884163
v2_spectrum,SU2-CNOT-line|n8|d48|i1|dir=gaussian|basis=Z|eta=0,SU2-CNOT-line|n8|d48|i1,512,100,0.0036139756802643077
v2_spectrum,SU2-CNOT-line|n8|d48|i1|dir=gaussian|basis=Z|eta=0,SU2-CNOT-line|n8|d48|i1,512,101,0.003515607483840321
v2_spectrum,SU2-CNOT-line|n8|d48|i1|dir=gaussian|basis=Z|eta=0,SU2-CNOT-line|n8|d48|i1,512,102,0.003479030387961567
v2_spectrum,SU2-CNOT-line|n8|d48|i1|dir=gaussian|basis=Z|eta=0,SU2-CNOT-line|n8|d48|i1,512,103,0.0034082149869737203
v2_spectrum,SU2-CNOT-line|n8|d48|i1|dir=gaussian|basis=Z|eta=0,SU2-CNOT-line|n8|d48|i1,512,104,0.003395925747109654
v2_spectrum,SU2-CNOT-line|n8|d48|i1|dir=gaussian|basis=Z|eta=0,SU2-CNOT-line|n8|d48|i1,512,105,0.0033651490031734632
v2_spectrum,SU2-CNOT-line|n8|d48|i1|dir=gaussian|basis=Z|eta=0,SU2-CNOT-line|n8|d48|i1,512,106,0.0032944352211685527
v2_spectrum,SU2-CNOT-line|n8|d48|i1|dir=gaussian|basis=Z|eta=0,SU2-CNOT-line|n8|d48|i1,512,107,0.003273675187719582
v2_spectrum,SU2-CNOT-line|n8|d48|i1|dir=gaussian|basis=Z|eta=0,SU2-CNOT-line|n8|d48|i1,512,108,0.00323673936813567
v2_spectrum,SU2-CNOT-line|n8|d48|i1|dir=gaussian|basis=Z|eta=0,SU2-CNOT-line|n8|d48|i1,512,109,0.0031621160345969112
v2_spectrum,SU2-CNOT-line|n8|d48|i1|dir=gaussian|basis=Z|eta=0,SU2-CNOT-line|n8|d48|i1,512,110,0.0031280781466277788
v2_spectrum,SU2-CNOT-line|n8|d48|i1|dir=gaussian|basis=Z|eta=0,SU2-CNOT-line|n8|d48|i1,512,111,0.003070860261765875
v2_spectrum,SU2-CNOT-line|n8|d48|i1|dir=gaussian|basis=Z|eta=0,SU2-CNOT-line|n8|d48|i1,512,112,0.003013369877992855
v2_spectrum,SU2-CNOT-line|n8|d48|i1|dir=gaussian|basis=Z|eta=0,SU2-CNOT-line|n8|d48|i1,512,113,0.0029951361972647542
v2_spectrum,SU2-CNOT-line|n8|d48|i1|dir=gaussian|basis=Z|eta=0,SU2-CNOT-line|n8|d48|i1,512,114,0.0029443334551682364
v2_spectrum,SU2-CNOT-line|n8|d48|i1|dir=gaussian|basis=Z|eta=0,SU2-CNOT-line|n8|d48|i1,512,115,0.002925767222186453
v2_spectrum,SU2-CNOT-line|n8|d48|i1|dir=gaussian|basis=Z|eta=0,SU2-CNOT-line|n8|d48|i1,512,116,0.0028648122435597284
v2_spectrum,SU2-CNOT-line|n8|d48|i1|dir=gaussian|basis=Z|eta=0,SU2-CNOT-line|n8|d48|i1,512,117,0.002816604143789605
v2_spectrum,SU2-CNOT-line|n8|d48|i1|dir=gaussian|basis=Z|eta=0,SU2-CNOT-line|n8|d48|i1,512,118,0.002778527724355579
v2_spectrum,SU2-CNOT-line|n8|d48|i1|dir=gaussian|basis=Z|eta=0,SU2-CNOT-line|n8|d48|i1,512,119,0.0027471065815803325
v2_spectrum,SU2-CNOT-line|n8|d48|i1|dir=gaussian|basis=Z|eta=0,SU2-CNOT-line|n8|d48|i1,512,120,0.0026995411543360775
v2_spectrum,SU2-CNOT-line|n8|d48|i1|dir=gaussian|basis=Z|eta=0,SU2-CNOT-line|n8|d48|i1,512,121,0.00268366509137724
v2_spectrum,SU2-CNOT-line|n8|d48|i1|dir=gaussian|basis=Z|eta=0,SU2-CNOT-line|n8|d48|i1,512,122,0.0026776214533895015
v2_spectrum,SU2-CNOT-line|n8|d48|i1|dir=gaussian|basis=Z|eta=0,SU2-CNOT-line|n8|d48|i1,512,123,0.002611363877314996
v2_spectrum,SU2-CNOT-line|n8|d48|i1|dir=gaussian|basis=Z|eta=0,SU2-CNOT-line|n8|d48|i1,512,124,0.002579780228916033
v2_spectrum,SU2-CNOT-line|n8|d48|i1|dir=gaussian|basis=Z|eta=0,SU2-CNOT-line|n8|d48|i1,512,125,0.002568263823658259
v2_spectrum,SU2-CNOT-line|n8|d48|i1|dir=gaussian|basis=Z|eta=0,SU2-CNOT-line|n8|d48|i1,512,126,0.002547690243018397
v2_spectrum,SU2-CNOT-line|n8|d48|i1|dir=gaussian|basis=Z|eta=0,SU2-CNOT-line|n8|d48|i1,512,127,0.0025261889583806925
v2_spectrum,SU2-CNOT-line|n8|d48|i1|dir=gaussian|basis=Z|eta=0,SU2-CNOT-line|n8|d48|i1,512,128,0.00247984255073973
v2_spectrum,SU2-CNOT-line|n8|d48|i1|dir=gaussian|basis=Z|eta=0,SU2-CNOT-line|n8|d48|i1,512,129,0.0024583156256165442
v2_spectrum,SU2-CNOT-line|n8|d48|i1|dir=gaussian|basis=Z|eta=0,SU2-CNOT-line|n8|d48|i1,512,130,0.002416208509924137
v2_spectrum,SU2-CNOT-line|n8|d48|i1|dir=gaussian|basis=Z|eta=0,SU2-CNOT-line|n8|d48|i1,512,131,0.002350579936909137
v2_spectrum,SU2-CNOT-line|n8|d48|i1|dir=gaussian|basis=Z|eta=0,SU2-CNOT-line|n8|d48|i1,512,132,0.0023380501618393067
v2_spectrum,SU2-CNOT-line|n8|d48|i1|dir=gaussian|basis=Z|eta=0,SU2-CNOT-line|n8|d48|i1,512,133,0.002314072134111871
v2_spectrum,SU2-CNOT-line|n8|d48|i1|dir=gaussian|basis=Z|eta=0,SU2-CNOT-line|n8|d48|i1,512,134,0.002282393572675387
v2_spectrum,SU2-CNOT-line|n8|d48|i1|dir=gaussian|basis=Z|eta=0,SU2-CNOT-line|n8|d48|i1,512,135,0.0022670337041838743
v2_spectrum,SU2-CNOT-line|n8|d48|i1|dir=gaussian|basis=Z|eta=0,SU2-CNOT-line|n8|d48|i1,512,136,0.002235356156485752
v2_spectrum,SU2-CNOT-line|n8|d48|i1|dir=gaussian|basis=Z|eta=0,SU2-CNOT-line|n8|d48|i1,512,137,0.0022055432603986934
v2_spectrum,SU2-CNOT-line|n8|d48|i1|dir=gaussian|basis=Z|eta=0,SU2-CNOT-line|n8|d48|i1,512,138,0.0021350754069322485
v2_spectrum,SU2-CNOT-line|n8|d48|i1|dir=gaussian|basis=Z|eta=0,SU2-CNOT-line|n8|d48|i1,512,139,0.0021221773439585503
v2_spectrum,SU2-CNOT-line|n8|d48|i1|dir=gaussian|basis=Z|eta=0,SU2-CNOT-line|n8|d48|i1,512,140,0.0021015466227589726
v2_spectrum,SU2-CNOT-line|n8|d48|i1|dir=gaussian|basis=Z|eta=0,SU2-CNOT-line|n8|d48|i1,512,141,0.00208391613913432
v2_spectrum,SU2-CNOT-line|n8|d48|i1|dir=gaussian|basis=Z|eta=0,SU2-CNOT-line|n8|d48|i1,512,142,0.0020321250250630706
v2_spectrum,SU2-CNOT-line|n8|d48|i1|dir=gaussian|basis=Z|eta=0,SU2-CNOT-line|n8|d48|i1,512,143,0.0020060874753687393
v2_spectrum,SU2-CNOT-line|n8|d48|i1|dir=gaussian|basis=Z|eta=0,SU2-CNOT-line|n8|d48|i1,512,144,0.0019916673499576916
v2_spectrum,SU2-CNOT-line|n8|d48|i1|dir=gaussian|basis=Z|eta=0,SU2-CNOT-line|n8|d48|i1,512,145,0.0019575670636830574
v2_spectrum,SU2-CNOT-line|n8|d48|i1|dir=gaussian|basis=Z|eta=0,SU2-CNOT-line|n8|d48|i1,512,146,0.001933191096951794
v2_spectrum,SU2-CNOT-line|n8|d48|i1|dir=gaussian|basis=Z|eta=0,SU2-CNOT-line|n8|d48|i1,512,147,0.0019021187079109503
v2_spectrum,SU2-CNOT-line|n8|d48|i1|dir=gaussian|basis=Z|eta=0,SU2-CNOT-line|n8|d48|i1,512,148,0.0018779755445061058
v2_spectrum,SU2-CNOT-line|n8|d48|i1|dir=gaussian|basis=Z|eta=0,SU2-CNOT-line|n8|d48|i1,512,149,0.0018598130311497595
v2_spectrum,SU2-CNOT-line|n8|d48|i1|dir=gaussian|basis=Z|eta=0,SU2-CNOT-line|n8|d48|i1,512,150,0.0018212947748036882
v2_spectrum,SU2-CNOT-line|n8|d48|i1|dir=gaussian|basis=Z|eta=0,SU2-CNOT-line|n8|d48|i1,512,151,0.00181065467660642
v2_spectrum,SU2-CNOT-line|n8|d48|i1|dir=gaussian|basis=Z|eta=0,SU2-CNOT-line|n8|d48|i1,512,152,0.0017863650388902192
v2_spectrum,SU2-CNOT-line|n8|d48|i1|dir=gaussian|basis=Z|eta=0,SU2-CNOT-line|n8|d48|i1,512,153,0.0017266786302854186
v2_spectrum,SU2-CNOT-line|n8|d48|i1|dir=gaussian|basis=Z|eta=0,SU2-CNOT-line|n8|d48|i1,512,154,0.0017006506204647642
v2_spectrum,SU2-CNOT-line|n8|d48|i1|dir=gaussian|basis=Z|eta=0,SU2-CNOT-line|n8|d48|i1,512,155,0.001675585539238985
v2_spectrum,SU2-CNOT-line|n8|d48|i1|dir=gaussian|basis=Z|eta=0,SU2-CNOT-line|n8|d48|i1,512,156,0.0016604143743919868
v2_spectrum,SU2-CNOT-line|n8|d48|i1|dir=gaussian|basis=Z|eta=0,SU2-CNOT-line|n8|d48|i1,512,157,0.0016498453909288549
v2_spectrum,SU2-CNOT-line|n8|d48|i1|dir=gaussian|basis=Z|eta=0,SU2-CNOT-line|n8|d48|i1,512,158,0.0016348960912070717
v2_spectrum,SU2-CNOT-line|n8|d48|i1|dir=gaussian|basis=Z|eta=0,SU2-CNOT-line|n8|d48|i1,512,159,0.0016008977143595533
v2_spectrum,SU2-CNOT-line|n8|d48|i1|dir=gaussian|basis=Z|eta=0,SU2-CNOT-line|n8|d48|i1,512,160,0.0015679055896934064
v2_spectrum,SU2-CNOT-line|n8|d48|i1|dir=gaussian|basis=Z|eta=0,SU2-CNOT-line|n8|d48|i1,512,161,0.0015388832977340618
v2_spectrum,SU2-CNOT-line|n8|d48|i1|dir=gaussian|basis=Z|eta=0,SU2-CNOT-line|n8|d48|i1,512,162,0.0014892481642424168
v2_spectrum,SU2-CNOT-line|n8|d48|i1|dir=gaussian|basis=Z|eta=0,SU2-CNOT-line|n8|d48|i1,512,163,0.0014690710088955752
v2_spectrum,SU2-CNOT-line|n8|d48|i1|dir=gaussian|basis=Z|eta=0,SU2-CNOT-line|n8|d48|i1,512,164,0.0014625343143846526
v2_spectrum,SU2-CNOT-line|n8|d48|i1|dir=gaussian|basis=Z|eta=0,SU2-CNOT-line|n8|d48|i1,512,165,0.0014443470891153767
v2_spectrum,SU2-CNOT-line|n8|d48|i1|dir=gaussian|basis=Z|eta=0,SU2-CNOT-line|n8|d48|i1,512,166,0.0014297215815416724
v2_spectrum,SU2-CNOT-line|n8|d48|i1|dir=gaussian|basis=Z|eta=0,SU2-CNOT-line|n8|d48|i1,512,167,0.0014161211470926714
v2_spectrum,SU2-CNOT-line|n8|d48|i1|dir=gaussian|basis=Z|eta=0,SU2-CNOT-line|n8|d48|i1,512,168,0.0013896012383100077
v2_spectrum,SU2-CNOT-line|n8|d48|i1|dir=gaussian|basis=Z|eta=0,SU2-CNOT-line|n8|d48|i1,512,169,0.0013770187425099806
v2_spectrum,SU2-CNOT-line|n8|d48|i1|dir=gaussian|basis=Z|eta=0,SU2-CNOT-line|n8|d48|i1,512,170,0.0013423579861142822
v2_spectrum,SU2-CNOT-line|n8|d48|i1|dir=gaussian|basis=Z|eta=0,SU2-CNOT-line|n8|d48|i1,512,171,0.0013176573741313295
v2_spectrum,SU2-CNOT-line|n8|d48|i1|dir=gaussian|basis=Z|eta=0,SU2-CNOT-line|n8|d48|i1,512,172,0.0012924339370123117
v2_spectrum,SU2-CNOT-line|n8|d48|i1|dir=gaussian|basis=Z|eta=0,SU2-CNOT-line|n8|d48|i1,512,173,0.0012705819052150219
v2_spectrum,SU2-CNOT-line|n8|d48|i1|dir=gaussian|basis=Z|eta=0,SU2-CNOT-line|n8|d48|i1,512,174,0.0012592263686257077
v2_spectrum,SU2-CNOT-line|n8|d48|i1|dir=gaussian|basis=Z|eta=0,SU2-CNOT-line|n8|d48|i1,512,175,0.0012487704718477687
v2_spectrum,SU2-CNOT-line|n8|d48|i1|dir=gaussian|basis=Z|eta=0,SU2-CNOT-line|n8|d48|i1,512,176,0.00122238424718154
v2_spectrum,SU2-CNOT-line|n8|d48|i1|dir=gaussian|basis=Z|eta=0,SU2-CNOT-line|n8|d48|i1,512,177,0.0012058540700839308
v2_spectrum,SU2-CNOT-line|n8|d48|i1|dir=gaussian|basis=Z|eta=0,SU2-CNOT-line|n8|d48|i1,512,178,0.0011913407066972588
v2_spectrum,SU2-CNOT-line|n8|d48|i1|dir=gaussian|basis=Z|eta=0,SU2-CNOT-line|n8|d48|i1,512,179,0.0011585196547416472
v2_spectrum,SU2-CNOT-line|n8|d48|i1|dir=gaussian|basis=Z|eta=0,SU2-CNOT-line|n8|d48|i1,512,180,0.001133532447554904
v2_spectrum,SU2-CNOT-line|n8|d48|i1|dir=gaussian|basis=Z|eta=0,SU2-CNOT-line|n8|d48|i1,512,181,0.0011174455119258664
v2_spectrum,SU2-CNOT-line|n8|d48|i1|dir=gaussian|basis=Z|eta=0,SU2-CNOT-line|n8|d48|i1,512,182,0.001105542341523271
v2_spectrum,SU2-CNOT-line|n8|d48|i1|dir=gaussian|basis=Z|eta=0,SU2-CNOT-line|n8|d48|i1,512,183,0.00107321248344161
v2_spectrum,SU2-CNOT-line|n8|d48|i1|dir=gaussian|basis=Z|eta=0,SU2-CNOT-line|n8|d48|i1,512,184,0.001046903131022685
v2_spectrum,SU2-CNOT-line|n8|d48|i1|dir=gaussian|basis=Z|eta=0,SU2-CNOT-line|n8|d48|i1,512,185,0.0010280328037908818
v2_spectrum,SU2-CNOT-line|n8|d48|i1|dir=gaussian|basis=Z|eta=0,SU2-CNOT-line|n8|d48|i1,512,186,0.0010141238373195627
v2_spectrum,SU2-CNOT-line|n8|d48|i1|dir=gaussian|basis=Z|eta=0,SU2-CNOT-line|n8|d48|i1,512,187,0.000994293969181468
v2_spectrum,SU2-CNOT-line|n8|d48|i1|dir=gaussian|basis=Z|eta=0,SU2-CNOT-line|n8|d48|i1,512,188,0.000981435239069996
v2_spectrum,SU2-CNOT-line|n8|d48|i1|dir=gaussian|basis=Z|eta=0,SU2-CNOT-line|n8|d48|i1,512,189,0.0009647182350068638
v2_spectrum,SU2-CNOT-line|n8|d48|i1|dir=gaussian|basis=Z|eta=0,SU2-CNOT-line|n8|d48|i1,512,190,0.0009562377416169991
v2_spectrum,SU2-CNOT-line|n8|d48|i1|dir=gaussian|basis=Z|eta=0,SU2-CNOT-line|n8|d48|i1,512,191,0.0009335271025980467
v2_spectrum,SU2-CNOT-line|n8|d48|i1|dir=gaussian|basis=Z|eta=0,SU2-CNOT-line|n8|d48|i1,512,192,0.000926301817534107
v2_spectrum,SU2-CNOT-line|n8|d48|i1|dir=gaussian|basis=Z|eta=0,SU2-CNOT-line|n8|d48|i1,512,193,0.0009135387363274548
v2_spectrum,SU2-CNOT-line|n8|d48|i1|dir=gaussian|basis=Z|eta=0,SU2-CNOT-line|n8|d48|i1,512,194,0.0008895190829253222
v2_spectrum,SU2-CNOT-line|n8|d48|i1|dir=gaussian|basis=Z|eta=0,SU2-CNOT-line|n8|d48|i1,512,195,0.000879157734085372
v2_spectrum,SU2-CNOT-line|n8|d48|i1|dir=gaussian|basis=Z|eta=0,SU2-CNOT-line|n8|d48|i1,512,196,0.0008754498406863385
v2_spectrum,SU2-CNOT-line|n8|d48|i1|dir=gaussian|basis=Z|eta=0,SU2-CNOT-line|n8|d48|i1,512,197,0.0008275981718059869
v2_spectrum,SU2-CNOT-line|n8|d48|i1|dir=gaussian|basis=Z|eta=0,SU2-CNOT-line|n8|d48|i1,512,198,0.0008215311821720935
v2_spectrum,SU2-CNOT-line|n8|d48|i1|dir=gaussian|basis=Z|eta=0,SU2-CNOT-line|n8|d48|i1,512,199,0.0008178474596974722
v2_spectrum,SU2-CNOT-line|n8|d48|i1|dir=gaussian|basis=Z|eta=0,SU2-CNOT-line|n8|d48|i1,512,200,0.0007846337522315042
v2_spectrum,SU2-CNOT-line|n8|d48|i1|dir=gaussian|basis=Z|eta=0,SU2-CNOT-line|n8|d48|i1,512,201,0.0007790385477660288
v2_spectrum,SU2-CNOT-line|n8|d48|i1|dir=gaussian|basis=Z|eta=0,SU2-CNOT-line|n8|d48|i1,512,202,0.0007772013353317544
v2_spectrum,SU2-CNOT-line|n8|d48|i1|dir=gaussian|basis=Z|eta=0,SU2-CNOT-line|n8|d48|i1,512,203,0.0007707222920753672
v2_spectrum,SU2-CNOT-line|n8|d48|i1|dir=gaussian|basis=Z|eta=0,SU2-CNOT-line|n8|d48|i1,512,204,0.000745486498816815
v2_spectrum,SU2-CNOT-line|n8|d48|i1|dir=gaussian|basis=Z|eta=0,SU2-CNOT-line|n8|d48|i1,512,205,0.0007401066282621215
v2_spectrum,SU2-CNOT-line|n8|d48|i1|dir=gaussian|basis=Z|eta=0,SU2-CNOT-line|n8|d48|i1,512,206,0.0007202362602651329
v2_spectrum,SU2-CNOT-line|n8|d48|i1|dir=gaussian|basis=Z|eta=0,SU2-CNOT-line|n8|d48|i1,512,207,0.0007128562023251317
v2_spectrum,SU2-CNOT-line|n8|d48|i1|dir=gaussian|basis=Z|eta=0,SU2-CNOT-line|n8|d48|i1,512,208,0.0006925003755192243
v2_spectrum,SU2-CNOT-line|n8|d48|i1|dir=gaussian|basis=Z|eta=0,SU2-CNOT-line|n8|d48|i1,512,209,0.0006811565954546238
v2_spectrum,SU2-CNOT-line|n8|d48|i1|dir=gaussian|basis=Z|eta=0,SU2-CNOT-line|n8|d48|i1,512,210,0.0006630038209052457
v2_spectrum,SU2-CNOT-line|n8|d48|i1|dir=gaussian|basis=Z|eta=0,SU2-CNOT-line|n8|d48|i1,512,211,0.0006376735646916176
v2_spectrum,SU2-CNOT-line|n8|d48|i1|dir=gaussian|basis=Z|eta=0,SU2-CNOT-line|n8|d48|i1,512,212,0.0006274457767196491
v2_spectrum,SU2-CNOT-line|n8|d48|i1|dir=gaussian|basis=Z|eta=0,SU2-CNOT-line|n8|d48|i1,512,213,0.0006193152669131768
v2_spectrum,SU2-CNOT-line|n8|d48|i1|dir=gaussian|basis=Z|eta=0,SU2-CNOT-line|n8|d48|i1,512,214,0.0006103865448929663
v2_spectrum,SU2-CNOT-line|n8|d48|i1|dir=gaussian|basis=Z|eta=0,SU2-CNOT-line|n8|d48|i1,512,215,0.0005935712225726179
v2_spectrum,SU2-CNOT-line|n8|d48|i1|dir=gaussian|basis=Z|eta=0,SU2-CNOT-line|n8|d48|i1,512,216,0.0005883920199879664
v2_spectrum,SU2-CNOT-line|n8|d48|i1|dir=gaussian|basis=Z|eta=0,SU2-CNOT-line|n8|d48|i1,512,217,0.0005660995351418743
v2_spectrum,SU2-CNOT-line|n8|d48|i1|dir=gaussian|basis=Z|eta=0,SU2-CNOT-line|n8|d48|i1,512,218,0.0005562984247058368
v2_spectrum,SU2-CNOT-line|n8|d48|i1|dir=gaussian|basis=Z|eta=0,SU2-CNOT-line|n8|d48|i1,512,219,0.0005492753301786297
v2_spectrum,SU2-CNOT-line|n8|d48|i1|dir=gaussian|basis=Z|eta=0,SU2-CNOT-line|n8|d48|i1,512,220,0.0005379516008531145
v2_spectrum,SU2-CNOT-line|n8|d48|i1|dir=gaussian|basis=Z|eta=0,SU2-CNOT-line|n8|d48|i1,512,221,0.0005293637074409301
v2_spectrum,SU2-CNOT-line|n8|d48|i1|dir=gaussian|basis=Z|eta=0,SU2-CNOT-line|n8|d48|i1,512,222,0.0005145611055407842
v2_spectrum,SU2-CNOT-line|n8|d48|i1|dir=gaussian|basis=Z|eta=0,SU2-CNOT-line|n8|d48|i1,512,223,0.0004972180686137583
v2_spectrum,SU2-CNOT-line|n8|d48|i1|dir=gaussian|basis=Z|eta=0,SU2-CNOT-line|n8|d48|i1,512,224,0.0004848876373729172
v2_spectrum,SU2-CNOT-line|n8|d48|i1|dir=gaussian|basis=Z|eta=0,SU2-CNOT-line|n8|d48|i1,512,225,0.00048236183548388894
v2_spectrum,SU2-CNOT-line|n8|d48|i1|dir=gaussian|basis=Z|eta=0,SU2-CNOT-line|n8|d48|i1,512,226,0.00046864333061144933
v2_spectrum,SU2-CNOT-line|n8|d48|i1|dir=gaussian|basis=Z|eta=0,SU2-CNOT-line|n8|d48|i1,512,227,0.0004628582131034787
v2_spectrum,SU2-CNOT-line|n8|d48|i1|dir=gaussian|basis=Z|eta=0,SU2-CNOT-line|n8|d48|i1,512,228,0.0004617499338268099
v2_spectrum,SU2-CNOT-line|n8|d48|i1|dir=gaussian|basis=Z|eta=0,SU2-CNOT-line|n8|d48|i1,512,229,0.0004545467067055414
v2_spectrum,SU2-CNOT-line|n8|d48|i1|dir=gaussian|basis=Z|eta=0,SU2-CNOT-line|n8|d48|i1,512,230,0.00044621080829985093
v2_spectrum,SU2-CNOT-line|n8|d48|i1|dir=gaussian|basis=Z|eta=0,SU2-CNOT-line|n8|d48|i1,512,231,0.0004168743930729176
v2_spectrum,SU2-CNOT-line|n8|d48|i1|dir=gaussian|basis=Z|eta=0,SU2-CNOT-line|n8|d48|i1,512,232,0.00041570589380814977
v2_spectrum,SU2-CNOT-line|n8|d48|i1|dir=gaussian|basis=Z|eta=0,SU2-CNOT-line|n8|d48|i1,512,233,0.0004070304098138475
v2_spectrum,SU2-CNOT-line|n8|d48|i1|dir=gaussian|basis=Z|eta=0,SU2-CNOT-line|n8|d48|i1,512,234,0.0003940888986604098
v2_spectrum,SU2-CNOT-line|n8|d48|i1|dir=gaussian|basis=Z|eta=0,SU2-CNOT-line|n8|d48|i1,512,235,0.0003864258175793898
v2_spectrum,SU2-CNOT-line|n8|d48|i1|dir=gaussian|basis=Z|eta=0,SU2-CNOT-line|n8|d48|i1,512,236,0.00037918236521092524
v2_spectrum,SU2-CNOT-line|n8|d48|i1|dir=gaussian|basis=Z|eta=0,SU2-CNOT-line|n8|d48|i1,512,237,0.0003618064099978467
v2_spectrum,SU2-CNOT-line|n8|d48|i1|dir=gaussian|basis=Z|eta=0,SU2-CNOT-line|n8|d48|i1,512,238,0.00035602813096771
v2_spectrum,SU2-CNOT-line|n8|d48|i1|dir=gaussian|basis=Z|eta=0,SU2-CNOT-line|n8|d48|i1,512,239,0.00033246598121678815
v2_spectrum,SU2-CNOT-line|n8|d48|i1|dir=gaussian|basis=Z|eta=0,SU2-CNOT-line|n8|d48|i1,512,240,0.0003303109214425832
v2_spectrum,SU2-CNOT-line|n8|d48|i1|dir=gaussian|basis=Z|eta=0,SU2-CNOT-line|n8|d48|i1,512,241,0.00032500626360084154
v2_spectrum,SU2-CNOT-line|n8|d48|i1|dir=gaussian|basis=Z|eta=0,SU2-CNOT-line|n8|d48|i1,512,242,0.0003137291347410511
v2_spectrum,SU2-CNOT-line|n8|d48|i1|dir=gaussian|basis=Z|eta=0,SU2-CNOT-line|n8|d48|i1,512,243,0.00030187538966320254
v2_spectrum,SU2-CNOT-line|n8|d48|i1|dir=gaussian|basis=Z|eta=0,SU2-CNOT-line|n8|d48|i1,512,244,0.0002924981471861658
v2_spectrum,SU2-CNOT-line|n8|d48|i1|dir=gaussian|basis=Z|eta=0,SU2-CNOT-line|n8|d48|i1,512,245,0.0002848132366055325
v2_spectrum,SU2-CNOT-line|n8|d48|i1|dir=gaussian|basis=Z|eta=0,SU2-CNOT-line|n8|d48|i1,512,246,0.00026871397289111214
v2_spectrum,SU2-CNOT-line|n8|d48|i1|dir=gaussian|basis=Z|eta=0,SU2-CNOT-line|n8|d48|i1,512,247,0.00025660885083840463
v2_spectrum,SU2-CNOT-line|n8|d48|i1|dir=gaussian|basis=Z|eta=0,SU2-CNOT-line|n8|d48|i1,512,248,0.0002500553379428558
v2_spectrum,SU2-CNOT-line|n8|d48|i1|dir=gaussian|basis=Z|eta=0,SU2-CNOT-line|n8|d48|i1,512,249,0.00024079400727363903
v2_spectrum,SU2-CNOT-line|n8|d48|i1|dir=gaussian|basis=Z|eta=0,SU2-CNOT-line|n8|d48|i1,512,250,0.00022928020133680335
v2_spectrum,SU2-CNOT-line|n8|d48|i1|dir=gaussian|basis=Z|eta=0,SU2-CNOT-line|n8|d48|i1,512,251,0.00022264241226274857
v2_spectrum,SU2-CNOT-line|n8|d48|i1|dir=gaussian|basis=Z|eta=0,SU2-CNOT-line|n8|d48|i1,512,252,0.00020175263704650786
v2_spectrum,SU2-CNOT-line|n8|d48|i1|dir=gaussian|basis=Z|eta=0,SU2-CNOT-line|n8|d48|i1,512,253,0.00019526059649340854
v2_spectrum,SU2-CNOT-line|n8|d48|i1|dir=gaussian|basis=Z|eta=0,SU2-CNOT-line|n8|d48|i1,512,254,0.0001833327803925672
v2_spectrum,SU2-CNOT-line|n8|d48|i1|dir=gaussian|basis=Z|eta=0,SU2-CNOT-line|n8|d48|i1,512,255,0.00017166094505420435
v2_spectrum,SU2-HaarU4-brickwork|n10|d60|i1|dir=gaussian|basis=Z|eta=0,SU2-HaarU4-brickwork|n10|d60|i1,512,1,0.01244320843780393
v2_spectrum,SU2-HaarU4-brickwork|n10|d60|i1|dir=gaussian|basis=Z|eta=0,SU2-HaarU4-brickwork|n10|d60|i1,512,2,0.011850558933398299
v2_spectrum,SU2-HaarU4-brickwork|n10|d60|i1|dir=gaussian|basis=Z|eta=0,SU2-HaarU4-brickwork|n10|d60|i1,512,3,0.011427133012658837
v2_spectrum,SU2-HaarU4-brickwork|n10|d60|i1|dir=gaussian|basis=Z|eta=0,SU2-HaarU4-brickwork|n10|d60|i1,512,4,0.011170817569773782
v2_spectrum,SU2-HaarU4-brickwork|n10|d60|i1|dir=gaussian|basis=Z|eta=0,SU2-HaarU4-brickwork|n10|d60|i1,512,5,0.010751216354723682
v2_spectrum,SU2-HaarU4-brickwork|n10|d60|i1|dir=gaussian|basis=Z|eta=0,SU2-HaarU4-brickwork|n10|d60|i1,512,6,0.010574997421510256
v2_spectrum,SU2-HaarU4-brickwork|n10|d60|i1|dir=gaussian|basis=Z|eta=0,SU2-HaarU4-brickwork|n10|d60|i1,512,7,0.010310073168238884
v2_spectrum,SU2-HaarU4-brickwork|n10|d60|i1|dir=gaussian|basis=Z|eta=0,SU2-HaarU4-brickwork|n10|d60|i1,512,8,0.010142277694243742
v2_spectrum,SU2-HaarU4-brickwork|n10|d60|i1|dir=gaussian|basis=Z|eta=0,SU2-HaarU4-brickwork|n10|d60|i1,512,9,0.009923314198110633
v2_spectrum,SU2-HaarU4-brickwork|n10|d60|i1|dir=gaussian|basis=Z|eta=0,SU2-HaarU4-brickwork|n10|d60|i1,512,10,0.009682495792713531
v2_spectrum,SU2-HaarU4-brickwork|n10|d60|i1|dir=gaussian|basis=Z|eta=0,SU2-HaarU4-brickwork|n10|d60|i1,512,11,0.00948867206380285
v2_spectrum,SU2-HaarU4-brickwork|n10|d60|i1|dir=gaussian|basis=Z|eta=0,SU2-HaarU4-brickwork|n10|d60|i1,512,12,0.009318732654528384
v2_spectrum,SU2-HaarU4-brickwork|n10|d60|i1|dir=gaussian|basis=Z|eta=0,SU2-HaarU4-brickwork|n10|d60|i1,512,13,0.009017056039073757
v2_spectrum,SU2-HaarU4-brickwork|n10|d60|i1|dir=gaussian|basis=Z|eta=0,SU2-HaarU4-brickwork|n10|d60|i1,512,14,0.008906757408919006
v2_spectrum,SU2-HaarU4-brickwork|n10|d60|i1|dir=gaussian|basis=Z|eta=0,SU2-HaarU4-brickwork|n10|d60|i1,512,15,0.008827915678979219
v2_spectrum,SU2-HaarU4-brickwork|n10|d60|i1|dir=gaussian|basis=Z|eta=0,SU2-HaarU4-brickwork|n10|d60|i1,512,16,0.008720829951105801
v2_spectrum,SU2-HaarU4-brickwork|n10|d60|i1|dir=gaussian|basis=Z|eta=0,SU2-HaarU4-brickwork|n10|d60|i1,512,17,0.008507615918253766
v2_spectrum,SU2-HaarU4-brickwork|n10|d60|i1|dir=gaussian|basis=Z|eta=0,SU2-HaarU4-brickwork|n10|d60|i1,512,18,0.008377287445416477
v2_spectrum,SU2-HaarU4-brickwork|n10|d60|i1|dir=gaussian|basis=Z|eta=0,SU2-HaarU4-brickwork|n10|d60|i1,512,19,0.008259410875088146
v2_spectrum,SU2-HaarU4-brickwork|n10|d60|i1|dir=gaussian|basis=Z|eta=0,SU2-HaarU4-brickwork|n10|d60|i1,512,20,0.008137266748713217
v2_spectrum,SU2-HaarU4-brickwork|n10|d60|i1|dir=gaussian|basis=Z|eta=0,SU2-HaarU4-brickwork|n10|d60|i1,512,21,0.008051833475366638
v2_spectrum,SU2-HaarU4-brickwork|n10|d60|i1|dir=gaussian|basis=Z|eta=0,SU2-HaarU4-brickwork|n10|d60|i1,512,22,0.00794606534128147
v2_spectrum,SU2-HaarU4-brickwork|n10|d60|i1|dir=gaussian|basis=Z|eta=0,SU2-HaarU4-brickwork|n10|d60|i1,512,23,0.007810283713960998
v2_spectrum,SU2-HaarU4-brickwork|n10|d60|i1|dir=gaussian|basis=Z|eta=0,SU2-HaarU4-brickwork|n10|d60|i1,512,24,0.00770161310856491
v2_spectrum,SU2-HaarU4-brickwork|n10|d60|i1|dir=gaussian|basis=Z|eta=0,SU2-HaarU4-brickwork|n10|d60|i1,512,25,0.007587565906982433
v2_spectrum,SU2-HaarU4-brickwork|n10|d60|i1|dir=gaussian|basis=Z|eta=0,SU2-HaarU4-brickwork|n10|d60|i1,512,26,0.007556673958797211
v2_spectrum,SU2-HaarU4-brickwork|n10|d60|i1|dir=gaussian|basis=Z|eta=0,SU2-HaarU4-brickwork|n10|d60|i1,512,27,0.007503964618109153
v2_spectrum,SU2-HaarU4-brickwork|n10|d60|i1|dir=gaussian|basis=Z|eta=0,SU2-HaarU4-brickwork|n10|d60|i1,512,28,0.00727108429577327
v2_spectrum,SU2-HaarU4-brickwork|n10|d60|i1|dir=gaussian|basis=Z|eta=0,SU2-HaarU4-brickwork|n10|d60|i1,512,29,0.007223605449555824
v2_spectrum,SU2-HaarU4-brickwork|n10|d60|i1|dir=gaussian|basis=Z|eta=0,SU2-HaarU4-brickwork|n10|d60|i1,512,30,0.00716721924072115
v2_spectrum,SU2-HaarU4-brickwork|n10|d60|i1|dir=gaussian|basis=Z|eta=0,SU2-HaarU4-brickwork|n10|d60|i1,512,31,0.007032195863021145
v2_spectrum,SU2-HaarU4-brickwork|n10|d60|i1|dir=gaussian|basis=Z|eta=0,SU2-HaarU4-brickwork|n10|d60|i1,512,32,0.00700272017374023
v2_spectrum,SU2-HaarU4-brickwork|n10|d60|i1|dir=gaussian|basis=Z|eta=0,SU2-HaarU4-brickwork|n10|d60|i1,512,33,0.006946737871890878
v2_spectrum,SU2-HaarU4-brickwork|n10|d60|i1|dir=gaussian|basis=Z|eta=0,SU2-HaarU4-brickwork|n10|d60|i1,512,34,0.006873351568995134
v2_spectrum,SU2-HaarU4-brickwork|n10|d60|i1|dir=gaussian|basis=Z|eta=0,SU2-HaarU4-brickwork|n10|d60|i1,512,35,0.0066906916051880875
v2_spectrum,SU2-HaarU4-brickwork|n10|d60|i1|dir=gaussian|basis=Z|eta=0,SU2-HaarU4-brickwork|n10|d60|i1,512,36,0.006566245864314676
v2_spectrum,SU2-HaarU4-brickwork|n10|d60|i1|dir=gaussian|basis=Z|eta=0,SU2-HaarU4-brickwork|n10|d60|i1,512,37,0.006513783920094827
v2_spectrum,SU2-HaarU4-brickwork|n10|d60|i1|dir=gaussian|basis=Z|eta=0,SU2-HaarU4-brickwork|n10|d60|i1,512,38,0.006395888725957227
v2_spectrum,SU2-HaarU4-brickwork|n10|d60|i1|dir=gaussian|basis=Z|eta=0,SU2-HaarU4-brickwork|n10|d60|i1,512,39,0.006339470032400506
v2_spectrum,SU2-HaarU4-brickwork|n10|d60|i1|dir=gaussian|basis=Z|eta=0,SU2-HaarU4-brickwork|n10|d60|i1,512,40,0.006253052786169077
v2_spectrum,SU2-HaarU4-brickwork|n10|d60|i1|dir=gaussian|basis=Z|eta=0,SU2-HaarU4-brickwork|n10|d60|i1,512,41,0.006199735312541196
v2_spectrum,SU2-HaarU4-brickwork|n10|d60|i1|dir=gaussian|basis=Z|eta=0,SU2-HaarU4-brickwork|n10|d60|i1,512,42,0.006104791430272238
v2_spectrum,SU2-HaarU4-brickwork|n10|d60|i1|dir=gaussian|basis=Z|eta=0,SU2-HaarU4-brickwork|n10|d60|i1,512,43,0.006068227650760638
v2_spectrum,SU2-HaarU4-brickwork|n10|d60|i1|dir=gaussian|basis=Z|eta=0,SU2-HaarU4-brickwork|n10|d60|i1,512,44,0.005987240390218076
v2_spectrum,SU2-HaarU4-brickwork|n10|d60|i1|dir=gaussian|basis=Z|eta=0,SU2-HaarU4-brickwork|n10|d60|i1,512,45,0.005947840467801721
v2_spectrum,SU2-HaarU4-brickwork|n10|d60|i1|dir=gaussian|basis=Z|eta=0,SU2-HaarU4-brickwork|n10|d60|i1,512,46,0.005849618169330034
v2_spectrum,SU2-HaarU4-brickwork|n10|d60|i1|dir=gaussian|basis=Z|eta=0,SU2-HaarU4-brickwork|n10|d60|i1,512,47,0.005703666411590576
v2_spectrum,SU2-HaarU4-brickwork|n10|d60|i1|dir=gaussian|basis=Z|eta=0,SU2-HaarU4-brickwork|n10|d60|i1,512,48,0.0056797663772735815
v2_spectrum,SU2-HaarU4-brickwork|n10|d60|i1|dir=gaussian|basis=Z|eta=0,SU2-HaarU4-brickwork|n10|d60|i1,512,49,0.00567528041980454
v2_spectrum,SU2-HaarU4-brickwork|n10|d60|i1|dir=gaussian|basis=Z|eta=0,SU2-HaarU4-brickwork|n10|d60|i1,512,50,0.005585546363137159
v2_spectrum,SU2-HaarU4-brickwork|n10|d60|i1|dir=gaussian|basis=Z|eta=0,SU2-HaarU4-brickwork|n10|d60|i1,512,51,0.005568095398335317
v2_spectrum,SU2-HaarU4-brickwork|n10|d60|i1|dir=gaussian|basis=Z|eta=0,SU2-HaarU4-brickwork|n10|d60|i1,512,52,0.0054515187848602955
v2_spectrum,SU2-HaarU4-brickwork|n10|d60|i1|dir=gaussian|basis=Z|eta=0,SU2-HaarU4-brickwork|n10|d60|i1,512,53,0.00541228631319076
v2_spectrum,SU2-HaarU4-brickwork|n10|d60|i1|dir=gaussian|basis=Z|eta=0,SU2-HaarU4-brickwork|n10|d60|i1,512,54,0.005383986140231106
v2_spectrum,SU2-HaarU4-brickwork|n10|d60|i1|dir=gaussian|basis=Z|eta=0,SU2-HaarU4-brickwork|n10|d60|i1,512,55,0.005317301289942906
v2_spectrum,SU2-HaarU4-brickwork|n10|d60|i1|dir=gaussian|basis=Z|eta=0,SU2-HaarU4-brickwork|n10|d60|i1,512,56,0.005253040582937012
v2_spectrum,SU2-HaarU4-brickwork|n10|d60|i1|dir=gaussian|basis=Z|eta=0,SU2-HaarU4-brickwork|n10|d60|i1,512,57,0.0052054143393833775
v2_spectrum,SU2-HaarU4-brickwork|n10|d60|i1|dir=gaussian|basis=Z|eta=0,SU2-HaarU4-brickwork|n10|d60|i1,512,58,0.005140891155941143
v2_spectrum,SU2-HaarU4-brickwork|n10|d60|i1|dir=gaussian|basis=Z|eta=0,SU2-HaarU4-brickwork|n10|d60|i1,512,59,0.005102793341753228
v2_spectrum,SU2-HaarU4-brickwork|n10|d60|i1|dir=gaussian|basis=Z|eta=0,SU2-HaarU4-brickwork|n10|d60|i1,512,60,0.005070032838037458
v2_spectrum,SU2-HaarU4-brickwork|n10|d60|i1|dir=gaussian|basis=Z|eta=0,SU2-HaarU4-brickwork|n10|d60|i1,512,61,0.005038487897569232
v2_spectrum,SU2-HaarU4-brickwork|n10|d60|i1|dir=gaussian|basis=Z|eta=0,SU2-HaarU4-brickwork|n10|d60|i1,512,62,0.00501896227531283
v2_spectrum,SU2-HaarU4-brickwork|n10|d60|i1|dir=gaussian|basis=Z|eta=0,SU2-HaarU4-brickwork|n10|d60|i1,512,63,0.004916299941787725
v2_spectrum,SU2-HaarU4-brickwork|n10|d60|i1|dir=gaussian|basis=Z|eta=0,SU2-HaarU4-brickwork|n10|d60|i1,512,64,0.004820047649985234
v2_spectrum,SU2-HaarU4-brickwork|n10|d60|i1|dir=gaussian|basis=Z|eta=0,SU2-HaarU4-brickwork|n10|d60|i1,512,65,0.00477319068156565
v2_spectrum,SU2-HaarU4-brickwork|n10|d60|i1|dir=gaussian|basis=Z|eta=0,SU2-HaarU4-brickwork|n10|d60|i1,512,66,0.004758920982802673
v2_spectrum,SU2-HaarU4-brickwork|n10|d60|i1|dir=gaussian|basis=Z|eta=0,SU2-HaarU4-brickwork|n10|d60|i1,512,67,0.0046776144308166515
v2_spectrum,SU2-HaarU4-brickwork|n10|d60|i1|dir=gaussian|basis=Z|eta=0,SU2-HaarU4-brickwork|n10|d60|i1,512,68,0.004612018596963296
v2_spectrum,SU2-HaarU4-brickwork|n10|d60|i1|dir=gaussian|basis=Z|eta=0,SU2-HaarU4-brickwork|n10|d60|i1,512,69,0.004585224331897178
v2_spectrum,SU2-HaarU4-brickwork|n10|d60|i1|dir=gaussian|basis=Z|eta=0,SU2-HaarU4-brickwork|n10|d60|i1,512,70,0.004553403968873949
v2_spectrum,SU2-HaarU4-brickwork|n10|d60|i1|dir=gaussian|basis=Z|eta=0,SU2-HaarU4-brickwork|n10|d60|i1,512,71,0.004484809268201724
v2_spectrum,SU2-HaarU4-brickwork|n10|d60|i1|dir=gaussian|basis=Z|eta=0,SU2-HaarU4-brickwork|n10|d60|i1,512,72,0.004477385894291441
v2_spectrum,SU2-HaarU4-brickwork|n10|d60|i1|dir=gaussian|basis=Z|eta=0,SU2-HaarU4-brickwork|n10|d60|i1,512,73,0.004444166918543478
v2_spectrum,SU2-HaarU4-brickwork|n10|d60|i1|dir=gaussian|basis=Z|eta=0,SU2-HaarU4-brickwork|n10|d60|i1,512,74,0.004373553128478668
v2_spectrum,SU2-HaarU4-brickwork|n10|d60|i1|dir=gaussian|basis=Z|eta=0,SU2-HaarU4-brickwork|n10|d60|i1,512,75,0.004357078784828976
v2_spectrum,SU2-HaarU4-brickwork|n10|d60|i1|dir=gaussian|basis=Z|eta=0,SU2-HaarU4-brickwork|n10|d60|i1,512,76,0.0043034598606712555
v2_spectrum,SU2-HaarU4-brickwork|n10|d60|i1|dir=gaussian|basis=Z|eta=0,SU2-HaarU4-brickwork|n10|d60|i1,512,77,0.004285104835844683
v2_spectrum,SU2-HaarU4-brickwork|n10|d60|i1|dir=gaussian|basis=Z|eta=0,SU2-HaarU4-brickwork|n10|d60|i1,512,78,0.004235406515974213
v2_spectrum,SU2-HaarU4-brickwork|n10|d60|i1|dir=gaussian|basis=Z|eta=0,SU2-HaarU4-brickwork|n10|d60|i1,512,79,0.0041910788984066555
v2_spectrum,SU2-HaarU4-brickwork|n10|d60|i1|dir=gaussian|basis=Z|eta=0,SU2-HaarU4-brickwork|n10|d60|i1,512,80,0.004182270871737082
v2_spectrum,SU2-HaarU4-brickwork|n10|d60|i1|dir=gaussian|basis=Z|eta=0,SU2-HaarU4-brickwork|n10|d60|i1,512,81,0.00410092768272312
v2_spectrum,SU2-HaarU4-brickwork|n10|d60|i1|dir=gaussian|basis=Z|eta=0,SU2-HaarU4-brickwork|n10|d60|i1,512,82,0.00409044230941306
v2_spectrum,SU2-HaarU4-brickwork|n10|d60|i1|dir=gaussian|basis=Z|eta=0,SU2-HaarU4-brickwork|n10|d60|i1,512,83,0.004033966804672034
v2_spectrum,SU2-HaarU4-brickwork|n10|d60|i1|dir=gaussian|basis=Z|eta=0,SU2-HaarU4-brickwork|n10|d60|i1,512,84,0.004004430895777644
v2_spectrum,SU2-HaarU4-brickwork|n10|d60|i1|dir=gaussian|basis=Z|eta=0,SU2-HaarU4-brickwork|n10|d60|i1,512,85,0.003971988416943841
v2_spectrum,SU2-HaarU4-brickwork|n10|d60|i1|dir=gaussian|basis=Z|eta=0,SU2-HaarU4-brickwork|n10|d60|i1,512,86,0.0039493749913153044
v2_spectrum,SU2-HaarU4-brickwork|n10|d60|i1|dir=gaussian|basis=Z|eta=0,SU2-HaarU4-brickwork|n10|d60|i1,512,87,0.003900355126387993
v2_spectrum,SU2-HaarU4-brickwork|n10|d60|i1|dir=gaussian|basis=Z|eta=0,SU2-HaarU4-brickwork|n10|d60|i1,512,88,0.003832226801466591
v2_spectrum,SU2-HaarU4-brickwork|n10|d60|i1|dir=gaussian|basis=Z|eta=0,SU2-HaarU4-brickwork|n10|d60|i1,512,89,0.0038019118966338694
v2_spectrum,SU2-HaarU4-brickwork|n10|d60|i1|dir=gaussian|basis=Z|eta=0,SU2-HaarU4-brickwork|n10|d60|i1,512,90,0.0037825086122763945
v2_spectrum,SU2-HaarU4-brickwork|n10|d60|i1|dir=gaussian|basis=Z|eta=0,SU2-HaarU4-brickwork|n10|d60|i1,512,91,0.003738295859080325
v2_spectrum,SU2-HaarU4-brickwork|n10|d60|i1|dir=gaussian|basis=Z|eta=0,SU2-HaarU4-brickwork|n10|d60|i1,512,92,0.0036956156582996723
v2_spectrum,SU2-HaarU4-brickwork|n10|d60|i1|dir=gaussian|basis=Z|eta=0,SU2-HaarU4-brickwork|n10|d60|i1,512,93,0.0036596274472833396
v2_spectrum,SU2-HaarU4-brickwork|n10|d60|i1|dir=gaussian|basis=Z|eta=0,SU2-HaarU4-brickwork|n10|d60|i1,512,94,0.0036239706706634694
v2_spectrum,SU2-HaarU4-brickwork|n10|d60|i1|dir=gaussian|basis=Z|eta=0,SU2-HaarU4-brickwork|n10|d60|i1,512,95,0.0035832717841942823
v2_spectrum,SU2-HaarU4-brickwork|n10|d60|i1|dir=gaussian|basis=Z|eta=0,SU2-HaarU4-brickwork|n10|d60|i1,512,96,0.003573344567990958
v2_spectrum,SU2-HaarU4-brickwork|n10|d60|i1|dir=gaussian|basis=Z|eta=0,SU2-HaarU4-brickwork|n10|d60|i1,512,97,0.0035374924358931407
v2_spectrum,SU2-HaarU4-brickwork|n10|d60|i1|dir=gaussian|basis=Z|eta=0,SU2-HaarU4-brickwork|n10|d60|i1,512,98,0.003516296680964974
v2_spectrum,SU2-HaarU4-brickwork|n10|d60|i1|dir=gaussian|basis=Z|eta=0,SU2-HaarU4-brickwork|n10|d60|i1,512,99,0.0035077918614481543
v2_spectrum,SU2-HaarU4-brickwork|n10|d60|i1|dir=gaussian|basis=Z|eta=0,SU2-HaarU4-brickwork|n10|d60|i1,512,100,0.00347303639015631
v2_spectrum,SU2-HaarU4-brickwork|n10|d60|i1|dir=gaussian|basis=Z|eta=0,SU2-HaarU4-brickwork|n10|d60|i1,512,101,0.0034228817503490112
v2_spectrum,SU2-HaarU4-brickwork|n10|d60|i1|dir=gaussian|basis=Z|eta=0,SU2-HaarU4-brickwork|n10|d60|i1,512,102,0.0033967386790953254
v2_spectrum,SU2-HaarU4-brickwork|n10|d60|i1|dir=gaussian|basis=Z|eta=0,SU2-HaarU4-brickwork|n10|d60|i1,512,103,0.003374335961931851
v2_spectrum,SU2-HaarU4-brickwork|n10|d60|i1|dir=gaussian|basis=Z|eta=0,SU2-HaarU4-brickwork|n10|d60|i1,512,104,0.003330999751281371
v2_spectrum,SU2-HaarU4-brickwork|n10|d60|i1|dir=gaussian|basis=Z|eta=0,SU2-HaarU4-brickwork|n10|d60|i1,512,105,0.003312807146741353
v2_spectrum,SU2-HaarU4-brickwork|n10|d60|i1|dir=gaussian|basis=Z|eta=0,SU2-HaarU4-brickwork|n10|d60|i1,512,106,0.003280345768148047
v2_spectrum,SU2-HaarU4-brickwork|n10|d60|i1|dir=gaussian|basis=Z|eta=0,SU2-HaarU4-brickwork|n10|d60|i1,512,107,0.003254814667136569
v2_spectrum,SU2-HaarU4-brickwork|n10|d60|i1|dir=gaussian|basis=Z|eta=0,SU2-HaarU4-brickwork|n10|d60|i1,512,108,0.003245520325437991
v2_spectrum,SU2-HaarU4-brickwork|n10|d60|i1|dir=gaussian|basis=Z|eta=0,SU2-HaarU4-brickwork|n10|d60|i1,512,109,0.0032234232315085987
v2_spectrum,SU2-HaarU4-brickwork|n10|d60|i1|dir=gaussian|basis=Z|eta=0,SU2-HaarU4-brickwork|n10|d60|i1,512,110,0.003190667496165493
v2_spectrum,SU2-HaarU4-brickwork|n10|d60|i1|dir=gaussian|basis=Z|eta=0,SU2-HaarU4-brickwork|n10|d60|i1,512,111,0.0031259514156627495
v2_spectrum,SU2-HaarU4-brickwork|n10|d60|i1|dir=gaussian|basis=Z|eta=0,SU2-HaarU4-brickwork|n10|d60|i1,512,112,0.0031114957721604187
v2_spectrum,SU2-HaarU4-brickwork|n10|d60|i1|dir=gaussian|basis=Z|eta=0,SU2-HaarU4-brickwork|n10|d60|i1,512,113,0.003087343228777794
v2_spectrum,SU2-HaarU4-brickwork|n10|d60|i1|dir=gaussian|basis=Z|eta=0,SU2-HaarU4-brickwork|n10|d60|i1,512,114,0.0030741356562186085
v2_spectrum,SU2-HaarU4-brickwork|n10|d60|i1|dir=gaussian|basis=Z|eta=0,SU2-HaarU4-brickwork|n10|d60|i1,512,115,0.003019968305742556
v2_spectrum,SU2-HaarU4-brickwork|n10|d60|i1|dir=gaussian|basis=Z|eta=0,SU2-HaarU4-brickwork|n10|d60|i1,512,116,0.003002338634963026
v2_spectrum,SU2-HaarU4-brickwork|n10|d60|i1|dir=gaussian|basis=Z|eta=0,SU2-HaarU4-brickwork|n10|d60|i1,512,117,0.002978460803992989
v2_spectrum,SU2-HaarU4-brickwork|n10|d60|i1|dir=gaussian|basis=Z|eta=0,SU2-HaarU4-brickwork|n10|d60|i1,512,118,0.0029643399633627996
v2_spectrum,SU2-HaarU4-brickwork|n10|d60|i1|dir=gaussian|basis=Z|eta=0,SU2-HaarU4-brickwork|n10|d60|i1,512,119,0.0029375895759179566
v2_spectrum,SU2-HaarU4-brickwork|n10|d60|i1|dir=gaussian|basis=Z|eta=0,SU2-HaarU4-brickwork|n10|d60|i1,512,120,0.0028994169534868556
v2_spectrum,SU2-HaarU4-brickwork|n10|d60|i1|dir=gaussian|basis=Z|eta=0,SU2-HaarU4-brickwork|n10|d60|i1,512,121,0.0028902231866528507
v2_spectrum,SU2-HaarU4-brickwork|n10|d60|i1|dir=gaussian|basis=Z|eta=0,SU2-HaarU4-brickwork|n10|d60|i1,512,122,0.002855600729156248
v2_spectrum,SU2-HaarU4-brickwork|n10|d60|i1|dir=gaussian|basis=Z|eta=0,SU2-HaarU4-brickwork|n10|d60|i1,512,123,0.0028397862161170465
v2_spectrum,SU2-HaarU4-brickwork|n10|d60|i1|dir=gaussian|basis=Z|eta=0,SU2-HaarU4-brickwork|n10|d60|i1,512,124,0.0028224486953429013
v2_spectrum,SU2-HaarU4-brickwork|n10|d60|i1|dir=gaussian|basis=Z|eta=0,SU2-HaarU4-brickwork|n10|d60|i1,512,125,0.0027816833735648987
v2_spectrum,SU2-HaarU4-brickwork|n10|d60|i1|dir=gaussian|basis=Z|eta=0,SU2-HaarU4-brickwork|n10|d60|i1,512,126,0.0027446391315200046
v2_spectrum,SU2-HaarU4-brickwork|n10|d60|i1|dir=gaussian|basis=Z|eta=0,SU2-HaarU4-brickwork|n10|d60|i1,512,127,0.0027277205008952514
v2_spectrum,SU2-HaarU4-brickwork|n10|d60|i1|dir=gaussian|basis=Z|eta=0,SU2-HaarU4-brickwork|n10|d60|i1,512,128,0.0027112663415675728
v2_spectrum,SU2-HaarU4-brickwork|n10|d60|i1|dir=gaussian|basis=Z|eta=0,SU2-HaarU4-brickwork|n10|d60|i1,512,129,0.0026806372386492454
v2_spectrum,SU2-HaarU4-brickwork|n10|d60|i1|dir=gaussian|basis=Z|eta=0,SU2-HaarU4-brickwork|n10|d60|i1,512,130,0.002623907969789655
v2_spectrum,SU2-HaarU4-brickwork|n10|d60|i1|dir=gaussian|basis=Z|eta=0,SU2-HaarU4-brickwork|n10|d60|i1,512,131,0.0026140704860476696
v2_spectrum,SU2-HaarU4-brickwork|n10|d60|i1|dir=gaussian|basis=Z|eta=0,SU2-HaarU4-brickwork|n10|d60|i1,512,132,0.002597440350021815
v2_spectrum,SU2-HaarU4-brickwork|n10|d60|i1|dir=gaussian|basis=Z|eta=0,SU2-HaarU4-brickwork|n10|d60|i1,512,133,0.0025756705264717633
v2_spectrum,SU2-HaarU4-brickwork|n10|d60|i1|dir=gaussian|basis=Z|eta=0,SU2-HaarU4-brickwork|n10|d60|i1,512,134,0.00255047919084748
v2_spectrum,SU2-HaarU4-brickwork|n10|d60|i1|dir=gaussian|basis=Z|eta=0,SU2-HaarU4-brickwork|n10|d60|i1,512,135,0.00254602796155729
v2_spectrum,SU2-HaarU4-brickwork|n10|d60|i1|dir=gaussian|basis=Z|eta=0,SU2-HaarU4-brickwork|n10|d60|i1,512,136,0.002523889689030892
v2_spectrum,SU2-HaarU4-brickwork|n10|d60|i1|dir=gaussian|basis=Z|eta=0,SU2-HaarU4-brickwork|n10|d60|i1,512,137,0.0024958130069520734
v2_spectrum,SU2-HaarU4-brickwork|n10|d60|i1|dir=gaussian|basis=Z|eta=0,SU2-HaarU4-brickwork|n10|d60|i1,512,138,0.0024537419989107555
v2_spectrum,SU2-HaarU4-brickwork|n10|d60|i1|dir=gaussian|basis=Z|eta=0,SU2-HaarU4-brickwork|n10|d60|i1,512,139,0.0024456038352612232
v2_spectrum,SU2-HaarU4-brickwork|n10|d60|i1|dir=gaussian|basis=Z|eta=0,SU2-HaarU4-brickwork|n10|d60|i1,512,140,0.0024376044661990823
v2_spectrum,SU2-HaarU4-brickwork|n10|d60|i1|dir=gaussian|basis=Z|eta=0,SU2-HaarU4-brickwork|n10|d60|i1,512,141,0.0024006126808936564
v2_spectrum,SU2-HaarU4-brickwork|n10|d60|i1|dir=gaussian|basis=Z|eta=0,SU2-HaarU4-brickwork|n10|d60|i1,512,142,0.0023871971097943145
v2_spectrum,SU2-HaarU4-brickwork|n10|d60|i1|dir=gaussian|basis=Z|eta=0,SU2-HaarU4-brickwork|n10|d60|i1,512,143,0.0023519985903462976
v2_spectrum,SU2-HaarU4-brickwork|n10|d60|i1|dir=gaussian|basis=Z|eta=0,SU2-HaarU4-brickwork|n10|d60|i1,512,144,0.002318146277092512
v2_spectrum,SU2-HaarU4-brickwork|n10|d60|i1|dir=gaussian|basis=Z|eta=0,SU2-HaarU4-brickwork|n10|d60|i1,512,145,0.002298890615780012
v2_spectrum,SU2-HaarU4-brickwork|n10|d60|i1|dir=gaussian|basis=Z|eta=0,SU2-HaarU4-brickwork|n10|d60|i1,512,146,0.0022768534137411678
v2_spectrum,SU2-HaarU4-brickwork|n10|d60|i1|dir=gaussian|basis=Z|eta=0,SU2-HaarU4-brickwork|n10|d60|i1,512,147,0.002259606296651442
v2_spectrum,SU2-HaarU4-brickwork|n10|d60|i1|dir=gaussian|basis=Z|eta=0,SU2-HaarU4-brickwork|n10|d60|i1,512,148,0.0022567194573147806
v2_spectrum,SU2-HaarU4-brickwork|n10|d60|i1|dir=gaussian|basis=Z|eta=0,SU2-HaarU4-brickwork|n10|d60|i1,512,149,0.002237466231327803
v2_spectrum,SU2-HaarU4-brickwork|n10|d60|i1|dir=gaussian|basis=Z|eta=0,SU2-HaarU4-brickwork|n10|d60|i1,512,150,0.002231597694571652
v2_spectrum,SU2-HaarU4-brickwork|n10|d60|i1|dir=gaussian|basis=Z|eta=0,SU2-HaarU4-brickwork|n10|d60|i1,512,151,0.0022146334158151776
v2_spectrum,SU2-HaarU4-brickwork|n10|d60|i1|dir=gaussian|basis=Z|eta=0,SU2-HaarU4-brickwork|n10|d60|i1,512,152,0.00216496386294666
v2_spectrum,SU2-HaarU4-brickwork|n10|d60|i1|dir=gaussian|basis=Z|eta=0,SU2-HaarU4-brickwork|n10|d60|i1,512,153,0.0021636062263625635
v2_spectrum,SU2-HaarU4-brickwork|n10|d60|i1|dir=gaussian|basis=Z|eta=0,SU2-HaarU4-brickwork|n10|d60|i1,512,154,0.0021506916553950114
v2_spectrum,SU2-HaarU4-brickwork|n10|d60|i1|dir=gaussian|basis=Z|eta=0,SU2-HaarU4-brickwork|n10|d60|i1,512,155,0.0021311276416606955
v2_spectrum,SU2-HaarU4-brickwork|n10|d60|i1|dir=gaussian|basis=Z|eta=0,SU2-HaarU4-brickwork|n10|d60|i1,512,156,0.0021251186116451977
v2_spectrum,SU2-HaarU4-brickwork|n10|d60|i1|dir=gaussian|basis=Z|eta=0,SU2-HaarU4-brickwork|n10|d60|i1,512,157,0.0020842947033523677
v2_spectrum,SU2-HaarU4-brickwork|n10|d60|i1|dir=gaussian|basis=Z|eta=0,SU2-HaarU4-brickwork|n10|d60|i1,512,158,0.0020791283415976217
v2_spectrum,SU2-HaarU4-brickwork|n10|d60|i1|dir=gaussian|basis=Z|eta=0,SU2-HaarU4-brickwork|n10|d60|i1,512,159,0.0020736212177718386
v2_spectrum,SU2-HaarU4-brickwork|n10|d60|i1|dir=gaussian|basis=Z|eta=0,SU2-HaarU4-brickwork|n10|d60|i1,512,160,0.0020510019624363327
v2_spectrum,SU2-HaarU4-brickwork|n10|d60|i1|dir=gaussian|basis=Z|eta=0,SU2-HaarU4-brickwork|n10|d60|i1,512,161,0.002041281799665994
v2_spectrum,SU2-HaarU4-brickwork|n10|d60|i1|dir=gaussian|basis=Z|eta=0,SU2-HaarU4-brickwork|n10|d60|i1,512,162,0.0020320872753514835
v2_spectrum,SU2-HaarU4-brickwork|n10|d60|i1|dir=gaussian|basis=Z|eta=0,SU2-HaarU4-brickwork|n10|d60|i1,512,163,0.0020085471016847685
v2_spectrum,SU2-HaarU4-brickwork|n10|d60|i1|dir=gaussian|basis=Z|eta=0,SU2-HaarU4-brickwork|n10|d60|i1,512,164,0.001998644914598687
v2_spectrum,SU2-HaarU4-brickwork|n10|d60|i1|dir=gaussian|basis=Z|eta=0,SU2-HaarU4-brickwork|n10|d60|i1,512,165,0.001976420806981334
v2_spectrum,SU2-HaarU4-brickwork|n10|d60|i1|dir=gaussian|basis=Z|eta=0,SU2-HaarU4-brickwork|n10|d60|i1,512,166,0.0019536786396268406
v2_spectrum,SU2-HaarU4-brickwork|n10|d60|i1|dir=gaussian|basis=Z|eta=0,SU2-HaarU4-brickwork|n10|d60|i1,512,167,0.0019220766869742331
v2_spectrum,SU2-HaarU4-brickwork|n10|d60|i1|dir=gaussian|basis=Z|eta=0,SU2-HaarU4-brickwork|n10|d60|i1,512,168,0.0019169753947068213
v2_spectrum,SU2-HaarU4-brickwork|n10|d60|i1|dir=gaussian|basis=Z|eta=0,SU2-HaarU4-brickwork|n10|d60|i1,512,169,0.0018993295886472771
v2_spectrum,SU2-HaarU4-brickwork|n10|d60|i1|dir=gaussian|basis=Z|eta=0,SU2-HaarU4-brickwork|n10|d60|i1,512,170,0.0018878936262765574
v2_spectrum,SU2-HaarU4-brickwork|n10|d60|i1|dir=gaussian|basis=Z|eta=0,SU2-HaarU4-brickwork|n10|d60|i1,512,171,0.001866685422663285
v2_spectrum,SU2-HaarU4-brickwork|n10|d60|i1|dir=gaussian|basis=Z|eta=0,SU2-HaarU4-brickwork|n10|d60|i1,512,172,0.0018542276221648105
v2_spectrum,SU2-HaarU4-brickwork|n10|d60|i1|dir=gaussian|basis=Z|eta=0,SU2-HaarU4-brickwork|n10|d60|i1,512,173,0.0018406169665969084
v2_spectrum,SU2-HaarU4-brickwork|n10|d60|i1|dir=gaussian|basis=Z|eta=0,SU2-HaarU4-brickwork|n10|d60|i1,512,174,0.001827136630193288
v2_spectrum,SU2-HaarU4-brickwork|n10|d60|i1|dir=gaussian|basis=Z|eta=0,SU2-HaarU4-brickwork|n10|d60|i1,512,175,0.0018149997709496562
v2_spectrum,SU2-HaarU4-brickwork|n10|d60|i1|dir=gaussian|basis=Z|eta=0,SU2-HaarU4-brickwork|n10|d60|i1,512,176,0.0018066925076807834
v2_spectrum,SU2-HaarU4-brickwork|n10|d60|i1|dir=gaussian|basis=Z|eta=0,SU2-HaarU4-brickwork|n10|d60|i1,512,177,0.0017943798515715442
v2_spectrum,SU2-HaarU4-brickwork|n10|d60|i1|dir=gaussian|basis=Z|eta=0,SU2-HaarU4-brickwork|n10|d60|i1,512,178,0.0017630305963893657
v2_spectrum,SU2-HaarU4-brickwork|n10|d60|i1|dir=gaussian|basis=Z|eta=0,SU2-HaarU4-brickwork|n10|d60|i1,512,179,0.0017590167429863079
v2_spectrum,SU2-HaarU4-brickwork|n10|d60|i1|dir=gaussian|basis=Z|eta=0,SU2-HaarU4-brickwork|n10|d60|i1,512,180,0.0017389991517211382
v2_spectrum,SU2-HaarU4-brickwork|n10|d60|i1|dir=gaussian|basis=Z|eta=0,SU2-HaarU4-brickwork|n10|d60|i1,512,181,0.0017296246403024212
v2_spectrum,SU2-HaarU4-brickwork|n10|d60|i1|dir=gaussian|basis=Z|eta=0,SU2-HaarU4-brickwork|n10|d60|i1,512,182,0.001717938434247732
v2_spectrum,SU2-HaarU4-brickwork|n10|d60|i1|dir=gaussian|basis=Z|eta=0,SU2-HaarU4-brickwork|n10|d60|i1,512,183,0.0017033555507113567
v2_spectrum,SU2-HaarU4-brickwork|n10|d60|i1|dir=gaussian|basis=Z|eta=0,SU2-HaarU4-brickwork|n10|d60|i1,512,184,0.0016938789663242433
v2_spectrum,SU2-HaarU4-brickwork|n10|d60|i1|dir=gaussian|basis=Z|eta=0,SU2-HaarU4-brickwork|n10|d60|i1,512,185,0.0016797597279367914
v2_spectrum,SU2-HaarU4-brickwork|n10|d60|i1|dir=gaussian|basis=Z|eta=0,SU2-HaarU4-brickwork|n10|d60|i1,512,186,0.0016529178383120158
v2_spectrum,SU2-HaarU4-brickwork|n10|d60|i1|dir=gaussian|basis=Z|eta=0,SU2-HaarU4-brickwork|n10|d60|i1,512,187,0.0016404590029357369
v2_spectrum,SU2-HaarU4-brickwork|n10|d60|i1|dir=gaussian|basis=Z|eta=0,SU2-HaarU4-brickwork|n10|d60|i1,512,188,0.001620635815431246
v2_spectrum,SU2-HaarU4-brickwork|n10|d60|i1|dir=gaussian|basis=Z|eta=0,SU2-HaarU4-brickwork|n10|d60|i1,512,189,0.0016047462124640396
v2_spectrum,SU2-HaarU4-brickwork|n10|d60|i1|dir=gaussian|basis=Z|eta=0,SU2-HaarU4-brickwork|n10|d60|i1,512,190,0.0015996450749449715
v2_spectrum,SU2-HaarU4-brickwork|n10|d60|i1|dir=gaussian|basis=Z|eta=0,SU2-HaarU4-brickwork|n10|d60|i1,512,191,0.0015712875101341784
v2_spectrum,SU2-HaarU4-brickwork|n10|d60|i1|dir=gaussian|basis=Z|eta=0,SU2-HaarU4-brickwork|n10|d60|i1,512,192,0.0015642330804930345
v2_spectrum,SU2-HaarU4-brickwork|n10|d60|i1|dir=gaussian|basis=Z|eta=0,SU2-HaarU4-brickwork|n10|d60|i1,512,193,0.0015547771184201281
v2_spectrum,SU2-HaarU4-brickwork|n10|d60|i1|dir=gaussian|basis=Z|eta=0,SU2-HaarU4-brickwork|n10|d60|i1,512,194,0.0015382527171936308
v2_spectrum,SU2-HaarU4-brickwork|n10|d60|i1|dir=gaussian|basis=Z|eta=0,SU2-HaarU4-brickwork|n10|d60|i1,512,195,0.001521962180047476
v2_spectrum,SU2-HaarU4-brickwork|n10|d60|i1|dir=gaussian|basis=Z|eta=0,SU2-HaarU4-brickwork|n10|d60|i1,512,196,0.0015070757404691529
v2_spectrum,SU2-HaarU4-brickwork|n10|d60|i1|dir=gaussian|basis=Z|eta=0,SU2-HaarU4-brickwork|n10|d60|i1,512,197,0.001500410978123473
v2_spectrum,SU2-HaarU4-brickwork|n10|d60|i1|dir=gaussian|basis=Z|eta=0,SU2-HaarU4-brickwork|n10|d60|i1,512,198,0.0014924079567079347
v2_spectrum,SU2-HaarU4-brickwork|n10|d60|i1|dir=gaussian|basis=Z|eta=0,SU2-HaarU4-brickwork|n10|d60|i1,512,199,0.0014810096235469531
v2_spectrum,SU2-HaarU4-brickwork|n10|d60|i1|dir=gaussian|basis=Z|eta=0,SU2-HaarU4-brickwork|n10|d60|i1,512,200,0.0014599333075459085
v2_spectrum,SU2-HaarU4-brickwork|n10|d60|i1|dir=gaussian|basis=Z|eta=0,SU2-HaarU4-brickwork|n10|d60|i1,512,201,0.001453772345281413
v2_spectrum,SU2-HaarU4-brickwork|n10|d60|i1|dir=gaussian|basis=Z|eta=0,SU2-HaarU4-brickwork|n10|d60|i1,512,202,0.0014423750789393844
v2_spectrum,SU2-HaarU4-brickwork|n10|d60|i1|dir=gaussian|basis=Z|eta=0,SU2-HaarU4-brickwork|n10|d60|i1,512,203,0.0014354106793104872
v2_spectrum,SU2-HaarU4-brickwork|n10|d60|i1|dir=gaussian|basis=Z|eta=0,SU2-HaarU4-brickwork|n10|d60|i1,512,204,0.0014015714023410146
v2_spectrum,SU2-HaarU4-brickwork|n10|d60|i1|dir=gaussian|basis=Z|eta=0,SU2-HaarU4-brickwork|n10|d60|i1,512,205,0.0014003150329554197
v2_spectrum,SU2-HaarU4-brickwork|n10|d60|i1|dir=gaussian|basis=Z|eta=0,SU2-HaarU4-brickwork|n10|d60|i1,512,206,0.0013859908404453773
v2_spectrum,SU2-HaarU4-brickwork|n10|d60|i1|dir=gaussian|basis=Z|eta=0,SU2-HaarU4-brickwork|n10|d60|i1,512,207,0.0013833019481145378
v2_spectrum,SU2-HaarU4-brickwork|n10|d60|i1|dir=gaussian|basis=Z|eta=0,SU2-HaarU4-brickwork|n10|d60|i1,512,208,0.0013723622401916014
v2_spectrum,SU2-HaarU4-brickwork|n10|d60|i1|dir=gaussian|basis=Z|eta=0,SU2-HaarU4-brickwork|n10|d60|i1,512,209,0.0013594007430306205
v2_spectrum,SU2-HaarU4-brickwork|n10|d60|i1|dir=gaussian|basis=Z|eta=0,SU2-HaarU4-brickwork|n10|d60|i1,512,210,0.0013497841031796223
v2_spectrum,SU2-HaarU4-brickwork|n10|d60|i1|dir=gaussian|basis=Z|eta=0,SU2-HaarU4-brickwork|n10|d60|i1,512,211,0.0013299181018548798
v2_spectrum,SU2-HaarU4-brickwork|n10|d60|i1|dir=gaussian|basis=Z|eta=0,SU2-HaarU4-brickwork|n10|d60|i1,512,212,0.0013214577328355007
v2_spectrum,SU2-HaarU4-brickwork|n10|d60|i1|dir=gaussian|basis=Z|eta=0,SU2-HaarU4-brickwork|n10|d60|i1,512,213,0.0013112733234417592
v2_spectrum,SU2-HaarU4-brickwork|n10|d60|i1|dir=gaussian|basis=Z|eta=0,SU2-HaarU4-brickwork|n10|d60|i1,512,214,0.0013020875351993334
v2_spectrum,SU2-HaarU4-brickwork|n10|d60|i1|dir=gaussian|basis=Z|eta=0,SU2-HaarU4-brickwork|n10|d60|i1,512,215,0.0012935716180127535
v2_spectrum,SU2-HaarU4-brickwork|n10|d60|i1|dir=gaussian|basis=Z|eta=0,SU2-HaarU4-brickwork|n10|d60|i1,512,216,0.0012820953781810724
v2_spectrum,SU2-HaarU4-brickwork|n10|d60|i1|dir=gaussian|basis=Z|eta=0,SU2-HaarU4-brickwork|n10|d60|i1,512,217,0.0012734883925285998
v2_spectrum,SU2-HaarU4-brickwork|n10|d60|i1|dir=gaussian|basis=Z|eta=0,SU2-HaarU4-brickwork|n10|d60|i1,512,218,0.0012552149796986284
v2_spectrum,SU2-HaarU4-brickwork|n10|d60|i1|dir=gaussian|basis=Z|eta=0,SU2-HaarU4-brickwork|n10|d60|i1,512,219,0.001244759292919681
v2_spectrum,SU2-HaarU4-brickwork|n10|d60|i1|dir=gaussian|basis=Z|eta=0,SU2-HaarU4-brickwork|n10|d60|i1,512,220,0.0012387846997520217
v2_spectrum,SU2-HaarU4-brickwork|n10|d60|i1|dir=gaussian|basis=Z|eta=0,SU2-HaarU4-brickwork|n10|d60|i1,512,221,0.001232093725167063
v2_spectrum,SU2-HaarU4-brickwork|n10|d60|i1|dir=gaussian|basis=Z|eta=0,SU2-HaarU4-brickwork|n10|d60|i1,512,222,0.0012177224417648817
v2_spectrum,SU2-HaarU4-brickwork|n10|d60|i1|dir=gaussian|basis=Z|eta=0,SU2-HaarU4-brickwork|n10|d60|i1,512,223,0.0012096514630004897
v2_spectrum,SU2-HaarU4-brickwork|n10|d60|i1|dir=gaussian|basis=Z|eta=0,SU2-HaarU4-brickwork|n10|d60|i1,512,224,0.0011987033904879729
v2_spectrum,SU2-HaarU4-brickwork|n10|d60|i1|dir=gaussian|basis=Z|eta=0,SU2-HaarU4-brickwork|n10|d60|i1,512,225,0.0011879018872684765
v2_spectrum,SU2-HaarU4-brickwork|n10|d60|i1|dir=gaussian|basis=Z|eta=0,SU2-HaarU4-brickwork|n10|d60|i1,512,226,0.0011778673211971218
v2_spectrum,SU2-HaarU4-brickwork|n10|d60|i1|dir=gaussian|basis=Z|eta=0,SU2-HaarU4-brickwork|n10|d60|i1,512,227,0.0011759683238168842
v2_spectrum,SU2-HaarU4-brickwork|n10|d60|i1|dir=gaussian|basis=Z|eta=0,SU2-HaarU4-brickwork|n10|d60|i1,512,228,0.0011627333939618996
v2_spectrum,SU2-HaarU4-brickwork|n10|d60|i1|dir=gaussian|basis=Z|eta=0,SU2-HaarU4-brickwork|n10|d60|i1,512,229,0.0011522292623669897
v2_spectrum,SU2-HaarU4-brickwork|n10|d60|i1|dir=gaussian|basis=Z|eta=0,SU2-HaarU4-brickwork|n10|d60|i1,512,230,0.0011401128473285532
v2_spectrum,SU2-HaarU4-brickwork|n10|d60|i1|dir=gaussian|basis=Z|eta=0,SU2-HaarU4-brickwork|n10|d60|i1,512,231,0.001125343667399605
v2_spectrum,SU2-HaarU4-brickwork|n10|d60|i1|dir=gaussian|basis=Z|eta=0,SU2-HaarU4-brickwork|n10|d60|i1,512,232,0.001121142300189572
v2_spectrum,SU2-HaarU4-brickwork|n10|d60|i1|dir=gaussian|basis=Z|eta=0,SU2-HaarU4-brickwork|n10|d60|i1,512,233,0.0011162325094017686
v2_spectrum,SU2-HaarU4-brickwork|n10|d60|i1|dir=gaussian|basis=Z|eta=0,SU2-HaarU4-brickwork|n10|d60|i1,512,234,0.0011002499021393586
v2_spectrum,SU2-HaarU4-brickwork|n10|d60|i1|dir=gaussian|basis=Z|eta=0,SU2-HaarU4-brickwork|n10|d60|i1,512,235,0.0010844361830825541
v2_spectrum,SU2-HaarU4-brickwork|n10|d60|i1|dir=gaussian|basis=Z|eta=0,SU2-HaarU4-brickwork|n10|d60|i1,512,236,0.0010798020231589504
v2_spectrum,SU2-HaarU4-brickwork|n10|d60|i1|dir=gaussian|basis=Z|eta=0,SU2-HaarU4-brickwork|n10|d60|i1,512,237,0.0010711514587226397
v2_spectrum,SU2-HaarU4-brickwork|n10|d60|i1|dir=gaussian|basis=Z|eta=0,SU2-HaarU4-brickwork|n10|d60|i1,512,238,0.0010602650933252103
v2_spectrum,SU2-HaarU4-brickwork|n10|d60|i1|dir=gaussian|basis=Z|eta=0,SU2-HaarU4-brickwork|n10|d60|i1,512,239,0.0010534595179712656
v2_spectrum,SU2-HaarU4-brickwork|n10|d60|i1|dir=gaussian|basis=Z|eta=0,SU2-HaarU4-brickwork|n10|d60|i1,512,240,0.00104976757729241
v2_spectrum,SU2-HaarU4-brickwork|n10|d60|i1|dir=gaussian|basis=Z|eta=0,SU2-HaarU4-brickwork|n10|d60|i1,512,241,0.001035921702649185
v2_spectrum,SU2-HaarU4-brickwork|n10|d60|i1|dir=gaussian|basis=Z|eta=0,SU2-HaarU4-brickwork|n10|d60|i1,512,242,0.00103369955062352
v2_spectrum,SU2-HaarU4-brickwork|n10|d60|i1|dir=gaussian|basis=Z|eta=0,SU2-HaarU4-brickwork|n10|d60|i1,512,243,0.0010237542294869518
v2_spectrum,SU2-HaarU4-brickwork|n10|d60|i1|dir=gaussian|basis=Z|eta=0,SU2-HaarU4-brickwork|n10|d60|i1,512,244,0.0010165445947794846
v2_spectrum,SU2-HaarU4-brickwork|n10|d60|i1|dir=gaussian|basis=Z|eta=0,SU2-HaarU4-brickwork|n10|d60|i1,512,245,0.0010060260846341332
v2_spectrum,SU2-HaarU4-brickwork|n10|d60|i1|dir=gaussian|basis=Z|eta=0,SU2-HaarU4-brickwork|n10|d60|i1,512,246,0.0010002481042752638
v2_spectrum,SU2-HaarU4-brickwork|n10|d60|i1|dir=gaussian|basis=Z|eta=0,SU2-HaarU4-brickwork|n10|d60|i1,512,247,0.000996661992334674
v2_spectrum,SU2-HaarU4-brickwork|n10|d60|i1|dir=gaussian|basis=Z|eta=0,SU2-HaarU4-brickwork|n10|d60|i1,512,248,0.000974168776216057
v2_spectrum,SU2-HaarU4-brickwork|n10|d60|i1|dir=gaussian|basis=Z|eta=0,SU2-HaarU4-brickwork|n10|d60|i1,512,249,0.0009704294259240253
v2_spectrum,SU2-HaarU4-brickwork|n10|d60|i1|dir=gaussian|basis=Z|eta=0,SU2-HaarU4-brickwork|n10|d60|i1,512,250,0.0009671147075911143
v2_spectrum,SU2-HaarU4-brickwork|n10|d60|i1|dir=gaussian|basis=Z|eta=0,SU2-HaarU4-brickwork|n10|d60|i1,512,251,0.0009602753147256733
v2_spectrum,SU2-HaarU4-brickwork|n10|d60|i1|dir=gaussian|basis=Z|eta=0,SU2-HaarU4-brickwork|n10|d60|i1,512,252,0.0009479329762879859
v2_spectrum,SU2-HaarU4-brickwork|n10|d60|i1|dir=gaussian|basis=Z|eta=0,SU2-HaarU4-brickwork|n10|d60|i1,512,253,0.0009333977568756058
v2_spectrum,SU2-HaarU4-brickwork|n10|d60|i1|dir=gaussian|basis=Z|eta=0,SU2-HaarU4-brickwork|n10|d60|i1,512,254,0.0009276239069866905
v2_spectrum,SU2-HaarU4-brickwork|n10|d60|i1|dir=gaussian|basis=Z|eta=0,SU2-HaarU4-brickwork|n10|d60|i1,512,255,0.0009245699342265648
v2_spectrum,SU2-HaarU4-brickwork|n10|d60|i1|dir=gaussian|basis=Z|eta=0,SU2-HaarU4-brickwork|n10|d60|i1,512,256,0.0009204390426883984
v2_spectrum,SU2-HaarU4-brickwork|n10|d60|i1|dir=gaussian|basis=Z|eta=0,SU2-HaarU4-brickwork|n10|d60|i1,512,257,0.0009059022254887794
v2_spectrum,SU2-HaarU4-brickwork|n10|d60|i1|dir=gaussian|basis=Z|eta=0,SU2-HaarU4-brickwork|n10|d60|i1,512,258,0.0009022251081917238
v2_spectrum,SU2-HaarU4-brickwork|n10|d60|i1|dir=gaussian|basis=Z|eta=0,SU2-HaarU4-brickwork|n10|d60|i1,512,259,0.000898004147018284
v2_spectrum,SU2-HaarU4-brickwork|n10|d60|i1|dir=gaussian|basis=Z|eta=0,SU2-HaarU4-brickwork|n10|d60|i1,512,260,0.0008794406973130087
v2_spectrum,SU2-HaarU4-brickwork|n10|d60|i1|dir=gaussian|basis=Z|eta=0,SU2-HaarU4-brickwork|n10|d60|i1,512,261,0.0008734213092886398
v2_spectrum,SU2-HaarU4-brickwork|n10|d60|i1|dir=gaussian|basis=Z|eta=0,SU2-HaarU4-brickwork|n10|d60|i1,512,262,0.0008601309179176391
v2_spectrum,SU2-HaarU4-brickwork|n10|d60|i1|dir=gaussian|basis=Z|eta=0,SU2-HaarU4-brickwork|n10|d60|i1,512,263,0.00085169854359809
v2_spectrum,SU2-HaarU4-brickwork|n10|d60|i1|dir=gaussian|basis=Z|eta=0,SU2-HaarU4-brickwork|n10|d60|i1,512,264,0.0008461580071743871
v2_spectrum,SU2-HaarU4-brickwork|n10|d60|i1|dir=gaussian|basis=Z|eta=0,SU2-HaarU4-brickwork|n10|d60|i1,512,265,0.0008440841350834743
v2_spectrum,SU2-HaarU4-brickwork|n10|d60|i1|dir=gaussian|basis=Z|eta=0,SU2-HaarU4-brickwork|n10|d60|i1,512,266,0.0008381663002459616
v2_spectrum,SU2-HaarU4-brickwork|n10|d60|i1|dir=gaussian|basis=Z|eta=0,SU2-HaarU4-brickwork|n10|d60|i1,512,267,0.0008369131517616946
v2_spectrum,SU2-HaarU4-brickwork|n10|d60|i1|dir=gaussian|basis=Z|eta=0,SU2-HaarU4-brickwork|n10|d60|i1,512,268,0.0008251106330903767
v2_spectrum,SU2-HaarU4-brickwork|n10|d60|i1|dir=gaussian|basis=Z|eta=0,SU2-HaarU4-brickwork|n10|d60|i1,512,269,0.0008203135595734191
v2_spectrum,SU2-HaarU4-brickwork|n10|d60|i1|dir=gaussian|basis=Z|eta=0,SU2-HaarU4-brickwork|n10|d60|i1,512,270,0.0008141481371908374
v2_spectrum,SU2-HaarU4-brickwork|n10|d60|i1|dir=gaussian|basis=Z|eta=0,SU2-HaarU4-brickwork|n10|d60|i1,512,271,0.0008072410600931023
v2_spectrum,SU2-HaarU4-brickwork|n10|d60|i1|dir=gaussian|basis=Z|eta=0,SU2-HaarU4-brickwork|n10|d60|i1,512,272,0.0007999468215892639
v2_spectrum,SU2-HaarU4-brickwork|n10|d60|i1|dir=gaussian|basis=Z|eta=0,SU2-HaarU4-brickwork|n10|d60|i1,512,273,0.0007962735213648379
v2_spectrum,SU2-HaarU4-brickwork|n10|d60|i1|dir=gaussian|basis=Z|eta=0,SU2-HaarU4-brickwork|n10|d60|i1,512,274,0.0007938940877056279
v2_spectrum,SU2-HaarU4-brickwork|n10|d60|i1|dir=gaussian|basis=Z|eta=0,SU2-HaarU4-brickwork|n10|d60|i1,512,275,0.0007802394754628729
v2_spectrum,SU2-HaarU4-brickwork|n10|d60|i1|dir=gaussian|basis=Z|eta=0,SU2-HaarU4-brickwork|n10|d60|i1,512,276,0.0007754702669656657
v2_spectrum,SU2-HaarU4-brickwork|n10|d60|i1|dir=gaussian|basis=Z|eta=0,SU2-HaarU4-brickwork|n10|d60|i1,512,277,0.0007688464643473939
v2_spectrum,SU2-HaarU4-brickwork|n10|d60|i1|dir=gaussian|basis=Z|eta=0,SU2-HaarU4-brickwork|n10|d60|i1,512,278,0.000756741893458985
v2_spectrum,SU2-HaarU4-brickwork|n10|d60|i1|dir=gaussian|basis=Z|eta=0,SU2-HaarU4-brickwork|n10|d60|i1,512,279,0.0007527100860286751
v2_spectrum,SU2-HaarU4-brickwork|n10|d60|i1|dir=gaussian|basis=Z|eta=0,SU2-HaarU4-brickwork|n10|d60|i1,512,280,0.0007486239922234785
v2_spectrum,SU2-HaarU4-brickwork|n10|d60|i1|dir=gaussian|basis=Z|eta=0,SU2-HaarU4-brickwork|n10|d60|i1,512,281,0.0007396485903542405
v2_spectrum,SU2-HaarU4-brickwork|n10|d60|i1|dir=gaussian|basis=Z|eta=0,SU2-HaarU4-brickwork|n10|d60|i1,512,282,0.0007327186106381723
v2_spectrum,SU2-HaarU4-brickwork|n10|d60|i1|dir=gaussian|basis=Z|eta=0,SU2-HaarU4-brickwork|n10|d60|i1,512,283,0.0007293051869453072
v2_spectrum,SU2-HaarU4-brickwork|n10|d60|i1|dir=gaussian|basis=Z|eta=0,SU2-HaarU4-brickwork|n10|d60|i1,512,284,0.0007257703568199046
v2_spectrum,SU2-HaarU4-brickwork|n10|d60|i1|dir=gaussian|basis=Z|eta=0,SU2-HaarU4-brickwork|n10|d60|i1,512,285,0.0007122372974148887
v2_spectrum,SU2-HaarU4-brickwork|n10|d60|i1|dir=gaussian|basis=Z|eta=0,SU2-HaarU4-brickwork|n10|d60|i1,512,286,0.0007088734236161112
v2_spectrum,SU2-HaarU4-brickwork|n10|d60|i1|dir=gaussian|basis=Z|eta=0,SU2-HaarU4-brickwork|n10|d60|i1,512,287,0.0007015130769713368
v2_spectrum,SU2-HaarU4-brickwork|n10|d60|i1|dir=gaussian|basis=Z|eta=0,SU2-HaarU4-brickwork|n10|d60|i1,512,288,0.0006914784075139455
v2_spectrum,SU2-HaarU4-brickwork|n10|d60|i1|dir=gaussian|basis=Z|eta=0,SU2-HaarU4-brickwork|n10|d60|i1,512,289,0.0006879301679200776
v2_spectrum,SU2-HaarU4-brickwork|n10|d60|i1|dir=gaussian|basis=Z|eta=0,SU2-HaarU4-brickwork|n10|d60|i1,512,290,0.0006829956211387827
v2_spectrum,SU2-HaarU4-brickwork|n10|d60|i1|dir=gaussian|basis=Z|eta=0,SU2-HaarU4-brickwork|n10|d60|i1,512,291,0.0006790328284523967
v2_spectrum,SU2-HaarU4-brickwork|n10|d60|i1|dir=gaussian|basis=Z|eta=0,SU2-HaarU4-brickwork|n10|d60|i1,512,292,0.0006687365557256849
v2_spectrum,SU2-HaarU4-brickwork|n10|d60|i1|dir=gaussian|basis=Z|eta=0,SU2-HaarU4-brickwork|n10|d60|i1,512,293,0.0006623974129103467
v2_spectrum,SU2-HaarU4-brickwork|n10|d60|i1|dir=gaussian|basis=Z|eta=0,SU2-HaarU4-brickwork|n10|d60|i1,512,294,0.0006595743202922094
v2_spectrum,SU2-HaarU4-brickwork|n10|d60|i1|dir=gaussian|basis=Z|eta=0,SU2-HaarU4-brickwork|n10|d60|i1,512,295,0.0006512151866951227
v2_spectrum,SU2-HaarU4-brickwork|n10|d60|i1|dir=gaussian|basis=Z|eta=0,SU2-HaarU4-brickwork|n10|d60|i1,512,296,0.0006499857741775024
v2_spectrum,SU2-HaarU4-brickwork|n10|d60|i1|dir=gaussian|basis=Z|eta=0,SU2-HaarU4-brickwork|n10|d60|i1,512,297,0.000641455831807258
v2_spectrum,SU2-HaarU4-brickwork|n10|d60|i1|dir=gaussian|basis=Z|eta=0,SU2-HaarU4-brickwork|n10|d60|i1,512,298,0.0006347214800627235
v2_spectrum,SU2-HaarU4-brickwork|n10|d60|i1|dir=gaussian|basis=Z|eta=0,SU2-HaarU4-brickwork|n10|d60|i1,512,299,0.0006303692196369002
v2_spectrum,SU2-HaarU4-brickwork|n10|d60|i1|dir=gaussian|basis=Z|eta=0,SU2-HaarU4-brickwork|n10|d60|i1,512,300,0.00062312347590864
v2_spectrum,SU2-HaarU4-brickwork|n10|d60|i1|dir=gaussian|basis=Z|eta=0,SU2-HaarU4-brickwork|n10|d60|i1,512,301,0.0006149408004488912
v2_spectrum,SU2-HaarU4-brickwork|n10|d60|i1|dir=gaussian|basis=Z|eta=0,SU2-HaarU4-brickwork|n10|d60|i1,512,302,0.00061135552670415
v2_spectrum,SU2-HaarU4-brickwork|n10|d60|i1|dir=gaussian|basis=Z|eta=0,SU2-HaarU4-brickwork|n10|d60|i1,512,303,0.0006101243683245568
v2_spectrum,SU2-HaarU4-brickwork|n10|d60|i1|dir=gaussian|basis=Z|eta=0,SU2-HaarU4-brickwork|n10|d60|i1,512,304,0.0006061896141080453
v2_spectrum,SU2-HaarU4-brickwork|n10|d60|i1|dir=gaussian|basis=Z|eta=0,SU2-HaarU4-brickwork|n10|d60|i1,512,305,0.0005962752323712043
v2_spectrum,SU2-HaarU4-brickwork|n10|d60|i1|dir=gaussian|basis=Z|eta=0,SU2-HaarU4-brickwork|n10|d60|i1,512,306,0.0005926091898325695
v2_spectrum,SU2-HaarU4-brickwork|n10|d60|i1|dir=gaussian|basis=Z|eta=0,SU2-HaarU4-brickwork|n10|d60|i1,512,307,0.0005869434419827346
v2_spectrum,SU2-HaarU4-brickwork|n10|d60|i1|dir=gaussian|basis=Z|eta=0,SU2-HaarU4-brickwork|n10|d60|i1,512,308,0.0005815817445293421
v2_spectrum,SU2-HaarU4-brickwork|n10|d60|i1|dir=gaussian|basis=Z|eta=0,SU2-HaarU4-brickwork|n10|d60|i1,512,309,0.0005789414810439177
v2_spectrum,SU2-HaarU4-brickwork|n10|d60|i1|dir=gaussian|basis=Z|eta=0,SU2-HaarU4-brickwork|n10|d60|i1,512,310,0.0005707311177879688
v2_spectrum,SU2-HaarU4-brickwork|n10|d60|i1|dir=gaussian|basis=Z|eta=0,SU2-HaarU4-brickwork|n10|d60|i1,512,311,0.0005676738998390569
v2_spectrum,SU2-HaarU4-brickwork|n10|d60|i1|dir=gaussian|basis=Z|eta=0,SU2-HaarU4-brickwork|n10|d60|i1,512,312,0.0005644861604230491
v2_spectrum,SU2-HaarU4-brickwork|n10|d60|i1|dir=gaussian|basis=Z|eta=0,SU2-HaarU4-brickwork|n10|d60|i1,512,313,0.0005599369042016336
v2_spectrum,SU2-HaarU4-brickwork|n10|d60|i1|dir=gaussian|basis=Z|eta=0,SU2-HaarU4-brickwork|n10|d60|i1,512,314,0.0005548945845548855
v2_spectrum,SU2-HaarU4-brickwork|n10|d60|i1|dir=gaussian|basis=Z|eta=0,SU2-HaarU4-brickwork|n10|d60|i1,512,315,0.0005488231880943604
v2_spectrum,SU2-HaarU4-brickwork|n10|d60|i1|dir=gaussian|basis=Z|eta=0,SU2-HaarU4-brickwork|n10|d60|i1,512,316,0.0005450111603079356
v2_spectrum,SU2-HaarU4-brickwork|n10|d60|i1|dir=gaussian|basis=Z|eta=0,SU2-HaarU4-brickwork|n10|d60|i1,512,317,0.0005373218185266094
v2_spectrum,SU2-HaarU4-brickwork|n10|d60|i1|dir=gaussian|basis=Z|eta=0,SU2-HaarU4-brickwork|n10|d60|i1,512,318,0.0005340759629224892
v2_spectrum,SU2-HaarU4-brickwork|n10|d60|i1|dir=gaussian|basis=Z|eta=0,SU2-HaarU4-brickwork|n10|d60|i1,512,319,0.0005312551061610988
v2_spectrum,SU2-HaarU4-brickwork|n10|d60|i1|dir=gaussian|basis=Z|eta=0,SU2-HaarU4-brickwork|n10|d60|i1,512,320,0.0005252808057130105
v2_spectrum,SU2-HaarU4-brickwork|n10|d60|i1|dir=gaussian|basis=Z|eta=0,SU2-HaarU4-brickwork|n10|d60|i1,512,321,0.0005190793539235367
v2_spectrum,SU2-HaarU4-brickwork|n10|d60|i1|dir=gaussian|basis=Z|eta=0,SU2-HaarU4-brickwork|n10|d60|i1,512,322,0.0005164985547077381
v2_spectrum,SU2-HaarU4-brickwork|n10|d60|i1|dir=gaussian|basis=Z|eta=0,SU2-HaarU4-brickwork|n10|d60|i1,512,323,0.0005080604646495907
v2_spectrum,SU2-HaarU4-brickwork|n10|d60|i1|dir=gaussian|basis=Z|eta=0,SU2-HaarU4-brickwork|n10|d60|i1,512,324,0.0004999101698676331
v2_spectrum,SU2-HaarU4-brickwork|n10|d60|i1|dir=gaussian|basis=Z|eta=0,SU2-HaarU4-brickwork|n10|d60|i1,512,325,0.0004977961688658204
v2_spectrum,SU2-HaarU4-brickwork|n10|d60|i1|dir=gaussian|basis=Z|eta=0,SU2-HaarU4-brickwork|n10|d60|i1,512,326,0.0004928772104104948
v2_spectrum,SU2-HaarU4-brickwork|n10|d60|i1|dir=gaussian|basis=Z|eta=0,SU2-HaarU4-brickwork|n10|d60|i1,512,327,0.00048724612098484865
v2_spectrum,SU2-HaarU4-brickwork|n10|d60|i1|dir=gaussian|basis=Z|eta=0,SU2-HaarU4-brickwork|n10|d60|i1,512,328,0.0004861738182076992
v2_spectrum,SU2-HaarU4-brickwork|n10|d60|i1|dir=gaussian|basis=Z|eta=0,SU2-HaarU4-brickwork|n10|d60|i1,512,329,0.00048257630478046293
v2_spectrum,SU2-HaarU4-brickwork|n10|d60|i1|dir=gaussian|basis=Z|eta=0,SU2-HaarU4-brickwork|n10|d60|i1,512,330,0.0004775241543115487
v2_spectrum,SU2-HaarU4-brickwork|n10|d60|i1|dir=gaussian|basis=Z|eta=0,SU2-HaarU4-brickwork|n10|d60|i1,512,331,0.00047507572115522184
v2_spectrum,SU2-HaarU4-brickwork|n10|d60|i1|dir=gaussian|basis=Z|eta=0,SU2-HaarU4-brickwork|n10|d60|i1,512,332,0.0004706221411531951
v2_spectrum,SU2-HaarU4-brickwork|n10|d60|i1|dir=gaussian|basis=Z|eta=0,SU2-HaarU4-brickwork|n10|d60|i1,512,333,0.00046894530128484204
v2_spectrum,SU2-HaarU4-brickwork|n10|d60|i1|dir=gaussian|basis=Z|eta=0,SU2-HaarU4-brickwork|n10|d60|i1,512,334,0.0004648100274554329
v2_spectrum,SU2-HaarU4-brickwork|n10|d60|i1|dir=gaussian|basis=Z|eta=0,SU2-HaarU4-brickwork|n10|d60|i1,512,335,0.00045902971194461997
v2_spectrum,SU2-HaarU4-brickwork|n10|d60|i1|dir=gaussian|basis=Z|eta=0,SU2-HaarU4-brickwork|n10|d60|i1,512,336,0.00045310944009537593
v2_spectrum,SU2-HaarU4-brickwork|n10|d60|i1|dir=gaussian|basis=Z|eta=0,SU2-HaarU4-brickwork|n10|d60|i1,512,337,0.00044155813600349654
v2_spectrum,SU2-HaarU4-brickwork|n10|d60|i1|dir=gaussian|basis=Z|eta=0,SU2-HaarU4-brickwork|n10|d60|i1,512,338,0.0004384194721220014
v2_spectrum,SU2-HaarU4-brickwork|n10|d60|i1|dir=gaussian|basis=Z|eta=0,SU2-HaarU4-brickwork|n10|d60|i1,512,339,0.0004359566858083897
v2_spectrum,SU2-HaarU4-brickwork|n10|d60|i1|dir=gaussian|basis=Z|eta=0,SU2-HaarU4-brickwork|n10|d60|i1,512,340,0.00043453902826676486
v2_spectrum,SU2-HaarU4-brickwork|n10|d60|i1|dir=gaussian|basis=Z|eta=0,SU2-HaarU4-brickwork|n10|d60|i1,512,341,0.0004333069884209985
v2_spectrum,SU2-HaarU4-brickwork|n10|d60|i1|dir=gaussian|basis=Z|eta=0,SU2-HaarU4-brickwork|n10|d60|i1,512,342,0.00043009679597310046
v2_spectrum,SU2-HaarU4-brickwork|n10|d60|i1|dir=gaussian|basis=Z|eta=0,SU2-HaarU4-brickwork|n10|d60|i1,512,343,0.00042389206906370613
v2_spectrum,SU2-HaarU4-brickwork|n10|d60|i1|dir=gaussian|basis=Z|eta=0,SU2-HaarU4-brickwork|n10|d60|i1,512,344,0.00042123156150575893
v2_spectrum,SU2-HaarU4-brickwork|n10|d60|i1|dir=gaussian|basis=Z|eta=0,SU2-HaarU4-brickwork|n10|d60|i1,512,345,0.00041581355786410594
v2_spectrum,SU2-HaarU4-brickwork|n10|d60|i1|dir=gaussian|basis=Z|eta=0,SU2-HaarU4-brickwork|n10|d60|i1,512,346,0.00041222703940148314
v2_spectrum,SU2-HaarU4-brickwork|n10|d60|i1|dir=gaussian|basis=Z|eta=0,SU2-HaarU4-brickwork|n10|d60|i1,512,347,0.00040821662954050006
v2_spectrum,SU2-HaarU4-brickwork|n10|d60|i1|dir=gaussian|basis=Z|eta=0,SU2-HaarU4-brickwork|n10|d60|i1,512,348,0.00040493814397562215
v2_spectrum,SU2-HaarU4-brickwork|n10|d60|i1|dir=gaussian|basis=Z|eta=0,SU2-HaarU4-brickwork|n10|d60|i1,512,349,0.0004028998475352184
v2_spectrum,SU2-HaarU4-brickwork|n10|d60|i1|dir=gaussian|basis=Z|eta=0,SU2-HaarU4-brickwork|n10|d60|i1,512,350,0.00039682284692720525
v2_spectrum,SU2-HaarU4-brickwork|n10|d60|i1|dir=gaussian|basis=Z|eta=0,SU2-HaarU4-brickwork|n10|d60|i1,512,351,0.000392567412756613
v2_spectrum,SU2-HaarU4-brickwork|n10|d60|i1|dir=gaussian|basis=Z|eta=0,SU2-HaarU4-brickwork|n10|d60|i1,512,352,0.0003892623462115465
v2_spectrum,SU2-HaarU4-brickwork|n10|d60|i1|dir=gaussian|basis=Z|eta=0,SU2-HaarU4-brickwork|n10|d60|i1,512,353,0.0003867204899213538
v2_spectrum,SU2-HaarU4-brickwork|n10|d60|i1|dir=gaussian|basis=Z|eta=0,SU2-HaarU4-brickwork|n10|d60|i1,512,354,0.000381785540802844
v2_spectrum,SU2-HaarU4-brickwork|n10|d60|i1|dir=gaussian|basis=Z|eta=0,SU2-HaarU4-brickwork|n10|d60|i1,512,355,0.0003795453698682282
v2_spectrum,SU2-HaarU4-brickwork|n10|d60|i1|dir=gaussian|basis=Z|eta=0,SU2-HaarU4-brickwork|n10|d60|i1,512,356,0.0003764019409517135
v2_spectrum,SU2-HaarU4-brickwork|n10|d60|i1|dir=gaussian|basis=Z|eta=0,SU2-HaarU4-brickwork|n10|d60|i1,512,357,0.00037188288397212946
v2_spectrum,SU2-HaarU4-brickwork|n10|d60|i1|dir=gaussian|basis=Z|eta=0,SU2-HaarU4-brickwork|n10|d60|i1,512,358,0.0003715572457808889
v2_spectrum,SU2-HaarU4-brickwork|n10|d60|i1|dir=gaussian|basis=Z|eta=0,SU2-HaarU4-brickwork|n10|d60|i1,512,359,0.0003638031503668466
v2_spectrum,SU2-HaarU4-brickwork|n10|d60|i1|dir=gaussian|basis=Z|eta=0,SU2-HaarU4-brickwork|n10|d60|i1,512,360,0.00036225061376895964
v2_spectrum,SU2-HaarU4-brickwork|n10|d60|i1|dir=gaussian|basis=Z|eta=0,SU2-HaarU4-brickwork|n10|d60|i1,512,361,0.0003570022687457276
v2_spectrum,SU2-HaarU4-brickwork|n10|d60|i1|dir=gaussian|basis=Z|eta=0,SU2-HaarU4-brickwork|n10|d60|i1,512,362,0.000354193341223732
v2_spectrum,SU2-HaarU4-brickwork|n10|d60|i1|dir=gaussian|basis=Z|eta=0,SU2-HaarU4-brickwork|n10|d60|i1,512,363,0.00035102659415721014
v2_spectrum,SU2-HaarU4-brickwork|n10|d60|i1|dir=gaussian|basis=Z|eta=0,SU2-HaarU4-brickwork|n10|d60|i1,512,364,0.00034876780823729723
v2_spectrum,SU2-HaarU4-brickwork|n10|d60|i1|dir=gaussian|basis=Z|eta=0,SU2-HaarU4-brickwork|n10|d60|i1,512,365,0.000346992237246983
v2_spectrum,SU2-HaarU4-brickwork|n10|d60|i1|dir=gaussian|basis=Z|eta=0,SU2-HaarU4-brickwork|n10|d60|i1,512,366,0.0003441456572860709
v2_spectrum,SU2-HaarU4-brickwork|n10|d60|i1|dir=gaussian|basis=Z|eta=0,SU2-HaarU4-brickwork|n10|d60|i1,512,367,0.00034167608172611076
v2_spectrum,SU2-HaarU4-brickwork|n10|d60|i1|dir=gaussian|basis=Z|eta=0,SU2-HaarU4-brickwork|n10|d60|i1,512,368,0.00033930543650555797
v2_spectrum,SU2-HaarU4-brickwork|n10|d60|i1|dir=gaussian|basis=Z|eta=0,SU2-HaarU4-brickwork|n10|d60|i1,512,369,0.00033696280414060486
v2_spectrum,SU2-HaarU4-brickwork|n10|d60|i1|dir=gaussian|basis=Z|eta=0,SU2-HaarU4-brickwork|n10|d60|i1,512,370,0.0003334589170230956
v2_spectrum,SU2-HaarU4-brickwork|n10|d60|i1|dir=gaussian|basis=Z|eta=0,SU2-HaarU4-brickwork|n10|d60|i1,512,371,0.00032403509826181803
v2_spectrum,SU2-HaarU4-brickwork|n10|d60|i1|dir=gaussian|basis=Z|eta=0,SU2-HaarU4-brickwork|n10|d60|i1,512,372,0.00032071885383181845
v2_spectrum,SU2-HaarU4-brickwork|n10|d60|i1|dir=gaussian|basis=Z|eta=0,SU2-HaarU4-brickwork|n10|d60|i1,512,373,0.00031838898313555454
v2_spectrum,SU2-HaarU4-brickwork|n10|d60|i1|dir=gaussian|basis=Z|eta=0,SU2-HaarU4-brickwork|n10|d60|i1,512,374,0.0003150970929091498
v2_spectrum,SU2-HaarU4-brickwork|n10|d60|i1|dir=gaussian|basis=Z|eta=0,SU2-HaarU4-brickwork|n10|d60|i1,512,375,0.00031218389402813316
v2_spectrum,SU2-HaarU4-brickwork|n10|d60|i1|dir=gaussian|basis=Z|eta=0,SU2-HaarU4-brickwork|n10|d60|i1,512,376,0.0003103718332304457
v2_spectrum,SU2-HaarU4-brickwork|n10|d60|i1|dir=gaussian|basis=Z|eta=0,SU2-HaarU4-brickwork|n10|d60|i1,512,377,0.0003056112874987175
v2_spectrum,SU2-HaarU4-brickwork|n10|d60|i1|dir=gaussian|basis=Z|eta=0,SU2-HaarU4-brickwork|n10|d60|i1,512,378,0.0003049959592744333
v2_spectrum,SU2-HaarU4-brickwork|n10|d60|i1|dir=gaussian|basis=Z|eta=0,SU2-HaarU4-brickwork|n10|d60|i1,512,379,0.000299601620177899
v2_spectrum,SU2-HaarU4-brickwork|n10|d60|i1|dir=gaussian|basis=Z|eta=0,SU2-HaarU4-brickwork|n10|d60|i1,512,380,0.0002952909427140675
v2_spectrum,SU2-HaarU4-brickwork|n10|d60|i1|dir=gaussian|basis=Z|eta=0,SU2-HaarU4-brickwork|n10|d60|i1,512,381,0.00029250437609602836
v2_spectrum,SU2-HaarU4-brickwork|n10|d60|i1|dir=gaussian|basis=Z|eta=0,SU2-HaarU4-brickwork|n10|d60|i1,512,382,0.0002896134724388105
v2_spectrum,SU2-HaarU4-brickwork|n10|d60|i1|dir=gaussian|basis=Z|eta=0,SU2-HaarU4-brickwork|n10|d60|i1,512,383,0.00028686769785241746
v2_spectrum,SU2-HaarU4-brickwork|n10|d60|i1|dir=gaussian|basis=Z|eta=0,SU2-HaarU4-brickwork|n10|d60|i1,512,384,0.00028386340135908277
v2_spectrum,SU2-HaarU4-brickwork|n10|d60|i1|dir=gaussian|basis=Z|eta=0,SU2-HaarU4-brickwork|n10|d60|i1,512,385,0.0002834793742607888
v2_spectrum,SU2-HaarU4-brickwork|n10|d60|i1|dir=gaussian|basis=Z|eta=0,SU2-HaarU4-brickwork|n10|d60|i1,512,386,0.00027868082284776823
v2_spectrum,SU2-HaarU4-brickwork|n10|d60|i1|dir=gaussian|basis=Z|eta=0,SU2-HaarU4-brickwork|n10|d60|i1,512,387,0.000274912880565157
v2_spectrum,SU2-HaarU4-brickwork|n10|d60|i1|dir=gaussian|basis=Z|eta=0,SU2-HaarU4-brickwork|n10|d60|i1,512,388,0.0002741499881188777
v2_spectrum,SU2-HaarU4-brickwork|n10|d60|i1|dir=gaussian|basis=Z|eta=0,SU2-HaarU4-brickwork|n10|d60|i1,512,389,0.0002714695314659355
v2_spectrum,SU2-HaarU4-brickwork|n10|d60|i1|dir=gaussian|basis=Z|eta=0,SU2-HaarU4-brickwork|n10|d60|i1,512,390,0.00026772885543403617
v2_spectrum,SU2-HaarU4-brickwork|n10|d60|i1|dir=gaussian|basis=Z|eta=0,SU2-HaarU4-brickwork|n10|d60|i1,512,391,0.00026540875414645537
v2_spectrum,SU2-HaarU4-brickwork|n10|d60|i1|dir=gaussian|basis=Z|eta=0,SU2-HaarU4-brickwork|n10|d60|i1,512,392,0.00026382723729384517
v2_spectrum,SU2-HaarU4-brickwork|n10|d60|i1|dir=gaussian|basis=Z|eta=0,SU2-HaarU4-brickwork|n10|d60|i1,512,393,0.00026132968123930735
v2_spectrum,SU2-HaarU4-brickwork|n10|d60|i1|dir=gaussian|basis=Z|eta=0,SU2-HaarU4-brickwork|n10|d60|i1,512,394,0.00025797212314955417
v2_spectrum,SU2-HaarU4-brickwork|n10|d60|i1|dir=gaussian|basis=Z|eta=0,SU2-HaarU4-brickwork|n10|d60|i1,512,395,0.00025520966100321907
v2_spectrum,SU2-HaarU4-brickwork|n10|d60|i1|dir=gaussian|basis=Z|eta=0,SU2-HaarU4-brickwork|n10|d60|i1,512,396,0.00024937923596224273
v2_spectrum,SU2-HaarU4-brickwork|n10|d60|i1|dir=gaussian|basis=Z|eta=0,SU2-HaarU4-brickwork|n10|d60|i1,512,397,0.0002474667318427559
v2_spectrum,SU2-HaarU4-brickwork|n10|d60|i1|dir=gaussian|basis=Z|eta=0,SU2-HaarU4-brickwork|n10|d60|i1,512,398,0.000246886466770039
v2_spectrum,SU2-HaarU4-brickwork|n10|d60|i1|dir=gaussian|basis=Z|eta=0,SU2-HaarU4-brickwork|n10|d60|i1,512,399,0.00024325952091840334
v2_spectrum,SU2-HaarU4-brickwork|n10|d60|i1|dir=gaussian|basis=Z|eta=0,SU2-HaarU4-brickwork|n10|d60|i1,512,400,0.0002415694528506948
v2_spectrum,SU2-HaarU4-brickwork|n10|d60|i1|dir=gaussian|basis=Z|eta=0,SU2-HaarU4-brickwork|n10|d60|i1,512,401,0.00023879490871614204
v2_spectrum,SU2-HaarU4-brickwork|n10|d60|i1|dir=gaussian|basis=Z|eta=0,SU2-HaarU4-brickwork|n10|d60|i1,512,402,0.00023574767781205889
v2_spectrum,SU2-HaarU4-brickwork|n10|d60|i1|dir=gaussian|basis=Z|eta=0,SU2-HaarU4-brickwork|n10|d60|i1,512,403,0.00023454076203754633
v2_spectrum,SU2-HaarU4-brickwork|n10|d60|i1|dir=gaussian|basis=Z|eta=0,SU2-HaarU4-brickwork|n10|d60|i1,512,404,0.00022981723448225298
v2_spectrum,SU2-HaarU4-brickwork|n10|d60|i1|dir=gaussian|basis=Z|eta=0,SU2-HaarU4-brickwork|n10|d60|i1,512,405,0.00022742186114999767
v2_spectrum,SU2-HaarU4-brickwork|n10|d60|i1|dir=gaussian|basis=Z|eta=0,SU2-HaarU4-brickwork|n10|d60|i1,512,406,0.00022647095244791868
v2_spectrum,SU2-HaarU4-brickwork|n10|d60|i1|dir=gaussian|basis=Z|eta=0,SU2-HaarU4-brickwork|n10|d60|i1,512,407,0.00022207644001299865
v2_spectrum,SU2-HaarU4-brickwork|n10|d60|i1|dir=gaussian|basis=Z|eta=0,SU2-HaarU4-brickwork|n10|d60|i1,512,408,0.00022117618119807
v2_spectrum,SU2-HaarU4-brickwork|n10|d60|i1|dir=gaussian|basis=Z|eta=0,SU2-HaarU4-brickwork|n10|d60|i1,512,409,0.00021977358271221982
v2_spectrum,SU2-HaarU4-brickwork|n10|d60|i1|dir=gaussian|basis=Z|eta=0,SU2-HaarU4-brickwork|n10|d60|i1,512,410,0.00021811971525396103
v2_spectrum,SU2-HaarU4-brickwork|n10|d60|i1|dir=gaussian|basis=Z|eta=0,SU2-HaarU4-brickwork|n10|d60|i1,512,411,0.0002082601061328688
v2_spectrum,SU2-HaarU4-brickwork|n10|d60|i1|dir=gaussian|basis=Z|eta=0,SU2-HaarU4-brickwork|n10|d60|i1,512,412,0.00020689292842357687
v2_spectrum,SU2-HaarU4-brickwork|n10|d60|i1|dir=gaussian|basis=Z|eta=0,SU2-HaarU4-brickwork|n10|d60|i1,512,413,0.0002058083923007114
v2_spectrum,SU2-HaarU4-brickwork|n10|d60|i1|dir=gaussian|basis=Z|eta=0,SU2-HaarU4-brickwork|n10|d60|i1,512,414,0.0002038067943105966
v2_spectrum,SU2-HaarU4-brickwork|n10|d60|i1|dir=gaussian|basis=Z|eta=0,SU2-HaarU4-brickwork|n10|d60|i1,512,415,0.00020128350089836783
v2_spectrum,SU2-HaarU4-brickwork|n10|d60|i1|dir=gaussian|basis=Z|eta=0,SU2-HaarU4-brickwork|n10|d60|i1,512,416,0.00019962462373405496
v2_spectrum,SU2-HaarU4-brickwork|n10|d60|i1|dir=gaussian|basis=Z|eta=0,SU2-HaarU4-brickwork|n10|d60|i1,512,417,0.00019834581782765868
v2_spectrum,SU2-HaarU4-brickwork|n10|d60|i1|dir=gaussian|basis=Z|eta=0,SU2-HaarU4-brickwork|n10|d60|i1,512,418,0.00019680477744211624
v2_spectrum,SU2-HaarU4-brickwork|n10|d60|i1|dir=gaussian|basis=Z|eta=0,SU2-HaarU4-brickwork|n10|d60|i1,512,419,0.00019478001440802184
v2_spectrum,SU2-HaarU4-brickwork|n10|d60|i1|dir=gaussian|basis=Z|eta=0,SU2-HaarU4-brickwork|n10|d60|i1,512,420,0.00019182483046691133
v2_spectrum,SU2-HaarU4-brickwork|n10|d60|i1|dir=gaussian|basis=Z|eta=0,SU2-HaarU4-brickwork|n10|d60|i1,512,421,0.00018821542030640723
v2_spectrum,SU2-HaarU4-brickwork|n10|d60|i1|dir=gaussian|basis=Z|eta=0,SU2-HaarU4-brickwork|n10|d60|i1,512,422,0.0001854892055948898
v2_spectrum,SU2-HaarU4-brickwork|n10|d60|i1|dir=gaussian|basis=Z|eta=0,SU2-HaarU4-brickwork|n10|d60|i1,512,423,0.00018331048812025088
v2_spectrum,SU2-HaarU4-brickwork|n10|d60|i1|dir=gaussian|basis=Z|eta=0,SU2-HaarU4-brickwork|n10|d60|i1,512,424,0.00018257486937140404
v2_spectrum,SU2-HaarU4-brickwork|n10|d60|i1|dir=gaussian|basis=Z|eta=0,SU2-HaarU4-brickwork|n10|d60|i1,512,425,0.00017996136909586622
v2_spectrum,SU2-HaarU4-brickwork|n10|d60|i1|dir=gaussian|basis=Z|eta=0,SU2-HaarU4-brickwork|n10|d60|i1,512,426,0.00017881922627538703
v2_spectrum,SU2-HaarU4-brickwork|n10|d60|i1|dir=gaussian|basis=Z|eta=0,SU2-HaarU4-brickwork|n10|d60|i1,512,427,0.00017278733738263692
v2_spectrum,SU2-HaarU4-brickwork|n10|d60|i1|dir=gaussian|basis=Z|eta=0,SU2-HaarU4-brickwork|n10|d60|i1,512,428,0.0001726479784161676
v2_spectrum,SU2-HaarU4-brickwork|n10|d60|i1|dir=gaussian|basis=Z|eta=0,SU2-HaarU4-brickwork|n10|d60|i1,512,429,0.00017032932092697864
v2_spectrum,SU2-HaarU4-brickwork|n10|d60|i1|dir=gaussian|basis=Z|eta=0,SU2-HaarU4-brickwork|n10|d60|i1,512,430,0.00016937709754612172
v2_spectrum,SU2-HaarU4-brickwork|n10|d60|i1|dir=gaussian|basis=Z|eta=0,SU2-HaarU4-brickwork|n10|d60|i1,512,431,0.00016923668439363792
v2_spectrum,SU2-HaarU4-brickwork|n10|d60|i1|dir=gaussian|basis=Z|eta=0,SU2-HaarU4-brickwork|n10|d60|i1,512,432,0.00016447841625973783
v2_spectrum,SU2-HaarU4-brickwork|n10|d60|i1|dir=gaussian|basis=Z|eta=0,SU2-HaarU4-brickwork|n10|d60|i1,512,433,0.00016351387965678313
v2_spectrum,SU2-HaarU4-brickwork|n10|d60|i1|dir=gaussian|basis=Z|eta=0,SU2-HaarU4-brickwork|n10|d60|i1,512,434,0.00016149797076831722
v2_spectrum,SU2-HaarU4-brickwork|n10|d60|i1|dir=gaussian|basis=Z|eta=0,SU2-HaarU4-brickwork|n10|d60|i1,512,435,0.00016015327992653154
v2_spectrum,SU2-HaarU4-brickwork|n10|d60|i1|dir=gaussian|basis=Z|eta=0,SU2-HaarU4-brickwork|n10|d60|i1,512,436,0.00015719043331609728
v2_spectrum,SU2-HaarU4-brickwork|n10|d60|i1|dir=gaussian|basis=Z|eta=0,SU2-HaarU4-brickwork|n10|d60|i1,512,437,0.00015622418511828236
v2_spectrum,SU2-HaarU4-brickwork|n10|d60|i1|dir=gaussian|basis=Z|eta=0,SU2-HaarU4-brickwork|n10|d60|i1,512,438,0.00015513007451284304
v2_spectrum,SU2-HaarU4-brickwork|n10|d60|i1|dir=gaussian|basis=Z|eta=0,SU2-HaarU4-brickwork|n10|d60|i1,512,439,0.00015256264655831927
v2_spectrum,SU2-HaarU4-brickwork|n10|d60|i1|dir=gaussian|basis=Z|eta=0,SU2-HaarU4-brickwork|n10|d60|i1,512,440,0.00015184041340137437
v2_spectrum,SU2-HaarU4-brickwork|n10|d60|i1|dir=gaussian|basis=Z|eta=0,SU2-HaarU4-brickwork|n10|d60|i1,512,441,0.00014843339166668713
v2_spectrum,SU2-HaarU4-brickwork|n10|d60|i1|dir=gaussian|basis=Z|eta=0,SU2-HaarU4-brickwork|n10|d60|i1,512,442,0.00014659972529185495
v2_spectrum,SU2-HaarU4-brickwork|n10|d60|i1|dir=gaussian|basis=Z|eta=0,SU2-HaarU4-brickwork|n10|d60|i1,512,443,0.000144506150183475
v2_spectrum,SU2-HaarU4-brickwork|n10|d60|i1|dir=gaussian|basis=Z|eta=0,SU2-HaarU4-brickwork|n10|d60|i1,512,444,0.00014276918734922628
v2_spectrum,SU2-HaarU4-brickwork|n10|d60|i1|dir=gaussian|basis=Z|eta=0,SU2-HaarU4-brickwork|n10|d60|i1,512,445,0.00014250746577867425
v2_spectrum,SU2-HaarU4-brickwork|n10|d60|i1|dir=gaussian|basis=Z|eta=0,SU2-HaarU4-brickwork|n10|d60|i1,512,446,0.0001410326025059784
v2_spectrum,SU2-HaarU4-brickwork|n10|d60|i1|dir=gaussian|basis=Z|eta=0,SU2-HaarU4-brickwork|n10|d60|i1,512,447,0.00013896701742025915
v2_spectrum,SU2-HaarU4-brickwork|n10|d60|i1|dir=gaussian|basis=Z|eta=0,SU2-HaarU4-brickwork|n10|d60|i1,512,448,0.00013774321726898821
v2_spectrum,SU2-HaarU4-brickwork|n10|d60|i1|dir=gaussian|basis=Z|eta=0,SU2-HaarU4-brickwork|n10|d60|i1,512,449,0.000133121221797004
v2_spectrum,SU2-HaarU4-brickwork|n10|d60|i1|dir=gaussian|basis=Z|eta=0,SU2-HaarU4-brickwork|n10|d60|i1,512,450,0.0001317832442941507
v2_spectrum,SU2-HaarU4-brickwork|n10|d60|i1|dir=gaussian|basis=Z|eta=0,SU2-HaarU4-brickwork|n10|d60|i1,512,451,0.0001310129035702998
v2_spectrum,SU2-HaarU4-brickwork|n10|d60|i1|dir=gaussian|basis=Z|eta=0,SU2-HaarU4-brickwork|n10|d60|i1,512,452,0.00013018129346526933
v2_spectrum,SU2-HaarU4-brickwork|n10|d60|i1|dir=gaussian|basis=Z|eta=0,SU2-HaarU4-brickwork|n10|d60|i1,512,453,0.00012778940108574516
v2_spectrum,SU2-HaarU4-brickwork|n10|d60|i1|dir=gaussian|basis=Z|eta=0,SU2-HaarU4-brickwork|n10|d60|i1,512,454,0.00012348621067929862
v2_spectrum,SU2-HaarU4-brickwork|n10|d60|i1|dir=gaussian|basis=Z|eta=0,SU2-HaarU4-brickwork|n10|d60|i1,512,455,0.00012169375022307876
v2_spectrum,SU2-HaarU4-brickwork|n10|d60|i1|dir=gaussian|basis=Z|eta=0,SU2-HaarU4-brickwork|n10|d60|i1,512,456,0.00011991232844858486
v2_spectrum,SU2-HaarU4-brickwork|n10|d60|i1|dir=gaussian|basis=Z|eta=0,SU2-HaarU4-brickwork|n10|d60|i1,512,457,0.00011942325472090353
v2_spectrum,SU2-HaarU4-brickwork|n10|d60|i1|dir=gaussian|basis=Z|eta=0,SU2-HaarU4-brickwork|n10|d60|i1,512,458,0.00011723587697499163
v2_spectrum,SU2-HaarU4-brickwork|n10|d60|i1|dir=gaussian|basis=Z|eta=0,SU2-HaarU4-brickwork|n10|d60|i1,512,459,0.000116638363200854
v2_spectrum,SU2-HaarU4-brickwork|n10|d60|i1|dir=gaussian|basis=Z|eta=0,SU2-HaarU4-brickwork|n10|d60|i1,512,460,0.00011591257198644864
v2_spectrum,SU2-HaarU4-brickwork|n10|d60|i1|dir=gaussian|basis=Z|eta=0,SU2-HaarU4-brickwork|n10|d60|i1,512,461,0.0001150762082322755
v2_spectrum,SU2-HaarU4-brickwork|n10|d60|i1|dir=gaussian|basis=Z|eta=0,SU2-HaarU4-brickwork|n10|d60|i1,512,462,0.00011384989710547124
v2_spectrum,SU2-HaarU4-brickwork|n10|d60|i1|dir=gaussian|basis=Z|eta=0,SU2-HaarU4-brickwork|n10|d60|i1,512,463,0.00011205228749120233
v2_spectrum,SU2-HaarU4-brickwork|n10|d60|i1|dir=gaussian|basis=Z|eta=0,SU2-HaarU4-brickwork|n10|d60|i1,512,464,0.00011053587228357512
v2_spectrum,SU2-HaarU4-brickwork|n10|d60|i1|dir=gaussian|basis=Z|eta=0,SU2-HaarU4-brickwork|n10|d60|i1,512,465,0.00010904897890083907
v2_spectrum,SU2-HaarU4-brickwork|n10|d60|i1|dir=gaussian|basis=Z|eta=0,SU2-HaarU4-brickwork|n10|d60|i1,512,466,0.00010722498528120968
v2_spectrum,SU2-HaarU4-brickwork|n10|d60|i1|dir=gaussian|basis=Z|eta=0,SU2-HaarU4-brickwork|n10|d60|i1,512,467,0.00010438170300092448
v2_spectrum,SU2-HaarU4-brickwork|n10|d60|i1|dir=gaussian|basis=Z|eta=0,SU2-HaarU4-brickwork|n10|d60|i1,512,468,0.00010420408002672287
v2_spectrum,SU2-HaarU4-brickwork|n10|d60|i1|dir=gaussian|basis=Z|eta=0,SU2-HaarU4-brickwork|n10|d60|i1,512,469,0.00010175486752761415
v2_spectrum,SU2-HaarU4-brickwork|n10|d60|i1|dir=gaussian|basis=Z|eta=0,SU2-HaarU4-brickwork|n10|d60|i1,512,470,0.00010137304542848745
v2_spectrum,SU2-HaarU4-brickwork|n10|d60|i1|dir=gaussian|basis=Z|eta=0,SU2-HaarU4-brickwork|n10|d60|i1,512,471,9.918117459105747e-05
v2_spectrum,SU2-HaarU4-brickwork|n10|d60|i1|dir=gaussian|basis=Z|eta=0,SU2-HaarU4-brickwork|n10|d60|i1,512,472,9.82852966107375e-05
v2_spectrum,SU2-HaarU4-brickwork|n10|d60|i1|dir=gaussian|basis=Z|eta=0,SU2-HaarU4-brickwork|n10|d60|i1,512,473,9.506671447221314e-05
v2_spectrum,SU2-HaarU4-brickwork|n10|d60|i1|dir=gaussian|basis=Z|eta=0,SU2-HaarU4-brickwork|n10|d60|i1,512,474,9.422406014746678e-05
v2_spectrum,SU2-HaarU4-brickwork|n10|d60|i1|dir=gaussian|basis=Z|eta=0,SU2-HaarU4-brickwork|n10|d60|i1,512,475,9.325305597092415e-05
v2_spectrum,SU2-HaarU4-brickwork|n10|d60|i1|dir=gaussian|basis=Z|eta=0,SU2-HaarU4-brickwork|n10|d60|i1,512,476,9.179640431680444e-05
v2_spectrum,SU2-HaarU4-brickwork|n10|d60|i1|dir=gaussian|basis=Z|eta=0,SU2-HaarU4-brickwork|n10|d60|i1,512,477,9.027783895873308e-05
v2_spectrum,SU2-HaarU4-brickwork|n10|d60|i1|dir=gaussian|basis=Z|eta=0,SU2-HaarU4-brickwork|n10|d60|i1,512,478,8.853673937317074e-05
v2_spectrum,SU2-HaarU4-brickwork|n10|d60|i1|dir=gaussian|basis=Z|eta=0,SU2-HaarU4-brickwork|n10|d60|i1,512,479,8.793892338863797e-05
v2_spectrum,SU2-HaarU4-brickwork|n10|d60|i1|dir=gaussian|basis=Z|eta=0,SU2-HaarU4-brickwork|n10|d60|i1,512,480,8.654917320454195e-05
v2_spectrum,SU2-HaarU4-brickwork|n10|d60|i1|dir=gaussian|basis=Z|eta=0,SU2-HaarU4-brickwork|n10|d60|i1,512,481,8.52310406766968e-05
v2_spectrum,SU2-HaarU4-brickwork|n10|d60|i1|dir=gaussian|basis=Z|eta=0,SU2-HaarU4-brickwork|n10|d60|i1,512,482,8.359627517762788e-05
v2_spectrum,SU2-HaarU4-brickwork|n10|d60|i1|dir=gaussian|basis=Z|eta=0,SU2-HaarU4-brickwork|n10|d60|i1,512,483,8.318906993380208e-05
v2_spectrum,SU2-HaarU4-brickwork|n10|d60|i1|dir=gaussian|basis=Z|eta=0,SU2-HaarU4-brickwork|n10|d60|i1,512,484,8.052293281051069e-05
v2_spectrum,SU2-HaarU4-brickwork|n10|d60|i1|dir=gaussian|basis=Z|eta=0,SU2-HaarU4-brickwork|n10|d60|i1,512,485,7.877745823555453e-05
v2_spectrum,SU2-HaarU4-brickwork|n10|d60|i1|dir=gaussian|basis=Z|eta=0,SU2-HaarU4-brickwork|n10|d60|i1,512,486,7.755147921717655e-05
v2_spectrum,SU2-HaarU4-brickwork|n10|d60|i1|dir=gaussian|basis=Z|eta=0,SU2-HaarU4-brickwork|n10|d60|i1,512,487,7.620141752070689e-05
v2_spectrum,SU2-HaarU4-brickwork|n10|d60|i1|dir=gaussian|basis=Z|eta=0,SU2-HaarU4-brickwork|n10|d60|i1,512,488,7.340377165230381e-05
v2_spectrum,SU2-HaarU4-brickwork|n10|d60|i1|dir=gaussian|basis=Z|eta=0,SU2-HaarU4-brickwork|n10|d60|i1,512,489,7.127859923773463e-05
v2_spectrum,SU2-HaarU4-brickwork|n10|d60|i1|dir=gaussian|basis=Z|eta=0,SU2-HaarU4-brickwork|n10|d60|i1,512,490,7.076334106045879e-05
v2_spectrum,SU2-HaarU4-brickwork|n10|d60|i1|dir=gaussian|basis=Z|eta=0,SU2-HaarU4-brickwork|n10|d60|i1,512,491,6.928707156332458e-05
v2_spectrum,SU2-HaarU4-brickwork|n10|d60|i1|dir=gaussian|basis=Z|eta=0,SU2-HaarU4-brickwork|n10|d60|i1,512,492,6.780732459846755e-05
v2_spectrum,SU2-HaarU4-brickwork|n10|d60|i1|dir=gaussian|basis=Z|eta=0,SU2-HaarU4-brickwork|n10|d60|i1,512,493,6.6341405957647e-05
v2_spectrum,SU2-HaarU4-brickwork|n10|d60|i1|dir=gaussian|basis=Z|eta=0,SU2-HaarU4-brickwork|n10|d60|i1,512,494,6.555748477395726e-05
v2_spectrum,SU2-HaarU4-brickwork|n10|d60|i1|dir=gaussian|basis=Z|eta=0,SU2-HaarU4-brickwork|n10|d60|i1,512,495,6.420225096656519e-05
v2_spectrum,SU2-HaarU4-brickwork|n10|d60|i1|dir=gaussian|basis=Z|eta=0,SU2-HaarU4-brickwork|n10|d60|i1,512,496,6.343510221424409e-05
v2_spectrum,SU2-HaarU4-brickwork|n10|d60|i1|dir=gaussian|basis=Z|eta=0,SU2-HaarU4-brickwork|n10|d60|i1,512,497,6.074398287366984e-05
v2_spectrum,SU2-HaarU4-brickwork|n10|d60|i1|dir=gaussian|basis=Z|eta=0,SU2-HaarU4-brickwork|n10|d60|i1,512,498,6.0507181394316026e-05
v2_spectrum,SU2-HaarU4-brickwork|n10|d60|i1|dir=gaussian|basis=Z|eta=0,SU2-HaarU4-brickwork|n10|d60|i1,512,499,6.009759392524685e-05
v2_spectrum,SU2-HaarU4-brickwork|n10|d60|i1|dir=gaussian|basis=Z|eta=0,SU2-HaarU4-brickwork|n10|d60|i1,512,500,5.8556243290787744e-05
v2_spectrum,SU2-HaarU4-brickwork|n10|d60|i1|dir=gaussian|basis=Z|eta=0,SU2-HaarU4-brickwork|n10|d60|i1,512,501,5.692030138094252e-05
v2_spectrum,SU2-HaarU4-brickwork|n10|d60|i1|dir=gaussian|basis=Z|eta=0,SU2-HaarU4-brickwork|n10|d60|i1,512,502,5.390687205196319e-05
v2_spectrum,SU2-HaarU4-brickwork|n10|d60|i1|dir=gaussian|basis=Z|eta=0,SU2-HaarU4-brickwork|n10|d60|i1,512,503,5.2850573006660306e-05
v2_spectrum,SU2-HaarU4-brickwork|n10|d60|i1|dir=gaussian|basis=Z|eta=0,SU2-HaarU4-brickwork|n10|d60|i1,512,504,5.2064556967952676e-05
v2_spectrum,SU2-HaarU4-brickwork|n10|d60|i1|dir=gaussian|basis=Z|eta=0,SU2-HaarU4-brickwork|n10|d60|i1,512,505,5.011839530204891e-05
v2_spectrum,SU2-HaarU4-brickwork|n10|d60|i1|dir=gaussian|basis=Z|eta=0,SU2-HaarU4-brickwork|n10|d60|i1,512,506,4.786223726123569e-05
v2_spectrum,SU2-HaarU4-brickwork|n10|d60|i1|dir=gaussian|basis=Z|eta=0,SU2-HaarU4-brickwork|n10|d60|i1,512,507,4.6074142435088246e-05
v2_spectrum,SU2-HaarU4-brickwork|n10|d60|i1|dir=gaussian|basis=Z|eta=0,SU2-HaarU4-brickwork|n10|d60|i1,512,508,4.535021758108843e-05
v2_spectrum,SU2-HaarU4-brickwork|n10|d60|i1|dir=gaussian|basis=Z|eta=0,SU2-HaarU4-brickwork|n10|d60|i1,512,509,4.4619207580709614e-05
v2_spectrum,SU2-HaarU4-brickwork|n10|d60|i1|dir=gaussian|basis=Z|eta=0,SU2-HaarU4-brickwork|n10|d60|i1,512,510,4.2409641009144426e-05
v2_spectrum,SU2-HaarU4-brickwork|n10|d60|i1|dir=gaussian|basis=Z|eta=0,SU2-HaarU4-brickwork|n10|d60|i1,512,511,3.95957292944109e-05
v2_spectrum,SU2-HaarU4-brickwork|n10|d60|i1|dir=gaussian|basis=Z|eta=0,SU2-HaarU4-brickwork|n10|d60|i1,512,512,3.859218963414825e-05
v2_spectrum,U1-RZ-XY-line|n10|d60|i7|dir=gaussian|basis=Z|eta=0,U1-RZ-XY-line|n10|d60|i7,512,1,0.0745324822425979
v2_spectrum,U1-RZ-XY-line|n10|d60|i7|dir=gaussian|basis=Z|eta=0,U1-RZ-XY-line|n10|d60|i7,512,2,0.07052836158309413
v2_spectrum,U1-RZ-XY-line|n10|d60|i7|dir=gaussian|basis=Z|eta=0,U1-RZ-XY-line|n10|d60|i7,512,3,0.0639041900859964
v2_spectrum,U1-RZ-XY-line|n10|d60|i7|dir=gaussian|basis=Z|eta=0,U1-RZ-XY-line|n10|d60|i7,512,4,0.05386618795498062
v2_spectrum,U1-RZ-XY-line|n10|d60|i7|dir=gaussian|basis=Z|eta=0,U1-RZ-XY-line|n10|d60|i7,512,5,0.052911976395020974
v2_spectrum,U1-RZ-XY-line|n10|d60|i7|dir=gaussian|basis=Z|eta=0,U1-RZ-XY-line|n10|d60|i7,512,6,0.04795209732950664
v2_spectrum,U1-RZ-XY-line|n10|d60|i7|dir=gaussian|basis=Z|eta=0,U1-RZ-XY-line|n10|d60|i7,512,7,0.04527007793171053
v2_spectrum,U1-RZ-XY-line|n10|d60|i7|dir=gaussian|basis=Z|eta=0,U1-RZ-XY-line|n10|d60|i7,512,8,0.043776376413269695
v2_spectrum,U1-RZ-XY-line|n10|d60|i7|dir=gaussian|basis=Z|eta=0,U1-RZ-XY-line|n10|d60|i7,512,9,0.03887727792951876
v2_spectrum,U1-RZ-XY-line|n10|d60|i7|dir=gaussian|basis=Z|eta=0,U1-RZ-XY-line|n10|d60|i7,512,10,0.03654304811245664
v2_spectrum,U1-RZ-XY-line|n10|d60|i7|dir=gaussian|basis=Z|eta=0,U1-RZ-XY-line|n10|d60|i7,512,11,0.03456527107930887
v2_spectrum,U1-RZ-XY-line|n10|d60|i7|dir=gaussian|basis=Z|eta=0,U1-RZ-XY-line|n10|d60|i7,512,12,0.03376534717314745
v2_spectrum,U1-RZ-XY-line|n10|d60|i7|dir=gaussian|basis=Z|eta=0,U1-RZ-XY-line|n10|d60|i7,512,13,0.030358026950239737
v2_spectrum,U1-RZ-XY-line|n10|d60|i7|dir=gaussian|basis=Z|eta=0,U1-RZ-XY-line|n10|d60|i7,512,14,0.029833789784746226
v2_spectrum,U1-RZ-XY-line|n10|d60|i7|dir=gaussian|basis=Z|eta=0,U1-RZ-XY-line|n10|d60|i7,512,15,0.026272897107461397
v2_spectrum,U1-RZ-XY-line|n10|d60|i7|dir=gaussian|basis=Z|eta=0,U1-RZ-XY-line|n10|d60|i7,512,16,0.02498874214839297
v2_spectrum,U1-RZ-XY-line|n10|d60|i7|dir=gaussian|basis=Z|eta=0,U1-RZ-XY-line|n10|d60|i7,512,17,0.02343166205856293
v2_spectrum,U1-RZ-XY-line|n10|d60|i7|dir=gaussian|basis=Z|eta=0,U1-RZ-XY-line|n10|d60|i7,512,18,0.022692873903360056
v2_spectrum,U1-RZ-XY-line|n10|d60|i7|dir=gaussian|basis=Z|eta=0,U1-RZ-XY-line|n10|d60|i7,512,19,0.02182875765236138
v2_spectrum,U1-RZ-XY-line|n10|d60|i7|dir=gaussian|basis=Z|eta=0,U1-RZ-XY-line|n10|d60|i7,512,20,0.01894454505581375
v2_spectrum,U1-RZ-XY-line|n10|d60|i7|dir=gaussian|basis=Z|eta=0,U1-RZ-XY-line|n10|d60|i7,512,21,0.017343721026603618
v2_spectrum,U1-RZ-XY-line|n10|d60|i7|dir=gaussian|basis=Z|eta=0,U1-RZ-XY-line|n10|d60|i7,512,22,0.01647808103254255
v2_spectrum,U1-RZ-XY-line|n10|d60|i7|dir=gaussian|basis=Z|eta=0,U1-RZ-XY-line|n10|d60|i7,512,23,0.015426669609881549
v2_spectrum,U1-RZ-XY-line|n10|d60|i7|dir=gaussian|basis=Z|eta=0,U1-RZ-XY-line|n10|d60|i7,512,24,0.015195206673088267
v2_spectrum,U1-RZ-XY-line|n10|d60|i7|dir=gaussian|basis=Z|eta=0,U1-RZ-XY-line|n10|d60|i7,512,25,0.014529253666738629
v2_spectrum,U1-RZ-XY-line|n10|d60|i7|dir=gaussian|basis=Z|eta=0,U1-RZ-XY-line|n10|d60|i7,512,26,0.014289021192818238
v2_spectrum,U1-RZ-XY-line|n10|d60|i7|dir=gaussian|basis=Z|eta=0,U1-RZ-XY-line|n10|d60|i7,512,27,0.012655775141866261
v2_spectrum,U1-RZ-XY-line|n10|d60|i7|dir=gaussian|basis=Z|eta=0,U1-RZ-XY-line|n10|d60|i7,512,28,0.01131599801980019
v2_spectrum,U1-RZ-XY-line|n10|d60|i7|dir=gaussian|basis=Z|eta=0,U1-RZ-XY-line|n10|d60|i7,512,29,0.010663151335681714
v2_spectrum,U1-RZ-XY-line|n10|d60|i7|dir=gaussian|basis=Z|eta=0,U1-RZ-XY-line|n10|d60|i7,512,30,0.010322756674215137
v2_spectrum,U1-RZ-XY-line|n10|d60|i7|dir=gaussian|basis=Z|eta=0,U1-RZ-XY-line|n10|d60|i7,512,31,0.00931614848113047
v2_spectrum,U1-RZ-XY-line|n10|d60|i7|dir=gaussian|basis=Z|eta=0,U1-RZ-XY-line|n10|d60|i7,512,32,0.008421994918501116
v2_spectrum,U1-RZ-XY-line|n10|d60|i7|dir=gaussian|basis=Z|eta=0,U1-RZ-XY-line|n10|d60|i7,512,33,0.007706314321022536
v2_spectrum,U1-RZ-XY-line|n10|d60|i7|dir=gaussian|basis=Z|eta=0,U1-RZ-XY-line|n10|d60|i7,512,34,0.00711528992370578
v2_spectrum,U1-RZ-XY-line|n10|d60|i7|dir=gaussian|basis=Z|eta=0,U1-RZ-XY-line|n10|d60|i7,512,35,0.006566887053426796
v2_spectrum,U1-RZ-XY-line|n10|d60|i7|dir=gaussian|basis=Z|eta=0,U1-RZ-XY-line|n10|d60|i7,512,36,0.0060421583772432945
v2_spectrum,U1-RZ-XY-line|n10|d60|i7|dir=gaussian|basis=Z|eta=0,U1-RZ-XY-line|n10|d60|i7,512,37,0.0053571512275392185
v2_spectrum,U1-RZ-XY-line|n10|d60|i7|dir=gaussian|basis=Z|eta=0,U1-RZ-XY-line|n10|d60|i7,512,38,0.004976003487213577
v2_spectrum,U1-RZ-XY-line|n10|d60|i7|dir=gaussian|basis=Z|eta=0,U1-RZ-XY-line|n10|d60|i7,512,39,0.004336968866141975
v2_spectrum,U1-RZ-XY-line|n10|d60|i7|dir=gaussian|basis=Z|eta=0,U1-RZ-XY-line|n10|d60|i7,512,40,0.00389144475412306
v2_spectrum,U1-RZ-XY-line|n10|d60|i7|dir=gaussian|basis=Z|eta=0,U1-RZ-XY-line|n10|d60|i7,512,41,0.003206015325168956
