profile,analysis_role,family,n,depth_factor,direction_sampler,measurement_basis,bitflip_rate,tangent_count_used,k,metric,mean,ci95_low,ci95_high,circuits,relative_ci95_halfwidth,jackknife_max_shift,passes_min_circuits,passes_precision_flag,inference_ready
v2_basis,measurement-basis robustness and scope,SU2-CNOT-line,8,6.0,gaussian,RANDOM_LOCAL,0.0,128,1,enhancement,0.9772848403070858,0.9661876918464967,0.9898364059071285,10,0.012099192111278871,0.004125392760043312,True,True,True
v2_basis,measurement-basis robustness and scope,SU2-CNOT-line,8,6.0,gaussian,RANDOM_LOCAL,0.0,128,1,actual_retention,0.03065991655865364,0.03030419250399747,0.031042491402504903,10,0.012040132221088051,0.00012942408658959612,True,True,True
v2_basis,measurement-basis robustness and scope,SU2-CNOT-line,8,6.0,gaussian,RANDOM_LOCAL,0.0,128,1,deff_pairwise,170.27628404135595,169.36836900566766,171.34034564844114,10,0.005790520546873512,0.4367638870889152,True,True,True
v2_basis,measurement-basis robustness and scope,SU2-CNOT-line,8,6.0,gaussian,RANDOM_LOCAL,0.0,128,1,pairwise_purity,0.005873323445985929,0.0058367844558755945,0.005903389294574436,10,0.005670114996336721,1.4781247089669207e-05,True,True,True
v2_basis,measurement-basis robustness and scope,SU2-CNOT-line,8,6.0,gaussian,RANDOM_LOCAL,0.0,128,1,sample_covariance_purity,0.013639938106564178,0.013603398862745954,0.013669976886264633,10,0.0024405544584780417,1.4665768596775278e-05,True,True,True
v2_basis,measurement-basis robustness and scope,SU2-CNOT-line,8,6.0,gaussian,RANDOM_LOCAL,0.0,128,1,trC3_u_stat,4.398116672330307e-05,4.2973112190439715e-05,4.504666813411502e-05,10,0.023573225748200158,3.663411962799115e-07,True,True,True
v2_basis,measurement-basis robustness and scope,SU2-CNOT-line,8,6.0,gaussian,RANDOM_LOCAL,0.0,128,1,Ffull_over_FQ_mean,0.4981513769299868,0.4966476478842347,0.49975991840308087,10,0.0031238200504698976,0.0005703771792204271,True,True,True
v2_basis,measurement-basis robustness and scope,SU2-CNOT-line,8,6.0,gaussian,RANDOM_LOCAL,0.0,128,1,haar_alignment_z,-0.4690285607321811,-0.6968688086564256,-0.21652241171774433,10,0.5120651887262818,0.08521094536870505,True,False,False
v2_basis,measurement-basis robustness and scope,SU2-CNOT-line,8,6.0,gaussian,RANDOM_LOCAL,0.0,128,1,physical_minus_rank_baseline,-0.0007126324609541405,-0.0010634486171726633,-0.0003312899966121796,10,0.5137000211723445,0.00012942408658958235,True,False,False
v2_basis,measurement-basis robustness and scope,SU2-CNOT-line,8,6.0,gaussian,RANDOM_LOCAL,0.0,128,2,enhancement,0.9924544397021039,0.9803364667427824,1.0034420908605655,10,0.011640647264734117,0.004755661394420518,True,True,True
v2_basis,measurement-basis robustness and scope,SU2-CNOT-line,8,6.0,gaussian,RANDOM_LOCAL,0.0,128,2,actual_retention,0.14011121501676754,0.13837410163572064,0.1416561031723724,10,0.01171213002563353,0.0006713874909770323,True,True,True
v2_basis,measurement-basis robustness and scope,SU2-CNOT-line,8,6.0,gaussian,RANDOM_LOCAL,0.0,128,2,deff_pairwise,170.27628404135595,169.37400066972288,171.35992917425108,10,0.00583148885268682,0.4367638870889152,True,True,True
v2_basis,measurement-basis robustness and scope,SU2-CNOT-line,8,6.0,gaussian,RANDOM_LOCAL,0.0,128,2,pairwise_purity,0.005873323445985929,0.00583651196965518,0.005903753169158728,10,0.005724288822327981,1.4781247089669207e-05,True,True,True
v2_basis,measurement-basis robustness and scope,SU2-CNOT-line,8,6.0,gaussian,RANDOM_LOCAL,0.0,128,2,sample_covariance_purity,0.013639938106564178,0.013603286903685457,0.013670136796059997,10,0.0024505203708500814,1.4665768596775278e-05,True,True,True
v2_basis,measurement-basis robustness and scope,SU2-CNOT-line,8,6.0,gaussian,RANDOM_LOCAL,0.0,128,2,trC3_u_stat,4.398116672330307e-05,4.2945040162475135e-05,4.503657632455334e-05,10,0.023777633904491474,3.663411962799115e-07,True,True,True
v2_basis,measurement-basis robustness and scope,SU2-CNOT-line,8,6.0,gaussian,RANDOM_LOCAL,0.0,128,2,Ffull_over_FQ_mean,0.4981513769299868,0.4966102992868681,0.4997561238513551,10,0.003157498614049911,0.0005703771792204271,True,True,True
v2_basis,measurement-basis robustness and scope,SU2-CNOT-line,8,6.0,gaussian,RANDOM_LOCAL,0.0,128,2,haar_alignment_z,-0.35199598144427713,-0.9113130690416716,0.1642956372524131,10,1.5278707186950646,0.22097172621924038,True,False,False
v2_basis,measurement-basis robustness and scope,SU2-CNOT-line,8,6.0,gaussian,RANDOM_LOCAL,0.0,128,2,physical_minus_rank_baseline,-0.0010652555714676698,-0.0028117541819964,0.0004918397863982031,10,1.5506109786607514,0.0006713874909770033,True,False,False
v2_basis,measurement-basis robustness and scope,SU2-CNOT-line,8,6.0,gaussian,X,0.0,128,1,enhancement,0.9512729936781611,0.9189950980892332,0.9821260731793251,10,0.03318236484670491,0.010645477030277295,True,True,True
v2_basis,measurement-basis robustness and scope,SU2-CNOT-line,8,6.0,gaussian,X,0.0,128,1,actual_retention,0.029843858625197138,0.02885781576121381,0.030826522627290517,10,0.03298345047805799,0.0003339757499694826,True,True,True
v2_basis,measurement-basis robustness and scope,SU2-CNOT-line,8,6.0,gaussian,X,0.0,128,1,deff_pairwise,169.46727894129555,168.780516193974,170.1455796013338,10,0.004027513204577576,0.17588593818686604,True,True,True
v2_basis,measurement-basis robustness and scope,SU2-CNOT-line,8,6.0,gaussian,X,0.0,128,1,pairwise_purity,0.0059010985863536,0.005877412673086699,0.005925597960098858,10,0.004082738688995058,6.115302108477237e-06,True,True,True
v2_basis,measurement-basis robustness and scope,SU2-CNOT-line,8,6.0,gaussian,X,0.0,128,1,sample_covariance_purity,0.01366749625364774,0.013644086381940673,0.013692071473828438,10,0.0017554455840790273,6.0675263107608235e-06,True,True,True
v2_basis,measurement-basis robustness and scope,SU2-CNOT-line,8,6.0,gaussian,X,0.0,128,1,trC3_u_stat,4.431714175430784e-05,4.3579011243629966e-05,4.509470530095246e-05,10,0.017100539399916976,2.4375620396525476e-07,True,True,True
v2_basis,measurement-basis robustness and scope,SU2-CNOT-line,8,6.0,gaussian,X,0.0,128,1,Ffull_over_FQ_mean,0.4955826001764277,0.49375419199345205,0.49745319212296313,10,0.0037319713486654196,0.0005967062253414146,True,True,True
v2_basis,measurement-basis robustness and scope,SU2-CNOT-line,8,6.0,gaussian,X,0.0,128,1,haar_alignment_z,-1.0058066246146447,-1.662023573434543,-0.35287860463881193,10,0.6507935704327383,0.2195715579883759,True,False,False
v2_basis,measurement-basis robustness and scope,SU2-CNOT-line,8,6.0,gaussian,X,0.0,128,1,physical_minus_rank_baseline,-0.0015286903944105802,-0.0025339653055117283,-0.0005550294618046424,10,0.6472650874705429,0.00033397574996947565,True,False,False
v2_basis,measurement-basis robustness and scope,SU2-CNOT-line,8,6.0,gaussian,X,0.0,128,2,enhancement,0.9825080539955019,0.9682246524346928,0.9968092665611019,10,0.014546758171684148,0.004382799068904819,True,True,True
v2_basis,measurement-basis robustness and scope,SU2-CNOT-line,8,6.0,gaussian,X,0.0,128,2,actual_retention,0.13870701938760024,0.13673127008541566,0.14080841543585665,10,0.014696968359791111,0.000618748103845379,True,True,True
v2_basis,measurement-basis robustness and scope,SU2-CNOT-line,8,6.0,gaussian,X,0.0,128,2,deff_pairwise,169.46727894129555,168.7770083355645,170.13121402265625,10,0.003995478347064474,0.17588593818686604,True,True,True
v2_basis,measurement-basis robustness and scope,SU2-CNOT-line,8,6.0,gaussian,X,0.0,128,2,pairwise_purity,0.0059010985863536,0.00587702755774267,0.005925394330790444,10,0.004098115998233236,6.115302108477237e-06,True,True,True
v2_basis,measurement-basis robustness and scope,SU2-CNOT-line,8,6.0,gaussian,X,0.0,128,2,sample_covariance_purity,0.01366749625364774,0.013643896595063744,0.013691392488222914,10,0.0017375491559580075,6.0675263107608235e-06,True,True,True
v2_basis,measurement-basis robustness and scope,SU2-CNOT-line,8,6.0,gaussian,X,0.0,128,2,trC3_u_stat,4.431714175430784e-05,4.356394865642706e-05,4.506536570953112e-05,10,0.016939461725982367,2.4375620396525476e-07,True,True,True
v2_basis,measurement-basis robustness and scope,SU2-CNOT-line,8,6.0,gaussian,X,0.0,128,2,Ffull_over_FQ_mean,0.4955826001764277,0.49366889249535606,0.497417636355259,10,0.0037821584722389067,0.0005967062253414146,True,True,True
v2_basis,measurement-basis robustness and scope,SU2-CNOT-line,8,6.0,gaussian,X,0.0,128,2,haar_alignment_z,-0.8130883682865052,-1.4678788691596782,-0.13786172667260443,10,0.8178798236223325,0.20399811703781767,True,False,False
v2_basis,measurement-basis robustness and scope,SU2-CNOT-line,8,6.0,gaussian,X,0.0,128,2,physical_minus_rank_baseline,-0.0024694512006349797,-0.004437856668055409,-0.0004312178530125101,10,0.8112407351910126,0.0006187481038453647,True,False,False
v2_basis,measurement-basis robustness and scope,SU2-CNOT-line,8,6.0,gaussian,Y,0.0,128,1,enhancement,0.992412787535612,0.9678624218508897,1.0215889448122952,10,0.027068636980595955,0.010818526592127897,True,True,True
v2_basis,measurement-basis robustness and scope,SU2-CNOT-line,8,6.0,gaussian,Y,0.0,128,1,actual_retention,0.03113451882464659,0.030355843669838473,0.0320218877709415,10,0.026755578117111548,0.0003394047558314718,True,True,True
v2_basis,measurement-basis robustness and scope,SU2-CNOT-line,8,6.0,gaussian,Y,0.0,128,1,deff_pairwise,169.92166185600337,168.0204482183387,172.280006834487,10,0.012533889351194085,0.9367377441244855,True,True,True
v2_basis,measurement-basis robustness and scope,SU2-CNOT-line,8,6.0,gaussian,Y,0.0,128,1,pairwise_purity,0.00588744647719984,0.0058111429438297705,0.005951500205161051,10,0.011920045632248048,3.11740234503928e-05,True,True,True
v2_basis,measurement-basis robustness and scope,SU2-CNOT-line,8,6.0,gaussian,Y,0.0,128,1,sample_covariance_purity,0.013653950801596728,0.01357659223872022,0.013719387681731875,10,0.005229088821491713,3.093047639218284e-05,True,True,True
v2_basis,measurement-basis robustness and scope,SU2-CNOT-line,8,6.0,gaussian,Y,0.0,128,1,trC3_u_stat,4.398259738821403e-05,4.2044469656950096e-05,4.55500330830192e-05,10,0.03985170992889666,7.769674362708104e-07,True,True,True
v2_basis,measurement-basis robustness and scope,SU2-CNOT-line,8,6.0,gaussian,Y,0.0,128,1,Ffull_over_FQ_mean,0.4997936755351263,0.49843403007753856,0.5011506169788078,10,0.0027177083607156614,0.0004272008554059292,True,True,True
v2_basis,measurement-basis robustness and scope,SU2-CNOT-line,8,6.0,gaussian,Y,0.0,128,1,haar_alignment_z,-0.15649204707932524,-0.6592346487925819,0.42622383060333346,10,3.4680947040257597,0.22397024184771108,True,False,False
v2_basis,measurement-basis robustness and scope,SU2-CNOT-line,8,6.0,gaussian,Y,0.0,128,1,physical_minus_rank_baseline,-0.00023803019496117,-0.0009939873398433065,0.0006434663406062229,10,3.4395923607856727,0.00033940475583146335,True,False,False
v2_basis,measurement-basis robustness and scope,SU2-CNOT-line,8,6.0,gaussian,Y,0.0,128,2,enhancement,0.9926488023707675,0.9830193304650676,1.0013827765961407,10,0.009249719582200288,0.003536942713259994,True,True,True
v2_basis,measurement-basis robustness and scope,SU2-CNOT-line,8,6.0,gaussian,Y,0.0,128,2,actual_retention,0.14013865445234358,0.13878717112038272,0.14138466604633895,10,0.009267589074931337,0.0004993330889307979,True,True,True
v2_basis,measurement-basis robustness and scope,SU2-CNOT-line,8,6.0,gaussian,Y,0.0,128,2,deff_pairwise,169.92166185600337,167.99494548163145,172.26969711280404,10,0.01257859529056143,0.9367377441244855,True,True,True
v2_basis,measurement-basis robustness and scope,SU2-CNOT-line,8,6.0,gaussian,Y,0.0,128,2,pairwise_purity,0.00588744647719984,0.0058077087586840045,0.00595338488757657,10,0.012371758236505588,3.11740234503928e-05,True,True,True
v2_basis,measurement-basis robustness and scope,SU2-CNOT-line,8,6.0,gaussian,Y,0.0,128,2,sample_covariance_purity,0.013653950801596728,0.013578605870564722,0.013718908054148994,10,0.005137787063355524,3.093047639218284e-05,True,True,True
v2_basis,measurement-basis robustness and scope,SU2-CNOT-line,8,6.0,gaussian,Y,0.0,128,2,trC3_u_stat,4.398259738821403e-05,4.205664250426298e-05,4.552905781939069e-05,10,0.03947487780767365,7.769674362708104e-07,True,True,True
v2_basis,measurement-basis robustness and scope,SU2-CNOT-line,8,6.0,gaussian,Y,0.0,128,2,Ffull_over_FQ_mean,0.4997936755351263,0.49841106404970054,0.5011775411820518,10,0.002767619187446934,0.0004272008554059292,True,True,True
v2_basis,measurement-basis robustness and scope,SU2-CNOT-line,8,6.0,gaussian,Y,0.0,128,2,haar_alignment_z,-0.34422359876698133,-0.7754834558317528,0.07288540385792344,10,1.23229328658546,0.16714434477638168,True,False,False
v2_basis,measurement-basis robustness and scope,SU2-CNOT-line,8,6.0,gaussian,Y,0.0,128,2,physical_minus_rank_baseline,-0.0010378161358916601,-0.002414837474293602,0.00016777122371532303,10,1.2442515628213981,0.0004993330889308044,True,False,False
v2_basis,measurement-basis robustness and scope,SU2-CNOT-line,8,6.0,gaussian,Z,0.0,128,1,enhancement,0.9817260901743194,0.9664542201788909,0.997786450453457,10,0.015957725168026564,0.0049193537546212696,True,True,True
v2_basis,measurement-basis robustness and scope,SU2-CNOT-line,8,6.0,gaussian,Z,0.0,128,1,actual_retention,0.030799249887821734,0.030317145253700883,0.03129769547508082,10,0.015918410755965458,0.00015433266681165458,True,True,True
v2_basis,measurement-basis robustness and scope,SU2-CNOT-line,8,6.0,gaussian,Z,0.0,128,1,deff_pairwise,170.29620589553056,169.57255269942317,171.1737450476549,10,0.004701197950393555,0.3197737519475652,True,True,True
v2_basis,measurement-basis robustness and scope,SU2-CNOT-line,8,6.0,gaussian,Z,0.0,128,1,pairwise_purity,0.005872470774432151,0.005842951934788549,0.005898386673357021,10,0.004719882030731055,1.0881947647061428e-05,True,True,True
v2_basis,measurement-basis robustness and scope,SU2-CNOT-line,8,6.0,gaussian,Z,0.0,128,1,sample_covariance_purity,0.01363909209650691,0.01360983758672321,0.01366452917224974,10,0.0020049569699928135,1.0796932431068537e-05,True,True,True
v2_basis,measurement-basis robustness and scope,SU2-CNOT-line,8,6.0,gaussian,Z,0.0,128,1,trC3_u_stat,4.379269718582881e-05,4.2919094180374965e-05,4.461220798617132e-05,10,0.01933100624759238,2.5366037557123536e-07,True,True,True
v2_basis,measurement-basis robustness and scope,SU2-CNOT-line,8,6.0,gaussian,Z,0.0,128,1,Ffull_over_FQ_mean,0.4928858457286823,0.49107811428780324,0.4946597825056006,10,0.0036333648539878804,0.0006200938502619602,True,True,True
v2_basis,measurement-basis robustness and scope,SU2-CNOT-line,8,6.0,gaussian,Z,0.0,128,1,haar_alignment_z,-0.37749299427453764,-0.6925007411087836,-0.05538159168278102,10,0.8438820840243829,0.10149971463256147,True,False,False
v2_basis,measurement-basis robustness and scope,SU2-CNOT-line,8,6.0,gaussian,Z,0.0,128,1,physical_minus_rank_baseline,-0.00057329913178602,-0.0010484215071924793,-7.081895550838284e-05,10,0.8526112263928738,0.0001543326668116355,True,False,False
v2_basis,measurement-basis robustness and scope,SU2-CNOT-line,8,6.0,gaussian,Z,0.0,128,2,enhancement,0.9821978497966877,0.971548578385519,0.9918144729925291,10,0.010316605056305663,0.0039232111526010804,True,True,True
v2_basis,measurement-basis robustness and scope,SU2-CNOT-line,8,6.0,gaussian,Z,0.0,128,2,actual_retention,0.13866322585364999,0.13713507070823827,0.14004763438513898,10,0.010502293088056131,0.000553865103896628,True,True,True
v2_basis,measurement-basis robustness and scope,SU2-CNOT-line,8,6.0,gaussian,Z,0.0,128,2,deff_pairwise,170.29620589553056,169.53389418583453,171.17341982782054,10,0.00481374682825227,0.3197737519475652,True,True,True
v2_basis,measurement-basis robustness and scope,SU2-CNOT-line,8,6.0,gaussian,Z,0.0,128,2,pairwise_purity,0.005872470774432151,0.005842211524265224,0.00589841431031217,10,0.004785275926075673,1.0881947647061428e-05,True,True,True
v2_basis,measurement-basis robustness and scope,SU2-CNOT-line,8,6.0,gaussian,Z,0.0,128,2,sample_covariance_purity,0.01363909209650691,0.013609843730933602,0.01366473723603284,10,0.0020123592065668904,1.0796932431068537e-05,True,True,True
v2_basis,measurement-basis robustness and scope,SU2-CNOT-line,8,6.0,gaussian,Z,0.0,128,2,trC3_u_stat,4.379269718582881e-05,4.2940588253551046e-05,4.4607195059195665e-05,10,0.019028364461916813,2.5366037557123536e-07,True,True,True
v2_basis,measurement-basis robustness and scope,SU2-CNOT-line,8,6.0,gaussian,Z,0.0,128,2,Ffull_over_FQ_mean,0.4928858457286823,0.4910423396603439,0.49463021553434383,10,0.0036396621094846324,0.0006200938502619602,True,True,True
v2_basis,measurement-basis robustness and scope,SU2-CNOT-line,8,6.0,gaussian,Z,0.0,128,2,haar_alignment_z,-0.8278245155023718,-1.3144114554301076,-0.37854322715327265,10,0.565257618463314,0.1820080334676869,True,False,False
v2_basis,measurement-basis robustness and scope,SU2-CNOT-line,8,6.0,gaussian,Z,0.0,128,2,physical_minus_rank_baseline,-0.0025132447345852433,-0.004013930976071432,-0.0011527941486727822,10,0.5692117421009575,0.0005538651038966285,True,False,False
v2_basis,measurement-basis robustness and scope,SU2-CNOT-line,12,6.0,gaussian,RANDOM_LOCAL,0.0,128,1,enhancement,0.9698804133986509,0.9592696396017575,0.9800196834947653,10,0.010697217722077514,0.0031644064642075698,True,True,True
v2_basis,measurement-basis robustness and scope,SU2-CNOT-line,12,6.0,gaussian,RANDOM_LOCAL,0.0,128,1,actual_retention,0.00284214040556378,0.00281138864621822,0.0028723851334420338,10,0.010730730808444009,9.272985975697628e-06,True,True,True
v2_basis,measurement-basis robustness and scope,SU2-CNOT-line,12,6.0,gaussian,RANDOM_LOCAL,0.0,128,1,deff_pairwise,977.7506244983688,964.8857328613245,991.4669218804469,10,0.013593030959586309,4.143322173982028,True,True,True
v2_basis,measurement-basis robustness and scope,SU2-CNOT-line,12,6.0,gaussian,RANDOM_LOCAL,0.0,128,1,pairwise_purity,0.00102325316595131,0.001009264911765259,0.0010367799055985114,10,0.013444861325042646,4.230091629234397e-06,True,True,True
v2_basis,measurement-basis robustness and scope,SU2-CNOT-line,12,6.0,gaussian,RANDOM_LOCAL,0.0,128,1,sample_covariance_purity,0.008827759000592319,0.008813723439487702,0.008841302973002316,10,0.0015620914386518547,4.197044038379769e-06,True,True,True
v2_basis,measurement-basis robustness and scope,SU2-CNOT-line,12,6.0,gaussian,RANDOM_LOCAL,0.0,128,1,trC3_u_stat,1.5211142011681302e-06,1.4583729966067148e-06,1.5905344928725534e-06,10,0.04344233199727739,2.850341057749574e-08,True,True,True
v2_basis,measurement-basis robustness and scope,SU2-CNOT-line,12,6.0,gaussian,RANDOM_LOCAL,0.0,128,1,Ffull_over_FQ_mean,0.4983958444621576,0.49772705905144654,0.49911153698200594,10,0.0013889340630974336,0.0002049937591441786,True,True,True
v2_basis,measurement-basis robustness and scope,SU2-CNOT-line,12,6.0,gaussian,RANDOM_LOCAL,0.0,128,1,haar_alignment_z,-0.7974013111035723,-1.0812067262147054,-0.525961212818418,10,0.3481593933096556,0.08370466451615544,True,False,False
v2_basis,measurement-basis robustness and scope,SU2-CNOT-line,12,6.0,gaussian,RANDOM_LOCAL,0.0,128,1,physical_minus_rank_baseline,-8.826252483909835e-05,-0.00011886023324890847,-5.82354589903641e-05,10,0.34343439851206775,9.272985975700176e-06,True,False,False
v2_basis,measurement-basis robustness and scope,SU2-CNOT-line,12,6.0,gaussian,RANDOM_LOCAL,0.0,128,2,enhancement,0.9857105487691404,0.9778664220103163,0.9917153756392043,10,0.007024858182851587,0.0032351120142098955,True,True,True
v2_basis,measurement-basis robustness and scope,SU2-CNOT-line,12,6.0,gaussian,RANDOM_LOCAL,0.0,128,2,actual_retention,0.01877543902417406,0.018624671744728694,0.01888934055425462,10,0.007048272191802117,6.162118122305174e-05,True,True,True
v2_basis,measurement-basis robustness and scope,SU2-CNOT-line,12,6.0,gaussian,RANDOM_LOCAL,0.0,128,2,deff_pairwise,977.7506244983688,964.3350320143179,991.4845684940515,10,0.013883671254959585,4.143322173982028,True,True,True
v2_basis,measurement-basis robustness and scope,SU2-CNOT-line,12,6.0,gaussian,RANDOM_LOCAL,0.0,128,2,pairwise_purity,0.00102325316595131,0.0010094947447178788,0.001036920701793177,10,0.01340135461481833,4.230091629234397e-06,True,True,True
v2_basis,measurement-basis robustness and scope,SU2-CNOT-line,12,6.0,gaussian,RANDOM_LOCAL,0.0,128,2,sample_covariance_purity,0.008827759000592319,0.00881377744675533,0.00884155977076191,10,0.0015735773940314236,4.197044038379769e-06,True,True,True
v2_basis,measurement-basis robustness and scope,SU2-CNOT-line,12,6.0,gaussian,RANDOM_LOCAL,0.0,128,2,trC3_u_stat,1.5211142011681302e-06,1.4602192993295746e-06,1.5919855015837383e-06,10,0.04331239631875588,2.850341057749574e-08,True,True,True
v2_basis,measurement-basis robustness and scope,SU2-CNOT-line,12,6.0,gaussian,RANDOM_LOCAL,0.0,128,2,Ffull_over_FQ_mean,0.4983958444621576,0.49772673073775187,0.4991167653768965,10,0.0013945086567130815,0.0002049937591441786,True,True,True
v2_basis,measurement-basis robustness and scope,SU2-CNOT-line,12,6.0,gaussian,RANDOM_LOCAL,0.0,128,2,haar_alignment_z,-0.9726267443977579,-1.5106998695108071,-0.5622951837816492,10,0.487548122232852,0.21997473131374756,True,False,False
v2_basis,measurement-basis robustness and scope,SU2-CNOT-line,12,6.0,gaussian,RANDOM_LOCAL,0.0,128,2,physical_minus_rank_baseline,-0.0002721800234449106,-0.0004193355567923735,-0.00015746647875667123,10,0.48105859262060197,6.162118122304326e-05,True,False,False
v2_basis,measurement-basis robustness and scope,SU2-CNOT-line,12,6.0,gaussian,X,0.0,128,1,enhancement,0.9688249542564549,0.9510293373200882,0.9850120258324887,10,0.017538095175552753,0.005877183012506393,True,True,True
v2_basis,measurement-basis robustness and scope,SU2-CNOT-line,12,6.0,gaussian,X,0.0,128,1,actual_retention,0.00283904748500056,0.002786544768042699,0.0028860443764555173,10,0.01752341391584696,1.7222514322362374e-05,True,True,True
v2_basis,measurement-basis robustness and scope,SU2-CNOT-line,12,6.0,gaussian,X,0.0,128,1,deff_pairwise,977.0676779009249,964.4260460138883,989.5506199352825,10,0.012857130826070519,4.129090276068723,True,True,True
v2_basis,measurement-basis robustness and scope,SU2-CNOT-line,12,6.0,gaussian,X,0.0,128,1,pairwise_purity,0.00102392044245224,0.0010105763456430958,0.0010367249889671809,10,0.012768884299965914,4.216699464804465e-06,True,True,True
v2_basis,measurement-basis robustness and scope,SU2-CNOT-line,12,6.0,gaussian,X,0.0,128,1,sample_covariance_purity,0.00882842106399556,0.008814855900063154,0.00884132769092941,10,0.001499236991210958,4.18375650024054e-06,True,True,True
v2_basis,measurement-basis robustness and scope,SU2-CNOT-line,12,6.0,gaussian,X,0.0,128,1,trC3_u_stat,1.5162792942031749e-06,1.4518464217950064e-06,1.5911168618057398e-06,10,0.045925061610737714,2.98126227210988e-08,True,True,True
v2_basis,measurement-basis robustness and scope,SU2-CNOT-line,12,6.0,gaussian,X,0.0,128,1,Ffull_over_FQ_mean,0.49698044821544685,0.49648757632753465,0.4974771189496836,10,0.0009955548811851598,0.00014815615227209422,True,True,True
v2_basis,measurement-basis robustness and scope,SU2-CNOT-line,12,6.0,gaussian,X,0.0,128,1,haar_alignment_z,-0.8254493552621669,-1.3010289553407923,-0.39855286857636935,10,0.5466574545192976,0.1557438737314527,True,False,False
v2_basis,measurement-basis robustness and scope,SU2-CNOT-line,12,6.0,gaussian,X,0.0,128,1,physical_minus_rank_baseline,-9.135544540230345e-05,-0.00014348545652091135,-4.399231537433886e-05,10,0.5445386463195102,1.7222514322355164e-05,True,False,False
v2_basis,measurement-basis robustness and scope,SU2-CNOT-line,12,6.0,gaussian,X,0.0,128,2,enhancement,0.9797141988184365,0.9724209650713534,0.986081164840037,10,0.006971522809998158,0.0026018380282145648,True,True,True
v2_basis,measurement-basis robustness and scope,SU2-CNOT-line,12,6.0,gaussian,X,0.0,128,2,actual_retention,0.01866122283463685,0.018525305489713005,0.0187844513503304,10,0.00694343192066702,4.9558819585040353e-05,True,True,True
v2_basis,measurement-basis robustness and scope,SU2-CNOT-line,12,6.0,gaussian,X,0.0,128,2,deff_pairwise,977.0676779009249,964.6400276549309,989.8527231961813,10,0.012902225767725648,4.129090276068723,True,True,True
v2_basis,measurement-basis robustness and scope,SU2-CNOT-line,12,6.0,gaussian,X,0.0,128,2,pairwise_purity,0.00102392044245224,0.0010106833593881378,0.0010368176723076997,10,0.012761886488451932,4.216699464804465e-06,True,True,True
v2_basis,measurement-basis robustness and scope,SU2-CNOT-line,12,6.0,gaussian,X,0.0,128,2,sample_covariance_purity,0.00882842106399556,0.008815062210765763,0.008841081733771065,10,0.0014736226793382436,4.18375650024054e-06,True,True,True
v2_basis,measurement-basis robustness and scope,SU2-CNOT-line,12,6.0,gaussian,X,0.0,128,2,trC3_u_stat,1.5162792942031749e-06,1.4516374742770846e-06,1.589191544035945e-06,10,0.04535908070654847,2.98126227210988e-08,True,True,True
v2_basis,measurement-basis robustness and scope,SU2-CNOT-line,12,6.0,gaussian,X,0.0,128,2,Ffull_over_FQ_mean,0.49698044821544685,0.49647533334462224,0.49748206995474265,10,0.0010128533363187506,0.00014815615227209422,True,True,True
v2_basis,measurement-basis robustness and scope,SU2-CNOT-line,12,6.0,gaussian,X,0.0,128,2,haar_alignment_z,-1.3808239928879487,-1.866987193161666,-0.9457980566925566,10,0.33356500944862355,0.17674014845111463,True,False,False
v2_basis,measurement-basis robustness and scope,SU2-CNOT-line,12,6.0,gaussian,X,0.0,128,2,physical_minus_rank_baseline,-0.00038639621298213,-0.0005261551493406852,-0.00026490765170336997,10,0.3380564933867472,4.955881958504111e-05,True,False,False
v2_basis,measurement-basis robustness and scope,SU2-CNOT-line,12,6.0,gaussian,Y,0.0,128,1,enhancement,0.9587055157907403,0.9385891518175958,0.978438413814127,10,0.020782847986257538,0.006949525801809964,True,True,True
v2_basis,measurement-basis robustness and scope,SU2-CNOT-line,12,6.0,gaussian,Y,0.0,128,1,actual_retention,0.0028093934528665896,0.0027505356009913944,0.0028691963331498598,10,0.021118567788607337,2.0364910774532327e-05,True,True,True
v2_basis,measurement-basis robustness and scope,SU2-CNOT-line,12,6.0,gaussian,Y,0.0,128,1,deff_pairwise,980.330546745157,964.676097976221,997.043906683688,10,0.016508619880780492,4.691111523639279,True,True,True
v2_basis,measurement-basis robustness and scope,SU2-CNOT-line,12,6.0,gaussian,Y,0.0,128,1,pairwise_purity,0.0010207667254676402,0.0010036709194274703,0.001036791809612557,10,0.016223535387045997,4.7577736970822945e-06,True,True,True
v2_basis,measurement-basis robustness and scope,SU2-CNOT-line,12,6.0,gaussian,Y,0.0,128,1,sample_covariance_purity,0.008825291985424968,0.008807921829596456,0.008841282292002123,10,0.0018900486499915387,4.720603590075215e-06,True,True,True
v2_basis,measurement-basis robustness and scope,SU2-CNOT-line,12,6.0,gaussian,Y,0.0,128,1,trC3_u_stat,1.5451175349100811e-06,1.474471739949474e-06,1.621445778761149e-06,10,0.04756079569708208,2.4521164439427615e-08,True,True,True
v2_basis,measurement-basis robustness and scope,SU2-CNOT-line,12,6.0,gaussian,Y,0.0,128,1,Ffull_over_FQ_mean,0.49924913394699927,0.4989372783792729,0.49958144486143813,10,0.0006451353025618258,0.00011997133738261834,True,True,True
v2_basis,measurement-basis robustness and scope,SU2-CNOT-line,12,6.0,gaussian,Y,0.0,128,1,haar_alignment_z,-1.093713853042789,-1.6239043174078915,-0.5785926703859227,10,0.4778725459652166,0.18375298598089795,True,False,False
v2_basis,measurement-basis robustness and scope,SU2-CNOT-line,12,6.0,gaussian,Y,0.0,128,1,physical_minus_rank_baseline,-0.00012100947753625318,-0.000183238679226374,-6.215277507128147e-05,10,0.5003157877399167,2.0364910774538534e-05,True,False,False
v2_basis,measurement-basis robustness and scope,SU2-CNOT-line,12,6.0,gaussian,Y,0.0,128,2,enhancement,0.9790554943516552,0.9713089785233506,0.9864612502004575,10,0.007738208796397655,0.0026215000880535078,True,True,True
v2_basis,measurement-basis robustness and scope,SU2-CNOT-line,12,6.0,gaussian,Y,0.0,128,2,actual_retention,0.01864867608288862,0.018500058285078107,0.0187918689956802,10,0.007823898846895891,4.993333501053521e-05,True,True,True
v2_basis,measurement-basis robustness and scope,SU2-CNOT-line,12,6.0,gaussian,Y,0.0,128,2,deff_pairwise,980.330546745157,965.3215269003492,996.5187824883229,10,0.01591160027174162,4.691111523639279,True,True,True
v2_basis,measurement-basis robustness and scope,SU2-CNOT-line,12,6.0,gaussian,Y,0.0,128,2,pairwise_purity,0.0010207667254676402,0.0010037440749856622,0.0010364694716123947,10,0.016029811616233923,4.7577736970822945e-06,True,True,True
v2_basis,measurement-basis robustness and scope,SU2-CNOT-line,12,6.0,gaussian,Y,0.0,128,2,sample_covariance_purity,0.008825291985424968,0.008808416156903682,0.008840846477889713,10,0.0018373511629751185,4.720603590075215e-06,True,True,True
v2_basis,measurement-basis robustness and scope,SU2-CNOT-line,12,6.0,gaussian,Y,0.0,128,2,trC3_u_stat,1.5451175349100811e-06,1.4735711114904267e-06,1.6213925460467726e-06,10,0.047835012941248034,2.4521164439427615e-08,True,True,True
v2_basis,measurement-basis robustness and scope,SU2-CNOT-line,12,6.0,gaussian,Y,0.0,128,2,Ffull_over_FQ_mean,0.49924913394699927,0.49893621095672674,0.49958679570937914,10,0.0006515632260680708,0.00011997133738261834,True,True,True
v2_basis,measurement-basis robustness and scope,SU2-CNOT-line,12,6.0,gaussian,Y,0.0,128,2,haar_alignment_z,-1.4252337301921603,-1.9473818300457564,-0.920773848892149,10,0.36015425379218075,0.17819439504638135,True,False,False
v2_basis,measurement-basis robustness and scope,SU2-CNOT-line,12,6.0,gaussian,Y,0.0,128,2,physical_minus_rank_baseline,-0.0003989429647303413,-0.0005470819634165895,-0.000256945014908446,10,0.36363211556350744,4.9933335010539815e-05,True,False,False
v2_basis,measurement-basis robustness and scope,SU2-CNOT-line,12,6.0,gaussian,Z,0.0,128,1,enhancement,0.9990433753058312,0.983928404938599,1.0129602821244201,10,0.014529838194930107,0.005038353891482439,True,True,True
v2_basis,measurement-basis robustness and scope,SU2-CNOT-line,12,6.0,gaussian,Z,0.0,128,1,actual_retention,0.00292759963459579,0.002882117761588197,0.0029692265502466644,10,0.014877168932030956,1.4764407008010204e-05,True,True,True
v2_basis,measurement-basis robustness and scope,SU2-CNOT-line,12,6.0,gaussian,Z,0.0,128,1,deff_pairwise,974.6891599818607,957.4558802283427,993.0092682359121,10,0.01823832123475708,5.398490265729606,True,True,True
v2_basis,measurement-basis robustness and scope,SU2-CNOT-line,12,6.0,gaussian,Z,0.0,128,1,pairwise_purity,0.00102684772126373,0.001008026663526728,0.0010448590878107083,10,0.01793470615031954,5.5104293491588935e-06,True,True,True
v2_basis,measurement-basis robustness and scope,SU2-CNOT-line,12,6.0,gaussian,Z,0.0,128,1,sample_covariance_purity,0.00883132547344134,0.008812748867545466,0.008848953618412668,10,0.0020497914484117323,5.467379119871232e-06,True,True,True
v2_basis,measurement-basis robustness and scope,SU2-CNOT-line,12,6.0,gaussian,Z,0.0,128,1,trC3_u_stat,1.537328050581527e-06,1.4486526037100526e-06,1.628593506056741e-06,10,0.05852391175670732,3.089039193506992e-08,True,True,True
v2_basis,measurement-basis robustness and scope,SU2-CNOT-line,12,6.0,gaussian,Z,0.0,128,1,Ffull_over_FQ_mean,0.49491389815887876,0.4945369277735699,0.4953207583885317,10,0.0007918858390092749,0.00011499424959671156,True,True,True
v2_basis,measurement-basis robustness and scope,SU2-CNOT-line,12,6.0,gaussian,Z,0.0,128,1,haar_alignment_z,-0.025056475374156707,-0.4268098861820616,0.35325803767451724,10,15.566194211440095,0.13329269721468118,True,False,False
v2_basis,measurement-basis robustness and scope,SU2-CNOT-line,12,6.0,gaussian,Z,0.0,128,1,physical_minus_rank_baseline,-2.803295807086855e-06,-4.701513252397668e-05,3.9148321899411964e-05,10,15.368241590053332,1.4764407008001459e-05,True,False,False
v2_basis,measurement-basis robustness and scope,SU2-CNOT-line,12,6.0,gaussian,Z,0.0,128,2,enhancement,0.9878034284215514,0.9789512668914728,0.9957103679402893,10,0.008483014214476108,0.0030869893530155457,True,True,True
v2_basis,measurement-basis robustness and scope,SU2-CNOT-line,12,6.0,gaussian,Z,0.0,128,2,actual_retention,0.01881530339850569,0.01864763543891783,0.01896753750231346,10,0.008501113604711777,5.879979720030057e-05,True,True,True
v2_basis,measurement-basis robustness and scope,SU2-CNOT-line,12,6.0,gaussian,Z,0.0,128,2,deff_pairwise,974.6891599818607,957.1303302363152,992.3553682404445,10,0.018069882917742107,5.398490265729606,True,True,True
v2_basis,measurement-basis robustness and scope,SU2-CNOT-line,12,6.0,gaussian,Z,0.0,128,2,pairwise_purity,0.00102684772126373,0.0010081591655156878,0.0010452498192130976,10,0.01806044505399631,5.5104293491588935e-06,True,True,True
v2_basis,measurement-basis robustness and scope,SU2-CNOT-line,12,6.0,gaussian,Z,0.0,128,2,sample_covariance_purity,0.00883132547344134,0.008812309857123784,0.008849143478368293,10,0.00208539597794689,5.467379119871232e-06,True,True,True
v2_basis,measurement-basis robustness and scope,SU2-CNOT-line,12,6.0,gaussian,Z,0.0,128,2,trC3_u_stat,1.537328050581527e-06,1.449250190729992e-06,1.6291091057723141e-06,10,0.05849724623650972,3.089039193506992e-08,True,True,True
v2_basis,measurement-basis robustness and scope,SU2-CNOT-line,12,6.0,gaussian,Z,0.0,128,2,Ffull_over_FQ_mean,0.49491389815887876,0.4945243979114764,0.4953207587950914,10,0.0008045448779853827,0.00011499424959671156,True,True,True
v2_basis,measurement-basis robustness and scope,SU2-CNOT-line,12,6.0,gaussian,Z,0.0,128,2,haar_alignment_z,-0.8304411669168985,-1.4277663134432044,-0.28417961754933263,10,0.6885416700496434,0.20962736856628994,True,False,False
v2_basis,measurement-basis robustness and scope,SU2-CNOT-line,12,6.0,gaussian,Z,0.0,128,2,physical_minus_rank_baseline,-0.00023231564911327523,-0.00039913331032595924,-8.223009520516218e-05,10,0.6820530952830423,5.879979720029165e-05,True,False,False
v2_basis,measurement-basis robustness and scope,SU2-HaarU4-brickwork,8,6.0,gaussian,RANDOM_LOCAL,0.0,128,1,enhancement,0.9247150694243886,0.9093263346627926,0.9402380978660647,10,0.016714209720035133,0.0041078894228750995,True,True,True
v2_basis,measurement-basis robustness and scope,SU2-HaarU4-brickwork,8,6.0,gaussian,RANDOM_LOCAL,0.0,128,1,actual_retention,0.02901066884468665,0.028536283787057366,0.029510225599512597,10,0.016785924820785534,0.00012887496228628642,True,True,True
v2_basis,measurement-basis robustness and scope,SU2-HaarU4-brickwork,8,6.0,gaussian,RANDOM_LOCAL,0.0,128,1,deff_pairwise,133.31296329138698,131.85301948814106,134.93325932438614,10,0.01155266434784925,0.6000517412794011,True,True,True
v2_basis,measurement-basis robustness and scope,SU2-HaarU4-brickwork,8,6.0,gaussian,RANDOM_LOCAL,0.0,128,1,pairwise_purity,0.007503739977256181,0.007417127574600536,0.007588683527264502,10,0.011431363105861283,3.2736958808430444e-05,True,True,True
v2_basis,measurement-basis robustness and scope,SU2-HaarU4-brickwork,8,6.0,gaussian,RANDOM_LOCAL,0.0,128,1,sample_covariance_purity,0.01525761700868387,0.015170900050372214,0.015341437907218853,10,0.005588613764180124,3.248120131774286e-05,True,True,True
v2_basis,measurement-basis robustness and scope,SU2-HaarU4-brickwork,8,6.0,gaussian,RANDOM_LOCAL,0.0,128,1,trC3_u_stat,7.794523533769498e-05,7.478774751741873e-05,8.095460884146563e-05,10,0.03955893710070403,1.105974073411893e-06,True,True,True
v2_basis,measurement-basis robustness and scope,SU2-HaarU4-brickwork,8,6.0,gaussian,RANDOM_LOCAL,0.0,128,1,Ffull_over_FQ_mean,0.4930342894481128,0.4913289774482201,0.4943686786058848,10,0.0030826468084676336,0.0006965073396013599,True,True,True
v2_basis,measurement-basis robustness and scope,SU2-HaarU4-brickwork,8,6.0,gaussian,RANDOM_LOCAL,0.0,128,1,haar_alignment_z,-1.4403532563446533,-1.7290424861953735,-1.137713419118379,10,0.205272235985246,0.07889126131006696,True,False,False
v2_basis,measurement-basis robustness and scope,SU2-HaarU4-brickwork,8,6.0,gaussian,RANDOM_LOCAL,0.0,128,1,physical_minus_rank_baseline,-0.0023618801749211004,-0.0028383944095650565,-0.0018736092454097546,10,0.2042409209407778,0.00012887496228627775,True,False,False
v2_basis,measurement-basis robustness and scope,SU2-HaarU4-brickwork,8,6.0,gaussian,RANDOM_LOCAL,0.0,128,2,enhancement,0.9776361954530465,0.9649440495382788,0.9900199051864355,10,0.012824737752542097,0.0037148276589944462,True,True,True
v2_basis,measurement-basis robustness and scope,SU2-HaarU4-brickwork,8,6.0,gaussian,RANDOM_LOCAL,0.0,128,2,actual_retention,0.13801922759337124,0.13626205581687806,0.13975381766959508,10,0.012649548594071105,0.0005244462577403963,True,True,True
v2_basis,measurement-basis robustness and scope,SU2-HaarU4-brickwork,8,6.0,gaussian,RANDOM_LOCAL,0.0,128,2,deff_pairwise,133.31296329138698,131.82267630476426,134.93284620335388,10,0.011664919231416403,0.6000517412794011,True,True,True
v2_basis,measurement-basis robustness and scope,SU2-HaarU4-brickwork,8,6.0,gaussian,RANDOM_LOCAL,0.0,128,2,pairwise_purity,0.007503739977256181,0.007415518266250968,0.007589235758983272,10,0.01157539395413763,3.2736958808430444e-05,True,True,True
v2_basis,measurement-basis robustness and scope,SU2-HaarU4-brickwork,8,6.0,gaussian,RANDOM_LOCAL,0.0,128,2,sample_covariance_purity,0.01525761700868387,0.01517085736562815,0.0153411280772954,10,0.005579859278494801,3.248120131774286e-05,True,True,True
v2_basis,measurement-basis robustness and scope,SU2-HaarU4-brickwork,8,6.0,gaussian,RANDOM_LOCAL,0.0,128,2,trC3_u_stat,7.794523533769498e-05,7.484311849848837e-05,8.091743249441953e-05,10,0.038965268175882826,1.105974073411893e-06,True,True,True
v2_basis,measurement-basis robustness and scope,SU2-HaarU4-brickwork,8,6.0,gaussian,RANDOM_LOCAL,0.0,128,2,Ffull_over_FQ_mean,0.4930342894481128,0.4913804108166073,0.4943753586841529,10,0.0030372612327816107,0.0006965073396013599,True,True,True
v2_basis,measurement-basis robustness and scope,SU2-HaarU4-brickwork,8,6.0,gaussian,RANDOM_LOCAL,0.0,128,2,haar_alignment_z,-0.9651700635428299,-1.5028908364711102,-0.4275398958239314,10,0.5570784783253172,0.1610525675116914,True,False,False
v2_basis,measurement-basis robustness and scope,SU2-HaarU4-brickwork,8,6.0,gaussian,RANDOM_LOCAL,0.0,128,2,physical_minus_rank_baseline,-0.0031572429948639796,-0.004986560491325488,-0.001418067750580973,10,0.5651279845342175,0.0005244462577403907,True,False,False
v2_basis,measurement-basis robustness and scope,SU2-HaarU4-brickwork,8,6.0,gaussian,X,0.0,128,1,enhancement,0.9352547040186254,0.8986144275026171,0.9679960231884881,10,0.03709235323155844,0.012122704737346113,True,True,True
v2_basis,measurement-basis robustness and scope,SU2-HaarU4-brickwork,8,6.0,gaussian,X,0.0,128,1,actual_retention,0.029341324047643096,0.028190548576271016,0.03039224896805085,10,0.037518763437614726,0.0003803201486226211,True,True,True
v2_basis,measurement-basis robustness and scope,SU2-HaarU4-brickwork,8,6.0,gaussian,X,0.0,128,1,deff_pairwise,133.527334134388,130.99161464680293,136.12791656474914,10,0.019233147846630428,0.8754361705504436,True,True,True
v2_basis,measurement-basis robustness and scope,SU2-HaarU4-brickwork,8,6.0,gaussian,X,0.0,128,1,pairwise_purity,0.007496253445211281,0.007352708915433438,0.007637921597410197,10,0.01902368190065379,4.715896937353137e-05,True,True,True
v2_basis,measurement-basis robustness and scope,SU2-HaarU4-brickwork,8,6.0,gaussian,X,0.0,128,1,sample_covariance_purity,0.015250188965170561,0.015105735524315678,0.01538971053528496,10,0.009310540728965503,4.679053992530553e-05,True,True,True
v2_basis,measurement-basis robustness and scope,SU2-HaarU4-brickwork,8,6.0,gaussian,X,0.0,128,1,trC3_u_stat,7.845710326138582e-05,7.410787890091574e-05,8.279864642809152e-05,10,0.05538547286293394,1.2793621214536176e-06,True,True,True
v2_basis,measurement-basis robustness and scope,SU2-HaarU4-brickwork,8,6.0,gaussian,X,0.0,128,1,Ffull_over_FQ_mean,0.49201207029351135,0.48900334214935837,0.494607121285809,10,0.005694757786234499,0.0009837867745202122,True,True,True
v2_basis,measurement-basis robustness and scope,SU2-HaarU4-brickwork,8,6.0,gaussian,X,0.0,128,1,haar_alignment_z,-1.2355888985842094,-1.9330880138894015,-0.6115315902152195,10,0.5347880776480259,0.23114964880731836,True,False,False
v2_basis,measurement-basis robustness and scope,SU2-HaarU4-brickwork,8,6.0,gaussian,X,0.0,128,1,physical_minus_rank_baseline,-0.0020312249719646397,-0.003183739885994115,-0.0009910314324335704,10,0.5397502698678707,0.00038032014862261765,True,False,False
v2_basis,measurement-basis robustness and scope,SU2-HaarU4-brickwork,8,6.0,gaussian,X,0.0,128,2,enhancement,0.9611056211896081,0.9447699559585323,0.9798041024106163,10,0.018225960643493338,0.005063445484431384,True,True,True
v2_basis,measurement-basis robustness and scope,SU2-HaarU4-brickwork,8,6.0,gaussian,X,0.0,128,2,actual_retention,0.13568549946206226,0.13339773035701655,0.13822414582076717,10,0.01778530308281059,0.000714839362507963,True,True,True
v2_basis,measurement-basis robustness and scope,SU2-HaarU4-brickwork,8,6.0,gaussian,X,0.0,128,2,deff_pairwise,133.527334134388,131.0234039142963,136.17650738444107,10,0.019296062126719506,0.8754361705504436,True,True,True
v2_basis,measurement-basis robustness and scope,SU2-HaarU4-brickwork,8,6.0,gaussian,X,0.0,128,2,pairwise_purity,0.007496253445211281,0.00735276893986401,0.00763747967781398,10,0.018990202241084005,4.715896937353137e-05,True,True,True
v2_basis,measurement-basis robustness and scope,SU2-HaarU4-brickwork,8,6.0,gaussian,X,0.0,128,2,sample_covariance_purity,0.015250188965170561,0.015106654788009644,0.01538981115618513,10,0.009283700314211793,4.679053992530553e-05,True,True,True
v2_basis,measurement-basis robustness and scope,SU2-HaarU4-brickwork,8,6.0,gaussian,X,0.0,128,2,trC3_u_stat,7.845710326138582e-05,7.412125013701865e-05,8.282455857149072e-05,10,0.05546539492718928,1.2793621214536176e-06,True,True,True
v2_basis,measurement-basis robustness and scope,SU2-HaarU4-brickwork,8,6.0,gaussian,X,0.0,128,2,Ffull_over_FQ_mean,0.49201207029351135,0.4889988976090684,0.4946248168330026,10,0.005717257323156751,0.0009837867745202122,True,True,True
v2_basis,measurement-basis robustness and scope,SU2-HaarU4-brickwork,8,6.0,gaussian,X,0.0,128,2,haar_alignment_z,-1.6729399952466033,-2.362383151619594,-0.8830854536735363,10,0.4421251515742496,0.2179613590902627,True,False,False
v2_basis,measurement-basis robustness and scope,SU2-HaarU4-brickwork,8,6.0,gaussian,X,0.0,128,2,physical_minus_rank_baseline,-0.00549097112617295,-0.00776555463447757,-0.0029116139267932563,10,0.4419929185702504,0.0007148393625079612,True,False,False
v2_basis,measurement-basis robustness and scope,SU2-HaarU4-brickwork,8,6.0,gaussian,Y,0.0,128,1,enhancement,0.9374921893468715,0.9093834421016904,0.9658857539065681,10,0.03013481736004726,0.009856991365770118,True,True,True
v2_basis,measurement-basis robustness and scope,SU2-HaarU4-brickwork,8,6.0,gaussian,Y,0.0,128,1,actual_retention,0.029411519665784164,0.02853709724573572,0.030307860313707007,10,0.030103222956399976,0.0003092389448084744,True,True,True
v2_basis,measurement-basis robustness and scope,SU2-HaarU4-brickwork,8,6.0,gaussian,Y,0.0,128,1,deff_pairwise,134.14326573107058,132.00907023610955,136.57107177844082,10,0.01700421380629401,0.9150879097788334,True,True,True
v2_basis,measurement-basis robustness and scope,SU2-HaarU4-brickwork,8,6.0,gaussian,Y,0.0,128,1,pairwise_purity,0.007460297238904251,0.0073296999546717725,0.00757566743087758,10,0.0164850989396995,4.853248516626177e-05,True,True,True
v2_basis,measurement-basis robustness and scope,SU2-HaarU4-brickwork,8,6.0,gaussian,Y,0.0,128,1,sample_covariance_purity,0.01521451366672529,0.015080434718690926,0.015328342761901542,10,0.00814709062152935,4.815332512589886e-05,True,True,True
v2_basis,measurement-basis robustness and scope,SU2-HaarU4-brickwork,8,6.0,gaussian,Y,0.0,128,1,trC3_u_stat,7.742133134213068e-05,7.376827355600452e-05,8.062459447866831e-05,10,0.04427927551623459,1.3835107904401606e-06,True,True,True
v2_basis,measurement-basis robustness and scope,SU2-HaarU4-brickwork,8,6.0,gaussian,Y,0.0,128,1,Ffull_over_FQ_mean,0.49224164486354666,0.49055807590054007,0.494067234007862,10,0.0035644669076046057,0.0006964461971440961,True,True,True
v2_basis,measurement-basis robustness and scope,SU2-HaarU4-brickwork,8,6.0,gaussian,Y,0.0,128,1,haar_alignment_z,-1.2016350704420524,-1.7309073465334106,-0.6516543238861315,10,0.44907686584507234,0.18919842175630408,True,False,False
v2_basis,measurement-basis robustness and scope,SU2-HaarU4-brickwork,8,6.0,gaussian,Y,0.0,128,1,physical_minus_rank_baseline,-0.0019610293538235997,-0.0028226892657510876,-0.001049844747053203,10,0.45201886326719337,0.000309238944808467,True,False,False
v2_basis,measurement-basis robustness and scope,SU2-HaarU4-brickwork,8,6.0,gaussian,Y,0.0,128,2,enhancement,0.9731099544683899,0.9589240153421971,0.9874477078355667,10,0.014655945282643888,0.0033582708141760564,True,True,True
v2_basis,measurement-basis robustness and scope,SU2-HaarU4-brickwork,8,6.0,gaussian,Y,0.0,128,2,actual_retention,0.1373802288661256,0.1354280905075159,0.13939965688212502,10,0.0144546504522108,0.00047410882082488115,True,True,True
v2_basis,measurement-basis robustness and scope,SU2-HaarU4-brickwork,8,6.0,gaussian,Y,0.0,128,2,deff_pairwise,134.14326573107058,131.98336971853996,136.55054262204635,10,0.01702348932171751,0.9150879097788334,True,True,True
v2_basis,measurement-basis robustness and scope,SU2-HaarU4-brickwork,8,6.0,gaussian,Y,0.0,128,2,pairwise_purity,0.007460297238904251,0.007326017514326669,0.007577831901811242,10,0.0168769674599158,4.853248516626177e-05,True,True,True
v2_basis,measurement-basis robustness and scope,SU2-HaarU4-brickwork,8,6.0,gaussian,Y,0.0,128,2,sample_covariance_purity,0.01521451366672529,0.015084676127353267,0.01533024149505884,10,0.008070102439180644,4.815332512589886e-05,True,True,True
v2_basis,measurement-basis robustness and scope,SU2-HaarU4-brickwork,8,6.0,gaussian,Y,0.0,128,2,trC3_u_stat,7.742133134213068e-05,7.368224878822493e-05,8.055470440422809e-05,10,0.044383476083828005,1.3835107904401606e-06,True,True,True
v2_basis,measurement-basis robustness and scope,SU2-HaarU4-brickwork,8,6.0,gaussian,Y,0.0,128,2,Ffull_over_FQ_mean,0.49224164486354666,0.4906002833104091,0.49412317144867807,10,0.003578413341322966,0.0006964461971440961,True,True,True
v2_basis,measurement-basis robustness and scope,SU2-HaarU4-brickwork,8,6.0,gaussian,Y,0.0,128,2,haar_alignment_z,-1.1644096475533479,-1.7947674950762422,-0.5438091692016,10,0.5371641880944348,0.14525503887003266,True,False,False
v2_basis,measurement-basis robustness and scope,SU2-HaarU4-brickwork,8,6.0,gaussian,Y,0.0,128,2,physical_minus_rank_baseline,-0.003796241722109659,-0.005804802767451057,-0.0017614328154425428,10,0.5325490640466277,0.0004741088208248508,True,False,False
v2_basis,measurement-basis robustness and scope,SU2-HaarU4-brickwork,8,6.0,gaussian,Z,0.0,128,1,enhancement,0.9521878508940768,0.935991047803277,0.970165462410302,10,0.01794520617698293,0.006232772327125491,True,True,True
v2_basis,measurement-basis robustness and scope,SU2-HaarU4-brickwork,8,6.0,gaussian,Z,0.0,128,1,actual_retention,0.029872560028049427,0.029356030814619783,0.030442254766814197,10,0.018180965259999193,0.00019553795536079652,True,True,True
v2_basis,measurement-basis robustness and scope,SU2-HaarU4-brickwork,8,6.0,gaussian,Z,0.0,128,1,deff_pairwise,133.73018374181478,132.00537094463323,135.62607657294654,10,0.01353735382321618,0.6540891572098815,True,True,True
v2_basis,measurement-basis robustness and scope,SU2-HaarU4-brickwork,8,6.0,gaussian,Z,0.0,128,1,pairwise_purity,0.0074813254386336,0.007376294048532402,0.007578329304736421,10,0.013502637858841671,3.543035161569959e-05,True,True,True
v2_basis,measurement-basis robustness and scope,SU2-HaarU4-brickwork,8,6.0,gaussian,Z,0.0,128,1,sample_covariance_purity,0.01523537758364427,0.015133171012364423,0.01533135536869262,10,0.006504084169891357,3.515355199370726e-05,True,True,True
v2_basis,measurement-basis robustness and scope,SU2-HaarU4-brickwork,8,6.0,gaussian,Z,0.0,128,1,trC3_u_stat,7.781980187381604e-05,7.48813190655612e-05,8.059264481793027e-05,10,0.0366958384295935,9.140047936024166e-07,True,True,True
v2_basis,measurement-basis robustness and scope,SU2-HaarU4-brickwork,8,6.0,gaussian,Z,0.0,128,1,Ffull_over_FQ_mean,0.49275280927036463,0.490629817474737,0.4950384299076763,10,0.0044734523578539385,0.000696805964353453,True,True,True
v2_basis,measurement-basis robustness and scope,SU2-HaarU4-brickwork,8,6.0,gaussian,Z,0.0,128,1,haar_alignment_z,-0.9164828268225707,-1.2228263481646733,-0.5690454536518537,10,0.35667929358778394,0.11929565607978576,True,False,False
v2_basis,measurement-basis robustness and scope,SU2-HaarU4-brickwork,8,6.0,gaussian,Z,0.0,128,1,physical_minus_rank_baseline,-0.00149998899155833,-0.002014327636470304,-0.0009387056373330285,10,0.35854329771441124,0.00019553795536079218,True,False,False
v2_basis,measurement-basis robustness and scope,SU2-HaarU4-brickwork,8,6.0,gaussian,Z,0.0,128,2,enhancement,0.9778829738872563,0.9661308852235739,0.9902530771137359,10,0.0123338847972125,0.0037726296997306896,True,True,True
v2_basis,measurement-basis robustness and scope,SU2-HaarU4-brickwork,8,6.0,gaussian,Z,0.0,128,2,actual_retention,0.13805406690173022,0.1363713089790633,0.13979451849604874,10,0.01239807560114165,0.0005326065458443052,True,True,True
v2_basis,measurement-basis robustness and scope,SU2-HaarU4-brickwork,8,6.0,gaussian,Z,0.0,128,2,deff_pairwise,133.73018374181478,132.00829455338678,135.6274612719986,10,0.013531600037277876,0.6540891572098815,True,True,True
v2_basis,measurement-basis robustness and scope,SU2-HaarU4-brickwork,8,6.0,gaussian,Z,0.0,128,2,pairwise_purity,0.0074813254386336,0.007375485895815864,0.007577535624205247,10,0.01350360507952221,3.543035161569959e-05,True,True,True
v2_basis,measurement-basis robustness and scope,SU2-HaarU4-brickwork,8,6.0,gaussian,Z,0.0,128,2,sample_covariance_purity,0.01523537758364427,0.015132059980720139,0.015329572567097624,10,0.006482037786497726,3.515355199370726e-05,True,True,True
v2_basis,measurement-basis robustness and scope,SU2-HaarU4-brickwork,8,6.0,gaussian,Z,0.0,128,2,trC3_u_stat,7.781980187381604e-05,7.490784535544619e-05,8.054603237082424e-05,10,0.03622591473902948,9.140047936024166e-07,True,True,True
v2_basis,measurement-basis robustness and scope,SU2-HaarU4-brickwork,8,6.0,gaussian,Z,0.0,128,2,Ffull_over_FQ_mean,0.49275280927036463,0.4906531167084457,0.4950703976316545,10,0.004482248340450483,0.000696805964353453,True,True,True
v2_basis,measurement-basis robustness and scope,SU2-HaarU4-brickwork,8,6.0,gaussian,Z,0.0,128,2,haar_alignment_z,-0.9571692853724629,-1.468355866347731,-0.4356884034963249,10,0.5394382574914972,0.16297976572568906,True,False,False
v2_basis,measurement-basis robustness and scope,SU2-HaarU4-brickwork,8,6.0,gaussian,Z,0.0,128,2,physical_minus_rank_baseline,-0.00312240368650497,-0.004748059714098829,-0.0014084497031258527,10,0.5347819094319501,0.0005326065458443078,True,False,False
v2_basis,measurement-basis robustness and scope,SU2-HaarU4-brickwork,12,6.0,gaussian,RANDOM_LOCAL,0.0,128,1,enhancement,0.9151225261495046,0.8951139426138603,0.9335214724331686,10,0.020984911157696493,0.005191100757843348,True,True,True
v2_basis,measurement-basis robustness and scope,SU2-HaarU4-brickwork,12,6.0,gaussian,RANDOM_LOCAL,0.0,128,1,actual_retention,0.0026816777323062,0.002625127673040313,0.00273491828457847,10,0.020470508110558644,1.5212016872800157e-05,True,True,True
v2_basis,measurement-basis robustness and scope,SU2-HaarU4-brickwork,12,6.0,gaussian,RANDOM_LOCAL,0.0,128,1,deff_pairwise,616.075479038264,608.899701820389,623.9855528794698,10,0.012243508768301213,2.985567344884771,True,True,True
v2_basis,measurement-basis robustness and scope,SU2-HaarU4-brickwork,12,6.0,gaussian,RANDOM_LOCAL,0.0,128,1,pairwise_purity,0.00162379042311494,0.0016036085799856264,0.001642307145992266,10,0.011916120903214698,7.605427401460082e-06,True,True,True
v2_basis,measurement-basis robustness and scope,SU2-HaarU4-brickwork,12,6.0,gaussian,RANDOM_LOCAL,0.0,128,1,sample_covariance_purity,0.00942360456043434,0.00940354332907582,0.009442091812834213,10,0.0020453152247198792,7.546009999881767e-06,True,True,True
v2_basis,measurement-basis robustness and scope,SU2-HaarU4-brickwork,12,6.0,gaussian,RANDOM_LOCAL,0.0,128,1,trC3_u_stat,4.116492028985386e-06,3.911614785725143e-06,4.309026770342571e-06,10,0.048270709844588235,7.601161929783595e-08,True,True,True
v2_basis,measurement-basis robustness and scope,SU2-HaarU4-brickwork,12,6.0,gaussian,RANDOM_LOCAL,0.0,128,1,Ffull_over_FQ_mean,0.4955198188648088,0.4950774231185529,0.49598318802495417,10,0.0009139542677387643,0.00017008598516671247,True,True,True
v2_basis,measurement-basis robustness and scope,SU2-HaarU4-brickwork,12,6.0,gaussian,RANDOM_LOCAL,0.0,128,1,haar_alignment_z,-2.1734068196389926,-2.6744072616064605,-1.6971620201565742,10,0.22481875749617108,0.13191221501763017,True,False,False
v2_basis,measurement-basis robustness and scope,SU2-HaarU4-brickwork,12,6.0,gaussian,RANDOM_LOCAL,0.0,128,1,physical_minus_rank_baseline,-0.00024872519809664,-0.0003063200362049087,-0.000194493739428578,10,0.2247988897628329,1.5212016872795549e-05,True,False,False
v2_basis,measurement-basis robustness and scope,SU2-HaarU4-brickwork,12,6.0,gaussian,RANDOM_LOCAL,0.0,128,2,enhancement,0.9539109392896072,0.9461471299421682,0.9610061642289082,10,0.007788480913011502,0.0023775099026897006,True,True,True
v2_basis,measurement-basis robustness and scope,SU2-HaarU4-brickwork,12,6.0,gaussian,RANDOM_LOCAL,0.0,128,2,actual_retention,0.01816973217694484,0.018016564850493764,0.018305116716807294,10,0.007940454584126072,4.5285902908372144e-05,True,True,True
v2_basis,measurement-basis robustness and scope,SU2-HaarU4-brickwork,12,6.0,gaussian,RANDOM_LOCAL,0.0,128,2,deff_pairwise,616.075479038264,609.0835804436688,623.9766820805331,10,0.012087075483115717,2.985567344884771,True,True,True
v2_basis,measurement-basis robustness and scope,SU2-HaarU4-brickwork,12,6.0,gaussian,RANDOM_LOCAL,0.0,128,2,pairwise_purity,0.00162379042311494,0.0016036806118037406,0.0016417985323099922,10,0.011737327663606191,7.605427401460082e-06,True,True,True
v2_basis,measurement-basis robustness and scope,SU2-HaarU4-brickwork,12,6.0,gaussian,RANDOM_LOCAL,0.0,128,2,sample_covariance_purity,0.00942360456043434,0.009403198187426545,0.009442123247468334,10,0.002065295704640411,7.546009999881767e-06,True,True,True
v2_basis,measurement-basis robustness and scope,SU2-HaarU4-brickwork,12,6.0,gaussian,RANDOM_LOCAL,0.0,128,2,trC3_u_stat,4.116492028985386e-06,3.906637039559057e-06,4.31482221748131e-06,10,0.04957925037241723,7.601161929783595e-08,True,True,True
v2_basis,measurement-basis robustness and scope,SU2-HaarU4-brickwork,12,6.0,gaussian,RANDOM_LOCAL,0.0,128,2,Ffull_over_FQ_mean,0.4955198188648088,0.4950833810165907,0.4959734873857689,10,0.0008981541557887059,0.00017008598516671247,True,True,True
v2_basis,measurement-basis robustness and scope,SU2-HaarU4-brickwork,12,6.0,gaussian,RANDOM_LOCAL,0.0,128,2,haar_alignment_z,-3.0328852471873287,-3.5448464852279233,-2.5666543341945527,10,0.1612642865305467,0.1552138227372879,True,True,True
v2_basis,measurement-basis robustness and scope,SU2-HaarU4-brickwork,12,6.0,gaussian,RANDOM_LOCAL,0.0,128,2,physical_minus_rank_baseline,-0.00087788687067409,-0.001026486170717438,-0.0007413041212051513,10,0.16242528453199684,4.52859029083677e-05,True,True,True
v2_basis,measurement-basis robustness and scope,SU2-HaarU4-brickwork,12,6.0,gaussian,X,0.0,128,1,enhancement,0.9068741301636433,0.8907186852861412,0.9222471944367384,10,0.017383067893285253,0.005540325827383841,True,True,True
v2_basis,measurement-basis robustness and scope,SU2-HaarU4-brickwork,12,6.0,gaussian,X,0.0,128,1,actual_retention,0.00265750660853811,0.002610493120572016,0.002703085899446316,10,0.017420987510777086,1.623538703995637e-05,True,True,True
v2_basis,measurement-basis robustness and scope,SU2-HaarU4-brickwork,12,6.0,gaussian,X,0.0,128,1,deff_pairwise,615.5920406747978,607.6728051082937,625.238962626241,10,0.014267693827467053,3.8265410878382227,True,True,True
v2_basis,measurement-basis robustness and scope,SU2-HaarU4-brickwork,12,6.0,gaussian,X,0.0,128,1,pairwise_purity,0.0016253037547725902,0.001601172878403266,0.0016458266342882098,10,0.013737049383483298,9.657263744098765e-06,True,True,True
v2_basis,measurement-basis robustness and scope,SU2-HaarU4-brickwork,12,6.0,gaussian,X,0.0,128,1,sample_covariance_purity,0.009425106069188432,0.009400454644525207,0.00944544730871883,10,0.0023868518753708203,9.58181637109208e-06,True,True,True
v2_basis,measurement-basis robustness and scope,SU2-HaarU4-brickwork,12,6.0,gaussian,X,0.0,128,1,trC3_u_stat,4.120817756448301e-06,3.865473785610056e-06,4.333212449879181e-06,10,0.05675313638138971,9.993747263640727e-08,True,True,True
v2_basis,measurement-basis robustness and scope,SU2-HaarU4-brickwork,12,6.0,gaussian,X,0.0,128,1,Ffull_over_FQ_mean,0.49618233708567716,0.49574245088495095,0.49661970433266545,10,0.0008840030994120425,0.00013791522253092658,True,True,True
v2_basis,measurement-basis robustness and scope,SU2-HaarU4-brickwork,12,6.0,gaussian,X,0.0,128,1,haar_alignment_z,-2.3845848214356784,-2.79636926166262,-1.9970421301773706,10,0.16760299828714023,0.14164358440795022,True,True,True
v2_basis,measurement-basis robustness and scope,SU2-HaarU4-brickwork,12,6.0,gaussian,X,0.0,128,1,physical_minus_rank_baseline,-0.00027289632186473995,-0.00032045323983364096,-0.00022965477918115377,10,0.16636072635946172,1.623538703995111e-05,True,True,True
v2_basis,measurement-basis robustness and scope,SU2-HaarU4-brickwork,12,6.0,gaussian,X,0.0,128,2,enhancement,0.9540833624764055,0.9422006544319181,0.9673822797675197,10,0.013196763682284772,0.004758030041024375,True,True,True
v2_basis,measurement-basis robustness and scope,SU2-HaarU4-brickwork,12,6.0,gaussian,X,0.0,128,2,actual_retention,0.018173016428121958,0.017946879573829802,0.01841867500101607,10,0.01298065813818851,9.062914363856117e-05,True,True,True
v2_basis,measurement-basis robustness and scope,SU2-HaarU4-brickwork,12,6.0,gaussian,X,0.0,128,2,deff_pairwise,615.5920406747978,607.6659316952952,624.7826209433505,10,0.013902623910871548,3.8265410878382227,True,True,True
v2_basis,measurement-basis robustness and scope,SU2-HaarU4-brickwork,12,6.0,gaussian,X,0.0,128,2,pairwise_purity,0.0016253037547725902,0.0016007715103379192,0.0016455569978552792,10,0.013777574618236891,9.657263744098765e-06,True,True,True
v2_basis,measurement-basis robustness and scope,SU2-HaarU4-brickwork,12,6.0,gaussian,X,0.0,128,2,sample_covariance_purity,0.009425106069188432,0.009400508999561465,0.009445561999602543,10,0.0023900526800626973,9.58181637109208e-06,True,True,True
v2_basis,measurement-basis robustness and scope,SU2-HaarU4-brickwork,12,6.0,gaussian,X,0.0,128,2,trC3_u_stat,4.120817756448301e-06,3.8619052235043796e-06,4.33789594162171e-06,10,0.05775440049156448,9.993747263640727e-08,True,True,True
v2_basis,measurement-basis robustness and scope,SU2-HaarU4-brickwork,12,6.0,gaussian,X,0.0,128,2,Ffull_over_FQ_mean,0.49618233708567716,0.4957441701576404,0.49660841561917335,10,0.0008708950288407109,0.00013791522253092658,True,True,True
v2_basis,measurement-basis robustness and scope,SU2-HaarU4-brickwork,12,6.0,gaussian,X,0.0,128,2,haar_alignment_z,-3.023117172383608,-3.8092417063352304,-2.1845435822538692,10,0.2687123970786007,0.31333399334548107,True,False,False
v2_basis,measurement-basis robustness and scope,SU2-HaarU4-brickwork,12,6.0,gaussian,X,0.0,128,2,physical_minus_rank_baseline,-0.0008746026194970023,-0.0011005606052196606,-0.0006270660024256476,10,0.2706912786668345,9.062914363855326e-05,True,False,False
v2_basis,measurement-basis robustness and scope,SU2-HaarU4-brickwork,12,6.0,gaussian,Y,0.0,128,1,enhancement,0.9271898885267911,0.9057109582149361,0.9524868668505314,10,0.02522455713463259,0.008496223538827619,True,True,True
v2_basis,measurement-basis robustness and scope,SU2-HaarU4-brickwork,12,6.0,gaussian,Y,0.0,128,1,actual_retention,0.0027170399663788204,0.002653240228868144,0.0027891920078490823,10,0.025018362015876115,2.4897358355542576e-05,True,True,True
v2_basis,measurement-basis robustness and scope,SU2-HaarU4-brickwork,12,6.0,gaussian,Y,0.0,128,1,deff_pairwise,614.1415242652954,607.3563287562354,622.2561840947491,10,0.012130636628372077,3.2538347441907263,True,True,True
v2_basis,measurement-basis robustness and scope,SU2-HaarU4-brickwork,12,6.0,gaussian,Y,0.0,128,1,pairwise_purity,0.00162890645632764,0.0016081101419694631,0.0016467275124744539,10,0.011853771699098478,8.302918546148827e-06,True,True,True
v2_basis,measurement-basis robustness and scope,SU2-HaarU4-brickwork,12,6.0,gaussian,Y,0.0,128,1,sample_covariance_purity,0.00942868062463758,0.009408127104749654,0.009446222454189067,10,0.002020184528250347,8.238051995009682e-06,True,True,True
v2_basis,measurement-basis robustness and scope,SU2-HaarU4-brickwork,12,6.0,gaussian,Y,0.0,128,1,trC3_u_stat,4.100938833870273e-06,3.890135843844576e-06,4.294495391853103e-06,10,0.04930085090136686,7.559949136620339e-08,True,True,True
v2_basis,measurement-basis robustness and scope,SU2-HaarU4-brickwork,12,6.0,gaussian,Y,0.0,128,1,Ffull_over_FQ_mean,0.49554460755031793,0.49522809920022065,0.4958645536338426,10,0.0006421767323512835,0.00010198984485115803,True,True,True
v2_basis,measurement-basis robustness and scope,SU2-HaarU4-brickwork,12,6.0,gaussian,Y,0.0,128,1,haar_alignment_z,-1.864210822512008,-2.4315023468165893,-1.2214871979411888,10,0.3245381730068801,0.21752664649835451,True,False,False
v2_basis,measurement-basis robustness and scope,SU2-HaarU4-brickwork,12,6.0,gaussian,Y,0.0,128,1,physical_minus_rank_baseline,-0.00021336296402401424,-0.00027724952573856057,-0.00014036058573889442,10,0.32078889751517314,2.4897358355534092e-05,True,False,False
v2_basis,measurement-basis robustness and scope,SU2-HaarU4-brickwork,12,6.0,gaussian,Y,0.0,128,2,enhancement,0.9597258470381236,0.9450098480533045,0.9741302557418982,10,0.015171211538411831,0.0036885112778592966,True,True,True
v2_basis,measurement-basis robustness and scope,SU2-HaarU4-brickwork,12,6.0,gaussian,Y,0.0,128,2,actual_retention,0.01828049232453564,0.01799638422317983,0.018559928852185104,10,0.015413825267957853,7.025735767350605e-05,True,True,True
v2_basis,measurement-basis robustness and scope,SU2-HaarU4-brickwork,12,6.0,gaussian,Y,0.0,128,2,deff_pairwise,614.1415242652954,607.3259913216774,622.2922361808896,10,0.012184687297538232,3.2538347441907263,True,True,True
v2_basis,measurement-basis robustness and scope,SU2-HaarU4-brickwork,12,6.0,gaussian,Y,0.0,128,2,pairwise_purity,0.00162890645632764,0.0016079075906858065,0.00164695859340223,10,0.011986877013325771,8.302918546148827e-06,True,True,True
v2_basis,measurement-basis robustness and scope,SU2-HaarU4-brickwork,12,6.0,gaussian,Y,0.0,128,2,sample_covariance_purity,0.00942868062463758,0.009408056049926864,0.009446257322095641,10,0.002025801577632997,8.238051995009682e-06,True,True,True
v2_basis,measurement-basis robustness and scope,SU2-HaarU4-brickwork,12,6.0,gaussian,Y,0.0,128,2,trC3_u_stat,4.100938833870273e-06,3.88976611917752e-06,4.289794594132705e-06,10,0.048772792177645914,7.559949136620339e-08,True,True,True
v2_basis,measurement-basis robustness and scope,SU2-HaarU4-brickwork,12,6.0,gaussian,Y,0.0,128,2,Ffull_over_FQ_mean,0.49554460755031793,0.4952276005994327,0.4958613725001221,10,0.0006394700810310079,0.00010198984485115803,True,True,True
v2_basis,measurement-basis robustness and scope,SU2-HaarU4-brickwork,12,6.0,gaussian,Y,0.0,128,2,haar_alignment_z,-2.6501768682796865,-3.616577486583201,-1.6889786420774637,10,0.36367362261315844,0.24275250564461714,True,False,False
v2_basis,measurement-basis robustness and scope,SU2-HaarU4-brickwork,12,6.0,gaussian,Y,0.0,128,2,physical_minus_rank_baseline,-0.0007671267230833099,-0.001047079481625001,-0.000491473929998369,10,0.36213413958093416,7.025735767351223e-05,True,False,False
v2_basis,measurement-basis robustness and scope,SU2-HaarU4-brickwork,12,6.0,gaussian,Z,0.0,128,1,enhancement,0.9249598096502268,0.9068805125497037,0.9435634481486403,10,0.019829475408671155,0.006228588814873981,True,True,True
v2_basis,measurement-basis robustness and scope,SU2-HaarU4-brickwork,12,6.0,gaussian,Z,0.0,128,1,actual_retention,0.0027105049367039,0.002657732818444103,0.0027641452407782194,10,0.019629630791877222,1.825227491537764e-05,True,True,True
v2_basis,measurement-basis robustness and scope,SU2-HaarU4-brickwork,12,6.0,gaussian,Z,0.0,128,1,deff_pairwise,615.2953377824608,609.2811201636096,622.3156994016985,10,0.010592132296228534,2.7934273043441635,True,True,True
v2_basis,measurement-basis robustness and scope,SU2-HaarU4-brickwork,12,6.0,gaussian,Z,0.0,128,1,pairwise_purity,0.0016257033730944,0.0016078732896932307,0.0016418781921430665,10,0.010458519989753763,7.140838777233531e-06,True,True,True
v2_basis,measurement-basis robustness and scope,SU2-HaarU4-brickwork,12,6.0,gaussian,Z,0.0,128,1,sample_covariance_purity,0.0094255025654921,0.009407308667747227,0.009441205952322543,10,0.0017981685506838767,7.08505097428945e-06,True,True,True
v2_basis,measurement-basis robustness and scope,SU2-HaarU4-brickwork,12,6.0,gaussian,Z,0.0,128,1,trC3_u_stat,4.115242417231283e-06,3.898168540324551e-06,4.3197271387110565e-06,10,0.051219169570832765,7.181017328361739e-08,True,True,True
v2_basis,measurement-basis robustness and scope,SU2-HaarU4-brickwork,12,6.0,gaussian,Z,0.0,128,1,Ffull_over_FQ_mean,0.4951533692618506,0.4948057701328425,0.495554194909765,10,0.0007557504637787374,0.00015335897759893857,True,True,True
v2_basis,measurement-basis robustness and scope,SU2-HaarU4-brickwork,12,6.0,gaussian,Z,0.0,128,1,haar_alignment_z,-1.921588189056004,-2.390892640209331,-1.445483032410925,10,0.24599693451041824,0.1596068687279324,True,False,False
v2_basis,measurement-basis robustness and scope,SU2-HaarU4-brickwork,12,6.0,gaussian,Z,0.0,128,1,physical_minus_rank_baseline,-0.00021989799369893326,-0.00027266359496167723,-0.00016527030673289412,10,0.24418887690220903,1.8252274915377857e-05,True,False,False
v2_basis,measurement-basis robustness and scope,SU2-HaarU4-brickwork,12,6.0,gaussian,Z,0.0,128,2,enhancement,0.9581193127298138,0.9496361772882276,0.9681617210538124,10,0.009667660133476995,0.0036577422977923657,True,True,True
v2_basis,measurement-basis robustness and scope,SU2-HaarU4-brickwork,12,6.0,gaussian,Z,0.0,128,2,actual_retention,0.018249891671044023,0.018084872684116356,0.01844339025280434,10,0.009822457446605627,6.967128186271057e-05,True,True,True
v2_basis,measurement-basis robustness and scope,SU2-HaarU4-brickwork,12,6.0,gaussian,Z,0.0,128,2,deff_pairwise,615.2953377824608,609.3281301244268,622.0288845993512,10,0.010320860321076186,2.7934273043441635,True,True,True
v2_basis,measurement-basis robustness and scope,SU2-HaarU4-brickwork,12,6.0,gaussian,Z,0.0,128,2,pairwise_purity,0.0016257033730944,0.0016076043320302047,0.001641404370301646,10,0.010395512130575725,7.140838777233531e-06,True,True,True
v2_basis,measurement-basis robustness and scope,SU2-HaarU4-brickwork,12,6.0,gaussian,Z,0.0,128,2,sample_covariance_purity,0.0094255025654921,0.009408238578842406,0.009441183813936481,10,0.0017476646399043022,7.08505097428945e-06,True,True,True
v2_basis,measurement-basis robustness and scope,SU2-HaarU4-brickwork,12,6.0,gaussian,Z,0.0,128,2,trC3_u_stat,4.115242417231283e-06,3.9071026026914975e-06,4.317122237455955e-06,10,0.049817190968827176,7.181017328361739e-08,True,True,True
v2_basis,measurement-basis robustness and scope,SU2-HaarU4-brickwork,12,6.0,gaussian,Z,0.0,128,2,Ffull_over_FQ_mean,0.4951533692618506,0.4948034193541134,0.4955595061889471,10,0.0007634875189891437,0.00015335897759893857,True,True,True
v2_basis,measurement-basis robustness and scope,SU2-HaarU4-brickwork,12,6.0,gaussian,Z,0.0,128,2,haar_alignment_z,-2.7563577695310597,-3.320792633159959,-2.0979586954477583,10,0.22182061255426977,0.24081196161805973,True,False,False
v2_basis,measurement-basis robustness and scope,SU2-HaarU4-brickwork,12,6.0,gaussian,Z,0.0,128,2,physical_minus_rank_baseline,-0.00079772737657492,-0.0009624137310369708,-0.0006086461785921094,10,0.22173461939076167,6.967128186271328e-05,True,False,False
v2_basis,measurement-basis robustness and scope,U1-RZ-XY-line,8,6.0,gaussian,RANDOM_LOCAL,0.0,128,1,enhancement,4.2220990427481375,3.370470072961854,5.106264890589262,12,0.20556064649984981,0.21187060295335858,True,False,False
v2_basis,measurement-basis robustness and scope,U1-RZ-XY-line,8,6.0,gaussian,RANDOM_LOCAL,0.0,128,1,actual_retention,0.13245800918425527,0.10611914709765051,0.15985114120445568,12,0.20282652003346002,0.00664692087696811,True,False,False
v2_basis,measurement-basis robustness and scope,U1-RZ-XY-line,8,6.0,gaussian,RANDOM_LOCAL,0.0,128,1,deff_pairwise,21.602097342579444,21.126021803411895,22.071590932911317,12,0.02188604917624434,0.11277925799254263,True,True,True
v2_basis,measurement-basis robustness and scope,U1-RZ-XY-line,8,6.0,gaussian,RANDOM_LOCAL,0.0,128,1,pairwise_purity,0.04636118234227992,0.045355545957423596,0.04736409298200854,12,0.02166194780965728,0.0002348601151766841,True,True,True
v2_basis,measurement-basis robustness and scope,U1-RZ-XY-line,8,6.0,gaussian,RANDOM_LOCAL,0.0,128,1,sample_covariance_purity,0.05381148560523084,0.052812750642638004,0.054810045028239066,12,0.018558253532094563,0.00023302527052686955,True,True,True
v2_basis,measurement-basis robustness and scope,U1-RZ-XY-line,8,6.0,gaussian,RANDOM_LOCAL,0.0,128,1,trC3_u_stat,0.002713785793672967,0.002544343904513247,0.0028867616298093365,12,0.06308856912996162,4.6947005742912096e-05,True,True,True
v2_basis,measurement-basis robustness and scope,U1-RZ-XY-line,8,6.0,gaussian,RANDOM_LOCAL,0.0,128,1,Ffull_over_FQ_mean,0.4939422214045211,0.4881258494025696,0.4988972853268429,12,0.010903538366941806,0.0020794786592157055,True,True,True
v2_basis,measurement-basis robustness and scope,U1-RZ-XY-line,8,6.0,gaussian,RANDOM_LOCAL,0.0,128,1,haar_alignment_z,29.414569511153427,21.615272960980807,37.50598865243298,12,0.270116407541282,1.9331068579004658,True,False,False
v2_basis,measurement-basis robustness and scope,U1-RZ-XY-line,8,6.0,gaussian,RANDOM_LOCAL,0.0,128,1,physical_minus_rank_baseline,0.10108546016464741,0.07474900871303546,0.1285843297339379,12,0.26628617475359856,0.006646920876968124,True,False,False
v2_basis,measurement-basis robustness and scope,U1-RZ-XY-line,8,6.0,gaussian,RANDOM_LOCAL,0.0,128,2,enhancement,2.721715583383808,2.54116073221926,2.911453916777845,12,0.06802569431193345,0.05286288181721721,True,True,True
v2_basis,measurement-basis robustness and scope,U1-RZ-XY-line,8,6.0,gaussian,RANDOM_LOCAL,0.0,128,2,actual_retention,0.3842422000071258,0.3582393079352013,0.41080161655256636,12,0.06839736579739326,0.0074629950800776945,True,True,True
v2_basis,measurement-basis robustness and scope,U1-RZ-XY-line,8,6.0,gaussian,RANDOM_LOCAL,0.0,128,2,deff_pairwise,21.602097342579444,21.137409558099826,22.069962428765255,12,0.021584776141789098,0.11277925799254263,True,True,True
v2_basis,measurement-basis robustness and scope,U1-RZ-XY-line,8,6.0,gaussian,RANDOM_LOCAL,0.0,128,2,pairwise_purity,0.04636118234227992,0.04534884350905751,0.04736713181200959,12,0.02176700637239212,0.0002348601151766841,True,True,True
v2_basis,measurement-basis robustness and scope,U1-RZ-XY-line,8,6.0,gaussian,RANDOM_LOCAL,0.0,128,2,sample_covariance_purity,0.05381148560523084,0.052810774269339035,0.05483685901972944,12,0.018825764867876627,0.00023302527052686955,True,True,True
v2_basis,measurement-basis robustness and scope,U1-RZ-XY-line,8,6.0,gaussian,RANDOM_LOCAL,0.0,128,2,trC3_u_stat,0.002713785793672967,0.0025442179928718174,0.0028855592074754476,12,0.06289022799799589,4.6947005742912096e-05,True,True,True
v2_basis,measurement-basis robustness and scope,U1-RZ-XY-line,8,6.0,gaussian,RANDOM_LOCAL,0.0,128,2,Ffull_over_FQ_mean,0.4939422214045211,0.488085649437545,0.4988472477481278,12,0.010893580103339049,0.0020794786592157055,True,True,True
v2_basis,measurement-basis robustness and scope,U1-RZ-XY-line,8,6.0,gaussian,RANDOM_LOCAL,0.0,128,2,haar_alignment_z,35.39598528061588,31.55382067767535,39.20592997222295,12,0.10809289858556596,1.0874151563502679,True,True,True
v2_basis,measurement-basis robustness and scope,U1-RZ-XY-line,8,6.0,gaussian,RANDOM_LOCAL,0.0,128,2,physical_minus_rank_baseline,0.24306572941889046,0.21782013144555074,0.2695356814283079,12,0.10638182130075713,0.00746299508007775,True,True,True
v2_basis,measurement-basis robustness and scope,U1-RZ-XY-line,8,6.0,gaussian,X,0.0,128,1,enhancement,7.179541261600442e-32,5.554143223523011e-32,8.864347664316153e-32,12,1.655102220396571e-17,4.4490117687982645e-33,True,True,True
v2_basis,measurement-basis robustness and scope,U1-RZ-XY-line,8,6.0,gaussian,X,0.0,128,1,actual_retention,2.2524051016785697e-33,1.719800682949402e-33,2.776517469151909e-33,12,5.283583931012534e-19,1.3957683980543541e-34,True,True,True
v2_basis,measurement-basis robustness and scope,U1-RZ-XY-line,8,6.0,gaussian,X,0.0,128,1,deff_pairwise,20.21103174640564,19.605283345808218,20.793138509630438,12,0.02938630691215134,0.1818634636403793,True,True,True
v2_basis,measurement-basis robustness and scope,U1-RZ-XY-line,8,6.0,gaussian,X,0.0,128,1,pairwise_purity,0.04961402252998632,0.04812825179374944,0.05111633520539409,12,0.03011329518624173,0.00042013442164671316,True,True,True
v2_basis,measurement-basis robustness and scope,U1-RZ-XY-line,8,6.0,gaussian,X,0.0,128,1,sample_covariance_purity,0.05703891297897079,0.05559706182900288,0.058509585911748,12,0.025531027246424826,0.0004168521214776011,True,True,True
v2_basis,measurement-basis robustness and scope,U1-RZ-XY-line,8,6.0,gaussian,X,0.0,128,1,trC3_u_stat,0.003131662873972275,0.0028928752288836603,0.0033912126731227422,12,0.07956435036172635,8.371508377593827e-05,True,True,True
v2_basis,measurement-basis robustness and scope,U1-RZ-XY-line,8,6.0,gaussian,X,0.0,128,1,Ffull_over_FQ_mean,0.5045710179325786,0.5009204351578369,0.5078506723582834,12,0.006867454683428255,0.001250075101488668,True,True,True
v2_basis,measurement-basis robustness and scope,U1-RZ-XY-line,8,6.0,gaussian,X,0.0,128,1,haar_alignment_z,-8.842208944402435,-8.96434423291367,-8.722056869140252,12,0.013700612895310391,0.03612352839038202,True,True,True
v2_basis,measurement-basis robustness and scope,U1-RZ-XY-line,8,6.0,gaussian,X,0.0,128,1,physical_minus_rank_baseline,-0.031372549019607794,-0.031372549019607794,-0.031372549019607794,12,0.0,0.0,True,True,True
v2_basis,measurement-basis robustness and scope,U1-RZ-XY-line,8,6.0,gaussian,X,0.0,128,2,enhancement,2.953055705901941,2.7872063533431635,3.1142979584421617,12,0.0553818887407503,0.052104805355160266,True,True,True
v2_basis,measurement-basis robustness and scope,U1-RZ-XY-line,8,6.0,gaussian,X,0.0,128,2,actual_retention,0.4169019820096857,0.3934021489856363,0.43934723863413183,12,0.05510298778985909,0.007355972520728504,True,True,True
v2_basis,measurement-basis robustness and scope,U1-RZ-XY-line,8,6.0,gaussian,X,0.0,128,2,deff_pairwise,20.21103174640564,19.61177124413547,20.82263905125192,12,0.02995561588120787,0.1818634636403793,True,True,True
v2_basis,measurement-basis robustness and scope,U1-RZ-XY-line,8,6.0,gaussian,X,0.0,128,2,pairwise_purity,0.04961402252998632,0.04811091861029263,0.051060217373348156,12,0.029722431408106365,0.00042013442164671316,True,True,True
v2_basis,measurement-basis robustness and scope,U1-RZ-XY-line,8,6.0,gaussian,X,0.0,128,2,sample_covariance_purity,0.05703891297897079,0.0555993369262937,0.058543821765173816,12,0.02581119349141255,0.0004168521214776011,True,True,True
v2_basis,measurement-basis robustness and scope,U1-RZ-XY-line,8,6.0,gaussian,X,0.0,128,2,trC3_u_stat,0.003131662873972275,0.002890051455005122,0.003389880684792976,12,0.07980252822582061,8.371508377593827e-05,True,True,True
v2_basis,measurement-basis robustness and scope,U1-RZ-XY-line,8,6.0,gaussian,X,0.0,128,2,Ffull_over_FQ_mean,0.5045710179325786,0.5009473649678017,0.5078422682587793,12,0.006832440871483966,0.001250075101488668,True,True,True
v2_basis,measurement-basis robustness and scope,U1-RZ-XY-line,8,6.0,gaussian,X,0.0,128,2,haar_alignment_z,38.93378048863752,35.42724830525498,42.22822692220935,12,0.08734033186090394,1.0929265829545116,True,True,True
v2_basis,measurement-basis robustness and scope,U1-RZ-XY-line,8,6.0,gaussian,X,0.0,128,2,physical_minus_rank_baseline,0.27572551142145046,0.2521130449495238,0.29816257646824074,12,0.08350611316544002,0.007355972520728504,True,True,True
v2_basis,measurement-basis robustness and scope,U1-RZ-XY-line,8,6.0,gaussian,Y,0.0,128,1,enhancement,5.365599508463963e-32,4.534191926637207e-32,6.31949821890251e-32,12,8.926531461326512e-18,3.400476026613116e-33,True,True,True
v2_basis,measurement-basis robustness and scope,U1-RZ-XY-line,8,6.0,gaussian,Y,0.0,128,1,actual_retention,1.6833253359886943e-33,1.4227038985352928e-33,1.9892610243846848e-33,12,2.8327856292469595e-19,1.0668160083492144e-34,True,True,True
v2_basis,measurement-basis robustness and scope,U1-RZ-XY-line,8,6.0,gaussian,Y,0.0,128,1,deff_pairwise,20.211031746405645,19.61891015353584,20.813562429626206,12,0.029554460432303874,0.1818634636403793,True,True,True
v2_basis,measurement-basis robustness and scope,U1-RZ-XY-line,8,6.0,gaussian,Y,0.0,128,1,pairwise_purity,0.04961402252998631,0.04813826280566415,0.05110151502671204,12,0.02986305151186773,0.00042013442164671316,True,True,True
v2_basis,measurement-basis robustness and scope,U1-RZ-XY-line,8,6.0,gaussian,Y,0.0,128,1,sample_covariance_purity,0.05703891297897079,0.05558944932342303,0.058519779248586506,12,0.02568711228984882,0.0004168521214776011,True,True,True
v2_basis,measurement-basis robustness and scope,U1-RZ-XY-line,8,6.0,gaussian,Y,0.0,128,1,trC3_u_stat,0.003131662873972275,0.002885416621708572,0.003392854814825213,12,0.08101737216576489,8.371508377593827e-05,True,True,True
v2_basis,measurement-basis robustness and scope,U1-RZ-XY-line,8,6.0,gaussian,Y,0.0,128,1,Ffull_over_FQ_mean,0.5045710179325787,0.5009790244073223,0.507839580496556,12,0.006798404828465943,0.001250075101488668,True,True,True
v2_basis,measurement-basis robustness and scope,U1-RZ-XY-line,8,6.0,gaussian,Y,0.0,128,1,haar_alignment_z,-8.842208944402435,-8.96305979673618,-8.720282034016678,12,0.013728343462930302,0.0361235283903838,True,True,True
v2_basis,measurement-basis robustness and scope,U1-RZ-XY-line,8,6.0,gaussian,Y,0.0,128,1,physical_minus_rank_baseline,-0.031372549019607794,-0.031372549019607794,-0.031372549019607794,12,0.0,0.0,True,True,True
v2_basis,measurement-basis robustness and scope,U1-RZ-XY-line,8,6.0,gaussian,Y,0.0,128,2,enhancement,2.953055705901941,2.7861546922840112,3.112820824010449,12,0.05530984923067431,0.052104805355160266,True,True,True
v2_basis,measurement-basis robustness and scope,U1-RZ-XY-line,8,6.0,gaussian,Y,0.0,128,2,actual_retention,0.4169019820096857,0.3928541790289828,0.4397392999270545,12,0.0562303885820606,0.007355972520728504,True,True,True
v2_basis,measurement-basis robustness and scope,U1-RZ-XY-line,8,6.0,gaussian,Y,0.0,128,2,deff_pairwise,20.211031746405645,19.611288386020686,20.8164598972723,12,0.029814695419147583,0.1818634636403793,True,True,True
v2_basis,measurement-basis robustness and scope,U1-RZ-XY-line,8,6.0,gaussian,Y,0.0,128,2,pairwise_purity,0.04961402252998631,0.04812630185124521,0.051103812281931525,12,0.03000674284056219,0.00042013442164671316,True,True,True
v2_basis,measurement-basis robustness and scope,U1-RZ-XY-line,8,6.0,gaussian,Y,0.0,128,2,sample_covariance_purity,0.05703891297897079,0.055635585849372365,0.0585190179783045,12,0.025276008766113786,0.0004168521214776011,True,True,True
v2_basis,measurement-basis robustness and scope,U1-RZ-XY-line,8,6.0,gaussian,Y,0.0,128,2,trC3_u_stat,0.003131662873972275,0.0028948542263798624,0.003387384212525032,12,0.07863713400293836,8.371508377593827e-05,True,True,True
v2_basis,measurement-basis robustness and scope,U1-RZ-XY-line,8,6.0,gaussian,Y,0.0,128,2,Ffull_over_FQ_mean,0.5045710179325787,0.5008379534793609,0.5078438070123373,12,0.00694238599125463,0.001250075101488668,True,True,True
v2_basis,measurement-basis robustness and scope,U1-RZ-XY-line,8,6.0,gaussian,Y,0.0,128,2,haar_alignment_z,38.93378048863752,35.464498033494216,42.30512116337089,12,0.08784945931301291,1.0929265829545116,True,True,True
v2_basis,measurement-basis robustness and scope,U1-RZ-XY-line,8,6.0,gaussian,Y,0.0,128,2,physical_minus_rank_baseline,0.2757255114214504,0.25254189877588723,0.29830923231869994,12,0.08299437601342713,0.00735597252072856,True,True,True
v2_basis,measurement-basis robustness and scope,U1-RZ-XY-line,8,6.0,gaussian,Z,0.0,128,1,enhancement,4.224131080925518,4.056759524981344,4.395426654177241,12,0.04008719458602761,0.05510813273449333,True,True,True
v2_basis,measurement-basis robustness and scope,U1-RZ-XY-line,8,6.0,gaussian,Z,0.0,128,1,actual_retention,0.42853503719534247,0.41149471898407236,0.44574419557333117,12,0.03996111591413073,0.0055906801324849265,True,True,True
v2_basis,measurement-basis robustness and scope,U1-RZ-XY-line,8,6.0,gaussian,Z,0.0,128,1,deff_pairwise,17.308426299959038,16.99120781074178,17.591729965287385,12,0.017347682109812194,0.09153984059589604,True,True,True
v2_basis,measurement-basis robustness and scope,U1-RZ-XY-line,8,6.0,gaussian,Z,0.0,128,1,pairwise_purity,0.05783077375291302,0.05687487960096987,0.058911836226554964,12,0.017611355454867077,0.00031939266336322714,True,True,True
v2_basis,measurement-basis robustness and scope,U1-RZ-XY-line,8,6.0,gaussian,Z,0.0,128,1,sample_covariance_purity,0.0651914708329684,0.06424546286804604,0.06626226942409262,12,0.015468331441807625,0.000316897408180708,True,True,True
v2_basis,measurement-basis robustness and scope,U1-RZ-XY-line,8,6.0,gaussian,Z,0.0,128,1,trC3_u_stat,0.004039252253872233,0.003875483488573247,0.004223332947756544,12,0.043058645179913056,6.475336958205145e-05,True,True,True
v2_basis,measurement-basis robustness and scope,U1-RZ-XY-line,8,6.0,gaussian,Z,0.0,128,1,Ffull_over_FQ_mean,0.46611385420423185,0.456439956228872,0.47589804918597317,12,0.02087268248046477,0.0030412106992627197,True,True,True
v2_basis,measurement-basis robustness and scope,U1-RZ-XY-line,8,6.0,gaussian,Z,0.0,128,1,haar_alignment_z,28.469629364898797,26.968202433551596,29.978166161041656,12,0.052862713611599554,0.4389019243416108,True,True,True
v2_basis,measurement-basis robustness and scope,U1-RZ-XY-line,8,6.0,gaussian,Z,0.0,128,1,physical_minus_rank_baseline,0.3270857618330236,0.3102594279490656,0.34388077643841386,12,0.05139531036283977,0.005590680132484871,True,True,True
v2_basis,measurement-basis robustness and scope,U1-RZ-XY-line,8,6.0,gaussian,Z,0.0,128,2,enhancement,1.8829459855540849,1.84684519581375,1.91802952263274,12,0.01890238152477936,0.008882955598088493,True,True,True
v2_basis,measurement-basis robustness and scope,U1-RZ-XY-line,8,6.0,gaussian,Z,0.0,128,2,actual_retention,0.7368049508689899,0.7231580778148728,0.7504643171103416,12,0.018530168169516,0.003475939147078,True,True,True
v2_basis,measurement-basis robustness and scope,U1-RZ-XY-line,8,6.0,gaussian,Z,0.0,128,2,deff_pairwise,17.308426299959038,16.99383535525305,17.59141383665662,12,0.017262646269724246,0.09153984059589604,True,True,True
v2_basis,measurement-basis robustness and scope,U1-RZ-XY-line,8,6.0,gaussian,Z,0.0,128,2,pairwise_purity,0.05783077375291302,0.056852950144509015,0.05889602556549012,12,0.017664258044603715,0.00031939266336322714,True,True,True
v2_basis,measurement-basis robustness and scope,U1-RZ-XY-line,8,6.0,gaussian,Z,0.0,128,2,sample_covariance_purity,0.0651914708329684,0.06422213268203646,0.06625278090345182,12,0.015574493069946474,0.000316897408180708,True,True,True
v2_basis,measurement-basis robustness and scope,U1-RZ-XY-line,8,6.0,gaussian,Z,0.0,128,2,trC3_u_stat,0.004039252253872233,0.0038751659199649955,0.004226954546061834,12,0.04354625608732363,6.475336958205145e-05,True,True,True
v2_basis,measurement-basis robustness and scope,U1-RZ-XY-line,8,6.0,gaussian,Z,0.0,128,2,Ffull_over_FQ_mean,0.46611385420423185,0.456511055360455,0.4761383706775852,12,0.021054207185751562,0.0030412106992627197,True,True,True
v2_basis,measurement-basis robustness and scope,U1-RZ-XY-line,8,6.0,gaussian,Z,0.0,128,2,haar_alignment_z,18.606380468609157,17.823873125186214,19.367572928062437,12,0.04148307634256432,0.22806988488741453,True,True,True
v2_basis,measurement-basis robustness and scope,U1-RZ-XY-line,8,6.0,gaussian,Z,0.0,128,2,physical_minus_rank_baseline,0.3455006030429028,0.3317068502363075,0.3592317738097457,12,0.03983339440079101,0.0034759391470780554,True,True,True
v2_basis,measurement-basis robustness and scope,U1-RZ-XY-line,12,6.0,gaussian,RANDOM_LOCAL,0.0,128,1,enhancement,37.44976056631452,33.713045235495414,41.20505437316733,12,0.10002746378585477,0.9143621318477244,True,True,True
v2_basis,measurement-basis robustness and scope,U1-RZ-XY-line,12,6.0,gaussian,RANDOM_LOCAL,0.0,128,1,actual_retention,0.10974288810641614,0.09870013526394558,0.12063912609333612,12,0.09995632158011279,0.0026794494706160465,True,True,True
v2_basis,measurement-basis robustness and scope,U1-RZ-XY-line,12,6.0,gaussian,RANDOM_LOCAL,0.0,128,1,deff_pairwise,46.210821525227516,45.27611441175256,47.366623112940935,12,0.022619254886510957,0.44838519327067416,True,True,True
v2_basis,measurement-basis robustness and scope,U1-RZ-XY-line,12,6.0,gaussian,RANDOM_LOCAL,0.0,128,1,pairwise_purity,0.02167334944614545,0.021185087833609575,0.0220992007248219,12,0.021088408450289097,0.00019275944194081449,True,True,True
v2_basis,measurement-basis robustness and scope,U1-RZ-XY-line,12,6.0,gaussian,RANDOM_LOCAL,0.0,128,1,sample_covariance_purity,0.029316526403597404,0.028813546352193953,0.029740029012776847,12,0.015801371687561277,0.00019125350880064979,True,True,True
v2_basis,measurement-basis robustness and scope,U1-RZ-XY-line,12,6.0,gaussian,RANDOM_LOCAL,0.0,128,1,trC3_u_stat,0.0006106745593052667,0.0005744413048402162,0.0006421347745265895,12,0.05542515948542602,1.3664028522633294e-05,True,True,True
v2_basis,measurement-basis robustness and scope,U1-RZ-XY-line,12,6.0,gaussian,RANDOM_LOCAL,0.0,128,1,Ffull_over_FQ_mean,0.48960023401933844,0.48731113415261307,0.4919751936804916,12,0.004763130411100144,0.0008248256088962402,True,True,True
v2_basis,measurement-basis robustness and scope,U1-RZ-XY-line,12,6.0,gaussian,RANDOM_LOCAL,0.0,128,1,haar_alignment_z,524.76491946674,469.48106889060955,579.110775399908,12,0.10445601682054402,12.78347334819955,True,True,True
v2_basis,measurement-basis robustness and scope,U1-RZ-XY-line,12,6.0,gaussian,RANDOM_LOCAL,0.0,128,1,physical_minus_rank_baseline,0.10681248517601317,0.09590216306691321,0.11765740350185389,12,0.10183847140664713,0.0026794494706160465,True,True,True
v2_basis,measurement-basis robustness and scope,U1-RZ-XY-line,12,6.0,gaussian,RANDOM_LOCAL,0.0,128,2,enhancement,12.682299669542296,12.043690513473237,13.283535406366644,12,0.04888091770418452,0.18617347299671572,True,True,True
v2_basis,measurement-basis robustness and scope,U1-RZ-XY-line,12,6.0,gaussian,RANDOM_LOCAL,0.0,128,2,actual_retention,0.24156761275318653,0.22915669935191404,0.25283957432709303,12,0.049019143554181986,0.003546161390413638,True,True,True
v2_basis,measurement-basis robustness and scope,U1-RZ-XY-line,12,6.0,gaussian,RANDOM_LOCAL,0.0,128,2,deff_pairwise,46.210821525227516,45.28381827424258,47.35090086908911,12,0.022365784967900492,0.44838519327067416,True,True,True
v2_basis,measurement-basis robustness and scope,U1-RZ-XY-line,12,6.0,gaussian,RANDOM_LOCAL,0.0,128,2,pairwise_purity,0.02167334944614545,0.021167575654264498,0.022108859614852993,12,0.02171523979086445,0.00019275944194081449,True,True,True
v2_basis,measurement-basis robustness and scope,U1-RZ-XY-line,12,6.0,gaussian,RANDOM_LOCAL,0.0,128,2,sample_covariance_purity,0.029316526403597404,0.028820646915594078,0.029740567035006344,12,0.015689446061034423,0.00019125350880064979,True,True,True
v2_basis,measurement-basis robustness and scope,U1-RZ-XY-line,12,6.0,gaussian,RANDOM_LOCAL,0.0,128,2,trC3_u_stat,0.0006106745593052667,0.0005742124760759696,0.0006421837195246726,12,0.05565259139502263,1.3664028522633294e-05,True,True,True
v2_basis,measurement-basis robustness and scope,U1-RZ-XY-line,12,6.0,gaussian,RANDOM_LOCAL,0.0,128,2,Ffull_over_FQ_mean,0.48960023401933844,0.48731801224807986,0.49194556737420436,12,0.004725850606866463,0.0008248256088962402,True,True,True
v2_basis,measurement-basis robustness and scope,U1-RZ-XY-line,12,6.0,gaussian,RANDOM_LOCAL,0.0,128,2,haar_alignment_z,432.14184397378307,408.2851409580833,454.84852091704767,12,0.05387511138795121,7.449618146681416,True,True,True
v2_basis,measurement-basis robustness and scope,U1-RZ-XY-line,12,6.0,gaussian,RANDOM_LOCAL,0.0,128,2,physical_minus_rank_baseline,0.2225199937055675,0.21035253960769165,0.23399151750148628,12,0.0531165256212282,0.0035461613904136102,True,True,True
v2_basis,measurement-basis robustness and scope,U1-RZ-XY-line,12,6.0,gaussian,X,0.0,128,1,enhancement,1.7618333194962664e-30,1.6076110553235833e-30,1.9387503449704524e-30,12,1.6556964482343455e-16,4.83490960075187e-32,True,True,True
v2_basis,measurement-basis robustness and scope,U1-RZ-XY-line,12,6.0,gaussian,X,0.0,128,1,actual_retention,5.162881522333381e-33,4.709538377152594e-33,5.671813026274005e-33,12,4.811373245607053e-19,1.4168233262276524e-34,True,True,True
v2_basis,measurement-basis robustness and scope,U1-RZ-XY-line,12,6.0,gaussian,X,0.0,128,1,deff_pairwise,44.93621789324353,44.015506486649485,45.88237687477461,12,0.02077244676621771,0.30896018666869196,True,True,True
v2_basis,measurement-basis robustness and scope,U1-RZ-XY-line,12,6.0,gaussian,X,0.0,128,1,pairwise_purity,0.022283285666808792,0.021822501959211933,0.02274843433560417,12,0.020776387967135036,0.00014713400084629888,True,True,True
v2_basis,measurement-basis robustness and scope,U1-RZ-XY-line,12,6.0,gaussian,X,0.0,128,1,sample_covariance_purity,0.02992169749753684,0.029474530496713714,0.03037356386143693,12,0.015023100958714425,0.00014598451646469224,True,True,True
v2_basis,measurement-basis robustness and scope,U1-RZ-XY-line,12,6.0,gaussian,X,0.0,128,1,trC3_u_stat,0.0006544988316991248,0.0006190901489138426,0.0006889101842282338,12,0.05333854846855381,1.0942913467552255e-05,True,True,True
v2_basis,measurement-basis robustness and scope,U1-RZ-XY-line,12,6.0,gaussian,X,0.0,128,1,Ffull_over_FQ_mean,0.49720421541280735,0.4955589486448909,0.49885563434302266,12,0.003315222996847124,0.0004436849249997432,True,True,True
v2_basis,measurement-basis robustness and scope,U1-RZ-XY-line,12,6.0,gaussian,X,0.0,128,1,haar_alignment_z,-14.245306656737453,-14.35722937513735,-14.134721687682369,12,0.007809859514317473,0.035589679088161574,True,True,True
v2_basis,measurement-basis robustness and scope,U1-RZ-XY-line,12,6.0,gaussian,X,0.0,128,1,physical_minus_rank_baseline,-0.0029304029304028996,-0.0029304029304028996,-0.0029304029304028996,12,0.0,0.0,True,True,True
v2_basis,measurement-basis robustness and scope,U1-RZ-XY-line,12,6.0,gaussian,X,0.0,128,2,enhancement,12.102074682050818,11.580335174320942,12.657367655142362,12,0.04449784475461967,0.16689867761257915,True,True,True
v2_basis,measurement-basis robustness and scope,U1-RZ-XY-line,12,6.0,gaussian,X,0.0,128,2,actual_retention,0.23051570822953935,0.22059637069743512,0.2406715240064127,12,0.0435440028429374,0.0031790224307158,True,True,True
v2_basis,measurement-basis robustness and scope,U1-RZ-XY-line,12,6.0,gaussian,X,0.0,128,2,deff_pairwise,44.93621789324353,44.00690111333589,45.8937816420062,12,0.020995097241528378,0.30896018666869196,True,True,True
v2_basis,measurement-basis robustness and scope,U1-RZ-XY-line,12,6.0,gaussian,X,0.0,128,2,pairwise_purity,0.022283285666808792,0.021822108503038774,0.022739818856339366,12,0.02059189939541843,0.00014713400084629888,True,True,True
v2_basis,measurement-basis robustness and scope,U1-RZ-XY-line,12,6.0,gaussian,X,0.0,128,2,sample_covariance_purity,0.02992169749753684,0.02946440570216683,0.030381609230025416,12,0.015326729506808388,0.00014598451646469224,True,True,True
v2_basis,measurement-basis robustness and scope,U1-RZ-XY-line,12,6.0,gaussian,X,0.0,128,2,trC3_u_stat,0.0006544988316991248,0.0006181596637172088,0.0006900975631362395,12,0.054956476570229285,1.0942913467552255e-05,True,True,True
v2_basis,measurement-basis robustness and scope,U1-RZ-XY-line,12,6.0,gaussian,X,0.0,128,2,Ffull_over_FQ_mean,0.49720421541280735,0.49559635337138847,0.4988633223818489,12,0.003285339211925219,0.0004436849249997432,True,True,True
v2_basis,measurement-basis robustness and scope,U1-RZ-XY-line,12,6.0,gaussian,X,0.0,128,2,haar_alignment_z,406.5263544580876,387.39742463558645,426.6570259404244,12,0.04828666195230099,5.973716889223454,True,True,True
v2_basis,measurement-basis robustness and scope,U1-RZ-XY-line,12,6.0,gaussian,X,0.0,128,2,physical_minus_rank_baseline,0.21146808918192028,0.20164223414986399,0.22179208407716117,12,0.04764276729706204,0.0031790224307158,True,True,True
v2_basis,measurement-basis robustness and scope,U1-RZ-XY-line,12,6.0,gaussian,Y,0.0,128,1,enhancement,1.9518783894060567e-30,1.742355934927862e-30,2.1778868784910463e-30,12,2.1776547178159215e-16,7.289077293550042e-32,True,True,True
v2_basis,measurement-basis robustness and scope,U1-RZ-XY-line,12,6.0,gaussian,Y,0.0,128,1,actual_retention,5.7197901521056605e-33,5.106517127420698e-33,6.375524569660921e-33,12,6.345037211201114e-19,2.1359933460952487e-34,True,True,True
v2_basis,measurement-basis robustness and scope,U1-RZ-XY-line,12,6.0,gaussian,Y,0.0,128,1,deff_pairwise,44.93621789324353,44.0415867134504,45.88265271246927,12,0.020485324370118945,0.30896018666869196,True,True,True
v2_basis,measurement-basis robustness and scope,U1-RZ-XY-line,12,6.0,gaussian,Y,0.0,128,1,pairwise_purity,0.0222832856668088,0.021835078311598245,0.022741647673045345,12,0.020341914002328793,0.00014713400084630235,True,True,True
v2_basis,measurement-basis robustness and scope,U1-RZ-XY-line,12,6.0,gaussian,Y,0.0,128,1,sample_covariance_purity,0.02992169749753684,0.02946312651033235,0.030377033024720813,12,0.015271635482306742,0.0001459845164646957,True,True,True
v2_basis,measurement-basis robustness and scope,U1-RZ-XY-line,12,6.0,gaussian,Y,0.0,128,1,trC3_u_stat,0.0006544988316991249,0.0006184369668953503,0.0006905755556191965,12,0.055109791820842004,1.0942913467552147e-05,True,True,True
v2_basis,measurement-basis robustness and scope,U1-RZ-XY-line,12,6.0,gaussian,Y,0.0,128,1,Ffull_over_FQ_mean,0.4972042154128075,0.49557105634544124,0.49886362420397046,12,0.0033110820025887525,0.0004436849249997432,True,True,True
v2_basis,measurement-basis robustness and scope,U1-RZ-XY-line,12,6.0,gaussian,Y,0.0,128,1,haar_alignment_z,-14.245306656737455,-14.355486509359206,-14.136796124291177,12,0.007675874950877164,0.035589679088161574,True,True,True
v2_basis,measurement-basis robustness and scope,U1-RZ-XY-line,12,6.0,gaussian,Y,0.0,128,1,physical_minus_rank_baseline,-0.0029304029304028996,-0.0029304029304028996,-0.0029304029304028996,12,0.0,0.0,True,True,True
v2_basis,measurement-basis robustness and scope,U1-RZ-XY-line,12,6.0,gaussian,Y,0.0,128,2,enhancement,12.102074682050818,11.585821776317848,12.641778727194902,12,0.04362710438579574,0.16689867761257915,True,True,True
v2_basis,measurement-basis robustness and scope,U1-RZ-XY-line,12,6.0,gaussian,Y,0.0,128,2,actual_retention,0.23051570822953935,0.22074055079632088,0.24112143469919584,12,0.04420714765906625,0.0031790224307158,True,True,True
v2_basis,measurement-basis robustness and scope,U1-RZ-XY-line,12,6.0,gaussian,Y,0.0,128,2,deff_pairwise,44.93621789324353,44.01758167389034,45.86101561699828,12,0.020511672204895467,0.30896018666869196,True,True,True
v2_basis,measurement-basis robustness and scope,U1-RZ-XY-line,12,6.0,gaussian,Y,0.0,128,2,pairwise_purity,0.0222832856668088,0.021821596715553258,0.02273111079739109,12,0.020407988647575502,0.00014713400084630235,True,True,True
v2_basis,measurement-basis robustness and scope,U1-RZ-XY-line,12,6.0,gaussian,Y,0.0,128,2,sample_covariance_purity,0.02992169749753684,0.029474250519468993,0.030369942806958535,12,0.014967270616302372,0.0001459845164646957,True,True,True
v2_basis,measurement-basis robustness and scope,U1-RZ-XY-line,12,6.0,gaussian,Y,0.0,128,2,trC3_u_stat,0.0006544988316991249,0.0006195603692232101,0.0006891091821479146,12,0.053131349940038056,1.0942913467552147e-05,True,True,True
v2_basis,measurement-basis robustness and scope,U1-RZ-XY-line,12,6.0,gaussian,Y,0.0,128,2,Ffull_over_FQ_mean,0.4972042154128075,0.49557290167835977,0.4988815745633235,12,0.0033272775877580558,0.0004436849249997432,True,True,True
v2_basis,measurement-basis robustness and scope,U1-RZ-XY-line,12,6.0,gaussian,Y,0.0,128,2,haar_alignment_z,406.5263544580877,386.66422334918343,426.25731037449765,12,0.04869682689833607,5.97371688922351,True,True,True
v2_basis,measurement-basis robustness and scope,U1-RZ-XY-line,12,6.0,gaussian,Y,0.0,128,2,physical_minus_rank_baseline,0.21146808918192028,0.20150085656577407,0.22209610647255032,12,0.04869588122361741,0.0031790224307158,True,True,True
v2_basis,measurement-basis robustness and scope,U1-RZ-XY-line,12,6.0,gaussian,Z,0.0,128,1,enhancement,25.746120348918893,25.203038082168668,26.33072012351051,12,0.021900038259340976,0.1637267818279433,True,True,True
v2_basis,measurement-basis robustness and scope,U1-RZ-XY-line,12,6.0,gaussian,Z,0.0,128,1,actual_retention,0.3068335036165848,0.30045247853589574,0.3134288981367487,12,0.021145701900057347,0.0019512400867902069,True,True,True
v2_basis,measurement-basis robustness and scope,U1-RZ-XY-line,12,6.0,gaussian,Z,0.0,128,1,deff_pairwise,39.20065274152207,38.6378253160876,39.99221443706113,12,0.017275083783731677,0.3257464915321222,True,True,True
v2_basis,measurement-basis robustness and scope,U1-RZ-XY-line,12,6.0,gaussian,Z,0.0,128,1,pairwise_purity,0.025532911472058745,0.025056246851549804,0.0258906153595589,12,0.01633907885753969,0.00019632851091334197,True,True,True
v2_basis,measurement-basis robustness and scope,U1-RZ-XY-line,12,6.0,gaussian,Z,0.0,128,1,sample_covariance_purity,0.033145935601183306,0.03266978612569706,0.03350336595868672,12,0.012574389859127988,0.00019479469442183067,True,True,True
v2_basis,measurement-basis robustness and scope,U1-RZ-XY-line,12,6.0,gaussian,Z,0.0,128,1,trC3_u_stat,0.0008335599722459584,0.0007964595071081083,0.0008637769771946276,12,0.0403795001726978,1.4965982023350689e-05,True,True,True
v2_basis,measurement-basis robustness and scope,U1-RZ-XY-line,12,6.0,gaussian,Z,0.0,128,1,Ffull_over_FQ_mean,0.4717070075475898,0.4683637627405758,0.4749410226813798,12,0.006971764077662575,0.0008944809810745302,True,True,True
v2_basis,measurement-basis robustness and scope,U1-RZ-XY-line,12,6.0,gaussian,Z,0.0,128,1,haar_alignment_z,326.252902936089,319.5153063794472,333.30238870234166,12,0.021129440073664633,1.8793387405843305,True,True,True
v2_basis,measurement-basis robustness and scope,U1-RZ-XY-line,12,6.0,gaussian,Z,0.0,128,1,physical_minus_rank_baseline,0.294915843811601,0.28852985295435446,0.3016323896938336,12,0.02221402650013158,0.0019512400867902069,True,True,True
v2_basis,measurement-basis robustness and scope,U1-RZ-XY-line,12,6.0,gaussian,Z,0.0,128,2,enhancement,7.86526197264941,7.775949212615343,7.959350573445053,12,0.011658948008818285,0.03273045864138435,True,True,True
v2_basis,measurement-basis robustness and scope,U1-RZ-XY-line,12,6.0,gaussian,Z,0.0,128,2,actual_retention,0.5538916882147472,0.5474543208305608,0.5606014439232361,12,0.011867954847860141,0.0023049618761536994,True,True,True
v2_basis,measurement-basis robustness and scope,U1-RZ-XY-line,12,6.0,gaussian,Z,0.0,128,2,deff_pairwise,39.20065274152207,38.629761592032786,39.967251735826395,12,0.01705953919457206,0.3257464915321222,True,True,True
v2_basis,measurement-basis robustness and scope,U1-RZ-XY-line,12,6.0,gaussian,Z,0.0,128,2,pairwise_purity,0.025532911472058745,0.02505292126448803,0.025887282880745353,12,0.016338943899335233,0.00019632851091334197,True,True,True
v2_basis,measurement-basis robustness and scope,U1-RZ-XY-line,12,6.0,gaussian,Z,0.0,128,2,sample_covariance_purity,0.033145935601183306,0.032676407917220714,0.03350420001201573,12,0.012487082952720467,0.00019479469442183067,True,True,True
v2_basis,measurement-basis robustness and scope,U1-RZ-XY-line,12,6.0,gaussian,Z,0.0,128,2,trC3_u_stat,0.0008335599722459584,0.0007958011492135309,0.0008639443681063517,12,0.040874814747410726,1.4965982023350689e-05,True,True,True
v2_basis,measurement-basis robustness and scope,U1-RZ-XY-line,12,6.0,gaussian,Z,0.0,128,2,Ffull_over_FQ_mean,0.4717070075475898,0.46839114789904607,0.47498870509449526,12,0.006993278761905578,0.0008944809810745302,True,True,True
v2_basis,measurement-basis robustness and scope,U1-RZ-XY-line,12,6.0,gaussian,Z,0.0,128,2,haar_alignment_z,226.8474344452601,223.97945496222437,229.6316879822207,12,0.012458225577508723,0.9798601249940475,True,True,True
v2_basis,measurement-basis robustness and scope,U1-RZ-XY-line,12,6.0,gaussian,Z,0.0,128,2,physical_minus_rank_baseline,0.4834691530034796,0.47710986388547927,0.4903453685869075,12,0.013688054986760448,0.0023049618761538104,True,True,True
