profile,analysis_role,job_id,circuit_id,family,n,depth,depth_factor,instance,direction_sampler,measurement_basis,bitflip_rate,tangents,tangent_count_used,parameter_count,regular_tangents,regular_fraction,support_size,score_dimension,FQ_mean,Ffull_mean,Ffull_over_FQ_mean,pairwise_purity,sample_covariance_purity,deff_pairwise,trC3_u_stat,renyi3_dimension_diag,k,readout_rank,actual_retention,rank_baseline,enhancement,physical_minus_rank_baseline,haar_null_mean,haar_null_std,haar_alignment_z,theorem_rhs_sample,theorem_bound_slack_sample,theorem_rhs_u_stat,theorem_bound_slack_u_stat,crossfit_kyfan,sample_lambda_max,sample_spectrum_rank,state_norm_error,horizontal_overlap_max,probability_sum_error,probability_tangent_sum_max,fisher_violation_max,min_circuits_for_inference,max_relative_ci_halfwidth
v2_basis,measurement-basis robustness and scope,SU2-CNOT-line|n8|d48|i0|dir=gaussian|basis=Z|eta=0,SU2-CNOT-line|n8|d48|i0,SU2-CNOT-line,8,48,6.0,0,gaussian,Z,0.0,128,128,1152,128,1.0,256,255,0.9800739302989232,0.487090964835968,0.4966782485313782,0.005872250415171,0.0136388734588024,170.2924652900513,4.150975380568768e-05,155.21186637690985,1,8,0.0301903063067336,0.0313725490196078,0.9623160135271336,-0.0011822427128742,0.0313725490196078,0.0015188954150187,-0.778356890924979,0.2744076997344129,0.2732254570215386,0.1229466202126153,0.1217643774997411,,,0,1.3322676295501878e-15,2.719200663383584e-16,1.3322676295501878e-15,4.510281037539698e-17,-0.3871361273679606,10,0.2
v2_basis,measurement-basis robustness and scope,SU2-CNOT-line|n8|d48|i0|dir=gaussian|basis=Z|eta=0,SU2-CNOT-line|n8|d48|i0,SU2-CNOT-line,8,48,6.0,0,gaussian,Z,0.0,128,128,1152,128,1.0,256,255,0.9800739302989232,0.487090964835968,0.4966782485313782,0.005872250415171,0.0136388734588024,170.2924652900513,4.150975380568768e-05,155.21186637690985,2,36,0.1375205905453789,0.1411764705882353,0.9741041830297676,-0.0036558800428563,0.1411764705882353,0.0030339450368384,-1.204992179642763,0.5481206082047334,0.5444647281618771,0.2455819436294189,0.2419260635865625,,,0,1.3322676295501878e-15,2.719200663383584e-16,1.3322676295501878e-15,4.510281037539698e-17,-0.3871361273679606,10,0.2
v2_basis,measurement-basis robustness and scope,SU2-CNOT-line|n8|d48|i8|dir=gaussian|basis=Z|eta=0,SU2-CNOT-line|n8|d48|i8,SU2-CNOT-line,8,48,6.0,8,gaussian,Z,0.0,128,128,1152,128,1.0,256,255,0.9863320288915248,0.4878172659446744,0.4943854708652063,0.0058730787366248,0.0136396953089949,170.2684477502305,4.208199815650091e-05,154.15294408425166,1,8,0.0307246237507649,0.0313725490196078,0.9793473820556328,-0.0006479252688428,0.0313725490196078,0.0015189596446646,-0.4265585798271384,0.2744193036336693,0.2737713783648264,0.1229727209623846,0.1223247956935417,,,0,2.4424906541753444e-15,4.1639145433529365e-16,2.4424906541753444e-15,7.28583859910259e-17,-0.4021933412810942,10,0.2
v2_basis,measurement-basis robustness and scope,SU2-CNOT-line|n8|d48|i8|dir=gaussian|basis=Z|eta=0,SU2-CNOT-line|n8|d48|i8,SU2-CNOT-line,8,48,6.0,8,gaussian,Z,0.0,128,128,1152,128,1.0,256,255,0.9863320288915248,0.4878172659446744,0.4943854708652063,0.0058730787366248,0.0136396953089949,170.2684477502305,4.208199815650091e-05,154.15294408425166,2,36,0.1415813288677504,0.1411764705882353,1.0028677461465658,0.0004048582795151,0.1411764705882353,0.0030340733335028,0.1334372096562867,0.5481437866225553,0.54773892834304,0.245634079042718,0.2452292207632028,,,0,2.4424906541753444e-15,4.1639145433529365e-16,2.4424906541753444e-15,7.28583859910259e-17,-0.4021933412810942,10,0.2
v2_basis,measurement-basis robustness and scope,SU2-CNOT-line|n12|d72|i6|dir=gaussian|basis=Z|eta=0,SU2-CNOT-line|n12|d72|i6,SU2-CNOT-line,12,72,6.0,6,gaussian,Z,0.0,128,128,2592,128,1.0,4096,4095,0.99675469799625,0.4928304422219636,0.494446175583481,0.0010382574470797,0.0088426460607744,963.1522536271146,1.635485080329878e-06,781.9458997135765,1,12,0.0029955812443076,0.0029304029304029,1.0222420996199788,6.517831390469991e-05,0.0029304029304029,0.0001107570643383,0.5884799700503986,0.3207475438239189,0.3206823655100143,0.0974718602669684,0.0974066819530637,,,0,2.664535259100376e-15,3.088176272170235e-16,2.886579864025407e-15,4.8572257327350605e-17,-0.4578002589695552,10,0.2
v2_basis,measurement-basis robustness and scope,SU2-CNOT-line|n12|d72|i6|dir=gaussian|basis=Z|eta=0,SU2-CNOT-line|n12|d72|i6,SU2-CNOT-line,12,72,6.0,6,gaussian,Z,0.0,128,128,2592,128,1.0,4096,4095,0.99675469799625,0.4928304422219636,0.494446175583481,0.0010382574470797,0.0088426460607744,963.1522536271146,1.635485080329878e-06,781.9458997135765,2,78,0.0188648622502006,0.019047619047619,0.9904052681355316,-0.0001827567974184,0.019047619047619,0.0002800846708115,-0.652505533019387,0.8111127787849005,0.8109300219874821,0.24648878208675,0.2463060252893316,,,0,2.664535259100376e-15,3.088176272170235e-16,2.886579864025407e-15,4.8572257327350605e-17,-0.4578002589695552,10,0.2
v2_basis,measurement-basis robustness and scope,SU2-HaarU4-brickwork|n8|d48|i4|dir=gaussian|basis=Z|eta=0,SU2-HaarU4-brickwork|n8|d48|i4,SU2-HaarU4-brickwork,8,48,6.0,4,gaussian,Z,0.0,128,128,1152,128,1.0,256,255,0.9665351405958652,0.4746212714835137,0.4911202121172176,0.0075171290586917,0.0152709014879206,133.0295106272979,7.661501628589406e-05,114.24653860976407,1,8,0.0307147244952032,0.0313725490196078,0.9790318432846046,-0.0006578245244045,0.0313725490196078,0.0016414971177298,-0.4007466825858987,0.2965572505802517,0.2958994260558472,0.1669193466404341,0.1662615221160295,,,0,1.1657341758564144e-14,2.3453467810603023e-15,1.1546319456101628e-14,4.336808689942018e-17,-0.3807553528004079,10,0.2
v2_basis,measurement-basis robustness and scope,SU2-HaarU4-brickwork|n8|d48|i4|dir=gaussian|basis=Z|eta=0,SU2-HaarU4-brickwork|n8|d48|i4,SU2-HaarU4-brickwork,8,48,6.0,4,gaussian,Z,0.0,128,128,1152,128,1.0,256,255,0.9665351405958652,0.4746212714835137,0.4911202121172176,0.0075171290586917,0.0152709014879206,133.0295106272979,7.661501628589406e-05,114.24653860976407,2,36,0.1428475258143291,0.1411764705882353,1.0118366411848314,0.0016710552260938,0.1411764705882353,0.0032788380187845,0.5096486061587387,0.5923636279626818,0.5906925727365879,0.3334160589890243,0.3317450037629305,,,0,1.1657341758564144e-14,2.3453467810603023e-15,1.1546319456101628e-14,4.336808689942018e-17,-0.3807553528004079,10,0.2
v2_basis,measurement-basis robustness and scope,SU2-HaarU4-brickwork|n12|d72|i2|dir=gaussian|basis=Z|eta=0,SU2-HaarU4-brickwork|n12|d72|i2,SU2-HaarU4-brickwork,12,72,6.0,2,gaussian,Z,0.0,128,128,2592,128,1.0,4096,4095,0.9893573581008418,0.4912644617146073,0.4965336000602413,0.0016216447700196,0.0094214756702538,616.6578639709716,4.007744788736787e-06,499.5166524828864,1,12,0.0027459520189998,0.0029304029304029,0.937056126483714,-0.000184450911403,0.0029304029304029,0.0001144243198318,-1.6119904551236877,0.3313677530101923,0.3311833020987892,0.1283779447573976,0.1281934938459946,,,0,1.2656542480726783e-14,1.6514824624299258e-15,1.27675647831893e-14,2.0816681711721685e-17,-0.4278689632889386,10,0.2
v2_basis,measurement-basis robustness and scope,SU2-HaarU4-brickwork|n12|d72|i2|dir=gaussian|basis=Z|eta=0,SU2-HaarU4-brickwork|n12|d72|i2,SU2-HaarU4-brickwork,12,72,6.0,2,gaussian,Z,0.0,128,128,2592,128,1.0,4096,4095,0.9893573581008418,0.4912644617146073,0.4965336000602413,0.0016216447700196,0.0094214756702538,616.6578639709716,4.007744788736787e-06,499.5166524828864,2,78,0.018290284955612,0.019047619047619,0.9602399601696308,-0.000757334092007,0.019047619047619,0.000289358499563,-2.617286491154298,0.8379693753519627,0.8372120412599556,0.3246447042600925,0.3238873701680855,,,0,1.2656542480726783e-14,1.6514824624299258e-15,1.27675647831893e-14,2.0816681711721685e-17,-0.4278689632889386,10,0.2
v2_basis,measurement-basis robustness and scope,U1-RZ-XY-line|n8|d48|i0|dir=gaussian|basis=Z|eta=0,U1-RZ-XY-line|n8|d48|i0,U1-RZ-XY-line,8,48,6.0,0,gaussian,Z,0.0,128,128,552,128,1.0,70,69,0.7360629014113994,0.3301472571328526,0.456347721088052,0.0572095735894642,0.0645751237957965,17.479591915437055,0.0038243069771508,16.170506641407403,1,7,0.4410608577707648,0.1014492753623188,4.347599883740396,0.339611582408446,0.1014492753623188,0.0114233668368237,29.72955235173687,0.5612582739445248,0.2216466915360787,0.5183460299302015,0.1787344475217555,,,0,6.661338147750939e-16,3.778353571698973e-16,5.551115123125784e-16,1.1102230246251563e-16,-0.1051912339495186,10,0.2
v2_basis,measurement-basis robustness and scope,U1-RZ-XY-line|n8|d48|i0|dir=gaussian|basis=Z|eta=0,U1-RZ-XY-line|n8|d48|i0,U1-RZ-XY-line,8,48,6.0,0,gaussian,Z,0.0,128,128,552,128,1.0,70,69,0.7360629014113994,0.3301472571328526,0.456347721088052,0.0572095735894642,0.0645751237957965,17.479591915437055,0.0038243069771508,16.170506641407403,2,27,0.7683843577944032,0.391304347826087,1.9636489143634748,0.3770800099683162,0.391304347826087,0.0184652752580133,20.42103378906716,0.9072446562614948,0.5301646462931786,0.8378792573399421,0.4607992473716258,,,0,6.661338147750939e-16,3.778353571698973e-16,5.551115123125784e-16,1.1102230246251563e-16,-0.1051912339495186,10,0.2
v2_basis,measurement-basis robustness and scope,U1-RZ-XY-line|n8|d48|i8|dir=gaussian|basis=Z|eta=0,U1-RZ-XY-line|n8|d48|i8,U1-RZ-XY-line,8,48,6.0,8,gaussian,Z,0.0,128,128,552,128,1.0,70,69,0.7368110860278116,0.3598977582745409,0.4897076247823062,0.0594129357495477,0.0667612721890043,16.831351411676575,0.0041639974510345,15.496897927506916,1,7,0.4900325186526764,0.1014492753623188,4.830320541004952,0.3885832432903575,0.1014492753623188,0.0116700248839401,33.297550532656544,0.573377194027949,0.1847939507375914,0.5315462683562716,0.142963025065914,,,0,2.7755575615628917e-15,1.3843267244317949e-15,2.886579864025407e-15,1.1102230246251563e-16,-0.1339680323552741,10,0.2
v2_basis,measurement-basis robustness and scope,U1-RZ-XY-line|n8|d48|i8|dir=gaussian|basis=Z|eta=0,U1-RZ-XY-line|n8|d48|i8,U1-RZ-XY-line,8,48,6.0,8,gaussian,Z,0.0,128,128,552,128,1.0,70,69,0.7368110860278116,0.3598977582745409,0.4897076247823062,0.0594129357495477,0.0667612721890043,16.831351411676575,0.0041639974510345,15.496897927506916,2,27,0.7699451288914428,0.391304347826087,1.967637551611465,0.3786407810653558,0.391304347826087,0.0188639850954604,20.0721522599418,0.9268342569778903,0.5481934759125346,0.8592167526239998,0.4805759715586439,,,0,2.7755575615628917e-15,1.3843267244317949e-15,2.886579864025407e-15,1.1102230246251563e-16,-0.1339680323552741,10,0.2
v2_basis,measurement-basis robustness and scope,U1-RZ-XY-line|n12|d72|i4|dir=gaussian|basis=Z|eta=0,U1-RZ-XY-line|n12|d72|i4,U1-RZ-XY-line,12,72,6.0,4,gaussian,Z,0.0,128,128,1260,128,1.0,924,923,0.7654216492170434,0.3547243296917087,0.4650610899133252,0.0256592102379043,0.0332712476579206,38.97236082982706,0.0008228693329224,34.86057622208857,1,11,0.3018512352215993,0.0119176598049837,25.32806273723056,0.2899335754166155,0.0119176598049837,0.0009057688718918,320.09664320991044,0.5914781699502968,0.3015445945336812,0.5168287030573208,0.2268951276407052,,,0,3.996802888650564e-15,1.8770509621175218e-15,3.996802888650564e-15,5.551115123125783e-17,-0.2177845732367729,10,0.2
v2_basis,measurement-basis robustness and scope,U1-RZ-XY-line|n12|d72|i4|dir=gaussian|basis=Z|eta=0,U1-RZ-XY-line|n12|d72|i4,U1-RZ-XY-line,12,72,6.0,4,gaussian,Z,0.0,128,128,1260,128,1.0,924,923,0.7654216492170434,0.3547243296917087,0.4650610899133252,0.0256592102379043,0.0332712476579206,38.97236082982706,0.0008228693329224,34.86057622208857,2,65,0.5641450878526655,0.0704225352112676,8.01086024750785,0.4937225526413978,0.0704225352112676,0.002135619865101,231.1846601117968,1.3945859354617889,0.900863382820391,1.2185775856905487,0.7248550330491509,,,0,3.996802888650564e-15,1.8770509621175218e-15,3.996802888650564e-15,5.551115123125783e-17,-0.2177845732367729,10,0.2
v2_basis,measurement-basis robustness and scope,SU2-CNOT-line|n8|d48|i0|dir=gaussian|basis=X|eta=0,SU2-CNOT-line|n8|d48|i0,SU2-CNOT-line,8,48,6.0,0,gaussian,X,0.0,128,128,1152,128,1.0,256,255,0.980073930298922,0.4910189757674734,0.5009529562045002,0.0058485153822703,0.0136153238558464,170.98356328709883,4.260316915133703e-05,153.20715457788296,1,8,0.027342666212085,0.0313725490196078,0.8715474855102125,-0.0040298828075227,0.0313725490196078,0.001517053799345,-2.65638753830788,0.2740749885313653,0.2700451057238425,0.1221963509535587,0.118166468146036,,,0,0.0,2.8276524777180693e-16,0.0,6.071532165918825e-17,-0.3641386795645722,10,0.2
v2_basis,measurement-basis robustness and scope,SU2-CNOT-line|n8|d48|i0|dir=gaussian|basis=X|eta=0,SU2-CNOT-line|n8|d48|i0,SU2-CNOT-line,8,48,6.0,0,gaussian,X,0.0,128,128,1152,128,1.0,256,255,0.980073930298922,0.4910189757674734,0.5009529562045002,0.0058485153822703,0.0136153238558464,170.98356328709883,4.260316915133703e-05,153.20715457788296,2,36,0.1353943010030788,0.1411764705882353,0.9590429654384752,-0.0057821695851564,0.1411764705882353,0.0030302664684011,-1.9081389856144104,0.5474560282124536,0.5416738586272972,0.2440833047683757,0.2383011351832193,,,0,0.0,2.8276524777180693e-16,0.0,6.071532165918825e-17,-0.3641386795645722,10,0.2
v2_basis,measurement-basis robustness and scope,SU2-CNOT-line|n8|d48|i8|dir=gaussian|basis=X|eta=0,SU2-CNOT-line|n8|d48|i8,SU2-CNOT-line,8,48,6.0,8,gaussian,X,0.0,128,128,1152,128,1.0,256,255,0.9863320288915236,0.4883797394326454,0.4951762799753919,0.0059561363053299,0.0137221039904446,167.8940757459035,4.651094758999511e-05,146.62985535396473,1,8,0.0295841410160303,0.0313725490196078,0.942994494885968,-0.0017884080035774,0.0313725490196078,0.001525386357145,-1.1724295259364412,0.2755803706638005,0.273791962660223,0.1255623543478234,0.1237739463442459,,,0,8.881784197001252e-16,4.1929472162615895e-16,8.881784197001252e-16,5.551115123125783e-17,-0.3768103719979047,10,0.2
v2_basis,measurement-basis robustness and scope,SU2-CNOT-line|n8|d48|i8|dir=gaussian|basis=X|eta=0,SU2-CNOT-line|n8|d48|i8,SU2-CNOT-line,8,48,6.0,8,gaussian,X,0.0,128,128,1152,128,1.0,256,255,0.9863320288915236,0.4883797394326454,0.4951762799753919,0.0059561363053299,0.0137221039904446,167.8940757459035,4.651094758999511e-05,146.62985535396473,2,36,0.1429424010551515,0.1411764705882353,1.012508674140657,0.0017659304669162,0.1411764705882353,0.0030469104862391,0.5795806850551773,0.5504629808993116,0.5486970504323953,0.2508067889470967,0.2490408584801804,,,0,8.881784197001252e-16,4.1929472162615895e-16,8.881784197001252e-16,5.551115123125783e-17,-0.3768103719979047,10,0.2
v2_basis,measurement-basis robustness and scope,SU2-CNOT-line|n12|d72|i6|dir=gaussian|basis=X|eta=0,SU2-CNOT-line|n12|d72|i6,SU2-CNOT-line,12,72,6.0,6,gaussian,X,0.0,128,128,2592,128,1.0,4096,4095,0.996754697996248,0.4953795145173541,0.4969833088087471,0.0010415502355279,0.0088459131243128,960.107314932484,1.593363635557694e-06,792.214066349567,1,12,0.0027366441360292,0.0029304029304029,0.9338798114199772,-0.0001937587943736,0.0029304029304029,0.0001107781039546,-1.7490712284900876,0.3208084736190533,0.3206147148246797,0.0976737488525872,0.0974799900582135,,,0,8.881784197001252e-16,3.01942810907654e-16,8.881784197001252e-16,4.9439619065338996e-17,-0.4610958769844079,10,0.2
v2_basis,measurement-basis robustness and scope,SU2-CNOT-line|n12|d72|i6|dir=gaussian|basis=X|eta=0,SU2-CNOT-line|n12|d72|i6,SU2-CNOT-line,12,72,6.0,6,gaussian,X,0.0,128,128,2592,128,1.0,4096,4095,0.996754697996248,0.4953795145173541,0.4969833088087471,0.0010415502355279,0.0088459131243128,960.107314932484,1.593363635557694e-06,792.214066349567,2,78,0.0182151934583715,0.019047619047619,0.9562976565645054,-0.0008324255892475,0.019047619047619,0.0002801378762123,-2.9714853289479786,0.8112668592646857,0.8104344336754381,0.2469993219641066,0.2461668963748591,,,0,8.881784197001252e-16,3.01942810907654e-16,8.881784197001252e-16,4.9439619065338996e-17,-0.4610958769844079,10,0.2
v2_basis,measurement-basis robustness and scope,SU2-HaarU4-brickwork|n8|d48|i4|dir=gaussian|basis=X|eta=0,SU2-HaarU4-brickwork|n8|d48|i4,SU2-HaarU4-brickwork,8,48,6.0,4,gaussian,X,0.0,128,128,1152,128,1.0,256,255,0.9665351405958637,0.4792087030146896,0.4956489434662094,0.0073339067486046,0.0150891106021311,136.35297451665394,7.187533105161788e-05,117.95329328159691,1,8,0.0279758268903224,0.0313725490196078,0.8917294821290268,-0.0033967221292854,0.0313725490196078,0.0016282974941172,-2.0860574566730947,0.2941725713475132,0.2907758492182277,0.1626108084027935,0.1592140862735081,,,0,1.2989609388114332e-14,2.366162821232365e-15,1.2989609388114332e-14,5.637851296924623e-17,-0.365575215341594,10,0.2
v2_basis,measurement-basis robustness and scope,SU2-HaarU4-brickwork|n8|d48|i4|dir=gaussian|basis=X|eta=0,SU2-HaarU4-brickwork|n8|d48|i4,SU2-HaarU4-brickwork,8,48,6.0,4,gaussian,X,0.0,128,128,1152,128,1.0,256,255,0.9665351405958637,0.4792087030146896,0.4956489434662094,0.0073339067486046,0.0150891106021311,136.35297451665394,7.187533105161788e-05,117.95329328159691,2,36,0.1315161523730375,0.1411764705882353,0.9315727459756826,-0.0096603182151977,0.1411764705882353,0.0032524721925719,-2.970146289723948,0.5876003074265347,0.5779399892113369,0.3248098915907531,0.3151495733755553,,,0,1.2989609388114332e-14,2.366162821232365e-15,1.2989609388114332e-14,5.637851296924623e-17,-0.365575215341594,10,0.2
v2_basis,measurement-basis robustness and scope,SU2-HaarU4-brickwork|n12|d72|i2|dir=gaussian|basis=X|eta=0,SU2-HaarU4-brickwork|n12|d72|i2,SU2-HaarU4-brickwork,12,72,6.0,2,gaussian,X,0.0,128,128,2592,128,1.0,4096,4095,0.9893573581008396,0.4916793028276571,0.4970462402468924,0.0016176689633483,0.0094175309245721,618.1734475081598,3.882657662766513e-06,507.4993027837502,1,12,0.002560994625742,0.0029304029304029,0.8739394160344606,-0.0003694083046609,0.0029304029304029,0.0001143997252035,-3.229101328727973,0.3312965280578346,0.3309271197531737,0.1281925381161647,0.1278231298115038,,,0,1.498801083243961e-14,1.6289101510049649e-15,1.498801083243961e-14,2.2985086056692694e-17,-0.434489138784879,10,0.2
v2_basis,measurement-basis robustness and scope,SU2-HaarU4-brickwork|n12|d72|i2|dir=gaussian|basis=X|eta=0,SU2-HaarU4-brickwork|n12|d72|i2,SU2-HaarU4-brickwork,12,72,6.0,2,gaussian,X,0.0,128,128,2592,128,1.0,4096,4095,0.9893573581008396,0.4916793028276571,0.4970462402468924,0.0016176689633483,0.0094175309245721,618.1734475081598,3.882657662766513e-06,507.4993027837502,2,78,0.0183174973175441,0.019047619047619,0.96166860917107,-0.0007301217300748,0.019047619047619,0.0002892963041769,-2.523785197160114,0.8377892602734904,0.8370591385434156,0.3241758442520542,0.3234457225219794,,,0,1.498801083243961e-14,1.6289101510049649e-15,1.498801083243961e-14,2.2985086056692694e-17,-0.434489138784879,10,0.2
v2_basis,measurement-basis robustness and scope,U1-RZ-XY-line|n8|d48|i0|dir=gaussian|basis=X|eta=0,U1-RZ-XY-line|n8|d48|i0,U1-RZ-XY-line,8,48,6.0,0,gaussian,X,0.0,128,128,552,128,1.0,256,255,0.7360629014113983,0.3703704724955614,0.5027030974282366,0.0503573220173868,0.057776405439126,19.858085377429926,0.0030395578496778,18.13822535041692,1,8,3.431287769812324e-33,0.0313725490196078,1.093722976627678e-31,-0.0313725490196078,0.0313725490196078,0.0035757513797527,-8.773694166001317,0.6460047882414358,0.614632239221828,0.5998596198474953,0.5684870708278874,,,0,2.1094237467877974e-15,3.7975787239785663e-16,1.9984014443252818e-15,1.2836953722228372e-16,-0.1270050118400596,10,0.2
v2_basis,measurement-basis robustness and scope,U1-RZ-XY-line|n8|d48|i0|dir=gaussian|basis=X|eta=0,U1-RZ-XY-line|n8|d48|i0,U1-RZ-XY-line,8,48,6.0,0,gaussian,X,0.0,128,128,552,128,1.0,256,255,0.7360629014113983,0.3703704724955614,0.5027030974282366,0.0503573220173868,0.057776405439126,19.858085377429926,0.0030395578496778,18.13822535041692,2,36,0.4926343379659255,0.1411764705882353,3.489493227258639,0.3514578673776902,0.1411764705882353,0.0071424490747013,49.206912601247296,1.290373913621128,0.9389160462434378,1.1982004148808354,0.8467425475031451,,,0,2.1094237467877974e-15,3.7975787239785663e-16,1.9984014443252818e-15,1.2836953722228372e-16,-0.1270050118400596,10,0.2
v2_basis,measurement-basis robustness and scope,U1-RZ-XY-line|n8|d48|i8|dir=gaussian|basis=X|eta=0,U1-RZ-XY-line|n8|d48|i8,U1-RZ-XY-line,8,48,6.0,8,gaussian,X,0.0,128,128,552,128,1.0,256,255,0.7368110860278106,0.363367612388503,0.490820191816203,0.0487936508931327,0.0562249504955301,20.494469704474227,0.003079881823147,18.019094945528064,1,8,1.4115883818552153e-33,0.0313725490196078,4.499437967163499e-32,-0.0313725490196078,0.0313725490196078,0.0035238697139257,-8.902868598015516,0.6366317080166933,0.6052591589970855,0.589673337807907,0.5583007887882991,,,0,4.218847493575595e-15,1.3808442454723577e-15,4.218847493575595e-15,6.938893903907227e-17,-0.1579149548099453,10,0.2
v2_basis,measurement-basis robustness and scope,U1-RZ-XY-line|n8|d48|i8|dir=gaussian|basis=X|eta=0,U1-RZ-XY-line|n8|d48|i8,U1-RZ-XY-line,8,48,6.0,8,gaussian,X,0.0,128,128,552,128,1.0,256,255,0.7368110860278106,0.363367612388503,0.490820191816203,0.0487936508931327,0.0562249504955301,20.494469704474227,0.003079881823147,18.019094945528064,2,36,0.4298685466650219,0.1411764705882353,3.044902205543905,0.2886920760767866,0.1411764705882353,0.0070388171057177,41.014288585830336,1.271651485502274,0.9829594094254874,1.17785364213252,0.8891615660557333,,,0,4.218847493575595e-15,1.3808442454723577e-15,4.218847493575595e-15,6.938893903907227e-17,-0.1579149548099453,10,0.2
v2_basis,measurement-basis robustness and scope,U1-RZ-XY-line|n12|d72|i4|dir=gaussian|basis=X|eta=0,U1-RZ-XY-line|n12|d72|i4,U1-RZ-XY-line,12,72,6.0,4,gaussian,X,0.0,128,128,1260,128,1.0,4096,4095,0.7654216492170416,0.3817874889488301,0.4998921618645931,0.0231431319264032,0.0307748262082282,43.20936350274754,0.0007253243856546,37.13076188401831,1,12,4.799582247280795e-33,0.0029304029304029,1.6378574418845712e-30,-0.0029304029304029,0.0029304029304029,0.000208703297504,-14.040999665306902,0.6043954890126427,0.6014650860822398,0.5234328448123795,0.5205024418819766,,,0,1.9984014443252818e-15,1.880699478432937e-15,1.9984014443252818e-15,6.071532165918825e-17,-0.2077347217168692,10,0.2
v2_basis,measurement-basis robustness and scope,U1-RZ-XY-line|n12|d72|i4|dir=gaussian|basis=X|eta=0,U1-RZ-XY-line|n12|d72|i4,U1-RZ-XY-line,12,72,6.0,4,gaussian,X,0.0,128,128,1260,128,1.0,4096,4095,0.7654216492170416,0.3817874889488301,0.4998921618645931,0.0231431319264032,0.0307748262082282,43.20936350274754,0.0007253243856546,37.13076188401831,2,78,0.2326192640358482,0.019047619047619,12.21251136188203,0.2135716449882291,0.019047619047619,0.0005277730565351,404.665684130105,1.5284073534393985,1.3148357084511693,1.3236674058403002,1.110095760852071,,,0,1.9984014443252818e-15,1.880699478432937e-15,1.9984014443252818e-15,6.071532165918825e-17,-0.2077347217168692,10,0.2
v2_basis,measurement-basis robustness and scope,SU2-CNOT-line|n8|d48|i2|dir=gaussian|basis=Y|eta=0,SU2-CNOT-line|n8|d48|i2,SU2-CNOT-line,8,48,6.0,2,gaussian,Y,0.0,128,128,1152,128,1.0,256,255,0.9722332547908537,0.4880522416443899,0.5013936401575914,0.0058677787200681,0.0136344366988176,170.4222411421105,4.299895217257011e-05,152.5004284152261,1,8,0.0306612239072328,0.0313725490196078,0.977326512043048,-0.0007113251123749,0.0313725490196078,0.0015185486242204,-0.4684243237453888,0.2743450475831734,0.2736337224707984,0.1228056194507104,0.1220942943383355,,,0,2.220446049250313e-15,6.297141794121501e-16,2.220446049250313e-15,7.112366251504909e-17,-0.3638243565990106,10,0.2
v2_basis,measurement-basis robustness and scope,SU2-CNOT-line|n8|d48|i2|dir=gaussian|basis=Y|eta=0,SU2-CNOT-line|n8|d48|i2,SU2-CNOT-line,8,48,6.0,2,gaussian,Y,0.0,128,128,1152,128,1.0,256,255,0.9722332547908537,0.4880522416443899,0.5013936401575914,0.0058677787200681,0.0136344366988176,170.4222411421105,4.299895217257011e-05,152.5004284152261,2,36,0.1394072058311762,0.1411764705882353,0.987467707970832,-0.001769264757059,0.1411764705882353,0.0030332523333046,-0.5832896714964111,0.5479954625354392,0.5462261977783802,0.2453002991148974,0.2435310343578384,,,0,2.220446049250313e-15,6.297141794121501e-16,2.220446049250313e-15,7.112366251504909e-17,-0.3638243565990106,10,0.2
v2_basis,measurement-basis robustness and scope,SU2-CNOT-line|n12|d72|i0|dir=gaussian|basis=Y|eta=0,SU2-CNOT-line|n12|d72|i0,SU2-CNOT-line,12,72,6.0,0,gaussian,Y,0.0,128,128,2592,128,1.0,4096,4095,0.9943813352478164,0.49606452660559,0.4989265254155222,0.0010539496967663,0.0088582157147603,948.8118864383688,1.7658080148649292e-06,752.5376937821062,1,12,0.0027733122746455,0.0029304029304029,0.9463928137227958,-0.0001570906557573,0.0029304029304029,0.0001108572957797,-1.4170529296459369,0.3210378096308773,0.3208807189751199,0.0984302734161021,0.0982731827603447,,,0,1.1102230246251563e-15,3.140714936963266e-16,8.881784197001252e-16,2.255140518769849e-17,-0.4503442375498374,10,0.2
v2_basis,measurement-basis robustness and scope,SU2-CNOT-line|n12|d72|i0|dir=gaussian|basis=Y|eta=0,SU2-CNOT-line|n12|d72|i0,SU2-CNOT-line,12,72,6.0,0,gaussian,Y,0.0,128,128,2592,128,1.0,4096,4095,0.9943813352478164,0.49606452660559,0.4989265254155222,0.0010539496967663,0.0088582157147603,948.8118864383688,1.7658080148649292e-06,752.5376937821062,2,78,0.0184861227178762,0.019047619047619,0.9705214426885054,-0.0005614963297427,0.019047619047619,0.0002803381380774,-2.002925230200256,0.8118468087402397,0.811285312410497,0.248912436351877,0.2483509400221343,,,0,1.1102230246251563e-15,3.140714936963266e-16,8.881784197001252e-16,2.255140518769849e-17,-0.4503442375498374,10,0.2
v2_basis,measurement-basis robustness and scope,SU2-CNOT-line|n12|d72|i8|dir=gaussian|basis=Y|eta=0,SU2-CNOT-line|n12|d72|i8,SU2-CNOT-line,12,72,6.0,8,gaussian,Y,0.0,128,128,2592,128,1.0,4096,4095,0.993984934077072,0.4968378064736912,0.4998450116195766,0.0010397965697581,0.0088441731590569,961.7265810297916,1.5474563117010634e-06,803.8792185099936,1,12,0.0028364864793829,0.0029304029304029,0.9679510110894356,-9.391645101996908e-05,0.0029304029304029,0.0001107668992211,-0.8478746961442859,0.320776025208099,0.3206821087570791,0.0975662794875808,0.0974723630365609,,,0,2.220446049250313e-16,2.491073821451918e-16,4.440892098500626e-16,2.688821387764051e-17,-0.4533651186766029,10,0.2
v2_basis,measurement-basis robustness and scope,SU2-CNOT-line|n12|d72|i8|dir=gaussian|basis=Y|eta=0,SU2-CNOT-line|n12|d72|i8,SU2-CNOT-line,12,72,6.0,8,gaussian,Y,0.0,128,128,2592,128,1.0,4096,4095,0.993984934077072,0.4968378064736912,0.4998450116195766,0.0010397965697581,0.0088441731590569,961.7265810297916,1.5474563117010634e-06,803.8792185099936,2,78,0.0185440022770216,0.019047619047619,0.9735601195436364,-0.0005036167705974,0.019047619047619,0.000280109541459,-1.797927939098652,0.811184803076624,0.8106811863060266,0.2467275512928635,0.2462239345222661,,,0,2.220446049250313e-16,2.491073821451918e-16,4.440892098500626e-16,2.688821387764051e-17,-0.4533651186766029,10,0.2
v2_basis,measurement-basis robustness and scope,SU2-HaarU4-brickwork|n8|d48|i6|dir=gaussian|basis=Y|eta=0,SU2-HaarU4-brickwork|n8|d48|i6,SU2-HaarU4-brickwork,8,48,6.0,6,gaussian,Y,0.0,128,128,1152,128,1.0,256,255,0.9788686714089244,0.4826855014893719,0.4932069052321464,0.0070235048724079,0.0147811337405922,142.37905691907994,6.49697342281693e-05,124.06362165429336,1,8,0.0275220558844096,0.0313725490196078,0.8772655313155563,-0.0038504931351982,0.0313725490196078,0.0016056880476185,-2.3980331303512807,0.2900878883965697,0.2862373952613715,0.1550385912747226,0.1511880981395244,,,0,1.2878587085651816e-14,2.824129818890242e-15,1.27675647831893e-14,7.28583859910259e-17,-0.3592751822709782,10,0.2
v2_basis,measurement-basis robustness and scope,SU2-HaarU4-brickwork|n8|d48|i6|dir=gaussian|basis=Y|eta=0,SU2-HaarU4-brickwork|n8|d48|i6,SU2-HaarU4-brickwork,8,48,6.0,6,gaussian,Y,0.0,128,128,1152,128,1.0,256,255,0.9788686714089244,0.4826855014893719,0.4932069052321464,0.0070235048724079,0.0147811337405922,142.37905691907994,6.49697342281693e-05,124.06362165429336,2,36,0.1373480043991087,0.1411764705882353,0.9728816978270204,-0.0038284661891265,0.1411764705882353,0.0032073105459487,-1.1936686935296563,0.5794412838074395,0.575612817618313,0.3096846299391536,0.305856163750027,,,0,1.2878587085651816e-14,2.824129818890242e-15,1.27675647831893e-14,7.28583859910259e-17,-0.3592751822709782,10,0.2
v2_basis,measurement-basis robustness and scope,SU2-HaarU4-brickwork|n12|d72|i4|dir=gaussian|basis=Y|eta=0,SU2-HaarU4-brickwork|n12|d72|i4,SU2-HaarU4-brickwork,12,72,6.0,4,gaussian,Y,0.0,128,128,2592,128,1.0,4096,4095,0.9879195310948196,0.4898111093896085,0.4958007233792593,0.0016346737289336,0.0094344028404263,611.7428709472892,4.206744630411597e-06,487.5587169235402,1,12,0.0026258584259786,0.0029304029304029,0.8960741878652305,-0.0003045445044242,0.0029304029304029,0.0001145048808947,-2.6596639553229524,0.3316010542734838,0.3312965097690595,0.1289836658104796,0.1286791213060554,,,0,2.042810365310288e-14,2.6107934463411284e-15,2.042810365310288e-14,3.2959746043559335e-17,-0.4427597058386952,10,0.2
v2_basis,measurement-basis robustness and scope,SU2-HaarU4-brickwork|n12|d72|i4|dir=gaussian|basis=Y|eta=0,SU2-HaarU4-brickwork|n12|d72|i4,SU2-HaarU4-brickwork,12,72,6.0,4,gaussian,Y,0.0,128,128,2592,128,1.0,4096,4095,0.9879195310948196,0.4898111093896085,0.4958007233792593,0.0016346737289336,0.0094344028404263,611.7428709472892,4.206744630411597e-06,487.5587169235402,2,78,0.0184179740074028,0.019047619047619,0.96694363538865,-0.0006296450402161,0.019047619047619,0.0002895622239836,-2.1744723173963734,0.8385593522344241,0.8379297071942079,0.3261764637263586,0.3255468186861425,,,0,2.042810365310288e-14,2.6107934463411284e-15,2.042810365310288e-14,3.2959746043559335e-17,-0.4427597058386952,10,0.2
v2_basis,measurement-basis robustness and scope,U1-RZ-XY-line|n8|d48|i2|dir=gaussian|basis=Y|eta=0,U1-RZ-XY-line|n8|d48|i2,U1-RZ-XY-line,8,48,6.0,2,gaussian,Y,0.0,128,128,552,128,1.0,256,255,0.7544040151318889,0.3834645701033169,0.5066828383603252,0.050295212993012,0.0577147816415041,19.88260791616369,0.0031578513948045,17.795252540200867,1,8,1.6378624318262256e-33,0.0313725490196078,5.220686501446094e-32,-0.0313725490196078,0.0313725490196078,0.0035737050041327,-8.778718160376242,0.6456350845599862,0.6142625355403784,0.5994583217170958,0.568085772697488,,,0,2.886579864025407e-15,8.001890360417217e-16,2.886579864025407e-15,1.0364972768961421e-16,-0.1706724700401357,10,0.2
v2_basis,measurement-basis robustness and scope,U1-RZ-XY-line|n8|d48|i2|dir=gaussian|basis=Y|eta=0,U1-RZ-XY-line|n8|d48|i2,U1-RZ-XY-line,8,48,6.0,2,gaussian,Y,0.0,128,128,552,128,1.0,256,255,0.7544040151318889,0.3834645701033169,0.5066828383603252,0.050295212993012,0.0577147816415041,19.88260791616369,0.0031578513948045,17.795252540200867,2,36,0.380427311790263,0.1411764705882353,2.694693458514363,0.2392508412020277,0.1411764705882353,0.0071383615048171,33.51621251467514,1.289635442335782,1.0503846011337543,1.1973988346936946,0.9581479934916668,,,0,2.886579864025407e-15,8.001890360417217e-16,2.886579864025407e-15,1.0364972768961421e-16,-0.1706724700401357,10,0.2
v2_basis,measurement-basis robustness and scope,U1-RZ-XY-line|n8|d48|i10|dir=gaussian|basis=Y|eta=0,U1-RZ-XY-line|n8|d48|i10,U1-RZ-XY-line,8,48,6.0,10,gaussian,Y,0.0,128,128,552,128,1.0,256,255,0.7553188845524826,0.3858968519641669,0.5103290147653925,0.0495169550456702,0.0569426038343759,20.195102850683867,0.0032323176342948,17.589074330515672,1,8,2.3961055661137848e-33,0.0313725490196078,7.637586491987691e-32,-0.0313725490196078,0.0313725490196078,0.0035479628125275,-8.842412019887574,0.6409844315165563,0.6096118824969484,0.5944068836932878,0.5630343346736799,,,0,7.771561172376097e-16,3.6514177921909e-16,8.881784197001252e-16,9.6710833785707e-17,-0.1133689403066496,10,0.2
v2_basis,measurement-basis robustness and scope,U1-RZ-XY-line|n8|d48|i10|dir=gaussian|basis=Y|eta=0,U1-RZ-XY-line|n8|d48|i10,U1-RZ-XY-line,8,48,6.0,10,gaussian,Y,0.0,128,128,552,128,1.0,256,255,0.7553188845524826,0.3858968519641669,0.5103290147653925,0.0495169550456702,0.0569426038343759,20.195102850683867,0.0032323176342948,17.589074330515672,2,36,0.4339601077514575,0.1411764705882353,3.0738840965728245,0.2927836371632222,0.1411764705882353,0.0070869422999886,41.31311146186316,1.2803459115493605,0.9875622743861384,1.1873087487208958,0.8945251115576736,,,0,7.771561172376097e-16,3.6514177921909e-16,8.881784197001252e-16,9.6710833785707e-17,-0.1133689403066496,10,0.2
v2_basis,measurement-basis robustness and scope,U1-RZ-XY-line|n12|d72|i6|dir=gaussian|basis=Y|eta=0,U1-RZ-XY-line|n12|d72|i6,U1-RZ-XY-line,12,72,6.0,6,gaussian,Y,0.0,128,128,1260,128,1.0,4096,4095,0.7684598511245191,0.3861472590219438,0.5019893772230424,0.0225305958235677,0.0301670755436961,44.38409032014887,0.0006827856490936,38.26994232945184,1,12,4.4938919493029326e-33,0.0029304029304029,1.533540627699626e-30,-0.0029304029304029,0.0029304029304029,0.0002066156043908,-14.182873258977256,0.5983496223917802,0.5954192194613773,0.5163845945857054,0.5134541916553025,,,0,2.220446049250313e-16,1.0434880814332485e-15,0.0,5.551115123125783e-17,-0.2279904779997802,10,0.2
v2_basis,measurement-basis robustness and scope,U1-RZ-XY-line|n12|d72|i6|dir=gaussian|basis=Y|eta=0,U1-RZ-XY-line|n12|d72|i6,U1-RZ-XY-line,12,72,6.0,6,gaussian,Y,0.0,128,128,1260,128,1.0,4096,4095,0.7684598511245191,0.3861472590219438,0.5019893772230424,0.0225305958235677,0.0301670755436961,44.38409032014887,0.0006827856490936,38.26994232945184,2,78,0.2164065383032543,0.019047619047619,11.361343260920853,0.1973589192556353,0.019047619047619,0.0005224936565993,377.7250053907884,1.5131184454822335,1.3157595262265982,1.3058436502511774,1.108484730995542,,,0,2.220446049250313e-16,1.0434880814332485e-15,0.0,5.551115123125783e-17,-0.2279904779997802,10,0.2
v2_basis,measurement-basis robustness and scope,SU2-CNOT-line|n8|d48|i2|dir=gaussian|basis=RANDOM_LOCAL|eta=0,SU2-CNOT-line|n8|d48|i2,SU2-CNOT-line,8,48,6.0,2,gaussian,RANDOM_LOCAL,0.0,128,128,1152,128,1.0,256,255,0.9722332547908556,0.4891955552142757,0.5032847715429705,0.0058243037932378,0.0135913014198531,171.6943407315085,4.288028127020729e-05,152.71130459335424,1,8,0.0299657715755984,0.0313725490196078,0.9551589689721997,-0.0014067774440094,0.0313725490196078,0.0015151729011365,-0.9284600080652152,0.2737351804407474,0.272328402996738,0.1214262414316413,0.1200194639876319,,,0,3.996802888650564e-15,6.575932418586165e-16,4.218847493575595e-15,8.847089727481715e-17,-0.3647180349318557,10,0.2
v2_basis,measurement-basis robustness and scope,SU2-CNOT-line|n8|d48|i2|dir=gaussian|basis=RANDOM_LOCAL|eta=0,SU2-CNOT-line|n8|d48|i2,SU2-CNOT-line,8,48,6.0,2,gaussian,RANDOM_LOCAL,0.0,128,128,1152,128,1.0,256,255,0.9722332547908556,0.4891955552142757,0.5032847715429705,0.0058243037932378,0.0135913014198531,171.6943407315085,4.288028127020729e-05,152.71130459335424,2,36,0.1387072919065965,0.1411764705882353,0.9825099843383924,-0.0024691786816387,0.1411764705882353,0.0030265094343565,-0.8158503170711799,0.5467772724141192,0.5443080937324805,0.2425450356165037,0.240075856934865,,,0,3.996802888650564e-15,6.575932418586165e-16,4.218847493575595e-15,8.847089727481715e-17,-0.3647180349318557,10,0.2
v2_basis,measurement-basis robustness and scope,SU2-CNOT-line|n12|d72|i0|dir=gaussian|basis=RANDOM_LOCAL|eta=0,SU2-CNOT-line|n12|d72|i0,SU2-CNOT-line,12,72,6.0,0,gaussian,RANDOM_LOCAL,0.0,128,128,2592,128,1.0,4096,4095,0.9943813352478184,0.4945450575149729,0.4973510652293377,0.0010610449345859,0.0088652555210344,942.4671542211724,1.7776448963655914e-06,750.028031244306,1,12,0.00285383988281,0.0029304029304029,0.973872860008928,-7.656304759288534e-05,0.0029304029304029,0.0001109025856045,-0.6903630530838735,0.3211689669539292,0.3210924039063363,0.098860568862088,0.0987840058144951,,,0,2.886579864025407e-15,3.007694859146462e-16,2.664535259100376e-15,3.686287386450715e-17,-0.4571857989538531,10,0.2
v2_basis,measurement-basis robustness and scope,SU2-CNOT-line|n12|d72|i0|dir=gaussian|basis=RANDOM_LOCAL|eta=0,SU2-CNOT-line|n12|d72|i0,SU2-CNOT-line,12,72,6.0,0,gaussian,RANDOM_LOCAL,0.0,128,128,2592,128,1.0,4096,4095,0.9943813352478184,0.4945450575149729,0.4973510652293377,0.0010610449345859,0.0088652555210344,942.4671542211724,1.7776448963655914e-06,750.028031244306,2,78,0.0188497751555243,0.019047619047619,0.9896131956650271,-0.0001978438920947,0.019047619047619,0.0002804526678887,-0.7054448566458856,0.812178481991702,0.8119806380996072,0.2500005760480729,0.2498027321559782,,,0,2.886579864025407e-15,3.007694859146462e-16,2.664535259100376e-15,3.686287386450715e-17,-0.4571857989538531,10,0.2
v2_basis,measurement-basis robustness and scope,SU2-CNOT-line|n12|d72|i8|dir=gaussian|basis=RANDOM_LOCAL|eta=0,SU2-CNOT-line|n12|d72|i8,SU2-CNOT-line,12,72,6.0,8,gaussian,RANDOM_LOCAL,0.0,128,128,2592,128,1.0,4096,4095,0.9939849340770732,0.497192961952034,0.5002259436976039,0.0010345870520882,0.0088390043407438,966.569220039578,1.5191174645624212e-06,811.3426788880547,1,12,0.0027586835317825,0.0029304029304029,0.9414007552207836,-0.0001717193986204,0.0029304029304029,0.000110733607254,-1.5507432917489716,0.3206796131486907,0.3205078937500703,0.097246325754963,0.0970746063563426,,,0,8.881784197001252e-16,2.528541709776057e-16,8.881784197001252e-16,3.2959746043559335e-17,-0.4509105223897651,10,0.2
v2_basis,measurement-basis robustness and scope,SU2-CNOT-line|n12|d72|i8|dir=gaussian|basis=RANDOM_LOCAL|eta=0,SU2-CNOT-line|n12|d72|i8,SU2-CNOT-line,12,72,6.0,8,gaussian,RANDOM_LOCAL,0.0,128,128,2592,128,1.0,4096,4095,0.9939849340770732,0.497192961952034,0.5002259436976039,0.0010345870520882,0.0088390043407438,966.569220039578,1.5191174645624212e-06,811.3426788880547,2,78,0.0188740387216921,0.019047619047619,0.9908870328888374,-0.0001735803259269,0.019047619047619,0.0002800253520695,-0.6198736101716145,0.8109409943400622,0.8107674140141352,0.2459184459196711,0.2457448655937442,,,0,8.881784197001252e-16,2.528541709776057e-16,8.881784197001252e-16,3.2959746043559335e-17,-0.4509105223897651,10,0.2
v2_basis,measurement-basis robustness and scope,SU2-HaarU4-brickwork|n8|d48|i6|dir=gaussian|basis=RANDOM_LOCAL|eta=0,SU2-HaarU4-brickwork|n8|d48|i6,SU2-HaarU4-brickwork,8,48,6.0,6,gaussian,RANDOM_LOCAL,0.0,128,128,1152,128,1.0,256,255,0.9788686714089254,0.4809092055477803,0.491765797044061,0.0072091073479803,0.0149652861968242,138.71342896290165,6.799146867698796e-05,121.27542040227348,1,8,0.0284148177530934,0.0313725490196078,0.9057223158798532,-0.0029577312665144,0.0313725490196078,0.001619245144798,-1.8266111688007012,0.2925371497580349,0.2895794184915206,0.1596095298123685,0.1566517985458541,,,0,1.1879386363489175e-14,2.806808851452038e-15,1.1879386363489175e-14,1.1102230246251563e-16,-0.3756017175252096,10,0.2
v2_basis,measurement-basis robustness and scope,SU2-HaarU4-brickwork|n8|d48|i6|dir=gaussian|basis=RANDOM_LOCAL|eta=0,SU2-HaarU4-brickwork|n8|d48|i6,SU2-HaarU4-brickwork,8,48,6.0,6,gaussian,RANDOM_LOCAL,0.0,128,128,1152,128,1.0,256,255,0.9788686714089254,0.4809092055477803,0.491765797044061,0.0072091073479803,0.0149652861968242,138.71342896290165,6.799146867698796e-05,121.27542040227348,2,36,0.1351617152927085,0.1411764705882353,0.957395483323352,-0.0060147552955267,0.1411764705882353,0.0032343904141839,-1.859625625017277,0.5843336050812159,0.5783188497856891,0.3188149335485123,0.3128001782529855,,,0,1.1879386363489175e-14,2.806808851452038e-15,1.1879386363489175e-14,1.1102230246251563e-16,-0.3756017175252096,10,0.2
v2_basis,measurement-basis robustness and scope,SU2-HaarU4-brickwork|n12|d72|i4|dir=gaussian|basis=RANDOM_LOCAL|eta=0,SU2-HaarU4-brickwork|n12|d72|i4,SU2-HaarU4-brickwork,12,72,6.0,4,gaussian,RANDOM_LOCAL,0.0,128,128,2592,128,1.0,4096,4095,0.9879195310948214,0.4898396519641456,0.4957554992189968,0.0016203403508112,0.0094201814418205,617.1542907632514,3.943734312387489e-06,503.55414532073104,1,12,0.0027744237026601,0.0029304029304029,0.9467720885327682,-0.0001559792277428,0.0029304029304029,0.0001144162511828,-1.3632611288196153,0.3313443865604995,0.3311884073327567,0.1283171443701872,0.1281611651424444,,,0,1.8651746813702633e-14,2.6107795787859567e-15,1.8651746813702633e-14,3.5128150388530344e-17,-0.4411222805877597,10,0.2
v2_basis,measurement-basis robustness and scope,SU2-HaarU4-brickwork|n12|d72|i4|dir=gaussian|basis=RANDOM_LOCAL|eta=0,SU2-HaarU4-brickwork|n12|d72|i4,SU2-HaarU4-brickwork,12,72,6.0,4,gaussian,RANDOM_LOCAL,0.0,128,128,2592,128,1.0,4096,4095,0.9879195310948214,0.4898396519641456,0.4957554992189968,0.0016203403508112,0.0094201814418205,617.1542907632514,3.943734312387489e-06,503.55414532073104,2,78,0.0183324806040575,0.019047619047619,0.962455231713022,-0.0007151384435614,0.019047619047619,0.0002893380954025,-2.471635968179686,0.8379102858084709,0.8371951473649094,0.3244909510296438,0.3237758125860823,,,0,1.8651746813702633e-14,2.6107795787859567e-15,1.8651746813702633e-14,3.5128150388530344e-17,-0.4411222805877597,10,0.2
v2_basis,measurement-basis robustness and scope,U1-RZ-XY-line|n8|d48|i2|dir=gaussian|basis=RANDOM_LOCAL|eta=0,U1-RZ-XY-line|n8|d48|i2,U1-RZ-XY-line,8,48,6.0,2,gaussian,RANDOM_LOCAL,0.0,128,128,552,128,1.0,256,255,0.7544040151318895,0.3765794332301678,0.4982369434651796,0.0449856819878864,0.052446731347356,22.22929509592132,0.0024715693895937,20.11470168575017,1,8,0.1454044418896878,0.0313725490196078,4.634766585233799,0.1140318928700799,0.0313725490196078,0.0033942080407983,33.59602343150964,0.6132066840717928,0.4991747912017128,0.5640980585046431,0.4500661656345631,,,0,1.9984014443252818e-15,8.066538774709498e-16,1.9984014443252818e-15,1.3183898417423734e-16,-0.1844618608772984,10,0.2
v2_basis,measurement-basis robustness and scope,U1-RZ-XY-line|n8|d48|i2|dir=gaussian|basis=RANDOM_LOCAL|eta=0,U1-RZ-XY-line|n8|d48|i2,U1-RZ-XY-line,8,48,6.0,2,gaussian,RANDOM_LOCAL,0.0,128,128,552,128,1.0,256,255,0.7544040151318895,0.3765794332301678,0.4982369434651796,0.0449856819878864,0.052446731347356,22.22929509592132,0.0024715693895937,20.11470168575017,2,36,0.3466937413986244,0.1411764705882353,2.4557473349069228,0.2055172708103891,0.1411764705882353,0.0067798220585516,30.31307739871465,1.2248607490021088,1.0193434781917197,1.1267678392914238,0.9212505684810346,,,0,1.9984014443252818e-15,8.066538774709498e-16,1.9984014443252818e-15,1.3183898417423734e-16,-0.1844618608772984,10,0.2
v2_basis,measurement-basis robustness and scope,U1-RZ-XY-line|n8|d48|i10|dir=gaussian|basis=RANDOM_LOCAL|eta=0,U1-RZ-XY-line|n8|d48|i10,U1-RZ-XY-line,8,48,6.0,10,gaussian,RANDOM_LOCAL,0.0,128,128,552,128,1.0,256,255,0.7553188845524833,0.3758736525592396,0.4984313647708702,0.0488450036414951,0.0562759020505459,20.472923030974528,0.003230202856845,17.594831072938103,1,8,0.2010487840237195,0.0313725490196078,6.408429990756059,0.1696762350041116,0.0313725490196078,0.0035255856922234,48.12710562627235,0.6369417212360328,0.4672654862319211,0.5900106598829338,0.4203344248788221,,,0,2.220446049250313e-16,3.7572684881917134e-16,2.220446049250313e-16,2.7755575615628914e-16,-0.1294629715786907,10,0.2
v2_basis,measurement-basis robustness and scope,U1-RZ-XY-line|n8|d48|i10|dir=gaussian|basis=RANDOM_LOCAL|eta=0,U1-RZ-XY-line|n8|d48|i10,U1-RZ-XY-line,8,48,6.0,10,gaussian,RANDOM_LOCAL,0.0,128,128,552,128,1.0,256,255,0.7553188845524833,0.3758736525592396,0.4984313647708702,0.0488450036414951,0.0562759020505459,20.472923030974528,0.003230202856845,17.594831072938103,2,36,0.4528699494506196,0.1411764705882353,3.207828808608556,0.3116934788623843,0.1411764705882353,0.0070422447175124,44.26052932913191,1.2722707269976852,0.9605772481353008,1.178527432194182,0.8668339533317976,,,0,2.220446049250313e-16,3.7572684881917134e-16,2.220446049250313e-16,2.7755575615628914e-16,-0.1294629715786907,10,0.2
v2_basis,measurement-basis robustness and scope,U1-RZ-XY-line|n12|d72|i6|dir=gaussian|basis=RANDOM_LOCAL|eta=0,U1-RZ-XY-line|n12|d72|i6,U1-RZ-XY-line,12,72,6.0,6,gaussian,RANDOM_LOCAL,0.0,128,128,1260,128,1.0,4096,4095,0.768459851124519,0.373241771155049,0.4861953834727657,0.0217081488499082,0.0293510539370183,46.06565059573133,0.0006015363673514,40.77266093303909,1,12,0.1373645360115921,0.0029304029304029,46.8756479139558,0.1344341330811891,0.0029304029304029,0.0002037788411067,659.7060438222022,0.5901344817933809,0.4557003487121917,0.5067668172382539,0.3723326841570647,,,0,2.220446049250313e-16,1.0686797729075024e-15,0.0,2.220446049250313e-16,-0.2209883907964217,10,0.2
v2_basis,measurement-basis robustness and scope,U1-RZ-XY-line|n12|d72|i6|dir=gaussian|basis=RANDOM_LOCAL|eta=0,U1-RZ-XY-line|n12|d72|i6,U1-RZ-XY-line,12,72,6.0,6,gaussian,RANDOM_LOCAL,0.0,128,128,1260,128,1.0,4096,4095,0.768459851124519,0.373241771155049,0.4861953834727657,0.0217081488499082,0.0293510539370183,46.06565059573133,0.0006015363673514,40.77266093303909,2,78,0.2535724098892869,0.019047619047619,13.31255151918756,0.2345247908416678,0.019047619047619,0.000515319993092,455.1051656941361,1.4923438342741917,1.2578190434325236,1.28152202328867,1.046997232447002,,,0,2.220446049250313e-16,1.0686797729075024e-15,0.0,2.220446049250313e-16,-0.2209883907964217,10,0.2
v2_basis,measurement-basis robustness and scope,SU2-CNOT-line|n8|d48|i3|dir=gaussian|basis=Z|eta=0,SU2-CNOT-line|n8|d48|i3,SU2-CNOT-line,8,48,6.0,3,gaussian,Z,0.0,128,128,1152,128,1.0,256,255,0.9884402092360984,0.4860352826464552,0.4912356606431442,0.0057745332456086,0.0135419197046273,173.17416966305868,4.227076097818161e-05,153.80836899389638,1,8,0.0309773620043623,0.0313725490196078,0.9874034138890512,-0.0003951870152454,0.0313725490196078,0.0015112990812133,-0.2614882918662011,0.2730353257938873,0.2726401387786418,0.1198276226866873,0.1194324356714419,,,0,9.992007221626409e-16,1.734723475976807e-16,9.992007221626409e-16,5.551115123125783e-17,-0.3833937563671764,10,0.2
v2_basis,measurement-basis robustness and scope,SU2-CNOT-line|n8|d48|i3|dir=gaussian|basis=Z|eta=0,SU2-CNOT-line|n8|d48|i3,SU2-CNOT-line,8,48,6.0,3,gaussian,Z,0.0,128,128,1152,128,1.0,256,255,0.9884402092360984,0.4860352826464552,0.4912356606431442,0.0057745332456086,0.0135419197046273,173.17416966305868,4.227076097818161e-05,153.80836899389638,2,36,0.1411057518292214,0.1411764705882353,0.999499075456985,-7.071875901387692e-05,0.1411764705882353,0.0030187716028948,-0.0234263363767108,0.5453793351293302,0.5453086163703164,0.2393518457766424,0.2392811270176285,,,0,9.992007221626409e-16,1.734723475976807e-16,9.992007221626409e-16,5.551115123125783e-17,-0.3833937563671764,10,0.2
v2_basis,measurement-basis robustness and scope,SU2-CNOT-line|n12|d72|i1|dir=gaussian|basis=Z|eta=0,SU2-CNOT-line|n12|d72|i1,SU2-CNOT-line,12,72,6.0,1,gaussian,Z,0.0,128,128,2592,128,1.0,4096,4095,0.992746836212548,0.4905375061930351,0.4940989157528469,0.0010433446341947,0.0088476935042401,958.456072160436,1.6325397814485777e-06,782.6509442687624,1,12,0.0027947199715237,0.0029304029304029,0.95369819028249,-0.0001356829588791,0.0029304029304029,0.0001107895677706,-1.2246907503062874,0.3208416723216417,0.3207059893627625,0.0977835921777647,0.0976479092188856,,,0,4.218847493575595e-15,6.826171318865729e-16,4.440892098500626e-15,2.3852447794681098e-17,-0.4516659161044166,10,0.2
v2_basis,measurement-basis robustness and scope,SU2-CNOT-line|n12|d72|i1|dir=gaussian|basis=Z|eta=0,SU2-CNOT-line|n12|d72|i1,SU2-CNOT-line,12,72,6.0,1,gaussian,Z,0.0,128,128,2592,128,1.0,4096,4095,0.992746836212548,0.4905375061930351,0.4940989157528469,0.0010433446341947,0.0088476935042401,958.456072160436,1.6325397814485777e-06,782.6509442687624,2,78,0.018912165302758,0.019047619047619,0.9928886783948,-0.0001354537448609,0.019047619047619,0.0002801668661386,-0.4834752471903553,0.8113508128051786,0.8112153590603177,0.2472770959531246,0.2471416422082636,,,0,4.218847493575595e-15,6.826171318865729e-16,4.440892098500626e-15,2.3852447794681098e-17,-0.4516659161044166,10,0.2
v2_basis,measurement-basis robustness and scope,SU2-CNOT-line|n12|d72|i9|dir=gaussian|basis=Z|eta=0,SU2-CNOT-line|n12|d72|i9,SU2-CNOT-line,12,72,6.0,9,gaussian,Z,0.0,128,128,2592,128,1.0,4096,4095,0.9917081474156796,0.4913229728940006,0.4954409204341113,0.0010412121044418,0.0088455776348758,960.4191074363988,1.563370321225274e-06,799.7772907997137,1,12,0.0030333991136332,0.0029304029304029,1.0351474475273517,0.0001029961832303,0.0029304029304029,0.0001107759436147,0.9297703081502322,0.3208022173707252,0.3206992211874949,0.0976530364720383,0.097550040288808,,,0,2.664535259100376e-15,3.764572438578015e-16,3.1086244689504387e-15,2.3418766925686896e-17,-0.459586569831174,10,0.2
v2_basis,measurement-basis robustness and scope,SU2-CNOT-line|n12|d72|i9|dir=gaussian|basis=Z|eta=0,SU2-CNOT-line|n12|d72|i9,SU2-CNOT-line,12,72,6.0,9,gaussian,Z,0.0,128,128,2592,128,1.0,4096,4095,0.9917081474156796,0.4913229728940006,0.4954409204341113,0.0010412121044418,0.0088455776348758,960.4191074363988,1.563370321225274e-06,799.7772907997137,2,78,0.0188615014900474,0.019047619047619,0.9902288282274924,-0.0001861175575715,0.019047619047619,0.0002801324131018,-0.6643913694624414,0.8112510383392759,0.8110649207817043,0.2469469440835405,0.2467608265259689,,,0,2.664535259100376e-15,3.764572438578015e-16,3.1086244689504387e-15,2.3418766925686896e-17,-0.459586569831174,10,0.2
v2_basis,measurement-basis robustness and scope,SU2-HaarU4-brickwork|n8|d48|i7|dir=gaussian|basis=Z|eta=0,SU2-HaarU4-brickwork|n8|d48|i7,SU2-HaarU4-brickwork,8,48,6.0,7,gaussian,Z,0.0,128,128,1152,128,1.0,256,255,0.9896327661910308,0.4842679591534533,0.4895093388906455,0.007271754579091,0.0150274439964419,137.5183924489646,7.242725748619726e-05,117.50300672486271,1,8,0.0296587093071962,0.0313725490196078,0.9453713591668792,-0.0017138397124116,0.0313725490196078,0.0016237955822054,-1.0554528730050232,0.2933592439255543,0.2916454042131426,0.1611231101648041,0.1594092704523925,,,0,3.774758283725532e-15,7.096058078194674e-16,3.6637359812630166e-15,4.163336342344337e-17,-0.348350467736038,10,0.2
v2_basis,measurement-basis robustness and scope,SU2-HaarU4-brickwork|n8|d48|i7|dir=gaussian|basis=Z|eta=0,SU2-HaarU4-brickwork|n8|d48|i7,SU2-HaarU4-brickwork,8,48,6.0,7,gaussian,Z,0.0,128,128,1152,128,1.0,256,255,0.9896327661910308,0.4842679591534533,0.4895093388906455,0.007271754579091,0.0150274439964419,137.5183924489646,7.242725748619726e-05,117.50300672486271,2,36,0.1347621810205082,0.1411764705882353,0.954565448895267,-0.006414289567727,0.1411764705882353,0.0032434797674411,-1.9775950607478232,0.5859757119008802,0.5795614223331531,0.3218382619177479,0.3154239723500208,,,0,3.774758283725532e-15,7.096058078194674e-16,3.6637359812630166e-15,4.163336342344337e-17,-0.348350467736038,10,0.2
v2_basis,measurement-basis robustness and scope,SU2-HaarU4-brickwork|n12|d72|i5|dir=gaussian|basis=Z|eta=0,SU2-HaarU4-brickwork|n12|d72|i5,SU2-HaarU4-brickwork,12,72,6.0,5,gaussian,Z,0.0,128,128,2592,128,1.0,4096,4095,0.9902053082569058,0.4905274418054978,0.4953369967225574,0.0016607650324113,0.0094602903055956,602.132138191794,4.4383960612270215e-06,474.66474133938505,1,12,0.0028747754109423,0.0029304029304029,0.9810171089840932,-5.562751946053268e-05,0.0029304029304029,0.0001146660392892,-0.4851263705046115,0.3320677618331404,0.3320121343136799,0.1301881876026213,0.1301325600831607,,,0,2.2648549702353197e-14,2.762570147035171e-15,2.2759572004815712e-14,2.4286128663675302e-17,-0.4475363097338164,10,0.2
v2_basis,measurement-basis robustness and scope,SU2-HaarU4-brickwork|n12|d72|i5|dir=gaussian|basis=Z|eta=0,SU2-HaarU4-brickwork|n12|d72|i5,SU2-HaarU4-brickwork,12,72,6.0,5,gaussian,Z,0.0,128,128,2592,128,1.0,4096,4095,0.9902053082569058,0.4905274418054978,0.4953369967225574,0.0016607650324113,0.0094602903055956,602.132138191794,4.4383960612270215e-06,474.66474133938505,2,78,0.0179831317759271,0.019047619047619,0.9441144182361764,-0.0010644872716918,0.019047619047619,0.0002899697645423,-3.671028506616528,0.8397395716090762,0.8386750843373844,0.3292224824309237,0.3281579951592318,,,0,2.2648549702353197e-14,2.762570147035171e-15,2.2759572004815712e-14,2.4286128663675302e-17,-0.4475363097338164,10,0.2
v2_basis,measurement-basis robustness and scope,U1-RZ-XY-line|n8|d48|i3|dir=gaussian|basis=Z|eta=0,U1-RZ-XY-line|n8|d48|i3,U1-RZ-XY-line,8,48,6.0,3,gaussian,Z,0.0,128,128,552,128,1.0,70,69,0.7352628294542508,0.3395870573286539,0.4652424002971453,0.0560731049723787,0.063447533839782,17.83386171485587,0.0038514174907638,16.11349322520422,1,7,0.4161941906207363,0.1014492753623188,4.102485593261544,0.3147449152584174,0.1014492753623188,0.0112940378554271,27.868236257696942,0.5549040211304027,0.2401591058719852,0.5114043252149229,0.1966594099565053,,,0,1.1102230246251563e-16,6.97350206824216e-17,0.0,5.551115123125783e-17,-0.1710209347534719,10,0.2
v2_basis,measurement-basis robustness and scope,U1-RZ-XY-line|n8|d48|i3|dir=gaussian|basis=Z|eta=0,U1-RZ-XY-line|n8|d48|i3,U1-RZ-XY-line,8,48,6.0,3,gaussian,Z,0.0,128,128,552,128,1.0,70,69,0.7352628294542508,0.3395870573286539,0.4652424002971453,0.0560731049723787,0.063447533839782,17.83386171485587,0.0038514174907638,16.11349322520422,2,27,0.7626631612857904,0.391304347826087,1.949028078841464,0.3713588134597034,0.391304347826087,0.0182562217211324,20.341493389611827,0.8969733387989808,0.5256145253392774,0.8266583545922271,0.4552995411325237,,,0,1.1102230246251563e-16,6.97350206824216e-17,0.0,5.551115123125783e-17,-0.1710209347534719,10,0.2
v2_basis,measurement-basis robustness and scope,U1-RZ-XY-line|n8|d48|i11|dir=gaussian|basis=Z|eta=0,U1-RZ-XY-line|n8|d48|i11,U1-RZ-XY-line,8,48,6.0,11,gaussian,Z,0.0,128,128,552,128,1.0,70,69,0.71947317790851,0.3249742097084988,0.4524042670694445,0.056640187018589,0.0640101855575063,17.65530893589395,0.0038627648490283,16.08980810997585,1,7,0.4596731104450084,0.1014492753623188,4.531063517243655,0.3582238350826896,0.1014492753623188,0.0113587552854717,31.537243833474587,0.5580837485785167,0.1998599134958271,0.5148798381500189,0.1566560030673293,,,0,0.0,9.93498412932028e-17,1.1102230246251563e-16,6.938893903907227e-17,-0.1380186667566879,10,0.2
v2_basis,measurement-basis robustness and scope,U1-RZ-XY-line|n8|d48|i11|dir=gaussian|basis=Z|eta=0,U1-RZ-XY-line|n8|d48|i11,U1-RZ-XY-line,8,48,6.0,11,gaussian,Z,0.0,128,128,552,128,1.0,70,69,0.71947317790851,0.3249742097084988,0.4524042670694445,0.056640187018589,0.0640101855575063,17.65530893589395,0.0038627648490283,16.08980810997585,2,27,0.7493688402970875,0.391304347826087,1.9150537029814456,0.3580644924710005,0.391304347826087,0.0183608340632583,19.50153741585841,0.9021132019771128,0.5440487095061124,0.8322763395458801,0.4742118470748795,,,0,0.0,9.93498412932028e-17,1.1102230246251563e-16,6.938893903907227e-17,-0.1380186667566879,10,0.2
v2_basis,measurement-basis robustness and scope,U1-RZ-XY-line|n12|d72|i7|dir=gaussian|basis=Z|eta=0,U1-RZ-XY-line|n12|d72|i7,U1-RZ-XY-line,12,72,6.0,7,gaussian,Z,0.0,128,128,1260,128,1.0,924,923,0.7781877525430071,0.3666629715718904,0.4720244431781717,0.0259647987505745,0.0335744487603357,38.51368191243428,0.0008740287295723,33.82494864305162,1,11,0.290125619630952,0.0119176598049837,24.344176992669887,0.2782079598259683,0.0119176598049837,0.0009100249286533,305.71465799037264,0.5942574271566283,0.31604946733066,0.5200320384784071,0.2418240786524387,,,0,2.220446049250313e-16,2.368389951639684e-16,2.220446049250313e-16,5.551115123125783e-17,-0.2013326092473873,10,0.2
v2_basis,measurement-basis robustness and scope,U1-RZ-XY-line|n12|d72|i7|dir=gaussian|basis=Z|eta=0,U1-RZ-XY-line|n12|d72|i7,U1-RZ-XY-line,12,72,6.0,7,gaussian,Z,0.0,128,128,1260,128,1.0,924,923,0.7781877525430071,0.3666629715718904,0.4720244431781717,0.0259647987505745,0.0335744487603357,38.51368191243428,0.0008740287295723,33.82494864305162,2,65,0.5340319614774762,0.0704225352112676,7.583253852980162,0.4636094262662086,0.0704225352112676,0.0021456547864246,216.06897307032563,1.401138862024246,0.9375294357580374,1.2261304029402351,0.7625209766740267,,,0,2.220446049250313e-16,2.368389951639684e-16,2.220446049250313e-16,5.551115123125783e-17,-0.2013326092473873,10,0.2
v2_basis,measurement-basis robustness and scope,SU2-CNOT-line|n8|d48|i3|dir=gaussian|basis=X|eta=0,SU2-CNOT-line|n8|d48|i3,SU2-CNOT-line,8,48,6.0,3,gaussian,X,0.0,128,128,1152,128,1.0,256,255,0.988440209236097,0.4863852739564381,0.4921772113855937,0.0058740247681825,0.0136406339496811,170.24102544078949,4.4905069242161366e-05,149.2286859599631,1,8,0.0297964983369645,0.0313725490196078,0.9497633844907444,-0.0015760506826433,0.0313725490196078,0.0015190329984572,-1.0375355138723064,0.2744325559256226,0.2728565052429793,0.1230025240309441,0.1214264733483008,,,0,2.3314683517128287e-15,1.769417945496343e-16,2.55351295663786e-15,5.2041704279304207e-17,-0.3919522181748918,10,0.2
v2_basis,measurement-basis robustness and scope,SU2-CNOT-line|n8|d48|i3|dir=gaussian|basis=X|eta=0,SU2-CNOT-line|n8|d48|i3,SU2-CNOT-line,8,48,6.0,3,gaussian,X,0.0,128,128,1152,128,1.0,256,255,0.988440209236097,0.4863852739564381,0.4921772113855937,0.0058740247681825,0.0136406339496811,170.24102544078949,4.4905069242161366e-05,149.2286859599631,2,36,0.1368543886442199,0.1411764705882353,0.969385252896558,-0.0043220819440153,0.1411764705882353,0.0030342198553586,-1.4244458707836545,0.5481702576520946,0.5438481757080793,0.2456936097194484,0.241371527775433,,,0,2.3314683517128287e-15,1.769417945496343e-16,2.55351295663786e-15,5.2041704279304207e-17,-0.3919522181748918,10,0.2
v2_basis,measurement-basis robustness and scope,SU2-CNOT-line|n12|d72|i1|dir=gaussian|basis=X|eta=0,SU2-CNOT-line|n12|d72|i1,SU2-CNOT-line,12,72,6.0,1,gaussian,X,0.0,128,128,2592,128,1.0,4096,4095,0.9927468362125458,0.4932299075612965,0.4968555621225305,0.0010344968307142,0.0088389148242242,966.6535172559028,1.5075044107846306e-06,814.4617708619905,1,12,0.0028765494536042,0.0029304029304029,0.9816225010424374,-5.38534767987181e-05,0.0029304029304029,0.0001107330305967,-0.4863361592154017,0.3206779431747577,0.3206240896979589,0.0972407753412723,0.0971869218644736,,,0,2.220446049250313e-15,6.813406727233479e-16,2.220446049250313e-15,2.775557561562892e-17,-0.4529338753924251,10,0.2
v2_basis,measurement-basis robustness and scope,SU2-CNOT-line|n12|d72|i1|dir=gaussian|basis=X|eta=0,SU2-CNOT-line|n12|d72|i1,SU2-CNOT-line,12,72,6.0,1,gaussian,X,0.0,128,128,2592,128,1.0,4096,4095,0.9927468362125458,0.4932299075612965,0.4968555621225305,0.0010344968307142,0.0088389148242242,966.6535172559028,1.5075044107846306e-06,814.4617708619905,2,78,0.0184940949500711,0.019047619047619,0.9709399848787338,-0.0005535240975479,0.019047619047619,0.000280023893807,-1.976703094948418,0.8109367712767108,0.8103832471791629,0.2459044099229541,0.2453508858254062,,,0,2.220446049250313e-15,6.813406727233479e-16,2.220446049250313e-15,2.775557561562892e-17,-0.4529338753924251,10,0.2
v2_basis,measurement-basis robustness and scope,SU2-CNOT-line|n12|d72|i9|dir=gaussian|basis=X|eta=0,SU2-CNOT-line|n12|d72|i9,SU2-CNOT-line,12,72,6.0,9,gaussian,X,0.0,128,128,2592,128,1.0,4096,4095,0.9917081474156776,0.4915415553755657,0.4956470428449976,0.0010247591066847,0.0088292531761637,975.8390957218644,1.5866960609699932e-06,793.8768324612868,1,12,0.0027527536448083,0.0029304029304029,0.9393771812908512,-0.0001776492855945,0.0029304029304029,0.0001106707734736,-1.6052050601860772,0.3204976493085847,0.3203200000229902,0.0966398371587951,0.0964621878732006,,,0,8.881784197001252e-16,4.008905853780316e-16,8.881784197001252e-16,2.3418766925686896e-17,-0.4578149737355146,10,0.2
v2_basis,measurement-basis robustness and scope,SU2-CNOT-line|n12|d72|i9|dir=gaussian|basis=X|eta=0,SU2-CNOT-line|n12|d72|i9,SU2-CNOT-line,12,72,6.0,9,gaussian,X,0.0,128,128,2592,128,1.0,4096,4095,0.9917081474156776,0.4915415553755657,0.4956470428449976,0.0010247591066847,0.0088292531761637,975.8390957218644,1.5866960609699932e-06,793.8768324612868,2,78,0.0188849336695827,0.019047619047619,0.9914590176530924,-0.0001626853780363,0.019047619047619,0.0002798664567537,-0.5812964508979399,0.8104808405561013,0.8103181551780649,0.2443847454751584,0.244222060097122,,,0,8.881784197001252e-16,4.008905853780316e-16,8.881784197001252e-16,2.3418766925686896e-17,-0.4578149737355146,10,0.2
v2_basis,measurement-basis robustness and scope,SU2-HaarU4-brickwork|n8|d48|i7|dir=gaussian|basis=X|eta=0,SU2-HaarU4-brickwork|n8|d48|i7,SU2-HaarU4-brickwork,8,48,6.0,7,gaussian,X,0.0,128,128,1152,128,1.0,256,255,0.9896327661910296,0.485942023031111,0.4914386496289986,0.0072564427241779,0.0150122517653953,137.8085706744531,7.138648131591719e-05,118.3564722613653,1,8,0.0310432775788141,0.0313725490196078,0.9895044728247024,-0.0003292714407936,0.0313725490196078,0.0016226845702815,-0.2029177123046858,0.2931585255460021,0.2928292541052084,0.1607544859878739,0.1604252145470803,,,0,5.10702591327572e-15,7.043202961766267e-16,5.10702591327572e-15,5.551115123125783e-17,-0.3519472610077507,10,0.2
v2_basis,measurement-basis robustness and scope,SU2-HaarU4-brickwork|n8|d48|i7|dir=gaussian|basis=X|eta=0,SU2-HaarU4-brickwork|n8|d48|i7,SU2-HaarU4-brickwork,8,48,6.0,7,gaussian,X,0.0,128,128,1152,128,1.0,256,255,0.9896327661910296,0.485942023031111,0.4914386496289986,0.0072564427241779,0.0150122517653953,137.8085706744531,7.138648131591719e-05,118.3564722613653,2,36,0.1418555702150055,0.1411764705882353,1.004810289022956,0.0006790996267702,0.1411764705882353,0.0032412605566389,0.2095171353562704,0.5855747833541064,0.5848956837273361,0.3211019469081709,0.3204228472814006,,,0,5.10702591327572e-15,7.043202961766267e-16,5.10702591327572e-15,5.551115123125783e-17,-0.3519472610077507,10,0.2
v2_basis,measurement-basis robustness and scope,SU2-HaarU4-brickwork|n12|d72|i5|dir=gaussian|basis=X|eta=0,SU2-HaarU4-brickwork|n12|d72|i5,SU2-HaarU4-brickwork,12,72,6.0,5,gaussian,X,0.0,128,128,2592,128,1.0,4096,4095,0.9902053082569038,0.4923290219633395,0.497180022307828,0.0016589782605377,0.0094585174928773,602.7806534823619,4.367849135689289e-06,478.4826395848352,1,12,0.0026575366135416,0.0029304029304029,0.9068843693710796,-0.0002728663168613,0.0029304029304029,0.0001146550101441,-2.3798900415979243,0.3320358219182365,0.3317629556013752,0.1301060558172108,0.1298331895003495,,,0,2.4868995751603507e-14,2.751289514269474e-15,2.4868995751603507e-14,2.5587171270657905e-17,-0.4338414034261745,10,0.2
v2_basis,measurement-basis robustness and scope,SU2-HaarU4-brickwork|n12|d72|i5|dir=gaussian|basis=X|eta=0,SU2-HaarU4-brickwork|n12|d72|i5,SU2-HaarU4-brickwork,12,72,6.0,5,gaussian,X,0.0,128,128,2592,128,1.0,4096,4095,0.9902053082569038,0.4923290219633395,0.497180022307828,0.0016589782605377,0.0094585174928773,602.7806534823619,4.367849135689289e-06,478.4826395848352,2,78,0.0178810834628121,0.019047619047619,0.938756881797636,-0.0011665355848069,0.019047619047619,0.0002899418738204,-4.023342918482265,0.8396588013159572,0.8384922657311502,0.3290147859357406,0.3278482503509337,,,0,2.4868995751603507e-14,2.751289514269474e-15,2.4868995751603507e-14,2.5587171270657905e-17,-0.4338414034261745,10,0.2
v2_basis,measurement-basis robustness and scope,U1-RZ-XY-line|n8|d48|i3|dir=gaussian|basis=X|eta=0,U1-RZ-XY-line|n8|d48|i3,U1-RZ-XY-line,8,48,6.0,3,gaussian,X,0.0,128,128,552,128,1.0,256,255,0.7352628294542497,0.3635017562909995,0.4959084658537804,0.0450216624839929,0.0524824307458367,22.21152984644981,0.0024400340871363,20.24426684736772,1,8,1.9568699732211785e-33,0.0313725490196078,6.237523039642505e-32,-0.0313725490196078,0.0313725490196078,0.0033954563509607,-9.239567756696651,0.6134322071175744,0.5820596580979666,0.5643451365773761,0.5329725875577682,,,0,1.3322676295501878e-15,7.643317734749841e-17,1.4432899320127037e-15,7.63278329429795e-17,-0.1794490193905288,10,0.2
v2_basis,measurement-basis robustness and scope,U1-RZ-XY-line|n8|d48|i3|dir=gaussian|basis=X|eta=0,U1-RZ-XY-line|n8|d48|i3,U1-RZ-XY-line,8,48,6.0,3,gaussian,X,0.0,128,128,552,128,1.0,256,255,0.7352628294542497,0.3635017562909995,0.4959084658537804,0.0450216624839929,0.0524824307458367,22.21152984644981,0.0024400340871363,20.24426684736772,2,36,0.4363609162337674,0.1411764705882353,3.090889823322519,0.2951844456455321,0.1411764705882353,0.0067823155181962,43.522664914892985,1.225311224076743,0.9301267784312108,1.1272613698433416,0.8320769241978094,,,0,1.3322676295501878e-15,7.643317734749841e-17,1.4432899320127037e-15,7.63278329429795e-17,-0.1794490193905288,10,0.2
v2_basis,measurement-basis robustness and scope,U1-RZ-XY-line|n8|d48|i11|dir=gaussian|basis=X|eta=0,U1-RZ-XY-line|n8|d48|i11,U1-RZ-XY-line,8,48,6.0,11,gaussian,X,0.0,128,128,552,128,1.0,256,255,0.7194731779085091,0.3671384021734629,0.5077403822912927,0.0479376457667145,0.055375632909162,20.86043200507667,0.0027400609480931,19.10380552780558,1,8,3.787750339538364e-33,0.0313725490196078,1.2073454207278535e-31,-0.0313725490196078,0.0313725490196078,0.0034951418008837,-8.976044694860642,0.631441646569341,0.6000690975497331,0.5840217845358933,0.5526492355162854,,,0,1.3322676295501878e-15,1.0827461955530856e-16,1.3322676295501878e-15,8.847089727481715e-17,-0.1464313744511268,10,0.2
v2_basis,measurement-basis robustness and scope,U1-RZ-XY-line|n8|d48|i11|dir=gaussian|basis=X|eta=0,U1-RZ-XY-line|n8|d48|i11,U1-RZ-XY-line,8,48,6.0,11,gaussian,X,0.0,128,128,552,128,1.0,256,255,0.7194731779085091,0.3671384021734629,0.5077403822912927,0.0479376457667145,0.055375632909162,20.86043200507667,0.0027400609480931,19.10380552780558,2,36,0.3659778045796727,0.1411764705882353,2.592342782439349,0.2248013339914374,0.1411764705882353,0.0069814340177638,32.19987948313243,1.2612845036723324,1.036483169680895,1.1665648451353663,0.9417635111439292,,,0,1.3322676295501878e-15,1.0827461955530856e-16,1.3322676295501878e-15,8.847089727481715e-17,-0.1464313744511268,10,0.2
v2_basis,measurement-basis robustness and scope,U1-RZ-XY-line|n12|d72|i7|dir=gaussian|basis=X|eta=0,U1-RZ-XY-line|n12|d72|i7,U1-RZ-XY-line,12,72,6.0,7,gaussian,X,0.0,128,128,1260,128,1.0,4096,4095,0.7781877525430054,0.3900981679960671,0.5012596466894161,0.0225230222986765,0.0301595611869681,44.39901478314304,0.0006704350648116,38.62083327121726,1,12,4.6568179463782054e-33,0.0029304029304029,1.5891391242015626e-30,-0.0029304029304029,0.0029304029304029,0.0002065896596775,-14.184654425474958,0.5982744876532557,0.5953440847228528,0.5162968463476252,0.5133664434172223,,,0,1.9984014443252818e-15,2.368040512107398e-16,2.4424906541753444e-15,5.551115123125783e-17,-0.2206405136941891,10,0.2
v2_basis,measurement-basis robustness and scope,U1-RZ-XY-line|n12|d72|i7|dir=gaussian|basis=X|eta=0,U1-RZ-XY-line|n12|d72|i7,U1-RZ-XY-line,12,72,6.0,7,gaussian,X,0.0,128,128,1260,128,1.0,4096,4095,0.7781877525430054,0.3900981679960671,0.5012596466894161,0.0225230222986765,0.0301595611869681,44.39901478314304,0.0006704350648116,38.62083327121726,2,78,0.2438917528155146,0.019047619047619,12.80431702281452,0.2248441337678956,0.019047619047619,0.0005224280470914,430.3829685632082,1.5129284432586114,1.2880843094907155,1.3056217507585914,1.0807776169906955,,,0,1.9984014443252818e-15,2.368040512107398e-16,2.4424906541753444e-15,5.551115123125783e-17,-0.2206405136941891,10,0.2
v2_basis,measurement-basis robustness and scope,SU2-CNOT-line|n8|d48|i3|dir=gaussian|basis=Y|eta=0,SU2-CNOT-line|n8|d48|i3,SU2-CNOT-line,8,48,6.0,3,gaussian,Y,0.0,128,128,1152,128,1.0,256,255,0.9884402092360968,0.4913144520414779,0.4968449574739227,0.0057989012375886,0.0135660973216699,172.44646167069934,4.346183675391025e-05,151.68616166443522,1,8,0.0318885900504408,0.0313725490196078,1.0164488078578018,0.0005160410308329,0.0313725490196078,0.0015131969683763,0.3410270054840959,0.2733782031543641,0.2728621621235311,0.1206129645038212,0.1200969234729882,,,0,3.1086244689504387e-15,2.554303005675721e-16,3.1086244689504387e-15,5.551115123125783e-17,-0.3491647991258977,10,0.2
v2_basis,measurement-basis robustness and scope,SU2-CNOT-line|n8|d48|i3|dir=gaussian|basis=Y|eta=0,SU2-CNOT-line|n8|d48|i3,SU2-CNOT-line,8,48,6.0,3,gaussian,Y,0.0,128,128,1152,128,1.0,256,255,0.9884402092360968,0.4913144520414779,0.4968449574739227,0.0057989012375886,0.0135660973216699,172.44646167069934,4.346183675391025e-05,151.68616166443522,2,36,0.1414349379657202,0.1411764705882353,1.0018308105905185,0.0002584673774849,0.1411764705882353,0.0030225625718329,0.0855126639539622,0.5460642216960924,0.5458057543186075,0.2409205409512772,0.2406620735737922,,,0,3.1086244689504387e-15,2.554303005675721e-16,3.1086244689504387e-15,5.551115123125783e-17,-0.3491647991258977,10,0.2
v2_basis,measurement-basis robustness and scope,SU2-CNOT-line|n12|d72|i1|dir=gaussian|basis=Y|eta=0,SU2-CNOT-line|n12|d72|i1,SU2-CNOT-line,12,72,6.0,1,gaussian,Y,0.0,128,128,2592,128,1.0,4096,4095,0.9927468362125458,0.4953537410066437,0.4989781005048563,0.0010381652997666,0.0088425546333622,963.2377427995008,1.6191607392315215e-06,785.8777944809389,1,12,0.002986055226729,0.0029304029304029,1.018991346121301,5.565229632615654e-05,0.0029304029304029,0.0001107564754959,0.5024744248762807,0.3207458385624981,0.3206901862661719,0.0974662044838686,0.0974105521875424,,,0,2.220446049250313e-15,6.435900899157852e-16,2.4424906541753444e-15,2.8189256484623115e-17,-0.4588177240819461,10,0.2
v2_basis,measurement-basis robustness and scope,SU2-CNOT-line|n12|d72|i1|dir=gaussian|basis=Y|eta=0,SU2-CNOT-line|n12|d72|i1,SU2-CNOT-line,12,72,6.0,1,gaussian,Y,0.0,128,128,2592,128,1.0,4096,4095,0.9927468362125458,0.4953537410066437,0.4989781005048563,0.0010381652997666,0.0088425546333622,963.2377427995008,1.6191607392315215e-06,785.8777944809389,2,78,0.0187076517536579,0.019047619047619,0.9821517170670444,-0.000339967293961,0.019047619047619,0.0002800831817351,-1.2138083117125198,0.8111084664858472,0.8107684991918862,0.2464744796297724,0.2461345123358113,,,0,2.220446049250313e-15,6.435900899157852e-16,2.4424906541753444e-15,2.8189256484623115e-17,-0.4588177240819461,10,0.2
v2_basis,measurement-basis robustness and scope,SU2-CNOT-line|n12|d72|i9|dir=gaussian|basis=Y|eta=0,SU2-CNOT-line|n12|d72|i9,SU2-CNOT-line,12,72,6.0,9,gaussian,Y,0.0,128,128,2592,128,1.0,4096,4095,0.9917081474156773,0.4952441311636219,0.4993700205940851,0.0010322597300485,0.0088366952009075,968.7484369393412,1.609922002080123e-06,788.1294972968408,1,12,0.0028195703495408,0.0029304029304029,0.9621783817808086,-0.000110832580862,0.0029304029304029,0.0001107187310243,-1.0010282798286267,0.3206365322474668,0.3205256996666047,0.0971030475745238,0.0969922149936617,,,0,8.881784197001252e-16,3.9335452499105683e-16,6.661338147750939e-16,2.5153490401663706e-17,-0.4458687830516117,10,0.2
v2_basis,measurement-basis robustness and scope,SU2-CNOT-line|n12|d72|i9|dir=gaussian|basis=Y|eta=0,SU2-CNOT-line|n12|d72|i9,SU2-CNOT-line,12,72,6.0,9,gaussian,Y,0.0,128,128,2592,128,1.0,4096,4095,0.9917081474156773,0.4952441311636219,0.4993700205940851,0.0010322597300485,0.0088366952009075,968.7484369393412,1.609922002080123e-06,788.1294972968408,2,78,0.018525510953627,0.019047619047619,0.9725893250654184,-0.000522108093992,0.019047619047619,0.0002799877327633,-1.864753462014132,0.8108320504987853,0.8103099424047933,0.2455561212025748,0.2450340131085827,,,0,8.881784197001252e-16,3.9335452499105683e-16,6.661338147750939e-16,2.5153490401663706e-17,-0.4458687830516117,10,0.2
v2_basis,measurement-basis robustness and scope,SU2-HaarU4-brickwork|n8|d48|i7|dir=gaussian|basis=Y|eta=0,SU2-HaarU4-brickwork|n8|d48|i7,SU2-HaarU4-brickwork,8,48,6.0,7,gaussian,Y,0.0,128,128,1152,128,1.0,256,255,0.9896327661910288,0.4861852564977583,0.4914932220155989,0.0072522494334207,0.0150080912347221,137.88825235266577,7.371122731248021e-05,116.47512328535905,1,8,0.0296469518094456,0.0313725490196078,0.9449965889260794,-0.0017255972101622,0.0313725490196078,0.0016223801768496,-1.063620743636681,0.2931035330161352,0.2913779358059729,0.1606533873683548,0.1589277901581925,,,0,5.773159728050814e-15,7.877750612818598e-16,5.773159728050814e-15,6.938893903907227e-17,-0.3477685532624786,10,0.2
v2_basis,measurement-basis robustness and scope,SU2-HaarU4-brickwork|n8|d48|i7|dir=gaussian|basis=Y|eta=0,SU2-HaarU4-brickwork|n8|d48|i7,SU2-HaarU4-brickwork,8,48,6.0,7,gaussian,Y,0.0,128,128,1152,128,1.0,256,255,0.9896327661910288,0.4861852564977583,0.4914932220155989,0.0072522494334207,0.0150080912347221,137.88825235266577,7.371122731248021e-05,116.47512328535905,2,36,0.1367452333705215,0.1411764705882353,0.9686120697078612,-0.0044312372177137,0.1411764705882353,0.0032406525404892,-1.3673904136124326,0.5854649375336483,0.5810337003159345,0.3209000056475097,0.316468768429796,,,0,5.773159728050814e-15,7.877750612818598e-16,5.773159728050814e-15,6.938893903907227e-17,-0.3477685532624786,10,0.2
v2_basis,measurement-basis robustness and scope,SU2-HaarU4-brickwork|n12|d72|i5|dir=gaussian|basis=Y|eta=0,SU2-HaarU4-brickwork|n12|d72|i5,SU2-HaarU4-brickwork,12,72,6.0,5,gaussian,Y,0.0,128,128,2592,128,1.0,4096,4095,0.990205308256902,0.4915923671609027,0.4964236769115085,0.0016634800734108,0.0094629841353373,601.149371119048,4.42108944495279e-06,475.59288551815513,1,12,0.0026971823700364,0.0029304029304029,0.9204134837749472,-0.0002332205603664,0.0029304029304029,0.0001146827962988,-2.0336141766094404,0.3321162893892633,0.3318830688288969,0.1303128896513322,0.1300796690909658,,,0,2.620126338115369e-14,2.950767819590068e-15,2.6312285683616213e-14,2.168404344971009e-17,-0.4389848856547464,10,0.2
v2_basis,measurement-basis robustness and scope,SU2-HaarU4-brickwork|n12|d72|i5|dir=gaussian|basis=Y|eta=0,SU2-HaarU4-brickwork|n12|d72|i5,SU2-HaarU4-brickwork,12,72,6.0,5,gaussian,Y,0.0,128,128,2592,128,1.0,4096,4095,0.990205308256902,0.4915923671609027,0.4964236769115085,0.0016634800734108,0.0094629841353373,601.149371119048,4.42108944495279e-06,475.59288551815513,2,78,0.0182306660783325,0.019047619047619,0.9571099691124604,-0.0008169529692864,0.019047619047619,0.0002900121400019,-2.8169612805897617,0.8398622890597703,0.8390453360904839,0.32953783145603,0.3287208784867436,,,0,2.620126338115369e-14,2.950767819590068e-15,2.6312285683616213e-14,2.168404344971009e-17,-0.4389848856547464,10,0.2
v2_basis,measurement-basis robustness and scope,U1-RZ-XY-line|n8|d48|i3|dir=gaussian|basis=Y|eta=0,U1-RZ-XY-line|n8|d48|i3,U1-RZ-XY-line,8,48,6.0,3,gaussian,Y,0.0,128,128,552,128,1.0,256,255,0.7352628294542503,0.3635017562909998,0.4959084658537805,0.0450216624839929,0.0524824307458367,22.21152984644981,0.0024400340871363,20.24426684736772,1,8,2.8568229451728298e-33,0.0313725490196078,9.106123137738396e-32,-0.0313725490196078,0.0313725490196078,0.0033954563509607,-9.239567756696651,0.6134322071175744,0.5820596580979666,0.5643451365773761,0.5329725875577682,,,0,4.440892098500626e-16,3.960570205391646e-16,5.551115123125784e-16,7.63278329429795e-17,-0.1794490193905286,10,0.2
v2_basis,measurement-basis robustness and scope,U1-RZ-XY-line|n8|d48|i3|dir=gaussian|basis=Y|eta=0,U1-RZ-XY-line|n8|d48|i3,U1-RZ-XY-line,8,48,6.0,3,gaussian,Y,0.0,128,128,552,128,1.0,256,255,0.7352628294542503,0.3635017562909998,0.4959084658537805,0.0450216624839929,0.0524824307458367,22.21152984644981,0.0024400340871363,20.24426684736772,2,36,0.4363609162337675,0.1411764705882353,3.09088982332252,0.2951844456455322,0.1411764705882353,0.0067823155181962,43.522664914893,1.225311224076743,0.9301267784312108,1.1272613698433416,0.8320769241978094,,,0,4.440892098500626e-16,3.960570205391646e-16,5.551115123125784e-16,7.63278329429795e-17,-0.1794490193905286,10,0.2
v2_basis,measurement-basis robustness and scope,U1-RZ-XY-line|n8|d48|i11|dir=gaussian|basis=Y|eta=0,U1-RZ-XY-line|n8|d48|i11,U1-RZ-XY-line,8,48,6.0,11,gaussian,Y,0.0,128,128,552,128,1.0,256,255,0.7194731779085088,0.3671384021734629,0.5077403822912927,0.0479376457667145,0.055375632909162,20.860432005076664,0.0027400609480931,19.103805527805577,1,8,1.6795388135847478e-33,0.0313725490196078,5.353529968301384e-32,-0.0313725490196078,0.0313725490196078,0.0034951418008837,-8.97604469486064,0.631441646569341,0.6000690975497331,0.5840217845358934,0.5526492355162855,,,0,1.887379141862766e-15,1.5785983631388942e-16,1.7763568394002505e-15,6.418476861114186e-17,-0.1464313744511265,10,0.2
v2_basis,measurement-basis robustness and scope,U1-RZ-XY-line|n8|d48|i11|dir=gaussian|basis=Y|eta=0,U1-RZ-XY-line|n8|d48|i11,U1-RZ-XY-line,8,48,6.0,11,gaussian,Y,0.0,128,128,552,128,1.0,256,255,0.7194731779085088,0.3671384021734629,0.5077403822912927,0.0479376457667145,0.055375632909162,20.860432005076664,0.0027400609480931,19.103805527805577,2,36,0.3659778045796729,0.1411764705882353,2.5923427824393497,0.2248013339914376,0.1411764705882353,0.0069814340177638,32.199879483132435,1.2612845036723326,1.036483169680895,1.1665648451353667,0.9417635111439292,,,0,1.887379141862766e-15,1.5785983631388942e-16,1.7763568394002505e-15,6.418476861114186e-17,-0.1464313744511265,10,0.2
v2_basis,measurement-basis robustness and scope,U1-RZ-XY-line|n12|d72|i7|dir=gaussian|basis=Y|eta=0,U1-RZ-XY-line|n12|d72|i7,U1-RZ-XY-line,12,72,6.0,7,gaussian,Y,0.0,128,128,1260,128,1.0,4096,4095,0.7781877525430055,0.3900981679960671,0.5012596466894161,0.0225230222986765,0.0301595611869681,44.39901478314304,0.0006704350648116,38.62083327121726,1,12,6.606988479636463e-33,0.0029304029304029,2.254634818675943e-30,-0.0029304029304029,0.0029304029304029,0.0002065896596775,-14.184654425474958,0.5982744876532557,0.5953440847228528,0.5162968463476252,0.5133664434172223,,,0,2.55351295663786e-15,2.333461012377481e-16,2.664535259100376e-15,5.724587470723462e-17,-0.2206405136941892,10,0.2
v2_basis,measurement-basis robustness and scope,U1-RZ-XY-line|n12|d72|i7|dir=gaussian|basis=Y|eta=0,U1-RZ-XY-line|n12|d72|i7,U1-RZ-XY-line,12,72,6.0,7,gaussian,Y,0.0,128,128,1260,128,1.0,4096,4095,0.7781877525430055,0.3900981679960671,0.5012596466894161,0.0225230222986765,0.0301595611869681,44.39901478314304,0.0006704350648116,38.62083327121726,2,78,0.2438917528155147,0.019047619047619,12.804317022814525,0.2248441337678957,0.019047619047619,0.0005224280470914,430.3829685632083,1.5129284432586114,1.2880843094907155,1.3056217507585914,1.0807776169906955,,,0,2.55351295663786e-15,2.333461012377481e-16,2.664535259100376e-15,5.724587470723462e-17,-0.2206405136941892,10,0.2
v2_basis,measurement-basis robustness and scope,SU2-CNOT-line|n8|d48|i3|dir=gaussian|basis=RANDOM_LOCAL|eta=0,SU2-CNOT-line|n8|d48|i3,SU2-CNOT-line,8,48,6.0,3,gaussian,RANDOM_LOCAL,0.0,128,128,1152,128,1.0,256,255,0.9884402092360982,0.4878420385335439,0.4937186242916807,0.0057402922221789,0.0135079461891932,174.2071590251559,4.138591574845288e-05,155.44391124512066,1,8,0.0310434029536744,0.0313725490196078,0.989508469148372,-0.0003291460659334,0.0313725490196078,0.0015086282040323,-0.218175734122995,0.2725527979935778,0.2722236519276443,0.1187153098669007,0.1183861638009673,,,0,1.2212453270876722e-15,2.092931472577201e-16,1.3322676295501878e-15,1.1102230246251563e-16,-0.351910586370878,10,0.2
v2_basis,measurement-basis robustness and scope,SU2-CNOT-line|n8|d48|i3|dir=gaussian|basis=RANDOM_LOCAL|eta=0,SU2-CNOT-line|n8|d48|i3,SU2-CNOT-line,8,48,6.0,3,gaussian,RANDOM_LOCAL,0.0,128,128,1152,128,1.0,256,255,0.9884402092360982,0.4878420385335439,0.4937186242916807,0.0057402922221789,0.0135079461891932,174.2071590251559,4.138591574845288e-05,155.44391124512066,2,36,0.1389004758133179,0.1411764705882353,0.9838783703443352,-0.0022759947749173,0.1411764705882353,0.0030134366111059,-0.7552821142907885,0.5444155012732201,0.5421395064983028,0.237130036476519,0.2348540417016016,,,0,1.2212453270876722e-15,2.092931472577201e-16,1.3322676295501878e-15,1.1102230246251563e-16,-0.351910586370878,10,0.2
v2_basis,measurement-basis robustness and scope,SU2-CNOT-line|n12|d72|i1|dir=gaussian|basis=RANDOM_LOCAL|eta=0,SU2-CNOT-line|n12|d72|i1,SU2-CNOT-line,12,72,6.0,1,gaussian,RANDOM_LOCAL,0.0,128,128,2592,128,1.0,4096,4095,0.9927468362125488,0.4941296887244854,0.4977369565357094,0.00103086834478,0.0088353146858364,970.0559776267044,1.5476840343452046e-06,803.8200758712335,1,12,0.0028863800006583,0.0029304029304029,0.984977175224665,-4.40229297445716e-05,0.0029304029304029,0.0001107098363425,-0.3976424426132984,0.3206107736436999,0.3205667507139553,0.0970172879072123,0.0969732649774677,,,0,5.10702591327572e-15,6.800470041813176e-16,5.10702591327572e-15,3.642919299551295e-17,-0.4535229005932715,10,0.2
v2_basis,measurement-basis robustness and scope,SU2-CNOT-line|n12|d72|i1|dir=gaussian|basis=RANDOM_LOCAL|eta=0,SU2-CNOT-line|n12|d72|i1,SU2-CNOT-line,12,72,6.0,1,gaussian,RANDOM_LOCAL,0.0,128,128,2592,128,1.0,4096,4095,0.9927468362125488,0.4941296887244854,0.4977369565357094,0.00103086834478,0.0088353146858364,970.0559776267044,1.5476840343452046e-06,803.8200758712335,2,78,0.018902954402682,0.019047619047619,0.9924051061408062,-0.000144664644937,0.019047619047619,0.0002799652397149,-0.5167235942731271,0.8107669116284142,0.8106222469834772,0.2453392504473653,0.2451945858024282,,,0,5.10702591327572e-15,6.800470041813176e-16,5.10702591327572e-15,3.642919299551295e-17,-0.4535229005932715,10,0.2
v2_basis,measurement-basis robustness and scope,SU2-CNOT-line|n12|d72|i9|dir=gaussian|basis=RANDOM_LOCAL|eta=0,SU2-CNOT-line|n12|d72|i9,SU2-CNOT-line,12,72,6.0,9,gaussian,RANDOM_LOCAL,0.0,128,128,2592,128,1.0,4096,4095,0.9917081474156793,0.4938619094488716,0.4980132307910957,0.0010350898609163,0.0088395032213779,966.0996960347962,1.5645715493759687e-06,799.4702100948438,1,12,0.0027866028536297,0.0029304029304029,0.9509282238011548,-0.0001438000767731,0.0029304029304029,0.0001107368209428,-1.2985750859455798,0.3206889198487349,0.3205451197719617,0.0972772527243037,0.0971334526475305,,,0,3.1086244689504387e-15,3.929431680349815e-16,2.886579864025407e-15,4.8572257327350605e-17,-0.4463876711479661,10,0.2
v2_basis,measurement-basis robustness and scope,SU2-CNOT-line|n12|d72|i9|dir=gaussian|basis=RANDOM_LOCAL|eta=0,SU2-CNOT-line|n12|d72|i9,SU2-CNOT-line,12,72,6.0,9,gaussian,RANDOM_LOCAL,0.0,128,128,2592,128,1.0,4096,4095,0.9917081474156793,0.4938619094488716,0.4980132307910957,0.0010350898609163,0.0088395032213779,966.0996960347962,1.5645715493759687e-06,799.4702100948438,2,78,0.0182208483931666,0.019047619047619,0.9565945406412512,-0.0008267706544523,0.019047619047619,0.0002800334789096,-2.952399326221485,0.8109645293085427,0.8101377586540903,0.2459966546558696,0.2451698840014173,,,0,3.1086244689504387e-15,3.929431680349815e-16,2.886579864025407e-15,4.8572257327350605e-17,-0.4463876711479661,10,0.2
v2_basis,measurement-basis robustness and scope,SU2-HaarU4-brickwork|n8|d48|i7|dir=gaussian|basis=RANDOM_LOCAL|eta=0,SU2-HaarU4-brickwork|n8|d48|i7,SU2-HaarU4-brickwork,8,48,6.0,7,gaussian,RANDOM_LOCAL,0.0,128,128,1152,128,1.0,256,255,0.98963276619103,0.4912443124927411,0.4959259650592158,0.007559265655548,0.015312708892614,132.28798213568072,8.604906894717024e-05,107.80202333446412,1,8,0.0297863974518075,0.0313725490196078,0.9494414187763672,-0.0015861515678002,0.0313725490196078,0.0016445177204123,-0.9645086508417092,0.2971029607231136,0.2955168091553134,0.1678945669106555,0.1663084153428553,,,0,4.884981308350689e-15,7.194529035758233e-16,4.884981308350689e-15,1.3877787807814454e-16,-0.3755278814040043,10,0.2
v2_basis,measurement-basis robustness and scope,SU2-HaarU4-brickwork|n8|d48|i7|dir=gaussian|basis=RANDOM_LOCAL|eta=0,SU2-HaarU4-brickwork|n8|d48|i7,SU2-HaarU4-brickwork,8,48,6.0,7,gaussian,RANDOM_LOCAL,0.0,128,128,1152,128,1.0,256,255,0.98963276619103,0.4912443124927411,0.4959259650592158,0.007559265655548,0.015312708892614,132.28798213568072,8.604906894717024e-05,107.80202333446412,2,36,0.139085516736148,0.1411764705882353,0.985189076881049,-0.0020909538520872,0.1411764705882353,0.003284871576083,-0.6365405172340132,0.5934536665282851,0.5913627126761979,0.3353640303038405,0.3332730764517533,,,0,4.884981308350689e-15,7.194529035758233e-16,4.884981308350689e-15,1.3877787807814454e-16,-0.3755278814040043,10,0.2
v2_basis,measurement-basis robustness and scope,SU2-HaarU4-brickwork|n12|d72|i5|dir=gaussian|basis=RANDOM_LOCAL|eta=0,SU2-HaarU4-brickwork|n12|d72|i5,SU2-HaarU4-brickwork,12,72,6.0,5,gaussian,RANDOM_LOCAL,0.0,128,128,2592,128,1.0,4096,4095,0.9902053082569052,0.491093220891489,0.4959240046701442,0.0016608212381384,0.0094603460722154,602.1117607581218,4.458362382542972e-06,473.60067985834974,1,12,0.0027262919736566,0.0029304029304029,0.9303471360103218,-0.0002041109567463,0.0029304029304029,0.0001146663862111,-1.7800417671694844,0.3320687665036946,0.3318646555469483,0.1301907703468839,0.1299866593901376,,,0,2.3314683517128287e-14,2.759296991327578e-15,2.3314683517128287e-14,3.2959746043559335e-17,-0.4435128376260264,10,0.2
v2_basis,measurement-basis robustness and scope,SU2-HaarU4-brickwork|n12|d72|i5|dir=gaussian|basis=RANDOM_LOCAL|eta=0,SU2-HaarU4-brickwork|n12|d72|i5,SU2-HaarU4-brickwork,12,72,6.0,5,gaussian,RANDOM_LOCAL,0.0,128,128,2592,128,1.0,4096,4095,0.9902053082569052,0.491093220891489,0.4959240046701442,0.0016608212381384,0.0094603460722154,602.1117607581218,4.458362382542972e-06,473.60067985834974,2,78,0.0180782245512013,0.019047619047619,0.9491067889380688,-0.0009693944964177,0.019047619047619,0.0002899706418454,-3.3430780793812493,0.8397421122399887,0.838772717743571,0.3292290137260687,0.3282596192296509,,,0,2.3314683517128287e-14,2.759296991327578e-15,2.3314683517128287e-14,3.2959746043559335e-17,-0.4435128376260264,10,0.2
v2_basis,measurement-basis robustness and scope,U1-RZ-XY-line|n8|d48|i3|dir=gaussian|basis=RANDOM_LOCAL|eta=0,U1-RZ-XY-line|n8|d48|i3,U1-RZ-XY-line,8,48,6.0,3,gaussian,RANDOM_LOCAL,0.0,128,128,552,128,1.0,256,255,0.73526282945425,0.3617039728095373,0.4932121018776612,0.0456202213692165,0.0530763133897695,21.92010406759614,0.0025470616685487,19.81437006900568,1,8,0.0978553260448552,0.0313725490196078,3.119138517679762,0.0664827770252474,0.0313725490196078,0.0034161558879745,19.461283151415437,0.6171718407232554,0.550689063698008,0.5684396869647503,0.5019569099395029,,,0,1.1102230246251563e-15,1.4867665616782891e-16,1.2212453270876722e-15,1.89084858881472e-16,-0.165010484690104,10,0.2
v2_basis,measurement-basis robustness and scope,U1-RZ-XY-line|n8|d48|i3|dir=gaussian|basis=RANDOM_LOCAL|eta=0,U1-RZ-XY-line|n8|d48|i3,U1-RZ-XY-line,8,48,6.0,3,gaussian,RANDOM_LOCAL,0.0,128,128,552,128,1.0,256,255,0.73526282945425,0.3617039728095373,0.4932121018776612,0.0456202213692165,0.0530763133897695,21.92010406759614,0.0025470616685487,19.81437006900568,2,36,0.3636276348908833,0.1411764705882353,2.575695747143757,0.222451164302648,0.1411764705882353,0.0068236621816773,32.59996734597536,1.2327810226588989,1.0103298583562506,1.1354401033512742,0.912988939048626,,,0,1.1102230246251563e-15,1.4867665616782891e-16,1.2212453270876722e-15,1.89084858881472e-16,-0.165010484690104,10,0.2
v2_basis,measurement-basis robustness and scope,U1-RZ-XY-line|n8|d48|i11|dir=gaussian|basis=RANDOM_LOCAL|eta=0,U1-RZ-XY-line|n8|d48|i11,U1-RZ-XY-line,8,48,6.0,11,gaussian,RANDOM_LOCAL,0.0,128,128,552,128,1.0,256,255,0.7194731779085098,0.338423461620115,0.4710679561531479,0.0437777210753364,0.0512482076294353,22.84266918049742,0.0022576763382145,21.04598028959443,1,8,0.1869974732068665,0.0313725490196078,5.960544458468871,0.1556249241872586,0.0313725490196078,0.0033520291707955,46.4270793175476,0.6055865368382052,0.4499616126509465,0.555739243541294,0.4001143193540353,,,0,2.220446049250313e-16,1.5581641236221424e-16,2.220446049250313e-16,1.5959455978986623e-16,-0.1581375389085715,10,0.2
v2_basis,measurement-basis robustness and scope,U1-RZ-XY-line|n8|d48|i11|dir=gaussian|basis=RANDOM_LOCAL|eta=0,U1-RZ-XY-line|n8|d48|i11,U1-RZ-XY-line,8,48,6.0,11,gaussian,RANDOM_LOCAL,0.0,128,128,552,128,1.0,256,255,0.7194731779085098,0.338423461620115,0.4710679561531479,0.0437777210753364,0.0512482076294353,22.84266918049742,0.0022576763382145,21.04598028959443,2,36,0.3800265557542753,0.1411764705882353,2.6918547699261173,0.23885008516604,0.1411764705882353,0.0066955711140566,35.67284718470078,1.2096397484969257,0.9707896633308856,1.1100713736090972,0.8712212884430572,,,0,2.220446049250313e-16,1.5581641236221424e-16,2.220446049250313e-16,1.5959455978986623e-16,-0.1581375389085715,10,0.2
v2_basis,measurement-basis robustness and scope,U1-RZ-XY-line|n12|d72|i7|dir=gaussian|basis=RANDOM_LOCAL|eta=0,U1-RZ-XY-line|n12|d72|i7,U1-RZ-XY-line,12,72,6.0,7,gaussian,RANDOM_LOCAL,0.0,128,128,1260,128,1.0,4096,4095,0.778187752543007,0.3882178891517264,0.4986733157171973,0.0226399055816248,0.0302755313192684,44.16979551414854,0.0006992869703433,37.81571201096183,1,12,0.0936817442243835,0.0029304029304029,31.968895216570896,0.0907513412939806,0.0029304029304029,0.000206989705927,438.43408003081953,0.5994330038409484,0.5086816625469678,0.5176494207110683,0.4268980794170877,,,0,4.440892098500626e-16,3.1398494915180213e-16,4.440892098500626e-16,2.498001805406602e-16,-0.2224627844796165,10,0.2
v2_basis,measurement-basis robustness and scope,U1-RZ-XY-line|n12|d72|i7|dir=gaussian|basis=RANDOM_LOCAL|eta=0,U1-RZ-XY-line|n12|d72|i7,U1-RZ-XY-line,12,72,6.0,7,gaussian,RANDOM_LOCAL,0.0,128,128,1260,128,1.0,4096,4095,0.778187752543007,0.3882178891517264,0.4986733157171973,0.0226399055816248,0.0302755313192684,44.16979551414854,0.0006992869703433,37.81571201096183,2,78,0.2466080728386519,0.019047619047619,12.946923824029223,0.2275604537910328,0.019047619047619,0.0005234396920168,434.74053890374097,1.515858122074118,1.2882976682830851,1.309042167754981,1.081481713963948,,,0,4.440892098500626e-16,3.1398494915180213e-16,4.440892098500626e-16,2.498001805406602e-16,-0.2224627844796165,10,0.2
v2_basis,measurement-basis robustness and scope,SU2-CNOT-line|n8|d48|i4|dir=gaussian|basis=Z|eta=0,SU2-CNOT-line|n8|d48|i4,SU2-CNOT-line,8,48,6.0,4,gaussian,Z,0.0,128,128,1152,128,1.0,256,255,0.9884422741080688,0.4847080547824828,0.490688503778237,0.0059098236366208,0.0136761531394597,169.20978720978874,4.42912801429672e-05,150.25913472335972,1,8,0.0321882438891266,0.0313725490196078,1.0260002739659102,0.0008156948695187,0.0313725490196078,0.0015218061877384,0.5360044374185159,0.2749335677030347,0.2741178728335159,0.1241250460279871,0.1233093511584684,,,0,7.771561172376097e-16,1.9997532281728683e-16,8.881784197001252e-16,6.158268339717665e-17,-0.3758554104372106,10,0.2
v2_basis,measurement-basis robustness and scope,SU2-CNOT-line|n8|d48|i4|dir=gaussian|basis=Z|eta=0,SU2-CNOT-line|n8|d48|i4,SU2-CNOT-line,8,48,6.0,4,gaussian,Z,0.0,128,128,1152,128,1.0,256,255,0.9884422741080688,0.4847080547824828,0.490688503778237,0.0059098236366208,0.0136761531394597,169.20978720978874,4.42912801429672e-05,150.25913472335972,2,36,0.1396161161899877,0.1411764705882353,0.9889474896790796,-0.0015603543982475,0.1411764705882353,0.003039759212297,-0.5133151309930545,0.5491710126615885,0.5476106582633409,0.2479358115247837,0.2463754571265361,,,0,7.771561172376097e-16,1.9997532281728683e-16,8.881784197001252e-16,6.158268339717665e-17,-0.3758554104372106,10,0.2
v2_basis,measurement-basis robustness and scope,SU2-CNOT-line|n12|d72|i2|dir=gaussian|basis=Z|eta=0,SU2-CNOT-line|n12|d72|i2,SU2-CNOT-line,12,72,6.0,2,gaussian,Z,0.0,128,128,2592,128,1.0,4096,4095,0.9924826079960932,0.4903004112193656,0.4940069870887892,0.0010510586508522,0.0088553472551424,951.4216920142012,1.5437201853650392e-06,804.8514087205332,1,12,0.0028354960592102,0.0029304029304029,0.9676130302054834,-9.490687119272263e-05,0.0029304029304029,0.0001108388365516,-0.856260081262083,0.3209843525253008,0.320889445654108,0.0982544036517073,0.0981594967805146,,,0,2.4424906541753444e-15,3.0536955973452e-16,2.220446049250313e-15,2.255140518769849e-17,-0.4628665850398697,10,0.2
v2_basis,measurement-basis robustness and scope,SU2-CNOT-line|n12|d72|i2|dir=gaussian|basis=Z|eta=0,SU2-CNOT-line|n12|d72|i2,SU2-CNOT-line,12,72,6.0,2,gaussian,Z,0.0,128,128,2592,128,1.0,4096,4095,0.9924826079960932,0.4903004112193656,0.4940069870887892,0.0010510586508522,0.0088553472551424,951.4216920142012,1.5437201853650392e-06,804.8514087205332,2,78,0.0190253256755092,0.019047619047619,0.998829597964238,-2.2293372109752352e-05,0.019047619047619,0.0002802914580136,-0.079536394964509,0.8117116253466803,0.8116893319745705,0.2484676933879815,0.2484454000158718,,,0,2.4424906541753444e-15,3.0536955973452e-16,2.220446049250313e-15,2.255140518769849e-17,-0.4628665850398697,10,0.2
v2_basis,measurement-basis robustness and scope,SU2-HaarU4-brickwork|n8|d48|i0|dir=gaussian|basis=Z|eta=0,SU2-HaarU4-brickwork|n8|d48|i0,SU2-HaarU4-brickwork,8,48,6.0,0,gaussian,Z,0.0,128,128,1152,128,1.0,256,255,0.9799779738790324,0.4823185053245388,0.4928375466890993,0.0074546313773106,0.0152088920696753,134.1447952803756,7.80719242191232e-05,113.1755355530209,1,8,0.0301908391563886,0.0313725490196078,0.9623329981098868,-0.0011817098632192,0.0313725490196078,0.0016370066468355,-0.7218723671669489,0.2957459901230522,0.294564280259833,0.1654622994050387,0.1642805895418195,,,0,1.1102230246251564e-14,1.7625048759038088e-15,1.0991207943789051e-14,5.724587470723462e-17,-0.3221683404681155,10,0.2
v2_basis,measurement-basis robustness and scope,SU2-HaarU4-brickwork|n8|d48|i0|dir=gaussian|basis=Z|eta=0,SU2-HaarU4-brickwork|n8|d48|i0,SU2-HaarU4-brickwork,8,48,6.0,0,gaussian,Z,0.0,128,128,1152,128,1.0,256,255,0.9799779738790324,0.4823185053245388,0.4928375466890993,0.0074546313773106,0.0152088920696753,134.1447952803756,7.80719242191232e-05,113.1755355530209,2,36,0.1344882848247332,0.1411764705882353,0.9526253508418604,-0.006688185763502,0.1411764705882353,0.0032698684467205,-2.0453990343892627,0.5907431611330594,0.5840549753695573,0.3305056537138774,0.3238174679503753,,,0,1.1102230246251564e-14,1.7625048759038088e-15,1.0991207943789051e-14,5.724587470723462e-17,-0.3221683404681155,10,0.2
v2_basis,measurement-basis robustness and scope,SU2-HaarU4-brickwork|n8|d48|i8|dir=gaussian|basis=Z|eta=0,SU2-HaarU4-brickwork|n8|d48|i8,SU2-HaarU4-brickwork,8,48,6.0,8,gaussian,Z,0.0,128,128,1152,128,1.0,256,255,0.9881289214087,0.484461846159488,0.4902028787036142,0.0073945583664249,0.0151492883791872,135.23458068036976,7.303905615610661e-05,117.00985032014424,1,8,0.0292139737984273,0.0313725490196078,0.931195414824872,-0.0021585752211804,0.0313725490196078,0.0016326787480162,-1.3221065220596786,0.2949641003708285,0.2928055251496479,0.1640495827033626,0.1618910074821821,,,0,5.3290705182007506e-15,1.0634364276004329e-15,5.3290705182007506e-15,5.2041704279304207e-17,-0.3844930710538141,10,0.2
v2_basis,measurement-basis robustness and scope,SU2-HaarU4-brickwork|n8|d48|i8|dir=gaussian|basis=Z|eta=0,SU2-HaarU4-brickwork|n8|d48|i8,SU2-HaarU4-brickwork,8,48,6.0,8,gaussian,Z,0.0,128,128,1152,128,1.0,256,255,0.9881289214087,0.484461846159488,0.4902028787036142,0.0073945583664249,0.0151492883791872,135.23458068036976,7.303905615610661e-05,117.00985032014424,2,36,0.135052076538707,0.1411764705882353,0.9566188754825082,-0.0061243940495282,0.1411764705882353,0.0032612236071791,-1.8779436147972748,0.58918136134773,0.5830569672982018,0.3276837972627168,0.3215594032131885,,,0,5.3290705182007506e-15,1.0634364276004329e-15,5.3290705182007506e-15,5.2041704279304207e-17,-0.3844930710538141,10,0.2
v2_basis,measurement-basis robustness and scope,SU2-HaarU4-brickwork|n12|d72|i6|dir=gaussian|basis=Z|eta=0,SU2-HaarU4-brickwork|n12|d72|i6,SU2-HaarU4-brickwork,12,72,6.0,6,gaussian,Z,0.0,128,128,2592,128,1.0,4096,4095,0.9873646432535728,0.4890400217458941,0.4952978019614499,0.0015614358240993,0.0093617371067235,640.4361835215586,3.468950857678732e-06,536.9092995521936,1,12,0.0026454782265147,0.0029304029304029,0.902769444798172,-0.0002849247038881,0.0029304029304029,0.000114051294922,-2.4982154221299693,0.3302874894230774,0.3300025647191892,0.125540856245082,0.1252559315411938,,,0,1.7208456881689926e-14,2.497134443668614e-15,1.754152378907747e-14,3.2959746043559335e-17,-0.4487060441194765,10,0.2
v2_basis,measurement-basis robustness and scope,SU2-HaarU4-brickwork|n12|d72|i6|dir=gaussian|basis=Z|eta=0,SU2-HaarU4-brickwork|n12|d72|i6,SU2-HaarU4-brickwork,12,72,6.0,6,gaussian,Z,0.0,128,128,2592,128,1.0,4096,4095,0.9873646432535728,0.4890400217458941,0.4952978019614499,0.0015614358240993,0.0093617371067235,640.4361835215586,3.468950857678732e-06,536.9092995521936,2,78,0.0180464192499786,0.019047619047619,0.94743701062388,-0.0010011997976403,0.019047619047619,0.0002884151867395,-3.471383767819512,0.835237583271753,0.8342363834741127,0.3174702183094025,0.3164690185117621,,,0,1.7208456881689926e-14,2.497134443668614e-15,1.754152378907747e-14,3.2959746043559335e-17,-0.4487060441194765,10,0.2
v2_basis,measurement-basis robustness and scope,U1-RZ-XY-line|n8|d48|i4|dir=gaussian|basis=Z|eta=0,U1-RZ-XY-line|n8|d48|i4,U1-RZ-XY-line,8,48,6.0,4,gaussian,Z,0.0,128,128,552,128,1.0,70,69,0.7477239439971122,0.3581899364891892,0.4768935701999177,0.0574735167884663,0.0648370049385564,17.399318083849668,0.0040373717866107,15.738039395019044,1,7,0.4442155592572454,0.1014492753623188,4.378696226964276,0.3427662838949266,0.1014492753623188,0.0114531943371347,29.92757075496173,0.5627237728276268,0.2199574889327001,0.5199449694087706,0.1771786855138439,,,0,8.881784197001252e-16,4.996485455209446e-16,8.881784197001252e-16,8.500145032286355e-17,-0.1575793291544834,10,0.2
v2_basis,measurement-basis robustness and scope,U1-RZ-XY-line|n8|d48|i4|dir=gaussian|basis=Z|eta=0,U1-RZ-XY-line|n8|d48|i4,U1-RZ-XY-line,8,48,6.0,4,gaussian,Z,0.0,128,128,552,128,1.0,70,69,0.7477239439971122,0.3581899364891892,0.4768935701999177,0.0574735167884663,0.0648370049385564,17.399318083849668,0.0040373717866107,15.738039395019044,2,27,0.731427133095267,0.391304347826087,1.869202673465682,0.34012278526918,0.391304347826087,0.0185134898528318,18.37161918000856,0.9096135585871696,0.5694907733179895,0.8404638594116802,0.5003410741425003,,,0,8.881784197001252e-16,4.996485455209446e-16,8.881784197001252e-16,8.500145032286355e-17,-0.1575793291544834,10,0.2
v2_basis,measurement-basis robustness and scope,U1-RZ-XY-line|n12|d72|i0|dir=gaussian|basis=Z|eta=0,U1-RZ-XY-line|n12|d72|i0,U1-RZ-XY-line,12,72,6.0,0,gaussian,Z,0.0,128,128,1260,128,1.0,924,923,0.7783162475486123,0.3705810144213771,0.4759975876462886,0.0257584598015982,0.0333697218343982,38.82219696761349,0.0008814355367171,33.68253130088105,1,11,0.3153516715954788,0.0119176598049837,26.46087208023881,0.303434011790495,0.0119176598049837,0.0009071533508174,334.4903168985327,0.5923822516499981,0.2889482398595031,0.5178712605046258,0.2144372487141307,,,0,9.992007221626409e-16,4.827021981350389e-16,9.992007221626409e-16,6.938893903907227e-17,-0.2408575580896032,10,0.2
v2_basis,measurement-basis robustness and scope,U1-RZ-XY-line|n12|d72|i0|dir=gaussian|basis=Z|eta=0,U1-RZ-XY-line|n12|d72|i0,U1-RZ-XY-line,12,72,6.0,0,gaussian,Z,0.0,128,128,1260,128,1.0,924,923,0.7783162475486123,0.3705810144213771,0.4759975876462886,0.0257584598015982,0.0333697218343982,38.82219696761349,0.0008814355367171,33.68253130088105,2,65,0.5492961784675794,0.0704225352112676,7.800005734239627,0.4788736432563117,0.0704225352112676,0.0021388841864837,223.88946829494208,1.3967175773159894,0.9178439340596776,1.2210357253595834,0.7421620821032716,,,0,9.992007221626409e-16,4.827021981350389e-16,9.992007221626409e-16,6.938893903907227e-17,-0.2408575580896032,10,0.2
v2_basis,measurement-basis robustness and scope,U1-RZ-XY-line|n12|d72|i8|dir=gaussian|basis=Z|eta=0,U1-RZ-XY-line|n12|d72|i8,U1-RZ-XY-line,12,72,6.0,8,gaussian,Z,0.0,128,128,1260,128,1.0,924,923,0.7575726865081785,0.3519627778538274,0.4634662721269164,0.0257082590397702,0.033319913266022,38.89800544070364,0.0008411795458853,34.47907833158499,1,11,0.3229934188793776,0.0119176598049837,27.10208414778778,0.3110757590743939,0.0119176598049837,0.0009064533410273,343.17900877481947,0.5919251366812271,0.2808493776068332,0.5173441940412182,0.2062684349668243,,,0,8.881784197001252e-16,4.99901437631856e-16,8.881784197001252e-16,6.938893903907227e-17,-0.2154346464448878,10,0.2
v2_basis,measurement-basis robustness and scope,U1-RZ-XY-line|n12|d72|i8|dir=gaussian|basis=Z|eta=0,U1-RZ-XY-line|n12|d72|i8,U1-RZ-XY-line,12,72,6.0,8,gaussian,Z,0.0,128,128,1260,128,1.0,924,923,0.7575726865081785,0.3519627778538274,0.4634662721269164,0.0257082590397702,0.033319913266022,38.89800544070364,0.0008411795458853,34.47907833158499,2,65,0.553918746674247,0.0704225352112676,7.8656462027743075,0.4834962114629794,0.0704225352112676,0.0021372337049317,226.225241697854,1.395639792642397,0.9121435811794172,1.21979300920493,0.7362967977419507,,,0,8.881784197001252e-16,4.99901437631856e-16,8.881784197001252e-16,6.938893903907227e-17,-0.2154346464448878,10,0.2
v2_basis,measurement-basis robustness and scope,SU2-CNOT-line|n8|d48|i4|dir=gaussian|basis=X|eta=0,SU2-CNOT-line|n8|d48|i4,SU2-CNOT-line,8,48,6.0,4,gaussian,X,0.0,128,128,1152,128,1.0,256,255,0.9884422741080674,0.491281765284445,0.4971958079723743,0.0059008566705021,0.0136672562277638,169.46691909988454,4.289171518457611e-05,152.69094863003724,1,8,0.0303482542380406,0.0313725490196078,0.9673506038375465,-0.0010242947815671,0.0313725490196078,0.0015211120288076,-0.6733854983515548,0.2748081590978297,0.2737838643162625,0.123844829747442,0.1228205349658748,,,0,2.220446049250313e-15,1.8198080741281532e-16,2.220446049250313e-15,6.245004513516506e-17,-0.364178662416177,10,0.2
v2_basis,measurement-basis robustness and scope,SU2-CNOT-line|n8|d48|i4|dir=gaussian|basis=X|eta=0,SU2-CNOT-line|n8|d48|i4,SU2-CNOT-line,8,48,6.0,4,gaussian,X,0.0,128,128,1152,128,1.0,256,255,0.9884422741080674,0.491281765284445,0.4971958079723743,0.0059008566705021,0.0136672562277638,169.46691909988454,4.289171518457611e-05,152.69094863003724,2,36,0.1408932456618575,0.1411764705882353,0.9979938234381572,-0.0002832249263777,0.1411764705882353,0.0030383726520229,-0.0932159938278813,0.5489205129816391,0.5486372880552614,0.247376088462093,0.2470928635357152,,,0,2.220446049250313e-15,1.8198080741281532e-16,2.220446049250313e-15,6.245004513516506e-17,-0.364178662416177,10,0.2
v2_basis,measurement-basis robustness and scope,SU2-CNOT-line|n12|d72|i2|dir=gaussian|basis=X|eta=0,SU2-CNOT-line|n12|d72|i2,SU2-CNOT-line,12,72,6.0,2,gaussian,X,0.0,128,128,2592,128,1.0,4096,4095,0.9924826079960908,0.4935291765217808,0.4972948039831357,0.0010404252381774,0.0088447969160041,961.1454656287848,1.5185595239117217e-06,811.4917146954506,1,12,0.0029301597647982,0.0029304029304029,0.999917019737402,-2.4316560468234244e-07,0.0029304029304029,0.0001107709161157,-0.0021952116422706,0.32078765795673,0.3207874147911253,0.0976048195892963,0.0976045764236916,,,0,4.107825191113079e-15,2.996085939135776e-16,4.329869796038111e-15,2.6454533008646308e-17,-0.4509918337243265,10,0.2
v2_basis,measurement-basis robustness and scope,SU2-CNOT-line|n12|d72|i2|dir=gaussian|basis=X|eta=0,SU2-CNOT-line|n12|d72|i2,SU2-CNOT-line,12,72,6.0,2,gaussian,X,0.0,128,128,2592,128,1.0,4096,4095,0.9924826079960908,0.4935291765217808,0.4972948039831357,0.0010404252381774,0.0088447969160041,961.1454656287848,1.5185595239117217e-06,811.4917146954506,2,78,0.0188534167611883,0.019047619047619,0.9898043799623868,-0.0001942022864307,0.019047619047619,0.0002801196994622,-0.6932832171515629,0.8112142202031108,0.8110200179166801,0.2468250122698811,0.2466308099834504,,,0,4.107825191113079e-15,2.996085939135776e-16,4.329869796038111e-15,2.6454533008646308e-17,-0.4509918337243265,10,0.2
v2_basis,measurement-basis robustness and scope,SU2-HaarU4-brickwork|n8|d48|i0|dir=gaussian|basis=X|eta=0,SU2-HaarU4-brickwork|n8|d48|i0,SU2-HaarU4-brickwork,8,48,6.0,0,gaussian,X,0.0,128,128,1152,128,1.0,256,255,0.9799779738790312,0.4803972652114525,0.4905788853754387,0.0076063220260099,0.0153593976351817,131.469584982135,8.492326036663588e-05,108.51422433379942,1,8,0.0298566772865796,0.0313725490196078,0.951681588509725,-0.0015158717330282,0.0313725490196078,0.0016478844575746,-0.9198895748184116,0.2977112044449498,0.2961953327119215,0.168976999427437,0.1674611276944088,,,0,1.2434497875801752e-14,1.7591039084553938e-15,1.2323475573339238e-14,5.2041704279304207e-17,-0.3562407198588357,10,0.2
v2_basis,measurement-basis robustness and scope,SU2-HaarU4-brickwork|n8|d48|i0|dir=gaussian|basis=X|eta=0,SU2-HaarU4-brickwork|n8|d48|i0,SU2-HaarU4-brickwork,8,48,6.0,0,gaussian,X,0.0,128,128,1152,128,1.0,256,255,0.9799779738790312,0.4803972652114525,0.4905788853754387,0.0076063220260099,0.0153593976351817,131.469584982135,8.492326036663588e-05,108.51422433379942,2,36,0.133194999536518,0.1411764705882353,0.943464580050336,-0.0079814710517172,0.1411764705882353,0.0032915965259399,-2.4248023683395217,0.5946686139188729,0.5866871428671556,0.3375261546538974,0.3295446836021801,,,0,1.2434497875801752e-14,1.7591039084553938e-15,1.2323475573339238e-14,5.2041704279304207e-17,-0.3562407198588357,10,0.2
v2_basis,measurement-basis robustness and scope,SU2-HaarU4-brickwork|n8|d48|i8|dir=gaussian|basis=X|eta=0,SU2-HaarU4-brickwork|n8|d48|i8,SU2-HaarU4-brickwork,8,48,6.0,8,gaussian,X,0.0,128,128,1152,128,1.0,256,255,0.9881289214086986,0.4875518298475093,0.4937207635367627,0.0075634398455871,0.0153168504717934,132.21497366485283,7.799803676002776e-05,113.22912839747045,1,8,0.0259184427100395,0.0313725490196078,0.8261503613825106,-0.0054541063095682,0.0313725490196078,0.0016448166492829,-3.315935737850076,0.2971569660107413,0.291702859701173,0.1679908672475278,0.1625367609379595,,,0,6.550315845288424e-15,1.0677222994637248e-15,6.661338147750939e-15,7.28583859910259e-17,-0.3705541357304849,10,0.2
v2_basis,measurement-basis robustness and scope,SU2-HaarU4-brickwork|n8|d48|i8|dir=gaussian|basis=X|eta=0,SU2-HaarU4-brickwork|n8|d48|i8,SU2-HaarU4-brickwork,8,48,6.0,8,gaussian,X,0.0,128,128,1152,128,1.0,256,255,0.9881289214086986,0.4875518298475093,0.4937207635367627,0.0075634398455871,0.0153168504717934,132.21497366485283,7.799803676002776e-05,113.22912839747045,2,36,0.1317886517851657,0.1411764705882353,0.9335029501449236,-0.0093878188030696,0.1411764705882353,0.0032854686769461,-2.8573758346695035,0.5935615403639296,0.58417372156086,0.3355563871483017,0.3261685683452321,,,0,6.550315845288424e-15,1.0677222994637248e-15,6.661338147750939e-15,7.28583859910259e-17,-0.3705541357304849,10,0.2
v2_basis,measurement-basis robustness and scope,SU2-HaarU4-brickwork|n12|d72|i6|dir=gaussian|basis=X|eta=0,SU2-HaarU4-brickwork|n12|d72|i6,SU2-HaarU4-brickwork,12,72,6.0,6,gaussian,X,0.0,128,128,2592,128,1.0,4096,4095,0.9873646432535708,0.4891851412515441,0.4954852576584643,0.0015383883810757,0.0093388697218486,650.0309104653414,3.221380502720634e-06,557.1587907113573,1,12,0.0026589981586493,0.0029304029304029,0.9073831216391018,-0.0002714047717535,0.0029304029304029,0.0001139081810392,-2.3826626786362004,0.3298730379687321,0.3296016331969786,0.1244377263132088,0.1241663215414552,,,0,1.965094753586527e-14,2.4997371307990494e-15,1.9539925233402755e-14,3.382710778154774e-17,-0.4434783891040655,10,0.2
v2_basis,measurement-basis robustness and scope,SU2-HaarU4-brickwork|n12|d72|i6|dir=gaussian|basis=X|eta=0,SU2-HaarU4-brickwork|n12|d72|i6,SU2-HaarU4-brickwork,12,72,6.0,6,gaussian,X,0.0,128,128,2592,128,1.0,4096,4095,0.9873646432535708,0.4891851412515441,0.4954852576584643,0.0015383883810757,0.0093388697218486,650.0309104653414,3.221380502720634e-06,557.1587907113573,2,78,0.0177624515993347,0.019047619047619,0.9325287089650736,-0.0012851674482843,0.019047619047619,0.0002880532775016,-4.461561623012794,0.8341895101772636,0.8329043427289793,0.3146806013610225,0.3133954339127382,,,0,1.965094753586527e-14,2.4997371307990494e-15,1.9539925233402755e-14,3.382710778154774e-17,-0.4434783891040655,10,0.2
v2_basis,measurement-basis robustness and scope,U1-RZ-XY-line|n8|d48|i4|dir=gaussian|basis=X|eta=0,U1-RZ-XY-line|n8|d48|i4,U1-RZ-XY-line,8,48,6.0,4,gaussian,X,0.0,128,128,552,128,1.0,256,255,0.7477239439971111,0.3757753778659045,0.5016170817101846,0.0491216221196019,0.0565503594467925,20.357633906412698,0.0031232549865004,17.8935404327659,1,8,2.1085796320164928e-33,0.0313725490196078,6.72109757705257e-32,-0.0313725490196078,0.0313725490196078,0.0035348147108683,-8.875302267795789,0.6386090603774367,0.6072365113578289,0.591824383399532,0.5604518343799242,,,0,4.440892098500626e-16,4.721030100303863e-16,4.440892098500626e-16,1.006139616066548e-16,-0.1530203570393862,10,0.2
v2_basis,measurement-basis robustness and scope,U1-RZ-XY-line|n8|d48|i4|dir=gaussian|basis=X|eta=0,U1-RZ-XY-line|n8|d48|i4,U1-RZ-XY-line,8,48,6.0,4,gaussian,X,0.0,128,128,552,128,1.0,256,255,0.7477239439971111,0.3757753778659045,0.5016170817101846,0.0491216221196019,0.0565503594467925,20.357633906412698,0.0031232549865004,17.8935404327659,2,36,0.4389298107945954,0.1411764705882353,3.109086159795051,0.2977533402063601,0.1411764705882353,0.0070606793872308,42.1706359794276,1.2756011836326644,0.9778478434263044,1.1821502869391296,0.8843969467327695,,,0,4.440892098500626e-16,4.721030100303863e-16,4.440892098500626e-16,1.006139616066548e-16,-0.1530203570393862,10,0.2
v2_basis,measurement-basis robustness and scope,U1-RZ-XY-line|n12|d72|i0|dir=gaussian|basis=X|eta=0,U1-RZ-XY-line|n12|d72|i0,U1-RZ-XY-line,12,72,6.0,0,gaussian,X,0.0,128,128,1260,128,1.0,4096,4095,0.7783162475486105,0.3877956128809305,0.4983708888777383,0.0224564185757617,0.0300934778056386,44.53069827792334,0.0006892163382084,38.09098628784718,1,12,4.9287306872481626e-33,0.0029304029304029,1.6819293470234355e-30,-0.0029304029304029,0.0029304029304029,0.0002063613540412,-14.200347463399686,0.5976133246607066,0.5946829217303037,0.5155245202533664,0.5125941173229634,,,0,3.219646771412954e-15,4.762439958749906e-16,3.219646771412954e-15,4.510281037539698e-17,-0.2124680723672975,10,0.2
v2_basis,measurement-basis robustness and scope,U1-RZ-XY-line|n12|d72|i0|dir=gaussian|basis=X|eta=0,U1-RZ-XY-line|n12|d72|i0,U1-RZ-XY-line,12,72,6.0,0,gaussian,X,0.0,128,128,1260,128,1.0,4096,4095,0.7783162475486105,0.3877956128809305,0.4983708888777383,0.0224564185757617,0.0300934778056386,44.53069827792334,0.0006892163382084,38.09098628784718,2,78,0.2654849549674129,0.019047619047619,13.937960135789178,0.2464373359197939,0.019047619047619,0.0005218507032498,472.2372402395458,1.5112564811113014,1.2648191451915074,1.303668677145076,1.057231341225282,,,0,3.219646771412954e-15,4.762439958749906e-16,3.219646771412954e-15,4.510281037539698e-17,-0.2124680723672975,10,0.2
v2_basis,measurement-basis robustness and scope,U1-RZ-XY-line|n12|d72|i8|dir=gaussian|basis=X|eta=0,U1-RZ-XY-line|n12|d72|i8,U1-RZ-XY-line,12,72,6.0,8,gaussian,X,0.0,128,128,1260,128,1.0,4096,4095,0.7575726865081769,0.3724206322556928,0.4923236812378104,0.0226989962789286,0.0303341603704994,44.05481139834783,0.0006786793205878,38.38554329187594,1,12,4.306343707808143e-33,0.0029304029304029,1.4695397902895289e-30,-0.0029304029304029,0.0029304029304029,0.0002071916565639,-14.143440807419353,0.6000178439243564,0.5970874409939535,0.5183318755541853,0.5154014726237823,,,0,1.1102230246251563e-15,4.788339585694611e-16,1.1102230246251563e-15,4.8572257327350605e-17,-0.2199735434653957,10,0.2
v2_basis,measurement-basis robustness and scope,U1-RZ-XY-line|n12|d72|i8|dir=gaussian|basis=X|eta=0,U1-RZ-XY-line|n12|d72|i8,U1-RZ-XY-line,12,72,6.0,8,gaussian,X,0.0,128,128,1260,128,1.0,4096,4095,0.7575726865081769,0.3724206322556928,0.4923236812378104,0.0226989962789286,0.0303341603704994,44.05481139834783,0.0006786793205878,38.38554329187594,2,78,0.2101884948388412,0.019047619047619,11.034895979039169,0.1911408757912222,0.019047619047619,0.0005239503888106,364.80720288251433,1.5173370773282795,1.3261962015370574,1.3107679731581854,1.119627097366963,,,0,1.1102230246251563e-15,4.788339585694611e-16,1.1102230246251563e-15,4.8572257327350605e-17,-0.2199735434653957,10,0.2
v2_basis,measurement-basis robustness and scope,SU2-CNOT-line|n8|d48|i4|dir=gaussian|basis=Y|eta=0,SU2-CNOT-line|n8|d48|i4,SU2-CNOT-line,8,48,6.0,4,gaussian,Y,0.0,128,128,1152,128,1.0,256,255,0.988442274108068,0.4975574509537404,0.5036384832337795,0.0059613159015977,0.0137272431211165,167.74819796615367,4.439563335176525e-05,150.08243662710765,1,8,0.0294445214854311,0.0313725490196078,0.938544122348119,-0.0019280275341766,0.0313725490196078,0.0015257862400154,-1.2636288646548537,0.27565261457048,0.2737245870363033,0.1257220808864057,0.123794053352229,,,0,1.7763568394002505e-15,1.032852667740294e-16,1.7763568394002505e-15,7.45931094670027e-17,-0.3926409206750117,10,0.2
v2_basis,measurement-basis robustness and scope,SU2-CNOT-line|n8|d48|i4|dir=gaussian|basis=Y|eta=0,SU2-CNOT-line|n8|d48|i4,SU2-CNOT-line,8,48,6.0,4,gaussian,Y,0.0,128,128,1152,128,1.0,256,255,0.988442274108068,0.4975574509537404,0.5036384832337795,0.0059613159015977,0.0137272431211165,167.74819796615367,4.439563335176525e-05,150.08243662710765,2,36,0.1383147161497112,0.1411764705882353,0.979729239393788,-0.002861754438524,0.1411764705882353,0.0030477092394895,-0.9389853866123108,0.5506072857934767,0.5477455313549526,0.2511258376019228,0.2482640831633988,,,0,1.7763568394002505e-15,1.032852667740294e-16,1.7763568394002505e-15,7.45931094670027e-17,-0.3926409206750117,10,0.2
v2_basis,measurement-basis robustness and scope,SU2-CNOT-line|n12|d72|i2|dir=gaussian|basis=Y|eta=0,SU2-CNOT-line|n12|d72|i2,SU2-CNOT-line,12,72,6.0,2,gaussian,Y,0.0,128,128,2592,128,1.0,4096,4095,0.9924826079960908,0.4952247481060932,0.498967469535081,0.0010376689356629,0.0088420621471031,963.6985030886284,1.5469174082942802e-06,804.01923100318,1,12,0.0026261092558958,0.0029304029304029,0.8961597835744509,-0.0003042936745071,0.0029304029304029,0.000110753303562,-2.7474907268708715,0.3207366527826981,0.3204323591081909,0.097435733187621,0.0971314395131139,,,0,4.440892098500626e-15,3.0843011735147913e-16,4.440892098500626e-15,3.122502256758253e-17,-0.4612711432298683,10,0.2
v2_basis,measurement-basis robustness and scope,SU2-CNOT-line|n12|d72|i2|dir=gaussian|basis=Y|eta=0,SU2-CNOT-line|n12|d72|i2,SU2-CNOT-line,12,72,6.0,2,gaussian,Y,0.0,128,128,2592,128,1.0,4096,4095,0.9924826079960908,0.4952247481060932,0.498967469535081,0.0010376689356629,0.0088420621471031,963.6985030886284,1.5469174082942802e-06,804.01923100318,2,78,0.0181992760677938,0.019047619047619,0.955461993559175,-0.0008483429798252,0.019047619047619,0.0002800751604855,-3.028983285609593,0.8110852373028888,0.8102368943230636,0.2463974232087694,0.2455490802289442,,,0,4.440892098500626e-15,3.0843011735147913e-16,4.440892098500626e-15,3.122502256758253e-17,-0.4612711432298683,10,0.2
v2_basis,measurement-basis robustness and scope,SU2-HaarU4-brickwork|n8|d48|i0|dir=gaussian|basis=Y|eta=0,SU2-HaarU4-brickwork|n8|d48|i0,SU2-HaarU4-brickwork,8,48,6.0,0,gaussian,Y,0.0,128,128,1152,128,1.0,256,255,0.9799779738790312,0.4824200466391746,0.4925371712501372,0.0075898579121057,0.0153430621471674,131.7547721683971,8.023846157085054e-05,111.63714037824712,1,8,0.030738385773316,0.0313725490196078,0.9797860465244486,-0.0006341632462918,0.0313725490196078,0.0016467072842197,-0.3851098810146359,0.2974985331646798,0.296864369918388,0.1685990675953776,0.1679649043490858,,,0,1.27675647831893e-14,1.8214670842896577e-15,1.2656542480726783e-14,5.898059818321144e-17,-0.3419214039033625,10,0.2
v2_basis,measurement-basis robustness and scope,SU2-HaarU4-brickwork|n8|d48|i0|dir=gaussian|basis=Y|eta=0,SU2-HaarU4-brickwork|n8|d48|i0,SU2-HaarU4-brickwork,8,48,6.0,0,gaussian,Y,0.0,128,128,1152,128,1.0,256,255,0.9799779738790312,0.4824200466391746,0.4925371712501372,0.0075898579121057,0.0153430621471674,131.7547721683971,8.023846157085054e-05,111.63714037824712,2,36,0.1401049970548759,0.1411764705882353,0.9924103958053712,-0.0010714735333593,0.1411764705882353,0.0032892451597942,-0.3257505844977372,0.5942438098350148,0.5931723363016554,0.3367712479007384,0.3356997743673791,,,0,1.27675647831893e-14,1.8214670842896577e-15,1.2656542480726783e-14,5.898059818321144e-17,-0.3419214039033625,10,0.2
v2_basis,measurement-basis robustness and scope,SU2-HaarU4-brickwork|n8|d48|i8|dir=gaussian|basis=Y|eta=0,SU2-HaarU4-brickwork|n8|d48|i8,SU2-HaarU4-brickwork,8,48,6.0,8,gaussian,Y,0.0,128,128,1152,128,1.0,256,255,0.9881289214086986,0.4867661996605279,0.4930566890674584,0.0073134951873809,0.0150688585062295,136.73352813924632,7.273277165559772e-05,117.2559612022568,1,8,0.0287179036441877,0.0313725490196078,0.9153831786584848,-0.00265464537542,0.0313725490196078,0.0016268203829871,-1.6317999228320348,0.2939057125082236,0.2912510671328036,0.1621237349102885,0.1594690895348684,,,0,6.661338147750939e-15,1.0166012405473917e-15,6.550315845288424e-15,4.6837533851373785e-17,-0.3796012129085742,10,0.2
v2_basis,measurement-basis robustness and scope,SU2-HaarU4-brickwork|n8|d48|i8|dir=gaussian|basis=Y|eta=0,SU2-HaarU4-brickwork|n8|d48|i8,SU2-HaarU4-brickwork,8,48,6.0,8,gaussian,Y,0.0,128,128,1152,128,1.0,256,255,0.9881289214086986,0.4867661996605279,0.4930566890674584,0.0073134951873809,0.0150688585062295,136.73352813924632,7.273277165559772e-05,117.2559612022568,2,36,0.133302392892583,0.1411764705882353,0.94422528298913,-0.0078740776956522,0.1411764705882353,0.0032495217103085,-2.4231497425215296,0.5870672654257535,0.5791931877301013,0.3238369778597948,0.3159629001641426,,,0,6.661338147750939e-15,1.0166012405473917e-15,6.550315845288424e-15,4.6837533851373785e-17,-0.3796012129085742,10,0.2
v2_basis,measurement-basis robustness and scope,SU2-HaarU4-brickwork|n12|d72|i6|dir=gaussian|basis=Y|eta=0,SU2-HaarU4-brickwork|n12|d72|i6,SU2-HaarU4-brickwork,12,72,6.0,6,gaussian,Y,0.0,128,128,2592,128,1.0,4096,4095,0.987364643253572,0.4883422744193075,0.4946266989466574,0.0015541801894123,0.0093545381566825,643.426036963012,3.4205434115744456e-06,540.6951160040361,1,12,0.0025980452488585,0.0029304029304029,0.8865829411729839,-0.0003323576815443,0.0029304029304029,0.0001140062601873,-2.915258170895646,0.3301570708296268,0.3298247131480824,0.1251946249393416,0.1248622672577973,,,0,1.8207657603852567e-14,2.2994063364211825e-15,1.8207657603852567e-14,2.775557561562892e-17,-0.4474182811494064,10,0.2
v2_basis,measurement-basis robustness and scope,SU2-HaarU4-brickwork|n12|d72|i6|dir=gaussian|basis=Y|eta=0,SU2-HaarU4-brickwork|n12|d72|i6,SU2-HaarU4-brickwork,12,72,6.0,6,gaussian,Y,0.0,128,128,2592,128,1.0,4096,4095,0.987364643253572,0.4883422744193075,0.4946266989466574,0.0015541801894123,0.0093545381566825,643.426036963012,3.4205434115744456e-06,540.6951160040361,2,78,0.0178314321114523,0.019047619047619,0.9361501858512492,-0.0012161869361666,0.019047619047619,0.0002883013020052,-4.218458008020241,0.8349077781344236,0.833691591198257,0.3165946616857934,0.3153784747496267,,,0,1.8207657603852567e-14,2.2994063364211825e-15,1.8207657603852567e-14,2.775557561562892e-17,-0.4474182811494064,10,0.2
v2_basis,measurement-basis robustness and scope,U1-RZ-XY-line|n8|d48|i4|dir=gaussian|basis=Y|eta=0,U1-RZ-XY-line|n8|d48|i4,U1-RZ-XY-line,8,48,6.0,4,gaussian,Y,0.0,128,128,552,128,1.0,256,255,0.7477239439971113,0.3757753778659046,0.5016170817101847,0.0491216221196019,0.0565503594467925,20.35763390641269,0.0031232549865004,17.893540432765896,1,8,1.320432477473478e-33,0.0313725490196078,4.208878521946711e-32,-0.0313725490196078,0.0313725490196078,0.0035348147108683,-8.875302267795787,0.6386090603774368,0.607236511357829,0.5918243833995321,0.5604518343799243,,,0,8.881784197001252e-16,8.552204330091945e-16,6.661338147750939e-16,1.0408340855860844e-16,-0.1530203570393862,10,0.2
v2_basis,measurement-basis robustness and scope,U1-RZ-XY-line|n8|d48|i4|dir=gaussian|basis=Y|eta=0,U1-RZ-XY-line|n8|d48|i4,U1-RZ-XY-line,8,48,6.0,4,gaussian,Y,0.0,128,128,552,128,1.0,256,255,0.7477239439971113,0.3757753778659046,0.5016170817101847,0.0491216221196019,0.0565503594467925,20.35763390641269,0.0031232549865004,17.893540432765896,2,36,0.4389298107945952,0.1411764705882353,3.109086159795049,0.2977533402063599,0.1411764705882353,0.0070606793872308,42.17063597942755,1.2756011836326644,0.9778478434263044,1.1821502869391298,0.8843969467327699,,,0,8.881784197001252e-16,8.552204330091945e-16,6.661338147750939e-16,1.0408340855860844e-16,-0.1530203570393862,10,0.2
v2_basis,measurement-basis robustness and scope,U1-RZ-XY-line|n12|d72|i0|dir=gaussian|basis=Y|eta=0,U1-RZ-XY-line|n12|d72|i0,U1-RZ-XY-line,12,72,6.0,0,gaussian,Y,0.0,128,128,1260,128,1.0,4096,4095,0.7783162475486105,0.3877956128809305,0.4983708888777383,0.0224564185757617,0.0300934778056386,44.53069827792335,0.0006892163382084,38.09098628784717,1,12,8.069382832810439e-33,0.0029304029304029,2.7536768916965624e-30,-0.0029304029304029,0.0029304029304029,0.0002063613540412,-14.200347463399686,0.5976133246607066,0.5946829217303037,0.5155245202533663,0.5125941173229633,,,0,3.219646771412954e-15,4.913678885710614e-16,3.3306690738754696e-15,5.377642775528102e-17,-0.2124680723672974,10,0.2
v2_basis,measurement-basis robustness and scope,U1-RZ-XY-line|n12|d72|i0|dir=gaussian|basis=Y|eta=0,U1-RZ-XY-line|n12|d72|i0,U1-RZ-XY-line,12,72,6.0,0,gaussian,Y,0.0,128,128,1260,128,1.0,4096,4095,0.7783162475486105,0.3877956128809305,0.4983708888777383,0.0224564185757617,0.0300934778056386,44.53069827792335,0.0006892163382084,38.09098628784717,2,78,0.265484954967413,0.019047619047619,13.93796013578918,0.2464373359197939,0.019047619047619,0.0005218507032498,472.23724023954594,1.5112564811113014,1.2648191451915074,1.3036686771450758,1.0572313412252818,,,0,3.219646771412954e-15,4.913678885710614e-16,3.3306690738754696e-15,5.377642775528102e-17,-0.2124680723672974,10,0.2
v2_basis,measurement-basis robustness and scope,U1-RZ-XY-line|n12|d72|i8|dir=gaussian|basis=Y|eta=0,U1-RZ-XY-line|n12|d72|i8,U1-RZ-XY-line,12,72,6.0,8,gaussian,Y,0.0,128,128,1260,128,1.0,4096,4095,0.7575726865081771,0.3724206322556929,0.4923236812378104,0.0226989962789286,0.0303341603704994,44.05481139834783,0.0006786793205878,38.38554329187595,1,12,5.6179059487202925e-33,0.0029304029304029,1.9171104050008e-30,-0.0029304029304029,0.0029304029304029,0.0002071916565639,-14.143440807419353,0.6000178439243564,0.5970874409939535,0.5183318755541853,0.5154014726237823,,,0,8.881784197001252e-16,5.611937690961183e-16,8.881784197001252e-16,5.377642775528102e-17,-0.219973543465396,10,0.2
v2_basis,measurement-basis robustness and scope,U1-RZ-XY-line|n12|d72|i8|dir=gaussian|basis=Y|eta=0,U1-RZ-XY-line|n12|d72|i8,U1-RZ-XY-line,12,72,6.0,8,gaussian,Y,0.0,128,128,1260,128,1.0,4096,4095,0.7575726865081771,0.3724206322556929,0.4923236812378104,0.0226989962789286,0.0303341603704994,44.05481139834783,0.0006786793205878,38.38554329187595,2,78,0.2101884948388412,0.019047619047619,11.034895979039163,0.1911408757912222,0.019047619047619,0.0005239503888106,364.8072028825142,1.5173370773282795,1.3261962015370576,1.3107679731581854,1.1196270973669633,,,0,8.881784197001252e-16,5.611937690961183e-16,8.881784197001252e-16,5.377642775528102e-17,-0.219973543465396,10,0.2
v2_basis,measurement-basis robustness and scope,SU2-CNOT-line|n8|d48|i4|dir=gaussian|basis=RANDOM_LOCAL|eta=0,SU2-CNOT-line|n8|d48|i4,SU2-CNOT-line,8,48,6.0,4,gaussian,RANDOM_LOCAL,0.0,128,128,1152,128,1.0,256,255,0.9884422741080688,0.4941509060450758,0.5000529421967449,0.0058835193206162,0.0136500543259239,169.96629831671265,4.302129751638701e-05,152.46081876483177,1,8,0.0301413758715369,0.0313725490196078,0.96075635590524,-0.0012311731480708,0.0313725490196078,0.0015197689949781,-0.8101054516437008,0.2745655230215336,0.2733343498734627,0.1233012343448309,0.12207006119676,,,0,8.881784197001252e-16,1.9112390193924067e-16,8.881784197001252e-16,7.892991815694471e-17,-0.3833713020716968,10,0.2
v2_basis,measurement-basis robustness and scope,SU2-CNOT-line|n8|d48|i4|dir=gaussian|basis=RANDOM_LOCAL|eta=0,SU2-CNOT-line|n8|d48|i4,SU2-CNOT-line,8,48,6.0,4,gaussian,RANDOM_LOCAL,0.0,128,128,1152,128,1.0,256,255,0.9884422741080688,0.4941509060450758,0.5000529421967449,0.0058835193206162,0.0136500543259239,169.96629831671265,4.302129751638701e-05,152.46081876483177,2,36,0.1432531298133345,0.1411764705882353,1.0147096695111195,0.0020766592250992,0.1411764705882353,0.0030356899848815,0.6840814560911944,0.5484358551756062,0.546359195950507,0.2462902740225387,0.2442136147974395,,,0,8.881784197001252e-16,1.9112390193924067e-16,8.881784197001252e-16,7.892991815694471e-17,-0.3833713020716968,10,0.2
v2_basis,measurement-basis robustness and scope,SU2-CNOT-line|n12|d72|i2|dir=gaussian|basis=RANDOM_LOCAL|eta=0,SU2-CNOT-line|n12|d72|i2,SU2-CNOT-line,12,72,6.0,2,gaussian,RANDOM_LOCAL,0.0,128,128,2592,128,1.0,4096,4095,0.9924826079960936,0.4943221324286667,0.4980870964643443,0.0010419515274731,0.0088463112811647,959.737544053621,1.5607402396405438e-06,800.4508795389563,1,12,0.0027920064605272,0.0029304029304029,0.952772204654913,-0.0001383964698757,0.0029304029304029,0.0001107806677783,-1.2492835857666271,0.3208158983387354,0.3206775018688597,0.0976983244835654,0.0975599280136897,,,0,1.887379141862766e-15,2.9491646341472304e-16,1.7763568394002505e-15,3.4694469519536136e-17,-0.4489650925974703,10,0.2
v2_basis,measurement-basis robustness and scope,SU2-CNOT-line|n12|d72|i2|dir=gaussian|basis=RANDOM_LOCAL|eta=0,SU2-CNOT-line|n12|d72|i2,SU2-CNOT-line,12,72,6.0,2,gaussian,RANDOM_LOCAL,0.0,128,128,2592,128,1.0,4096,4095,0.9924826079960936,0.4943221324286667,0.4980870964643443,0.0010419515274731,0.0088463112811647,959.737544053621,1.5607402396405438e-06,800.4508795389563,2,78,0.0188437483654998,0.019047619047619,0.9892967891887444,-0.0002038706821191,0.019047619047619,0.0002801443596607,-0.72773438082433,0.8112856350437335,0.8110817643616144,0.2470614693093222,0.246857598627203,,,0,1.887379141862766e-15,2.9491646341472304e-16,1.7763568394002505e-15,3.4694469519536136e-17,-0.4489650925974703,10,0.2
v2_basis,measurement-basis robustness and scope,SU2-HaarU4-brickwork|n8|d48|i0|dir=gaussian|basis=RANDOM_LOCAL|eta=0,SU2-HaarU4-brickwork|n8|d48|i0,SU2-HaarU4-brickwork,8,48,6.0,0,gaussian,RANDOM_LOCAL,0.0,128,128,1152,128,1.0,256,255,0.9799779738790316,0.4852605841403025,0.4954979712297339,0.0074778422765441,0.0152319216337586,133.72841563357306,7.901070845752152e-05,112.50116557911684,1,8,0.0298331012719094,0.0313725490196078,0.950930103042113,-0.0015394477476984,0.0313725490196078,0.0016386757909703,-0.9394462017327172,0.2960475421575151,0.2945080944098167,0.1660049223296671,0.1644654745819687,,,0,1.1768364061026661e-14,1.7477416501740164e-15,1.1879386363489175e-14,9.80118763926896e-17,-0.358487722053224,10,0.2
v2_basis,measurement-basis robustness and scope,SU2-HaarU4-brickwork|n8|d48|i0|dir=gaussian|basis=RANDOM_LOCAL|eta=0,SU2-HaarU4-brickwork|n8|d48|i0,SU2-HaarU4-brickwork,8,48,6.0,0,gaussian,RANDOM_LOCAL,0.0,128,128,1152,128,1.0,256,255,0.9799779738790316,0.4852605841403025,0.4954979712297339,0.0074778422765441,0.0152319216337586,133.72841563357306,7.901070845752152e-05,112.50116557911684,2,36,0.1402706166819349,0.1411764705882353,0.9935835348303726,-0.0009058539063003,0.1411764705882353,0.0032732025087719,-0.2767485066605871,0.5913455016821588,0.5904396477758584,0.3315895256597485,0.3306836717534481,,,0,1.1768364061026661e-14,1.7477416501740164e-15,1.1879386363489175e-14,9.80118763926896e-17,-0.358487722053224,10,0.2
v2_basis,measurement-basis robustness and scope,SU2-HaarU4-brickwork|n8|d48|i8|dir=gaussian|basis=RANDOM_LOCAL|eta=0,SU2-HaarU4-brickwork|n8|d48|i8,SU2-HaarU4-brickwork,8,48,6.0,8,gaussian,RANDOM_LOCAL,0.0,128,128,1152,128,1.0,256,255,0.9881289214087,0.4869943490001569,0.4927312749533831,0.0076360361050197,0.0153888795729493,130.9579978730874,8.012466895251009e-05,111.71638548165586,1,8,0.0283039808304738,0.0313725490196078,0.902189388971354,-0.0030685681891339,0.0313725490196078,0.0016500068691234,-1.8597305541910103,0.2980946449802493,0.2950260767911153,0.1696569518657467,0.1665883836766127,,,0,5.10702591327572e-15,1.053120033425953e-15,4.996003610813205e-15,9.714451465470121e-17,-0.37061811677266,10,0.2
v2_basis,measurement-basis robustness and scope,SU2-HaarU4-brickwork|n8|d48|i8|dir=gaussian|basis=RANDOM_LOCAL|eta=0,SU2-HaarU4-brickwork|n8|d48|i8,SU2-HaarU4-brickwork,8,48,6.0,8,gaussian,RANDOM_LOCAL,0.0,128,128,1152,128,1.0,256,255,0.9881289214087,0.4869943490001569,0.4927312749533831,0.0076360361050197,0.0153888795729493,130.9579978730874,8.012466895251009e-05,111.71638548165586,2,36,0.1355497903171508,0.1411764705882353,0.9601443480798184,-0.0056266802710844,0.1411764705882353,0.0032958359751613,-1.70720882759009,0.5954345241306567,0.5898078438595722,0.3388843379133224,0.3332576576422379,,,0,5.10702591327572e-15,1.053120033425953e-15,4.996003610813205e-15,9.714451465470121e-17,-0.37061811677266,10,0.2
v2_basis,measurement-basis robustness and scope,SU2-HaarU4-brickwork|n12|d72|i6|dir=gaussian|basis=RANDOM_LOCAL|eta=0,SU2-HaarU4-brickwork|n12|d72|i6,SU2-HaarU4-brickwork,12,72,6.0,6,gaussian,RANDOM_LOCAL,0.0,128,128,2592,128,1.0,4096,4095,0.9873646432535718,0.4896763251513235,0.4959428123063595,0.0015553415765018,0.0093556904704354,642.9455851422274,3.4323874553048665e-06,539.7614290623762,1,12,0.0025695918024549,0.0029304029304029,0.8768732025877595,-0.0003608111279479,0.0029304029304029,0.0001140134699543,-3.1646359688237955,0.3301779499950146,0.3298171388670667,0.1252501094562028,0.1248892983282548,,,0,1.8540724511240114e-14,2.509280543614791e-15,1.8540724511240114e-14,3.642919299551295e-17,-0.4526194567522753,10,0.2
v2_basis,measurement-basis robustness and scope,SU2-HaarU4-brickwork|n12|d72|i6|dir=gaussian|basis=RANDOM_LOCAL|eta=0,SU2-HaarU4-brickwork|n12|d72|i6,SU2-HaarU4-brickwork,12,72,6.0,6,gaussian,RANDOM_LOCAL,0.0,128,128,2592,128,1.0,4096,4095,0.9873646432535718,0.4896763251513235,0.4959428123063595,0.0015553415765018,0.0093556904704354,642.9455851422274,3.4323874553048665e-06,539.7614290623762,2,78,0.0182295367166526,0.019047619047619,0.957050677624263,-0.0008180823309664,0.019047619047619,0.0002883195342077,-2.8374155542892048,0.834960577783813,0.8341424954528467,0.3167349720373996,0.3159168897064332,,,0,1.8540724511240114e-14,2.509280543614791e-15,1.8540724511240114e-14,3.642919299551295e-17,-0.4526194567522753,10,0.2
v2_basis,measurement-basis robustness and scope,U1-RZ-XY-line|n8|d48|i4|dir=gaussian|basis=RANDOM_LOCAL|eta=0,U1-RZ-XY-line|n8|d48|i4,U1-RZ-XY-line,8,48,6.0,4,gaussian,RANDOM_LOCAL,0.0,128,128,552,128,1.0,256,255,0.7477239439971118,0.3748200555013774,0.5015328721945398,0.0456390499667038,0.0530949948888389,21.91106082903903,0.0027375588368316,19.112533911850925,1,8,0.0741642073786153,0.0313725490196078,2.3639841101933627,0.0427916583590074,0.0313725490196078,0.0034168049896109,12.5238807860323,0.6172891091573901,0.5744974507983827,0.5685680090259219,0.5257763506669144,,,0,4.440892098500626e-16,4.943979025485933e-16,4.440892098500626e-16,2.0383000842727483e-16,-0.1462451507064976,10,0.2
v2_basis,measurement-basis robustness and scope,U1-RZ-XY-line|n8|d48|i4|dir=gaussian|basis=RANDOM_LOCAL|eta=0,U1-RZ-XY-line|n8|d48|i4,U1-RZ-XY-line,8,48,6.0,4,gaussian,RANDOM_LOCAL,0.0,128,128,552,128,1.0,256,255,0.7477239439971118,0.3748200555013774,0.5015328721945398,0.0456390499667038,0.0530949948888389,21.91106082903903,0.0027375588368316,19.112533911850925,2,36,0.372203126649497,0.1411764705882353,2.636438813767271,0.2310266560612617,0.1411764705882353,0.0068249587414461,33.8502641280891,1.2330152626073525,1.0019886065460908,1.1356964225663817,0.90466976650512,,,0,4.440892098500626e-16,4.943979025485933e-16,4.440892098500626e-16,2.0383000842727483e-16,-0.1462451507064976,10,0.2
v2_basis,measurement-basis robustness and scope,U1-RZ-XY-line|n12|d72|i0|dir=gaussian|basis=RANDOM_LOCAL|eta=0,U1-RZ-XY-line|n12|d72|i0,U1-RZ-XY-line,12,72,6.0,0,gaussian,RANDOM_LOCAL,0.0,128,128,1260,128,1.0,4096,4095,0.7783162475486122,0.3816303391096142,0.4911094772578843,0.0214527360330627,0.0290976365328043,46.61410080554816,0.0005990574711435,40.85693235707542,1,12,0.113517913868259,0.0029304029304029,38.73798810754341,0.1105875109378561,0.0029304029304029,0.000202889806514,545.0619370085475,0.5875598770612421,0.476972366123386,0.5037426275403409,0.3931551166024848,,,0,7.771561172376097e-16,4.7299316049679565e-16,9.992007221626409e-16,1.8388068845354155e-16,-0.2430375513130534,10,0.2
v2_basis,measurement-basis robustness and scope,U1-RZ-XY-line|n12|d72|i0|dir=gaussian|basis=RANDOM_LOCAL|eta=0,U1-RZ-XY-line|n12|d72|i0,U1-RZ-XY-line,12,72,6.0,0,gaussian,RANDOM_LOCAL,0.0,128,128,1260,128,1.0,4096,4095,0.7783162475486122,0.3816303391096142,0.4911094772578843,0.0214527360330627,0.0290976365328043,46.61410080554816,0.0005990574711435,40.85693235707542,2,78,0.2563475478619965,0.019047619047619,13.458246262754814,0.2372999288143774,0.019047619047619,0.0005130717847027,462.5082413211368,1.4858331225360395,1.248533193721662,1.2738743921323938,1.0365744633180165,,,0,7.771561172376097e-16,4.7299316049679565e-16,9.992007221626409e-16,1.8388068845354155e-16,-0.2430375513130534,10,0.2
v2_basis,measurement-basis robustness and scope,U1-RZ-XY-line|n12|d72|i8|dir=gaussian|basis=RANDOM_LOCAL|eta=0,U1-RZ-XY-line|n12|d72|i8,U1-RZ-XY-line,12,72,6.0,8,gaussian,RANDOM_LOCAL,0.0,128,128,1260,128,1.0,4096,4095,0.7575726865081784,0.3729087669323995,0.4915240552071096,0.0222444710916824,0.0298831861612786,44.95499110221222,0.000647379804586,39.302522627200105,1,12,0.1122517568000049,0.0029304029304029,38.30591200800168,0.1093213538696019,0.0029304029304029,0.0002056331492897,531.6329310093487,0.5955044760123251,0.4861831221427232,0.5130590748362732,0.4037377209666712,,,0,1.1102230246251563e-15,4.857349639974342e-16,8.881784197001252e-16,2.706168622523819e-16,-0.2100247071857985,10,0.2
v2_basis,measurement-basis robustness and scope,U1-RZ-XY-line|n12|d72|i8|dir=gaussian|basis=RANDOM_LOCAL|eta=0,U1-RZ-XY-line|n12|d72|i8,U1-RZ-XY-line,12,72,6.0,8,gaussian,RANDOM_LOCAL,0.0,128,128,1260,128,1.0,4096,4095,0.7575726865081784,0.3729087669323995,0.4915240552071096,0.0222444710916824,0.0298831861612786,44.95499110221222,0.000647379804586,39.302522627200105,2,78,0.2344187104100249,0.019047619047619,12.306982296526307,0.2153710913624059,0.019047619047619,0.000520009204567,414.1678444744393,1.5059235826365918,1.290552491274186,1.2974340096574937,1.0820629182950878,,,0,1.1102230246251563e-15,4.857349639974342e-16,8.881784197001252e-16,2.706168622523819e-16,-0.2100247071857985,10,0.2
v2_basis,measurement-basis robustness and scope,SU2-CNOT-line|n8|d48|i0|dir=gaussian|basis=Y|eta=0,SU2-CNOT-line|n8|d48|i0,SU2-CNOT-line,8,48,6.0,0,gaussian,Y,0.0,128,128,1152,128,1.0,256,255,0.9800739302989224,0.4912570266914199,0.5012479421741569,0.0056068802661463,0.0133755765140671,178.3523015531236,3.698989046177678e-05,164.4214513392126,1,8,0.0299173722947864,0.0313725490196078,0.9536162418963195,-0.0014551767248213,0.0313725490196078,0.0014981763528184,-0.9712986872898892,0.2706645386564191,0.2692093619315977,0.1142782259819298,0.1128230492571085,,,0,0.0,2.558731828069965e-16,0.0,8.153200337090992e-17,-0.354565021573285,10,0.2
v2_basis,measurement-basis robustness and scope,SU2-CNOT-line|n8|d48|i0|dir=gaussian|basis=Y|eta=0,SU2-CNOT-line|n8|d48|i0,SU2-CNOT-line,8,48,6.0,0,gaussian,Y,0.0,128,128,1152,128,1.0,256,255,0.9800739302989224,0.4912570266914199,0.5012479421741569,0.0056068802661463,0.0133755765140671,178.3523015531236,3.698989046177678e-05,164.4214513392126,2,36,0.1356446566519663,0.1411764705882353,0.9608163179514284,-0.0055318139362689,0.1411764705882353,0.0029925593724214,-1.8485227017544164,0.5406437636093958,0.5351119496731269,0.2282671032569354,0.2227352893206664,,,0,0.0,2.558731828069965e-16,0.0,8.153200337090992e-17,-0.354565021573285,10,0.2
v2_basis,measurement-basis robustness and scope,SU2-CNOT-line|n8|d48|i8|dir=gaussian|basis=Y|eta=0,SU2-CNOT-line|n8|d48|i8,SU2-CNOT-line,8,48,6.0,8,gaussian,Y,0.0,128,128,1152,128,1.0,256,255,0.9863320288915236,0.4942525368913865,0.5012127425098893,0.0059821659866628,0.013747930314892,167.16353277884383,4.58513367545395e-05,147.68078737470128,1,8,0.0323230358061174,0.0313725490196078,1.030296766319994,0.0009504867865096,0.0313725490196078,0.0015273948802608,0.6222927671116172,0.2759432358108084,0.2749927490242987,0.1263630062178111,0.1254125194313015,,,0,1.5543122344752194e-15,5.0133508455729725e-16,1.7763568394002505e-15,5.030698080332741e-17,-0.3733699328721738,10,0.2
v2_basis,measurement-basis robustness and scope,SU2-CNOT-line|n8|d48|i8|dir=gaussian|basis=Y|eta=0,SU2-CNOT-line|n8|d48|i8,SU2-CNOT-line,8,48,6.0,8,gaussian,Y,0.0,128,128,1152,128,1.0,256,255,0.9863320288915236,0.4942525368913865,0.5012127425098893,0.0059821659866628,0.013747930314892,167.16353277884383,4.58513367545395e-05,147.68078737470128,2,36,0.1398577370318859,0.1411764705882353,0.9906589706425256,-0.0013187335563493,0.1411764705882353,0.0030509224469562,-0.4322409301701366,0.5511877924307181,0.5498690588743689,0.2524060654628894,0.2510873319065401,,,0,1.5543122344752194e-15,5.0133508455729725e-16,1.7763568394002505e-15,5.030698080332741e-17,-0.3733699328721738,10,0.2
v2_basis,measurement-basis robustness and scope,SU2-CNOT-line|n12|d72|i6|dir=gaussian|basis=Y|eta=0,SU2-CNOT-line|n12|d72|i6,SU2-CNOT-line,12,72,6.0,6,gaussian,Y,0.0,128,128,2592,128,1.0,4096,4095,0.9967546979962474,0.4987373782893505,0.500328875983443,0.0010463367161176,0.008850662210523,955.7152918330016,1.676325857094808e-06,772.3617857677658,1,12,0.0027883237571593,0.0029304029304029,0.9515154821306132,-0.0001420791732436,0.0029304029304029,0.0001108086805489,-1.282202554346633,0.3208970220794751,0.3207549429062315,0.0979664772572467,0.097824398084003,,,0,0.0,2.2124366716946016e-16,2.220446049250313e-16,3.382710778154774e-17,-0.463295449929664,10,0.2
v2_basis,measurement-basis robustness and scope,SU2-CNOT-line|n12|d72|i6|dir=gaussian|basis=Y|eta=0,SU2-CNOT-line|n12|d72|i6,SU2-CNOT-line,12,72,6.0,6,gaussian,Y,0.0,128,128,2592,128,1.0,4096,4095,0.9967546979962474,0.4987373782893505,0.500328875983443,0.0010463367161176,0.008850662210523,955.7152918330016,1.676325857094808e-06,772.3617857677658,2,78,0.0189699148471733,0.019047619047619,0.9959205294765988,-7.770420044573428e-05,0.019047619047619,0.0002802151989131,-0.2773018763689846,0.811490782375471,0.8114130781750253,0.2477395793855724,0.2476618751851267,,,0,0.0,2.2124366716946016e-16,2.220446049250313e-16,3.382710778154774e-17,-0.463295449929664,10,0.2
v2_basis,measurement-basis robustness and scope,SU2-HaarU4-brickwork|n8|d48|i4|dir=gaussian|basis=Y|eta=0,SU2-HaarU4-brickwork|n8|d48|i4,SU2-HaarU4-brickwork,8,48,6.0,4,gaussian,Y,0.0,128,128,1152,128,1.0,256,255,0.9665351405958632,0.4717654547674288,0.4881095505662777,0.0074771375152662,0.0152312223784281,133.74102027123095,7.656289795053115e-05,114.2854172742308,1,8,0.0272654382435664,0.0313725490196078,0.8690858440136809,-0.0041071107760413,0.0313725490196078,0.0016386251351467,-2.5064370660184974,0.2960383905412254,0.291931279765184,0.1659884725778186,0.1618813618017772,,,0,1.3544720900426911e-14,2.525769444231881e-15,1.3433698597964394e-14,6.505213034913027e-17,-0.3636713496345809,10,0.2
v2_basis,measurement-basis robustness and scope,SU2-HaarU4-brickwork|n8|d48|i4|dir=gaussian|basis=Y|eta=0,SU2-HaarU4-brickwork|n8|d48|i4,SU2-HaarU4-brickwork,8,48,6.0,4,gaussian,Y,0.0,128,128,1152,128,1.0,256,255,0.9665351405958632,0.4717654547674288,0.4881095505662777,0.0074771375152662,0.0152312223784281,133.74102027123095,7.656289795053115e-05,114.2854172742308,2,36,0.1340109159788077,0.1411764705882353,0.9492439881832212,-0.0071655546094275,0.1411764705882353,0.0032731013253837,-2.18922480457814,0.5913272216211708,0.5841616670117432,0.3315566678062817,0.3243911131968541,,,0,1.3544720900426911e-14,2.525769444231881e-15,1.3433698597964394e-14,6.505213034913027e-17,-0.3636713496345809,10,0.2
v2_basis,measurement-basis robustness and scope,SU2-HaarU4-brickwork|n12|d72|i2|dir=gaussian|basis=Y|eta=0,SU2-HaarU4-brickwork|n12|d72|i2,SU2-HaarU4-brickwork,12,72,6.0,2,gaussian,Y,0.0,128,128,2592,128,1.0,4096,4095,0.9893573581008392,0.4905399211042452,0.495740620833563,0.0016111258288871,0.0094110389083489,620.6839851178753,3.935594439325356e-06,504.0746193791951,1,12,0.0027079415230914,0.0029304029304029,0.924085044754968,-0.0002224614073114,0.0029304029304029,0.0001143592373837,-1.9452858588495296,0.33117927712823,0.3309568157209185,0.1278868222428505,0.127664360835539,,,0,1.5210055437364645e-14,1.6922227647082785e-15,1.554312234475219e-14,3.903127820947816e-17,-0.4423904437506572,10,0.2
v2_basis,measurement-basis robustness and scope,SU2-HaarU4-brickwork|n12|d72|i2|dir=gaussian|basis=Y|eta=0,SU2-HaarU4-brickwork|n12|d72|i2,SU2-HaarU4-brickwork,12,72,6.0,2,gaussian,Y,0.0,128,128,2592,128,1.0,4096,4095,0.9893573581008392,0.4905399211042452,0.495740620833563,0.0016111258288871,0.0094110389083489,620.6839851178753,3.935594439325356e-06,504.0746193791951,2,78,0.0187263835164514,0.019047619047619,0.9831351346136996,-0.0003212355311676,0.019047619047619,0.0002891939177716,-1.1107962907480635,0.8374927537868222,0.8371715182556546,0.3234027438611165,0.3230815083299488,,,0,1.5210055437364645e-14,1.6922227647082785e-15,1.554312234475219e-14,3.903127820947816e-17,-0.4423904437506572,10,0.2
v2_basis,measurement-basis robustness and scope,U1-RZ-XY-line|n8|d48|i0|dir=gaussian|basis=Y|eta=0,U1-RZ-XY-line|n8|d48|i0,U1-RZ-XY-line,8,48,6.0,0,gaussian,Y,0.0,128,128,552,128,1.0,256,255,0.7360629014113994,0.370370472495562,0.5027030974282366,0.0503573220173868,0.057776405439126,19.858085377429926,0.0030395578496778,18.13822535041692,1,8,1.3181164095455197e-33,0.0313725490196078,4.2014960554263436e-32,-0.0313725490196078,0.0313725490196078,0.0035757513797527,-8.773694166001317,0.6460047882414358,0.614632239221828,0.5998596198474953,0.5684870708278874,,,0,2.220446049250313e-16,6.587703760730128e-16,2.220446049250313e-16,1.4051260155412135e-16,-0.1270050118400599,10,0.2
v2_basis,measurement-basis robustness and scope,U1-RZ-XY-line|n8|d48|i0|dir=gaussian|basis=Y|eta=0,U1-RZ-XY-line|n8|d48|i0,U1-RZ-XY-line,8,48,6.0,0,gaussian,Y,0.0,128,128,552,128,1.0,256,255,0.7360629014113994,0.370370472495562,0.5027030974282366,0.0503573220173868,0.057776405439126,19.858085377429926,0.0030395578496778,18.13822535041692,2,36,0.4926343379659254,0.1411764705882353,3.4894932272586385,0.3514578673776901,0.1411764705882353,0.0071424490747013,49.20691260124728,1.290373913621128,0.938916046243438,1.1982004148808354,0.8467425475031453,,,0,2.220446049250313e-16,6.587703760730128e-16,2.220446049250313e-16,1.4051260155412135e-16,-0.1270050118400599,10,0.2
v2_basis,measurement-basis robustness and scope,U1-RZ-XY-line|n8|d48|i8|dir=gaussian|basis=Y|eta=0,U1-RZ-XY-line|n8|d48|i8,U1-RZ-XY-line,8,48,6.0,8,gaussian,Y,0.0,128,128,552,128,1.0,256,255,0.7368110860278113,0.3633676123885034,0.490820191816203,0.0487936508931327,0.0562249504955301,20.494469704474227,0.003079881823147,18.019094945528064,1,8,1.312998618360194e-33,0.0313725490196078,4.185183096023117e-32,-0.0313725490196078,0.0313725490196078,0.0035238697139257,-8.902868598015514,0.6366317080166934,0.6052591589970856,0.589673337807907,0.5583007887882991,,,0,2.4424906541753444e-15,4.3569540814053015e-16,2.3314683517128287e-15,8.153200337090992e-17,-0.1579149548099455,10,0.2
v2_basis,measurement-basis robustness and scope,U1-RZ-XY-line|n8|d48|i8|dir=gaussian|basis=Y|eta=0,U1-RZ-XY-line|n8|d48|i8,U1-RZ-XY-line,8,48,6.0,8,gaussian,Y,0.0,128,128,552,128,1.0,256,255,0.7368110860278113,0.3633676123885034,0.490820191816203,0.0487936508931327,0.0562249504955301,20.494469704474227,0.003079881823147,18.019094945528064,2,36,0.4298685466650216,0.1411764705882353,3.0449022055439032,0.2886920760767863,0.1411764705882353,0.0070388171057177,41.014288585830286,1.2716514855022742,0.982959409425488,1.17785364213252,0.8891615660557335,,,0,2.4424906541753444e-15,4.3569540814053015e-16,2.3314683517128287e-15,8.153200337090992e-17,-0.1579149548099455,10,0.2
v2_basis,measurement-basis robustness and scope,U1-RZ-XY-line|n12|d72|i4|dir=gaussian|basis=Y|eta=0,U1-RZ-XY-line|n12|d72|i4,U1-RZ-XY-line,12,72,6.0,4,gaussian,Y,0.0,128,128,1260,128,1.0,4096,4095,0.7654216492170418,0.3817874889488301,0.4998921618645931,0.0231431319264032,0.0307748262082282,43.20936350274754,0.0007253243856546,37.13076188401831,1,12,6.283042065528472e-33,0.0029304029304029,2.144088104861591e-30,-0.0029304029304029,0.0029304029304029,0.000208703297504,-14.040999665306902,0.6043954890126427,0.6014650860822398,0.5234328448123795,0.5205024418819766,,,0,1.9984014443252818e-15,1.8388101575956643e-15,1.7763568394002505e-15,6.505213034913027e-17,-0.2077347217168694,10,0.2
v2_basis,measurement-basis robustness and scope,U1-RZ-XY-line|n12|d72|i4|dir=gaussian|basis=Y|eta=0,U1-RZ-XY-line|n12|d72|i4,U1-RZ-XY-line,12,72,6.0,4,gaussian,Y,0.0,128,128,1260,128,1.0,4096,4095,0.7654216492170418,0.3817874889488301,0.4998921618645931,0.0231431319264032,0.0307748262082282,43.20936350274754,0.0007253243856546,37.13076188401831,2,78,0.2326192640358482,0.019047619047619,12.212511361882031,0.2135716449882292,0.019047619047619,0.0005277730565351,404.6656841301052,1.5284073534393985,1.3148357084511693,1.3236674058403002,1.110095760852071,,,0,1.9984014443252818e-15,1.8388101575956643e-15,1.7763568394002505e-15,6.505213034913027e-17,-0.2077347217168694,10,0.2
v2_basis,measurement-basis robustness and scope,SU2-CNOT-line|n8|d48|i5|dir=gaussian|basis=Z|eta=0,SU2-CNOT-line|n8|d48|i5,SU2-CNOT-line,8,48,6.0,5,gaussian,Z,0.0,128,128,1152,128,1.0,256,255,0.9884568740947476,0.4820845950774134,0.4873050010763249,0.0059158529419339,0.0136821353408251,169.03733237038315,4.4187423843490445e-05,150.4356125257644,1,8,0.0300050232888589,0.0313725490196078,0.956410117332378,-0.0013675257307489,0.0313725490196078,0.0015222727558277,-0.8983447450620062,0.2750178591393605,0.2736503334086115,0.1243131057312246,0.1229455800004757,,,0,6.661338147750939e-16,2.341940940705012e-16,8.881784197001252e-16,6.245004513516506e-17,-0.4146139275946,10,0.2
v2_basis,measurement-basis robustness and scope,SU2-CNOT-line|n8|d48|i5|dir=gaussian|basis=Z|eta=0,SU2-CNOT-line|n8|d48|i5,SU2-CNOT-line,8,48,6.0,5,gaussian,Z,0.0,128,128,1152,128,1.0,256,255,0.9884568740947476,0.4820845950774134,0.4873050010763249,0.0059158529419339,0.0136821353408251,169.03733237038315,4.4187423843490445e-05,150.4356125257644,2,36,0.1336784399185803,0.1411764705882353,0.9468889494232772,-0.0074980306696549,0.1411764705882353,0.0030406911671406,-2.4658968167115543,0.5493393821110975,0.5418413514414424,0.2483114547702796,0.2408134241006246,,,0,6.661338147750939e-16,2.341940940705012e-16,8.881784197001252e-16,6.245004513516506e-17,-0.4146139275946,10,0.2
v2_basis,measurement-basis robustness and scope,SU2-CNOT-line|n12|d72|i3|dir=gaussian|basis=Z|eta=0,SU2-CNOT-line|n12|d72|i3,SU2-CNOT-line,12,72,6.0,3,gaussian,Z,0.0,128,128,2592,128,1.0,4096,4095,0.995269330888521,0.4927502946032729,0.4950834065478304,0.0010022380765987,0.0088069080916252,997.766921202674,1.3815033146800605e-06,850.7932474822463,1,12,0.0028816228613359,0.0029304029304029,0.983353801430906,-4.8780069066942273e-05,0.0029304029304029,0.0001105266532773,-0.4413421344129367,0.3200802836150351,0.3200315035459681,0.0952354855784164,0.0951867055093495,,,0,4.440892098500626e-16,5.3631088159201456e-17,4.440892098500626e-16,2.4286128663675302e-17,-0.458446645259098,10,0.2
v2_basis,measurement-basis robustness and scope,SU2-CNOT-line|n12|d72|i3|dir=gaussian|basis=Z|eta=0,SU2-CNOT-line|n12|d72|i3,SU2-CNOT-line,12,72,6.0,3,gaussian,Z,0.0,128,128,2592,128,1.0,4096,4095,0.995269330888521,0.4927502946032729,0.4950834065478304,0.0010022380765987,0.0088069080916252,997.766921202674,1.3815033146800605e-06,850.7932474822463,2,78,0.0184714455732964,0.019047619047619,0.9697508925980616,-0.0005761734743226,0.019047619047619,0.0002795020027302,-2.061428786536391,0.8094253978754539,0.8088492244011313,0.2408333932210714,0.2402572197467488,,,0,4.440892098500626e-16,5.3631088159201456e-17,4.440892098500626e-16,2.4286128663675302e-17,-0.458446645259098,10,0.2
v2_basis,measurement-basis robustness and scope,SU2-HaarU4-brickwork|n8|d48|i1|dir=gaussian|basis=Z|eta=0,SU2-HaarU4-brickwork|n8|d48|i1,SU2-HaarU4-brickwork,8,48,6.0,1,gaussian,Z,0.0,128,128,1152,128,1.0,256,255,0.9823959526892766,0.4894707610466144,0.4990240629495455,0.0075421080943427,0.0152956853748557,132.58892440829476,8.038013196310487e-05,111.53871647651798,1,8,0.0308093473899112,0.0313725490196078,0.98204794805342,-0.0005632016296966,0.0313725490196078,0.0016432884341747,-0.3427284084668017,0.2968808745903586,0.2963176729606619,0.1674981531835928,0.1669349515538962,,,0,4.773959005888173e-15,1.0218463694408192e-15,4.884981308350689e-15,4.163336342344337e-17,-0.3476439403852358,10,0.2
v2_basis,measurement-basis robustness and scope,SU2-HaarU4-brickwork|n8|d48|i1|dir=gaussian|basis=Z|eta=0,SU2-HaarU4-brickwork|n8|d48|i1,SU2-HaarU4-brickwork,8,48,6.0,1,gaussian,Z,0.0,128,128,1152,128,1.0,256,255,0.9823959526892766,0.4894707610466144,0.4990240629495455,0.0075421080943427,0.0152956853748557,132.58892440829476,8.038013196310487e-05,111.53871647651798,2,36,0.1380672329541137,0.1411764705882353,0.9779762334249724,-0.0031092376341215,0.1411764705882353,0.0032824161161201,-0.9472405460270362,0.5930100565775535,0.5899008189434319,0.3345722065562247,0.3314629689221031,,,0,4.773959005888173e-15,1.0218463694408192e-15,4.884981308350689e-15,4.163336342344337e-17,-0.3476439403852358,10,0.2
v2_basis,measurement-basis robustness and scope,SU2-HaarU4-brickwork|n8|d48|i9|dir=gaussian|basis=Z|eta=0,SU2-HaarU4-brickwork|n8|d48|i9,SU2-HaarU4-brickwork,8,48,6.0,9,gaussian,Z,0.0,128,128,1152,128,1.0,256,255,0.9845238266489325,0.4821942718715089,0.4897857787350856,0.0074719064574694,0.0152260321882704,133.8346519314798,7.883743342376032e-05,112.62472962104329,1,8,0.0293412415996659,0.0313725490196078,0.9352520759893532,-0.0020313074199418,0.0313725490196078,0.0016382490956938,-1.239925860652822,0.2959704542499782,0.2939391468300364,0.1658663240663407,0.1638350166463988,,,0,3.996802888650564e-15,7.355738936482365e-16,4.107825191113079e-15,3.2959746043559335e-17,-0.3824335841118427,10,0.2
v2_basis,measurement-basis robustness and scope,SU2-HaarU4-brickwork|n8|d48|i9|dir=gaussian|basis=Z|eta=0,SU2-HaarU4-brickwork|n8|d48|i9,SU2-HaarU4-brickwork,8,48,6.0,9,gaussian,Z,0.0,128,128,1152,128,1.0,256,255,0.9845238266489325,0.4821942718715089,0.4897857787350856,0.0074719064574694,0.0152260321882704,133.8346519314798,7.883743342376032e-05,112.62472962104329,2,36,0.1407235816388253,0.1411764705882353,0.996792036608346,-0.0004528889494099,0.1411764705882353,0.0032723501985973,-0.1383986804358849,0.5911915210511298,0.5907386321017198,0.3313126800593367,0.3308597911099267,,,0,3.996802888650564e-15,7.355738936482365e-16,4.107825191113079e-15,3.2959746043559335e-17,-0.3824335841118427,10,0.2
v2_basis,measurement-basis robustness and scope,SU2-HaarU4-brickwork|n12|d72|i7|dir=gaussian|basis=Z|eta=0,SU2-HaarU4-brickwork|n12|d72|i7,SU2-HaarU4-brickwork,12,72,6.0,7,gaussian,Z,0.0,128,128,2592,128,1.0,4096,4095,0.9864240921110556,0.4879291003573974,0.4946475541803846,0.0016610583442448,0.0094605813259304,602.0258129190597,4.580207532368207e-06,467.25872724833977,1,12,0.0025746811791275,0.0029304029304029,0.8786099523772795,-0.0003557217512753,0.0029304029304029,0.0001146678497037,-3.102192569185464,0.332073004713131,0.3317172829618556,0.1302016651928667,0.1298459434415914,,,0,1.6209256159527282e-14,2.343613984101699e-15,1.6431300764452317e-14,2.667137344314341e-17,-0.4517966619353606,10,0.2
v2_basis,measurement-basis robustness and scope,SU2-HaarU4-brickwork|n12|d72|i7|dir=gaussian|basis=Z|eta=0,SU2-HaarU4-brickwork|n12|d72|i7,SU2-HaarU4-brickwork,12,72,6.0,7,gaussian,Z,0.0,128,128,2592,128,1.0,4096,4095,0.9864240921110556,0.4879291003573974,0.4946475541803846,0.0016610583442448,0.0094605813259304,602.0258129190597,4.580207532368207e-06,467.25872724833977,2,78,0.0179664564042796,0.019047619047619,0.9432389612246838,-0.0010811626433393,0.019047619047619,0.0002899743427545,-3.728476916506038,0.8397528299084455,0.8386716672651061,0.3292565648296383,0.328175402186299,,,0,1.6209256159527282e-14,2.343613984101699e-15,1.6431300764452317e-14,2.667137344314341e-17,-0.4517966619353606,10,0.2
v2_basis,measurement-basis robustness and scope,U1-RZ-XY-line|n8|d48|i5|dir=gaussian|basis=Z|eta=0,U1-RZ-XY-line|n8|d48|i5,U1-RZ-XY-line,8,48,6.0,5,gaussian,Z,0.0,128,128,552,128,1.0,70,69,0.7912581325191577,0.3572272113970523,0.4516699586112454,0.0593621611959278,0.0667108943115847,16.845747861157687,0.0042145073429854,15.40375464941563,1,7,0.3940264057625192,0.1014492753623188,3.8839745710876894,0.2925771304002004,0.1014492753623188,0.0116643995780307,25.08291390765227,0.5731008088316889,0.2805236784314885,0.5312457725194992,0.2386686421192988,,,0,4.440892098500626e-16,2.3754946299780597e-16,6.661338147750939e-16,7.63278329429795e-17,-0.1934349410969738,10,0.2
v2_basis,measurement-basis robustness and scope,U1-RZ-XY-line|n8|d48|i5|dir=gaussian|basis=Z|eta=0,U1-RZ-XY-line|n8|d48|i5,U1-RZ-XY-line,8,48,6.0,5,gaussian,Z,0.0,128,128,552,128,1.0,70,69,0.7912581325191577,0.3572272113970523,0.4516699586112454,0.0593621611959278,0.0667108943115847,16.845747861157687,0.0042145073429854,15.40375464941563,2,27,0.7149977626438158,0.391304347826087,1.827216504534196,0.3236934148177288,0.391304347826087,0.0188548920825587,17.16760898977264,0.9263874947580404,0.6026940799403115,0.8587310168143082,0.5350376019965795,,,0,4.440892098500626e-16,2.3754946299780597e-16,6.661338147750939e-16,7.63278329429795e-17,-0.1934349410969738,10,0.2
v2_basis,measurement-basis robustness and scope,U1-RZ-XY-line|n12|d72|i1|dir=gaussian|basis=Z|eta=0,U1-RZ-XY-line|n12|d72|i1,U1-RZ-XY-line,12,72,6.0,1,gaussian,Z,0.0,128,128,1260,128,1.0,924,923,0.7455533244260717,0.3455800787768038,0.4646689152165121,0.023373297852012,0.0310031939625432,42.783864148375415,0.0006689341699891,38.66413598551524,1,11,0.2937996323123554,0.0119176598049837,24.652460056754915,0.2818819725073717,0.0119176598049837,0.0008732743617612,322.7874134984009,0.5702588567436464,0.2883768842362747,0.4922057923743353,0.2103238198669637,,,0,3.552713678800501e-15,1.2455749438815165e-15,3.4416913763379853e-15,9.714451465470121e-17,-0.1877977485082214,10,0.2
v2_basis,measurement-basis robustness and scope,U1-RZ-XY-line|n12|d72|i1|dir=gaussian|basis=Z|eta=0,U1-RZ-XY-line|n12|d72|i1,U1-RZ-XY-line,12,72,6.0,1,gaussian,Z,0.0,128,128,1260,128,1.0,924,923,0.7455533244260717,0.3455800787768038,0.4646689152165121,0.023373297852012,0.0310031939625432,42.783864148375415,0.0006689341699891,38.66413598551524,2,65,0.5410968040244765,0.0704225352112676,7.683574617147565,0.4706742688132088,0.0704225352112676,0.0020590043801851,228.59313624717976,1.3445550851928094,0.8738808163796006,1.160521740736019,0.6898474719228105,,,0,3.552713678800501e-15,1.2455749438815165e-15,3.4416913763379853e-15,9.714451465470121e-17,-0.1877977485082214,10,0.2
v2_basis,measurement-basis robustness and scope,U1-RZ-XY-line|n12|d72|i9|dir=gaussian|basis=Z|eta=0,U1-RZ-XY-line|n12|d72|i9,U1-RZ-XY-line,12,72,6.0,9,gaussian,Z,0.0,128,128,1260,128,1.0,924,923,0.7223371247689521,0.3483505893533809,0.4815462983394103,0.0261036276874342,0.0337121930961262,38.30885162683262,0.0008687096109624,33.9283458773649,1,11,0.3282971445712769,0.0119176598049837,27.54711494902624,0.3163794847662932,0.0119176598049837,0.0009119518947129,346.9256290825169,0.5955157596008999,0.2791362748346067,0.5214808142904377,0.2051013295241445,,,0,2.3314683517128287e-15,9.333844049509926e-16,2.220446049250313e-15,5.551115123125783e-17,-0.1948510132442472,10,0.2
v2_basis,measurement-basis robustness and scope,U1-RZ-XY-line|n12|d72|i9|dir=gaussian|basis=Z|eta=0,U1-RZ-XY-line|n12|d72|i9,U1-RZ-XY-line,12,72,6.0,9,gaussian,Z,0.0,128,128,1260,128,1.0,924,923,0.7223371247689521,0.3483505893533809,0.4815462983394103,0.0261036276874342,0.0337121930961262,38.30885162683262,0.0008687096109624,33.9283458773649,2,65,0.5792462688524389,0.0704225352112676,8.225297017704632,0.5088237336411713,0.0704225352112676,0.0021501981827855,236.64038864640756,1.4041057555091971,0.8952820218680259,1.229546323381162,0.7207225897399906,,,0,2.3314683517128287e-15,9.333844049509926e-16,2.220446049250313e-15,5.551115123125783e-17,-0.1948510132442472,10,0.2
v2_basis,measurement-basis robustness and scope,SU2-CNOT-line|n8|d48|i5|dir=gaussian|basis=X|eta=0,SU2-CNOT-line|n8|d48|i5,SU2-CNOT-line,8,48,6.0,5,gaussian,X,0.0,128,128,1152,128,1.0,256,255,0.988456874094746,0.4851189020343207,0.4906588741635299,0.0058462351622219,0.0136130614500171,171.0502523849773,4.264316938151174e-05,153.135281880146,1,8,0.0300981334053185,0.0313725490196078,0.9593780022945294,-0.0012744156142892,0.0313725490196078,0.0015168767579632,-0.8401576513048176,0.2740430037627965,0.2727685881485073,0.1221240300534667,0.1208496144391775,,,0,6.661338147750939e-16,2.5196671878203853e-16,6.661338147750939e-16,7.199102425303751e-17,-0.3662435217512741,10,0.2
v2_basis,measurement-basis robustness and scope,SU2-CNOT-line|n8|d48|i5|dir=gaussian|basis=X|eta=0,SU2-CNOT-line|n8|d48|i5,SU2-CNOT-line,8,48,6.0,5,gaussian,X,0.0,128,128,1152,128,1.0,256,255,0.988456874094746,0.4851189020343207,0.4906588741635299,0.0058462351622219,0.0136130614500171,171.0502523849773,4.264316938151174e-05,153.135281880146,2,36,0.1442757523222086,0.1411764705882353,1.0219532456156448,0.0030992817339733,0.1411764705882353,0.0030299128339006,1.022894685053853,0.5473921396596975,0.544292857925724,0.2439388460823305,0.2408395643483571,,,0,6.661338147750939e-16,2.5196671878203853e-16,6.661338147750939e-16,7.199102425303751e-17,-0.3662435217512741,10,0.2
v2_basis,measurement-basis robustness and scope,SU2-CNOT-line|n12|d72|i3|dir=gaussian|basis=X|eta=0,SU2-CNOT-line|n12|d72|i3,SU2-CNOT-line,12,72,6.0,3,gaussian,X,0.0,128,128,2592,128,1.0,4096,4095,0.9952693308885188,0.4935368051990274,0.4958814677690758,0.0010162167473752,0.0088207775540363,984.0420388493368,1.4397594932550235e-06,833.4029331238397,1,12,0.0026840448560993,0.0029304029304029,0.9159303071438972,-0.0002463580743035,0.0029304029304029,0.0001106161299385,-2.227144218845241,0.3203394040555344,0.3200930459812308,0.09610957395089,0.0958632158765864,,,0,1.7763568394002505e-15,4.8496691610100906e-17,1.7763568394002505e-15,2.949029909160572e-17,-0.4640739454212573,10,0.2
v2_basis,measurement-basis robustness and scope,SU2-CNOT-line|n12|d72|i3|dir=gaussian|basis=X|eta=0,SU2-CNOT-line|n12|d72|i3,SU2-CNOT-line,12,72,6.0,3,gaussian,X,0.0,128,128,2592,128,1.0,4096,4095,0.9952693308885188,0.4935368051990274,0.4958814677690758,0.0010162167473752,0.0088207775540363,984.0420388493368,1.4397594932550235e-06,833.4029331238397,2,78,0.0186469902614667,0.019047619047619,0.9789669887270026,-0.0004006287861523,0.019047619047619,0.0002797282730935,-1.432206983304673,0.8100806668076107,0.8096800380214584,0.2430438053110539,0.2426431765249016,,,0,1.7763568394002505e-15,4.8496691610100906e-17,1.7763568394002505e-15,2.949029909160572e-17,-0.4640739454212573,10,0.2
v2_basis,measurement-basis robustness and scope,SU2-HaarU4-brickwork|n8|d48|i1|dir=gaussian|basis=X|eta=0,SU2-HaarU4-brickwork|n8|d48|i1,SU2-HaarU4-brickwork,8,48,6.0,1,gaussian,X,0.0,128,128,1152,128,1.0,256,255,0.9823959526892752,0.4885853353406816,0.497318500268682,0.0077578649197453,0.0155097566000598,128.90144522300156,8.690677752185839e-05,107.26873933385244,1,8,0.027030029141315,0.0313725490196078,0.8615821788794173,-0.0043425198782927,0.0313725490196078,0.0016586804405668,-2.618056963889099,0.2996616355476924,0.2953191156693996,0.1724167485787995,0.1680742287005067,,,0,6.217248937900877e-15,1.0209378228955749e-15,6.3282712403633915e-15,4.8572257327350605e-17,-0.3794290852444863,10,0.2
v2_basis,measurement-basis robustness and scope,SU2-HaarU4-brickwork|n8|d48|i1|dir=gaussian|basis=X|eta=0,SU2-HaarU4-brickwork|n8|d48|i1,SU2-HaarU4-brickwork,8,48,6.0,1,gaussian,X,0.0,128,128,1152,128,1.0,256,255,0.9823959526892752,0.4885853353406816,0.497318500268682,0.0077578649197453,0.0155097566000598,128.90144522300156,8.690677752185839e-05,107.26873933385244,2,36,0.1330531193724634,0.1411764705882353,0.9424595955549494,-0.0081233512157718,0.1411764705882353,0.0033131611568507,-2.451843068054475,0.5985645376970008,0.5904411864812289,0.3443969436249841,0.3362735924092122,,,0,6.217248937900877e-15,1.0209378228955749e-15,6.3282712403633915e-15,4.8572257327350605e-17,-0.3794290852444863,10,0.2
v2_basis,measurement-basis robustness and scope,SU2-HaarU4-brickwork|n8|d48|i9|dir=gaussian|basis=X|eta=0,SU2-HaarU4-brickwork|n8|d48|i9,SU2-HaarU4-brickwork,8,48,6.0,9,gaussian,X,0.0,128,128,1152,128,1.0,256,255,0.9845238266489312,0.4886137657406992,0.496504316117634,0.0076661255163127,0.0154187339107165,130.44398997539255,8.692897087414812e-05,107.25504536701386,1,8,0.0287328505903626,0.0313725490196078,0.9158596125678108,-0.0026396984292451,0.0313725490196078,0.0016521533114386,-1.5977321299235878,0.298482426977935,0.2958427285486898,0.1703427273307371,0.167703028901492,,,0,5.551115123125783e-15,7.373309442710224e-16,5.551115123125783e-15,6.245004513516506e-17,-0.345847121374785,10,0.2
v2_basis,measurement-basis robustness and scope,SU2-HaarU4-brickwork|n8|d48|i9|dir=gaussian|basis=X|eta=0,SU2-HaarU4-brickwork|n8|d48|i9,SU2-HaarU4-brickwork,8,48,6.0,9,gaussian,X,0.0,128,128,1152,128,1.0,256,255,0.9845238266489312,0.4886137657406992,0.496504316117634,0.0076661255163127,0.0154187339107165,130.44398997539255,8.692897087414812e-05,107.25504536701386,2,36,0.134447551864781,0.1411764705882353,0.9523368257088654,-0.0067289187234542,0.1411764705882353,0.0033001234250703,-2.038990018475099,0.5962091062747731,0.5894801875513188,0.3402541524823968,0.3335252337589425,,,0,5.551115123125783e-15,7.373309442710224e-16,5.551115123125783e-15,6.245004513516506e-17,-0.345847121374785,10,0.2
v2_basis,measurement-basis robustness and scope,SU2-HaarU4-brickwork|n12|d72|i7|dir=gaussian|basis=X|eta=0,SU2-HaarU4-brickwork|n12|d72|i7,SU2-HaarU4-brickwork,12,72,6.0,7,gaussian,X,0.0,128,128,2592,128,1.0,4096,4095,0.9864240921110536,0.4888088858721992,0.4955561541647265,0.0016747153855709,0.0094741316716211,597.1163868295707,4.553944350392373e-06,468.6041607624334,1,12,0.0027268996105937,0.0029304029304029,0.930554492115114,-0.0002035033198091,0.0029304029304029,0.0001147521137058,-1.7734167435981931,0.3323170295242524,0.3321135262044432,0.1308276647628514,0.1306241614430422,,,0,1.8429702208777602e-14,2.359659849930341e-15,1.8429702208777602e-14,3.079134169858833e-17,-0.43539166324819,10,0.2
v2_basis,measurement-basis robustness and scope,SU2-HaarU4-brickwork|n12|d72|i7|dir=gaussian|basis=X|eta=0,SU2-HaarU4-brickwork|n12|d72|i7,SU2-HaarU4-brickwork,12,72,6.0,7,gaussian,X,0.0,128,128,2592,128,1.0,4096,4095,0.9864240921110536,0.4888088858721992,0.4955561541647265,0.0016747153855709,0.0094741316716211,597.1163868295707,4.553944350392373e-06,468.6041607624334,2,78,0.018988678720869,0.019047619047619,0.9969056328456238,-5.894032675002325e-05,0.019047619047619,0.0002901874312417,-0.203111232274277,0.8403699247122945,0.8403109843855445,0.3308396050134382,0.3307806646866882,,,0,1.8429702208777602e-14,2.359659849930341e-15,1.8429702208777602e-14,3.079134169858833e-17,-0.43539166324819,10,0.2
v2_basis,measurement-basis robustness and scope,U1-RZ-XY-line|n8|d48|i5|dir=gaussian|basis=X|eta=0,U1-RZ-XY-line|n8|d48|i5,U1-RZ-XY-line,8,48,6.0,5,gaussian,X,0.0,128,128,552,128,1.0,256,255,0.7912581325191567,0.3965983521106013,0.5020220904639222,0.0518328981394508,0.0592404536227363,19.292766484127657,0.003419495675652,17.100900125143422,1,8,8.898561842541583e-34,0.0313725490196078,2.8364165873101296e-32,-0.0313725490196078,0.0313725490196078,0.0036240290201393,-8.656815065570772,0.6547267556106792,0.6233542065910713,0.6093158719632376,0.5779433229436297,,,0,8.881784197001252e-16,2.439239001840429e-16,8.881784197001252e-16,6.678685382510706e-17,-0.1888944685332568,10,0.2
v2_basis,measurement-basis robustness and scope,U1-RZ-XY-line|n8|d48|i5|dir=gaussian|basis=X|eta=0,U1-RZ-XY-line|n8|d48|i5,U1-RZ-XY-line,8,48,6.0,5,gaussian,X,0.0,128,128,552,128,1.0,256,255,0.7912581325191567,0.3965983521106013,0.5020220904639222,0.0518328981394508,0.0592404536227363,19.292766484127657,0.003419495675652,17.100900125143422,2,36,0.3359862842816721,0.1411764705882353,2.379902846995178,0.1948098136934368,0.1411764705882353,0.007238882118078,26.91158807613785,1.3077957646253038,1.112985950931867,1.2170889761931982,1.0222791624997614,,,0,8.881784197001252e-16,2.439239001840429e-16,8.881784197001252e-16,6.678685382510706e-17,-0.1888944685332568,10,0.2
v2_basis,measurement-basis robustness and scope,U1-RZ-XY-line|n12|d72|i1|dir=gaussian|basis=X|eta=0,U1-RZ-XY-line|n12|d72|i1,U1-RZ-XY-line,12,72,6.0,1,gaussian,X,0.0,128,128,1260,128,1.0,4096,4095,0.7455533244260701,0.3686536888522537,0.4940842025265236,0.0206890359510235,0.0283399028576561,48.33477994659911,0.0005369492593898,43.15522409604915,1,12,4.627994265637826e-33,0.0029304029304029,1.579303043148908e-30,-0.0029304029304029,0.0029304029304029,0.0002002079898947,-14.636793126707223,0.5797934551288317,0.5768630521984288,0.4945898191474192,0.4916594162170162,,,0,5.8841820305133305e-15,1.2407423970543497e-15,5.773159728050814e-15,7.892991815694471e-17,-0.1917527849939545,10,0.2
v2_basis,measurement-basis robustness and scope,U1-RZ-XY-line|n12|d72|i1|dir=gaussian|basis=X|eta=0,U1-RZ-XY-line|n12|d72|i1,U1-RZ-XY-line,12,72,6.0,1,gaussian,X,0.0,128,128,1260,128,1.0,4096,4095,0.7455533244260701,0.3686536888522537,0.4940842025265236,0.0206890359510235,0.0283399028576561,48.33477994659911,0.0005369492593898,43.15522409604915,2,78,0.2163709806730014,0.019047619047619,11.359476485332571,0.1973233616253824,0.019047619047619,0.0005062899534083,389.7437827810102,1.4661932400299662,1.2688698784045838,1.250728587925257,1.0534052262998743,,,0,5.8841820305133305e-15,1.2407423970543497e-15,5.773159728050814e-15,7.892991815694471e-17,-0.1917527849939545,10,0.2
v2_basis,measurement-basis robustness and scope,U1-RZ-XY-line|n12|d72|i9|dir=gaussian|basis=X|eta=0,U1-RZ-XY-line|n12|d72|i9,U1-RZ-XY-line,12,72,6.0,9,gaussian,X,0.0,128,128,1260,128,1.0,4096,4095,0.7223371247689505,0.3579898935422213,0.4947869497687883,0.0218857733952145,0.0295272907905644,45.691782599679904,0.0006150727857053,40.3215059578267,1,12,5.701541091299898e-33,0.0029304029304029,1.9456508974060905e-30,-0.0029304029304029,0.0029304029304029,0.0002043948325133,-14.336971705051452,0.5919183655743332,0.5889879626439303,0.5088593670746449,0.5059289641442419,,,0,4.6629367034256575e-15,9.506680334341496e-16,4.440892098500626e-15,5.898059818321144e-17,-0.2186728019713179,10,0.2
v2_basis,measurement-basis robustness and scope,U1-RZ-XY-line|n12|d72|i9|dir=gaussian|basis=X|eta=0,U1-RZ-XY-line|n12|d72|i9,U1-RZ-XY-line,12,72,6.0,9,gaussian,X,0.0,128,128,1260,128,1.0,4096,4095,0.7223371247689505,0.3579898935422213,0.4947869497687883,0.0218857733952145,0.0295272907905644,45.691782599679904,0.0006150727857053,40.3215059578267,2,78,0.2323792526714858,0.019047619047619,12.199910765253009,0.2133316336238668,0.019047619047619,0.000516877724433,412.7313357484463,1.4968549551181656,1.2835233214942987,1.2868137050029116,1.0734820713790447,,,0,4.6629367034256575e-15,9.506680334341496e-16,4.440892098500626e-15,5.898059818321144e-17,-0.2186728019713179,10,0.2
v2_basis,measurement-basis robustness and scope,SU2-CNOT-line|n8|d48|i5|dir=gaussian|basis=Y|eta=0,SU2-CNOT-line|n8|d48|i5,SU2-CNOT-line,8,48,6.0,5,gaussian,Y,0.0,128,128,1152,128,1.0,256,255,0.9884568740947464,0.4952664380290705,0.5012683198030121,0.0060160417072689,0.0137815413814309,166.22225188228668,4.660012708383737e-05,146.48948408012586,1,8,0.0298590956907256,0.0313725490196078,0.9517586751418816,-0.0015134533288821,0.0313725490196078,0.0015300048771059,-0.989182029108891,0.2764147648071454,0.2749013114782632,0.1273974605854017,0.1258840072565195,,,0,6.661338147750939e-16,2.585669206609384e-16,6.661338147750939e-16,7.63278329429795e-17,-0.3789597123327852,10,0.2
v2_basis,measurement-basis robustness and scope,SU2-CNOT-line|n8|d48|i5|dir=gaussian|basis=Y|eta=0,SU2-CNOT-line|n8|d48|i5,SU2-CNOT-line,8,48,6.0,5,gaussian,Y,0.0,128,128,1152,128,1.0,256,255,0.9884568740947464,0.4952664380290705,0.5012683198030121,0.0060160417072689,0.0137815413814309,166.22225188228668,4.660012708383737e-05,146.48948408012586,2,36,0.1425191016554401,0.1411764705882353,1.0095103033927006,0.0013426310672048,0.1411764705882353,0.0030561358322203,0.4393230997947305,0.5521296565274931,0.5507870254602883,0.254472354993659,0.2531297239264543,,,0,6.661338147750939e-16,2.585669206609384e-16,6.661338147750939e-16,7.63278329429795e-17,-0.3789597123327852,10,0.2
v2_basis,measurement-basis robustness and scope,SU2-CNOT-line|n12|d72|i3|dir=gaussian|basis=Y|eta=0,SU2-CNOT-line|n12|d72|i3,SU2-CNOT-line,12,72,6.0,3,gaussian,Y,0.0,128,128,2592,128,1.0,4096,4095,0.9952693308885188,0.4966358052889426,0.4989668277918973,0.0010056959182297,0.0088103389188686,994.3363415058692,1.4183109134212286e-06,839.6809061009939,1,12,0.0028838966456082,0.0029304029304029,0.9841297303138288,-4.650628479464097e-05,0.0029304029304029,0.0001105487934626,-0.4206855935550411,0.3201444006093605,0.3200978943245659,0.0954524500392662,0.0954059437544716,,,0,1.6653345369377348e-15,4.814297167192031e-17,1.6653345369377348e-15,2.7321894746634715e-17,-0.4592014409642092,10,0.2
v2_basis,measurement-basis robustness and scope,SU2-CNOT-line|n12|d72|i3|dir=gaussian|basis=Y|eta=0,SU2-CNOT-line|n12|d72|i3,SU2-CNOT-line,12,72,6.0,3,gaussian,Y,0.0,128,128,2592,128,1.0,4096,4095,0.9952693308885188,0.4966358052889426,0.4989668277918973,0.0010056959182297,0.0088103389188686,994.3363415058692,1.4183109134212286e-06,839.6809061009939,2,78,0.0184807500122598,0.019047619047619,0.9702393756436396,-0.0005668690353592,0.019047619047619,0.0002795579912719,-2.027733254127469,0.809587538208049,0.8090206691726897,0.2413820572720549,0.2408151882366956,,,0,1.6653345369377348e-15,4.814297167192031e-17,1.6653345369377348e-15,2.7321894746634715e-17,-0.4592014409642092,10,0.2
v2_basis,measurement-basis robustness and scope,SU2-HaarU4-brickwork|n8|d48|i1|dir=gaussian|basis=Y|eta=0,SU2-HaarU4-brickwork|n8|d48|i1,SU2-HaarU4-brickwork,8,48,6.0,1,gaussian,Y,0.0,128,128,1152,128,1.0,256,255,0.9823959526892752,0.4811500232770954,0.4902334996286931,0.0076267034828343,0.0153796198618746,131.11824817245554,8.223133085246894e-05,110.27608525568226,1,8,0.0302993721954454,0.0313725490196078,0.965792488729824,-0.0010731768241623,0.0313725490196078,0.0016493405545657,-0.65067024586984,0.2979742668137978,0.2969010899896355,0.1694436857603979,0.1683705089362355,,,0,6.217248937900877e-15,1.0235000816825628e-15,6.217248937900877e-15,4.510281037539698e-17,-0.3743578228350057,10,0.2
v2_basis,measurement-basis robustness and scope,SU2-HaarU4-brickwork|n8|d48|i1|dir=gaussian|basis=Y|eta=0,SU2-HaarU4-brickwork|n8|d48|i1,SU2-HaarU4-brickwork,8,48,6.0,1,gaussian,Y,0.0,128,128,1152,128,1.0,256,255,0.9823959526892752,0.4811500232770954,0.4902334996286931,0.0076267034828343,0.0153796198618746,131.11824817245554,8.223133085246894e-05,110.27608525568226,2,36,0.1416472082535493,0.1411764705882353,1.0033343917959745,0.000470737665314,0.1411764705882353,0.0032945050331323,0.1428857022769455,0.5951940725913093,0.5947233349259953,0.3384583456853841,0.33798760802007,,,0,6.217248937900877e-15,1.0235000816825628e-15,6.217248937900877e-15,4.510281037539698e-17,-0.3743578228350057,10,0.2
v2_basis,measurement-basis robustness and scope,SU2-HaarU4-brickwork|n8|d48|i9|dir=gaussian|basis=Y|eta=0,SU2-HaarU4-brickwork|n8|d48|i9,SU2-HaarU4-brickwork,8,48,6.0,9,gaussian,Y,0.0,128,128,1152,128,1.0,256,255,0.9845238266489312,0.4821760157596644,0.4895067826036893,0.0075027747518811,0.015256659324132,133.2840226543215,8.213871690509016e-05,110.33823759179091,1,8,0.0321946701690604,0.0313725490196078,1.026205111638803,0.0008221211494526,0.0313725490196078,0.0016404668452876,0.5011507253646845,0.2963711188109634,0.2955489976615108,0.1665858231601278,0.1657637020106752,,,0,5.551115123125783e-15,7.546764902972008e-16,5.6621374255882976e-15,5.551115123125783e-17,-0.3570213411158551,10,0.2
v2_basis,measurement-basis robustness and scope,SU2-HaarU4-brickwork|n8|d48|i9|dir=gaussian|basis=Y|eta=0,SU2-HaarU4-brickwork|n8|d48|i9,SU2-HaarU4-brickwork,8,48,6.0,9,gaussian,Y,0.0,128,128,1152,128,1.0,256,255,0.9845238266489312,0.4821760157596644,0.4895067826036893,0.0075027747518811,0.015256659324132,133.2840226543215,8.213871690509016e-05,110.33823759179091,2,36,0.141360983207913,0.1411764705882353,1.0013069643893835,0.0001845126196776,0.1411764705882353,0.0032767800825161,0.0563091251262781,0.591991835703619,0.5918073230839414,0.3327498564988865,0.3325653438792089,,,0,5.551115123125783e-15,7.546764902972008e-16,5.6621374255882976e-15,5.551115123125783e-17,-0.3570213411158551,10,0.2
v2_basis,measurement-basis robustness and scope,SU2-HaarU4-brickwork|n12|d72|i7|dir=gaussian|basis=Y|eta=0,SU2-HaarU4-brickwork|n12|d72|i7,SU2-HaarU4-brickwork,12,72,6.0,7,gaussian,Y,0.0,128,128,2592,128,1.0,4096,4095,0.9864240921110536,0.4882604998039792,0.4949740632689522,0.0016665881903124,0.0094660679700756,600.028252817826,4.3958253641884034e-06,476.9576124453956,1,12,0.0026888656859417,0.0029304029304029,0.9175754153276302,-0.0002415372444611,0.0029304029304029,0.0001147019763351,-2.1057810177174567,0.3321718339233661,0.331930296678905,0.1304554993692521,0.130213962124791,,,0,1.8429702208777602e-14,2.345790083105445e-15,1.8540724511240114e-14,2.5153490401663706e-17,-0.4392515001516248,10,0.2
v2_basis,measurement-basis robustness and scope,SU2-HaarU4-brickwork|n12|d72|i7|dir=gaussian|basis=Y|eta=0,SU2-HaarU4-brickwork|n12|d72|i7,SU2-HaarU4-brickwork,12,72,6.0,7,gaussian,Y,0.0,128,128,2592,128,1.0,4096,4095,0.9864240921110536,0.4882604998039792,0.4949740632689522,0.0016665881903124,0.0094660679700756,600.028252817826,4.3958253641884034e-06,476.9576124453956,2,78,0.0179737371069968,0.019047619047619,0.9436211981173332,-0.0010738819406222,0.019047619047619,0.0002900606428598,-3.7022669812567113,0.840002751184173,0.8389288692435508,0.3298984657517902,0.3288245838111679,,,0,1.8429702208777602e-14,2.345790083105445e-15,1.8540724511240114e-14,2.5153490401663706e-17,-0.4392515001516248,10,0.2
v2_basis,measurement-basis robustness and scope,U1-RZ-XY-line|n8|d48|i5|dir=gaussian|basis=Y|eta=0,U1-RZ-XY-line|n8|d48|i5,U1-RZ-XY-line,8,48,6.0,5,gaussian,Y,0.0,128,128,552,128,1.0,256,255,0.7912581325191567,0.3965983521106013,0.5020220904639222,0.0518328981394508,0.0592404536227363,19.29276648412765,0.003419495675652,17.100900125143426,1,8,2.094646931545135e-33,0.0313725490196078,6.676687094300118e-32,-0.0313725490196078,0.0313725490196078,0.0036240290201393,-8.656815065570772,0.6547267556106793,0.6233542065910714,0.6093158719632376,0.5779433229436297,,,0,8.881784197001252e-16,2.3197031866038293e-16,8.881784197001252e-16,8.239936510889834e-17,-0.1888944685332568,10,0.2
v2_basis,measurement-basis robustness and scope,U1-RZ-XY-line|n8|d48|i5|dir=gaussian|basis=Y|eta=0,U1-RZ-XY-line|n8|d48|i5,U1-RZ-XY-line,8,48,6.0,5,gaussian,Y,0.0,128,128,552,128,1.0,256,255,0.7912581325191567,0.3965983521106013,0.5020220904639222,0.0518328981394508,0.0592404536227363,19.29276648412765,0.003419495675652,17.100900125143426,2,36,0.3359862842816719,0.1411764705882353,2.379902846995176,0.1948098136934366,0.1411764705882353,0.007238882118078,26.911588076137814,1.3077957646253038,1.1129859509318671,1.2170889761931984,1.0222791624997618,,,0,8.881784197001252e-16,2.3197031866038293e-16,8.881784197001252e-16,8.239936510889834e-17,-0.1888944685332568,10,0.2
v2_basis,measurement-basis robustness and scope,U1-RZ-XY-line|n12|d72|i1|dir=gaussian|basis=Y|eta=0,U1-RZ-XY-line|n12|d72|i1,U1-RZ-XY-line,12,72,6.0,1,gaussian,Y,0.0,128,128,1260,128,1.0,4096,4095,0.7455533244260701,0.3686536888522537,0.4940842025265236,0.0206890359510235,0.0283399028576561,48.33477994659911,0.0005369492593898,43.15522409604917,1,12,4.608525767948179e-33,0.0029304029304029,1.5726594183123162e-30,-0.0029304029304029,0.0029304029304029,0.0002002079898947,-14.636793126707223,0.5797934551288317,0.5768630521984288,0.4945898191474192,0.4916594162170162,,,0,5.8841820305133305e-15,1.2408621441643153e-15,5.6621374255882976e-15,1.006139616066548e-16,-0.1917527849939545,10,0.2
v2_basis,measurement-basis robustness and scope,U1-RZ-XY-line|n12|d72|i1|dir=gaussian|basis=Y|eta=0,U1-RZ-XY-line|n12|d72|i1,U1-RZ-XY-line,12,72,6.0,1,gaussian,Y,0.0,128,128,1260,128,1.0,4096,4095,0.7455533244260701,0.3686536888522537,0.4940842025265236,0.0206890359510235,0.0283399028576561,48.33477994659911,0.0005369492593898,43.15522409604917,2,78,0.2163709806730014,0.019047619047619,11.359476485332571,0.1973233616253824,0.019047619047619,0.0005062899534083,389.7437827810102,1.4661932400299662,1.2688698784045838,1.250728587925257,1.0534052262998743,,,0,5.8841820305133305e-15,1.2408621441643153e-15,5.6621374255882976e-15,1.006139616066548e-16,-0.1917527849939545,10,0.2
v2_basis,measurement-basis robustness and scope,U1-RZ-XY-line|n12|d72|i9|dir=gaussian|basis=Y|eta=0,U1-RZ-XY-line|n12|d72|i9,U1-RZ-XY-line,12,72,6.0,9,gaussian,Y,0.0,128,128,1260,128,1.0,4096,4095,0.7223371247689505,0.3579898935422214,0.4947869497687883,0.0218857733952145,0.0295272907905643,45.69178259967991,0.0006150727857053,40.3215059578267,1,12,5.596865149638538e-33,0.0029304029304029,1.909930232314151e-30,-0.0029304029304029,0.0029304029304029,0.0002043948325133,-14.336971705051452,0.5919183655743332,0.5889879626439303,0.5088593670746447,0.5059289641442418,,,0,4.6629367034256575e-15,9.551921313937889e-16,4.440892098500626e-15,5.898059818321144e-17,-0.2186728019713179,10,0.2
v2_basis,measurement-basis robustness and scope,U1-RZ-XY-line|n12|d72|i9|dir=gaussian|basis=Y|eta=0,U1-RZ-XY-line|n12|d72|i9,U1-RZ-XY-line,12,72,6.0,9,gaussian,Y,0.0,128,128,1260,128,1.0,4096,4095,0.7223371247689505,0.3579898935422214,0.4947869497687883,0.0218857733952145,0.0295272907905643,45.69178259967991,0.0006150727857053,40.3215059578267,2,78,0.2323792526714859,0.019047619047619,12.199910765253009,0.2133316336238668,0.019047619047619,0.000516877724433,412.7313357484464,1.4968549551181656,1.2835233214942987,1.2868137050029114,1.0734820713790445,,,0,4.6629367034256575e-15,9.551921313937889e-16,4.440892098500626e-15,5.898059818321144e-17,-0.2186728019713179,10,0.2
v2_basis,measurement-basis robustness and scope,SU2-CNOT-line|n8|d48|i5|dir=gaussian|basis=RANDOM_LOCAL|eta=0,SU2-CNOT-line|n8|d48|i5,SU2-CNOT-line,8,48,6.0,5,gaussian,RANDOM_LOCAL,0.0,128,128,1152,128,1.0,256,255,0.9884568740947478,0.4904191507664258,0.4960091608317937,0.0059421678937199,0.0137082447070502,168.28874880106616,4.432877740102506e-05,150.19556994800158,1,8,0.030602799019493,0.0313725490196078,0.9754642187463396,-0.0007697500001148,0.0313725490196078,0.0015243074241944,-0.5049834356882635,0.2753854477571834,0.2746156977570685,0.1251305851257471,0.1243608351256322,,,0,8.881784197001252e-16,2.521323749391761e-16,8.881784197001252e-16,1.0408340855860844e-16,-0.3868589543855633,10,0.2
v2_basis,measurement-basis robustness and scope,SU2-CNOT-line|n8|d48|i5|dir=gaussian|basis=RANDOM_LOCAL|eta=0,SU2-CNOT-line|n8|d48|i5,SU2-CNOT-line,8,48,6.0,5,gaussian,RANDOM_LOCAL,0.0,128,128,1152,128,1.0,256,255,0.9884568740947478,0.4904191507664258,0.4960091608317937,0.0059421678937199,0.0137082447070502,168.28874880106616,4.432877740102506e-05,150.19556994800158,2,36,0.1436095484222775,0.1411764705882353,1.0172343013244662,0.0024330778340422,0.1411764705882353,0.0030447553521606,0.7991045429366601,0.5500736286244614,0.5476405507904192,0.2499443437284035,0.2475112658943613,,,0,8.881784197001252e-16,2.521323749391761e-16,8.881784197001252e-16,1.0408340855860844e-16,-0.3868589543855633,10,0.2
v2_basis,measurement-basis robustness and scope,SU2-CNOT-line|n12|d72|i3|dir=gaussian|basis=RANDOM_LOCAL|eta=0,SU2-CNOT-line|n12|d72|i3,SU2-CNOT-line,12,72,6.0,3,gaussian,RANDOM_LOCAL,0.0,128,128,2592,128,1.0,4096,4095,0.9952693308885217,0.4951760759223607,0.4975450542261496,0.0010017254820888,0.00880639950176,998.2774900712084,1.4289417172931435e-06,836.5516155887719,1,12,0.0028077706650159,0.0029304029304029,0.9581517394366867,-0.0001226322653869,0.0029304029304029,0.0001105233708127,-1.109559584413557,0.3200707777432618,0.3199481454778748,0.0952032804295071,0.0950806481641201,,,0,8.881784197001252e-16,5.0385430826617706e-17,8.881784197001252e-16,3.274290560906224e-17,-0.4599948514203968,10,0.2
v2_basis,measurement-basis robustness and scope,SU2-CNOT-line|n12|d72|i3|dir=gaussian|basis=RANDOM_LOCAL|eta=0,SU2-CNOT-line|n12|d72|i3,SU2-CNOT-line,12,72,6.0,3,gaussian,RANDOM_LOCAL,0.0,128,128,2592,128,1.0,4096,4095,0.9952693308885217,0.4951760759223607,0.4975450542261496,0.0010017254820888,0.00880639950176,998.2774900712084,1.4289417172931435e-06,836.5516155887719,2,78,0.0190005301606833,0.019047619047619,0.9975278334358756,-4.708888693570612e-05,0.019047619047619,0.0002794937019683,-0.1684792415860275,0.8094013592375369,0.8093542703506011,0.2407519521989154,0.2407048633119797,,,0,8.881784197001252e-16,5.0385430826617706e-17,8.881784197001252e-16,3.274290560906224e-17,-0.4599948514203968,10,0.2
v2_basis,measurement-basis robustness and scope,SU2-HaarU4-brickwork|n8|d48|i1|dir=gaussian|basis=RANDOM_LOCAL|eta=0,SU2-HaarU4-brickwork|n8|d48|i1,SU2-HaarU4-brickwork,8,48,6.0,1,gaussian,RANDOM_LOCAL,0.0,128,128,1152,128,1.0,256,255,0.9823959526892758,0.4861266704782856,0.4949520532503573,0.0075776599507301,0.0153309594823651,131.966861340042,7.70994266790747e-05,113.88707152253411,1,8,0.0301705435052632,0.0313725490196078,0.9616860742302656,-0.0012020055143446,0.0313725490196078,0.0016458345949963,-0.7303319045540514,0.2973408708002917,0.2961388652859471,0.1683185175557215,0.1671165120413769,,,0,5.773159728050814e-15,1.046067383428041e-15,5.6621374255882976e-15,1.3704315460216776e-16,-0.3758708939637666,10,0.2
v2_basis,measurement-basis robustness and scope,SU2-HaarU4-brickwork|n8|d48|i1|dir=gaussian|basis=RANDOM_LOCAL|eta=0,SU2-HaarU4-brickwork|n8|d48|i1,SU2-HaarU4-brickwork,8,48,6.0,1,gaussian,RANDOM_LOCAL,0.0,128,128,1152,128,1.0,256,255,0.9823959526892758,0.4861266704782856,0.4949520532503573,0.0075776599507301,0.0153309594823651,131.966861340042,7.70994266790747e-05,113.88707152253411,2,36,0.1415046543534504,0.1411764705882353,1.0023246350036072,0.0003281837652151,0.1411764705882353,0.0032875019909677,0.0998277008247647,0.5939288843021561,0.5936007005369409,0.3362108581648927,0.3358826743996776,,,0,5.773159728050814e-15,1.046067383428041e-15,5.6621374255882976e-15,1.3704315460216776e-16,-0.3758708939637666,10,0.2
v2_basis,measurement-basis robustness and scope,SU2-HaarU4-brickwork|n8|d48|i9|dir=gaussian|basis=RANDOM_LOCAL|eta=0,SU2-HaarU4-brickwork|n8|d48|i9,SU2-HaarU4-brickwork,8,48,6.0,9,gaussian,RANDOM_LOCAL,0.0,128,128,1152,128,1.0,256,255,0.9845238266489316,0.4851267648149341,0.4931718667093101,0.0075245253760293,0.0152782400215291,132.89874776496475,8.002816732397918e-05,111.7837215550126,1,8,0.0281854553136431,0.0313725490196078,0.898411388122375,-0.0031870937059647,0.0313725490196078,0.0016420277319635,-1.940949987582505,0.2966531127639532,0.2934660190579884,0.1670909407805955,0.1639038470746308,,,0,5.10702591327572e-15,7.367093049658354e-16,5.218048215738236e-15,8.847089727481715e-17,-0.3542745611439881,10,0.2
v2_basis,measurement-basis robustness and scope,SU2-HaarU4-brickwork|n8|d48|i9|dir=gaussian|basis=RANDOM_LOCAL|eta=0,SU2-HaarU4-brickwork|n8|d48|i9,SU2-HaarU4-brickwork,8,48,6.0,9,gaussian,RANDOM_LOCAL,0.0,128,128,1152,128,1.0,256,255,0.9845238266489316,0.4851267648149341,0.4931718667093101,0.0075245253760293,0.0152782400215291,132.89874776496475,8.002816732397918e-05,111.7837215550126,2,36,0.1352682386510389,0.1411764705882353,0.9581500237781924,-0.0059082319371963,0.1411764705882353,0.003279897903754,-1.801346295088629,0.5925551096101906,0.5866468776729943,0.3337588127986318,0.3278505808614354,,,0,5.10702591327572e-15,7.367093049658354e-16,5.218048215738236e-15,8.847089727481715e-17,-0.3542745611439881,10,0.2
v2_basis,measurement-basis robustness and scope,SU2-HaarU4-brickwork|n12|d72|i7|dir=gaussian|basis=RANDOM_LOCAL|eta=0,SU2-HaarU4-brickwork|n12|d72|i7,SU2-HaarU4-brickwork,12,72,6.0,7,gaussian,RANDOM_LOCAL,0.0,128,128,2592,128,1.0,4096,4095,0.9864240921110564,0.4886798019651605,0.4953497719614429,0.0016744970278235,0.0094739150197936,597.1942519956339,4.6051470728153936e-06,465.991771183545,1,12,0.002544769580451,0.0029304029304029,0.868402619328915,-0.0003856333499518,0.0029304029304029,0.0001147507669243,-3.360616754797664,0.3323131293049058,0.3319274959549539,0.1308176794353378,0.1304320460853859,,,0,1.5876189252139742e-14,2.3770125971363547e-15,1.5765166949677223e-14,2.949029909160572e-17,-0.4506879661427365,10,0.2
v2_basis,measurement-basis robustness and scope,SU2-HaarU4-brickwork|n12|d72|i7|dir=gaussian|basis=RANDOM_LOCAL|eta=0,SU2-HaarU4-brickwork|n12|d72|i7,SU2-HaarU4-brickwork,12,72,6.0,7,gaussian,RANDOM_LOCAL,0.0,128,128,2592,128,1.0,4096,4095,0.9864240921110564,0.4886798019651605,0.4953497719614429,0.0016744970278235,0.0094739150197936,597.1942519956339,4.6051470728153936e-06,465.991771183545,2,78,0.0177621590507695,0.019047619047619,0.9325133501654016,-0.0012854599968494,0.019047619047619,0.0002901840254739,-4.429809651822918,0.8403600617599105,0.839074601763061,0.3308143539182934,0.3295288939214439,,,0,1.5876189252139742e-14,2.3770125971363547e-15,1.5765166949677223e-14,2.949029909160572e-17,-0.4506879661427365,10,0.2
v2_basis,measurement-basis robustness and scope,U1-RZ-XY-line|n8|d48|i5|dir=gaussian|basis=RANDOM_LOCAL|eta=0,U1-RZ-XY-line|n8|d48|i5,U1-RZ-XY-line,8,48,6.0,5,gaussian,RANDOM_LOCAL,0.0,128,128,552,128,1.0,256,255,0.7912581325191578,0.38941010398929,0.4915345671874325,0.0486766922228454,0.0561089055648545,20.543713106509507,0.003035021291892,18.15177622433812,1,8,0.1101140659701368,0.0313725490196078,3.509885852798112,0.078741516950529,0.0313725490196078,0.0035199583579619,22.3700137737199,0.6359250720085318,0.5571835550580028,0.5889043473197961,0.5101628303692671,,,0,4.440892098500626e-16,2.5823501761846333e-16,6.661338147750939e-16,1.6306400674181987e-16,-0.1820101868587223,10,0.2
v2_basis,measurement-basis robustness and scope,U1-RZ-XY-line|n8|d48|i5|dir=gaussian|basis=RANDOM_LOCAL|eta=0,U1-RZ-XY-line|n8|d48|i5,U1-RZ-XY-line,8,48,6.0,5,gaussian,RANDOM_LOCAL,0.0,128,128,552,128,1.0,256,255,0.7912581325191578,0.38941010398929,0.4915345671874325,0.0486766922228454,0.0561089055648545,20.543713106509507,0.003035021291892,18.15177622433812,2,36,0.3275806714105649,0.1411764705882353,2.320363089158168,0.1864042008223296,0.1411764705882353,0.0070310042972146,26.511746109467666,1.270240002665066,1.0838358018427363,1.176317608214904,0.9899134073925744,,,0,4.440892098500626e-16,2.5823501761846333e-16,6.661338147750939e-16,1.6306400674181987e-16,-0.1820101868587223,10,0.2
v2_basis,measurement-basis robustness and scope,U1-RZ-XY-line|n12|d72|i1|dir=gaussian|basis=RANDOM_LOCAL|eta=0,U1-RZ-XY-line|n12|d72|i1,U1-RZ-XY-line,12,72,6.0,1,gaussian,RANDOM_LOCAL,0.0,128,128,1260,128,1.0,4096,4095,0.7455533244260704,0.358706752503672,0.4821958901373747,0.0195529955847965,0.0272127378067903,51.14305865120488,0.0004603702455563,46.60648783138117,1,12,0.1031723854695542,0.0029304029304029,35.20757654148537,0.1002419825391512,0.0029304029304029,0.0001961508321025,511.0454106397065,0.5680441061863558,0.4678021236472045,0.4806522167656902,0.3804102342265389,,,0,5.218048215738236e-15,1.2802306264098834e-15,5.218048215738236e-15,1.9255430583342559e-16,-0.1992242382746434,10,0.2
v2_basis,measurement-basis robustness and scope,U1-RZ-XY-line|n12|d72|i1|dir=gaussian|basis=RANDOM_LOCAL|eta=0,U1-RZ-XY-line|n12|d72|i1,U1-RZ-XY-line,12,72,6.0,1,gaussian,RANDOM_LOCAL,0.0,128,128,1260,128,1.0,4096,4095,0.7455533244260704,0.358706752503672,0.4821958901373747,0.0195529955847965,0.0272127378067903,51.14305865120488,0.0004603702455563,46.60648783138117,2,78,0.2173548748416368,0.019047619047619,11.411130929185934,0.1983072557940178,0.019047619047619,0.0004960301319563,399.7887285836925,1.4364812523525896,1.238173996558572,1.2154829013561048,1.017175645562087,,,0,5.218048215738236e-15,1.2802306264098834e-15,5.218048215738236e-15,1.9255430583342559e-16,-0.1992242382746434,10,0.2
v2_basis,measurement-basis robustness and scope,U1-RZ-XY-line|n12|d72|i9|dir=gaussian|basis=RANDOM_LOCAL|eta=0,U1-RZ-XY-line|n12|d72|i9,U1-RZ-XY-line,12,72,6.0,9,gaussian,RANDOM_LOCAL,0.0,128,128,1260,128,1.0,4096,4095,0.7223371247689515,0.3521189201998769,0.4881927144548316,0.0209939347519257,0.0286424196366762,47.6328049894636,0.000557975925389,42.334288921684696,1,12,0.1323288207772768,0.0029304029304029,45.15721009024573,0.1293984178468739,0.0029304029304029,0.0002012829605776,642.8682163434235,0.582906522528099,0.4535081046812251,0.4982641398887013,0.3688657220418273,,,0,3.1086244689504387e-15,9.957373195250108e-16,3.1086244689504387e-15,1.52655665885959e-16,-0.2220364569667685,10,0.2
v2_basis,measurement-basis robustness and scope,U1-RZ-XY-line|n12|d72|i9|dir=gaussian|basis=RANDOM_LOCAL|eta=0,U1-RZ-XY-line|n12|d72|i9,U1-RZ-XY-line,12,72,6.0,9,gaussian,RANDOM_LOCAL,0.0,128,128,1260,128,1.0,4096,4095,0.7223371247689515,0.3521189201998769,0.4881927144548316,0.0209939347519257,0.0286424196366762,47.6328049894636,0.000557975925389,42.334288921684696,2,78,0.2630057769958271,0.019047619047619,13.807803292280925,0.2439581579482081,0.019047619047619,0.0005090083606869,479.2812393473392,1.4740656268880572,1.230107468939849,1.2600202834159773,1.016062125467769,,,0,3.1086244689504387e-15,9.957373195250108e-16,3.1086244689504387e-15,1.52655665885959e-16,-0.2220364569667685,10,0.2
v2_basis,measurement-basis robustness and scope,SU2-CNOT-line|n8|d48|i6|dir=gaussian|basis=Z|eta=0,SU2-CNOT-line|n8|d48|i6,SU2-CNOT-line,8,48,6.0,6,gaussian,Z,0.0,128,128,1152,128,1.0,256,255,0.9866851429267705,0.4848428209961467,0.4913122445179417,0.0058879536084678,0.0136544539709017,169.83829467709003,4.475542397416205e-05,149.47796000260024,1,8,0.0309212204352328,0.0313725490196078,0.9856139013730482,-0.0004513285843749,0.0313725490196078,0.0015201126090014,-0.2969047041004681,0.2746276012481061,0.2741762726637311,0.1234404948729065,0.1229891662885315,,,0,1.1102230246251563e-15,1.9491530832281062e-16,1.2212453270876722e-15,6.938893903907227e-17,-0.364956040496353,10,0.2
v2_basis,measurement-basis robustness and scope,SU2-CNOT-line|n8|d48|i6|dir=gaussian|basis=Z|eta=0,SU2-CNOT-line|n8|d48|i6,SU2-CNOT-line,8,48,6.0,6,gaussian,Z,0.0,128,128,1152,128,1.0,256,255,0.9866851429267705,0.4848428209961467,0.4913122445179417,0.0058879536084678,0.0136544539709017,169.83829467709003,4.475542397416205e-05,149.47796000260024,2,36,0.1397359897010122,0.1411764705882353,0.9897965937155034,-0.001440480887223,0.1411764705882353,0.0030363763429086,-0.4744078877400167,0.5485598544487247,0.5471193735615016,0.2465684424756163,0.2451279615883932,,,0,1.1102230246251563e-15,1.9491530832281062e-16,1.2212453270876722e-15,6.938893903907227e-17,-0.364956040496353,10,0.2
v2_basis,measurement-basis robustness and scope,SU2-CNOT-line|n12|d72|i4|dir=gaussian|basis=Z|eta=0,SU2-CNOT-line|n12|d72|i4,SU2-CNOT-line,12,72,6.0,4,gaussian,Z,0.0,128,128,2592,128,1.0,4096,4095,0.9942254023261846,0.4917895700647439,0.494656693280771,0.0009772538571213,0.0087821190613625,1023.2755723734288,1.325677457404662e-06,868.5224810747238,1,12,0.0029674932453998,0.0029304029304029,1.012657069992711,3.709031499695564e-05,0.0029304029304029,0.0001103665500458,0.336064822009396,0.319616631760758,0.319579541445761,0.0936528998247679,0.093615809509771,,,0,1.9984014443252818e-15,2.403359052891546e-16,2.220446049250313e-15,2.775557561562892e-17,-0.4687149688781023,10,0.2
v2_basis,measurement-basis robustness and scope,SU2-CNOT-line|n12|d72|i4|dir=gaussian|basis=Z|eta=0,SU2-CNOT-line|n12|d72|i4,SU2-CNOT-line,12,72,6.0,4,gaussian,Z,0.0,128,128,2592,128,1.0,4096,4095,0.9942254023261846,0.4917895700647439,0.494656693280771,0.0009772538571213,0.0087821190613625,1023.2755723734288,1.325677457404662e-06,868.5224810747238,2,78,0.0189254624334099,0.019047619047619,0.9935867777540198,-0.0001221566142091,0.019047619047619,0.0002790971304888,-0.4376849521712356,0.8082529058294419,0.8081307492152328,0.2368313188388216,0.2367091622246125,,,0,1.9984014443252818e-15,2.403359052891546e-16,2.220446049250313e-15,2.775557561562892e-17,-0.4687149688781023,10,0.2
v2_basis,measurement-basis robustness and scope,SU2-HaarU4-brickwork|n8|d48|i2|dir=gaussian|basis=Z|eta=0,SU2-HaarU4-brickwork|n8|d48|i2,SU2-HaarU4-brickwork,8,48,6.0,2,gaussian,Z,0.0,128,128,1152,128,1.0,256,255,0.9828924593866452,0.4875722370486862,0.4962250323701379,0.0076190025955889,0.0153719791378108,131.25077560400825,8.176164809910224e-05,110.59237415886533,1,8,0.0292718336541504,0.0313725490196078,0.9330396977260468,-0.0021007153654573,0.0313725490196078,0.001648790537053,-1.2740947489983083,0.2978748991819085,0.2957741838164511,0.1692675052034686,0.1671667898380112,,,0,7.327471962526033e-15,1.3045166675526665e-15,7.438494264988549e-15,5.551115123125783e-17,-0.3625953017095082,10,0.2
v2_basis,measurement-basis robustness and scope,SU2-HaarU4-brickwork|n8|d48|i2|dir=gaussian|basis=Z|eta=0,SU2-HaarU4-brickwork|n8|d48|i2,SU2-HaarU4-brickwork,8,48,6.0,2,gaussian,Z,0.0,128,128,1152,128,1.0,256,255,0.9828924593866452,0.4875722370486862,0.4962250323701379,0.0076190025955889,0.0153719791378108,131.25077560400825,8.176164809910224e-05,110.59237415886533,2,36,0.1376155430739797,0.1411764705882353,0.9747767634406896,-0.0035609275142556,0.1411764705882353,0.0032934063907331,-1.0812293084373508,0.594995588923104,0.5914346614088484,0.3381064306548971,0.3345455031406414,,,0,7.327471962526033e-15,1.3045166675526665e-15,7.438494264988549e-15,5.551115123125783e-17,-0.3625953017095082,10,0.2
v2_basis,measurement-basis robustness and scope,SU2-HaarU4-brickwork|n12|d72|i0|dir=gaussian|basis=Z|eta=0,SU2-HaarU4-brickwork|n12|d72|i0,SU2-HaarU4-brickwork,12,72,6.0,0,gaussian,Z,0.0,128,128,2592,128,1.0,4096,4095,0.9905288662441812,0.4909714865930857,0.4957125572734958,0.0016476221475383,0.0094472500995107,606.935274264223,4.543102250501308e-06,469.1629887626809,1,12,0.0027774208980915,0.0029304029304029,0.9477948814737324,-0.0001529820323114,0.0029304029304029,0.0001145848878423,-1.335097805583908,0.3318327508437795,0.3316797688114681,0.1295828373672985,0.1294298553349871,,,0,2.76445533131664e-14,5.194634680642071e-15,2.753353101070388e-14,2.2117724318704287e-17,-0.4410897160654122,10,0.2
v2_basis,measurement-basis robustness and scope,SU2-HaarU4-brickwork|n12|d72|i0|dir=gaussian|basis=Z|eta=0,SU2-HaarU4-brickwork|n12|d72|i0,SU2-HaarU4-brickwork,12,72,6.0,0,gaussian,Z,0.0,128,128,2592,128,1.0,4096,4095,0.9905288662441812,0.4909714865930857,0.4957125572734958,0.0016476221475383,0.0094472500995107,606.935274264223,4.543102250501308e-06,469.1629887626809,2,78,0.0188769332078084,0.019047619047619,0.9910389934099438,-0.0001706858398105,0.019047619047619,0.0002897645471467,-0.5890501149685211,0.839145271137269,0.8389745852974584,0.3276916606959947,0.3275209748561841,,,0,2.76445533131664e-14,5.194634680642071e-15,2.753353101070388e-14,2.2117724318704287e-17,-0.4410897160654122,10,0.2
v2_basis,measurement-basis robustness and scope,SU2-HaarU4-brickwork|n12|d72|i8|dir=gaussian|basis=Z|eta=0,SU2-HaarU4-brickwork|n12|d72|i8,SU2-HaarU4-brickwork,12,72,6.0,8,gaussian,Z,0.0,128,128,2592,128,1.0,4096,4095,0.9907436667796922,0.4899340582612693,0.4944807828821644,0.0016151898971805,0.0094150712261088,619.1222479447151,4.289560882032114e-06,482.8292610572624,1,12,0.0027457113875875,0.0029304029304029,0.9369740110142464,-0.0001846915428153,0.0029304029304029,0.0001143843868437,-1.6146569292512305,0.3312521088483904,0.331067417305575,0.1280767941924048,0.1278921026495894,,,0,9.880984919163892e-15,1.595946540682882e-15,9.658940314238862e-15,2.4286128663675302e-17,-0.4391068373599005,10,0.2
v2_basis,measurement-basis robustness and scope,SU2-HaarU4-brickwork|n12|d72|i8|dir=gaussian|basis=Z|eta=0,SU2-HaarU4-brickwork|n12|d72|i8,SU2-HaarU4-brickwork,12,72,6.0,8,gaussian,Z,0.0,128,128,2592,128,1.0,4096,4095,0.9907436667796922,0.4899340582612693,0.4944807828821644,0.0016151898971805,0.0094150712261088,619.1222479447151,4.289560882032114e-06,482.8292610572624,2,78,0.0182997078536517,0.019047619047619,0.9607346623167156,-0.0007479111939673,0.019047619047619,0.000289257516227,-2.5856240616415795,0.8376769320917242,0.8369290208977569,0.3238831487117887,0.3231352375178213,,,0,9.880984919163892e-15,1.595946540682882e-15,9.658940314238862e-15,2.4286128663675302e-17,-0.4391068373599005,10,0.2
v2_basis,measurement-basis robustness and scope,U1-RZ-XY-line|n8|d48|i6|dir=gaussian|basis=Z|eta=0,U1-RZ-XY-line|n8|d48|i6,U1-RZ-XY-line,8,48,6.0,6,gaussian,Z,0.0,128,128,552,128,1.0,70,69,0.7117851382657288,0.3493924999191961,0.4937809762803825,0.0557592621790453,0.0631361429432715,17.93424017679715,0.003630140152257,16.597332853984632,1,7,0.4262249811824803,0.1014492753623188,4.201360528798734,0.3247757058201614,0.1014492753623188,0.0112580610732368,28.848280685937404,0.5531363928153296,0.2283606869951681,0.5094706646735668,0.1846949588534053,,,0,2.4424906541753444e-15,1.4710455076283324e-15,2.3314683517128287e-15,6.245004513516506e-17,-0.1332981083135294,10,0.2
v2_basis,measurement-basis robustness and scope,U1-RZ-XY-line|n8|d48|i6|dir=gaussian|basis=Z|eta=0,U1-RZ-XY-line|n8|d48|i6,U1-RZ-XY-line,8,48,6.0,6,gaussian,Z,0.0,128,128,552,128,1.0,70,69,0.7117851382657288,0.3493924999191961,0.4937809762803825,0.0557592621790453,0.0631361429432715,17.93424017679715,0.003630140152257,16.597332853984632,2,27,0.7136141660827753,0.391304347826087,1.8236806466559807,0.3223098182566883,0.391304347826087,0.0181980671336511,17.711211629760665,0.8941160600423826,0.5718062417856944,0.8235326934222996,0.5012228751656114,,,0,2.4424906541753444e-15,1.4710455076283324e-15,2.3314683517128287e-15,6.245004513516506e-17,-0.1332981083135294,10,0.2
v2_basis,measurement-basis robustness and scope,U1-RZ-XY-line|n12|d72|i2|dir=gaussian|basis=Z|eta=0,U1-RZ-XY-line|n12|d72|i2,U1-RZ-XY-line,12,72,6.0,2,gaussian,Z,0.0,128,128,1260,128,1.0,924,923,0.7836582797021656,0.3680599242059132,0.4692000548390553,0.025698503667845,0.03331023410794,38.91277145646572,0.0008796413973034,33.71686368581098,1,11,0.3072317065665231,0.0119176598049837,25.77953319644553,0.2953140467615394,0.0119176598049837,0.0009063172473651,325.8395971389533,0.5918362658525015,0.2965222190909621,0.5172417083822837,0.2219276616207443,,,0,8.881784197001252e-16,3.7354602626235134e-16,8.881784197001252e-16,5.551115123125783e-17,-0.2084102770776844,10,0.2
v2_basis,measurement-basis robustness and scope,U1-RZ-XY-line|n12|d72|i2|dir=gaussian|basis=Z|eta=0,U1-RZ-XY-line|n12|d72|i2,U1-RZ-XY-line,12,72,6.0,2,gaussian,Z,0.0,128,128,1260,128,1.0,924,923,0.7836582797021656,0.3680599242059132,0.4692000548390553,0.025698503667845,0.03331023410794,38.91277145646572,0.0008796413973034,33.71686368581098,2,65,0.5520095564190859,0.0704225352112676,7.838535701151019,0.4815870212078182,0.0704225352112676,0.0021369128235925,225.36577809392148,1.3954302531968004,0.913843231988982,1.219551368742445,0.7379643475346268,,,0,8.881784197001252e-16,3.7354602626235134e-16,8.881784197001252e-16,5.551115123125783e-17,-0.2084102770776844,10,0.2
v2_basis,measurement-basis robustness and scope,U1-RZ-XY-line|n12|d72|i10|dir=gaussian|basis=Z|eta=0,U1-RZ-XY-line|n12|d72|i10,U1-RZ-XY-line,12,72,6.0,10,gaussian,Z,0.0,128,128,1260,128,1.0,924,923,0.7281513941311571,0.34821471962346,0.4793476747639124,0.0253935026463073,0.033007615906883,39.38015223533639,0.0008250329690442,34.814835554541574,1,11,0.316275606822715,0.0119176598049837,26.53839864521509,0.3043579470177313,0.0119176598049837,0.0009020519323367,337.40623583533846,0.5890509628844411,0.2846930158667098,0.5140271953271267,0.2096692483093954,,,0,2.220446049250313e-15,1.2351426060167057e-15,2.4424906541753444e-15,5.551115123125783e-17,-0.1860406304719968,10,0.2
v2_basis,measurement-basis robustness and scope,U1-RZ-XY-line|n12|d72|i10|dir=gaussian|basis=Z|eta=0,U1-RZ-XY-line|n12|d72|i10,U1-RZ-XY-line,12,72,6.0,10,gaussian,Z,0.0,128,128,1260,128,1.0,924,923,0.7281513941311571,0.34821471962346,0.4793476747639124,0.0253935026463073,0.033007615906883,39.38015223533639,0.0008250329690442,34.814835554541574,2,65,0.5585815003190389,0.0704225352112676,7.931857304530351,0.4881589651077712,0.0704225352112676,0.0021268560731474,229.52139134894992,1.388863071950562,0.9007041068427909,1.2119721968915935,0.7238132317838225,,,0,2.220446049250313e-15,1.2351426060167057e-15,2.4424906541753444e-15,5.551115123125783e-17,-0.1860406304719968,10,0.2
v2_basis,measurement-basis robustness and scope,SU2-CNOT-line|n8|d48|i6|dir=gaussian|basis=X|eta=0,SU2-CNOT-line|n8|d48|i6,SU2-CNOT-line,8,48,6.0,6,gaussian,X,0.0,128,128,1152,128,1.0,256,255,0.9866851429267688,0.4858300241222411,0.4923322240261494,0.005876325407414,0.0136429166151686,170.17437440382656,4.42584509142689e-05,150.31485263685911,1,8,0.0270100654134922,0.0313725490196078,0.8609458350550666,-0.0043624836061155,0.0313725490196078,0.001519211371609,-2.8715448604726137,0.274464781295325,0.2701022976892094,0.1230749715275135,0.1187124879213979,,,0,2.886579864025407e-15,2.794251306730906e-16,3.1086244689504387e-15,6.591949208711867e-17,-0.3870295134732742,10,0.2
v2_basis,measurement-basis robustness and scope,SU2-CNOT-line|n8|d48|i6|dir=gaussian|basis=X|eta=0,SU2-CNOT-line|n8|d48|i6,SU2-CNOT-line,8,48,6.0,6,gaussian,X,0.0,128,128,1152,128,1.0,256,255,0.9866851429267688,0.4858300241222411,0.4923322240261494,0.005876325407414,0.0136429166151686,170.17437440382656,4.42584509142689e-05,150.31485263685911,2,36,0.1363850149277988,0.1411764705882353,0.9660605224052417,-0.0047914556604364,0.1411764705882353,0.0030345761500273,-1.5789538385429371,0.5482346267979241,0.5434431711374876,0.2458383212779103,0.2410468656174738,,,0,2.886579864025407e-15,2.794251306730906e-16,3.1086244689504387e-15,6.591949208711867e-17,-0.3870295134732742,10,0.2
v2_basis,measurement-basis robustness and scope,SU2-CNOT-line|n12|d72|i4|dir=gaussian|basis=X|eta=0,SU2-CNOT-line|n12|d72|i4,SU2-CNOT-line,12,72,6.0,4,gaussian,X,0.0,128,128,2592,128,1.0,4096,4095,0.9942254023261824,0.4951377536078891,0.4979987770193588,0.0009967512419358,0.0088014641228582,1003.2593468936342,1.4096723830343289e-06,842.2497761539039,1,12,0.0028473820994529,0.0029304029304029,0.9716691414383144,-8.30208309499942e-05,0.0029304029304029,0.0001104915125644,-0.7513774499336636,0.3199785176697664,0.3198954968388164,0.0948901925440085,0.0948071717130585,,,0,4.107825191113079e-15,2.173243161343674e-16,4.218847493575595e-15,2.4286128663675302e-17,-0.4608963880900648,10,0.2
v2_basis,measurement-basis robustness and scope,SU2-CNOT-line|n12|d72|i4|dir=gaussian|basis=X|eta=0,SU2-CNOT-line|n12|d72|i4,SU2-CNOT-line,12,72,6.0,4,gaussian,X,0.0,128,128,2592,128,1.0,4096,4095,0.9942254023261824,0.4951377536078891,0.4979987770193588,0.0009967512419358,0.0088014641228582,1003.2593468936342,1.4096723830343289e-06,842.2497761539039,2,78,0.0185829006315532,0.019047619047619,0.9756022831565446,-0.0004647184160658,0.019047619047619,0.0002794131381953,-1.6631945765587284,0.8091680501256677,0.808703331709602,0.2399602093166999,0.2394954909006341,,,0,4.107825191113079e-15,2.173243161343674e-16,4.218847493575595e-15,2.4286128663675302e-17,-0.4608963880900648,10,0.2
v2_basis,measurement-basis robustness and scope,SU2-HaarU4-brickwork|n8|d48|i2|dir=gaussian|basis=X|eta=0,SU2-HaarU4-brickwork|n8|d48|i2,SU2-HaarU4-brickwork,8,48,6.0,2,gaussian,X,0.0,128,128,1152,128,1.0,256,255,0.9828924593866466,0.4766235024334341,0.4849405978533555,0.0074192813871904,0.0151738182513529,134.78394305498725,7.437027727914326e-05,115.95788878046406,1,8,0.0306785801701409,0.0313725490196078,0.9778797429232428,-0.0006939688494668,0.0313725490196078,0.0016344612804957,-0.4245856770962374,0.295286137446312,0.2945921685968451,0.1646324535376425,0.1639384846881756,,,0,5.8841820305133305e-15,7.495631543051624e-16,5.8841820305133305e-15,6.245004513516506e-17,-0.3844556463528171,10,0.2
v2_basis,measurement-basis robustness and scope,SU2-HaarU4-brickwork|n8|d48|i2|dir=gaussian|basis=X|eta=0,SU2-HaarU4-brickwork|n8|d48|i2,SU2-HaarU4-brickwork,8,48,6.0,2,gaussian,X,0.0,128,128,1152,128,1.0,256,255,0.9828924593866466,0.4766235024334341,0.4849405978533555,0.0074192813871904,0.0151738182513529,134.78394305498725,7.437027727914326e-05,115.95788878046406,2,36,0.142119053724634,0.1411764705882353,1.0066766305494912,0.0009425831363987,0.1411764705882353,0.0032647841588247,0.288712236565761,0.5898246201114211,0.5888820369750224,0.3288480631215084,0.3279054799851096,,,0,5.8841820305133305e-15,7.495631543051624e-16,5.8841820305133305e-15,6.245004513516506e-17,-0.3844556463528171,10,0.2
v2_basis,measurement-basis robustness and scope,SU2-HaarU4-brickwork|n12|d72|i0|dir=gaussian|basis=X|eta=0,SU2-HaarU4-brickwork|n12|d72|i0,SU2-HaarU4-brickwork,12,72,6.0,0,gaussian,X,0.0,128,128,2592,128,1.0,4096,4095,0.990528866244182,0.4914992954991525,0.4962549116837839,0.0016345971735007,0.0094343268830827,611.7715215782032,4.4799856018410114e-06,472.45635046991737,1,12,0.0025113881251785,0.0029304029304029,0.857011197717188,-0.0004190148052243,0.0029304029304029,0.0001145044077003,-3.659377081107229,0.331599683923538,0.3311806691183137,0.1289801150285339,0.1285611002233095,,,0,2.6867397195928788e-14,4.652964488930978e-15,2.6867397195928788e-14,2.3418766925686896e-17,-0.4438485069051767,10,0.2
v2_basis,measurement-basis robustness and scope,SU2-HaarU4-brickwork|n12|d72|i0|dir=gaussian|basis=X|eta=0,SU2-HaarU4-brickwork|n12|d72|i0,SU2-HaarU4-brickwork,12,72,6.0,0,gaussian,X,0.0,128,128,2592,128,1.0,4096,4095,0.990528866244182,0.4914992954991525,0.4962549116837839,0.0016345971735007,0.0094343268830827,611.7715215782032,4.4799856018410114e-06,472.45635046991737,2,78,0.0179840404333937,0.019047619047619,0.9441621227531736,-0.0010635786142252,0.019047619047619,0.0002895610273602,-3.67307238795632,0.8385558868661812,0.837492308251956,0.3261674844382352,0.3251039058240099,,,0,2.6867397195928788e-14,4.652964488930978e-15,2.6867397195928788e-14,2.3418766925686896e-17,-0.4438485069051767,10,0.2
v2_basis,measurement-basis robustness and scope,SU2-HaarU4-brickwork|n12|d72|i8|dir=gaussian|basis=X|eta=0,SU2-HaarU4-brickwork|n12|d72|i8,SU2-HaarU4-brickwork,12,72,6.0,8,gaussian,X,0.0,128,128,2592,128,1.0,4096,4095,0.9907436667796852,0.4903830018438824,0.494941100082899,0.0016165280113606,0.0094163988862718,618.6097568196719,4.392537934526926e-06,477.13605954869865,1,12,0.002787847916018,0.0029304029304029,0.9513531013411524,-0.0001425550143849,0.0029304029304029,0.0001143926662153,-1.2461901545028211,0.3312760855412178,0.3311335305268328,0.1281392817452968,0.1279967267309119,,,0,1.6875389974302383e-14,2.426878145313377e-15,1.6875389974302383e-14,2.862293735361732e-17,-0.4388749880528317,10,0.2
v2_basis,measurement-basis robustness and scope,SU2-HaarU4-brickwork|n12|d72|i8|dir=gaussian|basis=X|eta=0,SU2-HaarU4-brickwork|n12|d72|i8,SU2-HaarU4-brickwork,12,72,6.0,8,gaussian,X,0.0,128,128,2592,128,1.0,4096,4095,0.9907436667796852,0.4903830018438824,0.494941100082899,0.0016165280113606,0.0094163988862718,618.6097568196719,4.392537934526926e-06,477.13605954869865,2,78,0.0185099068390806,0.019047619047619,0.9717701090517366,-0.0005377122085383,0.019047619047619,0.0002892784532669,-1.858804907402445,0.8377375648302121,0.8371998526216737,0.3240411684804248,0.3235034562718865,,,0,1.6875389974302383e-14,2.426878145313377e-15,1.6875389974302383e-14,2.862293735361732e-17,-0.4388749880528317,10,0.2
v2_basis,measurement-basis robustness and scope,U1-RZ-XY-line|n8|d48|i6|dir=gaussian|basis=X|eta=0,U1-RZ-XY-line|n8|d48|i6,U1-RZ-XY-line,8,48,6.0,6,gaussian,X,0.0,128,128,552,128,1.0,256,255,0.7117851382657283,0.3580881059204284,0.5048793420854205,0.0460528946573578,0.0535056064178472,21.714161670839324,0.0025358510226768,19.858120060948835,1,8,1.2100545151902005e-33,0.0313725490196078,3.857048767168764e-32,-0.0313725490196078,0.0313725490196078,0.0034310409598985,-9.143740744073122,0.6198610175465267,0.5884884685269188,0.5713811963218426,0.5400086473022347,,,0,2.886579864025407e-15,7.078713389779862e-16,2.886579864025407e-15,6.245004513516506e-17,-0.1811941517525051,10,0.2
v2_basis,measurement-basis robustness and scope,U1-RZ-XY-line|n8|d48|i6|dir=gaussian|basis=X|eta=0,U1-RZ-XY-line|n8|d48|i6,U1-RZ-XY-line,8,48,6.0,6,gaussian,X,0.0,128,128,552,128,1.0,256,255,0.7117851382657283,0.3580881059204284,0.5048793420854205,0.0460528946573578,0.0535056064178472,21.714161670839324,0.0025358510226768,19.858120060948835,2,36,0.4514029695774187,0.1411764705882353,3.1974377011733828,0.3102264989891834,0.1411764705882353,0.0068533946370131,45.26610758903978,1.238152567398234,0.9279260684090508,1.1413156742605808,0.8310891752713974,,,0,2.886579864025407e-15,7.078713389779862e-16,2.886579864025407e-15,6.245004513516506e-17,-0.1811941517525051,10,0.2
v2_basis,measurement-basis robustness and scope,U1-RZ-XY-line|n12|d72|i2|dir=gaussian|basis=X|eta=0,U1-RZ-XY-line|n12|d72|i2,U1-RZ-XY-line,12,72,6.0,2,gaussian,X,0.0,128,128,1260,128,1.0,4096,4095,0.783658279702164,0.3880369724459014,0.4954742730753811,0.0213101861760703,0.0289562003465698,46.925915697673226,0.0005716345573487,41.82546348143628,1,12,6.714609382464325e-33,0.0029304029304029,2.2913604517659517e-30,-0.0029304029304029,0.0029304029304029,0.0002023919245167,-14.478853034279126,0.5861180328889246,0.5831876299585217,0.5020468596252372,0.4991164566948343,,,0,2.55351295663786e-15,3.280015313518801e-16,2.7755575615628917e-15,8.153200337090992e-17,-0.2098733785559544,10,0.2
v2_basis,measurement-basis robustness and scope,U1-RZ-XY-line|n12|d72|i2|dir=gaussian|basis=X|eta=0,U1-RZ-XY-line|n12|d72|i2,U1-RZ-XY-line,12,72,6.0,2,gaussian,X,0.0,128,128,1260,128,1.0,4096,4095,0.783658279702164,0.3880369724459014,0.4954742730753811,0.0213101861760703,0.0289562003465698,46.925915697673226,0.0005716345573487,41.82546348143628,2,78,0.2173061513321071,0.019047619047619,11.408572944935624,0.1982585322844881,0.019047619047619,0.000511812730789,387.36537869785394,1.4821869582685263,1.2839284259840384,1.2695861004454303,1.0713275681609424,,,0,2.55351295663786e-15,3.280015313518801e-16,2.7755575615628917e-15,8.153200337090992e-17,-0.2098733785559544,10,0.2
v2_basis,measurement-basis robustness and scope,U1-RZ-XY-line|n12|d72|i10|dir=gaussian|basis=X|eta=0,U1-RZ-XY-line|n12|d72|i10,U1-RZ-XY-line,12,72,6.0,10,gaussian,X,0.0,128,128,1260,128,1.0,4096,4095,0.728151394131155,0.36192530519056,0.4981531586906856,0.0219152560788161,0.0295565431407003,45.63031325774136,0.0006258122778722,39.9740324168217,1,12,6.721387181183804e-33,0.0029304029304029,2.293673375578973e-30,-0.0029304029304029,0.0029304029304029,0.0002044968971631,-14.329816105056098,0.5922139402713776,0.5892835373409747,0.5092058629956241,0.5062754600652212,,,0,0.0,1.0913740846462145e-15,1.1102230246251563e-16,5.551115123125783e-17,-0.1791096493198392,10,0.2
v2_basis,measurement-basis robustness and scope,U1-RZ-XY-line|n12|d72|i10|dir=gaussian|basis=X|eta=0,U1-RZ-XY-line|n12|d72|i10,U1-RZ-XY-line,12,72,6.0,10,gaussian,X,0.0,128,128,1260,128,1.0,4096,4095,0.728151394131155,0.36192530519056,0.4981531586906856,0.0219152560788161,0.0295565431407003,45.63031325774136,0.0006258122778722,39.9740324168217,2,78,0.2436213080989593,0.019047619047619,12.790118675195362,0.2245736890513402,0.019047619047619,0.0005171358275528,434.2644177528052,1.4976024103005183,1.2730287212491782,1.2876899307908083,1.0631162417394684,,,0,0.0,1.0913740846462145e-15,1.1102230246251563e-16,5.551115123125783e-17,-0.1791096493198392,10,0.2
v2_basis,measurement-basis robustness and scope,SU2-CNOT-line|n8|d48|i6|dir=gaussian|basis=Y|eta=0,SU2-CNOT-line|n8|d48|i6,SU2-CNOT-line,8,48,6.0,6,gaussian,Y,0.0,128,128,1152,128,1.0,256,255,0.9866851429267688,0.4932883188302324,0.4999118323448451,0.0059228705533438,0.0136890981271458,168.83705139148043,4.394516697752943e-05,150.849696418548,1,8,0.0308446608224415,0.0313725490196078,0.9831735637153246,-0.0005278881971662,0.0313725490196078,0.0015228156223762,-0.3466527328781669,0.2751159348589641,0.2745880466617978,0.1245316339929658,0.1240037457957995,,,0,2.886579864025407e-15,2.736646556704118e-16,2.997602166487923e-15,6.418476861114186e-17,-0.3836220164245615,10,0.2
v2_basis,measurement-basis robustness and scope,SU2-CNOT-line|n8|d48|i6|dir=gaussian|basis=Y|eta=0,SU2-CNOT-line|n8|d48|i6,SU2-CNOT-line,8,48,6.0,6,gaussian,Y,0.0,128,128,1152,128,1.0,256,255,0.9866851429267688,0.4932883188302324,0.4999118323448451,0.0059228705533438,0.0136890981271458,168.83705139148043,4.394516697752943e-05,150.849696418548,2,36,0.1390569127870711,0.1411764705882353,0.9849864655750872,-0.0021195578011641,0.1411764705882353,0.0030417755257173,-0.6968159823905254,0.5495352852258105,0.5474157274246463,0.2487479579873958,0.2466284001862316,,,0,2.886579864025407e-15,2.736646556704118e-16,2.997602166487923e-15,6.418476861114186e-17,-0.3836220164245615,10,0.2
v2_basis,measurement-basis robustness and scope,SU2-CNOT-line|n12|d72|i4|dir=gaussian|basis=Y|eta=0,SU2-CNOT-line|n12|d72|i4,SU2-CNOT-line,12,72,6.0,4,gaussian,Y,0.0,128,128,2592,128,1.0,4096,4095,0.9942254023261826,0.496425182541551,0.4993092764905329,0.0009839639567731,0.0087887767383609,1016.2973888590334,1.4578152395009649e-06,828.225803827422,1,12,0.0028104032386363,0.0029304029304029,0.9590501051846482,-0.0001199996917665,0.0029304029304029,0.0001104095723368,-1.086859492585505,0.3197412224064288,0.3196212227146622,0.0940805552803651,0.0939605555885985,,,0,4.329869796038111e-15,2.128722735969261e-16,4.107825191113079e-15,2.0816681711721685e-17,-0.4543728902098658,10,0.2
v2_basis,measurement-basis robustness and scope,SU2-CNOT-line|n12|d72|i4|dir=gaussian|basis=Y|eta=0,SU2-CNOT-line|n12|d72|i4,SU2-CNOT-line,12,72,6.0,4,gaussian,Y,0.0,128,128,2592,128,1.0,4096,4095,0.9942254023261826,0.496425182541551,0.4993092764905329,0.0009839639567731,0.0087887767383609,1016.2973888590334,1.4578152395009649e-06,828.225803827422,2,78,0.0187390067414071,0.019047619047619,0.9837978539238764,-0.0003086123062118,0.019047619047619,0.0002792059261153,-1.1053214754630998,0.8085679731363209,0.808259360830109,0.2379127824747283,0.2376041701685165,,,0,4.329869796038111e-15,2.128722735969261e-16,4.107825191113079e-15,2.0816681711721685e-17,-0.4543728902098658,10,0.2
v2_basis,measurement-basis robustness and scope,SU2-HaarU4-brickwork|n8|d48|i2|dir=gaussian|basis=Y|eta=0,SU2-HaarU4-brickwork|n8|d48|i2,SU2-HaarU4-brickwork,8,48,6.0,2,gaussian,Y,0.0,128,128,1152,128,1.0,256,255,0.9828924593866466,0.4901415745563541,0.4985096606378434,0.0074773326964064,0.0152314160347157,133.73752922356806,7.582275053863052e-05,114.8418639148859,1,8,0.0283758588989469,0.0313725490196078,0.904480502403933,-0.0029966901206609,0.0313725490196078,0.0016386391642544,-1.8287675444546607,0.2960409250772752,0.2930442349566142,0.1659930284415587,0.1629963383208977,,,0,5.773159728050814e-15,7.619307578872329e-16,5.6621374255882976e-15,4.510281037539698e-17,-0.3619844004729682,10,0.2
v2_basis,measurement-basis robustness and scope,SU2-HaarU4-brickwork|n8|d48|i2|dir=gaussian|basis=Y|eta=0,SU2-HaarU4-brickwork|n8|d48|i2,SU2-HaarU4-brickwork,8,48,6.0,2,gaussian,Y,0.0,128,128,1152,128,1.0,256,255,0.9828924593866466,0.4901415745563541,0.4985096606378434,0.0074773326964064,0.0152314160347157,133.73752922356806,7.582275053863052e-05,114.8418639148859,2,36,0.1334043545142961,0.1411764705882353,0.9449475111429312,-0.0077721160739391,0.1411764705882353,0.0032731293480779,-2.374521519750841,0.5913322842759083,0.5835601682019692,0.3315657679984648,0.3237936519245257,,,0,5.773159728050814e-15,7.619307578872329e-16,5.6621374255882976e-15,4.510281037539698e-17,-0.3619844004729682,10,0.2
v2_basis,measurement-basis robustness and scope,SU2-HaarU4-brickwork|n12|d72|i0|dir=gaussian|basis=Y|eta=0,SU2-HaarU4-brickwork|n12|d72|i0,SU2-HaarU4-brickwork,12,72,6.0,0,gaussian,Y,0.0,128,128,2592,128,1.0,4096,4095,0.990528866244182,0.4905119734356133,0.4952296617868468,0.0016587065597194,0.0094582479147216,602.879390655533,4.569365837504943e-06,467.8127291976592,1,12,0.0026127058066829,0.0029304029304029,0.8915858565305528,-0.0003176971237199,0.0029304029304029,0.0001146533329329,-2.770936662660039,0.3320309647890118,0.3317132676652918,0.1300935621189829,0.1297758649952629,,,0,2.6978419498391304e-14,4.647330748342988e-15,2.6867397195928788e-14,2.688821387764051e-17,-0.4507229777902423,10,0.2
v2_basis,measurement-basis robustness and scope,SU2-HaarU4-brickwork|n12|d72|i0|dir=gaussian|basis=Y|eta=0,SU2-HaarU4-brickwork|n12|d72|i0,SU2-HaarU4-brickwork,12,72,6.0,0,gaussian,Y,0.0,128,128,2592,128,1.0,4096,4095,0.990528866244182,0.4905119734356133,0.4952296617868468,0.0016587065597194,0.0094582479147216,602.879390655533,4.569365837504943e-06,467.8127291976592,2,78,0.0176897000515884,0.019047619047619,0.9287092527083914,-0.0013579189960306,0.019047619047619,0.0002899376324553,-4.683486529606815,0.8396465185108095,0.8382885995147789,0.3289831916227612,0.3276252726267305,,,0,2.6978419498391304e-14,4.647330748342988e-15,2.6867397195928788e-14,2.688821387764051e-17,-0.4507229777902423,10,0.2
v2_basis,measurement-basis robustness and scope,SU2-HaarU4-brickwork|n12|d72|i8|dir=gaussian|basis=Y|eta=0,SU2-HaarU4-brickwork|n12|d72|i8,SU2-HaarU4-brickwork,12,72,6.0,8,gaussian,Y,0.0,128,128,2592,128,1.0,4096,4095,0.9907436667796852,0.4910129029992356,0.4956313431849452,0.0016191595901587,0.0094190099058605,617.6043461546531,4.2676107005127614e-06,484.06936914386097,1,12,0.0028420724603963,0.0029304029304029,0.9698572271102378,-8.833047000662928e-05,0.0029304029304029,0.0001144089469486,-0.7720591121802424,0.3313232338223552,0.3312349033523485,0.1282620829892548,0.1281737525192481,,,0,1.6764367671839864e-14,2.432955241008782e-15,1.6875389974302383e-14,3.2959746043559335e-17,-0.4348594274948663,10,0.2
v2_basis,measurement-basis robustness and scope,SU2-HaarU4-brickwork|n12|d72|i8|dir=gaussian|basis=Y|eta=0,SU2-HaarU4-brickwork|n12|d72|i8,SU2-HaarU4-brickwork,12,72,6.0,8,gaussian,Y,0.0,128,128,2592,128,1.0,4096,4095,0.9907436667796852,0.4910129029992356,0.4956313431849452,0.0016191595901587,0.0094190099058605,617.6043461546531,4.2676107005127614e-06,484.06936914386097,2,78,0.0188674437904045,0.019047619047619,0.99054079899624,-0.0001801752572144,0.019047619047619,0.0002893196243095,-0.6227550503857014,0.8378567943428449,0.8376766190856304,0.3243517107126039,0.3241715354553894,,,0,1.6764367671839864e-14,2.432955241008782e-15,1.6875389974302383e-14,3.2959746043559335e-17,-0.4348594274948663,10,0.2
v2_basis,measurement-basis robustness and scope,U1-RZ-XY-line|n8|d48|i6|dir=gaussian|basis=Y|eta=0,U1-RZ-XY-line|n8|d48|i6,U1-RZ-XY-line,8,48,6.0,6,gaussian,Y,0.0,128,128,552,128,1.0,256,255,0.7117851382657283,0.3580881059204284,0.5048793420854205,0.0460528946573578,0.0535056064178472,21.714161670839324,0.0025358510226768,19.858120060948835,1,8,1.2100545151902005e-33,0.0313725490196078,3.857048767168764e-32,-0.0313725490196078,0.0313725490196078,0.0034310409598985,-9.143740744073122,0.6198610175465267,0.5884884685269188,0.5713811963218426,0.5400086473022347,,,0,2.886579864025407e-15,7.078713389779862e-16,2.886579864025407e-15,6.245004513516506e-17,-0.1811941517525051,10,0.2
v2_basis,measurement-basis robustness and scope,U1-RZ-XY-line|n8|d48|i6|dir=gaussian|basis=Y|eta=0,U1-RZ-XY-line|n8|d48|i6,U1-RZ-XY-line,8,48,6.0,6,gaussian,Y,0.0,128,128,552,128,1.0,256,255,0.7117851382657283,0.3580881059204284,0.5048793420854205,0.0460528946573578,0.0535056064178472,21.714161670839324,0.0025358510226768,19.858120060948835,2,36,0.4514029695774187,0.1411764705882353,3.1974377011733828,0.3102264989891834,0.1411764705882353,0.0068533946370131,45.26610758903978,1.238152567398234,0.9279260684090508,1.1413156742605808,0.8310891752713974,,,0,2.886579864025407e-15,7.078713389779862e-16,2.886579864025407e-15,6.245004513516506e-17,-0.1811941517525051,10,0.2
v2_basis,measurement-basis robustness and scope,U1-RZ-XY-line|n12|d72|i2|dir=gaussian|basis=Y|eta=0,U1-RZ-XY-line|n12|d72|i2,U1-RZ-XY-line,12,72,6.0,2,gaussian,Y,0.0,128,128,1260,128,1.0,4096,4095,0.783658279702164,0.3880369724459014,0.4954742730753811,0.0213101861760703,0.0289562003465698,46.925915697673226,0.0005716345573487,41.82546348143628,1,12,6.714609382464325e-33,0.0029304029304029,2.2913604517659517e-30,-0.0029304029304029,0.0029304029304029,0.0002023919245167,-14.478853034279126,0.5861180328889246,0.5831876299585217,0.5020468596252372,0.4991164566948343,,,0,2.55351295663786e-15,3.280015313518801e-16,2.7755575615628917e-15,8.153200337090992e-17,-0.2098733785559544,10,0.2
v2_basis,measurement-basis robustness and scope,U1-RZ-XY-line|n12|d72|i2|dir=gaussian|basis=Y|eta=0,U1-RZ-XY-line|n12|d72|i2,U1-RZ-XY-line,12,72,6.0,2,gaussian,Y,0.0,128,128,1260,128,1.0,4096,4095,0.783658279702164,0.3880369724459014,0.4954742730753811,0.0213101861760703,0.0289562003465698,46.925915697673226,0.0005716345573487,41.82546348143628,2,78,0.2173061513321071,0.019047619047619,11.408572944935624,0.1982585322844881,0.019047619047619,0.000511812730789,387.36537869785394,1.4821869582685263,1.2839284259840384,1.2695861004454303,1.0713275681609424,,,0,2.55351295663786e-15,3.280015313518801e-16,2.7755575615628917e-15,8.153200337090992e-17,-0.2098733785559544,10,0.2
v2_basis,measurement-basis robustness and scope,U1-RZ-XY-line|n12|d72|i10|dir=gaussian|basis=Y|eta=0,U1-RZ-XY-line|n12|d72|i10,U1-RZ-XY-line,12,72,6.0,10,gaussian,Y,0.0,128,128,1260,128,1.0,4096,4095,0.728151394131155,0.36192530519056,0.4981531586906856,0.0219152560788161,0.0295565431407003,45.63031325774136,0.0006258122778722,39.9740324168217,1,12,6.721387181183804e-33,0.0029304029304029,2.293673375578973e-30,-0.0029304029304029,0.0029304029304029,0.0002044968971631,-14.329816105056098,0.5922139402713776,0.5892835373409747,0.5092058629956241,0.5062754600652212,,,0,0.0,1.0913740846462145e-15,1.1102230246251563e-16,5.551115123125783e-17,-0.1791096493198392,10,0.2
v2_basis,measurement-basis robustness and scope,U1-RZ-XY-line|n12|d72|i10|dir=gaussian|basis=Y|eta=0,U1-RZ-XY-line|n12|d72|i10,U1-RZ-XY-line,12,72,6.0,10,gaussian,Y,0.0,128,128,1260,128,1.0,4096,4095,0.728151394131155,0.36192530519056,0.4981531586906856,0.0219152560788161,0.0295565431407003,45.63031325774136,0.0006258122778722,39.9740324168217,2,78,0.2436213080989593,0.019047619047619,12.790118675195362,0.2245736890513402,0.019047619047619,0.0005171358275528,434.2644177528052,1.4976024103005183,1.2730287212491782,1.2876899307908083,1.0631162417394684,,,0,0.0,1.0913740846462145e-15,1.1102230246251563e-16,5.551115123125783e-17,-0.1791096493198392,10,0.2
v2_basis,measurement-basis robustness and scope,SU2-CNOT-line|n8|d48|i6|dir=gaussian|basis=RANDOM_LOCAL|eta=0,SU2-CNOT-line|n8|d48|i6,SU2-CNOT-line,8,48,6.0,6,gaussian,RANDOM_LOCAL,0.0,128,128,1152,128,1.0,256,255,0.9866851429267692,0.4923644779029981,0.4990952332464984,0.0058889772443724,0.0136554696096507,169.80877298441135,4.467684556118347e-05,149.6093544711256,1,8,0.0303023320846033,0.0313725490196078,0.965886835196732,-0.0010702169350044,0.0313725490196078,0.0015201919197576,-0.704001199516361,0.2746419297410168,0.2735717128060124,0.1234726202409415,0.122402403305937,,,0,2.55351295663786e-15,2.84701168504725e-16,2.3314683517128287e-15,1.1796119636642288e-16,-0.3985029732912358,10,0.2
v2_basis,measurement-basis robustness and scope,SU2-CNOT-line|n8|d48|i6|dir=gaussian|basis=RANDOM_LOCAL|eta=0,SU2-CNOT-line|n8|d48|i6,SU2-CNOT-line,8,48,6.0,6,gaussian,RANDOM_LOCAL,0.0,128,128,1152,128,1.0,256,255,0.9866851429267692,0.4923644779029981,0.4990952332464984,0.0058889772443724,0.0136554696096507,169.80877298441135,4.467684556118347e-05,149.6093544711256,2,36,0.1340687275979745,0.1411764705882353,0.94965348715232,-0.0071077429902607,0.1411764705882353,0.0030365347636089,-2.3407415174174404,0.5485884751552738,0.541480732165013,0.2466326118713117,0.239524868881051,,,0,2.55351295663786e-15,2.84701168504725e-16,2.3314683517128287e-15,1.1796119636642288e-16,-0.3985029732912358,10,0.2
v2_basis,measurement-basis robustness and scope,SU2-CNOT-line|n12|d72|i4|dir=gaussian|basis=RANDOM_LOCAL|eta=0,SU2-CNOT-line|n12|d72|i4,SU2-CNOT-line,12,72,6.0,4,gaussian,RANDOM_LOCAL,0.0,128,128,2592,128,1.0,4096,4095,0.9942254023261858,0.4962445478265403,0.4991339219369305,0.0009990516062594,0.0088037465155855,1000.9492940450334,1.404141946516027e-06,843.9068135225513,1,12,0.002886039836147,0.0029304029304029,0.9848610940851654,-4.43630942559255e-05,0.0029304029304029,0.0001105062467256,-0.4014532713797795,0.3200211871468905,0.3199768240526346,0.0950351099383289,0.0949907468440729,,,0,9.992007221626409e-16,2.104156829346408e-16,8.881784197001252e-16,3.9898639947466563e-17,-0.4551375997632661,10,0.2
v2_basis,measurement-basis robustness and scope,SU2-CNOT-line|n12|d72|i4|dir=gaussian|basis=RANDOM_LOCAL|eta=0,SU2-CNOT-line|n12|d72|i4,SU2-CNOT-line,12,72,6.0,4,gaussian,RANDOM_LOCAL,0.0,128,128,2592,128,1.0,4096,4095,0.9942254023261858,0.4962445478265403,0.4991339219369305,0.0009990516062594,0.0088037465155855,1000.9492940450334,1.404141946516027e-06,843.9068135225513,2,78,0.0189297752394272,0.019047619047619,0.9938132000699312,-0.0001178438081917,0.019047619047619,0.0002794503982358,-0.4216984800727931,0.8092759535494846,0.8091581097412928,0.2403266793105155,0.2402088355023237,,,0,9.992007221626409e-16,2.104156829346408e-16,8.881784197001252e-16,3.9898639947466563e-17,-0.4551375997632661,10,0.2
v2_basis,measurement-basis robustness and scope,SU2-HaarU4-brickwork|n8|d48|i2|dir=gaussian|basis=RANDOM_LOCAL|eta=0,SU2-HaarU4-brickwork|n8|d48|i2,SU2-HaarU4-brickwork,8,48,6.0,2,gaussian,RANDOM_LOCAL,0.0,128,128,1152,128,1.0,256,255,0.982892459386648,0.4783634772538505,0.4867657233917003,0.007446762936101,0.0152010851006627,134.28653612056266,7.596830560086398e-05,114.73179281970866,1,8,0.0287876471861697,0.0313725490196078,0.9176062540591612,-0.002584901833438,0.0313725490196078,0.0016364404244333,-1.5795881077266338,0.2956436948725741,0.293058793039136,0.1652779471653322,0.1626930453318942,,,0,4.6629367034256575e-15,7.702177117129044e-16,4.551914400963142e-15,1.0408340855860844e-16,-0.3508548532381592,10,0.2
v2_basis,measurement-basis robustness and scope,SU2-HaarU4-brickwork|n8|d48|i2|dir=gaussian|basis=RANDOM_LOCAL|eta=0,SU2-HaarU4-brickwork|n8|d48|i2,SU2-HaarU4-brickwork,8,48,6.0,2,gaussian,RANDOM_LOCAL,0.0,128,128,1152,128,1.0,256,255,0.982892459386648,0.4783634772538505,0.4867657233917003,0.007446762936101,0.0152010851006627,134.28653612056266,7.596830560086398e-05,114.73179281970866,2,36,0.1385460787458549,0.1411764705882353,0.9813680577831392,-0.0026303918423803,0.1411764705882353,0.0032687374355725,-0.8047118785848846,0.5905388296403105,0.5879084377979301,0.3301374160082678,0.3275070241658874,,,0,4.6629367034256575e-15,7.702177117129044e-16,4.551914400963142e-15,1.0408340855860844e-16,-0.3508548532381592,10,0.2
v2_basis,measurement-basis robustness and scope,SU2-HaarU4-brickwork|n12|d72|i0|dir=gaussian|basis=RANDOM_LOCAL|eta=0,SU2-HaarU4-brickwork|n12|d72|i0,SU2-HaarU4-brickwork,12,72,6.0,0,gaussian,RANDOM_LOCAL,0.0,128,128,2592,128,1.0,4096,4095,0.9905288662441843,0.489583142879081,0.4942487838398613,0.0016343048703378,0.0094340368635383,611.8809398110004,4.428303225580351e-06,475.2053532145224,1,12,0.0026285734109015,0.0029304029304029,0.8970006764701537,-0.0003018295195013,0.0029304029304029,0.0001145026009364,-2.6360057940426485,0.3315944516154422,0.3312926220959409,0.1289665565703407,0.1286647270508393,,,0,2.4424906541753444e-14,4.6492981178896e-15,2.4424906541753444e-14,3.4694469519536136e-17,-0.443689289924648,10,0.2
v2_basis,measurement-basis robustness and scope,SU2-HaarU4-brickwork|n12|d72|i0|dir=gaussian|basis=RANDOM_LOCAL|eta=0,SU2-HaarU4-brickwork|n12|d72|i0,SU2-HaarU4-brickwork,12,72,6.0,0,gaussian,RANDOM_LOCAL,0.0,128,128,2592,128,1.0,4096,4095,0.9905288662441843,0.489583142879081,0.4942487838398613,0.0016343048703378,0.0094340368635383,611.8809398110004,4.428303225580351e-06,475.2053532145224,2,78,0.0180167626629801,0.019047619047619,0.9458800398064584,-0.0010308563846388,0.019047619047619,0.0002895564583797,-3.560122231109295,0.8385426553012301,0.8375117989165912,0.3261331975390434,0.3251023411544045,,,0,2.4424906541753444e-14,4.6492981178896e-15,2.4424906541753444e-14,3.4694469519536136e-17,-0.443689289924648,10,0.2
v2_basis,measurement-basis robustness and scope,SU2-HaarU4-brickwork|n12|d72|i8|dir=gaussian|basis=RANDOM_LOCAL|eta=0,SU2-HaarU4-brickwork|n12|d72|i8,SU2-HaarU4-brickwork,12,72,6.0,8,gaussian,RANDOM_LOCAL,0.0,128,128,2592,128,1.0,4096,4095,0.990743666779686,0.490667391625576,0.4952388964950332,0.0015965915573386,0.0093966181857969,626.3342652687693,4.189979223858379e-06,488.53317994497127,1,12,0.0027934830589894,0.0029304029304029,0.953276093880149,-0.0001369198714134,0.0029304029304029,0.0001142692504216,-1.198221489230696,0.3309186788787903,0.3307817590073768,0.1272051065801037,0.1270681867086902,,,0,1.5987211554602254e-14,2.4147406864954757e-15,1.5765166949677223e-14,4.163336342344337e-17,-0.4310718349363247,10,0.2
v2_basis,measurement-basis robustness and scope,SU2-HaarU4-brickwork|n12|d72|i8|dir=gaussian|basis=RANDOM_LOCAL|eta=0,SU2-HaarU4-brickwork|n12|d72|i8,SU2-HaarU4-brickwork,12,72,6.0,8,gaussian,RANDOM_LOCAL,0.0,128,128,2592,128,1.0,4096,4095,0.990743666779686,0.490667391625576,0.4952388964950332,0.0015965915573386,0.0093966181857969,626.3342652687693,4.189979223858379e-06,488.53317994497127,2,78,0.0183072943976427,0.019047619047619,0.961132955876246,-0.0007403246499762,0.019047619047619,0.000288966356949,-2.5619752340469564,0.8368337477419762,0.8360934230919999,0.3216788077119584,0.3209384830619822,,,0,1.5987211554602254e-14,2.4147406864954757e-15,1.5765166949677223e-14,4.163336342344337e-17,-0.4310718349363247,10,0.2
v2_basis,measurement-basis robustness and scope,U1-RZ-XY-line|n8|d48|i6|dir=gaussian|basis=RANDOM_LOCAL|eta=0,U1-RZ-XY-line|n8|d48|i6,U1-RZ-XY-line,8,48,6.0,6,gaussian,RANDOM_LOCAL,0.0,128,128,552,128,1.0,256,255,0.7117851382657285,0.3579025476656756,0.5036018616342667,0.044548643627435,0.0520131073490957,22.44737254770547,0.0024944941760061,20.022059739783355,1,8,0.0647841738985851,0.0313725490196078,2.0649955430174023,0.0334116248789773,0.0313725490196078,0.0033790085772614,9.88799646849554,0.6104607084205933,0.577049083541616,0.5610882290551018,0.5276766041761245,,,0,2.1094237467877974e-15,7.174423917967924e-16,2.220446049250313e-15,1.9081958235744878e-16,-0.1559836740656133,10,0.2
v2_basis,measurement-basis robustness and scope,U1-RZ-XY-line|n8|d48|i6|dir=gaussian|basis=RANDOM_LOCAL|eta=0,U1-RZ-XY-line|n8|d48|i6,U1-RZ-XY-line,8,48,6.0,6,gaussian,RANDOM_LOCAL,0.0,128,128,552,128,1.0,256,255,0.7117851382657285,0.3579025476656756,0.5036018616342667,0.044548643627435,0.0520131073490957,22.44737254770547,0.0024944941760061,20.022059739783355,2,36,0.40992039105611,0.1411764705882353,2.90360276998078,0.2687439204678747,0.1411764705882353,0.0067494616160192,39.817089977967264,1.21937575041968,0.9506318299518052,1.1207558011814442,0.8520118807135695,,,0,2.1094237467877974e-15,7.174423917967924e-16,2.220446049250313e-15,1.9081958235744878e-16,-0.1559836740656133,10,0.2
v2_basis,measurement-basis robustness and scope,U1-RZ-XY-line|n12|d72|i2|dir=gaussian|basis=RANDOM_LOCAL|eta=0,U1-RZ-XY-line|n12|d72|i2,U1-RZ-XY-line,12,72,6.0,2,gaussian,RANDOM_LOCAL,0.0,128,128,1260,128,1.0,4096,4095,0.783658279702165,0.3810888614622568,0.4862914674602318,0.0215637990432949,0.0292078318632691,46.37401776895805,0.0006192291582118,40.18595567762449,1,12,0.114172175434924,0.0029304029304029,38.96125486716783,0.1112417725045211,0.0029304029304029,0.0002032768696545,547.2426483818882,0.5886807947412315,0.4774390222367103,0.5050598829956561,0.3938181104911349,,,0,1.7763568394002505e-15,3.445075221571561e-16,1.7763568394002505e-15,1.734723475976807e-16,-0.2200618180466619,10,0.2
v2_basis,measurement-basis robustness and scope,U1-RZ-XY-line|n12|d72|i2|dir=gaussian|basis=RANDOM_LOCAL|eta=0,U1-RZ-XY-line|n12|d72|i2,U1-RZ-XY-line,12,72,6.0,2,gaussian,RANDOM_LOCAL,0.0,128,128,1260,128,1.0,4096,4095,0.783658279702165,0.3810888614622568,0.4862914674602318,0.0215637990432949,0.0292078318632691,46.37401776895805,0.0006192291582118,40.18595567762449,2,78,0.2587006126621509,0.019047619047619,13.58178216476292,0.2396529936145318,0.019047619047619,0.0005140505976834,466.20506754496654,1.4886677214962247,1.249014727881693,1.2772054939702828,1.0375525003557509,,,0,1.7763568394002505e-15,3.445075221571561e-16,1.7763568394002505e-15,1.734723475976807e-16,-0.2200618180466619,10,0.2
v2_basis,measurement-basis robustness and scope,U1-RZ-XY-line|n12|d72|i10|dir=gaussian|basis=RANDOM_LOCAL|eta=0,U1-RZ-XY-line|n12|d72|i10,U1-RZ-XY-line,12,72,6.0,10,gaussian,RANDOM_LOCAL,0.0,128,128,1260,128,1.0,4096,4095,0.7281513941311564,0.3582739277138589,0.4923449311726166,0.0210060428733855,0.0286544331634371,47.60534890019634,0.0005648373470098,42.07637312968816,1,12,0.0802689439296396,0.0029304029304029,27.39177711598954,0.0773385409992367,0.0029304029304029,0.0002013255312493,384.1467126365453,0.5830298053043632,0.5056912643051265,0.4984094950705189,0.4210709540712822,,,0,1.5543122344752194e-15,1.1322363517812462e-15,1.3322676295501878e-15,1.734723475976807e-16,-0.1975258330894052,10,0.2
v2_basis,measurement-basis robustness and scope,U1-RZ-XY-line|n12|d72|i10|dir=gaussian|basis=RANDOM_LOCAL|eta=0,U1-RZ-XY-line|n12|d72|i10,U1-RZ-XY-line,12,72,6.0,10,gaussian,RANDOM_LOCAL,0.0,128,128,1260,128,1.0,4096,4095,0.7281513941311564,0.3582739277138589,0.4923449311726166,0.0210060428733855,0.0286544331634371,47.60534890019634,0.0005648373470098,42.07637312968816,2,78,0.2143536046735348,0.019047619047619,11.25356424536058,0.1953059856259158,0.019047619047619,0.0005091160142496,383.617839862633,1.474377386828725,1.2790714012028093,1.2603878604955374,1.0650818748696216,,,0,1.5543122344752194e-15,1.1322363517812462e-15,1.3322676295501878e-15,1.734723475976807e-16,-0.1975258330894052,10,0.2
v2_basis,measurement-basis robustness and scope,SU2-CNOT-line|n8|d48|i7|dir=gaussian|basis=Z|eta=0,SU2-CNOT-line|n8|d48|i7,SU2-CNOT-line,8,48,6.0,7,gaussian,Z,0.0,128,128,1152,128,1.0,256,255,1.0025312222884204,0.4987471583829118,0.4973848210155133,0.0058775939865307,0.013644175283511,170.13764514725298,4.578154741381492e-05,147.79330672518304,1,8,0.0319535973551896,0.0313725490196078,1.018520915696671,0.0005810483355818,0.0313725490196078,0.0015193097181228,0.3824423214377458,0.2744825488390023,0.2739015005034205,0.1231149010516099,0.122533852716028,,,0,2.220446049250313e-15,3.271103897077957e-16,2.220446049250313e-15,4.163336342344337e-17,-0.3732609854562696,10,0.2
v2_basis,measurement-basis robustness and scope,SU2-CNOT-line|n8|d48|i7|dir=gaussian|basis=Z|eta=0,SU2-CNOT-line|n8|d48|i7,SU2-CNOT-line,8,48,6.0,7,gaussian,Z,0.0,128,128,1152,128,1.0,256,255,1.0025312222884204,0.4987471583829118,0.4973848210155133,0.0058775939865307,0.013644175283511,170.13764514725298,4.578154741381492e-05,147.79330672518304,2,36,0.1411655200185646,0.1411764705882353,0.9999224334648328,-1.0950569670653554e-05,0.1411764705882353,0.0030347725940447,-0.0036083658103879,0.5482701168984428,0.5482591663287721,0.2459180792258622,0.2459071286561916,,,0,2.220446049250313e-15,3.271103897077957e-16,2.220446049250313e-15,4.163336342344337e-17,-0.3732609854562696,10,0.2
v2_basis,measurement-basis robustness and scope,SU2-CNOT-line|n12|d72|i5|dir=gaussian|basis=Z|eta=0,SU2-CNOT-line|n12|d72|i5,SU2-CNOT-line,12,72,6.0,5,gaussian,Z,0.0,128,128,2592,128,1.0,4096,4095,0.992149513692126,0.4920509153039962,0.4959488464052496,0.0009892342452903,0.008794005852749,1010.88291753029,1.372694382929364e-06,853.5187610815467,1,12,0.0029472036615188,0.0029304029304029,1.005733249493293,1.6800731115876148e-05,0.0029304029304029,0.0001104433514234,0.1521208012916577,0.3198390451425052,0.3198222444113893,0.0944150889171902,0.0943982881860743,,,0,6.8833827526759706e-15,1.0703300077536032e-15,7.105427357601002e-15,3.079134169858833e-17,-0.4621076567888386,10,0.2
v2_basis,measurement-basis robustness and scope,SU2-CNOT-line|n12|d72|i5|dir=gaussian|basis=Z|eta=0,SU2-CNOT-line|n12|d72|i5,SU2-CNOT-line,12,72,6.0,5,gaussian,Z,0.0,128,128,2592,128,1.0,4096,4095,0.992149513692126,0.4920509153039962,0.4959488464052496,0.0009892342452903,0.008794005852749,1010.88291753029,1.372694382929364e-06,853.5187610815467,2,78,0.0186685810556399,0.019047619047619,0.9801005054210988,-0.000379037991979,0.019047619047619,0.0002792913473426,-1.35714190785183,0.8088153492201446,0.8084363112281656,0.2387587578001423,0.2383797198081633,,,0,6.8833827526759706e-15,1.0703300077536032e-15,7.105427357601002e-15,3.079134169858833e-17,-0.4621076567888386,10,0.2
v2_basis,measurement-basis robustness and scope,SU2-HaarU4-brickwork|n8|d48|i3|dir=gaussian|basis=Z|eta=0,SU2-HaarU4-brickwork|n8|d48|i3,SU2-HaarU4-brickwork,8,48,6.0,3,gaussian,Z,0.0,128,128,1152,128,1.0,256,255,0.9842801035677752,0.4903478894896442,0.4982488911108242,0.0076813311670868,0.015433820767344,130.1857683580706,8.436831617297772e-05,108.87052300461484,1,8,0.0316324016262966,0.0313725490196078,1.0082828018382062,0.0002598526066888,0.0313725490196078,0.0016532369537028,0.1571780778955015,0.2986782006817123,0.2984183480750235,0.1706882352140084,0.1704283826073196,,,0,9.103828801926284e-15,1.802385204763552e-15,9.103828801926284e-15,5.117434254131581e-17,-0.3506451124332693,10,0.2
v2_basis,measurement-basis robustness and scope,SU2-HaarU4-brickwork|n8|d48|i3|dir=gaussian|basis=Z|eta=0,SU2-HaarU4-brickwork|n8|d48|i3,SU2-HaarU4-brickwork,8,48,6.0,3,gaussian,Z,0.0,128,128,1152,128,1.0,256,255,0.9842801035677752,0.4903478894896442,0.4982488911108242,0.0076813311670868,0.015433820767344,130.1857683580706,8.436831617297772e-05,108.87052300461484,2,36,0.139373402704803,0.1411764705882353,0.9872282691590216,-0.0018030678834322,0.1411764705882353,0.0033022879658521,-0.5460056488341344,0.5966001579897533,0.5947970901063211,0.3409442934343507,0.3391412255509184,,,0,9.103828801926284e-15,1.802385204763552e-15,9.103828801926284e-15,5.117434254131581e-17,-0.3506451124332693,10,0.2
v2_basis,measurement-basis robustness and scope,SU2-HaarU4-brickwork|n12|d72|i1|dir=gaussian|basis=Z|eta=0,SU2-HaarU4-brickwork|n12|d72|i1,SU2-HaarU4-brickwork,12,72,6.0,1,gaussian,Z,0.0,128,128,2592,128,1.0,4096,4095,0.9981112816837784,0.4939478168061536,0.4949016898767737,0.0016174016233592,0.0094172656731767,618.2756252729882,4.02913554253409e-06,498.1889164023017,1,12,0.0027563295142873,0.0029304029304029,0.9405974467505708,-0.0001740734161155,0.0029304029304029,0.0001143980712292,-1.5216464250229584,0.3312917382216953,0.3311176648055797,0.1281800614360988,0.1280059880199833,,,0,1.2878587085651816e-14,1.3799731384530249e-15,1.2656542480726783e-14,2.0816681711721685e-17,-0.4540407111984709,10,0.2
v2_basis,measurement-basis robustness and scope,SU2-HaarU4-brickwork|n12|d72|i1|dir=gaussian|basis=Z|eta=0,SU2-HaarU4-brickwork|n12|d72|i1,SU2-HaarU4-brickwork,12,72,6.0,1,gaussian,Z,0.0,128,128,2592,128,1.0,4096,4095,0.9981112816837784,0.4939478168061536,0.4949016898767737,0.0016174016233592,0.0094172656731767,618.2756252729882,4.02913554253409e-06,498.1889164023017,2,78,0.01847394611853,0.019047619047619,0.9698821712228288,-0.0005736729290889,0.019047619047619,0.0002892921215738,-1.983022994086699,0.8377771476404376,0.8372034747113487,0.3241442929749419,0.3235706200458529,,,0,1.2878587085651816e-14,1.3799731384530249e-15,1.2656542480726783e-14,2.0816681711721685e-17,-0.4540407111984709,10,0.2
v2_basis,measurement-basis robustness and scope,SU2-HaarU4-brickwork|n12|d72|i9|dir=gaussian|basis=Z|eta=0,SU2-HaarU4-brickwork|n12|d72|i9,SU2-HaarU4-brickwork,12,72,6.0,9,gaussian,Z,0.0,128,128,2592,128,1.0,4096,4095,0.9930962569475564,0.4913860621585509,0.4947997591399498,0.0016197965519214,0.0094196418913595,617.3614821032678,3.743669789587501e-06,516.8341862949177,1,12,0.0026499779844316,0.0029304029304029,0.9043049871873148,-0.0002804249459712,0.0029304029304029,0.0001144128872783,-2.450990903577418,0.3313346448423785,0.3310542198964073,0.1282917888067677,0.1280113638607965,,,0,9.880984919163892e-15,1.7780941543819706e-15,9.992007221626407e-15,2.6454533008646308e-17,-0.4380200940403755,10,0.2
v2_basis,measurement-basis robustness and scope,SU2-HaarU4-brickwork|n12|d72|i9|dir=gaussian|basis=Z|eta=0,SU2-HaarU4-brickwork|n12|d72|i9,SU2-HaarU4-brickwork,12,72,6.0,9,gaussian,Z,0.0,128,128,2592,128,1.0,4096,4095,0.9930962569475564,0.4913860621585509,0.4947997591399498,0.0016197965519214,0.0094196418913595,617.3614821032678,3.743669789587501e-06,516.8341862949177,2,78,0.0185198851449106,0.019047619047619,0.9722939701078066,-0.0005277339027084,0.019047619047619,0.0002893295886938,-1.8239887081402384,0.8378856507576115,0.837357916854903,0.3244268313757328,0.3238990974730243,,,0,9.880984919163892e-15,1.7780941543819706e-15,9.992007221626407e-15,2.6454533008646308e-17,-0.4380200940403755,10,0.2
v2_basis,measurement-basis robustness and scope,U1-RZ-XY-line|n8|d48|i7|dir=gaussian|basis=Z|eta=0,U1-RZ-XY-line|n8|d48|i7,U1-RZ-XY-line,8,48,6.0,7,gaussian,Z,0.0,128,128,552,128,1.0,70,69,0.7594498181120599,0.3415136437408959,0.4553382089821261,0.0567086271703276,0.0640780910205595,17.63400120754892,0.0038181595783462,16.18351900654648,1,7,0.3776094806424283,0.1014492753623188,3.722150594903936,0.2761602052801095,0.1014492753623188,0.0113665410010419,24.295887839123036,0.558466280046237,0.2823060747661275,0.5152977065434727,0.2391375012633632,,,0,8.881784197001252e-16,4.58019562019331e-16,8.881784197001252e-16,5.551115123125783e-17,-0.1824100189959213,10,0.2
v2_basis,measurement-basis robustness and scope,U1-RZ-XY-line|n8|d48|i7|dir=gaussian|basis=Z|eta=0,U1-RZ-XY-line|n8|d48|i7,U1-RZ-XY-line,8,48,6.0,7,gaussian,Z,0.0,128,128,552,128,1.0,70,69,0.7594498181120599,0.3415136437408959,0.4553382089821261,0.0567086271703276,0.0640780910205595,17.63400120754892,0.0038181595783462,16.18351900654648,2,27,0.7223375711899994,0.391304347826087,1.845973793041109,0.3310332233639124,0.391304347826087,0.0183734192654268,18.01696345039143,0.9027315440952646,0.5716983207313522,0.8329518019570037,0.5019185785930913,,,0,8.881784197001252e-16,4.58019562019331e-16,8.881784197001252e-16,5.551115123125783e-17,-0.1824100189959213,10,0.2
v2_basis,measurement-basis robustness and scope,U1-RZ-XY-line|n12|d72|i3|dir=gaussian|basis=Z|eta=0,U1-RZ-XY-line|n12|d72|i3,U1-RZ-XY-line,12,72,6.0,3,gaussian,Z,0.0,128,128,1260,128,1.0,924,923,0.7645102485290725,0.3634612974849787,0.4774031084766202,0.0260114064425797,0.0336206923297471,38.4446724250571,0.0008573330134287,34.15271439051695,1,11,0.3108958876793197,0.0119176598049837,26.08699130254655,0.2989782278743359,0.0119176598049837,0.0009106723049302,328.3049525671253,0.5946801717965117,0.2957019439221757,0.5205188715649715,0.2215406436906355,,,0,2.7755575615628917e-15,1.1241011470632214e-15,2.7755575615628917e-15,6.938893903907227e-17,-0.1815489886895442,10,0.2
v2_basis,measurement-basis robustness and scope,U1-RZ-XY-line|n12|d72|i3|dir=gaussian|basis=Z|eta=0,U1-RZ-XY-line|n12|d72|i3,U1-RZ-XY-line,12,72,6.0,3,gaussian,Z,0.0,128,128,1260,128,1.0,924,923,0.7645102485290725,0.3634612974849787,0.4774031084766202,0.0260114064425797,0.0336206923297471,38.4446724250571,0.0008573330134287,34.15271439051695,2,65,0.5657507951084235,0.0704225352112676,8.033661290539614,0.4953282598971559,0.0704225352112676,0.0021471811687945,230.68768816337456,1.4021356084115602,0.9068073485144044,1.2272782569269631,0.7319499970298072,,,0,2.7755575615628917e-15,1.1241011470632214e-15,2.7755575615628917e-15,6.938893903907227e-17,-0.1815489886895442,10,0.2
v2_basis,measurement-basis robustness and scope,U1-RZ-XY-line|n12|d72|i11|dir=gaussian|basis=Z|eta=0,U1-RZ-XY-line|n12|d72|i11,U1-RZ-XY-line,12,72,6.0,11,gaussian,Z,0.0,128,128,1260,128,1.0,924,923,0.7789618649027163,0.3694341737796158,0.4737067413885415,0.0253150477581481,0.0329297739475376,39.50219685752437,0.000816929432874,34.98708243757357,1,11,0.3037335645787736,0.0119176598049837,25.48600728238255,0.2918159047737898,0.0119176598049837,0.0009009515075403,323.8974598871108,0.5883323720110751,0.2965164672372853,0.5131970759381426,0.2213811711643527,,,0,0.0,1.0013427371767393e-16,0.0,8.326672684688674e-17,-0.2136541275222695,10,0.2
v2_basis,measurement-basis robustness and scope,U1-RZ-XY-line|n12|d72|i11|dir=gaussian|basis=Z|eta=0,U1-RZ-XY-line|n12|d72|i11,U1-RZ-XY-line,12,72,6.0,11,gaussian,Z,0.0,128,128,1260,128,1.0,924,923,0.7789618649027163,0.3694341737796158,0.4737067413885415,0.0253150477581481,0.0329297739475376,39.50219685752437,0.000816929432874,34.98708243757357,2,65,0.54478576317767,0.0704225352112676,7.735957837122914,0.4743632279664024,0.0704225352112676,0.0021242614939693,223.30736084661967,1.3871687799610004,0.912805551994598,1.2100149432118363,0.7356517152454339,,,0,0.0,1.0013427371767393e-16,0.0,8.326672684688674e-17,-0.2136541275222695,10,0.2
v2_basis,measurement-basis robustness and scope,SU2-CNOT-line|n8|d48|i7|dir=gaussian|basis=X|eta=0,SU2-CNOT-line|n8|d48|i7,SU2-CNOT-line,8,48,6.0,7,gaussian,X,0.0,128,128,1152,128,1.0,256,255,1.0025312222884193,0.4959179511318548,0.4950144162260165,0.0059438175187423,0.0137098814443772,168.24204256721228,4.51491052568865e-05,148.82484055954373,1,8,0.0296743415550225,0.0313725490196078,0.9458696370663444,-0.0016982074645852,0.0313725490196078,0.001524434882513,-1.1139914758351508,0.2754084747172166,0.2737102672526313,0.125181653250611,0.1234834457860257,,,0,1.3322676295501878e-15,4.094691576143994e-16,1.3322676295501878e-15,6.418476861114186e-17,-0.3851311844369306,10,0.2
v2_basis,measurement-basis robustness and scope,SU2-CNOT-line|n8|d48|i7|dir=gaussian|basis=X|eta=0,SU2-CNOT-line|n8|d48|i7,SU2-CNOT-line,8,48,6.0,7,gaussian,X,0.0,128,128,1152,128,1.0,256,255,1.0025312222884193,0.4959179511318548,0.4950144162260165,0.0059438175187423,0.0137098814443772,168.24204256721228,4.51491052568865e-05,148.82484055954373,2,36,0.1354710457666073,0.1411764705882353,0.9595865741801354,-0.0057054248216279,0.1411764705882353,0.0030450099460775,-1.8736966127080823,0.5501196242410229,0.544414199419395,0.25004635067532,0.2443409258536921,,,0,1.3322676295501878e-15,4.094691576143994e-16,1.3322676295501878e-15,6.418476861114186e-17,-0.3851311844369306,10,0.2
v2_basis,measurement-basis robustness and scope,SU2-CNOT-line|n12|d72|i5|dir=gaussian|basis=X|eta=0,SU2-CNOT-line|n12|d72|i5,SU2-CNOT-line,12,72,6.0,5,gaussian,X,0.0,128,128,2592,128,1.0,4096,4095,0.9921495136921236,0.4937443371887576,0.4976476642860478,0.000985970147269,0.0087907672554934,1014.2294903855436,1.352863641606355e-06,859.7515894585596,1,12,0.00292885055699,0.0029304029304029,0.9994702525728586,-1.5523734128684852e-06,0.0029304029304029,0.0001104224319178,-0.0140584968643257,0.3197784631824683,0.3197769108090554,0.0942080390436689,0.094206486670256,,,0,8.992806499463768e-15,1.0160611997201052e-15,9.214851104388801e-15,2.7321894746634715e-17,-0.4574518851114024,10,0.2
v2_basis,measurement-basis robustness and scope,SU2-CNOT-line|n12|d72|i5|dir=gaussian|basis=X|eta=0,SU2-CNOT-line|n12|d72|i5,SU2-CNOT-line,12,72,6.0,5,gaussian,X,0.0,128,128,2592,128,1.0,4096,4095,0.9921495136921236,0.4937443371887576,0.4976476642860478,0.000985970147269,0.0087907672554934,1014.2294903855436,1.352863641606355e-06,859.7515894585596,2,78,0.0184681834094636,0.019047619047619,0.9695796289968394,-0.0005794356381554,0.019047619047619,0.00027923844568,-2.075056809402835,0.8086621483526839,0.8080827127145285,0.2382351659551146,0.2376557303169592,,,0,8.992806499463768e-15,1.0160611997201052e-15,9.214851104388801e-15,2.7321894746634715e-17,-0.4574518851114024,10,0.2
v2_basis,measurement-basis robustness and scope,SU2-HaarU4-brickwork|n8|d48|i3|dir=gaussian|basis=X|eta=0,SU2-HaarU4-brickwork|n8|d48|i3,SU2-HaarU4-brickwork,8,48,6.0,3,gaussian,X,0.0,128,128,1152,128,1.0,256,255,0.9842801035677736,0.4840186652597911,0.4914834249629455,0.0074137293023692,0.0151683095421945,134.88488171269185,7.67996394166092e-05,114.10913402390676,1,8,0.0316950993583428,0.0313725490196078,1.0102812920471782,0.000322550338735,0.0313725490196078,0.001634061143884,0.1973918417571108,0.2952138476980365,0.2948912973593015,0.1645017372056622,0.1641791868669272,,,0,1.0436096431476471e-14,1.85098978042102e-15,1.0436096431476471e-14,5.2041704279304207e-17,-0.3996658622507197,10,0.2
v2_basis,measurement-basis robustness and scope,SU2-HaarU4-brickwork|n8|d48|i3|dir=gaussian|basis=X|eta=0,SU2-HaarU4-brickwork|n8|d48|i3,SU2-HaarU4-brickwork,8,48,6.0,3,gaussian,X,0.0,128,128,1152,128,1.0,256,255,0.9842801035677736,0.4840186652597911,0.4914834249629455,0.0074137293023692,0.0151683095421945,134.88488171269185,7.67996394166092e-05,114.10913402390676,2,36,0.1404230260836157,0.1411764705882353,0.9946631014256117,-0.0007534445046195,0.1411764705882353,0.0032639848987339,-0.2308357814130147,0.5896802236501334,0.5889267791455138,0.328586961426998,0.3278335169223785,,,0,1.0436096431476471e-14,1.85098978042102e-15,1.0436096431476471e-14,5.2041704279304207e-17,-0.3996658622507197,10,0.2
v2_basis,measurement-basis robustness and scope,SU2-HaarU4-brickwork|n12|d72|i1|dir=gaussian|basis=X|eta=0,SU2-HaarU4-brickwork|n12|d72|i1,SU2-HaarU4-brickwork,12,72,6.0,1,gaussian,X,0.0,128,128,2592,128,1.0,4096,4095,0.9981112816837716,0.4948081437932179,0.4957438323798699,0.0015897577694074,0.0093898377868339,629.0266474827267,3.794693194074166e-06,513.3477535008924,1,12,0.0026523506284625,0.0029304029304029,0.9051146519628284,-0.0002780523019404,0.0029304029304029,0.0001142269154527,-2.4342100181761785,0.3307960786873702,0.3305180263854297,0.1268833085709386,0.1266052562689981,,,0,1.9539925233402755e-14,1.901304461845021e-15,1.9539925233402755e-14,1.908195823574488e-17,-0.45357952602609,10,0.2
v2_basis,measurement-basis robustness and scope,SU2-HaarU4-brickwork|n12|d72|i1|dir=gaussian|basis=X|eta=0,SU2-HaarU4-brickwork|n12|d72|i1,SU2-HaarU4-brickwork,12,72,6.0,1,gaussian,X,0.0,128,128,2592,128,1.0,4096,4095,0.9981112816837716,0.4948081437932179,0.4957438323798699,0.0015897577694074,0.0093898377868339,629.0266474827267,3.794693194074166e-06,513.3477535008924,2,78,0.0179001910706613,0.019047619047619,0.9397600312097184,-0.0011474279769577,0.019047619047619,0.0002888592994363,-3.972272934251326,0.8365237139354602,0.8353762859585024,0.3208650384954912,0.3197176105185334,,,0,1.9539925233402755e-14,1.901304461845021e-15,1.9539925233402755e-14,1.908195823574488e-17,-0.45357952602609,10,0.2
v2_basis,measurement-basis robustness and scope,SU2-HaarU4-brickwork|n12|d72|i9|dir=gaussian|basis=X|eta=0,SU2-HaarU4-brickwork|n12|d72|i9,SU2-HaarU4-brickwork,12,72,6.0,9,gaussian,X,0.0,128,128,2592,128,1.0,4096,4095,0.993096256947555,0.4933214754297753,0.4968156196076799,0.0016511035960082,0.0094507043491644,605.6555157517846,4.296450805869078e-06,482.4419656198567,1,12,0.0026426620322689,0.0029304029304029,0.9018084185117766,-0.0002877408981339,0.0029304029304029,0.0001146063898271,-2.510688091370568,0.3318950196376481,0.3316072787395142,0.1297434649500191,0.1294557240518851,,,0,1.1324274851176595e-14,1.692258885871017e-15,1.1324274851176595e-14,3.7296554733501346e-17,-0.4427187341598584,10,0.2
v2_basis,measurement-basis robustness and scope,SU2-HaarU4-brickwork|n12|d72|i9|dir=gaussian|basis=X|eta=0,SU2-HaarU4-brickwork|n12|d72|i9,SU2-HaarU4-brickwork,12,72,6.0,9,gaussian,X,0.0,128,128,2592,128,1.0,4096,4095,0.993096256947555,0.4933214754297753,0.4968156196076799,0.0016511035960082,0.0094507043491644,605.6555157517846,4.296450805869078e-06,482.4419656198567,2,78,0.0176708564299619,0.019047619047619,0.9277199625730022,-0.0013767626176571,0.019047619047619,0.0002898189217942,-4.750423502832941,0.8393027377037289,0.8379259750860718,0.3280978589272164,0.3267210963095593,,,0,1.1324274851176595e-14,1.692258885871017e-15,1.1324274851176595e-14,3.7296554733501346e-17,-0.4427187341598584,10,0.2
v2_basis,measurement-basis robustness and scope,U1-RZ-XY-line|n8|d48|i7|dir=gaussian|basis=X|eta=0,U1-RZ-XY-line|n8|d48|i7,U1-RZ-XY-line,8,48,6.0,7,gaussian,X,0.0,128,128,552,128,1.0,256,255,0.7594498181120592,0.3923139799054759,0.5126591600945059,0.0535444350718038,0.0609386191728054,18.6760771433854,0.0037598422492646,16.30854394226481,1,8,1.1801479957203264e-33,0.0313725490196078,3.761721736358541e-32,-0.0313725490196078,0.0313725490196078,0.0036792333369565,-8.526925624554016,0.6647001148317448,0.633327565812137,0.620103672844043,0.5887311238244352,,,0,2.220446049250313e-16,8.454156540534619e-16,0.0,8.673617379884034e-17,-0.1718605730475685,10,0.2
v2_basis,measurement-basis robustness and scope,U1-RZ-XY-line|n8|d48|i7|dir=gaussian|basis=X|eta=0,U1-RZ-XY-line|n8|d48|i7,U1-RZ-XY-line,8,48,6.0,7,gaussian,X,0.0,128,128,552,128,1.0,256,255,0.7594498181120592,0.3923139799054759,0.5126591600945059,0.0535444350718038,0.0609386191728054,18.6760771433854,0.0037598422492646,16.30854394226481,2,36,0.3955693763756938,0.1411764705882353,2.801949749327831,0.2543929057874585,0.1411764705882353,0.0073491509761991,34.61527822891793,1.3277172308501424,1.0733243250626838,1.23863726359804,0.9842443578105816,,,0,2.220446049250313e-16,8.454156540534619e-16,0.0,8.673617379884034e-17,-0.1718605730475685,10,0.2
v2_basis,measurement-basis robustness and scope,U1-RZ-XY-line|n12|d72|i3|dir=gaussian|basis=X|eta=0,U1-RZ-XY-line|n12|d72|i3,U1-RZ-XY-line,12,72,6.0,3,gaussian,X,0.0,128,128,1260,128,1.0,4096,4095,0.7645102485290702,0.3819363578889199,0.499083013336262,0.0226068440423777,0.0302427280732966,44.23439194455648,0.0006712527378517,38.59730350729215,1,12,4.5501767605140796e-33,0.0029304029304029,1.55274781952543e-30,-0.0029304029304029,0.0029304029304029,0.0002068766275324,-14.164978254701769,0.5991055338276049,0.596175130897202,0.5172671910097503,0.5143367880793474,,,0,5.551115123125783e-15,1.5075555457526394e-15,5.551115123125783e-15,6.071532165918825e-17,-0.2119912604163549,10,0.2
v2_basis,measurement-basis robustness and scope,U1-RZ-XY-line|n12|d72|i3|dir=gaussian|basis=X|eta=0,U1-RZ-XY-line|n12|d72|i3,U1-RZ-XY-line,12,72,6.0,3,gaussian,X,0.0,128,128,1260,128,1.0,4096,4095,0.7645102485290702,0.3819363578889199,0.499083013336262,0.0226068440423777,0.0302427280732966,44.23439194455648,0.0006712527378517,38.59730350729215,2,78,0.2541149202672266,0.019047619047619,13.341033314029398,0.2350673012196076,0.019047619047619,0.0005231537371197,449.3273860830301,1.5150300093804865,1.2799627081608786,1.308075577671472,1.0730082764518645,,,0,5.551115123125783e-15,1.5075555457526394e-15,5.551115123125783e-15,6.071532165918825e-17,-0.2119912604163549,10,0.2
v2_basis,measurement-basis robustness and scope,U1-RZ-XY-line|n12|d72|i11|dir=gaussian|basis=X|eta=0,U1-RZ-XY-line|n12|d72|i11,U1-RZ-XY-line,12,72,6.0,11,gaussian,X,0.0,128,128,1260,128,1.0,4096,4095,0.7789618649027149,0.385678746506246,0.4950410478527164,0.0217384077787476,0.0293810764679761,46.0015291910036,0.0006119527240236,40.42416555246331,1,12,4.21172841964898e-33,0.0029304029304029,1.4372523232052144e-30,-0.0029304029304029,0.0029304029304029,0.0002038839087969,-14.37289949802606,0.5904387531621583,0.5875083502317554,0.5071239001956207,0.5041934972652178,,,0,1.6653345369377348e-15,1.492089098120006e-16,1.887379141862766e-15,7.28583859910259e-17,-0.194049565942287,10,0.2
v2_basis,measurement-basis robustness and scope,U1-RZ-XY-line|n12|d72|i11|dir=gaussian|basis=X|eta=0,U1-RZ-XY-line|n12|d72|i11,U1-RZ-XY-line,12,72,6.0,11,gaussian,X,0.0,128,128,1260,128,1.0,4096,4095,0.7789618649027149,0.385678746506246,0.4950410478527164,0.0217384077787476,0.0293810764679761,46.0015291910036,0.0006119527240236,40.42416555246331,2,78,0.2312179475526406,0.019047619047619,12.138942246513636,0.2121703285050216,0.019047619047619,0.0005155856903602,411.5132217047839,1.4931132817732788,1.2809429532682572,1.2824250217850997,1.070254693280078,,,0,1.6653345369377348e-15,1.492089098120006e-16,1.887379141862766e-15,7.28583859910259e-17,-0.194049565942287,10,0.2
v2_basis,measurement-basis robustness and scope,SU2-CNOT-line|n8|d48|i0|dir=gaussian|basis=RANDOM_LOCAL|eta=0,SU2-CNOT-line|n8|d48|i0,SU2-CNOT-line,8,48,6.0,0,gaussian,RANDOM_LOCAL,0.0,128,128,1152,128,1.0,256,255,0.9800739302989224,0.48834798613907,0.4987524893533402,0.0058614740759946,0.0136281813097759,170.60554854203707,4.180394566907756e-05,154.66475668239602,1,8,0.03182473333796,0.0313725490196078,1.014413375147476,0.0004521843183521,0.0313725490196078,0.0015180595491976,0.2978699475861643,0.2742566899841736,0.2738045056658214,0.1226065469627407,0.1221543626443885,,,0,6.661338147750939e-16,2.654481209033404e-16,6.661338147750939e-16,1.1102230246251563e-16,-0.3632471957049263,10,0.2
v2_basis,measurement-basis robustness and scope,SU2-CNOT-line|n8|d48|i0|dir=gaussian|basis=RANDOM_LOCAL|eta=0,SU2-CNOT-line|n8|d48|i0,SU2-CNOT-line,8,48,6.0,0,gaussian,RANDOM_LOCAL,0.0,128,128,1152,128,1.0,256,255,0.9800739302989224,0.48834798613907,0.4987524893533402,0.0058614740759946,0.0136281813097759,170.60554854203707,4.180394566907756e-05,154.66475668239602,2,36,0.1393098310076424,0.1411764705882353,0.9867779696374672,-0.0018666395805928,0.1411764705882353,0.0030322754215809,-0.615590380513531,0.5478189710559721,0.5459523314753792,0.2449026581839455,0.2430360186033526,,,0,6.661338147750939e-16,2.654481209033404e-16,6.661338147750939e-16,1.1102230246251563e-16,-0.3632471957049263,10,0.2
v2_basis,measurement-basis robustness and scope,SU2-CNOT-line|n8|d48|i8|dir=gaussian|basis=RANDOM_LOCAL|eta=0,SU2-CNOT-line|n8|d48|i8,SU2-CNOT-line,8,48,6.0,8,gaussian,RANDOM_LOCAL,0.0,128,128,1152,128,1.0,256,255,0.9863320288915244,0.4912442123631403,0.4980860279037647,0.0059338448402936,0.0136999866774788,168.5247974819832,4.7278237489822245e-05,145.4351425914215,1,8,0.0310895729852895,0.0313725490196078,0.990980138906104,-0.0002829760343183,0.0313725490196078,0.0015236641806557,-0.1857207368335731,0.2752692376626079,0.2749862616282896,0.1248726064023421,0.1245896303680238,,,0,1.9984014443252818e-15,4.166948782366562e-16,2.220446049250313e-15,8.326672684688674e-17,-0.3409731888410864,10,0.2
v2_basis,measurement-basis robustness and scope,SU2-CNOT-line|n8|d48|i8|dir=gaussian|basis=RANDOM_LOCAL|eta=0,SU2-CNOT-line|n8|d48|i8,SU2-CNOT-line,8,48,6.0,8,gaussian,RANDOM_LOCAL,0.0,128,128,1152,128,1.0,256,255,0.9863320288915244,0.4912442123631403,0.4980860279037647,0.0059338448402936,0.0136999866774788,168.5247974819832,4.7278237489822245e-05,145.4351425914215,2,36,0.1423562677502711,0.1411764705882353,1.0083568965644207,0.0011797971620358,0.1411764705882353,0.0030434704937546,0.3876486282541127,0.5498415026754452,0.5486617055134093,0.2494290394752303,0.2482492423131945,,,0,1.9984014443252818e-15,4.166948782366562e-16,2.220446049250313e-15,8.326672684688674e-17,-0.3409731888410864,10,0.2
v2_basis,measurement-basis robustness and scope,SU2-CNOT-line|n12|d72|i6|dir=gaussian|basis=RANDOM_LOCAL|eta=0,SU2-CNOT-line|n12|d72|i6,SU2-CNOT-line,12,72,6.0,6,gaussian,RANDOM_LOCAL,0.0,128,128,2592,128,1.0,4096,4095,0.9967546979962496,0.495206902042676,0.4968104208250345,0.0010367144226463,0.0088411150912194,964.585789640435,1.5490345418374434e-06,803.4695989393072,1,12,0.0028716837737787,0.0029304029304029,0.9799620878019936,-5.871915662419456e-05,0.0029304029304029,0.0001107472036469,-0.5302089325108905,0.320718987699059,0.3206602685424348,0.0973771097892258,0.0973183906326016,,,0,2.220446049250313e-15,3.1409305125641224e-16,2.220446049250313e-15,4.163336342344337e-17,-0.4618797921996569,10,0.2
v2_basis,measurement-basis robustness and scope,SU2-CNOT-line|n12|d72|i6|dir=gaussian|basis=RANDOM_LOCAL|eta=0,SU2-CNOT-line|n12|d72|i6,SU2-CNOT-line,12,72,6.0,6,gaussian,RANDOM_LOCAL,0.0,128,128,2592,128,1.0,4096,4095,0.9967546979962496,0.495206902042676,0.4968104208250345,0.0010367144226463,0.0088411150912194,964.585789640435,1.5490345418374434e-06,803.4695989393072,2,78,0.0188637130195029,0.019047619047619,0.9903449335239042,-0.0001839060281161,0.019047619047619,0.0002800597348985,-0.6566671506087778,0.8110405654874568,0.8108566594593407,0.2462491751910067,0.2460652691628906,,,0,2.220446049250313e-15,3.1409305125641224e-16,2.220446049250313e-15,4.163336342344337e-17,-0.4618797921996569,10,0.2
v2_basis,measurement-basis robustness and scope,SU2-HaarU4-brickwork|n8|d48|i4|dir=gaussian|basis=RANDOM_LOCAL|eta=0,SU2-HaarU4-brickwork|n8|d48|i4,SU2-HaarU4-brickwork,8,48,6.0,4,gaussian,RANDOM_LOCAL,0.0,128,128,1152,128,1.0,256,255,0.9665351405958648,0.4774127675167511,0.4940725836963435,0.0074019401347772,0.0151566124774742,135.09971464124737,7.444302370885455e-05,115.90121735706562,1,8,0.0279113028093516,0.0313725490196078,0.8896727770480833,-0.0034612462102562,0.0313725490196078,0.0016332111780384,-2.11928883220921,0.2950602905997485,0.2915990443894923,0.1642238321707592,0.160762585960503,,,0,1.199040866595169e-14,2.366239763361358e-15,1.199040866595169e-14,1.1102230246251563e-16,-0.3560025662871053,10,0.2
v2_basis,measurement-basis robustness and scope,SU2-HaarU4-brickwork|n8|d48|i4|dir=gaussian|basis=RANDOM_LOCAL|eta=0,SU2-HaarU4-brickwork|n8|d48|i4,SU2-HaarU4-brickwork,8,48,6.0,4,gaussian,RANDOM_LOCAL,0.0,128,128,1152,128,1.0,256,255,0.9665351405958648,0.4774127675167511,0.4940725836963435,0.0074019401347772,0.0151566124774742,135.09971464124737,7.444302370885455e-05,115.90121735706562,2,36,0.1332992112737077,0.1411764705882353,0.9442027465220962,-0.0078772593145275,0.1411764705882353,0.0032622871191283,-2.414643171148052,0.5893734982550763,0.5814962389405487,0.3280318550035937,0.3201545956890661,,,0,1.199040866595169e-14,2.366239763361358e-15,1.199040866595169e-14,1.1102230246251563e-16,-0.3560025662871053,10,0.2
v2_basis,measurement-basis robustness and scope,SU2-HaarU4-brickwork|n12|d72|i2|dir=gaussian|basis=RANDOM_LOCAL|eta=0,SU2-HaarU4-brickwork|n12|d72|i2,SU2-HaarU4-brickwork,12,72,6.0,2,gaussian,RANDOM_LOCAL,0.0,128,128,2592,128,1.0,4096,4095,0.9893573581008416,0.4895598218737634,0.4947942216936308,0.0016088224146628,0.0094087534895482,621.572642751618,3.962961097519838e-06,502.3311331958447,1,12,0.0027328825941125,0.0029304029304029,0.9325961852409186,-0.0001975203362903,0.0029304029304029,0.0001143449808307,-1.7274071398268105,0.3311379907832143,0.330940470446924,0.1277790253987881,0.1275815050624978,,,0,1.3433698597964394e-14,1.6323805517882209e-15,1.3100631690576847e-14,3.9898639947466563e-17,-0.4462466171741577,10,0.2
v2_basis,measurement-basis robustness and scope,SU2-HaarU4-brickwork|n12|d72|i2|dir=gaussian|basis=RANDOM_LOCAL|eta=0,SU2-HaarU4-brickwork|n12|d72|i2,SU2-HaarU4-brickwork,12,72,6.0,2,gaussian,RANDOM_LOCAL,0.0,128,128,2592,128,1.0,4096,4095,0.9893573581008416,0.4895598218737634,0.4947942216936308,0.0016088224146628,0.0094087534895482,621.572642751618,3.962961097519838e-06,502.3311331958447,2,78,0.0182986285979647,0.019047619047619,0.9606780013931486,-0.0007489904496543,0.019047619047619,0.0002891578655162,-2.5902475394090585,0.8373883480550359,0.8366393576053817,0.3231301450543127,0.3223811546046584,,,0,1.3433698597964394e-14,1.6323805517882209e-15,1.3100631690576847e-14,3.9898639947466563e-17,-0.4462466171741577,10,0.2
v2_basis,measurement-basis robustness and scope,U1-RZ-XY-line|n8|d48|i0|dir=gaussian|basis=RANDOM_LOCAL|eta=0,U1-RZ-XY-line|n8|d48|i0,U1-RZ-XY-line,8,48,6.0,0,gaussian,RANDOM_LOCAL,0.0,128,128,552,128,1.0,256,255,0.736062901411399,0.3509469652334806,0.4804304738875323,0.046237430190079,0.053688700266719,21.62749953639432,0.002521666679999,19.913892576118823,1,8,0.2055741388309045,0.0313725490196078,6.552675675235084,0.1742015898112967,0.0313725490196078,0.0034373698478492,50.67874494805854,0.6210044113360219,0.4468028215247251,0.5726311561306989,0.3984295663194022,,,0,8.881784197001252e-16,3.770739813483898e-16,1.1102230246251563e-15,3.261280134836397e-16,-0.1424368299512713,10,0.2
v2_basis,measurement-basis robustness and scope,U1-RZ-XY-line|n8|d48|i0|dir=gaussian|basis=RANDOM_LOCAL|eta=0,U1-RZ-XY-line|n8|d48|i0,U1-RZ-XY-line,8,48,6.0,0,gaussian,RANDOM_LOCAL,0.0,128,128,552,128,1.0,256,255,0.736062901411399,0.3509469652334806,0.4804304738875323,0.046237430190079,0.053688700266719,21.62749953639432,0.002521666679999,19.913892576118823,2,36,0.4663351458879808,0.1411764705882353,3.303207283373198,0.3251586752997455,0.1411764705882353,0.0068660363883784,47.3575520004688,1.2404364599417823,0.9152777846420368,1.1438124290211975,0.818653753721452,,,0,8.881784197001252e-16,3.770739813483898e-16,1.1102230246251563e-15,3.261280134836397e-16,-0.1424368299512713,10,0.2
v2_basis,measurement-basis robustness and scope,U1-RZ-XY-line|n8|d48|i8|dir=gaussian|basis=RANDOM_LOCAL|eta=0,U1-RZ-XY-line|n8|d48|i8,U1-RZ-XY-line,8,48,6.0,8,gaussian,RANDOM_LOCAL,0.0,128,128,552,128,1.0,256,255,0.7368110860278102,0.3583317100840968,0.4885229722740647,0.0439456475462579,0.0514148221748027,22.75538206479682,0.0023519037226543,20.62007450897405,1,8,0.1838065977023752,0.0313725490196078,5.858835301763213,0.1524340486827674,0.0313725490196078,0.0033579244355046,45.395318331473845,0.6066515910954943,0.4542175424127268,0.5569087648149347,0.4044747161321672,,,0,4.773959005888173e-15,1.4029529861530765e-15,4.773959005888173e-15,1.9428902930940242e-16,-0.1856375674313428,10,0.2
v2_basis,measurement-basis robustness and scope,U1-RZ-XY-line|n8|d48|i8|dir=gaussian|basis=RANDOM_LOCAL|eta=0,U1-RZ-XY-line|n8|d48|i8,U1-RZ-XY-line,8,48,6.0,8,gaussian,RANDOM_LOCAL,0.0,128,128,552,128,1.0,256,255,0.7368110860278102,0.3583317100840968,0.4885229722740647,0.0439456475462579,0.0514148221748027,22.75538206479682,0.0023519037226543,20.62007450897405,2,36,0.4280519349998411,0.1411764705882353,3.032034539582208,0.2868754644116058,0.1411764705882353,0.0067073467168586,42.77033475704452,1.2117671603291789,0.924891695917573,1.1124074549670064,0.8255319905554006,,,0,4.773959005888173e-15,1.4029529861530765e-15,4.773959005888173e-15,1.9428902930940242e-16,-0.1856375674313428,10,0.2
v2_basis,measurement-basis robustness and scope,U1-RZ-XY-line|n12|d72|i4|dir=gaussian|basis=RANDOM_LOCAL|eta=0,U1-RZ-XY-line|n12|d72|i4,U1-RZ-XY-line,12,72,6.0,4,gaussian,RANDOM_LOCAL,0.0,128,128,1260,128,1.0,4096,4095,0.7654216492170431,0.376361000690342,0.4921786050954722,0.0221870254743751,0.0298261893378566,45.07138648012763,0.0006441160238117,39.40197111863596,1,12,0.0880325836106501,0.0029304029304029,30.041119157134347,0.0851021806802471,0.0029304029304029,0.000205435334215,414.252888897712,0.594931612333342,0.5098294316530949,0.512388804454029,0.4272866237737818,,,0,3.552713678800501e-15,1.867046257939092e-15,3.552713678800501e-15,1.1796119636642288e-16,-0.2147560411384648,10,0.2
v2_basis,measurement-basis robustness and scope,U1-RZ-XY-line|n12|d72|i4|dir=gaussian|basis=RANDOM_LOCAL|eta=0,U1-RZ-XY-line|n12|d72|i4,U1-RZ-XY-line,12,72,6.0,4,gaussian,RANDOM_LOCAL,0.0,128,128,1260,128,1.0,4096,4095,0.7654216492170431,0.376361000690342,0.4921786050954722,0.0221870254743751,0.0298261893378566,45.07138648012763,0.0006441160238117,39.40197111863596,2,78,0.2245727395390728,0.019047619047619,11.790068825801322,0.2055251204914537,0.019047619047619,0.0005195089658651,395.61419339350607,1.5044749135525346,1.2989497930610807,1.2957390165616844,1.0902138960702308,,,0,3.552713678800501e-15,1.867046257939092e-15,3.552713678800501e-15,1.1796119636642288e-16,-0.2147560411384648,10,0.2
v2_basis,measurement-basis robustness and scope,SU2-CNOT-line|n8|d48|i7|dir=gaussian|basis=Y|eta=0,SU2-CNOT-line|n8|d48|i7,SU2-CNOT-line,8,48,6.0,7,gaussian,Y,0.0,128,128,1152,128,1.0,256,255,1.002531222288419,0.4992136770924247,0.4978950983854269,0.0058942344709244,0.0136606857641203,169.65731596408037,4.5658732628175725e-05,147.991943575799,1,8,0.0304735081688816,0.0313725490196078,0.9713430728831036,-0.0008990408507261,0.0313725490196078,0.001520599181649,-0.5912411775410659,0.2747155067613255,0.2738164659105994,0.1236374793531402,0.122738438502414,,,0,1.3322676295501878e-15,4.029128678934144e-16,1.3322676295501878e-15,6.938893903907227e-17,-0.3763861045110885,10,0.2
v2_basis,measurement-basis robustness and scope,SU2-CNOT-line|n8|d48|i7|dir=gaussian|basis=Y|eta=0,SU2-CNOT-line|n8|d48|i7,SU2-CNOT-line,8,48,6.0,7,gaussian,Y,0.0,128,128,1152,128,1.0,256,255,1.002531222288419,0.4992136770924247,0.4978950983854269,0.0058942344709244,0.0136606857641203,169.65731596408037,4.5658732628175725e-05,147.991943575799,2,36,0.1432182548037835,0.1411764705882353,1.0144626381934672,0.0020417842155482,0.1411764705882353,0.0030373482562179,0.6722259165930176,0.5487354429012974,0.5466936586857492,0.2469619126778632,0.2449201284623149,,,0,1.3322676295501878e-15,4.029128678934144e-16,1.3322676295501878e-15,6.938893903907227e-17,-0.3763861045110885,10,0.2
v2_basis,measurement-basis robustness and scope,SU2-CNOT-line|n12|d72|i5|dir=gaussian|basis=Y|eta=0,SU2-CNOT-line|n12|d72|i5,SU2-CNOT-line,12,72,6.0,5,gaussian,Y,0.0,128,128,2592,128,1.0,4096,4095,0.9921495136921236,0.4944544959164593,0.4983546163194619,0.0009779467621939,0.0087828065531143,1022.5505504579106,1.4291132818903595e-06,836.5014002032884,1,12,0.0026942868666373,0.0029304029304029,0.9194253932399912,-0.0002361160637655,0.0029304029304029,0.0001103709934334,-2.139294541259096,0.3196294996141296,0.319393383550364,0.0936971511870397,0.0934610351232741,,,0,9.214851104388801e-15,1.0169820076684096e-15,9.103828801926284e-15,3.209238430557093e-17,-0.4657931240770602,10,0.2
v2_basis,measurement-basis robustness and scope,SU2-CNOT-line|n12|d72|i5|dir=gaussian|basis=Y|eta=0,SU2-CNOT-line|n12|d72|i5,SU2-CNOT-line,12,72,6.0,5,gaussian,Y,0.0,128,128,2592,128,1.0,4096,4095,0.9921495136921236,0.4944544959164593,0.4983546163194619,0.0009779467621939,0.0087828065531143,1022.5505504579106,1.4291132818903595e-06,836.5014002032884,2,78,0.018962434890095,0.019047619047619,0.9955278317299912,-8.518415752397854e-05,0.019047619047619,0.0002791083670159,-0.3052010172059792,0.8082854463134026,0.8082002621558786,0.2369432225653142,0.2368580384077903,,,0,9.214851104388801e-15,1.0169820076684096e-15,9.103828801926284e-15,3.209238430557093e-17,-0.4657931240770602,10,0.2
v2_basis,measurement-basis robustness and scope,SU2-HaarU4-brickwork|n8|d48|i3|dir=gaussian|basis=Y|eta=0,SU2-HaarU4-brickwork|n8|d48|i3,SU2-HaarU4-brickwork,8,48,6.0,3,gaussian,Y,0.0,128,128,1152,128,1.0,256,255,0.9842801035677736,0.4829543611782501,0.4907758604663781,0.0075766276074988,0.0153299352043152,131.98484230771274,8.146739494269499e-05,110.79191916261983,1,8,0.0294394308376348,0.0313725490196078,0.9383818579496114,-0.0019331181819729,0.0313725490196078,0.0016457607159387,-1.174604645287246,0.2973275236125706,0.2953944054305976,0.1682947524559639,0.1663616342739909,,,0,1.0436096431476471e-14,1.8596526938385815e-15,1.0436096431476471e-14,6.245004513516506e-17,-0.3799286493222958,10,0.2
v2_basis,measurement-basis robustness and scope,SU2-HaarU4-brickwork|n8|d48|i3|dir=gaussian|basis=Y|eta=0,SU2-HaarU4-brickwork|n8|d48|i3,SU2-HaarU4-brickwork,8,48,6.0,3,gaussian,Y,0.0,128,128,1152,128,1.0,256,255,0.9842801035677736,0.4829543611782501,0.4907758604663781,0.0075766276074988,0.0153299352043152,131.98484230771274,8.146739494269499e-05,110.79191916261983,2,36,0.1347037786532146,0.1411764705882353,0.9541517654602704,-0.0064726919350206,0.1411764705882353,0.003287354419912,-1.968966867647259,0.5939022237213538,0.5874295317863332,0.3361633881378278,0.3296906962028072,,,0,1.0436096431476471e-14,1.8596526938385815e-15,1.0436096431476471e-14,6.245004513516506e-17,-0.3799286493222958,10,0.2
v2_basis,measurement-basis robustness and scope,SU2-HaarU4-brickwork|n12|d72|i1|dir=gaussian|basis=Y|eta=0,SU2-HaarU4-brickwork|n12|d72|i1,SU2-HaarU4-brickwork,12,72,6.0,1,gaussian,Y,0.0,128,128,2592,128,1.0,4096,4095,0.9981112816837716,0.4945275354297946,0.4955155086947657,0.0016168930886408,0.0094167611113858,618.4700813091902,3.855427147953439e-06,509.28835898312377,1,12,0.0026220170093539,0.0029304029304029,0.894763304442044,-0.0003083859210489,0.0029304029304029,0.0001143949249697,-2.695800719573729,0.3312826267936392,0.3309742408725902,0.1281563249148518,0.1278479389938028,,,0,1.9539925233402755e-14,1.9038621761092123e-15,1.9539925233402755e-14,2.6020852139652106e-17,-0.4452357506325804,10,0.2
v2_basis,measurement-basis robustness and scope,SU2-HaarU4-brickwork|n12|d72|i1|dir=gaussian|basis=Y|eta=0,SU2-HaarU4-brickwork|n12|d72|i1,SU2-HaarU4-brickwork,12,72,6.0,1,gaussian,Y,0.0,128,128,2592,128,1.0,4096,4095,0.9981112816837716,0.4945275354297946,0.4955155086947657,0.0016168930886408,0.0094167611113858,618.4700813091902,3.855427147953439e-06,509.28835898312377,2,78,0.0176493822995465,0.019047619047619,0.9265925707261936,-0.0013982367480725,0.019047619047619,0.0002892841652499,-4.833436862554474,0.8377541064796509,0.8363558697315784,0.3240842675871312,0.3226860308390587,,,0,1.9539925233402755e-14,1.9038621761092123e-15,1.9539925233402755e-14,2.6020852139652106e-17,-0.4452357506325804,10,0.2
v2_basis,measurement-basis robustness and scope,SU2-HaarU4-brickwork|n12|d72|i9|dir=gaussian|basis=Y|eta=0,SU2-HaarU4-brickwork|n12|d72|i9,SU2-HaarU4-brickwork,12,72,6.0,9,gaussian,Y,0.0,128,128,2592,128,1.0,4096,4095,0.993096256947555,0.4919049050445682,0.4953006718923445,0.001641134949284,0.0094408135824928,609.3344124054091,3.880241930059555e-06,507.65725580963465,1,12,0.0029411161915787,0.0029304029304029,1.0036559003762393,1.0713261175792669e-05,0.0029304029304029,0.0001145448110964,0.0935289959731833,0.3317166903660334,0.3317059771048576,0.1292829976538516,0.1292722843926758,,,0,1.1546319456101628e-14,1.6983003878369976e-15,1.1324274851176595e-14,3.5561831257524545e-17,-0.4432742896529282,10,0.2
v2_basis,measurement-basis robustness and scope,SU2-HaarU4-brickwork|n12|d72|i9|dir=gaussian|basis=Y|eta=0,SU2-HaarU4-brickwork|n12|d72|i9,SU2-HaarU4-brickwork,12,72,6.0,9,gaussian,Y,0.0,128,128,2592,128,1.0,4096,4095,0.993096256947555,0.4919049050445682,0.4953006718923445,0.001641134949284,0.0094408135824928,609.3344124054091,3.880241930059555e-06,507.65725580963465,2,78,0.0189128085435972,0.019047619047619,0.9929224485388572,-0.0001348105040217,0.019047619047619,0.0002896632002733,-0.4654043174781306,0.8388517750889771,0.8387169645849554,0.326933420055195,0.3267986095511732,,,0,1.1546319456101628e-14,1.6983003878369976e-15,1.1324274851176595e-14,3.5561831257524545e-17,-0.4432742896529282,10,0.2
v2_basis,measurement-basis robustness and scope,U1-RZ-XY-line|n8|d48|i7|dir=gaussian|basis=Y|eta=0,U1-RZ-XY-line|n8|d48|i7,U1-RZ-XY-line,8,48,6.0,7,gaussian,Y,0.0,128,128,552,128,1.0,256,255,0.7594498181120592,0.3923139799054759,0.5126591600945059,0.0535444350718038,0.0609386191728054,18.676077143385395,0.0037598422492646,16.30854394226481,1,8,1.8317197367794738e-33,0.0313725490196078,5.838606660984574e-32,-0.0313725490196078,0.0313725490196078,0.0036792333369565,-8.526925624554016,0.6647001148317448,0.633327565812137,0.6201036728440431,0.5887311238244353,,,0,2.220446049250313e-16,8.714817062438486e-16,2.220446049250313e-16,1.0408340855860844e-16,-0.1718605730475685,10,0.2
v2_basis,measurement-basis robustness and scope,U1-RZ-XY-line|n8|d48|i7|dir=gaussian|basis=Y|eta=0,U1-RZ-XY-line|n8|d48|i7,U1-RZ-XY-line,8,48,6.0,7,gaussian,Y,0.0,128,128,552,128,1.0,256,255,0.7594498181120592,0.3923139799054759,0.5126591600945059,0.0535444350718038,0.0609386191728054,18.676077143385395,0.0037598422492646,16.30854394226481,2,36,0.3955693763756938,0.1411764705882353,2.801949749327831,0.2543929057874585,0.1411764705882353,0.0073491509761991,34.61527822891792,1.3277172308501424,1.0733243250626838,1.23863726359804,0.9842443578105816,,,0,2.220446049250313e-16,8.714817062438486e-16,2.220446049250313e-16,1.0408340855860844e-16,-0.1718605730475685,10,0.2
v2_basis,measurement-basis robustness and scope,U1-RZ-XY-line|n12|d72|i3|dir=gaussian|basis=Y|eta=0,U1-RZ-XY-line|n12|d72|i3,U1-RZ-XY-line,12,72,6.0,3,gaussian,Y,0.0,128,128,1260,128,1.0,4096,4095,0.7645102485290702,0.3819363578889199,0.499083013336262,0.0226068440423777,0.0302427280732966,44.23439194455647,0.0006712527378517,38.59730350729216,1,12,5.159001603142864e-33,0.0029304029304029,1.760509297072502e-30,-0.0029304029304029,0.0029304029304029,0.0002068766275324,-14.164978254701769,0.599105533827605,0.5961751308972021,0.5172671910097504,0.5143367880793475,,,0,5.551115123125783e-15,1.5196187550943309e-15,5.551115123125783e-15,8.326672684688674e-17,-0.2119912604163549,10,0.2
v2_basis,measurement-basis robustness and scope,U1-RZ-XY-line|n12|d72|i3|dir=gaussian|basis=Y|eta=0,U1-RZ-XY-line|n12|d72|i3,U1-RZ-XY-line,12,72,6.0,3,gaussian,Y,0.0,128,128,1260,128,1.0,4096,4095,0.7645102485290702,0.3819363578889199,0.499083013336262,0.0226068440423777,0.0302427280732966,44.23439194455647,0.0006712527378517,38.59730350729216,2,78,0.2541149202672266,0.019047619047619,13.341033314029396,0.2350673012196075,0.019047619047619,0.0005231537371197,449.3273860830299,1.5150300093804865,1.2799627081608789,1.308075577671472,1.0730082764518645,,,0,5.551115123125783e-15,1.5196187550943309e-15,5.551115123125783e-15,8.326672684688674e-17,-0.2119912604163549,10,0.2
v2_basis,measurement-basis robustness and scope,U1-RZ-XY-line|n12|d72|i11|dir=gaussian|basis=Y|eta=0,U1-RZ-XY-line|n12|d72|i11,U1-RZ-XY-line,12,72,6.0,11,gaussian,Y,0.0,128,128,1260,128,1.0,4096,4095,0.7789618649027149,0.385678746506246,0.4950410478527165,0.0217384077787476,0.0293810764679761,46.0015291910036,0.0006119527240236,40.42416555246331,1,12,4.234770584562922e-33,0.0029304029304029,1.4451154619820974e-30,-0.0029304029304029,0.0029304029304029,0.0002038839087969,-14.37289949802606,0.5904387531621583,0.5875083502317554,0.5071239001956207,0.5041934972652178,,,0,1.6653345369377348e-15,1.4922655588727302e-16,1.7763568394002505e-15,6.938893903907227e-17,-0.194049565942287,10,0.2
v2_basis,measurement-basis robustness and scope,U1-RZ-XY-line|n12|d72|i11|dir=gaussian|basis=Y|eta=0,U1-RZ-XY-line|n12|d72|i11,U1-RZ-XY-line,12,72,6.0,11,gaussian,Y,0.0,128,128,1260,128,1.0,4096,4095,0.7789618649027149,0.385678746506246,0.4950410478527165,0.0217384077787476,0.0293810764679761,46.0015291910036,0.0006119527240236,40.42416555246331,2,78,0.2312179475526405,0.019047619047619,12.138942246513626,0.2121703285050215,0.019047619047619,0.0005155856903602,411.5132217047837,1.4931132817732788,1.2809429532682572,1.2824250217850997,1.070254693280078,,,0,1.6653345369377348e-15,1.4922655588727302e-16,1.7763568394002505e-15,6.938893903907227e-17,-0.194049565942287,10,0.2
v2_basis,measurement-basis robustness and scope,SU2-CNOT-line|n8|d48|i7|dir=gaussian|basis=RANDOM_LOCAL|eta=0,SU2-CNOT-line|n8|d48|i7,SU2-CNOT-line,8,48,6.0,7,gaussian,RANDOM_LOCAL,0.0,128,128,1152,128,1.0,256,255,1.0025312222884204,0.4969912486246369,0.49547065938497,0.0059021957096587,0.013668584805677,169.42847190979043,4.583468911674325e-05,147.7076045420485,1,8,0.0302032281067995,0.0313725490196078,0.962727895904234,-0.0011693209128083,0.0313725490196078,0.0015212157078427,-0.768675281736701,0.274826890029047,0.2736575691162386,0.1238867147673753,0.1227173938545669,,,0,2.664535259100376e-15,4.0275856146276143e-16,2.664535259100376e-15,1.1188966420050406e-16,-0.4105500843389502,10,0.2
v2_basis,measurement-basis robustness and scope,SU2-CNOT-line|n8|d48|i7|dir=gaussian|basis=RANDOM_LOCAL|eta=0,SU2-CNOT-line|n8|d48|i7,SU2-CNOT-line,8,48,6.0,7,gaussian,RANDOM_LOCAL,0.0,128,128,1152,128,1.0,256,255,1.0025312222884204,0.4969912486246369,0.49547065938497,0.0059021957096587,0.013668584805677,169.42847190979043,4.583468911674325e-05,147.7076045420485,2,36,0.1396054020102382,0.1411764705882353,0.9888715975725212,-0.001571068577997,0.1411764705882353,0.0030385797475813,-0.5170404295781758,0.5489579274179723,0.5473868588399753,0.2474597524504676,0.2458886838724706,,,0,2.664535259100376e-15,4.0275856146276143e-16,2.664535259100376e-15,1.1188966420050406e-16,-0.4105500843389502,10,0.2
v2_basis,measurement-basis robustness and scope,SU2-CNOT-line|n12|d72|i5|dir=gaussian|basis=RANDOM_LOCAL|eta=0,SU2-CNOT-line|n12|d72|i5,SU2-CNOT-line,12,72,6.0,5,gaussian,RANDOM_LOCAL,0.0,128,128,2592,128,1.0,4096,4095,0.9921495136921256,0.494923301176182,0.4988139666209155,0.0009851823412882,0.0087899856042469,1015.0405240642058,1.3750925598617016e-06,852.7741631205207,1,12,0.0028619911466215,0.0029304029304029,0.9766544787845868,-6.841178378143038e-05,0.0029304029304029,0.0001104173822994,-0.619574403565641,0.3197638397114656,0.3196954279276842,0.094157998341891,0.0940895865581096,,,0,7.771561172376096e-15,1.0252274447541018e-15,7.327471962526033e-15,3.642919299551295e-17,-0.4637329270073597,10,0.2
v2_basis,measurement-basis robustness and scope,SU2-CNOT-line|n12|d72|i5|dir=gaussian|basis=RANDOM_LOCAL|eta=0,SU2-CNOT-line|n12|d72|i5,SU2-CNOT-line,12,72,6.0,5,gaussian,RANDOM_LOCAL,0.0,128,128,2592,128,1.0,4096,4095,0.9921495136921256,0.494923301176182,0.4988139666209155,0.0009851823412882,0.0087899856042469,1015.0405240642058,1.3750925598617016e-06,852.7741631205207,2,78,0.018623215620151,0.019047619047619,0.9777188200579282,-0.000424403427468,0.019047619047619,0.0002792256761042,-1.519929805128427,0.8086251682278819,0.8082007648004138,0.2381086220315431,0.2376842186040751,,,0,7.771561172376096e-15,1.0252274447541018e-15,7.327471962526033e-15,3.642919299551295e-17,-0.4637329270073597,10,0.2
v2_basis,measurement-basis robustness and scope,SU2-HaarU4-brickwork|n8|d48|i3|dir=gaussian|basis=RANDOM_LOCAL|eta=0,SU2-HaarU4-brickwork|n8|d48|i3,SU2-HaarU4-brickwork,8,48,6.0,3,gaussian,RANDOM_LOCAL,0.0,128,128,1152,128,1.0,256,255,0.9842801035677744,0.4849306915799623,0.4928532020211954,0.0074497193111704,0.0152040183790518,134.23324533859395,7.465912274851966e-05,115.73335915712056,1,8,0.0298665304674505,0.0313725490196078,0.9519956586499864,-0.0015060185521572,0.0313725490196078,0.0016366531916788,-0.9201818441526268,0.2956821339710271,0.2941761154188699,0.1653472371331528,0.1638412185809956,,,0,9.880984919163892e-15,1.843195938274293e-15,9.658940314238862e-15,7.63278329429795e-17,-0.3584998806211559,10,0.2
v2_basis,measurement-basis robustness and scope,SU2-HaarU4-brickwork|n8|d48|i3|dir=gaussian|basis=RANDOM_LOCAL|eta=0,SU2-HaarU4-brickwork|n8|d48|i3,SU2-HaarU4-brickwork,8,48,6.0,3,gaussian,RANDOM_LOCAL,0.0,128,128,1152,128,1.0,256,255,0.9842801035677744,0.4849306915799623,0.4928532020211954,0.0074497193111704,0.0152040183790518,134.23324533859395,7.465912274851966e-05,115.73335915712056,2,36,0.1423769955464898,0.1411764705882353,1.008503718454303,0.0012005249582545,0.1411764705882353,0.0032691624313437,0.3672270752729377,0.5906156105106843,0.5894150855524298,0.330275820503991,0.3290752955457364,,,0,9.880984919163892e-15,1.843195938274293e-15,9.658940314238862e-15,7.63278329429795e-17,-0.3584998806211559,10,0.2
v2_basis,measurement-basis robustness and scope,SU2-HaarU4-brickwork|n12|d72|i1|dir=gaussian|basis=RANDOM_LOCAL|eta=0,SU2-HaarU4-brickwork|n12|d72|i1,SU2-HaarU4-brickwork,12,72,6.0,1,gaussian,RANDOM_LOCAL,0.0,128,128,2592,128,1.0,4096,4095,0.9981112816837728,0.4941080899228932,0.4950417691803129,0.0016236449016957,0.0094234601759012,615.8982170027282,3.978507588490137e-06,501.3487132407769,1,12,0.0025636365016122,0.0029304029304029,0.8748409561751717,-0.0003667664287907,0.0029304029304029,0.0001144366907929,-3.204972341031561,0.3314035787645917,0.331036812335801,0.1284711171662587,0.1281043507374679,,,0,1.787459069646502e-14,1.892637422248887e-15,1.8207657603852567e-14,2.949029909160572e-17,-0.4491480378621366,10,0.2
v2_basis,measurement-basis robustness and scope,SU2-HaarU4-brickwork|n12|d72|i1|dir=gaussian|basis=RANDOM_LOCAL|eta=0,SU2-HaarU4-brickwork|n12|d72|i1,SU2-HaarU4-brickwork,12,72,6.0,1,gaussian,RANDOM_LOCAL,0.0,128,128,2592,128,1.0,4096,4095,0.9981112816837728,0.4941080899228932,0.4950417691803129,0.0016236449016957,0.0094234601759012,615.8982170027282,3.978507588490137e-06,501.3487132407769,2,78,0.0184264055575559,0.019047619047619,0.9673862917716896,-0.000621213490063,0.019047619047619,0.0002893897834959,-2.1466324158324577,0.8380599722334122,0.8374387587433492,0.32488032050381,0.3242591070137469,,,0,1.787459069646502e-14,1.892637422248887e-15,1.8207657603852567e-14,2.949029909160572e-17,-0.4491480378621366,10,0.2
v2_basis,measurement-basis robustness and scope,SU2-HaarU4-brickwork|n12|d72|i9|dir=gaussian|basis=RANDOM_LOCAL|eta=0,SU2-HaarU4-brickwork|n12|d72|i9,SU2-HaarU4-brickwork,12,72,6.0,9,gaussian,RANDOM_LOCAL,0.0,128,128,2592,128,1.0,4096,4095,0.9930962569475555,0.4924647187810027,0.4958518365509962,0.0016319612279336,0.0094317115308403,612.7596556115425,3.921651285742341e-06,504.9699251023692,1,12,0.0027630659922574,0.0029304029304029,0.9428962698578514,-0.0001673369381454,0.0029304029304029,0.0001144881135468,-1.4616097074309065,0.3315524967779795,0.331385159839834,0.1288577953348552,0.1286904583967097,,,0,1.0880185641326534e-14,1.7000330030651733e-15,1.0769163338864018e-14,5.2041704279304207e-17,-0.4441081909746509,10,0.2
v2_basis,measurement-basis robustness and scope,SU2-HaarU4-brickwork|n12|d72|i9|dir=gaussian|basis=RANDOM_LOCAL|eta=0,SU2-HaarU4-brickwork|n12|d72|i9,SU2-HaarU4-brickwork,12,72,6.0,9,gaussian,RANDOM_LOCAL,0.0,128,128,2592,128,1.0,4096,4095,0.9930962569475555,0.4924647187810027,0.4958518365509962,0.0016319612279336,0.0094317115308403,612.7596556115425,3.921651285742341e-06,504.9699251023692,2,78,0.0184374461105114,0.019047619047619,0.9679659208018524,-0.0006101729371075,0.019047619047619,0.0002895198223802,-2.1075342340675984,0.8384365590724259,0.8378263861353183,0.325858159959996,0.3252479870228884,,,0,1.0880185641326534e-14,1.7000330030651733e-15,1.0769163338864018e-14,5.2041704279304207e-17,-0.4441081909746509,10,0.2
v2_basis,measurement-basis robustness and scope,U1-RZ-XY-line|n8|d48|i7|dir=gaussian|basis=RANDOM_LOCAL|eta=0,U1-RZ-XY-line|n8|d48|i7,U1-RZ-XY-line,8,48,6.0,7,gaussian,RANDOM_LOCAL,0.0,128,128,552,128,1.0,256,255,0.7594498181120606,0.3768197848398077,0.4955109545764219,0.0478673696375556,0.0553059058122622,20.89105809598157,0.0030340752775929,18.15460583467581,1,8,0.1091773044417767,0.0313725490196078,3.4800265790816343,0.0778047554221689,0.0313725490196078,0.0034927728071612,22.27592795690728,0.6310136578404035,0.5532089024182346,0.5835553733020321,0.5057506178798632,,,0,1.7763568394002505e-15,8.511206653911184e-16,1.9984014443252818e-15,1.491862189340054e-16,-0.1824194529874687,10,0.2
v2_basis,measurement-basis robustness and scope,U1-RZ-XY-line|n8|d48|i7|dir=gaussian|basis=RANDOM_LOCAL|eta=0,U1-RZ-XY-line|n8|d48|i7,U1-RZ-XY-line,8,48,6.0,7,gaussian,RANDOM_LOCAL,0.0,128,128,552,128,1.0,256,255,0.7594498181120606,0.3768197848398077,0.4955109545764219,0.0478673696375556,0.0553059058122622,20.89105809598157,0.0030340752775929,18.15460583467581,2,36,0.310670627001994,0.1411764705882353,2.200583607930791,0.1694941564137587,0.1411764705882353,0.0069767020285331,24.29430921953765,1.260429609867833,1.0909354534540745,1.1656332036055372,0.9961390471917786,,,0,1.7763568394002505e-15,8.511206653911184e-16,1.9984014443252818e-15,1.491862189340054e-16,-0.1824194529874687,10,0.2
v2_basis,measurement-basis robustness and scope,U1-RZ-XY-line|n12|d72|i3|dir=gaussian|basis=RANDOM_LOCAL|eta=0,U1-RZ-XY-line|n12|d72|i3,U1-RZ-XY-line,12,72,6.0,3,gaussian,RANDOM_LOCAL,0.0,128,128,1260,128,1.0,4096,4095,0.764510248529072,0.3721592077277548,0.4866198111934122,0.0220290220049206,0.0296694202705071,45.39466163212464,0.0006162574912466,40.282729884199206,1,12,0.1364635642181517,0.0029304029304029,46.568191289444286,0.1335331612877488,0.0029304029304029,0.0002048902612029,651.7301530278831,0.5933531050763695,0.4598199437886207,0.510540695206889,0.3770075339191402,,,0,3.552713678800501e-15,1.5358978036412989e-15,3.1086244689504387e-15,1.9428902930940242e-16,-0.2123214164702788,10,0.2
v2_basis,measurement-basis robustness and scope,U1-RZ-XY-line|n12|d72|i3|dir=gaussian|basis=RANDOM_LOCAL|eta=0,U1-RZ-XY-line|n12|d72|i3,U1-RZ-XY-line,12,72,6.0,3,gaussian,RANDOM_LOCAL,0.0,128,128,1260,128,1.0,4096,4095,0.764510248529072,0.3721592077277548,0.4866198111934122,0.0220290220049206,0.0296694202705071,45.39466163212464,0.0006162574912466,40.282729884199206,2,78,0.2687542430725247,0.019047619047619,14.10959776130755,0.2497066240249057,0.019047619047619,0.0005181305743733,481.9376357531502,1.5004831529539313,1.2507765289290256,1.2910654810793094,1.0413588570544037,,,0,3.552713678800501e-15,1.5358978036412989e-15,3.1086244689504387e-15,1.9428902930940242e-16,-0.2123214164702788,10,0.2
v2_basis,measurement-basis robustness and scope,U1-RZ-XY-line|n12|d72|i11|dir=gaussian|basis=RANDOM_LOCAL|eta=0,U1-RZ-XY-line|n12|d72|i11,U1-RZ-XY-line,12,72,6.0,11,gaussian,RANDOM_LOCAL,0.0,128,128,1260,128,1.0,4096,4095,0.7789618649027156,0.3837941484893904,0.4923821858914871,0.0219942345787984,0.0296349046211515,45.46646060436034,0.0006345241617301,39.6986664238828,1,12,0.1219498358268325,0.0029304029304029,41.61538147590662,0.1190194328964296,0.0029304029304029,0.0002047700582706,581.234551093882,0.5930050027180397,0.47398556982161,0.510132899980949,0.3911134670845194,,,0,5.551115123125784e-16,1.718076996623623e-16,8.881784197001252e-16,2.411265631607762e-16,-0.1989423058445338,10,0.2
v2_basis,measurement-basis robustness and scope,U1-RZ-XY-line|n12|d72|i11|dir=gaussian|basis=RANDOM_LOCAL|eta=0,U1-RZ-XY-line|n12|d72|i11,U1-RZ-XY-line,12,72,6.0,11,gaussian,RANDOM_LOCAL,0.0,128,128,1260,128,1.0,4096,4095,0.7789618649027156,0.3837941484893904,0.4923821858914871,0.0219942345787984,0.0296349046211515,45.46646060436034,0.0006345241617301,39.6986664238828,2,78,0.2585629227948947,0.019047619047619,13.574553446731969,0.2395153037472756,0.019047619047619,0.0005178266028034,462.53958844636895,1.4996028647752588,1.2600875610279831,1.2900342403878169,1.0505189366405412,,,0,5.551115123125784e-16,1.718076996623623e-16,8.881784197001252e-16,2.411265631607762e-16,-0.1989423058445338,10,0.2
v2_basis,measurement-basis robustness and scope,SU2-CNOT-line|n8|d48|i1|dir=gaussian|basis=Z|eta=0,SU2-CNOT-line|n8|d48|i1,SU2-CNOT-line,8,48,6.0,1,gaussian,Z,0.0,128,128,1152,128,1.0,256,255,0.9913277829921444,0.4903994355601357,0.494682270466677,0.0059326178982146,0.0136987693208848,168.55965058881233,4.523507892706313e-05,148.68334524895312,1,8,0.030822809227156,0.0313725490196078,0.9824770441155992,-0.0005497397924517,0.0313725490196078,0.0015235693340066,-0.360823613459118,0.2752521024138358,0.274702362621384,0.1248345314065243,0.1242847916140726,,,0,2.664535259100376e-15,3.874030203572417e-16,2.664535259100376e-15,4.336808689942018e-17,-0.3999897070432423,10,0.2
v2_basis,measurement-basis robustness and scope,SU2-CNOT-line|n8|d48|i1|dir=gaussian|basis=Z|eta=0,SU2-CNOT-line|n8|d48|i1,SU2-CNOT-line,8,48,6.0,1,gaussian,Z,0.0,128,128,1152,128,1.0,256,255,0.9913277829921444,0.4903994355601357,0.494682270466677,0.0059326178982146,0.0136987693208848,168.55965058881233,4.523507892706313e-05,148.68334524895312,2,36,0.1377677650992948,0.1411764705882353,0.9758550027866718,-0.0034087054889404,0.1411764705882353,0.0030432810406051,-1.1200758140505602,0.5498072755637868,0.5463985700748464,0.2493529858882311,0.2459442803992907,,,0,2.664535259100376e-15,3.874030203572417e-16,2.664535259100376e-15,4.336808689942018e-17,-0.3999897070432423,10,0.2
v2_basis,measurement-basis robustness and scope,SU2-CNOT-line|n8|d48|i9|dir=gaussian|basis=Z|eta=0,SU2-CNOT-line|n8|d48|i9,SU2-CNOT-line,8,48,6.0,9,gaussian,Z,0.0,128,128,1152,128,1.0,256,255,0.9789466266727184,0.4836158362387935,0.493867151099311,0.0058124013611665,0.0135794919755324,172.04593039309754,4.325603589663472e-05,152.04657494304186,1,8,0.0307953165228609,0.0313725490196078,0.9816007141661924,-0.0005772324967469,0.0313725490196078,0.0015142473938381,-0.3812009180902685,0.2735679758219682,0.2729907433252213,0.1210458587838235,0.1204686262870766,,,0,4.440892098500626e-16,8.471775674780675e-17,4.440892098500626e-16,8.326672684688674e-17,-0.3765208936957882,10,0.2
v2_basis,measurement-basis robustness and scope,SU2-CNOT-line|n8|d48|i9|dir=gaussian|basis=Z|eta=0,SU2-CNOT-line|n8|d48|i9,SU2-CNOT-line,8,48,6.0,9,gaussian,Z,0.0,128,128,1152,128,1.0,256,255,0.9789466266727184,0.4836158362387935,0.493867151099311,0.0058124013611665,0.0135794919755324,172.04593039309754,4.325603589663472e-05,152.04657494304186,2,36,0.1367773290958016,0.1411764705882353,0.968839414428595,-0.0043991414924336,0.1411764705882353,0.0030246607631138,-1.4544247560195072,0.5464432865331522,0.5420441450407185,0.2417852334372127,0.237386091944779,,,0,4.440892098500626e-16,8.471775674780675e-17,4.440892098500626e-16,8.326672684688674e-17,-0.3765208936957882,10,0.2
v2_basis,measurement-basis robustness and scope,SU2-CNOT-line|n12|d72|i7|dir=gaussian|basis=Z|eta=0,SU2-CNOT-line|n12|d72|i7,SU2-CNOT-line,12,72,6.0,7,gaussian,Z,0.0,128,128,2592,128,1.0,4096,4095,0.9962930387984684,0.4939656353185782,0.4958348232706588,0.0010026790561099,0.008807345625984,997.3281020545596,1.4623357783482431e-06,826.94466000684,1,12,0.0029786797591713,0.0029304029304029,1.0164744678172246,4.827682876842356e-05,0.0029304029304029,0.0001105294770681,0.4367778627838428,0.3200884611877836,0.3200401843590152,0.0952631826075516,0.0952149057787831,,,0,6.439293542825908e-15,6.722143002928751e-16,6.661338147750939e-15,2.949029909160572e-17,-0.4525312613009726,10,0.2
v2_basis,measurement-basis robustness and scope,SU2-CNOT-line|n12|d72|i7|dir=gaussian|basis=Z|eta=0,SU2-CNOT-line|n12|d72|i7,SU2-CNOT-line,12,72,6.0,7,gaussian,Z,0.0,128,128,2592,128,1.0,4096,4095,0.9962930387984684,0.4939656353185782,0.4958348232706588,0.0010026790561099,0.008807345625984,997.3281020545596,1.4623357783482431e-06,826.94466000684,2,78,0.0189075053749994,0.019047619047619,0.9926440321874698,-0.0001401136726196,0.019047619047619,0.0002795091435885,-0.5012847551988422,0.8094460774843347,0.809305963811715,0.2409034340201311,0.2407633203475115,,,0,6.439293542825908e-15,6.722143002928751e-16,6.661338147750939e-15,2.949029909160572e-17,-0.4525312613009726,10,0.2
v2_basis,measurement-basis robustness and scope,SU2-HaarU4-brickwork|n8|d48|i5|dir=gaussian|basis=Z|eta=0,SU2-HaarU4-brickwork|n8|d48|i5,SU2-HaarU4-brickwork,8,48,6.0,5,gaussian,Z,0.0,128,128,1152,128,1.0,256,255,0.978633939272368,0.4818012891566282,0.492602798621355,0.0076983804162377,0.0154507368192359,129.89745192258292,8.310347620049986e-05,109.69590228136428,1,8,0.0287388416822061,0.0313725490196078,0.9160505786203196,-0.0026337073374017,0.0313725490196078,0.0016544511373365,-1.5918918836380127,0.2988975583377403,0.2962638510003385,0.1710748041251018,0.1684410967877001,,,0,9.103828801926284e-15,2.158274880545152e-15,8.992806499463768e-15,5.551115123125783e-17,-0.3739380341098874,10,0.2
v2_basis,measurement-basis robustness and scope,SU2-HaarU4-brickwork|n8|d48|i5|dir=gaussian|basis=Z|eta=0,SU2-HaarU4-brickwork|n8|d48|i5,SU2-HaarU4-brickwork,8,48,6.0,5,gaussian,Z,0.0,128,128,1152,128,1.0,256,255,0.978633939272368,0.4818012891566282,0.492602798621355,0.0076983804162377,0.0154507368192359,129.89745192258292,8.310347620049986e-05,109.69590228136428,2,36,0.140940948918084,0.1411764705882353,0.998331721503095,-0.0002355216701512,0.1411764705882353,0.0033047132588466,-0.0712684132339765,0.597038317895444,0.5968027962252928,0.3417164524767779,0.3414809308066266,,,0,9.103828801926284e-15,2.158274880545152e-15,8.992806499463768e-15,5.551115123125783e-17,-0.3739380341098874,10,0.2
v2_basis,measurement-basis robustness and scope,SU2-HaarU4-brickwork|n12|d72|i3|dir=gaussian|basis=Z|eta=0,SU2-HaarU4-brickwork|n12|d72|i3,SU2-HaarU4-brickwork,12,72,6.0,3,gaussian,Z,0.0,128,128,2592,128,1.0,4096,4095,0.9905352935316918,0.4897696892096116,0.4944470473807053,0.0016352933298634,0.0094350176007238,611.5110859551545,4.036673203882032e-06,497.7235661255669,1,12,0.0025995664003326,0.0029304029304029,0.8871020341135101,-0.0003308365300703,0.0029304029304029,0.0001145087106186,-2.889182214024854,0.3316121449840327,0.3312813084539624,0.1290124004462431,0.1286815639161729,,,0,2.19824158875781e-14,3.537973021288305e-15,2.2093438190040612e-14,2.0816681711721685e-17,-0.4521688859900219,10,0.2
v2_basis,measurement-basis robustness and scope,SU2-HaarU4-brickwork|n12|d72|i3|dir=gaussian|basis=Z|eta=0,SU2-HaarU4-brickwork|n12|d72|i3,SU2-HaarU4-brickwork,12,72,6.0,3,gaussian,Z,0.0,128,128,2592,128,1.0,4096,4095,0.9905352935316918,0.4897696892096116,0.4944470473807053,0.0016352933298634,0.0094350176007238,611.5110859551545,4.036673203882032e-06,497.7235661255669,2,78,0.0180511599659519,0.019047619047619,0.9476858982124764,-0.0009964590816671,0.019047619047619,0.0002895719086658,-3.4411455387998724,0.8385873986442105,0.8375909395625434,0.3262491284457315,0.3252526693640644,,,0,2.19824158875781e-14,3.537973021288305e-15,2.2093438190040612e-14,2.0816681711721685e-17,-0.4521688859900219,10,0.2
v2_basis,measurement-basis robustness and scope,U1-RZ-XY-line|n8|d48|i1|dir=gaussian|basis=Z|eta=0,U1-RZ-XY-line|n8|d48|i1,U1-RZ-XY-line,8,48,6.0,1,gaussian,Z,0.0,128,128,552,128,1.0,70,69,0.7521986765671398,0.3628629344037281,0.4847272170787759,0.0613440930499085,0.0686773423229561,16.301488053404203,0.0047515393192748,14.507174542780175,1,7,0.447370921235419,0.1014492753623188,4.40979908074913,0.3459216458731001,0.1014492753623188,0.0118820007939608,29.11308052166746,0.5837920949127327,0.2378704490396325,0.542851853588875,0.1969302077157748,,,0,7.771561172376097e-16,5.284959698850681e-16,8.881784197001252e-16,6.591949208711867e-17,-0.1376675801142947,10,0.2
v2_basis,measurement-basis robustness and scope,U1-RZ-XY-line|n8|d48|i1|dir=gaussian|basis=Z|eta=0,U1-RZ-XY-line|n8|d48|i1,U1-RZ-XY-line,8,48,6.0,1,gaussian,Z,0.0,128,128,552,128,1.0,70,69,0.7521986765671398,0.3628629344037281,0.4847272170787759,0.0613440930499085,0.0686773423229561,16.301488053404203,0.0047515393192748,14.507174542780175,2,27,0.74616306233017,0.391304347826087,1.9068611592882123,0.3548587145040831,0.391304347826087,0.0192066330715355,18.47584181893849,0.9436693997488048,0.5888106852447217,0.8774916400766204,0.5226329255725373,,,0,7.771561172376097e-16,5.284959698850681e-16,8.881784197001252e-16,6.591949208711867e-17,-0.1376675801142947,10,0.2
v2_basis,measurement-basis robustness and scope,U1-RZ-XY-line|n8|d48|i9|dir=gaussian|basis=Z|eta=0,U1-RZ-XY-line|n8|d48|i9,U1-RZ-XY-line,8,48,6.0,9,gaussian,Z,0.0,128,128,552,128,1.0,70,69,0.7797957975918564,0.3305355448921206,0.4326605365123422,0.0606694595868123,0.0680079794337903,16.48275766440763,0.0044036527533792,15.069313471347536,1,7,0.3866281837502072,0.1014492753623188,3.811049239823471,0.2851789083878884,0.1014492753623188,0.0118083812812498,24.150550494225254,0.5801749861195833,0.2949960777316949,0.5389292979927589,0.2537503896048705,,,0,1.7763568394002505e-15,8.98693918551216e-16,1.7763568394002505e-15,6.938893903907227e-17,-0.1369818212376328,10,0.2
v2_basis,measurement-basis robustness and scope,U1-RZ-XY-line|n8|d48|i9|dir=gaussian|basis=Z|eta=0,U1-RZ-XY-line|n8|d48|i9,U1-RZ-XY-line,8,48,6.0,9,gaussian,Z,0.0,128,128,552,128,1.0,70,69,0.7797957975918564,0.3305355448921206,0.4326605365123422,0.0606694595868123,0.0680079794337903,16.48275766440763,0.0044036527533792,15.069313471347536,2,27,0.6985696202511311,0.391304347826087,1.7852334739751128,0.3072652724250441,0.391304347826087,0.0190876309781957,16.097611734847604,0.9378225324934892,0.6305572600684453,0.8711510340336052,0.5638857616085611,,,0,1.7763568394002505e-15,8.98693918551216e-16,1.7763568394002505e-15,6.938893903907227e-17,-0.1369818212376328,10,0.2
v2_basis,measurement-basis robustness and scope,U1-RZ-XY-line|n12|d72|i5|dir=gaussian|basis=Z|eta=0,U1-RZ-XY-line|n12|d72|i5,U1-RZ-XY-line,12,72,6.0,5,gaussian,Z,0.0,128,128,1260,128,1.0,924,923,0.7761375196005422,0.3603293962020262,0.4671317408951665,0.0264263432210134,0.0340323874145993,37.84102823597738,0.0009006435669675,33.32142181436222,1,11,0.2936562598238779,0.0119176598049837,24.640429801585395,0.2817386000188941,0.0119176598049837,0.0009164155772517,307.4354114143279,0.5984305989834504,0.3166919989645562,0.5248331205145271,0.2430945204956329,,,0,6.661338147750939e-16,2.7417412923517107e-16,4.440892098500626e-16,5.551115123125783e-17,-0.2050883404703171,10,0.2
v2_basis,measurement-basis robustness and scope,U1-RZ-XY-line|n12|d72|i5|dir=gaussian|basis=Z|eta=0,U1-RZ-XY-line|n12|d72|i5,U1-RZ-XY-line,12,72,6.0,5,gaussian,Z,0.0,128,128,1260,128,1.0,924,923,0.7761375196005422,0.3603293962020262,0.4671317408951665,0.0264263432210134,0.0340323874145993,37.84102823597738,0.0009006435669675,33.32142181436222,2,65,0.5523017181103019,0.0704225352112676,7.842684397166287,0.4818791828990343,0.0704225352112676,0.0021607226437127,223.01760214398388,1.4109783574302055,0.9290991745311714,1.237450383664349,0.7555712007653144,,,0,6.661338147750939e-16,2.7417412923517107e-16,4.440892098500626e-16,5.551115123125783e-17,-0.2050883404703171,10,0.2
v2_basis,measurement-basis robustness and scope,SU2-CNOT-line|n8|d48|i1|dir=gaussian|basis=X|eta=0,SU2-CNOT-line|n8|d48|i1,SU2-CNOT-line,8,48,6.0,1,gaussian,X,0.0,128,128,1152,128,1.0,256,255,0.991327782992143,0.4938313921156606,0.4982619527817288,0.0059540951206341,0.0137200787525041,167.9516332438934,4.53605455755768e-05,148.47757481141144,1,8,0.0306746257675639,0.0313725490196078,0.9777536963411022,-0.0006979232520438,0.0313725490196078,0.001525228741779,-0.4575859560775092,0.275551895451087,0.2748539721990431,0.1254993531821456,0.1248014299301018,,,0,3.885780586188048e-15,3.973122730704112e-16,3.996802888650564e-15,5.2041704279304207e-17,-0.3931958188273197,10,0.2
v2_basis,measurement-basis robustness and scope,SU2-CNOT-line|n8|d48|i1|dir=gaussian|basis=X|eta=0,SU2-CNOT-line|n8|d48|i1,SU2-CNOT-line,8,48,6.0,1,gaussian,X,0.0,128,128,1152,128,1.0,256,255,0.991327782992143,0.4938313921156606,0.4982619527817288,0.0059540951206341,0.0137200787525041,167.9516332438934,4.53605455755768e-05,148.47757481141144,2,36,0.1403505726406053,0.1411764705882353,0.9941498895376212,-0.0008258979476299,0.1411764705882353,0.003046595654584,-0.2710887959113612,0.550406102572186,0.549580204624556,0.2506809461326192,0.2498550481849893,,,0,3.885780586188048e-15,3.973122730704112e-16,3.996802888650564e-15,5.2041704279304207e-17,-0.3931958188273197,10,0.2
v2_basis,measurement-basis robustness and scope,SU2-CNOT-line|n8|d48|i9|dir=gaussian|basis=X|eta=0,SU2-CNOT-line|n8|d48|i9,SU2-CNOT-line,8,48,6.0,9,gaussian,X,0.0,128,128,1152,128,1.0,256,255,0.9789466266727168,0.4871558729686623,0.4969296373213521,0.005915495595945,0.0136817807866017,169.04754365559347,4.428418216314355e-05,150.2711761964223,1,8,0.0328496403749225,0.0313725490196078,1.0470822869506569,0.0014770913553147,0.0313725490196078,0.00152224510717,0.9703373972807378,0.2750128640590627,0.273535772703748,0.1243019677055361,0.1228248763502214,,,0,6.661338147750939e-16,1.231653667943533e-16,7.771561172376097e-16,5.898059818321144e-17,-0.3927140493059584,10,0.2
v2_basis,measurement-basis robustness and scope,SU2-CNOT-line|n8|d48|i9|dir=gaussian|basis=X|eta=0,SU2-CNOT-line|n8|d48|i9,SU2-CNOT-line,8,48,6.0,9,gaussian,X,0.0,128,128,1152,128,1.0,256,255,0.9789466266727168,0.4871558729686623,0.4969296373213521,0.005915495595945,0.0136817807866017,169.04754365559347,4.428418216314355e-05,150.2711761964223,2,36,0.140182191252053,0.1411764705882353,0.9929571880353756,-0.0009942793361822,0.1411764705882353,0.0030406359398306,-0.3269971663354255,0.5493294045978808,0.5483351252616986,0.2482892069200171,0.2472949275838348,,,0,6.661338147750939e-16,1.231653667943533e-16,7.771561172376097e-16,5.898059818321144e-17,-0.3927140493059584,10,0.2
v2_basis,measurement-basis robustness and scope,SU2-CNOT-line|n12|d72|i7|dir=gaussian|basis=X|eta=0,SU2-CNOT-line|n12|d72|i7,SU2-CNOT-line,12,72,6.0,7,gaussian,X,0.0,128,128,2592,128,1.0,4096,4095,0.9962930387984668,0.4947778800671646,0.4966310294702234,0.0010086453255625,0.0088132652839565,991.4287754640584,1.4720502859140695e-06,824.2115136620607,1,12,0.0028880269470729,0.0029304029304029,0.9855391956886494,-4.237598332996508e-05,0.0029304029304029,0.0001105676746947,-0.3832583388131821,0.3201990798197834,0.3201567038364535,0.095637123498507,0.095594747515177,,,0,4.440892098500626e-15,6.518246544421369e-16,4.884981308350689e-15,2.3418766925686896e-17,-0.4575325286649193,10,0.2
v2_basis,measurement-basis robustness and scope,SU2-CNOT-line|n12|d72|i7|dir=gaussian|basis=X|eta=0,SU2-CNOT-line|n12|d72|i7,SU2-CNOT-line,12,72,6.0,7,gaussian,X,0.0,128,128,2592,128,1.0,4096,4095,0.9962930387984668,0.4947778800671646,0.4966310294702234,0.0010086453255625,0.0088132652839565,991.4287754640584,1.4720502859140695e-06,824.2115136620607,2,78,0.01887890405308,0.019047619047619,0.991142462786705,-0.0001687149945389,0.019047619047619,0.0002796057385079,-0.6034031899319602,0.8097258120846909,0.8095570970901519,0.2418490631948651,0.2416803482003262,,,0,4.440892098500626e-15,6.518246544421369e-16,4.884981308350689e-15,2.3418766925686896e-17,-0.4575325286649193,10,0.2
v2_basis,measurement-basis robustness and scope,SU2-HaarU4-brickwork|n8|d48|i5|dir=gaussian|basis=X|eta=0,SU2-HaarU4-brickwork|n8|d48|i5,SU2-HaarU4-brickwork,8,48,6.0,5,gaussian,X,0.0,128,128,1152,128,1.0,256,255,0.9786339392723684,0.4849279352080249,0.4953286324022583,0.0078735992612662,0.0156245867670376,127.00671787037012,8.643941385959735e-05,107.55834060080448,1,8,0.0305380269527074,0.0313725490196078,0.9733996091175512,-0.0008345220669003,0.0313725490196078,0.0016668783154638,-0.5006496630008123,0.3011426855073868,0.3003081634404864,0.1749981796254791,0.1741636575585787,,,0,8.659739592076221e-15,1.7000663999576842e-15,8.659739592076221e-15,6.765421556309548e-17,-0.3737927258306902,10,0.2
v2_basis,measurement-basis robustness and scope,SU2-HaarU4-brickwork|n8|d48|i5|dir=gaussian|basis=X|eta=0,SU2-HaarU4-brickwork|n8|d48|i5,SU2-HaarU4-brickwork,8,48,6.0,5,gaussian,X,0.0,128,128,1152,128,1.0,256,255,0.9786339392723684,0.4849279352080249,0.4953286324022583,0.0078735992612662,0.0156245867670376,127.00671787037012,8.643941385959735e-05,107.55834060080448,2,36,0.1347211864036659,0.1411764705882353,0.9542750703593008,-0.0064552841845693,0.1411764705882353,0.0033295361498953,-1.93879384213092,0.6015228876466379,0.5950676034620686,0.3495532696198962,0.3430979854353269,,,0,8.659739592076221e-15,1.7000663999576842e-15,8.659739592076221e-15,6.765421556309548e-17,-0.3737927258306902,10,0.2
v2_basis,measurement-basis robustness and scope,SU2-HaarU4-brickwork|n12|d72|i3|dir=gaussian|basis=X|eta=0,SU2-HaarU4-brickwork|n12|d72|i3,SU2-HaarU4-brickwork,12,72,6.0,3,gaussian,X,0.0,128,128,2592,128,1.0,4096,4095,0.9905352935316956,0.4914338075545655,0.4961433604360633,0.0016360936150586,0.009435811633691,611.211969043797,4.214410341671684e-06,487.1150978707177,1,12,0.0026761022223357,0.0029304029304029,0.9132198833720792,-0.0002543007080671,0.0029304029304029,0.0001145136569538,-2.2207020091025806,0.3316264693514057,0.3313721686433385,0.1290495050333319,0.1287952043252647,,,0,1.8540724511240114e-14,2.582136121612011e-15,1.8318679906315083e-14,2.688821387764051e-17,-0.448432434821531,10,0.2
v2_basis,measurement-basis robustness and scope,SU2-HaarU4-brickwork|n12|d72|i3|dir=gaussian|basis=X|eta=0,SU2-HaarU4-brickwork|n12|d72|i3,SU2-HaarU4-brickwork,12,72,6.0,3,gaussian,X,0.0,128,128,2592,128,1.0,4096,4095,0.9905352935316956,0.4914338075545655,0.4961433604360633,0.0016360936150586,0.009435811633691,611.211969043797,4.214410341671684e-06,487.1150978707177,2,78,0.0183210135642638,0.019047619047619,0.9618532121238528,-0.0007266054833551,0.019047619047619,0.0002895844170569,-2.5091318474239874,0.8386236223897948,0.8378970169064396,0.3263429592647627,0.3256163537814076,,,0,1.8540724511240114e-14,2.582136121612011e-15,1.8318679906315083e-14,2.688821387764051e-17,-0.448432434821531,10,0.2
v2_basis,measurement-basis robustness and scope,U1-RZ-XY-line|n8|d48|i1|dir=gaussian|basis=X|eta=0,U1-RZ-XY-line|n8|d48|i1,U1-RZ-XY-line,8,48,6.0,1,gaussian,X,0.0,128,128,552,128,1.0,256,255,0.7521986765671388,0.3862271277540867,0.5108757188630713,0.0486584700036122,0.0560908257067089,20.55140656756704,0.0029992780209124,18.25961589251788,1,8,2.6300709374137145e-33,0.0313725490196078,8.383351113006214e-32,-0.0313725490196078,0.0313725490196078,0.0035193485753557,-8.91430568693722,0.6358149070553314,0.6044423580357235,0.5887844477888475,0.5574118987692397,,,0,1.7763568394002505e-15,2.950572899180154e-16,1.9984014443252818e-15,1.0581813203458523e-16,-0.156325311628332,10,0.2
v2_basis,measurement-basis robustness and scope,U1-RZ-XY-line|n8|d48|i1|dir=gaussian|basis=X|eta=0,U1-RZ-XY-line|n8|d48|i1,U1-RZ-XY-line,8,48,6.0,1,gaussian,X,0.0,128,128,552,128,1.0,256,255,0.7521986765671388,0.3862271277540867,0.5108757188630713,0.0486584700036122,0.0560908257067089,20.55140656756704,0.0029992780209124,18.25961589251788,2,36,0.4001592569647611,0.1411764705882353,2.8344614035003914,0.2589827863765258,0.1411764705882353,0.0070297862759516,36.84077669082002,1.2700199516927009,1.011037165316175,1.1760781127346729,0.9170953263581472,,,0,1.7763568394002505e-15,2.950572899180154e-16,1.9984014443252818e-15,1.0581813203458523e-16,-0.156325311628332,10,0.2
v2_basis,measurement-basis robustness and scope,U1-RZ-XY-line|n8|d48|i9|dir=gaussian|basis=X|eta=0,U1-RZ-XY-line|n8|d48|i9,U1-RZ-XY-line,8,48,6.0,9,gaussian,X,0.0,128,128,552,128,1.0,256,255,0.779795797591855,0.3973010059154955,0.5086148314586096,0.0542355011681002,0.0616242863152244,18.438107484257408,0.0040525287955076,15.70858062029168,1,8,2.122282305165372e-33,0.0313725490196078,6.764774847714623e-32,-0.0313725490196078,0.0313725490196078,0.0037012898120125,-8.476112548060362,0.668684896485926,0.6373123474663182,0.6244066381815522,0.5930340891619443,,,0,2.220446049250313e-16,8.727298166303464e-16,0.0,1.1449174941446927e-16,-0.1290064072300002,10,0.2
v2_basis,measurement-basis robustness and scope,U1-RZ-XY-line|n8|d48|i9|dir=gaussian|basis=X|eta=0,U1-RZ-XY-line|n8|d48|i9,U1-RZ-XY-line,8,48,6.0,9,gaussian,X,0.0,128,128,552,128,1.0,256,255,0.779795797591855,0.3973010059154955,0.5086148314586096,0.0542355011681002,0.0616242863152244,18.438107484257408,0.0040525287955076,15.70858062029168,2,36,0.4415470611359799,0.1411764705882353,3.127625016379858,0.3003705905477447,0.1411764705882353,0.0073932080800424,40.62790973766568,1.335676704822508,1.0353061142747633,1.2472322993064482,0.9468617087587036,,,0,2.220446049250313e-16,8.727298166303464e-16,0.0,1.1449174941446927e-16,-0.1290064072300002,10,0.2
v2_basis,measurement-basis robustness and scope,U1-RZ-XY-line|n12|d72|i5|dir=gaussian|basis=X|eta=0,U1-RZ-XY-line|n12|d72|i5,U1-RZ-XY-line,12,72,6.0,5,gaussian,X,0.0,128,128,1260,128,1.0,4096,4095,0.7761375196005403,0.3844369661776328,0.4959921838107325,0.0239017596761181,0.0315275271786484,41.83792379935802,0.0007748708798422,35.92405312317667,1,12,6.080819633560273e-33,0.0029304029304029,2.075079699952443e-30,-0.0029304029304029,0.0029304029304029,0.0002112603151565,-13.871052536449566,0.6118004986744628,0.6088700957440599,0.5320327048266764,0.5291023018962735,,,0,1.9984014443252818e-15,1.387805885571065e-16,2.1094237467877974e-15,5.551115123125783e-17,-0.2162542549902059,10,0.2
v2_basis,measurement-basis robustness and scope,U1-RZ-XY-line|n12|d72|i5|dir=gaussian|basis=X|eta=0,U1-RZ-XY-line|n12|d72|i5,U1-RZ-XY-line,12,72,6.0,5,gaussian,X,0.0,128,128,1260,128,1.0,4096,4095,0.7761375196005403,0.3844369661776328,0.4959921838107325,0.0239017596761181,0.0315275271786484,41.83792379935802,0.0007748708798422,35.92405312317667,2,78,0.2025869331981799,0.019047619047619,10.635813992904447,0.1835393141505609,0.019047619047619,0.0005342392937158,343.5526295229611,1.5471332893955136,1.3635939752449526,1.3454149031716804,1.1618755890211196,,,0,1.9984014443252818e-15,1.387805885571065e-16,2.1094237467877974e-15,5.551115123125783e-17,-0.2162542549902059,10,0.2
v2_basis,measurement-basis robustness and scope,SU2-CNOT-line|n8|d48|i1|dir=gaussian|basis=Y|eta=0,SU2-CNOT-line|n8|d48|i1,SU2-CNOT-line,8,48,6.0,1,gaussian,Y,0.0,128,128,1152,128,1.0,256,255,0.991327782992143,0.4935467334797972,0.4978420026217541,0.0058211374752577,0.0135881598387322,171.78773122098934,4.2189108240635305e-05,153.957137291875,1,8,0.0341891616271298,0.0313725490196078,1.0897795268647643,0.002816612607522,0.0313725490196078,0.001514926750319,1.8592401295500744,0.2736907101770588,0.2708740975695368,0.121325167414277,0.118508554806755,,,0,4.107825191113079e-15,4.080667358011772e-16,3.996802888650564e-15,6.938893903907227e-17,-0.382764809830198,10,0.2
v2_basis,measurement-basis robustness and scope,SU2-CNOT-line|n8|d48|i1|dir=gaussian|basis=Y|eta=0,SU2-CNOT-line|n8|d48|i1,SU2-CNOT-line,8,48,6.0,1,gaussian,Y,0.0,128,128,1152,128,1.0,256,255,0.991327782992143,0.4935467334797972,0.4978420026217541,0.0058211374752577,0.0135881598387322,171.78773122098934,4.2189108240635305e-05,153.957137291875,2,36,0.1405353657747132,0.1411764705882353,0.9954588409042184,-0.000641104813522,0.1411764705882353,0.0030260177559673,-0.2118641942063374,0.5466884444839859,0.5460473396704638,0.2423431434978604,0.2417020386843383,,,0,4.107825191113079e-15,4.080667358011772e-16,3.996802888650564e-15,6.938893903907227e-17,-0.382764809830198,10,0.2
v2_basis,measurement-basis robustness and scope,SU2-CNOT-line|n8|d48|i9|dir=gaussian|basis=Y|eta=0,SU2-CNOT-line|n8|d48|i9,SU2-CNOT-line,8,48,6.0,9,gaussian,Y,0.0,128,128,1152,128,1.0,256,255,0.9789466266727168,0.4860888064395362,0.4966817366468863,0.0060031384531401,0.013768738933975,166.5795329902658,4.773518945740061e-05,144.73736928069926,1,8,0.0317440183932789,0.0313725490196078,1.0118405862857651,0.000371469373671,0.0313725490196078,0.0015290112552168,0.242947442279216,0.2762352544246038,0.2758637850509328,0.1270044306091733,0.1266329612355023,,,0,9.992007221626409e-16,7.63327609755858e-17,9.992007221626409e-16,9.020562075079396e-17,-0.3690946243397351,10,0.2
v2_basis,measurement-basis robustness and scope,SU2-CNOT-line|n8|d48|i9|dir=gaussian|basis=Y|eta=0,SU2-CNOT-line|n8|d48|i9,SU2-CNOT-line,8,48,6.0,9,gaussian,Y,0.0,128,128,1152,128,1.0,256,255,0.9789466266727168,0.4860888064395362,0.4966817366468863,0.0060031384531401,0.013768738933975,166.5795329902658,4.773518945740061e-05,144.73736928069926,2,36,0.1413976558719681,0.1411764705882353,1.0015667290931078,0.0002211852837328,0.1411764705882353,0.0030541511042601,0.0724211986186144,0.5517710902767903,0.5515499049930574,0.2536872901801663,0.2534661048964334,,,0,9.992007221626409e-16,7.63327609755858e-17,9.992007221626409e-16,9.020562075079396e-17,-0.3690946243397351,10,0.2
v2_basis,measurement-basis robustness and scope,SU2-CNOT-line|n12|d72|i7|dir=gaussian|basis=Y|eta=0,SU2-CNOT-line|n12|d72|i7,SU2-CNOT-line,12,72,6.0,7,gaussian,Y,0.0,128,128,2592,128,1.0,4096,4095,0.9962930387984664,0.497603384703698,0.499444615215537,0.0009918836693597,0.0087966345781929,1008.1827445001236,1.3803455810215322e-06,851.1499645045002,1,12,0.0028754904344308,0.0029304029304029,0.9812611107495284,-5.4912495972078354e-05,0.0029304029304029,0.0001104603285893,-0.4971241410681749,0.3198882102614897,0.3198332977655176,0.0945828152335997,0.0945279027376276,,,0,3.996802888650564e-15,6.814633281430422e-16,4.440892098500626e-15,2.949029909160572e-17,-0.449550601058872,10,0.2
v2_basis,measurement-basis robustness and scope,SU2-CNOT-line|n12|d72|i7|dir=gaussian|basis=Y|eta=0,SU2-CNOT-line|n12|d72|i7,SU2-CNOT-line,12,72,6.0,7,gaussian,Y,0.0,128,128,2592,128,1.0,4096,4095,0.9962930387984664,0.497603384703698,0.499444615215537,0.0009918836693597,0.0087966345781929,1008.1827445001236,1.3803455810215322e-06,851.1499645045002,2,78,0.0188720905679745,0.019047619047619,0.9907847548186656,-0.0001755284796444,0.019047619047619,0.0002793342795378,-0.6283814501209166,0.8089396789525047,0.8087641504728603,0.2391829074505382,0.2390073789708938,,,0,3.996802888650564e-15,6.814633281430422e-16,4.440892098500626e-15,2.949029909160572e-17,-0.449550601058872,10,0.2
v2_basis,measurement-basis robustness and scope,SU2-HaarU4-brickwork|n8|d48|i5|dir=gaussian|basis=Y|eta=0,SU2-HaarU4-brickwork|n8|d48|i5,SU2-HaarU4-brickwork,8,48,6.0,5,gaussian,Y,0.0,128,128,1152,128,1.0,256,255,0.9786339392723666,0.4844751248015732,0.4949871071672441,0.0077632889298405,0.0155151382350761,128.81138510202769,8.433802746479337e-05,108.89007083841852,1,8,0.0299151292018288,0.0313725490196078,0.9535447433082936,-0.001457419817779,0.0313725490196078,0.0016590655472215,-0.8784582503203316,0.2997312099438126,0.2982737901260336,0.1725385926425328,0.1710811728247537,,,0,1.0436096431476471e-14,2.1398352434890463e-15,1.0325074129013956e-14,7.979727989493313e-17,-0.3621231007181952,10,0.2
v2_basis,measurement-basis robustness and scope,SU2-HaarU4-brickwork|n8|d48|i5|dir=gaussian|basis=Y|eta=0,SU2-HaarU4-brickwork|n8|d48|i5,SU2-HaarU4-brickwork,8,48,6.0,5,gaussian,Y,0.0,128,128,1152,128,1.0,256,255,0.9786339392723666,0.4844751248015732,0.4949871071672441,0.0077632889298405,0.0155151382350761,128.81138510202769,8.433802746479337e-05,108.89007083841852,2,36,0.141174420336386,0.1411764705882353,0.999985477382734,-2.05025184929486e-06,0.1411764705882353,0.0033139303950827,-0.0006186767991074,0.5987035103291604,0.5987014600773111,0.3446403232472916,0.3446382729954423,,,0,1.0436096431476471e-14,2.1398352434890463e-15,1.0325074129013956e-14,7.979727989493313e-17,-0.3621231007181952,10,0.2
v2_basis,measurement-basis robustness and scope,SU2-HaarU4-brickwork|n12|d72|i3|dir=gaussian|basis=Y|eta=0,SU2-HaarU4-brickwork|n12|d72|i3,SU2-HaarU4-brickwork,12,72,6.0,3,gaussian,Y,0.0,128,128,2592,128,1.0,4096,4095,0.9905352935316896,0.4914980897330517,0.4962031066043362,0.0016231223645173,0.0094229417210445,616.0964951631165,4.056945432219439e-06,496.4784665516376,1,12,0.0028345949418698,0.0029304029304029,0.9673055239130776,-9.58079885331059e-05,0.0029304029304029,0.0001144334589912,-0.8372375472842251,0.3313942196102366,0.3312984116217035,0.1284467822669723,0.1283509742784391,,,0,2.398081733190338e-14,3.531033470404293e-15,2.4202861936828413e-14,2.3418766925686896e-17,-0.4381266545932376,10,0.2
v2_basis,measurement-basis robustness and scope,SU2-HaarU4-brickwork|n12|d72|i3|dir=gaussian|basis=Y|eta=0,SU2-HaarU4-brickwork|n12|d72|i3,SU2-HaarU4-brickwork,12,72,6.0,3,gaussian,Y,0.0,128,128,2592,128,1.0,4096,4095,0.9905352935316896,0.4914980897330517,0.4962031066043362,0.0016231223645173,0.0094229417210445,616.0964951631165,4.056945432219439e-06,496.4784665516376,2,78,0.018505395739584,0.019047619047619,0.9715332763281616,-0.000542223308035,0.019047619047619,0.0002893816108513,-1.87373104476059,0.838036304617425,0.83749408130939,0.3248187819256923,0.3242765586176573,,,0,2.398081733190338e-14,3.531033470404293e-15,2.4202861936828413e-14,2.3418766925686896e-17,-0.4381266545932376,10,0.2
v2_basis,measurement-basis robustness and scope,U1-RZ-XY-line|n8|d48|i1|dir=gaussian|basis=Y|eta=0,U1-RZ-XY-line|n8|d48|i1,U1-RZ-XY-line,8,48,6.0,1,gaussian,Y,0.0,128,128,552,128,1.0,256,255,0.7521986765671386,0.3862271277540865,0.510875718863071,0.0486584700036122,0.0560908257067089,20.55140656756705,0.0029992780209124,18.25961589251788,1,8,1.3491614325308392e-33,0.0313725490196078,4.30045206619205e-32,-0.0313725490196078,0.0313725490196078,0.0035193485753557,-8.914305686937222,0.6358149070553313,0.6044423580357234,0.5887844477888474,0.5574118987692396,,,0,2.220446049250313e-15,5.528694623509712e-16,2.3314683517128287e-15,8.500145032286355e-17,-0.1563253116283319,10,0.2
v2_basis,measurement-basis robustness and scope,U1-RZ-XY-line|n8|d48|i1|dir=gaussian|basis=Y|eta=0,U1-RZ-XY-line|n8|d48|i1,U1-RZ-XY-line,8,48,6.0,1,gaussian,Y,0.0,128,128,552,128,1.0,256,255,0.7521986765671386,0.3862271277540865,0.510875718863071,0.0486584700036122,0.0560908257067089,20.55140656756705,0.0029992780209124,18.25961589251788,2,36,0.4001592569647612,0.1411764705882353,2.8344614035003923,0.2589827863765259,0.1411764705882353,0.0070297862759516,36.84077669082005,1.2700199516927009,1.0110371653161747,1.1760781127346729,0.9170953263581468,,,0,2.220446049250313e-15,5.528694623509712e-16,2.3314683517128287e-15,8.500145032286355e-17,-0.1563253116283319,10,0.2
v2_basis,measurement-basis robustness and scope,U1-RZ-XY-line|n8|d48|i9|dir=gaussian|basis=Y|eta=0,U1-RZ-XY-line|n8|d48|i9,U1-RZ-XY-line,8,48,6.0,9,gaussian,Y,0.0,128,128,552,128,1.0,256,255,0.779795797591855,0.3973010059154955,0.5086148314586096,0.0542355011681002,0.0616242863152244,18.438107484257408,0.0040525287955076,15.70858062029168,1,8,1.1924441537419046e-33,0.0313725490196078,3.8009157400523206e-32,-0.0313725490196078,0.0313725490196078,0.0037012898120125,-8.476112548060362,0.668684896485926,0.6373123474663182,0.6244066381815522,0.5930340891619443,,,0,0.0,8.82998212158114e-16,4.440892098500626e-16,7.63278329429795e-17,-0.1290064072300001,10,0.2
v2_basis,measurement-basis robustness and scope,U1-RZ-XY-line|n8|d48|i9|dir=gaussian|basis=Y|eta=0,U1-RZ-XY-line|n8|d48|i9,U1-RZ-XY-line,8,48,6.0,9,gaussian,Y,0.0,128,128,552,128,1.0,256,255,0.779795797591855,0.3973010059154955,0.5086148314586096,0.0542355011681002,0.0616242863152244,18.438107484257408,0.0040525287955076,15.70858062029168,2,36,0.4415470611359799,0.1411764705882353,3.127625016379858,0.3003705905477447,0.1411764705882353,0.0073932080800424,40.62790973766568,1.335676704822508,1.0353061142747633,1.2472322993064482,0.9468617087587036,,,0,0.0,8.82998212158114e-16,4.440892098500626e-16,7.63278329429795e-17,-0.1290064072300001,10,0.2
v2_basis,measurement-basis robustness and scope,U1-RZ-XY-line|n12|d72|i5|dir=gaussian|basis=Y|eta=0,U1-RZ-XY-line|n12|d72|i5,U1-RZ-XY-line,12,72,6.0,5,gaussian,Y,0.0,128,128,1260,128,1.0,4096,4095,0.7761375196005406,0.3844369661776329,0.4959921838107325,0.0239017596761181,0.0315275271786485,41.837923799358,0.0007748708798422,35.92405312317667,1,12,4.531110880328695e-33,0.0029304029304029,1.5462415879121672e-30,-0.0029304029304029,0.0029304029304029,0.0002112603151565,-13.871052536449564,0.611800498674463,0.60887009574406,0.5320327048266765,0.5291023018962736,,,0,1.7763568394002505e-15,2.5428496010115865e-16,1.5543122344752194e-15,6.245004513516506e-17,-0.2162542549902061,10,0.2
v2_basis,measurement-basis robustness and scope,U1-RZ-XY-line|n12|d72|i5|dir=gaussian|basis=Y|eta=0,U1-RZ-XY-line|n12|d72|i5,U1-RZ-XY-line,12,72,6.0,5,gaussian,Y,0.0,128,128,1260,128,1.0,4096,4095,0.7761375196005406,0.3844369661776329,0.4959921838107325,0.0239017596761181,0.0315275271786485,41.837923799358,0.0007748708798422,35.92405312317667,2,78,0.2025869331981799,0.019047619047619,10.635813992904447,0.1835393141505609,0.019047619047619,0.0005342392937158,343.552629522961,1.547133289395514,1.363593975244953,1.3454149031716809,1.16187558902112,,,0,1.7763568394002505e-15,2.5428496010115865e-16,1.5543122344752194e-15,6.245004513516506e-17,-0.2162542549902061,10,0.2
v2_basis,measurement-basis robustness and scope,SU2-CNOT-line|n8|d48|i1|dir=gaussian|basis=RANDOM_LOCAL|eta=0,SU2-CNOT-line|n8|d48|i1,SU2-CNOT-line,8,48,6.0,1,gaussian,RANDOM_LOCAL,0.0,128,128,1152,128,1.0,256,255,0.9913277829921444,0.4936423868466726,0.4977125467793385,0.0058736011686139,0.0136402136594842,170.25330309173364,4.418386602837545e-05,150.4416691632908,1,8,0.0313347620935891,0.0313725490196078,0.9987955417331538,-3.778692601870415e-05,0.0313725490196078,0.0015190001536537,-0.0248761831444268,0.2744266220957666,0.2743888351697479,0.1229891801607771,0.1229513932347584,,,0,2.55351295663786e-15,3.8173771582427823e-16,2.4424906541753444e-15,1.5959455978986623e-16,-0.3848540227205754,10,0.2
v2_basis,measurement-basis robustness and scope,SU2-CNOT-line|n8|d48|i1|dir=gaussian|basis=RANDOM_LOCAL|eta=0,SU2-CNOT-line|n8|d48|i1,SU2-CNOT-line,8,48,6.0,1,gaussian,RANDOM_LOCAL,0.0,128,128,1152,128,1.0,256,255,0.9913277829921444,0.4936423868466726,0.4977125467793385,0.0058736011686139,0.0136402136594842,170.25330309173364,4.418386602837545e-05,150.4416691632908,2,36,0.1417536065015808,0.1411764705882353,1.004088046052864,0.0005771359133455,0.1411764705882353,0.0030341542489136,0.1902131091562499,0.5481584050166447,0.5475812691032992,0.2456669557653544,0.2450898198520089,,,0,2.55351295663786e-15,3.8173771582427823e-16,2.4424906541753444e-15,1.5959455978986623e-16,-0.3848540227205754,10,0.2
v2_basis,measurement-basis robustness and scope,SU2-CNOT-line|n8|d48|i9|dir=gaussian|basis=RANDOM_LOCAL|eta=0,SU2-CNOT-line|n8|d48|i9,SU2-CNOT-line,8,48,6.0,9,gaussian,RANDOM_LOCAL,0.0,128,128,1152,128,1.0,256,255,0.978946626672718,0.4888205464298506,0.4993313137687665,0.0058828581911733,0.0136493983615548,169.98539952916045,4.441781143175648e-05,150.0449634179232,1,8,0.0300911875579923,0.0313725490196078,0.9591566034110074,-0.0012813614616154,0.0313725490196078,0.0015197177572446,-0.8431575241567384,0.2745562662758405,0.273274904814225,0.1232804578428509,0.1219990963812354,,,0,0.0,8.716877585302702e-17,0.0,1.2836953722228372e-16,-0.3480776886719123,10,0.2
v2_basis,measurement-basis robustness and scope,SU2-CNOT-line|n8|d48|i9|dir=gaussian|basis=RANDOM_LOCAL|eta=0,SU2-CNOT-line|n8|d48|i9,SU2-CNOT-line,8,48,6.0,9,gaussian,RANDOM_LOCAL,0.0,128,128,1152,128,1.0,256,255,0.978946626672718,0.4888205464298506,0.4993313137687665,0.0058828581911733,0.0136493983615548,169.98539952916045,4.441781143175648e-05,150.0449634179232,2,36,0.1395478693444423,0.1411764705882353,0.9884640745231336,-0.0016286012437929,0.1411764705882353,0.0030355876391467,-0.5365027920098726,0.5484173651219953,0.5467887638782024,0.2462487736239978,0.2446201723802049,,,0,0.0,8.716877585302702e-17,0.0,1.2836953722228372e-16,-0.3480776886719123,10,0.2
v2_basis,measurement-basis robustness and scope,SU2-CNOT-line|n12|d72|i7|dir=gaussian|basis=RANDOM_LOCAL|eta=0,SU2-CNOT-line|n12|d72|i7,SU2-CNOT-line,12,72,6.0,7,gaussian,RANDOM_LOCAL,0.0,128,128,2592,128,1.0,4096,4095,0.996293038798469,0.498415571459527,0.5002407882944551,0.0010063160873869,0.0088109542429542,993.723555186934,1.4841730618832552e-06,820.8385180377811,1,12,0.002916405904667,0.0029304029304029,0.9952235149676324,-1.3997025735876072e-05,0.0029304029304029,0.0001105527638696,-0.1266094600075055,0.320155898731828,0.3201419017060921,0.0954913108101397,0.0954773137844039,,,0,6.661338147750939e-15,6.680980821345504e-16,6.8833827526759706e-15,2.775557561562892e-17,-0.436837551800162,10,0.2
v2_basis,measurement-basis robustness and scope,SU2-CNOT-line|n12|d72|i7|dir=gaussian|basis=RANDOM_LOCAL|eta=0,SU2-CNOT-line|n12|d72|i7,SU2-CNOT-line,12,72,6.0,7,gaussian,RANDOM_LOCAL,0.0,128,128,2592,128,1.0,4096,4095,0.996293038798469,0.498415571459527,0.5002407882944551,0.0010063160873869,0.0088109542429542,993.723555186934,1.4841730618832552e-06,820.8385180377811,2,78,0.0186457911634114,0.019047619047619,0.9789040360790996,-0.0004018278842076,0.019047619047619,0.0002795680317162,-1.437316998445111,0.8096166148892113,0.8092147870050037,0.2414803291636278,0.2410785012794202,,,0,6.661338147750939e-15,6.680980821345504e-16,6.8833827526759706e-15,2.775557561562892e-17,-0.436837551800162,10,0.2
v2_basis,measurement-basis robustness and scope,SU2-HaarU4-brickwork|n8|d48|i5|dir=gaussian|basis=RANDOM_LOCAL|eta=0,SU2-HaarU4-brickwork|n8|d48|i5,SU2-HaarU4-brickwork,8,48,6.0,5,gaussian,RANDOM_LOCAL,0.0,128,128,1152,128,1.0,256,255,0.978633939272368,0.4820575771995307,0.492606457125827,0.0077545406786617,0.0155064583296097,128.95670310321609,8.407839228146795e-05,109.05806823068367,1,8,0.0288469118577043,0.0313725490196078,0.9194953154643274,-0.0025256371619034,0.0313725490196078,0.0016584443740641,-1.522895311655368,0.2996189871432188,0.2970933499813153,0.1723420308025505,0.169816393640647,,,0,9.214851104388801e-15,2.158021104469629e-15,9.214851104388801e-15,1.0234868508263162e-16,-0.3820091376643273,10,0.2
v2_basis,measurement-basis robustness and scope,SU2-HaarU4-brickwork|n8|d48|i5|dir=gaussian|basis=RANDOM_LOCAL|eta=0,SU2-HaarU4-brickwork|n8|d48|i5,SU2-HaarU4-brickwork,8,48,6.0,5,gaussian,RANDOM_LOCAL,0.0,128,128,1152,128,1.0,256,255,0.978633939272368,0.4820575771995307,0.492606457125827,0.0077545406786617,0.0155064583296097,128.95670310321609,8.407839228146795e-05,109.05806823068367,2,36,0.1391294583352285,0.1411764705882353,0.9855003298745352,-0.0020470122530067,0.1411764705882353,0.0033126896215577,-0.6179305902024673,0.59847934887241,0.5964323366194033,0.3442476972554364,0.3422006850024296,,,0,9.214851104388801e-15,2.158021104469629e-15,9.214851104388801e-15,1.0234868508263162e-16,-0.3820091376643273,10,0.2
v2_basis,measurement-basis robustness and scope,SU2-HaarU4-brickwork|n12|d72|i3|dir=gaussian|basis=RANDOM_LOCAL|eta=0,SU2-HaarU4-brickwork|n12|d72|i3,SU2-HaarU4-brickwork,12,72,6.0,3,gaussian,RANDOM_LOCAL,0.0,128,128,2592,128,1.0,4096,4095,0.9905352935316912,0.4923713959333426,0.4970505927313088,0.001631579065906,0.0094313323544536,612.9031812777465,4.2438866456121e-06,485.420498950606,1,12,0.0027200587059664,0.0029304029304029,0.9282200334110368,-0.0002103442244365,0.0029304029304029,0.0001144857510116,-1.8372961052167491,0.331545654980949,0.3313353107565125,0.1288400516644314,0.1286297074399948,,,0,2.2648549702353197e-14,3.5475143395635587e-15,2.2759572004815712e-14,3.5128150388530344e-17,-0.4355161641268958,10,0.2
v2_basis,measurement-basis robustness and scope,SU2-HaarU4-brickwork|n12|d72|i3|dir=gaussian|basis=RANDOM_LOCAL|eta=0,SU2-HaarU4-brickwork|n12|d72|i3,SU2-HaarU4-brickwork,12,72,6.0,3,gaussian,RANDOM_LOCAL,0.0,128,128,2592,128,1.0,4096,4095,0.9905352935316912,0.4923713959333426,0.4970505927313088,0.001631579065906,0.0094313323544536,612.9031812777465,4.2438866456121e-06,485.420498950606,2,78,0.0178083835201127,0.019047619047619,0.9349401348059212,-0.0012392355275062,0.019047619047619,0.0002895138479542,-4.280401563734859,0.8384192573997923,0.837180021872286,0.3258132894127372,0.3245740538852309,,,0,2.2648549702353197e-14,3.5475143395635587e-15,2.2759572004815712e-14,3.5128150388530344e-17,-0.4355161641268958,10,0.2
v2_basis,measurement-basis robustness and scope,U1-RZ-XY-line|n8|d48|i1|dir=gaussian|basis=RANDOM_LOCAL|eta=0,U1-RZ-XY-line|n8|d48|i1,U1-RZ-XY-line,8,48,6.0,1,gaussian,RANDOM_LOCAL,0.0,128,128,552,128,1.0,256,255,0.7521986765671389,0.3820398351573356,0.5058212657483705,0.0480478997322674,0.055485025515609,20.812564244685017,0.002967170006987,18.35814453708072,1,8,0.1104136995359713,0.0313725490196078,3.519436672709085,0.0790411505163634,0.0313725490196078,0.0034988552069585,22.590574871222596,0.6321125204222041,0.5530713699058407,0.584752772505955,0.5057116219895916,,,0,1.887379141862766e-15,5.147687786656422e-16,1.887379141862766e-15,1.3704315460216776e-16,-0.180136813213194,10,0.2
v2_basis,measurement-basis robustness and scope,U1-RZ-XY-line|n8|d48|i1|dir=gaussian|basis=RANDOM_LOCAL|eta=0,U1-RZ-XY-line|n8|d48|i1,U1-RZ-XY-line,8,48,6.0,1,gaussian,RANDOM_LOCAL,0.0,128,128,552,128,1.0,256,255,0.7521986765671389,0.3820398351573356,0.5058212657483705,0.0480478997322674,0.055485025515609,20.812564244685017,0.002967170006987,18.35814453708072,2,36,0.3976350923377405,0.1411764705882353,2.8165819040589954,0.2564586217495052,0.1411764705882353,0.0069888514276915,36.69538899243924,1.262624552747544,1.0061659309980386,1.168024970238009,0.9115663484885036,,,0,1.887379141862766e-15,5.147687786656422e-16,1.887379141862766e-15,1.3704315460216776e-16,-0.180136813213194,10,0.2
v2_basis,measurement-basis robustness and scope,U1-RZ-XY-line|n8|d48|i9|dir=gaussian|basis=RANDOM_LOCAL|eta=0,U1-RZ-XY-line|n8|d48|i9,U1-RZ-XY-line,8,48,6.0,9,gaussian,RANDOM_LOCAL,0.0,128,128,552,128,1.0,256,255,0.7797957975918559,0.3879762128157961,0.499403323084766,0.0481428271102805,0.0555792112734814,20.7715263108522,0.0029170292789108,18.51525108435036,1,8,0.1001558972875691,0.0313725490196078,3.192469226041267,0.0687833482679613,0.0313725490196078,0.0035020492517442,19.64088547118607,0.6326895650783596,0.5639062168103983,0.5853814133254878,0.5165980650575265,,,0,1.3322676295501878e-15,8.89175347378495e-16,1.3322676295501878e-15,1.214306433183765e-16,-0.1647344838519917,10,0.2
v2_basis,measurement-basis robustness and scope,U1-RZ-XY-line|n8|d48|i9|dir=gaussian|basis=RANDOM_LOCAL|eta=0,U1-RZ-XY-line|n8|d48|i9,U1-RZ-XY-line,8,48,6.0,9,gaussian,RANDOM_LOCAL,0.0,128,128,552,128,1.0,256,255,0.7797957975918559,0.3879762128157961,0.499403323084766,0.0481428271102805,0.0555792112734814,20.7715263108522,0.0029170292789108,18.51525108435036,2,36,0.3552915292473783,0.1411764705882353,2.5166483321689297,0.214115058659143,0.1411764705882353,0.0069952314300466,30.608716923853653,1.263777181001778,1.049662122342635,1.16928066017921,0.9551656015200672,,,0,1.3322676295501878e-15,8.89175347378495e-16,1.3322676295501878e-15,1.214306433183765e-16,-0.1647344838519917,10,0.2
v2_basis,measurement-basis robustness and scope,U1-RZ-XY-line|n12|d72|i5|dir=gaussian|basis=RANDOM_LOCAL|eta=0,U1-RZ-XY-line|n12|d72|i5,U1-RZ-XY-line,12,72,6.0,5,gaussian,RANDOM_LOCAL,0.0,128,128,1260,128,1.0,4096,4095,0.7761375196005418,0.3773920607235024,0.4874949711716784,0.0227078774859706,0.0303429721931114,44.03758125865439,0.0006835237452837,38.2492740436192,1,12,0.0837103971057251,0.0029304029304029,28.56617301232872,0.0807799941753222,0.0029304029304029,0.0002072219923049,389.82346070892186,0.600105694884399,0.5193257007090768,0.5184343694180022,0.43765437524268,,,0,2.220446049250313e-16,3.150613163178453e-16,2.220446049250313e-16,1.6306400674181987e-16,-0.2033441125296652,10,0.2
v2_basis,measurement-basis robustness and scope,U1-RZ-XY-line|n12|d72|i5|dir=gaussian|basis=RANDOM_LOCAL|eta=0,U1-RZ-XY-line|n12|d72|i5,U1-RZ-XY-line,12,72,6.0,5,gaussian,RANDOM_LOCAL,0.0,128,128,1260,128,1.0,4096,4095,0.7761375196005418,0.3773920607235024,0.4874949711716784,0.0227078774859706,0.0303429721931114,44.03758125865439,0.0006835237452837,38.2492740436192,2,78,0.2025598374586367,0.019047619047619,10.634391466578428,0.1835122184110177,0.019047619047619,0.0005240271024369,350.1960443602878,1.5175592365862105,1.334047018175193,1.3110271616828983,1.1275149432718807,,,0,2.220446049250313e-16,3.150613163178453e-16,2.220446049250313e-16,1.6306400674181987e-16,-0.2033441125296652,10,0.2
v2_basis,measurement-basis robustness and scope,SU2-CNOT-line|n8|d48|i2|dir=gaussian|basis=Z|eta=0,SU2-CNOT-line|n8|d48|i2,SU2-CNOT-line,8,48,6.0,2,gaussian,Z,0.0,128,128,1152,128,1.0,256,255,0.9722332547908552,0.4781788988902045,0.4913190852930895,0.0058686019139828,0.0136352534615298,170.39833586554053,4.455766871978543e-05,149.80929832410382,1,8,0.0294139960979318,0.0313725490196078,0.9375711256215776,-0.0019585529216759,0.0313725490196078,0.001518612470852,-1.2896989582714584,0.2743565822860563,0.2723980293643803,0.122831588422761,0.120873035501085,,,0,3.552713678800501e-15,6.470611579388544e-16,3.774758283725532e-15,6.071532165918825e-17,-0.3721281476638581,10,0.2
v2_basis,measurement-basis robustness and scope,SU2-CNOT-line|n8|d48|i2|dir=gaussian|basis=Z|eta=0,SU2-CNOT-line|n8|d48|i2,SU2-CNOT-line,8,48,6.0,2,gaussian,Z,0.0,128,128,1152,128,1.0,256,255,0.9722332547908552,0.4781788988902045,0.4913190852930895,0.0058686019139828,0.0136352534615298,170.39833586554053,4.455766871978543e-05,149.80929832410382,2,36,0.1376834272709079,0.1411764705882353,0.9752576098355976,-0.0034930433173273,0.1411764705882353,0.0030333798649103,-1.15153507733545,0.5480185027357168,0.5445254594183895,0.2453521713064159,0.2418591279890886,,,0,3.552713678800501e-15,6.470611579388544e-16,3.774758283725532e-15,6.071532165918825e-17,-0.3721281476638581,10,0.2
v2_basis,measurement-basis robustness and scope,SU2-CNOT-line|n12|d72|i0|dir=gaussian|basis=Z|eta=0,SU2-CNOT-line|n12|d72|i0,SU2-CNOT-line,12,72,6.0,0,gaussian,Z,0.0,128,128,2592,128,1.0,4096,4095,0.9943813352478186,0.4920013297783862,0.4947931677101235,0.0010735669535869,0.008877679711762,931.4742752269824,1.815341577997156e-06,742.1997823341967,1,12,0.0029305962452364,0.0029304029304029,1.0000659686869489,1.9331483354975007e-07,0.0029304029304029,0.0001109824701871,0.0017418501608747,0.3214003091603449,0.3214001158455113,0.0996154404146923,0.0996152470998588,,,0,2.886579864025407e-15,2.975292760871239e-16,3.1086244689504387e-15,2.255140518769849e-17,-0.4512030966943658,10,0.2
v2_basis,measurement-basis robustness and scope,SU2-CNOT-line|n12|d72|i0|dir=gaussian|basis=Z|eta=0,SU2-CNOT-line|n12|d72|i0,SU2-CNOT-line,12,72,6.0,0,gaussian,Z,0.0,128,128,2592,128,1.0,4096,4095,0.9943813352478186,0.4920013297783862,0.4947931677101235,0.0010735669535869,0.008877679711762,931.4742752269824,1.815341577997156e-06,742.1997823341967,2,78,0.0192300796054931,0.019047619047619,1.00957917928839,0.000182460557874,0.019047619047619,0.0002806546816125,0.6501247612395148,0.8127635047721075,0.8125810442142334,0.2519095102689213,0.2517270497110472,,,0,2.886579864025407e-15,2.975292760871239e-16,3.1086244689504387e-15,2.255140518769849e-17,-0.4512030966943658,10,0.2
v2_basis,measurement-basis robustness and scope,SU2-CNOT-line|n12|d72|i8|dir=gaussian|basis=Z|eta=0,SU2-CNOT-line|n12|d72|i8,SU2-CNOT-line,12,72,6.0,8,gaussian,Z,0.0,128,128,2592,128,1.0,4096,4095,0.993984934077074,0.4918797928856889,0.4948290455149262,0.0010496321873618,0.008853931935898,952.7146861925218,1.6406126260870151e-06,780.7230025467776,1,12,0.002911204184621,0.0029304029304029,0.9934484280019236,-1.919874578190867e-05,0.0029304029304029,0.0001108297274989,-0.1732274022066621,0.3209579731127144,0.3209387743669325,0.0981675121230099,0.098148313377228,,,0,1.5543122344752194e-15,2.551496304753967e-16,1.7763568394002505e-15,2.7321894746634715e-17,-0.4599516855924657,10,0.2
v2_basis,measurement-basis robustness and scope,SU2-CNOT-line|n12|d72|i8|dir=gaussian|basis=Z|eta=0,SU2-CNOT-line|n12|d72|i8,SU2-CNOT-line,12,72,6.0,8,gaussian,Z,0.0,128,128,2592,128,1.0,4096,4095,0.993984934077074,0.4918797928856889,0.4948290455149262,0.0010496321873618,0.008853931935898,952.7146861925218,1.6406126260870151e-06,780.7230025467776,2,78,0.018286105223703,0.019047619047619,0.960020524244411,-0.0007615138239159,0.019047619047619,0.0002802684228595,-2.717087484013508,0.811644916562599,0.810883402738683,0.2482479603591502,0.2474864465352342,,,0,1.5543122344752194e-15,2.551496304753967e-16,1.7763568394002505e-15,2.7321894746634715e-17,-0.4599516855924657,10,0.2
v2_basis,measurement-basis robustness and scope,SU2-HaarU4-brickwork|n8|d48|i6|dir=gaussian|basis=Z|eta=0,SU2-HaarU4-brickwork|n8|d48|i6,SU2-HaarU4-brickwork,8,48,6.0,6,gaussian,Z,0.0,128,128,1152,128,1.0,256,255,0.978868671408926,0.4776136206908794,0.4879715525161216,0.0071624522740923,0.0149189956157009,139.61698615670383,6.959375873139422e-05,119.87120012085074,1,8,0.0291536875710488,0.0313725490196078,0.9292737913271808,-0.002218861448559,0.0313725490196078,0.0016158479866834,-1.3731869995477142,0.2919234101057545,0.2897045486571954,0.1584729343596626,0.1562540729111036,,,0,1.1435297153639112e-14,2.8206945114310908e-15,1.1324274851176595e-14,6.418476861114186e-17,-0.3640576001735556,10,0.2
v2_basis,measurement-basis robustness and scope,SU2-HaarU4-brickwork|n8|d48|i6|dir=gaussian|basis=Z|eta=0,SU2-HaarU4-brickwork|n8|d48|i6,SU2-HaarU4-brickwork,8,48,6.0,6,gaussian,Z,0.0,128,128,1152,128,1.0,256,255,0.978868671408926,0.4776136206908794,0.4879715525161216,0.0071624522740923,0.0149189956157009,139.61698615670383,6.959375873139422e-05,119.87120012085074,2,36,0.1366698915292193,0.1411764705882353,0.9680783983319702,-0.0045065790590159,0.1411764705882353,0.0032276046994473,-1.3962611529806244,0.5831076797452543,0.5786011006862384,0.3165446204653777,0.3120380414063617,,,0,1.1435297153639112e-14,2.8206945114310908e-15,1.1324274851176595e-14,6.418476861114186e-17,-0.3640576001735556,10,0.2
v2_basis,measurement-basis robustness and scope,SU2-HaarU4-brickwork|n12|d72|i4|dir=gaussian|basis=Z|eta=0,SU2-HaarU4-brickwork|n12|d72|i4,SU2-HaarU4-brickwork,12,72,6.0,4,gaussian,Z,0.0,128,128,2592,128,1.0,4096,4095,0.9879195310948218,0.4893981012472547,0.495375903140784,0.0016168262103062,0.0094166947555382,618.4956636808765,4.014983263765035e-06,499.06616866751455,1,12,0.0027351563467242,0.0029304029304029,0.933372103319634,-0.0001952465836787,0.0029304029304029,0.0001143945111929,-1.7067827961559363,0.3312814285143589,0.3310861819306801,0.1281532029542413,0.1279579563705626,,,0,1.8318679906315083e-14,2.6255395207760803e-15,1.8318679906315083e-14,2.6020852139652106e-17,-0.4334457657000225,10,0.2
v2_basis,measurement-basis robustness and scope,SU2-HaarU4-brickwork|n12|d72|i4|dir=gaussian|basis=Z|eta=0,SU2-HaarU4-brickwork|n12|d72|i4,SU2-HaarU4-brickwork,12,72,6.0,4,gaussian,Z,0.0,128,128,2592,128,1.0,4096,4095,0.9879195310948218,0.4893981012472547,0.495375903140784,0.0016168262103062,0.0094166947555382,618.4956636808765,4.014983263765035e-06,499.06616866751455,2,78,0.0179909920337903,0.019047619047619,0.944527081773994,-0.0010566270138286,0.019047619047619,0.0002892831188829,-3.652570595577314,0.8377510762471344,0.8366944492333057,0.3240763727109434,0.3230197456971147,,,0,1.8318679906315083e-14,2.6255395207760803e-15,1.8318679906315083e-14,2.6020852139652106e-17,-0.4334457657000225,10,0.2
v2_basis,measurement-basis robustness and scope,U1-RZ-XY-line|n8|d48|i2|dir=gaussian|basis=Z|eta=0,U1-RZ-XY-line|n8|d48|i2,U1-RZ-XY-line,8,48,6.0,2,gaussian,Z,0.0,128,128,552,128,1.0,70,69,0.75440401513189,0.3480728926281609,0.4640016792733101,0.0560516698467801,0.0634262661761021,17.840681691259988,0.003711982792596,16.41334215047935,1,7,0.4262677711631085,0.1014492753623188,4.201782315750641,0.3248184958007897,0.1014492753623188,0.0112915843269782,28.766423417192275,0.5547834732077138,0.2299649774069241,0.5112724909625543,0.1864539951617646,,,0,1.3322676295501878e-15,7.980934662415605e-16,1.3322676295501878e-15,9.887923813067799e-17,-0.1392847673509072,10,0.2
v2_basis,measurement-basis robustness and scope,U1-RZ-XY-line|n8|d48|i2|dir=gaussian|basis=Z|eta=0,U1-RZ-XY-line|n8|d48|i2,U1-RZ-XY-line,8,48,6.0,2,gaussian,Z,0.0,128,128,552,128,1.0,70,69,0.75440401513189,0.3480728926281609,0.4640016792733101,0.0560516698467801,0.0634262661761021,17.840681691259988,0.003711982792596,16.41334215047935,2,27,0.7059840260930015,0.391304347826087,1.804181400015448,0.3146796782669145,0.391304347826087,0.0182522557206696,17.24059114022593,0.8967784793844116,0.582098801117497,0.8264452514158,0.5117655731488855,,,0,1.3322676295501878e-15,7.980934662415605e-16,1.3322676295501878e-15,9.887923813067799e-17,-0.1392847673509072,10,0.2
v2_basis,measurement-basis robustness and scope,U1-RZ-XY-line|n8|d48|i10|dir=gaussian|basis=Z|eta=0,U1-RZ-XY-line|n8|d48|i10,U1-RZ-XY-line,8,48,6.0,10,gaussian,Z,0.0,128,128,552,128,1.0,70,69,0.7553188845524837,0.3489012400914498,0.4705920902757344,0.0572646938877087,0.064629813466711,17.462766883219793,0.0042011865530401,15.428155825680772,1,7,0.4331164658615155,0.1014492753623188,4.269290877777795,0.3316671904991966,0.1014492753623188,0.0114296022616922,29.01826178246121,0.5615646357946701,0.2298974452954734,0.5186803499573807,0.187013159458184,,,0,6.661338147750939e-16,3.7129566767155913e-16,6.661338147750939e-16,7.63278329429795e-17,-0.0899455677912857,10,0.2
v2_basis,measurement-basis robustness and scope,U1-RZ-XY-line|n8|d48|i10|dir=gaussian|basis=Z|eta=0,U1-RZ-XY-line|n8|d48|i10,U1-RZ-XY-line,8,48,6.0,10,gaussian,Z,0.0,128,128,552,128,1.0,70,69,0.7553188845524837,0.3489012400914498,0.4705920902757344,0.0572646938877087,0.064629813466711,17.462766883219793,0.0042011865530401,15.428155825680772,2,27,0.7582045804729936,0.391304347826087,1.937633927875428,0.3669002326469066,0.391304347826087,0.0184753544963143,19.858900824885392,0.907739874175118,0.5408396415282115,0.8384196681850379,0.4715194355381313,,,0,6.661338147750939e-16,3.7129566767155913e-16,6.661338147750939e-16,7.63278329429795e-17,-0.0899455677912857,10,0.2
v2_basis,measurement-basis robustness and scope,U1-RZ-XY-line|n12|d72|i6|dir=gaussian|basis=Z|eta=0,U1-RZ-XY-line|n12|d72|i6,U1-RZ-XY-line,12,72,6.0,6,gaussian,Z,0.0,128,128,1260,128,1.0,924,923,0.7684598511245208,0.3611475201152763,0.4709301637871568,0.0249824805595181,0.0325998049301468,40.02805076211733,0.0007659823612851,36.13188468411929,1,11,0.2977902957167682,0.0119176598049837,24.98731299514337,0.2858726359117844,0.0119176598049837,0.0008962718478261,318.95750893565946,0.5852764968870096,0.2994038609752251,0.5096632194073065,0.2237905834955221,,,0,2.220446049250313e-15,1.0443092957230525e-15,2.220446049250313e-15,6.245004513516506e-17,-0.2022016183328931,10,0.2
v2_basis,measurement-basis robustness and scope,U1-RZ-XY-line|n12|d72|i6|dir=gaussian|basis=Z|eta=0,U1-RZ-XY-line|n12|d72|i6,U1-RZ-XY-line,12,72,6.0,6,gaussian,Z,0.0,128,128,1260,128,1.0,924,923,0.7684598511245208,0.3611475201152763,0.4709301637871568,0.0249824805595181,0.0325998049301468,40.02805076211733,0.0007659823612851,36.13188468411929,2,65,0.5515358780935635,0.0704225352112676,7.8318094689286015,0.4811133428822959,0.0704225352112676,0.0021132278025302,227.66752467776607,1.3799636442771126,0.8988503013948167,1.2016828240124788,0.7205694811301829,,,0,2.220446049250313e-15,1.0443092957230525e-15,2.220446049250313e-15,6.245004513516506e-17,-0.2022016183328931,10,0.2
v2_basis,measurement-basis robustness and scope,SU2-CNOT-line|n8|d48|i2|dir=gaussian|basis=X|eta=0,SU2-CNOT-line|n8|d48|i2,SU2-CNOT-line,8,48,6.0,2,gaussian,X,0.0,128,128,1152,128,1.0,256,255,0.9722332547908537,0.4835656906446897,0.4971266417076406,0.0058954839322939,0.0136619254640728,169.62135958377607,4.456506308362132e-05,149.7968694130353,1,8,0.0310602199325314,0.0313725490196078,0.9900445103494409,-0.0003123290870763,0.0313725490196078,0.001520695957708,-0.2053856232689105,0.2747329905824416,0.2744206614953652,0.1236766283557631,0.1233642992686867,,,0,2.220446049250313e-15,6.375486389910268e-16,2.220446049250313e-15,6.938893903907227e-17,-0.3717006608476799,10,0.2
v2_basis,measurement-basis robustness and scope,SU2-CNOT-line|n8|d48|i2|dir=gaussian|basis=X|eta=0,SU2-CNOT-line|n8|d48|i2,SU2-CNOT-line,8,48,6.0,2,gaussian,X,0.0,128,128,1152,128,1.0,256,255,0.9722332547908537,0.4835656906446897,0.4971266417076406,0.0058954839322939,0.0136619254640728,169.62135958377607,4.456506308362132e-05,149.7968694130353,2,36,0.1343212806024217,0.1411764705882353,0.9514424042671538,-0.0068551899858135,0.1411764705882353,0.003037541563302,-2.25682178925033,0.5487703662750699,0.5419151762892563,0.2470401115591228,0.2401849215733092,,,0,2.220446049250313e-15,6.375486389910268e-16,2.220446049250313e-15,6.938893903907227e-17,-0.3717006608476799,10,0.2
v2_basis,measurement-basis robustness and scope,SU2-CNOT-line|n12|d72|i0|dir=gaussian|basis=X|eta=0,SU2-CNOT-line|n12|d72|i0,SU2-CNOT-line,12,72,6.0,0,gaussian,X,0.0,128,128,2592,128,1.0,4096,4095,0.9943813352478164,0.4937503032120897,0.4965901510298175,0.001061270826205,0.0088654796478753,942.2665499774948,1.7845928986930645e-06,748.5665554560251,1,12,0.0028895994607949,0.0029304029304029,0.9860758159962664,-4.080346960801031e-05,0.0029304029304029,0.0001109040271963,-0.3679169335822669,0.3211731417397177,0.3211323382701097,0.0988742374520454,0.0988334339824374,,,0,8.881784197001252e-16,3.139852486550218e-16,8.881784197001252e-16,2.6020852139652106e-17,-0.4578223903769173,10,0.2
v2_basis,measurement-basis robustness and scope,SU2-CNOT-line|n12|d72|i0|dir=gaussian|basis=X|eta=0,SU2-CNOT-line|n12|d72|i0,SU2-CNOT-line,12,72,6.0,0,gaussian,X,0.0,128,128,2592,128,1.0,4096,4095,0.9943813352478164,0.4937503032120897,0.4965901510298175,0.001061270826205,0.0088654796478753,942.2665499774948,1.7845928986930645e-06,748.5665554560251,2,78,0.0187828648724891,0.019047619047619,0.9861004058056824,-0.0002647541751298,0.019047619047619,0.0002804563134147,-0.9440121775343054,0.8121890392731745,0.8119242850980447,0.2500351414506641,0.2497703872755342,,,0,8.881784197001252e-16,3.139852486550218e-16,8.881784197001252e-16,2.6020852139652106e-17,-0.4578223903769173,10,0.2
v2_basis,measurement-basis robustness and scope,SU2-CNOT-line|n12|d72|i8|dir=gaussian|basis=X|eta=0,SU2-CNOT-line|n12|d72|i8,SU2-CNOT-line,12,72,6.0,8,gaussian,X,0.0,128,128,2592,128,1.0,4096,4095,0.993984934077072,0.4952859683893627,0.4982746748205339,0.0010291187250707,0.0088335787350311,971.7051839001448,1.4977306083048685e-06,817.1149328442262,1,12,0.0028564639303557,0.0029304029304029,0.9747683162338944,-7.393900004719605e-05,0.0029304029304029,0.0001106986505679,-0.667930455049153,0.3205783801368594,0.3205044411368122,0.0969093403209874,0.0968354013209402,,,0,4.440892098500626e-16,2.432958371850798e-16,4.440892098500626e-16,2.7321894746634715e-17,-0.4579612082233765,10,0.2
v2_basis,measurement-basis robustness and scope,SU2-CNOT-line|n12|d72|i8|dir=gaussian|basis=X|eta=0,SU2-CNOT-line|n12|d72|i8,SU2-CNOT-line,12,72,6.0,8,gaussian,X,0.0,128,128,2592,128,1.0,4096,4095,0.993984934077072,0.4952859683893627,0.4982746748205339,0.0010291187250707,0.0088335787350311,971.7051839001448,1.4977306083048685e-06,817.1149328442262,2,78,0.0188047462791023,0.019047619047619,0.9872491796528718,-0.0002428727685167,0.019047619047619,0.0002799369529053,-0.8675981002010825,0.8106849942829696,0.8104421215144528,0.2450662704407778,0.2448233976722611,,,0,4.440892098500626e-16,2.432958371850798e-16,4.440892098500626e-16,2.7321894746634715e-17,-0.4579612082233765,10,0.2
v2_basis,measurement-basis robustness and scope,SU2-HaarU4-brickwork|n8|d48|i6|dir=gaussian|basis=X|eta=0,SU2-HaarU4-brickwork|n8|d48|i6,SU2-HaarU4-brickwork,8,48,6.0,6,gaussian,X,0.0,128,128,1152,128,1.0,256,255,0.9788686714089244,0.4727844423064276,0.4831579893228296,0.0070718227208495,0.0148290741058428,141.40625966934186,6.694284416830322e-05,122.2215873931411,1,8,0.0299444297978067,0.0313725490196078,0.9544786998050888,-0.0014281192218011,0.0313725490196078,0.0016092283598777,-0.8874559120432005,0.2907274906587186,0.2892993714369175,0.1562414181305119,0.1548132989087107,,,0,1.2878587085651816e-14,2.8215298667507564e-15,1.2878587085651816e-14,7.28583859910259e-17,-0.372544450387153,10,0.2
v2_basis,measurement-basis robustness and scope,SU2-HaarU4-brickwork|n8|d48|i6|dir=gaussian|basis=X|eta=0,SU2-HaarU4-brickwork|n8|d48|i6,SU2-HaarU4-brickwork,8,48,6.0,6,gaussian,X,0.0,128,128,1152,128,1.0,256,255,0.9788686714089244,0.4727844423064276,0.4831579893228296,0.0070718227208495,0.0148290741058428,141.40625966934186,6.694284416830322e-05,122.2215873931411,2,36,0.1337356832617361,0.1411764705882353,0.9472944231039644,-0.0074407873264991,0.1411764705882353,0.0032143822065132,-2.31484212158158,0.580718868879861,0.5732780815533618,0.3120872381327221,0.3046464508062229,,,0,1.2878587085651816e-14,2.8215298667507564e-15,1.2878587085651816e-14,7.28583859910259e-17,-0.372544450387153,10,0.2
v2_basis,measurement-basis robustness and scope,SU2-HaarU4-brickwork|n12|d72|i4|dir=gaussian|basis=X|eta=0,SU2-HaarU4-brickwork|n12|d72|i4,SU2-HaarU4-brickwork,12,72,6.0,4,gaussian,X,0.0,128,128,2592,128,1.0,4096,4095,0.9879195310948196,0.490689136029975,0.4966568722885646,0.0016352063918578,0.0094349313419214,611.543597786361,4.0042680349313405e-06,499.7334610973379,1,12,0.0027002861525909,0.0029304029304029,0.921472649571651,-0.000230116777812,0.0029304029304029,0.0001145081732666,-2.009610067537116,0.3316105888366033,0.3313804720587913,0.1290083689920756,0.1287782522142636,,,0,2.0317081350640365e-14,2.6255453858406404e-15,2.042810365310288e-14,2.5587171270657905e-17,-0.4425512303868055,10,0.2
v2_basis,measurement-basis robustness and scope,SU2-HaarU4-brickwork|n12|d72|i4|dir=gaussian|basis=X|eta=0,SU2-HaarU4-brickwork|n12|d72|i4,SU2-HaarU4-brickwork,12,72,6.0,4,gaussian,X,0.0,128,128,2592,128,1.0,4096,4095,0.9879195310948196,0.490689136029975,0.4966568722885646,0.0016352063918578,0.0094349313419214,611.543597786361,4.0042680349313405e-06,499.7334610973379,2,78,0.0183944448432984,0.019047619047619,0.9657083542731684,-0.0006531742043206,0.019047619047619,0.0002895705497994,-2.2556651730396093,0.8385834634275894,0.8379302892232687,0.3262389336241177,0.3255857594197971,,,0,2.0317081350640365e-14,2.6255453858406404e-15,2.042810365310288e-14,2.5587171270657905e-17,-0.4425512303868055,10,0.2
v2_basis,measurement-basis robustness and scope,U1-RZ-XY-line|n8|d48|i2|dir=gaussian|basis=X|eta=0,U1-RZ-XY-line|n8|d48|i2,U1-RZ-XY-line,8,48,6.0,2,gaussian,X,0.0,128,128,552,128,1.0,256,255,0.7544040151318889,0.3834645701033169,0.5066828383603252,0.050295212993012,0.0577147816415041,19.88260791616369,0.0031578513948045,17.795252540200863,1,8,3.318158870228351e-33,0.0313725490196078,1.0576631398852869e-31,-0.0313725490196078,0.0313725490196078,0.0035737050041327,-8.778718160376242,0.6456350845599862,0.6142625355403784,0.5994583217170958,0.568085772697488,,,0,2.886579864025407e-15,8.140586152144582e-16,2.886579864025407e-15,1.0408340855860844e-16,-0.1706724700401356,10,0.2
v2_basis,measurement-basis robustness and scope,U1-RZ-XY-line|n8|d48|i2|dir=gaussian|basis=X|eta=0,U1-RZ-XY-line|n8|d48|i2,U1-RZ-XY-line,8,48,6.0,2,gaussian,X,0.0,128,128,552,128,1.0,256,255,0.7544040151318889,0.3834645701033169,0.5066828383603252,0.050295212993012,0.0577147816415041,19.88260791616369,0.0031578513948045,17.795252540200863,2,36,0.3804273117902629,0.1411764705882353,2.694693458514362,0.2392508412020276,0.1411764705882353,0.0071383615048171,33.516212514675125,1.289635442335782,1.0503846011337543,1.1973988346936946,0.958147993491667,,,0,2.886579864025407e-15,8.140586152144582e-16,2.886579864025407e-15,1.0408340855860844e-16,-0.1706724700401356,10,0.2
v2_basis,measurement-basis robustness and scope,U1-RZ-XY-line|n8|d48|i10|dir=gaussian|basis=X|eta=0,U1-RZ-XY-line|n8|d48|i10,U1-RZ-XY-line,8,48,6.0,10,gaussian,X,0.0,128,128,552,128,1.0,256,255,0.7553188845524825,0.3858968519641669,0.5103290147653924,0.0495169550456702,0.0569426038343759,20.195102850683863,0.0032323176342948,17.589074330515672,1,8,2.9822143157271428e-33,0.0313725490196078,9.505808131380268e-32,-0.0313725490196078,0.0313725490196078,0.0035479628125275,-8.842412019887574,0.6409844315165564,0.6096118824969485,0.5944068836932879,0.56303433467368,,,0,6.661338147750939e-16,3.690845870243564e-16,8.881784197001252e-16,1.2706849461530112e-16,-0.1133689403066496,10,0.2
v2_basis,measurement-basis robustness and scope,U1-RZ-XY-line|n8|d48|i10|dir=gaussian|basis=X|eta=0,U1-RZ-XY-line|n8|d48|i10,U1-RZ-XY-line,8,48,6.0,10,gaussian,X,0.0,128,128,552,128,1.0,256,255,0.7553188845524825,0.3858968519641669,0.5103290147653924,0.0495169550456702,0.0569426038343759,20.195102850683863,0.0032323176342948,17.589074330515672,2,36,0.4339601077514575,0.1411764705882353,3.0738840965728245,0.2927836371632222,0.1411764705882353,0.0070869422999886,41.31311146186316,1.2803459115493605,0.9875622743861384,1.187308748720896,0.8945251115576738,,,0,6.661338147750939e-16,3.690845870243564e-16,8.881784197001252e-16,1.2706849461530112e-16,-0.1133689403066496,10,0.2
v2_basis,measurement-basis robustness and scope,U1-RZ-XY-line|n12|d72|i6|dir=gaussian|basis=X|eta=0,U1-RZ-XY-line|n12|d72|i6,U1-RZ-XY-line,12,72,6.0,6,gaussian,X,0.0,128,128,1260,128,1.0,4096,4095,0.7684598511245191,0.3861472590219438,0.5019893772230424,0.0225305958235677,0.0301670755436961,44.38409032014887,0.0006827856490936,38.26994232945184,1,12,4.6548469449760825e-33,0.0029304029304029,1.588466519973088e-30,-0.0029304029304029,0.0029304029304029,0.0002066156043908,-14.182873258977256,0.5983496223917802,0.5954192194613773,0.5163845945857054,0.5134541916553025,,,0,0.0,1.0435529660934593e-15,0.0,5.2041704279304207e-17,-0.2279904779997802,10,0.2
v2_basis,measurement-basis robustness and scope,U1-RZ-XY-line|n12|d72|i6|dir=gaussian|basis=X|eta=0,U1-RZ-XY-line|n12|d72|i6,U1-RZ-XY-line,12,72,6.0,6,gaussian,X,0.0,128,128,1260,128,1.0,4096,4095,0.7684598511245191,0.3861472590219438,0.5019893772230424,0.0225305958235677,0.0301670755436961,44.38409032014887,0.0006827856490936,38.26994232945184,2,78,0.2164065383032543,0.019047619047619,11.361343260920853,0.1973589192556353,0.019047619047619,0.0005224936565993,377.7250053907884,1.5131184454822335,1.3157595262265982,1.3058436502511774,1.108484730995542,,,0,0.0,1.0435529660934593e-15,0.0,5.2041704279304207e-17,-0.2279904779997802,10,0.2
