profile,analysis_role,job_id,circuit_id,family,n,depth_factor,tangent_count_used,k,regular_fraction,state_norm_error,horizontal_overlap_max,probability_sum_error,probability_tangent_sum_max,fisher_violation_max,theorem_bound_slack_sample
v2_basis,measurement-basis robustness and scope,SU2-CNOT-line|n8|d48|i0|dir=gaussian|basis=Z|eta=0,SU2-CNOT-line|n8|d48|i0,SU2-CNOT-line,8,6.0,128,1,1.0,1.3322676295501878e-15,2.719200663383584e-16,1.3322676295501878e-15,4.510281037539698e-17,-0.3871361273679606,0.2732254570215386
v2_basis,measurement-basis robustness and scope,SU2-CNOT-line|n8|d48|i0|dir=gaussian|basis=Z|eta=0,SU2-CNOT-line|n8|d48|i0,SU2-CNOT-line,8,6.0,128,2,1.0,1.3322676295501878e-15,2.719200663383584e-16,1.3322676295501878e-15,4.510281037539698e-17,-0.3871361273679606,0.5444647281618771
v2_basis,measurement-basis robustness and scope,SU2-CNOT-line|n8|d48|i8|dir=gaussian|basis=Z|eta=0,SU2-CNOT-line|n8|d48|i8,SU2-CNOT-line,8,6.0,128,1,1.0,2.4424906541753444e-15,4.1639145433529365e-16,2.4424906541753444e-15,7.28583859910259e-17,-0.4021933412810942,0.2737713783648264
v2_basis,measurement-basis robustness and scope,SU2-CNOT-line|n8|d48|i8|dir=gaussian|basis=Z|eta=0,SU2-CNOT-line|n8|d48|i8,SU2-CNOT-line,8,6.0,128,2,1.0,2.4424906541753444e-15,4.1639145433529365e-16,2.4424906541753444e-15,7.28583859910259e-17,-0.4021933412810942,0.54773892834304
v2_basis,measurement-basis robustness and scope,SU2-CNOT-line|n12|d72|i6|dir=gaussian|basis=Z|eta=0,SU2-CNOT-line|n12|d72|i6,SU2-CNOT-line,12,6.0,128,1,1.0,2.664535259100376e-15,3.088176272170235e-16,2.886579864025407e-15,4.8572257327350605e-17,-0.4578002589695552,0.3206823655100143
v2_basis,measurement-basis robustness and scope,SU2-CNOT-line|n12|d72|i6|dir=gaussian|basis=Z|eta=0,SU2-CNOT-line|n12|d72|i6,SU2-CNOT-line,12,6.0,128,2,1.0,2.664535259100376e-15,3.088176272170235e-16,2.886579864025407e-15,4.8572257327350605e-17,-0.4578002589695552,0.8109300219874821
v2_basis,measurement-basis robustness and scope,SU2-HaarU4-brickwork|n8|d48|i4|dir=gaussian|basis=Z|eta=0,SU2-HaarU4-brickwork|n8|d48|i4,SU2-HaarU4-brickwork,8,6.0,128,1,1.0,1.1657341758564144e-14,2.3453467810603023e-15,1.1546319456101628e-14,4.336808689942018e-17,-0.3807553528004079,0.2958994260558472
v2_basis,measurement-basis robustness and scope,SU2-HaarU4-brickwork|n8|d48|i4|dir=gaussian|basis=Z|eta=0,SU2-HaarU4-brickwork|n8|d48|i4,SU2-HaarU4-brickwork,8,6.0,128,2,1.0,1.1657341758564144e-14,2.3453467810603023e-15,1.1546319456101628e-14,4.336808689942018e-17,-0.3807553528004079,0.5906925727365879
v2_basis,measurement-basis robustness and scope,SU2-HaarU4-brickwork|n12|d72|i2|dir=gaussian|basis=Z|eta=0,SU2-HaarU4-brickwork|n12|d72|i2,SU2-HaarU4-brickwork,12,6.0,128,1,1.0,1.2656542480726783e-14,1.6514824624299258e-15,1.27675647831893e-14,2.0816681711721685e-17,-0.4278689632889386,0.3311833020987892
v2_basis,measurement-basis robustness and scope,SU2-HaarU4-brickwork|n12|d72|i2|dir=gaussian|basis=Z|eta=0,SU2-HaarU4-brickwork|n12|d72|i2,SU2-HaarU4-brickwork,12,6.0,128,2,1.0,1.2656542480726783e-14,1.6514824624299258e-15,1.27675647831893e-14,2.0816681711721685e-17,-0.4278689632889386,0.8372120412599556
v2_basis,measurement-basis robustness and scope,U1-RZ-XY-line|n8|d48|i0|dir=gaussian|basis=Z|eta=0,U1-RZ-XY-line|n8|d48|i0,U1-RZ-XY-line,8,6.0,128,1,1.0,6.661338147750939e-16,3.778353571698973e-16,5.551115123125784e-16,1.1102230246251563e-16,-0.1051912339495186,0.2216466915360787
v2_basis,measurement-basis robustness and scope,U1-RZ-XY-line|n8|d48|i0|dir=gaussian|basis=Z|eta=0,U1-RZ-XY-line|n8|d48|i0,U1-RZ-XY-line,8,6.0,128,2,1.0,6.661338147750939e-16,3.778353571698973e-16,5.551115123125784e-16,1.1102230246251563e-16,-0.1051912339495186,0.5301646462931786
v2_basis,measurement-basis robustness and scope,U1-RZ-XY-line|n8|d48|i8|dir=gaussian|basis=Z|eta=0,U1-RZ-XY-line|n8|d48|i8,U1-RZ-XY-line,8,6.0,128,1,1.0,2.7755575615628917e-15,1.3843267244317949e-15,2.886579864025407e-15,1.1102230246251563e-16,-0.1339680323552741,0.1847939507375914
v2_basis,measurement-basis robustness and scope,U1-RZ-XY-line|n8|d48|i8|dir=gaussian|basis=Z|eta=0,U1-RZ-XY-line|n8|d48|i8,U1-RZ-XY-line,8,6.0,128,2,1.0,2.7755575615628917e-15,1.3843267244317949e-15,2.886579864025407e-15,1.1102230246251563e-16,-0.1339680323552741,0.5481934759125346
v2_basis,measurement-basis robustness and scope,U1-RZ-XY-line|n12|d72|i4|dir=gaussian|basis=Z|eta=0,U1-RZ-XY-line|n12|d72|i4,U1-RZ-XY-line,12,6.0,128,1,1.0,3.996802888650564e-15,1.8770509621175218e-15,3.996802888650564e-15,5.551115123125783e-17,-0.2177845732367729,0.3015445945336812
v2_basis,measurement-basis robustness and scope,U1-RZ-XY-line|n12|d72|i4|dir=gaussian|basis=Z|eta=0,U1-RZ-XY-line|n12|d72|i4,U1-RZ-XY-line,12,6.0,128,2,1.0,3.996802888650564e-15,1.8770509621175218e-15,3.996802888650564e-15,5.551115123125783e-17,-0.2177845732367729,0.900863382820391
v2_basis,measurement-basis robustness and scope,SU2-CNOT-line|n8|d48|i0|dir=gaussian|basis=X|eta=0,SU2-CNOT-line|n8|d48|i0,SU2-CNOT-line,8,6.0,128,1,1.0,0.0,2.8276524777180693e-16,0.0,6.071532165918825e-17,-0.3641386795645722,0.2700451057238425
v2_basis,measurement-basis robustness and scope,SU2-CNOT-line|n8|d48|i0|dir=gaussian|basis=X|eta=0,SU2-CNOT-line|n8|d48|i0,SU2-CNOT-line,8,6.0,128,2,1.0,0.0,2.8276524777180693e-16,0.0,6.071532165918825e-17,-0.3641386795645722,0.5416738586272972
v2_basis,measurement-basis robustness and scope,SU2-CNOT-line|n8|d48|i8|dir=gaussian|basis=X|eta=0,SU2-CNOT-line|n8|d48|i8,SU2-CNOT-line,8,6.0,128,1,1.0,8.881784197001252e-16,4.1929472162615895e-16,8.881784197001252e-16,5.551115123125783e-17,-0.3768103719979047,0.273791962660223
v2_basis,measurement-basis robustness and scope,SU2-CNOT-line|n8|d48|i8|dir=gaussian|basis=X|eta=0,SU2-CNOT-line|n8|d48|i8,SU2-CNOT-line,8,6.0,128,2,1.0,8.881784197001252e-16,4.1929472162615895e-16,8.881784197001252e-16,5.551115123125783e-17,-0.3768103719979047,0.5486970504323953
v2_basis,measurement-basis robustness and scope,SU2-CNOT-line|n12|d72|i6|dir=gaussian|basis=X|eta=0,SU2-CNOT-line|n12|d72|i6,SU2-CNOT-line,12,6.0,128,1,1.0,8.881784197001252e-16,3.01942810907654e-16,8.881784197001252e-16,4.9439619065338996e-17,-0.4610958769844079,0.3206147148246797
v2_basis,measurement-basis robustness and scope,SU2-CNOT-line|n12|d72|i6|dir=gaussian|basis=X|eta=0,SU2-CNOT-line|n12|d72|i6,SU2-CNOT-line,12,6.0,128,2,1.0,8.881784197001252e-16,3.01942810907654e-16,8.881784197001252e-16,4.9439619065338996e-17,-0.4610958769844079,0.8104344336754381
v2_basis,measurement-basis robustness and scope,SU2-HaarU4-brickwork|n8|d48|i4|dir=gaussian|basis=X|eta=0,SU2-HaarU4-brickwork|n8|d48|i4,SU2-HaarU4-brickwork,8,6.0,128,1,1.0,1.2989609388114332e-14,2.366162821232365e-15,1.2989609388114332e-14,5.637851296924623e-17,-0.365575215341594,0.2907758492182277
v2_basis,measurement-basis robustness and scope,SU2-HaarU4-brickwork|n8|d48|i4|dir=gaussian|basis=X|eta=0,SU2-HaarU4-brickwork|n8|d48|i4,SU2-HaarU4-brickwork,8,6.0,128,2,1.0,1.2989609388114332e-14,2.366162821232365e-15,1.2989609388114332e-14,5.637851296924623e-17,-0.365575215341594,0.5779399892113369
v2_basis,measurement-basis robustness and scope,SU2-HaarU4-brickwork|n12|d72|i2|dir=gaussian|basis=X|eta=0,SU2-HaarU4-brickwork|n12|d72|i2,SU2-HaarU4-brickwork,12,6.0,128,1,1.0,1.498801083243961e-14,1.6289101510049649e-15,1.498801083243961e-14,2.2985086056692694e-17,-0.434489138784879,0.3309271197531737
v2_basis,measurement-basis robustness and scope,SU2-HaarU4-brickwork|n12|d72|i2|dir=gaussian|basis=X|eta=0,SU2-HaarU4-brickwork|n12|d72|i2,SU2-HaarU4-brickwork,12,6.0,128,2,1.0,1.498801083243961e-14,1.6289101510049649e-15,1.498801083243961e-14,2.2985086056692694e-17,-0.434489138784879,0.8370591385434156
v2_basis,measurement-basis robustness and scope,U1-RZ-XY-line|n8|d48|i0|dir=gaussian|basis=X|eta=0,U1-RZ-XY-line|n8|d48|i0,U1-RZ-XY-line,8,6.0,128,1,1.0,2.1094237467877974e-15,3.7975787239785663e-16,1.9984014443252818e-15,1.2836953722228372e-16,-0.1270050118400596,0.614632239221828
v2_basis,measurement-basis robustness and scope,U1-RZ-XY-line|n8|d48|i0|dir=gaussian|basis=X|eta=0,U1-RZ-XY-line|n8|d48|i0,U1-RZ-XY-line,8,6.0,128,2,1.0,2.1094237467877974e-15,3.7975787239785663e-16,1.9984014443252818e-15,1.2836953722228372e-16,-0.1270050118400596,0.9389160462434378
v2_basis,measurement-basis robustness and scope,U1-RZ-XY-line|n8|d48|i8|dir=gaussian|basis=X|eta=0,U1-RZ-XY-line|n8|d48|i8,U1-RZ-XY-line,8,6.0,128,1,1.0,4.218847493575595e-15,1.3808442454723577e-15,4.218847493575595e-15,6.938893903907227e-17,-0.1579149548099453,0.6052591589970855
v2_basis,measurement-basis robustness and scope,U1-RZ-XY-line|n8|d48|i8|dir=gaussian|basis=X|eta=0,U1-RZ-XY-line|n8|d48|i8,U1-RZ-XY-line,8,6.0,128,2,1.0,4.218847493575595e-15,1.3808442454723577e-15,4.218847493575595e-15,6.938893903907227e-17,-0.1579149548099453,0.9829594094254874
v2_basis,measurement-basis robustness and scope,U1-RZ-XY-line|n12|d72|i4|dir=gaussian|basis=X|eta=0,U1-RZ-XY-line|n12|d72|i4,U1-RZ-XY-line,12,6.0,128,1,1.0,1.9984014443252818e-15,1.880699478432937e-15,1.9984014443252818e-15,6.071532165918825e-17,-0.2077347217168692,0.6014650860822398
v2_basis,measurement-basis robustness and scope,U1-RZ-XY-line|n12|d72|i4|dir=gaussian|basis=X|eta=0,U1-RZ-XY-line|n12|d72|i4,U1-RZ-XY-line,12,6.0,128,2,1.0,1.9984014443252818e-15,1.880699478432937e-15,1.9984014443252818e-15,6.071532165918825e-17,-0.2077347217168692,1.3148357084511693
v2_basis,measurement-basis robustness and scope,SU2-CNOT-line|n8|d48|i2|dir=gaussian|basis=Y|eta=0,SU2-CNOT-line|n8|d48|i2,SU2-CNOT-line,8,6.0,128,1,1.0,2.220446049250313e-15,6.297141794121501e-16,2.220446049250313e-15,7.112366251504909e-17,-0.3638243565990106,0.2736337224707984
v2_basis,measurement-basis robustness and scope,SU2-CNOT-line|n8|d48|i2|dir=gaussian|basis=Y|eta=0,SU2-CNOT-line|n8|d48|i2,SU2-CNOT-line,8,6.0,128,2,1.0,2.220446049250313e-15,6.297141794121501e-16,2.220446049250313e-15,7.112366251504909e-17,-0.3638243565990106,0.5462261977783802
v2_basis,measurement-basis robustness and scope,SU2-CNOT-line|n12|d72|i0|dir=gaussian|basis=Y|eta=0,SU2-CNOT-line|n12|d72|i0,SU2-CNOT-line,12,6.0,128,1,1.0,1.1102230246251563e-15,3.140714936963266e-16,8.881784197001252e-16,2.255140518769849e-17,-0.4503442375498374,0.3208807189751199
v2_basis,measurement-basis robustness and scope,SU2-CNOT-line|n12|d72|i0|dir=gaussian|basis=Y|eta=0,SU2-CNOT-line|n12|d72|i0,SU2-CNOT-line,12,6.0,128,2,1.0,1.1102230246251563e-15,3.140714936963266e-16,8.881784197001252e-16,2.255140518769849e-17,-0.4503442375498374,0.811285312410497
v2_basis,measurement-basis robustness and scope,SU2-CNOT-line|n12|d72|i8|dir=gaussian|basis=Y|eta=0,SU2-CNOT-line|n12|d72|i8,SU2-CNOT-line,12,6.0,128,1,1.0,2.220446049250313e-16,2.491073821451918e-16,4.440892098500626e-16,2.688821387764051e-17,-0.4533651186766029,0.3206821087570791
v2_basis,measurement-basis robustness and scope,SU2-CNOT-line|n12|d72|i8|dir=gaussian|basis=Y|eta=0,SU2-CNOT-line|n12|d72|i8,SU2-CNOT-line,12,6.0,128,2,1.0,2.220446049250313e-16,2.491073821451918e-16,4.440892098500626e-16,2.688821387764051e-17,-0.4533651186766029,0.8106811863060266
v2_basis,measurement-basis robustness and scope,SU2-HaarU4-brickwork|n8|d48|i6|dir=gaussian|basis=Y|eta=0,SU2-HaarU4-brickwork|n8|d48|i6,SU2-HaarU4-brickwork,8,6.0,128,1,1.0,1.2878587085651816e-14,2.824129818890242e-15,1.27675647831893e-14,7.28583859910259e-17,-0.3592751822709782,0.2862373952613715
v2_basis,measurement-basis robustness and scope,SU2-HaarU4-brickwork|n8|d48|i6|dir=gaussian|basis=Y|eta=0,SU2-HaarU4-brickwork|n8|d48|i6,SU2-HaarU4-brickwork,8,6.0,128,2,1.0,1.2878587085651816e-14,2.824129818890242e-15,1.27675647831893e-14,7.28583859910259e-17,-0.3592751822709782,0.575612817618313
v2_basis,measurement-basis robustness and scope,SU2-HaarU4-brickwork|n12|d72|i4|dir=gaussian|basis=Y|eta=0,SU2-HaarU4-brickwork|n12|d72|i4,SU2-HaarU4-brickwork,12,6.0,128,1,1.0,2.042810365310288e-14,2.6107934463411284e-15,2.042810365310288e-14,3.2959746043559335e-17,-0.4427597058386952,0.3312965097690595
v2_basis,measurement-basis robustness and scope,SU2-HaarU4-brickwork|n12|d72|i4|dir=gaussian|basis=Y|eta=0,SU2-HaarU4-brickwork|n12|d72|i4,SU2-HaarU4-brickwork,12,6.0,128,2,1.0,2.042810365310288e-14,2.6107934463411284e-15,2.042810365310288e-14,3.2959746043559335e-17,-0.4427597058386952,0.8379297071942079
v2_basis,measurement-basis robustness and scope,U1-RZ-XY-line|n8|d48|i2|dir=gaussian|basis=Y|eta=0,U1-RZ-XY-line|n8|d48|i2,U1-RZ-XY-line,8,6.0,128,1,1.0,2.886579864025407e-15,8.001890360417217e-16,2.886579864025407e-15,1.0364972768961421e-16,-0.1706724700401357,0.6142625355403784
v2_basis,measurement-basis robustness and scope,U1-RZ-XY-line|n8|d48|i2|dir=gaussian|basis=Y|eta=0,U1-RZ-XY-line|n8|d48|i2,U1-RZ-XY-line,8,6.0,128,2,1.0,2.886579864025407e-15,8.001890360417217e-16,2.886579864025407e-15,1.0364972768961421e-16,-0.1706724700401357,1.0503846011337543
v2_basis,measurement-basis robustness and scope,U1-RZ-XY-line|n8|d48|i10|dir=gaussian|basis=Y|eta=0,U1-RZ-XY-line|n8|d48|i10,U1-RZ-XY-line,8,6.0,128,1,1.0,7.771561172376097e-16,3.6514177921909e-16,8.881784197001252e-16,9.6710833785707e-17,-0.1133689403066496,0.6096118824969484
v2_basis,measurement-basis robustness and scope,U1-RZ-XY-line|n8|d48|i10|dir=gaussian|basis=Y|eta=0,U1-RZ-XY-line|n8|d48|i10,U1-RZ-XY-line,8,6.0,128,2,1.0,7.771561172376097e-16,3.6514177921909e-16,8.881784197001252e-16,9.6710833785707e-17,-0.1133689403066496,0.9875622743861384
v2_basis,measurement-basis robustness and scope,U1-RZ-XY-line|n12|d72|i6|dir=gaussian|basis=Y|eta=0,U1-RZ-XY-line|n12|d72|i6,U1-RZ-XY-line,12,6.0,128,1,1.0,2.220446049250313e-16,1.0434880814332485e-15,0.0,5.551115123125783e-17,-0.2279904779997802,0.5954192194613773
v2_basis,measurement-basis robustness and scope,U1-RZ-XY-line|n12|d72|i6|dir=gaussian|basis=Y|eta=0,U1-RZ-XY-line|n12|d72|i6,U1-RZ-XY-line,12,6.0,128,2,1.0,2.220446049250313e-16,1.0434880814332485e-15,0.0,5.551115123125783e-17,-0.2279904779997802,1.3157595262265982
v2_basis,measurement-basis robustness and scope,SU2-CNOT-line|n8|d48|i2|dir=gaussian|basis=RANDOM_LOCAL|eta=0,SU2-CNOT-line|n8|d48|i2,SU2-CNOT-line,8,6.0,128,1,1.0,3.996802888650564e-15,6.575932418586165e-16,4.218847493575595e-15,8.847089727481715e-17,-0.3647180349318557,0.272328402996738
v2_basis,measurement-basis robustness and scope,SU2-CNOT-line|n8|d48|i2|dir=gaussian|basis=RANDOM_LOCAL|eta=0,SU2-CNOT-line|n8|d48|i2,SU2-CNOT-line,8,6.0,128,2,1.0,3.996802888650564e-15,6.575932418586165e-16,4.218847493575595e-15,8.847089727481715e-17,-0.3647180349318557,0.5443080937324805
v2_basis,measurement-basis robustness and scope,SU2-CNOT-line|n12|d72|i0|dir=gaussian|basis=RANDOM_LOCAL|eta=0,SU2-CNOT-line|n12|d72|i0,SU2-CNOT-line,12,6.0,128,1,1.0,2.886579864025407e-15,3.007694859146462e-16,2.664535259100376e-15,3.686287386450715e-17,-0.4571857989538531,0.3210924039063363
v2_basis,measurement-basis robustness and scope,SU2-CNOT-line|n12|d72|i0|dir=gaussian|basis=RANDOM_LOCAL|eta=0,SU2-CNOT-line|n12|d72|i0,SU2-CNOT-line,12,6.0,128,2,1.0,2.886579864025407e-15,3.007694859146462e-16,2.664535259100376e-15,3.686287386450715e-17,-0.4571857989538531,0.8119806380996072
v2_basis,measurement-basis robustness and scope,SU2-CNOT-line|n12|d72|i8|dir=gaussian|basis=RANDOM_LOCAL|eta=0,SU2-CNOT-line|n12|d72|i8,SU2-CNOT-line,12,6.0,128,1,1.0,8.881784197001252e-16,2.528541709776057e-16,8.881784197001252e-16,3.2959746043559335e-17,-0.4509105223897651,0.3205078937500703
v2_basis,measurement-basis robustness and scope,SU2-CNOT-line|n12|d72|i8|dir=gaussian|basis=RANDOM_LOCAL|eta=0,SU2-CNOT-line|n12|d72|i8,SU2-CNOT-line,12,6.0,128,2,1.0,8.881784197001252e-16,2.528541709776057e-16,8.881784197001252e-16,3.2959746043559335e-17,-0.4509105223897651,0.8107674140141352
v2_basis,measurement-basis robustness and scope,SU2-HaarU4-brickwork|n8|d48|i6|dir=gaussian|basis=RANDOM_LOCAL|eta=0,SU2-HaarU4-brickwork|n8|d48|i6,SU2-HaarU4-brickwork,8,6.0,128,1,1.0,1.1879386363489175e-14,2.806808851452038e-15,1.1879386363489175e-14,1.1102230246251563e-16,-0.3756017175252096,0.2895794184915206
v2_basis,measurement-basis robustness and scope,SU2-HaarU4-brickwork|n8|d48|i6|dir=gaussian|basis=RANDOM_LOCAL|eta=0,SU2-HaarU4-brickwork|n8|d48|i6,SU2-HaarU4-brickwork,8,6.0,128,2,1.0,1.1879386363489175e-14,2.806808851452038e-15,1.1879386363489175e-14,1.1102230246251563e-16,-0.3756017175252096,0.5783188497856891
v2_basis,measurement-basis robustness and scope,SU2-HaarU4-brickwork|n12|d72|i4|dir=gaussian|basis=RANDOM_LOCAL|eta=0,SU2-HaarU4-brickwork|n12|d72|i4,SU2-HaarU4-brickwork,12,6.0,128,1,1.0,1.8651746813702633e-14,2.6107795787859567e-15,1.8651746813702633e-14,3.5128150388530344e-17,-0.4411222805877597,0.3311884073327567
v2_basis,measurement-basis robustness and scope,SU2-HaarU4-brickwork|n12|d72|i4|dir=gaussian|basis=RANDOM_LOCAL|eta=0,SU2-HaarU4-brickwork|n12|d72|i4,SU2-HaarU4-brickwork,12,6.0,128,2,1.0,1.8651746813702633e-14,2.6107795787859567e-15,1.8651746813702633e-14,3.5128150388530344e-17,-0.4411222805877597,0.8371951473649094
v2_basis,measurement-basis robustness and scope,U1-RZ-XY-line|n8|d48|i2|dir=gaussian|basis=RANDOM_LOCAL|eta=0,U1-RZ-XY-line|n8|d48|i2,U1-RZ-XY-line,8,6.0,128,1,1.0,1.9984014443252818e-15,8.066538774709498e-16,1.9984014443252818e-15,1.3183898417423734e-16,-0.1844618608772984,0.4991747912017128
v2_basis,measurement-basis robustness and scope,U1-RZ-XY-line|n8|d48|i2|dir=gaussian|basis=RANDOM_LOCAL|eta=0,U1-RZ-XY-line|n8|d48|i2,U1-RZ-XY-line,8,6.0,128,2,1.0,1.9984014443252818e-15,8.066538774709498e-16,1.9984014443252818e-15,1.3183898417423734e-16,-0.1844618608772984,1.0193434781917197
v2_basis,measurement-basis robustness and scope,U1-RZ-XY-line|n8|d48|i10|dir=gaussian|basis=RANDOM_LOCAL|eta=0,U1-RZ-XY-line|n8|d48|i10,U1-RZ-XY-line,8,6.0,128,1,1.0,2.220446049250313e-16,3.7572684881917134e-16,2.220446049250313e-16,2.7755575615628914e-16,-0.1294629715786907,0.4672654862319211
v2_basis,measurement-basis robustness and scope,U1-RZ-XY-line|n8|d48|i10|dir=gaussian|basis=RANDOM_LOCAL|eta=0,U1-RZ-XY-line|n8|d48|i10,U1-RZ-XY-line,8,6.0,128,2,1.0,2.220446049250313e-16,3.7572684881917134e-16,2.220446049250313e-16,2.7755575615628914e-16,-0.1294629715786907,0.9605772481353008
v2_basis,measurement-basis robustness and scope,U1-RZ-XY-line|n12|d72|i6|dir=gaussian|basis=RANDOM_LOCAL|eta=0,U1-RZ-XY-line|n12|d72|i6,U1-RZ-XY-line,12,6.0,128,1,1.0,2.220446049250313e-16,1.0686797729075024e-15,0.0,2.220446049250313e-16,-0.2209883907964217,0.4557003487121917
v2_basis,measurement-basis robustness and scope,U1-RZ-XY-line|n12|d72|i6|dir=gaussian|basis=RANDOM_LOCAL|eta=0,U1-RZ-XY-line|n12|d72|i6,U1-RZ-XY-line,12,6.0,128,2,1.0,2.220446049250313e-16,1.0686797729075024e-15,0.0,2.220446049250313e-16,-0.2209883907964217,1.2578190434325236
v2_basis,measurement-basis robustness and scope,SU2-CNOT-line|n8|d48|i3|dir=gaussian|basis=Z|eta=0,SU2-CNOT-line|n8|d48|i3,SU2-CNOT-line,8,6.0,128,1,1.0,9.992007221626409e-16,1.734723475976807e-16,9.992007221626409e-16,5.551115123125783e-17,-0.3833937563671764,0.2726401387786418
v2_basis,measurement-basis robustness and scope,SU2-CNOT-line|n8|d48|i3|dir=gaussian|basis=Z|eta=0,SU2-CNOT-line|n8|d48|i3,SU2-CNOT-line,8,6.0,128,2,1.0,9.992007221626409e-16,1.734723475976807e-16,9.992007221626409e-16,5.551115123125783e-17,-0.3833937563671764,0.5453086163703164
v2_basis,measurement-basis robustness and scope,SU2-CNOT-line|n12|d72|i1|dir=gaussian|basis=Z|eta=0,SU2-CNOT-line|n12|d72|i1,SU2-CNOT-line,12,6.0,128,1,1.0,4.218847493575595e-15,6.826171318865729e-16,4.440892098500626e-15,2.3852447794681098e-17,-0.4516659161044166,0.3207059893627625
v2_basis,measurement-basis robustness and scope,SU2-CNOT-line|n12|d72|i1|dir=gaussian|basis=Z|eta=0,SU2-CNOT-line|n12|d72|i1,SU2-CNOT-line,12,6.0,128,2,1.0,4.218847493575595e-15,6.826171318865729e-16,4.440892098500626e-15,2.3852447794681098e-17,-0.4516659161044166,0.8112153590603177
v2_basis,measurement-basis robustness and scope,SU2-CNOT-line|n12|d72|i9|dir=gaussian|basis=Z|eta=0,SU2-CNOT-line|n12|d72|i9,SU2-CNOT-line,12,6.0,128,1,1.0,2.664535259100376e-15,3.764572438578015e-16,3.1086244689504387e-15,2.3418766925686896e-17,-0.459586569831174,0.3206992211874949
v2_basis,measurement-basis robustness and scope,SU2-CNOT-line|n12|d72|i9|dir=gaussian|basis=Z|eta=0,SU2-CNOT-line|n12|d72|i9,SU2-CNOT-line,12,6.0,128,2,1.0,2.664535259100376e-15,3.764572438578015e-16,3.1086244689504387e-15,2.3418766925686896e-17,-0.459586569831174,0.8110649207817043
v2_basis,measurement-basis robustness and scope,SU2-HaarU4-brickwork|n8|d48|i7|dir=gaussian|basis=Z|eta=0,SU2-HaarU4-brickwork|n8|d48|i7,SU2-HaarU4-brickwork,8,6.0,128,1,1.0,3.774758283725532e-15,7.096058078194674e-16,3.6637359812630166e-15,4.163336342344337e-17,-0.348350467736038,0.2916454042131426
v2_basis,measurement-basis robustness and scope,SU2-HaarU4-brickwork|n8|d48|i7|dir=gaussian|basis=Z|eta=0,SU2-HaarU4-brickwork|n8|d48|i7,SU2-HaarU4-brickwork,8,6.0,128,2,1.0,3.774758283725532e-15,7.096058078194674e-16,3.6637359812630166e-15,4.163336342344337e-17,-0.348350467736038,0.5795614223331531
v2_basis,measurement-basis robustness and scope,SU2-HaarU4-brickwork|n12|d72|i5|dir=gaussian|basis=Z|eta=0,SU2-HaarU4-brickwork|n12|d72|i5,SU2-HaarU4-brickwork,12,6.0,128,1,1.0,2.2648549702353197e-14,2.762570147035171e-15,2.2759572004815712e-14,2.4286128663675302e-17,-0.4475363097338164,0.3320121343136799
v2_basis,measurement-basis robustness and scope,SU2-HaarU4-brickwork|n12|d72|i5|dir=gaussian|basis=Z|eta=0,SU2-HaarU4-brickwork|n12|d72|i5,SU2-HaarU4-brickwork,12,6.0,128,2,1.0,2.2648549702353197e-14,2.762570147035171e-15,2.2759572004815712e-14,2.4286128663675302e-17,-0.4475363097338164,0.8386750843373844
v2_basis,measurement-basis robustness and scope,U1-RZ-XY-line|n8|d48|i3|dir=gaussian|basis=Z|eta=0,U1-RZ-XY-line|n8|d48|i3,U1-RZ-XY-line,8,6.0,128,1,1.0,1.1102230246251563e-16,6.97350206824216e-17,0.0,5.551115123125783e-17,-0.1710209347534719,0.2401591058719852
v2_basis,measurement-basis robustness and scope,U1-RZ-XY-line|n8|d48|i3|dir=gaussian|basis=Z|eta=0,U1-RZ-XY-line|n8|d48|i3,U1-RZ-XY-line,8,6.0,128,2,1.0,1.1102230246251563e-16,6.97350206824216e-17,0.0,5.551115123125783e-17,-0.1710209347534719,0.5256145253392774
v2_basis,measurement-basis robustness and scope,U1-RZ-XY-line|n8|d48|i11|dir=gaussian|basis=Z|eta=0,U1-RZ-XY-line|n8|d48|i11,U1-RZ-XY-line,8,6.0,128,1,1.0,0.0,9.93498412932028e-17,1.1102230246251563e-16,6.938893903907227e-17,-0.1380186667566879,0.1998599134958271
v2_basis,measurement-basis robustness and scope,U1-RZ-XY-line|n8|d48|i11|dir=gaussian|basis=Z|eta=0,U1-RZ-XY-line|n8|d48|i11,U1-RZ-XY-line,8,6.0,128,2,1.0,0.0,9.93498412932028e-17,1.1102230246251563e-16,6.938893903907227e-17,-0.1380186667566879,0.5440487095061124
v2_basis,measurement-basis robustness and scope,U1-RZ-XY-line|n12|d72|i7|dir=gaussian|basis=Z|eta=0,U1-RZ-XY-line|n12|d72|i7,U1-RZ-XY-line,12,6.0,128,1,1.0,2.220446049250313e-16,2.368389951639684e-16,2.220446049250313e-16,5.551115123125783e-17,-0.2013326092473873,0.31604946733066
v2_basis,measurement-basis robustness and scope,U1-RZ-XY-line|n12|d72|i7|dir=gaussian|basis=Z|eta=0,U1-RZ-XY-line|n12|d72|i7,U1-RZ-XY-line,12,6.0,128,2,1.0,2.220446049250313e-16,2.368389951639684e-16,2.220446049250313e-16,5.551115123125783e-17,-0.2013326092473873,0.9375294357580374
v2_basis,measurement-basis robustness and scope,SU2-CNOT-line|n8|d48|i3|dir=gaussian|basis=X|eta=0,SU2-CNOT-line|n8|d48|i3,SU2-CNOT-line,8,6.0,128,1,1.0,2.3314683517128287e-15,1.769417945496343e-16,2.55351295663786e-15,5.2041704279304207e-17,-0.3919522181748918,0.2728565052429793
v2_basis,measurement-basis robustness and scope,SU2-CNOT-line|n8|d48|i3|dir=gaussian|basis=X|eta=0,SU2-CNOT-line|n8|d48|i3,SU2-CNOT-line,8,6.0,128,2,1.0,2.3314683517128287e-15,1.769417945496343e-16,2.55351295663786e-15,5.2041704279304207e-17,-0.3919522181748918,0.5438481757080793
v2_basis,measurement-basis robustness and scope,SU2-CNOT-line|n12|d72|i1|dir=gaussian|basis=X|eta=0,SU2-CNOT-line|n12|d72|i1,SU2-CNOT-line,12,6.0,128,1,1.0,2.220446049250313e-15,6.813406727233479e-16,2.220446049250313e-15,2.775557561562892e-17,-0.4529338753924251,0.3206240896979589
v2_basis,measurement-basis robustness and scope,SU2-CNOT-line|n12|d72|i1|dir=gaussian|basis=X|eta=0,SU2-CNOT-line|n12|d72|i1,SU2-CNOT-line,12,6.0,128,2,1.0,2.220446049250313e-15,6.813406727233479e-16,2.220446049250313e-15,2.775557561562892e-17,-0.4529338753924251,0.8103832471791629
v2_basis,measurement-basis robustness and scope,SU2-CNOT-line|n12|d72|i9|dir=gaussian|basis=X|eta=0,SU2-CNOT-line|n12|d72|i9,SU2-CNOT-line,12,6.0,128,1,1.0,8.881784197001252e-16,4.008905853780316e-16,8.881784197001252e-16,2.3418766925686896e-17,-0.4578149737355146,0.3203200000229902
v2_basis,measurement-basis robustness and scope,SU2-CNOT-line|n12|d72|i9|dir=gaussian|basis=X|eta=0,SU2-CNOT-line|n12|d72|i9,SU2-CNOT-line,12,6.0,128,2,1.0,8.881784197001252e-16,4.008905853780316e-16,8.881784197001252e-16,2.3418766925686896e-17,-0.4578149737355146,0.8103181551780649
v2_basis,measurement-basis robustness and scope,SU2-HaarU4-brickwork|n8|d48|i7|dir=gaussian|basis=X|eta=0,SU2-HaarU4-brickwork|n8|d48|i7,SU2-HaarU4-brickwork,8,6.0,128,1,1.0,5.10702591327572e-15,7.043202961766267e-16,5.10702591327572e-15,5.551115123125783e-17,-0.3519472610077507,0.2928292541052084
v2_basis,measurement-basis robustness and scope,SU2-HaarU4-brickwork|n8|d48|i7|dir=gaussian|basis=X|eta=0,SU2-HaarU4-brickwork|n8|d48|i7,SU2-HaarU4-brickwork,8,6.0,128,2,1.0,5.10702591327572e-15,7.043202961766267e-16,5.10702591327572e-15,5.551115123125783e-17,-0.3519472610077507,0.5848956837273361
v2_basis,measurement-basis robustness and scope,SU2-HaarU4-brickwork|n12|d72|i5|dir=gaussian|basis=X|eta=0,SU2-HaarU4-brickwork|n12|d72|i5,SU2-HaarU4-brickwork,12,6.0,128,1,1.0,2.4868995751603507e-14,2.751289514269474e-15,2.4868995751603507e-14,2.5587171270657905e-17,-0.4338414034261745,0.3317629556013752
v2_basis,measurement-basis robustness and scope,SU2-HaarU4-brickwork|n12|d72|i5|dir=gaussian|basis=X|eta=0,SU2-HaarU4-brickwork|n12|d72|i5,SU2-HaarU4-brickwork,12,6.0,128,2,1.0,2.4868995751603507e-14,2.751289514269474e-15,2.4868995751603507e-14,2.5587171270657905e-17,-0.4338414034261745,0.8384922657311502
v2_basis,measurement-basis robustness and scope,U1-RZ-XY-line|n8|d48|i3|dir=gaussian|basis=X|eta=0,U1-RZ-XY-line|n8|d48|i3,U1-RZ-XY-line,8,6.0,128,1,1.0,1.3322676295501878e-15,7.643317734749841e-17,1.4432899320127037e-15,7.63278329429795e-17,-0.1794490193905288,0.5820596580979666
v2_basis,measurement-basis robustness and scope,U1-RZ-XY-line|n8|d48|i3|dir=gaussian|basis=X|eta=0,U1-RZ-XY-line|n8|d48|i3,U1-RZ-XY-line,8,6.0,128,2,1.0,1.3322676295501878e-15,7.643317734749841e-17,1.4432899320127037e-15,7.63278329429795e-17,-0.1794490193905288,0.9301267784312108
v2_basis,measurement-basis robustness and scope,U1-RZ-XY-line|n8|d48|i11|dir=gaussian|basis=X|eta=0,U1-RZ-XY-line|n8|d48|i11,U1-RZ-XY-line,8,6.0,128,1,1.0,1.3322676295501878e-15,1.0827461955530856e-16,1.3322676295501878e-15,8.847089727481715e-17,-0.1464313744511268,0.6000690975497331
v2_basis,measurement-basis robustness and scope,U1-RZ-XY-line|n8|d48|i11|dir=gaussian|basis=X|eta=0,U1-RZ-XY-line|n8|d48|i11,U1-RZ-XY-line,8,6.0,128,2,1.0,1.3322676295501878e-15,1.0827461955530856e-16,1.3322676295501878e-15,8.847089727481715e-17,-0.1464313744511268,1.036483169680895
v2_basis,measurement-basis robustness and scope,U1-RZ-XY-line|n12|d72|i7|dir=gaussian|basis=X|eta=0,U1-RZ-XY-line|n12|d72|i7,U1-RZ-XY-line,12,6.0,128,1,1.0,1.9984014443252818e-15,2.368040512107398e-16,2.4424906541753444e-15,5.551115123125783e-17,-0.2206405136941891,0.5953440847228528
v2_basis,measurement-basis robustness and scope,U1-RZ-XY-line|n12|d72|i7|dir=gaussian|basis=X|eta=0,U1-RZ-XY-line|n12|d72|i7,U1-RZ-XY-line,12,6.0,128,2,1.0,1.9984014443252818e-15,2.368040512107398e-16,2.4424906541753444e-15,5.551115123125783e-17,-0.2206405136941891,1.2880843094907155
v2_basis,measurement-basis robustness and scope,SU2-CNOT-line|n8|d48|i3|dir=gaussian|basis=Y|eta=0,SU2-CNOT-line|n8|d48|i3,SU2-CNOT-line,8,6.0,128,1,1.0,3.1086244689504387e-15,2.554303005675721e-16,3.1086244689504387e-15,5.551115123125783e-17,-0.3491647991258977,0.2728621621235311
v2_basis,measurement-basis robustness and scope,SU2-CNOT-line|n8|d48|i3|dir=gaussian|basis=Y|eta=0,SU2-CNOT-line|n8|d48|i3,SU2-CNOT-line,8,6.0,128,2,1.0,3.1086244689504387e-15,2.554303005675721e-16,3.1086244689504387e-15,5.551115123125783e-17,-0.3491647991258977,0.5458057543186075
v2_basis,measurement-basis robustness and scope,SU2-CNOT-line|n12|d72|i1|dir=gaussian|basis=Y|eta=0,SU2-CNOT-line|n12|d72|i1,SU2-CNOT-line,12,6.0,128,1,1.0,2.220446049250313e-15,6.435900899157852e-16,2.4424906541753444e-15,2.8189256484623115e-17,-0.4588177240819461,0.3206901862661719
v2_basis,measurement-basis robustness and scope,SU2-CNOT-line|n12|d72|i1|dir=gaussian|basis=Y|eta=0,SU2-CNOT-line|n12|d72|i1,SU2-CNOT-line,12,6.0,128,2,1.0,2.220446049250313e-15,6.435900899157852e-16,2.4424906541753444e-15,2.8189256484623115e-17,-0.4588177240819461,0.8107684991918862
v2_basis,measurement-basis robustness and scope,SU2-CNOT-line|n12|d72|i9|dir=gaussian|basis=Y|eta=0,SU2-CNOT-line|n12|d72|i9,SU2-CNOT-line,12,6.0,128,1,1.0,8.881784197001252e-16,3.9335452499105683e-16,6.661338147750939e-16,2.5153490401663706e-17,-0.4458687830516117,0.3205256996666047
v2_basis,measurement-basis robustness and scope,SU2-CNOT-line|n12|d72|i9|dir=gaussian|basis=Y|eta=0,SU2-CNOT-line|n12|d72|i9,SU2-CNOT-line,12,6.0,128,2,1.0,8.881784197001252e-16,3.9335452499105683e-16,6.661338147750939e-16,2.5153490401663706e-17,-0.4458687830516117,0.8103099424047933
v2_basis,measurement-basis robustness and scope,SU2-HaarU4-brickwork|n8|d48|i7|dir=gaussian|basis=Y|eta=0,SU2-HaarU4-brickwork|n8|d48|i7,SU2-HaarU4-brickwork,8,6.0,128,1,1.0,5.773159728050814e-15,7.877750612818598e-16,5.773159728050814e-15,6.938893903907227e-17,-0.3477685532624786,0.2913779358059729
v2_basis,measurement-basis robustness and scope,SU2-HaarU4-brickwork|n8|d48|i7|dir=gaussian|basis=Y|eta=0,SU2-HaarU4-brickwork|n8|d48|i7,SU2-HaarU4-brickwork,8,6.0,128,2,1.0,5.773159728050814e-15,7.877750612818598e-16,5.773159728050814e-15,6.938893903907227e-17,-0.3477685532624786,0.5810337003159345
v2_basis,measurement-basis robustness and scope,SU2-HaarU4-brickwork|n12|d72|i5|dir=gaussian|basis=Y|eta=0,SU2-HaarU4-brickwork|n12|d72|i5,SU2-HaarU4-brickwork,12,6.0,128,1,1.0,2.620126338115369e-14,2.950767819590068e-15,2.6312285683616213e-14,2.168404344971009e-17,-0.4389848856547464,0.3318830688288969
v2_basis,measurement-basis robustness and scope,SU2-HaarU4-brickwork|n12|d72|i5|dir=gaussian|basis=Y|eta=0,SU2-HaarU4-brickwork|n12|d72|i5,SU2-HaarU4-brickwork,12,6.0,128,2,1.0,2.620126338115369e-14,2.950767819590068e-15,2.6312285683616213e-14,2.168404344971009e-17,-0.4389848856547464,0.8390453360904839
v2_basis,measurement-basis robustness and scope,U1-RZ-XY-line|n8|d48|i3|dir=gaussian|basis=Y|eta=0,U1-RZ-XY-line|n8|d48|i3,U1-RZ-XY-line,8,6.0,128,1,1.0,4.440892098500626e-16,3.960570205391646e-16,5.551115123125784e-16,7.63278329429795e-17,-0.1794490193905286,0.5820596580979666
v2_basis,measurement-basis robustness and scope,U1-RZ-XY-line|n8|d48|i3|dir=gaussian|basis=Y|eta=0,U1-RZ-XY-line|n8|d48|i3,U1-RZ-XY-line,8,6.0,128,2,1.0,4.440892098500626e-16,3.960570205391646e-16,5.551115123125784e-16,7.63278329429795e-17,-0.1794490193905286,0.9301267784312108
v2_basis,measurement-basis robustness and scope,U1-RZ-XY-line|n8|d48|i11|dir=gaussian|basis=Y|eta=0,U1-RZ-XY-line|n8|d48|i11,U1-RZ-XY-line,8,6.0,128,1,1.0,1.887379141862766e-15,1.5785983631388942e-16,1.7763568394002505e-15,6.418476861114186e-17,-0.1464313744511265,0.6000690975497331
v2_basis,measurement-basis robustness and scope,U1-RZ-XY-line|n8|d48|i11|dir=gaussian|basis=Y|eta=0,U1-RZ-XY-line|n8|d48|i11,U1-RZ-XY-line,8,6.0,128,2,1.0,1.887379141862766e-15,1.5785983631388942e-16,1.7763568394002505e-15,6.418476861114186e-17,-0.1464313744511265,1.036483169680895
v2_basis,measurement-basis robustness and scope,U1-RZ-XY-line|n12|d72|i7|dir=gaussian|basis=Y|eta=0,U1-RZ-XY-line|n12|d72|i7,U1-RZ-XY-line,12,6.0,128,1,1.0,2.55351295663786e-15,2.333461012377481e-16,2.664535259100376e-15,5.724587470723462e-17,-0.2206405136941892,0.5953440847228528
v2_basis,measurement-basis robustness and scope,U1-RZ-XY-line|n12|d72|i7|dir=gaussian|basis=Y|eta=0,U1-RZ-XY-line|n12|d72|i7,U1-RZ-XY-line,12,6.0,128,2,1.0,2.55351295663786e-15,2.333461012377481e-16,2.664535259100376e-15,5.724587470723462e-17,-0.2206405136941892,1.2880843094907155
v2_basis,measurement-basis robustness and scope,SU2-CNOT-line|n8|d48|i3|dir=gaussian|basis=RANDOM_LOCAL|eta=0,SU2-CNOT-line|n8|d48|i3,SU2-CNOT-line,8,6.0,128,1,1.0,1.2212453270876722e-15,2.092931472577201e-16,1.3322676295501878e-15,1.1102230246251563e-16,-0.351910586370878,0.2722236519276443
v2_basis,measurement-basis robustness and scope,SU2-CNOT-line|n8|d48|i3|dir=gaussian|basis=RANDOM_LOCAL|eta=0,SU2-CNOT-line|n8|d48|i3,SU2-CNOT-line,8,6.0,128,2,1.0,1.2212453270876722e-15,2.092931472577201e-16,1.3322676295501878e-15,1.1102230246251563e-16,-0.351910586370878,0.5421395064983028
v2_basis,measurement-basis robustness and scope,SU2-CNOT-line|n12|d72|i1|dir=gaussian|basis=RANDOM_LOCAL|eta=0,SU2-CNOT-line|n12|d72|i1,SU2-CNOT-line,12,6.0,128,1,1.0,5.10702591327572e-15,6.800470041813176e-16,5.10702591327572e-15,3.642919299551295e-17,-0.4535229005932715,0.3205667507139553
v2_basis,measurement-basis robustness and scope,SU2-CNOT-line|n12|d72|i1|dir=gaussian|basis=RANDOM_LOCAL|eta=0,SU2-CNOT-line|n12|d72|i1,SU2-CNOT-line,12,6.0,128,2,1.0,5.10702591327572e-15,6.800470041813176e-16,5.10702591327572e-15,3.642919299551295e-17,-0.4535229005932715,0.8106222469834772
v2_basis,measurement-basis robustness and scope,SU2-CNOT-line|n12|d72|i9|dir=gaussian|basis=RANDOM_LOCAL|eta=0,SU2-CNOT-line|n12|d72|i9,SU2-CNOT-line,12,6.0,128,1,1.0,3.1086244689504387e-15,3.929431680349815e-16,2.886579864025407e-15,4.8572257327350605e-17,-0.4463876711479661,0.3205451197719617
v2_basis,measurement-basis robustness and scope,SU2-CNOT-line|n12|d72|i9|dir=gaussian|basis=RANDOM_LOCAL|eta=0,SU2-CNOT-line|n12|d72|i9,SU2-CNOT-line,12,6.0,128,2,1.0,3.1086244689504387e-15,3.929431680349815e-16,2.886579864025407e-15,4.8572257327350605e-17,-0.4463876711479661,0.8101377586540903
v2_basis,measurement-basis robustness and scope,SU2-HaarU4-brickwork|n8|d48|i7|dir=gaussian|basis=RANDOM_LOCAL|eta=0,SU2-HaarU4-brickwork|n8|d48|i7,SU2-HaarU4-brickwork,8,6.0,128,1,1.0,4.884981308350689e-15,7.194529035758233e-16,4.884981308350689e-15,1.3877787807814454e-16,-0.3755278814040043,0.2955168091553134
v2_basis,measurement-basis robustness and scope,SU2-HaarU4-brickwork|n8|d48|i7|dir=gaussian|basis=RANDOM_LOCAL|eta=0,SU2-HaarU4-brickwork|n8|d48|i7,SU2-HaarU4-brickwork,8,6.0,128,2,1.0,4.884981308350689e-15,7.194529035758233e-16,4.884981308350689e-15,1.3877787807814454e-16,-0.3755278814040043,0.5913627126761979
v2_basis,measurement-basis robustness and scope,SU2-HaarU4-brickwork|n12|d72|i5|dir=gaussian|basis=RANDOM_LOCAL|eta=0,SU2-HaarU4-brickwork|n12|d72|i5,SU2-HaarU4-brickwork,12,6.0,128,1,1.0,2.3314683517128287e-14,2.759296991327578e-15,2.3314683517128287e-14,3.2959746043559335e-17,-0.4435128376260264,0.3318646555469483
v2_basis,measurement-basis robustness and scope,SU2-HaarU4-brickwork|n12|d72|i5|dir=gaussian|basis=RANDOM_LOCAL|eta=0,SU2-HaarU4-brickwork|n12|d72|i5,SU2-HaarU4-brickwork,12,6.0,128,2,1.0,2.3314683517128287e-14,2.759296991327578e-15,2.3314683517128287e-14,3.2959746043559335e-17,-0.4435128376260264,0.838772717743571
v2_basis,measurement-basis robustness and scope,U1-RZ-XY-line|n8|d48|i3|dir=gaussian|basis=RANDOM_LOCAL|eta=0,U1-RZ-XY-line|n8|d48|i3,U1-RZ-XY-line,8,6.0,128,1,1.0,1.1102230246251563e-15,1.4867665616782891e-16,1.2212453270876722e-15,1.89084858881472e-16,-0.165010484690104,0.550689063698008
v2_basis,measurement-basis robustness and scope,U1-RZ-XY-line|n8|d48|i3|dir=gaussian|basis=RANDOM_LOCAL|eta=0,U1-RZ-XY-line|n8|d48|i3,U1-RZ-XY-line,8,6.0,128,2,1.0,1.1102230246251563e-15,1.4867665616782891e-16,1.2212453270876722e-15,1.89084858881472e-16,-0.165010484690104,1.0103298583562506
v2_basis,measurement-basis robustness and scope,U1-RZ-XY-line|n8|d48|i11|dir=gaussian|basis=RANDOM_LOCAL|eta=0,U1-RZ-XY-line|n8|d48|i11,U1-RZ-XY-line,8,6.0,128,1,1.0,2.220446049250313e-16,1.5581641236221424e-16,2.220446049250313e-16,1.5959455978986623e-16,-0.1581375389085715,0.4499616126509465
v2_basis,measurement-basis robustness and scope,U1-RZ-XY-line|n8|d48|i11|dir=gaussian|basis=RANDOM_LOCAL|eta=0,U1-RZ-XY-line|n8|d48|i11,U1-RZ-XY-line,8,6.0,128,2,1.0,2.220446049250313e-16,1.5581641236221424e-16,2.220446049250313e-16,1.5959455978986623e-16,-0.1581375389085715,0.9707896633308856
v2_basis,measurement-basis robustness and scope,U1-RZ-XY-line|n12|d72|i7|dir=gaussian|basis=RANDOM_LOCAL|eta=0,U1-RZ-XY-line|n12|d72|i7,U1-RZ-XY-line,12,6.0,128,1,1.0,4.440892098500626e-16,3.1398494915180213e-16,4.440892098500626e-16,2.498001805406602e-16,-0.2224627844796165,0.5086816625469678
v2_basis,measurement-basis robustness and scope,U1-RZ-XY-line|n12|d72|i7|dir=gaussian|basis=RANDOM_LOCAL|eta=0,U1-RZ-XY-line|n12|d72|i7,U1-RZ-XY-line,12,6.0,128,2,1.0,4.440892098500626e-16,3.1398494915180213e-16,4.440892098500626e-16,2.498001805406602e-16,-0.2224627844796165,1.2882976682830851
v2_basis,measurement-basis robustness and scope,SU2-CNOT-line|n8|d48|i4|dir=gaussian|basis=Z|eta=0,SU2-CNOT-line|n8|d48|i4,SU2-CNOT-line,8,6.0,128,1,1.0,7.771561172376097e-16,1.9997532281728683e-16,8.881784197001252e-16,6.158268339717665e-17,-0.3758554104372106,0.2741178728335159
v2_basis,measurement-basis robustness and scope,SU2-CNOT-line|n8|d48|i4|dir=gaussian|basis=Z|eta=0,SU2-CNOT-line|n8|d48|i4,SU2-CNOT-line,8,6.0,128,2,1.0,7.771561172376097e-16,1.9997532281728683e-16,8.881784197001252e-16,6.158268339717665e-17,-0.3758554104372106,0.5476106582633409
v2_basis,measurement-basis robustness and scope,SU2-CNOT-line|n12|d72|i2|dir=gaussian|basis=Z|eta=0,SU2-CNOT-line|n12|d72|i2,SU2-CNOT-line,12,6.0,128,1,1.0,2.4424906541753444e-15,3.0536955973452e-16,2.220446049250313e-15,2.255140518769849e-17,-0.4628665850398697,0.320889445654108
v2_basis,measurement-basis robustness and scope,SU2-CNOT-line|n12|d72|i2|dir=gaussian|basis=Z|eta=0,SU2-CNOT-line|n12|d72|i2,SU2-CNOT-line,12,6.0,128,2,1.0,2.4424906541753444e-15,3.0536955973452e-16,2.220446049250313e-15,2.255140518769849e-17,-0.4628665850398697,0.8116893319745705
v2_basis,measurement-basis robustness and scope,SU2-HaarU4-brickwork|n8|d48|i0|dir=gaussian|basis=Z|eta=0,SU2-HaarU4-brickwork|n8|d48|i0,SU2-HaarU4-brickwork,8,6.0,128,1,1.0,1.1102230246251564e-14,1.7625048759038088e-15,1.0991207943789051e-14,5.724587470723462e-17,-0.3221683404681155,0.294564280259833
v2_basis,measurement-basis robustness and scope,SU2-HaarU4-brickwork|n8|d48|i0|dir=gaussian|basis=Z|eta=0,SU2-HaarU4-brickwork|n8|d48|i0,SU2-HaarU4-brickwork,8,6.0,128,2,1.0,1.1102230246251564e-14,1.7625048759038088e-15,1.0991207943789051e-14,5.724587470723462e-17,-0.3221683404681155,0.5840549753695573
v2_basis,measurement-basis robustness and scope,SU2-HaarU4-brickwork|n8|d48|i8|dir=gaussian|basis=Z|eta=0,SU2-HaarU4-brickwork|n8|d48|i8,SU2-HaarU4-brickwork,8,6.0,128,1,1.0,5.3290705182007506e-15,1.0634364276004329e-15,5.3290705182007506e-15,5.2041704279304207e-17,-0.3844930710538141,0.2928055251496479
v2_basis,measurement-basis robustness and scope,SU2-HaarU4-brickwork|n8|d48|i8|dir=gaussian|basis=Z|eta=0,SU2-HaarU4-brickwork|n8|d48|i8,SU2-HaarU4-brickwork,8,6.0,128,2,1.0,5.3290705182007506e-15,1.0634364276004329e-15,5.3290705182007506e-15,5.2041704279304207e-17,-0.3844930710538141,0.5830569672982018
v2_basis,measurement-basis robustness and scope,SU2-HaarU4-brickwork|n12|d72|i6|dir=gaussian|basis=Z|eta=0,SU2-HaarU4-brickwork|n12|d72|i6,SU2-HaarU4-brickwork,12,6.0,128,1,1.0,1.7208456881689926e-14,2.497134443668614e-15,1.754152378907747e-14,3.2959746043559335e-17,-0.4487060441194765,0.3300025647191892
v2_basis,measurement-basis robustness and scope,SU2-HaarU4-brickwork|n12|d72|i6|dir=gaussian|basis=Z|eta=0,SU2-HaarU4-brickwork|n12|d72|i6,SU2-HaarU4-brickwork,12,6.0,128,2,1.0,1.7208456881689926e-14,2.497134443668614e-15,1.754152378907747e-14,3.2959746043559335e-17,-0.4487060441194765,0.8342363834741127
v2_basis,measurement-basis robustness and scope,U1-RZ-XY-line|n8|d48|i4|dir=gaussian|basis=Z|eta=0,U1-RZ-XY-line|n8|d48|i4,U1-RZ-XY-line,8,6.0,128,1,1.0,8.881784197001252e-16,4.996485455209446e-16,8.881784197001252e-16,8.500145032286355e-17,-0.1575793291544834,0.2199574889327001
v2_basis,measurement-basis robustness and scope,U1-RZ-XY-line|n8|d48|i4|dir=gaussian|basis=Z|eta=0,U1-RZ-XY-line|n8|d48|i4,U1-RZ-XY-line,8,6.0,128,2,1.0,8.881784197001252e-16,4.996485455209446e-16,8.881784197001252e-16,8.500145032286355e-17,-0.1575793291544834,0.5694907733179895
v2_basis,measurement-basis robustness and scope,U1-RZ-XY-line|n12|d72|i0|dir=gaussian|basis=Z|eta=0,U1-RZ-XY-line|n12|d72|i0,U1-RZ-XY-line,12,6.0,128,1,1.0,9.992007221626409e-16,4.827021981350389e-16,9.992007221626409e-16,6.938893903907227e-17,-0.2408575580896032,0.2889482398595031
v2_basis,measurement-basis robustness and scope,U1-RZ-XY-line|n12|d72|i0|dir=gaussian|basis=Z|eta=0,U1-RZ-XY-line|n12|d72|i0,U1-RZ-XY-line,12,6.0,128,2,1.0,9.992007221626409e-16,4.827021981350389e-16,9.992007221626409e-16,6.938893903907227e-17,-0.2408575580896032,0.9178439340596776
v2_basis,measurement-basis robustness and scope,U1-RZ-XY-line|n12|d72|i8|dir=gaussian|basis=Z|eta=0,U1-RZ-XY-line|n12|d72|i8,U1-RZ-XY-line,12,6.0,128,1,1.0,8.881784197001252e-16,4.99901437631856e-16,8.881784197001252e-16,6.938893903907227e-17,-0.2154346464448878,0.2808493776068332
v2_basis,measurement-basis robustness and scope,U1-RZ-XY-line|n12|d72|i8|dir=gaussian|basis=Z|eta=0,U1-RZ-XY-line|n12|d72|i8,U1-RZ-XY-line,12,6.0,128,2,1.0,8.881784197001252e-16,4.99901437631856e-16,8.881784197001252e-16,6.938893903907227e-17,-0.2154346464448878,0.9121435811794172
v2_basis,measurement-basis robustness and scope,SU2-CNOT-line|n8|d48|i4|dir=gaussian|basis=X|eta=0,SU2-CNOT-line|n8|d48|i4,SU2-CNOT-line,8,6.0,128,1,1.0,2.220446049250313e-15,1.8198080741281532e-16,2.220446049250313e-15,6.245004513516506e-17,-0.364178662416177,0.2737838643162625
v2_basis,measurement-basis robustness and scope,SU2-CNOT-line|n8|d48|i4|dir=gaussian|basis=X|eta=0,SU2-CNOT-line|n8|d48|i4,SU2-CNOT-line,8,6.0,128,2,1.0,2.220446049250313e-15,1.8198080741281532e-16,2.220446049250313e-15,6.245004513516506e-17,-0.364178662416177,0.5486372880552614
v2_basis,measurement-basis robustness and scope,SU2-CNOT-line|n12|d72|i2|dir=gaussian|basis=X|eta=0,SU2-CNOT-line|n12|d72|i2,SU2-CNOT-line,12,6.0,128,1,1.0,4.107825191113079e-15,2.996085939135776e-16,4.329869796038111e-15,2.6454533008646308e-17,-0.4509918337243265,0.3207874147911253
v2_basis,measurement-basis robustness and scope,SU2-CNOT-line|n12|d72|i2|dir=gaussian|basis=X|eta=0,SU2-CNOT-line|n12|d72|i2,SU2-CNOT-line,12,6.0,128,2,1.0,4.107825191113079e-15,2.996085939135776e-16,4.329869796038111e-15,2.6454533008646308e-17,-0.4509918337243265,0.8110200179166801
v2_basis,measurement-basis robustness and scope,SU2-HaarU4-brickwork|n8|d48|i0|dir=gaussian|basis=X|eta=0,SU2-HaarU4-brickwork|n8|d48|i0,SU2-HaarU4-brickwork,8,6.0,128,1,1.0,1.2434497875801752e-14,1.7591039084553938e-15,1.2323475573339238e-14,5.2041704279304207e-17,-0.3562407198588357,0.2961953327119215
v2_basis,measurement-basis robustness and scope,SU2-HaarU4-brickwork|n8|d48|i0|dir=gaussian|basis=X|eta=0,SU2-HaarU4-brickwork|n8|d48|i0,SU2-HaarU4-brickwork,8,6.0,128,2,1.0,1.2434497875801752e-14,1.7591039084553938e-15,1.2323475573339238e-14,5.2041704279304207e-17,-0.3562407198588357,0.5866871428671556
v2_basis,measurement-basis robustness and scope,SU2-HaarU4-brickwork|n8|d48|i8|dir=gaussian|basis=X|eta=0,SU2-HaarU4-brickwork|n8|d48|i8,SU2-HaarU4-brickwork,8,6.0,128,1,1.0,6.550315845288424e-15,1.0677222994637248e-15,6.661338147750939e-15,7.28583859910259e-17,-0.3705541357304849,0.291702859701173
v2_basis,measurement-basis robustness and scope,SU2-HaarU4-brickwork|n8|d48|i8|dir=gaussian|basis=X|eta=0,SU2-HaarU4-brickwork|n8|d48|i8,SU2-HaarU4-brickwork,8,6.0,128,2,1.0,6.550315845288424e-15,1.0677222994637248e-15,6.661338147750939e-15,7.28583859910259e-17,-0.3705541357304849,0.58417372156086
v2_basis,measurement-basis robustness and scope,SU2-HaarU4-brickwork|n12|d72|i6|dir=gaussian|basis=X|eta=0,SU2-HaarU4-brickwork|n12|d72|i6,SU2-HaarU4-brickwork,12,6.0,128,1,1.0,1.965094753586527e-14,2.4997371307990494e-15,1.9539925233402755e-14,3.382710778154774e-17,-0.4434783891040655,0.3296016331969786
v2_basis,measurement-basis robustness and scope,SU2-HaarU4-brickwork|n12|d72|i6|dir=gaussian|basis=X|eta=0,SU2-HaarU4-brickwork|n12|d72|i6,SU2-HaarU4-brickwork,12,6.0,128,2,1.0,1.965094753586527e-14,2.4997371307990494e-15,1.9539925233402755e-14,3.382710778154774e-17,-0.4434783891040655,0.8329043427289793
v2_basis,measurement-basis robustness and scope,U1-RZ-XY-line|n8|d48|i4|dir=gaussian|basis=X|eta=0,U1-RZ-XY-line|n8|d48|i4,U1-RZ-XY-line,8,6.0,128,1,1.0,4.440892098500626e-16,4.721030100303863e-16,4.440892098500626e-16,1.006139616066548e-16,-0.1530203570393862,0.6072365113578289
v2_basis,measurement-basis robustness and scope,U1-RZ-XY-line|n8|d48|i4|dir=gaussian|basis=X|eta=0,U1-RZ-XY-line|n8|d48|i4,U1-RZ-XY-line,8,6.0,128,2,1.0,4.440892098500626e-16,4.721030100303863e-16,4.440892098500626e-16,1.006139616066548e-16,-0.1530203570393862,0.9778478434263044
v2_basis,measurement-basis robustness and scope,U1-RZ-XY-line|n12|d72|i0|dir=gaussian|basis=X|eta=0,U1-RZ-XY-line|n12|d72|i0,U1-RZ-XY-line,12,6.0,128,1,1.0,3.219646771412954e-15,4.762439958749906e-16,3.219646771412954e-15,4.510281037539698e-17,-0.2124680723672975,0.5946829217303037
v2_basis,measurement-basis robustness and scope,U1-RZ-XY-line|n12|d72|i0|dir=gaussian|basis=X|eta=0,U1-RZ-XY-line|n12|d72|i0,U1-RZ-XY-line,12,6.0,128,2,1.0,3.219646771412954e-15,4.762439958749906e-16,3.219646771412954e-15,4.510281037539698e-17,-0.2124680723672975,1.2648191451915074
v2_basis,measurement-basis robustness and scope,U1-RZ-XY-line|n12|d72|i8|dir=gaussian|basis=X|eta=0,U1-RZ-XY-line|n12|d72|i8,U1-RZ-XY-line,12,6.0,128,1,1.0,1.1102230246251563e-15,4.788339585694611e-16,1.1102230246251563e-15,4.8572257327350605e-17,-0.2199735434653957,0.5970874409939535
v2_basis,measurement-basis robustness and scope,U1-RZ-XY-line|n12|d72|i8|dir=gaussian|basis=X|eta=0,U1-RZ-XY-line|n12|d72|i8,U1-RZ-XY-line,12,6.0,128,2,1.0,1.1102230246251563e-15,4.788339585694611e-16,1.1102230246251563e-15,4.8572257327350605e-17,-0.2199735434653957,1.3261962015370574
v2_basis,measurement-basis robustness and scope,SU2-CNOT-line|n8|d48|i4|dir=gaussian|basis=Y|eta=0,SU2-CNOT-line|n8|d48|i4,SU2-CNOT-line,8,6.0,128,1,1.0,1.7763568394002505e-15,1.032852667740294e-16,1.7763568394002505e-15,7.45931094670027e-17,-0.3926409206750117,0.2737245870363033
v2_basis,measurement-basis robustness and scope,SU2-CNOT-line|n8|d48|i4|dir=gaussian|basis=Y|eta=0,SU2-CNOT-line|n8|d48|i4,SU2-CNOT-line,8,6.0,128,2,1.0,1.7763568394002505e-15,1.032852667740294e-16,1.7763568394002505e-15,7.45931094670027e-17,-0.3926409206750117,0.5477455313549526
v2_basis,measurement-basis robustness and scope,SU2-CNOT-line|n12|d72|i2|dir=gaussian|basis=Y|eta=0,SU2-CNOT-line|n12|d72|i2,SU2-CNOT-line,12,6.0,128,1,1.0,4.440892098500626e-15,3.0843011735147913e-16,4.440892098500626e-15,3.122502256758253e-17,-0.4612711432298683,0.3204323591081909
v2_basis,measurement-basis robustness and scope,SU2-CNOT-line|n12|d72|i2|dir=gaussian|basis=Y|eta=0,SU2-CNOT-line|n12|d72|i2,SU2-CNOT-line,12,6.0,128,2,1.0,4.440892098500626e-15,3.0843011735147913e-16,4.440892098500626e-15,3.122502256758253e-17,-0.4612711432298683,0.8102368943230636
v2_basis,measurement-basis robustness and scope,SU2-HaarU4-brickwork|n8|d48|i0|dir=gaussian|basis=Y|eta=0,SU2-HaarU4-brickwork|n8|d48|i0,SU2-HaarU4-brickwork,8,6.0,128,1,1.0,1.27675647831893e-14,1.8214670842896577e-15,1.2656542480726783e-14,5.898059818321144e-17,-0.3419214039033625,0.296864369918388
v2_basis,measurement-basis robustness and scope,SU2-HaarU4-brickwork|n8|d48|i0|dir=gaussian|basis=Y|eta=0,SU2-HaarU4-brickwork|n8|d48|i0,SU2-HaarU4-brickwork,8,6.0,128,2,1.0,1.27675647831893e-14,1.8214670842896577e-15,1.2656542480726783e-14,5.898059818321144e-17,-0.3419214039033625,0.5931723363016554
v2_basis,measurement-basis robustness and scope,SU2-HaarU4-brickwork|n8|d48|i8|dir=gaussian|basis=Y|eta=0,SU2-HaarU4-brickwork|n8|d48|i8,SU2-HaarU4-brickwork,8,6.0,128,1,1.0,6.661338147750939e-15,1.0166012405473917e-15,6.550315845288424e-15,4.6837533851373785e-17,-0.3796012129085742,0.2912510671328036
v2_basis,measurement-basis robustness and scope,SU2-HaarU4-brickwork|n8|d48|i8|dir=gaussian|basis=Y|eta=0,SU2-HaarU4-brickwork|n8|d48|i8,SU2-HaarU4-brickwork,8,6.0,128,2,1.0,6.661338147750939e-15,1.0166012405473917e-15,6.550315845288424e-15,4.6837533851373785e-17,-0.3796012129085742,0.5791931877301013
v2_basis,measurement-basis robustness and scope,SU2-HaarU4-brickwork|n12|d72|i6|dir=gaussian|basis=Y|eta=0,SU2-HaarU4-brickwork|n12|d72|i6,SU2-HaarU4-brickwork,12,6.0,128,1,1.0,1.8207657603852567e-14,2.2994063364211825e-15,1.8207657603852567e-14,2.775557561562892e-17,-0.4474182811494064,0.3298247131480824
v2_basis,measurement-basis robustness and scope,SU2-HaarU4-brickwork|n12|d72|i6|dir=gaussian|basis=Y|eta=0,SU2-HaarU4-brickwork|n12|d72|i6,SU2-HaarU4-brickwork,12,6.0,128,2,1.0,1.8207657603852567e-14,2.2994063364211825e-15,1.8207657603852567e-14,2.775557561562892e-17,-0.4474182811494064,0.833691591198257
v2_basis,measurement-basis robustness and scope,U1-RZ-XY-line|n8|d48|i4|dir=gaussian|basis=Y|eta=0,U1-RZ-XY-line|n8|d48|i4,U1-RZ-XY-line,8,6.0,128,1,1.0,8.881784197001252e-16,8.552204330091945e-16,6.661338147750939e-16,1.0408340855860844e-16,-0.1530203570393862,0.607236511357829
v2_basis,measurement-basis robustness and scope,U1-RZ-XY-line|n8|d48|i4|dir=gaussian|basis=Y|eta=0,U1-RZ-XY-line|n8|d48|i4,U1-RZ-XY-line,8,6.0,128,2,1.0,8.881784197001252e-16,8.552204330091945e-16,6.661338147750939e-16,1.0408340855860844e-16,-0.1530203570393862,0.9778478434263044
v2_basis,measurement-basis robustness and scope,U1-RZ-XY-line|n12|d72|i0|dir=gaussian|basis=Y|eta=0,U1-RZ-XY-line|n12|d72|i0,U1-RZ-XY-line,12,6.0,128,1,1.0,3.219646771412954e-15,4.913678885710614e-16,3.3306690738754696e-15,5.377642775528102e-17,-0.2124680723672974,0.5946829217303037
v2_basis,measurement-basis robustness and scope,U1-RZ-XY-line|n12|d72|i0|dir=gaussian|basis=Y|eta=0,U1-RZ-XY-line|n12|d72|i0,U1-RZ-XY-line,12,6.0,128,2,1.0,3.219646771412954e-15,4.913678885710614e-16,3.3306690738754696e-15,5.377642775528102e-17,-0.2124680723672974,1.2648191451915074
v2_basis,measurement-basis robustness and scope,U1-RZ-XY-line|n12|d72|i8|dir=gaussian|basis=Y|eta=0,U1-RZ-XY-line|n12|d72|i8,U1-RZ-XY-line,12,6.0,128,1,1.0,8.881784197001252e-16,5.611937690961183e-16,8.881784197001252e-16,5.377642775528102e-17,-0.219973543465396,0.5970874409939535
v2_basis,measurement-basis robustness and scope,U1-RZ-XY-line|n12|d72|i8|dir=gaussian|basis=Y|eta=0,U1-RZ-XY-line|n12|d72|i8,U1-RZ-XY-line,12,6.0,128,2,1.0,8.881784197001252e-16,5.611937690961183e-16,8.881784197001252e-16,5.377642775528102e-17,-0.219973543465396,1.3261962015370576
v2_basis,measurement-basis robustness and scope,SU2-CNOT-line|n8|d48|i4|dir=gaussian|basis=RANDOM_LOCAL|eta=0,SU2-CNOT-line|n8|d48|i4,SU2-CNOT-line,8,6.0,128,1,1.0,8.881784197001252e-16,1.9112390193924067e-16,8.881784197001252e-16,7.892991815694471e-17,-0.3833713020716968,0.2733343498734627
v2_basis,measurement-basis robustness and scope,SU2-CNOT-line|n8|d48|i4|dir=gaussian|basis=RANDOM_LOCAL|eta=0,SU2-CNOT-line|n8|d48|i4,SU2-CNOT-line,8,6.0,128,2,1.0,8.881784197001252e-16,1.9112390193924067e-16,8.881784197001252e-16,7.892991815694471e-17,-0.3833713020716968,0.546359195950507
v2_basis,measurement-basis robustness and scope,SU2-CNOT-line|n12|d72|i2|dir=gaussian|basis=RANDOM_LOCAL|eta=0,SU2-CNOT-line|n12|d72|i2,SU2-CNOT-line,12,6.0,128,1,1.0,1.887379141862766e-15,2.9491646341472304e-16,1.7763568394002505e-15,3.4694469519536136e-17,-0.4489650925974703,0.3206775018688597
v2_basis,measurement-basis robustness and scope,SU2-CNOT-line|n12|d72|i2|dir=gaussian|basis=RANDOM_LOCAL|eta=0,SU2-CNOT-line|n12|d72|i2,SU2-CNOT-line,12,6.0,128,2,1.0,1.887379141862766e-15,2.9491646341472304e-16,1.7763568394002505e-15,3.4694469519536136e-17,-0.4489650925974703,0.8110817643616144
v2_basis,measurement-basis robustness and scope,SU2-HaarU4-brickwork|n8|d48|i0|dir=gaussian|basis=RANDOM_LOCAL|eta=0,SU2-HaarU4-brickwork|n8|d48|i0,SU2-HaarU4-brickwork,8,6.0,128,1,1.0,1.1768364061026661e-14,1.7477416501740164e-15,1.1879386363489175e-14,9.80118763926896e-17,-0.358487722053224,0.2945080944098167
v2_basis,measurement-basis robustness and scope,SU2-HaarU4-brickwork|n8|d48|i0|dir=gaussian|basis=RANDOM_LOCAL|eta=0,SU2-HaarU4-brickwork|n8|d48|i0,SU2-HaarU4-brickwork,8,6.0,128,2,1.0,1.1768364061026661e-14,1.7477416501740164e-15,1.1879386363489175e-14,9.80118763926896e-17,-0.358487722053224,0.5904396477758584
v2_basis,measurement-basis robustness and scope,SU2-HaarU4-brickwork|n8|d48|i8|dir=gaussian|basis=RANDOM_LOCAL|eta=0,SU2-HaarU4-brickwork|n8|d48|i8,SU2-HaarU4-brickwork,8,6.0,128,1,1.0,5.10702591327572e-15,1.053120033425953e-15,4.996003610813205e-15,9.714451465470121e-17,-0.37061811677266,0.2950260767911153
v2_basis,measurement-basis robustness and scope,SU2-HaarU4-brickwork|n8|d48|i8|dir=gaussian|basis=RANDOM_LOCAL|eta=0,SU2-HaarU4-brickwork|n8|d48|i8,SU2-HaarU4-brickwork,8,6.0,128,2,1.0,5.10702591327572e-15,1.053120033425953e-15,4.996003610813205e-15,9.714451465470121e-17,-0.37061811677266,0.5898078438595722
v2_basis,measurement-basis robustness and scope,SU2-HaarU4-brickwork|n12|d72|i6|dir=gaussian|basis=RANDOM_LOCAL|eta=0,SU2-HaarU4-brickwork|n12|d72|i6,SU2-HaarU4-brickwork,12,6.0,128,1,1.0,1.8540724511240114e-14,2.509280543614791e-15,1.8540724511240114e-14,3.642919299551295e-17,-0.4526194567522753,0.3298171388670667
v2_basis,measurement-basis robustness and scope,SU2-HaarU4-brickwork|n12|d72|i6|dir=gaussian|basis=RANDOM_LOCAL|eta=0,SU2-HaarU4-brickwork|n12|d72|i6,SU2-HaarU4-brickwork,12,6.0,128,2,1.0,1.8540724511240114e-14,2.509280543614791e-15,1.8540724511240114e-14,3.642919299551295e-17,-0.4526194567522753,0.8341424954528467
v2_basis,measurement-basis robustness and scope,U1-RZ-XY-line|n8|d48|i4|dir=gaussian|basis=RANDOM_LOCAL|eta=0,U1-RZ-XY-line|n8|d48|i4,U1-RZ-XY-line,8,6.0,128,1,1.0,4.440892098500626e-16,4.943979025485933e-16,4.440892098500626e-16,2.0383000842727483e-16,-0.1462451507064976,0.5744974507983827
v2_basis,measurement-basis robustness and scope,U1-RZ-XY-line|n8|d48|i4|dir=gaussian|basis=RANDOM_LOCAL|eta=0,U1-RZ-XY-line|n8|d48|i4,U1-RZ-XY-line,8,6.0,128,2,1.0,4.440892098500626e-16,4.943979025485933e-16,4.440892098500626e-16,2.0383000842727483e-16,-0.1462451507064976,1.0019886065460908
v2_basis,measurement-basis robustness and scope,U1-RZ-XY-line|n12|d72|i0|dir=gaussian|basis=RANDOM_LOCAL|eta=0,U1-RZ-XY-line|n12|d72|i0,U1-RZ-XY-line,12,6.0,128,1,1.0,7.771561172376097e-16,4.7299316049679565e-16,9.992007221626409e-16,1.8388068845354155e-16,-0.2430375513130534,0.476972366123386
v2_basis,measurement-basis robustness and scope,U1-RZ-XY-line|n12|d72|i0|dir=gaussian|basis=RANDOM_LOCAL|eta=0,U1-RZ-XY-line|n12|d72|i0,U1-RZ-XY-line,12,6.0,128,2,1.0,7.771561172376097e-16,4.7299316049679565e-16,9.992007221626409e-16,1.8388068845354155e-16,-0.2430375513130534,1.248533193721662
v2_basis,measurement-basis robustness and scope,U1-RZ-XY-line|n12|d72|i8|dir=gaussian|basis=RANDOM_LOCAL|eta=0,U1-RZ-XY-line|n12|d72|i8,U1-RZ-XY-line,12,6.0,128,1,1.0,1.1102230246251563e-15,4.857349639974342e-16,8.881784197001252e-16,2.706168622523819e-16,-0.2100247071857985,0.4861831221427232
v2_basis,measurement-basis robustness and scope,U1-RZ-XY-line|n12|d72|i8|dir=gaussian|basis=RANDOM_LOCAL|eta=0,U1-RZ-XY-line|n12|d72|i8,U1-RZ-XY-line,12,6.0,128,2,1.0,1.1102230246251563e-15,4.857349639974342e-16,8.881784197001252e-16,2.706168622523819e-16,-0.2100247071857985,1.290552491274186
v2_basis,measurement-basis robustness and scope,SU2-CNOT-line|n8|d48|i0|dir=gaussian|basis=Y|eta=0,SU2-CNOT-line|n8|d48|i0,SU2-CNOT-line,8,6.0,128,1,1.0,0.0,2.558731828069965e-16,0.0,8.153200337090992e-17,-0.354565021573285,0.2692093619315977
v2_basis,measurement-basis robustness and scope,SU2-CNOT-line|n8|d48|i0|dir=gaussian|basis=Y|eta=0,SU2-CNOT-line|n8|d48|i0,SU2-CNOT-line,8,6.0,128,2,1.0,0.0,2.558731828069965e-16,0.0,8.153200337090992e-17,-0.354565021573285,0.5351119496731269
v2_basis,measurement-basis robustness and scope,SU2-CNOT-line|n8|d48|i8|dir=gaussian|basis=Y|eta=0,SU2-CNOT-line|n8|d48|i8,SU2-CNOT-line,8,6.0,128,1,1.0,1.5543122344752194e-15,5.0133508455729725e-16,1.7763568394002505e-15,5.030698080332741e-17,-0.3733699328721738,0.2749927490242987
v2_basis,measurement-basis robustness and scope,SU2-CNOT-line|n8|d48|i8|dir=gaussian|basis=Y|eta=0,SU2-CNOT-line|n8|d48|i8,SU2-CNOT-line,8,6.0,128,2,1.0,1.5543122344752194e-15,5.0133508455729725e-16,1.7763568394002505e-15,5.030698080332741e-17,-0.3733699328721738,0.5498690588743689
v2_basis,measurement-basis robustness and scope,SU2-CNOT-line|n12|d72|i6|dir=gaussian|basis=Y|eta=0,SU2-CNOT-line|n12|d72|i6,SU2-CNOT-line,12,6.0,128,1,1.0,0.0,2.2124366716946016e-16,2.220446049250313e-16,3.382710778154774e-17,-0.463295449929664,0.3207549429062315
v2_basis,measurement-basis robustness and scope,SU2-CNOT-line|n12|d72|i6|dir=gaussian|basis=Y|eta=0,SU2-CNOT-line|n12|d72|i6,SU2-CNOT-line,12,6.0,128,2,1.0,0.0,2.2124366716946016e-16,2.220446049250313e-16,3.382710778154774e-17,-0.463295449929664,0.8114130781750253
v2_basis,measurement-basis robustness and scope,SU2-HaarU4-brickwork|n8|d48|i4|dir=gaussian|basis=Y|eta=0,SU2-HaarU4-brickwork|n8|d48|i4,SU2-HaarU4-brickwork,8,6.0,128,1,1.0,1.3544720900426911e-14,2.525769444231881e-15,1.3433698597964394e-14,6.505213034913027e-17,-0.3636713496345809,0.291931279765184
v2_basis,measurement-basis robustness and scope,SU2-HaarU4-brickwork|n8|d48|i4|dir=gaussian|basis=Y|eta=0,SU2-HaarU4-brickwork|n8|d48|i4,SU2-HaarU4-brickwork,8,6.0,128,2,1.0,1.3544720900426911e-14,2.525769444231881e-15,1.3433698597964394e-14,6.505213034913027e-17,-0.3636713496345809,0.5841616670117432
v2_basis,measurement-basis robustness and scope,SU2-HaarU4-brickwork|n12|d72|i2|dir=gaussian|basis=Y|eta=0,SU2-HaarU4-brickwork|n12|d72|i2,SU2-HaarU4-brickwork,12,6.0,128,1,1.0,1.5210055437364645e-14,1.6922227647082785e-15,1.554312234475219e-14,3.903127820947816e-17,-0.4423904437506572,0.3309568157209185
v2_basis,measurement-basis robustness and scope,SU2-HaarU4-brickwork|n12|d72|i2|dir=gaussian|basis=Y|eta=0,SU2-HaarU4-brickwork|n12|d72|i2,SU2-HaarU4-brickwork,12,6.0,128,2,1.0,1.5210055437364645e-14,1.6922227647082785e-15,1.554312234475219e-14,3.903127820947816e-17,-0.4423904437506572,0.8371715182556546
v2_basis,measurement-basis robustness and scope,U1-RZ-XY-line|n8|d48|i0|dir=gaussian|basis=Y|eta=0,U1-RZ-XY-line|n8|d48|i0,U1-RZ-XY-line,8,6.0,128,1,1.0,2.220446049250313e-16,6.587703760730128e-16,2.220446049250313e-16,1.4051260155412135e-16,-0.1270050118400599,0.614632239221828
v2_basis,measurement-basis robustness and scope,U1-RZ-XY-line|n8|d48|i0|dir=gaussian|basis=Y|eta=0,U1-RZ-XY-line|n8|d48|i0,U1-RZ-XY-line,8,6.0,128,2,1.0,2.220446049250313e-16,6.587703760730128e-16,2.220446049250313e-16,1.4051260155412135e-16,-0.1270050118400599,0.938916046243438
v2_basis,measurement-basis robustness and scope,U1-RZ-XY-line|n8|d48|i8|dir=gaussian|basis=Y|eta=0,U1-RZ-XY-line|n8|d48|i8,U1-RZ-XY-line,8,6.0,128,1,1.0,2.4424906541753444e-15,4.3569540814053015e-16,2.3314683517128287e-15,8.153200337090992e-17,-0.1579149548099455,0.6052591589970856
v2_basis,measurement-basis robustness and scope,U1-RZ-XY-line|n8|d48|i8|dir=gaussian|basis=Y|eta=0,U1-RZ-XY-line|n8|d48|i8,U1-RZ-XY-line,8,6.0,128,2,1.0,2.4424906541753444e-15,4.3569540814053015e-16,2.3314683517128287e-15,8.153200337090992e-17,-0.1579149548099455,0.982959409425488
v2_basis,measurement-basis robustness and scope,U1-RZ-XY-line|n12|d72|i4|dir=gaussian|basis=Y|eta=0,U1-RZ-XY-line|n12|d72|i4,U1-RZ-XY-line,12,6.0,128,1,1.0,1.9984014443252818e-15,1.8388101575956643e-15,1.7763568394002505e-15,6.505213034913027e-17,-0.2077347217168694,0.6014650860822398
v2_basis,measurement-basis robustness and scope,U1-RZ-XY-line|n12|d72|i4|dir=gaussian|basis=Y|eta=0,U1-RZ-XY-line|n12|d72|i4,U1-RZ-XY-line,12,6.0,128,2,1.0,1.9984014443252818e-15,1.8388101575956643e-15,1.7763568394002505e-15,6.505213034913027e-17,-0.2077347217168694,1.3148357084511693
v2_basis,measurement-basis robustness and scope,SU2-CNOT-line|n8|d48|i5|dir=gaussian|basis=Z|eta=0,SU2-CNOT-line|n8|d48|i5,SU2-CNOT-line,8,6.0,128,1,1.0,6.661338147750939e-16,2.341940940705012e-16,8.881784197001252e-16,6.245004513516506e-17,-0.4146139275946,0.2736503334086115
v2_basis,measurement-basis robustness and scope,SU2-CNOT-line|n8|d48|i5|dir=gaussian|basis=Z|eta=0,SU2-CNOT-line|n8|d48|i5,SU2-CNOT-line,8,6.0,128,2,1.0,6.661338147750939e-16,2.341940940705012e-16,8.881784197001252e-16,6.245004513516506e-17,-0.4146139275946,0.5418413514414424
v2_basis,measurement-basis robustness and scope,SU2-CNOT-line|n12|d72|i3|dir=gaussian|basis=Z|eta=0,SU2-CNOT-line|n12|d72|i3,SU2-CNOT-line,12,6.0,128,1,1.0,4.440892098500626e-16,5.3631088159201456e-17,4.440892098500626e-16,2.4286128663675302e-17,-0.458446645259098,0.3200315035459681
v2_basis,measurement-basis robustness and scope,SU2-CNOT-line|n12|d72|i3|dir=gaussian|basis=Z|eta=0,SU2-CNOT-line|n12|d72|i3,SU2-CNOT-line,12,6.0,128,2,1.0,4.440892098500626e-16,5.3631088159201456e-17,4.440892098500626e-16,2.4286128663675302e-17,-0.458446645259098,0.8088492244011313
v2_basis,measurement-basis robustness and scope,SU2-HaarU4-brickwork|n8|d48|i1|dir=gaussian|basis=Z|eta=0,SU2-HaarU4-brickwork|n8|d48|i1,SU2-HaarU4-brickwork,8,6.0,128,1,1.0,4.773959005888173e-15,1.0218463694408192e-15,4.884981308350689e-15,4.163336342344337e-17,-0.3476439403852358,0.2963176729606619
v2_basis,measurement-basis robustness and scope,SU2-HaarU4-brickwork|n8|d48|i1|dir=gaussian|basis=Z|eta=0,SU2-HaarU4-brickwork|n8|d48|i1,SU2-HaarU4-brickwork,8,6.0,128,2,1.0,4.773959005888173e-15,1.0218463694408192e-15,4.884981308350689e-15,4.163336342344337e-17,-0.3476439403852358,0.5899008189434319
v2_basis,measurement-basis robustness and scope,SU2-HaarU4-brickwork|n8|d48|i9|dir=gaussian|basis=Z|eta=0,SU2-HaarU4-brickwork|n8|d48|i9,SU2-HaarU4-brickwork,8,6.0,128,1,1.0,3.996802888650564e-15,7.355738936482365e-16,4.107825191113079e-15,3.2959746043559335e-17,-0.3824335841118427,0.2939391468300364
v2_basis,measurement-basis robustness and scope,SU2-HaarU4-brickwork|n8|d48|i9|dir=gaussian|basis=Z|eta=0,SU2-HaarU4-brickwork|n8|d48|i9,SU2-HaarU4-brickwork,8,6.0,128,2,1.0,3.996802888650564e-15,7.355738936482365e-16,4.107825191113079e-15,3.2959746043559335e-17,-0.3824335841118427,0.5907386321017198
v2_basis,measurement-basis robustness and scope,SU2-HaarU4-brickwork|n12|d72|i7|dir=gaussian|basis=Z|eta=0,SU2-HaarU4-brickwork|n12|d72|i7,SU2-HaarU4-brickwork,12,6.0,128,1,1.0,1.6209256159527282e-14,2.343613984101699e-15,1.6431300764452317e-14,2.667137344314341e-17,-0.4517966619353606,0.3317172829618556
v2_basis,measurement-basis robustness and scope,SU2-HaarU4-brickwork|n12|d72|i7|dir=gaussian|basis=Z|eta=0,SU2-HaarU4-brickwork|n12|d72|i7,SU2-HaarU4-brickwork,12,6.0,128,2,1.0,1.6209256159527282e-14,2.343613984101699e-15,1.6431300764452317e-14,2.667137344314341e-17,-0.4517966619353606,0.8386716672651061
v2_basis,measurement-basis robustness and scope,U1-RZ-XY-line|n8|d48|i5|dir=gaussian|basis=Z|eta=0,U1-RZ-XY-line|n8|d48|i5,U1-RZ-XY-line,8,6.0,128,1,1.0,4.440892098500626e-16,2.3754946299780597e-16,6.661338147750939e-16,7.63278329429795e-17,-0.1934349410969738,0.2805236784314885
v2_basis,measurement-basis robustness and scope,U1-RZ-XY-line|n8|d48|i5|dir=gaussian|basis=Z|eta=0,U1-RZ-XY-line|n8|d48|i5,U1-RZ-XY-line,8,6.0,128,2,1.0,4.440892098500626e-16,2.3754946299780597e-16,6.661338147750939e-16,7.63278329429795e-17,-0.1934349410969738,0.6026940799403115
v2_basis,measurement-basis robustness and scope,U1-RZ-XY-line|n12|d72|i1|dir=gaussian|basis=Z|eta=0,U1-RZ-XY-line|n12|d72|i1,U1-RZ-XY-line,12,6.0,128,1,1.0,3.552713678800501e-15,1.2455749438815165e-15,3.4416913763379853e-15,9.714451465470121e-17,-0.1877977485082214,0.2883768842362747
v2_basis,measurement-basis robustness and scope,U1-RZ-XY-line|n12|d72|i1|dir=gaussian|basis=Z|eta=0,U1-RZ-XY-line|n12|d72|i1,U1-RZ-XY-line,12,6.0,128,2,1.0,3.552713678800501e-15,1.2455749438815165e-15,3.4416913763379853e-15,9.714451465470121e-17,-0.1877977485082214,0.8738808163796006
v2_basis,measurement-basis robustness and scope,U1-RZ-XY-line|n12|d72|i9|dir=gaussian|basis=Z|eta=0,U1-RZ-XY-line|n12|d72|i9,U1-RZ-XY-line,12,6.0,128,1,1.0,2.3314683517128287e-15,9.333844049509926e-16,2.220446049250313e-15,5.551115123125783e-17,-0.1948510132442472,0.2791362748346067
v2_basis,measurement-basis robustness and scope,U1-RZ-XY-line|n12|d72|i9|dir=gaussian|basis=Z|eta=0,U1-RZ-XY-line|n12|d72|i9,U1-RZ-XY-line,12,6.0,128,2,1.0,2.3314683517128287e-15,9.333844049509926e-16,2.220446049250313e-15,5.551115123125783e-17,-0.1948510132442472,0.8952820218680259
v2_basis,measurement-basis robustness and scope,SU2-CNOT-line|n8|d48|i5|dir=gaussian|basis=X|eta=0,SU2-CNOT-line|n8|d48|i5,SU2-CNOT-line,8,6.0,128,1,1.0,6.661338147750939e-16,2.5196671878203853e-16,6.661338147750939e-16,7.199102425303751e-17,-0.3662435217512741,0.2727685881485073
v2_basis,measurement-basis robustness and scope,SU2-CNOT-line|n8|d48|i5|dir=gaussian|basis=X|eta=0,SU2-CNOT-line|n8|d48|i5,SU2-CNOT-line,8,6.0,128,2,1.0,6.661338147750939e-16,2.5196671878203853e-16,6.661338147750939e-16,7.199102425303751e-17,-0.3662435217512741,0.544292857925724
v2_basis,measurement-basis robustness and scope,SU2-CNOT-line|n12|d72|i3|dir=gaussian|basis=X|eta=0,SU2-CNOT-line|n12|d72|i3,SU2-CNOT-line,12,6.0,128,1,1.0,1.7763568394002505e-15,4.8496691610100906e-17,1.7763568394002505e-15,2.949029909160572e-17,-0.4640739454212573,0.3200930459812308
v2_basis,measurement-basis robustness and scope,SU2-CNOT-line|n12|d72|i3|dir=gaussian|basis=X|eta=0,SU2-CNOT-line|n12|d72|i3,SU2-CNOT-line,12,6.0,128,2,1.0,1.7763568394002505e-15,4.8496691610100906e-17,1.7763568394002505e-15,2.949029909160572e-17,-0.4640739454212573,0.8096800380214584
v2_basis,measurement-basis robustness and scope,SU2-HaarU4-brickwork|n8|d48|i1|dir=gaussian|basis=X|eta=0,SU2-HaarU4-brickwork|n8|d48|i1,SU2-HaarU4-brickwork,8,6.0,128,1,1.0,6.217248937900877e-15,1.0209378228955749e-15,6.3282712403633915e-15,4.8572257327350605e-17,-0.3794290852444863,0.2953191156693996
v2_basis,measurement-basis robustness and scope,SU2-HaarU4-brickwork|n8|d48|i1|dir=gaussian|basis=X|eta=0,SU2-HaarU4-brickwork|n8|d48|i1,SU2-HaarU4-brickwork,8,6.0,128,2,1.0,6.217248937900877e-15,1.0209378228955749e-15,6.3282712403633915e-15,4.8572257327350605e-17,-0.3794290852444863,0.5904411864812289
v2_basis,measurement-basis robustness and scope,SU2-HaarU4-brickwork|n8|d48|i9|dir=gaussian|basis=X|eta=0,SU2-HaarU4-brickwork|n8|d48|i9,SU2-HaarU4-brickwork,8,6.0,128,1,1.0,5.551115123125783e-15,7.373309442710224e-16,5.551115123125783e-15,6.245004513516506e-17,-0.345847121374785,0.2958427285486898
v2_basis,measurement-basis robustness and scope,SU2-HaarU4-brickwork|n8|d48|i9|dir=gaussian|basis=X|eta=0,SU2-HaarU4-brickwork|n8|d48|i9,SU2-HaarU4-brickwork,8,6.0,128,2,1.0,5.551115123125783e-15,7.373309442710224e-16,5.551115123125783e-15,6.245004513516506e-17,-0.345847121374785,0.5894801875513188
v2_basis,measurement-basis robustness and scope,SU2-HaarU4-brickwork|n12|d72|i7|dir=gaussian|basis=X|eta=0,SU2-HaarU4-brickwork|n12|d72|i7,SU2-HaarU4-brickwork,12,6.0,128,1,1.0,1.8429702208777602e-14,2.359659849930341e-15,1.8429702208777602e-14,3.079134169858833e-17,-0.43539166324819,0.3321135262044432
v2_basis,measurement-basis robustness and scope,SU2-HaarU4-brickwork|n12|d72|i7|dir=gaussian|basis=X|eta=0,SU2-HaarU4-brickwork|n12|d72|i7,SU2-HaarU4-brickwork,12,6.0,128,2,1.0,1.8429702208777602e-14,2.359659849930341e-15,1.8429702208777602e-14,3.079134169858833e-17,-0.43539166324819,0.8403109843855445
v2_basis,measurement-basis robustness and scope,U1-RZ-XY-line|n8|d48|i5|dir=gaussian|basis=X|eta=0,U1-RZ-XY-line|n8|d48|i5,U1-RZ-XY-line,8,6.0,128,1,1.0,8.881784197001252e-16,2.439239001840429e-16,8.881784197001252e-16,6.678685382510706e-17,-0.1888944685332568,0.6233542065910713
v2_basis,measurement-basis robustness and scope,U1-RZ-XY-line|n8|d48|i5|dir=gaussian|basis=X|eta=0,U1-RZ-XY-line|n8|d48|i5,U1-RZ-XY-line,8,6.0,128,2,1.0,8.881784197001252e-16,2.439239001840429e-16,8.881784197001252e-16,6.678685382510706e-17,-0.1888944685332568,1.112985950931867
v2_basis,measurement-basis robustness and scope,U1-RZ-XY-line|n12|d72|i1|dir=gaussian|basis=X|eta=0,U1-RZ-XY-line|n12|d72|i1,U1-RZ-XY-line,12,6.0,128,1,1.0,5.8841820305133305e-15,1.2407423970543497e-15,5.773159728050814e-15,7.892991815694471e-17,-0.1917527849939545,0.5768630521984288
v2_basis,measurement-basis robustness and scope,U1-RZ-XY-line|n12|d72|i1|dir=gaussian|basis=X|eta=0,U1-RZ-XY-line|n12|d72|i1,U1-RZ-XY-line,12,6.0,128,2,1.0,5.8841820305133305e-15,1.2407423970543497e-15,5.773159728050814e-15,7.892991815694471e-17,-0.1917527849939545,1.2688698784045838
v2_basis,measurement-basis robustness and scope,U1-RZ-XY-line|n12|d72|i9|dir=gaussian|basis=X|eta=0,U1-RZ-XY-line|n12|d72|i9,U1-RZ-XY-line,12,6.0,128,1,1.0,4.6629367034256575e-15,9.506680334341496e-16,4.440892098500626e-15,5.898059818321144e-17,-0.2186728019713179,0.5889879626439303
v2_basis,measurement-basis robustness and scope,U1-RZ-XY-line|n12|d72|i9|dir=gaussian|basis=X|eta=0,U1-RZ-XY-line|n12|d72|i9,U1-RZ-XY-line,12,6.0,128,2,1.0,4.6629367034256575e-15,9.506680334341496e-16,4.440892098500626e-15,5.898059818321144e-17,-0.2186728019713179,1.2835233214942987
v2_basis,measurement-basis robustness and scope,SU2-CNOT-line|n8|d48|i5|dir=gaussian|basis=Y|eta=0,SU2-CNOT-line|n8|d48|i5,SU2-CNOT-line,8,6.0,128,1,1.0,6.661338147750939e-16,2.585669206609384e-16,6.661338147750939e-16,7.63278329429795e-17,-0.3789597123327852,0.2749013114782632
v2_basis,measurement-basis robustness and scope,SU2-CNOT-line|n8|d48|i5|dir=gaussian|basis=Y|eta=0,SU2-CNOT-line|n8|d48|i5,SU2-CNOT-line,8,6.0,128,2,1.0,6.661338147750939e-16,2.585669206609384e-16,6.661338147750939e-16,7.63278329429795e-17,-0.3789597123327852,0.5507870254602883
v2_basis,measurement-basis robustness and scope,SU2-CNOT-line|n12|d72|i3|dir=gaussian|basis=Y|eta=0,SU2-CNOT-line|n12|d72|i3,SU2-CNOT-line,12,6.0,128,1,1.0,1.6653345369377348e-15,4.814297167192031e-17,1.6653345369377348e-15,2.7321894746634715e-17,-0.4592014409642092,0.3200978943245659
v2_basis,measurement-basis robustness and scope,SU2-CNOT-line|n12|d72|i3|dir=gaussian|basis=Y|eta=0,SU2-CNOT-line|n12|d72|i3,SU2-CNOT-line,12,6.0,128,2,1.0,1.6653345369377348e-15,4.814297167192031e-17,1.6653345369377348e-15,2.7321894746634715e-17,-0.4592014409642092,0.8090206691726897
v2_basis,measurement-basis robustness and scope,SU2-HaarU4-brickwork|n8|d48|i1|dir=gaussian|basis=Y|eta=0,SU2-HaarU4-brickwork|n8|d48|i1,SU2-HaarU4-brickwork,8,6.0,128,1,1.0,6.217248937900877e-15,1.0235000816825628e-15,6.217248937900877e-15,4.510281037539698e-17,-0.3743578228350057,0.2969010899896355
v2_basis,measurement-basis robustness and scope,SU2-HaarU4-brickwork|n8|d48|i1|dir=gaussian|basis=Y|eta=0,SU2-HaarU4-brickwork|n8|d48|i1,SU2-HaarU4-brickwork,8,6.0,128,2,1.0,6.217248937900877e-15,1.0235000816825628e-15,6.217248937900877e-15,4.510281037539698e-17,-0.3743578228350057,0.5947233349259953
v2_basis,measurement-basis robustness and scope,SU2-HaarU4-brickwork|n8|d48|i9|dir=gaussian|basis=Y|eta=0,SU2-HaarU4-brickwork|n8|d48|i9,SU2-HaarU4-brickwork,8,6.0,128,1,1.0,5.551115123125783e-15,7.546764902972008e-16,5.6621374255882976e-15,5.551115123125783e-17,-0.3570213411158551,0.2955489976615108
v2_basis,measurement-basis robustness and scope,SU2-HaarU4-brickwork|n8|d48|i9|dir=gaussian|basis=Y|eta=0,SU2-HaarU4-brickwork|n8|d48|i9,SU2-HaarU4-brickwork,8,6.0,128,2,1.0,5.551115123125783e-15,7.546764902972008e-16,5.6621374255882976e-15,5.551115123125783e-17,-0.3570213411158551,0.5918073230839414
v2_basis,measurement-basis robustness and scope,SU2-HaarU4-brickwork|n12|d72|i7|dir=gaussian|basis=Y|eta=0,SU2-HaarU4-brickwork|n12|d72|i7,SU2-HaarU4-brickwork,12,6.0,128,1,1.0,1.8429702208777602e-14,2.345790083105445e-15,1.8540724511240114e-14,2.5153490401663706e-17,-0.4392515001516248,0.331930296678905
v2_basis,measurement-basis robustness and scope,SU2-HaarU4-brickwork|n12|d72|i7|dir=gaussian|basis=Y|eta=0,SU2-HaarU4-brickwork|n12|d72|i7,SU2-HaarU4-brickwork,12,6.0,128,2,1.0,1.8429702208777602e-14,2.345790083105445e-15,1.8540724511240114e-14,2.5153490401663706e-17,-0.4392515001516248,0.8389288692435508
v2_basis,measurement-basis robustness and scope,U1-RZ-XY-line|n8|d48|i5|dir=gaussian|basis=Y|eta=0,U1-RZ-XY-line|n8|d48|i5,U1-RZ-XY-line,8,6.0,128,1,1.0,8.881784197001252e-16,2.3197031866038293e-16,8.881784197001252e-16,8.239936510889834e-17,-0.1888944685332568,0.6233542065910714
v2_basis,measurement-basis robustness and scope,U1-RZ-XY-line|n8|d48|i5|dir=gaussian|basis=Y|eta=0,U1-RZ-XY-line|n8|d48|i5,U1-RZ-XY-line,8,6.0,128,2,1.0,8.881784197001252e-16,2.3197031866038293e-16,8.881784197001252e-16,8.239936510889834e-17,-0.1888944685332568,1.1129859509318671
v2_basis,measurement-basis robustness and scope,U1-RZ-XY-line|n12|d72|i1|dir=gaussian|basis=Y|eta=0,U1-RZ-XY-line|n12|d72|i1,U1-RZ-XY-line,12,6.0,128,1,1.0,5.8841820305133305e-15,1.2408621441643153e-15,5.6621374255882976e-15,1.006139616066548e-16,-0.1917527849939545,0.5768630521984288
v2_basis,measurement-basis robustness and scope,U1-RZ-XY-line|n12|d72|i1|dir=gaussian|basis=Y|eta=0,U1-RZ-XY-line|n12|d72|i1,U1-RZ-XY-line,12,6.0,128,2,1.0,5.8841820305133305e-15,1.2408621441643153e-15,5.6621374255882976e-15,1.006139616066548e-16,-0.1917527849939545,1.2688698784045838
v2_basis,measurement-basis robustness and scope,U1-RZ-XY-line|n12|d72|i9|dir=gaussian|basis=Y|eta=0,U1-RZ-XY-line|n12|d72|i9,U1-RZ-XY-line,12,6.0,128,1,1.0,4.6629367034256575e-15,9.551921313937889e-16,4.440892098500626e-15,5.898059818321144e-17,-0.2186728019713179,0.5889879626439303
v2_basis,measurement-basis robustness and scope,U1-RZ-XY-line|n12|d72|i9|dir=gaussian|basis=Y|eta=0,U1-RZ-XY-line|n12|d72|i9,U1-RZ-XY-line,12,6.0,128,2,1.0,4.6629367034256575e-15,9.551921313937889e-16,4.440892098500626e-15,5.898059818321144e-17,-0.2186728019713179,1.2835233214942987
v2_basis,measurement-basis robustness and scope,SU2-CNOT-line|n8|d48|i5|dir=gaussian|basis=RANDOM_LOCAL|eta=0,SU2-CNOT-line|n8|d48|i5,SU2-CNOT-line,8,6.0,128,1,1.0,8.881784197001252e-16,2.521323749391761e-16,8.881784197001252e-16,1.0408340855860844e-16,-0.3868589543855633,0.2746156977570685
v2_basis,measurement-basis robustness and scope,SU2-CNOT-line|n8|d48|i5|dir=gaussian|basis=RANDOM_LOCAL|eta=0,SU2-CNOT-line|n8|d48|i5,SU2-CNOT-line,8,6.0,128,2,1.0,8.881784197001252e-16,2.521323749391761e-16,8.881784197001252e-16,1.0408340855860844e-16,-0.3868589543855633,0.5476405507904192
v2_basis,measurement-basis robustness and scope,SU2-CNOT-line|n12|d72|i3|dir=gaussian|basis=RANDOM_LOCAL|eta=0,SU2-CNOT-line|n12|d72|i3,SU2-CNOT-line,12,6.0,128,1,1.0,8.881784197001252e-16,5.0385430826617706e-17,8.881784197001252e-16,3.274290560906224e-17,-0.4599948514203968,0.3199481454778748
v2_basis,measurement-basis robustness and scope,SU2-CNOT-line|n12|d72|i3|dir=gaussian|basis=RANDOM_LOCAL|eta=0,SU2-CNOT-line|n12|d72|i3,SU2-CNOT-line,12,6.0,128,2,1.0,8.881784197001252e-16,5.0385430826617706e-17,8.881784197001252e-16,3.274290560906224e-17,-0.4599948514203968,0.8093542703506011
v2_basis,measurement-basis robustness and scope,SU2-HaarU4-brickwork|n8|d48|i1|dir=gaussian|basis=RANDOM_LOCAL|eta=0,SU2-HaarU4-brickwork|n8|d48|i1,SU2-HaarU4-brickwork,8,6.0,128,1,1.0,5.773159728050814e-15,1.046067383428041e-15,5.6621374255882976e-15,1.3704315460216776e-16,-0.3758708939637666,0.2961388652859471
v2_basis,measurement-basis robustness and scope,SU2-HaarU4-brickwork|n8|d48|i1|dir=gaussian|basis=RANDOM_LOCAL|eta=0,SU2-HaarU4-brickwork|n8|d48|i1,SU2-HaarU4-brickwork,8,6.0,128,2,1.0,5.773159728050814e-15,1.046067383428041e-15,5.6621374255882976e-15,1.3704315460216776e-16,-0.3758708939637666,0.5936007005369409
v2_basis,measurement-basis robustness and scope,SU2-HaarU4-brickwork|n8|d48|i9|dir=gaussian|basis=RANDOM_LOCAL|eta=0,SU2-HaarU4-brickwork|n8|d48|i9,SU2-HaarU4-brickwork,8,6.0,128,1,1.0,5.10702591327572e-15,7.367093049658354e-16,5.218048215738236e-15,8.847089727481715e-17,-0.3542745611439881,0.2934660190579884
v2_basis,measurement-basis robustness and scope,SU2-HaarU4-brickwork|n8|d48|i9|dir=gaussian|basis=RANDOM_LOCAL|eta=0,SU2-HaarU4-brickwork|n8|d48|i9,SU2-HaarU4-brickwork,8,6.0,128,2,1.0,5.10702591327572e-15,7.367093049658354e-16,5.218048215738236e-15,8.847089727481715e-17,-0.3542745611439881,0.5866468776729943
v2_basis,measurement-basis robustness and scope,SU2-HaarU4-brickwork|n12|d72|i7|dir=gaussian|basis=RANDOM_LOCAL|eta=0,SU2-HaarU4-brickwork|n12|d72|i7,SU2-HaarU4-brickwork,12,6.0,128,1,1.0,1.5876189252139742e-14,2.3770125971363547e-15,1.5765166949677223e-14,2.949029909160572e-17,-0.4506879661427365,0.3319274959549539
v2_basis,measurement-basis robustness and scope,SU2-HaarU4-brickwork|n12|d72|i7|dir=gaussian|basis=RANDOM_LOCAL|eta=0,SU2-HaarU4-brickwork|n12|d72|i7,SU2-HaarU4-brickwork,12,6.0,128,2,1.0,1.5876189252139742e-14,2.3770125971363547e-15,1.5765166949677223e-14,2.949029909160572e-17,-0.4506879661427365,0.839074601763061
v2_basis,measurement-basis robustness and scope,U1-RZ-XY-line|n8|d48|i5|dir=gaussian|basis=RANDOM_LOCAL|eta=0,U1-RZ-XY-line|n8|d48|i5,U1-RZ-XY-line,8,6.0,128,1,1.0,4.440892098500626e-16,2.5823501761846333e-16,6.661338147750939e-16,1.6306400674181987e-16,-0.1820101868587223,0.5571835550580028
v2_basis,measurement-basis robustness and scope,U1-RZ-XY-line|n8|d48|i5|dir=gaussian|basis=RANDOM_LOCAL|eta=0,U1-RZ-XY-line|n8|d48|i5,U1-RZ-XY-line,8,6.0,128,2,1.0,4.440892098500626e-16,2.5823501761846333e-16,6.661338147750939e-16,1.6306400674181987e-16,-0.1820101868587223,1.0838358018427363
v2_basis,measurement-basis robustness and scope,U1-RZ-XY-line|n12|d72|i1|dir=gaussian|basis=RANDOM_LOCAL|eta=0,U1-RZ-XY-line|n12|d72|i1,U1-RZ-XY-line,12,6.0,128,1,1.0,5.218048215738236e-15,1.2802306264098834e-15,5.218048215738236e-15,1.9255430583342559e-16,-0.1992242382746434,0.4678021236472045
v2_basis,measurement-basis robustness and scope,U1-RZ-XY-line|n12|d72|i1|dir=gaussian|basis=RANDOM_LOCAL|eta=0,U1-RZ-XY-line|n12|d72|i1,U1-RZ-XY-line,12,6.0,128,2,1.0,5.218048215738236e-15,1.2802306264098834e-15,5.218048215738236e-15,1.9255430583342559e-16,-0.1992242382746434,1.238173996558572
v2_basis,measurement-basis robustness and scope,U1-RZ-XY-line|n12|d72|i9|dir=gaussian|basis=RANDOM_LOCAL|eta=0,U1-RZ-XY-line|n12|d72|i9,U1-RZ-XY-line,12,6.0,128,1,1.0,3.1086244689504387e-15,9.957373195250108e-16,3.1086244689504387e-15,1.52655665885959e-16,-0.2220364569667685,0.4535081046812251
v2_basis,measurement-basis robustness and scope,U1-RZ-XY-line|n12|d72|i9|dir=gaussian|basis=RANDOM_LOCAL|eta=0,U1-RZ-XY-line|n12|d72|i9,U1-RZ-XY-line,12,6.0,128,2,1.0,3.1086244689504387e-15,9.957373195250108e-16,3.1086244689504387e-15,1.52655665885959e-16,-0.2220364569667685,1.230107468939849
v2_basis,measurement-basis robustness and scope,SU2-CNOT-line|n8|d48|i6|dir=gaussian|basis=Z|eta=0,SU2-CNOT-line|n8|d48|i6,SU2-CNOT-line,8,6.0,128,1,1.0,1.1102230246251563e-15,1.9491530832281062e-16,1.2212453270876722e-15,6.938893903907227e-17,-0.364956040496353,0.2741762726637311
v2_basis,measurement-basis robustness and scope,SU2-CNOT-line|n8|d48|i6|dir=gaussian|basis=Z|eta=0,SU2-CNOT-line|n8|d48|i6,SU2-CNOT-line,8,6.0,128,2,1.0,1.1102230246251563e-15,1.9491530832281062e-16,1.2212453270876722e-15,6.938893903907227e-17,-0.364956040496353,0.5471193735615016
v2_basis,measurement-basis robustness and scope,SU2-CNOT-line|n12|d72|i4|dir=gaussian|basis=Z|eta=0,SU2-CNOT-line|n12|d72|i4,SU2-CNOT-line,12,6.0,128,1,1.0,1.9984014443252818e-15,2.403359052891546e-16,2.220446049250313e-15,2.775557561562892e-17,-0.4687149688781023,0.319579541445761
v2_basis,measurement-basis robustness and scope,SU2-CNOT-line|n12|d72|i4|dir=gaussian|basis=Z|eta=0,SU2-CNOT-line|n12|d72|i4,SU2-CNOT-line,12,6.0,128,2,1.0,1.9984014443252818e-15,2.403359052891546e-16,2.220446049250313e-15,2.775557561562892e-17,-0.4687149688781023,0.8081307492152328
v2_basis,measurement-basis robustness and scope,SU2-HaarU4-brickwork|n8|d48|i2|dir=gaussian|basis=Z|eta=0,SU2-HaarU4-brickwork|n8|d48|i2,SU2-HaarU4-brickwork,8,6.0,128,1,1.0,7.327471962526033e-15,1.3045166675526665e-15,7.438494264988549e-15,5.551115123125783e-17,-0.3625953017095082,0.2957741838164511
v2_basis,measurement-basis robustness and scope,SU2-HaarU4-brickwork|n8|d48|i2|dir=gaussian|basis=Z|eta=0,SU2-HaarU4-brickwork|n8|d48|i2,SU2-HaarU4-brickwork,8,6.0,128,2,1.0,7.327471962526033e-15,1.3045166675526665e-15,7.438494264988549e-15,5.551115123125783e-17,-0.3625953017095082,0.5914346614088484
v2_basis,measurement-basis robustness and scope,SU2-HaarU4-brickwork|n12|d72|i0|dir=gaussian|basis=Z|eta=0,SU2-HaarU4-brickwork|n12|d72|i0,SU2-HaarU4-brickwork,12,6.0,128,1,1.0,2.76445533131664e-14,5.194634680642071e-15,2.753353101070388e-14,2.2117724318704287e-17,-0.4410897160654122,0.3316797688114681
v2_basis,measurement-basis robustness and scope,SU2-HaarU4-brickwork|n12|d72|i0|dir=gaussian|basis=Z|eta=0,SU2-HaarU4-brickwork|n12|d72|i0,SU2-HaarU4-brickwork,12,6.0,128,2,1.0,2.76445533131664e-14,5.194634680642071e-15,2.753353101070388e-14,2.2117724318704287e-17,-0.4410897160654122,0.8389745852974584
v2_basis,measurement-basis robustness and scope,SU2-HaarU4-brickwork|n12|d72|i8|dir=gaussian|basis=Z|eta=0,SU2-HaarU4-brickwork|n12|d72|i8,SU2-HaarU4-brickwork,12,6.0,128,1,1.0,9.880984919163892e-15,1.595946540682882e-15,9.658940314238862e-15,2.4286128663675302e-17,-0.4391068373599005,0.331067417305575
v2_basis,measurement-basis robustness and scope,SU2-HaarU4-brickwork|n12|d72|i8|dir=gaussian|basis=Z|eta=0,SU2-HaarU4-brickwork|n12|d72|i8,SU2-HaarU4-brickwork,12,6.0,128,2,1.0,9.880984919163892e-15,1.595946540682882e-15,9.658940314238862e-15,2.4286128663675302e-17,-0.4391068373599005,0.8369290208977569
v2_basis,measurement-basis robustness and scope,U1-RZ-XY-line|n8|d48|i6|dir=gaussian|basis=Z|eta=0,U1-RZ-XY-line|n8|d48|i6,U1-RZ-XY-line,8,6.0,128,1,1.0,2.4424906541753444e-15,1.4710455076283324e-15,2.3314683517128287e-15,6.245004513516506e-17,-0.1332981083135294,0.2283606869951681
v2_basis,measurement-basis robustness and scope,U1-RZ-XY-line|n8|d48|i6|dir=gaussian|basis=Z|eta=0,U1-RZ-XY-line|n8|d48|i6,U1-RZ-XY-line,8,6.0,128,2,1.0,2.4424906541753444e-15,1.4710455076283324e-15,2.3314683517128287e-15,6.245004513516506e-17,-0.1332981083135294,0.5718062417856944
v2_basis,measurement-basis robustness and scope,U1-RZ-XY-line|n12|d72|i2|dir=gaussian|basis=Z|eta=0,U1-RZ-XY-line|n12|d72|i2,U1-RZ-XY-line,12,6.0,128,1,1.0,8.881784197001252e-16,3.7354602626235134e-16,8.881784197001252e-16,5.551115123125783e-17,-0.2084102770776844,0.2965222190909621
v2_basis,measurement-basis robustness and scope,U1-RZ-XY-line|n12|d72|i2|dir=gaussian|basis=Z|eta=0,U1-RZ-XY-line|n12|d72|i2,U1-RZ-XY-line,12,6.0,128,2,1.0,8.881784197001252e-16,3.7354602626235134e-16,8.881784197001252e-16,5.551115123125783e-17,-0.2084102770776844,0.913843231988982
v2_basis,measurement-basis robustness and scope,U1-RZ-XY-line|n12|d72|i10|dir=gaussian|basis=Z|eta=0,U1-RZ-XY-line|n12|d72|i10,U1-RZ-XY-line,12,6.0,128,1,1.0,2.220446049250313e-15,1.2351426060167057e-15,2.4424906541753444e-15,5.551115123125783e-17,-0.1860406304719968,0.2846930158667098
v2_basis,measurement-basis robustness and scope,U1-RZ-XY-line|n12|d72|i10|dir=gaussian|basis=Z|eta=0,U1-RZ-XY-line|n12|d72|i10,U1-RZ-XY-line,12,6.0,128,2,1.0,2.220446049250313e-15,1.2351426060167057e-15,2.4424906541753444e-15,5.551115123125783e-17,-0.1860406304719968,0.9007041068427909
v2_basis,measurement-basis robustness and scope,SU2-CNOT-line|n8|d48|i6|dir=gaussian|basis=X|eta=0,SU2-CNOT-line|n8|d48|i6,SU2-CNOT-line,8,6.0,128,1,1.0,2.886579864025407e-15,2.794251306730906e-16,3.1086244689504387e-15,6.591949208711867e-17,-0.3870295134732742,0.2701022976892094
v2_basis,measurement-basis robustness and scope,SU2-CNOT-line|n8|d48|i6|dir=gaussian|basis=X|eta=0,SU2-CNOT-line|n8|d48|i6,SU2-CNOT-line,8,6.0,128,2,1.0,2.886579864025407e-15,2.794251306730906e-16,3.1086244689504387e-15,6.591949208711867e-17,-0.3870295134732742,0.5434431711374876
v2_basis,measurement-basis robustness and scope,SU2-CNOT-line|n12|d72|i4|dir=gaussian|basis=X|eta=0,SU2-CNOT-line|n12|d72|i4,SU2-CNOT-line,12,6.0,128,1,1.0,4.107825191113079e-15,2.173243161343674e-16,4.218847493575595e-15,2.4286128663675302e-17,-0.4608963880900648,0.3198954968388164
v2_basis,measurement-basis robustness and scope,SU2-CNOT-line|n12|d72|i4|dir=gaussian|basis=X|eta=0,SU2-CNOT-line|n12|d72|i4,SU2-CNOT-line,12,6.0,128,2,1.0,4.107825191113079e-15,2.173243161343674e-16,4.218847493575595e-15,2.4286128663675302e-17,-0.4608963880900648,0.808703331709602
v2_basis,measurement-basis robustness and scope,SU2-HaarU4-brickwork|n8|d48|i2|dir=gaussian|basis=X|eta=0,SU2-HaarU4-brickwork|n8|d48|i2,SU2-HaarU4-brickwork,8,6.0,128,1,1.0,5.8841820305133305e-15,7.495631543051624e-16,5.8841820305133305e-15,6.245004513516506e-17,-0.3844556463528171,0.2945921685968451
v2_basis,measurement-basis robustness and scope,SU2-HaarU4-brickwork|n8|d48|i2|dir=gaussian|basis=X|eta=0,SU2-HaarU4-brickwork|n8|d48|i2,SU2-HaarU4-brickwork,8,6.0,128,2,1.0,5.8841820305133305e-15,7.495631543051624e-16,5.8841820305133305e-15,6.245004513516506e-17,-0.3844556463528171,0.5888820369750224
v2_basis,measurement-basis robustness and scope,SU2-HaarU4-brickwork|n12|d72|i0|dir=gaussian|basis=X|eta=0,SU2-HaarU4-brickwork|n12|d72|i0,SU2-HaarU4-brickwork,12,6.0,128,1,1.0,2.6867397195928788e-14,4.652964488930978e-15,2.6867397195928788e-14,2.3418766925686896e-17,-0.4438485069051767,0.3311806691183137
v2_basis,measurement-basis robustness and scope,SU2-HaarU4-brickwork|n12|d72|i0|dir=gaussian|basis=X|eta=0,SU2-HaarU4-brickwork|n12|d72|i0,SU2-HaarU4-brickwork,12,6.0,128,2,1.0,2.6867397195928788e-14,4.652964488930978e-15,2.6867397195928788e-14,2.3418766925686896e-17,-0.4438485069051767,0.837492308251956
v2_basis,measurement-basis robustness and scope,SU2-HaarU4-brickwork|n12|d72|i8|dir=gaussian|basis=X|eta=0,SU2-HaarU4-brickwork|n12|d72|i8,SU2-HaarU4-brickwork,12,6.0,128,1,1.0,1.6875389974302383e-14,2.426878145313377e-15,1.6875389974302383e-14,2.862293735361732e-17,-0.4388749880528317,0.3311335305268328
v2_basis,measurement-basis robustness and scope,SU2-HaarU4-brickwork|n12|d72|i8|dir=gaussian|basis=X|eta=0,SU2-HaarU4-brickwork|n12|d72|i8,SU2-HaarU4-brickwork,12,6.0,128,2,1.0,1.6875389974302383e-14,2.426878145313377e-15,1.6875389974302383e-14,2.862293735361732e-17,-0.4388749880528317,0.8371998526216737
v2_basis,measurement-basis robustness and scope,U1-RZ-XY-line|n8|d48|i6|dir=gaussian|basis=X|eta=0,U1-RZ-XY-line|n8|d48|i6,U1-RZ-XY-line,8,6.0,128,1,1.0,2.886579864025407e-15,7.078713389779862e-16,2.886579864025407e-15,6.245004513516506e-17,-0.1811941517525051,0.5884884685269188
v2_basis,measurement-basis robustness and scope,U1-RZ-XY-line|n8|d48|i6|dir=gaussian|basis=X|eta=0,U1-RZ-XY-line|n8|d48|i6,U1-RZ-XY-line,8,6.0,128,2,1.0,2.886579864025407e-15,7.078713389779862e-16,2.886579864025407e-15,6.245004513516506e-17,-0.1811941517525051,0.9279260684090508
v2_basis,measurement-basis robustness and scope,U1-RZ-XY-line|n12|d72|i2|dir=gaussian|basis=X|eta=0,U1-RZ-XY-line|n12|d72|i2,U1-RZ-XY-line,12,6.0,128,1,1.0,2.55351295663786e-15,3.280015313518801e-16,2.7755575615628917e-15,8.153200337090992e-17,-0.2098733785559544,0.5831876299585217
v2_basis,measurement-basis robustness and scope,U1-RZ-XY-line|n12|d72|i2|dir=gaussian|basis=X|eta=0,U1-RZ-XY-line|n12|d72|i2,U1-RZ-XY-line,12,6.0,128,2,1.0,2.55351295663786e-15,3.280015313518801e-16,2.7755575615628917e-15,8.153200337090992e-17,-0.2098733785559544,1.2839284259840384
v2_basis,measurement-basis robustness and scope,U1-RZ-XY-line|n12|d72|i10|dir=gaussian|basis=X|eta=0,U1-RZ-XY-line|n12|d72|i10,U1-RZ-XY-line,12,6.0,128,1,1.0,0.0,1.0913740846462145e-15,1.1102230246251563e-16,5.551115123125783e-17,-0.1791096493198392,0.5892835373409747
v2_basis,measurement-basis robustness and scope,U1-RZ-XY-line|n12|d72|i10|dir=gaussian|basis=X|eta=0,U1-RZ-XY-line|n12|d72|i10,U1-RZ-XY-line,12,6.0,128,2,1.0,0.0,1.0913740846462145e-15,1.1102230246251563e-16,5.551115123125783e-17,-0.1791096493198392,1.2730287212491782
v2_basis,measurement-basis robustness and scope,SU2-CNOT-line|n8|d48|i6|dir=gaussian|basis=Y|eta=0,SU2-CNOT-line|n8|d48|i6,SU2-CNOT-line,8,6.0,128,1,1.0,2.886579864025407e-15,2.736646556704118e-16,2.997602166487923e-15,6.418476861114186e-17,-0.3836220164245615,0.2745880466617978
v2_basis,measurement-basis robustness and scope,SU2-CNOT-line|n8|d48|i6|dir=gaussian|basis=Y|eta=0,SU2-CNOT-line|n8|d48|i6,SU2-CNOT-line,8,6.0,128,2,1.0,2.886579864025407e-15,2.736646556704118e-16,2.997602166487923e-15,6.418476861114186e-17,-0.3836220164245615,0.5474157274246463
v2_basis,measurement-basis robustness and scope,SU2-CNOT-line|n12|d72|i4|dir=gaussian|basis=Y|eta=0,SU2-CNOT-line|n12|d72|i4,SU2-CNOT-line,12,6.0,128,1,1.0,4.329869796038111e-15,2.128722735969261e-16,4.107825191113079e-15,2.0816681711721685e-17,-0.4543728902098658,0.3196212227146622
v2_basis,measurement-basis robustness and scope,SU2-CNOT-line|n12|d72|i4|dir=gaussian|basis=Y|eta=0,SU2-CNOT-line|n12|d72|i4,SU2-CNOT-line,12,6.0,128,2,1.0,4.329869796038111e-15,2.128722735969261e-16,4.107825191113079e-15,2.0816681711721685e-17,-0.4543728902098658,0.808259360830109
v2_basis,measurement-basis robustness and scope,SU2-HaarU4-brickwork|n8|d48|i2|dir=gaussian|basis=Y|eta=0,SU2-HaarU4-brickwork|n8|d48|i2,SU2-HaarU4-brickwork,8,6.0,128,1,1.0,5.773159728050814e-15,7.619307578872329e-16,5.6621374255882976e-15,4.510281037539698e-17,-0.3619844004729682,0.2930442349566142
v2_basis,measurement-basis robustness and scope,SU2-HaarU4-brickwork|n8|d48|i2|dir=gaussian|basis=Y|eta=0,SU2-HaarU4-brickwork|n8|d48|i2,SU2-HaarU4-brickwork,8,6.0,128,2,1.0,5.773159728050814e-15,7.619307578872329e-16,5.6621374255882976e-15,4.510281037539698e-17,-0.3619844004729682,0.5835601682019692
v2_basis,measurement-basis robustness and scope,SU2-HaarU4-brickwork|n12|d72|i0|dir=gaussian|basis=Y|eta=0,SU2-HaarU4-brickwork|n12|d72|i0,SU2-HaarU4-brickwork,12,6.0,128,1,1.0,2.6978419498391304e-14,4.647330748342988e-15,2.6867397195928788e-14,2.688821387764051e-17,-0.4507229777902423,0.3317132676652918
v2_basis,measurement-basis robustness and scope,SU2-HaarU4-brickwork|n12|d72|i0|dir=gaussian|basis=Y|eta=0,SU2-HaarU4-brickwork|n12|d72|i0,SU2-HaarU4-brickwork,12,6.0,128,2,1.0,2.6978419498391304e-14,4.647330748342988e-15,2.6867397195928788e-14,2.688821387764051e-17,-0.4507229777902423,0.8382885995147789
v2_basis,measurement-basis robustness and scope,SU2-HaarU4-brickwork|n12|d72|i8|dir=gaussian|basis=Y|eta=0,SU2-HaarU4-brickwork|n12|d72|i8,SU2-HaarU4-brickwork,12,6.0,128,1,1.0,1.6764367671839864e-14,2.432955241008782e-15,1.6875389974302383e-14,3.2959746043559335e-17,-0.4348594274948663,0.3312349033523485
v2_basis,measurement-basis robustness and scope,SU2-HaarU4-brickwork|n12|d72|i8|dir=gaussian|basis=Y|eta=0,SU2-HaarU4-brickwork|n12|d72|i8,SU2-HaarU4-brickwork,12,6.0,128,2,1.0,1.6764367671839864e-14,2.432955241008782e-15,1.6875389974302383e-14,3.2959746043559335e-17,-0.4348594274948663,0.8376766190856304
v2_basis,measurement-basis robustness and scope,U1-RZ-XY-line|n8|d48|i6|dir=gaussian|basis=Y|eta=0,U1-RZ-XY-line|n8|d48|i6,U1-RZ-XY-line,8,6.0,128,1,1.0,2.886579864025407e-15,7.078713389779862e-16,2.886579864025407e-15,6.245004513516506e-17,-0.1811941517525051,0.5884884685269188
v2_basis,measurement-basis robustness and scope,U1-RZ-XY-line|n8|d48|i6|dir=gaussian|basis=Y|eta=0,U1-RZ-XY-line|n8|d48|i6,U1-RZ-XY-line,8,6.0,128,2,1.0,2.886579864025407e-15,7.078713389779862e-16,2.886579864025407e-15,6.245004513516506e-17,-0.1811941517525051,0.9279260684090508
v2_basis,measurement-basis robustness and scope,U1-RZ-XY-line|n12|d72|i2|dir=gaussian|basis=Y|eta=0,U1-RZ-XY-line|n12|d72|i2,U1-RZ-XY-line,12,6.0,128,1,1.0,2.55351295663786e-15,3.280015313518801e-16,2.7755575615628917e-15,8.153200337090992e-17,-0.2098733785559544,0.5831876299585217
v2_basis,measurement-basis robustness and scope,U1-RZ-XY-line|n12|d72|i2|dir=gaussian|basis=Y|eta=0,U1-RZ-XY-line|n12|d72|i2,U1-RZ-XY-line,12,6.0,128,2,1.0,2.55351295663786e-15,3.280015313518801e-16,2.7755575615628917e-15,8.153200337090992e-17,-0.2098733785559544,1.2839284259840384
v2_basis,measurement-basis robustness and scope,U1-RZ-XY-line|n12|d72|i10|dir=gaussian|basis=Y|eta=0,U1-RZ-XY-line|n12|d72|i10,U1-RZ-XY-line,12,6.0,128,1,1.0,0.0,1.0913740846462145e-15,1.1102230246251563e-16,5.551115123125783e-17,-0.1791096493198392,0.5892835373409747
v2_basis,measurement-basis robustness and scope,U1-RZ-XY-line|n12|d72|i10|dir=gaussian|basis=Y|eta=0,U1-RZ-XY-line|n12|d72|i10,U1-RZ-XY-line,12,6.0,128,2,1.0,0.0,1.0913740846462145e-15,1.1102230246251563e-16,5.551115123125783e-17,-0.1791096493198392,1.2730287212491782
v2_basis,measurement-basis robustness and scope,SU2-CNOT-line|n8|d48|i6|dir=gaussian|basis=RANDOM_LOCAL|eta=0,SU2-CNOT-line|n8|d48|i6,SU2-CNOT-line,8,6.0,128,1,1.0,2.55351295663786e-15,2.84701168504725e-16,2.3314683517128287e-15,1.1796119636642288e-16,-0.3985029732912358,0.2735717128060124
v2_basis,measurement-basis robustness and scope,SU2-CNOT-line|n8|d48|i6|dir=gaussian|basis=RANDOM_LOCAL|eta=0,SU2-CNOT-line|n8|d48|i6,SU2-CNOT-line,8,6.0,128,2,1.0,2.55351295663786e-15,2.84701168504725e-16,2.3314683517128287e-15,1.1796119636642288e-16,-0.3985029732912358,0.541480732165013
v2_basis,measurement-basis robustness and scope,SU2-CNOT-line|n12|d72|i4|dir=gaussian|basis=RANDOM_LOCAL|eta=0,SU2-CNOT-line|n12|d72|i4,SU2-CNOT-line,12,6.0,128,1,1.0,9.992007221626409e-16,2.104156829346408e-16,8.881784197001252e-16,3.9898639947466563e-17,-0.4551375997632661,0.3199768240526346
v2_basis,measurement-basis robustness and scope,SU2-CNOT-line|n12|d72|i4|dir=gaussian|basis=RANDOM_LOCAL|eta=0,SU2-CNOT-line|n12|d72|i4,SU2-CNOT-line,12,6.0,128,2,1.0,9.992007221626409e-16,2.104156829346408e-16,8.881784197001252e-16,3.9898639947466563e-17,-0.4551375997632661,0.8091581097412928
v2_basis,measurement-basis robustness and scope,SU2-HaarU4-brickwork|n8|d48|i2|dir=gaussian|basis=RANDOM_LOCAL|eta=0,SU2-HaarU4-brickwork|n8|d48|i2,SU2-HaarU4-brickwork,8,6.0,128,1,1.0,4.6629367034256575e-15,7.702177117129044e-16,4.551914400963142e-15,1.0408340855860844e-16,-0.3508548532381592,0.293058793039136
v2_basis,measurement-basis robustness and scope,SU2-HaarU4-brickwork|n8|d48|i2|dir=gaussian|basis=RANDOM_LOCAL|eta=0,SU2-HaarU4-brickwork|n8|d48|i2,SU2-HaarU4-brickwork,8,6.0,128,2,1.0,4.6629367034256575e-15,7.702177117129044e-16,4.551914400963142e-15,1.0408340855860844e-16,-0.3508548532381592,0.5879084377979301
v2_basis,measurement-basis robustness and scope,SU2-HaarU4-brickwork|n12|d72|i0|dir=gaussian|basis=RANDOM_LOCAL|eta=0,SU2-HaarU4-brickwork|n12|d72|i0,SU2-HaarU4-brickwork,12,6.0,128,1,1.0,2.4424906541753444e-14,4.6492981178896e-15,2.4424906541753444e-14,3.4694469519536136e-17,-0.443689289924648,0.3312926220959409
v2_basis,measurement-basis robustness and scope,SU2-HaarU4-brickwork|n12|d72|i0|dir=gaussian|basis=RANDOM_LOCAL|eta=0,SU2-HaarU4-brickwork|n12|d72|i0,SU2-HaarU4-brickwork,12,6.0,128,2,1.0,2.4424906541753444e-14,4.6492981178896e-15,2.4424906541753444e-14,3.4694469519536136e-17,-0.443689289924648,0.8375117989165912
v2_basis,measurement-basis robustness and scope,SU2-HaarU4-brickwork|n12|d72|i8|dir=gaussian|basis=RANDOM_LOCAL|eta=0,SU2-HaarU4-brickwork|n12|d72|i8,SU2-HaarU4-brickwork,12,6.0,128,1,1.0,1.5987211554602254e-14,2.4147406864954757e-15,1.5765166949677223e-14,4.163336342344337e-17,-0.4310718349363247,0.3307817590073768
v2_basis,measurement-basis robustness and scope,SU2-HaarU4-brickwork|n12|d72|i8|dir=gaussian|basis=RANDOM_LOCAL|eta=0,SU2-HaarU4-brickwork|n12|d72|i8,SU2-HaarU4-brickwork,12,6.0,128,2,1.0,1.5987211554602254e-14,2.4147406864954757e-15,1.5765166949677223e-14,4.163336342344337e-17,-0.4310718349363247,0.8360934230919999
v2_basis,measurement-basis robustness and scope,U1-RZ-XY-line|n8|d48|i6|dir=gaussian|basis=RANDOM_LOCAL|eta=0,U1-RZ-XY-line|n8|d48|i6,U1-RZ-XY-line,8,6.0,128,1,1.0,2.1094237467877974e-15,7.174423917967924e-16,2.220446049250313e-15,1.9081958235744878e-16,-0.1559836740656133,0.577049083541616
v2_basis,measurement-basis robustness and scope,U1-RZ-XY-line|n8|d48|i6|dir=gaussian|basis=RANDOM_LOCAL|eta=0,U1-RZ-XY-line|n8|d48|i6,U1-RZ-XY-line,8,6.0,128,2,1.0,2.1094237467877974e-15,7.174423917967924e-16,2.220446049250313e-15,1.9081958235744878e-16,-0.1559836740656133,0.9506318299518052
v2_basis,measurement-basis robustness and scope,U1-RZ-XY-line|n12|d72|i2|dir=gaussian|basis=RANDOM_LOCAL|eta=0,U1-RZ-XY-line|n12|d72|i2,U1-RZ-XY-line,12,6.0,128,1,1.0,1.7763568394002505e-15,3.445075221571561e-16,1.7763568394002505e-15,1.734723475976807e-16,-0.2200618180466619,0.4774390222367103
v2_basis,measurement-basis robustness and scope,U1-RZ-XY-line|n12|d72|i2|dir=gaussian|basis=RANDOM_LOCAL|eta=0,U1-RZ-XY-line|n12|d72|i2,U1-RZ-XY-line,12,6.0,128,2,1.0,1.7763568394002505e-15,3.445075221571561e-16,1.7763568394002505e-15,1.734723475976807e-16,-0.2200618180466619,1.249014727881693
v2_basis,measurement-basis robustness and scope,U1-RZ-XY-line|n12|d72|i10|dir=gaussian|basis=RANDOM_LOCAL|eta=0,U1-RZ-XY-line|n12|d72|i10,U1-RZ-XY-line,12,6.0,128,1,1.0,1.5543122344752194e-15,1.1322363517812462e-15,1.3322676295501878e-15,1.734723475976807e-16,-0.1975258330894052,0.5056912643051265
v2_basis,measurement-basis robustness and scope,U1-RZ-XY-line|n12|d72|i10|dir=gaussian|basis=RANDOM_LOCAL|eta=0,U1-RZ-XY-line|n12|d72|i10,U1-RZ-XY-line,12,6.0,128,2,1.0,1.5543122344752194e-15,1.1322363517812462e-15,1.3322676295501878e-15,1.734723475976807e-16,-0.1975258330894052,1.2790714012028093
v2_basis,measurement-basis robustness and scope,SU2-CNOT-line|n8|d48|i7|dir=gaussian|basis=Z|eta=0,SU2-CNOT-line|n8|d48|i7,SU2-CNOT-line,8,6.0,128,1,1.0,2.220446049250313e-15,3.271103897077957e-16,2.220446049250313e-15,4.163336342344337e-17,-0.3732609854562696,0.2739015005034205
v2_basis,measurement-basis robustness and scope,SU2-CNOT-line|n8|d48|i7|dir=gaussian|basis=Z|eta=0,SU2-CNOT-line|n8|d48|i7,SU2-CNOT-line,8,6.0,128,2,1.0,2.220446049250313e-15,3.271103897077957e-16,2.220446049250313e-15,4.163336342344337e-17,-0.3732609854562696,0.5482591663287721
v2_basis,measurement-basis robustness and scope,SU2-CNOT-line|n12|d72|i5|dir=gaussian|basis=Z|eta=0,SU2-CNOT-line|n12|d72|i5,SU2-CNOT-line,12,6.0,128,1,1.0,6.8833827526759706e-15,1.0703300077536032e-15,7.105427357601002e-15,3.079134169858833e-17,-0.4621076567888386,0.3198222444113893
v2_basis,measurement-basis robustness and scope,SU2-CNOT-line|n12|d72|i5|dir=gaussian|basis=Z|eta=0,SU2-CNOT-line|n12|d72|i5,SU2-CNOT-line,12,6.0,128,2,1.0,6.8833827526759706e-15,1.0703300077536032e-15,7.105427357601002e-15,3.079134169858833e-17,-0.4621076567888386,0.8084363112281656
v2_basis,measurement-basis robustness and scope,SU2-HaarU4-brickwork|n8|d48|i3|dir=gaussian|basis=Z|eta=0,SU2-HaarU4-brickwork|n8|d48|i3,SU2-HaarU4-brickwork,8,6.0,128,1,1.0,9.103828801926284e-15,1.802385204763552e-15,9.103828801926284e-15,5.117434254131581e-17,-0.3506451124332693,0.2984183480750235
v2_basis,measurement-basis robustness and scope,SU2-HaarU4-brickwork|n8|d48|i3|dir=gaussian|basis=Z|eta=0,SU2-HaarU4-brickwork|n8|d48|i3,SU2-HaarU4-brickwork,8,6.0,128,2,1.0,9.103828801926284e-15,1.802385204763552e-15,9.103828801926284e-15,5.117434254131581e-17,-0.3506451124332693,0.5947970901063211
v2_basis,measurement-basis robustness and scope,SU2-HaarU4-brickwork|n12|d72|i1|dir=gaussian|basis=Z|eta=0,SU2-HaarU4-brickwork|n12|d72|i1,SU2-HaarU4-brickwork,12,6.0,128,1,1.0,1.2878587085651816e-14,1.3799731384530249e-15,1.2656542480726783e-14,2.0816681711721685e-17,-0.4540407111984709,0.3311176648055797
v2_basis,measurement-basis robustness and scope,SU2-HaarU4-brickwork|n12|d72|i1|dir=gaussian|basis=Z|eta=0,SU2-HaarU4-brickwork|n12|d72|i1,SU2-HaarU4-brickwork,12,6.0,128,2,1.0,1.2878587085651816e-14,1.3799731384530249e-15,1.2656542480726783e-14,2.0816681711721685e-17,-0.4540407111984709,0.8372034747113487
v2_basis,measurement-basis robustness and scope,SU2-HaarU4-brickwork|n12|d72|i9|dir=gaussian|basis=Z|eta=0,SU2-HaarU4-brickwork|n12|d72|i9,SU2-HaarU4-brickwork,12,6.0,128,1,1.0,9.880984919163892e-15,1.7780941543819706e-15,9.992007221626407e-15,2.6454533008646308e-17,-0.4380200940403755,0.3310542198964073
v2_basis,measurement-basis robustness and scope,SU2-HaarU4-brickwork|n12|d72|i9|dir=gaussian|basis=Z|eta=0,SU2-HaarU4-brickwork|n12|d72|i9,SU2-HaarU4-brickwork,12,6.0,128,2,1.0,9.880984919163892e-15,1.7780941543819706e-15,9.992007221626407e-15,2.6454533008646308e-17,-0.4380200940403755,0.837357916854903
v2_basis,measurement-basis robustness and scope,U1-RZ-XY-line|n8|d48|i7|dir=gaussian|basis=Z|eta=0,U1-RZ-XY-line|n8|d48|i7,U1-RZ-XY-line,8,6.0,128,1,1.0,8.881784197001252e-16,4.58019562019331e-16,8.881784197001252e-16,5.551115123125783e-17,-0.1824100189959213,0.2823060747661275
v2_basis,measurement-basis robustness and scope,U1-RZ-XY-line|n8|d48|i7|dir=gaussian|basis=Z|eta=0,U1-RZ-XY-line|n8|d48|i7,U1-RZ-XY-line,8,6.0,128,2,1.0,8.881784197001252e-16,4.58019562019331e-16,8.881784197001252e-16,5.551115123125783e-17,-0.1824100189959213,0.5716983207313522
v2_basis,measurement-basis robustness and scope,U1-RZ-XY-line|n12|d72|i3|dir=gaussian|basis=Z|eta=0,U1-RZ-XY-line|n12|d72|i3,U1-RZ-XY-line,12,6.0,128,1,1.0,2.7755575615628917e-15,1.1241011470632214e-15,2.7755575615628917e-15,6.938893903907227e-17,-0.1815489886895442,0.2957019439221757
v2_basis,measurement-basis robustness and scope,U1-RZ-XY-line|n12|d72|i3|dir=gaussian|basis=Z|eta=0,U1-RZ-XY-line|n12|d72|i3,U1-RZ-XY-line,12,6.0,128,2,1.0,2.7755575615628917e-15,1.1241011470632214e-15,2.7755575615628917e-15,6.938893903907227e-17,-0.1815489886895442,0.9068073485144044
v2_basis,measurement-basis robustness and scope,U1-RZ-XY-line|n12|d72|i11|dir=gaussian|basis=Z|eta=0,U1-RZ-XY-line|n12|d72|i11,U1-RZ-XY-line,12,6.0,128,1,1.0,0.0,1.0013427371767393e-16,0.0,8.326672684688674e-17,-0.2136541275222695,0.2965164672372853
v2_basis,measurement-basis robustness and scope,U1-RZ-XY-line|n12|d72|i11|dir=gaussian|basis=Z|eta=0,U1-RZ-XY-line|n12|d72|i11,U1-RZ-XY-line,12,6.0,128,2,1.0,0.0,1.0013427371767393e-16,0.0,8.326672684688674e-17,-0.2136541275222695,0.912805551994598
v2_basis,measurement-basis robustness and scope,SU2-CNOT-line|n8|d48|i7|dir=gaussian|basis=X|eta=0,SU2-CNOT-line|n8|d48|i7,SU2-CNOT-line,8,6.0,128,1,1.0,1.3322676295501878e-15,4.094691576143994e-16,1.3322676295501878e-15,6.418476861114186e-17,-0.3851311844369306,0.2737102672526313
v2_basis,measurement-basis robustness and scope,SU2-CNOT-line|n8|d48|i7|dir=gaussian|basis=X|eta=0,SU2-CNOT-line|n8|d48|i7,SU2-CNOT-line,8,6.0,128,2,1.0,1.3322676295501878e-15,4.094691576143994e-16,1.3322676295501878e-15,6.418476861114186e-17,-0.3851311844369306,0.544414199419395
v2_basis,measurement-basis robustness and scope,SU2-CNOT-line|n12|d72|i5|dir=gaussian|basis=X|eta=0,SU2-CNOT-line|n12|d72|i5,SU2-CNOT-line,12,6.0,128,1,1.0,8.992806499463768e-15,1.0160611997201052e-15,9.214851104388801e-15,2.7321894746634715e-17,-0.4574518851114024,0.3197769108090554
v2_basis,measurement-basis robustness and scope,SU2-CNOT-line|n12|d72|i5|dir=gaussian|basis=X|eta=0,SU2-CNOT-line|n12|d72|i5,SU2-CNOT-line,12,6.0,128,2,1.0,8.992806499463768e-15,1.0160611997201052e-15,9.214851104388801e-15,2.7321894746634715e-17,-0.4574518851114024,0.8080827127145285
v2_basis,measurement-basis robustness and scope,SU2-HaarU4-brickwork|n8|d48|i3|dir=gaussian|basis=X|eta=0,SU2-HaarU4-brickwork|n8|d48|i3,SU2-HaarU4-brickwork,8,6.0,128,1,1.0,1.0436096431476471e-14,1.85098978042102e-15,1.0436096431476471e-14,5.2041704279304207e-17,-0.3996658622507197,0.2948912973593015
v2_basis,measurement-basis robustness and scope,SU2-HaarU4-brickwork|n8|d48|i3|dir=gaussian|basis=X|eta=0,SU2-HaarU4-brickwork|n8|d48|i3,SU2-HaarU4-brickwork,8,6.0,128,2,1.0,1.0436096431476471e-14,1.85098978042102e-15,1.0436096431476471e-14,5.2041704279304207e-17,-0.3996658622507197,0.5889267791455138
v2_basis,measurement-basis robustness and scope,SU2-HaarU4-brickwork|n12|d72|i1|dir=gaussian|basis=X|eta=0,SU2-HaarU4-brickwork|n12|d72|i1,SU2-HaarU4-brickwork,12,6.0,128,1,1.0,1.9539925233402755e-14,1.901304461845021e-15,1.9539925233402755e-14,1.908195823574488e-17,-0.45357952602609,0.3305180263854297
v2_basis,measurement-basis robustness and scope,SU2-HaarU4-brickwork|n12|d72|i1|dir=gaussian|basis=X|eta=0,SU2-HaarU4-brickwork|n12|d72|i1,SU2-HaarU4-brickwork,12,6.0,128,2,1.0,1.9539925233402755e-14,1.901304461845021e-15,1.9539925233402755e-14,1.908195823574488e-17,-0.45357952602609,0.8353762859585024
v2_basis,measurement-basis robustness and scope,SU2-HaarU4-brickwork|n12|d72|i9|dir=gaussian|basis=X|eta=0,SU2-HaarU4-brickwork|n12|d72|i9,SU2-HaarU4-brickwork,12,6.0,128,1,1.0,1.1324274851176595e-14,1.692258885871017e-15,1.1324274851176595e-14,3.7296554733501346e-17,-0.4427187341598584,0.3316072787395142
v2_basis,measurement-basis robustness and scope,SU2-HaarU4-brickwork|n12|d72|i9|dir=gaussian|basis=X|eta=0,SU2-HaarU4-brickwork|n12|d72|i9,SU2-HaarU4-brickwork,12,6.0,128,2,1.0,1.1324274851176595e-14,1.692258885871017e-15,1.1324274851176595e-14,3.7296554733501346e-17,-0.4427187341598584,0.8379259750860718
v2_basis,measurement-basis robustness and scope,U1-RZ-XY-line|n8|d48|i7|dir=gaussian|basis=X|eta=0,U1-RZ-XY-line|n8|d48|i7,U1-RZ-XY-line,8,6.0,128,1,1.0,2.220446049250313e-16,8.454156540534619e-16,0.0,8.673617379884034e-17,-0.1718605730475685,0.633327565812137
v2_basis,measurement-basis robustness and scope,U1-RZ-XY-line|n8|d48|i7|dir=gaussian|basis=X|eta=0,U1-RZ-XY-line|n8|d48|i7,U1-RZ-XY-line,8,6.0,128,2,1.0,2.220446049250313e-16,8.454156540534619e-16,0.0,8.673617379884034e-17,-0.1718605730475685,1.0733243250626838
v2_basis,measurement-basis robustness and scope,U1-RZ-XY-line|n12|d72|i3|dir=gaussian|basis=X|eta=0,U1-RZ-XY-line|n12|d72|i3,U1-RZ-XY-line,12,6.0,128,1,1.0,5.551115123125783e-15,1.5075555457526394e-15,5.551115123125783e-15,6.071532165918825e-17,-0.2119912604163549,0.596175130897202
v2_basis,measurement-basis robustness and scope,U1-RZ-XY-line|n12|d72|i3|dir=gaussian|basis=X|eta=0,U1-RZ-XY-line|n12|d72|i3,U1-RZ-XY-line,12,6.0,128,2,1.0,5.551115123125783e-15,1.5075555457526394e-15,5.551115123125783e-15,6.071532165918825e-17,-0.2119912604163549,1.2799627081608786
v2_basis,measurement-basis robustness and scope,U1-RZ-XY-line|n12|d72|i11|dir=gaussian|basis=X|eta=0,U1-RZ-XY-line|n12|d72|i11,U1-RZ-XY-line,12,6.0,128,1,1.0,1.6653345369377348e-15,1.492089098120006e-16,1.887379141862766e-15,7.28583859910259e-17,-0.194049565942287,0.5875083502317554
v2_basis,measurement-basis robustness and scope,U1-RZ-XY-line|n12|d72|i11|dir=gaussian|basis=X|eta=0,U1-RZ-XY-line|n12|d72|i11,U1-RZ-XY-line,12,6.0,128,2,1.0,1.6653345369377348e-15,1.492089098120006e-16,1.887379141862766e-15,7.28583859910259e-17,-0.194049565942287,1.2809429532682572
v2_basis,measurement-basis robustness and scope,SU2-CNOT-line|n8|d48|i0|dir=gaussian|basis=RANDOM_LOCAL|eta=0,SU2-CNOT-line|n8|d48|i0,SU2-CNOT-line,8,6.0,128,1,1.0,6.661338147750939e-16,2.654481209033404e-16,6.661338147750939e-16,1.1102230246251563e-16,-0.3632471957049263,0.2738045056658214
v2_basis,measurement-basis robustness and scope,SU2-CNOT-line|n8|d48|i0|dir=gaussian|basis=RANDOM_LOCAL|eta=0,SU2-CNOT-line|n8|d48|i0,SU2-CNOT-line,8,6.0,128,2,1.0,6.661338147750939e-16,2.654481209033404e-16,6.661338147750939e-16,1.1102230246251563e-16,-0.3632471957049263,0.5459523314753792
v2_basis,measurement-basis robustness and scope,SU2-CNOT-line|n8|d48|i8|dir=gaussian|basis=RANDOM_LOCAL|eta=0,SU2-CNOT-line|n8|d48|i8,SU2-CNOT-line,8,6.0,128,1,1.0,1.9984014443252818e-15,4.166948782366562e-16,2.220446049250313e-15,8.326672684688674e-17,-0.3409731888410864,0.2749862616282896
v2_basis,measurement-basis robustness and scope,SU2-CNOT-line|n8|d48|i8|dir=gaussian|basis=RANDOM_LOCAL|eta=0,SU2-CNOT-line|n8|d48|i8,SU2-CNOT-line,8,6.0,128,2,1.0,1.9984014443252818e-15,4.166948782366562e-16,2.220446049250313e-15,8.326672684688674e-17,-0.3409731888410864,0.5486617055134093
v2_basis,measurement-basis robustness and scope,SU2-CNOT-line|n12|d72|i6|dir=gaussian|basis=RANDOM_LOCAL|eta=0,SU2-CNOT-line|n12|d72|i6,SU2-CNOT-line,12,6.0,128,1,1.0,2.220446049250313e-15,3.1409305125641224e-16,2.220446049250313e-15,4.163336342344337e-17,-0.4618797921996569,0.3206602685424348
v2_basis,measurement-basis robustness and scope,SU2-CNOT-line|n12|d72|i6|dir=gaussian|basis=RANDOM_LOCAL|eta=0,SU2-CNOT-line|n12|d72|i6,SU2-CNOT-line,12,6.0,128,2,1.0,2.220446049250313e-15,3.1409305125641224e-16,2.220446049250313e-15,4.163336342344337e-17,-0.4618797921996569,0.8108566594593407
v2_basis,measurement-basis robustness and scope,SU2-HaarU4-brickwork|n8|d48|i4|dir=gaussian|basis=RANDOM_LOCAL|eta=0,SU2-HaarU4-brickwork|n8|d48|i4,SU2-HaarU4-brickwork,8,6.0,128,1,1.0,1.199040866595169e-14,2.366239763361358e-15,1.199040866595169e-14,1.1102230246251563e-16,-0.3560025662871053,0.2915990443894923
v2_basis,measurement-basis robustness and scope,SU2-HaarU4-brickwork|n8|d48|i4|dir=gaussian|basis=RANDOM_LOCAL|eta=0,SU2-HaarU4-brickwork|n8|d48|i4,SU2-HaarU4-brickwork,8,6.0,128,2,1.0,1.199040866595169e-14,2.366239763361358e-15,1.199040866595169e-14,1.1102230246251563e-16,-0.3560025662871053,0.5814962389405487
v2_basis,measurement-basis robustness and scope,SU2-HaarU4-brickwork|n12|d72|i2|dir=gaussian|basis=RANDOM_LOCAL|eta=0,SU2-HaarU4-brickwork|n12|d72|i2,SU2-HaarU4-brickwork,12,6.0,128,1,1.0,1.3433698597964394e-14,1.6323805517882209e-15,1.3100631690576847e-14,3.9898639947466563e-17,-0.4462466171741577,0.330940470446924
v2_basis,measurement-basis robustness and scope,SU2-HaarU4-brickwork|n12|d72|i2|dir=gaussian|basis=RANDOM_LOCAL|eta=0,SU2-HaarU4-brickwork|n12|d72|i2,SU2-HaarU4-brickwork,12,6.0,128,2,1.0,1.3433698597964394e-14,1.6323805517882209e-15,1.3100631690576847e-14,3.9898639947466563e-17,-0.4462466171741577,0.8366393576053817
v2_basis,measurement-basis robustness and scope,U1-RZ-XY-line|n8|d48|i0|dir=gaussian|basis=RANDOM_LOCAL|eta=0,U1-RZ-XY-line|n8|d48|i0,U1-RZ-XY-line,8,6.0,128,1,1.0,8.881784197001252e-16,3.770739813483898e-16,1.1102230246251563e-15,3.261280134836397e-16,-0.1424368299512713,0.4468028215247251
v2_basis,measurement-basis robustness and scope,U1-RZ-XY-line|n8|d48|i0|dir=gaussian|basis=RANDOM_LOCAL|eta=0,U1-RZ-XY-line|n8|d48|i0,U1-RZ-XY-line,8,6.0,128,2,1.0,8.881784197001252e-16,3.770739813483898e-16,1.1102230246251563e-15,3.261280134836397e-16,-0.1424368299512713,0.9152777846420368
v2_basis,measurement-basis robustness and scope,U1-RZ-XY-line|n8|d48|i8|dir=gaussian|basis=RANDOM_LOCAL|eta=0,U1-RZ-XY-line|n8|d48|i8,U1-RZ-XY-line,8,6.0,128,1,1.0,4.773959005888173e-15,1.4029529861530765e-15,4.773959005888173e-15,1.9428902930940242e-16,-0.1856375674313428,0.4542175424127268
v2_basis,measurement-basis robustness and scope,U1-RZ-XY-line|n8|d48|i8|dir=gaussian|basis=RANDOM_LOCAL|eta=0,U1-RZ-XY-line|n8|d48|i8,U1-RZ-XY-line,8,6.0,128,2,1.0,4.773959005888173e-15,1.4029529861530765e-15,4.773959005888173e-15,1.9428902930940242e-16,-0.1856375674313428,0.924891695917573
v2_basis,measurement-basis robustness and scope,U1-RZ-XY-line|n12|d72|i4|dir=gaussian|basis=RANDOM_LOCAL|eta=0,U1-RZ-XY-line|n12|d72|i4,U1-RZ-XY-line,12,6.0,128,1,1.0,3.552713678800501e-15,1.867046257939092e-15,3.552713678800501e-15,1.1796119636642288e-16,-0.2147560411384648,0.5098294316530949
v2_basis,measurement-basis robustness and scope,U1-RZ-XY-line|n12|d72|i4|dir=gaussian|basis=RANDOM_LOCAL|eta=0,U1-RZ-XY-line|n12|d72|i4,U1-RZ-XY-line,12,6.0,128,2,1.0,3.552713678800501e-15,1.867046257939092e-15,3.552713678800501e-15,1.1796119636642288e-16,-0.2147560411384648,1.2989497930610807
v2_basis,measurement-basis robustness and scope,SU2-CNOT-line|n8|d48|i7|dir=gaussian|basis=Y|eta=0,SU2-CNOT-line|n8|d48|i7,SU2-CNOT-line,8,6.0,128,1,1.0,1.3322676295501878e-15,4.029128678934144e-16,1.3322676295501878e-15,6.938893903907227e-17,-0.3763861045110885,0.2738164659105994
v2_basis,measurement-basis robustness and scope,SU2-CNOT-line|n8|d48|i7|dir=gaussian|basis=Y|eta=0,SU2-CNOT-line|n8|d48|i7,SU2-CNOT-line,8,6.0,128,2,1.0,1.3322676295501878e-15,4.029128678934144e-16,1.3322676295501878e-15,6.938893903907227e-17,-0.3763861045110885,0.5466936586857492
v2_basis,measurement-basis robustness and scope,SU2-CNOT-line|n12|d72|i5|dir=gaussian|basis=Y|eta=0,SU2-CNOT-line|n12|d72|i5,SU2-CNOT-line,12,6.0,128,1,1.0,9.214851104388801e-15,1.0169820076684096e-15,9.103828801926284e-15,3.209238430557093e-17,-0.4657931240770602,0.319393383550364
v2_basis,measurement-basis robustness and scope,SU2-CNOT-line|n12|d72|i5|dir=gaussian|basis=Y|eta=0,SU2-CNOT-line|n12|d72|i5,SU2-CNOT-line,12,6.0,128,2,1.0,9.214851104388801e-15,1.0169820076684096e-15,9.103828801926284e-15,3.209238430557093e-17,-0.4657931240770602,0.8082002621558786
v2_basis,measurement-basis robustness and scope,SU2-HaarU4-brickwork|n8|d48|i3|dir=gaussian|basis=Y|eta=0,SU2-HaarU4-brickwork|n8|d48|i3,SU2-HaarU4-brickwork,8,6.0,128,1,1.0,1.0436096431476471e-14,1.8596526938385815e-15,1.0436096431476471e-14,6.245004513516506e-17,-0.3799286493222958,0.2953944054305976
v2_basis,measurement-basis robustness and scope,SU2-HaarU4-brickwork|n8|d48|i3|dir=gaussian|basis=Y|eta=0,SU2-HaarU4-brickwork|n8|d48|i3,SU2-HaarU4-brickwork,8,6.0,128,2,1.0,1.0436096431476471e-14,1.8596526938385815e-15,1.0436096431476471e-14,6.245004513516506e-17,-0.3799286493222958,0.5874295317863332
v2_basis,measurement-basis robustness and scope,SU2-HaarU4-brickwork|n12|d72|i1|dir=gaussian|basis=Y|eta=0,SU2-HaarU4-brickwork|n12|d72|i1,SU2-HaarU4-brickwork,12,6.0,128,1,1.0,1.9539925233402755e-14,1.9038621761092123e-15,1.9539925233402755e-14,2.6020852139652106e-17,-0.4452357506325804,0.3309742408725902
v2_basis,measurement-basis robustness and scope,SU2-HaarU4-brickwork|n12|d72|i1|dir=gaussian|basis=Y|eta=0,SU2-HaarU4-brickwork|n12|d72|i1,SU2-HaarU4-brickwork,12,6.0,128,2,1.0,1.9539925233402755e-14,1.9038621761092123e-15,1.9539925233402755e-14,2.6020852139652106e-17,-0.4452357506325804,0.8363558697315784
v2_basis,measurement-basis robustness and scope,SU2-HaarU4-brickwork|n12|d72|i9|dir=gaussian|basis=Y|eta=0,SU2-HaarU4-brickwork|n12|d72|i9,SU2-HaarU4-brickwork,12,6.0,128,1,1.0,1.1546319456101628e-14,1.6983003878369976e-15,1.1324274851176595e-14,3.5561831257524545e-17,-0.4432742896529282,0.3317059771048576
v2_basis,measurement-basis robustness and scope,SU2-HaarU4-brickwork|n12|d72|i9|dir=gaussian|basis=Y|eta=0,SU2-HaarU4-brickwork|n12|d72|i9,SU2-HaarU4-brickwork,12,6.0,128,2,1.0,1.1546319456101628e-14,1.6983003878369976e-15,1.1324274851176595e-14,3.5561831257524545e-17,-0.4432742896529282,0.8387169645849554
v2_basis,measurement-basis robustness and scope,U1-RZ-XY-line|n8|d48|i7|dir=gaussian|basis=Y|eta=0,U1-RZ-XY-line|n8|d48|i7,U1-RZ-XY-line,8,6.0,128,1,1.0,2.220446049250313e-16,8.714817062438486e-16,2.220446049250313e-16,1.0408340855860844e-16,-0.1718605730475685,0.633327565812137
v2_basis,measurement-basis robustness and scope,U1-RZ-XY-line|n8|d48|i7|dir=gaussian|basis=Y|eta=0,U1-RZ-XY-line|n8|d48|i7,U1-RZ-XY-line,8,6.0,128,2,1.0,2.220446049250313e-16,8.714817062438486e-16,2.220446049250313e-16,1.0408340855860844e-16,-0.1718605730475685,1.0733243250626838
v2_basis,measurement-basis robustness and scope,U1-RZ-XY-line|n12|d72|i3|dir=gaussian|basis=Y|eta=0,U1-RZ-XY-line|n12|d72|i3,U1-RZ-XY-line,12,6.0,128,1,1.0,5.551115123125783e-15,1.5196187550943309e-15,5.551115123125783e-15,8.326672684688674e-17,-0.2119912604163549,0.5961751308972021
v2_basis,measurement-basis robustness and scope,U1-RZ-XY-line|n12|d72|i3|dir=gaussian|basis=Y|eta=0,U1-RZ-XY-line|n12|d72|i3,U1-RZ-XY-line,12,6.0,128,2,1.0,5.551115123125783e-15,1.5196187550943309e-15,5.551115123125783e-15,8.326672684688674e-17,-0.2119912604163549,1.2799627081608789
v2_basis,measurement-basis robustness and scope,U1-RZ-XY-line|n12|d72|i11|dir=gaussian|basis=Y|eta=0,U1-RZ-XY-line|n12|d72|i11,U1-RZ-XY-line,12,6.0,128,1,1.0,1.6653345369377348e-15,1.4922655588727302e-16,1.7763568394002505e-15,6.938893903907227e-17,-0.194049565942287,0.5875083502317554
v2_basis,measurement-basis robustness and scope,U1-RZ-XY-line|n12|d72|i11|dir=gaussian|basis=Y|eta=0,U1-RZ-XY-line|n12|d72|i11,U1-RZ-XY-line,12,6.0,128,2,1.0,1.6653345369377348e-15,1.4922655588727302e-16,1.7763568394002505e-15,6.938893903907227e-17,-0.194049565942287,1.2809429532682572
v2_basis,measurement-basis robustness and scope,SU2-CNOT-line|n8|d48|i7|dir=gaussian|basis=RANDOM_LOCAL|eta=0,SU2-CNOT-line|n8|d48|i7,SU2-CNOT-line,8,6.0,128,1,1.0,2.664535259100376e-15,4.0275856146276143e-16,2.664535259100376e-15,1.1188966420050406e-16,-0.4105500843389502,0.2736575691162386
v2_basis,measurement-basis robustness and scope,SU2-CNOT-line|n8|d48|i7|dir=gaussian|basis=RANDOM_LOCAL|eta=0,SU2-CNOT-line|n8|d48|i7,SU2-CNOT-line,8,6.0,128,2,1.0,2.664535259100376e-15,4.0275856146276143e-16,2.664535259100376e-15,1.1188966420050406e-16,-0.4105500843389502,0.5473868588399753
v2_basis,measurement-basis robustness and scope,SU2-CNOT-line|n12|d72|i5|dir=gaussian|basis=RANDOM_LOCAL|eta=0,SU2-CNOT-line|n12|d72|i5,SU2-CNOT-line,12,6.0,128,1,1.0,7.771561172376096e-15,1.0252274447541018e-15,7.327471962526033e-15,3.642919299551295e-17,-0.4637329270073597,0.3196954279276842
v2_basis,measurement-basis robustness and scope,SU2-CNOT-line|n12|d72|i5|dir=gaussian|basis=RANDOM_LOCAL|eta=0,SU2-CNOT-line|n12|d72|i5,SU2-CNOT-line,12,6.0,128,2,1.0,7.771561172376096e-15,1.0252274447541018e-15,7.327471962526033e-15,3.642919299551295e-17,-0.4637329270073597,0.8082007648004138
v2_basis,measurement-basis robustness and scope,SU2-HaarU4-brickwork|n8|d48|i3|dir=gaussian|basis=RANDOM_LOCAL|eta=0,SU2-HaarU4-brickwork|n8|d48|i3,SU2-HaarU4-brickwork,8,6.0,128,1,1.0,9.880984919163892e-15,1.843195938274293e-15,9.658940314238862e-15,7.63278329429795e-17,-0.3584998806211559,0.2941761154188699
v2_basis,measurement-basis robustness and scope,SU2-HaarU4-brickwork|n8|d48|i3|dir=gaussian|basis=RANDOM_LOCAL|eta=0,SU2-HaarU4-brickwork|n8|d48|i3,SU2-HaarU4-brickwork,8,6.0,128,2,1.0,9.880984919163892e-15,1.843195938274293e-15,9.658940314238862e-15,7.63278329429795e-17,-0.3584998806211559,0.5894150855524298
v2_basis,measurement-basis robustness and scope,SU2-HaarU4-brickwork|n12|d72|i1|dir=gaussian|basis=RANDOM_LOCAL|eta=0,SU2-HaarU4-brickwork|n12|d72|i1,SU2-HaarU4-brickwork,12,6.0,128,1,1.0,1.787459069646502e-14,1.892637422248887e-15,1.8207657603852567e-14,2.949029909160572e-17,-0.4491480378621366,0.331036812335801
v2_basis,measurement-basis robustness and scope,SU2-HaarU4-brickwork|n12|d72|i1|dir=gaussian|basis=RANDOM_LOCAL|eta=0,SU2-HaarU4-brickwork|n12|d72|i1,SU2-HaarU4-brickwork,12,6.0,128,2,1.0,1.787459069646502e-14,1.892637422248887e-15,1.8207657603852567e-14,2.949029909160572e-17,-0.4491480378621366,0.8374387587433492
v2_basis,measurement-basis robustness and scope,SU2-HaarU4-brickwork|n12|d72|i9|dir=gaussian|basis=RANDOM_LOCAL|eta=0,SU2-HaarU4-brickwork|n12|d72|i9,SU2-HaarU4-brickwork,12,6.0,128,1,1.0,1.0880185641326534e-14,1.7000330030651733e-15,1.0769163338864018e-14,5.2041704279304207e-17,-0.4441081909746509,0.331385159839834
v2_basis,measurement-basis robustness and scope,SU2-HaarU4-brickwork|n12|d72|i9|dir=gaussian|basis=RANDOM_LOCAL|eta=0,SU2-HaarU4-brickwork|n12|d72|i9,SU2-HaarU4-brickwork,12,6.0,128,2,1.0,1.0880185641326534e-14,1.7000330030651733e-15,1.0769163338864018e-14,5.2041704279304207e-17,-0.4441081909746509,0.8378263861353183
v2_basis,measurement-basis robustness and scope,U1-RZ-XY-line|n8|d48|i7|dir=gaussian|basis=RANDOM_LOCAL|eta=0,U1-RZ-XY-line|n8|d48|i7,U1-RZ-XY-line,8,6.0,128,1,1.0,1.7763568394002505e-15,8.511206653911184e-16,1.9984014443252818e-15,1.491862189340054e-16,-0.1824194529874687,0.5532089024182346
v2_basis,measurement-basis robustness and scope,U1-RZ-XY-line|n8|d48|i7|dir=gaussian|basis=RANDOM_LOCAL|eta=0,U1-RZ-XY-line|n8|d48|i7,U1-RZ-XY-line,8,6.0,128,2,1.0,1.7763568394002505e-15,8.511206653911184e-16,1.9984014443252818e-15,1.491862189340054e-16,-0.1824194529874687,1.0909354534540745
v2_basis,measurement-basis robustness and scope,U1-RZ-XY-line|n12|d72|i3|dir=gaussian|basis=RANDOM_LOCAL|eta=0,U1-RZ-XY-line|n12|d72|i3,U1-RZ-XY-line,12,6.0,128,1,1.0,3.552713678800501e-15,1.5358978036412989e-15,3.1086244689504387e-15,1.9428902930940242e-16,-0.2123214164702788,0.4598199437886207
v2_basis,measurement-basis robustness and scope,U1-RZ-XY-line|n12|d72|i3|dir=gaussian|basis=RANDOM_LOCAL|eta=0,U1-RZ-XY-line|n12|d72|i3,U1-RZ-XY-line,12,6.0,128,2,1.0,3.552713678800501e-15,1.5358978036412989e-15,3.1086244689504387e-15,1.9428902930940242e-16,-0.2123214164702788,1.2507765289290256
v2_basis,measurement-basis robustness and scope,U1-RZ-XY-line|n12|d72|i11|dir=gaussian|basis=RANDOM_LOCAL|eta=0,U1-RZ-XY-line|n12|d72|i11,U1-RZ-XY-line,12,6.0,128,1,1.0,5.551115123125784e-16,1.718076996623623e-16,8.881784197001252e-16,2.411265631607762e-16,-0.1989423058445338,0.47398556982161
v2_basis,measurement-basis robustness and scope,U1-RZ-XY-line|n12|d72|i11|dir=gaussian|basis=RANDOM_LOCAL|eta=0,U1-RZ-XY-line|n12|d72|i11,U1-RZ-XY-line,12,6.0,128,2,1.0,5.551115123125784e-16,1.718076996623623e-16,8.881784197001252e-16,2.411265631607762e-16,-0.1989423058445338,1.2600875610279831
v2_basis,measurement-basis robustness and scope,SU2-CNOT-line|n8|d48|i1|dir=gaussian|basis=Z|eta=0,SU2-CNOT-line|n8|d48|i1,SU2-CNOT-line,8,6.0,128,1,1.0,2.664535259100376e-15,3.874030203572417e-16,2.664535259100376e-15,4.336808689942018e-17,-0.3999897070432423,0.274702362621384
v2_basis,measurement-basis robustness and scope,SU2-CNOT-line|n8|d48|i1|dir=gaussian|basis=Z|eta=0,SU2-CNOT-line|n8|d48|i1,SU2-CNOT-line,8,6.0,128,2,1.0,2.664535259100376e-15,3.874030203572417e-16,2.664535259100376e-15,4.336808689942018e-17,-0.3999897070432423,0.5463985700748464
v2_basis,measurement-basis robustness and scope,SU2-CNOT-line|n8|d48|i9|dir=gaussian|basis=Z|eta=0,SU2-CNOT-line|n8|d48|i9,SU2-CNOT-line,8,6.0,128,1,1.0,4.440892098500626e-16,8.471775674780675e-17,4.440892098500626e-16,8.326672684688674e-17,-0.3765208936957882,0.2729907433252213
v2_basis,measurement-basis robustness and scope,SU2-CNOT-line|n8|d48|i9|dir=gaussian|basis=Z|eta=0,SU2-CNOT-line|n8|d48|i9,SU2-CNOT-line,8,6.0,128,2,1.0,4.440892098500626e-16,8.471775674780675e-17,4.440892098500626e-16,8.326672684688674e-17,-0.3765208936957882,0.5420441450407185
v2_basis,measurement-basis robustness and scope,SU2-CNOT-line|n12|d72|i7|dir=gaussian|basis=Z|eta=0,SU2-CNOT-line|n12|d72|i7,SU2-CNOT-line,12,6.0,128,1,1.0,6.439293542825908e-15,6.722143002928751e-16,6.661338147750939e-15,2.949029909160572e-17,-0.4525312613009726,0.3200401843590152
v2_basis,measurement-basis robustness and scope,SU2-CNOT-line|n12|d72|i7|dir=gaussian|basis=Z|eta=0,SU2-CNOT-line|n12|d72|i7,SU2-CNOT-line,12,6.0,128,2,1.0,6.439293542825908e-15,6.722143002928751e-16,6.661338147750939e-15,2.949029909160572e-17,-0.4525312613009726,0.809305963811715
v2_basis,measurement-basis robustness and scope,SU2-HaarU4-brickwork|n8|d48|i5|dir=gaussian|basis=Z|eta=0,SU2-HaarU4-brickwork|n8|d48|i5,SU2-HaarU4-brickwork,8,6.0,128,1,1.0,9.103828801926284e-15,2.158274880545152e-15,8.992806499463768e-15,5.551115123125783e-17,-0.3739380341098874,0.2962638510003385
v2_basis,measurement-basis robustness and scope,SU2-HaarU4-brickwork|n8|d48|i5|dir=gaussian|basis=Z|eta=0,SU2-HaarU4-brickwork|n8|d48|i5,SU2-HaarU4-brickwork,8,6.0,128,2,1.0,9.103828801926284e-15,2.158274880545152e-15,8.992806499463768e-15,5.551115123125783e-17,-0.3739380341098874,0.5968027962252928
v2_basis,measurement-basis robustness and scope,SU2-HaarU4-brickwork|n12|d72|i3|dir=gaussian|basis=Z|eta=0,SU2-HaarU4-brickwork|n12|d72|i3,SU2-HaarU4-brickwork,12,6.0,128,1,1.0,2.19824158875781e-14,3.537973021288305e-15,2.2093438190040612e-14,2.0816681711721685e-17,-0.4521688859900219,0.3312813084539624
v2_basis,measurement-basis robustness and scope,SU2-HaarU4-brickwork|n12|d72|i3|dir=gaussian|basis=Z|eta=0,SU2-HaarU4-brickwork|n12|d72|i3,SU2-HaarU4-brickwork,12,6.0,128,2,1.0,2.19824158875781e-14,3.537973021288305e-15,2.2093438190040612e-14,2.0816681711721685e-17,-0.4521688859900219,0.8375909395625434
v2_basis,measurement-basis robustness and scope,U1-RZ-XY-line|n8|d48|i1|dir=gaussian|basis=Z|eta=0,U1-RZ-XY-line|n8|d48|i1,U1-RZ-XY-line,8,6.0,128,1,1.0,7.771561172376097e-16,5.284959698850681e-16,8.881784197001252e-16,6.591949208711867e-17,-0.1376675801142947,0.2378704490396325
v2_basis,measurement-basis robustness and scope,U1-RZ-XY-line|n8|d48|i1|dir=gaussian|basis=Z|eta=0,U1-RZ-XY-line|n8|d48|i1,U1-RZ-XY-line,8,6.0,128,2,1.0,7.771561172376097e-16,5.284959698850681e-16,8.881784197001252e-16,6.591949208711867e-17,-0.1376675801142947,0.5888106852447217
v2_basis,measurement-basis robustness and scope,U1-RZ-XY-line|n8|d48|i9|dir=gaussian|basis=Z|eta=0,U1-RZ-XY-line|n8|d48|i9,U1-RZ-XY-line,8,6.0,128,1,1.0,1.7763568394002505e-15,8.98693918551216e-16,1.7763568394002505e-15,6.938893903907227e-17,-0.1369818212376328,0.2949960777316949
v2_basis,measurement-basis robustness and scope,U1-RZ-XY-line|n8|d48|i9|dir=gaussian|basis=Z|eta=0,U1-RZ-XY-line|n8|d48|i9,U1-RZ-XY-line,8,6.0,128,2,1.0,1.7763568394002505e-15,8.98693918551216e-16,1.7763568394002505e-15,6.938893903907227e-17,-0.1369818212376328,0.6305572600684453
v2_basis,measurement-basis robustness and scope,U1-RZ-XY-line|n12|d72|i5|dir=gaussian|basis=Z|eta=0,U1-RZ-XY-line|n12|d72|i5,U1-RZ-XY-line,12,6.0,128,1,1.0,6.661338147750939e-16,2.7417412923517107e-16,4.440892098500626e-16,5.551115123125783e-17,-0.2050883404703171,0.3166919989645562
v2_basis,measurement-basis robustness and scope,U1-RZ-XY-line|n12|d72|i5|dir=gaussian|basis=Z|eta=0,U1-RZ-XY-line|n12|d72|i5,U1-RZ-XY-line,12,6.0,128,2,1.0,6.661338147750939e-16,2.7417412923517107e-16,4.440892098500626e-16,5.551115123125783e-17,-0.2050883404703171,0.9290991745311714
v2_basis,measurement-basis robustness and scope,SU2-CNOT-line|n8|d48|i1|dir=gaussian|basis=X|eta=0,SU2-CNOT-line|n8|d48|i1,SU2-CNOT-line,8,6.0,128,1,1.0,3.885780586188048e-15,3.973122730704112e-16,3.996802888650564e-15,5.2041704279304207e-17,-0.3931958188273197,0.2748539721990431
v2_basis,measurement-basis robustness and scope,SU2-CNOT-line|n8|d48|i1|dir=gaussian|basis=X|eta=0,SU2-CNOT-line|n8|d48|i1,SU2-CNOT-line,8,6.0,128,2,1.0,3.885780586188048e-15,3.973122730704112e-16,3.996802888650564e-15,5.2041704279304207e-17,-0.3931958188273197,0.549580204624556
v2_basis,measurement-basis robustness and scope,SU2-CNOT-line|n8|d48|i9|dir=gaussian|basis=X|eta=0,SU2-CNOT-line|n8|d48|i9,SU2-CNOT-line,8,6.0,128,1,1.0,6.661338147750939e-16,1.231653667943533e-16,7.771561172376097e-16,5.898059818321144e-17,-0.3927140493059584,0.273535772703748
v2_basis,measurement-basis robustness and scope,SU2-CNOT-line|n8|d48|i9|dir=gaussian|basis=X|eta=0,SU2-CNOT-line|n8|d48|i9,SU2-CNOT-line,8,6.0,128,2,1.0,6.661338147750939e-16,1.231653667943533e-16,7.771561172376097e-16,5.898059818321144e-17,-0.3927140493059584,0.5483351252616986
v2_basis,measurement-basis robustness and scope,SU2-CNOT-line|n12|d72|i7|dir=gaussian|basis=X|eta=0,SU2-CNOT-line|n12|d72|i7,SU2-CNOT-line,12,6.0,128,1,1.0,4.440892098500626e-15,6.518246544421369e-16,4.884981308350689e-15,2.3418766925686896e-17,-0.4575325286649193,0.3201567038364535
v2_basis,measurement-basis robustness and scope,SU2-CNOT-line|n12|d72|i7|dir=gaussian|basis=X|eta=0,SU2-CNOT-line|n12|d72|i7,SU2-CNOT-line,12,6.0,128,2,1.0,4.440892098500626e-15,6.518246544421369e-16,4.884981308350689e-15,2.3418766925686896e-17,-0.4575325286649193,0.8095570970901519
v2_basis,measurement-basis robustness and scope,SU2-HaarU4-brickwork|n8|d48|i5|dir=gaussian|basis=X|eta=0,SU2-HaarU4-brickwork|n8|d48|i5,SU2-HaarU4-brickwork,8,6.0,128,1,1.0,8.659739592076221e-15,1.7000663999576842e-15,8.659739592076221e-15,6.765421556309548e-17,-0.3737927258306902,0.3003081634404864
v2_basis,measurement-basis robustness and scope,SU2-HaarU4-brickwork|n8|d48|i5|dir=gaussian|basis=X|eta=0,SU2-HaarU4-brickwork|n8|d48|i5,SU2-HaarU4-brickwork,8,6.0,128,2,1.0,8.659739592076221e-15,1.7000663999576842e-15,8.659739592076221e-15,6.765421556309548e-17,-0.3737927258306902,0.5950676034620686
v2_basis,measurement-basis robustness and scope,SU2-HaarU4-brickwork|n12|d72|i3|dir=gaussian|basis=X|eta=0,SU2-HaarU4-brickwork|n12|d72|i3,SU2-HaarU4-brickwork,12,6.0,128,1,1.0,1.8540724511240114e-14,2.582136121612011e-15,1.8318679906315083e-14,2.688821387764051e-17,-0.448432434821531,0.3313721686433385
v2_basis,measurement-basis robustness and scope,SU2-HaarU4-brickwork|n12|d72|i3|dir=gaussian|basis=X|eta=0,SU2-HaarU4-brickwork|n12|d72|i3,SU2-HaarU4-brickwork,12,6.0,128,2,1.0,1.8540724511240114e-14,2.582136121612011e-15,1.8318679906315083e-14,2.688821387764051e-17,-0.448432434821531,0.8378970169064396
v2_basis,measurement-basis robustness and scope,U1-RZ-XY-line|n8|d48|i1|dir=gaussian|basis=X|eta=0,U1-RZ-XY-line|n8|d48|i1,U1-RZ-XY-line,8,6.0,128,1,1.0,1.7763568394002505e-15,2.950572899180154e-16,1.9984014443252818e-15,1.0581813203458523e-16,-0.156325311628332,0.6044423580357235
v2_basis,measurement-basis robustness and scope,U1-RZ-XY-line|n8|d48|i1|dir=gaussian|basis=X|eta=0,U1-RZ-XY-line|n8|d48|i1,U1-RZ-XY-line,8,6.0,128,2,1.0,1.7763568394002505e-15,2.950572899180154e-16,1.9984014443252818e-15,1.0581813203458523e-16,-0.156325311628332,1.011037165316175
v2_basis,measurement-basis robustness and scope,U1-RZ-XY-line|n8|d48|i9|dir=gaussian|basis=X|eta=0,U1-RZ-XY-line|n8|d48|i9,U1-RZ-XY-line,8,6.0,128,1,1.0,2.220446049250313e-16,8.727298166303464e-16,0.0,1.1449174941446927e-16,-0.1290064072300002,0.6373123474663182
v2_basis,measurement-basis robustness and scope,U1-RZ-XY-line|n8|d48|i9|dir=gaussian|basis=X|eta=0,U1-RZ-XY-line|n8|d48|i9,U1-RZ-XY-line,8,6.0,128,2,1.0,2.220446049250313e-16,8.727298166303464e-16,0.0,1.1449174941446927e-16,-0.1290064072300002,1.0353061142747633
v2_basis,measurement-basis robustness and scope,U1-RZ-XY-line|n12|d72|i5|dir=gaussian|basis=X|eta=0,U1-RZ-XY-line|n12|d72|i5,U1-RZ-XY-line,12,6.0,128,1,1.0,1.9984014443252818e-15,1.387805885571065e-16,2.1094237467877974e-15,5.551115123125783e-17,-0.2162542549902059,0.6088700957440599
v2_basis,measurement-basis robustness and scope,U1-RZ-XY-line|n12|d72|i5|dir=gaussian|basis=X|eta=0,U1-RZ-XY-line|n12|d72|i5,U1-RZ-XY-line,12,6.0,128,2,1.0,1.9984014443252818e-15,1.387805885571065e-16,2.1094237467877974e-15,5.551115123125783e-17,-0.2162542549902059,1.3635939752449526
v2_basis,measurement-basis robustness and scope,SU2-CNOT-line|n8|d48|i1|dir=gaussian|basis=Y|eta=0,SU2-CNOT-line|n8|d48|i1,SU2-CNOT-line,8,6.0,128,1,1.0,4.107825191113079e-15,4.080667358011772e-16,3.996802888650564e-15,6.938893903907227e-17,-0.382764809830198,0.2708740975695368
v2_basis,measurement-basis robustness and scope,SU2-CNOT-line|n8|d48|i1|dir=gaussian|basis=Y|eta=0,SU2-CNOT-line|n8|d48|i1,SU2-CNOT-line,8,6.0,128,2,1.0,4.107825191113079e-15,4.080667358011772e-16,3.996802888650564e-15,6.938893903907227e-17,-0.382764809830198,0.5460473396704638
v2_basis,measurement-basis robustness and scope,SU2-CNOT-line|n8|d48|i9|dir=gaussian|basis=Y|eta=0,SU2-CNOT-line|n8|d48|i9,SU2-CNOT-line,8,6.0,128,1,1.0,9.992007221626409e-16,7.63327609755858e-17,9.992007221626409e-16,9.020562075079396e-17,-0.3690946243397351,0.2758637850509328
v2_basis,measurement-basis robustness and scope,SU2-CNOT-line|n8|d48|i9|dir=gaussian|basis=Y|eta=0,SU2-CNOT-line|n8|d48|i9,SU2-CNOT-line,8,6.0,128,2,1.0,9.992007221626409e-16,7.63327609755858e-17,9.992007221626409e-16,9.020562075079396e-17,-0.3690946243397351,0.5515499049930574
v2_basis,measurement-basis robustness and scope,SU2-CNOT-line|n12|d72|i7|dir=gaussian|basis=Y|eta=0,SU2-CNOT-line|n12|d72|i7,SU2-CNOT-line,12,6.0,128,1,1.0,3.996802888650564e-15,6.814633281430422e-16,4.440892098500626e-15,2.949029909160572e-17,-0.449550601058872,0.3198332977655176
v2_basis,measurement-basis robustness and scope,SU2-CNOT-line|n12|d72|i7|dir=gaussian|basis=Y|eta=0,SU2-CNOT-line|n12|d72|i7,SU2-CNOT-line,12,6.0,128,2,1.0,3.996802888650564e-15,6.814633281430422e-16,4.440892098500626e-15,2.949029909160572e-17,-0.449550601058872,0.8087641504728603
v2_basis,measurement-basis robustness and scope,SU2-HaarU4-brickwork|n8|d48|i5|dir=gaussian|basis=Y|eta=0,SU2-HaarU4-brickwork|n8|d48|i5,SU2-HaarU4-brickwork,8,6.0,128,1,1.0,1.0436096431476471e-14,2.1398352434890463e-15,1.0325074129013956e-14,7.979727989493313e-17,-0.3621231007181952,0.2982737901260336
v2_basis,measurement-basis robustness and scope,SU2-HaarU4-brickwork|n8|d48|i5|dir=gaussian|basis=Y|eta=0,SU2-HaarU4-brickwork|n8|d48|i5,SU2-HaarU4-brickwork,8,6.0,128,2,1.0,1.0436096431476471e-14,2.1398352434890463e-15,1.0325074129013956e-14,7.979727989493313e-17,-0.3621231007181952,0.5987014600773111
v2_basis,measurement-basis robustness and scope,SU2-HaarU4-brickwork|n12|d72|i3|dir=gaussian|basis=Y|eta=0,SU2-HaarU4-brickwork|n12|d72|i3,SU2-HaarU4-brickwork,12,6.0,128,1,1.0,2.398081733190338e-14,3.531033470404293e-15,2.4202861936828413e-14,2.3418766925686896e-17,-0.4381266545932376,0.3312984116217035
v2_basis,measurement-basis robustness and scope,SU2-HaarU4-brickwork|n12|d72|i3|dir=gaussian|basis=Y|eta=0,SU2-HaarU4-brickwork|n12|d72|i3,SU2-HaarU4-brickwork,12,6.0,128,2,1.0,2.398081733190338e-14,3.531033470404293e-15,2.4202861936828413e-14,2.3418766925686896e-17,-0.4381266545932376,0.83749408130939
v2_basis,measurement-basis robustness and scope,U1-RZ-XY-line|n8|d48|i1|dir=gaussian|basis=Y|eta=0,U1-RZ-XY-line|n8|d48|i1,U1-RZ-XY-line,8,6.0,128,1,1.0,2.220446049250313e-15,5.528694623509712e-16,2.3314683517128287e-15,8.500145032286355e-17,-0.1563253116283319,0.6044423580357234
v2_basis,measurement-basis robustness and scope,U1-RZ-XY-line|n8|d48|i1|dir=gaussian|basis=Y|eta=0,U1-RZ-XY-line|n8|d48|i1,U1-RZ-XY-line,8,6.0,128,2,1.0,2.220446049250313e-15,5.528694623509712e-16,2.3314683517128287e-15,8.500145032286355e-17,-0.1563253116283319,1.0110371653161747
v2_basis,measurement-basis robustness and scope,U1-RZ-XY-line|n8|d48|i9|dir=gaussian|basis=Y|eta=0,U1-RZ-XY-line|n8|d48|i9,U1-RZ-XY-line,8,6.0,128,1,1.0,0.0,8.82998212158114e-16,4.440892098500626e-16,7.63278329429795e-17,-0.1290064072300001,0.6373123474663182
v2_basis,measurement-basis robustness and scope,U1-RZ-XY-line|n8|d48|i9|dir=gaussian|basis=Y|eta=0,U1-RZ-XY-line|n8|d48|i9,U1-RZ-XY-line,8,6.0,128,2,1.0,0.0,8.82998212158114e-16,4.440892098500626e-16,7.63278329429795e-17,-0.1290064072300001,1.0353061142747633
v2_basis,measurement-basis robustness and scope,U1-RZ-XY-line|n12|d72|i5|dir=gaussian|basis=Y|eta=0,U1-RZ-XY-line|n12|d72|i5,U1-RZ-XY-line,12,6.0,128,1,1.0,1.7763568394002505e-15,2.5428496010115865e-16,1.5543122344752194e-15,6.245004513516506e-17,-0.2162542549902061,0.60887009574406
v2_basis,measurement-basis robustness and scope,U1-RZ-XY-line|n12|d72|i5|dir=gaussian|basis=Y|eta=0,U1-RZ-XY-line|n12|d72|i5,U1-RZ-XY-line,12,6.0,128,2,1.0,1.7763568394002505e-15,2.5428496010115865e-16,1.5543122344752194e-15,6.245004513516506e-17,-0.2162542549902061,1.363593975244953
v2_basis,measurement-basis robustness and scope,SU2-CNOT-line|n8|d48|i1|dir=gaussian|basis=RANDOM_LOCAL|eta=0,SU2-CNOT-line|n8|d48|i1,SU2-CNOT-line,8,6.0,128,1,1.0,2.55351295663786e-15,3.8173771582427823e-16,2.4424906541753444e-15,1.5959455978986623e-16,-0.3848540227205754,0.2743888351697479
v2_basis,measurement-basis robustness and scope,SU2-CNOT-line|n8|d48|i1|dir=gaussian|basis=RANDOM_LOCAL|eta=0,SU2-CNOT-line|n8|d48|i1,SU2-CNOT-line,8,6.0,128,2,1.0,2.55351295663786e-15,3.8173771582427823e-16,2.4424906541753444e-15,1.5959455978986623e-16,-0.3848540227205754,0.5475812691032992
v2_basis,measurement-basis robustness and scope,SU2-CNOT-line|n8|d48|i9|dir=gaussian|basis=RANDOM_LOCAL|eta=0,SU2-CNOT-line|n8|d48|i9,SU2-CNOT-line,8,6.0,128,1,1.0,0.0,8.716877585302702e-17,0.0,1.2836953722228372e-16,-0.3480776886719123,0.273274904814225
v2_basis,measurement-basis robustness and scope,SU2-CNOT-line|n8|d48|i9|dir=gaussian|basis=RANDOM_LOCAL|eta=0,SU2-CNOT-line|n8|d48|i9,SU2-CNOT-line,8,6.0,128,2,1.0,0.0,8.716877585302702e-17,0.0,1.2836953722228372e-16,-0.3480776886719123,0.5467887638782024
v2_basis,measurement-basis robustness and scope,SU2-CNOT-line|n12|d72|i7|dir=gaussian|basis=RANDOM_LOCAL|eta=0,SU2-CNOT-line|n12|d72|i7,SU2-CNOT-line,12,6.0,128,1,1.0,6.661338147750939e-15,6.680980821345504e-16,6.8833827526759706e-15,2.775557561562892e-17,-0.436837551800162,0.3201419017060921
v2_basis,measurement-basis robustness and scope,SU2-CNOT-line|n12|d72|i7|dir=gaussian|basis=RANDOM_LOCAL|eta=0,SU2-CNOT-line|n12|d72|i7,SU2-CNOT-line,12,6.0,128,2,1.0,6.661338147750939e-15,6.680980821345504e-16,6.8833827526759706e-15,2.775557561562892e-17,-0.436837551800162,0.8092147870050037
v2_basis,measurement-basis robustness and scope,SU2-HaarU4-brickwork|n8|d48|i5|dir=gaussian|basis=RANDOM_LOCAL|eta=0,SU2-HaarU4-brickwork|n8|d48|i5,SU2-HaarU4-brickwork,8,6.0,128,1,1.0,9.214851104388801e-15,2.158021104469629e-15,9.214851104388801e-15,1.0234868508263162e-16,-0.3820091376643273,0.2970933499813153
v2_basis,measurement-basis robustness and scope,SU2-HaarU4-brickwork|n8|d48|i5|dir=gaussian|basis=RANDOM_LOCAL|eta=0,SU2-HaarU4-brickwork|n8|d48|i5,SU2-HaarU4-brickwork,8,6.0,128,2,1.0,9.214851104388801e-15,2.158021104469629e-15,9.214851104388801e-15,1.0234868508263162e-16,-0.3820091376643273,0.5964323366194033
v2_basis,measurement-basis robustness and scope,SU2-HaarU4-brickwork|n12|d72|i3|dir=gaussian|basis=RANDOM_LOCAL|eta=0,SU2-HaarU4-brickwork|n12|d72|i3,SU2-HaarU4-brickwork,12,6.0,128,1,1.0,2.2648549702353197e-14,3.5475143395635587e-15,2.2759572004815712e-14,3.5128150388530344e-17,-0.4355161641268958,0.3313353107565125
v2_basis,measurement-basis robustness and scope,SU2-HaarU4-brickwork|n12|d72|i3|dir=gaussian|basis=RANDOM_LOCAL|eta=0,SU2-HaarU4-brickwork|n12|d72|i3,SU2-HaarU4-brickwork,12,6.0,128,2,1.0,2.2648549702353197e-14,3.5475143395635587e-15,2.2759572004815712e-14,3.5128150388530344e-17,-0.4355161641268958,0.837180021872286
v2_basis,measurement-basis robustness and scope,U1-RZ-XY-line|n8|d48|i1|dir=gaussian|basis=RANDOM_LOCAL|eta=0,U1-RZ-XY-line|n8|d48|i1,U1-RZ-XY-line,8,6.0,128,1,1.0,1.887379141862766e-15,5.147687786656422e-16,1.887379141862766e-15,1.3704315460216776e-16,-0.180136813213194,0.5530713699058407
v2_basis,measurement-basis robustness and scope,U1-RZ-XY-line|n8|d48|i1|dir=gaussian|basis=RANDOM_LOCAL|eta=0,U1-RZ-XY-line|n8|d48|i1,U1-RZ-XY-line,8,6.0,128,2,1.0,1.887379141862766e-15,5.147687786656422e-16,1.887379141862766e-15,1.3704315460216776e-16,-0.180136813213194,1.0061659309980386
v2_basis,measurement-basis robustness and scope,U1-RZ-XY-line|n8|d48|i9|dir=gaussian|basis=RANDOM_LOCAL|eta=0,U1-RZ-XY-line|n8|d48|i9,U1-RZ-XY-line,8,6.0,128,1,1.0,1.3322676295501878e-15,8.89175347378495e-16,1.3322676295501878e-15,1.214306433183765e-16,-0.1647344838519917,0.5639062168103983
v2_basis,measurement-basis robustness and scope,U1-RZ-XY-line|n8|d48|i9|dir=gaussian|basis=RANDOM_LOCAL|eta=0,U1-RZ-XY-line|n8|d48|i9,U1-RZ-XY-line,8,6.0,128,2,1.0,1.3322676295501878e-15,8.89175347378495e-16,1.3322676295501878e-15,1.214306433183765e-16,-0.1647344838519917,1.049662122342635
v2_basis,measurement-basis robustness and scope,U1-RZ-XY-line|n12|d72|i5|dir=gaussian|basis=RANDOM_LOCAL|eta=0,U1-RZ-XY-line|n12|d72|i5,U1-RZ-XY-line,12,6.0,128,1,1.0,2.220446049250313e-16,3.150613163178453e-16,2.220446049250313e-16,1.6306400674181987e-16,-0.2033441125296652,0.5193257007090768
v2_basis,measurement-basis robustness and scope,U1-RZ-XY-line|n12|d72|i5|dir=gaussian|basis=RANDOM_LOCAL|eta=0,U1-RZ-XY-line|n12|d72|i5,U1-RZ-XY-line,12,6.0,128,2,1.0,2.220446049250313e-16,3.150613163178453e-16,2.220446049250313e-16,1.6306400674181987e-16,-0.2033441125296652,1.334047018175193
v2_basis,measurement-basis robustness and scope,SU2-CNOT-line|n8|d48|i2|dir=gaussian|basis=Z|eta=0,SU2-CNOT-line|n8|d48|i2,SU2-CNOT-line,8,6.0,128,1,1.0,3.552713678800501e-15,6.470611579388544e-16,3.774758283725532e-15,6.071532165918825e-17,-0.3721281476638581,0.2723980293643803
v2_basis,measurement-basis robustness and scope,SU2-CNOT-line|n8|d48|i2|dir=gaussian|basis=Z|eta=0,SU2-CNOT-line|n8|d48|i2,SU2-CNOT-line,8,6.0,128,2,1.0,3.552713678800501e-15,6.470611579388544e-16,3.774758283725532e-15,6.071532165918825e-17,-0.3721281476638581,0.5445254594183895
v2_basis,measurement-basis robustness and scope,SU2-CNOT-line|n12|d72|i0|dir=gaussian|basis=Z|eta=0,SU2-CNOT-line|n12|d72|i0,SU2-CNOT-line,12,6.0,128,1,1.0,2.886579864025407e-15,2.975292760871239e-16,3.1086244689504387e-15,2.255140518769849e-17,-0.4512030966943658,0.3214001158455113
v2_basis,measurement-basis robustness and scope,SU2-CNOT-line|n12|d72|i0|dir=gaussian|basis=Z|eta=0,SU2-CNOT-line|n12|d72|i0,SU2-CNOT-line,12,6.0,128,2,1.0,2.886579864025407e-15,2.975292760871239e-16,3.1086244689504387e-15,2.255140518769849e-17,-0.4512030966943658,0.8125810442142334
v2_basis,measurement-basis robustness and scope,SU2-CNOT-line|n12|d72|i8|dir=gaussian|basis=Z|eta=0,SU2-CNOT-line|n12|d72|i8,SU2-CNOT-line,12,6.0,128,1,1.0,1.5543122344752194e-15,2.551496304753967e-16,1.7763568394002505e-15,2.7321894746634715e-17,-0.4599516855924657,0.3209387743669325
v2_basis,measurement-basis robustness and scope,SU2-CNOT-line|n12|d72|i8|dir=gaussian|basis=Z|eta=0,SU2-CNOT-line|n12|d72|i8,SU2-CNOT-line,12,6.0,128,2,1.0,1.5543122344752194e-15,2.551496304753967e-16,1.7763568394002505e-15,2.7321894746634715e-17,-0.4599516855924657,0.810883402738683
v2_basis,measurement-basis robustness and scope,SU2-HaarU4-brickwork|n8|d48|i6|dir=gaussian|basis=Z|eta=0,SU2-HaarU4-brickwork|n8|d48|i6,SU2-HaarU4-brickwork,8,6.0,128,1,1.0,1.1435297153639112e-14,2.8206945114310908e-15,1.1324274851176595e-14,6.418476861114186e-17,-0.3640576001735556,0.2897045486571954
v2_basis,measurement-basis robustness and scope,SU2-HaarU4-brickwork|n8|d48|i6|dir=gaussian|basis=Z|eta=0,SU2-HaarU4-brickwork|n8|d48|i6,SU2-HaarU4-brickwork,8,6.0,128,2,1.0,1.1435297153639112e-14,2.8206945114310908e-15,1.1324274851176595e-14,6.418476861114186e-17,-0.3640576001735556,0.5786011006862384
v2_basis,measurement-basis robustness and scope,SU2-HaarU4-brickwork|n12|d72|i4|dir=gaussian|basis=Z|eta=0,SU2-HaarU4-brickwork|n12|d72|i4,SU2-HaarU4-brickwork,12,6.0,128,1,1.0,1.8318679906315083e-14,2.6255395207760803e-15,1.8318679906315083e-14,2.6020852139652106e-17,-0.4334457657000225,0.3310861819306801
v2_basis,measurement-basis robustness and scope,SU2-HaarU4-brickwork|n12|d72|i4|dir=gaussian|basis=Z|eta=0,SU2-HaarU4-brickwork|n12|d72|i4,SU2-HaarU4-brickwork,12,6.0,128,2,1.0,1.8318679906315083e-14,2.6255395207760803e-15,1.8318679906315083e-14,2.6020852139652106e-17,-0.4334457657000225,0.8366944492333057
v2_basis,measurement-basis robustness and scope,U1-RZ-XY-line|n8|d48|i2|dir=gaussian|basis=Z|eta=0,U1-RZ-XY-line|n8|d48|i2,U1-RZ-XY-line,8,6.0,128,1,1.0,1.3322676295501878e-15,7.980934662415605e-16,1.3322676295501878e-15,9.887923813067799e-17,-0.1392847673509072,0.2299649774069241
v2_basis,measurement-basis robustness and scope,U1-RZ-XY-line|n8|d48|i2|dir=gaussian|basis=Z|eta=0,U1-RZ-XY-line|n8|d48|i2,U1-RZ-XY-line,8,6.0,128,2,1.0,1.3322676295501878e-15,7.980934662415605e-16,1.3322676295501878e-15,9.887923813067799e-17,-0.1392847673509072,0.582098801117497
v2_basis,measurement-basis robustness and scope,U1-RZ-XY-line|n8|d48|i10|dir=gaussian|basis=Z|eta=0,U1-RZ-XY-line|n8|d48|i10,U1-RZ-XY-line,8,6.0,128,1,1.0,6.661338147750939e-16,3.7129566767155913e-16,6.661338147750939e-16,7.63278329429795e-17,-0.0899455677912857,0.2298974452954734
v2_basis,measurement-basis robustness and scope,U1-RZ-XY-line|n8|d48|i10|dir=gaussian|basis=Z|eta=0,U1-RZ-XY-line|n8|d48|i10,U1-RZ-XY-line,8,6.0,128,2,1.0,6.661338147750939e-16,3.7129566767155913e-16,6.661338147750939e-16,7.63278329429795e-17,-0.0899455677912857,0.5408396415282115
v2_basis,measurement-basis robustness and scope,U1-RZ-XY-line|n12|d72|i6|dir=gaussian|basis=Z|eta=0,U1-RZ-XY-line|n12|d72|i6,U1-RZ-XY-line,12,6.0,128,1,1.0,2.220446049250313e-15,1.0443092957230525e-15,2.220446049250313e-15,6.245004513516506e-17,-0.2022016183328931,0.2994038609752251
v2_basis,measurement-basis robustness and scope,U1-RZ-XY-line|n12|d72|i6|dir=gaussian|basis=Z|eta=0,U1-RZ-XY-line|n12|d72|i6,U1-RZ-XY-line,12,6.0,128,2,1.0,2.220446049250313e-15,1.0443092957230525e-15,2.220446049250313e-15,6.245004513516506e-17,-0.2022016183328931,0.8988503013948167
v2_basis,measurement-basis robustness and scope,SU2-CNOT-line|n8|d48|i2|dir=gaussian|basis=X|eta=0,SU2-CNOT-line|n8|d48|i2,SU2-CNOT-line,8,6.0,128,1,1.0,2.220446049250313e-15,6.375486389910268e-16,2.220446049250313e-15,6.938893903907227e-17,-0.3717006608476799,0.2744206614953652
v2_basis,measurement-basis robustness and scope,SU2-CNOT-line|n8|d48|i2|dir=gaussian|basis=X|eta=0,SU2-CNOT-line|n8|d48|i2,SU2-CNOT-line,8,6.0,128,2,1.0,2.220446049250313e-15,6.375486389910268e-16,2.220446049250313e-15,6.938893903907227e-17,-0.3717006608476799,0.5419151762892563
v2_basis,measurement-basis robustness and scope,SU2-CNOT-line|n12|d72|i0|dir=gaussian|basis=X|eta=0,SU2-CNOT-line|n12|d72|i0,SU2-CNOT-line,12,6.0,128,1,1.0,8.881784197001252e-16,3.139852486550218e-16,8.881784197001252e-16,2.6020852139652106e-17,-0.4578223903769173,0.3211323382701097
v2_basis,measurement-basis robustness and scope,SU2-CNOT-line|n12|d72|i0|dir=gaussian|basis=X|eta=0,SU2-CNOT-line|n12|d72|i0,SU2-CNOT-line,12,6.0,128,2,1.0,8.881784197001252e-16,3.139852486550218e-16,8.881784197001252e-16,2.6020852139652106e-17,-0.4578223903769173,0.8119242850980447
v2_basis,measurement-basis robustness and scope,SU2-CNOT-line|n12|d72|i8|dir=gaussian|basis=X|eta=0,SU2-CNOT-line|n12|d72|i8,SU2-CNOT-line,12,6.0,128,1,1.0,4.440892098500626e-16,2.432958371850798e-16,4.440892098500626e-16,2.7321894746634715e-17,-0.4579612082233765,0.3205044411368122
v2_basis,measurement-basis robustness and scope,SU2-CNOT-line|n12|d72|i8|dir=gaussian|basis=X|eta=0,SU2-CNOT-line|n12|d72|i8,SU2-CNOT-line,12,6.0,128,2,1.0,4.440892098500626e-16,2.432958371850798e-16,4.440892098500626e-16,2.7321894746634715e-17,-0.4579612082233765,0.8104421215144528
v2_basis,measurement-basis robustness and scope,SU2-HaarU4-brickwork|n8|d48|i6|dir=gaussian|basis=X|eta=0,SU2-HaarU4-brickwork|n8|d48|i6,SU2-HaarU4-brickwork,8,6.0,128,1,1.0,1.2878587085651816e-14,2.8215298667507564e-15,1.2878587085651816e-14,7.28583859910259e-17,-0.372544450387153,0.2892993714369175
v2_basis,measurement-basis robustness and scope,SU2-HaarU4-brickwork|n8|d48|i6|dir=gaussian|basis=X|eta=0,SU2-HaarU4-brickwork|n8|d48|i6,SU2-HaarU4-brickwork,8,6.0,128,2,1.0,1.2878587085651816e-14,2.8215298667507564e-15,1.2878587085651816e-14,7.28583859910259e-17,-0.372544450387153,0.5732780815533618
v2_basis,measurement-basis robustness and scope,SU2-HaarU4-brickwork|n12|d72|i4|dir=gaussian|basis=X|eta=0,SU2-HaarU4-brickwork|n12|d72|i4,SU2-HaarU4-brickwork,12,6.0,128,1,1.0,2.0317081350640365e-14,2.6255453858406404e-15,2.042810365310288e-14,2.5587171270657905e-17,-0.4425512303868055,0.3313804720587913
v2_basis,measurement-basis robustness and scope,SU2-HaarU4-brickwork|n12|d72|i4|dir=gaussian|basis=X|eta=0,SU2-HaarU4-brickwork|n12|d72|i4,SU2-HaarU4-brickwork,12,6.0,128,2,1.0,2.0317081350640365e-14,2.6255453858406404e-15,2.042810365310288e-14,2.5587171270657905e-17,-0.4425512303868055,0.8379302892232687
v2_basis,measurement-basis robustness and scope,U1-RZ-XY-line|n8|d48|i2|dir=gaussian|basis=X|eta=0,U1-RZ-XY-line|n8|d48|i2,U1-RZ-XY-line,8,6.0,128,1,1.0,2.886579864025407e-15,8.140586152144582e-16,2.886579864025407e-15,1.0408340855860844e-16,-0.1706724700401356,0.6142625355403784
v2_basis,measurement-basis robustness and scope,U1-RZ-XY-line|n8|d48|i2|dir=gaussian|basis=X|eta=0,U1-RZ-XY-line|n8|d48|i2,U1-RZ-XY-line,8,6.0,128,2,1.0,2.886579864025407e-15,8.140586152144582e-16,2.886579864025407e-15,1.0408340855860844e-16,-0.1706724700401356,1.0503846011337543
v2_basis,measurement-basis robustness and scope,U1-RZ-XY-line|n8|d48|i10|dir=gaussian|basis=X|eta=0,U1-RZ-XY-line|n8|d48|i10,U1-RZ-XY-line,8,6.0,128,1,1.0,6.661338147750939e-16,3.690845870243564e-16,8.881784197001252e-16,1.2706849461530112e-16,-0.1133689403066496,0.6096118824969485
v2_basis,measurement-basis robustness and scope,U1-RZ-XY-line|n8|d48|i10|dir=gaussian|basis=X|eta=0,U1-RZ-XY-line|n8|d48|i10,U1-RZ-XY-line,8,6.0,128,2,1.0,6.661338147750939e-16,3.690845870243564e-16,8.881784197001252e-16,1.2706849461530112e-16,-0.1133689403066496,0.9875622743861384
v2_basis,measurement-basis robustness and scope,U1-RZ-XY-line|n12|d72|i6|dir=gaussian|basis=X|eta=0,U1-RZ-XY-line|n12|d72|i6,U1-RZ-XY-line,12,6.0,128,1,1.0,0.0,1.0435529660934593e-15,0.0,5.2041704279304207e-17,-0.2279904779997802,0.5954192194613773
v2_basis,measurement-basis robustness and scope,U1-RZ-XY-line|n12|d72|i6|dir=gaussian|basis=X|eta=0,U1-RZ-XY-line|n12|d72|i6,U1-RZ-XY-line,12,6.0,128,2,1.0,0.0,1.0435529660934593e-15,0.0,5.2041704279304207e-17,-0.2279904779997802,1.3157595262265982
