profile,analysis_role,n,depth_factor,direction_sampler,measurement_basis,bitflip_rate,tangent_count_used,k,metric,omitted_family,remaining_families,full_family_balanced_mean,leave_one_family_out_mean,absolute_shift
v2_depth,prespecified depth-onset and saturation study,8,0.5,gaussian,Z,0.0,96,1,enhancement,RY-RZ-CZ-line,2,6.9820282843012444,4.862792992901187,-2.1192352914000576
v2_depth,prespecified depth-onset and saturation study,8,0.5,gaussian,Z,0.0,96,1,enhancement,SU2-CNOT-line,2,6.9820282843012444,8.828271916047077,1.8462436317458328
v2_depth,prespecified depth-onset and saturation study,8,0.5,gaussian,Z,0.0,96,1,enhancement,SU2-HaarU4-brickwork,2,6.9820282843012444,7.25501994395547,0.27299165965422567
v2_depth,prespecified depth-onset and saturation study,8,0.5,gaussian,Z,0.0,96,1,actual_retention,RY-RZ-CZ-line,2,0.2190440246055292,0.15255821154199797,-0.06648581306353121
v2_depth,prespecified depth-onset and saturation study,8,0.5,gaussian,Z,0.0,96,1,actual_retention,SU2-CNOT-line,2,0.2190440246055292,0.2769653934446141,0.05792136883908494
v2_depth,prespecified depth-onset and saturation study,8,0.5,gaussian,Z,0.0,96,1,actual_retention,SU2-HaarU4-brickwork,2,0.2190440246055292,0.22760846882997549,0.0085644442244463
v2_depth,prespecified depth-onset and saturation study,8,0.5,gaussian,Z,0.0,96,1,deff_pairwise,RY-RZ-CZ-line,2,23.06194254304567,25.135920319523173,2.073977776477502
v2_depth,prespecified depth-onset and saturation study,8,0.5,gaussian,Z,0.0,96,1,deff_pairwise,SU2-CNOT-line,2,23.06194254304567,19.81016343781068,-3.2517791052349914
v2_depth,prespecified depth-onset and saturation study,8,0.5,gaussian,Z,0.0,96,1,deff_pairwise,SU2-HaarU4-brickwork,2,23.06194254304567,24.239743871803157,1.1778013287574858
v2_depth,prespecified depth-onset and saturation study,8,0.5,gaussian,Z,0.0,96,1,pairwise_purity,RY-RZ-CZ-line,2,0.04556794780951875,0.04128578066477645,-0.004282167144742298
v2_depth,prespecified depth-onset and saturation study,8,0.5,gaussian,Z,0.0,96,1,pairwise_purity,SU2-CNOT-line,2,0.04556794780951875,0.05136735385110682,0.005799406041588073
v2_depth,prespecified depth-onset and saturation study,8,0.5,gaussian,Z,0.0,96,1,pairwise_purity,SU2-HaarU4-brickwork,2,0.04556794780951875,0.04405070891267297,-0.0015172388968457753
v2_depth,prespecified depth-onset and saturation study,8,0.5,gaussian,Z,0.0,96,1,sample_covariance_purity,RY-RZ-CZ-line,2,0.05550994835316959,0.05127238711618502,-0.004237561236984565
v2_depth,prespecified depth-onset and saturation study,8,0.5,gaussian,Z,0.0,96,1,sample_covariance_purity,SU2-CNOT-line,2,0.05550994835316959,0.06124894391515778,0.005738995561988196
v2_depth,prespecified depth-onset and saturation study,8,0.5,gaussian,Z,0.0,96,1,sample_covariance_purity,SU2-HaarU4-brickwork,2,0.05550994835316959,0.05400851402816596,-0.0015014343250036241
v2_depth,prespecified depth-onset and saturation study,8,0.5,gaussian,Z,0.0,96,1,trC3_u_stat,RY-RZ-CZ-line,2,0.002820867415948553,0.0023349351905266372,-0.0004859322254219156
v2_depth,prespecified depth-onset and saturation study,8,0.5,gaussian,Z,0.0,96,1,trC3_u_stat,SU2-CNOT-line,2,0.002820867415948553,0.003450893044635141,0.0006300256286865882
v2_depth,prespecified depth-onset and saturation study,8,0.5,gaussian,Z,0.0,96,1,trC3_u_stat,SU2-HaarU4-brickwork,2,0.002820867415948553,0.0026767740126838794,-0.00014409340326467348
v2_depth,prespecified depth-onset and saturation study,8,0.5,gaussian,Z,0.0,96,1,Ffull_over_FQ_mean,RY-RZ-CZ-line,2,0.4317338813626342,0.4374520612745204,0.005718179911886223
v2_depth,prespecified depth-onset and saturation study,8,0.5,gaussian,Z,0.0,96,1,Ffull_over_FQ_mean,SU2-CNOT-line,2,0.4317338813626342,0.4351232245773732,0.0033893432147389935
v2_depth,prespecified depth-onset and saturation study,8,0.5,gaussian,Z,0.0,96,1,Ffull_over_FQ_mean,SU2-HaarU4-brickwork,2,0.4317338813626342,0.42262635823600897,-0.009107523126625217
v2_depth,prespecified depth-onset and saturation study,8,0.5,gaussian,Z,0.0,96,1,haar_alignment_z,RY-RZ-CZ-line,2,51.477376921712896,35.17626628286744,-16.301110638845458
v2_depth,prespecified depth-onset and saturation study,8,0.5,gaussian,Z,0.0,96,1,haar_alignment_z,SU2-CNOT-line,2,51.477376921712896,65.63502803139858,14.15765110968568
v2_depth,prespecified depth-onset and saturation study,8,0.5,gaussian,Z,0.0,96,1,haar_alignment_z,SU2-HaarU4-brickwork,2,51.477376921712896,53.62083645087266,2.143459529159763
v2_depth,prespecified depth-onset and saturation study,8,0.5,gaussian,Z,0.0,96,1,physical_minus_rank_baseline,RY-RZ-CZ-line,2,0.18767147558592132,0.1211856625223901,-0.06648581306353121
v2_depth,prespecified depth-onset and saturation study,8,0.5,gaussian,Z,0.0,96,1,physical_minus_rank_baseline,SU2-CNOT-line,2,0.18767147558592132,0.24559284442500626,0.05792136883908494
v2_depth,prespecified depth-onset and saturation study,8,0.5,gaussian,Z,0.0,96,1,physical_minus_rank_baseline,SU2-HaarU4-brickwork,2,0.18767147558592132,0.19623591981036762,0.0085644442244463
v2_depth,prespecified depth-onset and saturation study,8,0.5,gaussian,Z,0.0,96,2,enhancement,RY-RZ-CZ-line,2,3.3812973237559354,2.7793667508395448,-0.6019305729163906
v2_depth,prespecified depth-onset and saturation study,8,0.5,gaussian,Z,0.0,96,2,enhancement,SU2-CNOT-line,2,3.3812973237559354,3.8466365764396766,0.4653392526837412
v2_depth,prespecified depth-onset and saturation study,8,0.5,gaussian,Z,0.0,96,2,enhancement,SU2-HaarU4-brickwork,2,3.3812973237559354,3.5178886439885844,0.13659132023264897
v2_depth,prespecified depth-onset and saturation study,8,0.5,gaussian,Z,0.0,96,2,actual_retention,RY-RZ-CZ-line,2,0.4773596221773085,0.3923811883538181,-0.0849784338234904
v2_depth,prespecified depth-onset and saturation study,8,0.5,gaussian,Z,0.0,96,2,actual_retention,SU2-CNOT-line,2,0.4773596221773085,0.5430545754973661,0.06569495332005765
v2_depth,prespecified depth-onset and saturation study,8,0.5,gaussian,Z,0.0,96,2,actual_retention,SU2-HaarU4-brickwork,2,0.4773596221773085,0.4966431026807413,0.019283480503432815
v2_depth,prespecified depth-onset and saturation study,8,0.5,gaussian,Z,0.0,96,2,deff_pairwise,RY-RZ-CZ-line,2,23.06194254304567,25.135920319523173,2.073977776477502
v2_depth,prespecified depth-onset and saturation study,8,0.5,gaussian,Z,0.0,96,2,deff_pairwise,SU2-CNOT-line,2,23.06194254304567,19.81016343781068,-3.2517791052349914
v2_depth,prespecified depth-onset and saturation study,8,0.5,gaussian,Z,0.0,96,2,deff_pairwise,SU2-HaarU4-brickwork,2,23.06194254304567,24.239743871803157,1.1778013287574858
v2_depth,prespecified depth-onset and saturation study,8,0.5,gaussian,Z,0.0,96,2,pairwise_purity,RY-RZ-CZ-line,2,0.04556794780951875,0.04128578066477645,-0.004282167144742298
v2_depth,prespecified depth-onset and saturation study,8,0.5,gaussian,Z,0.0,96,2,pairwise_purity,SU2-CNOT-line,2,0.04556794780951875,0.05136735385110682,0.005799406041588073
v2_depth,prespecified depth-onset and saturation study,8,0.5,gaussian,Z,0.0,96,2,pairwise_purity,SU2-HaarU4-brickwork,2,0.04556794780951875,0.04405070891267297,-0.0015172388968457753
v2_depth,prespecified depth-onset and saturation study,8,0.5,gaussian,Z,0.0,96,2,sample_covariance_purity,RY-RZ-CZ-line,2,0.05550994835316959,0.05127238711618502,-0.004237561236984565
v2_depth,prespecified depth-onset and saturation study,8,0.5,gaussian,Z,0.0,96,2,sample_covariance_purity,SU2-CNOT-line,2,0.05550994835316959,0.06124894391515778,0.005738995561988196
v2_depth,prespecified depth-onset and saturation study,8,0.5,gaussian,Z,0.0,96,2,sample_covariance_purity,SU2-HaarU4-brickwork,2,0.05550994835316959,0.05400851402816596,-0.0015014343250036241
v2_depth,prespecified depth-onset and saturation study,8,0.5,gaussian,Z,0.0,96,2,trC3_u_stat,RY-RZ-CZ-line,2,0.002820867415948553,0.0023349351905266372,-0.0004859322254219156
v2_depth,prespecified depth-onset and saturation study,8,0.5,gaussian,Z,0.0,96,2,trC3_u_stat,SU2-CNOT-line,2,0.002820867415948553,0.003450893044635141,0.0006300256286865882
v2_depth,prespecified depth-onset and saturation study,8,0.5,gaussian,Z,0.0,96,2,trC3_u_stat,SU2-HaarU4-brickwork,2,0.002820867415948553,0.0026767740126838794,-0.00014409340326467348
v2_depth,prespecified depth-onset and saturation study,8,0.5,gaussian,Z,0.0,96,2,Ffull_over_FQ_mean,RY-RZ-CZ-line,2,0.4317338813626342,0.4374520612745204,0.005718179911886223
v2_depth,prespecified depth-onset and saturation study,8,0.5,gaussian,Z,0.0,96,2,Ffull_over_FQ_mean,SU2-CNOT-line,2,0.4317338813626342,0.4351232245773732,0.0033893432147389935
v2_depth,prespecified depth-onset and saturation study,8,0.5,gaussian,Z,0.0,96,2,Ffull_over_FQ_mean,SU2-HaarU4-brickwork,2,0.4317338813626342,0.42262635823600897,-0.009107523126625217
v2_depth,prespecified depth-onset and saturation study,8,0.5,gaussian,Z,0.0,96,2,haar_alignment_z,RY-RZ-CZ-line,2,46.96731202938787,37.166407334170046,-9.800904695217824
v2_depth,prespecified depth-onset and saturation study,8,0.5,gaussian,Z,0.0,96,2,haar_alignment_z,SU2-CNOT-line,2,46.96731202938787,53.90674803293691,6.939436003549041
v2_depth,prespecified depth-onset and saturation study,8,0.5,gaussian,Z,0.0,96,2,haar_alignment_z,SU2-HaarU4-brickwork,2,46.96731202938787,49.82878072105666,2.86146869166879
v2_depth,prespecified depth-onset and saturation study,8,0.5,gaussian,Z,0.0,96,2,physical_minus_rank_baseline,RY-RZ-CZ-line,2,0.33618315158907325,0.2512047177655828,-0.08497843382349046
v2_depth,prespecified depth-onset and saturation study,8,0.5,gaussian,Z,0.0,96,2,physical_minus_rank_baseline,SU2-CNOT-line,2,0.33618315158907325,0.4018781049091309,0.06569495332005765
v2_depth,prespecified depth-onset and saturation study,8,0.5,gaussian,Z,0.0,96,2,physical_minus_rank_baseline,SU2-HaarU4-brickwork,2,0.33618315158907325,0.355466632092506,0.01928348050343276
v2_depth,prespecified depth-onset and saturation study,8,1.0,gaussian,Z,0.0,96,1,enhancement,RY-RZ-CZ-line,2,3.0756827918996787,1.7704120155371665,-1.3052707763625122
v2_depth,prespecified depth-onset and saturation study,8,1.0,gaussian,Z,0.0,96,1,enhancement,SU2-CNOT-line,2,3.0756827918996787,3.9642667472041833,0.8885839553045045
v2_depth,prespecified depth-onset and saturation study,8,1.0,gaussian,Z,0.0,96,1,enhancement,SU2-HaarU4-brickwork,2,3.0756827918996787,3.4923696129576856,0.4166868210580068
v2_depth,prespecified depth-onset and saturation study,8,1.0,gaussian,Z,0.0,96,1,actual_retention,RY-RZ-CZ-line,2,0.09649200915763695,0.05554233774234245,-0.0409496714152945
v2_depth,prespecified depth-onset and saturation study,8,1.0,gaussian,Z,0.0,96,1,actual_retention,SU2-CNOT-line,2,0.09649200915763695,0.12436915285346456,0.02787714369582761
v2_depth,prespecified depth-onset and saturation study,8,1.0,gaussian,Z,0.0,96,1,actual_retention,SU2-HaarU4-brickwork,2,0.09649200915763695,0.10956453687710384,0.01307252771946689
v2_depth,prespecified depth-onset and saturation study,8,1.0,gaussian,Z,0.0,96,1,deff_pairwise,RY-RZ-CZ-line,2,40.58163894057497,45.822778943081445,5.2411400025064765
v2_depth,prespecified depth-onset and saturation study,8,1.0,gaussian,Z,0.0,96,1,deff_pairwise,SU2-CNOT-line,2,40.58163894057497,32.77605626724237,-7.8055826733326015
v2_depth,prespecified depth-onset and saturation study,8,1.0,gaussian,Z,0.0,96,1,deff_pairwise,SU2-HaarU4-brickwork,2,40.58163894057497,43.14608161140109,2.564442670826118
v2_depth,prespecified depth-onset and saturation study,8,1.0,gaussian,Z,0.0,96,1,pairwise_purity,RY-RZ-CZ-line,2,0.02662446828680282,0.023107520341263767,-0.0035169479455390527
v2_depth,prespecified depth-onset and saturation study,8,1.0,gaussian,Z,0.0,96,1,pairwise_purity,SU2-CNOT-line,2,0.02662446828680282,0.031008101480586255,0.004383633193783435
v2_depth,prespecified depth-onset and saturation study,8,1.0,gaussian,Z,0.0,96,1,pairwise_purity,SU2-HaarU4-brickwork,2,0.02662446828680282,0.025757783038558447,-0.000866685248244372
v2_depth,prespecified depth-onset and saturation study,8,1.0,gaussian,Z,0.0,96,1,sample_covariance_purity,RY-RZ-CZ-line,2,0.03676379674214861,0.03328348367104225,-0.0034803130711063557
v2_depth,prespecified depth-onset and saturation study,8,1.0,gaussian,Z,0.0,96,1,sample_covariance_purity,SU2-CNOT-line,2,0.03676379674214861,0.04110176709016346,0.00433797034801485
v2_depth,prespecified depth-onset and saturation study,8,1.0,gaussian,Z,0.0,96,1,sample_covariance_purity,SU2-HaarU4-brickwork,2,0.03676379674214861,0.035906139465240114,-0.0008576572769084939
v2_depth,prespecified depth-onset and saturation study,8,1.0,gaussian,Z,0.0,96,1,trC3_u_stat,RY-RZ-CZ-line,2,0.0010689490683994083,0.0008141516344011208,-0.0002547974339982876
v2_depth,prespecified depth-onset and saturation study,8,1.0,gaussian,Z,0.0,96,1,trC3_u_stat,SU2-CNOT-line,2,0.0010689490683994083,0.0013740454171159583,0.0003050963487165499
v2_depth,prespecified depth-onset and saturation study,8,1.0,gaussian,Z,0.0,96,1,trC3_u_stat,SU2-HaarU4-brickwork,2,0.0010689490683994083,0.0010186501536811458,-5.029891471826256e-05
v2_depth,prespecified depth-onset and saturation study,8,1.0,gaussian,Z,0.0,96,1,Ffull_over_FQ_mean,RY-RZ-CZ-line,2,0.44813248645290754,0.45620467733412884,0.008072190881221297
v2_depth,prespecified depth-onset and saturation study,8,1.0,gaussian,Z,0.0,96,1,Ffull_over_FQ_mean,SU2-CNOT-line,2,0.44813248645290754,0.44533948638957777,-0.002793000063329776
v2_depth,prespecified depth-onset and saturation study,8,1.0,gaussian,Z,0.0,96,1,Ffull_over_FQ_mean,SU2-HaarU4-brickwork,2,0.44813248645290754,0.4428532956350161,-0.005279190817891466
v2_depth,prespecified depth-onset and saturation study,8,1.0,gaussian,Z,0.0,96,1,haar_alignment_z,RY-RZ-CZ-line,2,21.65849393708078,8.726738010697737,-12.931755926383044
v2_depth,prespecified depth-onset and saturation study,8,1.0,gaussian,Z,0.0,96,1,haar_alignment_z,SU2-CNOT-line,2,21.65849393708078,30.54806902498896,8.889575087908177
v2_depth,prespecified depth-onset and saturation study,8,1.0,gaussian,Z,0.0,96,1,haar_alignment_z,SU2-HaarU4-brickwork,2,21.65849393708078,25.700674775555658,4.042180838474877
v2_depth,prespecified depth-onset and saturation study,8,1.0,gaussian,Z,0.0,96,1,physical_minus_rank_baseline,RY-RZ-CZ-line,2,0.0651194601380291,0.024169788722734602,-0.0409496714152945
v2_depth,prespecified depth-onset and saturation study,8,1.0,gaussian,Z,0.0,96,1,physical_minus_rank_baseline,SU2-CNOT-line,2,0.0651194601380291,0.09299660383385672,0.02787714369582761
v2_depth,prespecified depth-onset and saturation study,8,1.0,gaussian,Z,0.0,96,1,physical_minus_rank_baseline,SU2-HaarU4-brickwork,2,0.0651194601380291,0.078191987857496,0.01307252771946689
v2_depth,prespecified depth-onset and saturation study,8,1.0,gaussian,Z,0.0,96,2,enhancement,RY-RZ-CZ-line,2,1.8249793968916472,1.2989808276322194,-0.5259985692594278
v2_depth,prespecified depth-onset and saturation study,8,1.0,gaussian,Z,0.0,96,2,enhancement,SU2-CNOT-line,2,1.8249793968916472,2.199591981880999,0.3746125849893518
v2_depth,prespecified depth-onset and saturation study,8,1.0,gaussian,Z,0.0,96,2,enhancement,SU2-HaarU4-brickwork,2,1.8249793968916472,1.976365381161723,0.15138598427007577
v2_depth,prespecified depth-onset and saturation study,8,1.0,gaussian,Z,0.0,96,2,actual_retention,RY-RZ-CZ-line,2,0.25764415014940895,0.1833855286069015,-0.07425862154250745
v2_depth,prespecified depth-onset and saturation study,8,1.0,gaussian,Z,0.0,96,2,actual_retention,SU2-CNOT-line,2,0.25764415014940895,0.310530632736141,0.052886482586732064
v2_depth,prespecified depth-onset and saturation study,8,1.0,gaussian,Z,0.0,96,2,actual_retention,SU2-HaarU4-brickwork,2,0.25764415014940895,0.2790162891051844,0.021372138955775444
v2_depth,prespecified depth-onset and saturation study,8,1.0,gaussian,Z,0.0,96,2,deff_pairwise,RY-RZ-CZ-line,2,40.58163894057497,45.822778943081445,5.2411400025064765
v2_depth,prespecified depth-onset and saturation study,8,1.0,gaussian,Z,0.0,96,2,deff_pairwise,SU2-CNOT-line,2,40.58163894057497,32.77605626724237,-7.8055826733326015
v2_depth,prespecified depth-onset and saturation study,8,1.0,gaussian,Z,0.0,96,2,deff_pairwise,SU2-HaarU4-brickwork,2,40.58163894057497,43.14608161140109,2.564442670826118
v2_depth,prespecified depth-onset and saturation study,8,1.0,gaussian,Z,0.0,96,2,pairwise_purity,RY-RZ-CZ-line,2,0.02662446828680282,0.023107520341263767,-0.0035169479455390527
v2_depth,prespecified depth-onset and saturation study,8,1.0,gaussian,Z,0.0,96,2,pairwise_purity,SU2-CNOT-line,2,0.02662446828680282,0.031008101480586255,0.004383633193783435
v2_depth,prespecified depth-onset and saturation study,8,1.0,gaussian,Z,0.0,96,2,pairwise_purity,SU2-HaarU4-brickwork,2,0.02662446828680282,0.025757783038558447,-0.000866685248244372
v2_depth,prespecified depth-onset and saturation study,8,1.0,gaussian,Z,0.0,96,2,sample_covariance_purity,RY-RZ-CZ-line,2,0.03676379674214861,0.03328348367104225,-0.0034803130711063557
v2_depth,prespecified depth-onset and saturation study,8,1.0,gaussian,Z,0.0,96,2,sample_covariance_purity,SU2-CNOT-line,2,0.03676379674214861,0.04110176709016346,0.00433797034801485
v2_depth,prespecified depth-onset and saturation study,8,1.0,gaussian,Z,0.0,96,2,sample_covariance_purity,SU2-HaarU4-brickwork,2,0.03676379674214861,0.035906139465240114,-0.0008576572769084939
v2_depth,prespecified depth-onset and saturation study,8,1.0,gaussian,Z,0.0,96,2,trC3_u_stat,RY-RZ-CZ-line,2,0.0010689490683994083,0.0008141516344011208,-0.0002547974339982876
v2_depth,prespecified depth-onset and saturation study,8,1.0,gaussian,Z,0.0,96,2,trC3_u_stat,SU2-CNOT-line,2,0.0010689490683994083,0.0013740454171159583,0.0003050963487165499
v2_depth,prespecified depth-onset and saturation study,8,1.0,gaussian,Z,0.0,96,2,trC3_u_stat,SU2-HaarU4-brickwork,2,0.0010689490683994083,0.0010186501536811458,-5.029891471826256e-05
v2_depth,prespecified depth-onset and saturation study,8,1.0,gaussian,Z,0.0,96,2,Ffull_over_FQ_mean,RY-RZ-CZ-line,2,0.44813248645290754,0.45620467733412884,0.008072190881221297
v2_depth,prespecified depth-onset and saturation study,8,1.0,gaussian,Z,0.0,96,2,Ffull_over_FQ_mean,SU2-CNOT-line,2,0.44813248645290754,0.44533948638957777,-0.002793000063329776
v2_depth,prespecified depth-onset and saturation study,8,1.0,gaussian,Z,0.0,96,2,Ffull_over_FQ_mean,SU2-HaarU4-brickwork,2,0.44813248645290754,0.4428532956350161,-0.005279190817891466
v2_depth,prespecified depth-onset and saturation study,8,1.0,gaussian,Z,0.0,96,2,haar_alignment_z,RY-RZ-CZ-line,2,19.324099772098982,7.510826962637236,-11.813272809461747
v2_depth,prespecified depth-onset and saturation study,8,1.0,gaussian,Z,0.0,96,2,haar_alignment_z,SU2-CNOT-line,2,19.324099772098982,27.88796558629145,8.563865814192468
v2_depth,prespecified depth-onset and saturation study,8,1.0,gaussian,Z,0.0,96,2,haar_alignment_z,SU2-HaarU4-brickwork,2,19.324099772098982,22.573506767368258,3.2494069952692755
v2_depth,prespecified depth-onset and saturation study,8,1.0,gaussian,Z,0.0,96,2,physical_minus_rank_baseline,RY-RZ-CZ-line,2,0.1164676795611737,0.04220905801866623,-0.07425862154250747
v2_depth,prespecified depth-onset and saturation study,8,1.0,gaussian,Z,0.0,96,2,physical_minus_rank_baseline,SU2-CNOT-line,2,0.1164676795611737,0.16935416214790572,0.05288648258673202
v2_depth,prespecified depth-onset and saturation study,8,1.0,gaussian,Z,0.0,96,2,physical_minus_rank_baseline,SU2-HaarU4-brickwork,2,0.1164676795611737,0.13783981851694913,0.02137213895577543
v2_depth,prespecified depth-onset and saturation study,8,2.0,gaussian,Z,0.0,96,1,enhancement,RY-RZ-CZ-line,2,1.5492501576766686,0.9511215897304536,-0.598128567946215
v2_depth,prespecified depth-onset and saturation study,8,2.0,gaussian,Z,0.0,96,1,enhancement,SU2-CNOT-line,2,1.5492501576766686,1.860422529773518,0.31117237209684934
v2_depth,prespecified depth-onset and saturation study,8,2.0,gaussian,Z,0.0,96,1,enhancement,SU2-HaarU4-brickwork,2,1.5492501576766686,1.8362063535260338,0.28695619584936516
v2_depth,prespecified depth-onset and saturation study,8,2.0,gaussian,Z,0.0,96,1,actual_retention,RY-RZ-CZ-line,2,0.04860392651534643,0.02983910869742596,-0.01876481781792047
v2_depth,prespecified depth-onset and saturation study,8,2.0,gaussian,Z,0.0,96,1,actual_retention,SU2-CNOT-line,2,0.04860392651534643,0.0583661970125025,0.00976227049715607
v2_depth,prespecified depth-onset and saturation study,8,2.0,gaussian,Z,0.0,96,1,actual_retention,SU2-HaarU4-brickwork,2,0.04860392651534643,0.05760647383611084,0.009002547320764408
v2_depth,prespecified depth-onset and saturation study,8,2.0,gaussian,Z,0.0,96,1,deff_pairwise,RY-RZ-CZ-line,2,69.50535210115594,80.12126363009028,10.615911528934348
v2_depth,prespecified depth-onset and saturation study,8,2.0,gaussian,Z,0.0,96,1,deff_pairwise,SU2-CNOT-line,2,69.50535210115594,55.727836408909596,-13.77751569224634
v2_depth,prespecified depth-onset and saturation study,8,2.0,gaussian,Z,0.0,96,1,deff_pairwise,SU2-HaarU4-brickwork,2,69.50535210115594,72.66695626446794,3.161604163312006
v2_depth,prespecified depth-onset and saturation study,8,2.0,gaussian,Z,0.0,96,1,pairwise_purity,RY-RZ-CZ-line,2,0.015784691555753634,0.013079950133864229,-0.0027047414218894054
v2_depth,prespecified depth-onset and saturation study,8,2.0,gaussian,Z,0.0,96,1,pairwise_purity,SU2-CNOT-line,2,0.015784691555753634,0.01852108467898657,0.0027363931232329344
v2_depth,prespecified depth-onset and saturation study,8,2.0,gaussian,Z,0.0,96,1,pairwise_purity,SU2-HaarU4-brickwork,2,0.015784691555753634,0.015753039854410105,-3.165170134352899e-05
v2_depth,prespecified depth-onset and saturation study,8,2.0,gaussian,Z,0.0,96,1,sample_covariance_purity,RY-RZ-CZ-line,2,0.02603693435204786,0.023360367319969808,-0.0026765670320780532
v2_depth,prespecified depth-onset and saturation study,8,2.0,gaussian,Z,0.0,96,1,sample_covariance_purity,SU2-CNOT-line,2,0.02603693435204786,0.028744823380247114,0.0027078890281992535
v2_depth,prespecified depth-onset and saturation study,8,2.0,gaussian,Z,0.0,96,1,sample_covariance_purity,SU2-HaarU4-brickwork,2,0.02603693435204786,0.02600561235592666,-3.1321996121200235e-05
v2_depth,prespecified depth-onset and saturation study,8,2.0,gaussian,Z,0.0,96,1,trC3_u_stat,RY-RZ-CZ-line,2,0.00040496547403234996,0.00026827380374162916,-0.0001366916702907208
v2_depth,prespecified depth-onset and saturation study,8,2.0,gaussian,Z,0.0,96,1,trC3_u_stat,SU2-CNOT-line,2,0.00040496547403234996,0.0005300820654697874,0.00012511659143743748
v2_depth,prespecified depth-onset and saturation study,8,2.0,gaussian,Z,0.0,96,1,trC3_u_stat,SU2-HaarU4-brickwork,2,0.00040496547403234996,0.00041654055288563324,1.1575078853283275e-05
v2_depth,prespecified depth-onset and saturation study,8,2.0,gaussian,Z,0.0,96,1,Ffull_over_FQ_mean,RY-RZ-CZ-line,2,0.4695011722638869,0.4784912716288685,0.00899009936498163
v2_depth,prespecified depth-onset and saturation study,8,2.0,gaussian,Z,0.0,96,1,Ffull_over_FQ_mean,SU2-CNOT-line,2,0.4695011722638869,0.46474542343719816,-0.0047557488266887216
v2_depth,prespecified depth-onset and saturation study,8,2.0,gaussian,Z,0.0,96,1,Ffull_over_FQ_mean,SU2-HaarU4-brickwork,2,0.4695011722638869,0.465266821725594,-0.004234350538292853
v2_depth,prespecified depth-onset and saturation study,8,2.0,gaussian,Z,0.0,96,1,haar_alignment_z,RY-RZ-CZ-line,2,6.495244400763792,-0.7479794515014674,-7.24322385226526
v2_depth,prespecified depth-onset and saturation study,8,2.0,gaussian,Z,0.0,96,1,haar_alignment_z,SU2-CNOT-line,2,6.495244400763792,10.320301481066938,3.8250570803031456
v2_depth,prespecified depth-onset and saturation study,8,2.0,gaussian,Z,0.0,96,1,haar_alignment_z,SU2-HaarU4-brickwork,2,6.495244400763792,9.913411172725908,3.418166771962116
v2_depth,prespecified depth-onset and saturation study,8,2.0,gaussian,Z,0.0,96,1,physical_minus_rank_baseline,RY-RZ-CZ-line,2,0.017231377495738623,-0.0015334403221818251,-0.01876481781792045
v2_depth,prespecified depth-onset and saturation study,8,2.0,gaussian,Z,0.0,96,1,physical_minus_rank_baseline,SU2-CNOT-line,2,0.017231377495738623,0.026993647992894672,0.009762270497156049
v2_depth,prespecified depth-onset and saturation study,8,2.0,gaussian,Z,0.0,96,1,physical_minus_rank_baseline,SU2-HaarU4-brickwork,2,0.017231377495738623,0.02623392481650302,0.009002547320764397
v2_depth,prespecified depth-onset and saturation study,8,2.0,gaussian,Z,0.0,96,2,enhancement,RY-RZ-CZ-line,2,1.2124699951171942,0.953322924602451,-0.25914707051474317
v2_depth,prespecified depth-onset and saturation study,8,2.0,gaussian,Z,0.0,96,2,enhancement,SU2-CNOT-line,2,1.2124699951171942,1.348658749795621,0.13618875467842684
v2_depth,prespecified depth-onset and saturation study,8,2.0,gaussian,Z,0.0,96,2,enhancement,SU2-HaarU4-brickwork,2,1.2124699951171942,1.3354283109535106,0.12295831583631633
v2_depth,prespecified depth-onset and saturation study,8,2.0,gaussian,Z,0.0,96,2,actual_retention,RY-RZ-CZ-line,2,0.17117223460478034,0.13458676582622836,-0.03658546877855198
v2_depth,prespecified depth-onset and saturation study,8,2.0,gaussian,Z,0.0,96,2,actual_retention,SU2-CNOT-line,2,0.17117223460478034,0.19039888232408764,0.019226647719307294
v2_depth,prespecified depth-onset and saturation study,8,2.0,gaussian,Z,0.0,96,2,actual_retention,SU2-HaarU4-brickwork,2,0.17117223460478034,0.18853105566402498,0.017358821059244633
v2_depth,prespecified depth-onset and saturation study,8,2.0,gaussian,Z,0.0,96,2,deff_pairwise,RY-RZ-CZ-line,2,69.50535210115594,80.12126363009028,10.615911528934348
v2_depth,prespecified depth-onset and saturation study,8,2.0,gaussian,Z,0.0,96,2,deff_pairwise,SU2-CNOT-line,2,69.50535210115594,55.727836408909596,-13.77751569224634
v2_depth,prespecified depth-onset and saturation study,8,2.0,gaussian,Z,0.0,96,2,deff_pairwise,SU2-HaarU4-brickwork,2,69.50535210115594,72.66695626446794,3.161604163312006
v2_depth,prespecified depth-onset and saturation study,8,2.0,gaussian,Z,0.0,96,2,pairwise_purity,RY-RZ-CZ-line,2,0.015784691555753634,0.013079950133864229,-0.0027047414218894054
v2_depth,prespecified depth-onset and saturation study,8,2.0,gaussian,Z,0.0,96,2,pairwise_purity,SU2-CNOT-line,2,0.015784691555753634,0.01852108467898657,0.0027363931232329344
v2_depth,prespecified depth-onset and saturation study,8,2.0,gaussian,Z,0.0,96,2,pairwise_purity,SU2-HaarU4-brickwork,2,0.015784691555753634,0.015753039854410105,-3.165170134352899e-05
v2_depth,prespecified depth-onset and saturation study,8,2.0,gaussian,Z,0.0,96,2,sample_covariance_purity,RY-RZ-CZ-line,2,0.02603693435204786,0.023360367319969808,-0.0026765670320780532
v2_depth,prespecified depth-onset and saturation study,8,2.0,gaussian,Z,0.0,96,2,sample_covariance_purity,SU2-CNOT-line,2,0.02603693435204786,0.028744823380247114,0.0027078890281992535
v2_depth,prespecified depth-onset and saturation study,8,2.0,gaussian,Z,0.0,96,2,sample_covariance_purity,SU2-HaarU4-brickwork,2,0.02603693435204786,0.02600561235592666,-3.1321996121200235e-05
v2_depth,prespecified depth-onset and saturation study,8,2.0,gaussian,Z,0.0,96,2,trC3_u_stat,RY-RZ-CZ-line,2,0.00040496547403234996,0.00026827380374162916,-0.0001366916702907208
v2_depth,prespecified depth-onset and saturation study,8,2.0,gaussian,Z,0.0,96,2,trC3_u_stat,SU2-CNOT-line,2,0.00040496547403234996,0.0005300820654697874,0.00012511659143743748
v2_depth,prespecified depth-onset and saturation study,8,2.0,gaussian,Z,0.0,96,2,trC3_u_stat,SU2-HaarU4-brickwork,2,0.00040496547403234996,0.00041654055288563324,1.1575078853283275e-05
v2_depth,prespecified depth-onset and saturation study,8,2.0,gaussian,Z,0.0,96,2,Ffull_over_FQ_mean,RY-RZ-CZ-line,2,0.4695011722638869,0.4784912716288685,0.00899009936498163
v2_depth,prespecified depth-onset and saturation study,8,2.0,gaussian,Z,0.0,96,2,Ffull_over_FQ_mean,SU2-CNOT-line,2,0.4695011722638869,0.46474542343719816,-0.0047557488266887216
v2_depth,prespecified depth-onset and saturation study,8,2.0,gaussian,Z,0.0,96,2,Ffull_over_FQ_mean,SU2-HaarU4-brickwork,2,0.4695011722638869,0.465266821725594,-0.004234350538292853
v2_depth,prespecified depth-onset and saturation study,8,2.0,gaussian,Z,0.0,96,2,haar_alignment_z,RY-RZ-CZ-line,2,5.568745319372733,-1.578525592252805,-7.147270911625538
v2_depth,prespecified depth-onset and saturation study,8,2.0,gaussian,Z,0.0,96,2,haar_alignment_z,SU2-CNOT-line,2,5.568745319372733,9.415413795594176,3.846668476221443
v2_depth,prespecified depth-onset and saturation study,8,2.0,gaussian,Z,0.0,96,2,haar_alignment_z,SU2-HaarU4-brickwork,2,5.568745319372733,8.869347754776827,3.3006024354040937
v2_depth,prespecified depth-onset and saturation study,8,2.0,gaussian,Z,0.0,96,2,physical_minus_rank_baseline,RY-RZ-CZ-line,2,0.029995764016545075,-0.006589704762006857,-0.036585468778551934
v2_depth,prespecified depth-onset and saturation study,8,2.0,gaussian,Z,0.0,96,2,physical_minus_rank_baseline,SU2-CNOT-line,2,0.029995764016545075,0.04922241173585238,0.019226647719307304
v2_depth,prespecified depth-onset and saturation study,8,2.0,gaussian,Z,0.0,96,2,physical_minus_rank_baseline,SU2-HaarU4-brickwork,2,0.029995764016545075,0.047354585075789705,0.01735882105924463
v2_depth,prespecified depth-onset and saturation study,8,4.0,gaussian,Z,0.0,96,1,enhancement,RY-RZ-CZ-line,2,0.958190637981709,0.9404995292412065,-0.017691108740502504
v2_depth,prespecified depth-onset and saturation study,8,4.0,gaussian,Z,0.0,96,1,enhancement,SU2-CNOT-line,2,0.958190637981709,0.9564266152442042,-0.0017640227375047557
v2_depth,prespecified depth-onset and saturation study,8,4.0,gaussian,Z,0.0,96,1,enhancement,SU2-HaarU4-brickwork,2,0.958190637981709,0.9776457694597163,0.01945513147800726
v2_depth,prespecified depth-onset and saturation study,8,4.0,gaussian,Z,0.0,96,1,actual_retention,RY-RZ-CZ-line,2,0.03006088276021043,0.029505867584037795,-0.0005550151761726345
v2_depth,prespecified depth-onset and saturation study,8,4.0,gaussian,Z,0.0,96,1,actual_retention,SU2-CNOT-line,2,0.03006088276021043,0.030005540870406362,-5.534188980406765e-05
v2_depth,prespecified depth-onset and saturation study,8,4.0,gaussian,Z,0.0,96,1,actual_retention,SU2-HaarU4-brickwork,2,0.03006088276021043,0.03067123982618713,0.0006103570659766987
v2_depth,prespecified depth-onset and saturation study,8,4.0,gaussian,Z,0.0,96,1,deff_pairwise,RY-RZ-CZ-line,2,111.16969739484483,124.79458696496322,13.624889570118384
v2_depth,prespecified depth-onset and saturation study,8,4.0,gaussian,Z,0.0,96,1,deff_pairwise,SU2-CNOT-line,2,111.16969739484483,94.9411957650681,-16.22850162977673
v2_depth,prespecified depth-onset and saturation study,8,4.0,gaussian,Z,0.0,96,1,deff_pairwise,SU2-HaarU4-brickwork,2,111.16969739484483,113.77330945450316,2.6036120596583316
v2_depth,prespecified depth-onset and saturation study,8,4.0,gaussian,Z,0.0,96,1,pairwise_purity,RY-RZ-CZ-line,2,0.00945574830198811,0.008212193609871705,-0.001243554692116405
v2_depth,prespecified depth-onset and saturation study,8,4.0,gaussian,Z,0.0,96,1,pairwise_purity,SU2-CNOT-line,2,0.00945574830198811,0.010695861198005838,0.0012401128960177286
v2_depth,prespecified depth-onset and saturation study,8,4.0,gaussian,Z,0.0,96,1,pairwise_purity,SU2-HaarU4-brickwork,2,0.00945574830198811,0.009459190098086784,3.4417960986746904e-06
v2_depth,prespecified depth-onset and saturation study,8,4.0,gaussian,Z,0.0,96,1,sample_covariance_purity,RY-RZ-CZ-line,2,0.019773917590509074,0.018543316593102217,-0.0012306009974068569
v2_depth,prespecified depth-onset and saturation study,8,4.0,gaussian,Z,0.0,96,1,sample_covariance_purity,SU2-CNOT-line,2,0.019773917590509074,0.021001112643859954,0.0012271950533508796
v2_depth,prespecified depth-onset and saturation study,8,4.0,gaussian,Z,0.0,96,1,sample_covariance_purity,SU2-HaarU4-brickwork,2,0.019773917590509074,0.01977732353456505,3.405944055977217e-06
v2_depth,prespecified depth-onset and saturation study,8,4.0,gaussian,Z,0.0,96,1,trC3_u_stat,RY-RZ-CZ-line,2,0.0001374630542919739,9.750177032889003e-05,-3.9961283963083874e-05
v2_depth,prespecified depth-onset and saturation study,8,4.0,gaussian,Z,0.0,96,1,trC3_u_stat,SU2-CNOT-line,2,0.0001374630542919739,0.00017365945685417499,3.619640256220108e-05
v2_depth,prespecified depth-onset and saturation study,8,4.0,gaussian,Z,0.0,96,1,trC3_u_stat,SU2-HaarU4-brickwork,2,0.0001374630542919739,0.0001412279356928567,3.7648814008827943e-06
v2_depth,prespecified depth-onset and saturation study,8,4.0,gaussian,Z,0.0,96,1,Ffull_over_FQ_mean,RY-RZ-CZ-line,2,0.48336445022542923,0.48823901948971193,0.004874569264282702
v2_depth,prespecified depth-onset and saturation study,8,4.0,gaussian,Z,0.0,96,1,Ffull_over_FQ_mean,SU2-CNOT-line,2,0.48336445022542923,0.48072100632693426,-0.002643443898494968
v2_depth,prespecified depth-onset and saturation study,8,4.0,gaussian,Z,0.0,96,1,Ffull_over_FQ_mean,SU2-HaarU4-brickwork,2,0.48336445022542923,0.48113332485964144,-0.0022311253657877894
v2_depth,prespecified depth-onset and saturation study,8,4.0,gaussian,Z,0.0,96,1,haar_alignment_z,RY-RZ-CZ-line,2,-0.6893675488560008,-0.9869144500698994,-0.2975469012138986
v2_depth,prespecified depth-onset and saturation study,8,4.0,gaussian,Z,0.0,96,1,haar_alignment_z,SU2-CNOT-line,2,-0.6893675488560008,-0.6998479910169167,-0.010480442160915926
v2_depth,prespecified depth-onset and saturation study,8,4.0,gaussian,Z,0.0,96,1,haar_alignment_z,SU2-HaarU4-brickwork,2,-0.6893675488560008,-0.38134020548118613,0.3080273433748147
v2_depth,prespecified depth-onset and saturation study,8,4.0,gaussian,Z,0.0,96,1,physical_minus_rank_baseline,RY-RZ-CZ-line,2,-0.0013116662593973436,-0.0018666814355699658,-0.0005550151761726221
v2_depth,prespecified depth-onset and saturation study,8,4.0,gaussian,Z,0.0,96,1,physical_minus_rank_baseline,SU2-CNOT-line,2,-0.0013116662593973436,-0.0013670081492014085,-5.534188980406483e-05
v2_depth,prespecified depth-onset and saturation study,8,4.0,gaussian,Z,0.0,96,1,physical_minus_rank_baseline,SU2-HaarU4-brickwork,2,-0.0013116662593973436,-0.0007013091934206572,0.0006103570659766864
v2_depth,prespecified depth-onset and saturation study,8,4.0,gaussian,Z,0.0,96,2,enhancement,RY-RZ-CZ-line,2,0.9781855730392207,0.9710655061602513,-0.007120066878969378
v2_depth,prespecified depth-onset and saturation study,8,4.0,gaussian,Z,0.0,96,2,enhancement,SU2-CNOT-line,2,0.9781855730392207,0.9750965022505232,-0.0030890707886974678
v2_depth,prespecified depth-onset and saturation study,8,4.0,gaussian,Z,0.0,96,2,enhancement,SU2-HaarU4-brickwork,2,0.9781855730392207,0.9883947107068876,0.010209137667666845
v2_depth,prespecified depth-onset and saturation study,8,4.0,gaussian,Z,0.0,96,2,actual_retention,RY-RZ-CZ-line,2,0.13809678678200762,0.1370916008696825,-0.0010051859123251239
v2_depth,prespecified depth-onset and saturation study,8,4.0,gaussian,Z,0.0,96,2,actual_retention,SU2-CNOT-line,2,0.13809678678200762,0.1376606826706621,-0.0004361041113455366
v2_depth,prespecified depth-onset and saturation study,8,4.0,gaussian,Z,0.0,96,2,actual_retention,SU2-HaarU4-brickwork,2,0.13809678678200762,0.13953807680567823,0.001441290023670605
v2_depth,prespecified depth-onset and saturation study,8,4.0,gaussian,Z,0.0,96,2,deff_pairwise,RY-RZ-CZ-line,2,111.16969739484483,124.79458696496322,13.624889570118384
v2_depth,prespecified depth-onset and saturation study,8,4.0,gaussian,Z,0.0,96,2,deff_pairwise,SU2-CNOT-line,2,111.16969739484483,94.9411957650681,-16.22850162977673
v2_depth,prespecified depth-onset and saturation study,8,4.0,gaussian,Z,0.0,96,2,deff_pairwise,SU2-HaarU4-brickwork,2,111.16969739484483,113.77330945450316,2.6036120596583316
v2_depth,prespecified depth-onset and saturation study,8,4.0,gaussian,Z,0.0,96,2,pairwise_purity,RY-RZ-CZ-line,2,0.00945574830198811,0.008212193609871705,-0.001243554692116405
v2_depth,prespecified depth-onset and saturation study,8,4.0,gaussian,Z,0.0,96,2,pairwise_purity,SU2-CNOT-line,2,0.00945574830198811,0.010695861198005838,0.0012401128960177286
v2_depth,prespecified depth-onset and saturation study,8,4.0,gaussian,Z,0.0,96,2,pairwise_purity,SU2-HaarU4-brickwork,2,0.00945574830198811,0.009459190098086784,3.4417960986746904e-06
v2_depth,prespecified depth-onset and saturation study,8,4.0,gaussian,Z,0.0,96,2,sample_covariance_purity,RY-RZ-CZ-line,2,0.019773917590509074,0.018543316593102217,-0.0012306009974068569
v2_depth,prespecified depth-onset and saturation study,8,4.0,gaussian,Z,0.0,96,2,sample_covariance_purity,SU2-CNOT-line,2,0.019773917590509074,0.021001112643859954,0.0012271950533508796
v2_depth,prespecified depth-onset and saturation study,8,4.0,gaussian,Z,0.0,96,2,sample_covariance_purity,SU2-HaarU4-brickwork,2,0.019773917590509074,0.01977732353456505,3.405944055977217e-06
v2_depth,prespecified depth-onset and saturation study,8,4.0,gaussian,Z,0.0,96,2,trC3_u_stat,RY-RZ-CZ-line,2,0.0001374630542919739,9.750177032889003e-05,-3.9961283963083874e-05
v2_depth,prespecified depth-onset and saturation study,8,4.0,gaussian,Z,0.0,96,2,trC3_u_stat,SU2-CNOT-line,2,0.0001374630542919739,0.00017365945685417499,3.619640256220108e-05
v2_depth,prespecified depth-onset and saturation study,8,4.0,gaussian,Z,0.0,96,2,trC3_u_stat,SU2-HaarU4-brickwork,2,0.0001374630542919739,0.0001412279356928567,3.7648814008827943e-06
v2_depth,prespecified depth-onset and saturation study,8,4.0,gaussian,Z,0.0,96,2,Ffull_over_FQ_mean,RY-RZ-CZ-line,2,0.48336445022542923,0.48823901948971193,0.004874569264282702
v2_depth,prespecified depth-onset and saturation study,8,4.0,gaussian,Z,0.0,96,2,Ffull_over_FQ_mean,SU2-CNOT-line,2,0.48336445022542923,0.48072100632693426,-0.002643443898494968
v2_depth,prespecified depth-onset and saturation study,8,4.0,gaussian,Z,0.0,96,2,Ffull_over_FQ_mean,SU2-HaarU4-brickwork,2,0.48336445022542923,0.48113332485964144,-0.0022311253657877894
v2_depth,prespecified depth-onset and saturation study,8,4.0,gaussian,Z,0.0,96,2,haar_alignment_z,RY-RZ-CZ-line,2,-0.8038863546797352,-1.0783535357335032,-0.274467181053768
v2_depth,prespecified depth-onset and saturation study,8,4.0,gaussian,Z,0.0,96,2,haar_alignment_z,SU2-CNOT-line,2,-0.8038863546797352,-0.89692824359853,-0.09304188891879472
v2_depth,prespecified depth-onset and saturation study,8,4.0,gaussian,Z,0.0,96,2,haar_alignment_z,SU2-HaarU4-brickwork,2,-0.8038863546797352,-0.4363772847071724,0.36750906997256283
v2_depth,prespecified depth-onset and saturation study,8,4.0,gaussian,Z,0.0,96,2,physical_minus_rank_baseline,RY-RZ-CZ-line,2,-0.00307968380622763,-0.004084869718552715,-0.0010051859123250853
v2_depth,prespecified depth-onset and saturation study,8,4.0,gaussian,Z,0.0,96,2,physical_minus_rank_baseline,SU2-CNOT-line,2,-0.00307968380622763,-0.003515787917573149,-0.00043610411134551883
v2_depth,prespecified depth-onset and saturation study,8,4.0,gaussian,Z,0.0,96,2,physical_minus_rank_baseline,SU2-HaarU4-brickwork,2,-0.00307968380622763,-0.0016383937825570252,0.0014412900236706048
v2_depth,prespecified depth-onset and saturation study,8,6.0,gaussian,Z,0.0,96,1,enhancement,RY-RZ-CZ-line,2,0.937787359079246,0.9585462116243042,0.02075885254505816
v2_depth,prespecified depth-onset and saturation study,8,6.0,gaussian,Z,0.0,96,1,enhancement,SU2-CNOT-line,2,0.937787359079246,0.9081416450643844,-0.0296457140148616
v2_depth,prespecified depth-onset and saturation study,8,6.0,gaussian,Z,0.0,96,1,enhancement,SU2-HaarU4-brickwork,2,0.937787359079246,0.9466742205490495,0.008886861469803442
v2_depth,prespecified depth-onset and saturation study,8,6.0,gaussian,Z,0.0,96,1,actual_retention,RY-RZ-CZ-line,2,0.029420779892682176,0.030072038011742817,0.0006512581190606416
v2_depth,prespecified depth-onset and saturation study,8,6.0,gaussian,Z,0.0,96,1,actual_retention,SU2-CNOT-line,2,0.029420779892682176,0.02849071827652965,-0.0009300616161525242
v2_depth,prespecified depth-onset and saturation study,8,6.0,gaussian,Z,0.0,96,1,actual_retention,SU2-HaarU4-brickwork,2,0.029420779892682176,0.029699583389774055,0.00027880349709187915
v2_depth,prespecified depth-onset and saturation study,8,6.0,gaussian,Z,0.0,96,1,deff_pairwise,RY-RZ-CZ-line,2,138.2646493069773,152.15020031077006,13.885551003792756
v2_depth,prespecified depth-onset and saturation study,8,6.0,gaussian,Z,0.0,96,1,deff_pairwise,SU2-CNOT-line,2,138.2646493069773,122.56567784839615,-15.698971458581156
v2_depth,prespecified depth-onset and saturation study,8,6.0,gaussian,Z,0.0,96,1,deff_pairwise,SU2-HaarU4-brickwork,2,138.2646493069773,140.07806976176576,1.8134204547884565
v2_depth,prespecified depth-onset and saturation study,8,6.0,gaussian,Z,0.0,96,1,pairwise_purity,RY-RZ-CZ-line,2,0.007468828976028744,0.006667312683493005,-0.0008015162925357391
v2_depth,prespecified depth-onset and saturation study,8,6.0,gaussian,Z,0.0,96,1,pairwise_purity,SU2-CNOT-line,2,0.007468828976028744,0.008253446776294186,0.0007846178002654421
v2_depth,prespecified depth-onset and saturation study,8,6.0,gaussian,Z,0.0,96,1,pairwise_purity,SU2-HaarU4-brickwork,2,0.007468828976028744,0.007485727468299041,1.6898492270297008e-05
v2_depth,prespecified depth-onset and saturation study,8,6.0,gaussian,Z,0.0,96,1,sample_covariance_purity,RY-RZ-CZ-line,2,0.01780769534086178,0.017014528176373292,-0.0007931671644884897
v2_depth,prespecified depth-onset and saturation study,8,6.0,gaussian,Z,0.0,96,1,sample_covariance_purity,SU2-CNOT-line,2,0.01780769534086178,0.018584140039041123,0.0007764446981793419
v2_depth,prespecified depth-onset and saturation study,8,6.0,gaussian,Z,0.0,96,1,sample_covariance_purity,SU2-HaarU4-brickwork,2,0.01780769534086178,0.017824417807170926,1.672246630914434e-05
v2_depth,prespecified depth-onset and saturation study,8,6.0,gaussian,Z,0.0,96,1,trC3_u_stat,RY-RZ-CZ-line,2,8.110946156092007e-05,6.073443745714262e-05,-2.0375024103777453e-05
v2_depth,prespecified depth-onset and saturation study,8,6.0,gaussian,Z,0.0,96,1,trC3_u_stat,SU2-CNOT-line,2,8.110946156092007e-05,9.915181552919855e-05,1.8042353968278477e-05
v2_depth,prespecified depth-onset and saturation study,8,6.0,gaussian,Z,0.0,96,1,trC3_u_stat,SU2-HaarU4-brickwork,2,8.110946156092007e-05,8.344213169641905e-05,2.3326701354989764e-06
v2_depth,prespecified depth-onset and saturation study,8,6.0,gaussian,Z,0.0,96,1,Ffull_over_FQ_mean,RY-RZ-CZ-line,2,0.48934312327630897,0.49224083061636414,0.002897707340055178
v2_depth,prespecified depth-onset and saturation study,8,6.0,gaussian,Z,0.0,96,1,Ffull_over_FQ_mean,SU2-CNOT-line,2,0.48934312327630897,0.4876620378624412,-0.0016810854138677445
v2_depth,prespecified depth-onset and saturation study,8,6.0,gaussian,Z,0.0,96,1,Ffull_over_FQ_mean,SU2-HaarU4-brickwork,2,0.48934312327630897,0.4881265013501215,-0.0012166219261874889
v2_depth,prespecified depth-onset and saturation study,8,6.0,gaussian,Z,0.0,96,1,haar_alignment_z,RY-RZ-CZ-line,2,-1.0422199188745729,-0.7162008830020765,0.32601903587249637
v2_depth,prespecified depth-onset and saturation study,8,6.0,gaussian,Z,0.0,96,1,haar_alignment_z,SU2-CNOT-line,2,-1.0422199188745729,-1.5370925407227265,-0.4948726218481536
v2_depth,prespecified depth-onset and saturation study,8,6.0,gaussian,Z,0.0,96,1,haar_alignment_z,SU2-HaarU4-brickwork,2,-1.0422199188745729,-0.8733663328989153,0.16885358597565758
v2_depth,prespecified depth-onset and saturation study,8,6.0,gaussian,Z,0.0,96,1,physical_minus_rank_baseline,RY-RZ-CZ-line,2,-0.0019517691269255908,-0.0013005110078649531,0.0006512581190606377
v2_depth,prespecified depth-onset and saturation study,8,6.0,gaussian,Z,0.0,96,1,physical_minus_rank_baseline,SU2-CNOT-line,2,-0.0019517691269255908,-0.0028818307430780905,-0.0009300616161524997
v2_depth,prespecified depth-onset and saturation study,8,6.0,gaussian,Z,0.0,96,1,physical_minus_rank_baseline,SU2-HaarU4-brickwork,2,-0.0019517691269255908,-0.001672965629833729,0.0002788034970918618
v2_depth,prespecified depth-onset and saturation study,8,6.0,gaussian,Z,0.0,96,2,enhancement,RY-RZ-CZ-line,2,0.9700750563320398,0.9815872014066951,0.011512145074655256
v2_depth,prespecified depth-onset and saturation study,8,6.0,gaussian,Z,0.0,96,2,enhancement,SU2-CNOT-line,2,0.9700750563320398,0.9593800560328051,-0.010695000299234758
v2_depth,prespecified depth-onset and saturation study,8,6.0,gaussian,Z,0.0,96,2,enhancement,SU2-HaarU4-brickwork,2,0.9700750563320398,0.9692579115566193,-0.0008171447754204975
v2_depth,prespecified depth-onset and saturation study,8,6.0,gaussian,Z,0.0,96,2,actual_retention,RY-RZ-CZ-line,2,0.1369517726586409,0.13857701666918043,0.0016252440105395394
v2_depth,prespecified depth-onset and saturation study,8,6.0,gaussian,Z,0.0,96,2,actual_retention,SU2-CNOT-line,2,0.1369517726586409,0.13544189026345477,-0.001509882395186124
v2_depth,prespecified depth-onset and saturation study,8,6.0,gaussian,Z,0.0,96,2,actual_retention,SU2-HaarU4-brickwork,2,0.1369517726586409,0.13683641104328742,-0.00011536161535347089
v2_depth,prespecified depth-onset and saturation study,8,6.0,gaussian,Z,0.0,96,2,deff_pairwise,RY-RZ-CZ-line,2,138.2646493069773,152.15020031077006,13.885551003792756
v2_depth,prespecified depth-onset and saturation study,8,6.0,gaussian,Z,0.0,96,2,deff_pairwise,SU2-CNOT-line,2,138.2646493069773,122.56567784839615,-15.698971458581156
v2_depth,prespecified depth-onset and saturation study,8,6.0,gaussian,Z,0.0,96,2,deff_pairwise,SU2-HaarU4-brickwork,2,138.2646493069773,140.07806976176576,1.8134204547884565
v2_depth,prespecified depth-onset and saturation study,8,6.0,gaussian,Z,0.0,96,2,pairwise_purity,RY-RZ-CZ-line,2,0.007468828976028744,0.006667312683493005,-0.0008015162925357391
v2_depth,prespecified depth-onset and saturation study,8,6.0,gaussian,Z,0.0,96,2,pairwise_purity,SU2-CNOT-line,2,0.007468828976028744,0.008253446776294186,0.0007846178002654421
v2_depth,prespecified depth-onset and saturation study,8,6.0,gaussian,Z,0.0,96,2,pairwise_purity,SU2-HaarU4-brickwork,2,0.007468828976028744,0.007485727468299041,1.6898492270297008e-05
v2_depth,prespecified depth-onset and saturation study,8,6.0,gaussian,Z,0.0,96,2,sample_covariance_purity,RY-RZ-CZ-line,2,0.01780769534086178,0.017014528176373292,-0.0007931671644884897
v2_depth,prespecified depth-onset and saturation study,8,6.0,gaussian,Z,0.0,96,2,sample_covariance_purity,SU2-CNOT-line,2,0.01780769534086178,0.018584140039041123,0.0007764446981793419
v2_depth,prespecified depth-onset and saturation study,8,6.0,gaussian,Z,0.0,96,2,sample_covariance_purity,SU2-HaarU4-brickwork,2,0.01780769534086178,0.017824417807170926,1.672246630914434e-05
v2_depth,prespecified depth-onset and saturation study,8,6.0,gaussian,Z,0.0,96,2,trC3_u_stat,RY-RZ-CZ-line,2,8.110946156092007e-05,6.073443745714262e-05,-2.0375024103777453e-05
v2_depth,prespecified depth-onset and saturation study,8,6.0,gaussian,Z,0.0,96,2,trC3_u_stat,SU2-CNOT-line,2,8.110946156092007e-05,9.915181552919855e-05,1.8042353968278477e-05
v2_depth,prespecified depth-onset and saturation study,8,6.0,gaussian,Z,0.0,96,2,trC3_u_stat,SU2-HaarU4-brickwork,2,8.110946156092007e-05,8.344213169641905e-05,2.3326701354989764e-06
v2_depth,prespecified depth-onset and saturation study,8,6.0,gaussian,Z,0.0,96,2,Ffull_over_FQ_mean,RY-RZ-CZ-line,2,0.48934312327630897,0.49224083061636414,0.002897707340055178
v2_depth,prespecified depth-onset and saturation study,8,6.0,gaussian,Z,0.0,96,2,Ffull_over_FQ_mean,SU2-CNOT-line,2,0.48934312327630897,0.4876620378624412,-0.0016810854138677445
v2_depth,prespecified depth-onset and saturation study,8,6.0,gaussian,Z,0.0,96,2,Ffull_over_FQ_mean,SU2-HaarU4-brickwork,2,0.48934312327630897,0.4881265013501215,-0.0012166219261874889
v2_depth,prespecified depth-onset and saturation study,8,6.0,gaussian,Z,0.0,96,2,haar_alignment_z,RY-RZ-CZ-line,2,-1.1357203230698023,-0.7262220921270192,0.40949823094278315
v2_depth,prespecified depth-onset and saturation study,8,6.0,gaussian,Z,0.0,96,2,haar_alignment_z,SU2-CNOT-line,2,-1.1357203230698023,-1.5277485128340929,-0.39202818976429055
v2_depth,prespecified depth-onset and saturation study,8,6.0,gaussian,Z,0.0,96,2,haar_alignment_z,SU2-HaarU4-brickwork,2,-1.1357203230698023,-1.1531903642482948,-0.01747004117849249
v2_depth,prespecified depth-onset and saturation study,8,6.0,gaussian,Z,0.0,96,2,physical_minus_rank_baseline,RY-RZ-CZ-line,2,-0.004224697929594346,-0.002599453919054802,0.0016252440105395441
v2_depth,prespecified depth-onset and saturation study,8,6.0,gaussian,Z,0.0,96,2,physical_minus_rank_baseline,SU2-CNOT-line,2,-0.004224697929594346,-0.005734580324780419,-0.0015098823951860728
v2_depth,prespecified depth-onset and saturation study,8,6.0,gaussian,Z,0.0,96,2,physical_minus_rank_baseline,SU2-HaarU4-brickwork,2,-0.004224697929594346,-0.004340059544947817,-0.00011536161535347089
v2_depth,prespecified depth-onset and saturation study,8,8.0,gaussian,Z,0.0,96,1,enhancement,RY-RZ-CZ-line,2,0.9581265046851222,0.9857392510503185,0.027612746365196283
v2_depth,prespecified depth-onset and saturation study,8,8.0,gaussian,Z,0.0,96,1,enhancement,SU2-CNOT-line,2,0.9581265046851222,0.9327828134165013,-0.025343691268620905
v2_depth,prespecified depth-onset and saturation study,8,8.0,gaussian,Z,0.0,96,1,enhancement,SU2-HaarU4-brickwork,2,0.9581265046851222,0.9558574495885468,-0.0022690550965753786
v2_depth,prespecified depth-onset and saturation study,8,8.0,gaussian,Z,0.0,96,1,actual_retention,RY-RZ-CZ-line,2,0.03005887073521948,0.0309251529741276,0.0008662822389081185
v2_depth,prespecified depth-onset and saturation study,8,8.0,gaussian,Z,0.0,96,1,actual_retention,SU2-CNOT-line,2,0.03005887073521948,0.029263774538556865,-0.0007950961966626154
v2_depth,prespecified depth-onset and saturation study,8,8.0,gaussian,Z,0.0,96,1,actual_retention,SU2-HaarU4-brickwork,2,0.03005887073521948,0.029987684692973977,-7.11860422455031e-05
v2_depth,prespecified depth-onset and saturation study,8,8.0,gaussian,Z,0.0,96,1,deff_pairwise,RY-RZ-CZ-line,2,154.68603662066005,167.96795952863857,13.281922907978526
v2_depth,prespecified depth-onset and saturation study,8,8.0,gaussian,Z,0.0,96,1,deff_pairwise,SU2-CNOT-line,2,154.68603662066005,140.41936271871165,-14.266673901948394
v2_depth,prespecified depth-onset and saturation study,8,8.0,gaussian,Z,0.0,96,1,deff_pairwise,SU2-HaarU4-brickwork,2,154.68603662066005,155.6707876146299,0.9847509939698398
v2_depth,prespecified depth-onset and saturation study,8,8.0,gaussian,Z,0.0,96,1,pairwise_purity,RY-RZ-CZ-line,2,0.00661205534555993,0.006007528136830404,-0.0006045272087295264
v2_depth,prespecified depth-onset and saturation study,8,8.0,gaussian,Z,0.0,96,1,pairwise_purity,SU2-CNOT-line,2,0.00661205534555993,0.007188529618397454,0.0005764742728375238
v2_depth,prespecified depth-onset and saturation study,8,8.0,gaussian,Z,0.0,96,1,pairwise_purity,SU2-HaarU4-brickwork,2,0.00661205534555993,0.006640108281451933,2.8052935892003417e-05
v2_depth,prespecified depth-onset and saturation study,8,8.0,gaussian,Z,0.0,96,1,sample_covariance_purity,RY-RZ-CZ-line,2,0.016959846435710347,0.016361616385405085,-0.0005982300503052616
v2_depth,prespecified depth-onset and saturation study,8,8.0,gaussian,Z,0.0,96,1,sample_covariance_purity,SU2-CNOT-line,2,0.016959846435710347,0.01753031576820581,0.0005704693324954623
v2_depth,prespecified depth-onset and saturation study,8,8.0,gaussian,Z,0.0,96,1,sample_covariance_purity,SU2-HaarU4-brickwork,2,0.016959846435710347,0.016987607153520153,2.7760717809806323e-05
v2_depth,prespecified depth-onset and saturation study,8,8.0,gaussian,Z,0.0,96,1,trC3_u_stat,RY-RZ-CZ-line,2,6.131547878413432e-05,4.75359003670208e-05,-1.377957841711352e-05
v2_depth,prespecified depth-onset and saturation study,8,8.0,gaussian,Z,0.0,96,1,trC3_u_stat,SU2-CNOT-line,2,6.131547878413432e-05,7.31398103156025e-05,1.1824331531468186e-05
v2_depth,prespecified depth-onset and saturation study,8,8.0,gaussian,Z,0.0,96,1,trC3_u_stat,SU2-HaarU4-brickwork,2,6.131547878413432e-05,6.327072566977966e-05,1.955246885645341e-06
v2_depth,prespecified depth-onset and saturation study,8,8.0,gaussian,Z,0.0,96,1,Ffull_over_FQ_mean,RY-RZ-CZ-line,2,0.4928664478414704,0.4950735897719832,0.0022071419305128015
v2_depth,prespecified depth-onset and saturation study,8,8.0,gaussian,Z,0.0,96,1,Ffull_over_FQ_mean,SU2-CNOT-line,2,0.4928664478414704,0.4917467167946217,-0.0011197310468487043
v2_depth,prespecified depth-onset and saturation study,8,8.0,gaussian,Z,0.0,96,1,Ffull_over_FQ_mean,SU2-HaarU4-brickwork,2,0.4928664478414704,0.4917790369578062,-0.0010874108836641527
v2_depth,prespecified depth-onset and saturation study,8,8.0,gaussian,Z,0.0,96,1,haar_alignment_z,RY-RZ-CZ-line,2,-0.7195726344496601,-0.25101079091726664,0.4685618435323935
v2_depth,prespecified depth-onset and saturation study,8,8.0,gaussian,Z,0.0,96,1,haar_alignment_z,SU2-CNOT-line,2,-0.7195726344496601,-1.161147806584652,-0.441575172134992
v2_depth,prespecified depth-onset and saturation study,8,8.0,gaussian,Z,0.0,96,1,haar_alignment_z,SU2-HaarU4-brickwork,2,-0.7195726344496601,-0.7465593058470615,-0.026986671397401407
v2_depth,prespecified depth-onset and saturation study,8,8.0,gaussian,Z,0.0,96,1,physical_minus_rank_baseline,RY-RZ-CZ-line,2,-0.0013136782843883095,-0.0004473960454802018,0.0008662822389081077
v2_depth,prespecified depth-onset and saturation study,8,8.0,gaussian,Z,0.0,96,1,physical_minus_rank_baseline,SU2-CNOT-line,2,-0.0013136782843883095,-0.0021087744810509125,-0.000795096196662603
v2_depth,prespecified depth-onset and saturation study,8,8.0,gaussian,Z,0.0,96,1,physical_minus_rank_baseline,SU2-HaarU4-brickwork,2,-0.0013136782843883095,-0.0013848643266338144,-7.118604224550483e-05
v2_depth,prespecified depth-onset and saturation study,8,8.0,gaussian,Z,0.0,96,2,enhancement,RY-RZ-CZ-line,2,0.9738332473613706,0.9832055482461961,0.009372300884825546
v2_depth,prespecified depth-onset and saturation study,8,8.0,gaussian,Z,0.0,96,2,enhancement,SU2-CNOT-line,2,0.9738332473613706,0.963608171198604,-0.010225076162766578
v2_depth,prespecified depth-onset and saturation study,8,8.0,gaussian,Z,0.0,96,2,enhancement,SU2-HaarU4-brickwork,2,0.9738332473613706,0.9746860226393118,0.0008527752779412534
v2_depth,prespecified depth-onset and saturation study,8,8.0,gaussian,Z,0.0,96,2,actual_retention,RY-RZ-CZ-line,2,0.13748234080395816,0.1388054891641688,0.0013231483602106353
v2_depth,prespecified depth-onset and saturation study,8,8.0,gaussian,Z,0.0,96,2,actual_retention,SU2-CNOT-line,2,0.13748234080395816,0.1360388006398029,-0.0014435401641552659
v2_depth,prespecified depth-onset and saturation study,8,8.0,gaussian,Z,0.0,96,2,actual_retention,SU2-HaarU4-brickwork,2,0.13748234080395816,0.1376027326079028,0.00012039180394463056
v2_depth,prespecified depth-onset and saturation study,8,8.0,gaussian,Z,0.0,96,2,deff_pairwise,RY-RZ-CZ-line,2,154.68603662066005,167.96795952863857,13.281922907978526
v2_depth,prespecified depth-onset and saturation study,8,8.0,gaussian,Z,0.0,96,2,deff_pairwise,SU2-CNOT-line,2,154.68603662066005,140.41936271871165,-14.266673901948394
v2_depth,prespecified depth-onset and saturation study,8,8.0,gaussian,Z,0.0,96,2,deff_pairwise,SU2-HaarU4-brickwork,2,154.68603662066005,155.6707876146299,0.9847509939698398
v2_depth,prespecified depth-onset and saturation study,8,8.0,gaussian,Z,0.0,96,2,pairwise_purity,RY-RZ-CZ-line,2,0.00661205534555993,0.006007528136830404,-0.0006045272087295264
v2_depth,prespecified depth-onset and saturation study,8,8.0,gaussian,Z,0.0,96,2,pairwise_purity,SU2-CNOT-line,2,0.00661205534555993,0.007188529618397454,0.0005764742728375238
v2_depth,prespecified depth-onset and saturation study,8,8.0,gaussian,Z,0.0,96,2,pairwise_purity,SU2-HaarU4-brickwork,2,0.00661205534555993,0.006640108281451933,2.8052935892003417e-05
v2_depth,prespecified depth-onset and saturation study,8,8.0,gaussian,Z,0.0,96,2,sample_covariance_purity,RY-RZ-CZ-line,2,0.016959846435710347,0.016361616385405085,-0.0005982300503052616
v2_depth,prespecified depth-onset and saturation study,8,8.0,gaussian,Z,0.0,96,2,sample_covariance_purity,SU2-CNOT-line,2,0.016959846435710347,0.01753031576820581,0.0005704693324954623
v2_depth,prespecified depth-onset and saturation study,8,8.0,gaussian,Z,0.0,96,2,sample_covariance_purity,SU2-HaarU4-brickwork,2,0.016959846435710347,0.016987607153520153,2.7760717809806323e-05
v2_depth,prespecified depth-onset and saturation study,8,8.0,gaussian,Z,0.0,96,2,trC3_u_stat,RY-RZ-CZ-line,2,6.131547878413432e-05,4.75359003670208e-05,-1.377957841711352e-05
v2_depth,prespecified depth-onset and saturation study,8,8.0,gaussian,Z,0.0,96,2,trC3_u_stat,SU2-CNOT-line,2,6.131547878413432e-05,7.31398103156025e-05,1.1824331531468186e-05
v2_depth,prespecified depth-onset and saturation study,8,8.0,gaussian,Z,0.0,96,2,trC3_u_stat,SU2-HaarU4-brickwork,2,6.131547878413432e-05,6.327072566977966e-05,1.955246885645341e-06
v2_depth,prespecified depth-onset and saturation study,8,8.0,gaussian,Z,0.0,96,2,Ffull_over_FQ_mean,RY-RZ-CZ-line,2,0.4928664478414704,0.4950735897719832,0.0022071419305128015
v2_depth,prespecified depth-onset and saturation study,8,8.0,gaussian,Z,0.0,96,2,Ffull_over_FQ_mean,SU2-CNOT-line,2,0.4928664478414704,0.4917467167946217,-0.0011197310468487043
v2_depth,prespecified depth-onset and saturation study,8,8.0,gaussian,Z,0.0,96,2,Ffull_over_FQ_mean,SU2-HaarU4-brickwork,2,0.4928664478414704,0.4917790369578062,-0.0010874108836641527
v2_depth,prespecified depth-onset and saturation study,8,8.0,gaussian,Z,0.0,96,2,haar_alignment_z,RY-RZ-CZ-line,2,-1.028405583621657,-0.6786391313412652,0.3497664522803918
v2_depth,prespecified depth-onset and saturation study,8,8.0,gaussian,Z,0.0,96,2,haar_alignment_z,SU2-CNOT-line,2,-1.028405583621657,-1.4220896728236594,-0.3936840892020024
v2_depth,prespecified depth-onset and saturation study,8,8.0,gaussian,Z,0.0,96,2,haar_alignment_z,SU2-HaarU4-brickwork,2,-1.028405583621657,-0.9844879467000462,0.04391763692161077
v2_depth,prespecified depth-onset and saturation study,8,8.0,gaussian,Z,0.0,96,2,physical_minus_rank_baseline,RY-RZ-CZ-line,2,-0.003694129784277061,-0.002370981424066421,0.0013231483602106396
v2_depth,prespecified depth-onset and saturation study,8,8.0,gaussian,Z,0.0,96,2,physical_minus_rank_baseline,SU2-CNOT-line,2,-0.003694129784277061,-0.005137669948432334,-0.0014435401641552728
v2_depth,prespecified depth-onset and saturation study,8,8.0,gaussian,Z,0.0,96,2,physical_minus_rank_baseline,SU2-HaarU4-brickwork,2,-0.003694129784277061,-0.003573737980332429,0.00012039180394463186
v2_depth,prespecified depth-onset and saturation study,12,0.5,gaussian,Z,0.0,96,1,enhancement,RY-RZ-CZ-line,2,39.19447975894037,19.40119697380725,-19.79328278513312
v2_depth,prespecified depth-onset and saturation study,12,0.5,gaussian,Z,0.0,96,1,enhancement,SU2-CNOT-line,2,39.19447975894037,53.412363695727635,14.217883936787267
v2_depth,prespecified depth-onset and saturation study,12,0.5,gaussian,Z,0.0,96,1,enhancement,SU2-HaarU4-brickwork,2,39.19447975894037,44.769878607286216,5.5753988483458485
v2_depth,prespecified depth-onset and saturation study,12,0.5,gaussian,Z,0.0,96,1,actual_retention,RY-RZ-CZ-line,2,0.11485561834121716,0.056853324465369184,-0.058002293875847974
v2_depth,prespecified depth-onset and saturation study,12,0.5,gaussian,Z,0.0,96,1,actual_retention,SU2-CNOT-line,2,0.11485561834121716,0.15651974709370733,0.041664128752490176
v2_depth,prespecified depth-onset and saturation study,12,0.5,gaussian,Z,0.0,96,1,actual_retention,SU2-HaarU4-brickwork,2,0.11485561834121716,0.13119378346457497,0.016338165123357812
v2_depth,prespecified depth-onset and saturation study,12,0.5,gaussian,Z,0.0,96,1,deff_pairwise,RY-RZ-CZ-line,2,54.242402421279216,61.70469928448565,7.462296863206433
v2_depth,prespecified depth-onset and saturation study,12,0.5,gaussian,Z,0.0,96,1,deff_pairwise,SU2-CNOT-line,2,54.242402421279216,43.25784927286536,-10.984553148413859
v2_depth,prespecified depth-onset and saturation study,12,0.5,gaussian,Z,0.0,96,1,deff_pairwise,SU2-HaarU4-brickwork,2,54.242402421279216,57.76465870648663,3.522256285207412
v2_depth,prespecified depth-onset and saturation study,12,0.5,gaussian,Z,0.0,96,1,pairwise_purity,RY-RZ-CZ-line,2,0.020078250816044106,0.017201256582041396,-0.0028769942340027103
v2_depth,prespecified depth-onset and saturation study,12,0.5,gaussian,Z,0.0,96,1,pairwise_purity,SU2-CNOT-line,2,0.020078250816044106,0.023521613030614723,0.0034433622145706166
v2_depth,prespecified depth-onset and saturation study,12,0.5,gaussian,Z,0.0,96,1,pairwise_purity,SU2-HaarU4-brickwork,2,0.020078250816044106,0.0195118828354762,-0.0005663679805679063
v2_depth,prespecified depth-onset and saturation study,12,0.5,gaussian,Z,0.0,96,1,sample_covariance_purity,RY-RZ-CZ-line,2,0.03028576903671032,0.027438743492645145,-0.0028470255440651744
v2_depth,prespecified depth-onset and saturation study,12,0.5,gaussian,Z,0.0,96,1,sample_covariance_purity,SU2-CNOT-line,2,0.03028576903671032,0.03369326289487915,0.003407493858168832
v2_depth,prespecified depth-onset and saturation study,12,0.5,gaussian,Z,0.0,96,1,sample_covariance_purity,SU2-HaarU4-brickwork,2,0.03028576903671032,0.02972530072260666,-0.0005604683141036577
v2_depth,prespecified depth-onset and saturation study,12,0.5,gaussian,Z,0.0,96,1,trC3_u_stat,RY-RZ-CZ-line,2,0.0006057510293590473,0.00044620215762739587,-0.0001595488717316514
v2_depth,prespecified depth-onset and saturation study,12,0.5,gaussian,Z,0.0,96,1,trC3_u_stat,SU2-CNOT-line,2,0.0006057510293590473,0.0007856978426662792,0.00017994681330723195
v2_depth,prespecified depth-onset and saturation study,12,0.5,gaussian,Z,0.0,96,1,trC3_u_stat,SU2-HaarU4-brickwork,2,0.0006057510293590473,0.0005853530877834667,-2.039794157558054e-05
v2_depth,prespecified depth-onset and saturation study,12,0.5,gaussian,Z,0.0,96,1,Ffull_over_FQ_mean,RY-RZ-CZ-line,2,0.44007835394954603,0.4457027643257588,0.005624410376212752
v2_depth,prespecified depth-onset and saturation study,12,0.5,gaussian,Z,0.0,96,1,Ffull_over_FQ_mean,SU2-CNOT-line,2,0.44007835394954603,0.44032098696353206,0.00024263301398602666
v2_depth,prespecified depth-onset and saturation study,12,0.5,gaussian,Z,0.0,96,1,Ffull_over_FQ_mean,SU2-HaarU4-brickwork,2,0.44007835394954603,0.43421131055934725,-0.005867043390198778
v2_depth,prespecified depth-onset and saturation study,12,0.5,gaussian,Z,0.0,96,1,haar_alignment_z,RY-RZ-CZ-line,2,512.117291850789,266.33196455425497,-245.78532729653404
v2_depth,prespecified depth-onset and saturation study,12,0.5,gaussian,Z,0.0,96,1,haar_alignment_z,SU2-CNOT-line,2,512.117291850789,689.6160856476849,177.49879379689594
v2_depth,prespecified depth-onset and saturation study,12,0.5,gaussian,Z,0.0,96,1,haar_alignment_z,SU2-HaarU4-brickwork,2,512.117291850789,580.4038253504269,68.28653349963793
v2_depth,prespecified depth-onset and saturation study,12,0.5,gaussian,Z,0.0,96,1,physical_minus_rank_baseline,RY-RZ-CZ-line,2,0.11192521541081424,0.05392292153496625,-0.05800229387584799
v2_depth,prespecified depth-onset and saturation study,12,0.5,gaussian,Z,0.0,96,1,physical_minus_rank_baseline,SU2-CNOT-line,2,0.11192521541081424,0.15358934416330441,0.041664128752490176
v2_depth,prespecified depth-onset and saturation study,12,0.5,gaussian,Z,0.0,96,1,physical_minus_rank_baseline,SU2-HaarU4-brickwork,2,0.11192521541081424,0.12826338053417205,0.016338165123357812
v2_depth,prespecified depth-onset and saturation study,12,0.5,gaussian,Z,0.0,96,2,enhancement,RY-RZ-CZ-line,2,13.499015842523477,8.249099714129063,-5.249916128394414
v2_depth,prespecified depth-onset and saturation study,12,0.5,gaussian,Z,0.0,96,2,enhancement,SU2-CNOT-line,2,13.499015842523477,17.162957098147565,3.6639412556240885
v2_depth,prespecified depth-onset and saturation study,12,0.5,gaussian,Z,0.0,96,2,enhancement,SU2-HaarU4-brickwork,2,13.499015842523477,15.084990715293804,1.5859748727703273
v2_depth,prespecified depth-onset and saturation study,12,0.5,gaussian,Z,0.0,96,2,actual_retention,RY-RZ-CZ-line,2,0.25712411128616147,0.15712570884055357,-0.0999984024456079
v2_depth,prespecified depth-onset and saturation study,12,0.5,gaussian,Z,0.0,96,2,actual_retention,SU2-CNOT-line,2,0.25712411128616147,0.3269134685361441,0.06978935724998264
v2_depth,prespecified depth-onset and saturation study,12,0.5,gaussian,Z,0.0,96,2,actual_retention,SU2-HaarU4-brickwork,2,0.25712411128616147,0.28733315648178676,0.030209045195625284
v2_depth,prespecified depth-onset and saturation study,12,0.5,gaussian,Z,0.0,96,2,deff_pairwise,RY-RZ-CZ-line,2,54.242402421279216,61.70469928448565,7.462296863206433
v2_depth,prespecified depth-onset and saturation study,12,0.5,gaussian,Z,0.0,96,2,deff_pairwise,SU2-CNOT-line,2,54.242402421279216,43.25784927286536,-10.984553148413859
v2_depth,prespecified depth-onset and saturation study,12,0.5,gaussian,Z,0.0,96,2,deff_pairwise,SU2-HaarU4-brickwork,2,54.242402421279216,57.76465870648663,3.522256285207412
v2_depth,prespecified depth-onset and saturation study,12,0.5,gaussian,Z,0.0,96,2,pairwise_purity,RY-RZ-CZ-line,2,0.020078250816044106,0.017201256582041396,-0.0028769942340027103
v2_depth,prespecified depth-onset and saturation study,12,0.5,gaussian,Z,0.0,96,2,pairwise_purity,SU2-CNOT-line,2,0.020078250816044106,0.023521613030614723,0.0034433622145706166
v2_depth,prespecified depth-onset and saturation study,12,0.5,gaussian,Z,0.0,96,2,pairwise_purity,SU2-HaarU4-brickwork,2,0.020078250816044106,0.0195118828354762,-0.0005663679805679063
v2_depth,prespecified depth-onset and saturation study,12,0.5,gaussian,Z,0.0,96,2,sample_covariance_purity,RY-RZ-CZ-line,2,0.03028576903671032,0.027438743492645145,-0.0028470255440651744
v2_depth,prespecified depth-onset and saturation study,12,0.5,gaussian,Z,0.0,96,2,sample_covariance_purity,SU2-CNOT-line,2,0.03028576903671032,0.03369326289487915,0.003407493858168832
v2_depth,prespecified depth-onset and saturation study,12,0.5,gaussian,Z,0.0,96,2,sample_covariance_purity,SU2-HaarU4-brickwork,2,0.03028576903671032,0.02972530072260666,-0.0005604683141036577
v2_depth,prespecified depth-onset and saturation study,12,0.5,gaussian,Z,0.0,96,2,trC3_u_stat,RY-RZ-CZ-line,2,0.0006057510293590473,0.00044620215762739587,-0.0001595488717316514
v2_depth,prespecified depth-onset and saturation study,12,0.5,gaussian,Z,0.0,96,2,trC3_u_stat,SU2-CNOT-line,2,0.0006057510293590473,0.0007856978426662792,0.00017994681330723195
v2_depth,prespecified depth-onset and saturation study,12,0.5,gaussian,Z,0.0,96,2,trC3_u_stat,SU2-HaarU4-brickwork,2,0.0006057510293590473,0.0005853530877834667,-2.039794157558054e-05
v2_depth,prespecified depth-onset and saturation study,12,0.5,gaussian,Z,0.0,96,2,Ffull_over_FQ_mean,RY-RZ-CZ-line,2,0.44007835394954603,0.4457027643257588,0.005624410376212752
v2_depth,prespecified depth-onset and saturation study,12,0.5,gaussian,Z,0.0,96,2,Ffull_over_FQ_mean,SU2-CNOT-line,2,0.44007835394954603,0.44032098696353206,0.00024263301398602666
v2_depth,prespecified depth-onset and saturation study,12,0.5,gaussian,Z,0.0,96,2,Ffull_over_FQ_mean,SU2-HaarU4-brickwork,2,0.44007835394954603,0.43421131055934725,-0.005867043390198778
v2_depth,prespecified depth-onset and saturation study,12,0.5,gaussian,Z,0.0,96,2,haar_alignment_z,RY-RZ-CZ-line,2,437.3599729508146,273.4921776427517,-163.8677953080629
v2_depth,prespecified depth-onset and saturation study,12,0.5,gaussian,Z,0.0,96,2,haar_alignment_z,SU2-CNOT-line,2,437.3599729508146,549.012053894241,111.65208094342643
v2_depth,prespecified depth-onset and saturation study,12,0.5,gaussian,Z,0.0,96,2,haar_alignment_z,SU2-HaarU4-brickwork,2,437.3599729508146,489.575687315451,52.21571436463637
v2_depth,prespecified depth-onset and saturation study,12,0.5,gaussian,Z,0.0,96,2,physical_minus_rank_baseline,RY-RZ-CZ-line,2,0.23807649223854235,0.1380780897929345,-0.09999840244560784
v2_depth,prespecified depth-onset and saturation study,12,0.5,gaussian,Z,0.0,96,2,physical_minus_rank_baseline,SU2-CNOT-line,2,0.23807649223854235,0.307865849488525,0.06978935724998267
v2_depth,prespecified depth-onset and saturation study,12,0.5,gaussian,Z,0.0,96,2,physical_minus_rank_baseline,SU2-HaarU4-brickwork,2,0.23807649223854235,0.2682855374341676,0.030209045195625256
v2_depth,prespecified depth-onset and saturation study,12,1.0,gaussian,Z,0.0,96,1,enhancement,RY-RZ-CZ-line,2,12.856714946348545,4.401863152562735,-8.45485179378581
v2_depth,prespecified depth-onset and saturation study,12,1.0,gaussian,Z,0.0,96,1,enhancement,SU2-CNOT-line,2,12.856714946348545,18.345970430077543,5.489255483728998
v2_depth,prespecified depth-onset and saturation study,12,1.0,gaussian,Z,0.0,96,1,enhancement,SU2-HaarU4-brickwork,2,12.856714946348545,15.822311256405357,2.965596310056812
v2_depth,prespecified depth-onset and saturation study,12,1.0,gaussian,Z,0.0,96,1,actual_retention,RY-RZ-CZ-line,2,0.037675355154134886,0.01289923268150248,-0.024776122472632407
v2_depth,prespecified depth-onset and saturation study,12,1.0,gaussian,Z,0.0,96,1,actual_retention,SU2-CNOT-line,2,0.037675355154134886,0.05376108550938469,0.0160857303552498
v2_depth,prespecified depth-onset and saturation study,12,1.0,gaussian,Z,0.0,96,1,actual_retention,SU2-HaarU4-brickwork,2,0.037675355154134886,0.04636574727151748,0.008690392117382595
v2_depth,prespecified depth-onset and saturation study,12,1.0,gaussian,Z,0.0,96,1,deff_pairwise,RY-RZ-CZ-line,2,111.06655840742916,131.92780806254606,20.861249655116907
v2_depth,prespecified depth-onset and saturation study,12,1.0,gaussian,Z,0.0,96,1,deff_pairwise,SU2-CNOT-line,2,111.06655840742916,81.19067282745681,-29.875885579972348
v2_depth,prespecified depth-onset and saturation study,12,1.0,gaussian,Z,0.0,96,1,deff_pairwise,SU2-HaarU4-brickwork,2,111.06655840742916,120.08119433228461,9.014635924855455
v2_depth,prespecified depth-onset and saturation study,12,1.0,gaussian,Z,0.0,96,1,pairwise_purity,RY-RZ-CZ-line,2,0.010390145641900021,0.008325196778416295,-0.002064948863483726
v2_depth,prespecified depth-onset and saturation study,12,1.0,gaussian,Z,0.0,96,1,pairwise_purity,SU2-CNOT-line,2,0.010390145641900021,0.012654112435657908,0.0022639667937578867
v2_depth,prespecified depth-onset and saturation study,12,1.0,gaussian,Z,0.0,96,1,pairwise_purity,SU2-HaarU4-brickwork,2,0.010390145641900021,0.010191127711625862,-0.00019901793027415904
v2_depth,prespecified depth-onset and saturation study,12,1.0,gaussian,Z,0.0,96,1,sample_covariance_purity,RY-RZ-CZ-line,2,0.020698581624796906,0.018655142645307796,-0.0020434389794891095
v2_depth,prespecified depth-onset and saturation study,12,1.0,gaussian,Z,0.0,96,1,sample_covariance_purity,SU2-CNOT-line,2,0.020698581624796906,0.022938965431119812,0.0022403838063229063
v2_depth,prespecified depth-onset and saturation study,12,1.0,gaussian,Z,0.0,96,1,sample_covariance_purity,SU2-HaarU4-brickwork,2,0.020698581624796906,0.02050163679796311,-0.00019694482683379685
v2_depth,prespecified depth-onset and saturation study,12,1.0,gaussian,Z,0.0,96,1,trC3_u_stat,RY-RZ-CZ-line,2,0.0001853077719793847,0.0001140488853021062,-7.125888667727849e-05
v2_depth,prespecified depth-onset and saturation study,12,1.0,gaussian,Z,0.0,96,1,trC3_u_stat,SU2-CNOT-line,2,0.0001853077719793847,0.0002527325588248375,6.742478684545282e-05
v2_depth,prespecified depth-onset and saturation study,12,1.0,gaussian,Z,0.0,96,1,trC3_u_stat,SU2-HaarU4-brickwork,2,0.0001853077719793847,0.00018914187181121037,3.834099831825672e-06
v2_depth,prespecified depth-onset and saturation study,12,1.0,gaussian,Z,0.0,96,1,Ffull_over_FQ_mean,RY-RZ-CZ-line,2,0.46099110684704475,0.46994191839003147,0.008950811542986714
v2_depth,prespecified depth-onset and saturation study,12,1.0,gaussian,Z,0.0,96,1,Ffull_over_FQ_mean,SU2-CNOT-line,2,0.46099110684704475,0.4567969193244963,-0.004194187522548465
v2_depth,prespecified depth-onset and saturation study,12,1.0,gaussian,Z,0.0,96,1,Ffull_over_FQ_mean,SU2-HaarU4-brickwork,2,0.46099110684704475,0.4562344828266066,-0.004756624020438138
v2_depth,prespecified depth-onset and saturation study,12,1.0,gaussian,Z,0.0,96,1,haar_alignment_z,RY-RZ-CZ-line,2,189.1160982364505,58.723603967866254,-130.39249426858424
v2_depth,prespecified depth-onset and saturation study,12,1.0,gaussian,Z,0.0,96,1,haar_alignment_z,SU2-CNOT-line,2,189.1160982364505,275.15785942726023,86.04176119080972
v2_depth,prespecified depth-onset and saturation study,12,1.0,gaussian,Z,0.0,96,1,haar_alignment_z,SU2-HaarU4-brickwork,2,189.1160982364505,233.466831314225,44.35073307777449
v2_depth,prespecified depth-onset and saturation study,12,1.0,gaussian,Z,0.0,96,1,physical_minus_rank_baseline,RY-RZ-CZ-line,2,0.03474495222373194,0.009968829751099532,-0.024776122472632407
v2_depth,prespecified depth-onset and saturation study,12,1.0,gaussian,Z,0.0,96,1,physical_minus_rank_baseline,SU2-CNOT-line,2,0.03474495222373194,0.050830682578981747,0.016085730355249808
v2_depth,prespecified depth-onset and saturation study,12,1.0,gaussian,Z,0.0,96,1,physical_minus_rank_baseline,SU2-HaarU4-brickwork,2,0.03474495222373194,0.04343534434111455,0.008690392117382609
v2_depth,prespecified depth-onset and saturation study,12,1.0,gaussian,Z,0.0,96,2,enhancement,RY-RZ-CZ-line,2,5.315178791044946,2.1946140831376963,-3.12056470790725
v2_depth,prespecified depth-onset and saturation study,12,1.0,gaussian,Z,0.0,96,2,enhancement,SU2-CNOT-line,2,5.315178791044946,7.3680210725818975,2.052842281536951
v2_depth,prespecified depth-onset and saturation study,12,1.0,gaussian,Z,0.0,96,2,enhancement,SU2-HaarU4-brickwork,2,5.315178791044946,6.382901217415245,1.067722426370299
v2_depth,prespecified depth-onset and saturation study,12,1.0,gaussian,Z,0.0,96,2,actual_retention,RY-RZ-CZ-line,2,0.10124150078180845,0.041802173012146566,-0.05943932776966188
v2_depth,prespecified depth-onset and saturation study,12,1.0,gaussian,Z,0.0,96,2,actual_retention,SU2-CNOT-line,2,0.10124150078180845,0.1403432585253694,0.039101757743560964
v2_depth,prespecified depth-onset and saturation study,12,1.0,gaussian,Z,0.0,96,2,actual_retention,SU2-HaarU4-brickwork,2,0.10124150078180845,0.12157907080790939,0.02033757002610094
v2_depth,prespecified depth-onset and saturation study,12,1.0,gaussian,Z,0.0,96,2,deff_pairwise,RY-RZ-CZ-line,2,111.06655840742916,131.92780806254606,20.861249655116907
v2_depth,prespecified depth-onset and saturation study,12,1.0,gaussian,Z,0.0,96,2,deff_pairwise,SU2-CNOT-line,2,111.06655840742916,81.19067282745681,-29.875885579972348
v2_depth,prespecified depth-onset and saturation study,12,1.0,gaussian,Z,0.0,96,2,deff_pairwise,SU2-HaarU4-brickwork,2,111.06655840742916,120.08119433228461,9.014635924855455
v2_depth,prespecified depth-onset and saturation study,12,1.0,gaussian,Z,0.0,96,2,pairwise_purity,RY-RZ-CZ-line,2,0.010390145641900021,0.008325196778416295,-0.002064948863483726
v2_depth,prespecified depth-onset and saturation study,12,1.0,gaussian,Z,0.0,96,2,pairwise_purity,SU2-CNOT-line,2,0.010390145641900021,0.012654112435657908,0.0022639667937578867
v2_depth,prespecified depth-onset and saturation study,12,1.0,gaussian,Z,0.0,96,2,pairwise_purity,SU2-HaarU4-brickwork,2,0.010390145641900021,0.010191127711625862,-0.00019901793027415904
v2_depth,prespecified depth-onset and saturation study,12,1.0,gaussian,Z,0.0,96,2,sample_covariance_purity,RY-RZ-CZ-line,2,0.020698581624796906,0.018655142645307796,-0.0020434389794891095
v2_depth,prespecified depth-onset and saturation study,12,1.0,gaussian,Z,0.0,96,2,sample_covariance_purity,SU2-CNOT-line,2,0.020698581624796906,0.022938965431119812,0.0022403838063229063
v2_depth,prespecified depth-onset and saturation study,12,1.0,gaussian,Z,0.0,96,2,sample_covariance_purity,SU2-HaarU4-brickwork,2,0.020698581624796906,0.02050163679796311,-0.00019694482683379685
v2_depth,prespecified depth-onset and saturation study,12,1.0,gaussian,Z,0.0,96,2,trC3_u_stat,RY-RZ-CZ-line,2,0.0001853077719793847,0.0001140488853021062,-7.125888667727849e-05
v2_depth,prespecified depth-onset and saturation study,12,1.0,gaussian,Z,0.0,96,2,trC3_u_stat,SU2-CNOT-line,2,0.0001853077719793847,0.0002527325588248375,6.742478684545282e-05
v2_depth,prespecified depth-onset and saturation study,12,1.0,gaussian,Z,0.0,96,2,trC3_u_stat,SU2-HaarU4-brickwork,2,0.0001853077719793847,0.00018914187181121037,3.834099831825672e-06
v2_depth,prespecified depth-onset and saturation study,12,1.0,gaussian,Z,0.0,96,2,Ffull_over_FQ_mean,RY-RZ-CZ-line,2,0.46099110684704475,0.46994191839003147,0.008950811542986714
v2_depth,prespecified depth-onset and saturation study,12,1.0,gaussian,Z,0.0,96,2,Ffull_over_FQ_mean,SU2-CNOT-line,2,0.46099110684704475,0.4567969193244963,-0.004194187522548465
v2_depth,prespecified depth-onset and saturation study,12,1.0,gaussian,Z,0.0,96,2,Ffull_over_FQ_mean,SU2-HaarU4-brickwork,2,0.46099110684704475,0.4562344828266066,-0.004756624020438138
v2_depth,prespecified depth-onset and saturation study,12,1.0,gaussian,Z,0.0,96,2,haar_alignment_z,RY-RZ-CZ-line,2,176.68400117633544,52.65170612988142,-124.03229504645402
v2_depth,prespecified depth-onset and saturation study,12,1.0,gaussian,Z,0.0,96,2,haar_alignment_z,SU2-CNOT-line,2,176.68400117633544,259.80255324093355,83.1185520645981
v2_depth,prespecified depth-onset and saturation study,12,1.0,gaussian,Z,0.0,96,2,haar_alignment_z,SU2-HaarU4-brickwork,2,176.68400117633544,217.59774415819135,40.913742981855904
v2_depth,prespecified depth-onset and saturation study,12,1.0,gaussian,Z,0.0,96,2,physical_minus_rank_baseline,RY-RZ-CZ-line,2,0.0821938817341894,0.022754553964527503,-0.0594393277696619
v2_depth,prespecified depth-onset and saturation study,12,1.0,gaussian,Z,0.0,96,2,physical_minus_rank_baseline,SU2-CNOT-line,2,0.0821938817341894,0.12129563947775036,0.039101757743560964
v2_depth,prespecified depth-onset and saturation study,12,1.0,gaussian,Z,0.0,96,2,physical_minus_rank_baseline,SU2-HaarU4-brickwork,2,0.0821938817341894,0.10253145176029033,0.020337570026100926
v2_depth,prespecified depth-onset and saturation study,12,2.0,gaussian,Z,0.0,96,1,enhancement,RY-RZ-CZ-line,2,3.368174991329777,0.9888654406574025,-2.3793095506723745
v2_depth,prespecified depth-onset and saturation study,12,2.0,gaussian,Z,0.0,96,1,enhancement,SU2-CNOT-line,2,3.368174991329777,4.590525794584178,1.2223508032544013
v2_depth,prespecified depth-onset and saturation study,12,2.0,gaussian,Z,0.0,96,1,enhancement,SU2-HaarU4-brickwork,2,3.368174991329777,4.52513373874775,1.1569587474179732
v2_depth,prespecified depth-onset and saturation study,12,2.0,gaussian,Z,0.0,96,1,actual_retention,RY-RZ-CZ-line,2,0.009870109864702594,0.002897774185076587,-0.006972335679626008
v2_depth,prespecified depth-onset and saturation study,12,2.0,gaussian,Z,0.0,96,1,actual_retention,SU2-CNOT-line,2,0.009870109864702594,0.013452090240539671,0.003581980375837077
v2_depth,prespecified depth-onset and saturation study,12,2.0,gaussian,Z,0.0,96,1,actual_retention,SU2-HaarU4-brickwork,2,0.009870109864702594,0.013260465168491525,0.003390355303788931
v2_depth,prespecified depth-onset and saturation study,12,2.0,gaussian,Z,0.0,96,1,deff_pairwise,RY-RZ-CZ-line,2,229.02390131962434,279.09146116101186,50.06755984138752
v2_depth,prespecified depth-onset and saturation study,12,2.0,gaussian,Z,0.0,96,1,deff_pairwise,SU2-CNOT-line,2,229.02390131962434,163.39136831543664,-65.6325330041877
v2_depth,prespecified depth-onset and saturation study,12,2.0,gaussian,Z,0.0,96,1,deff_pairwise,SU2-HaarU4-brickwork,2,229.02390131962434,244.58887448242461,15.564973162800271
v2_depth,prespecified depth-onset and saturation study,12,2.0,gaussian,Z,0.0,96,1,pairwise_purity,RY-RZ-CZ-line,2,0.005206399761468395,0.003919817149705312,-0.0012865826117630826
v2_depth,prespecified depth-onset and saturation study,12,2.0,gaussian,Z,0.0,96,1,pairwise_purity,SU2-CNOT-line,2,0.005206399761468395,0.006420387572445046,0.001213987810976651
v2_depth,prespecified depth-onset and saturation study,12,2.0,gaussian,Z,0.0,96,1,pairwise_purity,SU2-HaarU4-brickwork,2,0.005206399761468395,0.005278994562254825,7.259480078642983e-05
v2_depth,prespecified depth-onset and saturation study,12,2.0,gaussian,Z,0.0,96,1,sample_covariance_purity,RY-RZ-CZ-line,2,0.015568833097286431,0.014295652387729205,-0.001273180709557226
v2_depth,prespecified depth-onset and saturation study,12,2.0,gaussian,Z,0.0,96,1,sample_covariance_purity,SU2-CNOT-line,2,0.015568833097286431,0.01677017520189874,0.0012013421046123077
v2_depth,prespecified depth-onset and saturation study,12,2.0,gaussian,Z,0.0,96,1,sample_covariance_purity,SU2-HaarU4-brickwork,2,0.015568833097286431,0.015640671702231348,7.183860494491649e-05
v2_depth,prespecified depth-onset and saturation study,12,2.0,gaussian,Z,0.0,96,1,trC3_u_stat,RY-RZ-CZ-line,2,5.1851987510789404e-05,2.6661445370169205e-05,-2.51905421406202e-05
v2_depth,prespecified depth-onset and saturation study,12,2.0,gaussian,Z,0.0,96,1,trC3_u_stat,SU2-CNOT-line,2,5.1851987510789404e-05,7.197482653339628e-05,2.0122839022606872e-05
v2_depth,prespecified depth-onset and saturation study,12,2.0,gaussian,Z,0.0,96,1,trC3_u_stat,SU2-HaarU4-brickwork,2,5.1851987510789404e-05,5.691969062880274e-05,5.0677031180133334e-06
v2_depth,prespecified depth-onset and saturation study,12,2.0,gaussian,Z,0.0,96,1,Ffull_over_FQ_mean,RY-RZ-CZ-line,2,0.47868807237539324,0.48597473872607155,0.007286666350678317
v2_depth,prespecified depth-onset and saturation study,12,2.0,gaussian,Z,0.0,96,1,Ffull_over_FQ_mean,SU2-CNOT-line,2,0.47868807237539324,0.4755273783484011,-0.00316069402699215
v2_depth,prespecified depth-onset and saturation study,12,2.0,gaussian,Z,0.0,96,1,Ffull_over_FQ_mean,SU2-HaarU4-brickwork,2,0.47868807237539324,0.47456210005170707,-0.004125972323686167
v2_depth,prespecified depth-onset and saturation study,12,2.0,gaussian,Z,0.0,96,1,haar_alignment_z,RY-RZ-CZ-line,2,43.36523306627098,-0.28480905599561224,-43.65004212226659
v2_depth,prespecified depth-onset and saturation study,12,2.0,gaussian,Z,0.0,96,1,haar_alignment_z,SU2-CNOT-line,2,43.36523306627098,65.87368614374688,22.5084530774759
v2_depth,prespecified depth-onset and saturation study,12,2.0,gaussian,Z,0.0,96,1,haar_alignment_z,SU2-HaarU4-brickwork,2,43.36523306627098,64.50682211106168,21.1415890447907
v2_depth,prespecified depth-onset and saturation study,12,2.0,gaussian,Z,0.0,96,1,physical_minus_rank_baseline,RY-RZ-CZ-line,2,0.006939706934299703,-3.262874532628681e-05,-0.00697233567962599
v2_depth,prespecified depth-onset and saturation study,12,2.0,gaussian,Z,0.0,96,1,physical_minus_rank_baseline,SU2-CNOT-line,2,0.006939706934299703,0.010521687310136753,0.00358198037583705
v2_depth,prespecified depth-onset and saturation study,12,2.0,gaussian,Z,0.0,96,1,physical_minus_rank_baseline,SU2-HaarU4-brickwork,2,0.006939706934299703,0.010330062238088642,0.0033903553037889387
v2_depth,prespecified depth-onset and saturation study,12,2.0,gaussian,Z,0.0,96,2,enhancement,RY-RZ-CZ-line,2,1.8689038641078772,0.951433971772089,-0.9174698923357882
v2_depth,prespecified depth-onset and saturation study,12,2.0,gaussian,Z,0.0,96,2,enhancement,SU2-CNOT-line,2,1.8689038641078772,2.3362070223881988,0.46730315828032154
v2_depth,prespecified depth-onset and saturation study,12,2.0,gaussian,Z,0.0,96,2,enhancement,SU2-HaarU4-brickwork,2,1.8689038641078772,2.319070598163344,0.4501667340554669
v2_depth,prespecified depth-onset and saturation study,12,2.0,gaussian,Z,0.0,96,2,actual_retention,RY-RZ-CZ-line,2,0.03559816884015,0.018122551843277834,-0.017475616996872164
v2_depth,prespecified depth-onset and saturation study,12,2.0,gaussian,Z,0.0,96,2,actual_retention,SU2-CNOT-line,2,0.03559816884015,0.04449918137882279,0.008901012538672794
v2_depth,prespecified depth-onset and saturation study,12,2.0,gaussian,Z,0.0,96,2,actual_retention,SU2-HaarU4-brickwork,2,0.03559816884015,0.044172773298349365,0.008574604458199367
v2_depth,prespecified depth-onset and saturation study,12,2.0,gaussian,Z,0.0,96,2,deff_pairwise,RY-RZ-CZ-line,2,229.02390131962434,279.09146116101186,50.06755984138752
v2_depth,prespecified depth-onset and saturation study,12,2.0,gaussian,Z,0.0,96,2,deff_pairwise,SU2-CNOT-line,2,229.02390131962434,163.39136831543664,-65.6325330041877
v2_depth,prespecified depth-onset and saturation study,12,2.0,gaussian,Z,0.0,96,2,deff_pairwise,SU2-HaarU4-brickwork,2,229.02390131962434,244.58887448242461,15.564973162800271
v2_depth,prespecified depth-onset and saturation study,12,2.0,gaussian,Z,0.0,96,2,pairwise_purity,RY-RZ-CZ-line,2,0.005206399761468395,0.003919817149705312,-0.0012865826117630826
v2_depth,prespecified depth-onset and saturation study,12,2.0,gaussian,Z,0.0,96,2,pairwise_purity,SU2-CNOT-line,2,0.005206399761468395,0.006420387572445046,0.001213987810976651
v2_depth,prespecified depth-onset and saturation study,12,2.0,gaussian,Z,0.0,96,2,pairwise_purity,SU2-HaarU4-brickwork,2,0.005206399761468395,0.005278994562254825,7.259480078642983e-05
v2_depth,prespecified depth-onset and saturation study,12,2.0,gaussian,Z,0.0,96,2,sample_covariance_purity,RY-RZ-CZ-line,2,0.015568833097286431,0.014295652387729205,-0.001273180709557226
v2_depth,prespecified depth-onset and saturation study,12,2.0,gaussian,Z,0.0,96,2,sample_covariance_purity,SU2-CNOT-line,2,0.015568833097286431,0.01677017520189874,0.0012013421046123077
v2_depth,prespecified depth-onset and saturation study,12,2.0,gaussian,Z,0.0,96,2,sample_covariance_purity,SU2-HaarU4-brickwork,2,0.015568833097286431,0.015640671702231348,7.183860494491649e-05
v2_depth,prespecified depth-onset and saturation study,12,2.0,gaussian,Z,0.0,96,2,trC3_u_stat,RY-RZ-CZ-line,2,5.1851987510789404e-05,2.6661445370169205e-05,-2.51905421406202e-05
v2_depth,prespecified depth-onset and saturation study,12,2.0,gaussian,Z,0.0,96,2,trC3_u_stat,SU2-CNOT-line,2,5.1851987510789404e-05,7.197482653339628e-05,2.0122839022606872e-05
v2_depth,prespecified depth-onset and saturation study,12,2.0,gaussian,Z,0.0,96,2,trC3_u_stat,SU2-HaarU4-brickwork,2,5.1851987510789404e-05,5.691969062880274e-05,5.0677031180133334e-06
v2_depth,prespecified depth-onset and saturation study,12,2.0,gaussian,Z,0.0,96,2,Ffull_over_FQ_mean,RY-RZ-CZ-line,2,0.47868807237539324,0.48597473872607155,0.007286666350678317
v2_depth,prespecified depth-onset and saturation study,12,2.0,gaussian,Z,0.0,96,2,Ffull_over_FQ_mean,SU2-CNOT-line,2,0.47868807237539324,0.4755273783484011,-0.00316069402699215
v2_depth,prespecified depth-onset and saturation study,12,2.0,gaussian,Z,0.0,96,2,Ffull_over_FQ_mean,SU2-HaarU4-brickwork,2,0.47868807237539324,0.47456210005170707,-0.004125972323686167
v2_depth,prespecified depth-onset and saturation study,12,2.0,gaussian,Z,0.0,96,2,haar_alignment_z,RY-RZ-CZ-line,2,40.74188900245267,-2.6268643952318103,-43.368753397684486
v2_depth,prespecified depth-onset and saturation study,12,2.0,gaussian,Z,0.0,96,2,haar_alignment_z,SU2-CNOT-line,2,40.74188900245267,62.93470969449257,22.192820692039895
v2_depth,prespecified depth-onset and saturation study,12,2.0,gaussian,Z,0.0,96,2,haar_alignment_z,SU2-HaarU4-brickwork,2,40.74188900245267,61.91782170809728,21.175932705644605
v2_depth,prespecified depth-onset and saturation study,12,2.0,gaussian,Z,0.0,96,2,physical_minus_rank_baseline,RY-RZ-CZ-line,2,0.016550549792531018,-0.0009250672043411127,-0.01747561699687213
v2_depth,prespecified depth-onset and saturation study,12,2.0,gaussian,Z,0.0,96,2,physical_minus_rank_baseline,SU2-CNOT-line,2,0.016550549792531018,0.02545156233120379,0.008901012538672773
v2_depth,prespecified depth-onset and saturation study,12,2.0,gaussian,Z,0.0,96,2,physical_minus_rank_baseline,SU2-HaarU4-brickwork,2,0.016550549792531018,0.025125154250730378,0.00857460445819936
v2_depth,prespecified depth-onset and saturation study,12,4.0,gaussian,Z,0.0,96,1,enhancement,RY-RZ-CZ-line,2,1.044353974077992,0.9223341999970043,-0.12201977408098763
v2_depth,prespecified depth-onset and saturation study,12,4.0,gaussian,Z,0.0,96,1,enhancement,SU2-CNOT-line,2,1.044353974077992,1.0894656959695068,0.04511172189151491
v2_depth,prespecified depth-onset and saturation study,12,4.0,gaussian,Z,0.0,96,1,enhancement,SU2-HaarU4-brickwork,2,1.044353974077992,1.1212620262674649,0.07690805218947294
v2_depth,prespecified depth-onset and saturation study,12,4.0,gaussian,Z,0.0,96,1,actual_retention,RY-RZ-CZ-line,2,0.0030603779460160424,0.0027028108424820172,-0.00035756710353402514
v2_depth,prespecified depth-onset and saturation study,12,4.0,gaussian,Z,0.0,96,1,actual_retention,SU2-CNOT-line,2,0.0030603779460160424,0.0031925734680424587,0.00013219552202641633
v2_depth,prespecified depth-onset and saturation study,12,4.0,gaussian,Z,0.0,96,1,actual_retention,SU2-HaarU4-brickwork,2,0.0030603779460160424,0.0032857495275236508,0.00022537158150760838
v2_depth,prespecified depth-onset and saturation study,12,4.0,gaussian,Z,0.0,96,1,deff_pairwise,RY-RZ-CZ-line,2,462.82588742798293,559.4813013827534,96.65541395477044
v2_depth,prespecified depth-onset and saturation study,12,4.0,gaussian,Z,0.0,96,1,deff_pairwise,SU2-CNOT-line,2,462.82588742798293,343.8547114333977,-118.97117599458522
v2_depth,prespecified depth-onset and saturation study,12,4.0,gaussian,Z,0.0,96,1,deff_pairwise,SU2-HaarU4-brickwork,2,462.82588742798293,485.14164946779783,22.3157620398149
v2_depth,prespecified depth-onset and saturation study,12,4.0,gaussian,Z,0.0,96,1,pairwise_purity,RY-RZ-CZ-line,2,0.002513555923699839,0.0019099741714474292,-0.0006035817522524098
v2_depth,prespecified depth-onset and saturation study,12,4.0,gaussian,Z,0.0,96,1,pairwise_purity,SU2-CNOT-line,2,0.002513555923699839,0.003056493474736033,0.000542937551036194
v2_depth,prespecified depth-onset and saturation study,12,4.0,gaussian,Z,0.0,96,1,pairwise_purity,SU2-HaarU4-brickwork,2,0.002513555923699839,0.002574200124916054,6.064420121621502e-05
v2_depth,prespecified depth-onset and saturation study,12,4.0,gaussian,Z,0.0,96,1,sample_covariance_purity,RY-RZ-CZ-line,2,0.01290403971616129,0.012306745273828176,-0.0005972944423331145
v2_depth,prespecified depth-onset and saturation study,12,4.0,gaussian,Z,0.0,96,1,sample_covariance_purity,SU2-CNOT-line,2,0.01290403971616129,0.013441321667707524,0.000537281951546233
v2_depth,prespecified depth-onset and saturation study,12,4.0,gaussian,Z,0.0,96,1,sample_covariance_purity,SU2-HaarU4-brickwork,2,0.01290403971616129,0.012964052206948174,6.001249078688327e-05
v2_depth,prespecified depth-onset and saturation study,12,4.0,gaussian,Z,0.0,96,1,trC3_u_stat,RY-RZ-CZ-line,2,1.1904307294299078e-05,6.023192959202503e-06,-5.881114335096575e-06
v2_depth,prespecified depth-onset and saturation study,12,4.0,gaussian,Z,0.0,96,1,trC3_u_stat,SU2-CNOT-line,2,1.1904307294299078e-05,1.633555477913123e-05,4.431247484832151e-06
v2_depth,prespecified depth-onset and saturation study,12,4.0,gaussian,Z,0.0,96,1,trC3_u_stat,SU2-HaarU4-brickwork,2,1.1904307294299078e-05,1.33541741445635e-05,1.4498668502644218e-06
v2_depth,prespecified depth-onset and saturation study,12,4.0,gaussian,Z,0.0,96,1,Ffull_over_FQ_mean,RY-RZ-CZ-line,2,0.4889769389248606,0.4929533850150629,0.003976446090202312
v2_depth,prespecified depth-onset and saturation study,12,4.0,gaussian,Z,0.0,96,1,Ffull_over_FQ_mean,SU2-CNOT-line,2,0.4889769389248606,0.48719215347040445,-0.0017847854544561503
v2_depth,prespecified depth-onset and saturation study,12,4.0,gaussian,Z,0.0,96,1,Ffull_over_FQ_mean,SU2-HaarU4-brickwork,2,0.4889769389248606,0.48678527828911444,-0.002191660635746162
v2_depth,prespecified depth-onset and saturation study,12,4.0,gaussian,Z,0.0,96,1,haar_alignment_z,RY-RZ-CZ-line,2,0.851090513036005,-1.7216298424761738,-2.5727203555121787
v2_depth,prespecified depth-onset and saturation study,12,4.0,gaussian,Z,0.0,96,1,haar_alignment_z,SU2-CNOT-line,2,0.851090513036005,1.799237999012674,0.9481474859766689
v2_depth,prespecified depth-onset and saturation study,12,4.0,gaussian,Z,0.0,96,1,haar_alignment_z,SU2-HaarU4-brickwork,2,0.851090513036005,2.475663382571515,1.62457286953551
v2_depth,prespecified depth-onset and saturation study,12,4.0,gaussian,Z,0.0,96,1,physical_minus_rank_baseline,RY-RZ-CZ-line,2,0.00012997501561318216,-0.00022759208792081845,-0.00035756710353400064
v2_depth,prespecified depth-onset and saturation study,12,4.0,gaussian,Z,0.0,96,1,physical_minus_rank_baseline,SU2-CNOT-line,2,0.00012997501561318216,0.0002621705376395875,0.00013219552202640536
v2_depth,prespecified depth-onset and saturation study,12,4.0,gaussian,Z,0.0,96,1,physical_minus_rank_baseline,SU2-HaarU4-brickwork,2,0.00012997501561318216,0.0003553465971207774,0.00022537158150759523
v2_depth,prespecified depth-onset and saturation study,12,4.0,gaussian,Z,0.0,96,2,enhancement,RY-RZ-CZ-line,2,0.9949376563411869,0.9520897500796788,-0.04284790626150814
v2_depth,prespecified depth-onset and saturation study,12,4.0,gaussian,Z,0.0,96,2,enhancement,SU2-CNOT-line,2,0.9949376563411869,1.0067318344808234,0.011794178139636458
v2_depth,prespecified depth-onset and saturation study,12,4.0,gaussian,Z,0.0,96,2,enhancement,SU2-HaarU4-brickwork,2,0.9949376563411869,1.0259913844630586,0.031053728121871682
v2_depth,prespecified depth-onset and saturation study,12,4.0,gaussian,Z,0.0,96,2,actual_retention,RY-RZ-CZ-line,2,0.0189511934541178,0.018135042858660504,-0.0008161505954572962
v2_depth,prespecified depth-onset and saturation study,12,4.0,gaussian,Z,0.0,96,2,actual_retention,SU2-CNOT-line,2,0.0189511934541178,0.019175844466301356,0.00022465101218355557
v2_depth,prespecified depth-onset and saturation study,12,4.0,gaussian,Z,0.0,96,2,actual_retention,SU2-HaarU4-brickwork,2,0.0189511934541178,0.01954269303739154,0.0005914995832737406
v2_depth,prespecified depth-onset and saturation study,12,4.0,gaussian,Z,0.0,96,2,deff_pairwise,RY-RZ-CZ-line,2,462.82588742798293,559.4813013827534,96.65541395477044
v2_depth,prespecified depth-onset and saturation study,12,4.0,gaussian,Z,0.0,96,2,deff_pairwise,SU2-CNOT-line,2,462.82588742798293,343.8547114333977,-118.97117599458522
v2_depth,prespecified depth-onset and saturation study,12,4.0,gaussian,Z,0.0,96,2,deff_pairwise,SU2-HaarU4-brickwork,2,462.82588742798293,485.14164946779783,22.3157620398149
v2_depth,prespecified depth-onset and saturation study,12,4.0,gaussian,Z,0.0,96,2,pairwise_purity,RY-RZ-CZ-line,2,0.002513555923699839,0.0019099741714474292,-0.0006035817522524098
v2_depth,prespecified depth-onset and saturation study,12,4.0,gaussian,Z,0.0,96,2,pairwise_purity,SU2-CNOT-line,2,0.002513555923699839,0.003056493474736033,0.000542937551036194
v2_depth,prespecified depth-onset and saturation study,12,4.0,gaussian,Z,0.0,96,2,pairwise_purity,SU2-HaarU4-brickwork,2,0.002513555923699839,0.002574200124916054,6.064420121621502e-05
v2_depth,prespecified depth-onset and saturation study,12,4.0,gaussian,Z,0.0,96,2,sample_covariance_purity,RY-RZ-CZ-line,2,0.01290403971616129,0.012306745273828176,-0.0005972944423331145
v2_depth,prespecified depth-onset and saturation study,12,4.0,gaussian,Z,0.0,96,2,sample_covariance_purity,SU2-CNOT-line,2,0.01290403971616129,0.013441321667707524,0.000537281951546233
v2_depth,prespecified depth-onset and saturation study,12,4.0,gaussian,Z,0.0,96,2,sample_covariance_purity,SU2-HaarU4-brickwork,2,0.01290403971616129,0.012964052206948174,6.001249078688327e-05
v2_depth,prespecified depth-onset and saturation study,12,4.0,gaussian,Z,0.0,96,2,trC3_u_stat,RY-RZ-CZ-line,2,1.1904307294299078e-05,6.023192959202503e-06,-5.881114335096575e-06
v2_depth,prespecified depth-onset and saturation study,12,4.0,gaussian,Z,0.0,96,2,trC3_u_stat,SU2-CNOT-line,2,1.1904307294299078e-05,1.633555477913123e-05,4.431247484832151e-06
v2_depth,prespecified depth-onset and saturation study,12,4.0,gaussian,Z,0.0,96,2,trC3_u_stat,SU2-HaarU4-brickwork,2,1.1904307294299078e-05,1.33541741445635e-05,1.4498668502644218e-06
v2_depth,prespecified depth-onset and saturation study,12,4.0,gaussian,Z,0.0,96,2,Ffull_over_FQ_mean,RY-RZ-CZ-line,2,0.4889769389248606,0.4929533850150629,0.003976446090202312
v2_depth,prespecified depth-onset and saturation study,12,4.0,gaussian,Z,0.0,96,2,Ffull_over_FQ_mean,SU2-CNOT-line,2,0.4889769389248606,0.48719215347040445,-0.0017847854544561503
v2_depth,prespecified depth-onset and saturation study,12,4.0,gaussian,Z,0.0,96,2,Ffull_over_FQ_mean,SU2-HaarU4-brickwork,2,0.4889769389248606,0.48678527828911444,-0.002191660635746162
v2_depth,prespecified depth-onset and saturation study,12,4.0,gaussian,Z,0.0,96,2,haar_alignment_z,RY-RZ-CZ-line,2,-0.3846359207662607,-2.7303990112461953,-2.3457630904799345
v2_depth,prespecified depth-onset and saturation study,12,4.0,gaussian,Z,0.0,96,2,haar_alignment_z,SU2-CNOT-line,2,-0.3846359207662607,0.26213249623643153,0.6467684170026922
v2_depth,prespecified depth-onset and saturation study,12,4.0,gaussian,Z,0.0,96,2,haar_alignment_z,SU2-HaarU4-brickwork,2,-0.3846359207662607,1.3143587527109815,1.698994673477242
v2_depth,prespecified depth-onset and saturation study,12,4.0,gaussian,Z,0.0,96,2,physical_minus_rank_baseline,RY-RZ-CZ-line,2,-9.642559350118269e-05,-0.0009125761889584541,-0.0008161505954572715
v2_depth,prespecified depth-onset and saturation study,12,4.0,gaussian,Z,0.0,96,2,physical_minus_rank_baseline,SU2-CNOT-line,2,-9.642559350118269e-05,0.0001282254186823551,0.0002246510121835378
v2_depth,prespecified depth-onset and saturation study,12,4.0,gaussian,Z,0.0,96,2,physical_minus_rank_baseline,SU2-HaarU4-brickwork,2,-9.642559350118269e-05,0.000495073989772551,0.0005914995832737337
v2_depth,prespecified depth-onset and saturation study,12,6.0,gaussian,Z,0.0,96,1,enhancement,RY-RZ-CZ-line,2,0.9301206491854431,0.9473352592294284,0.01721461004398528
v2_depth,prespecified depth-onset and saturation study,12,6.0,gaussian,Z,0.0,96,1,enhancement,SU2-CNOT-line,2,0.9301206491854431,0.9138164431124569,-0.016304206072986216
v2_depth,prespecified depth-onset and saturation study,12,6.0,gaussian,Z,0.0,96,1,enhancement,SU2-HaarU4-brickwork,2,0.9301206491854431,0.929210245214444,-0.000910403970999174
v2_depth,prespecified depth-onset and saturation study,12,6.0,gaussian,Z,0.0,96,1,actual_retention,RY-RZ-CZ-line,2,0.0027256282760012578,0.0027760740197199,5.044574371864232e-05
v2_depth,prespecified depth-onset and saturation study,12,6.0,gaussian,Z,0.0,96,1,actual_retention,SU2-CNOT-line,2,0.0027256282760012578,0.002677850382747083,-4.777789325417477e-05
v2_depth,prespecified depth-onset and saturation study,12,6.0,gaussian,Z,0.0,96,1,actual_retention,SU2-HaarU4-brickwork,2,0.0027256282760012578,0.002722960425536791,-2.6678504644666798e-06
v2_depth,prespecified depth-onset and saturation study,12,6.0,gaussian,Z,0.0,96,1,deff_pairwise,RY-RZ-CZ-line,2,670.4911471870438,797.997031861202,127.50588467415821
v2_depth,prespecified depth-onset and saturation study,12,6.0,gaussian,Z,0.0,96,1,deff_pairwise,SU2-CNOT-line,2,670.4911471870438,514.9861791590781,-155.50496802796567
v2_depth,prespecified depth-onset and saturation study,12,6.0,gaussian,Z,0.0,96,1,deff_pairwise,SU2-HaarU4-brickwork,2,670.4911471870438,698.4902305408514,27.999083353807578
v2_depth,prespecified depth-onset and saturation study,12,6.0,gaussian,Z,0.0,96,1,pairwise_purity,RY-RZ-CZ-line,2,0.0016879977865940667,0.0013239333690739583,-0.00036406441752010843
v2_depth,prespecified depth-onset and saturation study,12,6.0,gaussian,Z,0.0,96,1,pairwise_purity,SU2-CNOT-line,2,0.0016879977865940667,0.002022201047470454,0.0003342032608763875
v2_depth,prespecified depth-onset and saturation study,12,6.0,gaussian,Z,0.0,96,1,pairwise_purity,SU2-HaarU4-brickwork,2,0.0016879977865940667,0.0017178589432377874,2.986115664372073e-05
v2_depth,prespecified depth-onset and saturation study,12,6.0,gaussian,Z,0.0,96,1,sample_covariance_purity,RY-RZ-CZ-line,2,0.012087081142983703,0.011726809063146099,-0.00036027207983760356
v2_depth,prespecified depth-onset and saturation study,12,6.0,gaussian,Z,0.0,96,1,sample_covariance_purity,SU2-CNOT-line,2,0.012087081142983703,0.012417803119892616,0.00033072197690891397
v2_depth,prespecified depth-onset and saturation study,12,6.0,gaussian,Z,0.0,96,1,sample_covariance_purity,SU2-HaarU4-brickwork,2,0.012087081142983703,0.012116631245912392,2.9550102928689592e-05
v2_depth,prespecified depth-onset and saturation study,12,6.0,gaussian,Z,0.0,96,1,trC3_u_stat,RY-RZ-CZ-line,2,5.2197594642571566e-06,2.8180984155055982e-06,-2.4016610487515583e-06
v2_depth,prespecified depth-onset and saturation study,12,6.0,gaussian,Z,0.0,96,1,trC3_u_stat,SU2-CNOT-line,2,5.2197594642571566e-06,7.0764966001884795e-06,1.856737135931323e-06
v2_depth,prespecified depth-onset and saturation study,12,6.0,gaussian,Z,0.0,96,1,trC3_u_stat,SU2-HaarU4-brickwork,2,5.2197594642571566e-06,5.764683377077391e-06,5.449239128202345e-07
v2_depth,prespecified depth-onset and saturation study,12,6.0,gaussian,Z,0.0,96,1,Ffull_over_FQ_mean,RY-RZ-CZ-line,2,0.492915812780307,0.49532710780354583,0.0024112950232388353
v2_depth,prespecified depth-onset and saturation study,12,6.0,gaussian,Z,0.0,96,1,Ffull_over_FQ_mean,SU2-CNOT-line,2,0.492915812780307,0.49179981426604014,-0.0011159985142668583
v2_depth,prespecified depth-onset and saturation study,12,6.0,gaussian,Z,0.0,96,1,Ffull_over_FQ_mean,SU2-HaarU4-brickwork,2,0.492915812780307,0.49162051627133496,-0.0012952965089720325
v2_depth,prespecified depth-onset and saturation study,12,6.0,gaussian,Z,0.0,96,1,haar_alignment_z,RY-RZ-CZ-line,2,-1.5635837592380664,-1.2012426706833779,0.3623410885546885
v2_depth,prespecified depth-onset and saturation study,12,6.0,gaussian,Z,0.0,96,1,haar_alignment_z,SU2-CNOT-line,2,-1.5635837592380664,-1.9131382617384878,-0.3495545025004214
v2_depth,prespecified depth-onset and saturation study,12,6.0,gaussian,Z,0.0,96,1,haar_alignment_z,SU2-HaarU4-brickwork,2,-1.5635837592380664,-1.5763703452923337,-0.012786586054267302
v2_depth,prespecified depth-onset and saturation study,12,6.0,gaussian,Z,0.0,96,1,physical_minus_rank_baseline,RY-RZ-CZ-line,2,-0.00020477465440160397,-0.0001543289106829666,5.044574371863736e-05
v2_depth,prespecified depth-onset and saturation study,12,6.0,gaussian,Z,0.0,96,1,physical_minus_rank_baseline,SU2-CNOT-line,2,-0.00020477465440160397,-0.00025255254765577193,-4.7777893254167967e-05
v2_depth,prespecified depth-onset and saturation study,12,6.0,gaussian,Z,0.0,96,1,physical_minus_rank_baseline,SU2-HaarU4-brickwork,2,-0.00020477465440160397,-0.0002074425048660733,-2.667850464469336e-06
v2_depth,prespecified depth-onset and saturation study,12,6.0,gaussian,Z,0.0,96,2,enhancement,RY-RZ-CZ-line,2,0.9566560482416976,0.969835763109987,0.013179714868289394
v2_depth,prespecified depth-onset and saturation study,12,6.0,gaussian,Z,0.0,96,2,enhancement,SU2-CNOT-line,2,0.9566560482416976,0.9434062934644651,-0.013249754777232448
v2_depth,prespecified depth-onset and saturation study,12,6.0,gaussian,Z,0.0,96,2,enhancement,SU2-HaarU4-brickwork,2,0.9566560482416976,0.9567260881506408,7.00399089431647e-05
v2_depth,prespecified depth-onset and saturation study,12,6.0,gaussian,Z,0.0,96,2,actual_retention,RY-RZ-CZ-line,2,0.018222019966508466,0.018473062154475882,0.00025104218796741587
v2_depth,prespecified depth-onset and saturation study,12,6.0,gaussian,Z,0.0,96,2,actual_retention,SU2-CNOT-line,2,0.018222019966508466,0.017969643685037368,-0.0002523762814710985
v2_depth,prespecified depth-onset and saturation study,12,6.0,gaussian,Z,0.0,96,2,actual_retention,SU2-HaarU4-brickwork,2,0.018222019966508466,0.018223354060012145,1.3340935036791624e-06
v2_depth,prespecified depth-onset and saturation study,12,6.0,gaussian,Z,0.0,96,2,deff_pairwise,RY-RZ-CZ-line,2,670.4911471870438,797.997031861202,127.50588467415821
v2_depth,prespecified depth-onset and saturation study,12,6.0,gaussian,Z,0.0,96,2,deff_pairwise,SU2-CNOT-line,2,670.4911471870438,514.9861791590781,-155.50496802796567
v2_depth,prespecified depth-onset and saturation study,12,6.0,gaussian,Z,0.0,96,2,deff_pairwise,SU2-HaarU4-brickwork,2,670.4911471870438,698.4902305408514,27.999083353807578
v2_depth,prespecified depth-onset and saturation study,12,6.0,gaussian,Z,0.0,96,2,pairwise_purity,RY-RZ-CZ-line,2,0.0016879977865940667,0.0013239333690739583,-0.00036406441752010843
v2_depth,prespecified depth-onset and saturation study,12,6.0,gaussian,Z,0.0,96,2,pairwise_purity,SU2-CNOT-line,2,0.0016879977865940667,0.002022201047470454,0.0003342032608763875
v2_depth,prespecified depth-onset and saturation study,12,6.0,gaussian,Z,0.0,96,2,pairwise_purity,SU2-HaarU4-brickwork,2,0.0016879977865940667,0.0017178589432377874,2.986115664372073e-05
v2_depth,prespecified depth-onset and saturation study,12,6.0,gaussian,Z,0.0,96,2,sample_covariance_purity,RY-RZ-CZ-line,2,0.012087081142983703,0.011726809063146099,-0.00036027207983760356
v2_depth,prespecified depth-onset and saturation study,12,6.0,gaussian,Z,0.0,96,2,sample_covariance_purity,SU2-CNOT-line,2,0.012087081142983703,0.012417803119892616,0.00033072197690891397
v2_depth,prespecified depth-onset and saturation study,12,6.0,gaussian,Z,0.0,96,2,sample_covariance_purity,SU2-HaarU4-brickwork,2,0.012087081142983703,0.012116631245912392,2.9550102928689592e-05
v2_depth,prespecified depth-onset and saturation study,12,6.0,gaussian,Z,0.0,96,2,trC3_u_stat,RY-RZ-CZ-line,2,5.2197594642571566e-06,2.8180984155055982e-06,-2.4016610487515583e-06
v2_depth,prespecified depth-onset and saturation study,12,6.0,gaussian,Z,0.0,96,2,trC3_u_stat,SU2-CNOT-line,2,5.2197594642571566e-06,7.0764966001884795e-06,1.856737135931323e-06
v2_depth,prespecified depth-onset and saturation study,12,6.0,gaussian,Z,0.0,96,2,trC3_u_stat,SU2-HaarU4-brickwork,2,5.2197594642571566e-06,5.764683377077391e-06,5.449239128202345e-07
v2_depth,prespecified depth-onset and saturation study,12,6.0,gaussian,Z,0.0,96,2,Ffull_over_FQ_mean,RY-RZ-CZ-line,2,0.492915812780307,0.49532710780354583,0.0024112950232388353
v2_depth,prespecified depth-onset and saturation study,12,6.0,gaussian,Z,0.0,96,2,Ffull_over_FQ_mean,SU2-CNOT-line,2,0.492915812780307,0.49179981426604014,-0.0011159985142668583
v2_depth,prespecified depth-onset and saturation study,12,6.0,gaussian,Z,0.0,96,2,Ffull_over_FQ_mean,SU2-HaarU4-brickwork,2,0.492915812780307,0.49162051627133496,-0.0012952965089720325
v2_depth,prespecified depth-onset and saturation study,12,6.0,gaussian,Z,0.0,96,2,haar_alignment_z,RY-RZ-CZ-line,2,-2.4850011694789873,-1.765038989479239,0.7199621799997482
v2_depth,prespecified depth-onset and saturation study,12,6.0,gaussian,Z,0.0,96,2,haar_alignment_z,SU2-CNOT-line,2,-2.4850011694789873,-3.2255708838217165,-0.7405697143427292
v2_depth,prespecified depth-onset and saturation study,12,6.0,gaussian,Z,0.0,96,2,haar_alignment_z,SU2-HaarU4-brickwork,2,-2.4850011694789873,-2.4643936351360067,0.02060753434298057
v2_depth,prespecified depth-onset and saturation study,12,6.0,gaussian,Z,0.0,96,2,physical_minus_rank_baseline,RY-RZ-CZ-line,2,-0.0008255990811104727,-0.0005745568931430591,0.0002510421879674136
v2_depth,prespecified depth-onset and saturation study,12,6.0,gaussian,Z,0.0,96,2,physical_minus_rank_baseline,SU2-CNOT-line,2,-0.0008255990811104727,-0.0010779753625815625,-0.00025237628147108983
v2_depth,prespecified depth-onset and saturation study,12,6.0,gaussian,Z,0.0,96,2,physical_minus_rank_baseline,SU2-HaarU4-brickwork,2,-0.0008255990811104727,-0.0008242649876067966,1.3340935036761266e-06
v2_depth,prespecified depth-onset and saturation study,12,8.0,gaussian,Z,0.0,96,1,enhancement,RY-RZ-CZ-line,2,0.9276557514614256,0.9423831686724763,0.014727417211050642
v2_depth,prespecified depth-onset and saturation study,12,8.0,gaussian,Z,0.0,96,1,enhancement,SU2-CNOT-line,2,0.9276557514614256,0.9146289464320735,-0.013026805029352162
v2_depth,prespecified depth-onset and saturation study,12,8.0,gaussian,Z,0.0,96,1,enhancement,SU2-HaarU4-brickwork,2,0.9276557514614256,0.9259551392797273,-0.0017006121816983688
v2_depth,prespecified depth-onset and saturation study,12,8.0,gaussian,Z,0.0,96,1,actual_retention,RY-RZ-CZ-line,2,0.002718405132487642,0.002761562399040175,4.3157266552532915e-05
v2_depth,prespecified depth-onset and saturation study,12,8.0,gaussian,Z,0.0,96,1,actual_retention,SU2-CNOT-line,2,0.002718405132487642,0.0026802313448558417,-3.8173787631800345e-05
v2_depth,prespecified depth-onset and saturation study,12,8.0,gaussian,Z,0.0,96,1,actual_retention,SU2-HaarU4-brickwork,2,0.002718405132487642,0.0027134216535669086,-4.983478920733437e-06
v2_depth,prespecified depth-onset and saturation study,12,8.0,gaussian,Z,0.0,96,1,deff_pairwise,RY-RZ-CZ-line,2,861.1292073711434,1013.466923966369,152.33771659522563
v2_depth,prespecified depth-onset and saturation study,12,8.0,gaussian,Z,0.0,96,1,deff_pairwise,SU2-CNOT-line,2,861.1292073711434,677.3163344695654,-183.81287290157798
v2_depth,prespecified depth-onset and saturation study,12,8.0,gaussian,Z,0.0,96,1,deff_pairwise,SU2-HaarU4-brickwork,2,861.1292073711434,892.6043636774957,31.475156306352346
v2_depth,prespecified depth-onset and saturation study,12,8.0,gaussian,Z,0.0,96,1,pairwise_purity,RY-RZ-CZ-line,2,0.00129027456470865,0.0010341673766033751,-0.00025610718810527484
v2_depth,prespecified depth-onset and saturation study,12,8.0,gaussian,Z,0.0,96,1,pairwise_purity,SU2-CNOT-line,2,0.00129027456470865,0.0015283000451962792,0.00023802548048762928
v2_depth,prespecified depth-onset and saturation study,12,8.0,gaussian,Z,0.0,96,1,pairwise_purity,SU2-HaarU4-brickwork,2,0.00129027456470865,0.0013083562723262957,1.8081707617645772e-05
v2_depth,prespecified depth-onset and saturation study,12,8.0,gaussian,Z,0.0,96,1,sample_covariance_purity,RY-RZ-CZ-line,2,0.011693500871326264,0.011440061466430416,-0.00025343940489584715
v2_depth,prespecified depth-onset and saturation study,12,8.0,gaussian,Z,0.0,96,1,sample_covariance_purity,SU2-CNOT-line,2,0.011693500871326264,0.011929046919725479,0.00023554604839921486
v2_depth,prespecified depth-onset and saturation study,12,8.0,gaussian,Z,0.0,96,1,sample_covariance_purity,SU2-HaarU4-brickwork,2,0.011693500871326264,0.011711394227822896,1.789335649663229e-05
v2_depth,prespecified depth-onset and saturation study,12,8.0,gaussian,Z,0.0,96,1,trC3_u_stat,RY-RZ-CZ-line,2,2.957813406777423e-06,1.6870535967377387e-06,-1.2707598100396842e-06
v2_depth,prespecified depth-onset and saturation study,12,8.0,gaussian,Z,0.0,96,1,trC3_u_stat,SU2-CNOT-line,2,2.957813406777423e-06,3.961123958108533e-06,1.0033105513311099e-06
v2_depth,prespecified depth-onset and saturation study,12,8.0,gaussian,Z,0.0,96,1,trC3_u_stat,SU2-HaarU4-brickwork,2,2.957813406777423e-06,3.2252626654859964e-06,2.674492587085735e-07
v2_depth,prespecified depth-onset and saturation study,12,8.0,gaussian,Z,0.0,96,1,Ffull_over_FQ_mean,RY-RZ-CZ-line,2,0.49468194922662684,0.49658373759254604,0.0019017883659191992
v2_depth,prespecified depth-onset and saturation study,12,8.0,gaussian,Z,0.0,96,1,Ffull_over_FQ_mean,SU2-CNOT-line,2,0.49468194922662684,0.4938739621306005,-0.0008079870960263635
v2_depth,prespecified depth-onset and saturation study,12,8.0,gaussian,Z,0.0,96,1,Ffull_over_FQ_mean,SU2-HaarU4-brickwork,2,0.49468194922662684,0.493588147956734,-0.0010938012698928357
v2_depth,prespecified depth-onset and saturation study,12,8.0,gaussian,Z,0.0,96,1,haar_alignment_z,RY-RZ-CZ-line,2,-1.6504212762518706,-1.3334692210498902,0.31695205520198044
v2_depth,prespecified depth-onset and saturation study,12,8.0,gaussian,Z,0.0,96,1,haar_alignment_z,SU2-CNOT-line,2,-1.6504212762518706,-1.933739714193927,-0.28331843794205636
v2_depth,prespecified depth-onset and saturation study,12,8.0,gaussian,Z,0.0,96,1,haar_alignment_z,SU2-HaarU4-brickwork,2,-1.6504212762518706,-1.6840548935117945,-0.033633617259923865
v2_depth,prespecified depth-onset and saturation study,12,8.0,gaussian,Z,0.0,96,1,physical_minus_rank_baseline,RY-RZ-CZ-line,2,-0.00021199779791519234,-0.00016884053136266767,4.3157266552524675e-05
v2_depth,prespecified depth-onset and saturation study,12,8.0,gaussian,Z,0.0,96,1,physical_minus_rank_baseline,SU2-CNOT-line,2,-0.00021199779791519234,-0.00025017158554698453,-3.817378763179219e-05
v2_depth,prespecified depth-onset and saturation study,12,8.0,gaussian,Z,0.0,96,1,physical_minus_rank_baseline,SU2-HaarU4-brickwork,2,-0.00021199779791519234,-0.00021698127683592478,-4.983478920732434e-06
v2_depth,prespecified depth-onset and saturation study,12,8.0,gaussian,Z,0.0,96,2,enhancement,RY-RZ-CZ-line,2,0.9558037594356792,0.9691345585956589,0.0133307991599797
v2_depth,prespecified depth-onset and saturation study,12,8.0,gaussian,Z,0.0,96,2,enhancement,SU2-CNOT-line,2,0.9558037594356792,0.943777145060029,-0.012026614375650224
v2_depth,prespecified depth-onset and saturation study,12,8.0,gaussian,Z,0.0,96,2,enhancement,SU2-HaarU4-brickwork,2,0.9558037594356792,0.9544995746513496,-0.0013041847843295873
v2_depth,prespecified depth-onset and saturation study,12,8.0,gaussian,Z,0.0,96,2,actual_retention,RY-RZ-CZ-line,2,0.018205785894012894,0.018459705878012513,0.00025391998399961965
v2_depth,prespecified depth-onset and saturation study,12,8.0,gaussian,Z,0.0,96,2,actual_retention,SU2-CNOT-line,2,0.018205785894012894,0.017976707524952885,-0.00022907836906000886
v2_depth,prespecified depth-onset and saturation study,12,8.0,gaussian,Z,0.0,96,2,actual_retention,SU2-HaarU4-brickwork,2,0.018205785894012894,0.01818094427907328,-2.484161493961426e-05
v2_depth,prespecified depth-onset and saturation study,12,8.0,gaussian,Z,0.0,96,2,deff_pairwise,RY-RZ-CZ-line,2,861.1292073711434,1013.466923966369,152.33771659522563
v2_depth,prespecified depth-onset and saturation study,12,8.0,gaussian,Z,0.0,96,2,deff_pairwise,SU2-CNOT-line,2,861.1292073711434,677.3163344695654,-183.81287290157798
v2_depth,prespecified depth-onset and saturation study,12,8.0,gaussian,Z,0.0,96,2,deff_pairwise,SU2-HaarU4-brickwork,2,861.1292073711434,892.6043636774957,31.475156306352346
v2_depth,prespecified depth-onset and saturation study,12,8.0,gaussian,Z,0.0,96,2,pairwise_purity,RY-RZ-CZ-line,2,0.00129027456470865,0.0010341673766033751,-0.00025610718810527484
v2_depth,prespecified depth-onset and saturation study,12,8.0,gaussian,Z,0.0,96,2,pairwise_purity,SU2-CNOT-line,2,0.00129027456470865,0.0015283000451962792,0.00023802548048762928
v2_depth,prespecified depth-onset and saturation study,12,8.0,gaussian,Z,0.0,96,2,pairwise_purity,SU2-HaarU4-brickwork,2,0.00129027456470865,0.0013083562723262957,1.8081707617645772e-05
v2_depth,prespecified depth-onset and saturation study,12,8.0,gaussian,Z,0.0,96,2,sample_covariance_purity,RY-RZ-CZ-line,2,0.011693500871326264,0.011440061466430416,-0.00025343940489584715
v2_depth,prespecified depth-onset and saturation study,12,8.0,gaussian,Z,0.0,96,2,sample_covariance_purity,SU2-CNOT-line,2,0.011693500871326264,0.011929046919725479,0.00023554604839921486
v2_depth,prespecified depth-onset and saturation study,12,8.0,gaussian,Z,0.0,96,2,sample_covariance_purity,SU2-HaarU4-brickwork,2,0.011693500871326264,0.011711394227822896,1.789335649663229e-05
v2_depth,prespecified depth-onset and saturation study,12,8.0,gaussian,Z,0.0,96,2,trC3_u_stat,RY-RZ-CZ-line,2,2.957813406777423e-06,1.6870535967377387e-06,-1.2707598100396842e-06
v2_depth,prespecified depth-onset and saturation study,12,8.0,gaussian,Z,0.0,96,2,trC3_u_stat,SU2-CNOT-line,2,2.957813406777423e-06,3.961123958108533e-06,1.0033105513311099e-06
v2_depth,prespecified depth-onset and saturation study,12,8.0,gaussian,Z,0.0,96,2,trC3_u_stat,SU2-HaarU4-brickwork,2,2.957813406777423e-06,3.2252626654859964e-06,2.674492587085735e-07
v2_depth,prespecified depth-onset and saturation study,12,8.0,gaussian,Z,0.0,96,2,Ffull_over_FQ_mean,RY-RZ-CZ-line,2,0.49468194922662684,0.49658373759254604,0.0019017883659191992
v2_depth,prespecified depth-onset and saturation study,12,8.0,gaussian,Z,0.0,96,2,Ffull_over_FQ_mean,SU2-CNOT-line,2,0.49468194922662684,0.4938739621306005,-0.0008079870960263635
v2_depth,prespecified depth-onset and saturation study,12,8.0,gaussian,Z,0.0,96,2,Ffull_over_FQ_mean,SU2-HaarU4-brickwork,2,0.49468194922662684,0.493588147956734,-0.0010938012698928357
v2_depth,prespecified depth-onset and saturation study,12,8.0,gaussian,Z,0.0,96,2,haar_alignment_z,RY-RZ-CZ-line,2,-2.5837627385944466,-1.8331843207289118,0.7505784178655348
v2_depth,prespecified depth-onset and saturation study,12,8.0,gaussian,Z,0.0,96,2,haar_alignment_z,SU2-CNOT-line,2,-2.5837627385944466,-3.269689786442223,-0.6859270478477764
v2_depth,prespecified depth-onset and saturation study,12,8.0,gaussian,Z,0.0,96,2,haar_alignment_z,SU2-HaarU4-brickwork,2,-2.5837627385944466,-2.6484141086122057,-0.06465137001775911
v2_depth,prespecified depth-onset and saturation study,12,8.0,gaussian,Z,0.0,96,2,physical_minus_rank_baseline,RY-RZ-CZ-line,2,-0.0008418331536060773,-0.0005879131696064743,0.00025391998399960306
v2_depth,prespecified depth-onset and saturation study,12,8.0,gaussian,Z,0.0,96,2,physical_minus_rank_baseline,SU2-CNOT-line,2,-0.0008418331536060773,-0.001070911522666071,-0.00022907836905999358
v2_depth,prespecified depth-onset and saturation study,12,8.0,gaussian,Z,0.0,96,2,physical_minus_rank_baseline,SU2-HaarU4-brickwork,2,-0.0008418331536060773,-0.0008666747685456868,-2.484161493960949e-05
