profile,analysis_role,job_id,circuit_id,family,n,depth,depth_factor,instance,direction_sampler,measurement_basis,bitflip_rate,tangents,tangent_count_used,parameter_count,regular_tangents,regular_fraction,support_size,score_dimension,FQ_mean,Ffull_mean,Ffull_over_FQ_mean,pairwise_purity,sample_covariance_purity,deff_pairwise,trC3_u_stat,renyi3_dimension_diag,k,readout_rank,actual_retention,rank_baseline,enhancement,physical_minus_rank_baseline,haar_null_mean,haar_null_std,haar_alignment_z,theorem_rhs_sample,theorem_bound_slack_sample,theorem_rhs_u_stat,theorem_bound_slack_u_stat,crossfit_kyfan,sample_lambda_max,sample_spectrum_rank,state_norm_error,horizontal_overlap_max,probability_sum_error,probability_tangent_sum_max,fisher_violation_max,min_circuits_for_inference,max_relative_ci_halfwidth
v2_depth,prespecified depth-onset and saturation study,RY-RZ-CZ-line|n8|d4|i0|dir=gaussian|basis=Z|eta=0,RY-RZ-CZ-line|n8|d4|i0,RY-RZ-CZ-line,8,4,0.5,0,gaussian,Z,0.0,96,96,64,96,1.0,256,255,0.8613320994020969,0.3563304310842058,0.4192746889769972,0.058511609447088,0.0683187801820142,17.090625423734046,0.0044351110180582,15.015775007263493,1,8,0.3484856595811141,0.0313725490196078,11.107980399148012,0.3171131105615062,0.0313725490196078,0.0039101056224791,81.10090651731336,0.7064101181514412,0.3892970075899349,0.6503993363344744,0.3332862257729682,,,0,9.992007221626409e-16,4.997930709674001e-16,1.1102230246251563e-15,1.3877787807814454e-16,-0.2215062890596165,10,0.2
v2_depth,prespecified depth-onset and saturation study,RY-RZ-CZ-line|n8|d4|i0|dir=gaussian|basis=Z|eta=0,RY-RZ-CZ-line|n8|d4|i0,RY-RZ-CZ-line,8,4,0.5,0,gaussian,Z,0.0,96,96,64,96,1.0,256,255,0.8613320994020969,0.3563304310842058,0.4192746889769972,0.058511609447088,0.0683187801820142,17.090625423734046,0.0044351110180582,15.015775007263493,2,36,0.6888083210261864,0.1411764705882353,4.879058940602154,0.5476318504379512,0.1411764705882353,0.0078103109862163,70.1165230685965,1.411031629133939,0.8633997786959879,1.2991518829560724,0.7515200325181213,,,0,9.992007221626409e-16,4.997930709674001e-16,1.1102230246251563e-15,1.3877787807814454e-16,-0.2215062890596165,10,0.2
v2_depth,prespecified depth-onset and saturation study,RY-RZ-CZ-line|n8|d16|i8|dir=gaussian|basis=Z|eta=0,RY-RZ-CZ-line|n8|d16|i8,RY-RZ-CZ-line,8,16,2.0,8,gaussian,Z,0.0,96,96,256,96,1.0,256,255,0.9132741354990048,0.4196586720942725,0.4591124918783685,0.0204064489594304,0.0306105484494363,49.00411639418876,0.0006570324174049,39.01275326886263,1,8,0.0772211522546989,0.0313725490196078,2.461424228118529,0.0458486032350911,0.0313725490196078,0.0025172186712644,18.21399299094672,0.4547674438148518,0.4089188405797607,0.3574096542141192,0.3115610509790281,,,0,1.7763568394002505e-15,8.812668438527305e-16,1.7763568394002505e-15,5.2041704279304207e-17,-0.3184486141750037,10,0.2
v2_depth,prespecified depth-onset and saturation study,RY-RZ-CZ-line|n8|d16|i8|dir=gaussian|basis=Z|eta=0,RY-RZ-CZ-line|n8|d16|i8,RY-RZ-CZ-line,8,16,2.0,8,gaussian,Z,0.0,96,96,256,96,1.0,256,255,0.9132741354990048,0.4196586720942725,0.4591124918783685,0.0204064489594304,0.0306105484494363,49.00411639418876,0.0006570324174049,39.01275326886263,2,36,0.2197559385821192,0.1411764705882353,1.5566045649566782,0.0785794679938839,0.1411764705882353,0.0050280638277029,15.628176309325402,0.9083834314298156,0.8298039634359315,0.7139143589472632,0.6353348909533791,,,0,1.7763568394002505e-15,8.812668438527305e-16,1.7763568394002505e-15,5.2041704279304207e-17,-0.3184486141750037,10,0.2
v2_depth,prespecified depth-onset and saturation study,RY-RZ-CZ-line|n8|d64|i4|dir=gaussian|basis=Z|eta=0,RY-RZ-CZ-line|n8|d64|i4,RY-RZ-CZ-line,8,64,8.0,4,gaussian,Z,0.0,96,96,1024,96,1.0,256,255,0.959660033076209,0.4765784264120965,0.4959672727513628,0.0076441172943813,0.0179811577392315,130.819552014858,8.850042692361629e-05,106.29854429899756,1,8,0.0298678296193632,0.0313725490196078,0.952037069117202,-0.0015047194002446,0.0313725490196078,0.0018270114626597,-0.823596037024337,0.3300727672883748,0.3285680478881301,0.1698414042899844,0.1683366848897398,,,0,1.1102230246251563e-16,5.0814741077666325e-17,2.220446049250313e-16,4.163336342344337e-17,-0.3363053400251917,10,0.2
v2_depth,prespecified depth-onset and saturation study,RY-RZ-CZ-line|n8|d64|i4|dir=gaussian|basis=Z|eta=0,RY-RZ-CZ-line|n8|d64|i4,RY-RZ-CZ-line,8,64,8.0,4,gaussian,Z,0.0,96,96,1024,96,1.0,256,255,0.959660033076209,0.4765784264120965,0.4959672727513628,0.0076441172943813,0.0179811577392315,130.819552014858,8.850042692361629e-05,106.29854429899756,2,36,0.1357735141721713,0.1411764705882353,0.9617290587195466,-0.005402956416064,0.1411764705882353,0.0036493969924289,-1.4805066226757575,0.659309801193726,0.6539068447776619,0.3392527757343305,0.3338498193182665,,,0,1.1102230246251563e-16,5.0814741077666325e-17,2.220446049250313e-16,4.163336342344337e-17,-0.3363053400251917,10,0.2
v2_depth,prespecified depth-onset and saturation study,RY-RZ-CZ-line|n12|d24|i0|dir=gaussian|basis=Z|eta=0,RY-RZ-CZ-line|n12|d24|i0,RY-RZ-CZ-line,12,24,2.0,0,gaussian,Z,0.0,96,96,576,96,1.0,4096,4095,0.9247865486827688,0.4283474109150512,0.463341478029504,0.0081036897928373,0.0184359430241619,123.40057746088466,0.0001086564365328,95.93393773745422,1,12,0.0374249139684188,0.0029304029304029,12.771251891722944,0.0344945110380159,0.0029304029304029,0.0001611011386521,214.1171150410152,0.4665417491750568,0.4320472381370409,0.3066553389869271,0.2721608279489111,,,0,6.661338147750939e-16,3.0018736905232353e-16,5.551115123125784e-16,6.245004513516506e-17,-0.3378932208644118,10,0.2
v2_depth,prespecified depth-onset and saturation study,RY-RZ-CZ-line|n12|d24|i0|dir=gaussian|basis=Z|eta=0,RY-RZ-CZ-line|n12|d24|i0,RY-RZ-CZ-line,12,24,2.0,0,gaussian,Z,0.0,96,96,576,96,1.0,4096,4095,0.9247865486827688,0.4283474109150512,0.463341478029504,0.0081036897928373,0.0184359430241619,123.40057746088466,0.0001086564365328,95.93393773745422,2,78,0.0914841661782069,0.019047619047619,4.802918724355864,0.0724365471305878,0.019047619047619,0.0004073957688956,177.80387687124204,1.179800069802838,1.1073635226722502,0.7754761304468748,0.7030395833162869,,,0,6.661338147750939e-16,3.0018736905232353e-16,5.551115123125784e-16,6.245004513516506e-17,-0.3378932208644118,10,0.2
v2_depth,prespecified depth-onset and saturation study,RY-RZ-CZ-line|n12|d72|i8|dir=gaussian|basis=Z|eta=0,RY-RZ-CZ-line|n12|d72|i8,RY-RZ-CZ-line,12,72,6.0,8,gaussian,Z,0.0,96,96,1728,96,1.0,4096,4095,0.9752908537618576,0.4784919026672691,0.4905714149359519,0.0022696603545069,0.0126626847258142,440.5945576897653,8.36657768317666e-06,345.7212512077531,1,12,0.0025282558916736,0.0029304029304029,0.8627673230336192,-0.0004021470387293,0.0029304029304029,0.000133105424894,-3.0212670824613355,0.3854674043542132,0.3850652573154838,0.1556736854859194,0.1552715384471901,,,0,7.549516567451064e-15,1.263315051176664e-15,7.771561172376096e-15,3.0357660829594124e-17,-0.4245796201666525,10,0.2
v2_depth,prespecified depth-onset and saturation study,RY-RZ-CZ-line|n12|d72|i8|dir=gaussian|basis=Z|eta=0,RY-RZ-CZ-line|n12|d72|i8,RY-RZ-CZ-line,12,72,6.0,8,gaussian,Z,0.0,96,96,1728,96,1.0,4096,4095,0.9752908537618576,0.4784919026672691,0.4905714149359519,0.0022696603545069,0.0126626847258142,440.5945576897653,8.36657768317666e-06,345.7212512077531,2,78,0.0176548347984117,0.019047619047619,0.9268788269166156,-0.0013927842492073,0.019047619047619,0.0003365996502108,-4.1378065851664845,0.9747776514491052,0.973384867199898,0.393670717202713,0.3922779329535057,,,0,7.549516567451064e-15,1.263315051176664e-15,7.771561172376096e-15,3.0357660829594124e-17,-0.4245796201666525,10,0.2
v2_depth,prespecified depth-onset and saturation study,SU2-CNOT-line|n8|d8|i4|dir=gaussian|basis=Z|eta=0,SU2-CNOT-line|n8|d8|i4,SU2-CNOT-line,8,8,1.0,4,gaussian,Z,0.0,96,96,192,96,1.0,256,255,0.932735285048584,0.409203107981204,0.439166923049886,0.0163816247369,0.0266276494792239,61.04400607758252,0.0003746015294406,51.66723574188903,1,8,0.0344225913351262,0.0313725490196078,1.0972200988071488,0.0030500423155183,0.0313725490196078,0.0023218066339505,1.313650443977232,0.4194637835828743,0.416413741267356,0.3107301387167748,0.3076800964012565,,,0,6.661338147750939e-16,2.9161934796382917e-16,6.661338147750939e-16,4.336808689942018e-17,-0.3384094170505181,10,0.2
v2_depth,prespecified depth-onset and saturation study,SU2-CNOT-line|n8|d8|i4|dir=gaussian|basis=Z|eta=0,SU2-CNOT-line|n8|d8|i4,SU2-CNOT-line,8,8,1.0,4,gaussian,Z,0.0,96,96,192,96,1.0,256,255,0.932735285048584,0.409203107981204,0.439166923049886,0.0163816247369,0.0266276494792239,61.04400607758252,0.0003746015294406,51.66723574188903,2,36,0.1432721324038448,0.1411764705882353,1.0148442711939003,0.0020956618156094,0.1411764705882353,0.0046377345299219,0.4518718788426972,0.8378654986716115,0.835769836856002,0.6206735189494416,0.6185778571338321,,,0,6.661338147750939e-16,2.9161934796382917e-16,6.661338147750939e-16,4.336808689942018e-17,-0.3384094170505181,10,0.2
v2_depth,prespecified depth-onset and saturation study,SU2-CNOT-line|n8|d48|i0|dir=gaussian|basis=Z|eta=0,SU2-CNOT-line|n8|d48|i0,SU2-CNOT-line,8,48,6.0,0,gaussian,Z,0.0,96,96,1152,96,1.0,256,255,0.9929854535115278,0.489547480037835,0.4932339427932093,0.0059133515214183,0.0162684207764035,169.1088372436462,4.438409351434333e-05,150.10194603037672,1,8,0.0294111722208533,0.0313725490196078,0.9374811145397016,-0.0019613767987544,0.0313725490196078,0.0017121155888962,-1.145586671527771,0.3093153720676903,0.3073539952689358,0.1242351186256106,0.1222737418268561,,,0,2.4424906541753444e-15,3.239024185944605e-16,2.4424906541753444e-15,4.163336342344337e-17,-0.3909903636229836,10,0.2
v2_depth,prespecified depth-onset and saturation study,SU2-CNOT-line|n8|d48|i0|dir=gaussian|basis=Z|eta=0,SU2-CNOT-line|n8|d48|i0,SU2-CNOT-line,8,48,6.0,0,gaussian,Z,0.0,96,96,1152,96,1.0,256,255,0.9929854535115278,0.489547480037835,0.4932339427932093,0.0059133515214183,0.0162684207764035,169.1088372436462,4.438409351434333e-05,150.10194603037672,2,36,0.1371946226100873,0.1411764705882353,0.9717952434881186,-0.0039818479781479,0.1411764705882353,0.0034198961574725,-1.1643183871087657,0.6178475677938634,0.6138657198157155,0.2481556780198362,0.2441738300416882,,,0,2.4424906541753444e-15,3.239024185944605e-16,2.4424906541753444e-15,4.163336342344337e-17,-0.3909903636229836,10,0.2
v2_depth,prespecified depth-onset and saturation study,SU2-CNOT-line|n12|d6|i8|dir=gaussian|basis=Z|eta=0,SU2-CNOT-line|n12|d6|i8,SU2-CNOT-line,12,6,0.5,8,gaussian,Z,0.0,96,96,216,96,1.0,4096,4095,0.9269176785080478,0.4038737705340312,0.436590009527821,0.0125818110758574,0.0228674172104839,79.4798136747456,0.0002079927181656,69.3387382724445,1,12,0.0436651432466062,0.0029304029304029,14.900730132904396,0.0407347403162033,0.0029304029304029,0.0001796547221443,226.7390460434124,0.5202721037110163,0.4795373633948129,0.3842102027909504,0.343475462474747,,,0,1.2212453270876722e-15,4.441027621704298e-16,1.3322676295501878e-15,8.326672684688674e-17,-0.3482307425928441,10,0.2
v2_depth,prespecified depth-onset and saturation study,SU2-CNOT-line|n12|d6|i8|dir=gaussian|basis=Z|eta=0,SU2-CNOT-line|n12|d6|i8,SU2-CNOT-line,12,6,0.5,8,gaussian,Z,0.0,96,96,216,96,1.0,4096,4095,0.9269176785080478,0.4038737705340312,0.436590009527821,0.0125818110758574,0.0228674172104839,79.4798136747456,0.0002079927181656,69.3387382724445,2,78,0.130217239583311,0.019047619047619,6.836405078123828,0.1111696205356919,0.019047619047619,0.000454314440457,244.6975280465625,1.315674460774589,1.204504840238897,0.9715984150898378,0.8604287945541458,,,0,1.2212453270876722e-15,4.441027621704298e-16,1.3322676295501878e-15,8.326672684688674e-17,-0.3482307425928441,10,0.2
v2_depth,prespecified depth-onset and saturation study,SU2-CNOT-line|n12|d48|i4|dir=gaussian|basis=Z|eta=0,SU2-CNOT-line|n12|d48|i4,SU2-CNOT-line,12,48,4.0,4,gaussian,Z,0.0,96,96,1728,96,1.0,4096,4095,0.992773532438545,0.4907428531161659,0.4943372569169686,0.0014619861498502,0.0118634237941226,684.0010078771624,3.4077388077871785e-06,541.7099964924249,1,12,0.0026484695970538,0.0029304029304029,0.9037902499946404,-0.000281933333349,0.0029304029304029,0.0001287508219759,-2.189759482869075,0.3728566675254608,0.3725747341921118,0.1207087719561483,0.1204268386227992,,,0,0.0,4.1743895669414455e-17,2.220446049250313e-16,2.125036258071589e-17,-0.4571393119161622,10,0.2
v2_depth,prespecified depth-onset and saturation study,SU2-CNOT-line|n12|d48|i4|dir=gaussian|basis=Z|eta=0,SU2-CNOT-line|n12|d48|i4,SU2-CNOT-line,12,48,4.0,4,gaussian,Z,0.0,96,96,1728,96,1.0,4096,4095,0.992773532438545,0.4907428531161659,0.4943372569169686,0.0014619861498502,0.0118634237941226,684.0010078771624,3.4077388077871785e-06,541.7099964924249,2,78,0.0188301282378998,0.019047619047619,0.9885817324897442,-0.0002174908097191,0.019047619047619,0.0003255876435988,-0.6679946674730173,0.942887368924262,0.9426698781145428,0.3052507472943058,0.3050332564845866,,,0,0.0,4.1743895669414455e-17,2.220446049250313e-16,2.125036258071589e-17,-0.4571393119161622,10,0.2
v2_depth,prespecified depth-onset and saturation study,SU2-HaarU4-brickwork|n8|d4|i0|dir=gaussian|basis=Z|eta=0,SU2-HaarU4-brickwork|n8|d4|i0,SU2-HaarU4-brickwork,8,4,0.5,0,gaussian,Z,0.0,96,96,96,96,1.0,256,255,0.8451993741418399,0.3721302911194732,0.4461591388244832,0.0491386864318963,0.059043491781564,20.3505643437569,0.0031889641942203,17.708230995101907,1,8,0.2179993264395823,0.0313725490196078,6.948728530261686,0.1866267774199744,0.0313725490196078,0.0036175716238475,51.58896542357375,0.6535601451612888,0.4669333677413143,0.5919360881689846,0.4053093107490101,,,0,1.5543122344752194e-15,7.702172233337022e-16,1.5543122344752194e-15,6.938893903907227e-17,-0.1462055291543116,10,0.2
v2_depth,prespecified depth-onset and saturation study,SU2-HaarU4-brickwork|n8|d4|i0|dir=gaussian|basis=Z|eta=0,SU2-HaarU4-brickwork|n8|d4|i0,SU2-HaarU4-brickwork,8,4,0.5,0,gaussian,Z,0.0,96,96,96,96,1.0,256,255,0.8451993741418399,0.3721302911194732,0.4461591388244832,0.0491386864318963,0.059043491781564,20.3505643437569,0.0031889641942203,17.708230995101907,2,36,0.4741922828744358,0.1411764705882353,3.3588620036939205,0.3330158122862005,0.1411764705882353,0.0072259836754094,46.08587941036711,1.3054654975457838,0.9724496852595832,1.182373413645235,0.8493576013590345,,,0,1.5543122344752194e-15,7.702172233337022e-16,1.5543122344752194e-15,6.938893903907227e-17,-0.1462055291543116,10,0.2
v2_depth,prespecified depth-onset and saturation study,SU2-HaarU4-brickwork|n8|d16|i8|dir=gaussian|basis=Z|eta=0,SU2-HaarU4-brickwork|n8|d16|i8,SU2-HaarU4-brickwork,8,16,2.0,8,gaussian,Z,0.0,96,96,384,96,1.0,256,255,0.9445998703444772,0.4483528543447089,0.4752617769382219,0.016174391807111,0.0264225752257869,61.826126875469456,0.0004044605673999,49.72352471926792,1,8,0.0334517626546812,0.0313725490196078,1.0662749346179636,0.0020792136350733,0.0313725490196078,0.0023112979349586,0.8995870258113693,0.4175652539744097,0.4154860403393363,0.3081353064331003,0.3060560927980269,,,0,4.551914400963142e-15,1.6653489929039586e-15,4.6629367034256575e-15,7.112366251504909e-17,-0.3408887480973307,10,0.2
v2_depth,prespecified depth-onset and saturation study,SU2-HaarU4-brickwork|n8|d16|i8|dir=gaussian|basis=Z|eta=0,SU2-HaarU4-brickwork|n8|d16|i8,SU2-HaarU4-brickwork,8,16,2.0,8,gaussian,Z,0.0,96,96,384,96,1.0,256,255,0.9445998703444772,0.4483528543447089,0.4752617769382219,0.016174391807111,0.0264225752257869,61.826126875469456,0.0004044605673999,49.72352471926792,2,36,0.1428521587792373,0.1411764705882353,1.0118694580195975,0.001675688191002,0.1411764705882353,0.0046167437396181,0.3629588917015873,0.8340732464691643,0.8323975582781622,0.6154904244120304,0.6138147362210283,,,0,4.551914400963142e-15,1.6653489929039586e-15,4.6629367034256575e-15,7.112366251504909e-17,-0.3408887480973307,10,0.2
v2_depth,prespecified depth-onset and saturation study,SU2-HaarU4-brickwork|n8|d64|i4|dir=gaussian|basis=Z|eta=0,SU2-HaarU4-brickwork|n8|d64|i4,SU2-HaarU4-brickwork,8,64,8.0,4,gaussian,Z,0.0,96,96,1536,96,1.0,256,255,0.9761175808019696,0.4834560345853921,0.4954228992211627,0.0063265937267282,0.0166773583754082,158.06293926781606,5.2334619543339297e-05,138.2310046159071,1,8,0.0315221922513571,0.0313725490196078,1.0047698780120102,0.0001496432317493,0.0313725490196078,0.0017402379445091,0.0859900982055345,0.3143960318936055,0.3142463886618561,0.1365158842466867,0.1363662410149373,,,0,1.0658141036401504e-14,2.597772876634751e-15,1.0769163338864018e-14,4.6837533851373785e-17,-0.3904440404798912,10,0.2
v2_depth,prespecified depth-onset and saturation study,SU2-HaarU4-brickwork|n8|d64|i4|dir=gaussian|basis=Z|eta=0,SU2-HaarU4-brickwork|n8|d64|i4,SU2-HaarU4-brickwork,8,64,8.0,4,gaussian,Z,0.0,96,96,1536,96,1.0,256,255,0.9761175808019696,0.4834560345853921,0.4954228992211627,0.0063265937267282,0.0166773583754082,158.06293926781606,5.2334619543339297e-05,138.2310046159071,2,36,0.1425732913019164,0.1411764705882353,1.009894146721908,0.0013968207136811,0.1411764705882353,0.0034760696638196,0.4018391024264646,0.6279960233822353,0.6265992026685541,0.2726861147676352,0.2712892940539541,,,0,1.0658141036401504e-14,2.597772876634751e-15,1.0769163338864018e-14,4.6837533851373785e-17,-0.3904440404798912,10,0.2
v2_depth,prespecified depth-onset and saturation study,SU2-HaarU4-brickwork|n12|d24|i0|dir=gaussian|basis=Z|eta=0,SU2-HaarU4-brickwork|n12|d24|i0,SU2-HaarU4-brickwork,12,24,2.0,0,gaussian,Z,0.0,96,96,864,96,1.0,4096,4095,0.9627674054777168,0.4667703300685639,0.4848229468789634,0.0047030949327782,0.0150707710272284,212.62594404176076,3.465259054732005e-05,169.8760470201414,1,12,0.0029473188157426,0.0029304029304029,1.0057725458721845,1.6915885339734843e-05,0.0029304029304029,0.0001454393129417,0.1163088919879089,0.4211857968624939,0.4211688809771541,0.2309760592922891,0.2309591434069494,,,0,5.3290705182007506e-15,9.0468326644929e-16,5.10702591327572e-15,2.2117724318704287e-17,-0.3952917745166328,10,0.2
v2_depth,prespecified depth-onset and saturation study,SU2-HaarU4-brickwork|n12|d24|i0|dir=gaussian|basis=Z|eta=0,SU2-HaarU4-brickwork|n12|d24|i0,SU2-HaarU4-brickwork,12,24,2.0,0,gaussian,Z,0.0,96,96,864,96,1.0,4096,4095,0.9627674054777168,0.4667703300685639,0.4848229468789634,0.0047030949327782,0.0150707710272284,212.62594404176076,3.465259054732005e-05,169.8760470201414,2,78,0.0176831520596251,0.019047619047619,0.9283654831303182,-0.0013644669879939,0.019047619047619,0.0003677898320228,-3.7099094895839744,1.065103034009247,1.0637385670212534,0.5840968602652901,0.5827323932772961,,,0,5.3290705182007506e-15,9.0468326644929e-16,5.10702591327572e-15,2.2117724318704287e-17,-0.3952917745166328,10,0.2
v2_depth,prespecified depth-onset and saturation study,SU2-HaarU4-brickwork|n12|d72|i8|dir=gaussian|basis=Z|eta=0,SU2-HaarU4-brickwork|n12|d72|i8,SU2-HaarU4-brickwork,12,72,6.0,8,gaussian,Z,0.0,96,96,2592,96,1.0,4096,4095,0.982878236781644,0.4863643931897058,0.4948242393673058,0.0016038343407481,0.0120037943996986,623.5057914606974,3.902496786506857e-06,506.207671969622,1,12,0.0024915444762034,0.0029304029304029,0.850239552504418,-0.0004388584541995,0.0029304029304029,0.0001295261996949,-3.388182894527468,0.3751021269946326,0.3746632685404331,0.1275452776455673,0.1271064191913678,,,0,9.658940314238862e-15,1.3127519904454488e-15,9.992007221626407e-15,2.4286128663675302e-17,-0.44239305572424,10,0.2
v2_depth,prespecified depth-onset and saturation study,SU2-HaarU4-brickwork|n12|d72|i8|dir=gaussian|basis=Z|eta=0,SU2-HaarU4-brickwork|n12|d72|i8,SU2-HaarU4-brickwork,12,72,6.0,8,gaussian,Z,0.0,96,96,2592,96,1.0,4096,4095,0.982878236781644,0.4863643931897058,0.4948242393673058,0.0016038343407481,0.0120037943996986,623.5057914606974,3.902496786506857e-06,506.207671969622,2,78,0.0182883614506106,0.019047619047619,0.9601389761570572,-0.0007592575970084,0.019047619047619,0.0003275484342217,-2.3180009967453485,0.9485657315641598,0.9478064739671512,0.322539039079223,0.3217797814822146,,,0,9.658940314238862e-15,1.3127519904454488e-15,9.992007221626407e-15,2.4286128663675302e-17,-0.44239305572424,10,0.2
v2_depth,prespecified depth-onset and saturation study,U1-RZ-XY-line|n8|d8|i0|dir=gaussian|basis=Z|eta=0,U1-RZ-XY-line|n8|d8|i0,U1-RZ-XY-line,8,8,1.0,0,gaussian,Z,0.0,96,96,92,96,1.0,70,69,0.6398408072465901,0.2310637081296422,0.3732958331230743,0.0925794865160882,0.1020317835315456,10.801528909173872,0.0110866456308649,9.497294757084726,1,7,0.5838228354594235,0.1014492753623188,5.754825092385746,0.4823735600971046,0.1014492753623188,0.0151026289062165,31.939708185410577,0.742029521857209,0.2596559617601044,0.700823967183293,0.2184504070861883,,,0,2.220446049250313e-16,2.2215299868541707e-16,2.220446049250313e-16,5.551115123125783e-17,-0.1282457975550365,10,0.2
v2_depth,prespecified depth-onset and saturation study,U1-RZ-XY-line|n8|d8|i0|dir=gaussian|basis=Z|eta=0,U1-RZ-XY-line|n8|d8|i0,U1-RZ-XY-line,8,8,1.0,0,gaussian,Z,0.0,96,96,92,96,1.0,70,69,0.6398408072465901,0.2310637081296422,0.3732958331230743,0.0925794865160882,0.1020317835315456,10.801528909173872,0.0110866456308649,9.497294757084726,2,27,0.94839176878149,0.391304347826087,2.423667853552697,0.5570874209554031,0.391304347826087,0.0244126100348939,22.819658371601157,1.1994519274735267,0.6423645065181236,1.132845302642021,0.5757578816866182,,,0,2.220446049250313e-16,2.2215299868541707e-16,2.220446049250313e-16,5.551115123125783e-17,-0.1282457975550365,10,0.2
v2_depth,prespecified depth-onset and saturation study,U1-RZ-XY-line|n8|d32|i0|dir=gaussian|basis=Z|eta=0,U1-RZ-XY-line|n8|d32|i0,U1-RZ-XY-line,8,32,4.0,0,gaussian,Z,0.0,96,96,368,96,1.0,70,69,0.7236123953751971,0.3251374787001845,0.4544532335872331,0.0603635605956176,0.0701514401727466,16.566285854128335,0.0044437040061109,15.001249645831864,1,7,0.4357484591231191,0.1014492753623188,4.29523481135646,0.3342991837608003,0.1014492753623188,0.0120425418228228,27.75985241979749,0.5916798728370012,0.2573806890762009,0.5371412550843033,0.202842071323503,,,0,6.661338147750939e-16,2.7417412923517107e-16,5.551115123125784e-16,8.326672684688674e-17,-0.1345755083427289,10,0.2
v2_depth,prespecified depth-onset and saturation study,U1-RZ-XY-line|n8|d32|i0|dir=gaussian|basis=Z|eta=0,U1-RZ-XY-line|n8|d32|i0,U1-RZ-XY-line,8,32,4.0,0,gaussian,Z,0.0,96,96,368,96,1.0,70,69,0.7236123953751971,0.3251374787001845,0.4544532335872331,0.0603635605956176,0.0701514401727466,16.566285854128335,0.0044437040061109,15.001249645831864,2,27,0.7234685383496066,0.391304347826087,1.8488640424489944,0.3321641905235196,0.391304347826087,0.0194661392513234,17.063691276170072,0.9564195803764804,0.6242553898529608,0.8682607561541152,0.5360965656305956,,,0,6.661338147750939e-16,2.7417412923517107e-16,5.551115123125784e-16,8.326672684688674e-17,-0.1345755083427289,10,0.2
v2_depth,prespecified depth-onset and saturation study,U1-RZ-XY-line|n8|d64|i0|dir=gaussian|basis=Z|eta=0,U1-RZ-XY-line|n8|d64|i0,U1-RZ-XY-line,8,64,8.0,0,gaussian,Z,0.0,96,96,736,96,1.0,70,69,0.7359653232051802,0.3768718524638539,0.5112921457283295,0.0565985558497282,0.0664256542262936,17.66829532992053,0.0036923775620714,16.45685900877253,1,7,0.4303647891790201,0.1014492753623188,4.242167207621769,0.3289155138167012,0.1014492753623188,0.0116324977297465,28.27557085832047,0.5715333921007572,0.2426178782840559,0.5146254887923429,0.1857099749756416,,,0,8.881784197001252e-16,5.759517063625514e-16,8.881784197001252e-16,8.326672684688674e-17,-0.1497244267461173,10,0.2
v2_depth,prespecified depth-onset and saturation study,U1-RZ-XY-line|n8|d64|i0|dir=gaussian|basis=Z|eta=0,U1-RZ-XY-line|n8|d64|i0,U1-RZ-XY-line,8,64,8.0,0,gaussian,Z,0.0,96,96,736,96,1.0,70,69,0.7359653232051802,0.3768718524638539,0.5112921457283295,0.0565985558497282,0.0664256542262936,17.66829532992053,0.0036923775620714,16.45685900877253,2,27,0.7528642718727167,0.391304347826087,1.923986472563609,0.3615599240466297,0.391304347826087,0.0188033244126921,19.228510667112584,0.9238538475597928,0.5622939235131632,0.8318651971070288,0.4703052730603991,,,0,8.881784197001252e-16,5.759517063625514e-16,8.881784197001252e-16,8.326672684688674e-17,-0.1497244267461173,10,0.2
v2_depth,prespecified depth-onset and saturation study,U1-RZ-XY-line|n12|d12|i0|dir=gaussian|basis=Z|eta=0,U1-RZ-XY-line|n12|d12|i0,U1-RZ-XY-line,12,12,1.0,0,gaussian,Z,0.0,96,96,210,96,1.0,924,923,0.6967301648805878,0.2758708368689442,0.4004276144403313,0.0457654575221597,0.0557054006729706,21.8505408695149,0.0028129761990979,18.85458471498092,1,11,0.3961677463699917,0.0119176598049837,33.242075445409306,0.3842500865650079,0.0119176598049837,0.0011799274096982,325.6557000089174,0.7705070538633579,0.38625696729835,0.696882210179559,0.312632123614551,,,0,9.992007221626409e-16,5.42993387521853e-16,8.881784197001252e-16,6.938893903907227e-17,-0.1945433926524239,10,0.2
v2_depth,prespecified depth-onset and saturation study,U1-RZ-XY-line|n12|d12|i0|dir=gaussian|basis=Z|eta=0,U1-RZ-XY-line|n12|d12|i0,U1-RZ-XY-line,12,12,1.0,0,gaussian,Z,0.0,96,96,210,96,1.0,924,923,0.6967301648805878,0.2758708368689442,0.4004276144403313,0.0457654575221597,0.0557054006729706,21.8505408695149,0.0028129761990979,18.85458471498092,2,65,0.6644405065399298,0.0704225352112676,9.435055192867004,0.5940179713286622,0.0704225352112676,0.0027820302659173,213.51959344439385,1.8166998463903303,1.2226818750616684,1.6431073509806913,1.049089379652029,,,0,9.992007221626409e-16,5.42993387521853e-16,8.881784197001252e-16,6.938893903907227e-17,-0.1945433926524239,10,0.2
v2_depth,prespecified depth-onset and saturation study,U1-RZ-XY-line|n12|d48|i0|dir=gaussian|basis=Z|eta=0,U1-RZ-XY-line|n12|d48|i0,U1-RZ-XY-line,12,48,4.0,0,gaussian,Z,0.0,96,96,840,96,1.0,924,923,0.7688110382926876,0.3472487712577807,0.4537225507856577,0.0291514652189232,0.0392644707895594,34.303593060936905,0.0011619503579036,29.33635909214997,1,11,0.3157611913305713,0.0119176598049837,26.49523450891976,0.3038435315255876,0.0119176598049837,0.0009864963889305,308.002679923628,0.6441942275720719,0.3403506960464843,0.5523304251262501,0.2484868936006625,,,0,1.9984014443252818e-15,8.777739356814639e-16,1.9984014443252818e-15,5.551115123125783e-17,-0.2133278349537847,10,0.2
v2_depth,prespecified depth-onset and saturation study,U1-RZ-XY-line|n12|d48|i0|dir=gaussian|basis=Z|eta=0,U1-RZ-XY-line|n12|d48|i0,U1-RZ-XY-line,12,48,4.0,0,gaussian,Z,0.0,96,96,840,96,1.0,924,923,0.7688110382926876,0.3472487712577807,0.4537225507856577,0.0291514652189232,0.0392644707895594,34.303593060936905,0.0011619503579036,29.33635909214997,2,65,0.5472167624551356,0.0704225352112676,7.770478026862925,0.476794227243868,0.0704225352112676,0.0023259590282122,204.98823128897885,1.5188797408248822,1.0420855135810143,1.3022834683373468,0.8254892410934788,,,0,1.9984014443252818e-15,8.777739356814639e-16,1.9984014443252818e-15,5.551115123125783e-17,-0.2133278349537847,10,0.2
v2_depth,prespecified depth-onset and saturation study,U1-RZ-XY-line|n12|d96|i0|dir=gaussian|basis=Z|eta=0,U1-RZ-XY-line|n12|d96|i0,U1-RZ-XY-line,12,96,8.0,0,gaussian,Z,0.0,96,96,1680,96,1.0,924,923,0.7705722444555603,0.373276170537884,0.4846087147140754,0.0251115440386349,0.0352666321215658,39.82232229374135,0.0008144552487194,35.04018470595362,1,11,0.309934212784155,0.0119176598049837,26.006298036343196,0.2980165529791713,0.0119176598049837,0.0009334219173424,319.2731469469457,0.6095359474079047,0.3115193944287334,0.5110375485283781,0.2130209955492068,,,0,3.1086244689504387e-15,9.71668156824763e-16,3.1086244689504387e-15,5.551115123125783e-17,-0.226499090605266,10,0.2
v2_depth,prespecified depth-onset and saturation study,U1-RZ-XY-line|n12|d96|i0|dir=gaussian|basis=Z|eta=0,U1-RZ-XY-line|n12|d96|i0,U1-RZ-XY-line,12,96,8.0,0,gaussian,Z,0.0,96,96,1680,96,1.0,924,923,0.7705722444555603,0.373276170537884,0.4846087147140754,0.0251115440386349,0.0352666321215658,39.82232229374135,0.0008144552487194,35.04018470595362,2,65,0.5646863064237037,0.0704225352112676,8.018545551216592,0.494263771212436,0.0704225352112676,0.0022008201551832,224.58162701225973,1.4371625236564052,0.9428987524439691,1.204923214208288,0.7106594429958519,,,0,3.1086244689504387e-15,9.71668156824763e-16,3.1086244689504387e-15,5.551115123125783e-17,-0.226499090605266,10,0.2
v2_depth,prespecified depth-onset and saturation study,RY-RZ-CZ-line|n8|d4|i1|dir=gaussian|basis=Z|eta=0,RY-RZ-CZ-line|n8|d4|i1,RY-RZ-CZ-line,8,4,0.5,1,gaussian,Z,0.0,96,96,64,96,1.0,256,255,0.8136102568774319,0.3451741954107147,0.429529096237214,0.06613584627035,0.0758635978717005,15.12039319663653,0.005955813001438,12.95774631896782,1,8,0.3777209460052106,0.0313725490196078,12.039855153916088,0.3463483969856027,0.0313725490196078,0.0041328181830842,83.80441181836134,0.7466459637885376,0.4002975668029349,0.6943339667210742,0.3479855697354714,,,0,0.0,2.418928670360387e-16,2.220446049250313e-16,1.3877787807814454e-16,-0.1700345548199024,10,0.2
v2_depth,prespecified depth-onset and saturation study,RY-RZ-CZ-line|n8|d4|i1|dir=gaussian|basis=Z|eta=0,RY-RZ-CZ-line|n8|d4|i1,RY-RZ-CZ-line,8,4,0.5,1,gaussian,Z,0.0,96,96,64,96,1.0,256,255,0.8136102568774319,0.3451741954107147,0.429529096237214,0.06613584627035,0.0758635978717005,15.12039319663653,0.005955813001438,12.95774631896782,2,36,0.6761413326919676,0.1411764705882353,4.789334439901437,0.5349648621037324,0.1411764705882353,0.0082551722065531,64.8035981222856,1.4914014445712696,0.9564365824675372,1.386909902691162,0.8519450405874296,,,0,0.0,2.418928670360387e-16,2.220446049250313e-16,1.3877787807814454e-16,-0.1700345548199024,10,0.2
v2_depth,prespecified depth-onset and saturation study,RY-RZ-CZ-line|n8|d16|i9|dir=gaussian|basis=Z|eta=0,RY-RZ-CZ-line|n8|d16|i9,RY-RZ-CZ-line,8,16,2.0,9,gaussian,Z,0.0,96,96,256,96,1.0,256,255,0.9182869744823932,0.4008792241548395,0.4398518582214271,0.0260789497197166,0.0362239606601362,38.34510249636175,0.0009629442033384,32.22548322801563,1,8,0.1445025764071162,0.0313725490196078,4.606019622976831,0.1131300273875084,0.0313725490196078,0.0027693146269821,40.8512728330873,0.5003117720397097,0.3871817446522012,0.4143645502964986,0.3012345229089902,,,0,3.3306690738754696e-16,1.4921710289218002e-16,4.440892098500626e-16,9.020562075079396e-17,-0.2616714592714574,10,0.2
v2_depth,prespecified depth-onset and saturation study,RY-RZ-CZ-line|n8|d16|i9|dir=gaussian|basis=Z|eta=0,RY-RZ-CZ-line|n8|d16|i9,RY-RZ-CZ-line,8,16,2.0,9,gaussian,Z,0.0,96,96,256,96,1.0,256,255,0.9182869744823932,0.4008792241548395,0.4398518582214271,0.0260789497197166,0.0362239606601362,38.34510249636175,0.0009629442033384,32.22548322801563,2,36,0.3615660249068702,0.1411764705882353,2.561092676423664,0.2203895543186348,0.1411764705882353,0.0055316174404758,39.841792511898014,0.9993567711394752,0.7789672168208404,0.8276799431897093,0.6072903888710743,,,0,3.3306690738754696e-16,1.4921710289218002e-16,4.440892098500626e-16,9.020562075079396e-17,-0.2616714592714574,10,0.2
v2_depth,prespecified depth-onset and saturation study,RY-RZ-CZ-line|n8|d64|i5|dir=gaussian|basis=Z|eta=0,RY-RZ-CZ-line|n8|d64|i5,RY-RZ-CZ-line,8,64,8.0,5,gaussian,Z,0.0,96,96,1024,96,1.0,256,255,0.9847530203423878,0.4780328896097045,0.4855590214022529,0.0078746043512746,0.0182092438892822,126.9905071279082,8.916247897339465e-05,105.90316333154496,1,8,0.0275638529759081,0.0313725490196078,0.8785978136070711,-0.0038086960436997,0.0313725490196078,0.0018417714781133,-2.067952560325852,0.3327393510759217,0.3289306550322219,0.1750204311913725,0.1712117351476728,,,0,1.9984014443252818e-15,3.9676372206356796e-16,1.887379141862766e-15,5.377642775528102e-17,-0.395225420751936,10,0.2
v2_depth,prespecified depth-onset and saturation study,RY-RZ-CZ-line|n8|d64|i5|dir=gaussian|basis=Z|eta=0,RY-RZ-CZ-line|n8|d64|i5,RY-RZ-CZ-line,8,64,8.0,5,gaussian,Z,0.0,96,96,1024,96,1.0,256,255,0.9847530203423878,0.4780328896097045,0.4855590214022529,0.0078746043512746,0.0182092438892822,126.9905071279082,8.916247897339465e-05,105.90316333154496,2,36,0.1329310305992726,0.1411764705882353,0.941594800078181,-0.0082454399889626,0.1411764705882353,0.0036788796514628,-2.241291036982991,0.6646362170664354,0.6563907770774727,0.3495977164114507,0.3413522764224881,,,0,1.9984014443252818e-15,3.9676372206356796e-16,1.887379141862766e-15,5.377642775528102e-17,-0.395225420751936,10,0.2
v2_depth,prespecified depth-onset and saturation study,RY-RZ-CZ-line|n12|d24|i1|dir=gaussian|basis=Z|eta=0,RY-RZ-CZ-line|n12|d24|i1,RY-RZ-CZ-line,12,24,2.0,1,gaussian,Z,0.0,96,96,576,96,1.0,4096,4095,0.9449566020807336,0.4367145275850517,0.4625065087745077,0.0073060321072599,0.0176465942728093,136.87320084540914,8.362103474413214e-05,109.3559030639678,1,12,0.0201235005766148,0.0029304029304029,6.86714457176983,0.0171930976462119,0.0029304029304029,0.0001575672500507,109.1159339309074,0.4563077645907633,0.4391146669445513,0.290677921767874,0.273484824121662,,,0,4.440892098500626e-16,3.6082248300317592e-16,5.551115123125784e-16,3.122502256758253e-17,-0.3646661369224082,10,0.2
v2_depth,prespecified depth-onset and saturation study,RY-RZ-CZ-line|n12|d24|i1|dir=gaussian|basis=Z|eta=0,RY-RZ-CZ-line|n12|d24|i1,RY-RZ-CZ-line,12,24,2.0,1,gaussian,Z,0.0,96,96,576,96,1.0,4096,4095,0.9449566020807336,0.4367145275850517,0.4625065087745077,0.0073060321072599,0.0176465942728093,136.87320084540914,8.362103474413214e-05,109.3559030639678,2,78,0.0651293768931943,0.019047619047619,3.4192922868927003,0.0460817578455752,0.019047619047619,0.000398459200998,115.64987765410986,1.1539201657036655,1.1078384078580903,0.7350721194797131,0.6889903616341378,,,0,4.440892098500626e-16,3.6082248300317592e-16,5.551115123125784e-16,3.122502256758253e-17,-0.3646661369224082,10,0.2
v2_depth,prespecified depth-onset and saturation study,RY-RZ-CZ-line|n12|d72|i9|dir=gaussian|basis=Z|eta=0,RY-RZ-CZ-line|n12|d72|i9,RY-RZ-CZ-line,12,72,6.0,9,gaussian,Z,0.0,96,96,1728,96,1.0,4096,4095,0.974569719898444,0.4727875812071091,0.4851303037701406,0.0028487191661245,0.0132357116748107,351.03495349470285,1.5634290403326372e-05,252.90703651855264,1,12,0.002939605394384,0.0029304029304029,1.00314034083357,9.20246398115757e-06,0.0029304029304029,0.0001361417398686,0.0675947287733755,0.3942604377937592,0.394251235329778,0.1765294297971828,0.1765202273332017,,,0,1.9984014443252818e-15,3.2057495054549874e-16,1.7763568394002505e-15,2.125036258071589e-17,-0.419612471611705,10,0.2
v2_depth,prespecified depth-onset and saturation study,RY-RZ-CZ-line|n12|d72|i9|dir=gaussian|basis=Z|eta=0,RY-RZ-CZ-line|n12|d72|i9,RY-RZ-CZ-line,12,72,6.0,9,gaussian,Z,0.0,96,96,1728,96,1.0,4096,4095,0.974569719898444,0.4727875812071091,0.4851303037701406,0.0028487191661245,0.0132357116748107,351.03495349470285,1.5634290403326372e-05,252.90703651855264,2,78,0.0178938622316292,0.019047619047619,0.9394277671605368,-0.0011537568159897,0.019047619047619,0.0003442779440085,-3.3512365112800717,0.997013649586675,0.9958598927706852,0.446411138907151,0.4452573820911613,,,0,1.9984014443252818e-15,3.2057495054549874e-16,1.7763568394002505e-15,2.125036258071589e-17,-0.419612471611705,10,0.2
v2_depth,prespecified depth-onset and saturation study,SU2-CNOT-line|n8|d8|i5|dir=gaussian|basis=Z|eta=0,SU2-CNOT-line|n8|d8|i5,SU2-CNOT-line,8,8,1.0,5,gaussian,Z,0.0,96,96,192,96,1.0,256,255,0.9358383566912062,0.4296619732284363,0.4597957225694886,0.0172063867847007,0.0274438202556934,58.11795425226418,0.000448407092659,47.22410798510354,1,8,0.0401044933958305,0.0313725490196078,1.278330726992099,0.0087319443762227,0.0313725490196078,0.0023631669463056,3.69501798841308,0.4269360480070416,0.4182041036308189,0.3208493671291231,0.3121174227529004,,,0,4.440892098500626e-16,1.4588189019024586e-16,4.440892098500626e-16,5.551115123125783e-17,-0.3239074244054867,10,0.2
v2_depth,prespecified depth-onset and saturation study,SU2-CNOT-line|n8|d8|i5|dir=gaussian|basis=Z|eta=0,SU2-CNOT-line|n8|d8|i5,SU2-CNOT-line,8,8,1.0,5,gaussian,Z,0.0,96,96,192,96,1.0,256,255,0.9358383566912062,0.4296619732284363,0.4597957225694886,0.0172063867847007,0.0274438202556934,58.11795425226418,0.000448407092659,47.22410798510354,2,36,0.1489795548620777,0.1411764705882353,1.0552718469397178,0.0078030842738424,0.1411764705882353,0.0047203504316827,1.6530730899699022,0.8527911079923602,0.8449880237185178,0.6408863542208542,0.6330832699470117,,,0,4.440892098500626e-16,1.4588189019024586e-16,4.440892098500626e-16,5.551115123125783e-17,-0.3239074244054867,10,0.2
v2_depth,prespecified depth-onset and saturation study,SU2-CNOT-line|n8|d48|i1|dir=gaussian|basis=Z|eta=0,SU2-CNOT-line|n8|d48|i1,SU2-CNOT-line,8,48,6.0,1,gaussian,Z,0.0,96,96,1152,96,1.0,256,255,0.9726435275004373,0.4786420400055537,0.4922100261301885,0.0056258786535097,0.0159839424175356,177.75001232494603,3.875804344199008e-05,160.62719573543995,1,8,0.0321076530433083,0.0313725490196078,1.0234314407554532,0.0007351040237004,0.0313725490196078,0.0016922765986364,0.4343876316039683,0.3057312071354495,0.3049961031117491,0.1149205456381611,0.1141854416144606,,,0,0.0,8.162537583656643e-17,0.0,5.377642775528102e-17,-0.3924997625534207,10,0.2
v2_depth,prespecified depth-onset and saturation study,SU2-CNOT-line|n8|d48|i1|dir=gaussian|basis=Z|eta=0,SU2-CNOT-line|n8|d48|i1,SU2-CNOT-line,8,48,6.0,1,gaussian,Z,0.0,96,96,1152,96,1.0,256,255,0.9726435275004373,0.4786420400055537,0.4922100261301885,0.0056258786535097,0.0159839424175356,177.75001232494603,3.875804344199008e-05,160.62719573543995,2,36,0.1383764321029692,0.1411764705882353,0.9801663940626986,-0.002800038485266,0.1411764705882353,0.0033802684086233,-0.8283479732328262,0.610688312917024,0.6078882744317579,0.2295501162371691,0.226750077751903,,,0,0.0,8.162537583656643e-17,0.0,5.377642775528102e-17,-0.3924997625534207,10,0.2
v2_depth,prespecified depth-onset and saturation study,SU2-CNOT-line|n12|d6|i9|dir=gaussian|basis=Z|eta=0,SU2-CNOT-line|n12|d6|i9,SU2-CNOT-line,12,6,0.5,9,gaussian,Z,0.0,96,96,216,96,1.0,4096,4095,0.9197193024227852,0.4063653025599918,0.442327730457921,0.0130937549002419,0.0233740282866977,76.37228645401963,0.0002375578761562,64.88066357928179,1,12,0.0352568589437668,0.0029304029304029,12.031403114560424,0.0323264560133638,0.0029304029304029,0.0001816551265121,177.9550989506993,0.5260651859983367,0.4937387299849728,0.3921005016587954,0.3597740456454315,,,0,8.881784197001252e-16,3.262433337514159e-16,6.661338147750939e-16,8.326672684688674e-17,-0.3754864837385644,10,0.2
v2_depth,prespecified depth-onset and saturation study,SU2-CNOT-line|n12|d6|i9|dir=gaussian|basis=Z|eta=0,SU2-CNOT-line|n12|d6|i9,SU2-CNOT-line,12,6,0.5,9,gaussian,Z,0.0,96,96,216,96,1.0,4096,4095,0.9197193024227852,0.4063653025599918,0.442327730457921,0.0130937549002419,0.0233740282866977,76.37228645401963,0.0002375578761562,64.88066357928179,2,78,0.1179916301311158,0.019047619047619,6.19456058188358,0.0989440110834967,0.019047619047619,0.0004593731028744,215.38921296080963,1.3303241226730993,1.2313801115896026,0.9915515600581264,0.8926075489746295,,,0,8.881784197001252e-16,3.262433337514159e-16,6.661338147750939e-16,8.326672684688674e-17,-0.3754864837385644,10,0.2
v2_depth,prespecified depth-onset and saturation study,SU2-CNOT-line|n12|d48|i5|dir=gaussian|basis=Z|eta=0,SU2-CNOT-line|n12|d48|i5,SU2-CNOT-line,12,48,4.0,5,gaussian,Z,0.0,96,96,1728,96,1.0,4096,4095,0.9886934814669508,0.4881814075846957,0.4937509588529422,0.0013503535829997,0.0117529540665101,740.5467816647921,2.5966704031431976e-06,620.5711563524566,1,12,0.0026576393183764,0.0029304029304029,0.9069194173959788,-0.0002727636120264,0.0029304029304029,0.0001281373112588,-2.128682187465877,0.3710799677112807,0.3708072040992543,0.115043219555819,0.1147704559437926,,,0,6.661338147750939e-16,1.0063732532012511e-16,4.440892098500626e-16,2.255140518769849e-17,-0.4534095849844181,10,0.2
v2_depth,prespecified depth-onset and saturation study,SU2-CNOT-line|n12|d48|i5|dir=gaussian|basis=Z|eta=0,SU2-CNOT-line|n12|d48|i5,SU2-CNOT-line,12,48,4.0,5,gaussian,Z,0.0,96,96,1728,96,1.0,4096,4095,0.9886934814669508,0.4881814075846957,0.4937509588529422,0.0013503535829997,0.0117529540665101,740.5467816647921,2.5966704031431976e-06,620.5711563524566,2,78,0.0185856195262056,0.019047619047619,0.9757450251257948,-0.0004619995214134,0.019047619047619,0.0003240361854749,-1.4257652142652415,0.9383944150385812,0.9379324155171676,0.290923585514681,0.2904615859932676,,,0,6.661338147750939e-16,1.0063732532012511e-16,4.440892098500626e-16,2.255140518769849e-17,-0.4534095849844181,10,0.2
v2_depth,prespecified depth-onset and saturation study,SU2-HaarU4-brickwork|n8|d4|i1|dir=gaussian|basis=Z|eta=0,SU2-HaarU4-brickwork|n8|d4|i1,SU2-HaarU4-brickwork,8,4,0.5,1,gaussian,Z,0.0,96,96,96,96,1.0,256,255,0.9090380020758032,0.4047704565795793,0.4491908974809115,0.0454405558695431,0.0553838834125687,22.00677304368668,0.0026990956353465,19.24823283952794,1,8,0.1701647690711637,0.0313725490196078,5.424002014143344,0.1387922200515559,0.0313725490196078,0.0034954220073538,39.70685649960312,0.6314922694181403,0.4927000493665844,0.5672137570940615,0.4284215370425056,,,0,8.881784197001252e-16,5.084878136355964e-16,8.881784197001252e-16,1.1102230246251563e-16,-0.2207333370581845,10,0.2
v2_depth,prespecified depth-onset and saturation study,SU2-HaarU4-brickwork|n8|d4|i1|dir=gaussian|basis=Z|eta=0,SU2-HaarU4-brickwork|n8|d4|i1,SU2-HaarU4-brickwork,8,4,0.5,1,gaussian,Z,0.0,96,96,96,96,1.0,256,255,0.9090380020758032,0.4047704565795793,0.4491908974809115,0.0454405558695431,0.0553838834125687,22.00677304368668,0.0026990956353465,19.24823283952794,2,36,0.3664845923245217,0.1411764705882353,2.595932528965362,0.2253081217362864,0.1411764705882353,0.0069819937212306,32.26988317837847,1.2613856211945442,1.0360774994582578,1.1329913476239797,0.9076832258876932,,,0,8.881784197001252e-16,5.084878136355964e-16,8.881784197001252e-16,1.1102230246251563e-16,-0.2207333370581845,10,0.2
v2_depth,prespecified depth-onset and saturation study,SU2-HaarU4-brickwork|n8|d16|i9|dir=gaussian|basis=Z|eta=0,SU2-HaarU4-brickwork|n8|d16|i9,SU2-HaarU4-brickwork,8,16,2.0,9,gaussian,Z,0.0,96,96,384,96,1.0,256,255,0.945323916748947,0.4499038915053887,0.4766190026965855,0.0155308306730249,0.0257857178535142,64.38805631542121,0.0003524520219082,53.26598921775792,1,8,0.0378540621337538,0.0313725490196078,1.2065982305134035,0.0064815131141459,0.0313725490196078,0.0022783542389141,2.844822373730138,0.4116135579175844,0.4051320448034384,0.2999339914443537,0.2934524783302077,,,0,5.551115123125784e-16,2.7186498649402843e-16,4.440892098500626e-16,7.28583859910259e-17,-0.305145095298323,10,0.2
v2_depth,prespecified depth-onset and saturation study,SU2-HaarU4-brickwork|n8|d16|i9|dir=gaussian|basis=Z|eta=0,SU2-HaarU4-brickwork|n8|d16|i9,SU2-HaarU4-brickwork,8,16,2.0,9,gaussian,Z,0.0,96,96,384,96,1.0,256,255,0.945323916748947,0.4499038915053887,0.4766190026965855,0.0155308306730249,0.0257857178535142,64.38805631542121,0.0003524520219082,53.26598921775792,2,36,0.1466380163885004,0.1411764705882353,1.0386859494185443,0.0054615458002651,0.1411764705882353,0.0045509397598833,1.2000918685869564,0.8221849238540402,0.816723378053775,0.5991085598941571,0.593647014093892,,,0,5.551115123125784e-16,2.7186498649402843e-16,4.440892098500626e-16,7.28583859910259e-17,-0.305145095298323,10,0.2
v2_depth,prespecified depth-onset and saturation study,SU2-HaarU4-brickwork|n8|d64|i5|dir=gaussian|basis=Z|eta=0,SU2-HaarU4-brickwork|n8|d64|i5,SU2-HaarU4-brickwork,8,64,8.0,5,gaussian,Z,0.0,96,96,1536,96,1.0,256,255,0.993293963342334,0.4865823305863238,0.489829923397961,0.0067372709096485,0.0170837576710063,148.4280524578405,6.163619064119443e-05,127.37438646455152,1,8,0.0290512495261524,0.0313725490196078,0.926008578646109,-0.0023212994934554,0.0313725490196078,0.001767742567098,-1.3131434048488626,0.3193650904226212,0.3170437909291658,0.1477123291895357,0.1453910296960802,,,0,7.771561172376096e-15,1.4502329759668354e-15,7.549516567451064e-15,5.2041704279304207e-17,-0.389441366300568,10,0.2
v2_depth,prespecified depth-onset and saturation study,SU2-HaarU4-brickwork|n8|d64|i5|dir=gaussian|basis=Z|eta=0,SU2-HaarU4-brickwork|n8|d64|i5,SU2-HaarU4-brickwork,8,64,8.0,5,gaussian,Z,0.0,96,96,1536,96,1.0,256,255,0.993293963342334,0.4865823305863238,0.489829923397961,0.0067372709096485,0.0170837576710063,148.4280524578405,6.163619064119443e-05,127.37438646455152,2,36,0.1363275151322905,0.1411764705882353,0.9656532321870582,-0.0048489554559447,0.1411764705882353,0.0035310092681982,-1.373249144264902,0.6379215589476188,0.633072603491674,0.2950506556232486,0.2902017001673039,,,0,7.771561172376096e-15,1.4502329759668354e-15,7.549516567451064e-15,5.2041704279304207e-17,-0.389441366300568,10,0.2
v2_depth,prespecified depth-onset and saturation study,SU2-HaarU4-brickwork|n12|d24|i1|dir=gaussian|basis=Z|eta=0,SU2-HaarU4-brickwork|n12|d24|i1,SU2-HaarU4-brickwork,12,24,2.0,1,gaussian,Z,0.0,96,96,864,96,1.0,4096,4095,0.9626551105888046,0.4683665604040914,0.4865131691075176,0.0047742355801988,0.0151411706262384,209.4576154028724,3.664256782102531e-05,165.19886144458889,1,12,0.0031529672323175,0.0029304029304029,1.075950068028367,0.0002225643019146,0.0029304029304029,0.0001457841918812,1.5266696549366203,0.4221845509685528,0.4219619866666382,0.2328113530008835,0.2325887886989688,,,0,9.547918011776346e-15,2.0834179281944917e-15,9.547918011776346e-15,2.0816681711721685e-17,-0.3995655456240356,10,0.2
v2_depth,prespecified depth-onset and saturation study,SU2-HaarU4-brickwork|n12|d24|i1|dir=gaussian|basis=Z|eta=0,SU2-HaarU4-brickwork|n12|d24|i1,SU2-HaarU4-brickwork,12,24,2.0,1,gaussian,Z,0.0,96,96,864,96,1.0,4096,4095,0.9626551105888046,0.4683665604040914,0.4865131691075176,0.0047742355801988,0.0151411706262384,209.4576154028724,3.664256782102531e-05,165.19886144458889,2,78,0.0188436345369157,0.019047619047619,0.9892908131880755,-0.0002039845107033,0.019047619047619,0.0003686619687559,-0.5533104252431879,1.067628703289923,1.0674247187792196,0.5887379875584788,0.5885340030477755,,,0,9.547918011776346e-15,2.0834179281944917e-15,9.547918011776346e-15,2.0816681711721685e-17,-0.3995655456240356,10,0.2
v2_depth,prespecified depth-onset and saturation study,SU2-HaarU4-brickwork|n12|d72|i9|dir=gaussian|basis=Z|eta=0,SU2-HaarU4-brickwork|n12|d72|i9,SU2-HaarU4-brickwork,12,72,6.0,9,gaussian,Z,0.0,96,96,2592,96,1.0,4096,4095,0.9861536546397436,0.4870893440335918,0.4939722844047291,0.0016037295587079,0.012003690709138,623.5465291327836,3.7346142807881514e-06,517.46040396119,1,12,0.0026731846879854,0.0029304029304029,0.9122242747750444,-0.0002572182424174,0.0029304029304029,0.0001295256286431,-1.9858482457248872,0.3751004732540763,0.3748432550116589,0.1275403628262292,0.1272831445838117,,,0,1.5099033134902132e-14,2.097289159774362e-15,1.5099033134902132e-14,2.775557561562892e-17,-0.4508502260380734,10,0.2
v2_depth,prespecified depth-onset and saturation study,SU2-HaarU4-brickwork|n12|d72|i9|dir=gaussian|basis=Z|eta=0,SU2-HaarU4-brickwork|n12|d72|i9,SU2-HaarU4-brickwork,12,72,6.0,9,gaussian,Z,0.0,96,96,2592,96,1.0,4096,4095,0.9861536546397436,0.4870893440335918,0.4939722844047291,0.0016037295587079,0.012003690709138,623.5465291327836,3.7346142807881514e-06,517.46040396119,2,78,0.0178240756768117,0.019047619047619,0.9357639730326168,-0.0012235433708072,0.019047619047619,0.0003275469901347,-3.7354743217274815,0.9485615495520954,0.947338006181288,0.3225266103861671,0.3213030670153598,,,0,1.5099033134902132e-14,2.097289159774362e-15,1.5099033134902132e-14,2.775557561562892e-17,-0.4508502260380734,10,0.2
v2_depth,prespecified depth-onset and saturation study,U1-RZ-XY-line|n8|d8|i1|dir=gaussian|basis=Z|eta=0,U1-RZ-XY-line|n8|d8|i1,U1-RZ-XY-line,8,8,1.0,1,gaussian,Z,0.0,96,96,92,96,1.0,70,69,0.5867088977041562,0.2541889098327939,0.4484267292858703,0.0846751410752544,0.0942097750223872,11.809841557999375,0.008810649490284,10.65359144196984,1,7,0.460118543852426,0.1014492753623188,4.535454217973914,0.3586692684901072,0.1014492753623188,0.0144120983796828,24.88667916642413,0.7081020487256433,0.3494327802355361,0.6644072890275927,0.3057380205374855,,,0,3.3306690738754696e-16,2.917637803804917e-16,3.3306690738754696e-16,1.3877787807814454e-16,-0.0872461501907696,10,0.2
v2_depth,prespecified depth-onset and saturation study,U1-RZ-XY-line|n8|d8|i1|dir=gaussian|basis=Z|eta=0,U1-RZ-XY-line|n8|d8|i1,U1-RZ-XY-line,8,8,1.0,1,gaussian,Z,0.0,96,96,92,96,1.0,70,69,0.5867088977041562,0.2541889098327939,0.4484267292858703,0.0846751410752544,0.0942097750223872,11.809841557999375,0.008810649490284,10.65359144196984,2,27,0.7681193596778068,0.391304347826087,1.9629716969543949,0.3768150118517198,0.391304347826087,0.0232964035409027,16.174814760146383,1.144609940944325,0.7677949290926056,1.0739796463313236,0.6971646344796039,,,0,3.3306690738754696e-16,2.917637803804917e-16,3.3306690738754696e-16,1.3877787807814454e-16,-0.0872461501907696,10,0.2
v2_depth,prespecified depth-onset and saturation study,U1-RZ-XY-line|n8|d32|i1|dir=gaussian|basis=Z|eta=0,U1-RZ-XY-line|n8|d32|i1,U1-RZ-XY-line,8,32,4.0,1,gaussian,Z,0.0,96,96,368,96,1.0,70,69,0.7443843494415102,0.3330108579615115,0.4466376021901685,0.0628945826326347,0.0726560973968781,15.899620573698176,0.0049396790125248,14.228222093291633,1,7,0.428343176574578,0.1014492753623188,4.222239883377982,0.3268939012122591,0.1014492753623188,0.0123105191893699,26.55403043395029,0.6048462638277569,0.2779523626154977,0.5517612615176878,0.2248673603054286,,,0,2.220446049250313e-16,1.9540102647498283e-16,3.3306690738754696e-16,5.551115123125783e-17,-0.1655201802303958,10,0.2
v2_depth,prespecified depth-onset and saturation study,U1-RZ-XY-line|n8|d32|i1|dir=gaussian|basis=Z|eta=0,U1-RZ-XY-line|n8|d32|i1,U1-RZ-XY-line,8,32,4.0,1,gaussian,Z,0.0,96,96,368,96,1.0,70,69,0.7443843494415102,0.3330108579615115,0.4466376021901685,0.0628945826326347,0.0726560973968781,15.899620573698176,0.0049396790125248,14.228222093291633,2,27,0.7511033090308473,0.391304347826087,1.919486234189943,0.3597989612047603,0.391304347826087,0.0198993106540188,18.08097614336688,0.9777023630509558,0.6179034018461955,0.8918932321940278,0.5320942709892675,,,0,2.220446049250313e-16,1.9540102647498283e-16,3.3306690738754696e-16,5.551115123125783e-17,-0.1655201802303958,10,0.2
v2_depth,prespecified depth-onset and saturation study,U1-RZ-XY-line|n8|d64|i1|dir=gaussian|basis=Z|eta=0,U1-RZ-XY-line|n8|d64|i1,U1-RZ-XY-line,8,64,8.0,1,gaussian,Z,0.0,96,96,736,96,1.0,70,69,0.7353086684736757,0.3745510860881795,0.508233883842499,0.0600884850652726,0.0698792300125094,16.642123676669893,0.0042532690940678,15.333403694184526,1,7,0.4343043524291367,0.1014492753623188,4.281000045372919,0.3328550770668179,0.1014492753623188,0.0120130574751781,27.70777362503901,0.5902312338933493,0.2573761568265314,0.535528283747637,0.202673206680819,,,0,2.220446049250313e-16,1.0156654106852379e-16,0.0,8.326672684688674e-17,-0.0993557521001006,10,0.2
v2_depth,prespecified depth-onset and saturation study,U1-RZ-XY-line|n8|d64|i1|dir=gaussian|basis=Z|eta=0,U1-RZ-XY-line|n8|d64|i1,U1-RZ-XY-line,8,64,8.0,1,gaussian,Z,0.0,96,96,736,96,1.0,70,69,0.7353086684736757,0.3745510860881795,0.508233883842499,0.0600884850652726,0.0698792300125094,16.642123676669893,0.0042532690940678,15.333403694184526,2,27,0.7070776744192608,0.391304347826087,1.8069762790714443,0.3157733265931738,0.391304347826087,0.0194184793448493,16.261485824168375,0.9540779312614592,0.6383046046682852,0.8656534723173727,0.5498801457241989,,,0,2.220446049250313e-16,1.0156654106852379e-16,0.0,8.326672684688674e-17,-0.0993557521001006,10,0.2
v2_depth,prespecified depth-onset and saturation study,U1-RZ-XY-line|n12|d12|i1|dir=gaussian|basis=Z|eta=0,U1-RZ-XY-line|n12|d12|i1,U1-RZ-XY-line,12,12,1.0,1,gaussian,Z,0.0,96,96,210,96,1.0,924,923,0.6675762748474033,0.277003788586622,0.4172890015343893,0.0525337245997507,0.0624031649685033,19.03539122000013,0.0034404795994464,17.04867007865681,1,11,0.4744516691323748,0.0119176598049837,39.810808237198366,0.4625340093273911,0.0119176598049837,0.0012501776752327,369.9746192006404,0.8163813378957424,0.3538473285683513,0.7478024282982423,0.2852684189708512,,,0,2.220446049250313e-16,1.80944215311192e-16,2.220446049250313e-16,1.52655665885959e-16,-0.1533660016342245,10,0.2
v2_depth,prespecified depth-onset and saturation study,U1-RZ-XY-line|n12|d12|i1|dir=gaussian|basis=Z|eta=0,U1-RZ-XY-line|n12|d12|i1,U1-RZ-XY-line,12,12,1.0,1,gaussian,Z,0.0,96,96,210,96,1.0,924,923,0.6675762748474033,0.277003788586622,0.4172890015343893,0.0525337245997507,0.0624031649685033,19.03539122000013,0.0034404795994464,17.04867007865681,2,65,0.7635751631585777,0.0704225352112676,10.842767316851802,0.69315262794731,0.0704225352112676,0.0029476661883471,235.1530273975751,1.924862132948292,1.2317095050009823,1.7631669298911516,1.0700143019438415,,,0,2.220446049250313e-16,1.80944215311192e-16,2.220446049250313e-16,1.52655665885959e-16,-0.1533660016342245,10,0.2
v2_depth,prespecified depth-onset and saturation study,U1-RZ-XY-line|n12|d48|i1|dir=gaussian|basis=Z|eta=0,U1-RZ-XY-line|n12|d48|i1,U1-RZ-XY-line,12,48,4.0,1,gaussian,Z,0.0,96,96,840,96,1.0,924,923,0.7426534300756621,0.3523131977437175,0.4768281193301542,0.0270140884709432,0.0371493583827042,37.01772136696806,0.0008856003698669,33.60323625560754,1,11,0.3018098189030773,0.0119176598049837,25.324587531594577,0.2898921590980935,0.0119176598049837,0.000958782676643,302.3543980926897,0.626096833926691,0.3362046748285975,0.5308841230540767,0.2409919639559832,,,0,5.551115123125784e-16,3.3669726959316686e-16,6.661338147750939e-16,8.326672684688674e-17,-0.2162574790473788,10,0.2
v2_depth,prespecified depth-onset and saturation study,U1-RZ-XY-line|n12|d48|i1|dir=gaussian|basis=Z|eta=0,U1-RZ-XY-line|n12|d48|i1,U1-RZ-XY-line,12,48,4.0,1,gaussian,Z,0.0,96,96,840,96,1.0,924,923,0.7426534300756621,0.3523131977437175,0.4768281193301542,0.0270140884709432,0.0371493583827042,37.01772136696806,0.0008856003698669,33.60323625560754,2,65,0.5730683485719077,0.0704225352112676,8.137570549721088,0.5026458133606401,0.0704225352112676,0.0022606156979945,222.3490767610546,1.4762097456693817,0.9735639323087414,1.2517174242176945,0.7490716108570542,,,0,5.551115123125784e-16,3.3669726959316686e-16,6.661338147750939e-16,8.326672684688674e-17,-0.2162574790473788,10,0.2
v2_depth,prespecified depth-onset and saturation study,U1-RZ-XY-line|n12|d96|i1|dir=gaussian|basis=Z|eta=0,U1-RZ-XY-line|n12|d96|i1,U1-RZ-XY-line,12,96,8.0,1,gaussian,Z,0.0,96,96,1680,96,1.0,924,923,0.7648698236123025,0.3643937575642348,0.4772258266467957,0.0237944891124901,0.0339632965175683,42.02653796315727,0.0006776931484829,38.413462262770175,1,11,0.2991710854564761,0.0119176598049837,25.103173806938862,0.2872534256514923,0.0119176598049837,0.0009154542541363,313.78239202404166,0.597802843211892,0.3105494175603996,0.4968344091912303,0.2095809835397379,,,0,4.440892098500626e-16,2.1258857487561804e-16,4.440892098500626e-16,1.0408340855860844e-16,-0.2287608584043819,10,0.2
v2_depth,prespecified depth-onset and saturation study,U1-RZ-XY-line|n12|d96|i1|dir=gaussian|basis=Z|eta=0,U1-RZ-XY-line|n12|d96|i1,U1-RZ-XY-line,12,96,8.0,1,gaussian,Z,0.0,96,96,1680,96,1.0,924,923,0.7648698236123025,0.3643937575642348,0.4772258266467957,0.0237944891124901,0.0339632965175683,42.02653796315727,0.0006776931484829,38.413462262770175,2,65,0.5578550531321026,0.0704225352112676,7.921541754475856,0.487432517920835,0.0704225352112676,0.0021584560381738,225.8246215351352,1.4094982362450168,0.9220657183241818,1.1714350833434497,0.6840025654226147,,,0,4.440892098500626e-16,2.1258857487561804e-16,4.440892098500626e-16,1.0408340855860844e-16,-0.2287608584043819,10,0.2
v2_depth,prespecified depth-onset and saturation study,RY-RZ-CZ-line|n8|d4|i10|dir=gaussian|basis=Z|eta=0,RY-RZ-CZ-line|n8|d4|i10,RY-RZ-CZ-line,8,4,0.5,10,gaussian,Z,0.0,96,96,64,96,1.0,256,255,0.8295099539482566,0.3209353130260298,0.3890756811168663,0.0517768145696555,0.0616541394178882,19.313664007945032,0.0032870309772132,17.44207306970629,1,8,0.3646147783625842,0.0313725490196078,11.622096060307372,0.3332422293429763,0.0313725490196078,0.0037022471386467,90.01080070110771,0.668857849670833,0.3356156203278566,0.6089591440682197,0.2757169147252433,,,0,0.0,1.4008361993460574e-16,0.0,8.326672684688674e-17,-0.2651224866722673,10,0.2
v2_depth,prespecified depth-onset and saturation study,RY-RZ-CZ-line|n8|d4|i10|dir=gaussian|basis=Z|eta=0,RY-RZ-CZ-line|n8|d4|i10,RY-RZ-CZ-line,8,4,0.5,10,gaussian,Z,0.0,96,96,64,96,1.0,256,255,0.8295099539482566,0.3209353130260298,0.3890756811168663,0.0517768145696555,0.0616541394178882,19.313664007945032,0.0032870309772132,17.44207306970629,2,36,0.6910560158797668,0.1411764705882353,4.894980112481682,0.5498795452915315,0.1411764705882353,0.0073951203093911,74.35707903132158,1.3360221732805506,0.7861426279890191,1.2163764236264518,0.6664968783349203,,,0,0.0,1.4008361993460574e-16,0.0,8.326672684688674e-17,-0.2651224866722673,10,0.2
v2_depth,prespecified depth-onset and saturation study,RY-RZ-CZ-line|n8|d32|i6|dir=gaussian|basis=Z|eta=0,RY-RZ-CZ-line|n8|d32|i6,RY-RZ-CZ-line,8,32,4.0,6,gaussian,Z,0.0,96,96,512,96,1.0,256,255,0.9384286302328272,0.4498077375400358,0.4794428217958615,0.0127347454096199,0.0230187584782697,78.52532326595153,0.0002430993844954,64.1369155820145,1,8,0.0326607397328771,0.0313725490196078,1.0410610789854595,0.0012881907132693,0.0313725490196078,0.0021293139068827,0.6049792419545899,0.3846875337318557,0.3833993430185864,0.2613302119779023,0.260042021264633,,,0,2.997602166487923e-15,1.1310609910872277e-15,2.997602166487923e-15,4.510281037539698e-17,-0.3456169041385744,10,0.2
v2_depth,prespecified depth-onset and saturation study,RY-RZ-CZ-line|n8|d32|i6|dir=gaussian|basis=Z|eta=0,RY-RZ-CZ-line|n8|d32|i6,RY-RZ-CZ-line,8,32,4.0,6,gaussian,Z,0.0,96,96,512,96,1.0,256,255,0.9384286302328272,0.4498077375400358,0.4794428217958615,0.0127347454096199,0.0230187584782697,78.52532326595153,0.0002430993844954,64.1369155820145,2,36,0.148440229177435,0.1411764705882353,1.0514516233401647,0.0072637585891997,0.1411764705882353,0.0042532364610358,1.7078191292074565,0.7684010512895996,0.7611372927003999,0.5219987444602896,0.5147349858710899,,,0,2.997602166487923e-15,1.1310609910872277e-15,2.997602166487923e-15,4.510281037539698e-17,-0.3456169041385744,10,0.2
v2_depth,prespecified depth-onset and saturation study,RY-RZ-CZ-line|n12|d6|i2|dir=gaussian|basis=Z|eta=0,RY-RZ-CZ-line|n12|d6|i2,RY-RZ-CZ-line,12,6,0.5,2,gaussian,Z,0.0,96,96,144,96,1.0,4096,4095,0.8684940592627118,0.3651952835290535,0.42245809555983,0.0256707029864713,0.0358199664970289,38.95491294208054,0.0009450752258179,32.52870774910453,1,12,0.2122811889973955,0.0029304029304029,72.44095574536122,0.2093507860669926,0.0029304029304029,0.0002252882741732,929.2573563149288,0.65242484553993,0.4430740594729373,0.5515649681855289,0.3422141821185362,,,0,6.661338147750939e-16,4.1792437246128093e-16,8.881784197001252e-16,1.1102230246251563e-16,-0.3198908375850623,10,0.2
v2_depth,prespecified depth-onset and saturation study,RY-RZ-CZ-line|n12|d6|i2|dir=gaussian|basis=Z|eta=0,RY-RZ-CZ-line|n12|d6|i2,RY-RZ-CZ-line,12,6,0.5,2,gaussian,Z,0.0,96,96,144,96,1.0,4096,4095,0.8684940592627118,0.3651952835290535,0.42245809555983,0.0256707029864713,0.0358199664970289,38.95491294208054,0.0009450752258179,32.52870774910453,2,78,0.454951738839332,0.019047619047619,23.88496628906493,0.435904119791713,0.019047619047619,0.0005697134759436,765.1286799380564,1.6498649470709963,1.2139608272792832,1.3948084798771492,0.958904360085436,,,0,6.661338147750939e-16,4.1792437246128093e-16,8.881784197001252e-16,1.1102230246251563e-16,-0.3198908375850623,10,0.2
v2_depth,prespecified depth-onset and saturation study,RY-RZ-CZ-line|n12|d24|i10|dir=gaussian|basis=Z|eta=0,RY-RZ-CZ-line|n12|d24|i10,RY-RZ-CZ-line,12,24,2.0,10,gaussian,Z,0.0,96,96,576,96,1.0,4096,4095,0.9663754638809692,0.4517497719368253,0.4677640225915919,0.008218360876352,0.0185494196172233,121.6787647859869,0.0001340064193407,86.38477342882116,1,12,0.0242647912358307,0.0029304029304029,8.280360009227234,0.0213343883054277,0.0029304029304029,0.0001616028164869,132.01742871328906,0.4679945859242063,0.4466601976187785,0.308884310934716,0.2875499226292882,,,0,2.220446049250313e-16,9.724127023599915e-17,1.1102230246251563e-16,3.816391647148976e-17,-0.4017822511830101,10,0.2
v2_depth,prespecified depth-onset and saturation study,RY-RZ-CZ-line|n12|d24|i10|dir=gaussian|basis=Z|eta=0,RY-RZ-CZ-line|n12|d24|i10,RY-RZ-CZ-line,12,24,2.0,10,gaussian,Z,0.0,96,96,576,96,1.0,4096,4095,0.9663754638809692,0.4517497719368253,0.4677640225915919,0.008218360876352,0.0185494196172233,121.6787647859869,0.0001340064193407,86.38477342882116,2,78,0.0647574765008929,0.019047619047619,3.399767516296877,0.0457098574532738,0.019047619047619,0.0004086644217987,111.85181536499312,1.1834740323176387,1.1377641748643648,0.7811127991142339,0.7354029416609601,,,0,2.220446049250313e-16,9.724127023599915e-17,1.1102230246251563e-16,3.816391647148976e-17,-0.4017822511830101,10,0.2
v2_depth,prespecified depth-onset and saturation study,RY-RZ-CZ-line|n12|d96|i6|dir=gaussian|basis=Z|eta=0,RY-RZ-CZ-line|n12|d96|i6,RY-RZ-CZ-line,12,96,8.0,6,gaussian,Z,0.0,96,96,2304,96,1.0,4096,4095,0.9887387172034816,0.4861436773326463,0.4917707074845691,0.0017093172365807,0.0121081785153663,585.0289101397937,4.47980167572399e-06,472.4660491325352,1,12,0.0025067939046666,0.0029304029304029,0.855443419967502,-0.0004236090257362,0.0029304029304029,0.0001300997997022,-3.256031344442384,0.3767632471641691,0.3763396381384328,0.132400465675283,0.1319768566495467,,,0,1.3322676295501878e-15,2.5596578211160923e-16,1.7763568394002505e-15,2.255140518769849e-17,-0.4454124352729813,10,0.2
v2_depth,prespecified depth-onset and saturation study,RY-RZ-CZ-line|n12|d96|i6|dir=gaussian|basis=Z|eta=0,RY-RZ-CZ-line|n12|d96|i6,RY-RZ-CZ-line,12,96,8.0,6,gaussian,Z,0.0,96,96,2304,96,1.0,4096,4095,0.9887387172034816,0.4861436773326463,0.4917707074845691,0.0017093172365807,0.0121081785153663,585.0289101397937,4.47980167572399e-06,472.4660491325352,2,78,0.01759486055815,0.019047619047619,0.9237301793028784,-0.0014527584894689,0.019047619047619,0.0003289989653476,-4.4156931859464255,0.9527664053418772,0.9513136468524082,0.3348169352942843,0.3333641768048153,,,0,1.3322676295501878e-15,2.5596578211160923e-16,1.7763568394002505e-15,2.255140518769849e-17,-0.4454124352729813,10,0.2
v2_depth,prespecified depth-onset and saturation study,SU2-CNOT-line|n8|d16|i2|dir=gaussian|basis=Z|eta=0,SU2-CNOT-line|n8|d16|i2,SU2-CNOT-line,8,16,2.0,2,gaussian,Z,0.0,96,96,384,96,1.0,256,255,0.966316815653506,0.465675772160333,0.4815870092513434,0.0101797750747819,0.0204904024177529,98.23399757400088,0.0001444338776358,83.20807302560301,1,8,0.0298321907082838,0.0313725490196078,0.9509010788265474,-0.001540358311324,0.0313725490196078,0.00198335716042,-0.7766419190973,0.3583185983453045,0.3567782400339805,0.2202157225774255,0.2186753642661015,,,0,1.3322676295501878e-15,3.3871558665088813e-16,1.3322676295501878e-15,3.122502256758253e-17,-0.3764652773720118,10,0.2
v2_depth,prespecified depth-onset and saturation study,SU2-CNOT-line|n8|d16|i2|dir=gaussian|basis=Z|eta=0,SU2-CNOT-line|n8|d16|i2,SU2-CNOT-line,8,16,2.0,2,gaussian,Z,0.0,96,96,384,96,1.0,256,255,0.966316815653506,0.465675772160333,0.4815870092513434,0.0101797750747819,0.0204904024177529,98.23399757400088,0.0001444338776358,83.20807302560301,2,36,0.132145427130192,0.1411764705882353,0.9360301088388604,-0.0090310434580432,0.1411764705882353,0.0039616925257885,-2.2795922195515788,0.7157299457930099,0.7066989023349666,0.4398738661932888,0.4308428227352455,,,0,1.3322676295501878e-15,3.3871558665088813e-16,1.3322676295501878e-15,3.122502256758253e-17,-0.3764652773720118,10,0.2
v2_depth,prespecified depth-onset and saturation study,SU2-CNOT-line|n8|d48|i10|dir=gaussian|basis=Z|eta=0,SU2-CNOT-line|n8|d48|i10,SU2-CNOT-line,8,48,6.0,10,gaussian,Z,0.0,96,96,1152,96,1.0,256,255,0.9891989961849914,0.4827729896236648,0.4878897562456565,0.0058128636595911,0.016168979663137,172.0322475394747,4.690116847125418e-05,146.01859613157438,1,8,0.0320564522184375,0.0313725490196078,1.0217994144626974,0.0006839031988297,0.0313725490196078,0.0017052069909836,0.4010675551096664,0.3080672463291836,0.3073833431303539,0.1210606554098829,0.1203767522110532,,,0,6.661338147750939e-16,1.0421343160562915e-16,6.661338147750939e-16,4.8572257327350605e-17,-0.3921536413883803,10,0.2
v2_depth,prespecified depth-onset and saturation study,SU2-CNOT-line|n8|d48|i10|dir=gaussian|basis=Z|eta=0,SU2-CNOT-line|n8|d48|i10,SU2-CNOT-line,8,48,6.0,10,gaussian,Z,0.0,96,96,1152,96,1.0,256,255,0.9891989961849914,0.4827729896236648,0.4878897562456565,0.0058128636595911,0.016168979663137,172.0322475394747,4.690116847125418e-05,146.01859613157438,2,36,0.1421394760364479,0.1411764705882353,1.0068212885915062,0.0009630054482126,0.1411764705882353,0.0034060964539899,0.2827299406288316,0.6153544765301401,0.6143914710819274,0.2418147892247614,0.2408517837765487,,,0,6.661338147750939e-16,1.0421343160562915e-16,6.661338147750939e-16,4.8572257327350605e-17,-0.3921536413883803,10,0.2
v2_depth,prespecified depth-onset and saturation study,SU2-CNOT-line|n12|d12|i6|dir=gaussian|basis=Z|eta=0,SU2-CNOT-line|n12|d12|i6,SU2-CNOT-line,12,12,1.0,6,gaussian,Z,0.0,96,96,432,96,1.0,4096,4095,0.9612924039655912,0.4463197059109935,0.4642597030763523,0.0058440416531559,0.0161998328859356,171.11445457613476,4.714486151082338e-05,145.64072018809696,1,12,0.0058020000755893,0.0029304029304029,1.979932525794871,0.0028715971451864,0.0029304029304029,0.000150875412666,19.03290333689437,0.4369285004540527,0.4340569033088663,0.2588458603249698,0.2559742631797834,,,0,1.7763568394002505e-15,3.983176404933937e-16,1.6653345369377348e-15,2.775557561562892e-17,-0.4092517743567747,10,0.2
v2_depth,prespecified depth-onset and saturation study,SU2-CNOT-line|n12|d12|i6|dir=gaussian|basis=Z|eta=0,SU2-CNOT-line|n12|d12|i6,SU2-CNOT-line,12,12,1.0,6,gaussian,Z,0.0,96,96,432,96,1.0,4096,4095,0.9612924039655912,0.4463197059109935,0.4642597030763523,0.0058440416531559,0.0161998328859356,171.11445457613476,4.714486151082338e-05,145.64072018809696,2,78,0.0250441286124843,0.019047619047619,1.3148167521554264,0.0059965095648652,0.019047619047619,0.0003815367493041,15.71672866585564,1.1049134964792149,1.0989169869143494,0.6545745683415513,0.648578058776686,,,0,1.7763568394002505e-15,3.983176404933937e-16,1.6653345369377348e-15,2.775557561562892e-17,-0.4092517743567747,10,0.2
v2_depth,prespecified depth-onset and saturation study,SU2-CNOT-line|n12|d72|i2|dir=gaussian|basis=Z|eta=0,SU2-CNOT-line|n12|d72|i2,SU2-CNOT-line,12,72,6.0,2,gaussian,Z,0.0,96,96,2592,96,1.0,4096,4095,0.9933218155738393,0.4904304601489737,0.4937018862121534,0.000990060641246,0.011396414176233,1010.039141381754,1.425842751542466e-06,837.4602142784274,1,12,0.0026645925151455,0.0029304029304029,0.9092921957934196,-0.0002658104152573,0.0029304029304029,0.0001261368562021,-2.1073175855230373,0.365286738631107,0.3650209282158496,0.0944674372820139,0.0942016268667565,,,0,4.440892098500626e-15,4.599316474621566e-16,4.218847493575595e-15,2.949029909160572e-17,-0.4670956779646061,10,0.2
v2_depth,prespecified depth-onset and saturation study,SU2-CNOT-line|n12|d72|i2|dir=gaussian|basis=Z|eta=0,SU2-CNOT-line|n12|d72|i2,SU2-CNOT-line,12,72,6.0,2,gaussian,Z,0.0,96,96,2592,96,1.0,4096,4095,0.9933218155738393,0.4904304601489737,0.4937018862121534,0.000990060641246,0.011396414176233,1010.039141381754,1.425842751542466e-06,837.4602142784274,2,78,0.0189323232628833,0.019047619047619,0.9939469713013775,-0.0001152957847356,0.019047619047619,0.0003189773948744,-0.3614544058241654,0.9237443819273788,0.9236290861426432,0.2388911373879976,0.2387758416032619,,,0,4.440892098500626e-15,4.599316474621566e-16,4.218847493575595e-15,2.949029909160572e-17,-0.4670956779646061,10,0.2
v2_depth,prespecified depth-onset and saturation study,SU2-HaarU4-brickwork|n8|d4|i10|dir=gaussian|basis=Z|eta=0,SU2-HaarU4-brickwork|n8|d4|i10,SU2-HaarU4-brickwork,8,4,0.5,10,gaussian,Z,0.0,96,96,96,96,1.0,256,255,0.8351645800214191,0.3574126392117958,0.4300802051360812,0.0407523744749671,0.0507445372408528,24.538447461859388,0.0020984092581347,21.830058682398995,1,8,0.1490190186777246,0.0313725490196078,4.749981220352474,0.1176464696581168,0.0313725490196078,0.0033341445936935,35.28535321492734,0.6023554614035429,0.484708991745426,0.5342308833126985,0.4165844136545816,,,0,2.220446049250313e-15,1.2490009027033013e-15,1.887379141862766e-15,1.1102230246251563e-16,-0.1835395123053984,10,0.2
v2_depth,prespecified depth-onset and saturation study,SU2-HaarU4-brickwork|n8|d4|i10|dir=gaussian|basis=Z|eta=0,SU2-HaarU4-brickwork|n8|d4|i10,SU2-HaarU4-brickwork,8,4,0.5,10,gaussian,Z,0.0,96,96,96,96,1.0,256,255,0.8351645800214191,0.3574126392117958,0.4300802051360812,0.0407523744749671,0.0507445372408528,24.538447461859388,0.0020984092581347,21.830058682398995,2,36,0.3363497110245096,0.1411764705882353,2.382477119756944,0.1951732404362743,0.1411764705882353,0.0066598472430132,29.305963532576392,1.2031857786042566,1.008012538167982,1.0671091116120963,0.8719358711758219,,,0,2.220446049250313e-15,1.2490009027033013e-15,1.887379141862766e-15,1.1102230246251563e-16,-0.1835395123053984,10,0.2
v2_depth,prespecified depth-onset and saturation study,SU2-HaarU4-brickwork|n8|d32|i6|dir=gaussian|basis=Z|eta=0,SU2-HaarU4-brickwork|n8|d32|i6,SU2-HaarU4-brickwork,8,32,4.0,6,gaussian,Z,0.0,96,96,768,96,1.0,256,255,0.9830154173768162,0.4781788020019304,0.4867903050202301,0.009647381861453,0.0199635549670629,103.65506562931692,0.0001371350807196,85.39367745983684,1,8,0.029720150983562,0.0313725490196078,0.9473298126010394,-0.0016523980360458,0.0313725490196078,0.0019515695301647,-0.8467021084851476,0.3525757602195659,0.35092336218352,0.2106405445804059,0.20898814654436,,,0,7.105427357601002e-15,1.880441048107893e-15,7.105427357601002e-15,4.510281037539698e-17,-0.3734984876319294,10,0.2
v2_depth,prespecified depth-onset and saturation study,SU2-HaarU4-brickwork|n8|d32|i6|dir=gaussian|basis=Z|eta=0,SU2-HaarU4-brickwork|n8|d32|i6,SU2-HaarU4-brickwork,8,32,4.0,6,gaussian,Z,0.0,96,96,768,96,1.0,256,255,0.9830154173768162,0.4781788020019304,0.4867903050202301,0.009647381861453,0.0199635549670629,103.65506562931692,0.0001371350807196,85.39367745983684,2,36,0.1395347794876499,0.1411764705882353,0.9883713547041872,-0.0016416911005853,0.1411764705882353,0.0038981977505114,-0.4211410517514063,0.7042588102186518,0.7026171191180665,0.4207477542347882,0.4191060631342028,,,0,7.105427357601002e-15,1.880441048107893e-15,7.105427357601002e-15,4.510281037539698e-17,-0.3734984876319294,10,0.2
v2_depth,prespecified depth-onset and saturation study,SU2-HaarU4-brickwork|n12|d6|i2|dir=gaussian|basis=Z|eta=0,SU2-HaarU4-brickwork|n12|d6|i2,SU2-HaarU4-brickwork,12,6,0.5,2,gaussian,Z,0.0,96,96,216,96,1.0,4096,4095,0.8773537110706303,0.3969647191471843,0.4532864666898175,0.0216477703931933,0.0318389394515976,46.19413370692556,0.0006883606245902,38.11465473355206,1,12,0.0814912548034102,0.0029304029304029,27.80889070166376,0.0785608518730073,0.0029304029304029,0.0002123092147731,370.0303444528334,0.6148380654224855,0.5362772135494782,0.5060535433841853,0.4274926915111779,,,0,2.220446049250313e-16,1.9250155363687376e-16,2.220446049250313e-16,9.84455572616838e-17,-0.2454561030377693,10,0.2
v2_depth,prespecified depth-onset and saturation study,SU2-HaarU4-brickwork|n12|d6|i2|dir=gaussian|basis=Z|eta=0,SU2-HaarU4-brickwork|n12|d6|i2,SU2-HaarU4-brickwork,12,6,0.5,2,gaussian,Z,0.0,96,96,216,96,1.0,4096,4095,0.8773537110706303,0.3969647191471843,0.4532864666898175,0.0216477703931933,0.0318389394515976,46.19413370692556,0.0006883606245902,38.11465473355206,2,78,0.1976318741694493,0.019047619047619,10.375673393896092,0.1785842551218303,0.019047619047619,0.0005368917719625,332.62617243887047,1.5548147487026065,1.376230493580776,1.279718282156592,1.1011340270347616,,,0,2.220446049250313e-16,1.9250155363687376e-16,2.220446049250313e-16,9.84455572616838e-17,-0.2454561030377693,10,0.2
v2_depth,prespecified depth-onset and saturation study,SU2-HaarU4-brickwork|n12|d24|i10|dir=gaussian|basis=Z|eta=0,SU2-HaarU4-brickwork|n12|d24|i10,SU2-HaarU4-brickwork,12,24,2.0,10,gaussian,Z,0.0,96,96,864,96,1.0,4096,4095,0.951266671450475,0.4621297206141406,0.4858729210675259,0.0051092188569965,0.0154726644939027,195.7246357984082,4.1145376888284016e-05,155.8976173064528,1,12,0.0033213378953801,0.0029304029304029,1.1334065567984646,0.0003909349649771,0.0029304029304029,0.0001473972940326,2.652253337097497,0.4268560232224399,0.4264650882574627,0.2412657161222088,0.2408747811572316,,,0,5.10702591327572e-15,1.4259665046566418e-15,5.10702591327572e-15,3.2526065174565127e-17,-0.4018996495147669,10,0.2
v2_depth,prespecified depth-onset and saturation study,SU2-HaarU4-brickwork|n12|d24|i10|dir=gaussian|basis=Z|eta=0,SU2-HaarU4-brickwork|n12|d24|i10,SU2-HaarU4-brickwork,12,24,2.0,10,gaussian,Z,0.0,96,96,864,96,1.0,4096,4095,0.951266671450475,0.4621297206141406,0.4858729210675259,0.0051092188569965,0.0154726644939027,195.7246357984082,4.1145376888284016e-05,155.8976173064528,2,78,0.0183087816946019,0.019047619047619,0.961211038966604,-0.000738837353017,0.019047619047619,0.0003727412136125,-1.9821724189184964,1.0794420153910658,1.0787031780380487,0.6101175494483099,0.6093787120952928,,,0,5.10702591327572e-15,1.4259665046566418e-15,5.10702591327572e-15,3.2526065174565127e-17,-0.4018996495147669,10,0.2
v2_depth,prespecified depth-onset and saturation study,SU2-HaarU4-brickwork|n12|d96|i6|dir=gaussian|basis=Z|eta=0,SU2-HaarU4-brickwork|n12|d96|i6,SU2-HaarU4-brickwork,12,96,8.0,6,gaussian,Z,0.0,96,96,3456,96,1.0,4096,4095,0.9914401550020658,0.4928592599208932,0.4971343431189467,0.0012117433642913,0.0116157877042466,825.2572528711987,2.4310145084082417e-06,641.3664300178046,1,12,0.002793530652549,0.0029304029304029,0.9532923351823576,-0.0001368722778538,0.0029304029304029,0.0001273714241109,-1.0745917210968523,0.3688619925147642,0.3687251202369103,0.1075941166921344,0.1074572444142804,,,0,2.7866597918091432e-14,3.443653863494632e-15,2.753353101070388e-14,2.125036258071589e-17,-0.4518309760982563,10,0.2
v2_depth,prespecified depth-onset and saturation study,SU2-HaarU4-brickwork|n12|d96|i6|dir=gaussian|basis=Z|eta=0,SU2-HaarU4-brickwork|n12|d96|i6,SU2-HaarU4-brickwork,12,96,8.0,6,gaussian,Z,0.0,96,96,3456,96,1.0,4096,4095,0.9914401550020658,0.4928592599208932,0.4971343431189467,0.0012117433642913,0.0116157877042466,825.2572528711987,2.4310145084082417e-06,641.3664300178046,2,78,0.0184398874987406,0.019047619047619,0.9680940936838854,-0.0006077315488783,0.019047619047619,0.0003220993947972,-1.8867826475145093,0.932785555174918,0.9321778236260396,0.2720861457912619,0.2714784142423835,,,0,2.7866597918091432e-14,3.443653863494632e-15,2.753353101070388e-14,2.125036258071589e-17,-0.4518309760982563,10,0.2
v2_depth,prespecified depth-onset and saturation study,U1-RZ-XY-line|n8|d8|i10|dir=gaussian|basis=Z|eta=0,U1-RZ-XY-line|n8|d8|i10,U1-RZ-XY-line,8,8,1.0,10,gaussian,Z,0.0,96,96,92,96,1.0,70,69,0.6209918593230905,0.200960672164402,0.3409188588006448,0.0845864192680083,0.0941219774006332,11.822228776838797,0.0090509382485751,10.511221769124598,1,7,0.5519453375106381,0.1014492753623188,5.4406040411762895,0.4504960621483193,0.1014492753623188,0.0144041596952285,31.27541430254671,0.7077120015182122,0.2572159393698929,0.6639871974696877,0.2134911353213684,,,0,0.0,2.8352514935962976e-16,2.220446049250313e-16,6.938893903907227e-17,-0.0857363041113968,10,0.2
v2_depth,prespecified depth-onset and saturation study,U1-RZ-XY-line|n8|d8|i10|dir=gaussian|basis=Z|eta=0,U1-RZ-XY-line|n8|d8|i10,U1-RZ-XY-line,8,8,1.0,10,gaussian,Z,0.0,96,96,92,96,1.0,70,69,0.6209918593230905,0.200960672164402,0.3409188588006448,0.0845864192680083,0.0941219774006332,11.822228776838797,0.0090509382485751,10.511221769124598,2,27,0.8228982411330829,0.391304347826087,2.102962171784545,0.4315938933069959,0.391304347826087,0.0232835710725308,18.536413162849197,1.143979450025867,0.7123855567188713,1.073300590291096,0.6417066969841001,,,0,0.0,2.8352514935962976e-16,2.220446049250313e-16,6.938893903907227e-17,-0.0857363041113968,10,0.2
v2_depth,prespecified depth-onset and saturation study,U1-RZ-XY-line|n8|d32|i10|dir=gaussian|basis=Z|eta=0,U1-RZ-XY-line|n8|d32|i10,U1-RZ-XY-line,8,32,4.0,10,gaussian,Z,0.0,96,96,368,96,1.0,70,69,0.6901895776067853,0.3268759451856344,0.4772179618258521,0.0557172202998573,0.0655534992550671,17.947772602764964,0.003631492789384,16.594241527518378,1,7,0.4374526483603711,0.1014492753623188,4.312033248123658,0.3360033729980523,0.1014492753623188,0.011534406760608,29.13052920463669,0.5667139401112831,0.2307105671132308,0.5092110768982346,0.1732077039001823,,,0,2.886579864025407e-15,1.6280971299323856e-15,2.886579864025407e-15,6.245004513516506e-17,-0.1193215836586884,10,0.2
v2_depth,prespecified depth-onset and saturation study,U1-RZ-XY-line|n8|d32|i10|dir=gaussian|basis=Z|eta=0,U1-RZ-XY-line|n8|d32|i10,U1-RZ-XY-line,8,32,4.0,10,gaussian,Z,0.0,96,96,368,96,1.0,70,69,0.6901895776067853,0.3268759451856344,0.4772179618258521,0.0557172202998573,0.0655534992550671,17.947772602764964,0.003631492789384,16.594241527518378,2,27,0.7510535549296035,0.391304347826087,1.9193590848200976,0.3597492071035165,0.391304347826087,0.0186447654894481,19.294917241362626,0.9160634553882356,0.5563142482847192,0.8231130833551805,0.463363876251664,,,0,2.886579864025407e-15,1.6280971299323856e-15,2.886579864025407e-15,6.245004513516506e-17,-0.1193215836586884,10,0.2
v2_depth,prespecified depth-onset and saturation study,U1-RZ-XY-line|n8|d64|i10|dir=gaussian|basis=Z|eta=0,U1-RZ-XY-line|n8|d64|i10,U1-RZ-XY-line,8,64,8.0,10,gaussian,Z,0.0,96,96,736,96,1.0,70,69,0.7475196734767153,0.3759649309545339,0.5019536853934473,0.0562940232442998,0.066124293835505,17.763875139289446,0.0037328500724389,16.3674011401412,1,7,0.439936301221308,0.1014492753623188,4.336514969181465,0.3384870258589892,0.1014492753623188,0.0115986976296497,29.18319251583178,0.5698727095620186,0.2313856837030294,0.5127610825343254,0.1742740566753362,,,0,8.881784197001252e-16,4.407426789133968e-16,8.881784197001252e-16,8.326672684688674e-17,-0.1453435049954988,10,0.2
v2_depth,prespecified depth-onset and saturation study,U1-RZ-XY-line|n8|d64|i10|dir=gaussian|basis=Z|eta=0,U1-RZ-XY-line|n8|d64|i10,U1-RZ-XY-line,8,64,8.0,10,gaussian,Z,0.0,96,96,736,96,1.0,70,69,0.7475196734767153,0.3759649309545339,0.5019536853934473,0.0562940232442998,0.066124293835505,17.763875139289446,0.0037328500724389,16.3674011401412,2,27,0.7206746700048141,0.391304347826087,1.8417241566789693,0.3293703221787271,0.391304347826087,0.0187486883180142,17.567646151664853,0.9211694410593264,0.5917991188805993,0.8288514818653823,0.4994811596866551,,,0,8.881784197001252e-16,4.407426789133968e-16,8.881784197001252e-16,8.326672684688674e-17,-0.1453435049954988,10,0.2
v2_depth,prespecified depth-onset and saturation study,U1-RZ-XY-line|n12|d12|i10|dir=gaussian|basis=Z|eta=0,U1-RZ-XY-line|n12|d12|i10,U1-RZ-XY-line,12,12,1.0,10,gaussian,Z,0.0,96,96,210,96,1.0,924,923,0.6748543431972444,0.2907654436254012,0.4364843362157706,0.0440215287031233,0.0539796377791325,22.716157967704763,0.0026500725250302,19.42545143170885,1,11,0.4003261073971575,0.0119176598049837,33.59099973887058,0.3884084475921737,0.0119176598049837,0.0011611381043745,334.5066759318897,0.7582374072985147,0.369828959706341,0.6831472878593825,0.2947388402672087,,,0,4.440892098500626e-16,3.9206285680539326e-16,4.440892098500626e-16,7.28583859910259e-17,-0.1582831904710713,10,0.2
v2_depth,prespecified depth-onset and saturation study,U1-RZ-XY-line|n12|d12|i10|dir=gaussian|basis=Z|eta=0,U1-RZ-XY-line|n12|d12|i10,U1-RZ-XY-line,12,12,1.0,10,gaussian,Z,0.0,96,96,210,96,1.0,924,923,0.6748543431972444,0.2907654436254012,0.4364843362157706,0.0440215287031233,0.0539796377791325,22.716157967704763,0.0026500725250302,19.42545143170885,2,65,0.6385888052045156,0.0704225352112676,9.06796103390412,0.5681662699932479,0.0704225352112676,0.0027377288829197,207.53197058260264,1.7877705005552085,1.2196042305619603,1.6107231811744112,1.0425569111811632,,,0,4.440892098500626e-16,3.9206285680539326e-16,4.440892098500626e-16,7.28583859910259e-17,-0.1582831904710713,10,0.2
v2_depth,prespecified depth-onset and saturation study,U1-RZ-XY-line|n12|d48|i10|dir=gaussian|basis=Z|eta=0,U1-RZ-XY-line|n12|d48|i10,U1-RZ-XY-line,12,48,4.0,10,gaussian,Z,0.0,96,96,840,96,1.0,924,923,0.7294960780511728,0.3391454278325442,0.4652074498614281,0.0277486370137455,0.0378762553781857,36.03780609132766,0.0009846122343765,31.868922941689355,1,11,0.2912352109463351,0.0119176598049837,24.437281791224304,0.2793175511413514,0.0119176598049837,0.0009683964516619,288.4330592723652,0.6323747467927253,0.3530571956513739,0.5383508994936713,0.2590333483523199,,,0,0.0,1.0939766471476348e-16,0.0,5.551115123125783e-17,-0.2077353094069681,10,0.2
v2_depth,prespecified depth-onset and saturation study,U1-RZ-XY-line|n12|d48|i10|dir=gaussian|basis=Z|eta=0,U1-RZ-XY-line|n12|d48|i10,U1-RZ-XY-line,12,48,4.0,10,gaussian,Z,0.0,96,96,840,96,1.0,924,923,0.7294960780511728,0.3391454278325442,0.4652074498614281,0.0277486370137455,0.0378762553781857,36.03780609132766,0.0009846122343765,31.868922941689355,2,65,0.5582944370357071,0.0704225352112676,7.927781005907041,0.4878719018244395,0.0704225352112676,0.0022832830357074,213.67123313000536,1.4910117948942272,1.0031398930697877,1.2693225733760665,0.781450671551627,,,0,0.0,1.0939766471476348e-16,0.0,5.551115123125783e-17,-0.2077353094069681,10,0.2
v2_depth,prespecified depth-onset and saturation study,U1-RZ-XY-line|n12|d96|i10|dir=gaussian|basis=Z|eta=0,U1-RZ-XY-line|n12|d96|i10,U1-RZ-XY-line,12,96,8.0,10,gaussian,Z,0.0,96,96,1680,96,1.0,924,923,0.7548890254628162,0.3490877135432693,0.4635986323445114,0.0221356180717729,0.0323217053835252,45.17605954157607,0.0005907897364768,41.1418227738868,1,11,0.2708363635186527,0.0119176598049837,22.725633047974227,0.258918703713669,0.0119176598049837,0.0008923087487454,290.167169242368,0.5826885446352675,0.3237698409215985,0.4783453952704767,0.2194266915568077,,,0,4.440892098500626e-16,2.28990069656919e-16,6.661338147750939e-16,8.326672684688674e-17,-0.2058219848705118,10,0.2
v2_depth,prespecified depth-onset and saturation study,U1-RZ-XY-line|n12|d96|i10|dir=gaussian|basis=Z|eta=0,U1-RZ-XY-line|n12|d96|i10,U1-RZ-XY-line,12,96,8.0,10,gaussian,Z,0.0,96,96,1680,96,1.0,924,923,0.7548890254628162,0.3490877135432693,0.4635986323445114,0.0221356180717729,0.0323217053835252,45.17605954157607,0.0005907897364768,41.1418227738868,2,65,0.5260452579255127,0.0704225352112676,7.46984266254228,0.4556227227142451,0.0704225352112676,0.0021038836161856,216.5627029979362,1.3738617761181755,0.9182390534039306,1.127841726759205,0.6722190040449596,,,0,4.440892098500626e-16,2.28990069656919e-16,6.661338147750939e-16,8.326672684688674e-17,-0.2058219848705118,10,0.2
v2_depth,prespecified depth-onset and saturation study,RY-RZ-CZ-line|n8|d4|i11|dir=gaussian|basis=Z|eta=0,RY-RZ-CZ-line|n8|d4|i11,RY-RZ-CZ-line,8,4,0.5,11,gaussian,Z,0.0,96,96,64,96,1.0,256,255,0.7515168486233503,0.3124729849167647,0.425332005963642,0.0607354948889698,0.070519500150543,16.464836613714823,0.0044684662725433,14.959626751936714,1,8,0.4843754581770343,0.0313725490196078,15.439467729392971,0.4530029091574265,0.0313725490196078,0.0039763566274909,113.92411486071148,0.7183792015462551,0.2653762923888286,0.6635150552919382,0.2105121461345117,,,0,0.0,3.20998849359706e-16,2.220446049250313e-16,1.6653345369377348e-16,-0.1127429648913448,10,0.2
v2_depth,prespecified depth-onset and saturation study,RY-RZ-CZ-line|n8|d4|i11|dir=gaussian|basis=Z|eta=0,RY-RZ-CZ-line|n8|d4|i11,RY-RZ-CZ-line,8,4,0.5,11,gaussian,Z,0.0,96,96,64,96,1.0,256,255,0.7515168486233503,0.3124729849167647,0.425332005963642,0.0607354948889698,0.070519500150543,16.464836613714823,0.0044684662725433,14.959626751936714,2,36,0.7336471845421374,0.1411764705882353,5.196667557173473,0.592470713953902,0.1411764705882353,0.0079426452508756,74.59362658663181,1.4349394905983524,0.8424687766444503,1.3253501123022795,0.7328793983483777,,,0,0.0,3.20998849359706e-16,2.220446049250313e-16,1.6653345369377348e-16,-0.1127429648913448,10,0.2
v2_depth,prespecified depth-onset and saturation study,RY-RZ-CZ-line|n8|d32|i7|dir=gaussian|basis=Z|eta=0,RY-RZ-CZ-line|n8|d32|i7,RY-RZ-CZ-line,8,32,4.0,7,gaussian,Z,0.0,96,96,512,96,1.0,256,255,0.9661679747909152,0.4618252479494864,0.4780035763474335,0.0127273957548563,0.0230114853824099,78.57066907174884,0.0002560704959797,62.49139631060934,1,8,0.0321663160184649,0.0313725490196078,1.0253013230885697,0.000793766998857,0.0313725490196078,0.00212890839751,0.3728516453716229,0.3846142733262381,0.3838205063273811,0.261221222479226,0.2604274554803689,,,0,1.3322676295501878e-15,4.0251566003272005e-16,1.3322676295501878e-15,7.979727989493313e-17,-0.3298868519494451,10,0.2
v2_depth,prespecified depth-onset and saturation study,RY-RZ-CZ-line|n8|d32|i7|dir=gaussian|basis=Z|eta=0,RY-RZ-CZ-line|n8|d32|i7,RY-RZ-CZ-line,8,32,4.0,7,gaussian,Z,0.0,96,96,512,96,1.0,256,255,0.9661679747909152,0.4618252479494864,0.4780035763474335,0.0127273957548563,0.0230114853824099,78.57066907174884,0.0002560704959797,62.49139631060934,2,36,0.1436580225999765,0.1411764705882353,1.017577660083167,0.0024815520117412,0.1411764705882353,0.0042524264690267,0.5835614160094205,0.7682547159713001,0.7657731639595589,0.5217810414207604,0.5192994894090193,,,0,1.3322676295501878e-15,4.0251566003272005e-16,1.3322676295501878e-15,7.979727989493313e-17,-0.3298868519494451,10,0.2
v2_depth,prespecified depth-onset and saturation study,RY-RZ-CZ-line|n12|d6|i3|dir=gaussian|basis=Z|eta=0,RY-RZ-CZ-line|n12|d6|i3,RY-RZ-CZ-line,12,6,0.5,3,gaussian,Z,0.0,96,96,144,96,1.0,4096,4095,0.8883115368458142,0.3790225697177988,0.4283208773344698,0.0233512164683098,0.0335246412967649,42.82432143769079,0.0007546203006345,36.40288115581678,1,12,0.2306535873679449,0.0029304029304029,78.71053668931123,0.227723184437542,0.0029304029304029,0.0002178993793458,1045.0841352608188,0.6310269339790102,0.4033037495414682,0.525805705819786,0.298082521382244,,,0,8.881784197001252e-16,4.3826407651799336e-16,8.881784197001252e-16,1.1449174941446927e-16,-0.2855429771749056,10,0.2
v2_depth,prespecified depth-onset and saturation study,RY-RZ-CZ-line|n12|d6|i3|dir=gaussian|basis=Z|eta=0,RY-RZ-CZ-line|n12|d6|i3,RY-RZ-CZ-line,12,6,0.5,3,gaussian,Z,0.0,96,96,144,96,1.0,4096,4095,0.8883115368458142,0.3790225697177988,0.4283208773344698,0.0233512164683098,0.0335246412967649,42.82432143769079,0.0007546203006345,36.40288115581678,2,78,0.4642553032788619,0.019047619047619,24.37340342214025,0.4452076842312429,0.019047619047619,0.0005510282915019,807.9579417197606,1.59575348202452,1.1505457977932771,1.3296679440281918,0.8844602597969489,,,0,8.881784197001252e-16,4.3826407651799336e-16,8.881784197001252e-16,1.1449174941446927e-16,-0.2855429771749056,10,0.2
v2_depth,prespecified depth-onset and saturation study,RY-RZ-CZ-line|n12|d24|i11|dir=gaussian|basis=Z|eta=0,RY-RZ-CZ-line|n12|d24|i11,RY-RZ-CZ-line,12,24,2.0,11,gaussian,Z,0.0,96,96,576,96,1.0,4096,4095,0.948203115401534,0.4391766458219227,0.4633157147689735,0.00753715014085,0.0178753048268828,132.67614168652042,9.643614591402936e-05,101.83101609766253,1,12,0.0178707350100055,0.0029304029304029,6.098388322164397,0.0149403320796026,0.0029304029304029,0.0001585992821929,94.20176354535624,0.4592964838813461,0.4443561518017435,0.2953962480784357,0.280455915998833,,,0,1.7763568394002505e-15,5.86342308709456e-16,1.9984014443252818e-15,4.8572257327350605e-17,-0.3989588416790233,10,0.2
v2_depth,prespecified depth-onset and saturation study,RY-RZ-CZ-line|n12|d24|i11|dir=gaussian|basis=Z|eta=0,RY-RZ-CZ-line|n12|d24|i11,RY-RZ-CZ-line,12,24,2.0,11,gaussian,Z,0.0,96,96,576,96,1.0,4096,4095,0.948203115401534,0.4391766458219227,0.4633157147689735,0.00753715014085,0.0178753048268828,132.67614168652042,9.643614591402936e-05,101.83101609766253,2,78,0.0583778685815485,0.019047619047619,3.0648381005312992,0.0393302495339295,0.019047619047619,0.0004010690244394,98.06354302454471,1.1614780985872402,1.1221478490533106,0.7470039170528053,0.7076736675188758,,,0,1.7763568394002505e-15,5.86342308709456e-16,1.9984014443252818e-15,4.8572257327350605e-17,-0.3989588416790233,10,0.2
v2_depth,prespecified depth-onset and saturation study,RY-RZ-CZ-line|n12|d96|i7|dir=gaussian|basis=Z|eta=0,RY-RZ-CZ-line|n12|d96|i7,RY-RZ-CZ-line,12,96,8.0,7,gaussian,Z,0.0,96,96,2304,96,1.0,4096,4095,0.9838863612044408,0.4816545931920967,0.4895771771533878,0.0018310329302944,0.0122286263372705,546.1398227497763,5.534884549810592e-06,425.05557501445134,1,12,0.0027472415538628,0.0029304029304029,0.9374961802556904,-0.0001831613765401,0.0029304029304029,0.0001307585443977,-1.400760289767187,0.3786709425724865,0.3784877811959464,0.1377903898074516,0.1376072284309115,,,0,6.217248937900877e-15,1.3717394441421806e-15,6.439293542825908e-15,1.908195823574488e-17,-0.4502467235189918,10,0.2
v2_depth,prespecified depth-onset and saturation study,RY-RZ-CZ-line|n12|d96|i7|dir=gaussian|basis=Z|eta=0,RY-RZ-CZ-line|n12|d96|i7,RY-RZ-CZ-line,12,96,8.0,7,gaussian,Z,0.0,96,96,2304,96,1.0,4096,4095,0.9838863612044408,0.4816545931920967,0.4895771771533878,0.0018310329302944,0.0122286263372705,546.1398227497763,5.534884549810592e-06,425.05557501445134,2,78,0.01727659905705,0.019047619047619,0.9070214504951272,-0.001771019990569,0.019047619047619,0.000330664812057,-5.35593726937956,0.9575906234957192,0.9558196035051504,0.3484470828182917,0.3466760628277227,,,0,6.217248937900877e-15,1.3717394441421806e-15,6.439293542825908e-15,1.908195823574488e-17,-0.4502467235189918,10,0.2
v2_depth,prespecified depth-onset and saturation study,SU2-CNOT-line|n8|d16|i3|dir=gaussian|basis=Z|eta=0,SU2-CNOT-line|n8|d16|i3,SU2-CNOT-line,8,16,2.0,3,gaussian,Z,0.0,96,96,384,96,1.0,256,255,0.9625297555747752,0.4591490792279346,0.4769393043304284,0.010134187243377,0.0204452894595918,98.67589536136968,0.0001481754357712,82.15081823472856,1,8,0.0287144212429463,0.0313725490196078,0.9152721771189148,-0.0026581277766614,0.0313725490196078,0.0019806552171934,-1.342044669656335,0.3578304580702791,0.3551723302936176,0.2194121771252961,0.2167540493486346,,,0,4.440892098500626e-16,1.2587209006814465e-16,4.440892098500626e-16,5.724587470723462e-17,-0.3801659572696794,10,0.2
v2_depth,prespecified depth-onset and saturation study,SU2-CNOT-line|n8|d16|i3|dir=gaussian|basis=Z|eta=0,SU2-CNOT-line|n8|d16|i3,SU2-CNOT-line,8,16,2.0,3,gaussian,Z,0.0,96,96,384,96,1.0,256,255,0.9625297555747752,0.4591490792279346,0.4769393043304284,0.010134187243377,0.0204452894595918,98.67589536136968,0.0001481754357712,82.15081823472856,2,36,0.1334483044218856,0.1411764705882353,0.945258822988357,-0.0077281661663496,0.1411764705882353,0.0039562954805666,-1.9533844740137165,0.7147549011980692,0.7070267350317195,0.4382688098396675,0.4305406436733179,,,0,4.440892098500626e-16,1.2587209006814465e-16,4.440892098500626e-16,5.724587470723462e-17,-0.3801659572696794,10,0.2
v2_depth,prespecified depth-onset and saturation study,SU2-CNOT-line|n8|d48|i11|dir=gaussian|basis=Z|eta=0,SU2-CNOT-line|n8|d48|i11,SU2-CNOT-line,8,48,6.0,11,gaussian,Z,0.0,96,96,1152,96,1.0,256,255,0.9830789227674664,0.4892902832912363,0.497804689455342,0.0060423305250539,0.0163960562487513,165.49905634152108,4.657463956864658e-05,146.52956106541043,1,8,0.0323646309745897,0.0313725490196078,1.0316226123150471,0.0009920819549818,0.0313725490196078,0.0017209423256717,0.5764760039791558,0.3109100338928496,0.3099179519378678,0.1281944832201924,0.1272024012652105,,,0,3.1086244689504387e-15,4.984614034562422e-16,3.3306690738754696e-15,4.163336342344337e-17,-0.3836677549337923,10,0.2
v2_depth,prespecified depth-onset and saturation study,SU2-CNOT-line|n8|d48|i11|dir=gaussian|basis=Z|eta=0,SU2-CNOT-line|n8|d48|i11,SU2-CNOT-line,8,48,6.0,11,gaussian,Z,0.0,96,96,1152,96,1.0,256,255,0.9830789227674664,0.4892902832912363,0.497804689455342,0.0060423305250539,0.0163960562487513,165.49905634152108,4.657463956864658e-05,146.52956106541043,2,36,0.1420838146547265,0.1411764705882353,1.0064270204709795,0.0009073440664912,0.1411764705882353,0.0034375272820167,0.2639525426424893,0.6210328538129262,0.6201255097464349,0.2560643822281618,0.2551570381616705,,,0,3.1086244689504387e-15,4.984614034562422e-16,3.3306690738754696e-15,4.163336342344337e-17,-0.3836677549337923,10,0.2
v2_depth,prespecified depth-onset and saturation study,SU2-CNOT-line|n12|d12|i7|dir=gaussian|basis=Z|eta=0,SU2-CNOT-line|n12|d12|i7,SU2-CNOT-line,12,12,1.0,7,gaussian,Z,0.0,96,96,432,96,1.0,4096,4095,0.9519675414758114,0.4475086677699478,0.4700816205188515,0.0060294790519411,0.01638333864515,165.85180765792077,5.415146150963392e-05,135.89231864261683,1,12,0.0063774663287327,0.0029304029304029,2.176310384680035,0.0034470633983297,0.0029304029304029,0.000151740541509,22.71682547095844,0.4394338751960593,0.4359868117977296,0.2630967641709673,0.2596497007726375,,,0,2.220446049250313e-16,1.226634733346699e-16,0.0,3.2959746043559335e-17,-0.4152196665672434,10,0.2
v2_depth,prespecified depth-onset and saturation study,SU2-CNOT-line|n12|d12|i7|dir=gaussian|basis=Z|eta=0,SU2-CNOT-line|n12|d12|i7,SU2-CNOT-line,12,12,1.0,7,gaussian,Z,0.0,96,96,432,96,1.0,4096,4095,0.9519675414758114,0.4475086677699478,0.4700816205188515,0.0060294790519411,0.01638333864515,165.85180765792077,5.415146150963392e-05,135.89231864261683,2,78,0.0236979506718363,0.019047619047619,1.2441424102714058,0.0046503316242172,0.019047619047619,0.0003837245043575,12.11893317056532,1.111249138039114,1.1065988064148968,0.6653243386742191,0.6606740070500019,,,0,2.220446049250313e-16,1.226634733346699e-16,0.0,3.2959746043559335e-17,-0.4152196665672434,10,0.2
v2_depth,prespecified depth-onset and saturation study,SU2-CNOT-line|n12|d72|i3|dir=gaussian|basis=Z|eta=0,SU2-CNOT-line|n12|d72|i3,SU2-CNOT-line,12,72,6.0,3,gaussian,Z,0.0,96,96,2592,96,1.0,4096,4095,0.9871152090583228,0.4893617358975747,0.4957579650669093,0.0009824098028399,0.0113888430340604,1017.9051523194858,1.3374087646470096e-06,864.7048950451662,1,12,0.0028840963871643,0.0029304029304029,0.9841978921198352,-4.630654323857812e-05,0.0029304029304029,0.000126094032319,-0.3672381823861281,0.3651627225657701,0.3651164160225316,0.0939816773963432,0.0939353708531046,,,0,1.9984014443252818e-15,2.3879803284844717e-16,2.220446049250313e-15,3.0357660829594124e-17,-0.449291732069187,10,0.2
v2_depth,prespecified depth-onset and saturation study,SU2-CNOT-line|n12|d72|i3|dir=gaussian|basis=Z|eta=0,SU2-CNOT-line|n12|d72|i3,SU2-CNOT-line,12,72,6.0,3,gaussian,Z,0.0,96,96,2592,96,1.0,4096,4095,0.9871152090583228,0.4893617358975747,0.4957579650669093,0.0009824098028399,0.0113888430340604,1017.9051523194858,1.3374087646470096e-06,864.7048950451662,2,78,0.0190301276187076,0.019047619047619,0.99908169998215,-1.749142891142863e-05,0.019047619047619,0.0003188691009856,-0.0548545746745685,0.9234307676306952,0.923413276201784,0.237662738111759,0.2376452466828476,,,0,1.9984014443252818e-15,2.3879803284844717e-16,2.220446049250313e-15,3.0357660829594124e-17,-0.449291732069187,10,0.2
v2_depth,prespecified depth-onset and saturation study,SU2-HaarU4-brickwork|n8|d4|i11|dir=gaussian|basis=Z|eta=0,SU2-HaarU4-brickwork|n8|d4|i11,SU2-HaarU4-brickwork,8,4,0.5,11,gaussian,Z,0.0,96,96,96,96,1.0,256,255,0.8366269801194194,0.364102499813523,0.441733535250475,0.0466907249472502,0.0566210298957164,21.417529951179137,0.0028613093629251,18.694660902461163,1,8,0.1577132352080829,0.0313725490196078,5.027109372257643,0.126340686188475,0.0313725490196078,0.0035371872063604,35.71783985911027,0.6390376817454186,0.5126969955569436,0.5756900476237479,0.4493493614352728,,,0,1.7763568394002505e-15,7.913552961896147e-16,1.7763568394002505e-15,9.367506770274757e-17,-0.2083439404183929,10,0.2
v2_depth,prespecified depth-onset and saturation study,SU2-HaarU4-brickwork|n8|d4|i11|dir=gaussian|basis=Z|eta=0,SU2-HaarU4-brickwork|n8|d4|i11,SU2-HaarU4-brickwork,8,4,0.5,11,gaussian,Z,0.0,96,96,96,96,1.0,256,255,0.8366269801194194,0.364102499813523,0.441733535250475,0.0466907249472502,0.0566210298957164,21.417529951179137,0.0028613093629251,18.694660902461163,2,36,0.4319303312279068,0.1411764705882353,3.05950651286434,0.2907538606396715,0.1411764705882353,0.0070654183711344,41.15168350504712,1.2764573411134317,0.98570348047376,1.149922466994713,0.8591686063550414,,,0,1.7763568394002505e-15,7.913552961896147e-16,1.7763568394002505e-15,9.367506770274757e-17,-0.2083439404183929,10,0.2
v2_depth,prespecified depth-onset and saturation study,SU2-HaarU4-brickwork|n8|d32|i7|dir=gaussian|basis=Z|eta=0,SU2-HaarU4-brickwork|n8|d32|i7,SU2-HaarU4-brickwork,8,32,4.0,7,gaussian,Z,0.0,96,96,768,96,1.0,256,255,0.9638758646623627,0.469144021716447,0.4865411266668211,0.0097864756767559,0.0201011998884564,102.18183062316444,0.00014409876565,83.30477000186417,1,8,0.0274022065517279,0.0313725490196078,0.8734453338363284,-0.0039703424678798,0.0313725490196078,0.0019599241650115,-2.025763312049664,0.3540851308501999,0.35011478838232,0.2131836760243195,0.2092133335564396,,,0,4.440892098500626e-16,1.1465262398579202e-16,4.440892098500626e-16,4.8572257327350605e-17,-0.3787393759195266,10,0.2
v2_depth,prespecified depth-onset and saturation study,SU2-HaarU4-brickwork|n8|d32|i7|dir=gaussian|basis=Z|eta=0,SU2-HaarU4-brickwork|n8|d32|i7,SU2-HaarU4-brickwork,8,32,4.0,7,gaussian,Z,0.0,96,96,768,96,1.0,256,255,0.9638758646623627,0.469144021716447,0.4865411266668211,0.0097864756767559,0.0201011998884564,102.18183062316444,0.00014409876565,83.30477000186417,2,36,0.130813224908475,0.1411764705882353,0.9265936764350314,-0.0103632456797602,0.1411764705882353,0.0039148858665445,-2.6471386479798515,0.7072737298031614,0.6969104841234011,0.425827577997502,0.4154643323177417,,,0,4.440892098500626e-16,1.1465262398579202e-16,4.440892098500626e-16,4.8572257327350605e-17,-0.3787393759195266,10,0.2
v2_depth,prespecified depth-onset and saturation study,SU2-HaarU4-brickwork|n12|d6|i3|dir=gaussian|basis=Z|eta=0,SU2-HaarU4-brickwork|n12|d6|i3,SU2-HaarU4-brickwork,12,6,0.5,3,gaussian,Z,0.0,96,96,216,96,1.0,4096,4095,0.896477315658684,0.4032974933702668,0.4503864868485452,0.021609950489667,0.0318015135053996,46.27497876397993,0.0007308040821353,36.99129348787295,1,12,0.077258279804487,0.0029304029304029,26.3643879832812,0.0743278768740841,0.0029304029304029,0.0002121834307353,350.30009938332665,0.6144738004303503,0.5401459235562662,0.5056062498229691,0.431278372948885,,,0,2.664535259100376e-15,1.4962995583304084e-15,2.886579864025407e-15,9.714451465470121e-17,-0.2592646260261042,10,0.2
v2_depth,prespecified depth-onset and saturation study,SU2-HaarU4-brickwork|n12|d6|i3|dir=gaussian|basis=Z|eta=0,SU2-HaarU4-brickwork|n12|d6|i3,SU2-HaarU4-brickwork,12,6,0.5,3,gaussian,Z,0.0,96,96,216,96,1.0,4096,4095,0.896477315658684,0.4032974933702668,0.4503864868485452,0.021609950489667,0.0318015135053996,46.27497876397993,0.0007308040821353,36.99129348787295,2,78,0.1933532303540078,0.019047619047619,10.15104459358541,0.1743056113063887,0.019047619047619,0.0005365736867819,324.8493461387793,1.553893588133573,1.379587976827184,1.278587157287964,1.1042815459815751,,,0,2.664535259100376e-15,1.4962995583304084e-15,2.886579864025407e-15,9.714451465470121e-17,-0.2592646260261042,10,0.2
v2_depth,prespecified depth-onset and saturation study,SU2-HaarU4-brickwork|n12|d24|i11|dir=gaussian|basis=Z|eta=0,SU2-HaarU4-brickwork|n12|d24|i11,SU2-HaarU4-brickwork,12,24,2.0,11,gaussian,Z,0.0,96,96,864,96,1.0,4096,4095,0.9674136698262464,0.4713067551090298,0.4870921712614998,0.0048748234448222,0.0152407107006053,205.13563441197743,4.059264099533343e-05,156.9554303663524,1,12,0.0033647189382022,0.0029304029304029,1.1482103376615165,0.0004343160077993,0.0029304029304029,0.0001462704387052,2.9692671440905523,0.4235927001951455,0.4231583841873462,0.2353819094703416,0.2349475934625423,,,0,4.440892098500626e-15,1.297573232504057e-15,4.218847493575595e-15,1.6479873021779667e-17,-0.3792431436052618,10,0.2
v2_depth,prespecified depth-onset and saturation study,SU2-HaarU4-brickwork|n12|d24|i11|dir=gaussian|basis=Z|eta=0,SU2-HaarU4-brickwork|n12|d24|i11,SU2-HaarU4-brickwork,12,24,2.0,11,gaussian,Z,0.0,96,96,864,96,1.0,4096,4095,0.9674136698262464,0.4713067551090298,0.4870921712614998,0.0048748234448222,0.0152407107006053,205.13563441197743,4.059264099533343e-05,156.9554303663524,2,78,0.0187457127948903,0.019047619047619,0.9841499217317418,-0.0003019062527287,0.019047619047619,0.0003698915994114,-0.8162019716292163,1.071189659107413,1.0708877528546843,0.5952384619693142,0.5949365557165854,,,0,4.440892098500626e-15,1.297573232504057e-15,4.218847493575595e-15,1.6479873021779667e-17,-0.3792431436052618,10,0.2
v2_depth,prespecified depth-onset and saturation study,SU2-HaarU4-brickwork|n12|d96|i7|dir=gaussian|basis=Z|eta=0,SU2-HaarU4-brickwork|n12|d96|i7,SU2-HaarU4-brickwork,12,96,8.0,7,gaussian,Z,0.0,96,96,3456,96,1.0,4096,4095,0.9855127013830371,0.4889577890760608,0.4961784450274231,0.0012081803035309,0.0116122617587025,827.6910301197947,2.2465237012908685e-06,667.182271425204,1,12,0.0026660157899558,0.0029304029304029,0.9097778883224344,-0.000264387140447,0.0029304029304029,0.0001273516757896,-2.076039744335077,0.368804802252799,0.3685404151123519,0.1073958216695613,0.1071314345291143,,,0,2.131628207280301e-14,3.2135757074584657e-15,2.1205259770340493e-14,2.3418766925686896e-17,-0.4266040751948949,10,0.2
v2_depth,prespecified depth-onset and saturation study,SU2-HaarU4-brickwork|n12|d96|i7|dir=gaussian|basis=Z|eta=0,SU2-HaarU4-brickwork|n12|d96|i7,SU2-HaarU4-brickwork,12,96,8.0,7,gaussian,Z,0.0,96,96,3456,96,1.0,4096,4095,0.9855127013830371,0.4889577890760608,0.4961784450274231,0.0012081803035309,0.0116122617587025,827.6910301197947,2.2465237012908685e-06,667.182271425204,2,78,0.0180895766730712,0.019047619047619,0.9497027753362394,-0.0009580423745478,0.019047619047619,0.0003220494548491,-2.974829983788114,0.9326409313011108,0.9316828889265628,0.271584693387727,0.2706266510131792,,,0,2.131628207280301e-14,3.2135757074584657e-15,2.1205259770340493e-14,2.3418766925686896e-17,-0.4266040751948949,10,0.2
v2_depth,prespecified depth-onset and saturation study,U1-RZ-XY-line|n8|d8|i11|dir=gaussian|basis=Z|eta=0,U1-RZ-XY-line|n8|d8|i11,U1-RZ-XY-line,8,8,1.0,11,gaussian,Z,0.0,96,96,92,96,1.0,70,69,0.6476563816072339,0.2683422344773261,0.4122634456888034,0.1137485639796486,0.1229803497715273,8.791319775948248,0.0180276305242069,7.447845786908712,1,7,0.5740227471051403,0.1014492753623188,5.6582242214649545,0.4725734717428215,0.1014492753623188,0.0168128651490673,28.10784881415854,0.826057659569252,0.3534841878264305,0.7901295224468476,0.3175560507040261,,,0,1.1102230246251563e-15,8.743023528464463e-16,9.992007221626409e-16,1.1102230246251563e-16,-0.103912959485689,10,0.2
v2_depth,prespecified depth-onset and saturation study,U1-RZ-XY-line|n8|d8|i11|dir=gaussian|basis=Z|eta=0,U1-RZ-XY-line|n8|d8|i11,U1-RZ-XY-line,8,8,1.0,11,gaussian,Z,0.0,96,96,92,96,1.0,70,69,0.6476563816072339,0.2683422344773261,0.4122634456888034,0.1137485639796486,0.1229803497715273,8.791319775948248,0.0180276305242069,7.447845786908712,2,27,0.8267378000735875,0.391304347826087,2.1127743779658346,0.4354334522475006,0.391304347826087,0.0271771175073031,16.02206165280363,1.335279018946197,0.8998455666986964,1.2772030636740377,0.841769611426537,,,0,1.1102230246251563e-15,8.743023528464463e-16,9.992007221626409e-16,1.1102230246251563e-16,-0.103912959485689,10,0.2
v2_depth,prespecified depth-onset and saturation study,U1-RZ-XY-line|n8|d32|i11|dir=gaussian|basis=Z|eta=0,U1-RZ-XY-line|n8|d32|i11,U1-RZ-XY-line,8,32,4.0,11,gaussian,Z,0.0,96,96,368,96,1.0,70,69,0.6646634234091078,0.3041297292485476,0.4604848936766652,0.0666782570694723,0.076400358558332,14.99739261267876,0.0054948513290921,13.490313016981244,1,7,0.4537785500416573,0.1014492753623188,4.472959993267765,0.3523292746793385,0.1014492753623188,0.0127005838987528,27.74118713659574,0.6240111080144295,0.271681833335091,0.5729216818734342,0.2205924071940956,,,0,8.881784197001252e-16,4.3021142204224816e-16,8.881784197001252e-16,5.551115123125783e-17,-0.106647658378345,10,0.2
v2_depth,prespecified depth-onset and saturation study,U1-RZ-XY-line|n8|d32|i11|dir=gaussian|basis=Z|eta=0,U1-RZ-XY-line|n8|d32|i11,U1-RZ-XY-line,8,32,4.0,11,gaussian,Z,0.0,96,96,368,96,1.0,70,69,0.6646634234091078,0.3041297292485476,0.4604848936766652,0.0666782570694723,0.076400358558332,14.99739261267876,0.0054948513290921,13.490313016981244,2,27,0.7664742593387093,0.391304347826087,1.958767551643368,0.3751699115126223,0.391304347826087,0.0205298298634671,18.274379963578628,1.0086813317069467,0.6335114201943244,0.926097945395094,0.5509280338824718,,,0,8.881784197001252e-16,4.3021142204224816e-16,8.881784197001252e-16,5.551115123125783e-17,-0.106647658378345,10,0.2
v2_depth,prespecified depth-onset and saturation study,U1-RZ-XY-line|n8|d64|i11|dir=gaussian|basis=Z|eta=0,U1-RZ-XY-line|n8|d64|i11,U1-RZ-XY-line,8,64,8.0,11,gaussian,Z,0.0,96,96,736,96,1.0,70,69,0.7360502897158211,0.3500157750161694,0.474259522618937,0.0495440448020326,0.0594446276686781,20.184060546444787,0.0028444930585633,18.74983977485534,1,7,0.4091540968000839,0.1014492753623188,4.033090382743684,0.3077048214377651,0.1014492753623188,0.0108224499892775,28.432085317338327,0.5317337425646185,0.2240289211268533,0.4695397125032748,0.1618348910655097,,,0,1.7763568394002505e-15,9.09101032550933e-16,1.7763568394002505e-15,1.1102230246251563e-16,-0.1910283885383798,10,0.2
v2_depth,prespecified depth-onset and saturation study,U1-RZ-XY-line|n8|d64|i11|dir=gaussian|basis=Z|eta=0,U1-RZ-XY-line|n8|d64|i11,U1-RZ-XY-line,8,64,8.0,11,gaussian,Z,0.0,96,96,736,96,1.0,70,69,0.7360502897158211,0.3500157750161694,0.474259522618937,0.0495440448020326,0.0594446276686781,20.184060546444787,0.0028444930585633,18.74983977485534,2,27,0.7228138874457247,0.391304347826087,1.8471910456946297,0.3315095396196377,0.391304347826087,0.0174939245909446,18.949981057494444,0.859519794880311,0.5280102552606734,0.7589863968994415,0.4274768572798037,,,0,1.7763568394002505e-15,9.09101032550933e-16,1.7763568394002505e-15,1.1102230246251563e-16,-0.1910283885383798,10,0.2
v2_depth,prespecified depth-onset and saturation study,U1-RZ-XY-line|n12|d12|i11|dir=gaussian|basis=Z|eta=0,U1-RZ-XY-line|n12|d12|i11,U1-RZ-XY-line,12,12,1.0,11,gaussian,Z,0.0,96,96,210,96,1.0,924,923,0.6949237537670165,0.2584783415505418,0.3767379382300528,0.0453986902569521,0.0553424539001088,22.02706717616959,0.0026764088947927,19.32964009038566,1,11,0.3839830497672213,0.0119176598049837,32.21966863046776,0.3720653899622376,0.0119176598049837,0.0011760007427968,316.38193448531285,0.7679428922709953,0.3958775023087577,0.6940161785073174,0.3219507885450798,,,0,2.220446049250313e-16,1.6667795129466247e-16,0.0,8.673617379884034e-17,-0.2055952098794097,10,0.2
v2_depth,prespecified depth-onset and saturation study,U1-RZ-XY-line|n12|d12|i11|dir=gaussian|basis=Z|eta=0,U1-RZ-XY-line|n12|d12|i11,U1-RZ-XY-line,12,12,1.0,11,gaussian,Z,0.0,96,96,210,96,1.0,924,923,0.6949237537670165,0.2584783415505418,0.3767379382300528,0.0453986902569521,0.0553424539001088,22.02706717616959,0.0026764088947927,19.32964009038566,2,65,0.6712113338619998,0.0704225352112676,9.531200940840398,0.6007887986507322,0.0704225352112676,0.0027727719792852,216.6744337937197,1.8106540717960449,1.2098652731453123,1.6363498277722996,1.0355610291215671,,,0,2.220446049250313e-16,1.6667795129466247e-16,0.0,8.673617379884034e-17,-0.2055952098794097,10,0.2
v2_depth,prespecified depth-onset and saturation study,U1-RZ-XY-line|n12|d48|i11|dir=gaussian|basis=Z|eta=0,U1-RZ-XY-line|n12|d48|i11,U1-RZ-XY-line,12,48,4.0,11,gaussian,Z,0.0,96,96,840,96,1.0,924,923,0.6891721236713143,0.3135576002674853,0.4540623706279684,0.0296127817153788,0.0397209819058436,33.76920174576734,0.0011709656672796,29.22321001226577,1,11,0.3170014747576627,0.0119176598049837,26.59930556375661,0.305083814952679,0.0119176598049837,0.0009923763797691,307.4275256568041,0.6480339336256342,0.3429501186729552,0.5568508813294785,0.2517670663767994,,,0,1.7763568394002505e-15,9.80511684468544e-16,1.7763568394002505e-15,8.326672684688674e-17,-0.1883483972619405,10,0.2
v2_depth,prespecified depth-onset and saturation study,U1-RZ-XY-line|n12|d48|i11|dir=gaussian|basis=Z|eta=0,U1-RZ-XY-line|n12|d48|i11,U1-RZ-XY-line,12,48,4.0,11,gaussian,Z,0.0,96,96,840,96,1.0,924,923,0.6891721236713143,0.3135576002674853,0.4540623706279684,0.0296127817153788,0.0397209819058436,33.76920174576734,0.0011709656672796,29.22321001226577,2,65,0.5535101875870135,0.0704225352112676,7.859844663735592,0.4830876523757459,0.0704225352112676,0.0023398228577511,206.463344340544,1.5279329913599873,1.0448453389842414,1.3129417900864369,0.8298541377106909,,,0,1.7763568394002505e-15,9.80511684468544e-16,1.7763568394002505e-15,8.326672684688674e-17,-0.1883483972619405,10,0.2
v2_depth,prespecified depth-onset and saturation study,U1-RZ-XY-line|n12|d96|i11|dir=gaussian|basis=Z|eta=0,U1-RZ-XY-line|n12|d96|i11,U1-RZ-XY-line,12,96,8.0,11,gaussian,Z,0.0,96,96,1680,96,1.0,924,923,0.7641349612711675,0.3595451598084425,0.4706635749427826,0.0238850220813096,0.0340528864346293,41.86724201450562,0.0007060883460026,37.63314191833896,1,11,0.2992086648022578,0.0119176598049837,25.10632705568036,0.287291004997274,0.0119176598049837,0.0009167006044297,313.3967661949749,0.5986167252225781,0.3113257202253041,0.4978236881276884,0.2105326831304144,,,0,2.886579864025407e-15,1.3392469697637458e-15,2.886579864025407e-15,4.163336342344337e-17,-0.2079276780163483,10,0.2
v2_depth,prespecified depth-onset and saturation study,U1-RZ-XY-line|n12|d96|i11|dir=gaussian|basis=Z|eta=0,U1-RZ-XY-line|n12|d96|i11,U1-RZ-XY-line,12,96,8.0,11,gaussian,Z,0.0,96,96,1680,96,1.0,924,923,0.7641349612711675,0.3595451598084425,0.4706635749427826,0.0238850220813096,0.0340528864346293,41.86724201450562,0.0007060883460026,37.63314191833896,2,65,0.5435358280409396,0.0704225352112676,7.718208758181341,0.4731132928296719,0.0704225352112676,0.0021613946801697,218.8925961419126,1.4114172054697365,0.9383039126400644,1.1737676030561368,0.7006543102264648,,,0,2.886579864025407e-15,1.3392469697637458e-15,2.886579864025407e-15,4.163336342344337e-17,-0.2079276780163483,10,0.2
v2_depth,prespecified depth-onset and saturation study,RY-RZ-CZ-line|n8|d8|i0|dir=gaussian|basis=Z|eta=0,RY-RZ-CZ-line|n8|d8|i0,RY-RZ-CZ-line,8,8,1.0,0,gaussian,Z,0.0,96,96,128,96,1.0,256,255,0.8012966179010688,0.3425877121585694,0.4298354942315636,0.035655498855795,0.0457007540760471,28.046164885937973,0.0017767633263271,23.72385217547192,1,8,0.1870884881132834,0.0313725490196078,5.963445558610909,0.1557159390936755,0.0313725490196078,0.0031494516246064,49.44223873041244,0.5689883366474979,0.4132723975538224,0.4958899551043195,0.340174016010644,,,0,6.661338147750939e-16,4.893888286901379e-16,8.881784197001252e-16,1.0408340855860844e-16,-0.213922588325526,10,0.2
v2_depth,prespecified depth-onset and saturation study,RY-RZ-CZ-line|n8|d8|i0|dir=gaussian|basis=Z|eta=0,RY-RZ-CZ-line|n8|d8|i0,RY-RZ-CZ-line,8,8,1.0,0,gaussian,Z,0.0,96,96,128,96,1.0,256,255,0.8012966179010688,0.3425877121585694,0.4298354942315636,0.035655498855795,0.0457007540760471,28.046164885937973,0.0017767633263271,23.72385217547192,2,36,0.4289844056997521,0.1411764705882353,3.038639540373244,0.2878079351115168,0.1411764705882353,0.0062909289413578,45.74967191560675,1.1365360135538305,0.8487280784423137,0.9905243331636394,0.7027163980521226,,,0,6.661338147750939e-16,4.893888286901379e-16,8.881784197001252e-16,1.0408340855860844e-16,-0.213922588325526,10,0.2
v2_depth,prespecified depth-onset and saturation study,RY-RZ-CZ-line|n8|d32|i8|dir=gaussian|basis=Z|eta=0,RY-RZ-CZ-line|n8|d32|i8,RY-RZ-CZ-line,8,32,4.0,8,gaussian,Z,0.0,96,96,512,96,1.0,256,255,0.981351295010691,0.4552530807964901,0.4642845079271516,0.0127135763941566,0.0229978099733842,78.65607355453592,0.0002423443448006,64.23674926561215,1,8,0.0300731965945896,0.0313725490196078,0.9585831414525456,-0.0012993524250181,0.0313725490196078,0.0021281457197732,-0.6105561348292593,0.3844764859306543,0.3831771335056362,0.2610161691859561,0.2597168167609379,,,0,1.6653345369377348e-15,3.695978893835041e-16,1.6653345369377348e-15,6.938893903907227e-17,-0.3569213368866205,10,0.2
v2_depth,prespecified depth-onset and saturation study,RY-RZ-CZ-line|n8|d32|i8|dir=gaussian|basis=Z|eta=0,RY-RZ-CZ-line|n8|d32|i8,RY-RZ-CZ-line,8,32,4.0,8,gaussian,Z,0.0,96,96,512,96,1.0,256,255,0.981351295010691,0.4552530807964901,0.4642845079271516,0.0127135763941566,0.0229978099733842,78.65607355453592,0.0002423443448006,64.23674926561215,2,36,0.1368723499921935,0.1411764705882353,0.9695124791113708,-0.0043041205960417,0.1411764705882353,0.004250903044628,-1.0125191167276648,0.767979490053283,0.7636753694572412,0.5213714540224104,0.5170673334263686,,,0,1.6653345369377348e-15,3.695978893835041e-16,1.6653345369377348e-15,6.938893903907227e-17,-0.3569213368866205,10,0.2
v2_depth,prespecified depth-onset and saturation study,RY-RZ-CZ-line|n12|d6|i4|dir=gaussian|basis=Z|eta=0,RY-RZ-CZ-line|n12|d6|i4,RY-RZ-CZ-line,12,6,0.5,4,gaussian,Z,0.0,96,96,144,96,1.0,4096,4095,0.9018647353815314,0.3974400984906196,0.4437936551714432,0.0279371217943168,0.038062776775626,35.79466801778513,0.0011203263939572,29.876362218295444,1,12,0.2298035602960173,0.0029304029304029,78.42046495101593,0.2268731573656144,0.0029304029304029,0.000232281191842,976.7177254709796,0.6726760248196846,0.4458028674540701,0.5756224818228144,0.3487493244571999,,,0,4.440892098500626e-16,2.915161381400467e-16,6.661338147750939e-16,1.6653345369377348e-16,-0.2821271226872948,10,0.2
v2_depth,prespecified depth-onset and saturation study,RY-RZ-CZ-line|n12|d6|i4|dir=gaussian|basis=Z|eta=0,RY-RZ-CZ-line|n12|d6|i4,RY-RZ-CZ-line,12,6,0.5,4,gaussian,Z,0.0,96,96,144,96,1.0,4096,4095,0.9018647353815314,0.3974400984906196,0.4437936551714432,0.0279371217943168,0.038062776775626,35.79466801778513,0.0011203263939572,29.876362218295444,2,78,0.4660365516772284,0.019047619047619,24.46691896305449,0.4469889326296093,0.019047619047619,0.0005873973054579,760.9652418835867,1.7010765326795534,1.254087600049944,1.455645599639184,1.0086566670095745,,,0,4.440892098500626e-16,2.915161381400467e-16,6.661338147750939e-16,1.6653345369377348e-16,-0.2821271226872948,10,0.2
v2_depth,prespecified depth-onset and saturation study,RY-RZ-CZ-line|n12|d48|i0|dir=gaussian|basis=Z|eta=0,RY-RZ-CZ-line|n12|d48|i0,RY-RZ-CZ-line,12,48,4.0,0,gaussian,Z,0.0,96,96,1152,96,1.0,4096,4095,0.980021753384284,0.4714309660133587,0.4810995590200169,0.0038822420429804,0.014258468688366,257.58311535678666,2.536938400731168e-05,198.5386382866048,1,12,0.0037525284032359,0.0029304029304029,1.2805503176042548,0.0008221254728329,0.0029304029304029,0.0001413991089584,5.814219614882014,0.4094855453983633,0.4086634199255303,0.2086350173033893,0.2078128918305563,,,0,2.220446049250313e-16,5.051591013050332e-17,0.0,3.0357660829594124e-17,-0.4171867311327527,10,0.2
v2_depth,prespecified depth-onset and saturation study,RY-RZ-CZ-line|n12|d48|i0|dir=gaussian|basis=Z|eta=0,RY-RZ-CZ-line|n12|d48|i0,RY-RZ-CZ-line,12,48,4.0,0,gaussian,Z,0.0,96,96,1152,96,1.0,4096,4095,0.980021753384284,0.4714309660133587,0.4810995590200169,0.0038822420429804,0.014258468688366,257.58311535678666,2.536938400731168e-05,198.5386382866048,2,78,0.0199496314129122,0.019047619047619,1.0473556491778928,0.0009020123652931,0.019047619047619,0.0003575728837005,2.5225972281740296,1.035515205013235,1.0346131926479418,0.5276003882034038,0.5266983758381106,,,0,2.220446049250313e-16,5.051591013050332e-17,0.0,3.0357660829594124e-17,-0.4171867311327527,10,0.2
v2_depth,prespecified depth-onset and saturation study,RY-RZ-CZ-line|n12|d96|i8|dir=gaussian|basis=Z|eta=0,RY-RZ-CZ-line|n12|d96|i8,RY-RZ-CZ-line,12,96,8.0,8,gaussian,Z,0.0,96,96,2304,96,1.0,4096,4095,0.9840738761151347,0.4844131347434948,0.4923230960260523,0.0017244545123063,0.0121231581111364,579.8935216114052,4.9042052697198695e-06,451.5602243823848,1,12,0.0024761898622604,0.0029304029304029,0.8449997904963691,-0.0004542130681425,0.0029304029304029,0.0001301819065468,-3.4890644959106707,0.3770010249427896,0.3765468118746471,0.1330826747549549,0.1326284616868124,,,0,3.774758283725532e-15,2.9598520736361717e-16,3.552713678800501e-15,2.3852447794681098e-17,-0.4291147029045602,10,0.2
v2_depth,prespecified depth-onset and saturation study,RY-RZ-CZ-line|n12|d96|i8|dir=gaussian|basis=Z|eta=0,RY-RZ-CZ-line|n12|d96|i8,RY-RZ-CZ-line,12,96,8.0,8,gaussian,Z,0.0,96,96,2304,96,1.0,4096,4095,0.9840738761151347,0.4844131347434948,0.4923230960260523,0.0017244545123063,0.0121231581111364,579.8935216114052,4.9042052697198695e-06,451.5602243823848,2,78,0.0176442143164687,0.019047619047619,0.9263212516146112,-0.0014034047311502,0.019047619047619,0.0003292065987719,-4.262990888960326,0.9533677025254844,0.951964297794334,0.3365421192059925,0.3351387144748422,,,0,3.774758283725532e-15,2.9598520736361717e-16,3.552713678800501e-15,2.3852447794681098e-17,-0.4291147029045602,10,0.2
v2_depth,prespecified depth-onset and saturation study,SU2-CNOT-line|n8|d16|i4|dir=gaussian|basis=Z|eta=0,SU2-CNOT-line|n8|d16|i4,SU2-CNOT-line,8,16,2.0,4,gaussian,Z,0.0,96,96,384,96,1.0,256,255,0.960244070214937,0.4563916656187479,0.4756724920778652,0.0099761336193231,0.0202888822274551,100.23923477358636,0.0001445699726566,83.16889867091923,1,8,0.0295791416443335,0.0313725490196078,0.942835139913132,-0.0017934073752742,0.0313725490196078,0.0019712588657501,-0.9097777092770696,0.3561328881388944,0.3543394807636201,0.2166031921255501,0.2148097847502759,,,0,1.9984014443252818e-15,3.738490082481639e-16,1.9984014443252818e-15,4.510281037539698e-17,-0.3529536976059514,10,0.2
v2_depth,prespecified depth-onset and saturation study,SU2-CNOT-line|n8|d16|i4|dir=gaussian|basis=Z|eta=0,SU2-CNOT-line|n8|d16|i4,SU2-CNOT-line,8,16,2.0,4,gaussian,Z,0.0,96,96,384,96,1.0,256,255,0.960244070214937,0.4563916656187479,0.4756724920778652,0.0099761336193231,0.0202888822274551,100.23923477358636,0.0001445699726566,83.16889867091923,2,36,0.1384297324341535,0.1411764705882353,0.980543938075254,-0.0027467381540817,0.1411764705882353,0.0039375265689326,-0.697579586066469,0.7113640595264935,0.7086173213724117,0.4326579520977422,0.4299112139436605,,,0,1.9984014443252818e-15,3.738490082481639e-16,1.9984014443252818e-15,4.510281037539698e-17,-0.3529536976059514,10,0.2
v2_depth,prespecified depth-onset and saturation study,SU2-CNOT-line|n8|d64|i0|dir=gaussian|basis=Z|eta=0,SU2-CNOT-line|n8|d64|i0,SU2-CNOT-line,8,64,8.0,0,gaussian,Z,0.0,96,96,1536,96,1.0,256,255,0.9826782849081376,0.4840946145672042,0.4925275494185459,0.005498853913264,0.0158582408516675,181.85607687955587,3.866690830687678e-05,160.81637773029087,1,8,0.0310894890212561,0.0313725490196078,0.9909774625525408,-0.0002830599983516,0.0313725490196078,0.0016834359292869,-0.1681442063979036,0.3041340282142907,0.3038509682159391,0.1105550297676601,0.1102719697693084,,,0,3.219646771412954e-15,4.337296553478855e-16,3.219646771412954e-15,7.28583859910259e-17,-0.3801413400026708,10,0.2
v2_depth,prespecified depth-onset and saturation study,SU2-CNOT-line|n8|d64|i0|dir=gaussian|basis=Z|eta=0,SU2-CNOT-line|n8|d64|i0,SU2-CNOT-line,8,64,8.0,0,gaussian,Z,0.0,96,96,1536,96,1.0,256,255,0.9826782849081376,0.4840946145672042,0.4925275494185459,0.005498853913264,0.0158582408516675,181.85607687955587,3.866690830687678e-05,160.81637773029087,2,36,0.1402421312463355,0.1411764705882353,0.993381762994877,-0.0009343393418997,0.1411764705882353,0.0033626094542081,-0.2778613914650233,0.6074979990791666,0.6065636597372669,0.2208301378386681,0.2198957984967684,,,0,3.219646771412954e-15,4.337296553478855e-16,3.219646771412954e-15,7.28583859910259e-17,-0.3801413400026708,10,0.2
v2_depth,prespecified depth-onset and saturation study,SU2-CNOT-line|n12|d12|i8|dir=gaussian|basis=Z|eta=0,SU2-CNOT-line|n12|d12|i8,SU2-CNOT-line,12,12,1.0,8,gaussian,Z,0.0,96,96,432,96,1.0,4096,4095,0.9643042509953564,0.4508661788511092,0.4675921484940926,0.0058188601130935,0.0161749136535821,171.85496481515577,5.0406944479438165e-05,140.8493391645869,1,12,0.0054139719228919,0.0029304029304029,1.8475179186868853,0.002483568992489,0.0029304029304029,0.0001507575493178,16.473927864486143,0.4365871734275796,0.4341036044350906,0.2582632115329817,0.2557796425404927,,,0,4.440892098500626e-16,1.319787151435283e-16,4.440892098500626e-16,3.122502256758253e-17,-0.3930874314169141,10,0.2
v2_depth,prespecified depth-onset and saturation study,SU2-CNOT-line|n12|d12|i8|dir=gaussian|basis=Z|eta=0,SU2-CNOT-line|n12|d12|i8,SU2-CNOT-line,12,12,1.0,8,gaussian,Z,0.0,96,96,432,96,1.0,4096,4095,0.9643042509953564,0.4508661788511092,0.4675921484940926,0.0058188601130935,0.0161749136535821,171.85496481515577,5.0406944479438165e-05,140.8493391645869,2,78,0.0234733144369035,0.019047619047619,1.2323490079374375,0.0044256953892845,0.019047619047619,0.0003812386941211,11.608725602962531,1.10405034189472,1.0996246465054356,0.6531011544687871,0.6486754590795026,,,0,4.440892098500626e-16,1.319787151435283e-16,4.440892098500626e-16,3.122502256758253e-17,-0.3930874314169141,10,0.2
v2_depth,prespecified depth-onset and saturation study,SU2-CNOT-line|n12|d72|i4|dir=gaussian|basis=Z|eta=0,SU2-CNOT-line|n12|d72|i4,SU2-CNOT-line,12,72,6.0,4,gaussian,Z,0.0,96,96,2592,96,1.0,4096,4095,0.9955485173387552,0.4938877717213184,0.4961025393138736,0.0010468327461568,0.011452594905051,955.2624367849228,1.6498672949019618e-06,778.530252346639,1,12,0.0027314749972759,0.0029304029304029,0.9321158428204208,-0.0001989279331269,0.0029304029304029,0.0001264541724867,-1.5731227306701283,0.3662056725113606,0.3660067445782336,0.0979967631294496,0.0977978351963226,,,0,5.10702591327572e-15,6.383805961163584e-16,5.10702591327572e-15,1.8214596497756478e-17,-0.4696829957200022,10,0.2
v2_depth,prespecified depth-onset and saturation study,SU2-CNOT-line|n12|d72|i4|dir=gaussian|basis=Z|eta=0,SU2-CNOT-line|n12|d72|i4,SU2-CNOT-line,12,72,6.0,4,gaussian,Z,0.0,96,96,2592,96,1.0,4096,4095,0.9955485173387552,0.4938877717213184,0.4961025393138736,0.0010468327461568,0.011452594905051,955.2624367849228,1.6498672949019618e-06,778.530252346639,2,78,0.0184323567464399,0.019047619047619,0.9676987291880984,-0.000615262301179,0.019047619047619,0.0003197798306164,-1.924018472312521,0.926068200230852,0.925452937929673,0.2478161669025572,0.2472009046013781,,,0,5.10702591327572e-15,6.383805961163584e-16,5.10702591327572e-15,1.8214596497756478e-17,-0.4696829957200022,10,0.2
v2_depth,prespecified depth-onset and saturation study,SU2-HaarU4-brickwork|n8|d8|i0|dir=gaussian|basis=Z|eta=0,SU2-HaarU4-brickwork|n8|d8|i0,SU2-HaarU4-brickwork,8,8,1.0,0,gaussian,Z,0.0,96,96,192,96,1.0,256,255,0.925328136181744,0.4098100010873081,0.4431290140956971,0.0242417968434157,0.0344059447929635,41.2510675862547,0.0007864600132951,35.65838558740366,1,8,0.0527328349642652,0.0313725490196078,1.6808591144859542,0.0213602859446573,0.0313725490196078,0.0026902560316515,7.939871035822656,0.4860288351933686,0.4646685492487112,0.3968146253370187,0.3754543393923613,,,0,1.5543122344752194e-15,5.356560935219919e-16,1.5543122344752194e-15,5.551115123125783e-17,-0.3152954716225303,10,0.2
v2_depth,prespecified depth-onset and saturation study,SU2-HaarU4-brickwork|n8|d8|i0|dir=gaussian|basis=Z|eta=0,SU2-HaarU4-brickwork|n8|d8|i0,SU2-HaarU4-brickwork,8,8,1.0,0,gaussian,Z,0.0,96,96,192,96,1.0,256,255,0.925328136181744,0.4098100010873081,0.4431290140956971,0.0242417968434157,0.0344059447929635,41.2510675862547,0.0007864600132951,35.65838558740366,2,36,0.1710447198539376,0.1411764705882353,1.211566765632058,0.0298682492657023,0.1411764705882353,0.0053737004235758,5.558227461780735,0.9708270613727912,0.9409588121070888,0.7926245291031226,0.7627562798374203,,,0,1.5543122344752194e-15,5.356560935219919e-16,1.5543122344752194e-15,5.551115123125783e-17,-0.3152954716225303,10,0.2
v2_depth,prespecified depth-onset and saturation study,SU2-HaarU4-brickwork|n8|d32|i8|dir=gaussian|basis=Z|eta=0,SU2-HaarU4-brickwork|n8|d32|i8,SU2-HaarU4-brickwork,8,32,4.0,8,gaussian,Z,0.0,96,96,768,96,1.0,256,255,0.966257010888738,0.4673961901594438,0.4835877277917839,0.0094183321137052,0.0197368911541875,106.17591182039853,0.0001270088728588,88.7325513445712,1,8,0.026173115589346,0.0313725490196078,0.8342680594104047,-0.0051994334302618,0.0313725490196078,0.0019377332178902,-2.683255559773492,0.3500760551138062,0.3448766216835444,0.2063844181004486,0.2011849846701868,,,0,6.550315845288424e-15,1.7833801050181708e-15,6.439293542825908e-15,4.163336342344337e-17,-0.3789023310540622,10,0.2
v2_depth,prespecified depth-onset and saturation study,SU2-HaarU4-brickwork|n8|d32|i8|dir=gaussian|basis=Z|eta=0,SU2-HaarU4-brickwork|n8|d32|i8,SU2-HaarU4-brickwork,8,32,4.0,8,gaussian,Z,0.0,96,96,768,96,1.0,256,255,0.966257010888738,0.4673961901594438,0.4835877277917839,0.0094183321137052,0.0197368911541875,106.17591182039853,0.0001270088728588,88.7325513445712,2,36,0.1297746360613941,0.1411764705882353,0.9192370054348752,-0.0114018345268411,0.1411764705882353,0.0038705601590498,-2.945784087655208,0.699265729178187,0.6878638946513458,0.4122462776470383,0.4008444431201972,,,0,6.550315845288424e-15,1.7833801050181708e-15,6.439293542825908e-15,4.163336342344337e-17,-0.3789023310540622,10,0.2
v2_depth,prespecified depth-onset and saturation study,SU2-HaarU4-brickwork|n12|d6|i4|dir=gaussian|basis=Z|eta=0,SU2-HaarU4-brickwork|n12|d6|i4,SU2-HaarU4-brickwork,12,6,0.5,4,gaussian,Z,0.0,96,96,216,96,1.0,4096,4095,0.898295604231158,0.4073785736727291,0.4552439940740151,0.0227094484894859,0.0328895584010537,44.034534808847646,0.0007569283843755,36.34733756118482,1,12,0.1054903411084841,0.0029304029304029,35.9985789032702,0.1025599381780811,0.0029304029304029,0.0002158103034822,475.2318889470108,0.6249770629741218,0.5224171247960406,0.5184524975269629,0.4158925593488817,,,0,3.4416913763379853e-15,2.128616154701945e-15,3.4416913763379853e-15,8.326672684688674e-17,-0.2910520108336852,10,0.2
v2_depth,prespecified depth-onset and saturation study,SU2-HaarU4-brickwork|n12|d6|i4|dir=gaussian|basis=Z|eta=0,SU2-HaarU4-brickwork|n12|d6|i4,SU2-HaarU4-brickwork,12,6,0.5,4,gaussian,Z,0.0,96,96,216,96,1.0,4096,4095,0.898295604231158,0.4073785736727291,0.4552439940740151,0.0227094484894859,0.0328895584010537,44.034534808847646,0.0007569283843755,36.34733756118482,2,78,0.2330267349226548,0.019047619047619,12.23390358343938,0.2139791158750358,0.019047619047619,0.0005457453948391,392.0859761686161,1.5804544477012543,1.3664753318262188,1.3110730044059875,1.097093888530952,,,0,3.4416913763379853e-15,2.128616154701945e-15,3.4416913763379853e-15,8.326672684688674e-17,-0.2910520108336852,10,0.2
v2_depth,prespecified depth-onset and saturation study,SU2-HaarU4-brickwork|n12|d48|i0|dir=gaussian|basis=Z|eta=0,SU2-HaarU4-brickwork|n12|d48|i0,SU2-HaarU4-brickwork,12,48,4.0,0,gaussian,Z,0.0,96,96,1728,96,1.0,4096,4095,0.973964090414965,0.4792388705580193,0.4919846542691763,0.0024874784086032,0.0128782338418469,402.01353971209176,1.011306879698432e-05,314.4550105273904,1,12,0.0026675593013377,0.0029304029304029,0.9103046115814906,-0.0002628436290652,0.0029304029304029,0.0001342556187188,-1.9577849446702968,0.3887983146347635,0.3885354710056983,0.1638305632840104,0.1635677196549452,,,0,1.0547118733938987e-14,1.8310021825222175e-15,1.0658141036401504e-14,2.8189256484623115e-17,-0.4279260564743402,10,0.2
v2_depth,prespecified depth-onset and saturation study,SU2-HaarU4-brickwork|n12|d48|i0|dir=gaussian|basis=Z|eta=0,SU2-HaarU4-brickwork|n12|d48|i0,SU2-HaarU4-brickwork,12,48,4.0,0,gaussian,Z,0.0,96,96,1728,96,1.0,4096,4095,0.973964090414965,0.4792388705580193,0.4919846542691763,0.0024874784086032,0.0128782338418469,402.01353971209176,1.011306879698432e-05,314.4550105273904,2,78,0.0178822096878399,0.019047619047619,0.9388160086115948,-0.0011654093597791,0.019047619047619,0.0003395082832694,-3.43263895819036,0.9832009237252716,0.9820355143654924,0.4142979922806182,0.4131325829208391,,,0,1.0547118733938987e-14,1.8310021825222175e-15,1.0658141036401504e-14,2.8189256484623115e-17,-0.4279260564743402,10,0.2
v2_depth,prespecified depth-onset and saturation study,SU2-HaarU4-brickwork|n12|d96|i8|dir=gaussian|basis=Z|eta=0,SU2-HaarU4-brickwork|n12|d96|i8,SU2-HaarU4-brickwork,12,96,8.0,8,gaussian,Z,0.0,96,96,3456,96,1.0,4096,4095,0.9954394673716846,0.493614469684729,0.4959024793003162,0.0012933236034018,0.0116965181491997,773.2016931954649,2.705782096220076e-06,607.9300213069141,1,12,0.0027511070898879,0.0029304029304029,0.9388152944242716,-0.0001792958405149,0.0029304029304029,0.0001278227492297,-1.4026911609663058,0.370169010032728,0.3699897141922131,0.1120383329955681,0.1118590371550532,,,0,2.7422508708241367e-14,2.9264867302729937e-15,2.731148640577885e-14,1.951563910473908e-17,-0.4531293209142225,10,0.2
v2_depth,prespecified depth-onset and saturation study,SU2-HaarU4-brickwork|n12|d96|i8|dir=gaussian|basis=Z|eta=0,SU2-HaarU4-brickwork|n12|d96|i8,SU2-HaarU4-brickwork,12,96,8.0,8,gaussian,Z,0.0,96,96,3456,96,1.0,4096,4095,0.9954394673716846,0.493614469684729,0.4959024793003162,0.0012933236034018,0.0116965181491997,773.2016931954649,2.705782096220076e-06,607.9300213069141,2,78,0.0183932672941222,0.019047619047619,0.9656465329414176,-0.0006543517534968,0.019047619047619,0.000323240714749,-2.0243481827615017,0.936090767112872,0.935436415359375,0.2833247685174838,0.2826704167639869,,,0,2.7422508708241367e-14,2.9264867302729937e-15,2.731148640577885e-14,1.951563910473908e-17,-0.4531293209142225,10,0.2
v2_depth,prespecified depth-onset and saturation study,U1-RZ-XY-line|n8|d8|i12|dir=gaussian|basis=Z|eta=0,U1-RZ-XY-line|n8|d8|i12,U1-RZ-XY-line,8,8,1.0,12,gaussian,Z,0.0,96,96,92,96,1.0,70,69,0.5682418387901974,0.2064269894916129,0.3746069563350174,0.0993302958719167,0.1087122719565842,10.067421940325923,0.0119380625604695,9.152359586976878,1,7,0.6300204862098134,0.1014492753623188,6.210201935496732,0.5285712108474946,0.1014492753623188,0.0156683089472649,33.73505160170845,0.769822781758505,0.2412515709110104,0.7304901405553145,0.2019189297078198,,,0,2.220446049250313e-16,3.614224653754443e-16,3.3306690738754696e-16,1.1796119636642288e-16,-0.0715695542050466,10,0.2
v2_depth,prespecified depth-onset and saturation study,U1-RZ-XY-line|n8|d8|i12|dir=gaussian|basis=Z|eta=0,U1-RZ-XY-line|n8|d8|i12,U1-RZ-XY-line,8,8,1.0,12,gaussian,Z,0.0,96,96,92,96,1.0,70,69,0.5682418387901974,0.2064269894916129,0.3746069563350174,0.0993302958719167,0.1087122719565842,10.067421940325923,0.0119380625604695,9.152359586976878,2,27,0.9283208070576996,0.391304347826087,2.3723753958141214,0.5370164592316127,0.391304347826087,0.0253270022465011,21.20331707657192,1.244378279023455,0.7073618197918423,1.1807991208981663,0.6437826616665538,,,0,2.220446049250313e-16,3.614224653754443e-16,3.3306690738754696e-16,1.1796119636642288e-16,-0.0715695542050466,10,0.2
v2_depth,prespecified depth-onset and saturation study,U1-RZ-XY-line|n8|d32|i12|dir=gaussian|basis=Z|eta=0,U1-RZ-XY-line|n8|d32|i12,U1-RZ-XY-line,8,32,4.0,12,gaussian,Z,0.0,96,96,368,96,1.0,70,69,0.7012873951497663,0.3035730302744886,0.4415795294916891,0.0677465368705803,0.0774575104448451,14.760902124197887,0.0056376815336876,13.318328733565108,1,7,0.436975305176662,0.1014492753623188,4.3073280081699545,0.3355260298143432,0.1014492753623188,0.0128085642673963,26.19544414266704,0.629316450667822,0.2937904208534788,0.578756061468469,0.2432300316541258,,,0,1.5543122344752194e-15,7.94776012831638e-16,1.4432899320127037e-15,8.326672684688674e-17,-0.1377106745843096,10,0.2
v2_depth,prespecified depth-onset and saturation study,U1-RZ-XY-line|n8|d32|i12|dir=gaussian|basis=Z|eta=0,U1-RZ-XY-line|n8|d32|i12,U1-RZ-XY-line,8,32,4.0,12,gaussian,Z,0.0,96,96,368,96,1.0,70,69,0.7012873951497663,0.3035730302744886,0.4415795294916891,0.0677465368705803,0.0774575104448451,14.760902124197887,0.0056376815336876,13.318328733565108,2,27,0.7723780649861496,0.391304347826087,1.9738550549646043,0.3810737171600626,0.391304347826087,0.0207043744839757,18.405468731016047,1.0172571407335096,0.6361834235734469,0.9355289149788396,0.5544551978187771,,,0,1.5543122344752194e-15,7.94776012831638e-16,1.4432899320127037e-15,8.326672684688674e-17,-0.1377106745843096,10,0.2
v2_depth,prespecified depth-onset and saturation study,U1-RZ-XY-line|n8|d64|i12|dir=gaussian|basis=Z|eta=0,U1-RZ-XY-line|n8|d64|i12,U1-RZ-XY-line,8,64,8.0,12,gaussian,Z,0.0,96,96,736,96,1.0,70,69,0.7705335758495778,0.3377683763838793,0.4428980948455326,0.0551796495279294,0.0650215281786801,18.1226232597553,0.0036161081835081,16.629503872009217,1,7,0.4576971694173788,0.1014492753623188,4.51158638425702,0.35624789405506,0.1014492753623188,0.0114741644331062,31.047828896994183,0.563754085522436,0.2075061914673759,0.5058801029782065,0.1496322089231465,,,0,8.881784197001252e-16,3.480531475248531e-16,8.881784197001252e-16,9.714451465470121e-17,-0.1684371642194198,10,0.2
v2_depth,prespecified depth-onset and saturation study,U1-RZ-XY-line|n8|d64|i12|dir=gaussian|basis=Z|eta=0,U1-RZ-XY-line|n8|d64|i12,U1-RZ-XY-line,8,64,8.0,12,gaussian,Z,0.0,96,96,736,96,1.0,70,69,0.7705335758495778,0.3377683763838793,0.4428980948455326,0.0551796495279294,0.0650215281786801,18.1226232597553,0.0036161081835081,16.629503872009217,2,27,0.751720448404663,0.391304347826087,1.9210633681452496,0.360416100578576,0.391304347826087,0.0185473869166163,19.43217673728926,0.9112790051917689,0.5508629046131928,0.8177287381626309,0.4573126375840549,,,0,8.881784197001252e-16,3.480531475248531e-16,8.881784197001252e-16,9.714451465470121e-17,-0.1684371642194198,10,0.2
v2_depth,prespecified depth-onset and saturation study,U1-RZ-XY-line|n12|d12|i12|dir=gaussian|basis=Z|eta=0,U1-RZ-XY-line|n12|d12|i12,U1-RZ-XY-line,12,12,1.0,12,gaussian,Z,0.0,96,96,210,96,1.0,924,923,0.6006770582771606,0.2646953994233056,0.4430413517556285,0.0593009956777828,0.0690999436394725,16.863123267501074,0.0046392451100141,14.681699832586984,1,11,0.5504994313747605,0.0119176598049837,46.19190683262764,0.5385817715697768,0.0119176598049837,0.0013166755960054,409.04667269883055,0.8598052948285533,0.3212235232587764,0.7954629490098352,0.2568811774400583,,,0,1.3322676295501878e-15,7.444409714869966e-16,1.2212453270876722e-15,1.0408340855860844e-16,-0.1233372852072653,10,0.2
v2_depth,prespecified depth-onset and saturation study,U1-RZ-XY-line|n12|d12|i12|dir=gaussian|basis=Z|eta=0,U1-RZ-XY-line|n12|d12|i12,U1-RZ-XY-line,12,12,1.0,12,gaussian,Z,0.0,96,96,210,96,1.0,924,923,0.6006770582771606,0.2646953994233056,0.4430413517556285,0.0593009956777828,0.0690999436394725,16.863123267501074,0.0046392451100141,14.681699832586984,2,65,0.8287748007804066,0.0704225352112676,11.768602171081772,0.7583522655691389,0.0704225352112676,0.0031044548405045,244.27872348946528,2.0272470436300933,1.2688947780609543,1.875540801384597,1.117188535815458,,,0,1.3322676295501878e-15,7.444409714869966e-16,1.2212453270876722e-15,1.0408340855860844e-16,-0.1233372852072653,10,0.2
v2_depth,prespecified depth-onset and saturation study,U1-RZ-XY-line|n12|d48|i12|dir=gaussian|basis=Z|eta=0,U1-RZ-XY-line|n12|d48|i12,U1-RZ-XY-line,12,48,4.0,12,gaussian,Z,0.0,96,96,840,96,1.0,924,923,0.7208474565197953,0.3424831249466901,0.4793628572920643,0.0278583277499306,0.0379848035025355,35.89590907883872,0.0010403301686541,31.00376265774641,1,11,0.3095843761415958,0.0119176598049837,25.97694356169936,0.297666716336612,0.0119176598049837,0.0009698239063687,306.9286232086602,0.6333068922040943,0.3356401758674822,0.539457050429436,0.2417903340928239,,,0,2.220446049250313e-16,1.594625153350709e-16,1.1102230246251563e-16,5.551115123125783e-17,-0.1963191569157304,10,0.2
v2_depth,prespecified depth-onset and saturation study,U1-RZ-XY-line|n12|d48|i12|dir=gaussian|basis=Z|eta=0,U1-RZ-XY-line|n12|d48|i12,U1-RZ-XY-line,12,48,4.0,12,gaussian,Z,0.0,96,96,840,96,1.0,924,923,0.7208474565197953,0.3424831249466901,0.4793628572920643,0.0278583277499306,0.0379848035025355,35.89590907883872,0.0010403301686541,31.00376265774641,2,65,0.5805592318573939,0.0704225352112676,8.243941092374993,0.5101366966461263,0.0704225352112676,0.0022866486852932,223.0936041583952,1.4932096053064183,0.983072908660292,1.271930653633103,0.7617939569869767,,,0,2.220446049250313e-16,1.594625153350709e-16,1.1102230246251563e-16,5.551115123125783e-17,-0.1963191569157304,10,0.2
v2_depth,prespecified depth-onset and saturation study,U1-RZ-XY-line|n12|d96|i12|dir=gaussian|basis=Z|eta=0,U1-RZ-XY-line|n12|d96|i12,U1-RZ-XY-line,12,96,8.0,12,gaussian,Z,0.0,96,96,1680,96,1.0,924,923,0.7539318674102469,0.3574546789055153,0.4759323107450321,0.0254553934505837,0.0356068997688068,39.28440555991756,0.0008598832688211,34.10203145342032,1,11,0.2864357646404542,0.0119176598049837,24.03456461483084,0.2745181048354704,0.0119176598049837,0.0009380561632773,292.6457024453225,0.6125621667777204,0.3380440619422499,0.5146811079239821,0.2401630030885116,,,0,8.881784197001252e-16,4.3749437171880735e-16,9.992007221626409e-16,5.551115123125783e-17,-0.1598740156241374,10,0.2
v2_depth,prespecified depth-onset and saturation study,U1-RZ-XY-line|n12|d96|i12|dir=gaussian|basis=Z|eta=0,U1-RZ-XY-line|n12|d96|i12,U1-RZ-XY-line,12,96,8.0,12,gaussian,Z,0.0,96,96,1680,96,1.0,924,923,0.7539318674102469,0.3574546789055153,0.4759323107450321,0.0254553934505837,0.0356068997688068,39.28440555991756,0.0008598832688211,34.10203145342032,2,65,0.5409519403691087,0.0704225352112676,7.681517553241343,0.470529405157841,0.0704225352112676,0.0022117467701129,212.74108388720217,1.4442977370677834,0.9737683319099424,1.2135139905822594,0.7429845854244184,,,0,8.881784197001252e-16,4.3749437171880735e-16,9.992007221626409e-16,5.551115123125783e-17,-0.1598740156241374,10,0.2
v2_depth,prespecified depth-onset and saturation study,RY-RZ-CZ-line|n8|d8|i1|dir=gaussian|basis=Z|eta=0,RY-RZ-CZ-line|n8|d8|i1,RY-RZ-CZ-line,8,8,1.0,1,gaussian,Z,0.0,96,96,128,96,1.0,256,255,0.8582343912117026,0.377864626240154,0.4432283794752235,0.029675143383101,0.0397826939728604,33.69823650353331,0.0012229239467665,28.595669921158557,1,8,0.1597897683749206,0.0313725490196078,5.093298866950596,0.1284172193553128,0.0313725490196078,0.0029178765564687,44.01050451247547,0.5271513667447881,0.3987341473894753,0.4467269364540113,0.3183097170986985,,,0,4.440892098500626e-16,2.7122916078641093e-16,4.440892098500626e-16,1.006139616066548e-16,-0.2833548202951854,10,0.2
v2_depth,prespecified depth-onset and saturation study,RY-RZ-CZ-line|n8|d8|i1|dir=gaussian|basis=Z|eta=0,RY-RZ-CZ-line|n8|d8|i1,RY-RZ-CZ-line,8,8,1.0,1,gaussian,Z,0.0,96,96,128,96,1.0,256,255,0.8582343912117026,0.377864626240154,0.4432283794752235,0.029675143383101,0.0397826939728604,33.69823650353331,0.0012229239467665,28.595669921158557,2,36,0.3583851082839391,0.1411764705882353,2.538561183677902,0.2172086376957038,0.1411764705882353,0.0058283651455331,37.26750680028583,1.052968003579216,0.8357593658835121,0.8923227750081334,0.6751141373124296,,,0,4.440892098500626e-16,2.7122916078641093e-16,4.440892098500626e-16,1.006139616066548e-16,-0.2833548202951854,10,0.2
v2_depth,prespecified depth-onset and saturation study,RY-RZ-CZ-line|n8|d32|i9|dir=gaussian|basis=Z|eta=0,RY-RZ-CZ-line|n8|d32|i9,RY-RZ-CZ-line,8,32,4.0,9,gaussian,Z,0.0,96,96,512,96,1.0,256,255,0.9400253300587788,0.4472955286060617,0.4760933345808026,0.0118274847232889,0.022120948424088,84.54883040609175,0.0002142483988924,68.31895384552446,1,8,0.0296656942976319,0.0313725490196078,0.945594005737018,-0.0017068547219759,0.0313725490196078,0.0020786590089945,-0.8211326218442861,0.3755360846772582,0.3738292299552823,0.2475138356630013,0.2458069809410254,,,0,1.6653345369377348e-15,5.859952968222546e-16,1.7763568394002505e-15,5.551115123125783e-17,-0.3452600747150499,10,0.2
v2_depth,prespecified depth-onset and saturation study,RY-RZ-CZ-line|n8|d32|i9|dir=gaussian|basis=Z|eta=0,RY-RZ-CZ-line|n8|d32|i9,RY-RZ-CZ-line,8,32,4.0,9,gaussian,Z,0.0,96,96,512,96,1.0,256,255,0.9400253300587788,0.4472955286060617,0.4760933345808026,0.0118274847232889,0.022120948424088,84.54883040609175,0.0002142483988924,68.31895384552446,2,36,0.1326545490598711,0.1411764705882353,0.9396363891740872,-0.0085219215283641,0.1411764705882353,0.0041520549217935,-2.052458767737816,0.7501213243482072,0.741599402819843,0.4944009744405759,0.4858790529122118,,,0,1.6653345369377348e-15,5.859952968222546e-16,1.7763568394002505e-15,5.551115123125783e-17,-0.3452600747150499,10,0.2
v2_depth,prespecified depth-onset and saturation study,RY-RZ-CZ-line|n12|d6|i5|dir=gaussian|basis=Z|eta=0,RY-RZ-CZ-line|n12|d6|i5,RY-RZ-CZ-line,12,6,0.5,5,gaussian,Z,0.0,96,96,144,96,1.0,4096,4095,0.8496184401822191,0.3617856541867883,0.4276245647405403,0.0218886697619877,0.032077329451967,45.685736541953695,0.0006238927066774,40.03548053812229,1,12,0.2126762994297693,0.0029304029304029,72.57578718040878,0.2097458964993664,0.0029304029304029,0.0002131086719427,984.2203725792136,0.6171532579123515,0.4074073614129851,0.5088934171421621,0.2991475206427957,,,0,2.220446049250313e-16,3.26906786492304e-16,2.220446049250313e-16,1.214306433183765e-16,-0.3079530720180796,10,0.2
v2_depth,prespecified depth-onset and saturation study,RY-RZ-CZ-line|n12|d6|i5|dir=gaussian|basis=Z|eta=0,RY-RZ-CZ-line|n12|d6|i5,RY-RZ-CZ-line,12,6,0.5,5,gaussian,Z,0.0,96,96,144,96,1.0,4096,4095,0.8496184401822191,0.3617856541867883,0.4276245647405403,0.0218886697619877,0.032077329451967,45.685736541953695,0.0006238927066774,40.03548053812229,2,78,0.4198196819796882,0.019047619047619,22.04053330393363,0.4007720629320692,0.019047619047619,0.00053891345518,743.666833848477,1.5606694535944636,1.1598973906623944,1.286899811491998,0.8861277485599288,,,0,2.220446049250313e-16,3.26906786492304e-16,2.220446049250313e-16,1.214306433183765e-16,-0.3079530720180796,10,0.2
v2_depth,prespecified depth-onset and saturation study,RY-RZ-CZ-line|n12|d48|i1|dir=gaussian|basis=Z|eta=0,RY-RZ-CZ-line|n12|d48|i1,RY-RZ-CZ-line,12,48,4.0,1,gaussian,Z,0.0,96,96,1152,96,1.0,4096,4095,0.9801674221437192,0.4687985867206541,0.4782700884800411,0.0038215871367266,0.0141984456040524,261.6713852707099,2.6238085690328705e-05,195.22432367606265,1,12,0.0042762593223423,0.0029304029304029,1.4592734937493423,0.0013458563919394,0.0029304029304029,0.0001410959779793,9.538587925846716,0.4086076915334533,0.4072618351415138,0.206888483222051,0.2055426268301115,,,0,4.440892098500626e-16,9.905241616726624e-17,4.440892098500626e-16,3.4694469519536136e-17,-0.422405841745384,10,0.2
v2_depth,prespecified depth-onset and saturation study,RY-RZ-CZ-line|n12|d48|i1|dir=gaussian|basis=Z|eta=0,RY-RZ-CZ-line|n12|d48|i1,RY-RZ-CZ-line,12,48,4.0,1,gaussian,Z,0.0,96,96,1152,96,1.0,4096,4095,0.9801674221437192,0.4687985867206541,0.4782700884800411,0.0038215871367266,0.0141984456040524,261.6713852707099,2.6238085690328705e-05,195.22432367606265,2,78,0.0214659005426397,0.019047619047619,1.126959778488586,0.0024182814950206,0.019047619047619,0.0003568063200416,6.777574721037328,1.0332952706709626,1.030876989175942,0.523183718023898,0.5207654365288773,,,0,4.440892098500626e-16,9.905241616726624e-17,4.440892098500626e-16,3.4694469519536136e-17,-0.422405841745384,10,0.2
v2_depth,prespecified depth-onset and saturation study,RY-RZ-CZ-line|n12|d96|i9|dir=gaussian|basis=Z|eta=0,RY-RZ-CZ-line|n12|d96|i9,RY-RZ-CZ-line,12,96,8.0,9,gaussian,Z,0.0,96,96,2304,96,1.0,4096,4095,0.990810934937232,0.4860337142971291,0.4904948654541314,0.001906201806934,0.0123030122047784,524.603426752823,6.63447333914498e-06,388.2368667802839,1,12,0.002752557762669,0.0029304029304029,0.939310336510814,-0.0001778451677338,0.0029304029304029,0.0001311637178039,-1.35590215580601,0.3798443067785284,0.3796664616107945,0.1410162215555638,0.1408383763878299,,,0,8.881784197001252e-16,1.4402922969557686e-16,8.881784197001252e-16,2.0816681711721685e-17,-0.4535198837290804,10,0.2
v2_depth,prespecified depth-onset and saturation study,RY-RZ-CZ-line|n12|d96|i9|dir=gaussian|basis=Z|eta=0,RY-RZ-CZ-line|n12|d96|i9,RY-RZ-CZ-line,12,96,8.0,9,gaussian,Z,0.0,96,96,2304,96,1.0,4096,4095,0.990810934937232,0.4860337142971291,0.4904948654541314,0.001906201806934,0.0123030122047784,524.603426752823,6.63447333914498e-06,388.2368667802839,2,78,0.0175090177228398,0.019047619047619,0.9192234304490928,-0.0015386013247791,0.019047619047619,0.0003316894226385,-4.638680704797813,0.9605578502758308,0.9590192489510516,0.3566046304082436,0.3550660290834644,,,0,8.881784197001252e-16,1.4402922969557686e-16,8.881784197001252e-16,2.0816681711721685e-17,-0.4535198837290804,10,0.2
v2_depth,prespecified depth-onset and saturation study,SU2-CNOT-line|n8|d16|i5|dir=gaussian|basis=Z|eta=0,SU2-CNOT-line|n8|d16|i5,SU2-CNOT-line,8,16,2.0,5,gaussian,Z,0.0,96,96,384,96,1.0,256,255,0.952707149691702,0.457768746300091,0.4807529207966932,0.0104687923151926,0.0207764090619093,95.5220019551608,0.0001602697266841,78.99038886691139,1,8,0.0283938297970868,0.0313725490196078,0.9050533247821436,-0.0029787192225209,0.0313725490196078,0.002000402001739,-1.4890603088436198,0.3613979648720856,0.3584192456495646,0.2252433455914844,0.2222646263689634,,,0,4.440892098500626e-16,1.307531637795405e-16,6.661338147750939e-16,4.6837533851373785e-17,-0.3624156581038458,10,0.2
v2_depth,prespecified depth-onset and saturation study,SU2-CNOT-line|n8|d16|i5|dir=gaussian|basis=Z|eta=0,SU2-CNOT-line|n8|d16|i5,SU2-CNOT-line,8,16,2.0,5,gaussian,Z,0.0,96,96,384,96,1.0,256,255,0.952707149691702,0.457768746300091,0.4807529207966932,0.0104687923151926,0.0207764090619093,95.5220019551608,0.0001602697266841,78.99038886691139,2,36,0.1274215914656712,0.1411764705882353,0.902569606215171,-0.013754879122564,0.1411764705882353,0.0039957390514493,-3.4423867388374103,0.7218808819918779,0.7081260028693138,0.44991638244541,0.436161503322846,,,0,4.440892098500626e-16,1.307531637795405e-16,6.661338147750939e-16,4.6837533851373785e-17,-0.3624156581038458,10,0.2
v2_depth,prespecified depth-onset and saturation study,SU2-CNOT-line|n8|d64|i1|dir=gaussian|basis=Z|eta=0,SU2-CNOT-line|n8|d64|i1,SU2-CNOT-line,8,64,8.0,1,gaussian,Z,0.0,96,96,1536,96,1.0,256,255,0.9883748078608878,0.4829594771655195,0.4890797831016621,0.0054353726999324,0.0157954209009748,183.98002404001105,3.70885461096531e-05,164.20262493689657,1,8,0.0326326962836941,0.0313725490196078,1.0401671940427513,0.0012601472640863,0.0313725490196078,0.0016790003183266,0.750534261567138,0.3033326788992069,0.3020725316351206,0.1083074209834766,0.1070472737193903,,,0,2.664535259100376e-15,3.157342673196913e-16,2.664535259100376e-15,4.163336342344337e-17,-0.4068126931729492,10,0.2
v2_depth,prespecified depth-onset and saturation study,SU2-CNOT-line|n8|d64|i1|dir=gaussian|basis=Z|eta=0,SU2-CNOT-line|n8|d64|i1,SU2-CNOT-line,8,64,8.0,1,gaussian,Z,0.0,96,96,1536,96,1.0,256,255,0.9883748078608878,0.4829594771655195,0.4890797831016621,0.0054353726999324,0.0157954209009748,183.98002404001105,3.70885461096531e-05,164.20262493689657,2,36,0.1429999836598395,0.1411764705882353,1.0129165509238631,0.0018235130716042,0.1411764705882353,0.0033537494631086,0.5437237013864489,0.6058973294390897,0.6040738163674855,0.2163406111417668,0.2145170980701625,,,0,2.664535259100376e-15,3.157342673196913e-16,2.664535259100376e-15,4.163336342344337e-17,-0.4068126931729492,10,0.2
v2_depth,prespecified depth-onset and saturation study,SU2-CNOT-line|n12|d12|i9|dir=gaussian|basis=Z|eta=0,SU2-CNOT-line|n12|d12|i9,SU2-CNOT-line,12,12,1.0,9,gaussian,Z,0.0,96,96,432,96,1.0,4096,4095,0.9620983552193816,0.4550136238712787,0.4729820448891522,0.0055910183404465,0.0159494452327335,178.8582936252953,4.3127776733764976e-05,152.2724953413371,1,12,0.004698427641403,0.0029304029304029,1.603338432628774,0.001768024711,0.0029304029304029,0.0001496869069104,11.811485369645265,0.433486640522121,0.431718615811121,0.2529304196373872,0.2511623949263871,,,0,1.3322676295501878e-15,4.891989406159085e-16,1.3322676295501878e-15,2.4286128663675302e-17,-0.4017910282609504,10,0.2
v2_depth,prespecified depth-onset and saturation study,SU2-CNOT-line|n12|d12|i9|dir=gaussian|basis=Z|eta=0,SU2-CNOT-line|n12|d12|i9,SU2-CNOT-line,12,12,1.0,9,gaussian,Z,0.0,96,96,432,96,1.0,4096,4095,0.9620983552193816,0.4550136238712787,0.4729820448891522,0.0055910183404465,0.0159494452327335,178.8582936252953,4.3127776733764976e-05,152.2724953413371,2,78,0.0212103059271689,0.019047619047619,1.1135410611763672,0.0021626868795498,0.019047619047619,0.0003785312322718,5.71336443381404,1.096209652514286,1.094046965634736,0.6396154840828222,0.6374527972032723,,,0,1.3322676295501878e-15,4.891989406159085e-16,1.3322676295501878e-15,2.4286128663675302e-17,-0.4017910282609504,10,0.2
v2_depth,prespecified depth-onset and saturation study,SU2-CNOT-line|n12|d72|i5|dir=gaussian|basis=Z|eta=0,SU2-CNOT-line|n12|d72|i5,SU2-CNOT-line,12,72,6.0,5,gaussian,Z,0.0,96,96,2592,96,1.0,4096,4095,0.9945061058767898,0.492463731398101,0.4951706325847147,0.0010588701906601,0.0114645069595074,944.4028255971356,1.5891437289560802e-06,793.2652151233369,1,12,0.0025725853828441,0.0029304029304029,0.8778947618955525,-0.0003578175475588,0.0029304029304029,0.000126521351107,-2.828119874061336,0.3664002188148137,0.3660424012672549,0.0987288793775031,0.0983710618299443,,,0,1.9984014443252818e-15,2.4634686247679696e-16,2.220446049250313e-15,2.0816681711721685e-17,-0.4642616289583454,10,0.2
v2_depth,prespecified depth-onset and saturation study,SU2-CNOT-line|n12|d72|i5|dir=gaussian|basis=Z|eta=0,SU2-CNOT-line|n12|d72|i5,SU2-CNOT-line,12,72,6.0,5,gaussian,Z,0.0,96,96,2592,96,1.0,4096,4095,0.9945061058767898,0.492463731398101,0.4951706325847147,0.0010588701906601,0.0114645069595074,944.4028255971356,1.5891437289560802e-06,793.2652151233369,2,78,0.018370574729065,0.019047619047619,0.9644551732759146,-0.000677044318554,0.019047619047619,0.0003199497132497,-2.1160960317082984,0.9265601727987944,0.9258831284802403,0.2496675570559242,0.2489905127373702,,,0,1.9984014443252818e-15,2.4634686247679696e-16,2.220446049250313e-15,2.0816681711721685e-17,-0.4642616289583454,10,0.2
v2_depth,prespecified depth-onset and saturation study,SU2-HaarU4-brickwork|n8|d8|i1|dir=gaussian|basis=Z|eta=0,SU2-HaarU4-brickwork|n8|d8|i1,SU2-HaarU4-brickwork,8,8,1.0,1,gaussian,Z,0.0,96,96,192,96,1.0,256,255,0.9292070442115782,0.4227821711066459,0.4561600826614608,0.0317784301261803,0.0418640714790325,31.467885481736285,0.0014325641177655,26.42061761224858,1,8,0.071063122005276,0.0313725490196078,2.265137013918173,0.0396905729856681,0.0313725490196078,0.0030013589993936,13.224200435098489,0.54223352770513,0.5025429547194618,0.4646109834760948,0.4249204104904266,,,0,8.881784197001252e-16,4.580072427883776e-16,1.1102230246251563e-15,5.551115123125783e-17,-0.2505115301127557,10,0.2
v2_depth,prespecified depth-onset and saturation study,SU2-HaarU4-brickwork|n8|d8|i1|dir=gaussian|basis=Z|eta=0,SU2-HaarU4-brickwork|n8|d8|i1,SU2-HaarU4-brickwork,8,8,1.0,1,gaussian,Z,0.0,96,96,192,96,1.0,256,255,0.9292070442115782,0.4227821711066459,0.4561600826614608,0.0317784301261803,0.0418640714790325,31.467885481736285,0.0014325641177655,26.42061761224858,2,36,0.2315661907848028,0.1411764705882353,1.6402605180590204,0.0903897201965675,0.1411764705882353,0.0059951186565851,15.07721954715306,1.0830941379647503,0.9927044177681827,0.9280455872338615,0.837655867037294,,,0,8.881784197001252e-16,4.580072427883776e-16,1.1102230246251563e-15,5.551115123125783e-17,-0.2505115301127557,10,0.2
v2_depth,prespecified depth-onset and saturation study,SU2-HaarU4-brickwork|n8|d32|i9|dir=gaussian|basis=Z|eta=0,SU2-HaarU4-brickwork|n8|d32|i9,SU2-HaarU4-brickwork,8,32,4.0,9,gaussian,Z,0.0,96,96,768,96,1.0,256,255,0.981294781855708,0.4787973019499631,0.4883219526273984,0.0092210090016036,0.0195416234911702,108.44800171283698,0.0001240569258006,89.78204485070745,1,8,0.0298287779412515,0.0313725490196078,0.9507922968773936,-0.0015437710783562,0.0313725490196078,0.0019257337208213,-0.8016534485867924,0.3479081939456823,0.346364422867326,0.20264616297849,0.2011023919001338,,,0,6.106226635438361e-15,1.5126828497701122e-15,6.106226635438361e-15,5.551115123125783e-17,-0.3811282531280213,10,0.2
v2_depth,prespecified depth-onset and saturation study,SU2-HaarU4-brickwork|n8|d32|i9|dir=gaussian|basis=Z|eta=0,SU2-HaarU4-brickwork|n8|d32|i9,SU2-HaarU4-brickwork,8,32,4.0,9,gaussian,Z,0.0,96,96,768,96,1.0,256,255,0.981294781855708,0.4787973019499631,0.4883219526273984,0.0092210090016036,0.0195416234911702,108.44800171283698,0.0001240569258006,89.78204485070745,2,36,0.1380523633323619,0.1411764705882353,0.9778709069375636,-0.0031241072558733,0.1411764705882353,0.0038465915472435,-0.8121754591053773,0.6949354957950656,0.6918113885391922,0.4047792325420519,0.4016551252861785,,,0,6.106226635438361e-15,1.5126828497701122e-15,6.106226635438361e-15,5.551115123125783e-17,-0.3811282531280213,10,0.2
v2_depth,prespecified depth-onset and saturation study,SU2-HaarU4-brickwork|n12|d6|i5|dir=gaussian|basis=Z|eta=0,SU2-HaarU4-brickwork|n12|d6|i5,SU2-HaarU4-brickwork,12,6,0.5,5,gaussian,Z,0.0,96,96,216,96,1.0,4096,4095,0.9216057008531178,0.408374183281558,0.4436169265081862,0.0217565054559656,0.031946541857466,45.96326381660709,0.0006851810068468,38.20298888131572,1,12,0.0674100880988308,0.0029304029304029,23.00369256372602,0.0644796851684278,0.0029304029304029,0.0002126704389056,303.1906338287274,0.6158841544820092,0.5514044693135813,0.5073373491813877,0.4428576640129598,,,0,4.440892098500626e-16,4.527927352675807e-16,6.661338147750939e-16,6.245004513516506e-17,-0.3073958719301344,10,0.2
v2_depth,prespecified depth-onset and saturation study,SU2-HaarU4-brickwork|n12|d6|i5|dir=gaussian|basis=Z|eta=0,SU2-HaarU4-brickwork|n12|d6|i5,SU2-HaarU4-brickwork,12,6,0.5,5,gaussian,Z,0.0,96,96,216,96,1.0,4096,4095,0.9216057008531178,0.408374183281558,0.4436169265081862,0.0217565054559656,0.031946541857466,45.96326381660709,0.0006851810068468,38.20298888131572,2,78,0.1777590161442269,0.019047619047619,9.332348347571912,0.1587113970966078,0.019047619047619,0.0005378052427451,295.10942713477857,1.557460119556615,1.398748722460007,1.2829647958326582,1.1242533987360503,,,0,4.440892098500626e-16,4.527927352675807e-16,6.661338147750939e-16,6.245004513516506e-17,-0.3073958719301344,10,0.2
v2_depth,prespecified depth-onset and saturation study,SU2-HaarU4-brickwork|n12|d48|i1|dir=gaussian|basis=Z|eta=0,SU2-HaarU4-brickwork|n12|d48|i1,SU2-HaarU4-brickwork,12,48,4.0,1,gaussian,Z,0.0,96,96,1728,96,1.0,4096,4095,0.9812676170249236,0.483635909769365,0.4928785668921496,0.0023757293878825,0.0127676488734254,420.9233615160472,9.032969726552997e-06,332.7244552106235,1,12,0.0027493665216214,0.0029304029304029,0.9382213255033076,-0.0001810364087815,0.0029304029304029,0.0001336667614793,-1.354386137420509,0.3870930101977571,0.3869119737889756,0.159697823570647,0.1595167871618655,,,0,7.327471962526033e-15,1.4888635669032885e-15,7.216449660063518e-15,2.5153490401663706e-17,-0.4202494932671799,10,0.2
v2_depth,prespecified depth-onset and saturation study,SU2-HaarU4-brickwork|n12|d48|i1|dir=gaussian|basis=Z|eta=0,SU2-HaarU4-brickwork|n12|d48|i1,SU2-HaarU4-brickwork,12,48,4.0,1,gaussian,Z,0.0,96,96,1728,96,1.0,4096,4095,0.9812676170249236,0.483635909769365,0.4928785668921496,0.0023757293878825,0.0127676488734254,420.9233615160472,9.032969726552997e-06,332.7244552106235,2,78,0.0175467303074599,0.019047619047619,0.921203341141646,-0.0015008887401591,0.019047619047619,0.0003380191693508,-4.44024740680086,0.9788885158917332,0.977387627151574,0.4038470377606323,0.4023461490204731,,,0,7.327471962526033e-15,1.4888635669032885e-15,7.216449660063518e-15,2.5153490401663706e-17,-0.4202494932671799,10,0.2
v2_depth,prespecified depth-onset and saturation study,SU2-HaarU4-brickwork|n12|d96|i9|dir=gaussian|basis=Z|eta=0,SU2-HaarU4-brickwork|n12|d96|i9,SU2-HaarU4-brickwork,12,96,8.0,9,gaussian,Z,0.0,96,96,3456,96,1.0,4096,4095,0.9948399080647118,0.4941636845370201,0.4967588524002635,0.0012692768590611,0.0116727218917792,787.8501785179292,2.504003445403889e-06,631.9497391883101,1,12,0.0025658081148652,0.0029304029304029,0.8755820191977556,-0.0003645948155377,0.0029304029304029,0.0001276898815968,-2.8553148532862336,0.3697842312633588,0.3694196364478211,0.1107468858620318,0.1103822910464941,,,0,1.9539925233402755e-14,2.792692030377398e-15,1.9428902930940243e-14,3.0357660829594124e-17,-0.4539274390673283,10,0.2
v2_depth,prespecified depth-onset and saturation study,SU2-HaarU4-brickwork|n12|d96|i9|dir=gaussian|basis=Z|eta=0,SU2-HaarU4-brickwork|n12|d96|i9,SU2-HaarU4-brickwork,12,96,8.0,9,gaussian,Z,0.0,96,96,3456,96,1.0,4096,4095,0.9948399080647118,0.4941636845370201,0.4967588524002635,0.0012692768590611,0.0116727218917792,787.8501785179292,2.504003445403889e-06,631.9497391883101,2,78,0.0184308777340072,0.019047619047619,0.9676210810353804,-0.0006167413136118,0.019047619047619,0.0003229047164319,-1.909979267031956,0.935117730895292,0.9345009895816802,0.2800589312778648,0.279442189964253,,,0,1.9539925233402755e-14,2.792692030377398e-15,1.9428902930940243e-14,3.0357660829594124e-17,-0.4539274390673283,10,0.2
v2_depth,prespecified depth-onset and saturation study,U1-RZ-XY-line|n8|d8|i13|dir=gaussian|basis=Z|eta=0,U1-RZ-XY-line|n8|d8|i13,U1-RZ-XY-line,8,8,1.0,13,gaussian,Z,0.0,96,96,92,96,1.0,70,69,0.5584813082189563,0.2277587024212562,0.4229008685980069,0.0975170085536134,0.1069178730478466,10.25462137151402,0.0113630957125693,9.381054684899205,1,7,0.5912454179059811,0.1014492753623188,5.827990547930384,0.4897961425436622,0.1014492753623188,0.0155183912356791,31.562301472174976,0.7624569536939487,0.2726608111502865,0.722641357114066,0.2328452145704037,,,0,0.0,1.1123893155135927e-16,0.0,5.551115123125783e-17,-0.078837254799582,10,0.2
v2_depth,prespecified depth-onset and saturation study,U1-RZ-XY-line|n8|d8|i13|dir=gaussian|basis=Z|eta=0,U1-RZ-XY-line|n8|d8|i13,U1-RZ-XY-line,8,8,1.0,13,gaussian,Z,0.0,96,96,92,96,1.0,70,69,0.5584813082189563,0.2277587024212562,0.4229008685980069,0.0975170085536134,0.1069178730478466,10.25462137151402,0.0113630957125693,9.381054684899205,2,27,0.9210192557952708,0.391304347826087,2.3537158759212478,0.5297149079691836,0.391304347826087,0.0250846681036842,21.11707859875504,1.2324718030555477,0.7027568950863639,1.168111972813593,0.6383970648444093,,,0,0.0,1.1123893155135927e-16,0.0,5.551115123125783e-17,-0.078837254799582,10,0.2
v2_depth,prespecified depth-onset and saturation study,U1-RZ-XY-line|n8|d32|i13|dir=gaussian|basis=Z|eta=0,U1-RZ-XY-line|n8|d32|i13,U1-RZ-XY-line,8,32,4.0,13,gaussian,Z,0.0,96,96,368,96,1.0,70,69,0.7398740033018699,0.3415647849120088,0.4645642673979687,0.0664146487874771,0.0761394961959408,15.056919192630833,0.0054279981771983,13.573134523976096,1,7,0.395835180674261,0.1014492753623188,3.901803923789144,0.2943859053119421,0.1014492753623188,0.0126737971910999,23.227916690877112,0.6226950107974973,0.3283091054855552,0.5714728302124549,0.2770869249005127,,,0,8.881784197001252e-16,3.887174310464236e-16,8.881784197001252e-16,6.938893903907227e-17,-0.0997250179751861,10,0.2
v2_depth,prespecified depth-onset and saturation study,U1-RZ-XY-line|n8|d32|i13|dir=gaussian|basis=Z|eta=0,U1-RZ-XY-line|n8|d32|i13,U1-RZ-XY-line,8,32,4.0,13,gaussian,Z,0.0,96,96,368,96,1.0,70,69,0.7398740033018699,0.3415647849120088,0.4645642673979687,0.0664146487874771,0.0761394961959408,15.056919192630833,0.0054279981771983,13.573134523976096,2,27,0.7873765779209606,0.391304347826087,2.0121845880202325,0.3960722300948736,0.391304347826087,0.0204865305510023,19.3332994627289,1.0065539293636532,0.6104816992687796,0.9237559524336344,0.5276837223387607,,,0,8.881784197001252e-16,3.887174310464236e-16,8.881784197001252e-16,6.938893903907227e-17,-0.0997250179751861,10,0.2
v2_depth,prespecified depth-onset and saturation study,U1-RZ-XY-line|n8|d64|i13|dir=gaussian|basis=Z|eta=0,U1-RZ-XY-line|n8|d64|i13,U1-RZ-XY-line,8,64,8.0,13,gaussian,Z,0.0,96,96,736,96,1.0,70,69,0.7973882089941199,0.3767424306542459,0.4744904157577777,0.0568276865862586,0.0666523981843184,17.597056295474946,0.0038885382485608,16.036397489172405,1,7,0.4597346119399296,0.1014492753623188,4.53166974626502,0.3582853365776108,0.1014492753623188,0.01165786436451,30.73335950522257,0.5727797176233905,0.2144943810457797,0.5160238297212455,0.1577384931436347,,,0,1.7763568394002505e-15,8.050313200654401e-16,1.7763568394002505e-15,5.551115123125783e-17,-0.1536525023993125,10,0.2
v2_depth,prespecified depth-onset and saturation study,U1-RZ-XY-line|n8|d64|i13|dir=gaussian|basis=Z|eta=0,U1-RZ-XY-line|n8|d64|i13,U1-RZ-XY-line,8,64,8.0,13,gaussian,Z,0.0,96,96,736,96,1.0,70,69,0.7973882089941199,0.3767424306542459,0.4744904157577777,0.0568276865862586,0.0666523981843184,17.597056295474946,0.0038885382485608,16.036397489172405,2,27,0.7688066505010914,0.391304347826087,1.9647281068361224,0.3775023026750044,0.391304347826087,0.018844328251575,20.0326749584959,0.9258684676070392,0.5483661649320348,0.8341255421108763,0.4566232394358718,,,0,1.7763568394002505e-15,8.050313200654401e-16,1.7763568394002505e-15,5.551115123125783e-17,-0.1536525023993125,10,0.2
v2_depth,prespecified depth-onset and saturation study,U1-RZ-XY-line|n12|d12|i13|dir=gaussian|basis=Z|eta=0,U1-RZ-XY-line|n12|d12|i13,U1-RZ-XY-line,12,12,1.0,13,gaussian,Z,0.0,96,96,210,96,1.0,924,923,0.6530136788147384,0.2762539573997568,0.427524771649907,0.0461156098158338,0.0560519055469188,21.68463138606593,0.0026543777038591,19.40969180942749,1,11,0.4310385647889023,0.0119176598049837,36.16805411819608,0.4191209049839185,0.0119176598049837,0.0011836640397469,354.0877232981787,0.772947119062701,0.3538262140787824,0.6996074521759229,0.2804865471920044,,,0,1.9984014443252818e-15,1.1397140663207482e-15,1.7763568394002505e-15,9.714451465470121e-17,-0.1763999902644026,10,0.2
v2_depth,prespecified depth-onset and saturation study,U1-RZ-XY-line|n12|d12|i13|dir=gaussian|basis=Z|eta=0,U1-RZ-XY-line|n12|d12|i13,U1-RZ-XY-line,12,12,1.0,13,gaussian,Z,0.0,96,96,210,96,1.0,924,923,0.6530136788147384,0.2762539573997568,0.427524771649907,0.0461156098158338,0.0560519055469188,21.68463138606593,0.0026543777038591,19.40969180942749,2,65,0.719060201637518,0.0704225352112676,10.210654863252756,0.6486376664262504,0.0704225352112676,0.0027908404840734,232.4166035743873,1.8224530267805716,1.1738153603543209,1.6495329205992255,1.000895254172975,,,0,1.9984014443252818e-15,1.1397140663207482e-15,1.7763568394002505e-15,9.714451465470121e-17,-0.1763999902644026,10,0.2
v2_depth,prespecified depth-onset and saturation study,U1-RZ-XY-line|n12|d48|i13|dir=gaussian|basis=Z|eta=0,U1-RZ-XY-line|n12|d48|i13,U1-RZ-XY-line,12,48,4.0,13,gaussian,Z,0.0,96,96,840,96,1.0,924,923,0.7853749894980769,0.3504295650463862,0.446447131740378,0.0288565503604509,0.0389726279608629,34.65417686829748,0.0010747552185151,30.50318710862611,1,11,0.3114605516530742,0.0119176598049837,26.13437174325341,0.2995428918480904,0.0119176598049837,0.0009827189366792,304.8103386104248,0.6417275049743109,0.3421846131262204,0.549421055950216,0.2498781641021255,,,0,6.661338147750939e-16,3.7476451432124576e-16,6.661338147750939e-16,5.551115123125783e-17,-0.2757073015261068,10,0.2
v2_depth,prespecified depth-onset and saturation study,U1-RZ-XY-line|n12|d48|i13|dir=gaussian|basis=Z|eta=0,U1-RZ-XY-line|n12|d48|i13,U1-RZ-XY-line,12,48,4.0,13,gaussian,Z,0.0,96,96,840,96,1.0,924,923,0.7853749894980769,0.3504295650463862,0.446447131740378,0.0288565503604509,0.0389726279608629,34.65417686829748,0.0010747552185151,30.50318710862611,2,65,0.5466293282275342,0.0704225352112676,7.762136460830985,0.4762067930162665,0.0704225352112676,0.0023170525595561,205.5226546554886,1.513063707678955,1.0368569146626885,1.295423764057298,0.8192169710410315,,,0,6.661338147750939e-16,3.7476451432124576e-16,6.661338147750939e-16,5.551115123125783e-17,-0.2757073015261068,10,0.2
v2_depth,prespecified depth-onset and saturation study,U1-RZ-XY-line|n12|d96|i13|dir=gaussian|basis=Z|eta=0,U1-RZ-XY-line|n12|d96|i13,U1-RZ-XY-line,12,96,8.0,13,gaussian,Z,0.0,96,96,1680,96,1.0,924,923,0.762422376823593,0.3600156940107458,0.4726031920347704,0.0245032119783098,0.0346646368535357,40.81097616447982,0.0007704343958912,36.027337520318795,1,11,0.3020524917155172,0.0119176598049837,25.344949986674763,0.2901348319105334,0.0119176598049837,0.0009251662330259,313.6029197278413,0.6041448844085466,0.3140100524980131,0.5045269786466291,0.2143921467360956,,,0,6.661338147750939e-16,2.6367796834847473e-16,5.551115123125784e-16,8.326672684688674e-17,-0.2335019545826386,10,0.2
v2_depth,prespecified depth-onset and saturation study,U1-RZ-XY-line|n12|d96|i13|dir=gaussian|basis=Z|eta=0,U1-RZ-XY-line|n12|d96|i13,U1-RZ-XY-line,12,96,8.0,13,gaussian,Z,0.0,96,96,1680,96,1.0,924,923,0.762422376823593,0.3600156940107458,0.4726031920347704,0.0245032119783098,0.0346646368535357,40.81097616447982,0.0007704343958912,36.027337520318795,2,65,0.5388999071264714,0.0704225352112676,7.652378681195893,0.4684773719152038,0.0704225352112676,0.0021813549207581,214.764395952761,1.424451487107541,0.9559741151923375,1.1895726067806438,0.72109523486544,,,0,6.661338147750939e-16,2.6367796834847473e-16,5.551115123125784e-16,8.326672684688674e-17,-0.2335019545826386,10,0.2
v2_depth,prespecified depth-onset and saturation study,RY-RZ-CZ-line|n8|d8|i2|dir=gaussian|basis=Z|eta=0,RY-RZ-CZ-line|n8|d8|i2,RY-RZ-CZ-line,8,8,1.0,2,gaussian,Z,0.0,96,96,128,96,1.0,256,255,0.8514894030167355,0.3743441117990635,0.4442759788666968,0.0328107197394638,0.042885608075511,30.477844068663583,0.0013774742859618,26.9437630039073,1,8,0.1683654456910276,0.0313725490196078,5.366648581401506,0.1369928966714198,0.0313725490196078,0.00304149386614,45.04131939785167,0.5494843998548012,0.4124915031833814,0.4731412034698846,0.3361483067984648,,,0,1.4432899320127037e-15,5.830322762800934e-16,1.5543122344752194e-15,1.1102230246251563e-16,-0.254042138445321,10,0.2
v2_depth,prespecified depth-onset and saturation study,RY-RZ-CZ-line|n8|d8|i2|dir=gaussian|basis=Z|eta=0,RY-RZ-CZ-line|n8|d8|i2,RY-RZ-CZ-line,8,8,1.0,2,gaussian,Z,0.0,96,96,128,96,1.0,256,255,0.8514894030167355,0.3743441117990635,0.4442759788666968,0.0328107197394638,0.042885608075511,30.477844068663583,0.0013774742859618,26.9437630039073,2,36,0.3805694596618951,0.1411764705882353,2.6957003392717573,0.2393929890736598,0.1411764705882353,0.0060752867699162,39.404393264049766,1.0975775232944591,0.8581845342207992,0.9450844289851738,0.705691439911514,,,0,1.4432899320127037e-15,5.830322762800934e-16,1.5543122344752194e-15,1.1102230246251563e-16,-0.254042138445321,10,0.2
v2_depth,prespecified depth-onset and saturation study,RY-RZ-CZ-line|n8|d32|i10|dir=gaussian|basis=Z|eta=0,RY-RZ-CZ-line|n8|d32|i10,RY-RZ-CZ-line,8,32,4.0,10,gaussian,Z,0.0,96,96,512,96,1.0,256,255,0.928348596543799,0.4397471306571917,0.4739738736051007,0.0115027663317942,0.021799612515838,86.93560932694503,0.00018897362247,72.74437315758816,1,8,0.0343133422336509,0.0313725490196078,1.0937377836976254,0.0029407932140431,0.0313725490196078,0.0020602264442663,1.4274126139034329,0.3722060083354264,0.3692652151213833,0.2423774941323786,0.2394367009183355,,,0,1.7763568394002505e-15,8.605347544503313e-16,1.7763568394002505e-15,3.816391647148976e-17,-0.3513383053242631,10,0.2
v2_depth,prespecified depth-onset and saturation study,RY-RZ-CZ-line|n8|d32|i10|dir=gaussian|basis=Z|eta=0,RY-RZ-CZ-line|n8|d32|i10,RY-RZ-CZ-line,8,32,4.0,10,gaussian,Z,0.0,96,96,512,96,1.0,256,255,0.928348596543799,0.4397471306571917,0.4739738736051007,0.0115027663317942,0.021799612515838,86.93560932694503,0.00018897362247,72.74437315758816,2,36,0.1442296746993654,0.1411764705882353,1.0216268624538385,0.0030532041111301,0.1411764705882353,0.0041152364629843,0.7419267734899293,0.7434696033082377,0.7404163991971077,0.4841412964270327,0.4810880923159025,,,0,1.7763568394002505e-15,8.605347544503313e-16,1.7763568394002505e-15,3.816391647148976e-17,-0.3513383053242631,10,0.2
v2_depth,prespecified depth-onset and saturation study,RY-RZ-CZ-line|n12|d6|i6|dir=gaussian|basis=Z|eta=0,RY-RZ-CZ-line|n12|d6|i6,RY-RZ-CZ-line,12,6,0.5,6,gaussian,Z,0.0,96,96,144,96,1.0,4096,4095,0.9122767250868508,0.3646608290073046,0.4025889605008838,0.0267309830590414,0.0368692019855097,37.40977268928989,0.0009971675456315,31.66765700134685,1,12,0.2439686518376954,0.0029304029304029,83.25430243961357,0.2410382489072925,0.0029304029304029,0.0002285863450689,1054.4735243679595,0.6619759125123583,0.4209376636050658,0.5629475911897696,0.321909342282477,,,0,5.551115123125784e-16,2.7833528704240246e-16,4.440892098500626e-16,9.714451465470121e-17,-0.3285655924830281,10,0.2
v2_depth,prespecified depth-onset and saturation study,RY-RZ-CZ-line|n12|d6|i6|dir=gaussian|basis=Z|eta=0,RY-RZ-CZ-line|n12|d6|i6,RY-RZ-CZ-line,12,6,0.5,6,gaussian,Z,0.0,96,96,144,96,1.0,4096,4095,0.9122767250868508,0.3646608290073046,0.4025889605008838,0.0267309830590414,0.0368692019855097,37.40977268928989,0.0009971675456315,31.66765700134685,2,78,0.4908951425332628,0.019047619047619,25.771994982996297,0.4718475234856438,0.019047619047619,0.0005780537033293,816.2693548506513,1.674017875508135,1.2021703520224911,1.4235930836959674,0.9517455602103236,,,0,5.551115123125784e-16,2.7833528704240246e-16,4.440892098500626e-16,9.714451465470121e-17,-0.3285655924830281,10,0.2
v2_depth,prespecified depth-onset and saturation study,RY-RZ-CZ-line|n12|d48|i2|dir=gaussian|basis=Z|eta=0,RY-RZ-CZ-line|n12|d48|i2,RY-RZ-CZ-line,12,48,4.0,2,gaussian,Z,0.0,96,96,1152,96,1.0,4096,4095,0.9871338773270856,0.4750875021032522,0.4813637569769429,0.0039039103236595,0.014279911257788,256.1534249236041,2.615228068338794e-05,195.5443245787256,1,12,0.0042270335777049,0.0029304029304029,1.4424752083918149,0.001296630647302,0.0029304029304029,0.000141507241657,9.16299853010024,0.4097986928954747,0.4085020622481727,0.2092554129570271,0.2079587823097251,,,0,1.3322676295501878e-15,2.689458718185574e-16,8.881784197001252e-16,3.4694469519536136e-17,-0.400946673519397,10,0.2
v2_depth,prespecified depth-onset and saturation study,RY-RZ-CZ-line|n12|d48|i2|dir=gaussian|basis=Z|eta=0,RY-RZ-CZ-line|n12|d48|i2,RY-RZ-CZ-line,12,48,4.0,2,gaussian,Z,0.0,96,96,1152,96,1.0,4096,4095,0.9871338773270856,0.4750875021032522,0.4813637569769429,0.0039039103236595,0.014279911257788,256.1534249236041,2.615228068338794e-05,195.5443245787256,2,78,0.0222385422323939,0.019047619047619,1.167523467200683,0.0031909231847749,0.019047619047619,0.000357846331823,8.917020801971258,1.0363070986424847,1.0331161754577098,0.5291692570919041,0.5259783339071292,,,0,1.3322676295501878e-15,2.689458718185574e-16,8.881784197001252e-16,3.4694469519536136e-17,-0.400946673519397,10,0.2
v2_depth,prespecified depth-onset and saturation study,RY-RZ-CZ-line|n12|d96|i10|dir=gaussian|basis=Z|eta=0,RY-RZ-CZ-line|n12|d96|i10,RY-RZ-CZ-line,12,96,8.0,10,gaussian,Z,0.0,96,96,2304,96,1.0,4096,4095,0.9782073508370668,0.4809202701515491,0.4916365822629649,0.0019528301435783,0.0123491548295827,512.077306512489,6.842401027664821e-06,382.2924647662485,1,12,0.0025460239282567,0.0029304029304029,0.868830665517631,-0.0003843790021461,0.0029304029304029,0.0001314144249058,-2.9249376727206053,0.3805703434214458,0.3801859644192996,0.1429806808760119,0.1425963018738658,,,0,2.4424906541753444e-15,4.120064691246362e-16,2.4424906541753444e-15,1.8214596497756478e-17,-0.4437973861236826,10,0.2
v2_depth,prespecified depth-onset and saturation study,RY-RZ-CZ-line|n12|d96|i10|dir=gaussian|basis=Z|eta=0,RY-RZ-CZ-line|n12|d96|i10,RY-RZ-CZ-line,12,96,8.0,10,gaussian,Z,0.0,96,96,2304,96,1.0,4096,4095,0.9782073508370668,0.4809202701515491,0.4916365822629649,0.0019528301435783,0.0123491548295827,512.077306512489,6.842401027664821e-06,382.2924647662485,2,78,0.0181065282736087,0.019047619047619,0.9505927343644616,-0.0009410907740102,0.019047619047619,0.0003323234157526,-2.8318521337983604,0.962393866202611,0.9614527754286007,0.3615723942739376,0.3606313034999274,,,0,2.4424906541753444e-15,4.120064691246362e-16,2.4424906541753444e-15,1.8214596497756478e-17,-0.4437973861236826,10,0.2
v2_depth,prespecified depth-onset and saturation study,SU2-CNOT-line|n8|d16|i6|dir=gaussian|basis=Z|eta=0,SU2-CNOT-line|n8|d16|i6,SU2-CNOT-line,8,16,2.0,6,gaussian,Z,0.0,96,96,384,96,1.0,256,255,0.9520017773491384,0.4541878410285307,0.4770284186951715,0.0098919751922458,0.0202056004506599,101.09204487126972,0.00012950764075,87.87236275146562,1,8,0.0283591057888107,0.0313725490196078,0.9039464970183412,-0.0030134432307971,0.0313725490196078,0.0019662372930503,-1.5325938743243603,0.3552256774119625,0.3522122341811653,0.215092532500295,0.2120790892694979,,,0,2.220446049250313e-16,1.3891062935108367e-16,4.440892098500626e-16,4.8572257327350605e-17,-0.3799155254840285,10,0.2
v2_depth,prespecified depth-onset and saturation study,SU2-CNOT-line|n8|d16|i6|dir=gaussian|basis=Z|eta=0,SU2-CNOT-line|n8|d16|i6,SU2-CNOT-line,8,16,2.0,6,gaussian,Z,0.0,96,96,384,96,1.0,256,255,0.9520017773491384,0.4541878410285307,0.4770284186951715,0.0098919751922458,0.0202056004506599,101.09204487126972,0.00012950764075,87.87236275146562,2,36,0.1332069792341826,0.1411764705882353,0.9435494362421272,-0.0079694913540526,0.1411764705882353,0.0039274961379899,-2.029153199404898,0.7095519351003311,0.7015824437462784,0.4296404577876826,0.42167096643363,,,0,2.220446049250313e-16,1.3891062935108367e-16,4.440892098500626e-16,4.8572257327350605e-17,-0.3799155254840285,10,0.2
v2_depth,prespecified depth-onset and saturation study,SU2-CNOT-line|n8|d64|i2|dir=gaussian|basis=Z|eta=0,SU2-CNOT-line|n8|d64|i2,SU2-CNOT-line,8,64,8.0,2,gaussian,Z,0.0,96,96,1536,96,1.0,256,255,0.9933684934066976,0.4952877507114955,0.4988389074596269,0.0053575286087607,0.0157183876857528,186.6532263336442,3.536861108613222e-05,168.1477255578175,1,8,0.029544085084194,0.0313725490196078,0.9417177120586856,-0.0018284639354137,0.0313725490196078,0.0016735450857345,-1.0925692716615565,0.3023471220186474,0.3005186580832336,0.1054859329543409,0.1036574690189271,,,0,2.220446049250313e-16,6.245004513516506e-17,2.220446049250313e-16,5.811323644522304e-17,-0.3734294782891835,10,0.2
v2_depth,prespecified depth-onset and saturation study,SU2-CNOT-line|n8|d64|i2|dir=gaussian|basis=Z|eta=0,SU2-CNOT-line|n8|d64|i2,SU2-CNOT-line,8,64,8.0,2,gaussian,Z,0.0,96,96,1536,96,1.0,256,255,0.9933684934066976,0.4952877507114955,0.4988389074596269,0.0053575286087607,0.0157183876857528,186.6532263336442,3.536861108613222e-05,168.1477255578175,2,36,0.1364108114488584,0.1411764705882353,0.9662432477627476,-0.0047656591393768,0.1411764705882353,0.0033428528103937,-1.4256263765365909,0.6039287110755543,0.5991630519361775,0.2107047789983208,0.205939119858944,,,0,2.220446049250313e-16,6.245004513516506e-17,2.220446049250313e-16,5.811323644522304e-17,-0.3734294782891835,10,0.2
v2_depth,prespecified depth-onset and saturation study,SU2-CNOT-line|n12|d12|i10|dir=gaussian|basis=Z|eta=0,SU2-CNOT-line|n12|d12|i10,SU2-CNOT-line,12,12,1.0,10,gaussian,Z,0.0,96,96,432,96,1.0,4096,4095,0.961488122978157,0.4455714706442991,0.4634252858513894,0.0061369243698285,0.0164896647409761,162.94807296573208,5.763367697429129e-05,131.72306755783623,1,12,0.0061135038119563,0.0029304029304029,2.086233175830092,0.0031831008815533,0.0029304029304029,0.0001522395611315,20.90850011583478,0.4408790138803453,0.4376959129987919,0.2655286666915457,0.2623455658099923,,,0,4.440892098500626e-16,1.0756684430629142e-16,4.440892098500626e-16,3.122502256758253e-17,-0.388735830480916,10,0.2
v2_depth,prespecified depth-onset and saturation study,SU2-CNOT-line|n12|d12|i10|dir=gaussian|basis=Z|eta=0,SU2-CNOT-line|n12|d12|i10,SU2-CNOT-line,12,12,1.0,10,gaussian,Z,0.0,96,96,432,96,1.0,4096,4095,0.961488122978157,0.4455714706442991,0.4634252858513894,0.0061369243698285,0.0164896647409761,162.94807296573208,5.763367697429129e-05,131.72306755783623,2,78,0.0234447245765006,0.019047619047619,1.230848040266284,0.0043971055288816,0.019047619047619,0.0003849864351204,11.42145573910014,1.1149036335341262,1.1105065280052446,0.6714741822168502,0.6670770766879686,,,0,4.440892098500626e-16,1.0756684430629142e-16,4.440892098500626e-16,3.122502256758253e-17,-0.388735830480916,10,0.2
v2_depth,prespecified depth-onset and saturation study,SU2-CNOT-line|n12|d72|i6|dir=gaussian|basis=Z|eta=0,SU2-CNOT-line|n12|d72|i6,SU2-CNOT-line,12,72,6.0,6,gaussian,Z,0.0,96,96,2592,96,1.0,4096,4095,0.9941435819640576,0.4925569491364172,0.4954356381854204,0.0010193014014972,0.0114253503452316,981.0640881402602,1.5191777776030552e-06,811.3265731266422,1,12,0.0028894377256426,0.0029304029304029,0.986020623875554,-4.096520476028166e-05,0.0029304029304029,0.0001263003911247,-0.3243474101345375,0.3657603285105164,0.3657193633057561,0.0963013893104963,0.0962604241057361,,,0,2.997602166487923e-15,3.738380030276215e-16,2.886579864025407e-15,2.255140518769849e-17,-0.4609641414211426,10,0.2
v2_depth,prespecified depth-onset and saturation study,SU2-CNOT-line|n12|d72|i6|dir=gaussian|basis=Z|eta=0,SU2-CNOT-line|n12|d72|i6,SU2-CNOT-line,12,72,6.0,6,gaussian,Z,0.0,96,96,2592,96,1.0,4096,4095,0.9941435819640576,0.4925569491364172,0.4954356381854204,0.0010193014014972,0.0114253503452316,981.0640881402602,1.5191777776030552e-06,811.3265731266422,2,78,0.0185792898724416,0.019047619047619,0.9754127183031864,-0.0004683291751774,0.019047619047619,0.0003193909452445,-1.466319512654957,0.924942005449332,0.9244736762741546,0.2435288718137902,0.2430605426386128,,,0,2.997602166487923e-15,3.738380030276215e-16,2.886579864025407e-15,2.255140518769849e-17,-0.4609641414211426,10,0.2
v2_depth,prespecified depth-onset and saturation study,SU2-HaarU4-brickwork|n8|d8|i2|dir=gaussian|basis=Z|eta=0,SU2-HaarU4-brickwork|n8|d8|i2,SU2-HaarU4-brickwork,8,8,1.0,2,gaussian,Z,0.0,96,96,192,96,1.0,256,255,0.8602284280852975,0.3877314806563652,0.4509195007394739,0.0261085351459475,0.0362532379048439,38.30165095092341,0.0009529618043827,32.39382658779283,1,8,0.0563620307155796,0.0313725490196078,1.7965397290591,0.0249894816959717,0.0313725490196078,0.0027705693256903,9.019619709297626,0.500538449257215,0.4755489675612432,0.414641096118546,0.3896516144225742,,,0,2.886579864025407e-15,1.4190038696205532e-15,2.7755575615628917e-15,5.551115123125783e-17,-0.3059953626257309,10,0.2
v2_depth,prespecified depth-onset and saturation study,SU2-HaarU4-brickwork|n8|d8|i2|dir=gaussian|basis=Z|eta=0,SU2-HaarU4-brickwork|n8|d8|i2,SU2-HaarU4-brickwork,8,8,1.0,2,gaussian,Z,0.0,96,96,192,96,1.0,256,255,0.8602284280852975,0.3877314806563652,0.4509195007394739,0.0261085351459475,0.0362532379048439,38.30165095092341,0.0009529618043827,32.39382658779283,2,36,0.1976826518177024,0.1411764705882353,1.4002521170420583,0.0565061812294671,0.1411764705882353,0.0055341236610362,10.210502094000232,0.9998095516352322,0.9433033704057652,0.8282323346288843,0.7717261533994173,,,0,2.886579864025407e-15,1.4190038696205532e-15,2.7755575615628917e-15,5.551115123125783e-17,-0.3059953626257309,10,0.2
v2_depth,prespecified depth-onset and saturation study,SU2-HaarU4-brickwork|n8|d32|i10|dir=gaussian|basis=Z|eta=0,SU2-HaarU4-brickwork|n8|d32|i10,SU2-HaarU4-brickwork,8,32,4.0,10,gaussian,Z,0.0,96,96,768,96,1.0,256,255,0.9648324446652587,0.4701435158409622,0.4875174672723867,0.0088462374869707,0.0191707558464815,113.04240943936377,0.0001157977375212,92.9287216493266,1,8,0.0302362818816787,0.0313725490196078,0.9637814849785116,-0.001136267137929,0.0313725490196078,0.0019027349958929,-0.5971757183116375,0.3437531829146292,0.3426169157767001,0.1953493167496459,0.1942130496117168,,,0,6.994405055138486e-15,1.7382007135855949e-15,6.994405055138486e-15,5.2909066017292616e-17,-0.3462128998830494,10,0.2
v2_depth,prespecified depth-onset and saturation study,SU2-HaarU4-brickwork|n8|d32|i10|dir=gaussian|basis=Z|eta=0,SU2-HaarU4-brickwork|n8|d32|i10,SU2-HaarU4-brickwork,8,32,4.0,10,gaussian,Z,0.0,96,96,768,96,1.0,256,255,0.9648324446652587,0.4701435158409622,0.4875174672723867,0.0088462374869707,0.0191707558464815,113.04240943936377,0.0001157977375212,92.9287216493266,2,36,0.1404914073338943,0.1411764705882353,0.995147468615085,-0.0006850632543409,0.1411764705882353,0.0038006523294013,-0.1802488612392638,0.6866359940841352,0.6859509308297943,0.3902040154588524,0.3895189522045115,,,0,6.994405055138486e-15,1.7382007135855949e-15,6.994405055138486e-15,5.2909066017292616e-17,-0.3462128998830494,10,0.2
v2_depth,prespecified depth-onset and saturation study,SU2-HaarU4-brickwork|n12|d6|i6|dir=gaussian|basis=Z|eta=0,SU2-HaarU4-brickwork|n12|d6|i6,SU2-HaarU4-brickwork,12,6,0.5,6,gaussian,Z,0.0,96,96,216,96,1.0,4096,4095,0.8828236544362844,0.3960438939068005,0.4498103418796663,0.0211276672107841,0.0313242540106718,47.331302127362655,0.000654397373367,39.09122015236255,1,12,0.0818740121751113,0.0029304029304029,27.93950665475674,0.0789436092447083,0.0029304029304029,0.0002105728316774,374.8993097345562,0.609809577023883,0.5308659677791747,0.4998672222955383,0.42092361305083,,,0,3.1086244689504387e-15,1.686473325318934e-15,2.886579864025407e-15,5.551115123125783e-17,-0.2657685570932406,10,0.2
v2_depth,prespecified depth-onset and saturation study,SU2-HaarU4-brickwork|n12|d6|i6|dir=gaussian|basis=Z|eta=0,SU2-HaarU4-brickwork|n12|d6|i6,SU2-HaarU4-brickwork,12,6,0.5,6,gaussian,Z,0.0,96,96,216,96,1.0,4096,4095,0.8828236544362844,0.3960438939068005,0.4498103418796663,0.0211276672107841,0.0313242540106718,47.331302127362655,0.000654397373367,39.09122015236255,2,78,0.1858174475779404,0.019047619047619,9.755415997841874,0.1667698285303214,0.019047619047619,0.0005325007717977,313.18232266087733,1.542098607062198,1.3753287785318766,1.2640741901431465,1.097304361612825,,,0,3.1086244689504387e-15,1.686473325318934e-15,2.886579864025407e-15,5.551115123125783e-17,-0.2657685570932406,10,0.2
v2_depth,prespecified depth-onset and saturation study,SU2-HaarU4-brickwork|n12|d48|i2|dir=gaussian|basis=Z|eta=0,SU2-HaarU4-brickwork|n12|d48|i2,SU2-HaarU4-brickwork,12,48,4.0,2,gaussian,Z,0.0,96,96,1728,96,1.0,4096,4095,0.9816603343383112,0.4846201292919374,0.4935333204875859,0.0024515354925956,0.0128426653312144,407.9076166836256,9.24636904775554e-06,328.8625260339628,1,12,0.002481773661286,0.0029304029304029,0.8469052619138658,-0.0004486292691168,0.0029304029304029,0.000134066501045,-3.346318920980919,0.3882506382429465,0.3878020089738296,0.1625127761149296,0.1620641468458127,,,0,1.6431300764452317e-14,2.852753580356064e-15,1.6431300764452317e-14,1.908195823574488e-17,-0.4421240038152021,10,0.2
v2_depth,prespecified depth-onset and saturation study,SU2-HaarU4-brickwork|n12|d48|i2|dir=gaussian|basis=Z|eta=0,SU2-HaarU4-brickwork|n12|d48|i2,SU2-HaarU4-brickwork,12,48,4.0,2,gaussian,Z,0.0,96,96,1728,96,1.0,4096,4095,0.9816603343383112,0.4846201292919374,0.4935333204875859,0.0024515354925956,0.0128426653312144,407.9076166836256,9.24636904775554e-06,328.8625260339628,2,78,0.0173910087004671,0.019047619047619,0.9130279567745236,-0.0016566103471519,0.019047619047619,0.0003390300387283,-4.886323210077794,0.9818159487547836,0.9801593384076318,0.4109655458343655,0.4093089354872136,,,0,1.6431300764452317e-14,2.852753580356064e-15,1.6431300764452317e-14,1.908195823574488e-17,-0.4421240038152021,10,0.2
v2_depth,prespecified depth-onset and saturation study,SU2-HaarU4-brickwork|n12|d96|i10|dir=gaussian|basis=Z|eta=0,SU2-HaarU4-brickwork|n12|d96|i10,SU2-HaarU4-brickwork,12,96,8.0,10,gaussian,Z,0.0,96,96,3456,96,1.0,4096,4095,0.9882069089278116,0.4898782997826845,0.4957330057375214,0.0011958430789645,0.0116000530468919,836.2301188094748,2.135585496488647e-06,684.2920880773481,1,12,0.0027846892150808,0.0029304029304029,0.9502751946463448,-0.000145713715322,0.0029304029304029,0.0001272832728533,-1.144798621653575,0.3686067103843038,0.3684609966689817,0.1067063711956844,0.1065606574803623,,,0,2.731148640577885e-14,4.164215136629636e-15,2.731148640577885e-14,1.7347234759768068e-17,-0.426921512262867,10,0.2
v2_depth,prespecified depth-onset and saturation study,SU2-HaarU4-brickwork|n12|d96|i10|dir=gaussian|basis=Z|eta=0,SU2-HaarU4-brickwork|n12|d96|i10,SU2-HaarU4-brickwork,12,96,8.0,10,gaussian,Z,0.0,96,96,3456,96,1.0,4096,4095,0.9882069089278116,0.4898782997826845,0.4957330057375214,0.0011958430789645,0.0116000530468919,836.2301188094748,2.135585496488647e-06,684.2920880773481,2,78,0.0182647830527039,0.019047619047619,0.9589011102669558,-0.0007828359949151,0.019047619047619,0.0003218764761409,-2.43210067508095,0.932139992637655,0.93135715664274,0.2698411972940893,0.2690583612991741,,,0,2.731148640577885e-14,4.164215136629636e-15,2.731148640577885e-14,1.7347234759768068e-17,-0.426921512262867,10,0.2
v2_depth,prespecified depth-onset and saturation study,U1-RZ-XY-line|n8|d8|i14|dir=gaussian|basis=Z|eta=0,U1-RZ-XY-line|n8|d8|i14,U1-RZ-XY-line,8,8,1.0,14,gaussian,Z,0.0,96,96,92,96,1.0,70,69,0.6204297105482031,0.2218620072137408,0.3627734433808698,0.0819615396560978,0.0915244402846801,12.200844496039206,0.0080616107331475,11.137535161217556,1,7,0.4646925786235593,0.1014492753623188,4.5805411321465135,0.3632433032612405,0.1014492753623188,0.0141672771540147,25.639598866625168,0.6960733762242478,0.3328300729630073,0.6514360183947981,0.2881927151335576,,,0,4.440892098500626e-16,2.613394165693961e-16,4.440892098500626e-16,9.367506770274757e-17,-0.1087885304939469,10,0.2
v2_depth,prespecified depth-onset and saturation study,U1-RZ-XY-line|n8|d8|i14|dir=gaussian|basis=Z|eta=0,U1-RZ-XY-line|n8|d8|i14,U1-RZ-XY-line,8,8,1.0,14,gaussian,Z,0.0,96,96,92,96,1.0,70,69,0.6204297105482031,0.2218620072137408,0.3627734433808698,0.0819615396560978,0.0915244402846801,12.200844496039206,0.0080616107331475,11.137535161217556,2,27,0.8000751211838232,0.391304347826087,2.044636420803104,0.4087707733577362,0.391304347826087,0.0229006628292945,17.849735459832882,1.1251662207259765,0.7163954473682403,1.0530122655142566,0.6442414921565205,,,0,4.440892098500626e-16,2.613394165693961e-16,4.440892098500626e-16,9.367506770274757e-17,-0.1087885304939469,10,0.2
v2_depth,prespecified depth-onset and saturation study,U1-RZ-XY-line|n8|d32|i14|dir=gaussian|basis=Z|eta=0,U1-RZ-XY-line|n8|d32|i14,U1-RZ-XY-line,8,32,4.0,14,gaussian,Z,0.0,96,96,368,96,1.0,70,69,0.7252771417942855,0.3422260046081002,0.473470326303311,0.0589115161614065,0.0687145212013919,16.974609807362388,0.0041846525641672,15.458604886717366,1,7,0.4342332754353399,0.1014492753623188,4.280299429291208,0.3327840000730211,0.1014492753623188,0.0118860765258351,27.997800565198585,0.5839923457030194,0.2512083456299983,0.5285712618593402,0.1957872617863191,,,0,8.881784197001252e-16,5.773945721120928e-16,6.661338147750939e-16,1.3877787807814454e-16,-0.1730667201019635,10,0.2
v2_depth,prespecified depth-onset and saturation study,U1-RZ-XY-line|n8|d32|i14|dir=gaussian|basis=Z|eta=0,U1-RZ-XY-line|n8|d32|i14,U1-RZ-XY-line,8,32,4.0,14,gaussian,Z,0.0,96,96,368,96,1.0,70,69,0.7252771417942855,0.3422260046081002,0.473470326303311,0.0589115161614065,0.0687145212013919,16.974609807362388,0.0041846525641672,15.458604886717366,2,27,0.7284825171098883,0.391304347826087,1.8616775437252704,0.3371781692838013,0.391304347826087,0.0192132212790238,17.54927840506984,0.94399309468184,0.6068149253980386,0.8544078101602829,0.5172296408764816,,,0,8.881784197001252e-16,5.773945721120928e-16,6.661338147750939e-16,1.3877787807814454e-16,-0.1730667201019635,10,0.2
v2_depth,prespecified depth-onset and saturation study,U1-RZ-XY-line|n8|d64|i14|dir=gaussian|basis=Z|eta=0,U1-RZ-XY-line|n8|d64|i14,U1-RZ-XY-line,8,64,8.0,14,gaussian,Z,0.0,96,96,736,96,1.0,70,69,0.7612631013581007,0.3757110204901277,0.49096471842147,0.0575760262162058,0.067392942609787,17.3683400143814,0.0039328429869365,15.94581407173997,1,7,0.4250827452013375,0.1014492753623188,4.190101345556041,0.3236334698390186,0.1014492753623188,0.0117403298364774,27.565960611556434,0.5768314502795848,0.2531979804405662,0.5205646363877686,0.1969311665487499,,,0,1.1102230246251563e-15,5.414116156269066e-16,1.2212453270876722e-15,5.551115123125783e-17,-0.1989179509293164,10,0.2
v2_depth,prespecified depth-onset and saturation study,U1-RZ-XY-line|n8|d64|i14|dir=gaussian|basis=Z|eta=0,U1-RZ-XY-line|n8|d64|i14,U1-RZ-XY-line,8,64,8.0,14,gaussian,Z,0.0,96,96,736,96,1.0,70,69,0.7612631013581007,0.3757110204901277,0.49096471842147,0.0575760262162058,0.067392942609787,17.3683400143814,0.0039328429869365,15.94581407173997,2,27,0.74092275079758,0.391304347826087,1.89346925203826,0.349618402971493,0.391304347826087,0.0189776293755704,18.42265944035932,0.9324178816140668,0.5827994786425739,0.841465518685951,0.491847115714458,,,0,1.1102230246251563e-15,5.414116156269066e-16,1.2212453270876722e-15,5.551115123125783e-17,-0.1989179509293164,10,0.2
v2_depth,prespecified depth-onset and saturation study,U1-RZ-XY-line|n12|d12|i14|dir=gaussian|basis=Z|eta=0,U1-RZ-XY-line|n12|d12|i14,U1-RZ-XY-line,12,12,1.0,14,gaussian,Z,0.0,96,96,210,96,1.0,924,923,0.6608988110362234,0.2481780618374127,0.3791241777683143,0.0515981153558301,0.0614773016542069,19.380552818718577,0.0038242144249148,16.170702316561417,1,11,0.440192805004621,0.0119176598049837,36.93617809266048,0.4282751451996373,0.0119176598049837,0.0012407035959796,345.1873167672164,0.8101946480761548,0.3819195028765175,0.7409719448704485,0.3126967996708112,,,0,1.3322676295501878e-15,8.468227264586249e-16,1.3322676295501878e-15,5.551115123125783e-17,-0.128376901015162,10,0.2
v2_depth,prespecified depth-onset and saturation study,U1-RZ-XY-line|n12|d12|i14|dir=gaussian|basis=Z|eta=0,U1-RZ-XY-line|n12|d12|i14,U1-RZ-XY-line,12,12,1.0,14,gaussian,Z,0.0,96,96,210,96,1.0,924,923,0.6608988110362234,0.2481780618374127,0.3791241777683143,0.0515981153558301,0.0614773016542069,19.380552818718577,0.0038242144249148,16.170702316561417,2,65,0.6913219725503069,0.0704225352112676,9.816772010214358,0.6208994373390393,0.0704225352112676,0.0029253282250052,212.2494946145523,1.9102751692228404,1.289375731883801,1.7470620310043397,1.1261625936653004,,,0,1.3322676295501878e-15,8.468227264586249e-16,1.3322676295501878e-15,5.551115123125783e-17,-0.128376901015162,10,0.2
v2_depth,prespecified depth-onset and saturation study,U1-RZ-XY-line|n12|d48|i14|dir=gaussian|basis=Z|eta=0,U1-RZ-XY-line|n12|d48|i14,U1-RZ-XY-line,12,48,4.0,14,gaussian,Z,0.0,96,96,840,96,1.0,924,923,0.7366428884103877,0.3242334018517978,0.4436761854495382,0.0292172526321769,0.0393295729172583,34.22635292199588,0.0011607452126728,29.351584397794756,1,11,0.3089363442587027,0.0119176598049837,25.92256779552569,0.2970186844537189,0.0119176598049837,0.0009873370633678,300.8280510007079,0.6447431982787805,0.3477245138250615,0.552977337432392,0.255958652978673,,,0,4.440892098500626e-16,3.5043131720636947e-16,4.440892098500626e-16,4.163336342344337e-17,-0.2199507782444849,10,0.2
v2_depth,prespecified depth-onset and saturation study,U1-RZ-XY-line|n12|d48|i14|dir=gaussian|basis=Z|eta=0,U1-RZ-XY-line|n12|d48|i14,U1-RZ-XY-line,12,48,4.0,14,gaussian,Z,0.0,96,96,840,96,1.0,924,923,0.7366428884103877,0.3242334018517978,0.4436761854495382,0.0292172526321769,0.0393295729172583,34.22635292199588,0.0011607452126728,29.351584397794756,2,65,0.5411679357543496,0.0704225352112676,7.684584687711764,0.470745400543082,0.0704225352112676,0.0023279411685619,202.2153338324601,1.5201741027564826,1.0494287022134006,1.3038087567578784,0.8330633562147964,,,0,4.440892098500626e-16,3.5043131720636947e-16,4.440892098500626e-16,4.163336342344337e-17,-0.2199507782444849,10,0.2
v2_depth,prespecified depth-onset and saturation study,U1-RZ-XY-line|n12|d96|i14|dir=gaussian|basis=Z|eta=0,U1-RZ-XY-line|n12|d96|i14,U1-RZ-XY-line,12,96,8.0,14,gaussian,Z,0.0,96,96,1680,96,1.0,924,923,0.7967343954819496,0.3795331008403639,0.4791092007751545,0.0247989404858494,0.0349572848557885,40.32430339395391,0.0007834008333816,35.72794074045604,1,11,0.3084803041899358,0.0119176598049837,25.884301887937344,0.296562644384952,0.0119176598049837,0.0009291887312111,319.1629799453012,0.6067716250032857,0.3102089806183337,0.5077023906345225,0.2111397462495704,,,0,1.7763568394002505e-15,7.633098692049963e-16,1.7763568394002505e-15,4.8572257327350605e-17,-0.1959224645606972,10,0.2
v2_depth,prespecified depth-onset and saturation study,U1-RZ-XY-line|n12|d96|i14|dir=gaussian|basis=Z|eta=0,U1-RZ-XY-line|n12|d96|i14,U1-RZ-XY-line,12,96,8.0,14,gaussian,Z,0.0,96,96,1680,96,1.0,924,923,0.7967343954819496,0.3795331008403639,0.4791092007751545,0.0247989404858494,0.0349572848557885,40.32430339395391,0.0007834008333816,35.72794074045604,2,65,0.5389056839833241,0.0704225352112676,7.652460712563201,0.4684831487720564,0.0704225352112676,0.0021908391581815,213.83730842245063,1.4306448103367615,0.9621616615647052,1.1970595862206204,0.7285764374485639,,,0,1.7763568394002505e-15,7.633098692049963e-16,1.7763568394002505e-15,4.8572257327350605e-17,-0.1959224645606972,10,0.2
v2_depth,prespecified depth-onset and saturation study,RY-RZ-CZ-line|n8|d8|i3|dir=gaussian|basis=Z|eta=0,RY-RZ-CZ-line|n8|d8|i3,RY-RZ-CZ-line,8,8,1.0,3,gaussian,Z,0.0,96,96,128,96,1.0,256,255,0.9528066057991768,0.4025043867110889,0.42542672525065,0.0280720978875171,0.0381963468678554,35.62256030906306,0.0010593865612462,30.72364725841841,1,8,0.1550085671739261,0.0313725490196078,4.940898078668897,0.1236360181543183,0.0313725490196078,0.0028526092395588,43.34137898727354,0.5153599990680007,0.3917239809136823,0.4326001904484576,0.3089641722941393,,,0,0.0,1.3985787785349403e-16,1.1102230246251563e-16,9.714451465470121e-17,-0.3098236607539673,10,0.2
v2_depth,prespecified depth-onset and saturation study,RY-RZ-CZ-line|n8|d8|i3|dir=gaussian|basis=Z|eta=0,RY-RZ-CZ-line|n8|d8|i3,RY-RZ-CZ-line,8,8,1.0,3,gaussian,Z,0.0,96,96,128,96,1.0,256,255,0.9528066057991768,0.4025043867110889,0.42542672525065,0.0280720978875171,0.0381963468678554,35.62256030906306,0.0010593865612462,30.72364725841841,2,36,0.3732801611453498,0.1411764705882353,2.6440678081128945,0.2321036905571145,0.1411764705882353,0.0056979957664116,40.73426869239044,1.0294151235805071,0.7973114330233926,0.8641050514529557,0.6320013608958411,,,0,0.0,1.3985787785349403e-16,1.1102230246251563e-16,9.714451465470121e-17,-0.3098236607539673,10,0.2
v2_depth,prespecified depth-onset and saturation study,RY-RZ-CZ-line|n8|d32|i11|dir=gaussian|basis=Z|eta=0,RY-RZ-CZ-line|n8|d32|i11,RY-RZ-CZ-line,8,32,4.0,11,gaussian,Z,0.0,96,96,512,96,1.0,256,255,0.9257179298627998,0.4353422822602802,0.470461455694599,0.0122406772950496,0.0225298369065595,81.69482585775012,0.0002332789101605,65.47300304870858,1,8,0.0299447429124881,0.0313725490196078,0.9544886803355608,-0.0014278061071196,0.0313725490196078,0.0021018800937239,-0.6792995049446368,0.3797312678234676,0.3783034617163479,0.2538994607812316,0.252471654674112,,,0,8.881784197001252e-16,3.764509821822509e-16,8.881784197001252e-16,6.765421556309548e-17,-0.3463062358982132,10,0.2
v2_depth,prespecified depth-onset and saturation study,RY-RZ-CZ-line|n8|d32|i11|dir=gaussian|basis=Z|eta=0,RY-RZ-CZ-line|n8|d32|i11,RY-RZ-CZ-line,8,32,4.0,11,gaussian,Z,0.0,96,96,512,96,1.0,256,255,0.9257179298627998,0.4353422822602802,0.470461455694599,0.0122406772950496,0.0225298369065595,81.69482585775012,0.0002332789101605,65.47300304870858,2,36,0.1349743074039629,0.1411764705882353,0.9560680107780706,-0.0062021631842723,0.1411764705882353,0.0041984382962301,-1.4772548139724675,0.7585010685749767,0.7522989053907043,0.5071560564844085,0.5009538933001362,,,0,8.881784197001252e-16,3.764509821822509e-16,8.881784197001252e-16,6.765421556309548e-17,-0.3463062358982132,10,0.2
v2_depth,prespecified depth-onset and saturation study,RY-RZ-CZ-line|n12|d6|i7|dir=gaussian|basis=Z|eta=0,RY-RZ-CZ-line|n12|d6|i7,RY-RZ-CZ-line,12,6,0.5,7,gaussian,Z,0.0,96,96,144,96,1.0,4096,4095,0.8357370904775231,0.3634677307843577,0.4373371159264545,0.0252363958187928,0.035390183362347,39.6253096987537,0.0008817170313855,33.67715417334648,1,12,0.1962109892207175,0.0029304029304029,66.95700007156987,0.1932805862903146,0.0029304029304029,0.0002239233097391,863.1552763107121,0.6484719691048384,0.4551913828145237,0.5468340703150485,0.3535534840247338,,,0,4.440892098500626e-16,5.409723408647772e-16,4.440892098500626e-16,1.1015494072452724e-16,-0.3088281249382628,10,0.2
v2_depth,prespecified depth-onset and saturation study,RY-RZ-CZ-line|n12|d6|i7|dir=gaussian|basis=Z|eta=0,RY-RZ-CZ-line|n12|d6|i7,RY-RZ-CZ-line,12,6,0.5,7,gaussian,Z,0.0,96,96,144,96,1.0,4096,4095,0.8357370904775231,0.3634677307843577,0.4373371159264545,0.0252363958187928,0.035390183362347,39.6253096987537,0.0008817170313855,33.67715417334648,2,78,0.4101560977377847,0.019047619047619,21.533195131233697,0.3911084786901657,0.019047619047619,0.0005662617266897,690.6849964529213,1.6398688343923578,1.248760355702192,1.3828448910928823,0.9917364124027166,,,0,4.440892098500626e-16,5.409723408647772e-16,4.440892098500626e-16,1.1015494072452724e-16,-0.3088281249382628,10,0.2
v2_depth,prespecified depth-onset and saturation study,RY-RZ-CZ-line|n12|d48|i3|dir=gaussian|basis=Z|eta=0,RY-RZ-CZ-line|n12|d48|i3,RY-RZ-CZ-line,12,48,4.0,3,gaussian,Z,0.0,96,96,1152,96,1.0,4096,4095,0.983188069732595,0.4755262885947371,0.4837611190573395,0.0033701047138277,0.0137516661230587,296.72668504837,1.7291253318510954e-05,240.4843191593337,1,12,0.0031304371279761,0.0029304029304029,1.0682616699218666,0.0002000341975732,0.0029304029304029,0.000138818835262,1.440973029312743,0.4020131872652651,0.4018131530676918,0.193393204948144,0.1931931707505708,,,0,9.992007221626409e-16,2.1343444360232567e-16,8.881784197001252e-16,2.4286128663675302e-17,-0.4310020278754947,10,0.2
v2_depth,prespecified depth-onset and saturation study,RY-RZ-CZ-line|n12|d48|i3|dir=gaussian|basis=Z|eta=0,RY-RZ-CZ-line|n12|d48|i3,RY-RZ-CZ-line,12,48,4.0,3,gaussian,Z,0.0,96,96,1152,96,1.0,4096,4095,0.983188069732595,0.4755262885947371,0.4837611190573395,0.0033701047138277,0.0137516661230587,296.72668504837,1.7291253318510954e-05,240.4843191593337,2,78,0.0196559541005478,0.019047619047619,1.0319375902787598,0.0006083350529287,0.019047619047619,0.0003510478361726,1.732912128333134,1.0166189569012292,1.0160106218483005,0.4890565894706289,0.4884482544177002,,,0,9.992007221626409e-16,2.1343444360232567e-16,8.881784197001252e-16,2.4286128663675302e-17,-0.4310020278754947,10,0.2
v2_depth,prespecified depth-onset and saturation study,RY-RZ-CZ-line|n12|d96|i11|dir=gaussian|basis=Z|eta=0,RY-RZ-CZ-line|n12|d96|i11,RY-RZ-CZ-line,12,96,8.0,11,gaussian,Z,0.0,96,96,2304,96,1.0,4096,4095,0.989976761139292,0.4862761588387027,0.4911879473382416,0.0016635040111178,0.012062842511002,601.1407206214117,4.786869092717553e-06,457.0610621474416,1,12,0.0026967158834969,0.0029304029304029,0.9202542952433508,-0.0002336870469059,0.0029304029304029,0.0001298509855831,-1.7996555502169689,0.3760426925156736,0.3758090054687677,0.1303139885814217,0.1300803015345158,,,0,0.0,4.084896254348761e-17,0.0,2.4286128663675302e-17,-0.4437383150658198,10,0.2
v2_depth,prespecified depth-onset and saturation study,RY-RZ-CZ-line|n12|d96|i11|dir=gaussian|basis=Z|eta=0,RY-RZ-CZ-line|n12|d96|i11,RY-RZ-CZ-line,12,96,8.0,11,gaussian,Z,0.0,96,96,2304,96,1.0,4096,4095,0.989976761139292,0.4862761588387027,0.4911879473382416,0.0016635040111178,0.012062842511002,601.1407206214117,4.786869092717553e-06,457.0610621474416,2,78,0.0183792197758725,0.019047619047619,0.9649090382333094,-0.0006683992717464,0.019047619047619,0.0003283697592464,-2.0355079995198517,0.950944252391804,0.9502758531200576,0.3295406104523334,0.3288722111805869,,,0,0.0,4.084896254348761e-17,0.0,2.4286128663675302e-17,-0.4437383150658198,10,0.2
v2_depth,prespecified depth-onset and saturation study,SU2-CNOT-line|n8|d16|i7|dir=gaussian|basis=Z|eta=0,SU2-CNOT-line|n8|d16|i7,SU2-CNOT-line,8,16,2.0,7,gaussian,Z,0.0,96,96,384,96,1.0,256,255,0.9594063383295716,0.4667668344248936,0.4866754416836227,0.010484653947572,0.0207921054689515,95.37749219005664,0.0001641243703582,78.0572889529685,1,8,0.0279039525535551,0.0313725490196078,0.88943848764457,-0.0034685964660527,0.0313725490196078,0.0020013332421541,-1.7331428834506797,0.3615662052510268,0.3580976087849741,0.2255160234519171,0.2220474269858644,,,0,2.220446049250313e-16,1.0148502995104527e-16,2.220446049250313e-16,3.816391647148976e-17,-0.3673991224576535,10,0.2
v2_depth,prespecified depth-onset and saturation study,SU2-CNOT-line|n8|d16|i7|dir=gaussian|basis=Z|eta=0,SU2-CNOT-line|n8|d16|i7,SU2-CNOT-line,8,16,2.0,7,gaussian,Z,0.0,96,96,384,96,1.0,256,255,0.9594063383295716,0.4667668344248936,0.4866754416836227,0.010484653947572,0.0207921054689515,95.37749219005664,0.0001641243703582,78.0572889529685,2,36,0.1312069143981258,0.1411764705882353,0.9293823103200576,-0.0099695561901095,0.1411764705882353,0.0039975991744094,-2.49388589379584,0.7222169367706582,0.7122473805805487,0.4504610477549077,0.4404914915647981,,,0,2.220446049250313e-16,1.0148502995104527e-16,2.220446049250313e-16,3.816391647148976e-17,-0.3673991224576535,10,0.2
v2_depth,prespecified depth-onset and saturation study,SU2-CNOT-line|n8|d64|i3|dir=gaussian|basis=Z|eta=0,SU2-CNOT-line|n8|d64|i3,SU2-CNOT-line,8,64,8.0,3,gaussian,Z,0.0,96,96,1536,96,1.0,256,255,0.9892185190423703,0.4824558527036058,0.4881618413555594,0.005459891327507,0.0158196841261788,183.1538285317093,3.905293962706239e-05,160.0195832385324,1,8,0.0293289314157953,0.0313725490196078,0.9348596888784751,-0.0020436176038125,0.0313725490196078,0.0016807148913221,-1.2159216380863307,0.3036424382329072,0.3015988206290946,0.1091810091816566,0.107137391577844,,,0,1.3322676295501878e-15,2.1608451218359583e-16,1.3322676295501878e-15,6.245004513516506e-17,-0.3894478282966763,10,0.2
v2_depth,prespecified depth-onset and saturation study,SU2-CNOT-line|n8|d64|i3|dir=gaussian|basis=Z|eta=0,SU2-CNOT-line|n8|d64|i3,SU2-CNOT-line,8,64,8.0,3,gaussian,Z,0.0,96,96,1536,96,1.0,256,255,0.9892185190423703,0.4824558527036058,0.4881618413555594,0.005459891327507,0.0158196841261788,183.1538285317093,3.905293962706239e-05,160.0195832385324,2,36,0.1423071880377805,0.1411764705882353,1.0080092486009455,0.0011307174495452,0.1411764705882353,0.0033571742678572,0.3368063017672802,0.6065160638060525,0.6053853463565072,0.2180855756415614,0.2169548581920161,,,0,1.3322676295501878e-15,2.1608451218359583e-16,1.3322676295501878e-15,6.245004513516506e-17,-0.3894478282966763,10,0.2
v2_depth,prespecified depth-onset and saturation study,SU2-CNOT-line|n12|d12|i11|dir=gaussian|basis=Z|eta=0,SU2-CNOT-line|n12|d12|i11,SU2-CNOT-line,12,12,1.0,11,gaussian,Z,0.0,96,96,432,96,1.0,4096,4095,0.9694110849764568,0.4522360245039916,0.466628772577714,0.005975746564808,0.0163301658714246,167.34310753557116,5.468954297611697e-05,135.22215501436207,1,12,0.0052787534543284,0.0029304029304029,1.8013746162895825,0.0023483505239255,0.0029304029304029,0.0001514903694758,15.501648930232854,0.4387093880884526,0.4363610375645271,0.2618721194890558,0.2595237689651303,,,0,4.440892098500626e-16,1.6667795129466247e-16,4.440892098500626e-16,2.6454533008646308e-17,-0.4071257578442509,10,0.2
v2_depth,prespecified depth-onset and saturation study,SU2-CNOT-line|n12|d12|i11|dir=gaussian|basis=Z|eta=0,SU2-CNOT-line|n12|d12|i11,SU2-CNOT-line,12,12,1.0,11,gaussian,Z,0.0,96,96,432,96,1.0,4096,4095,0.9694110849764568,0.4522360245039916,0.466628772577714,0.005975746564808,0.0163301658714246,167.34310753557116,5.468954297611697e-05,135.22215501436207,2,78,0.0235165854115554,0.019047619047619,1.234620734106662,0.0044689663639364,0.019047619047619,0.0003830918643359,11.665521458365266,1.1094170406080974,1.104948074244161,0.6622274328051139,0.6577584664411774,,,0,4.440892098500626e-16,1.6667795129466247e-16,4.440892098500626e-16,2.6454533008646308e-17,-0.4071257578442509,10,0.2
v2_depth,prespecified depth-onset and saturation study,SU2-CNOT-line|n12|d72|i7|dir=gaussian|basis=Z|eta=0,SU2-CNOT-line|n12|d72|i7,SU2-CNOT-line,12,72,6.0,7,gaussian,Z,0.0,96,96,2592,96,1.0,4096,4095,0.9933457880961304,0.4908848784626817,0.4941951664922038,0.0010088960933455,0.0114150534257065,991.1823492982091,1.505437085910266e-06,815.02080432816,1,12,0.0029766309996397,0.0029304029304029,1.015775328627057,4.6228069236797006e-05,0.0029304029304029,0.0001262422215936,0.366185485752844,0.3655918721296973,0.3655456440604605,0.0956528085643955,0.0956065804951587,,,0,1.9984014443252818e-15,2.637750472017796e-16,1.7763568394002505e-15,2.255140518769849e-17,-0.463467592330698,10,0.2
v2_depth,prespecified depth-onset and saturation study,SU2-CNOT-line|n12|d72|i7|dir=gaussian|basis=Z|eta=0,SU2-CNOT-line|n12|d72|i7,SU2-CNOT-line,12,72,6.0,7,gaussian,Z,0.0,96,96,2592,96,1.0,4096,4095,0.9933457880961304,0.4908848784626817,0.4941951664922038,0.0010088960933455,0.0114150534257065,991.1823492982091,1.505437085910266e-06,815.02080432816,2,78,0.0187180813095294,0.019047619047619,0.9826992687502948,-0.0003295377380896,0.019047619047619,0.0003192438449755,-1.0322446094922362,0.9245160095975126,0.9241864718594228,0.2418887279019634,0.2415591901638738,,,0,1.9984014443252818e-15,2.637750472017796e-16,1.7763568394002505e-15,2.255140518769849e-17,-0.463467592330698,10,0.2
v2_depth,prespecified depth-onset and saturation study,SU2-HaarU4-brickwork|n8|d8|i3|dir=gaussian|basis=Z|eta=0,SU2-HaarU4-brickwork|n8|d8|i3,SU2-HaarU4-brickwork,8,8,1.0,3,gaussian,Z,0.0,96,96,192,96,1.0,256,255,0.9306796502976296,0.4207278276292253,0.4526068069520808,0.0269053282387414,0.0370417310695878,37.1673592355615,0.0010687028064161,30.589439903786523,1,8,0.0569657331523585,0.0313725490196078,1.815782744231428,0.0255931841327506,0.0313725490196078,0.0028041496486951,9.126896684939812,0.5066051600399157,0.481011975907165,0.4220208571739587,0.396427673041208,,,0,6.661338147750939e-16,2.817951366143784e-16,4.440892098500626e-16,7.45931094670027e-17,-0.2545577703407642,10,0.2
v2_depth,prespecified depth-onset and saturation study,SU2-HaarU4-brickwork|n8|d8|i3|dir=gaussian|basis=Z|eta=0,SU2-HaarU4-brickwork|n8|d8|i3,SU2-HaarU4-brickwork,8,8,1.0,3,gaussian,Z,0.0,96,96,192,96,1.0,256,255,0.9306796502976296,0.4207278276292253,0.4526068069520808,0.0269053282387414,0.0370417310695878,37.1673592355615,0.0010687028064161,30.589439903786523,2,36,0.1901277183703618,0.1411764705882353,1.3467380051233966,0.0489512477821265,0.1411764705882353,0.0056011992827732,8.739422632699059,1.0119276124886063,0.96297636470648,0.8429731714276092,0.7940219236454826,,,0,6.661338147750939e-16,2.817951366143784e-16,4.440892098500626e-16,7.45931094670027e-17,-0.2545577703407642,10,0.2
v2_depth,prespecified depth-onset and saturation study,SU2-HaarU4-brickwork|n8|d32|i11|dir=gaussian|basis=Z|eta=0,SU2-HaarU4-brickwork|n8|d32|i11,SU2-HaarU4-brickwork,8,32,4.0,11,gaussian,Z,0.0,96,96,768,96,1.0,256,255,0.9621825762628632,0.4762362597664755,0.494680226279288,0.0096881388444806,0.0200038873981839,103.21899965024816,0.0001291395881621,87.99749339507832,1,8,0.0285964526975463,0.0313725490196078,0.9115119297342902,-0.0027760963220614,0.0313725490196078,0.001954021288019,-1.4207093541319051,0.3530187013374694,0.3502426050154079,0.2113888967797667,0.2086128004577052,,,0,2.55351295663786e-15,6.488074520208796e-16,2.664535259100376e-15,5.898059818321144e-17,-0.3472599318157217,10,0.2
v2_depth,prespecified depth-onset and saturation study,SU2-HaarU4-brickwork|n8|d32|i11|dir=gaussian|basis=Z|eta=0,SU2-HaarU4-brickwork|n8|d32|i11,SU2-HaarU4-brickwork,8,32,4.0,11,gaussian,Z,0.0,96,96,768,96,1.0,256,255,0.9621825762628632,0.4762362597664755,0.494680226279288,0.0096881388444806,0.0200038873981839,103.21899965024816,0.0001291395881621,87.99749339507832,2,36,0.1343980516645883,0.1411764705882353,0.9519861992908344,-0.0067784189236469,0.1411764705882353,0.0039030950584498,-1.736677898472457,0.705143570942127,0.69836515201848,0.4222425638303718,0.4154641449067249,,,0,2.55351295663786e-15,6.488074520208796e-16,2.664535259100376e-15,5.898059818321144e-17,-0.3472599318157217,10,0.2
v2_depth,prespecified depth-onset and saturation study,SU2-HaarU4-brickwork|n12|d6|i7|dir=gaussian|basis=Z|eta=0,SU2-HaarU4-brickwork|n12|d6|i7,SU2-HaarU4-brickwork,12,6,0.5,7,gaussian,Z,0.0,96,96,216,96,1.0,4096,4095,0.8858263067822835,0.4006613729306912,0.4534906009846707,0.0203975221347001,0.0306017146124636,49.02556268336176,0.0006049954914986,40.65593289476529,1,12,0.0694868746596459,0.0029304029304029,23.712395977604174,0.066556471729243,0.0029304029304029,0.000208110772472,319.812717711169,0.602679562811273,0.53612309108203,0.4910510914799959,0.4244946197507529,,,0,2.664535259100376e-15,1.6655378124388809e-15,2.886579864025407e-15,6.938893903907227e-17,-0.274903273455596,10,0.2
v2_depth,prespecified depth-onset and saturation study,SU2-HaarU4-brickwork|n12|d6|i7|dir=gaussian|basis=Z|eta=0,SU2-HaarU4-brickwork|n12|d6|i7,SU2-HaarU4-brickwork,12,6,0.5,7,gaussian,Z,0.0,96,96,216,96,1.0,4096,4095,0.8858263067822835,0.4006613729306912,0.4534906009846707,0.0203975221347001,0.0306017146124636,49.02556268336176,0.0006049954914986,40.65593289476529,2,78,0.1777170829913149,0.019047619047619,9.330146857044031,0.1586694639436958,0.019047619047619,0.0005262746674297,301.49553790726,1.5240680850765305,1.3653986211328346,1.2417797829010089,1.083110318957313,,,0,2.664535259100376e-15,1.6655378124388809e-15,2.886579864025407e-15,6.938893903907227e-17,-0.274903273455596,10,0.2
v2_depth,prespecified depth-onset and saturation study,SU2-HaarU4-brickwork|n12|d48|i3|dir=gaussian|basis=Z|eta=0,SU2-HaarU4-brickwork|n12|d48|i3,SU2-HaarU4-brickwork,12,48,4.0,3,gaussian,Z,0.0,96,96,1728,96,1.0,4096,4095,0.9835456646637448,0.4859637505378761,0.4940922210002747,0.002356765719946,0.0127488827436966,424.31031287355887,8.524208683164145e-06,342.5097694017235,1,12,0.0027136073814664,0.0029304029304029,0.9260185189254374,-0.0002167955489364,0.0029304029304029,0.0001335665754896,-1.6231272542675612,0.3868028760170656,0.3865860804681291,0.1589858411690189,0.1587690456200825,,,0,7.771561172376096e-15,1.4007898110504946e-15,7.771561172376096e-15,1.908195823574488e-17,-0.4324484712061272,10,0.2
v2_depth,prespecified depth-onset and saturation study,SU2-HaarU4-brickwork|n12|d48|i3|dir=gaussian|basis=Z|eta=0,SU2-HaarU4-brickwork|n12|d48|i3,SU2-HaarU4-brickwork,12,48,4.0,3,gaussian,Z,0.0,96,96,1728,96,1.0,4096,4095,0.9835456646637448,0.4859637505378761,0.4940922210002747,0.002356765719946,0.0127488827436966,424.31031287355887,8.524208683164145e-06,342.5097694017235,2,78,0.0181005788834013,0.019047619047619,0.9502803913785708,-0.0009470401642177,0.019047619047619,0.0003377658170242,-2.803836612482862,0.9781548187955196,0.977207778631302,0.4020465624792144,0.4010995223149967,,,0,7.771561172376096e-15,1.4007898110504946e-15,7.771561172376096e-15,1.908195823574488e-17,-0.4324484712061272,10,0.2
v2_depth,prespecified depth-onset and saturation study,SU2-HaarU4-brickwork|n12|d96|i11|dir=gaussian|basis=Z|eta=0,SU2-HaarU4-brickwork|n12|d96|i11,SU2-HaarU4-brickwork,12,96,8.0,11,gaussian,Z,0.0,96,96,3456,96,1.0,4096,4095,0.9863116731514064,0.4914560005361001,0.498298676654931,0.0012102133514459,0.011614273629035,826.3005847731157,2.0496832243628327e-06,698.484264390604,1,12,0.0027816488281881,0.0029304029304029,0.9492376626191964,-0.0001487541022148,0.0029304029304029,0.0001273629443653,-1.16795432891416,0.3688374355480036,0.3686886814457887,0.1075090116932753,0.1073602575910604,,,0,8.437694987151191e-15,1.0200177726505452e-15,8.104628079763643e-15,2.168404344971009e-17,-0.4279260815407851,10,0.2
v2_depth,prespecified depth-onset and saturation study,SU2-HaarU4-brickwork|n12|d96|i11|dir=gaussian|basis=Z|eta=0,SU2-HaarU4-brickwork|n12|d96|i11,SU2-HaarU4-brickwork,12,96,8.0,11,gaussian,Z,0.0,96,96,3456,96,1.0,4096,4095,0.9863116731514064,0.4914560005361001,0.498298676654931,0.0012102133514459,0.011614273629035,826.3005847731157,2.0496832243628327e-06,698.484264390604,2,78,0.0182122602959564,0.019047619047619,0.9561436655377132,-0.0008353587516626,0.019047619047619,0.0003220779510478,-2.5936539553386253,0.9327234550281476,0.9318880962764848,0.2718709305746772,0.2710355718230146,,,0,8.437694987151191e-15,1.0200177726505452e-15,8.104628079763643e-15,2.168404344971009e-17,-0.4279260815407851,10,0.2
v2_depth,prespecified depth-onset and saturation study,U1-RZ-XY-line|n8|d8|i15|dir=gaussian|basis=Z|eta=0,U1-RZ-XY-line|n8|d8|i15,U1-RZ-XY-line,8,8,1.0,15,gaussian,Z,0.0,96,96,92,96,1.0,70,69,0.636213388924618,0.2450345240162593,0.3944026295972532,0.0797808516042745,0.0893664677333966,12.534335995310704,0.0076798945536554,11.410964951193051,1,7,0.4917115942371213,0.1014492753623188,4.846871428908766,0.3902623188748024,0.1014492753623188,0.0139674258648506,27.940890658808364,0.6862541879582925,0.29599186908349,0.640821874047575,0.2505595551727725,,,0,4.440892098500626e-16,4.2343446097088336e-16,5.551115123125784e-16,1.0408340855860844e-16,-0.1379387133888918,10,0.2
v2_depth,prespecified depth-onset and saturation study,U1-RZ-XY-line|n8|d8|i15|dir=gaussian|basis=Z|eta=0,U1-RZ-XY-line|n8|d8|i15,U1-RZ-XY-line,8,8,1.0,15,gaussian,Z,0.0,96,96,92,96,1.0,70,69,0.636213388924618,0.2450345240162593,0.3944026295972532,0.0797808516042745,0.0893664677333966,12.534335995310704,0.0076798945536554,11.410964951193051,2,27,0.7708936474783057,0.391304347826087,1.97006154355567,0.3795892996522187,0.391304347826087,0.0225776136689377,16.812640397619067,1.1092940162584946,0.7297047166062758,1.0358550561031077,0.6562657564508887,,,0,4.440892098500626e-16,4.2343446097088336e-16,5.551115123125784e-16,1.0408340855860844e-16,-0.1379387133888918,10,0.2
v2_depth,prespecified depth-onset and saturation study,U1-RZ-XY-line|n8|d32|i15|dir=gaussian|basis=Z|eta=0,U1-RZ-XY-line|n8|d32|i15,U1-RZ-XY-line,8,32,4.0,15,gaussian,Z,0.0,96,96,368,96,1.0,70,69,0.6684408138783445,0.3000922050842465,0.4557484340779618,0.065882172397484,0.0756125664350103,15.178613023971687,0.0059527768647113,12.961050363052044,1,7,0.4739980715084133,0.1014492753623188,4.672266704868646,0.3725487961460945,0.1014492753623188,0.0126195158734095,29.521639330957896,0.6200280353681388,0.2474792392220443,0.5685349561359164,0.1959861599898219,,,0,3.3306690738754696e-15,2.1163740158970423e-15,3.1086244689504387e-15,6.938893903907227e-17,-0.0927465845443246,10,0.2
v2_depth,prespecified depth-onset and saturation study,U1-RZ-XY-line|n8|d32|i15|dir=gaussian|basis=Z|eta=0,U1-RZ-XY-line|n8|d32|i15,U1-RZ-XY-line,8,32,4.0,15,gaussian,Z,0.0,96,96,368,96,1.0,70,69,0.6684408138783445,0.3000922050842465,0.4557484340779618,0.065882172397484,0.0756125664350103,15.178613023971687,0.0059527768647113,12.961050363052044,2,27,0.7691693547844135,0.391304347826087,1.96565501778239,0.3778650069583265,0.391304347826087,0.0203987876388785,18.523895323962464,1.0022429030162618,0.6243778960579354,0.9190070325861344,0.5411420256278079,,,0,3.3306690738754696e-15,2.1163740158970423e-15,3.1086244689504387e-15,6.938893903907227e-17,-0.0927465845443246,10,0.2
v2_depth,prespecified depth-onset and saturation study,U1-RZ-XY-line|n8|d64|i15|dir=gaussian|basis=Z|eta=0,U1-RZ-XY-line|n8|d64|i15,U1-RZ-XY-line,8,64,8.0,15,gaussian,Z,0.0,96,96,736,96,1.0,70,69,0.7133313955747859,0.3345341079849504,0.4760927705728812,0.0521123793423501,0.0619862087242007,19.189298447314027,0.0029952257952559,18.271963388181028,1,7,0.4098484371609308,0.1014492753623188,4.039934594872032,0.308399161798612,0.1014492753623188,0.0111241943840556,27.72328054970359,0.5465591911915236,0.2381600293929116,0.486438067644647,0.178038905846035,,,0,2.220446049250313e-16,9.716000202262019e-17,2.220446049250313e-16,5.551115123125783e-17,-0.1331141965632423,10,0.2
v2_depth,prespecified depth-onset and saturation study,U1-RZ-XY-line|n8|d64|i15|dir=gaussian|basis=Z|eta=0,U1-RZ-XY-line|n8|d64|i15,U1-RZ-XY-line,8,64,8.0,15,gaussian,Z,0.0,96,96,736,96,1.0,70,69,0.7133313955747859,0.3345341079849504,0.4760927705728812,0.0521123793423501,0.0619862087242007,19.189298447314027,0.0029952257952559,18.271963388181028,2,27,0.7355960734479293,0.391304347826087,1.879856632144708,0.3442917256218423,0.391304347826087,0.0179816786293758,19.14680674246892,0.8834843574851706,0.5391926318633282,0.7863017045097382,0.4420099788878959,,,0,2.220446049250313e-16,9.716000202262019e-17,2.220446049250313e-16,5.551115123125783e-17,-0.1331141965632423,10,0.2
v2_depth,prespecified depth-onset and saturation study,U1-RZ-XY-line|n12|d12|i15|dir=gaussian|basis=Z|eta=0,U1-RZ-XY-line|n12|d12|i15,U1-RZ-XY-line,12,12,1.0,15,gaussian,Z,0.0,96,96,210,96,1.0,924,923,0.6459283302200317,0.2672748178159532,0.4187697353267618,0.0492427306890465,0.0591464522443689,20.30756592916645,0.0032826221562944,17.453782180583417,1,11,0.4491816327922655,0.0119176598049837,37.6904224606601,0.4372639729872817,0.0119176598049837,0.0012165260828416,359.436578594254,0.7944064357975587,0.3571424628102769,0.723490821749198,0.2862268487619162,,,0,4.440892098500626e-16,3.8241112443253175e-16,4.440892098500626e-16,8.326672684688674e-17,-0.1715634966591927,10,0.2
v2_depth,prespecified depth-onset and saturation study,U1-RZ-XY-line|n12|d12|i15|dir=gaussian|basis=Z|eta=0,U1-RZ-XY-line|n12|d12|i15,U1-RZ-XY-line,12,12,1.0,15,gaussian,Z,0.0,96,96,210,96,1.0,924,923,0.6459283302200317,0.2672748178159532,0.4187697353267618,0.0492427306890465,0.0591464522443689,20.30756592916645,0.0032826221562944,17.453782180583417,2,65,0.6997726246519518,0.0704225352112676,9.936771270057717,0.6293500894406842,0.0704225352112676,0.0028683225374082,219.41398891958303,1.873049756843436,1.2436996674027516,1.7058450771427618,1.0764949877020775,,,0,4.440892098500626e-16,3.8241112443253175e-16,4.440892098500626e-16,8.326672684688674e-17,-0.1715634966591927,10,0.2
v2_depth,prespecified depth-onset and saturation study,U1-RZ-XY-line|n12|d48|i15|dir=gaussian|basis=Z|eta=0,U1-RZ-XY-line|n12|d48|i15,U1-RZ-XY-line,12,48,4.0,15,gaussian,Z,0.0,96,96,840,96,1.0,924,923,0.7569572733906221,0.343575920936025,0.454315367995927,0.0268080260193416,0.0369454424149735,37.3022616166708,0.0009228286073266,32.91845740423134,1,11,0.2893020606072999,0.0119176598049837,24.27507290368526,0.2773844008023162,0.0119176598049837,0.0009560683669146,290.1302986286197,0.6243243564209578,0.3469399556186416,0.5287705350598153,0.2513861342574991,,,0,8.881784197001252e-16,5.057544569639794e-16,1.1102230246251563e-15,6.938893903907227e-17,-0.1809286618817118,10,0.2
v2_depth,prespecified depth-onset and saturation study,U1-RZ-XY-line|n12|d48|i15|dir=gaussian|basis=Z|eta=0,U1-RZ-XY-line|n12|d48|i15,U1-RZ-XY-line,12,48,4.0,15,gaussian,Z,0.0,96,96,840,96,1.0,924,923,0.7569572733906221,0.343575920936025,0.454315367995927,0.0268080260193416,0.0369454424149735,37.3022616166708,0.0009228286073266,32.91845740423134,2,65,0.5355427659133996,0.0704225352112676,7.604707275970274,0.4651202307021319,0.0704225352112676,0.0022542159044535,206.33348819126437,1.4720306020830245,1.0069103713808922,1.246734011067543,0.7816137803654107,,,0,8.881784197001252e-16,5.057544569639794e-16,1.1102230246251563e-15,6.938893903907227e-17,-0.1809286618817118,10,0.2
v2_depth,prespecified depth-onset and saturation study,U1-RZ-XY-line|n12|d96|i15|dir=gaussian|basis=Z|eta=0,U1-RZ-XY-line|n12|d96|i15,U1-RZ-XY-line,12,96,8.0,15,gaussian,Z,0.0,96,96,1680,96,1.0,924,923,0.7917906074417266,0.3787085556879064,0.4781815118235494,0.0243229583656626,0.034486260882687,41.11341987953755,0.0007461551277194,36.60879516842406,1,11,0.2644328872558068,0.0119176598049837,22.18832317610088,0.252515227450823,0.0119176598049837,0.0009227058222731,273.66818476201325,0.6025382060443945,0.3500229785935714,0.5025816477516392,0.2500664203008161,,,0,6.661338147750939e-16,3.0539017265942256e-16,6.661338147750939e-16,6.245004513516506e-17,-0.2410401494560305,10,0.2
v2_depth,prespecified depth-onset and saturation study,U1-RZ-XY-line|n12|d96|i15|dir=gaussian|basis=Z|eta=0,U1-RZ-XY-line|n12|d96|i15,U1-RZ-XY-line,12,96,8.0,15,gaussian,Z,0.0,96,96,1680,96,1.0,924,923,0.7917906074417266,0.3787085556879064,0.4781815118235494,0.0243229583656626,0.034486260882687,41.11341987953755,0.0007461551277194,36.60879516842406,2,65,0.5405464206441308,0.0704225352112676,7.675759173146657,0.4701238854328632,0.0704225352112676,0.0021755537696664,216.09389388014984,1.4206632643745778,0.9505393789417146,1.1849859098511524,0.7148620244182892,,,0,6.661338147750939e-16,3.0539017265942256e-16,6.661338147750939e-16,6.245004513516506e-17,-0.2410401494560305,10,0.2
v2_depth,prespecified depth-onset and saturation study,RY-RZ-CZ-line|n8|d8|i4|dir=gaussian|basis=Z|eta=0,RY-RZ-CZ-line|n8|d8|i4,RY-RZ-CZ-line,8,8,1.0,4,gaussian,Z,0.0,96,96,128,96,1.0,256,255,0.8630653457093338,0.356339454861982,0.4176943661797341,0.0329666579923941,0.04303992197164,30.333678355589264,0.0014687434844878,26.09318079809543,1,8,0.1728601717246792,0.0313725490196078,5.509917973724151,0.1414876227050714,0.0313725490196078,0.0030475107087557,46.42727662894381,0.5505714187012046,0.4090837959961332,0.4744164489143486,0.3329288262092772,,,0,3.3306690738754696e-16,2.0818446288905767e-16,2.220446049250313e-16,9.714451465470121e-17,-0.2673773307860921,10,0.2
v2_depth,prespecified depth-onset and saturation study,RY-RZ-CZ-line|n8|d8|i4|dir=gaussian|basis=Z|eta=0,RY-RZ-CZ-line|n8|d8|i4,RY-RZ-CZ-line,8,8,1.0,4,gaussian,Z,0.0,96,96,128,96,1.0,256,255,0.8630653457093338,0.356339454861982,0.4176943661797341,0.0329666579923941,0.04303992197164,30.333678355589264,0.0014687434844878,26.09318079809543,2,36,0.4048252451368241,0.1411764705882353,2.867512153052504,0.2636487745485888,0.1411764705882353,0.0060873052207002,43.31124610805383,1.099748808691324,0.8361000341427353,0.9476316909946088,0.6839829164460199,,,0,3.3306690738754696e-16,2.0818446288905767e-16,2.220446049250313e-16,9.714451465470121e-17,-0.2673773307860921,10,0.2
v2_depth,prespecified depth-onset and saturation study,RY-RZ-CZ-line|n8|d48|i0|dir=gaussian|basis=Z|eta=0,RY-RZ-CZ-line|n8|d48|i0,RY-RZ-CZ-line,8,48,6.0,0,gaussian,Z,0.0,96,96,768,96,1.0,256,255,0.9744075333813348,0.4725782283836814,0.4843461386260678,0.0087052212292325,0.0190312085080947,114.8735883520057,0.0001127711572201,94.16748715207612,1,8,0.026436458273646,0.0313725490196078,0.8426621074724686,-0.0049360907459617,0.0313725490196078,0.0018940088962053,-2.6061602750923254,0.3421767024543852,0.3372406117084234,0.1925321214974663,0.1875960307515046,,,0,2.220446049250313e-15,4.996033727449443e-16,2.220446049250313e-15,3.4694469519536136e-17,-0.3662433215433576,10,0.2
v2_depth,prespecified depth-onset and saturation study,RY-RZ-CZ-line|n8|d48|i0|dir=gaussian|basis=Z|eta=0,RY-RZ-CZ-line|n8|d48|i0,RY-RZ-CZ-line,8,48,6.0,0,gaussian,Z,0.0,96,96,768,96,1.0,256,255,0.9744075333813348,0.4725782283836814,0.4843461386260678,0.0087052212292325,0.0190312085080947,114.8735883520057,0.0001127711572201,94.16748715207612,2,36,0.1297521723258853,0.1411764705882353,0.9190778873083544,-0.0114242982623499,0.1411764705882353,0.0037832222242233,-3.0197269907123365,0.6834870247602856,0.6720627264979355,0.3845767580001491,0.3731524597377991,,,0,2.220446049250313e-15,4.996033727449443e-16,2.220446049250313e-15,3.4694469519536136e-17,-0.3662433215433576,10,0.2
v2_depth,prespecified depth-onset and saturation study,RY-RZ-CZ-line|n12|d6|i8|dir=gaussian|basis=Z|eta=0,RY-RZ-CZ-line|n12|d6|i8,RY-RZ-CZ-line,12,6,0.5,8,gaussian,Z,0.0,96,96,144,96,1.0,4096,4095,0.8464359599940604,0.3600315305321627,0.4259453344271158,0.025263863637003,0.0354173650574509,39.58222757881488,0.0008303606038434,34.702968974989254,1,12,0.2454059796346683,0.0029304029304029,83.74479055033055,0.2424755767042653,0.0029304029304029,0.0002240098834839,1082.4324933037603,0.6487226828284368,0.4062471061241715,0.5471344883797273,0.304658911675462,,,0,1.4432899320127037e-15,9.02222992423391e-16,1.1102230246251563e-15,1.3877787807814454e-16,-0.3324332142355,10,0.2
v2_depth,prespecified depth-onset and saturation study,RY-RZ-CZ-line|n12|d6|i8|dir=gaussian|basis=Z|eta=0,RY-RZ-CZ-line|n12|d6|i8,RY-RZ-CZ-line,12,6,0.5,8,gaussian,Z,0.0,96,96,144,96,1.0,4096,4095,0.8464359599940604,0.3600315305321627,0.4259453344271158,0.025263863637003,0.0354173650574509,39.58222757881488,0.0008303606038434,34.702968974989254,2,78,0.4663390035325712,0.019047619047619,24.48279768545999,0.4472913844849522,0.019047619047619,0.0005664806561004,789.5969256285229,1.640502844251336,1.193211459766384,1.3836045942797992,0.936313209794847,,,0,1.4432899320127037e-15,9.02222992423391e-16,1.1102230246251563e-15,1.3877787807814454e-16,-0.3324332142355,10,0.2
v2_depth,prespecified depth-onset and saturation study,RY-RZ-CZ-line|n12|d48|i4|dir=gaussian|basis=Z|eta=0,RY-RZ-CZ-line|n12|d48|i4,RY-RZ-CZ-line,12,48,4.0,4,gaussian,Z,0.0,96,96,1152,96,1.0,4096,4095,0.9711578426706682,0.4721643024488021,0.4861715648894462,0.0036552850079396,0.0140338757891069,273.5764783944074,2.427394217538612e-05,202.9690614390968,1,12,0.0033677563150357,0.0029304029304029,1.1492468425059634,0.0004373533846328,0.0029304029304029,0.0001402615004801,3.1181285180586875,0.4061910817230815,0.4057537283384487,0.2020224416529573,0.2015850882683245,,,0,1.5543122344752194e-15,3.911805194569565e-16,1.9984014443252818e-15,2.6020852139652106e-17,-0.4044814011305955,10,0.2
v2_depth,prespecified depth-onset and saturation study,RY-RZ-CZ-line|n12|d48|i4|dir=gaussian|basis=Z|eta=0,RY-RZ-CZ-line|n12|d48|i4,RY-RZ-CZ-line,12,48,4.0,4,gaussian,Z,0.0,96,96,1152,96,1.0,4096,4095,0.9711578426706682,0.4721643024488021,0.4861715648894462,0.0036552850079396,0.0140338757891069,273.5764783944074,2.427394217538612e-05,202.9690614390968,2,78,0.0192277212314167,0.019047619047619,1.0094553646493791,0.0001801021837977,0.019047619047619,0.0003546960767171,0.5077648037853557,1.0271840996385648,1.0270039974547671,0.5108783751622326,0.5106982729784348,,,0,1.5543122344752194e-15,3.911805194569565e-16,1.9984014443252818e-15,2.6020852139652106e-17,-0.4044814011305955,10,0.2
v2_depth,prespecified depth-onset and saturation study,SU2-CNOT-line|n8|d4|i0|dir=gaussian|basis=Z|eta=0,SU2-CNOT-line|n8|d4|i0,SU2-CNOT-line,8,4,0.5,0,gaussian,Z,0.0,96,96,96,96,1.0,256,255,0.8884752090713722,0.3592379095184776,0.4063767533467127,0.0354294907914427,0.0454771002623652,28.225074017759493,0.0016791607240209,24.403598226211702,1,8,0.0840045602787619,0.0313725490196078,2.677645358885536,0.052632011259154,0.0313725490196078,0.0031410104345959,16.75639491020192,0.5674633287299685,0.5148313174708145,0.4941209433440032,0.4414889320848491,,,0,4.440892098500626e-16,2.679572274434609e-16,4.440892098500626e-16,7.45931094670027e-17,-0.2851222705333728,10,0.2
v2_depth,prespecified depth-onset and saturation study,SU2-CNOT-line|n8|d4|i0|dir=gaussian|basis=Z|eta=0,SU2-CNOT-line|n8|d4|i0,SU2-CNOT-line,8,4,0.5,0,gaussian,Z,0.0,96,96,96,96,1.0,256,255,0.8884752090713722,0.3592379095184776,0.4063767533467127,0.0354294907914427,0.0454771002623652,28.225074017759493,0.0016791607240209,24.403598226211702,2,36,0.3203866567583913,0.1411764705882353,2.2694054853719385,0.179210186170156,0.1411764705882353,0.0062740679341521,28.563634957576284,1.1334898589886258,0.9542796728184696,0.98699078872256,0.8077806025524039,,,0,4.440892098500626e-16,2.679572274434609e-16,4.440892098500626e-16,7.45931094670027e-17,-0.2851222705333728,10,0.2
v2_depth,prespecified depth-onset and saturation study,SU2-CNOT-line|n8|d16|i8|dir=gaussian|basis=Z|eta=0,SU2-CNOT-line|n8|d16|i8,SU2-CNOT-line,8,16,2.0,8,gaussian,Z,0.0,96,96,384,96,1.0,256,255,0.9734180703266648,0.4647581551145525,0.4768221586356055,0.0104993432722533,0.020806641779834,95.24405232493945,0.0001616734468331,78.64672659187973,1,8,0.029201850680761,0.0313725490196078,0.9308089904492588,-0.0021706983388467,0.0313725490196078,0.0020021952697961,-1.0841591584959671,0.3617219414656543,0.3595512431268075,0.2257682544082472,0.2235975560694005,,,0,6.661338147750939e-16,1.9605445345162622e-16,8.881784197001252e-16,5.898059818321144e-17,-0.3888236094016024,10,0.2
v2_depth,prespecified depth-onset and saturation study,SU2-CNOT-line|n8|d16|i8|dir=gaussian|basis=Z|eta=0,SU2-CNOT-line|n8|d16|i8,SU2-CNOT-line,8,16,2.0,8,gaussian,Z,0.0,96,96,384,96,1.0,256,255,0.9734180703266648,0.4647581551145525,0.4768221586356055,0.0104993432722533,0.020806641779834,95.24405232493945,0.0001616734468331,78.64672659187973,2,36,0.1285186485855581,0.1411764705882353,0.9103404274810368,-0.0126578220026771,0.1411764705882353,0.0039993210470677,-3.1649927209413606,0.7225280148809434,0.7098701928782662,0.4509648710270882,0.4383070490244111,,,0,6.661338147750939e-16,1.9605445345162622e-16,8.881784197001252e-16,5.898059818321144e-17,-0.3888236094016024,10,0.2
v2_depth,prespecified depth-onset and saturation study,SU2-CNOT-line|n8|d64|i4|dir=gaussian|basis=Z|eta=0,SU2-CNOT-line|n8|d64|i4,SU2-CNOT-line,8,64,8.0,4,gaussian,Z,0.0,96,96,1536,96,1.0,256,255,0.9863884333640494,0.4903720794708901,0.4971728041805512,0.005340155734871,0.0157011957792994,187.26045637022025,3.448878845683299e-05,170.27897637232323,1,8,0.0318825031838638,0.0313725490196078,1.0162547889856586,0.0005099541642559,0.0313725490196078,0.0016723251839771,0.304937203088195,0.3021267313111425,0.3016167771468865,0.1048458836141483,0.1043359294498923,,,0,4.884981308350689e-15,4.822812055603598e-16,4.884981308350689e-15,4.336808689942018e-17,-0.3699056154517798,10,0.2
v2_depth,prespecified depth-onset and saturation study,SU2-CNOT-line|n8|d64|i4|dir=gaussian|basis=Z|eta=0,SU2-CNOT-line|n8|d64|i4,SU2-CNOT-line,8,64,8.0,4,gaussian,Z,0.0,96,96,1536,96,1.0,256,255,0.9863884333640494,0.4903720794708901,0.4971728041805512,0.005340155734871,0.0157011957792994,187.26045637022025,3.448878845683299e-05,170.27897637232323,2,36,0.1425108486577977,0.1411764705882353,1.0094518446594003,0.0013343780695624,0.1411764705882353,0.0033404160956301,0.3994646269690916,0.6034884876825624,0.6021541096129999,0.2094263009017989,0.2080919228322365,,,0,4.884981308350689e-15,4.822812055603598e-16,4.884981308350689e-15,4.336808689942018e-17,-0.3699056154517798,10,0.2
v2_depth,prespecified depth-onset and saturation study,SU2-CNOT-line|n12|d24|i0|dir=gaussian|basis=Z|eta=0,SU2-CNOT-line|n12|d24|i0,SU2-CNOT-line,12,24,2.0,0,gaussian,Z,0.0,96,96,864,96,1.0,4096,4095,0.9854757505829568,0.4790925703466128,0.4860643441184402,0.0027503309055339,0.0131383482919346,363.5926127972038,1.2369848874484747e-05,284.32680384775915,1,12,0.0027049409664534,0.0029304029304029,0.923061104802242,-0.0002254619639494,0.0029304029304029,0.0001356306311787,-1.6623233408997702,0.3927802897067565,0.392554827742807,0.1731630453197145,0.172937583355765,,,0,1.1102230246251563e-15,2.6216582461051057e-16,1.3322676295501878e-15,2.3418766925686896e-17,-0.4287720978208121,10,0.2
v2_depth,prespecified depth-onset and saturation study,SU2-CNOT-line|n12|d24|i0|dir=gaussian|basis=Z|eta=0,SU2-CNOT-line|n12|d24|i0,SU2-CNOT-line,12,24,2.0,0,gaussian,Z,0.0,96,96,864,96,1.0,4096,4095,0.9854757505829568,0.4790925703466128,0.4860643441184402,0.0027503309055339,0.0131383482919346,363.5926127972038,1.2369848874484747e-05,284.32680384775915,2,78,0.0182544310468695,0.019047619047619,0.9583576299606528,-0.0007931880007494,0.019047619047619,0.0003429854421712,-2.3125996127658013,0.993270621616612,0.9924774336158626,0.4378981587750985,0.437104970774349,,,0,1.1102230246251563e-15,2.6216582461051057e-16,1.3322676295501878e-15,2.3418766925686896e-17,-0.4287720978208121,10,0.2
v2_depth,prespecified depth-onset and saturation study,SU2-CNOT-line|n12|d72|i8|dir=gaussian|basis=Z|eta=0,SU2-CNOT-line|n12|d72|i8,SU2-CNOT-line,12,72,6.0,8,gaussian,Z,0.0,96,96,2592,96,1.0,4096,4095,0.9924525367497782,0.4901362775542711,0.4938737582183716,0.0010774564845027,0.0114828996461225,928.111728300082,1.820108177528872e-06,741.2272883795285,1,12,0.0028684356601809,0.0029304029304029,0.9788536690367384,-6.196727022201231e-05,0.0029304029304029,0.0001266250075733,-0.4893762409934183,0.3667004033419269,0.3666384360717049,0.099848753448854,0.099786786178632,,,0,5.10702591327572e-15,6.580402328520304e-16,5.3290705182007506e-15,2.0816681711721685e-17,-0.4578626132233084,10,0.2
v2_depth,prespecified depth-onset and saturation study,SU2-CNOT-line|n12|d72|i8|dir=gaussian|basis=Z|eta=0,SU2-CNOT-line|n12|d72|i8,SU2-CNOT-line,12,72,6.0,8,gaussian,Z,0.0,96,96,2592,96,1.0,4096,4095,0.9924525367497782,0.4901362775542711,0.4938737582183716,0.0010774564845027,0.0114828996461225,928.111728300082,1.820108177528872e-06,741.2272883795285,2,78,0.0185641726434856,0.019047619047619,0.9746190637829986,-0.0004834464041333,0.019047619047619,0.0003202118417869,-1.509770536390968,0.9273192854112626,0.9268358390071292,0.2524995169177939,0.2520160705136605,,,0,5.10702591327572e-15,6.580402328520304e-16,5.3290705182007506e-15,2.0816681711721685e-17,-0.4578626132233084,10,0.2
v2_depth,prespecified depth-onset and saturation study,SU2-HaarU4-brickwork|n8|d8|i4|dir=gaussian|basis=Z|eta=0,SU2-HaarU4-brickwork|n8|d8|i4,SU2-HaarU4-brickwork,8,8,1.0,4,gaussian,Z,0.0,96,96,192,96,1.0,256,255,0.8881289918562878,0.4142916632573701,0.4676853176177598,0.0280238712871948,0.0381486226279532,35.68386358015203,0.0011286423010282,29.766093272841736,1,8,0.088487481471134,0.0313725490196078,2.8205384718923967,0.0571149324515261,0.0313725490196078,0.0028506225595918,20.035950483638675,0.5150010801625544,0.4578861477110282,0.4321680412808482,0.3750531088293221,,,0,6.661338147750939e-16,3.1082546565695487e-16,4.440892098500626e-16,7.979727989493313e-17,-0.2549919912574163,10,0.2
v2_depth,prespecified depth-onset and saturation study,SU2-HaarU4-brickwork|n8|d8|i4|dir=gaussian|basis=Z|eta=0,SU2-HaarU4-brickwork|n8|d8|i4,SU2-HaarU4-brickwork,8,8,1.0,4,gaussian,Z,0.0,96,96,192,96,1.0,256,255,0.8881289918562878,0.4142916632573701,0.4676853176177598,0.0280238712871948,0.0381486226279532,35.68386358015203,0.0011286423010282,29.766093272841736,2,36,0.2235983191264671,0.1411764705882353,1.5838214271458089,0.0824218485382318,0.1411764705882353,0.0056940274366859,14.475140742595874,1.0286981945404698,0.946276346002238,0.8632418473052058,0.7808199987669739,,,0,6.661338147750939e-16,3.1082546565695487e-16,4.440892098500626e-16,7.979727989493313e-17,-0.2549919912574163,10,0.2
v2_depth,prespecified depth-onset and saturation study,SU2-HaarU4-brickwork|n8|d48|i0|dir=gaussian|basis=Z|eta=0,SU2-HaarU4-brickwork|n8|d48|i0,SU2-HaarU4-brickwork,8,48,6.0,0,gaussian,Z,0.0,96,96,1152,96,1.0,256,255,0.9752641623018156,0.4887271077145644,0.5016059097234719,0.0075612454418548,0.0178991491351688,132.25334472870753,8.394305271155744e-05,109.14594880631464,1,8,0.0254766776390584,0.0313725490196078,0.812069099744988,-0.0058958713805493,0.0313725490196078,0.0018216752545401,-3.236510660094457,0.3291087136866965,0.3232128423061471,0.1679402483058416,0.1620443769252922,,,0,1.0880185641326534e-14,2.092524753737715e-15,1.0991207943789051e-14,4.597017211338539e-17,-0.3624887833957882,10,0.2
v2_depth,prespecified depth-onset and saturation study,SU2-HaarU4-brickwork|n8|d48|i0|dir=gaussian|basis=Z|eta=0,SU2-HaarU4-brickwork|n8|d48|i0,SU2-HaarU4-brickwork,8,48,6.0,0,gaussian,Z,0.0,96,96,1152,96,1.0,256,255,0.9752641623018156,0.4887271077145644,0.5016059097234719,0.0075612454418548,0.0178991491351688,132.25334472870753,8.394305271155744e-05,109.14594880631464,2,36,0.1295527918158275,0.1411764705882353,0.9176656086954448,-0.0116236787724078,0.1411764705882353,0.0036387380872929,-3.19442578541161,0.6573841349423587,0.6457604561699509,0.3354552774304236,0.3238315986580158,,,0,1.0880185641326534e-14,2.092524753737715e-15,1.0991207943789051e-14,4.597017211338539e-17,-0.3624887833957882,10,0.2
v2_depth,prespecified depth-onset and saturation study,SU2-HaarU4-brickwork|n12|d6|i8|dir=gaussian|basis=Z|eta=0,SU2-HaarU4-brickwork|n12|d6|i8,SU2-HaarU4-brickwork,12,6,0.5,8,gaussian,Z,0.0,96,96,216,96,1.0,4096,4095,0.8785365186030907,0.3968770799160935,0.4538643817106891,0.0213273868518377,0.0315218932387977,46.8880696424293,0.0006347788162457,39.690702658776296,1,12,0.0758084072097858,0.0029304029304029,25.869618960339437,0.0728780042793829,0.0029304029304029,0.000211241290941,344.9988586734477,0.6117454053907386,0.5388674011113557,0.5022517819877229,0.4293737777083399,,,0,2.220446049250313e-15,8.153210717743485e-16,2.220446049250313e-15,1.0408340855860844e-16,-0.272016466977195,10,0.2
v2_depth,prespecified depth-onset and saturation study,SU2-HaarU4-brickwork|n12|d6|i8|dir=gaussian|basis=Z|eta=0,SU2-HaarU4-brickwork|n12|d6|i8,SU2-HaarU4-brickwork,12,6,0.5,8,gaussian,Z,0.0,96,96,216,96,1.0,4096,4095,0.8785365186030907,0.3968770799160935,0.4538643817106891,0.0213273868518377,0.0315218932387977,46.8880696424293,0.0006347788162457,39.690702658776296,2,78,0.1961310345915164,0.019047619047619,10.29687931605461,0.1770834155438973,0.019047619047619,0.0005341911849008,331.49819867724307,1.5469939684020584,1.369910552858161,1.2701043121981672,1.0930208966542698,,,0,2.220446049250313e-15,8.153210717743485e-16,2.220446049250313e-15,1.0408340855860844e-16,-0.272016466977195,10,0.2
v2_depth,prespecified depth-onset and saturation study,SU2-HaarU4-brickwork|n12|d48|i4|dir=gaussian|basis=Z|eta=0,SU2-HaarU4-brickwork|n12|d48|i4,SU2-HaarU4-brickwork,12,48,4.0,4,gaussian,Z,0.0,96,96,1728,96,1.0,4096,4095,0.9881773895765854,0.48655442129318,0.4924491412421772,0.0023616065703587,0.0127536731685841,423.44055633622753,8.781983189608917e-06,337.4455452903432,1,12,0.0027886481451901,0.0029304029304029,0.9516261795461306,-0.0001417547852128,0.0029304029304029,0.0001335921570819,-1.0611011028574522,0.3868769591733556,0.3867352043881428,0.1591678914525971,0.1590261366673843,,,0,1.2101430968414206e-14,2.063453574674412e-15,1.199040866595169e-14,2.3418766925686896e-17,-0.425004574386448,10,0.2
v2_depth,prespecified depth-onset and saturation study,SU2-HaarU4-brickwork|n12|d48|i4|dir=gaussian|basis=Z|eta=0,SU2-HaarU4-brickwork|n12|d48|i4,SU2-HaarU4-brickwork,12,48,4.0,4,gaussian,Z,0.0,96,96,1728,96,1.0,4096,4095,0.9881773895765854,0.48655442129318,0.4924491412421772,0.0023616065703587,0.0127536731685841,423.44055633622753,8.781983189608917e-06,337.4455452903432,2,78,0.0185342725075517,0.019047619047619,0.9730493066464684,-0.0005133465400672,0.019047619047619,0.0003378305082645,-1.5195387258076525,0.9783421617570376,0.9778288152169702,0.40250693486315,0.4019935883230827,,,0,1.2101430968414206e-14,2.063453574674412e-15,1.199040866595169e-14,2.3418766925686896e-17,-0.425004574386448,10,0.2
v2_depth,prespecified depth-onset and saturation study,U1-RZ-XY-line|n8|d4|i0|dir=gaussian|basis=Z|eta=0,U1-RZ-XY-line|n8|d4|i0,U1-RZ-XY-line,8,4,0.5,0,gaussian,Z,0.0,96,96,46,96,1.0,70,69,0.5304333904741453,0.2741669275067114,0.5159276255530838,0.1278560509016609,0.1369408837047686,7.821295847539815,0.0205763141973344,6.9713391053862575,1,7,0.7401960966113762,0.1014492753623188,7.29621866659785,0.6387468212490574,0.1014492753623188,0.017861904587817,35.76028626223451,0.8775995625040676,0.2388527412550102,0.8444161950236497,0.2056693737745923,,,0,4.440892098500626e-16,5.414116156269066e-16,4.440892098500626e-16,2.3592239273284576e-16,-0.0556687799444544,10,0.2
v2_depth,prespecified depth-onset and saturation study,U1-RZ-XY-line|n8|d4|i0|dir=gaussian|basis=Z|eta=0,U1-RZ-XY-line|n8|d4|i0,U1-RZ-XY-line,8,4,0.5,0,gaussian,Z,0.0,96,96,46,96,1.0,70,69,0.5304333904741453,0.2741669275067114,0.5159276255530838,0.1278560509016609,0.1369408837047686,7.821295847539815,0.0205763141973344,6.9713391053862575,2,27,0.9259815178185772,0.391304347826087,2.3663972122030303,0.5346771699924902,0.391304347826087,0.0288728349144148,18.518346798206192,1.418593810338977,0.8839166403464869,1.364954631691704,0.8302774616992139,,,0,4.440892098500626e-16,5.414116156269066e-16,4.440892098500626e-16,2.3592239273284576e-16,-0.0556687799444544,10,0.2
v2_depth,prespecified depth-onset and saturation study,U1-RZ-XY-line|n8|d16|i0|dir=gaussian|basis=Z|eta=0,U1-RZ-XY-line|n8|d16|i0,U1-RZ-XY-line,8,16,2.0,0,gaussian,Z,0.0,96,96,184,96,1.0,70,69,0.7502225383804705,0.3093824553085068,0.4190737023131946,0.0776923697594727,0.0872997409078115,12.871276846051847,0.0076815358422852,11.409745814294848,1,7,0.484105160856763,0.1014492753623188,4.771893728445235,0.3826558854944442,0.1014492753623188,0.0137733066505729,27.782426922043868,0.6767166307125841,0.2940607452181399,0.6304890372818316,0.2478331517873874,,,0,4.440892098500626e-16,2.2228841655759984e-16,4.440892098500626e-16,9.367506770274757e-17,-0.1518828345213114,10,0.2
v2_depth,prespecified depth-onset and saturation study,U1-RZ-XY-line|n8|d16|i0|dir=gaussian|basis=Z|eta=0,U1-RZ-XY-line|n8|d16|i0,U1-RZ-XY-line,8,16,2.0,0,gaussian,Z,0.0,96,96,184,96,1.0,70,69,0.7502225383804705,0.3093824553085068,0.4190737023131946,0.0776923697594727,0.0872997409078115,12.871276846051847,0.0076815358422852,11.409745814294848,2,27,0.7584264557113297,0.391304347826087,1.938200942373398,0.3671221078852427,0.391304347826087,0.0222638301079519,16.48962043391262,1.0938770536110765,0.7267549457258338,1.0191525656901652,0.6520304578049225,,,0,4.440892098500626e-16,2.2228841655759984e-16,4.440892098500626e-16,9.367506770274757e-17,-0.1518828345213114,10,0.2
v2_depth,prespecified depth-onset and saturation study,U1-RZ-XY-line|n8|d48|i0|dir=gaussian|basis=Z|eta=0,U1-RZ-XY-line|n8|d48|i0,U1-RZ-XY-line,8,48,6.0,0,gaussian,Z,0.0,96,96,552,96,1.0,70,69,0.7591943940438469,0.3450890145661986,0.4604214266410351,0.0606205682900478,0.0704057707036931,16.496051228278763,0.0044024293332145,15.071407181424192,1,7,0.4138476579383321,0.1014492753623188,4.0793554853921306,0.3123983825760132,0.1014492753623188,0.0120700244620259,25.882166482666545,0.5930301628927201,0.2806317803167069,0.5386439167613557,0.2262455341853424,,,0,0.0,8.441528768080323e-17,0.0,6.245004513516506e-17,-0.1453064906716389,10,0.2
v2_depth,prespecified depth-onset and saturation study,U1-RZ-XY-line|n8|d48|i0|dir=gaussian|basis=Z|eta=0,U1-RZ-XY-line|n8|d48|i0,U1-RZ-XY-line,8,48,6.0,0,gaussian,Z,0.0,96,96,552,96,1.0,70,69,0.7591943940438469,0.3450890145661986,0.4604214266410351,0.0606205682900478,0.0704057707036931,16.496051228278763,0.0044024293332145,15.071407181424192,2,27,0.759034466278866,0.391304347826087,1.9397547471571015,0.367730118452779,0.391304347826087,0.0195105635007545,18.84774463016185,0.9586022536560106,0.5908721352032316,0.8706897301932747,0.5029596117404957,,,0,0.0,8.441528768080323e-17,0.0,6.245004513516506e-17,-0.1453064906716389,10,0.2
v2_depth,prespecified depth-onset and saturation study,U1-RZ-XY-line|n12|d6|i0|dir=gaussian|basis=Z|eta=0,U1-RZ-XY-line|n12|d6|i0,U1-RZ-XY-line,12,6,0.5,0,gaussian,Z,0.0,96,96,105,96,1.0,923,922,0.6624986729501188,0.2063878715621409,0.327640320010869,0.055768963277948,0.0656047032438027,17.931120487502696,0.003942216385425,15.926845627697986,1,11,0.5335614864488463,0.0119305856832971,44.722153682348754,0.5216309007655491,0.0119305856832971,0.0012837687475318,406.32777653174304,0.8374089568467892,0.3157780560812401,0.7709419102017088,0.2493110094361597,,,0,8.881784197001252e-16,7.529199501499271e-16,8.881784197001252e-16,9.020562075079396e-17,-0.1158490733073885,10,0.2
v2_depth,prespecified depth-onset and saturation study,U1-RZ-XY-line|n12|d6|i0|dir=gaussian|basis=Z|eta=0,U1-RZ-XY-line|n12|d6|i0,U1-RZ-XY-line,12,6,0.5,0,gaussian,Z,0.0,96,96,105,96,1.0,923,922,0.6624986729501188,0.2063878715621409,0.327640320010869,0.055768963277948,0.0656047032438027,17.931120487502696,0.003942216385425,15.926845627697986,2,65,0.7809890470518809,0.0704989154013015,11.078029252028218,0.7104901316505794,0.0704989154013015,0.0030267625867379,234.7359963955077,1.9743728029337155,1.263882671283136,1.817662359231854,1.1071722275812743,,,0,8.881784197001252e-16,7.529199501499271e-16,8.881784197001252e-16,9.020562075079396e-17,-0.1158490733073885,10,0.2
v2_depth,prespecified depth-onset and saturation study,U1-RZ-XY-line|n12|d24|i0|dir=gaussian|basis=Z|eta=0,U1-RZ-XY-line|n12|d24|i0,U1-RZ-XY-line,12,24,2.0,0,gaussian,Z,0.0,96,96,420,96,1.0,924,923,0.7479894248039997,0.3380060948793157,0.4536690347001701,0.037293420913755,0.0473216144459034,26.814381075756085,0.0019919664966535,22.40572416856939,1,11,0.3499935397343499,0.0119176598049837,29.367639743164084,0.3380758799293661,0.0119176598049837,0.0010856054093719,311.4169080319492,0.7089136321082448,0.3708377521788786,0.6273460349153354,0.2892701549859692,,,0,4.440892098500626e-16,1.8915646234815532e-16,4.440892098500626e-16,8.326672684688674e-17,-0.2025008299274572,10,0.2
v2_depth,prespecified depth-onset and saturation study,U1-RZ-XY-line|n12|d24|i0|dir=gaussian|basis=Z|eta=0,U1-RZ-XY-line|n12|d24|i0,U1-RZ-XY-line,12,24,2.0,0,gaussian,Z,0.0,96,96,420,96,1.0,924,923,0.7479894248039997,0.3380060948793157,0.4536690347001701,0.037293420913755,0.0473216144459034,26.814381075756085,0.0019919664966535,22.40572416856939,2,65,0.5900776509647053,0.0704225352112676,8.379102643698815,0.5196551157534377,0.0704225352112676,0.0025596380598434,203.01898299840823,1.671475011289713,1.1518198955362753,1.4791551090282262,0.9594999932747884,,,0,4.440892098500626e-16,1.8915646234815532e-16,4.440892098500626e-16,8.326672684688674e-17,-0.2025008299274572,10,0.2
v2_depth,prespecified depth-onset and saturation study,U1-RZ-XY-line|n12|d72|i0|dir=gaussian|basis=Z|eta=0,U1-RZ-XY-line|n12|d72|i0,U1-RZ-XY-line,12,72,6.0,0,gaussian,Z,0.0,96,96,1260,96,1.0,924,923,0.7897765680858666,0.3736339821583871,0.473709657743464,0.0251595065317308,0.0353140950053586,39.74640753541065,0.0008001551183448,35.351911894162775,1,11,0.306574064691776,0.0119176598049837,25.72435106459175,0.2946564048867922,0.0119176598049837,0.0009340697138793,315.4544040005608,0.6099589664827024,0.3153025615959102,0.5115473348796884,0.2168909299928961,,,0,4.440892098500626e-16,2.086288971910448e-16,3.3306690738754696e-16,6.245004513516506e-17,-0.1732634561892638,10,0.2
v2_depth,prespecified depth-onset and saturation study,U1-RZ-XY-line|n12|d72|i0|dir=gaussian|basis=Z|eta=0,U1-RZ-XY-line|n12|d72|i0,U1-RZ-XY-line,12,72,6.0,0,gaussian,Z,0.0,96,96,1260,96,1.0,924,923,0.7897765680858666,0.3736339821583871,0.473709657743464,0.0251595065317308,0.0353140950053586,39.74640753541065,0.0008001551183448,35.351911894162775,2,65,0.5509957421110621,0.0704225352112676,7.824139537977081,0.4805732068997944,0.0704225352112676,0.0022023475284412,218.20952447043075,1.43815991710576,0.9575867102059656,1.2061251873524317,0.7255519804526372,,,0,4.440892098500626e-16,2.086288971910448e-16,3.3306690738754696e-16,6.245004513516506e-17,-0.1732634561892638,10,0.2
v2_depth,prespecified depth-onset and saturation study,RY-RZ-CZ-line|n8|d8|i5|dir=gaussian|basis=Z|eta=0,RY-RZ-CZ-line|n8|d8|i5,RY-RZ-CZ-line,8,8,1.0,5,gaussian,Z,0.0,96,96,128,96,1.0,256,255,0.7949872650521718,0.3637057285092115,0.4591789893541336,0.0415842085933981,0.0515677064205502,24.047590030576128,0.0023320085866657,20.70784603988177,1,8,0.3350431072196806,0.0313725490196078,10.679499042627322,0.3036705582000728,0.0313725490196078,0.0033633247947456,90.28879954575942,0.6076272344099813,0.3039566762099085,0.5402300765222734,0.2365595183222005,,,0,8.881784197001252e-16,4.857721342728975e-16,6.661338147750939e-16,1.1102230246251563e-16,-0.2130600959709767,10,0.2
v2_depth,prespecified depth-onset and saturation study,RY-RZ-CZ-line|n8|d8|i5|dir=gaussian|basis=Z|eta=0,RY-RZ-CZ-line|n8|d8|i5,RY-RZ-CZ-line,8,8,1.0,5,gaussian,Z,0.0,96,96,128,96,1.0,256,255,0.7949872650521718,0.3637057285092115,0.4591789893541336,0.0415842085933981,0.0515677064205502,24.047590030576128,0.0023320085866657,20.70784603988177,2,36,0.6018706911469308,0.1411764705882353,4.263250728957427,0.4606942205586955,0.1411764705882353,0.0067181337618087,68.57473174732657,1.2137159766613923,0.7530217561026968,1.079092308271492,0.6183980877127966,,,0,8.881784197001252e-16,4.857721342728975e-16,6.661338147750939e-16,1.1102230246251563e-16,-0.2130600959709767,10,0.2
v2_depth,prespecified depth-onset and saturation study,RY-RZ-CZ-line|n8|d48|i1|dir=gaussian|basis=Z|eta=0,RY-RZ-CZ-line|n8|d48|i1,RY-RZ-CZ-line,8,48,6.0,1,gaussian,Z,0.0,96,96,768,96,1.0,256,255,0.9783917720077352,0.4717829462839965,0.481990208427425,0.0090514088470914,0.0193737900049342,110.48003873135572,0.0001246657319794,89.56255085181729,1,8,0.0292358302429509,0.0313725490196078,0.9318920889940608,-0.0021367187766569,0.0313725490196078,0.0019153600222395,-1.1155703115064943,0.346034053871654,0.3438973350949971,0.1993771111414156,0.1972403923647586,,,0,1.5543122344752194e-15,3.020860431119515e-16,1.5543122344752194e-15,4.8572257327350605e-17,-0.3657336433679315,10,0.2
v2_depth,prespecified depth-onset and saturation study,RY-RZ-CZ-line|n8|d48|i1|dir=gaussian|basis=Z|eta=0,RY-RZ-CZ-line|n8|d48|i1,RY-RZ-CZ-line,8,48,6.0,1,gaussian,Z,0.0,96,96,768,96,1.0,256,255,0.9783917720077352,0.4717829462839965,0.481990208427425,0.0090514088470914,0.0193737900049342,110.48003873135572,0.0001246657319794,89.56255085181729,2,36,0.1339389557115704,0.1411764705882353,0.9487342696236236,-0.0072375148766648,0.1411764705882353,0.0038258704159435,-1.8917302704514136,0.6911919609079925,0.6839544460313276,0.3982494059995596,0.3910118911228947,,,0,1.5543122344752194e-15,3.020860431119515e-16,1.5543122344752194e-15,4.8572257327350605e-17,-0.3657336433679315,10,0.2
v2_depth,prespecified depth-onset and saturation study,RY-RZ-CZ-line|n12|d6|i9|dir=gaussian|basis=Z|eta=0,RY-RZ-CZ-line|n12|d6|i9,RY-RZ-CZ-line,12,6,0.5,9,gaussian,Z,0.0,96,96,144,96,1.0,4096,4095,0.910000012504394,0.3661430821137353,0.4081401784255744,0.023441509023357,0.0336139933043637,42.65936971052514,0.000736970571067,36.83620888950955,1,12,0.1746319544265192,0.0029304029304029,59.5931544480497,0.1717015514961163,0.0029304029304029,0.0002181916936257,786.9298259843447,0.6318734631629318,0.4601719116668155,0.526832018588843,0.3551304670927266,,,0,8.881784197001252e-16,3.925547375738423e-16,8.881784197001252e-16,1.1102230246251563e-16,-0.3303514739136012,10,0.2
v2_depth,prespecified depth-onset and saturation study,RY-RZ-CZ-line|n12|d6|i9|dir=gaussian|basis=Z|eta=0,RY-RZ-CZ-line|n12|d6|i9,RY-RZ-CZ-line,12,6,0.5,9,gaussian,Z,0.0,96,96,144,96,1.0,4096,4095,0.910000012504394,0.3661430821137353,0.4081401784255744,0.023441509023357,0.0336139933043637,42.65936971052514,0.000736970571067,36.83620888950955,2,78,0.4011738187098667,0.019047619047619,21.061625482268003,0.3821261996622477,0.019047619047619,0.0005517675016763,692.5493047367086,1.5978942018894555,1.215768002227208,1.332263304204883,0.9501371045426352,,,0,8.881784197001252e-16,3.925547375738423e-16,8.881784197001252e-16,1.1102230246251563e-16,-0.3303514739136012,10,0.2
v2_depth,prespecified depth-onset and saturation study,RY-RZ-CZ-line|n12|d48|i5|dir=gaussian|basis=Z|eta=0,RY-RZ-CZ-line|n12|d48|i5,RY-RZ-CZ-line,12,48,4.0,5,gaussian,Z,0.0,96,96,1152,96,1.0,4096,4095,0.988475912065995,0.4774762883622793,0.4829225578985546,0.0040047952175698,0.0143797452673868,249.70065775468157,2.839586265776631e-05,187.6603260361123,1,12,0.0036357086589875,0.0029304029304029,1.2406855798795045,0.0007053057285846,0.0029304029304029,0.0001420096103294,4.966605618791419,0.4112535302797215,0.4105482245511369,0.2121200107912388,0.2114147050626542,,,0,0.0,1.1809584757917621e-16,4.440892098500626e-16,2.5153490401663706e-17,-0.4016940106361896,10,0.2
v2_depth,prespecified depth-onset and saturation study,RY-RZ-CZ-line|n12|d48|i5|dir=gaussian|basis=Z|eta=0,RY-RZ-CZ-line|n12|d48|i5,RY-RZ-CZ-line,12,48,4.0,5,gaussian,Z,0.0,96,96,1152,96,1.0,4096,4095,0.988475912065995,0.4774762883622793,0.4829225578985546,0.0040047952175698,0.0143797452673868,249.70065775468157,2.839586265776631e-05,187.6603260361123,2,78,0.0208644627538436,0.019047619047619,1.0953842945767922,0.0018168437062246,0.019047619047619,0.00035911673173,5.059200938569554,1.0399861204031762,1.0381692766969517,0.5364133091638483,0.5345964654576237,,,0,0.0,1.1809584757917621e-16,4.440892098500626e-16,2.5153490401663706e-17,-0.4016940106361896,10,0.2
v2_depth,prespecified depth-onset and saturation study,SU2-CNOT-line|n8|d4|i1|dir=gaussian|basis=Z|eta=0,SU2-CNOT-line|n8|d4|i1,SU2-CNOT-line,8,4,0.5,1,gaussian,Z,0.0,96,96,96,96,1.0,256,255,0.8631085739266723,0.3643552197964274,0.4252187627684274,0.0339831085269753,0.0440457844798193,29.426383969736406,0.0016631534693968,24.52075493618819,1,8,0.0883335221524007,0.0313725490196078,2.815631018607774,0.0569609731327929,0.0313725490196078,0.0030864428288473,18.45521731373344,0.5576049994300024,0.5006440262972095,0.4826463116230903,0.4256853384902974,,,0,2.220446049250313e-16,1.970038010926208e-16,3.3306690738754696e-16,5.551115123125783e-17,-0.275336078549242,10,0.2
v2_depth,prespecified depth-onset and saturation study,SU2-CNOT-line|n8|d4|i1|dir=gaussian|basis=Z|eta=0,SU2-CNOT-line|n8|d4|i1,SU2-CNOT-line,8,4,0.5,1,gaussian,Z,0.0,96,96,96,96,1.0,256,255,0.8631085739266723,0.3643552197964274,0.4252187627684274,0.0339831085269753,0.0440457844798193,29.426383969736406,0.0016631534693968,24.52075493618819,2,36,0.3407119565628383,0.1411764705882353,2.4133763589867714,0.199535485974603,0.1411764705882353,0.0061650708860368,32.36548121880104,1.113798161354012,0.914262675379409,0.9640705786705848,0.7645350926959816,,,0,2.220446049250313e-16,1.970038010926208e-16,3.3306690738754696e-16,5.551115123125783e-17,-0.275336078549242,10,0.2
v2_depth,prespecified depth-onset and saturation study,SU2-CNOT-line|n8|d16|i9|dir=gaussian|basis=Z|eta=0,SU2-CNOT-line|n8|d16|i9,SU2-CNOT-line,8,16,2.0,9,gaussian,Z,0.0,96,96,384,96,1.0,256,255,0.942046611612792,0.45662290326443,0.484566566376236,0.0097843515997866,0.0200990979372889,102.20401319406812,0.000130775831223,87.44525638887752,1,8,0.0263872804770702,0.0313725490196078,0.8410945652066131,-0.0049852685425376,0.0313725490196078,0.0019597968506546,-2.54376801395118,0.354062129898682,0.3490768613561444,0.2131450684607979,0.2081597999182603,,,0,1.3322676295501878e-15,3.192389065031564e-16,1.3322676295501878e-15,4.510281037539698e-17,-0.3402308438163555,10,0.2
v2_depth,prespecified depth-onset and saturation study,SU2-CNOT-line|n8|d16|i9|dir=gaussian|basis=Z|eta=0,SU2-CNOT-line|n8|d16|i9,SU2-CNOT-line,8,16,2.0,9,gaussian,Z,0.0,96,96,384,96,1.0,256,255,0.942046611612792,0.45662290326443,0.484566566376236,0.0097843515997866,0.0200990979372889,102.20401319406812,0.000130775831223,87.44525638887752,2,36,0.134321248581355,0.1411764705882353,0.9514421774512652,-0.0068552220068802,0.1411764705882353,0.0039146315601866,-1.751179364260093,0.7072277861377776,0.7003725641308973,0.4257504606235391,0.4188952386166589,,,0,1.3322676295501878e-15,3.192389065031564e-16,1.3322676295501878e-15,4.510281037539698e-17,-0.3402308438163555,10,0.2
v2_depth,prespecified depth-onset and saturation study,SU2-CNOT-line|n8|d64|i5|dir=gaussian|basis=Z|eta=0,SU2-CNOT-line|n8|d64|i5,SU2-CNOT-line,8,64,8.0,5,gaussian,Z,0.0,96,96,1536,96,1.0,256,255,0.9930021293259972,0.4924404072962069,0.4958463286467161,0.0055815209444988,0.0159400467679936,179.16263504943137,3.909204554912251e-05,159.93952501915274,1,8,0.0342097737330759,0.0313725490196078,1.0904365377417946,0.002837224713468,0.0313725490196078,0.001689194647871,1.6796316025769065,0.3051744136842063,0.3023371889707382,0.113415179993193,0.1105779552797249,,,0,2.220446049250313e-16,5.383934462435158e-17,0.0,3.4694469519536136e-17,-0.3874339826972892,10,0.2
v2_depth,prespecified depth-onset and saturation study,SU2-CNOT-line|n8|d64|i5|dir=gaussian|basis=Z|eta=0,SU2-CNOT-line|n8|d64|i5,SU2-CNOT-line,8,64,8.0,5,gaussian,Z,0.0,96,96,1536,96,1.0,256,255,0.9930021293259972,0.4924404072962069,0.4958463286467161,0.0055815209444988,0.0159400467679936,179.16263504943137,3.909204554912251e-05,159.93952501915274,2,36,0.1436642731380723,0.1411764705882353,1.0176219347280129,0.002487802549837,0.1411764705882353,0.0033741123104905,0.7373206108469327,0.6095761357972302,0.6070883332473932,0.2265431964834996,0.2240553939336625,,,0,2.220446049250313e-16,5.383934462435158e-17,0.0,3.4694469519536136e-17,-0.3874339826972892,10,0.2
v2_depth,prespecified depth-onset and saturation study,SU2-CNOT-line|n12|d24|i1|dir=gaussian|basis=Z|eta=0,SU2-CNOT-line|n12|d24|i1,SU2-CNOT-line,12,24,2.0,1,gaussian,Z,0.0,96,96,864,96,1.0,4096,4095,0.983710094842503,0.477959442822893,0.4858611882736759,0.0028934603965793,0.0132799868507816,345.6069421866626,1.241141692310712e-05,283.85027393194525,1,12,0.0026487035438976,0.0029304029304029,0.903870084355077,-0.0002816993865052,0.0029304029304029,0.0001363735286271,-2.065645652357549,0.3949316877533538,0.3946499883668485,0.1780392120629109,0.1777575126764057,,,0,1.887379141862766e-15,3.6082306941012443e-16,1.7763568394002505e-15,2.255140518769849e-17,-0.4271071004341465,10,0.2
v2_depth,prespecified depth-onset and saturation study,SU2-CNOT-line|n12|d24|i1|dir=gaussian|basis=Z|eta=0,SU2-CNOT-line|n12|d24|i1,SU2-CNOT-line,12,24,2.0,1,gaussian,Z,0.0,96,96,864,96,1.0,4096,4095,0.983710094842503,0.477959442822893,0.4858611882736759,0.0028934603965793,0.0132799868507816,345.6069421866626,1.241141692310712e-05,283.85027393194525,2,78,0.0170203162836572,0.019047619047619,0.8935666048920069,-0.0020273027639617,0.019047619047619,0.0003448640960386,-5.878555602769099,0.9987111198572032,0.9966838170932416,0.4502291063787498,0.448201803614788,,,0,1.887379141862766e-15,3.6082306941012443e-16,1.7763568394002505e-15,2.255140518769849e-17,-0.4271071004341465,10,0.2
v2_depth,prespecified depth-onset and saturation study,SU2-CNOT-line|n12|d72|i9|dir=gaussian|basis=Z|eta=0,SU2-CNOT-line|n12|d72|i9,SU2-CNOT-line,12,72,6.0,9,gaussian,Z,0.0,96,96,2592,96,1.0,4096,4095,0.9872960654676634,0.4895452196634541,0.4958023009709116,0.0009975122351106,0.0114037881493282,1002.493969298599,1.439250638876525e-06,833.5502470255223,1,12,0.0028402394866606,0.0029304029304029,0.969231724822937,-9.016344374230928e-05,0.0029304029304029,0.0001261785508865,-0.7145702903446952,0.3654074845872,0.3653173211434577,0.094938157760391,0.0948479943166487,,,0,4.440892098500626e-16,4.0916244383387655e-17,1.1102230246251563e-16,2.3418766925686896e-17,-0.4574360023247557,10,0.2
v2_depth,prespecified depth-onset and saturation study,SU2-CNOT-line|n12|d72|i9|dir=gaussian|basis=Z|eta=0,SU2-CNOT-line|n12|d72|i9,SU2-CNOT-line,12,72,6.0,9,gaussian,Z,0.0,96,96,2592,96,1.0,4096,4095,0.9872960654676634,0.4895452196634541,0.4958023009709116,0.0009975122351106,0.0114037881493282,1002.493969298599,1.439250638876525e-06,833.5502470255223,2,78,0.019145401146531,0.019047619047619,1.0051335601928804,9.778209891200818e-05,0.019047619047619,0.000319082833223,0.3064473820929297,0.9240497267066592,0.9239519446077472,0.2400815047114557,0.2399837226125437,,,0,4.440892098500626e-16,4.0916244383387655e-17,1.1102230246251563e-16,2.3418766925686896e-17,-0.4574360023247557,10,0.2
v2_depth,prespecified depth-onset and saturation study,SU2-HaarU4-brickwork|n8|d8|i5|dir=gaussian|basis=Z|eta=0,SU2-HaarU4-brickwork|n8|d8|i5,SU2-HaarU4-brickwork,8,8,1.0,5,gaussian,Z,0.0,96,96,192,96,1.0,256,255,0.9047462698788786,0.42110078143961,0.4656796737411721,0.0314173494982479,0.0415067521076411,31.829546921383923,0.0015207431760252,25.64319068513708,1,8,0.0700912190588798,0.0313725490196078,2.234157607501796,0.038718670039272,0.0313725490196078,0.0029871930839296,12.961555865795592,0.5396742756074037,0.5009556055681317,0.4615900184154373,0.4228713483761653,,,0,1.887379141862766e-15,9.02116253629752e-16,1.7763568394002505e-15,6.418476861114186e-17,-0.3024674694710926,10,0.2
v2_depth,prespecified depth-onset and saturation study,SU2-HaarU4-brickwork|n8|d8|i5|dir=gaussian|basis=Z|eta=0,SU2-HaarU4-brickwork|n8|d8|i5,SU2-HaarU4-brickwork,8,8,1.0,5,gaussian,Z,0.0,96,96,192,96,1.0,256,255,0.9047462698788786,0.42110078143961,0.4656796737411721,0.0314173494982479,0.0415067521076411,31.829546921383923,0.0015207431760252,25.64319068513708,2,36,0.2186318171607536,0.1411764705882353,1.5486420382220052,0.0774553465725183,0.1411764705882353,0.0059668226932888,12.981003551460692,1.0779821137113756,1.0005267671388574,0.9220113060966506,0.8445559595241322,,,0,1.887379141862766e-15,9.02116253629752e-16,1.7763568394002505e-15,6.418476861114186e-17,-0.3024674694710926,10,0.2
v2_depth,prespecified depth-onset and saturation study,SU2-HaarU4-brickwork|n8|d48|i1|dir=gaussian|basis=Z|eta=0,SU2-HaarU4-brickwork|n8|d48|i1,SU2-HaarU4-brickwork,8,48,6.0,1,gaussian,Z,0.0,96,96,1152,96,1.0,256,255,0.9602692173684316,0.4628679530213155,0.4818811134525597,0.0070549536163693,0.0173981311828655,141.74437627481063,6.890568356671646e-05,120.4682155336498,1,8,0.0302155771830902,0.0313725490196078,0.9631215227110004,-0.0011569718365176,0.0313725490196078,0.0017887288988295,-0.6468122907136299,0.323156537127492,0.3219995652909744,0.1558225327674087,0.1546655609308911,,,0,8.437694987151191e-15,1.5265766179054692e-15,8.437694987151191e-15,7.979727989493313e-17,-0.3705090874528716,10,0.2
v2_depth,prespecified depth-onset and saturation study,SU2-HaarU4-brickwork|n8|d48|i1|dir=gaussian|basis=Z|eta=0,SU2-HaarU4-brickwork|n8|d48|i1,SU2-HaarU4-brickwork,8,48,6.0,1,gaussian,Z,0.0,96,96,1152,96,1.0,256,255,0.9602692173684316,0.4628679530213155,0.4818811134525597,0.0070549536163693,0.0173981311828655,141.74437627481063,6.890568356671646e-05,120.4682155336498,2,36,0.133353721423996,0.1411764705882353,0.9445888600866384,-0.0078227491642392,0.1411764705882353,0.0035729287949601,-2.1894500599266884,0.6454948525390924,0.6376721033748531,0.3112505280104683,0.303427778846229,,,0,8.437694987151191e-15,1.5265766179054692e-15,8.437694987151191e-15,7.979727989493313e-17,-0.3705090874528716,10,0.2
v2_depth,prespecified depth-onset and saturation study,SU2-HaarU4-brickwork|n12|d6|i9|dir=gaussian|basis=Z|eta=0,SU2-HaarU4-brickwork|n12|d6|i9,SU2-HaarU4-brickwork,12,6,0.5,9,gaussian,Z,0.0,96,96,216,96,1.0,4096,4095,0.8693269154702321,0.3909845081427543,0.4506587438825978,0.0203825965761134,0.0305869445284455,49.06146261914007,0.0005784604265854,41.57795963111221,1,12,0.0896075346986162,0.0029304029304029,30.578571215902805,0.0866771317682133,0.0029304029304029,0.000208060139414,416.5965283514048,0.6025329317221919,0.5158557999539786,0.4908692214790636,0.4041920897108503,,,0,2.886579864025407e-15,1.0636065530676875e-15,2.886579864025407e-15,6.591949208711867e-17,-0.2726903094195771,10,0.2
v2_depth,prespecified depth-onset and saturation study,SU2-HaarU4-brickwork|n12|d6|i9|dir=gaussian|basis=Z|eta=0,SU2-HaarU4-brickwork|n12|d6|i9,SU2-HaarU4-brickwork,12,6,0.5,9,gaussian,Z,0.0,96,96,216,96,1.0,4096,4095,0.8693269154702321,0.3909845081427543,0.4506587438825978,0.0203825965761134,0.0305869445284455,49.06146261914007,0.0005784604265854,41.57795963111221,2,78,0.1987452821554261,0.019047619047619,10.43412731315987,0.179697663107807,0.019047619047619,0.0005261466255441,341.5353332770408,1.5236972814572636,1.3439996183494565,1.24131986641942,1.061622203311613,,,0,2.886579864025407e-15,1.0636065530676875e-15,2.886579864025407e-15,6.591949208711867e-17,-0.2726903094195771,10,0.2
v2_depth,prespecified depth-onset and saturation study,SU2-HaarU4-brickwork|n12|d48|i5|dir=gaussian|basis=Z|eta=0,SU2-HaarU4-brickwork|n12|d48|i5,SU2-HaarU4-brickwork,12,48,4.0,5,gaussian,Z,0.0,96,96,1728,96,1.0,4096,4095,0.984953748151241,0.4867640322845317,0.4941996788309499,0.0023628329505486,0.0127548867739804,423.220778162845,8.732591195489828e-06,338.3985045507056,1,12,0.0024688120162408,0.0029304029304029,0.8424821005421801,-0.0004615909141621,0.0029304029304029,0.0001335986371404,-3.455057057782633,0.3868957251350075,0.3864341342208454,0.1592139789914409,0.1587523880772788,,,0,1.1324274851176595e-14,2.4828253990583614e-15,1.1435297153639112e-14,2.775557561562892e-17,-0.4046048794188823,10,0.2
v2_depth,prespecified depth-onset and saturation study,SU2-HaarU4-brickwork|n12|d48|i5|dir=gaussian|basis=Z|eta=0,SU2-HaarU4-brickwork|n12|d48|i5,SU2-HaarU4-brickwork,12,48,4.0,5,gaussian,Z,0.0,96,96,1728,96,1.0,4096,4095,0.984953748151241,0.4867640322845317,0.4941996788309499,0.0023628329505486,0.0127548867739804,423.220778162845,8.732591195489828e-06,338.3985045507056,2,78,0.0175602946082952,0.019047619047619,0.921915466935502,-0.0014873244393237,0.019047619047619,0.0003378468951653,-4.402362314431543,0.97838961749472,0.9769022930553962,0.4026234819495385,0.4011361575102147,,,0,1.1324274851176595e-14,2.4828253990583614e-15,1.1435297153639112e-14,2.775557561562892e-17,-0.4046048794188823,10,0.2
v2_depth,prespecified depth-onset and saturation study,U1-RZ-XY-line|n8|d4|i1|dir=gaussian|basis=Z|eta=0,U1-RZ-XY-line|n8|d4|i1,U1-RZ-XY-line,8,4,0.5,1,gaussian,Z,0.0,96,96,46,96,1.0,70,69,0.4546912186955508,0.2110413052725434,0.4707789036214671,0.1132341667182696,0.1224713108149543,8.831256757406383,0.0141019620205491,8.420933342951026,1,7,0.6485924389256565,0.1014492753623188,6.3932683265529,0.5471431635633377,0.1014492753623188,0.016773374614827,32.61974266524064,0.8241173919229883,0.2769742283596506,0.7880794236739957,0.240936260110658,,,0,4.440892098500626e-16,4.720488264635378e-16,6.661338147750939e-16,1.1796119636642288e-16,-0.0770085722277659,10,0.2
v2_depth,prespecified depth-onset and saturation study,U1-RZ-XY-line|n8|d4|i1|dir=gaussian|basis=Z|eta=0,U1-RZ-XY-line|n8|d4|i1,U1-RZ-XY-line,8,4,0.5,1,gaussian,Z,0.0,96,96,46,96,1.0,70,69,0.4546912186955508,0.2110413052725434,0.4707789036214671,0.1132341667182696,0.1224713108149543,8.831256757406383,0.0141019620205491,8.420933342951026,2,27,0.9787755834057688,0.391304347826087,2.5013153798147423,0.5874712355796818,0.391304347826087,0.0271132831233382,21.6672851055063,1.332142677736617,0.7446714421569351,1.2738891861904924,0.6864179506108106,,,0,4.440892098500626e-16,4.720488264635378e-16,6.661338147750939e-16,1.1796119636642288e-16,-0.0770085722277659,10,0.2
v2_depth,prespecified depth-onset and saturation study,U1-RZ-XY-line|n8|d16|i1|dir=gaussian|basis=Z|eta=0,U1-RZ-XY-line|n8|d16|i1,U1-RZ-XY-line,8,16,2.0,1,gaussian,Z,0.0,96,96,184,96,1.0,70,69,0.6609966137365729,0.2734326589372771,0.421258599726356,0.072950184552012,0.0826069534629285,13.70798451218475,0.006726127407827,12.193193200238492,1,7,0.4239800819664063,0.1014492753623188,4.179232236526005,0.3225308066040874,0.1014492753623188,0.0133220333370064,24.21032874224603,0.6545444563731332,0.3320136497690457,0.6063734562551872,0.2838426496510998,,,0,1.6653345369377348e-15,9.333844049509926e-16,1.5543122344752194e-15,5.551115123125783e-17,-0.1435372823315699,10,0.2
v2_depth,prespecified depth-onset and saturation study,U1-RZ-XY-line|n8|d16|i1|dir=gaussian|basis=Z|eta=0,U1-RZ-XY-line|n8|d16|i1,U1-RZ-XY-line,8,16,2.0,1,gaussian,Z,0.0,96,96,184,96,1.0,70,69,0.6609966137365729,0.2734326589372771,0.421258599726356,0.072950184552012,0.0826069534629285,13.70798451218475,0.006726127407827,12.193193200238492,2,27,0.7331526793259265,0.391304347826087,1.873612402721812,0.3418483314998395,0.391304347826087,0.0215343703899342,15.87454498598334,1.05803689299163,0.7161885614917904,0.9801709897655908,0.6383226582657511,,,0,1.6653345369377348e-15,9.333844049509926e-16,1.5543122344752194e-15,5.551115123125783e-17,-0.1435372823315699,10,0.2
v2_depth,prespecified depth-onset and saturation study,U1-RZ-XY-line|n8|d48|i1|dir=gaussian|basis=Z|eta=0,U1-RZ-XY-line|n8|d48|i1,U1-RZ-XY-line,8,48,6.0,1,gaussian,Z,0.0,96,96,552,96,1.0,70,69,0.7484743152591847,0.3663059576613531,0.48749176073908,0.0596295260026523,0.069425051773458,16.770215479417352,0.0041593732401625,15.505509924246295,1,7,0.4442987499515278,0.1014492753623188,4.379516249522203,0.3428494745892089,0.1014492753623188,0.0119637015591714,28.657474686534584,0.587806255634087,0.244956781044878,0.5328261974655655,0.1899767228763565,,,0,1.3322676295501878e-15,4.094278163487944e-16,1.1102230246251563e-15,6.938893903907227e-17,-0.1687002084952668,10,0.2
v2_depth,prespecified depth-onset and saturation study,U1-RZ-XY-line|n8|d48|i1|dir=gaussian|basis=Z|eta=0,U1-RZ-XY-line|n8|d48|i1,U1-RZ-XY-line,8,48,6.0,1,gaussian,Z,0.0,96,96,552,96,1.0,70,69,0.7484743152591847,0.3663059576613531,0.48749176073908,0.0596295260026523,0.069425051773458,16.770215479417352,0.0041593732401625,15.505509924246295,2,27,0.7226435816915598,0.391304347826087,1.8467558198784304,0.3313392338654728,0.391304347826087,0.0193386980870386,17.13348191146056,0.9501580806874907,0.6188188468220179,0.8612856911122281,0.5299464572467552,,,0,1.3322676295501878e-15,4.094278163487944e-16,1.1102230246251563e-15,6.938893903907227e-17,-0.1687002084952668,10,0.2
v2_depth,prespecified depth-onset and saturation study,U1-RZ-XY-line|n12|d6|i1|dir=gaussian|basis=Z|eta=0,U1-RZ-XY-line|n12|d6|i1,U1-RZ-XY-line,12,6,0.5,1,gaussian,Z,0.0,96,96,105,96,1.0,924,923,0.595567570767188,0.236251204981214,0.4006659864835407,0.0648148894311208,0.0745564009995466,15.42855366686547,0.0059752615538637,12.936641401329602,1,11,0.5482847884086407,0.0119176598049837,46.00607815465231,0.536367128603657,0.0119176598049837,0.001368470380357,391.9464654132455,0.8936279235497822,0.3572607949461251,0.8322807787788075,0.2959136501751505,,,0,0.0,2.5018537765542007e-16,0.0,2.498001805406602e-16,-0.1193221080147785,10,0.2
v2_depth,prespecified depth-onset and saturation study,U1-RZ-XY-line|n12|d6|i1|dir=gaussian|basis=Z|eta=0,U1-RZ-XY-line|n12|d6|i1,U1-RZ-XY-line,12,6,0.5,1,gaussian,Z,0.0,96,96,105,96,1.0,924,923,0.595567570767188,0.236251204981214,0.4006659864835407,0.0648148894311208,0.0745564009995466,15.42855366686547,0.0059752615538637,12.936641401329602,2,65,0.8314547365782495,0.0704225352112676,11.806657259411145,0.7610322013669819,0.0704225352112676,0.0032265764697661,235.86368043592176,2.1069939636540997,1.3459617622871174,1.9623497998880408,1.201317598521059,,,0,0.0,2.5018537765542007e-16,0.0,2.498001805406602e-16,-0.1193221080147785,10,0.2
v2_depth,prespecified depth-onset and saturation study,U1-RZ-XY-line|n12|d24|i1|dir=gaussian|basis=Z|eta=0,U1-RZ-XY-line|n12|d24|i1,U1-RZ-XY-line,12,24,2.0,1,gaussian,Z,0.0,96,96,420,96,1.0,924,923,0.6578111398608657,0.2939512286815168,0.4522095288978514,0.0384087458890591,0.0484253214527148,26.035736831617115,0.0020113308127702,22.297606481718944,1,11,0.3254508922701348,0.0119176598049837,27.308288505939498,0.3135332324651511,0.0119176598049837,0.0010984857162314,285.4231309814309,0.7173246302845606,0.4037913978194095,0.6369343840243151,0.323401151559164,,,0,0.0,2.569089742442996e-16,0.0,8.326672684688674e-17,-0.1354416862254737,10,0.2
v2_depth,prespecified depth-onset and saturation study,U1-RZ-XY-line|n12|d24|i1|dir=gaussian|basis=Z|eta=0,U1-RZ-XY-line|n12|d24|i1,U1-RZ-XY-line,12,24,2.0,1,gaussian,Z,0.0,96,96,420,96,1.0,924,923,0.6578111398608657,0.2939512286815168,0.4522095288978514,0.0384087458890591,0.0484253214527148,26.035736831617115,0.0020113308127702,22.297606481718944,2,65,0.5851424135288212,0.0704225352112676,8.309022272109262,0.5147198783175536,0.0704225352112676,0.0025900072191856,198.7329898174512,1.691306444393779,1.1765865660762254,1.501762497586293,0.9870426192687396,,,0,0.0,2.569089742442996e-16,0.0,8.326672684688674e-17,-0.1354416862254737,10,0.2
v2_depth,prespecified depth-onset and saturation study,U1-RZ-XY-line|n12|d72|i1|dir=gaussian|basis=Z|eta=0,U1-RZ-XY-line|n12|d72|i1,U1-RZ-XY-line,12,72,6.0,1,gaussian,Z,0.0,96,96,1260,96,1.0,924,923,0.7559139138905863,0.3494476030712137,0.4614925071035192,0.0259727269646238,0.0361188443920756,38.50192555298684,0.0008796445774543,33.71680273800838,1,11,0.316515617891405,0.0119176598049837,26.55853775579698,0.3045979580864212,0.0119176598049837,0.0009449857313912,322.33074846323103,0.617087259650467,0.3124893015640457,0.5201148835163365,0.2155169254299153,,,0,4.440892098500626e-16,2.5847961907471244e-16,6.661338147750939e-16,1.1102230246251563e-16,-0.21686177117473,10,0.2
v2_depth,prespecified depth-onset and saturation study,U1-RZ-XY-line|n12|d72|i1|dir=gaussian|basis=Z|eta=0,U1-RZ-XY-line|n12|d72|i1,U1-RZ-XY-line,12,72,6.0,1,gaussian,Z,0.0,96,96,1260,96,1.0,924,923,0.7559139138905863,0.3494476030712137,0.4614925071035192,0.0259727269646238,0.0361188443920756,38.50192555298684,0.0008796445774543,33.71680273800838,2,65,0.5457541767666333,0.0704225352112676,7.749709310086192,0.4753316415553656,0.0704225352112676,0.0022280852906559,213.3363761022971,1.4549669911461227,0.979635349590757,1.2263257347894714,0.7509940932341057,,,0,4.440892098500626e-16,2.5847961907471244e-16,6.661338147750939e-16,1.1102230246251563e-16,-0.21686177117473,10,0.2
v2_depth,prespecified depth-onset and saturation study,RY-RZ-CZ-line|n8|d8|i6|dir=gaussian|basis=Z|eta=0,RY-RZ-CZ-line|n8|d8|i6,RY-RZ-CZ-line,8,8,1.0,6,gaussian,Z,0.0,96,96,128,96,1.0,256,255,0.91448976283444,0.3845600351350737,0.4220804202265983,0.0289083942150144,0.0390239317752746,34.59202861847722,0.0011999767129422,28.867793563329624,1,8,0.1256713667236802,0.0313725490196078,4.005774814317307,0.0942988177040723,0.0313725490196078,0.0028868427981377,32.66503384420604,0.5215447251330573,0.4272459074289849,0.4400265917143936,0.3457277740103213,,,0,0.0,1.8041958132553795e-16,0.0,8.326672684688674e-17,-0.2626357256854512,10,0.2
v2_depth,prespecified depth-onset and saturation study,RY-RZ-CZ-line|n8|d8|i6|dir=gaussian|basis=Z|eta=0,RY-RZ-CZ-line|n8|d8|i6,RY-RZ-CZ-line,8,8,1.0,6,gaussian,Z,0.0,96,96,128,96,1.0,256,255,0.91448976283444,0.3845600351350737,0.4220804202265983,0.0289083942150144,0.0390239317752746,34.59202861847722,0.0011999767129422,28.867793563329624,2,36,0.3288541792619072,0.1411764705882353,2.329383769771843,0.1876777086736719,0.1411764705882353,0.0057663762053258,32.54690675581167,1.0417689161877826,0.8540912075141106,0.8789390505812489,0.6912613419075769,,,0,0.0,1.8041958132553795e-16,0.0,8.326672684688674e-17,-0.2626357256854512,10,0.2
v2_depth,prespecified depth-onset and saturation study,RY-RZ-CZ-line|n8|d48|i2|dir=gaussian|basis=Z|eta=0,RY-RZ-CZ-line|n8|d48|i2,RY-RZ-CZ-line,8,48,6.0,2,gaussian,Z,0.0,96,96,768,96,1.0,256,255,0.9578348396483424,0.4635448078952437,0.4840657207331865,0.0086718085354702,0.0189981438632257,115.31619914227883,0.0001082629055532,96.10813743631088,1,8,0.0298315339091889,0.0313725490196078,0.9508801433553988,-0.0015410151104188,0.0313725490196078,0.0018919354176109,-0.8145178191995536,0.3418021022772403,0.3402610871668214,0.1918585473446525,0.1903175322342336,,,0,1.1102230246251563e-15,2.8449762498962763e-16,1.1102230246251563e-15,4.597017211338539e-17,-0.3587473421978627,10,0.2
v2_depth,prespecified depth-onset and saturation study,RY-RZ-CZ-line|n8|d48|i2|dir=gaussian|basis=Z|eta=0,RY-RZ-CZ-line|n8|d48|i2,RY-RZ-CZ-line,8,48,6.0,2,gaussian,Z,0.0,96,96,768,96,1.0,256,255,0.9578348396483424,0.4635448078952437,0.4840657207331865,0.0086718085354702,0.0189981438632257,115.31619914227883,0.0001082629055532,96.10813743631088,2,36,0.1317558395999765,0.1411764705882353,0.933270530499834,-0.0094206309882587,0.1411764705882353,0.0037790805170141,-2.492836801397911,0.682738772881315,0.6733181418930563,0.3832313151621067,0.373810684173848,,,0,1.1102230246251563e-15,2.8449762498962763e-16,1.1102230246251563e-15,4.597017211338539e-17,-0.3587473421978627,10,0.2
v2_depth,prespecified depth-onset and saturation study,RY-RZ-CZ-line|n12|d6|i10|dir=gaussian|basis=Z|eta=0,RY-RZ-CZ-line|n12|d6|i10,RY-RZ-CZ-line,12,6,0.5,10,gaussian,Z,0.0,96,96,144,96,1.0,4096,4095,0.8545205911932413,0.375372125972132,0.4405490248681678,0.0242608864442634,0.0344248355438023,41.21860931575532,0.0008361938103452,34.581714876500804,1,12,0.1815203471907287,0.0029304029304029,61.94381847883618,0.1785899442603258,0.0029304029304029,0.0002208266691885,808.733586919593,0.6395042354739223,0.4609142912135965,0.5360556795607411,0.3574657353004152,,,0,6.661338147750939e-16,4.40674396470904e-16,6.661338147750939e-16,1.3183898417423734e-16,-0.3030397171548784,10,0.2
v2_depth,prespecified depth-onset and saturation study,RY-RZ-CZ-line|n12|d6|i10|dir=gaussian|basis=Z|eta=0,RY-RZ-CZ-line|n12|d6|i10,RY-RZ-CZ-line,12,6,0.5,10,gaussian,Z,0.0,96,96,144,96,1.0,4096,4095,0.8545205911932413,0.375372125972132,0.4405490248681678,0.0242608864442634,0.0344248355438023,41.21860931575532,0.0008361938103452,34.581714876500804,2,78,0.3807409865376868,0.019047619047619,19.988901793228557,0.3616933674900677,0.019047619047619,0.0005584308803737,647.695856733434,1.6171910509304577,1.25549768344039,1.3555882818252671,0.9938949143351994,,,0,6.661338147750939e-16,4.40674396470904e-16,6.661338147750939e-16,1.3183898417423734e-16,-0.3030397171548784,10,0.2
v2_depth,prespecified depth-onset and saturation study,RY-RZ-CZ-line|n12|d48|i6|dir=gaussian|basis=Z|eta=0,RY-RZ-CZ-line|n12|d48|i6,RY-RZ-CZ-line,12,48,4.0,6,gaussian,Z,0.0,96,96,1152,96,1.0,4096,4095,0.9746490709454934,0.465139552362853,0.477263865432564,0.0035995579343959,0.0139787292059126,277.8118919671745,2.080035834372473e-05,219.26261609973463,1,12,0.0034478691634051,0.0029304029304029,1.1765853520120049,0.0005174662330022,0.0029304029304029,0.0001399807581514,3.6966954589750936,0.4053780643961189,0.4048605981631167,0.2003654203755077,0.1998479541425055,,,0,5.773159728050814e-15,1.1033157155417498e-15,5.773159728050814e-15,3.122502256758253e-17,-0.4425119109440344,10,0.2
v2_depth,prespecified depth-onset and saturation study,RY-RZ-CZ-line|n12|d48|i6|dir=gaussian|basis=Z|eta=0,RY-RZ-CZ-line|n12|d48|i6,RY-RZ-CZ-line,12,48,4.0,6,gaussian,Z,0.0,96,96,1152,96,1.0,4096,4095,0.9746490709454934,0.465139552362853,0.477263865432564,0.0035995579343959,0.0139787292059126,277.8118919671745,2.080035834372473e-05,219.26261609973463,2,78,0.019316474042357,0.019047619047619,1.014114887223747,0.000268854994738,0.019047619047619,0.0003539861299232,0.7595071445210515,1.0251281252251336,1.0248592702303956,0.5066880667444831,0.506419211749745,,,0,5.773159728050814e-15,1.1033157155417498e-15,5.773159728050814e-15,3.122502256758253e-17,-0.4425119109440344,10,0.2
v2_depth,prespecified depth-onset and saturation study,SU2-CNOT-line|n8|d4|i2|dir=gaussian|basis=Z|eta=0,SU2-CNOT-line|n8|d4|i2,SU2-CNOT-line,8,4,0.5,2,gaussian,Z,0.0,96,96,96,96,1.0,256,255,0.9195321239573256,0.3794607085762977,0.4177755279615798,0.0374324436145798,0.0474591889935946,26.71479346356384,0.001890768881278,22.997507915835232,1,8,0.1485808437750957,0.0313725490196078,4.7360143953311775,0.1172082947554879,0.0313725490196078,0.00321504681997,36.45617041327538,0.5808389397208817,0.4636306449653938,0.5095845634938737,0.3923762687383858,,,0,1.2212453270876722e-15,5.934586370034965e-16,1.2212453270876722e-15,1.1102230246251563e-16,-0.3013491834716233,10,0.2
v2_depth,prespecified depth-onset and saturation study,SU2-CNOT-line|n8|d4|i2|dir=gaussian|basis=Z|eta=0,SU2-CNOT-line|n8|d4|i2,SU2-CNOT-line,8,4,0.5,2,gaussian,Z,0.0,96,96,96,96,1.0,256,255,0.9195321239573256,0.3794607085762977,0.4177755279615798,0.0374324436145798,0.0474591889935946,26.71479346356384,0.001890768881278,22.997507915835232,2,36,0.4171253718243601,0.1411764705882353,2.954638050422551,0.2759489012361248,0.1411764705882353,0.0064219532472094,42.96962164214351,1.1602072143636573,0.8842583131275323,1.0178788756450388,0.7419299744089138,,,0,1.2212453270876722e-15,5.934586370034965e-16,1.2212453270876722e-15,1.1102230246251563e-16,-0.3013491834716233,10,0.2
v2_depth,prespecified depth-onset and saturation study,SU2-CNOT-line|n8|d16|i10|dir=gaussian|basis=Z|eta=0,SU2-CNOT-line|n8|d16|i10,SU2-CNOT-line,8,16,2.0,10,gaussian,Z,0.0,96,96,384,96,1.0,256,255,0.9600706184417694,0.4625203717610999,0.4815905464022911,0.0108106144835506,0.0211146705826803,92.50167985562622,0.0001827760715022,73.96739616095769,1,8,0.0294481365469365,0.0313725490196078,0.9386593524336012,-0.0019244124726713,0.0313725490196078,0.0020203754238193,-0.9525024161269036,0.3650064166158159,0.3630820041431445,0.2310483746280137,0.2291239621553424,,,0,1.3322676295501878e-15,3.703675246830198e-16,1.3322676295501878e-15,5.030698080332741e-17,-0.3561273598037836,10,0.2
v2_depth,prespecified depth-onset and saturation study,SU2-CNOT-line|n8|d16|i10|dir=gaussian|basis=Z|eta=0,SU2-CNOT-line|n8|d16|i10,SU2-CNOT-line,8,16,2.0,10,gaussian,Z,0.0,96,96,384,96,1.0,256,255,0.9600706184417694,0.4625203717610999,0.4815905464022911,0.0108106144835506,0.0211146705826803,92.50167985562622,0.0001827760715022,73.96739616095769,2,36,0.1328360746232712,0.1411764705882353,0.9409221952481712,-0.008340395964964,0.1411764705882353,0.0040356353235625,-2.0666872242562677,0.7290886489982892,0.7207482530333251,0.4615117423760104,0.4531713464110463,,,0,1.3322676295501878e-15,3.703675246830198e-16,1.3322676295501878e-15,5.030698080332741e-17,-0.3561273598037836,10,0.2
v2_depth,prespecified depth-onset and saturation study,SU2-CNOT-line|n8|d64|i6|dir=gaussian|basis=Z|eta=0,SU2-CNOT-line|n8|d64|i6,SU2-CNOT-line,8,64,8.0,6,gaussian,Z,0.0,96,96,1536,96,1.0,256,255,0.9832964406397356,0.4872903688624321,0.4954538746416724,0.005411181423223,0.0157714816167311,184.8025268028013,3.6425303304088006e-05,165.6908064105808,1,8,0.0342324383761564,0.0313725490196078,1.0911589732399865,0.0028598893565485,0.0313725490196078,0.0016773069190595,1.70504832720303,0.3030267448677874,0.3001668555112389,0.1074385348119187,0.1045786454553701,,,0,1.3322676295501878e-15,1.7707779902363446e-16,1.3322676295501878e-15,3.816391647148976e-17,-0.3812536545637271,10,0.2
v2_depth,prespecified depth-onset and saturation study,SU2-CNOT-line|n8|d64|i6|dir=gaussian|basis=Z|eta=0,SU2-CNOT-line|n8|d64|i6,SU2-CNOT-line,8,64,8.0,6,gaussian,Z,0.0,96,96,1536,96,1.0,256,255,0.9832964406397356,0.4872903688624321,0.4954538746416724,0.005411181423223,0.0157714816167311,184.8025268028013,3.6425303304088006e-05,165.6908064105808,2,36,0.1442703069154295,0.1411764705882353,1.0219146739842924,0.0030938363271942,0.1411764705882353,0.0033503669522056,0.9234320811209834,0.605286235991149,0.6021923996639548,0.2146050387898394,0.2115112024626452,,,0,1.3322676295501878e-15,1.7707779902363446e-16,1.3322676295501878e-15,3.816391647148976e-17,-0.3812536545637271,10,0.2
v2_depth,prespecified depth-onset and saturation study,SU2-CNOT-line|n12|d24|i2|dir=gaussian|basis=Z|eta=0,SU2-CNOT-line|n12|d24|i2,SU2-CNOT-line,12,24,2.0,2,gaussian,Z,0.0,96,96,864,96,1.0,4096,4095,0.9715114219604624,0.4726149894958625,0.4864930586353277,0.0027944544876444,0.0131820122533981,357.8515965894093,1.1616431319015731e-05,293.402382079594,1,12,0.0027040940585608,0.0029304029304029,0.9227720974839017,-0.000226308871842,0.0029304029304029,0.0001358600827673,-1.6657495508055984,0.3934447713258845,0.3932184624540425,0.1746807706968088,0.1744544618249668,,,0,1.9984014443252818e-15,3.920648356317477e-16,1.9984014443252818e-15,1.908195823574488e-17,-0.4443354816024548,10,0.2
v2_depth,prespecified depth-onset and saturation study,SU2-CNOT-line|n12|d24|i2|dir=gaussian|basis=Z|eta=0,SU2-CNOT-line|n12|d24|i2,SU2-CNOT-line,12,24,2.0,2,gaussian,Z,0.0,96,96,864,96,1.0,4096,4095,0.9715114219604624,0.4726149894958625,0.4864930586353277,0.0027944544876444,0.0131820122533981,357.8515965894093,1.1616431319015731e-05,293.402382079594,2,78,0.0178144529226595,0.019047619047619,0.9352587784396288,-0.0012331661249594,0.019047619047619,0.0003435656839194,-3.589316927381887,0.9949509759729293,0.9937178098479696,0.4417362129449635,0.4405030468200041,,,0,1.9984014443252818e-15,3.920648356317477e-16,1.9984014443252818e-15,1.908195823574488e-17,-0.4443354816024548,10,0.2
v2_depth,prespecified depth-onset and saturation study,SU2-CNOT-line|n12|d72|i10|dir=gaussian|basis=Z|eta=0,SU2-CNOT-line|n12|d72|i10,SU2-CNOT-line,12,72,6.0,10,gaussian,Z,0.0,96,96,2592,96,1.0,4096,4095,0.9898774817678484,0.4902667683624917,0.4952760611722913,0.00100561626346,0.0114118077607156,994.4151027940648,1.4686313531861869e-06,825.1703266435886,1,12,0.0028057717400518,0.0029304029304029,0.9574696062926992,-0.000124631190351,0.0029304029304029,0.0001262238805717,-0.987382021424958,0.3655387573441169,0.3654141261537659,0.0954474576000242,0.0953228264096731,,,0,2.220446049250313e-15,2.4810336333537167e-16,2.4424906541753444e-15,1.8214596497756478e-17,-0.461072356392108,10,0.2
v2_depth,prespecified depth-onset and saturation study,SU2-CNOT-line|n12|d72|i10|dir=gaussian|basis=Z|eta=0,SU2-CNOT-line|n12|d72|i10,SU2-CNOT-line,12,72,6.0,10,gaussian,Z,0.0,96,96,2592,96,1.0,4096,4095,0.9898774817678484,0.4902667683624917,0.4952760611722913,0.00100561626346,0.0114118077607156,994.4151027940648,1.4686313531861869e-06,825.1703266435886,2,78,0.0188767327031598,0.019047619047619,0.9910284669158932,-0.0001708863444591,0.019047619047619,0.000319197463834,-0.5353624756493511,0.9243816918695792,0.92421080552512,0.2413694322922398,0.2411985459477806,,,0,2.220446049250313e-15,2.4810336333537167e-16,2.4424906541753444e-15,1.8214596497756478e-17,-0.461072356392108,10,0.2
v2_depth,prespecified depth-onset and saturation study,SU2-HaarU4-brickwork|n8|d8|i6|dir=gaussian|basis=Z|eta=0,SU2-HaarU4-brickwork|n8|d8|i6,SU2-HaarU4-brickwork,8,8,1.0,6,gaussian,Z,0.0,96,96,192,96,1.0,256,255,0.8897987543723049,0.4037391536349337,0.4566160090380123,0.0280018734160491,0.0381268539012986,35.71189631286787,0.0012107169180008,28.73946600586815,1,8,0.0703273158484462,0.0313725490196078,2.241683192669225,0.0389547668288384,0.0313725490196078,0.002849715904096,13.669701871982028,0.5148372813607363,0.4758825145318978,0.4319707790692404,0.393016012240402,,,0,7.771561172376097e-16,3.1232731498095633e-16,7.771561172376097e-16,6.938893903907227e-17,-0.2757244122769794,10,0.2
v2_depth,prespecified depth-onset and saturation study,SU2-HaarU4-brickwork|n8|d8|i6|dir=gaussian|basis=Z|eta=0,SU2-HaarU4-brickwork|n8|d8|i6,SU2-HaarU4-brickwork,8,8,1.0,6,gaussian,Z,0.0,96,96,192,96,1.0,256,255,0.8897987543723049,0.4037391536349337,0.4566160090380123,0.0280018734160491,0.0381268539012986,35.71189631286787,0.0012107169180008,28.73946600586815,2,36,0.2108288035550104,0.1411764705882353,1.4933706918479903,0.0696523329667751,0.1411764705882353,0.0056922164213161,12.23641685617255,1.0283710116700089,0.9587186787032336,0.8628478223434175,0.7931954893766424,,,0,7.771561172376097e-16,3.1232731498095633e-16,7.771561172376097e-16,6.938893903907227e-17,-0.2757244122769794,10,0.2
v2_depth,prespecified depth-onset and saturation study,SU2-HaarU4-brickwork|n8|d48|i2|dir=gaussian|basis=Z|eta=0,SU2-HaarU4-brickwork|n8|d48|i2,SU2-HaarU4-brickwork,8,48,6.0,2,gaussian,Z,0.0,96,96,1152,96,1.0,256,255,0.9675477885967156,0.4818347542279699,0.4979796259138118,0.0074872672932722,0.0178259415923007,133.56007750632247,7.791559602532168e-05,113.28901515384408,1,8,0.0298893803186296,0.0313725490196078,0.9527239976563212,-0.0014831687009781,0.0313725490196078,0.0018168984819559,-0.8163189719776975,0.3282457292020485,0.3267625605010703,0.1662247541045238,0.1647415854035457,,,0,9.325873406851317e-15,1.9003895679325918e-15,9.103828801926284e-15,4.163336342344337e-17,-0.3628143792758428,10,0.2
v2_depth,prespecified depth-onset and saturation study,SU2-HaarU4-brickwork|n8|d48|i2|dir=gaussian|basis=Z|eta=0,SU2-HaarU4-brickwork|n8|d48|i2,SU2-HaarU4-brickwork,8,48,6.0,2,gaussian,Z,0.0,96,96,1152,96,1.0,256,255,0.9675477885967156,0.4818347542279699,0.4979796259138118,0.0074872672932722,0.0178259415923007,133.56007750632247,7.791559602532168e-05,113.28901515384408,2,36,0.1411811792408607,0.1411764705882353,1.000033352956097,4.708652625445842e-06,0.1411764705882353,0.0036291966367556,0.0012974366221322,0.6556603510213741,0.6556556423687486,0.3320286326026433,0.3320239239500179,,,0,9.325873406851317e-15,1.9003895679325918e-15,9.103828801926284e-15,4.163336342344337e-17,-0.3628143792758428,10,0.2
v2_depth,prespecified depth-onset and saturation study,SU2-HaarU4-brickwork|n12|d6|i10|dir=gaussian|basis=Z|eta=0,SU2-HaarU4-brickwork|n12|d6|i10,SU2-HaarU4-brickwork,12,6,0.5,10,gaussian,Z,0.0,96,96,216,96,1.0,4096,4095,0.8996432135432751,0.4075502346594262,0.4531924799600315,0.0207315838380877,0.030932296506441,48.23558141094913,0.0005968956871334,40.930851501219045,1,12,0.0734628157874283,0.0029304029304029,25.069185887459927,0.0705324128570254,0.0029304029304029,0.0002092408282838,337.0872378757397,0.6059521542995825,0.5354197414425571,0.4951041987901259,0.4245717859331005,,,0,2.220446049250313e-15,1.1761425167122752e-15,2.1094237467877974e-15,6.245004513516506e-17,-0.2883616648693162,10,0.2
v2_depth,prespecified depth-onset and saturation study,SU2-HaarU4-brickwork|n12|d6|i10|dir=gaussian|basis=Z|eta=0,SU2-HaarU4-brickwork|n12|d6|i10,SU2-HaarU4-brickwork,12,6,0.5,10,gaussian,Z,0.0,96,96,216,96,1.0,4096,4095,0.8996432135432751,0.4075502346594262,0.4531924799600315,0.0207315838380877,0.030932296506441,48.23558141094913,0.0005968956871334,40.930851501219045,2,78,0.1884205649643745,0.019047619047619,9.892079660629664,0.1693729459167555,0.019047619047619,0.0005291323750797,320.095601580284,1.5323438796290454,1.36297093371229,1.2520293614132538,1.0826564154964984,,,0,2.220446049250313e-15,1.1761425167122752e-15,2.1094237467877974e-15,6.245004513516506e-17,-0.2883616648693162,10,0.2
v2_depth,prespecified depth-onset and saturation study,SU2-HaarU4-brickwork|n12|d48|i6|dir=gaussian|basis=Z|eta=0,SU2-HaarU4-brickwork|n12|d48|i6,SU2-HaarU4-brickwork,12,48,4.0,6,gaussian,Z,0.0,96,96,1728,96,1.0,4096,4095,0.9771107390587878,0.4808281305562608,0.4920955904008965,0.002385350533586,0.0127771697988611,419.2255963724733,9.264245937077184e-06,328.54507559583465,1,12,0.0026934715709974,0.0029304029304029,0.9191471736028752,-0.0002369313594054,0.0029304029304029,0.0001337175617628,-1.7718791479734552,0.3872401255647658,0.3870031942053603,0.1600578341589065,0.159820902799501,,,0,1.2323475573339238e-14,1.718461811467431e-15,1.199040866595169e-14,3.816391647148976e-17,-0.4349104776407511,10,0.2
v2_depth,prespecified depth-onset and saturation study,SU2-HaarU4-brickwork|n12|d48|i6|dir=gaussian|basis=Z|eta=0,SU2-HaarU4-brickwork|n12|d48|i6,SU2-HaarU4-brickwork,12,48,4.0,6,gaussian,Z,0.0,96,96,1728,96,1.0,4096,4095,0.9771107390587878,0.4808281305562608,0.4920955904008965,0.002385350533586,0.0127771697988611,419.2255963724733,9.264245937077184e-06,328.54507559583465,2,78,0.0179337893943636,0.019047619047619,0.9415239432040924,-0.0011138296532553,0.019047619047619,0.0003381476341199,-3.293915263238022,0.9792605441626708,0.9781467145094156,0.404757439708388,0.4036436100551326,,,0,1.2323475573339238e-14,1.718461811467431e-15,1.199040866595169e-14,3.816391647148976e-17,-0.4349104776407511,10,0.2
v2_depth,prespecified depth-onset and saturation study,U1-RZ-XY-line|n8|d4|i2|dir=gaussian|basis=Z|eta=0,U1-RZ-XY-line|n8|d4|i2,U1-RZ-XY-line,8,4,0.5,2,gaussian,Z,0.0,96,96,46,96,1.0,70,69,0.5244046017559635,0.248615353299252,0.4835600688402528,0.1595088687850739,0.1682639847352293,6.269243883532421,0.0336966896236979,5.447614675239269,1,7,0.8378108544865164,0.1014492753623188,8.258421279938519,0.7363615791241975,0.1014492753623188,0.0200165502981008,36.78763663857024,0.9834626368139612,0.2471010576897635,0.9550551541874298,0.2186935750632322,,,0,4.440892098500626e-16,5.901732207093369e-16,5.551115123125784e-16,1.1102230246251563e-16,-0.0319783357110486,10,0.2
v2_depth,prespecified depth-onset and saturation study,U1-RZ-XY-line|n8|d4|i2|dir=gaussian|basis=Z|eta=0,U1-RZ-XY-line|n8|d4|i2,U1-RZ-XY-line,8,4,0.5,2,gaussian,Z,0.0,96,96,46,96,1.0,70,69,0.5244046017559635,0.248615353299252,0.4835600688402528,0.1595088687850739,0.1682639847352293,6.269243883532421,0.0336966896236979,5.447614675239269,2,27,0.9839326624311046,0.391304347826087,2.5144945817683784,0.5926283146050175,0.391304347826087,0.0323557070564207,18.31603659816838,1.5897159352531791,0.9970876206481618,1.5437967247805526,0.9511684101755352,,,0,4.440892098500626e-16,5.901732207093369e-16,5.551115123125784e-16,1.1102230246251563e-16,-0.0319783357110486,10,0.2
v2_depth,prespecified depth-onset and saturation study,U1-RZ-XY-line|n8|d16|i2|dir=gaussian|basis=Z|eta=0,U1-RZ-XY-line|n8|d16|i2,U1-RZ-XY-line,8,16,2.0,2,gaussian,Z,0.0,96,96,184,96,1.0,70,69,0.6713411106318419,0.290056511156977,0.440798991912156,0.0660556315200442,0.0757842186917104,15.138754667670623,0.005588850303651,13.376385036852373,1,7,0.423853791630183,0.1014492753623188,4.177987374640375,0.3224045162678641,0.1014492753623188,0.0126372241214699,25.51228918383393,0.6208980854053094,0.2984935691374453,0.5694936602723233,0.2470891440044591,,,0,0.0,1.73507038598447e-16,0.0,6.938893903907227e-17,-0.1447789848278436,10,0.2
v2_depth,prespecified depth-onset and saturation study,U1-RZ-XY-line|n8|d16|i2|dir=gaussian|basis=Z|eta=0,U1-RZ-XY-line|n8|d16|i2,U1-RZ-XY-line,8,16,2.0,2,gaussian,Z,0.0,96,96,184,96,1.0,70,69,0.6713411106318419,0.290056511156977,0.440798991912156,0.0660556315200442,0.0757842186917104,15.138754667670623,0.005588850303651,13.376385036852373,2,27,0.7357932651560511,0.391304347826087,1.8803605665099083,0.3444889173299642,0.391304347826087,0.0204274120960499,16.864050899358794,1.003649293413602,0.659160376083638,0.9205567276998976,0.5760678103699333,,,0,0.0,1.73507038598447e-16,0.0,6.938893903907227e-17,-0.1447789848278436,10,0.2
v2_depth,prespecified depth-onset and saturation study,U1-RZ-XY-line|n8|d48|i2|dir=gaussian|basis=Z|eta=0,U1-RZ-XY-line|n8|d48|i2,U1-RZ-XY-line,8,48,6.0,2,gaussian,Z,0.0,96,96,552,96,1.0,70,69,0.7833318575772724,0.4086948163836821,0.5163824137717365,0.0661847455252354,0.0759119877593475,15.10922180124894,0.005571072383153,13.397710814045396,1,7,0.4725025340798742,0.1014492753623188,4.657524978787332,0.3710532587175554,0.1014492753623188,0.0126503891334249,29.33137113839102,0.6215449150127127,0.2504916562951573,0.5702062236339115,0.1991529649163561,,,0,8.881784197001252e-16,3.867988462622842e-16,6.661338147750939e-16,6.938893903907227e-17,-0.1693649806060504,10,0.2
v2_depth,prespecified depth-onset and saturation study,U1-RZ-XY-line|n8|d48|i2|dir=gaussian|basis=Z|eta=0,U1-RZ-XY-line|n8|d48|i2,U1-RZ-XY-line,8,48,6.0,2,gaussian,Z,0.0,96,96,552,96,1.0,70,69,0.7833318575772724,0.4086948163836821,0.5163824137717365,0.0661847455252354,0.0759119877593475,15.10922180124894,0.005571072383153,13.397710814045396,2,27,0.7439911662039399,0.391304347826087,1.9013107580767352,0.3526868183778529,0.391304347826087,0.0204486926495851,17.247401798325146,1.00469485965658,0.652008041278727,0.9217085491198388,0.569021730741986,,,0,8.881784197001252e-16,3.867988462622842e-16,6.661338147750939e-16,6.938893903907227e-17,-0.1693649806060504,10,0.2
v2_depth,prespecified depth-onset and saturation study,U1-RZ-XY-line|n12|d6|i2|dir=gaussian|basis=Z|eta=0,U1-RZ-XY-line|n12|d6|i2,U1-RZ-XY-line,12,6,0.5,2,gaussian,Z,0.0,96,96,105,96,1.0,921,920,0.5370888073765988,0.2259350217347863,0.4280086459703676,0.0796874604308846,0.0892740493847296,12.549025839107143,0.0076878108110391,11.405088414695928,1,11,0.7474609884254004,0.0119565217391304,62.51491903194258,0.73550446668627,0.0119565217391304,0.0015041067670263,488.9975118856649,0.979009449224418,0.2435049825381479,0.924266124030272,0.1887616573440018,,,0,8.881784197001252e-16,5.177899858213782e-16,4.440892098500626e-16,1.3183898417423734e-16,-0.0844897671813972,10,0.2
v2_depth,prespecified depth-onset and saturation study,U1-RZ-XY-line|n12|d6|i2|dir=gaussian|basis=Z|eta=0,U1-RZ-XY-line|n12|d6|i2,U1-RZ-XY-line,12,6,0.5,2,gaussian,Z,0.0,96,96,105,96,1.0,921,920,0.5370888073765988,0.2259350217347863,0.4280086459703676,0.0796874604308846,0.0892740493847296,12.549025839107143,0.0076878108110391,11.405088414695928,2,65,0.9712349969998604,0.0706521739130434,13.746710726767256,0.900582823086817,0.0706521739130434,0.0035460113117532,253.9706571442225,2.308066592989612,1.4074837699027944,2.1790063064215177,1.2784234833347008,,,0,8.881784197001252e-16,5.177899858213782e-16,4.440892098500626e-16,1.3183898417423734e-16,-0.0844897671813972,10,0.2
v2_depth,prespecified depth-onset and saturation study,U1-RZ-XY-line|n12|d24|i2|dir=gaussian|basis=Z|eta=0,U1-RZ-XY-line|n12|d24|i2,U1-RZ-XY-line,12,24,2.0,2,gaussian,Z,0.0,96,96,420,96,1.0,924,923,0.6890192595701192,0.2782358455682489,0.4101572018582162,0.0361554394963795,0.0461954870016255,27.65835553181802,0.0016947777418081,24.29090101170728,1,11,0.316860297234748,0.0119176598049837,26.58745948615204,0.3049426374297642,0.0119176598049837,0.0010723040049798,284.38076889911906,0.7002276520842379,0.3952850146544736,0.6174094547075105,0.3124668172777463,,,0,1.887379141862766e-15,1.2248916735729812e-15,2.1094237467877974e-15,8.326672684688674e-17,-0.1868248200046776,10,0.2
v2_depth,prespecified depth-onset and saturation study,U1-RZ-XY-line|n12|d24|i2|dir=gaussian|basis=Z|eta=0,U1-RZ-XY-line|n12|d24|i2,U1-RZ-XY-line,12,24,2.0,2,gaussian,Z,0.0,96,96,420,96,1.0,924,923,0.6890192595701192,0.2782358455682489,0.4101572018582162,0.0361554394963795,0.0461954870016255,27.65835553181802,0.0016947777418081,24.29090101170728,2,65,0.5959183183583835,0.0704225352112676,8.462040120689045,0.5254957831471159,0.0704225352112676,0.0025282760376597,207.84747207964045,1.650995226586585,1.1254994434394692,1.4557266619469331,0.9302308787998176,,,0,1.887379141862766e-15,1.2248916735729812e-15,2.1094237467877974e-15,8.326672684688674e-17,-0.1868248200046776,10,0.2
v2_depth,prespecified depth-onset and saturation study,U1-RZ-XY-line|n12|d72|i2|dir=gaussian|basis=Z|eta=0,U1-RZ-XY-line|n12|d72|i2,U1-RZ-XY-line,12,72,6.0,2,gaussian,Z,0.0,96,96,1260,96,1.0,924,923,0.7578574029804074,0.3664986126994751,0.4841884537847533,0.0273312392122395,0.0374632054704454,36.5881690264588,0.0010642464108898,30.653417679765084,1,11,0.3073125393129964,0.0119176598049837,25.786315798717798,0.2953948795080127,0.0119176598049837,0.0009629453214041,306.7618409291115,0.6288150919524215,0.3334202124444088,0.5341208043355901,0.2387259248275773,,,0,0.0,8.386203933632693e-17,2.220446049250313e-16,5.551115123125783e-17,-0.1815552983912512,10,0.2
v2_depth,prespecified depth-onset and saturation study,U1-RZ-XY-line|n12|d72|i2|dir=gaussian|basis=Z|eta=0,U1-RZ-XY-line|n12|d72|i2,U1-RZ-XY-line,12,72,6.0,2,gaussian,Z,0.0,96,96,1260,96,1.0,924,923,0.7578574029804074,0.3664986126994751,0.4841884537847533,0.0273312392122395,0.0374632054704454,36.5881690264588,0.0010642464108898,30.653417679765084,2,65,0.550224840450159,0.0704225352112676,7.813192734392257,0.4798023052388913,0.0704225352112676,0.0022704303727081,211.32658856505512,1.482618848497231,1.0028165432583396,1.2593488642641633,0.7795465590252719,,,0,0.0,8.386203933632693e-17,2.220446049250313e-16,5.551115123125783e-17,-0.1815552983912512,10,0.2
v2_depth,prespecified depth-onset and saturation study,RY-RZ-CZ-line|n8|d8|i7|dir=gaussian|basis=Z|eta=0,RY-RZ-CZ-line|n8|d8|i7,RY-RZ-CZ-line,8,8,1.0,7,gaussian,Z,0.0,96,96,128,96,1.0,256,255,0.8793333909620197,0.3862971854874684,0.4422924045484857,0.0383712214658711,0.0483881879089349,26.06119799677054,0.0022548573225665,21.059131990044964,1,8,0.1278408690005028,0.0313725490196078,4.074927699391027,0.0964683199808949,0.0313725490196078,0.0032491668511279,29.69017117339035,0.5870031556190437,0.4905348356381487,0.5166730449020027,0.4202047249211078,,,0,1.1102230246251563e-15,6.803999513730208e-16,1.1102230246251563e-15,1.1102230246251563e-16,-0.2010501139328891,10,0.2
v2_depth,prespecified depth-onset and saturation study,RY-RZ-CZ-line|n8|d8|i7|dir=gaussian|basis=Z|eta=0,RY-RZ-CZ-line|n8|d8|i7,RY-RZ-CZ-line,8,8,1.0,7,gaussian,Z,0.0,96,96,128,96,1.0,256,255,0.8793333909620197,0.3862971854874684,0.4422924045484857,0.0383712214658711,0.0483881879089349,26.06119799677054,0.0022548573225665,21.059131990044964,2,36,0.3583064691949419,0.1411764705882353,2.5380041567975056,0.2171299986067066,0.1411764705882353,0.0064901069187293,33.45553491270021,1.1725200385682113,0.9553900399615046,1.032037890659676,0.8149078920529692,,,0,1.1102230246251563e-15,6.803999513730208e-16,1.1102230246251563e-15,1.1102230246251563e-16,-0.2010501139328891,10,0.2
v2_depth,prespecified depth-onset and saturation study,RY-RZ-CZ-line|n8|d48|i3|dir=gaussian|basis=Z|eta=0,RY-RZ-CZ-line|n8|d48|i3,RY-RZ-CZ-line,8,48,6.0,3,gaussian,Z,0.0,96,96,768,96,1.0,256,255,0.965292541413835,0.4708745714128726,0.4880383683257007,0.0097605330324709,0.0200755274800493,102.45342100408271,0.0001429894691375,83.627280313987,1,8,0.0290939657750332,0.0313725490196078,0.9273701590791856,-0.0022785832445745,0.0313725490196078,0.0019583686305285,-1.163510898333577,0.3538041038386582,0.3515255205940836,0.2127116585051174,0.2104330752605429,,,0,2.664535259100376e-15,9.055854705351617e-16,2.664535259100376e-15,4.510281037539698e-17,-0.3226549943193255,10,0.2
v2_depth,prespecified depth-onset and saturation study,RY-RZ-CZ-line|n8|d48|i3|dir=gaussian|basis=Z|eta=0,RY-RZ-CZ-line|n8|d48|i3,RY-RZ-CZ-line,8,48,6.0,3,gaussian,Z,0.0,96,96,768,96,1.0,256,255,0.965292541413835,0.4708745714128726,0.4880383683257007,0.0097605330324709,0.0200755274800493,102.45342100408271,0.0001429894691375,83.627280313987,2,36,0.1358253951459352,0.1411764705882353,0.9620965489503744,-0.0053510754423,0.1411764705882353,0.0039117787361407,-1.367939191667901,0.7067123873312215,0.7013613118889215,0.4248847380919209,0.4195336626496209,,,0,2.664535259100376e-15,9.055854705351617e-16,2.664535259100376e-15,4.510281037539698e-17,-0.3226549943193255,10,0.2
v2_depth,prespecified depth-onset and saturation study,RY-RZ-CZ-line|n12|d6|i11|dir=gaussian|basis=Z|eta=0,RY-RZ-CZ-line|n12|d6|i11,RY-RZ-CZ-line,12,6,0.5,11,gaussian,Z,0.0,96,96,144,96,1.0,4096,4095,0.8300789037169055,0.3651822400460343,0.4417098833136621,0.0359129362856624,0.0459555098660201,27.845119431218208,0.0016795820443378,24.40053723355547,1,12,0.3752507658042021,0.0029304029304029,128.05432383068396,0.3723203628737991,0.0029304029304029,0.0002553720063687,1457.9529219666924,0.7395459991060855,0.3672256362322864,0.653276776928516,0.2809564140547169,,,0,4.440892098500626e-16,4.805904166550133e-16,6.661338147750939e-16,9.714451465470121e-17,-0.2447591148983993,10,0.2
v2_depth,prespecified depth-onset and saturation study,RY-RZ-CZ-line|n12|d6|i11|dir=gaussian|basis=Z|eta=0,RY-RZ-CZ-line|n12|d6|i11,RY-RZ-CZ-line,12,6,0.5,11,gaussian,Z,0.0,96,96,144,96,1.0,4096,4095,0.8300789037169055,0.3651822400460343,0.4417098833136621,0.0359129362856624,0.0459555098660201,27.845119431218208,0.0016795820443378,24.40053723355547,2,78,0.6347491193899631,0.019047619047619,33.324328767973064,0.615701500342344,0.019047619047619,0.0006457898172505,953.408499012355,1.870178655844971,1.2544771555026268,1.6520193281387106,1.0363178277963665,,,0,4.440892098500626e-16,4.805904166550133e-16,6.661338147750939e-16,9.714451465470121e-17,-0.2447591148983993,10,0.2
v2_depth,prespecified depth-onset and saturation study,RY-RZ-CZ-line|n12|d48|i7|dir=gaussian|basis=Z|eta=0,RY-RZ-CZ-line|n12|d48|i7,RY-RZ-CZ-line,12,48,4.0,7,gaussian,Z,0.0,96,96,1152,96,1.0,4096,4095,0.987577061746562,0.4728214479302235,0.4788451732982173,0.0033636463063379,0.0137452749906469,297.29641850742354,1.8730330747441332e-05,231.0613342430659,1,12,0.0031532027926203,0.0029304029304029,1.0760304529816944,0.0002227998622174,0.0029304029304029,0.0001387859899253,1.6053483664830377,0.4019180686276165,0.4016952687653991,0.1931933175321339,0.1929705176699165,,,0,2.3314683517128287e-15,5.06558759573879e-16,2.220446049250313e-15,1.7347234759768068e-17,-0.4360832382306154,10,0.2
v2_depth,prespecified depth-onset and saturation study,RY-RZ-CZ-line|n12|d48|i7|dir=gaussian|basis=Z|eta=0,RY-RZ-CZ-line|n12|d48|i7,RY-RZ-CZ-line,12,48,4.0,7,gaussian,Z,0.0,96,96,1152,96,1.0,4096,4095,0.987577061746562,0.4728214479302235,0.4788451732982173,0.0033636463063379,0.0137452749906469,297.29641850742354,1.8730330747441332e-05,231.0613342430659,2,78,0.0191164028946951,0.019047619047619,1.0036111519714963,6.878384707612387e-05,0.019047619047619,0.0003509647762309,0.1959850438975895,1.016378418995381,1.016309635148305,0.4885511101908466,0.4884823263437705,,,0,2.3314683517128287e-15,5.06558759573879e-16,2.220446049250313e-15,1.7347234759768068e-17,-0.4360832382306154,10,0.2
v2_depth,prespecified depth-onset and saturation study,SU2-CNOT-line|n8|d4|i3|dir=gaussian|basis=Z|eta=0,SU2-CNOT-line|n8|d4|i3,SU2-CNOT-line,8,4,0.5,3,gaussian,Z,0.0,96,96,96,96,1.0,256,255,0.8897126717497623,0.3746607121618963,0.4233317127560674,0.0339731078162507,0.0440358879431647,29.43504625507531,0.0015360543662672,25.515066608856223,1,8,0.1335822987222538,0.0313725490196078,4.25793577177184,0.1022097497026459,0.0313725490196078,0.0030860621737038,33.11979602146977,0.5575362292557737,0.4553264795531277,0.482566022860992,0.3803562731583461,,,0,8.881784197001252e-16,3.7316317276799084e-16,6.661338147750939e-16,7.63278329429795e-17,-0.2873586104496493,10,0.2
v2_depth,prespecified depth-onset and saturation study,SU2-CNOT-line|n8|d4|i3|dir=gaussian|basis=Z|eta=0,SU2-CNOT-line|n8|d4|i3,SU2-CNOT-line,8,4,0.5,3,gaussian,Z,0.0,96,96,96,96,1.0,256,255,0.8897126717497623,0.3746607121618963,0.4233317127560674,0.0339731078162507,0.0440358879431647,29.43504625507531,0.0015360543662672,25.515066608856223,2,36,0.4514308915760849,0.1411764705882353,3.1976354819972683,0.3102544209878496,0.1411764705882353,0.0061643105395561,50.33075783527788,1.1136607951293724,0.8034063741415227,0.9639102044348912,0.6536557834470416,,,0,8.881784197001252e-16,3.7316317276799084e-16,6.661338147750939e-16,7.63278329429795e-17,-0.2873586104496493,10,0.2
v2_depth,prespecified depth-onset and saturation study,SU2-CNOT-line|n8|d16|i11|dir=gaussian|basis=Z|eta=0,SU2-CNOT-line|n8|d16|i11,SU2-CNOT-line,8,16,2.0,11,gaussian,Z,0.0,96,96,384,96,1.0,256,255,0.951255219000722,0.4485072242598104,0.4719103480986694,0.0104155595352296,0.020723730790071,96.0102044078948,0.0001603947690519,78.95959275335937,1,8,0.0300839067938804,0.0313725490196078,0.958924529054938,-0.0012886422257274,0.0313725490196078,0.0019972735180584,-0.6452006768607726,0.3608327646601718,0.3595441224344444,0.2243257962819529,0.2230371540562254,,,0,8.881784197001252e-16,3.168086241786983e-16,8.881784197001252e-16,5.551115123125783e-17,-0.3519349572609779,10,0.2
v2_depth,prespecified depth-onset and saturation study,SU2-CNOT-line|n8|d16|i11|dir=gaussian|basis=Z|eta=0,SU2-CNOT-line|n8|d16|i11,SU2-CNOT-line,8,16,2.0,11,gaussian,Z,0.0,96,96,384,96,1.0,256,255,0.951255219000722,0.4485072242598104,0.4719103480986694,0.0104155595352296,0.020723730790071,96.0102044078948,0.0001603947690519,78.95959275335937,2,36,0.1331205737446475,0.1411764705882353,0.9429373973579198,-0.0080558968435877,0.1411764705882353,0.0039894900053059,-2.019279866066497,0.7207519126363844,0.7126960157927966,0.4480836070309994,0.4400277101874116,,,0,8.881784197001252e-16,3.168086241786983e-16,8.881784197001252e-16,5.551115123125783e-17,-0.3519349572609779,10,0.2
v2_depth,prespecified depth-onset and saturation study,SU2-CNOT-line|n8|d64|i7|dir=gaussian|basis=Z|eta=0,SU2-CNOT-line|n8|d64|i7,SU2-CNOT-line,8,64,8.0,7,gaussian,Z,0.0,96,96,1536,96,1.0,256,255,0.9895800565790412,0.4898874232770172,0.4948597910116581,0.005579370647183,0.0159379188696082,179.23168458164568,4.0838296775390034e-05,156.48264905502168,1,8,0.0327136381702074,0.0313725490196078,1.0427472166753609,0.0013410891505995,0.0313725490196078,0.0016890451034097,0.7939925037479526,0.3051473965826792,0.3038063074320797,0.1133416973440294,0.1120006081934298,,,0,2.664535259100376e-15,4.1374609571212725e-16,2.886579864025407e-15,4.250072516143178e-17,-0.3880948245838211,10,0.2
v2_depth,prespecified depth-onset and saturation study,SU2-CNOT-line|n8|d64|i7|dir=gaussian|basis=Z|eta=0,SU2-CNOT-line|n8|d64|i7,SU2-CNOT-line,8,64,8.0,7,gaussian,Z,0.0,96,96,1536,96,1.0,256,255,0.9895800565790412,0.4898874232770172,0.4948597910116581,0.005579370647183,0.0159379188696082,179.23168458164568,4.0838296775390034e-05,156.48264905502168,2,36,0.1428202102959976,0.1411764705882353,1.0116431562633164,0.0016437397077622,0.1411764705882353,0.0033738136002096,0.4872052527324482,0.609522170000588,0.6078784302928256,0.2263964172408214,0.2247526775330591,,,0,2.664535259100376e-15,4.1374609571212725e-16,2.886579864025407e-15,4.250072516143178e-17,-0.3880948245838211,10,0.2
v2_depth,prespecified depth-onset and saturation study,SU2-CNOT-line|n12|d24|i3|dir=gaussian|basis=Z|eta=0,SU2-CNOT-line|n12|d24|i3,SU2-CNOT-line,12,24,2.0,3,gaussian,Z,0.0,96,96,864,96,1.0,4096,4095,0.98796681281129,0.4807408672950909,0.4866026484333279,0.0026755329955699,0.0130643295268661,373.7573043037576,1.0195678056994165e-05,313.1785025548052,1,12,0.0027881481262695,0.0029304029304029,0.9514555480894772,-0.0001422548041334,0.0029304029304029,0.0001352407775492,-1.0518632524249631,0.3916512908940476,0.3915090360899142,0.1705593609304522,0.1704171061263188,,,0,1.9984014443252818e-15,2.4466097672148874e-16,1.9984014443252818e-15,2.862293735361732e-17,-0.4425816716295661,10,0.2
v2_depth,prespecified depth-onset and saturation study,SU2-CNOT-line|n12|d24|i3|dir=gaussian|basis=Z|eta=0,SU2-CNOT-line|n12|d24|i3,SU2-CNOT-line,12,24,2.0,3,gaussian,Z,0.0,96,96,864,96,1.0,4096,4095,0.98796681281129,0.4807408672950909,0.4866026484333279,0.0026755329955699,0.0130643295268661,373.7573043037576,1.0195678056994165e-05,313.1785025548052,2,78,0.0180448243787703,0.019047619047619,0.9473532798854444,-0.0010027946688486,0.019047619047619,0.000341999572546,-2.9321518193232503,0.9904155869270126,0.989412792258164,0.4313139098206847,0.430311115151836,,,0,1.9984014443252818e-15,2.4466097672148874e-16,1.9984014443252818e-15,2.862293735361732e-17,-0.4425816716295661,10,0.2
v2_depth,prespecified depth-onset and saturation study,SU2-CNOT-line|n12|d72|i11|dir=gaussian|basis=Z|eta=0,SU2-CNOT-line|n12|d72|i11,SU2-CNOT-line,12,72,6.0,11,gaussian,Z,0.0,96,96,2592,96,1.0,4096,4095,0.9906328236319708,0.4916702500846999,0.4962904958488695,0.001031961855154,0.0114378789191628,969.0280653355118,1.4211914351944171e-06,838.8295267924411,1,12,0.0028631379258376,0.0029304029304029,0.9770458171920828,-6.726500456532463e-05,0.0029304029304029,0.0001263711316459,-0.5322814133987737,0.365965189921198,0.3658979249166326,0.0970846940781481,0.0970174290735827,,,0,3.3306690738754696e-16,9.868979680378892e-17,4.440892098500626e-16,3.2959746043559335e-17,-0.461122564592907,10,0.2
v2_depth,prespecified depth-onset and saturation study,SU2-CNOT-line|n12|d72|i11|dir=gaussian|basis=Z|eta=0,SU2-CNOT-line|n12|d72|i11,SU2-CNOT-line,12,72,6.0,11,gaussian,Z,0.0,96,96,2592,96,1.0,4096,4095,0.9906328236319708,0.4916702500846999,0.4962904958488695,0.001031961855154,0.0114378789191628,969.0280653355118,1.4211914351944171e-06,838.8295267924411,2,78,0.0188172869465674,0.019047619047619,0.9879075646947932,-0.0002303321010515,0.019047619047619,0.000319569835284,-0.7207567036070467,0.925460063065932,0.9252297309648804,0.2455097085152998,0.2452793764142482,,,0,3.3306690738754696e-16,9.868979680378892e-17,4.440892098500626e-16,3.2959746043559335e-17,-0.461122564592907,10,0.2
v2_depth,prespecified depth-onset and saturation study,SU2-HaarU4-brickwork|n8|d8|i7|dir=gaussian|basis=Z|eta=0,SU2-HaarU4-brickwork|n8|d8|i7,SU2-HaarU4-brickwork,8,8,1.0,7,gaussian,Z,0.0,96,96,192,96,1.0,256,255,0.8794041651770517,0.4054385270041042,0.4615956497346916,0.0288074569151628,0.0389240459056298,34.713234248513224,0.0011786672413902,29.127579300399653,1,8,0.073653336698003,0.0313725490196078,2.3477001072488464,0.0422807876783951,0.0313725490196078,0.0028827325303007,14.666913157560366,0.520802153174977,0.4785213654965818,0.4391369220414893,0.3968561343630942,,,0,2.220446049250313e-16,1.5993360207877824e-16,2.220446049250313e-16,8.673617379884034e-17,-0.2469566602832575,10,0.2
v2_depth,prespecified depth-onset and saturation study,SU2-HaarU4-brickwork|n8|d8|i7|dir=gaussian|basis=Z|eta=0,SU2-HaarU4-brickwork|n8|d8|i7,SU2-HaarU4-brickwork,8,8,1.0,7,gaussian,Z,0.0,96,96,192,96,1.0,256,255,0.8794041651770517,0.4054385270041042,0.4615956497346916,0.0288074569151628,0.0389240459056298,34.713234248513224,0.0011786672413902,29.127579300399653,2,36,0.2357660761789626,0.1411764705882353,1.6700097062676518,0.0945896055907273,0.1411764705882353,0.0057581660767147,16.427036721506834,1.0402856524393795,0.9456960468486522,0.8771619638497703,0.7825723582590429,,,0,2.220446049250313e-16,1.5993360207877824e-16,2.220446049250313e-16,8.673617379884034e-17,-0.2469566602832575,10,0.2
v2_depth,prespecified depth-onset and saturation study,SU2-HaarU4-brickwork|n8|d48|i3|dir=gaussian|basis=Z|eta=0,SU2-HaarU4-brickwork|n8|d48|i3,SU2-HaarU4-brickwork,8,48,6.0,3,gaussian,Z,0.0,96,96,1152,96,1.0,256,255,0.9808573049202,0.477120770958327,0.4864994313983621,0.0076597707158166,0.0179966481041935,130.552210647129,7.895489609563486e-05,112.54092148303768,1,8,0.0279853750133002,0.0313725490196078,0.892033828548944,-0.0033871740063076,0.0313725490196078,0.001828017654346,-1.8529219333602835,0.3302545485640258,0.3268673745577182,0.170198123611353,0.1668109496050454,,,0,6.661338147750939e-15,1.2247147740396258e-15,6.661338147750939e-15,6.245004513516506e-17,-0.387142866179135,10,0.2
v2_depth,prespecified depth-onset and saturation study,SU2-HaarU4-brickwork|n8|d48|i3|dir=gaussian|basis=Z|eta=0,SU2-HaarU4-brickwork|n8|d48|i3,SU2-HaarU4-brickwork,8,48,6.0,3,gaussian,Z,0.0,96,96,1152,96,1.0,256,255,0.9808573049202,0.477120770958327,0.4864994313983621,0.0076597707158166,0.0179966481041935,130.552210647129,7.895489609563486e-05,112.54092148303768,2,36,0.1311798569314582,0.1411764705882353,0.9291906532644956,-0.009996613656777,0.1411764705882353,0.0036514068281572,-2.737743047334474,0.659672903480821,0.6496762898240439,0.3399653111754868,0.3299686975187097,,,0,6.661338147750939e-15,1.2247147740396258e-15,6.661338147750939e-15,6.245004513516506e-17,-0.387142866179135,10,0.2
v2_depth,prespecified depth-onset and saturation study,SU2-HaarU4-brickwork|n12|d6|i11|dir=gaussian|basis=Z|eta=0,SU2-HaarU4-brickwork|n12|d6|i11,SU2-HaarU4-brickwork,12,6,0.5,11,gaussian,Z,0.0,96,96,216,96,1.0,4096,4095,0.8650884716696993,0.3975344380893975,0.4604214065537907,0.0205475648901589,0.0307501944225531,48.66756743904666,0.0006099880621663,40.48921270226647,1,12,0.0800572371180846,0.0029304029304029,27.319532166546395,0.0771268341876817,0.0029304029304029,0.0002086190907113,369.7017081452236,0.6041516298773131,0.5270247956896313,0.4928756549885967,0.415748820800915,,,0,6.661338147750939e-16,4.44130712525147e-16,8.881784197001252e-16,1.0408340855860844e-16,-0.3004734605097128,10,0.2
v2_depth,prespecified depth-onset and saturation study,SU2-HaarU4-brickwork|n12|d6|i11|dir=gaussian|basis=Z|eta=0,SU2-HaarU4-brickwork|n12|d6|i11,SU2-HaarU4-brickwork,12,6,0.5,11,gaussian,Z,0.0,96,96,216,96,1.0,4096,4095,0.8650884716696993,0.3975344380893975,0.4604214065537907,0.0205475648901589,0.0307501944225531,48.66756743904666,0.0006099880621663,40.48921270226647,2,78,0.1860825794189823,0.019047619047619,9.769335419496572,0.1670349603713632,0.019047619047619,0.0005275601127201,316.6178722461172,1.527790677599792,1.3607557172284288,1.2463937754506855,1.0793588150793223,,,0,6.661338147750939e-16,4.44130712525147e-16,8.881784197001252e-16,1.0408340855860844e-16,-0.3004734605097128,10,0.2
v2_depth,prespecified depth-onset and saturation study,SU2-HaarU4-brickwork|n12|d48|i7|dir=gaussian|basis=Z|eta=0,SU2-HaarU4-brickwork|n12|d48|i7,SU2-HaarU4-brickwork,12,48,4.0,7,gaussian,Z,0.0,96,96,1728,96,1.0,4096,4095,0.9882749795565334,0.4866988498457122,0.4925067746518999,0.0024275995635481,0.0128189787347611,411.92955173316017,9.161268593560265e-06,330.38642295799866,1,12,0.0026315470753008,0.0029304029304029,0.898015439446414,-0.000298855855102,0.0029304029304029,0.0001339404113545,-2.231259797396246,0.3878854880939429,0.3875866322388409,0.1616292453580441,0.1613303895029421,,,0,8.881784197001252e-15,1.2863033792286983e-15,8.881784197001252e-15,2.6020852139652106e-17,-0.4335806489095679,10,0.2
v2_depth,prespecified depth-onset and saturation study,SU2-HaarU4-brickwork|n12|d48|i7|dir=gaussian|basis=Z|eta=0,SU2-HaarU4-brickwork|n12|d48|i7,SU2-HaarU4-brickwork,12,48,4.0,7,gaussian,Z,0.0,96,96,1728,96,1.0,4096,4095,0.9882749795565334,0.4866988498457122,0.4925067746518999,0.0024275995635481,0.0128189787347611,411.92955173316017,9.161268593560265e-06,330.38642295799866,2,78,0.0175223668004884,0.019047619047619,0.9199242570256432,-0.0015252522471306,0.019047619047619,0.0003387111806069,-4.503105697301201,0.9808925497834275,0.9793672975362968,0.4087312556545703,0.4072060034074397,,,0,8.881784197001252e-15,1.2863033792286983e-15,8.881784197001252e-15,2.6020852139652106e-17,-0.4335806489095679,10,0.2
v2_depth,prespecified depth-onset and saturation study,U1-RZ-XY-line|n8|d4|i3|dir=gaussian|basis=Z|eta=0,U1-RZ-XY-line|n8|d4|i3,U1-RZ-XY-line,8,4,0.5,3,gaussian,Z,0.0,96,96,46,96,1.0,70,69,0.5983383624491646,0.2365931140911725,0.4063747113291789,0.1261889063726042,0.1352911052645563,7.924626884769493,0.01903467897843,7.248150820177876,1,7,0.7256994153596664,0.1014492753623188,7.1533228085452825,0.6242501399973476,0.1014492753623188,0.0177411672693719,35.18653144514582,0.8716674393464056,0.2474172993490579,0.838184116376349,0.2139339763790014,,,0,4.440892098500626e-16,4.688603682368649e-16,4.440892098500626e-16,9.020562075079396e-17,-0.0909443294659183,10,0.2
v2_depth,prespecified depth-onset and saturation study,U1-RZ-XY-line|n8|d4|i3|dir=gaussian|basis=Z|eta=0,U1-RZ-XY-line|n8|d4|i3,U1-RZ-XY-line,8,4,0.5,3,gaussian,Z,0.0,96,96,46,96,1.0,70,69,0.5983383624491646,0.2365931140911725,0.4063747113291789,0.1261889063726042,0.1352911052645563,7.924626884769493,0.01903467897843,7.248150820177876,2,27,0.9694942097866788,0.391304347826087,2.4775963138992902,0.5781898619605919,0.391304347826087,0.0286776693515077,20.161675444179483,1.4090048433964502,0.8308149814358583,1.3548808023823766,0.7766909404217848,,,0,4.440892098500626e-16,4.688603682368649e-16,4.440892098500626e-16,9.020562075079396e-17,-0.0909443294659183,10,0.2
v2_depth,prespecified depth-onset and saturation study,U1-RZ-XY-line|n8|d16|i3|dir=gaussian|basis=Z|eta=0,U1-RZ-XY-line|n8|d16|i3,U1-RZ-XY-line,8,16,2.0,3,gaussian,Z,0.0,96,96,184,96,1.0,70,69,0.6732065559981558,0.3072154160530292,0.4638237646970592,0.079349692749922,0.0889398001171103,12.602443252699086,0.0078805659158292,11.264743235236,1,7,0.4437754891053987,0.1014492753623188,4.374358392610358,0.3423262137430798,0.1014492753623188,0.013927572342015,24.579029664085112,0.6842960857843194,0.3419698720412396,0.6387023935689916,0.2963761798259117,,,0,5.551115123125784e-16,4.721635607763214e-16,6.661338147750939e-16,5.551115123125783e-17,-0.1397481786321661,10,0.2
v2_depth,prespecified depth-onset and saturation study,U1-RZ-XY-line|n8|d16|i3|dir=gaussian|basis=Z|eta=0,U1-RZ-XY-line|n8|d16|i3,U1-RZ-XY-line,8,16,2.0,3,gaussian,Z,0.0,96,96,184,96,1.0,70,69,0.6732065559981558,0.3072154160530292,0.4638237646970592,0.079349692749922,0.0889398001171103,12.602443252699086,0.0078805659158292,11.264743235236,2,27,0.7915293752729081,0.391304347826087,2.0227972923640984,0.4002250274468211,0.391304347826087,0.0225131925328863,17.77735551553555,1.106128846467293,0.7059038190204718,1.0324290267196452,0.6322039992728241,,,0,5.551115123125784e-16,4.721635607763214e-16,6.661338147750939e-16,5.551115123125783e-17,-0.1397481786321661,10,0.2
v2_depth,prespecified depth-onset and saturation study,U1-RZ-XY-line|n8|d48|i3|dir=gaussian|basis=Z|eta=0,U1-RZ-XY-line|n8|d48|i3,U1-RZ-XY-line,8,48,6.0,3,gaussian,Z,0.0,96,96,552,96,1.0,70,69,0.7202503001014829,0.3436320413710841,0.4804086785957884,0.0609650061892499,0.0707466207081119,16.40285243137286,0.0046628463495808,14.644496602295687,1,7,0.4445976981955093,0.1014492753623188,4.38246302507002,0.3431484228331904,0.1014492753623188,0.0121067584573141,28.343542496784565,0.5948349949606266,0.2516865721274361,0.5406512124572177,0.1975027896240272,,,0,4.440892098500626e-16,2.175232740823174e-16,4.440892098500626e-16,6.938893903907227e-17,-0.1019947327101769,10,0.2
v2_depth,prespecified depth-onset and saturation study,U1-RZ-XY-line|n8|d48|i3|dir=gaussian|basis=Z|eta=0,U1-RZ-XY-line|n8|d48|i3,U1-RZ-XY-line,8,48,6.0,3,gaussian,Z,0.0,96,96,552,96,1.0,70,69,0.7202503001014829,0.3436320413710841,0.4804086785957884,0.0609650061892499,0.0707466207081119,16.40285243137286,0.0046628463495808,14.644496602295687,2,27,0.7409286514161529,0.391304347826087,1.8934843313968357,0.3496243035900659,0.391304347826087,0.0195699420836201,17.865372421449244,0.9615196703339864,0.6118953667439204,0.8739344187406857,0.5243101151506198,,,0,4.440892098500626e-16,2.175232740823174e-16,4.440892098500626e-16,6.938893903907227e-17,-0.1019947327101769,10,0.2
v2_depth,prespecified depth-onset and saturation study,U1-RZ-XY-line|n12|d6|i3|dir=gaussian|basis=Z|eta=0,U1-RZ-XY-line|n12|d6|i3,U1-RZ-XY-line,12,6,0.5,3,gaussian,Z,0.0,96,96,105,96,1.0,918,917,0.5600443912048853,0.2167719792044481,0.3985751010028175,0.0632369016102493,0.0729948505518092,15.813551495032788,0.0050567326092558,14.062579971714332,1,11,0.5469067581543552,0.0119956379498364,45.59213611159488,0.5349111202045188,0.0119956379498364,0.0013625825569499,392.5715307862866,0.8840021468617868,0.349091026657268,0.8218332789246761,0.2869221587201572,,,0,5.551115123125784e-16,3.85670814318969e-16,4.440892098500626e-16,1.1102230246251563e-16,-0.1125018595900472,10,0.2
v2_depth,prespecified depth-onset and saturation study,U1-RZ-XY-line|n12|d6|i3|dir=gaussian|basis=Z|eta=0,U1-RZ-XY-line|n12|d6|i3,U1-RZ-XY-line,12,6,0.5,3,gaussian,Z,0.0,96,96,105,96,1.0,918,917,0.5600443912048853,0.2167719792044481,0.3985751010028175,0.0632369016102493,0.0729948505518092,15.813551495032788,0.0050567326092558,14.062579971714332,2,65,0.8421381434043044,0.0708833151581243,11.880625807719186,0.7712548282461801,0.0708833151581243,0.0032120245745719,240.11485913023077,2.0838639135748087,1.3126090853286287,1.937312843646018,1.166058015399838,,,0,5.551115123125784e-16,3.85670814318969e-16,4.440892098500626e-16,1.1102230246251563e-16,-0.1125018595900472,10,0.2
v2_depth,prespecified depth-onset and saturation study,U1-RZ-XY-line|n12|d24|i3|dir=gaussian|basis=Z|eta=0,U1-RZ-XY-line|n12|d24|i3,U1-RZ-XY-line,12,24,2.0,3,gaussian,Z,0.0,96,96,420,96,1.0,924,923,0.6751319696679298,0.3076158289004773,0.4579733353068382,0.0347311287821542,0.0447860128573401,28.79261443739272,0.0017663946157765,23.793379626069637,1,11,0.3249910743470499,0.0119176598049837,27.26970560202973,0.3130734145420661,0.0119176598049837,0.0010554196272051,296.6340652306477,0.6892019465462756,0.3761285320042095,0.6047427021980368,0.2916692876559707,,,0,4.440892098500626e-16,2.220869525341964e-16,4.440892098500626e-16,6.938893903907227e-17,-0.1609482937620313,10,0.2
v2_depth,prespecified depth-onset and saturation study,U1-RZ-XY-line|n12|d24|i3|dir=gaussian|basis=Z|eta=0,U1-RZ-XY-line|n12|d24|i3,U1-RZ-XY-line,12,24,2.0,3,gaussian,Z,0.0,96,96,420,96,1.0,924,923,0.6751319696679298,0.3076158289004773,0.4579733353068382,0.0347311287821542,0.0447860128573401,28.79261443739272,0.0017663946157765,23.793379626069637,2,65,0.5901017822548564,0.0704225352112676,8.37944530801896,0.5196792470435888,0.0704225352112676,0.0024884660886711,208.83517336621813,1.6249988421839667,1.105319595140378,1.4258610205840887,0.9061817735405,,,0,4.440892098500626e-16,2.220869525341964e-16,4.440892098500626e-16,6.938893903907227e-17,-0.1609482937620313,10,0.2
v2_depth,prespecified depth-onset and saturation study,U1-RZ-XY-line|n12|d72|i3|dir=gaussian|basis=Z|eta=0,U1-RZ-XY-line|n12|d72|i3,U1-RZ-XY-line,12,72,6.0,3,gaussian,Z,0.0,96,96,1260,96,1.0,924,923,0.7448123079249355,0.3459009498340243,0.4645932944732269,0.0249271149665232,0.0350841241856219,40.11695703024535,0.0007928419416264,35.51458071747735,1,11,0.2787413466479909,0.0119176598049837,23.38893299600869,0.2668236868430071,0.0119176598049837,0.0009309267609099,286.6215668590226,0.6079065796892521,0.3410828928462449,0.5090725231290739,0.2422488362860667,,,0,4.440892098500626e-16,1.2505829112657134e-16,4.440892098500626e-16,4.163336342344337e-17,-0.2350587315392896,10,0.2
v2_depth,prespecified depth-onset and saturation study,U1-RZ-XY-line|n12|d72|i3|dir=gaussian|basis=Z|eta=0,U1-RZ-XY-line|n12|d72|i3,U1-RZ-XY-line,12,72,6.0,3,gaussian,Z,0.0,96,96,1260,96,1.0,924,923,0.7448123079249355,0.3459009498340243,0.4645932944732269,0.0249271149665232,0.0350841241856219,40.11695703024535,0.0007928419416264,35.51458071747735,2,65,0.5332296279064194,0.0704225352112676,7.571860716271154,0.4628070926951517,0.0704225352112676,0.002194937080804,210.8520999269899,1.433320804013025,0.9705137113178732,1.200290081619599,0.7374829889244472,,,0,4.440892098500626e-16,1.2505829112657134e-16,4.440892098500626e-16,4.163336342344337e-17,-0.2350587315392896,10,0.2
v2_depth,prespecified depth-onset and saturation study,RY-RZ-CZ-line|n8|d4|i2|dir=gaussian|basis=Z|eta=0,RY-RZ-CZ-line|n8|d4|i2,RY-RZ-CZ-line,8,4,0.5,2,gaussian,Z,0.0,96,96,64,96,1.0,256,255,0.8892956659242053,0.357870321380774,0.4097077493431425,0.0506623626760632,0.0605512963981876,19.73851883683419,0.0029693922651487,18.35127374187141,1,8,0.3074304047541979,0.0313725490196078,9.799344151540058,0.2760578557345901,0.0313725490196078,0.0036667153336938,75.2875068314864,0.6624385789507259,0.3863807232161358,0.6018266607328512,0.3257688049982611,,,0,0.0,1.3243750325320034e-16,0.0,9.020562075079396e-17,-0.2009487304329732,10,0.2
v2_depth,prespecified depth-onset and saturation study,RY-RZ-CZ-line|n8|d4|i2|dir=gaussian|basis=Z|eta=0,RY-RZ-CZ-line|n8|d4|i2,RY-RZ-CZ-line,8,4,0.5,2,gaussian,Z,0.0,96,96,64,96,1.0,256,255,0.8892956659242053,0.357870321380774,0.4097077493431425,0.0506623626760632,0.0605512963981876,19.73851883683419,0.0029693922651487,18.35127374187141,2,36,0.6243629425934174,0.1411764705882353,4.42257084337004,0.4831864720051821,0.1411764705882353,0.007324146664846,65.97170893973856,1.3231998852225209,0.8400134132173387,1.202129516168767,0.7189430441635849,,,0,0.0,1.3243750325320034e-16,0.0,9.020562075079396e-17,-0.2009487304329732,10,0.2
v2_depth,prespecified depth-onset and saturation study,RY-RZ-CZ-line|n8|d16|i10|dir=gaussian|basis=Z|eta=0,RY-RZ-CZ-line|n8|d16|i10,RY-RZ-CZ-line,8,16,2.0,10,gaussian,Z,0.0,96,96,256,96,1.0,256,255,0.9217269103588848,0.4145867134351241,0.45055148302126,0.0240816407848,0.034247457026625,41.525409706766425,0.0009182047314227,33.00123835313197,1,8,0.0866736423999039,0.0313725490196078,2.7627223514969392,0.0553010933802961,0.0313725490196078,0.0026832536201801,20.609715371066187,0.4847637608469335,0.4294626674666373,0.3952477633622115,0.3399466699819153,,,0,1.7763568394002505e-15,6.83797981359088e-16,1.7763568394002505e-15,7.63278329429795e-17,-0.3407267870232544,10,0.2
v2_depth,prespecified depth-onset and saturation study,RY-RZ-CZ-line|n8|d16|i10|dir=gaussian|basis=Z|eta=0,RY-RZ-CZ-line|n8|d16|i10,RY-RZ-CZ-line,8,16,2.0,10,gaussian,Z,0.0,96,96,256,96,1.0,256,255,0.9217269103588848,0.4145867134351241,0.45055148302126,0.0240816407848,0.034247457026625,41.525409706766425,0.0009182047314227,33.00123835313197,2,36,0.2394000159633859,0.1411764705882353,1.6957501130739836,0.0982235453751506,0.1411764705882353,0.0053597133305084,18.3262684621664,0.9683001158065284,0.8700765704313776,0.7894947723964579,0.6912712270213073,,,0,1.7763568394002505e-15,6.83797981359088e-16,1.7763568394002505e-15,7.63278329429795e-17,-0.3407267870232544,10,0.2
v2_depth,prespecified depth-onset and saturation study,RY-RZ-CZ-line|n8|d64|i6|dir=gaussian|basis=Z|eta=0,RY-RZ-CZ-line|n8|d64|i6,RY-RZ-CZ-line,8,64,8.0,6,gaussian,Z,0.0,96,96,1024,96,1.0,256,255,0.9839529423898972,0.479003423118659,0.486584768999475,0.0078945652647179,0.0182289968765438,126.66941959035466,8.82109412642629e-05,106.47282369514303,1,8,0.027891064135654,0.0313725490196078,0.8890276693239725,-0.0034814848839538,0.0313725490196078,0.0018430441807183,-1.888986124356982,0.332969280925477,0.3294877960415232,0.1754617589222129,0.1719802740382591,,,0,6.661338147750939e-16,1.388754219929333e-16,6.661338147750939e-16,5.2041704279304207e-17,-0.4025005206553478,10,0.2
v2_depth,prespecified depth-onset and saturation study,RY-RZ-CZ-line|n8|d64|i6|dir=gaussian|basis=Z|eta=0,RY-RZ-CZ-line|n8|d64|i6,RY-RZ-CZ-line,8,64,8.0,6,gaussian,Z,0.0,96,96,1024,96,1.0,256,255,0.9839529423898972,0.479003423118659,0.486584768999475,0.0078945652647179,0.0182289968765438,126.66941959035466,8.82109412642629e-05,106.47282369514303,2,36,0.1371563885682603,0.1411764705882353,0.9715244190251776,-0.0040200820199749,0.1411764705882353,0.0036814218342315,-1.0919916817449014,0.6650954945907348,0.6610754125707599,0.3504792544458424,0.3464591724258675,,,0,6.661338147750939e-16,1.388754219929333e-16,6.661338147750939e-16,5.2041704279304207e-17,-0.4025005206553478,10,0.2
v2_depth,prespecified depth-onset and saturation study,RY-RZ-CZ-line|n12|d24|i2|dir=gaussian|basis=Z|eta=0,RY-RZ-CZ-line|n12|d24|i2,RY-RZ-CZ-line,12,24,2.0,2,gaussian,Z,0.0,96,96,576,96,1.0,4096,4095,0.9467642009847256,0.4348959702997759,0.4594284505589724,0.0072334601579612,0.0175747782813158,138.2464240021268,8.518628166050851e-05,108.34657047895696,1,12,0.0237359698645633,0.0029304029304029,8.099899716282234,0.0208055669341603,0.0029304029304029,0.0001572417906068,132.31575940384928,0.4553652484823586,0.4345596815481982,0.289180467515253,0.2683749005810926,,,0,8.881784197001252e-16,2.697550783457151e-16,5.551115123125784e-16,5.551115123125783e-17,-0.3677063625806086,10,0.2
v2_depth,prespecified depth-onset and saturation study,RY-RZ-CZ-line|n12|d24|i2|dir=gaussian|basis=Z|eta=0,RY-RZ-CZ-line|n12|d24|i2,RY-RZ-CZ-line,12,24,2.0,2,gaussian,Z,0.0,96,96,576,96,1.0,4096,4095,0.9467642009847256,0.4348959702997759,0.4594284505589724,0.0072334601579612,0.0175747782813158,138.2464240021268,8.518628166050851e-05,108.34657047895696,2,78,0.0682583273091027,0.019047619047619,3.583562183727896,0.0492107082614837,0.019047619047619,0.0003976361726723,123.75812776478362,1.1515367121918365,1.1023260039303528,0.7312853273332595,0.6820746190717757,,,0,8.881784197001252e-16,2.697550783457151e-16,5.551115123125784e-16,5.551115123125783e-17,-0.3677063625806086,10,0.2
v2_depth,prespecified depth-onset and saturation study,RY-RZ-CZ-line|n12|d72|i10|dir=gaussian|basis=Z|eta=0,RY-RZ-CZ-line|n12|d72|i10,RY-RZ-CZ-line,12,72,6.0,10,gaussian,Z,0.0,96,96,1728,96,1.0,4096,4095,0.9840479000512616,0.4810996071816216,0.4889337085656643,0.0023534231222783,0.0127455749647545,424.9129663653145,9.93883835669245e-06,317.1992752190672,1,12,0.0025924019499697,0.0029304029304029,0.8846571654271811,-0.0003380009804331,0.0029304029304029,0.0001335489085906,-2.5309153328187404,0.386751713461324,0.3864137124808908,0.1588600140441368,0.1585220130637037,,,0,3.1086244689504387e-15,6.305729156026547e-16,3.1086244689504387e-15,2.5153490401663706e-17,-0.4373976509169054,10,0.2
v2_depth,prespecified depth-onset and saturation study,RY-RZ-CZ-line|n12|d72|i10|dir=gaussian|basis=Z|eta=0,RY-RZ-CZ-line|n12|d72|i10,RY-RZ-CZ-line,12,72,6.0,10,gaussian,Z,0.0,96,96,1728,96,1.0,4096,4095,0.9840479000512616,0.4810996071816216,0.4889337085656643,0.0023534231222783,0.0127455749647545,424.9129663653145,9.93883835669245e-06,317.1992752190672,2,78,0.0175133994219273,0.019047619047619,0.9194534696511848,-0.0015342196256917,0.019047619047619,0.0003377211406179,-4.542859303638847,0.978025437905295,0.9764912182796032,0.4017283683390727,0.400194148713381,,,0,3.1086244689504387e-15,6.305729156026547e-16,3.1086244689504387e-15,2.5153490401663706e-17,-0.4373976509169054,10,0.2
v2_depth,prespecified depth-onset and saturation study,SU2-CNOT-line|n8|d8|i6|dir=gaussian|basis=Z|eta=0,SU2-CNOT-line|n8|d8|i6,SU2-CNOT-line,8,8,1.0,6,gaussian,Z,0.0,96,96,192,96,1.0,256,255,0.9354233863999136,0.4167772455730429,0.4461327508585158,0.0192648479020327,0.0294808390697198,51.90801427996151,0.0005115983345157,44.21151925922391,1,8,0.0379418064717592,0.0313725490196078,1.2093950812873275,0.0065692574521514,0.0313725490196078,0.0024633673698743,2.66677943878366,0.4450385239721468,0.4384692665199954,0.3448120820785533,0.3382428246264019,,,0,1.1102230246251563e-15,4.729945522206576e-16,1.3322676295501878e-15,4.510281037539698e-17,-0.3120915196345068,10,0.2
v2_depth,prespecified depth-onset and saturation study,SU2-CNOT-line|n8|d8|i6|dir=gaussian|basis=Z|eta=0,SU2-CNOT-line|n8|d8|i6,SU2-CNOT-line,8,8,1.0,6,gaussian,Z,0.0,96,96,192,96,1.0,256,255,0.9354233863999136,0.4167772455730429,0.4461327508585158,0.0192648479020327,0.0294808390697198,51.90801427996151,0.0005115983345157,44.21151925922391,2,36,0.1498309630637778,0.1411764705882353,1.0613026550350932,0.0086544924755425,0.1411764705882353,0.0049204975746454,1.7588653066587911,0.8889502250492374,0.8802957325736948,0.6887511113141522,0.6800966188386096,,,0,1.1102230246251563e-15,4.729945522206576e-16,1.3322676295501878e-15,4.510281037539698e-17,-0.3120915196345068,10,0.2
v2_depth,prespecified depth-onset and saturation study,SU2-CNOT-line|n8|d48|i2|dir=gaussian|basis=Z|eta=0,SU2-CNOT-line|n8|d48|i2,SU2-CNOT-line,8,48,6.0,2,gaussian,Z,0.0,96,96,1152,96,1.0,256,255,0.9775838603273934,0.4785656676872314,0.4897612046154764,0.005634416059689,0.0159923908924006,177.48068112229225,3.905244995205954e-05,160.02058647065155,1,8,0.0325445123322807,0.0313725490196078,1.0373563305914475,0.0011719633126728,0.0313725490196078,0.001692869129344,0.6922941013916125,0.3058382553146099,0.304666292001937,0.1152080220195486,0.1140360587068757,,,0,4.440892098500626e-16,1.4983030706190161e-16,6.661338147750939e-16,7.112366251504909e-17,-0.3921081221071326,10,0.2
v2_depth,prespecified depth-onset and saturation study,SU2-CNOT-line|n8|d48|i2|dir=gaussian|basis=Z|eta=0,SU2-CNOT-line|n8|d48|i2,SU2-CNOT-line,8,48,6.0,2,gaussian,Z,0.0,96,96,1152,96,1.0,256,255,0.9775838603273934,0.4785656676872314,0.4897612046154764,0.005634416059689,0.0159923908924006,177.48068112229225,3.905244995205954e-05,160.02058647065155,2,36,0.1459876949188493,0.1411764705882353,1.034079505675183,0.004811224330614,0.1411764705882353,0.0033814519697704,1.422827937118603,0.6109021382328783,0.6060909139022642,0.2301243411192082,0.2253131167885941,,,0,4.440892098500626e-16,1.4983030706190161e-16,6.661338147750939e-16,7.112366251504909e-17,-0.3921081221071326,10,0.2
v2_depth,prespecified depth-onset and saturation study,SU2-CNOT-line|n12|d6|i10|dir=gaussian|basis=Z|eta=0,SU2-CNOT-line|n12|d6|i10,SU2-CNOT-line,12,6,0.5,10,gaussian,Z,0.0,96,96,216,96,1.0,4096,4095,0.881096262429741,0.3868517387589218,0.4393095854407424,0.0142686128441716,0.0245366481270449,70.08389749732896,0.0003031890993711,57.43058082216391,1,12,0.0309121669899635,0.0029304029304029,10.54877698532506,0.0279817640595606,0.0029304029304029,0.000186164597827,150.30658023154112,0.5391244148325925,0.5111426507730319,0.4096337205874239,0.3816519565278633,,,0,4.440892098500626e-16,3.486966791742284e-16,4.440892098500626e-16,5.551115123125783e-17,-0.3412219190609505,10,0.2
v2_depth,prespecified depth-onset and saturation study,SU2-CNOT-line|n12|d6|i10|dir=gaussian|basis=Z|eta=0,SU2-CNOT-line|n12|d6|i10,SU2-CNOT-line,12,6,0.5,10,gaussian,Z,0.0,96,96,216,96,1.0,4096,4095,0.881096262429741,0.3868517387589218,0.4393095854407424,0.0142686128441716,0.0245366481270449,70.08389749732896,0.0003031890993711,57.43058082216391,2,78,0.1043659699811914,0.019047619047619,5.479213424012548,0.0853183509335723,0.019047619047619,0.0004707767437737,181.22889896739477,1.3633485607163602,1.2780302097827878,1.0358899133832915,0.9505715624497194,,,0,4.440892098500626e-16,3.486966791742284e-16,4.440892098500626e-16,5.551115123125783e-17,-0.3412219190609505,10,0.2
v2_depth,prespecified depth-onset and saturation study,SU2-CNOT-line|n12|d48|i6|dir=gaussian|basis=Z|eta=0,SU2-CNOT-line|n12|d48|i6,SU2-CNOT-line,12,48,4.0,6,gaussian,Z,0.0,96,96,1728,96,1.0,4096,4095,0.9899999903473126,0.4856640850259633,0.4905879593177532,0.0014196715404864,0.0118215499619396,704.3882838261093,2.981755000483558e-06,579.1139437364423,1,12,0.0029015000312558,0.0029304029304029,0.9901368856660604,-2.890289914707573e-05,0.0029304029304029,0.0001285186138425,-0.2248927084015541,0.3721842030747723,0.3721553001756252,0.1185930870711241,0.1185641841719771,,,0,2.886579864025407e-15,5.780998924475067e-16,2.886579864025407e-15,2.190088388420719e-17,-0.4468728594527016,10,0.2
v2_depth,prespecified depth-onset and saturation study,SU2-CNOT-line|n12|d48|i6|dir=gaussian|basis=Z|eta=0,SU2-CNOT-line|n12|d48|i6,SU2-CNOT-line,12,48,4.0,6,gaussian,Z,0.0,96,96,1728,96,1.0,4096,4095,0.9899999903473126,0.4856640850259633,0.4905879593177532,0.0014196715404864,0.0118215499619396,704.3882838261093,2.981755000483558e-06,579.1139437364423,2,78,0.0178295249884554,0.019047619047619,0.9360500618939126,-0.0012180940591635,0.019047619047619,0.0003250004310451,-3.747976749588544,0.94118682742446,0.9399687333652964,0.2999005612081818,0.2986824671490183,,,0,2.886579864025407e-15,5.780998924475067e-16,2.886579864025407e-15,2.190088388420719e-17,-0.4468728594527016,10,0.2
v2_depth,prespecified depth-onset and saturation study,SU2-HaarU4-brickwork|n8|d4|i2|dir=gaussian|basis=Z|eta=0,SU2-HaarU4-brickwork|n8|d4|i2,SU2-HaarU4-brickwork,8,4,0.5,2,gaussian,Z,0.0,96,96,96,96,1.0,256,255,0.7771477600526341,0.3618620023684512,0.4652989082424388,0.0536095241923864,0.0634677583153823,18.653401892009693,0.0039813979238934,15.848282615176876,1,8,0.2137539258426779,0.0313725490196078,6.813406386235359,0.18238137682307,0.0313725490196078,0.0037599489294681,48.506344166985954,0.6792824092114613,0.4969010323883912,0.6205102271085652,0.4381288502854951,,,0,4.440892098500626e-16,5.066461787089302e-16,4.440892098500626e-16,1.3183898417423734e-16,-0.1805543515259302,10,0.2
v2_depth,prespecified depth-onset and saturation study,SU2-HaarU4-brickwork|n8|d4|i2|dir=gaussian|basis=Z|eta=0,SU2-HaarU4-brickwork|n8|d4|i2,SU2-HaarU4-brickwork,8,4,0.5,2,gaussian,Z,0.0,96,96,96,96,1.0,256,255,0.7771477600526341,0.3618620023684512,0.4652989082424388,0.0536095241923864,0.0634677583153823,18.653401892009693,0.0039813979238934,15.848282615176876,2,36,0.4481263222350904,0.1411764705882353,3.1742281158318906,0.3069498516468551,0.1411764705882353,0.0075103777919987,40.87009470733519,1.356844897720156,1.0498950460733008,1.2394493427450677,0.9324994910982124,,,0,4.440892098500626e-16,5.066461787089302e-16,4.440892098500626e-16,1.3183898417423734e-16,-0.1805543515259302,10,0.2
v2_depth,prespecified depth-onset and saturation study,SU2-HaarU4-brickwork|n8|d16|i10|dir=gaussian|basis=Z|eta=0,SU2-HaarU4-brickwork|n8|d16|i10,SU2-HaarU4-brickwork,8,16,2.0,10,gaussian,Z,0.0,96,96,384,96,1.0,256,255,0.9322316530803004,0.4432911300201647,0.4765356058072111,0.0160264464458744,0.0262761709620632,62.39686404451955,0.0004179779590517,48.91288839853776,1,8,0.0287186417098527,0.0313725490196078,0.9154067045015576,-0.002653907309755,0.0313725490196078,0.0023037663585795,-1.1519863114032995,0.4162045792833692,0.4135506719736141,0.3062693839832978,0.3036154766735428,,,0,1.1102230246251563e-15,4.3910439626927594e-16,1.1102230246251563e-15,5.551115123125783e-17,-0.2915233442896731,10,0.2
v2_depth,prespecified depth-onset and saturation study,SU2-HaarU4-brickwork|n8|d16|i10|dir=gaussian|basis=Z|eta=0,SU2-HaarU4-brickwork|n8|d16|i10,SU2-HaarU4-brickwork,8,16,2.0,10,gaussian,Z,0.0,96,96,384,96,1.0,256,255,0.9322316530803004,0.4432911300201647,0.4765356058072111,0.0160264464458744,0.0262761709620632,62.39686404451955,0.0004179779590517,48.91288839853776,2,36,0.1360886701838199,0.1411764705882353,0.963961413802058,-0.0050878004044153,0.1411764705882353,0.0046016996565634,-1.1056350444685217,0.8313553422706167,0.8262675418662013,0.6117633039666549,0.6066755035622395,,,0,1.1102230246251563e-15,4.3910439626927594e-16,1.1102230246251563e-15,5.551115123125783e-17,-0.2915233442896731,10,0.2
v2_depth,prespecified depth-onset and saturation study,SU2-HaarU4-brickwork|n8|d64|i6|dir=gaussian|basis=Z|eta=0,SU2-HaarU4-brickwork|n8|d64|i6,SU2-HaarU4-brickwork,8,64,8.0,6,gaussian,Z,0.0,96,96,1536,96,1.0,256,255,0.9895658779094764,0.4950195030736015,0.5003855715725208,0.0069082492572111,0.0172529549941151,144.75447581109802,6.456609402065525e-05,124.45081438462935,1,8,0.0283296359043516,0.0313725490196078,0.903007144451208,-0.0030429131152562,0.0313725490196078,0.0017790682754996,-1.7103970416209489,0.3214112231316967,0.3183683100164405,0.152131018409713,0.1490881052944568,,,0,2.7755575615628917e-15,6.176224646786539e-16,2.886579864025407e-15,4.8572257327350605e-17,-0.3832963927480287,10,0.2
v2_depth,prespecified depth-onset and saturation study,SU2-HaarU4-brickwork|n8|d64|i6|dir=gaussian|basis=Z|eta=0,SU2-HaarU4-brickwork|n8|d64|i6,SU2-HaarU4-brickwork,8,64,8.0,6,gaussian,Z,0.0,96,96,1536,96,1.0,256,255,0.9895658779094764,0.4950195030736015,0.5003855715725208,0.0069082492572111,0.0172529549941151,144.75447581109802,6.456609402065525e-05,124.45081438462935,2,36,0.1284718538175593,0.1411764705882353,0.9100089645410452,-0.0127046167706759,0.1411764705882353,0.0035536320086804,-3.5751075912312613,0.6420086436250954,0.6293040268544193,0.3038768460879311,0.291172229317255,,,0,2.7755575615628917e-15,6.176224646786539e-16,2.886579864025407e-15,4.8572257327350605e-17,-0.3832963927480287,10,0.2
v2_depth,prespecified depth-onset and saturation study,SU2-HaarU4-brickwork|n12|d24|i2|dir=gaussian|basis=Z|eta=0,SU2-HaarU4-brickwork|n12|d24|i2,SU2-HaarU4-brickwork,12,24,2.0,2,gaussian,Z,0.0,96,96,864,96,1.0,4096,4095,0.9768535841041488,0.476080106298944,0.487380807057274,0.005183209283743,0.0155458841870373,192.93066230925157,4.4867506814247866e-05,149.29113894052202,1,12,0.0028606786655921,0.0029304029304029,0.9762065946333134,-6.972426481080323e-05,0.0029304029304029,0.0001477512182001,-0.4719031467904965,0.4278809719074348,0.427811247642624,0.2430934574104371,0.2430237331456263,,,0,8.437694987151191e-15,2.8518854027495005e-15,8.215650382226158e-15,2.255140518769849e-17,-0.4181240975798534,10,0.2
v2_depth,prespecified depth-onset and saturation study,SU2-HaarU4-brickwork|n12|d24|i2|dir=gaussian|basis=Z|eta=0,SU2-HaarU4-brickwork|n12|d24|i2,SU2-HaarU4-brickwork,12,24,2.0,2,gaussian,Z,0.0,96,96,864,96,1.0,4096,4095,0.9768535841041488,0.476080106298944,0.487380807057274,0.005183209283743,0.0155458841870373,192.93066230925157,4.4867506814247866e-05,149.29113894052202,2,78,0.0179924263311844,0.019047619047619,0.944602382387185,-0.0010551927164345,0.019047619047619,0.0003736362240984,-2.8241178140066205,1.0820339260448055,1.0809787333283711,0.6147395780304168,0.6136843853139822,,,0,8.437694987151191e-15,2.8518854027495005e-15,8.215650382226158e-15,2.255140518769849e-17,-0.4181240975798534,10,0.2
v2_depth,prespecified depth-onset and saturation study,SU2-HaarU4-brickwork|n12|d72|i10|dir=gaussian|basis=Z|eta=0,SU2-HaarU4-brickwork|n12|d72|i10,SU2-HaarU4-brickwork,12,72,6.0,10,gaussian,Z,0.0,96,96,2592,96,1.0,4096,4095,0.9969507153085946,0.4936733050930328,0.4951654758224106,0.001660295036925,0.0120596669636237,602.302589455453,4.438709482008573e-06,474.6479828174442,1,12,0.0028025449540389,0.0029304029304029,0.9563684655658056,-0.0001278579763639,0.0029304029304029,0.0001298335396004,-0.9847838760111656,0.37599216972365,0.3758643117472861,0.1301665885422746,0.1300387305659107,,,0,1.8984813721090177e-14,2.9065312546918986e-15,1.9206858326015208e-14,2.2117724318704287e-17,-0.4486003445368959,10,0.2
v2_depth,prespecified depth-onset and saturation study,SU2-HaarU4-brickwork|n12|d72|i10|dir=gaussian|basis=Z|eta=0,SU2-HaarU4-brickwork|n12|d72|i10,SU2-HaarU4-brickwork,12,72,6.0,10,gaussian,Z,0.0,96,96,2592,96,1.0,4096,4095,0.9969507153085946,0.4936733050930328,0.4951654758224106,0.001660295036925,0.0120596669636237,602.302589455453,4.438709482008573e-06,474.6479828174442,2,78,0.0186177470424373,0.019047619047619,0.9774317197279628,-0.0004298720051816,0.019047619047619,0.0003283256414975,-1.3092855106316983,0.9508164893488148,0.9503866173436332,0.3291678622968206,0.3287379902916389,,,0,1.8984813721090177e-14,2.9065312546918986e-15,1.9206858326015208e-14,2.2117724318704287e-17,-0.4486003445368959,10,0.2
v2_depth,prespecified depth-onset and saturation study,U1-RZ-XY-line|n8|d8|i2|dir=gaussian|basis=Z|eta=0,U1-RZ-XY-line|n8|d8|i2,U1-RZ-XY-line,8,8,1.0,2,gaussian,Z,0.0,96,96,92,96,1.0,70,69,0.6068829060061924,0.2377552532876294,0.4015936570732805,0.1043592228278113,0.1136888142566883,9.582286767792064,0.0153230123249621,8.078447827490672,1,7,0.5407021204031232,0.1014492753623188,5.329778043973642,0.4392528450408043,0.1014492753623188,0.0160767737227419,27.322201121699177,0.7898916667138873,0.350638821673083,0.7518291475934586,0.3125763025526543,,,0,1.1102230246251563e-16,2.1228933251263784e-16,0.0,1.249000902703301e-16,-0.0763385436666004,10,0.2
v2_depth,prespecified depth-onset and saturation study,U1-RZ-XY-line|n8|d8|i2|dir=gaussian|basis=Z|eta=0,U1-RZ-XY-line|n8|d8|i2,U1-RZ-XY-line,8,8,1.0,2,gaussian,Z,0.0,96,96,92,96,1.0,70,69,0.6068829060061924,0.2377552532876294,0.4015936570732805,0.1043592228278113,0.1136888142566883,9.582286767792064,0.0153230123249621,8.078447827490672,2,27,0.9126214916158156,0.391304347826087,2.3322549230181955,0.5213171437897286,0.391304347826087,0.0259872642008026,20.06048577339765,1.2768185823172231,0.7555014385274947,1.215292510134503,0.6939753663447743,,,0,1.1102230246251563e-16,2.1228933251263784e-16,0.0,1.249000902703301e-16,-0.0763385436666004,10,0.2
v2_depth,prespecified depth-onset and saturation study,U1-RZ-XY-line|n8|d32|i2|dir=gaussian|basis=Z|eta=0,U1-RZ-XY-line|n8|d32|i2,U1-RZ-XY-line,8,32,4.0,2,gaussian,Z,0.0,96,96,368,96,1.0,70,69,0.7369055507632858,0.3232995367513744,0.4453933161994229,0.0672013506729018,0.076918003270059,14.88065329025059,0.0056758828167735,13.27343384835549,1,7,0.4125323379295471,0.1014492753623188,4.066390188162679,0.3110830625672282,0.1014492753623188,0.012753571768353,24.39183847611651,0.6266145331391433,0.315531470571915,0.5757859294178598,0.2647028668506315,,,0,4.440892098500626e-16,2.360244132317689e-16,4.440892098500626e-16,1.1102230246251563e-16,-0.0497244684854571,10,0.2
v2_depth,prespecified depth-onset and saturation study,U1-RZ-XY-line|n8|d32|i2|dir=gaussian|basis=Z|eta=0,U1-RZ-XY-line|n8|d32|i2,U1-RZ-XY-line,8,32,4.0,2,gaussian,Z,0.0,96,96,368,96,1.0,70,69,0.7369055507632858,0.3232995367513744,0.4453933161994229,0.0672013506729018,0.076918003270059,14.88065329025059,0.0056758828167735,13.27343384835549,2,27,0.7207820382560515,0.391304347826087,1.8419985422099088,0.3294776904299645,0.391304347826087,0.0206154819843768,15.982051289397663,1.0128896323094014,0.6834119418794369,0.930727851802758,0.6012501613727936,,,0,4.440892098500626e-16,2.360244132317689e-16,4.440892098500626e-16,1.1102230246251563e-16,-0.0497244684854571,10,0.2
v2_depth,prespecified depth-onset and saturation study,U1-RZ-XY-line|n8|d64|i2|dir=gaussian|basis=Z|eta=0,U1-RZ-XY-line|n8|d64|i2,U1-RZ-XY-line,8,64,8.0,2,gaussian,Z,0.0,96,96,736,96,1.0,70,69,0.7361389434168096,0.3451292084847552,0.4709337752844327,0.0553931560213013,0.0652328106460794,18.052771710921327,0.003799233590551,16.223778255702925,1,7,0.4177488741264626,0.1014492753623188,4.117810330675131,0.3162995987641437,0.1014492753623188,0.0114981286082714,27.508789433491557,0.5649315047353369,0.2486319059711931,0.5072056816416589,0.1909060828775151,,,0,3.552713678800501e-15,1.9641482682961288e-15,3.552713678800501e-15,6.938893903907227e-17,-0.1334185646566973,10,0.2
v2_depth,prespecified depth-onset and saturation study,U1-RZ-XY-line|n8|d64|i2|dir=gaussian|basis=Z|eta=0,U1-RZ-XY-line|n8|d64|i2,U1-RZ-XY-line,8,64,8.0,2,gaussian,Z,0.0,96,96,736,96,1.0,70,69,0.7361389434168096,0.3451292084847552,0.4709337752844327,0.0553931560213013,0.0652328106460794,18.052771710921327,0.003799233590551,16.223778255702925,2,27,0.7240817097262298,0.391304347826087,1.8504310359670315,0.3327773619001428,0.391304347826087,0.0185861237528816,17.904613480718314,0.9131822417918756,0.5804048798917327,0.8198714667685174,0.4870941048683746,,,0,3.552713678800501e-15,1.9641482682961288e-15,3.552713678800501e-15,6.938893903907227e-17,-0.1334185646566973,10,0.2
v2_depth,prespecified depth-onset and saturation study,U1-RZ-XY-line|n12|d12|i2|dir=gaussian|basis=Z|eta=0,U1-RZ-XY-line|n12|d12|i2,U1-RZ-XY-line,12,12,1.0,2,gaussian,Z,0.0,96,96,210,96,1.0,924,923,0.732083423026331,0.2920458758547492,0.4061319335782527,0.0533853852424692,0.0632459541461935,18.73171834310336,0.0038390386336156,16.13945103848624,1,11,0.3881545876608876,0.0119176598049837,32.56969858281811,0.3762369278559038,0.0119176598049837,0.0012587396857662,298.89971064738444,0.8219724356675574,0.4457355078116535,0.7539662399728186,0.3777293121169148,,,0,1.7763568394002505e-15,1.2457682060927464e-15,1.7763568394002505e-15,1.1102230246251563e-16,-0.1860188214881502,10,0.2
v2_depth,prespecified depth-onset and saturation study,U1-RZ-XY-line|n12|d12|i2|dir=gaussian|basis=Z|eta=0,U1-RZ-XY-line|n12|d12|i2,U1-RZ-XY-line,12,12,1.0,2,gaussian,Z,0.0,96,96,210,96,1.0,924,923,0.732083423026331,0.2920458758547492,0.4061319335782527,0.0533853852424692,0.0632459541461935,18.73171834310336,0.0038390386336156,16.13945103848624,2,65,0.6938599134798656,0.0704225352112676,9.852810771414092,0.623437378268598,0.0704225352112676,0.0029678536780565,210.06338111548607,1.9380448110461503,1.3146074327775523,1.7776999515763332,1.1542625733077352,,,0,1.7763568394002505e-15,1.2457682060927464e-15,1.7763568394002505e-15,1.1102230246251563e-16,-0.1860188214881502,10,0.2
v2_depth,prespecified depth-onset and saturation study,U1-RZ-XY-line|n12|d48|i2|dir=gaussian|basis=Z|eta=0,U1-RZ-XY-line|n12|d48|i2,U1-RZ-XY-line,12,48,4.0,2,gaussian,Z,0.0,96,96,840,96,1.0,924,923,0.7372145014812118,0.3395582817861216,0.4614878988493125,0.0269899413157025,0.0371254627603306,37.050840100130536,0.0009419076346727,32.58335809936451,1,11,0.3035556717312646,0.0119176598049837,25.47108045526884,0.2916380119262808,0.0119176598049837,0.0009584650014589,304.27612013205425,0.625889388139628,0.3342513762133471,0.5306368805093026,0.2389988685830217,,,0,3.3306690738754696e-16,2.637293202930273e-16,3.3306690738754696e-16,5.551115123125783e-17,-0.2106537188215722,10,0.2
v2_depth,prespecified depth-onset and saturation study,U1-RZ-XY-line|n12|d48|i2|dir=gaussian|basis=Z|eta=0,U1-RZ-XY-line|n12|d48|i2,U1-RZ-XY-line,12,48,4.0,2,gaussian,Z,0.0,96,96,840,96,1.0,924,923,0.7372145014812118,0.3395582817861216,0.4614878988493125,0.0269899413157025,0.0371254627603306,37.050840100130536,0.0009419076346727,32.58335809936451,2,65,0.5489310311004297,0.0704225352112676,7.794820641626102,0.4785084958891621,0.0704225352112676,0.0022598666841403,211.7419134709681,1.4757206304463577,0.9972121345571954,1.2511344762863803,0.7726259803972182,,,0,3.3306690738754696e-16,2.637293202930273e-16,3.3306690738754696e-16,5.551115123125783e-17,-0.2106537188215722,10,0.2
v2_depth,prespecified depth-onset and saturation study,U1-RZ-XY-line|n12|d96|i2|dir=gaussian|basis=Z|eta=0,U1-RZ-XY-line|n12|d96|i2,U1-RZ-XY-line,12,96,8.0,2,gaussian,Z,0.0,96,96,1680,96,1.0,924,923,0.7698181392462962,0.363573921209704,0.4723244294347066,0.0245699695844272,0.0347306990679228,40.7000910832959,0.0007862162221495,35.663913662652135,1,11,0.2850780111651488,0.0119176598049837,23.920636755039308,0.2731603513601651,0.0119176598049837,0.000926075796663,294.9654362466425,0.6047388406066756,0.3315784892465105,0.5052455386351844,0.2320851872750193,,,0,2.664535259100376e-15,1.6029079592102708e-15,2.886579864025407e-15,3.4694469519536136e-17,-0.2143447285453836,10,0.2
v2_depth,prespecified depth-onset and saturation study,U1-RZ-XY-line|n12|d96|i2|dir=gaussian|basis=Z|eta=0,U1-RZ-XY-line|n12|d96|i2,U1-RZ-XY-line,12,96,8.0,2,gaussian,Z,0.0,96,96,1680,96,1.0,924,923,0.7698181392462962,0.363573921209704,0.4723244294347066,0.0245699695844272,0.0347306990679228,40.7000910832959,0.0007862162221495,35.663913662652135,2,65,0.5395467491567042,0.0704225352112676,7.6615638380252,0.4691242139454366,0.0704225352112676,0.0021834994879123,214.84970183984908,1.425851915732423,0.9567277017869864,1.1912668259500665,0.7221426120046297,,,0,2.664535259100376e-15,1.6029079592102708e-15,2.886579864025407e-15,3.4694469519536136e-17,-0.2143447285453836,10,0.2
v2_depth,prespecified depth-onset and saturation study,RY-RZ-CZ-line|n8|d8|i8|dir=gaussian|basis=Z|eta=0,RY-RZ-CZ-line|n8|d8|i8,RY-RZ-CZ-line,8,8,1.0,8,gaussian,Z,0.0,96,96,128,96,1.0,256,255,0.9031081142261974,0.3759136828614903,0.4207543031506327,0.036221310320864,0.0462606716716883,27.608057001294767,0.0016509769995942,24.61101292577105,1,8,0.1807338468079602,0.0313725490196078,5.760891367003732,0.1493612977883524,0.0313725490196078,0.003170485595419,47.10991212329125,0.5727883899559124,0.42342709216756,0.5002912468857775,0.3509299490974251,,,0,4.440892098500626e-16,3.1919383346741347e-16,3.3306690738754696e-16,1.1102230246251563e-16,-0.2503480987399444,10,0.2
v2_depth,prespecified depth-onset and saturation study,RY-RZ-CZ-line|n8|d8|i8|dir=gaussian|basis=Z|eta=0,RY-RZ-CZ-line|n8|d8|i8,RY-RZ-CZ-line,8,8,1.0,8,gaussian,Z,0.0,96,96,128,96,1.0,256,255,0.9031081142261974,0.3759136828614903,0.4207543031506327,0.036221310320864,0.0462606716716883,27.608057001294767,0.0016509769995942,24.61101292577105,2,36,0.4466518181276304,0.1411764705882353,3.163783711737382,0.3054753475393951,0.1411764705882353,0.0063329436256613,48.235917702093126,1.1441264985607544,0.8386511510213593,0.9993157728006254,0.6938404252612304,,,0,4.440892098500626e-16,3.1919383346741347e-16,3.3306690738754696e-16,1.1102230246251563e-16,-0.2503480987399444,10,0.2
v2_depth,prespecified depth-onset and saturation study,RY-RZ-CZ-line|n8|d48|i4|dir=gaussian|basis=Z|eta=0,RY-RZ-CZ-line|n8|d48|i4,RY-RZ-CZ-line,8,48,6.0,4,gaussian,Z,0.0,96,96,768,96,1.0,256,255,0.971584243295768,0.4691689581734621,0.4832722044740016,0.0087562739072742,0.0190817293874068,114.20382808825237,0.0001121527470029,94.42674999914084,1,8,0.027354868003071,0.0313725490196078,0.8719364175978893,-0.0040176810165368,0.0313725490196078,0.0018971726758798,-2.117720262165105,0.3427482793347794,0.3387305983182426,0.1935567772295596,0.1895390962130228,,,0,3.3306690738754696e-16,8.32847949227958e-17,3.3306690738754696e-16,4.163336342344337e-17,-0.3730676421198481,10,0.2
v2_depth,prespecified depth-onset and saturation study,RY-RZ-CZ-line|n8|d48|i4|dir=gaussian|basis=Z|eta=0,RY-RZ-CZ-line|n8|d48|i4,RY-RZ-CZ-line,8,48,6.0,4,gaussian,Z,0.0,96,96,768,96,1.0,256,255,0.971584243295768,0.4691689581734621,0.4832722044740016,0.0087562739072742,0.0190817293874068,114.20382808825237,0.0001121527470029,94.42674999914084,2,36,0.1308697113345683,0.1411764705882353,0.9269937886198594,-0.0103067592536669,0.1411764705882353,0.0037895417729864,-2.719790378651616,0.6846287313072252,0.6743219720535583,0.3866234750697466,0.3763167158160797,,,0,3.3306690738754696e-16,8.32847949227958e-17,3.3306690738754696e-16,4.163336342344337e-17,-0.3730676421198481,10,0.2
v2_depth,prespecified depth-onset and saturation study,RY-RZ-CZ-line|n12|d12|i0|dir=gaussian|basis=Z|eta=0,RY-RZ-CZ-line|n12|d12|i0,RY-RZ-CZ-line,12,12,1.0,0,gaussian,Z,0.0,96,96,288,96,1.0,4096,4095,0.9116301804023876,0.3960548039379718,0.4359642203377027,0.0128136446584441,0.0230968358599187,78.04180829542524,0.00024772004297,63.535935182341134,1,12,0.0801658429398737,0.0029304029304029,27.35659390323192,0.0772354400094708,0.0029304029304029,0.0001805633501829,427.74704795409775,0.5229034501933534,0.4456680101838826,0.3878032110877715,0.3105677710783007,,,0,2.220446049250313e-16,3.3798183357462857e-16,4.440892098500626e-16,1.0408340855860844e-16,-0.3513093443255604,10,0.2
v2_depth,prespecified depth-onset and saturation study,RY-RZ-CZ-line|n12|d12|i0|dir=gaussian|basis=Z|eta=0,RY-RZ-CZ-line|n12|d12|i0,RY-RZ-CZ-line,12,12,1.0,0,gaussian,Z,0.0,96,96,288,96,1.0,4096,4095,0.9116301804023876,0.3960548039379718,0.4359642203377027,0.0128136446584441,0.0230968358599187,78.04180829542524,0.00024772004297,63.535935182341134,2,78,0.2180557041112267,0.019047619047619,11.447924465839405,0.1990080850636077,0.019047619047619,0.0004566121971428,435.8361128082817,1.3223286621810573,1.1233205771174497,0.980684486051091,0.7816764009874833,,,0,2.220446049250313e-16,3.3798183357462857e-16,4.440892098500626e-16,1.0408340855860844e-16,-0.3513093443255604,10,0.2
v2_depth,prespecified depth-onset and saturation study,RY-RZ-CZ-line|n12|d48|i8|dir=gaussian|basis=Z|eta=0,RY-RZ-CZ-line|n12|d48|i8,RY-RZ-CZ-line,12,48,4.0,8,gaussian,Z,0.0,96,96,1152,96,1.0,4096,4095,0.95964533750178,0.4623050183051382,0.4817918308361399,0.0036430849545155,0.0140218028195726,274.4926381034612,2.2025537208283165e-05,213.07708418000576,1,12,0.0037785563590677,0.0029304029304029,1.2894323575318642,0.0008481534286648,0.0029304029304029,0.000140200087011,6.049592740963809,0.4060132310417231,0.4051650776130583,0.2016608422654262,0.2008126888367613,,,0,0.0,5.571575613461146e-17,2.220446049250313e-16,2.4286128663675302e-17,-0.4057223442536445,10,0.2
v2_depth,prespecified depth-onset and saturation study,RY-RZ-CZ-line|n12|d48|i8|dir=gaussian|basis=Z|eta=0,RY-RZ-CZ-line|n12|d48|i8,RY-RZ-CZ-line,12,48,4.0,8,gaussian,Z,0.0,96,96,1152,96,1.0,4096,4095,0.95964533750178,0.4623050183051382,0.4817918308361399,0.0036430849545155,0.0140218028195726,274.4926381034612,2.2025537208283165e-05,213.07708418000576,2,78,0.0212411864465314,0.019047619047619,1.1151622884429035,0.0021935673989124,0.019047619047619,0.000354540773113,6.187066665567506,1.0267343472923876,1.0245407798934751,0.5099639554272264,0.507770388028314,,,0,0.0,5.571575613461146e-17,2.220446049250313e-16,2.4286128663675302e-17,-0.4057223442536445,10,0.2
v2_depth,prespecified depth-onset and saturation study,SU2-CNOT-line|n8|d4|i4|dir=gaussian|basis=Z|eta=0,SU2-CNOT-line|n8|d4|i4,SU2-CNOT-line,8,4,0.5,4,gaussian,Z,0.0,96,96,96,96,1.0,256,255,0.8934658546991566,0.4023858852639986,0.4498951240744457,0.0387898468456599,0.0488024526076843,25.779941951791603,0.0021291810312425,21.671736210083814,1,8,0.1330604622854466,0.0313725490196078,4.241302235348612,0.1016879132658388,0.0313725490196078,0.0032642668822801,31.151838049101784,0.5897311675502331,0.4880432542843943,0.5198028199275482,0.4181149066617093,,,0,1.1102230246251563e-16,9.234857083349871e-17,0.0,8.326672684688674e-17,-0.273325873334638,10,0.2
v2_depth,prespecified depth-onset and saturation study,SU2-CNOT-line|n8|d4|i4|dir=gaussian|basis=Z|eta=0,SU2-CNOT-line|n8|d4|i4,SU2-CNOT-line,8,4,0.5,4,gaussian,Z,0.0,96,96,96,96,1.0,256,255,0.8934658546991566,0.4023858852639986,0.4498951240744457,0.0387898468456599,0.0488024526076843,25.779941951791603,0.0021291810312425,21.671736210083814,2,36,0.4144091412218951,0.1411764705882353,2.9353980836550906,0.2732326706336598,0.1411764705882353,0.0065202687482519,41.90512403448308,1.1779691551941678,0.904736484560508,1.0382895162234131,0.7650568455897533,,,0,1.1102230246251563e-16,9.234857083349871e-17,0.0,8.326672684688674e-17,-0.273325873334638,10,0.2
v2_depth,prespecified depth-onset and saturation study,SU2-CNOT-line|n8|d32|i0|dir=gaussian|basis=Z|eta=0,SU2-CNOT-line|n8|d32|i0,SU2-CNOT-line,8,32,4.0,0,gaussian,Z,0.0,96,96,768,96,1.0,256,255,0.987946608034756,0.4761218000811191,0.481694307788449,0.0070826408306081,0.0174255299886226,141.19027406817366,6.554629899593886e-05,123.51676613893868,1,8,0.0302980692070782,0.0313725490196078,0.9657509559756188,-0.0010744798125296,0.0313725490196078,0.0017905462818243,-0.6000849145518123,0.323484870390062,0.3224103905775324,0.1565094581297651,0.1554349783172355,,,0,1.5543122344752194e-15,3.1398494915180213e-16,1.5543122344752194e-15,4.8572257327350605e-17,-0.4169903013318755,10,0.2
v2_depth,prespecified depth-onset and saturation study,SU2-CNOT-line|n8|d32|i0|dir=gaussian|basis=Z|eta=0,SU2-CNOT-line|n8|d32|i0,SU2-CNOT-line,8,32,4.0,0,gaussian,Z,0.0,96,96,768,96,1.0,256,255,0.987946608034756,0.4761218000811191,0.481694307788449,0.0070826408306081,0.0174255299886226,141.19027406817366,6.554629899593886e-05,123.51676613893868,2,36,0.1433999860945037,0.1411764705882353,1.0157499015027345,0.0022235155062683,0.1411764705882353,0.0035765589593956,0.6216912768702464,0.6461506877352181,0.6439271722289497,0.3126226394627726,0.3103991239565041,,,0,1.5543122344752194e-15,3.1398494915180213e-16,1.5543122344752194e-15,4.8572257327350605e-17,-0.4169903013318755,10,0.2
v2_depth,prespecified depth-onset and saturation study,SU2-CNOT-line|n8|d64|i8|dir=gaussian|basis=Z|eta=0,SU2-CNOT-line|n8|d64|i8,SU2-CNOT-line,8,64,8.0,8,gaussian,Z,0.0,96,96,1536,96,1.0,256,255,0.9873181137346252,0.4937063857472603,0.5004679482316908,0.0055156004346062,0.0158748129300791,181.3039236355383,3.829931190976879e-05,161.5862916953113,1,8,0.0322078488904569,0.0313725490196078,1.0266251833833144,0.000835299870849,0.0313725490196078,0.0016846041089718,0.4958434248144482,0.3043450746741351,0.303509774803286,0.1111403784822244,0.1103050786113753,,,0,2.220446049250313e-15,2.8103055714204317e-16,2.220446049250313e-15,5.030698080332741e-17,-0.3874005277973358,10,0.2
v2_depth,prespecified depth-onset and saturation study,SU2-CNOT-line|n8|d64|i8|dir=gaussian|basis=Z|eta=0,SU2-CNOT-line|n8|d64|i8,SU2-CNOT-line,8,64,8.0,8,gaussian,Z,0.0,96,96,1536,96,1.0,256,255,0.9873181137346252,0.4937063857472603,0.5004679482316908,0.0055156004346062,0.0158748129300791,181.3039236355383,3.829931190976879e-05,161.5862916953113,2,36,0.1380158409134778,0.1411764705882353,0.9776122064704684,-0.0031606296747574,0.1411764705882353,0.0033649428557854,-0.9392818274233894,0.607919557636165,0.6047589279614076,0.2219993531841172,0.2188387235093598,,,0,2.220446049250313e-15,2.8103055714204317e-16,2.220446049250313e-15,5.030698080332741e-17,-0.3874005277973358,10,0.2
v2_depth,prespecified depth-onset and saturation study,SU2-CNOT-line|n12|d24|i4|dir=gaussian|basis=Z|eta=0,SU2-CNOT-line|n12|d24|i4,SU2-CNOT-line,12,24,2.0,4,gaussian,Z,0.0,96,96,864,96,1.0,4096,4095,0.9863582405480594,0.4785419696639706,0.4852098175878747,0.0028164640987331,0.0132037925977046,355.05512051433874,1.2895483968580804e-05,278.4717711542005,1,12,0.0026914586764606,0.0029304029304029,0.91846027334221,-0.0002389442539422,0.0029304029304029,0.0001359743924762,-1.757273921881406,0.3937758071709568,0.3935368629170145,0.1754329302609676,0.1751939860070253,,,0,1.1102230246251563e-15,2.5684029209916113e-16,1.4432899320127037e-15,2.3418766925686896e-17,-0.4445685315495096,10,0.2
v2_depth,prespecified depth-onset and saturation study,SU2-CNOT-line|n12|d24|i4|dir=gaussian|basis=Z|eta=0,SU2-CNOT-line|n12|d24|i4,SU2-CNOT-line,12,24,2.0,4,gaussian,Z,0.0,96,96,864,96,1.0,4096,4095,0.9863582405480594,0.4785419696639706,0.4852098175878747,0.0028164640987331,0.0132037925977046,355.05512051433874,1.2895483968580804e-05,278.4717711542005,2,78,0.01756869548836,0.019047619047619,0.9223565131389038,-0.0014789235592589,0.019047619047619,0.0003438547525887,-4.301012413307262,0.9957881060128752,0.9943091824536164,0.4436382890354022,0.4421593654761432,,,0,1.1102230246251563e-15,2.5684029209916113e-16,1.4432899320127037e-15,2.3418766925686896e-17,-0.4445685315495096,10,0.2
v2_depth,prespecified depth-onset and saturation study,SU2-CNOT-line|n12|d96|i0|dir=gaussian|basis=Z|eta=0,SU2-CNOT-line|n12|d96|i0,SU2-CNOT-line,12,96,8.0,0,gaussian,Z,0.0,96,96,3456,96,1.0,4096,4095,0.993609178843459,0.493752636093105,0.4969254686147429,0.0008415020973023,0.0112494031171221,1188.351167757913,1.111323992827101e-06,948.5924303097707,1,12,0.0026952568860163,0.0029304029304029,0.9197564123530796,-0.0002351460443865,0.0029304029304029,0.000125302715542,-1.8766236898320687,0.3628711042919797,0.3626359582475931,0.0845376733534669,0.0843025273090803,,,0,8.881784197001252e-16,8.41743173982917e-17,6.661338147750939e-16,2.135878279796444e-17,-0.4558698134540079,10,0.2
v2_depth,prespecified depth-onset and saturation study,SU2-CNOT-line|n12|d96|i0|dir=gaussian|basis=Z|eta=0,SU2-CNOT-line|n12|d96|i0,SU2-CNOT-line,12,96,8.0,0,gaussian,Z,0.0,96,96,3456,96,1.0,4096,4095,0.993609178843459,0.493752636093105,0.4969254686147429,0.0008415020973023,0.0112494031171221,1188.351167757913,1.111323992827101e-06,948.5924303097707,2,78,0.0183148782587511,0.019047619047619,0.9615311085844328,-0.0007327407888679,0.019047619047619,0.0003168680033554,-2.312448026019386,0.9176356776860974,0.9169029368972296,0.2137805525437898,0.2130478117549218,,,0,8.881784197001252e-16,8.41743173982917e-17,6.661338147750939e-16,2.135878279796444e-17,-0.4558698134540079,10,0.2
v2_depth,prespecified depth-onset and saturation study,SU2-HaarU4-brickwork|n8|d8|i8|dir=gaussian|basis=Z|eta=0,SU2-HaarU4-brickwork|n8|d8|i8,SU2-HaarU4-brickwork,8,8,1.0,8,gaussian,Z,0.0,96,96,192,96,1.0,256,255,0.8566997218928784,0.3933612226202129,0.461359087317169,0.0287837615245998,0.0389005973420518,34.741810904226604,0.0011818183680804,29.08872140185077,1,8,0.0637612382700903,0.0313725490196078,2.032389469859131,0.0323886892504825,0.0313725490196078,0.0028817667806325,11.239177808612617,0.5206276782622593,0.4882389890117767,0.4389278075651902,0.4065391183147077,,,0,6.661338147750939e-16,2.7417412923517107e-16,5.551115123125784e-16,5.551115123125783e-17,-0.2341451935094333,10,0.2
v2_depth,prespecified depth-onset and saturation study,SU2-HaarU4-brickwork|n8|d8|i8|dir=gaussian|basis=Z|eta=0,SU2-HaarU4-brickwork|n8|d8|i8,SU2-HaarU4-brickwork,8,8,1.0,8,gaussian,Z,0.0,96,96,192,96,1.0,256,255,0.8566997218928784,0.3933612226202129,0.461359087317169,0.0287837615245998,0.0389005973420518,34.741810904226604,0.0011818183680804,29.08872140185077,2,36,0.2231575480540147,0.1411764705882353,1.5806992987159378,0.0819810774657794,0.1411764705882353,0.0057562370226247,14.242130256894416,1.039937144378681,0.9579560669129012,0.8767442643681433,0.7947631869023639,,,0,6.661338147750939e-16,2.7417412923517107e-16,5.551115123125784e-16,5.551115123125783e-17,-0.2341451935094333,10,0.2
v2_depth,prespecified depth-onset and saturation study,SU2-HaarU4-brickwork|n8|d48|i4|dir=gaussian|basis=Z|eta=0,SU2-HaarU4-brickwork|n8|d48|i4,SU2-HaarU4-brickwork,8,48,6.0,4,gaussian,Z,0.0,96,96,1152,96,1.0,256,255,0.9685947014380843,0.47320433018718,0.4886962267283068,0.0071678942561375,0.0175098953576361,139.51098666721234,7.010560815363264e-05,119.43280147677535,1,8,0.0300729438340753,0.0313725490196078,0.9585750847111532,-0.0012996051855324,0.0313725490196078,0.0017961307504357,-0.7235582293867657,0.3244937753948201,0.3231941702092877,0.1586059297445599,0.1573063245590275,,,0,7.105427357601002e-15,1.1830893592857596e-15,7.105427357601002e-15,5.2041704279304207e-17,-0.3960236949946624,10,0.2
v2_depth,prespecified depth-onset and saturation study,SU2-HaarU4-brickwork|n8|d48|i4|dir=gaussian|basis=Z|eta=0,SU2-HaarU4-brickwork|n8|d48|i4,SU2-HaarU4-brickwork,8,48,6.0,4,gaussian,Z,0.0,96,96,1152,96,1.0,256,255,0.9685947014380843,0.47320433018718,0.4886962267283068,0.0071678942561375,0.0175098953576361,139.51098666721234,7.010560815363264e-05,119.43280147677535,2,36,0.1368144848927594,0.1411764705882353,0.9691026013237128,-0.0043619856954758,0.1411764705882353,0.0035877137569278,-1.215812071699648,0.6481659432304686,0.6438039575349928,0.3168102744952351,0.3124482887997593,,,0,7.105427357601002e-15,1.1830893592857596e-15,7.105427357601002e-15,5.2041704279304207e-17,-0.3960236949946624,10,0.2
v2_depth,prespecified depth-onset and saturation study,SU2-HaarU4-brickwork|n12|d12|i0|dir=gaussian|basis=Z|eta=0,SU2-HaarU4-brickwork|n12|d12|i0,SU2-HaarU4-brickwork,12,12,1.0,0,gaussian,Z,0.0,96,96,432,96,1.0,4096,4095,0.934590338623131,0.439967093325383,0.4708330827686041,0.0101951938091596,0.0205056605403142,98.08543306960652,0.0001529798554077,80.85053107289204,1,12,0.0178337972040454,0.0029304029304029,6.085783295880499,0.0149033942736424,0.0029304029304029,0.0001700187536047,87.65735518970382,0.4923667663864579,0.4774633721128153,0.3450536157339541,0.3301502214603116,,,0,2.55351295663786e-15,1.0061471867601318e-15,2.664535259100376e-15,4.336808689942018e-17,-0.3877792756786012,10,0.2
v2_depth,prespecified depth-onset and saturation study,SU2-HaarU4-brickwork|n12|d12|i0|dir=gaussian|basis=Z|eta=0,SU2-HaarU4-brickwork|n12|d12|i0,SU2-HaarU4-brickwork,12,12,1.0,0,gaussian,Z,0.0,96,96,432,96,1.0,4096,4095,0.934590338623131,0.439967093325383,0.4708330827686041,0.0101951938091596,0.0205056605403142,98.08543306960652,0.0001529798554077,80.85053107289204,2,78,0.0542915446014902,0.019047619047619,2.850306091578237,0.0352439255538711,0.019047619047619,0.0004299468112454,81.97275716914928,1.24510688781547,1.2098629622615988,0.8725784576588662,0.837334532104995,,,0,2.55351295663786e-15,1.0061471867601318e-15,2.664535259100376e-15,4.336808689942018e-17,-0.3877792756786012,10,0.2
v2_depth,prespecified depth-onset and saturation study,SU2-HaarU4-brickwork|n12|d48|i8|dir=gaussian|basis=Z|eta=0,SU2-HaarU4-brickwork|n12|d48|i8,SU2-HaarU4-brickwork,12,48,4.0,8,gaussian,Z,0.0,96,96,1728,96,1.0,4096,4095,0.9792248030141022,0.4838281969797751,0.4942074517771528,0.0023887573122529,0.0127805410902502,418.6277085874668,9.243125886422408e-06,328.920215429393,1,12,0.002473506765887,0.0029304029304029,0.8440841838589679,-0.0004568961645158,0.0029304029304029,0.0001337355451526,-3.41641531422584,0.3872922046635835,0.3868353084990676,0.1601851173512463,0.1597282211867305,,,0,1.0436096431476471e-14,1.8054289568553453e-15,1.021405182655144e-14,4.336808689942018e-17,-0.4255054892499865,10,0.2
v2_depth,prespecified depth-onset and saturation study,SU2-HaarU4-brickwork|n12|d48|i8|dir=gaussian|basis=Z|eta=0,SU2-HaarU4-brickwork|n12|d48|i8,SU2-HaarU4-brickwork,12,48,4.0,8,gaussian,Z,0.0,96,96,1728,96,1.0,4096,4095,0.9792248030141022,0.4838281969797751,0.4942074517771528,0.0023887573122529,0.0127805410902502,418.6277085874668,9.243125886422408e-06,328.920215429393,2,78,0.0181252968954346,0.019047619047619,0.9515780870103168,-0.0009223221521844,0.019047619047619,0.0003381931108742,-2.727205618707787,0.9793922428252858,0.9784699206731012,0.4050793159809249,0.4041569938287405,,,0,1.0436096431476471e-14,1.8054289568553453e-15,1.021405182655144e-14,4.336808689942018e-17,-0.4255054892499865,10,0.2
v2_depth,prespecified depth-onset and saturation study,U1-RZ-XY-line|n8|d4|i4|dir=gaussian|basis=Z|eta=0,U1-RZ-XY-line|n8|d4|i4,U1-RZ-XY-line,8,4,0.5,4,gaussian,Z,0.0,96,96,46,96,1.0,70,69,0.6839098527850992,0.2133873863828122,0.3452675331637461,0.1249919513708264,0.134106618544047,8.000515145436824,0.0190910004073237,7.237451335342025,1,7,0.6483119858090314,0.1014492753623188,6.390503860117595,0.5468627104467125,0.1014492753623188,0.0176539725997873,30.976750833594235,0.8673833495113095,0.3205206390645969,0.8336809578346851,0.2868182473879725,,,0,2.220446049250313e-16,1.7165875494458392e-16,2.220446049250313e-16,1.1102230246251563e-16,-0.0936372500335548,10,0.2
v2_depth,prespecified depth-onset and saturation study,U1-RZ-XY-line|n8|d4|i4|dir=gaussian|basis=Z|eta=0,U1-RZ-XY-line|n8|d4|i4,U1-RZ-XY-line,8,4,0.5,4,gaussian,Z,0.0,96,96,46,96,1.0,70,69,0.6839098527850992,0.2133873863828122,0.3452675331637461,0.1249919513708264,0.134106618544047,8.000515145436824,0.0190910004073237,7.237451335342025,2,27,0.9410800555217328,0.391304347826087,2.404982364111095,0.5497757076956458,0.391304347826087,0.0285367237268149,19.26555104779044,1.4020798361577695,0.8523041284621238,1.3476016820328267,0.7978259743371809,,,0,2.220446049250313e-16,1.7165875494458392e-16,2.220446049250313e-16,1.1102230246251563e-16,-0.0936372500335548,10,0.2
v2_depth,prespecified depth-onset and saturation study,U1-RZ-XY-line|n8|d16|i4|dir=gaussian|basis=Z|eta=0,U1-RZ-XY-line|n8|d16|i4,U1-RZ-XY-line,8,16,2.0,4,gaussian,Z,0.0,96,96,184,96,1.0,70,69,0.5786065562249726,0.2493166763186338,0.4306749192089369,0.0795739932619444,0.0891617641654658,12.566919906962127,0.0083624320833559,10.935375442584649,1,7,0.539217407143878,0.1014492753623188,5.315143013275368,0.4377681317815591,0.1014492753623188,0.0139483194343826,31.38500905725311,0.6853154417603579,0.2475473099787987,0.6398058809233155,0.2020377491417563,,,0,1.7763568394002505e-15,1.2074124019845378e-15,1.7763568394002505e-15,5.551115123125783e-17,-0.1195962814488399,10,0.2
v2_depth,prespecified depth-onset and saturation study,U1-RZ-XY-line|n8|d16|i4|dir=gaussian|basis=Z|eta=0,U1-RZ-XY-line|n8|d16|i4,U1-RZ-XY-line,8,16,2.0,4,gaussian,Z,0.0,96,96,184,96,1.0,70,69,0.5786065562249726,0.2493166763186338,0.4306749192089369,0.0795739932619444,0.0891617641654658,12.566919906962127,0.0083624320833559,10.935375442584649,2,27,0.844818398327666,0.391304347826087,2.158980351281813,0.453514050501579,0.391304347826087,0.022546729123004,20.11440542117773,1.1077765821088357,0.6542625316072566,1.0342127563356498,0.5806987058340707,,,0,1.7763568394002505e-15,1.2074124019845378e-15,1.7763568394002505e-15,5.551115123125783e-17,-0.1195962814488399,10,0.2
v2_depth,prespecified depth-onset and saturation study,U1-RZ-XY-line|n8|d48|i4|dir=gaussian|basis=Z|eta=0,U1-RZ-XY-line|n8|d48|i4,U1-RZ-XY-line,8,48,6.0,4,gaussian,Z,0.0,96,96,552,96,1.0,70,69,0.7110149947659812,0.3549495896303256,0.4956032059747149,0.0615586076446518,0.0713340388150201,16.24468190983976,0.0045200421300988,14.874033613797124,1,7,0.4661545488547707,0.1014492753623188,4.594951981568454,0.3647052734924519,0.1014492753623188,0.0121698053210849,29.96804499909106,0.5979326433547529,0.233227369862301,0.5440931911508737,0.1793879176584218,,,0,1.7763568394002505e-15,9.26342336171615e-16,1.887379141862766e-15,6.245004513516506e-17,-0.1516084804945393,10,0.2
v2_depth,prespecified depth-onset and saturation study,U1-RZ-XY-line|n8|d48|i4|dir=gaussian|basis=Z|eta=0,U1-RZ-XY-line|n8|d48|i4,U1-RZ-XY-line,8,48,6.0,4,gaussian,Z,0.0,96,96,552,96,1.0,70,69,0.7110149947659812,0.3549495896303256,0.4956032059747149,0.0615586076446518,0.0713340388150201,16.24468190983976,0.0045200421300988,14.874033613797124,2,27,0.7846317215102762,0.391304347826087,2.0051699549707056,0.3933273736841892,0.391304347826087,0.0196718540427046,19.994423140306672,0.9665268570125846,0.5731994833283953,0.8794981973462802,0.486170823662091,,,0,1.7763568394002505e-15,9.26342336171615e-16,1.887379141862766e-15,6.245004513516506e-17,-0.1516084804945393,10,0.2
v2_depth,prespecified depth-onset and saturation study,U1-RZ-XY-line|n12|d6|i4|dir=gaussian|basis=Z|eta=0,U1-RZ-XY-line|n12|d6|i4,U1-RZ-XY-line,12,6,0.5,4,gaussian,Z,0.0,96,96,105,96,1.0,922,921,0.4728631484130781,0.1883830178344667,0.4015009250808508,0.0647941682737335,0.0745358956875487,15.433487714130958,0.0059290669265219,12.986939688965167,1,11,0.5952070631908489,0.011943539630836,49.83506410897926,0.5832635235600129,0.011943539630836,0.0013712091740186,425.3643678962815,0.893477204189569,0.3102136806295561,0.8321192045832602,0.2488556810232473,,,0,5.551115123125784e-16,6.870906618619708e-16,6.661338147750939e-16,9.020562075079396e-17,-0.0975899203099962,10,0.2
v2_depth,prespecified depth-onset and saturation study,U1-RZ-XY-line|n12|d6|i4|dir=gaussian|basis=Z|eta=0,U1-RZ-XY-line|n12|d6|i4,U1-RZ-XY-line,12,6,0.5,4,gaussian,Z,0.0,96,96,105,96,1.0,922,921,0.4728631484130781,0.1883830178344667,0.4015009250808508,0.0647941682737335,0.0745358956875487,15.433487714130958,0.0059290669265219,12.986939688965167,2,65,0.8753259691968736,0.0705754614549402,12.402695655851083,0.8047505077419332,0.0705754614549402,0.00323281038191,248.9321712913001,2.1064928943254038,1.30174238658347,1.9618331429913476,1.157082635249414,,,0,5.551115123125784e-16,6.870906618619708e-16,6.661338147750939e-16,9.020562075079396e-17,-0.0975899203099962,10,0.2
v2_depth,prespecified depth-onset and saturation study,U1-RZ-XY-line|n12|d24|i4|dir=gaussian|basis=Z|eta=0,U1-RZ-XY-line|n12|d24|i4,U1-RZ-XY-line,12,24,2.0,4,gaussian,Z,0.0,96,96,420,96,1.0,924,923,0.720421323430119,0.3075959699948041,0.4271574885611349,0.0348259872498333,0.0448798832159809,28.7141895741889,0.0015296442755803,25.568472131068216,1,11,0.3730757340933627,0.0119176598049837,31.304445688015804,0.361158074288379,0.0119176598049837,0.0010565525060264,341.82690612002045,0.6899417302955544,0.3287836560071754,0.6055945372985393,0.2444364630101603,,,0,8.881784197001252e-16,4.553442605056512e-16,8.881784197001252e-16,5.551115123125783e-17,-0.2396614168843956,10,0.2
v2_depth,prespecified depth-onset and saturation study,U1-RZ-XY-line|n12|d24|i4|dir=gaussian|basis=Z|eta=0,U1-RZ-XY-line|n12|d24|i4,U1-RZ-XY-line,12,24,2.0,4,gaussian,Z,0.0,96,96,420,96,1.0,924,923,0.720421323430119,0.3075959699948041,0.4271574885611349,0.0348259872498333,0.0448798832159809,28.7141895741889,0.0015296442755803,25.568472131068216,2,65,0.6543488301929793,0.0704225352112676,9.291753388740306,0.5839262949817117,0.0704225352112676,0.0024911371878783,234.4015005769444,1.6267431026900034,1.0428168077082918,1.4278694755209689,0.843943180539257,,,0,8.881784197001252e-16,4.553442605056512e-16,8.881784197001252e-16,5.551115123125783e-17,-0.2396614168843956,10,0.2
v2_depth,prespecified depth-onset and saturation study,U1-RZ-XY-line|n12|d72|i4|dir=gaussian|basis=Z|eta=0,U1-RZ-XY-line|n12|d72|i4,U1-RZ-XY-line,12,72,6.0,4,gaussian,Z,0.0,96,96,1260,96,1.0,924,923,0.7467840468055945,0.3496470610048239,0.4678829663733204,0.0260288993121009,0.0361744316109332,38.41883546474416,0.0008503017188922,34.2936310765382,1,11,0.3357713116006184,0.0119176598049837,28.174265509760986,0.3238536517956347,0.0119176598049837,0.0009457350917291,342.4359047558721,0.6175766011315149,0.2937229493358802,0.5207014730200565,0.1968478212244218,,,0,2.220446049250313e-16,2.0134752377258406e-16,4.440892098500626e-16,8.326672684688674e-17,-0.2090174168410656,10,0.2
v2_depth,prespecified depth-onset and saturation study,U1-RZ-XY-line|n12|d72|i4|dir=gaussian|basis=Z|eta=0,U1-RZ-XY-line|n12|d72|i4,U1-RZ-XY-line,12,72,6.0,4,gaussian,Z,0.0,96,96,1260,96,1.0,924,923,0.7467840468055945,0.3496470610048239,0.4678829663733204,0.0260288993121009,0.0361744316109332,38.41883546474416,0.0008503017188922,34.2936310765382,2,65,0.5785733987581957,0.0704225352112676,8.215742262366378,0.5081508635469281,0.0704225352112676,0.0022298521308215,227.88545326533253,1.456120759419878,0.94796989587295,1.2277087942383875,0.7195579306914597,,,0,2.220446049250313e-16,2.0134752377258406e-16,4.440892098500626e-16,8.326672684688674e-17,-0.2090174168410656,10,0.2
v2_depth,prespecified depth-onset and saturation study,RY-RZ-CZ-line|n8|d8|i9|dir=gaussian|basis=Z|eta=0,RY-RZ-CZ-line|n8|d8|i9,RY-RZ-CZ-line,8,8,1.0,9,gaussian,Z,0.0,96,96,128,96,1.0,256,255,0.8904890848790009,0.3966667986731709,0.4469630489774157,0.0306919725852028,0.0407889312041069,32.581809371292074,0.0012412223371351,28.38410526076647,1,8,0.1776287475509481,0.0313725490196078,5.661916328186472,0.1462561985313403,0.0313725490196078,0.0029585301045941,49.43542683720695,0.5344959452568085,0.3882397467254682,0.4554606296690202,0.3092044311376799,,,0,8.881784197001252e-16,4.3758399681514964e-16,1.1102230246251563e-15,8.326672684688674e-17,-0.2794232352988165,10,0.2
v2_depth,prespecified depth-onset and saturation study,RY-RZ-CZ-line|n8|d8|i9|dir=gaussian|basis=Z|eta=0,RY-RZ-CZ-line|n8|d8|i9,RY-RZ-CZ-line,8,8,1.0,9,gaussian,Z,0.0,96,96,128,96,1.0,256,255,0.8904890848790009,0.3966667986731709,0.4469630489774157,0.0306919725852028,0.0407889312041069,32.581809371292074,0.0012412223371351,28.38410526076647,2,36,0.399901845100706,0.1411764705882353,2.832638069463334,0.2587253745124707,0.1411764705882353,0.0059095693083382,43.78074966434805,1.067638564372198,0.8089131898597273,0.9097680480143844,0.6510426735019138,,,0,8.881784197001252e-16,4.3758399681514964e-16,1.1102230246251563e-15,8.326672684688674e-17,-0.2794232352988165,10,0.2
v2_depth,prespecified depth-onset and saturation study,RY-RZ-CZ-line|n8|d48|i5|dir=gaussian|basis=Z|eta=0,RY-RZ-CZ-line|n8|d48|i5,RY-RZ-CZ-line,8,48,6.0,5,gaussian,Z,0.0,96,96,768,96,1.0,256,255,0.9790569424219968,0.4712977157797842,0.4803475639119699,0.0091205519699003,0.0194422128868805,109.64248691309471,0.0001196870341244,91.4063668765375,1,8,0.0262194523591128,0.0313725490196078,0.8357450439467208,-0.005153096660495,0.0313725490196078,0.0019195959729027,-2.6844694056649674,0.3467993320245554,0.3416462353640604,0.2007162770217952,0.1955631803613002,,,0,1.9984014443252818e-15,4.0247080066151264e-16,1.9984014443252818e-15,5.551115123125783e-17,-0.3938095158242992,10,0.2
v2_depth,prespecified depth-onset and saturation study,RY-RZ-CZ-line|n8|d48|i5|dir=gaussian|basis=Z|eta=0,RY-RZ-CZ-line|n8|d48|i5,RY-RZ-CZ-line,8,48,6.0,5,gaussian,Z,0.0,96,96,768,96,1.0,256,255,0.9790569424219968,0.4712977157797842,0.4803475639119699,0.0091205519699003,0.0194422128868805,109.64248691309471,0.0001196870341244,91.4063668765375,2,36,0.1281451114503977,0.1411764705882353,0.9076945394403172,-0.0130313591378375,0.1411764705882353,0.003834331591982,-3.398599945056191,0.6927205795546999,0.6796892204168623,0.400924347036386,0.3878929878985484,,,0,1.9984014443252818e-15,4.0247080066151264e-16,1.9984014443252818e-15,5.551115123125783e-17,-0.3938095158242992,10,0.2
v2_depth,prespecified depth-onset and saturation study,RY-RZ-CZ-line|n12|d12|i1|dir=gaussian|basis=Z|eta=0,RY-RZ-CZ-line|n12|d12|i1,RY-RZ-CZ-line,12,12,1.0,1,gaussian,Z,0.0,96,96,288,96,1.0,4096,4095,0.9158575320091789,0.416974524006007,0.4554843436385828,0.0141991802074764,0.0244679387469819,70.42660107049403,0.0003072569354961,57.04914666234798,1,12,0.0860357146461849,0.0029304029304029,29.359687623010625,0.083105311715782,0.0029304029304029,0.0001859011350471,447.04036742270176,0.5383614383124536,0.4552561265966716,0.4086184467069219,0.3255131349911398,,,0,4.440892098500626e-16,2.0124474633689784e-16,4.440892098500626e-16,9.714451465470121e-17,-0.352084396474219,10,0.2
v2_depth,prespecified depth-onset and saturation study,RY-RZ-CZ-line|n12|d12|i1|dir=gaussian|basis=Z|eta=0,RY-RZ-CZ-line|n12|d12|i1,RY-RZ-CZ-line,12,12,1.0,1,gaussian,Z,0.0,96,96,288,96,1.0,4096,4095,0.9158575320091789,0.416974524006007,0.4554843436385828,0.0141991802074764,0.0244679387469819,70.42660107049403,0.0003072569354961,57.04914666234798,2,78,0.177063858919641,0.019047619047619,9.295852593281156,0.158016239872022,0.019047619047619,0.0004701104938473,336.1257447772396,1.3614191304921426,1.2034028906201206,1.0333224685678954,0.8753062286958735,,,0,4.440892098500626e-16,2.0124474633689784e-16,4.440892098500626e-16,9.714451465470121e-17,-0.352084396474219,10,0.2
v2_depth,prespecified depth-onset and saturation study,RY-RZ-CZ-line|n12|d48|i9|dir=gaussian|basis=Z|eta=0,RY-RZ-CZ-line|n12|d48|i9,RY-RZ-CZ-line,12,48,4.0,9,gaussian,Z,0.0,96,96,1152,96,1.0,4096,4095,0.9592947233942076,0.461173715907228,0.4807206929971152,0.0037989878806652,0.0141760817569083,263.2280047771263,2.617696323073734e-05,195.452112386424,1,12,0.0040244507939059,0.0029304029304029,1.3733438334204142,0.001094047863503,0.0029304029304029,0.0001409828685244,7.760147562278396,0.4082801315709187,0.4071860837074156,0.2062339645070566,0.2051399166435536,,,0,1.9984014443252818e-15,5.499319667454167e-16,2.4424906541753444e-15,2.688821387764051e-17,-0.4196331031467652,10,0.2
v2_depth,prespecified depth-onset and saturation study,RY-RZ-CZ-line|n12|d48|i9|dir=gaussian|basis=Z|eta=0,RY-RZ-CZ-line|n12|d48|i9,RY-RZ-CZ-line,12,48,4.0,9,gaussian,Z,0.0,96,96,1152,96,1.0,4096,4095,0.9592947233942076,0.461173715907228,0.4807206929971152,0.0037989878806652,0.0141760817569083,263.2280047771263,2.617696323073734e-05,195.452112386424,2,78,0.0200707792443379,0.019047619047619,1.0537159103277438,0.0010231601967189,0.019047619047619,0.0003565202865987,2.869851268437307,1.0324669305120244,1.0314437703153054,0.5215285580580363,0.5205053978613174,,,0,1.9984014443252818e-15,5.499319667454167e-16,2.4424906541753444e-15,2.688821387764051e-17,-0.4196331031467652,10,0.2
v2_depth,prespecified depth-onset and saturation study,SU2-CNOT-line|n8|d4|i5|dir=gaussian|basis=Z|eta=0,SU2-CNOT-line|n8|d4|i5,SU2-CNOT-line,8,4,0.5,5,gaussian,Z,0.0,96,96,96,96,1.0,256,255,0.8896391207341292,0.371066041814841,0.4188404709498463,0.0323121064897035,0.0423921887137691,30.94815252353341,0.0014079273382468,26.650777228109565,1,8,0.0884951661838325,0.0313725490196078,2.8207834221096637,0.0571226171642247,0.0313725490196078,0.0030221745986897,18.901163813960533,0.5459941294325092,0.4888715122682845,0.469040333630071,0.4119177164658463,,,0,4.440892098500626e-16,3.8875444344861085e-16,4.440892098500626e-16,1.1102230246251563e-16,-0.2634374163900402,10,0.2
v2_depth,prespecified depth-onset and saturation study,SU2-CNOT-line|n8|d4|i5|dir=gaussian|basis=Z|eta=0,SU2-CNOT-line|n8|d4|i5,SU2-CNOT-line,8,4,0.5,5,gaussian,Z,0.0,96,96,96,96,1.0,256,255,0.8896391207341292,0.371066041814841,0.4188404709498463,0.0323121064897035,0.0423921887137691,30.94815252353341,0.0014079273382468,26.650777228109565,2,36,0.31393438683048,0.1411764705882353,2.2237019067159003,0.1727579162422447,0.1411764705882353,0.0060366971507649,28.617953150151425,1.0906058196997084,0.9178479034574636,0.9368930725730082,0.7641351563307635,,,0,4.440892098500626e-16,3.8875444344861085e-16,4.440892098500626e-16,1.1102230246251563e-16,-0.2634374163900402,10,0.2
v2_depth,prespecified depth-onset and saturation study,SU2-CNOT-line|n8|d32|i1|dir=gaussian|basis=Z|eta=0,SU2-CNOT-line|n8|d32|i1,SU2-CNOT-line,8,32,4.0,1,gaussian,Z,0.0,96,96,768,96,1.0,256,255,0.9619508359869384,0.4667960824902109,0.4854569443803549,0.0065499137635236,0.0168983521618202,152.67376580879304,5.476002608490608e-05,135.1351029493604,1,8,0.031058971891954,0.0313725490196078,0.9900047290560352,-0.0003135771276537,0.0313725490196078,0.0017552480041492,-0.1786511802961928,0.3171077893312677,0.3167942122036139,0.1427133420378286,0.1423997649101748,,,0,4.440892098500626e-16,1.2148019673538234e-16,4.440892098500626e-16,6.245004513516506e-17,-0.366243258870742,10,0.2
v2_depth,prespecified depth-onset and saturation study,SU2-CNOT-line|n8|d32|i1|dir=gaussian|basis=Z|eta=0,SU2-CNOT-line|n8|d32|i1,SU2-CNOT-line,8,32,4.0,1,gaussian,Z,0.0,96,96,768,96,1.0,256,255,0.9619508359869384,0.4667960824902109,0.4854569443803549,0.0065499137635236,0.0168983521618202,152.67376580879304,5.476002608490608e-05,135.1351029493604,2,36,0.1376046650642309,0.1411764705882353,0.974699710871636,-0.0035718055240043,0.1411764705882353,0.0035060517781227,-1.018754356764458,0.6334126721769802,0.6298408666529758,0.2850653385907699,0.2814935330667656,,,0,4.440892098500626e-16,1.2148019673538234e-16,4.440892098500626e-16,6.245004513516506e-17,-0.366243258870742,10,0.2
v2_depth,prespecified depth-onset and saturation study,SU2-CNOT-line|n8|d64|i9|dir=gaussian|basis=Z|eta=0,SU2-CNOT-line|n8|d64|i9,SU2-CNOT-line,8,64,8.0,9,gaussian,Z,0.0,96,96,1536,96,1.0,256,255,0.975319383630356,0.4847982849526029,0.496877016659942,0.005540725960866,0.015899676732107,180.4817648558985,3.917534922827747e-05,159.76938433651998,1,8,0.0302251198403299,0.0313725490196078,0.963425694910516,-0.0011474291792779,0.0313725490196078,0.0016863552613433,-0.6804196040897462,0.3046614425355538,0.3035140133562759,0.112012864996912,0.110865435817634,,,0,1.7763568394002505e-15,2.342201930636027e-16,1.7763568394002505e-15,7.979727989493313e-17,-0.3586327310602563,10,0.2
v2_depth,prespecified depth-onset and saturation study,SU2-CNOT-line|n8|d64|i9|dir=gaussian|basis=Z|eta=0,SU2-CNOT-line|n8|d64|i9,SU2-CNOT-line,8,64,8.0,9,gaussian,Z,0.0,96,96,1536,96,1.0,256,255,0.975319383630356,0.4847982849526029,0.496877016659942,0.005540725960866,0.015899676732107,180.4817648558985,3.917534922827747e-05,159.76938433651998,2,36,0.1371836202434113,0.1411764705882353,0.9717173100574972,-0.0039928503448239,0.1411764705882353,0.0033684407266684,-1.1853705226908091,0.60855149232599,0.6045586419811662,0.2237421171063534,0.2197492667615295,,,0,1.7763568394002505e-15,2.342201930636027e-16,1.7763568394002505e-15,7.979727989493313e-17,-0.3586327310602563,10,0.2
v2_depth,prespecified depth-onset and saturation study,SU2-CNOT-line|n12|d24|i5|dir=gaussian|basis=Z|eta=0,SU2-CNOT-line|n12|d24|i5,SU2-CNOT-line,12,24,2.0,5,gaussian,Z,0.0,96,96,864,96,1.0,4096,4095,0.9758959833671188,0.4722897270144785,0.4840255445933239,0.002721297055257,0.013109616877598,367.4718267409273,1.0987838167072516e-05,301.6781615813922,1,12,0.002574379052775,0.0029304029304029,0.8785068517594844,-0.0003560238776278,0.0029304029304029,0.000135479437278,-2.6278812842804884,0.3923424388790151,0.3919864150013872,0.1721570650064441,0.1718010411288162,,,0,8.881784197001252e-16,1.2234125015678096e-16,4.440892098500626e-16,1.908195823574488e-17,-0.4291651059714587,10,0.2
v2_depth,prespecified depth-onset and saturation study,SU2-CNOT-line|n12|d24|i5|dir=gaussian|basis=Z|eta=0,SU2-CNOT-line|n12|d24|i5,SU2-CNOT-line,12,24,2.0,5,gaussian,Z,0.0,96,96,864,96,1.0,4096,4095,0.9758959833671188,0.4722897270144785,0.4840255445933239,0.002721297055257,0.013109616877598,367.4718267409273,1.0987838167072516e-05,301.6781615813922,2,78,0.0174801623146338,0.019047619047619,0.9177085215182744,-0.0015674567329852,0.019047619047619,0.0003426031000229,-4.575138791447491,0.992163375720514,0.9905959189875287,0.4353542157176653,0.43378675898468,,,0,8.881784197001252e-16,1.2234125015678096e-16,4.440892098500626e-16,1.908195823574488e-17,-0.4291651059714587,10,0.2
v2_depth,prespecified depth-onset and saturation study,SU2-CNOT-line|n12|d96|i1|dir=gaussian|basis=Z|eta=0,SU2-CNOT-line|n12|d96|i1,SU2-CNOT-line,12,96,8.0,1,gaussian,Z,0.0,96,96,3456,96,1.0,4096,4095,0.9913052851693964,0.4922521231586002,0.4966102439293887,0.0008284420585111,0.0112364791204016,1207.0850214886077,8.630701272160198e-07,1076.408100827917,1,12,0.0028509436718041,0.0029304029304029,0.9728845280031808,-7.945925859873708e-05,0.0029304029304029,0.0001252291190976,-0.6345110400146085,0.3626579722543674,0.3625785129957686,0.0836083548733871,0.0835288956147884,,,0,4.440892098500626e-15,5.841842283411901e-16,4.440892098500626e-15,2.352718714293545e-17,-0.4445514810091919,10,0.2
v2_depth,prespecified depth-onset and saturation study,SU2-CNOT-line|n12|d96|i1|dir=gaussian|basis=Z|eta=0,SU2-CNOT-line|n12|d96|i1,SU2-CNOT-line,12,96,8.0,1,gaussian,Z,0.0,96,96,3456,96,1.0,4096,4095,0.9913052851693964,0.4922521231586002,0.4966102439293887,0.0008284420585111,0.0112364791204016,1207.0850214886077,8.630701272160198e-07,1076.408100827917,2,78,0.0185687801295593,0.019047619047619,0.9748609568018634,-0.0004788389180597,0.019047619047619,0.0003166818912004,-1.5120502035801813,0.9170967051433468,0.9166178662252872,0.2114304734573932,0.2109516345393334,,,0,4.440892098500626e-15,5.841842283411901e-16,4.440892098500626e-15,2.352718714293545e-17,-0.4445514810091919,10,0.2
v2_depth,prespecified depth-onset and saturation study,SU2-HaarU4-brickwork|n8|d8|i9|dir=gaussian|basis=Z|eta=0,SU2-HaarU4-brickwork|n8|d8|i9,SU2-HaarU4-brickwork,8,8,1.0,9,gaussian,Z,0.0,96,96,192,96,1.0,256,255,0.9159994014369688,0.4258534232533777,0.4644123290155467,0.0299344840416592,0.0400393331662252,33.40628816612704,0.0012929840919555,27.81015498530678,1,8,0.0831816608847476,0.0313725490196078,2.651415440701332,0.0518091118651398,0.0313725490196078,0.0029282987962226,17.692563317640506,0.5290342763965523,0.4772251645314125,0.4489705910211323,0.3971614791559925,,,0,3.3306690738754696e-16,2.5683282616375744e-16,4.440892098500626e-16,8.673617379884034e-17,-0.268445460636215,10,0.2
v2_depth,prespecified depth-onset and saturation study,SU2-HaarU4-brickwork|n8|d8|i9|dir=gaussian|basis=Z|eta=0,SU2-HaarU4-brickwork|n8|d8|i9,SU2-HaarU4-brickwork,8,8,1.0,9,gaussian,Z,0.0,96,96,192,96,1.0,256,255,0.9159994014369688,0.4258534232533777,0.4644123290155467,0.0299344840416592,0.0400393331662252,33.40628816612704,0.0012929840919555,27.81015498530678,2,36,0.2467634219108145,0.1411764705882353,1.7479075718682693,0.1055869513225792,0.1411764705882353,0.0058491832362729,18.0515718276349,1.0567290554174786,0.9511421040948994,0.8968044032828572,0.7912174519602779,,,0,3.3306690738754696e-16,2.5683282616375744e-16,4.440892098500626e-16,8.673617379884034e-17,-0.268445460636215,10,0.2
v2_depth,prespecified depth-onset and saturation study,SU2-HaarU4-brickwork|n8|d48|i5|dir=gaussian|basis=Z|eta=0,SU2-HaarU4-brickwork|n8|d48|i5,SU2-HaarU4-brickwork,8,48,6.0,5,gaussian,Z,0.0,96,96,1152,96,1.0,256,255,0.9751986430069358,0.4820232862725007,0.4946793157093221,0.0076009001315598,0.0179383907551894,131.56336521879572,8.335754352749254e-05,109.52860240405516,1,8,0.0290425793856121,0.0313725490196078,0.9257322179163884,-0.0023299696339956,0.0313725490196078,0.0018242306104219,-1.2772341504875449,0.3295703711007632,0.3272404014667675,0.1688526338826094,0.1665226642486138,,,0,6.3282712403633915e-15,1.4901284755980054e-15,6.3282712403633915e-15,3.5128150388530344e-17,-0.3575444964463534,10,0.2
v2_depth,prespecified depth-onset and saturation study,SU2-HaarU4-brickwork|n8|d48|i5|dir=gaussian|basis=Z|eta=0,SU2-HaarU4-brickwork|n8|d48|i5,SU2-HaarU4-brickwork,8,48,6.0,5,gaussian,Z,0.0,96,96,1152,96,1.0,256,255,0.9751986430069358,0.4820232862725007,0.4946793157093221,0.0076009001315598,0.0179383907551894,131.56336521879572,8.335754352749254e-05,109.52860240405516,2,36,0.1351666733619868,0.1411764705882353,0.9574306029807405,-0.0060097972262484,0.1411764705882353,0.0036438423289795,-1.6493022155355983,0.6583062808691144,0.652296483642866,0.3372777384537084,0.3312679412274599,,,0,6.3282712403633915e-15,1.4901284755980054e-15,6.3282712403633915e-15,3.5128150388530344e-17,-0.3575444964463534,10,0.2
v2_depth,prespecified depth-onset and saturation study,SU2-HaarU4-brickwork|n12|d12|i1|dir=gaussian|basis=Z|eta=0,SU2-HaarU4-brickwork|n12|d12|i1,SU2-HaarU4-brickwork,12,12,1.0,1,gaussian,Z,0.0,96,96,432,96,1.0,4096,4095,0.9069813424906236,0.4277882778202126,0.4718187949012711,0.0113917197545842,0.0216897226738073,87.78305835671372,0.0001976429949442,71.13106102132603,1,12,0.0170805368060905,0.0029304029304029,5.82873318507841,0.0141501338756876,0.0029304029304029,0.0001749160944746,80.89669460197366,0.5065492482414958,0.4923991143658082,0.3652098484960789,0.3510597146203913,,,0,2.7755575615628917e-15,7.84118517827412e-16,2.664535259100376e-15,4.8572257327350605e-17,-0.340571424113517,10,0.2
v2_depth,prespecified depth-onset and saturation study,SU2-HaarU4-brickwork|n12|d12|i1|dir=gaussian|basis=Z|eta=0,SU2-HaarU4-brickwork|n12|d12|i1,SU2-HaarU4-brickwork,12,12,1.0,1,gaussian,Z,0.0,96,96,432,96,1.0,4096,4095,0.9069813424906236,0.4277882778202126,0.4718187949012711,0.0113917197545842,0.0216897226738073,87.78305835671372,0.0001976429949442,71.13106102132603,2,78,0.0616472389314059,0.019047619047619,3.236480043898813,0.0425996198837869,0.019047619047619,0.0004423313044025,96.30704284274786,1.280971830475238,1.238372210591451,0.9235499406221074,0.8809503207383205,,,0,2.7755575615628917e-15,7.84118517827412e-16,2.664535259100376e-15,4.8572257327350605e-17,-0.340571424113517,10,0.2
v2_depth,prespecified depth-onset and saturation study,SU2-HaarU4-brickwork|n12|d48|i9|dir=gaussian|basis=Z|eta=0,SU2-HaarU4-brickwork|n12|d48|i9,SU2-HaarU4-brickwork,12,48,4.0,9,gaussian,Z,0.0,96,96,1728,96,1.0,4096,4095,0.9843351369098172,0.4845556702588878,0.4922286534101089,0.002381729283646,0.0127735862702747,419.8629990681255,8.408850319312312e-06,344.8511582798717,1,12,0.0025644982179451,0.0029304029304029,0.8751350168737796,-0.0003659047124577,0.0029304029304029,0.0001336984435897,-2.736791114640667,0.3871847601837787,0.3868188554713209,0.1599224268732102,0.1595565221607524,,,0,8.437694987151191e-15,1.6683829853477866e-15,8.437694987151191e-15,2.2985086056692694e-17,-0.4400644415043954,10,0.2
v2_depth,prespecified depth-onset and saturation study,SU2-HaarU4-brickwork|n12|d48|i9|dir=gaussian|basis=Z|eta=0,SU2-HaarU4-brickwork|n12|d48|i9,SU2-HaarU4-brickwork,12,48,4.0,9,gaussian,Z,0.0,96,96,1728,96,1.0,4096,4095,0.9843351369098172,0.4845556702588878,0.4922286534101089,0.002381729283646,0.0127735862702747,419.8629990681255,8.408850319312312e-06,344.8511582798717,2,78,0.0175465968055693,0.019047619047619,0.9211963322923912,-0.0015010222420496,0.019047619047619,0.0003380992877028,-4.439590074998066,0.979120535084236,0.9776195128421864,0.4044150190667224,0.4029139968246727,,,0,8.437694987151191e-15,1.6683829853477866e-15,8.437694987151191e-15,2.2985086056692694e-17,-0.4400644415043954,10,0.2
v2_depth,prespecified depth-onset and saturation study,U1-RZ-XY-line|n8|d4|i5|dir=gaussian|basis=Z|eta=0,U1-RZ-XY-line|n8|d4|i5,U1-RZ-XY-line,8,4,0.5,5,gaussian,Z,0.0,96,96,46,96,1.0,69,68,0.5867671063080346,0.2923067620188597,0.5206212820999028,0.1573879199856859,0.1661651291525016,6.353727783497919,0.0299570061857122,5.77764422564535,1,7,0.8536269492146761,0.1029411764705882,8.292376078085425,0.7506857727440879,0.1029411764705882,0.0201389096732138,37.275393004148285,0.975230729738687,0.2245449569945991,0.9465512483343228,0.1958654755902348,,,0,1.1102230246251563e-15,7.853911445902447e-16,1.2212453270876722e-15,1.1102230246251563e-16,-0.0226233299461346,10,0.2
v2_depth,prespecified depth-onset and saturation study,U1-RZ-XY-line|n8|d4|i5|dir=gaussian|basis=Z|eta=0,U1-RZ-XY-line|n8|d4|i5,U1-RZ-XY-line,8,4,0.5,5,gaussian,Z,0.0,96,96,46,96,1.0,69,68,0.5867671063080346,0.2923067620188597,0.5206212820999028,0.1573879199856859,0.1661651291525016,6.353727783497919,0.0299570061857122,5.77764422564535,2,27,0.99470699276614,0.3970588235294117,2.50518798178139,0.5976481692367281,0.3970588235294117,0.0324261828202294,18.431036812136863,1.5702443899668157,0.9725962207300876,1.52406681023199,0.9264186409952616,,,0,1.1102230246251563e-15,7.853911445902447e-16,1.2212453270876722e-15,1.1102230246251563e-16,-0.0226233299461346,10,0.2
v2_depth,prespecified depth-onset and saturation study,U1-RZ-XY-line|n8|d16|i5|dir=gaussian|basis=Z|eta=0,U1-RZ-XY-line|n8|d16|i5,U1-RZ-XY-line,8,16,2.0,5,gaussian,Z,0.0,96,96,184,96,1.0,70,69,0.6666147493080592,0.290133064239596,0.4398703867843463,0.0938189672484832,0.1032583530063115,10.658825494758007,0.0124746110307785,8.953369204372057,1,7,0.5822848524334342,0.1014492753623188,5.7396649739867085,0.4808355770711153,0.1014492753623188,0.0152080675013361,31.617138537087012,0.7472099808890563,0.266374403817941,0.7063642029083901,0.2255286258372747,,,0,3.3306690738754696e-16,3.400075299257277e-16,3.3306690738754696e-16,1.1102230246251563e-16,-0.1046472522569802,10,0.2
v2_depth,prespecified depth-onset and saturation study,U1-RZ-XY-line|n8|d16|i5|dir=gaussian|basis=Z|eta=0,U1-RZ-XY-line|n8|d16|i5,U1-RZ-XY-line,8,16,2.0,5,gaussian,Z,0.0,96,96,184,96,1.0,70,69,0.6666147493080592,0.290133064239596,0.4398703867843463,0.0938189672484832,0.1032583530063115,10.658825494758007,0.0124746110307785,8.953369204372057,2,27,0.8319960350854653,0.391304347826087,2.126212089662856,0.4406916872593783,0.391304347826087,0.0245830460113895,17.92665103645832,1.207825868654997,0.7671341813956187,1.1418008040383718,0.7011091167789936,,,0,3.3306690738754696e-16,3.400075299257277e-16,3.3306690738754696e-16,1.1102230246251563e-16,-0.1046472522569802,10,0.2
v2_depth,prespecified depth-onset and saturation study,U1-RZ-XY-line|n8|d48|i5|dir=gaussian|basis=Z|eta=0,U1-RZ-XY-line|n8|d48|i5,U1-RZ-XY-line,8,48,6.0,5,gaussian,Z,0.0,96,96,552,96,1.0,70,69,0.7684323794610101,0.3643737782630351,0.4769480443292619,0.0605844293306235,0.0703700081917628,16.505891217407754,0.0044883347768984,14.926479149770833,1,7,0.3983202295106818,0.1014492753623188,3.926299405176721,0.296870954148363,0.1014492753623188,0.0120661637918185,24.6035906084464,0.5928404786141862,0.2959695244658232,0.5384328744112546,0.2415619202628916,,,0,3.3306690738754696e-16,1.457167719820518e-16,3.3306690738754696e-16,5.898059818321144e-17,-0.1698142253755603,10,0.2
v2_depth,prespecified depth-onset and saturation study,U1-RZ-XY-line|n8|d48|i5|dir=gaussian|basis=Z|eta=0,U1-RZ-XY-line|n8|d48|i5,U1-RZ-XY-line,8,48,6.0,5,gaussian,Z,0.0,96,96,552,96,1.0,70,69,0.7684323794610101,0.3643737782630351,0.4769480443292619,0.0605844293306235,0.0703700081917628,16.505891217407754,0.0044883347768984,14.926479149770833,2,27,0.7156226586023889,0.391304347826087,1.828813460872772,0.3243183107763019,0.391304347826087,0.0195043229292069,16.62802200073543,0.9582956389367884,0.6339773281604864,0.8703485912680016,0.5460302804916997,,,0,3.3306690738754696e-16,1.457167719820518e-16,3.3306690738754696e-16,5.898059818321144e-17,-0.1698142253755603,10,0.2
v2_depth,prespecified depth-onset and saturation study,U1-RZ-XY-line|n12|d6|i5|dir=gaussian|basis=Z|eta=0,U1-RZ-XY-line|n12|d6|i5,U1-RZ-XY-line,12,6,0.5,5,gaussian,Z,0.0,96,96,105,96,1.0,922,921,0.6071072726677924,0.2416807682954369,0.3970097833179558,0.0795464685150163,0.0891345261346516,12.57126832489396,0.008709438547172,10.715314452679566,1,11,0.6673378717336519,0.011943539630836,55.87437998788122,0.6553943321028158,0.011943539630836,0.0015013054259486,436.54963258971816,0.978247666386294,0.3228533342834783,0.9234497992755392,0.2680554671727234,,,0,8.881784197001252e-16,6.888250323483016e-16,1.1102230246251563e-15,1.3877787807814454e-16,-0.1065095246066736,10,0.2
v2_depth,prespecified depth-onset and saturation study,U1-RZ-XY-line|n12|d6|i5|dir=gaussian|basis=Z|eta=0,U1-RZ-XY-line|n12|d6|i5,U1-RZ-XY-line,12,6,0.5,5,gaussian,Z,0.0,96,96,105,96,1.0,922,921,0.6071072726677924,0.2416807682954369,0.3970097833179558,0.0795464685150163,0.0891345261346516,12.57126832489396,0.008709438547172,10.715314452679566,2,65,0.91241834833409,0.0705754614549402,12.928266135626105,0.8418428868791495,0.0705754614549402,0.0035395298247608,237.8403145496956,2.3063506807678147,1.4645077938886653,2.177157325692018,1.3353144388128686,,,0,8.881784197001252e-16,6.888250323483016e-16,1.1102230246251563e-15,1.3877787807814454e-16,-0.1065095246066736,10,0.2
v2_depth,prespecified depth-onset and saturation study,U1-RZ-XY-line|n12|d24|i5|dir=gaussian|basis=Z|eta=0,U1-RZ-XY-line|n12|d24|i5,U1-RZ-XY-line,12,24,2.0,5,gaussian,Z,0.0,96,96,420,96,1.0,924,923,0.6998390524221696,0.324353026063112,0.4645942111439435,0.0366886025110579,0.046723096234901,27.256421110577893,0.0016509660159119,24.611094792718767,1,11,0.3375973346125189,0.0119176598049837,28.32748544066863,0.3256796748075351,0.0119176598049837,0.0010785563557619,301.95888519654994,0.7043105137427393,0.3786308389352042,0.6220846673194598,0.2964049925119246,,,0,4.440892098500626e-16,4.634959088274479e-16,8.881784197001252e-16,9.714451465470121e-17,-0.1768987188012902,10,0.2
v2_depth,prespecified depth-onset and saturation study,U1-RZ-XY-line|n12|d24|i5|dir=gaussian|basis=Z|eta=0,U1-RZ-XY-line|n12|d24|i5,U1-RZ-XY-line,12,24,2.0,5,gaussian,Z,0.0,96,96,420,96,1.0,924,923,0.6998390524221696,0.324353026063112,0.4645942111439435,0.0366886025110579,0.046723096234901,27.256421110577893,0.0016509660159119,24.611094792718767,2,65,0.6125088814263971,0.0704225352112676,8.697626116254838,0.5420863462151295,0.0704225352112676,0.0025430178166591,213.16655458092217,1.6606217888751995,1.1185354426600702,1.4667498680180313,0.9246635218029018,,,0,4.440892098500626e-16,4.634959088274479e-16,8.881784197001252e-16,9.714451465470121e-17,-0.1768987188012902,10,0.2
v2_depth,prespecified depth-onset and saturation study,U1-RZ-XY-line|n12|d72|i5|dir=gaussian|basis=Z|eta=0,U1-RZ-XY-line|n12|d72|i5,U1-RZ-XY-line,12,72,6.0,5,gaussian,Z,0.0,96,96,1260,96,1.0,924,923,0.7315501580109126,0.3382387498278574,0.4634530935049845,0.0257547126654133,0.0359031010751486,38.827845334222125,0.0008515537705802,34.2684105944958,1,11,0.2931285064118618,0.0119176598049837,24.59614649255895,0.281210846606878,0.0119176598049837,0.0009420716921233,298.50259694466337,0.6151843563085337,0.3339735097016557,0.517831937202268,0.2366210905953898,,,0,0.0,1.9022728010386235e-16,0.0,6.938893903907227e-17,-0.2217893548000376,10,0.2
v2_depth,prespecified depth-onset and saturation study,U1-RZ-XY-line|n12|d72|i5|dir=gaussian|basis=Z|eta=0,U1-RZ-XY-line|n12|d72|i5,U1-RZ-XY-line,12,72,6.0,5,gaussian,Z,0.0,96,96,1260,96,1.0,924,923,0.7315501580109126,0.3382387498278574,0.4634530935049845,0.0257547126654133,0.0359031010751486,38.827845334222125,0.0008515537705802,34.2684105944958,2,65,0.5400927360088668,0.0704225352112676,7.669316851325908,0.4696702007975991,0.0704225352112676,0.0022212145752434,211.4474693405601,1.4504803298084332,0.980810129010834,1.2209430089632891,0.7512728081656902,,,0,0.0,1.9022728010386235e-16,0.0,6.938893903907227e-17,-0.2217893548000376,10,0.2
v2_depth,prespecified depth-onset and saturation study,RY-RZ-CZ-line|n8|d8|i10|dir=gaussian|basis=Z|eta=0,RY-RZ-CZ-line|n8|d8|i10,RY-RZ-CZ-line,8,8,1.0,10,gaussian,Z,0.0,96,96,128,96,1.0,256,255,0.9027776790316648,0.3675532168767315,0.4099571116544722,0.0330111844629792,0.0430839846248231,30.29276338513276,0.0015820219227473,25.14164855667069,1,8,0.1787483800935673,0.0313725490196078,5.697604615482459,0.1473758310739595,0.0313725490196078,0.0030492265736096,48.33220081100673,0.5508814114254963,0.4035055803515368,0.47477995270876,0.3274041216348006,,,0,1.2212453270876722e-15,5.187548361322358e-16,1.3322676295501878e-15,8.500145032286355e-17,-0.2712645238599726,10,0.2
v2_depth,prespecified depth-onset and saturation study,RY-RZ-CZ-line|n8|d8|i10|dir=gaussian|basis=Z|eta=0,RY-RZ-CZ-line|n8|d8|i10,RY-RZ-CZ-line,8,8,1.0,10,gaussian,Z,0.0,96,96,128,96,1.0,256,255,0.9027776790316648,0.3675532168767315,0.4099571116544722,0.0330111844629792,0.0430839846248231,30.29276338513276,0.0015820219227473,25.14164855667069,2,36,0.4109205809256342,0.1411764705882353,2.9106874482232423,0.2697441103373989,0.1411764705882353,0.0060907326058947,44.28762971408989,1.1003680092485324,0.8306238989111334,0.9483577782037884,0.6786136678663894,,,0,1.2212453270876722e-15,5.187548361322358e-16,1.3322676295501878e-15,8.500145032286355e-17,-0.2712645238599726,10,0.2
v2_depth,prespecified depth-onset and saturation study,RY-RZ-CZ-line|n8|d48|i6|dir=gaussian|basis=Z|eta=0,RY-RZ-CZ-line|n8|d48|i6,RY-RZ-CZ-line,8,48,6.0,6,gaussian,Z,0.0,96,96,768,96,1.0,256,255,0.9819766341039984,0.4739859437691966,0.4828216742881552,0.0097689901656217,0.0200838965180631,102.36472583615875,0.0001470810675826,82.45587662827435,1,8,0.0255803373092399,0.0313725490196078,0.8153732517320239,-0.0057922117103678,0.0313725490196078,0.0019588758603483,-2.956905962043871,0.3538957413317429,0.3481035296213751,0.2128656481318896,0.2070734364215218,,,0,6.661338147750939e-16,1.7011916369980958e-16,7.771561172376097e-16,4.163336342344337e-17,-0.3659430742465486,10,0.2
v2_depth,prespecified depth-onset and saturation study,RY-RZ-CZ-line|n8|d48|i6|dir=gaussian|basis=Z|eta=0,RY-RZ-CZ-line|n8|d48|i6,RY-RZ-CZ-line,8,48,6.0,6,gaussian,Z,0.0,96,96,768,96,1.0,256,255,0.9819766341039984,0.4739859437691966,0.4828216742881552,0.0097689901656217,0.0200838965180631,102.36472583615875,0.0001470810675826,82.45587662827435,2,36,0.1305604477544487,0.1411764705882353,0.9248031715940122,-0.0106160228337865,0.1411764705882353,0.0039127919114911,-2.7131580400708555,0.7068954302942746,0.6962794074604881,0.4251923274487986,0.4145763046150121,,,0,6.661338147750939e-16,1.7011916369980958e-16,7.771561172376097e-16,4.163336342344337e-17,-0.3659430742465486,10,0.2
v2_depth,prespecified depth-onset and saturation study,RY-RZ-CZ-line|n12|d12|i2|dir=gaussian|basis=Z|eta=0,RY-RZ-CZ-line|n12|d12|i2,RY-RZ-CZ-line,12,12,1.0,2,gaussian,Z,0.0,96,96,288,96,1.0,4096,4095,0.9136938738534696,0.3849833066929409,0.4237563211390292,0.0148140183590068,0.0250763723344338,67.50362904687556,0.0003070745109057,57.06608981725776,1,12,0.0947381490490925,0.0029304029304029,32.32939336300284,0.0918077461186896,0.0029304029304029,0.000188221318472,487.7648656591634,0.545080586559882,0.4532728404411923,0.4175230198747011,0.3257152737560114,,,0,2.220446049250313e-16,2.153573784974063e-16,4.440892098500626e-16,8.500145032286355e-17,-0.3256632776004752,10,0.2
v2_depth,prespecified depth-onset and saturation study,RY-RZ-CZ-line|n12|d12|i2|dir=gaussian|basis=Z|eta=0,RY-RZ-CZ-line|n12|d12|i2,RY-RZ-CZ-line,12,12,1.0,2,gaussian,Z,0.0,96,96,288,96,1.0,4096,4095,0.9136938738534696,0.3849833066929409,0.4237563211390292,0.0148140183590068,0.0250763723344338,67.50362904687556,0.0003070745109057,57.06608981725776,2,78,0.284334439616808,0.019047619047619,14.927558079882418,0.2652868205691889,0.019047619047619,0.0004759778199149,557.3512240897779,1.378410646439748,1.113123825870559,1.0558405305923264,0.7905537100231375,,,0,2.220446049250313e-16,2.153573784974063e-16,4.440892098500626e-16,8.500145032286355e-17,-0.3256632776004752,10,0.2
v2_depth,prespecified depth-onset and saturation study,RY-RZ-CZ-line|n12|d48|i10|dir=gaussian|basis=Z|eta=0,RY-RZ-CZ-line|n12|d48|i10,RY-RZ-CZ-line,12,48,4.0,10,gaussian,Z,0.0,96,96,1152,96,1.0,4096,4095,0.9821602842141678,0.4713276808693989,0.4799538289750293,0.003801000886757,0.0141780737941866,263.088599501269,2.5284275209832924e-05,198.87250566124703,1,12,0.00431575285965,0.0029304029304029,1.4727506633555956,0.0013853499292471,0.0029304029304029,0.0001409929473171,9.825668273540815,0.4083093193073657,0.4069239693781185,0.2062923493549197,0.2049069994256726,,,0,2.664535259100376e-15,4.3543508391559643e-16,2.664535259100376e-15,2.168404344971009e-17,-0.4120629484368081,10,0.2
v2_depth,prespecified depth-onset and saturation study,RY-RZ-CZ-line|n12|d48|i10|dir=gaussian|basis=Z|eta=0,RY-RZ-CZ-line|n12|d48|i10,RY-RZ-CZ-line,12,48,4.0,10,gaussian,Z,0.0,96,96,1152,96,1.0,4096,4095,0.9821602842141678,0.4713276808693989,0.4799538289750293,0.003801000886757,0.0141780737941866,263.088599501269,2.5284275209832924e-05,198.87250566124703,2,78,0.0224528678244843,0.019047619047619,1.1787755607854258,0.0034052487768652,0.019047619047619,0.0003565457740504,9.550663686685953,1.032540741041433,1.0291354922645677,0.521676202824461,0.5182709540475958,,,0,2.664535259100376e-15,4.3543508391559643e-16,2.664535259100376e-15,2.168404344971009e-17,-0.4120629484368081,10,0.2
v2_depth,prespecified depth-onset and saturation study,SU2-CNOT-line|n8|d4|i6|dir=gaussian|basis=Z|eta=0,SU2-CNOT-line|n8|d4|i6,SU2-CNOT-line,8,4,0.5,6,gaussian,Z,0.0,96,96,96,96,1.0,256,255,0.9308693036706694,0.3932186839032898,0.4255576326452388,0.0345114805532872,0.0445686526308572,28.975864957632147,0.0014813205985423,25.982172931653164,1,8,0.1184072917496187,0.0313725490196078,3.774232424519097,0.0870347427300108,0.0313725490196078,0.003106487820869,28.017088026330097,0.561226381190373,0.4741916384603621,0.4868694150544888,0.3998346723244779,,,0,2.220446049250313e-16,2.324529457808921e-16,4.440892098500626e-16,9.714451465470121e-17,-0.3081965430214972,10,0.2
v2_depth,prespecified depth-onset and saturation study,SU2-CNOT-line|n8|d4|i6|dir=gaussian|basis=Z|eta=0,SU2-CNOT-line|n8|d4|i6,SU2-CNOT-line,8,4,0.5,6,gaussian,Z,0.0,96,96,96,96,1.0,256,255,0.9308693036706694,0.3932186839032898,0.4255576326452388,0.0345114805532872,0.0445686526308572,28.975864957632147,0.0014813205985423,25.982172931653164,2,36,0.3911802461776053,0.1411764705882353,2.770860077091371,0.25000377558937,0.1411764705882353,0.0062051101168201,40.28998210872796,1.121031755655327,0.8710279800659573,0.9725060927744892,0.7225023171851191,,,0,2.220446049250313e-16,2.324529457808921e-16,4.440892098500626e-16,9.714451465470121e-17,-0.3081965430214972,10,0.2
v2_depth,prespecified depth-onset and saturation study,SU2-CNOT-line|n8|d32|i2|dir=gaussian|basis=Z|eta=0,SU2-CNOT-line|n8|d32|i2,SU2-CNOT-line,8,32,4.0,2,gaussian,Z,0.0,96,96,768,96,1.0,256,255,0.9848078033374636,0.4822336567835623,0.4896879549699513,0.0065242308947917,0.0168729368229709,153.2747715594024,5.211076074167187e-05,138.52759465831716,1,8,0.0333362261145833,0.0313725490196078,1.062592207402345,0.0019636770949755,0.0313725490196078,0.0017535283142648,1.119843391749714,0.3167971055667658,0.3148334284717903,0.1420143687878696,0.1400506916928941,,,0,1.1102230246251563e-16,7.318806362944028e-17,1.1102230246251563e-16,6.938893903907227e-17,-0.3950204522599102,10,0.2
v2_depth,prespecified depth-onset and saturation study,SU2-CNOT-line|n8|d32|i2|dir=gaussian|basis=Z|eta=0,SU2-CNOT-line|n8|d32|i2,SU2-CNOT-line,8,32,4.0,2,gaussian,Z,0.0,96,96,768,96,1.0,256,255,0.9848078033374636,0.4822336567835623,0.4896879549699513,0.0065242308947917,0.0168729368229709,153.2747715594024,5.211076074167187e-05,138.52759465831716,2,36,0.1447239057334607,0.1411764705882353,1.0251276656120136,0.0035474351452254,0.1411764705882353,0.0035026167525522,1.012795688435097,0.6327920912890426,0.6292446561438171,0.2836691618681155,0.28012172672289,,,0,1.1102230246251563e-16,7.318806362944028e-17,1.1102230246251563e-16,6.938893903907227e-17,-0.3950204522599102,10,0.2
v2_depth,prespecified depth-onset and saturation study,SU2-CNOT-line|n8|d64|i10|dir=gaussian|basis=Z|eta=0,SU2-CNOT-line|n8|d64|i10,SU2-CNOT-line,8,64,8.0,10,gaussian,Z,0.0,96,96,1536,96,1.0,256,255,0.9933494101497116,0.4912371391228205,0.4942038236240831,0.0054043566342976,0.015764727919357,185.03590115679933,3.673133234686337e-05,164.99913184752495,1,8,0.0303512168600793,0.0313725490196078,0.9674450374150302,-0.0010213321595284,0.0313725490196078,0.0016768288717579,-0.6090855046273908,0.3029403795663266,0.3019190474067981,0.1071921328238681,0.1061708006643397,,,0,1.3322676295501878e-15,2.879849965365824e-16,1.3322676295501878e-15,5.551115123125783e-17,-0.4106896876637798,10,0.2
v2_depth,prespecified depth-onset and saturation study,SU2-CNOT-line|n8|d64|i10|dir=gaussian|basis=Z|eta=0,SU2-CNOT-line|n8|d64|i10,SU2-CNOT-line,8,64,8.0,10,gaussian,Z,0.0,96,96,1536,96,1.0,256,255,0.9933494101497116,0.4912371391228205,0.4942038236240831,0.0054043566342976,0.015764727919357,185.03590115679933,3.673133234686337e-05,164.99913184752495,2,36,0.1358851789179147,0.1411764705882353,0.9625200173352292,-0.0052912916703205,0.1411764705882353,0.0033494120680023,-1.5797673033035735,0.6051137240623281,0.5998224323920075,0.2141128586954622,0.2088215670251416,,,0,1.3322676295501878e-15,2.879849965365824e-16,1.3322676295501878e-15,5.551115123125783e-17,-0.4106896876637798,10,0.2
v2_depth,prespecified depth-onset and saturation study,SU2-CNOT-line|n12|d24|i6|dir=gaussian|basis=Z|eta=0,SU2-CNOT-line|n12|d24|i6,SU2-CNOT-line,12,24,2.0,6,gaussian,Z,0.0,96,96,864,96,1.0,4096,4095,0.9776914010081444,0.4730459782504119,0.4839250279847014,0.0026589224131938,0.0130478919713897,376.0922075190655,1.0752334683482884e-05,304.96402644093547,1,12,0.002659196455635,0.0029304029304029,0.9074507904854604,-0.0002712064747678,0.0029304029304029,0.0001351540490628,-2.0066470568091184,0.3914001290459499,0.391128922571182,0.1699757415659125,0.1697045350911446,,,0,0.0,7.642756367017101e-17,0.0,2.255140518769849e-17,-0.4344545977743275,10,0.2
v2_depth,prespecified depth-onset and saturation study,SU2-CNOT-line|n12|d24|i6|dir=gaussian|basis=Z|eta=0,SU2-CNOT-line|n12|d24|i6,SU2-CNOT-line,12,24,2.0,6,gaussian,Z,0.0,96,96,864,96,1.0,4096,4095,0.9776914010081444,0.4730459782504119,0.4839250279847014,0.0026589224131938,0.0130478919713897,376.0922075190655,1.0752334683482884e-05,304.96402644093547,2,78,0.0178548590667329,0.019047619047619,0.9373801010034783,-0.0011927599808861,0.019047619047619,0.000341780251822,-3.4898446429469923,0.9897804438418728,0.9885876838609868,0.4298380415447163,0.4286452815638302,,,0,0.0,7.642756367017101e-17,0.0,2.255140518769849e-17,-0.4344545977743275,10,0.2
v2_depth,prespecified depth-onset and saturation study,SU2-CNOT-line|n12|d96|i2|dir=gaussian|basis=Z|eta=0,SU2-CNOT-line|n12|d96|i2,SU2-CNOT-line,12,96,8.0,2,gaussian,Z,0.0,96,96,3456,96,1.0,4096,4095,0.995564230509398,0.4947025113898478,0.4969180180449788,0.0007875624495454,0.011196025340696,1269.7405781308937,9.056746639392288e-07,1050.78506316486,1,12,0.0028793947799825,0.0029304029304029,0.9825934686690384,-5.100815042040005e-05,0.0029304029304029,0.0001249984726222,-0.4080701895817998,0.3619900302959692,0.3619390221455488,0.0806302624438026,0.0805792542933822,,,0,8.437694987151191e-15,6.023841320449222e-16,8.437694987151191e-15,1.908195823574488e-17,-0.4641773974165453,10,0.2
v2_depth,prespecified depth-onset and saturation study,SU2-CNOT-line|n12|d96|i2|dir=gaussian|basis=Z|eta=0,SU2-CNOT-line|n12|d96|i2,SU2-CNOT-line,12,96,8.0,2,gaussian,Z,0.0,96,96,3456,96,1.0,4096,4095,0.995564230509398,0.4947025113898478,0.4969180180449788,0.0007875624495454,0.011196025340696,1269.7405781308937,9.056746639392288e-07,1050.78506316486,2,78,0.0190039477720799,0.019047619047619,0.9977072580341996,-4.367127553905545e-05,0.019047619047619,0.0003160986277985,-0.1381571183753515,0.9154076002121466,0.9153639289366076,0.2038994139916201,0.203855742716081,,,0,8.437694987151191e-15,6.023841320449222e-16,8.437694987151191e-15,1.908195823574488e-17,-0.4641773974165453,10,0.2
v2_depth,prespecified depth-onset and saturation study,SU2-HaarU4-brickwork|n8|d8|i10|dir=gaussian|basis=Z|eta=0,SU2-HaarU4-brickwork|n8|d8|i10,SU2-HaarU4-brickwork,8,8,1.0,10,gaussian,Z,0.0,96,96,192,96,1.0,256,255,0.9291558609142604,0.4323976492591126,0.4643313620496225,0.0291972534459268,0.0393097820558651,34.24979688079199,0.0012770918337042,27.98265616133603,1,8,0.0687050986901378,0.0313725490196078,2.1899750207481445,0.03733254967053,0.0313725490196078,0.0028985732284566,12.879629641238378,0.5236639759839502,0.4863314263134202,0.4425627382191512,0.4052301885486212,,,0,2.997602166487923e-15,1.365297908906708e-15,3.1086244689504387e-15,1.0408340855860844e-16,-0.2996837711836899,10,0.2
v2_depth,prespecified depth-onset and saturation study,SU2-HaarU4-brickwork|n8|d8|i10|dir=gaussian|basis=Z|eta=0,SU2-HaarU4-brickwork|n8|d8|i10,SU2-HaarU4-brickwork,8,8,1.0,10,gaussian,Z,0.0,96,96,192,96,1.0,256,255,0.9291558609142604,0.4323976492591126,0.4643313620496225,0.0291972534459268,0.0393097820558651,34.24979688079199,0.0012770918337042,27.98265616133603,2,36,0.2005424029047724,0.1411764705882353,1.420508687242138,0.0593659323165371,0.1411764705882353,0.0057898073649001,10.253524612310002,1.0460020520161657,0.9866361196996284,0.8840049221512867,0.8246389898347496,,,0,2.997602166487923e-15,1.365297908906708e-15,3.1086244689504387e-15,1.0408340855860844e-16,-0.2996837711836899,10,0.2
v2_depth,prespecified depth-onset and saturation study,SU2-HaarU4-brickwork|n8|d48|i6|dir=gaussian|basis=Z|eta=0,SU2-HaarU4-brickwork|n8|d48|i6,SU2-HaarU4-brickwork,8,48,6.0,6,gaussian,Z,0.0,96,96,1152,96,1.0,256,255,0.970852401771806,0.4791014443470273,0.49328215455849,0.0074953479763105,0.0178339381015573,133.41608730649298,7.608775763662709e-05,114.64169731811891,1,8,0.0288617212401364,0.0313725490196078,0.919967364529348,-0.0025108277794714,0.0313725490196078,0.0018174208628377,-1.381533485618216,0.3283401039264145,0.325829276146943,0.1664129990367881,0.1639021712573166,,,0,8.215650382226158e-15,1.3487653516986302e-15,8.215650382226158e-15,5.551115123125783e-17,-0.3538736239964606,10,0.2
v2_depth,prespecified depth-onset and saturation study,SU2-HaarU4-brickwork|n8|d48|i6|dir=gaussian|basis=Z|eta=0,SU2-HaarU4-brickwork|n8|d48|i6,SU2-HaarU4-brickwork,8,48,6.0,6,gaussian,Z,0.0,96,96,1152,96,1.0,256,255,0.970852401771806,0.4791014443470273,0.49328215455849,0.0074953479763105,0.0178339381015573,133.41608730649298,7.608775763662709e-05,114.64169731811891,2,36,0.137242083704155,0.1411764705882353,0.9721314262377646,-0.0039343868840802,0.1411764705882353,0.0036302400758678,-1.083781458486531,0.6558488615164102,0.6519144746323299,0.3324046458371991,0.3284702589531189,,,0,8.215650382226158e-15,1.3487653516986302e-15,8.215650382226158e-15,5.551115123125783e-17,-0.3538736239964606,10,0.2
v2_depth,prespecified depth-onset and saturation study,SU2-HaarU4-brickwork|n12|d12|i2|dir=gaussian|basis=Z|eta=0,SU2-HaarU4-brickwork|n12|d12|i2,SU2-HaarU4-brickwork,12,12,1.0,2,gaussian,Z,0.0,96,96,432,96,1.0,4096,4095,0.9242013282647552,0.4331587708508193,0.4689418024699135,0.0107146575168192,0.0210197131676856,93.33009463254048,0.0001835473268579,73.81182918676573,1,12,0.014275355864321,0.0029304029304029,4.871465188699546,0.011344952933918,0.0029304029304029,0.0001721620138108,65.89695765513238,0.4985735528429142,0.4872285999089961,0.353945328217983,0.3426003752840649,,,0,2.886579864025407e-15,1.032183791955799e-15,2.7755575615628917e-15,3.122502256758253e-17,-0.3426857719190926,10,0.2
v2_depth,prespecified depth-onset and saturation study,SU2-HaarU4-brickwork|n12|d12|i2|dir=gaussian|basis=Z|eta=0,SU2-HaarU4-brickwork|n12|d12|i2,SU2-HaarU4-brickwork,12,12,1.0,2,gaussian,Z,0.0,96,96,432,96,1.0,4096,4095,0.9242013282647552,0.4331587708508193,0.4689418024699135,0.0107146575168192,0.0210197131676856,93.33009463254048,0.0001835473268579,73.81182918676573,2,78,0.0461680741612624,0.019047619047619,2.423823893466277,0.0271204551136433,0.019047619047619,0.0004353667303529,62.29335689398852,1.260802733058745,1.2336822779451015,0.8950639973300175,0.8679435422163742,,,0,2.886579864025407e-15,1.032183791955799e-15,2.7755575615628917e-15,3.122502256758253e-17,-0.3426857719190926,10,0.2
v2_depth,prespecified depth-onset and saturation study,SU2-HaarU4-brickwork|n12|d48|i10|dir=gaussian|basis=Z|eta=0,SU2-HaarU4-brickwork|n12|d48|i10,SU2-HaarU4-brickwork,12,48,4.0,10,gaussian,Z,0.0,96,96,1728,96,1.0,4096,4095,0.988881381637427,0.4891370555006129,0.4945668687342168,0.0024372612318375,0.0128285397606725,410.2966013397177,9.515219372002568e-06,324.18326903583005,1,12,0.0025289916776709,0.0029304029304029,0.8630184100052072,-0.0004014112527319,0.0029304029304029,0.0001339913213731,-2.995800389296504,0.3880329212488457,0.3876315099961137,0.1619864600005536,0.1615850487478216,,,0,1.199040866595169e-14,2.5708659068632534e-15,1.1768364061026661e-14,1.9949319973733282e-17,-0.4426775754720452,10,0.2
v2_depth,prespecified depth-onset and saturation study,SU2-HaarU4-brickwork|n12|d48|i10|dir=gaussian|basis=Z|eta=0,SU2-HaarU4-brickwork|n12|d48|i10,SU2-HaarU4-brickwork,12,48,4.0,10,gaussian,Z,0.0,96,96,1728,96,1.0,4096,4095,0.988881381637427,0.4891370555006129,0.4945668687342168,0.0024372612318375,0.0128285397606725,410.2966013397177,9.515219372002568e-06,324.18326903583005,2,78,0.0177644957642085,0.019047619047619,0.9326360276209482,-0.0012831232834105,0.019047619047619,0.0003388399228761,-3.786812582528374,0.9812653816827228,0.9799822583993124,0.4096345871590121,0.4083514638756016,,,0,1.199040866595169e-14,2.5708659068632534e-15,1.1768364061026661e-14,1.9949319973733282e-17,-0.4426775754720452,10,0.2
v2_depth,prespecified depth-onset and saturation study,U1-RZ-XY-line|n8|d4|i6|dir=gaussian|basis=Z|eta=0,U1-RZ-XY-line|n8|d4|i6,U1-RZ-XY-line,8,4,0.5,6,gaussian,Z,0.0,96,96,46,96,1.0,70,69,0.5652717079044888,0.2729559139365148,0.4719889934812341,0.1511279953358559,0.1599704120511074,6.616907726312868,0.029231941221504,5.848859266521679,1,7,0.8326172943860426,0.1014492753623188,8.207227616090991,0.7311680190237237,0.1014492753623188,0.0194692776039491,37.55496397439086,0.9565737754052208,0.225405756381497,0.927046853273196,0.1958788342494722,,,0,0.0,1.2500846347099682e-16,0.0,6.938893903907227e-17,-0.0657855438327305,10,0.2
v2_depth,prespecified depth-onset and saturation study,U1-RZ-XY-line|n8|d4|i6|dir=gaussian|basis=Z|eta=0,U1-RZ-XY-line|n8|d4|i6,U1-RZ-XY-line,8,4,0.5,6,gaussian,Z,0.0,96,96,46,96,1.0,70,69,0.5652717079044888,0.2729559139365148,0.4719889934812341,0.1511279953358559,0.1599704120511074,6.616907726312868,0.029231941221504,5.848859266521679,2,27,0.9975017713554172,0.391304347826087,2.5491711934638435,0.6061974235293301,0.391304347826087,0.0314710693587036,19.26205355845908,1.5462514965829233,0.9400540730535932,1.498522770675933,0.8923253471466028,,,0,0.0,1.2500846347099682e-16,0.0,6.938893903907227e-17,-0.0657855438327305,10,0.2
v2_depth,prespecified depth-onset and saturation study,U1-RZ-XY-line|n8|d16|i6|dir=gaussian|basis=Z|eta=0,U1-RZ-XY-line|n8|d16|i6,U1-RZ-XY-line,8,16,2.0,6,gaussian,Z,0.0,96,96,184,96,1.0,70,69,0.739983191383199,0.3209077106092087,0.4481211469588813,0.0751815348964285,0.0848150605745907,13.30113838960083,0.0071787304492148,11.80255890841666,1,7,0.4392652608367769,0.1014492753623188,4.329900428248229,0.337815985474458,0.1014492753623188,0.0135362460895257,24.95640100218455,0.6650692588637909,0.3272532733893328,0.617837874149144,0.2800218886746859,,,0,0.0,1.5269508632971128e-16,0.0,8.326672684688674e-17,-0.1497921164446341,10,0.2
v2_depth,prespecified depth-onset and saturation study,U1-RZ-XY-line|n8|d16|i6|dir=gaussian|basis=Z|eta=0,U1-RZ-XY-line|n8|d16|i6,U1-RZ-XY-line,8,16,2.0,6,gaussian,Z,0.0,96,96,184,96,1.0,70,69,0.739983191383199,0.3209077106092087,0.4481211469588813,0.0751815348964285,0.0848150605745907,13.30113838960083,0.0071787304492148,11.80255890841666,2,27,0.7214755290580319,0.391304347826087,1.843770796481637,0.3301711812319449,0.391304347826087,0.0218806341049622,15.089653236195108,1.0750496859625904,0.7448785047306454,0.998702621911238,0.668531440679293,,,0,0.0,1.5269508632971128e-16,0.0,8.326672684688674e-17,-0.1497921164446341,10,0.2
v2_depth,prespecified depth-onset and saturation study,U1-RZ-XY-line|n8|d48|i6|dir=gaussian|basis=Z|eta=0,U1-RZ-XY-line|n8|d48|i6,U1-RZ-XY-line,8,48,6.0,6,gaussian,Z,0.0,96,96,552,96,1.0,70,69,0.7291704920968497,0.3372068971208404,0.4668394921633228,0.0619048729489148,0.0716766971890303,16.1538171772878,0.0047908386967581,14.447550647229116,1,7,0.3854585825879962,0.1014492753623188,3.799520314081677,0.2840093072256773,0.1014492753623188,0.0122064320431205,23.26718456485764,0.599732204822363,0.3157228975966856,0.5460909807323118,0.2620816735066344,,,0,2.220446049250313e-16,1.73507038598447e-16,3.3306690738754696e-16,5.898059818321144e-17,-0.1209176416413008,10,0.2
v2_depth,prespecified depth-onset and saturation study,U1-RZ-XY-line|n8|d48|i6|dir=gaussian|basis=Z|eta=0,U1-RZ-XY-line|n8|d48|i6,U1-RZ-XY-line,8,48,6.0,6,gaussian,Z,0.0,96,96,552,96,1.0,70,69,0.7291704920968497,0.3372068971208404,0.4668394921633228,0.0619048729489148,0.0716766971890303,16.1538171772878,0.0047908386967581,14.447550647229116,2,27,0.7488483203050942,0.391304347826087,1.9137234852241296,0.3575439724790072,0.391304347826087,0.0197310592239656,18.12087067503849,0.9694357540407372,0.61189178156173,0.8827275197567211,0.525183547277714,,,0,2.220446049250313e-16,1.73507038598447e-16,3.3306690738754696e-16,5.898059818321144e-17,-0.1209176416413008,10,0.2
v2_depth,prespecified depth-onset and saturation study,U1-RZ-XY-line|n12|d6|i6|dir=gaussian|basis=Z|eta=0,U1-RZ-XY-line|n12|d6|i6,U1-RZ-XY-line,12,6,0.5,6,gaussian,Z,0.0,96,96,105,96,1.0,899,898,0.5645207797230525,0.2020696746603391,0.3701197520583379,0.0749062871501447,0.0845426799923307,13.350014238398511,0.0066843602582965,12.23122839210244,1,11,0.6912264296877907,0.0122494432071269,56.42921216905783,0.6789769864806637,0.0122494432071269,0.0014985673634488,453.0840608446503,0.9520916327952934,0.2731146463146296,0.8954197903162645,0.2164428038356007,,,0,4.440892098500626e-16,4.261509841902667e-16,2.220446049250313e-16,9.714451465470121e-17,-0.0993154285278511,10,0.2
v2_depth,prespecified depth-onset and saturation study,U1-RZ-XY-line|n12|d6|i6|dir=gaussian|basis=Z|eta=0,U1-RZ-XY-line|n12|d6|i6,U1-RZ-XY-line,12,6,0.5,6,gaussian,Z,0.0,96,96,105,96,1.0,899,898,0.5645207797230525,0.2020696746603391,0.3701197520583379,0.0749062871501447,0.0845426799923307,13.350014238398511,0.0066843602582965,12.23122839210244,2,65,0.9585316029043106,0.0723830734966592,13.242482760124169,0.8861485294076513,0.0723830734966592,0.0035301836290786,251.02051975662292,2.24284765400302,1.356699124595368,2.1093454735679904,1.223196944160339,,,0,4.440892098500626e-16,4.261509841902667e-16,2.220446049250313e-16,9.714451465470121e-17,-0.0993154285278511,10,0.2
v2_depth,prespecified depth-onset and saturation study,U1-RZ-XY-line|n12|d24|i6|dir=gaussian|basis=Z|eta=0,U1-RZ-XY-line|n12|d24|i6,U1-RZ-XY-line,12,24,2.0,6,gaussian,Z,0.0,96,96,420,96,1.0,924,923,0.709301856719654,0.3141126541359274,0.4447697356321718,0.0337188238249309,0.0437842527434212,29.657024965996023,0.0015383319508496,25.49617138666424,1,11,0.3523561558973586,0.0119176598049837,29.56588471756928,0.3404384960923748,0.0119176598049837,0.001043253225396,326.3239334468581,0.6812571371139909,0.3408186410216161,0.5955762660645718,0.2551377699721969,,,0,1.5543122344752194e-15,7.105169854919053e-16,1.5543122344752194e-15,1.1449174941446927e-16,-0.1916355301323767,10,0.2
v2_depth,prespecified depth-onset and saturation study,U1-RZ-XY-line|n12|d24|i6|dir=gaussian|basis=Z|eta=0,U1-RZ-XY-line|n12|d24|i6,U1-RZ-XY-line,12,24,2.0,6,gaussian,Z,0.0,96,96,420,96,1.0,924,923,0.709301856719654,0.3141126541359274,0.4447697356321718,0.0337188238249309,0.0437842527434212,29.657024965996023,0.0015383319508496,25.49617138666424,2,65,0.5982695238727005,0.0704225352112676,8.495427238992347,0.5278469886614329,0.0704225352112676,0.0024597801730954,214.5911225868489,1.6062665878809557,1.078419599219523,1.4042484175169068,0.8764014288554739,,,0,1.5543122344752194e-15,7.105169854919053e-16,1.5543122344752194e-15,1.1449174941446927e-16,-0.1916355301323767,10,0.2
v2_depth,prespecified depth-onset and saturation study,U1-RZ-XY-line|n12|d72|i6|dir=gaussian|basis=Z|eta=0,U1-RZ-XY-line|n12|d72|i6,U1-RZ-XY-line,12,72,6.0,6,gaussian,Z,0.0,96,96,1260,96,1.0,924,923,0.7657658832169343,0.357976848357358,0.4689584839371341,0.0250557737970123,0.0352114428199601,39.9109605674697,0.0008301817690273,34.7067065690439,1,11,0.3256301630871585,0.0119176598049837,27.323330957222485,0.3137125032821747,0.0119176598049837,0.0009326681011315,336.360279612402,0.6090436961871658,0.295331192904991,0.5104441345597789,0.1967316312776041,,,0,2.220446049250313e-15,1.2420668543862436e-15,2.4424906541753444e-15,9.020562075079396e-17,-0.2486909163124855,10,0.2
v2_depth,prespecified depth-onset and saturation study,U1-RZ-XY-line|n12|d72|i6|dir=gaussian|basis=Z|eta=0,U1-RZ-XY-line|n12|d72|i6,U1-RZ-XY-line,12,72,6.0,6,gaussian,Z,0.0,96,96,1260,96,1.0,924,923,0.7657658832169343,0.357976848357358,0.4689584839371341,0.0250557737970123,0.0352114428199601,39.9109605674697,0.0008301817690273,34.7067065690439,2,65,0.5746775605400195,0.0704225352112676,8.160421359668277,0.5042550253287519,0.0704225352112676,0.0021990428089699,229.30659797612068,1.4360018948047706,0.9317468694760188,1.2035240640510054,0.6992690387222535,,,0,2.220446049250313e-15,1.2420668543862436e-15,2.4424906541753444e-15,9.020562075079396e-17,-0.2486909163124855,10,0.2
v2_depth,prespecified depth-onset and saturation study,RY-RZ-CZ-line|n8|d8|i11|dir=gaussian|basis=Z|eta=0,RY-RZ-CZ-line|n8|d8|i11,RY-RZ-CZ-line,8,8,1.0,11,gaussian,Z,0.0,96,96,128,96,1.0,256,255,0.8872843281155655,0.3737985211430074,0.4221700343699756,0.0359319606329706,0.0459743360430438,27.83037670041344,0.0017761717503114,23.72780260806721,1,8,0.1719174653845349,0.0313725490196078,5.479869209132053,0.1405449163649271,0.0313725490196078,0.0031597465502502,44.479806886344896,0.5708482453923254,0.4303033290273982,0.4980453345886469,0.3575004182237198,,,0,4.440892098500626e-16,1.65536618275186e-16,2.220446049250313e-16,1.3877787807814454e-16,-0.2203694955071765,10,0.2
v2_depth,prespecified depth-onset and saturation study,RY-RZ-CZ-line|n8|d8|i11|dir=gaussian|basis=Z|eta=0,RY-RZ-CZ-line|n8|d8|i11,RY-RZ-CZ-line,8,8,1.0,11,gaussian,Z,0.0,96,96,128,96,1.0,256,255,0.8872843281155655,0.3737985211430074,0.4221700343699756,0.0359319606329706,0.0459743360430438,27.83037670041344,0.0017761717503114,23.72780260806721,2,36,0.3813867551275762,0.1411764705882353,2.7014895154869984,0.2402102845393409,0.1411764705882353,0.0063114927262327,38.05918741551356,1.1402511218157587,0.9000408372764177,0.9948296347823804,0.7546193502430394,,,0,4.440892098500626e-16,1.65536618275186e-16,2.220446049250313e-16,1.3877787807814454e-16,-0.2203694955071765,10,0.2
v2_depth,prespecified depth-onset and saturation study,RY-RZ-CZ-line|n8|d48|i7|dir=gaussian|basis=Z|eta=0,RY-RZ-CZ-line|n8|d48|i7,RY-RZ-CZ-line,8,48,6.0,7,gaussian,Z,0.0,96,96,768,96,1.0,256,255,0.9888030966888778,0.4800321199775486,0.4858176978601183,0.009564372937437,0.0198814107193387,104.55468503175796,0.0001371484784141,85.38950640973566,1,8,0.0264102312614781,0.0313725490196078,0.8418261214596171,-0.0049623177581296,0.0313725490196078,0.0019465665350586,-2.549266962498187,0.3516719057703052,0.3467095880121756,0.2091081089802683,0.2041457912221386,,,0,1.9984014443252818e-15,4.43020662792098e-16,1.9984014443252818e-15,4.8572257327350605e-17,-0.3497425319707998,10,0.2
v2_depth,prespecified depth-onset and saturation study,RY-RZ-CZ-line|n8|d48|i7|dir=gaussian|basis=Z|eta=0,RY-RZ-CZ-line|n8|d48|i7,RY-RZ-CZ-line,8,48,6.0,7,gaussian,Z,0.0,96,96,768,96,1.0,256,255,0.9888030966888778,0.4800321199775486,0.4858176978601183,0.009564372937437,0.0198814107193387,104.55468503175796,0.0001371484784141,85.38950640973566,2,36,0.1355413947571977,0.1411764705882353,0.9600848795301508,-0.0056350758310375,0.1411764705882353,0.0038882044277183,-1.4492745779687088,0.7024533898498473,0.6968183140188098,0.4176867631110152,0.4120516872799777,,,0,1.9984014443252818e-15,4.43020662792098e-16,1.9984014443252818e-15,4.8572257327350605e-17,-0.3497425319707998,10,0.2
v2_depth,prespecified depth-onset and saturation study,RY-RZ-CZ-line|n12|d12|i3|dir=gaussian|basis=Z|eta=0,RY-RZ-CZ-line|n12|d12|i3,RY-RZ-CZ-line,12,12,1.0,3,gaussian,Z,0.0,96,96,288,96,1.0,4096,4095,0.9274191659569284,0.4248282777177778,0.4583165314815585,0.0134977162180268,0.023773781674089,74.08660723393008,0.0002743995462836,60.36821096102742,1,12,0.0700057194624271,0.0029304029304029,23.889451766553265,0.0670753165320242,0.0029304029304029,0.000183218176895,366.0953168989519,0.5305917105517064,0.4635163940196822,0.3982161900040537,0.3311408734720295,,,0,8.881784197001252e-16,4.3715031594615544e-16,9.992007221626409e-16,8.933825901280557e-17,-0.3575103555333183,10,0.2
v2_depth,prespecified depth-onset and saturation study,RY-RZ-CZ-line|n12|d12|i3|dir=gaussian|basis=Z|eta=0,RY-RZ-CZ-line|n12|d12|i3,RY-RZ-CZ-line,12,12,1.0,3,gaussian,Z,0.0,96,96,288,96,1.0,4096,4095,0.9274191659569284,0.4248282777177778,0.4583165314815585,0.0134977162180268,0.023773781674089,74.08660723393008,0.0002743995462836,60.36821096102742,2,78,0.1720862247812939,0.019047619047619,9.034526801017932,0.1530386057336749,0.019047619047619,0.0004633257758219,330.30453672078573,1.3417708881415118,1.1887322824078368,1.0070170345829386,0.8539784288492636,,,0,8.881784197001252e-16,4.3715031594615544e-16,9.992007221626409e-16,8.933825901280557e-17,-0.3575103555333183,10,0.2
v2_depth,prespecified depth-onset and saturation study,RY-RZ-CZ-line|n12|d48|i11|dir=gaussian|basis=Z|eta=0,RY-RZ-CZ-line|n12|d48|i11,RY-RZ-CZ-line,12,48,4.0,11,gaussian,Z,0.0,96,96,1152,96,1.0,4096,4095,0.974912043083064,0.4679817226408603,0.4801245230720659,0.0038044307330808,0.0141814679129445,262.8514146162923,2.3260158301195527e-05,207.34504768952937,1,12,0.0041965904630777,0.0029304029304029,1.4320864955252908,0.0012661875326748,0.0029304029304029,0.000141010118338,8.979409049491368,0.4083590458220714,0.4070928582893966,0.2063917899245922,0.2051256023919173,,,0,1.1102230246251563e-15,2.9663898246203997e-16,1.1102230246251563e-15,1.951563910473908e-17,-0.3975432233829505,10,0.2
v2_depth,prespecified depth-onset and saturation study,RY-RZ-CZ-line|n12|d48|i11|dir=gaussian|basis=Z|eta=0,RY-RZ-CZ-line|n12|d48|i11,RY-RZ-CZ-line,12,48,4.0,11,gaussian,Z,0.0,96,96,1152,96,1.0,4096,4095,0.974912043083064,0.4679817226408603,0.4801245230720659,0.0038044307330808,0.0141814679129445,262.8514146162923,2.3260158301195527e-05,207.34504768952937,2,78,0.0214020130142291,0.019047619047619,1.1236056832470305,0.0023543939666101,0.019047619047619,0.0003565891964702,6.602538691343234,1.0326664904424767,1.0303120964758663,0.5219276701181131,0.5195732761515031,,,0,1.1102230246251563e-15,2.9663898246203997e-16,1.1102230246251563e-15,1.951563910473908e-17,-0.3975432233829505,10,0.2
v2_depth,prespecified depth-onset and saturation study,SU2-CNOT-line|n8|d4|i7|dir=gaussian|basis=Z|eta=0,SU2-CNOT-line|n8|d4|i7,SU2-CNOT-line,8,4,0.5,7,gaussian,Z,0.0,96,96,96,96,1.0,256,255,0.8851637295097321,0.3784805017758502,0.4300265183614839,0.0318242036919235,0.0419093682367993,31.422624417583886,0.001384465361164,26.875648525662957,1,8,0.0842759469976971,0.0313725490196078,2.686295810551595,0.0529033979780892,0.0313725490196078,0.0030031500156661,17.6159691331154,0.5425570974852842,0.489653699507195,0.464992544268281,0.4120891462901918,,,0,5.551115123125784e-16,3.281563153149569e-16,6.661338147750939e-16,6.245004513516506e-17,-0.260687425171816,10,0.2
v2_depth,prespecified depth-onset and saturation study,SU2-CNOT-line|n8|d4|i7|dir=gaussian|basis=Z|eta=0,SU2-CNOT-line|n8|d4|i7,SU2-CNOT-line,8,4,0.5,7,gaussian,Z,0.0,96,96,96,96,1.0,256,255,0.8851637295097321,0.3784805017758502,0.4300265183614839,0.0318242036919235,0.0419093682367993,31.422624417583886,0.001384465361164,26.875648525662957,2,36,0.3016401866047564,0.1411764705882353,2.136617988450358,0.1604637160165211,0.1411764705882353,0.0059986961543358,26.749765597068745,1.0837404582570251,0.923276742240504,0.9288077427188668,0.7683440267023456,,,0,5.551115123125784e-16,3.281563153149569e-16,6.661338147750939e-16,6.245004513516506e-17,-0.260687425171816,10,0.2
v2_depth,prespecified depth-onset and saturation study,SU2-CNOT-line|n8|d32|i3|dir=gaussian|basis=Z|eta=0,SU2-CNOT-line|n8|d32|i3,SU2-CNOT-line,8,32,4.0,3,gaussian,Z,0.0,96,96,768,96,1.0,256,255,0.986416520108036,0.4819067155959387,0.4888154005522331,0.0070350004298912,0.0173783858420799,142.14640211691557,6.482086205740982e-05,124.20600658704063,1,8,0.032243789176463,0.0313725490196078,1.027770779999759,0.0008712401568551,0.0313725490196078,0.0017874180301249,0.4874294329425889,0.3229197120885014,0.3220484719316462,0.1553256066615942,0.154454366504739,,,0,7.771561172376097e-16,1.5517777816400342e-16,8.881784197001252e-16,5.2041704279304207e-17,-0.3703670207544253,10,0.2
v2_depth,prespecified depth-onset and saturation study,SU2-CNOT-line|n8|d32|i3|dir=gaussian|basis=Z|eta=0,SU2-CNOT-line|n8|d32|i3,SU2-CNOT-line,8,32,4.0,3,gaussian,Z,0.0,96,96,768,96,1.0,256,255,0.986416520108036,0.4819067155959387,0.4888154005522331,0.0070350004298912,0.0173783858420799,142.14640211691557,6.482086205740982e-05,124.20600658704063,2,36,0.1435447449492785,0.1411764705882353,1.016775276724056,0.0023682743610432,0.1411764705882353,0.0035703103766273,0.6633245043755519,0.6450218020943155,0.6426535277332722,0.3102579339993839,0.3078896596383407,,,0,7.771561172376097e-16,1.5517777816400342e-16,8.881784197001252e-16,5.2041704279304207e-17,-0.3703670207544253,10,0.2
v2_depth,prespecified depth-onset and saturation study,SU2-CNOT-line|n8|d64|i11|dir=gaussian|basis=Z|eta=0,SU2-CNOT-line|n8|d64|i11,SU2-CNOT-line,8,64,8.0,11,gaussian,Z,0.0,96,96,1536,96,1.0,256,255,0.9876378819379392,0.4914091564598113,0.4977812508903041,0.0053847232696089,0.0157452990688838,185.7105648574264,3.677435595430782e-05,164.90258446812015,1,8,0.0313710166834275,0.0313725490196078,0.9999511567842516,-1.5323361803459834e-06,0.0313725490196078,0.0016754528778575,-0.0009145802908557,0.3026917888356321,0.3026902564994518,0.1064801108723529,0.1064785785361725,,,0,1.7763568394002505e-15,3.05316895187633e-16,1.7763568394002505e-15,4.597017211338539e-17,-0.3958478314340933,10,0.2
v2_depth,prespecified depth-onset and saturation study,SU2-CNOT-line|n8|d64|i11|dir=gaussian|basis=Z|eta=0,SU2-CNOT-line|n8|d64|i11,SU2-CNOT-line,8,64,8.0,11,gaussian,Z,0.0,96,96,1536,96,1.0,256,255,0.9876378819379392,0.4914091564598113,0.4977812508903041,0.0053847232696089,0.0157452990688838,185.7105648574264,3.677435595430782e-05,164.90258446812015,2,36,0.1381226601123101,0.1411764705882353,0.9783688424621968,-0.0030538104759251,0.1411764705882353,0.0033466635641727,-0.9124940160156232,0.6046171720244874,0.6015633615485623,0.212690617608578,0.2096368071326529,,,0,1.7763568394002505e-15,3.05316895187633e-16,1.7763568394002505e-15,4.597017211338539e-17,-0.3958478314340933,10,0.2
v2_depth,prespecified depth-onset and saturation study,SU2-CNOT-line|n12|d24|i7|dir=gaussian|basis=Z|eta=0,SU2-CNOT-line|n12|d24|i7,SU2-CNOT-line,12,24,2.0,7,gaussian,Z,0.0,96,96,864,96,1.0,4096,4095,0.985182869518128,0.4778254943486211,0.48500086721633,0.0028987999615906,0.0132852707953241,344.9703371222831,1.1757500149281024e-05,291.6369203786567,1,12,0.0026783229554757,0.0029304029304029,0.9139777085560886,-0.0002520799749272,0.0029304029304029,0.0001364011647482,-1.8480778766987147,0.3950117207339337,0.3947596407590065,0.1782185401331596,0.1779664601582324,,,0,3.774758283725532e-15,7.875644655563159e-16,3.774758283725532e-15,2.775557561562892e-17,-0.4501576264179914,10,0.2
v2_depth,prespecified depth-onset and saturation study,SU2-CNOT-line|n12|d24|i7|dir=gaussian|basis=Z|eta=0,SU2-CNOT-line|n12|d24|i7,SU2-CNOT-line,12,24,2.0,7,gaussian,Z,0.0,96,96,864,96,1.0,4096,4095,0.985182869518128,0.4778254943486211,0.48500086721633,0.0028987999615906,0.0132852707953241,344.9703371222831,1.1757500149281024e-05,291.6369203786567,2,78,0.0178235406391923,0.019047619047619,0.9357358835575992,-0.0012240784084266,0.019047619047619,0.0003449339828123,-3.5487324224953887,0.9989135088529184,0.9976894304444918,0.4506825947753854,0.4494585163669587,,,0,3.774758283725532e-15,7.875644655563159e-16,3.774758283725532e-15,2.775557561562892e-17,-0.4501576264179914,10,0.2
v2_depth,prespecified depth-onset and saturation study,SU2-CNOT-line|n12|d96|i3|dir=gaussian|basis=Z|eta=0,SU2-CNOT-line|n12|d96|i3,SU2-CNOT-line,12,96,8.0,3,gaussian,Z,0.0,96,96,3456,96,1.0,4096,4095,0.9944710946733728,0.4918411858082407,0.4945762927685415,0.000813419933063,0.0112216134754269,1229.3772986781803,1.0299147687839682e-06,985.3700480792978,1,12,0.0030028477937825,0.0029304029304029,1.0247218096282895,7.244486337960312e-05,0.0029304029304029,0.0001251444123016,0.5788901162043282,0.3624126651317638,0.3623402202683842,0.0825264790829092,0.0824540342195296,,,0,4.440892098500626e-16,6.462754449588596e-17,5.551115123125784e-16,2.5153490401663706e-17,-0.4621072750571049,10,0.2
v2_depth,prespecified depth-onset and saturation study,SU2-CNOT-line|n12|d96|i3|dir=gaussian|basis=Z|eta=0,SU2-CNOT-line|n12|d96|i3,SU2-CNOT-line,12,96,8.0,3,gaussian,Z,0.0,96,96,3456,96,1.0,4096,4095,0.9944710946733728,0.4918411858082407,0.4945762927685415,0.000813419933063,0.0112216134754269,1229.3772986781803,1.0299147687839682e-06,985.3700480792978,2,78,0.0187015154222251,0.019047619047619,0.9818295596668184,-0.0003461036253939,0.019047619047619,0.0003164676829671,-1.0936460309277425,0.9164763676046752,0.9161302639792814,0.2086946044052004,0.2083485007798065,,,0,4.440892098500626e-16,6.462754449588596e-17,5.551115123125784e-16,2.5153490401663706e-17,-0.4621072750571049,10,0.2
v2_depth,prespecified depth-onset and saturation study,SU2-HaarU4-brickwork|n8|d8|i11|dir=gaussian|basis=Z|eta=0,SU2-HaarU4-brickwork|n8|d8|i11,SU2-HaarU4-brickwork,8,8,1.0,11,gaussian,Z,0.0,96,96,192,96,1.0,256,255,0.956167477463586,0.4383018446291418,0.4597955841016001,0.0270939249163735,0.0372283631984946,36.90864291853397,0.0010032101019873,31.57214230605699,1,8,0.0888323728655201,0.0313725490196078,2.8315318850884545,0.0574598238459123,0.0313725490196078,0.0028120392420518,20.43350710994565,0.5080305150337139,0.4505706911878016,0.4237487973349162,0.3662889734890039,,,0,1.7763568394002505e-15,7.355963940489012e-16,1.7763568394002505e-15,6.938893903907227e-17,-0.2929556415867437,10,0.2
v2_depth,prespecified depth-onset and saturation study,SU2-HaarU4-brickwork|n8|d8|i11|dir=gaussian|basis=Z|eta=0,SU2-HaarU4-brickwork|n8|d8|i11,SU2-HaarU4-brickwork,8,8,1.0,11,gaussian,Z,0.0,96,96,192,96,1.0,256,255,0.956167477463586,0.4383018446291418,0.4597955841016001,0.0270939249163735,0.0372283631984946,36.90864291853397,0.0010032101019873,31.57214230605699,2,36,0.2290887971366976,0.1411764705882353,1.6227123130516083,0.0879123265484623,0.1411764705882353,0.0056169584932959,15.651233074516806,1.0147747135242713,0.9268623869758088,0.8464246766619087,0.7585123501134463,,,0,1.7763568394002505e-15,7.355963940489012e-16,1.7763568394002505e-15,6.938893903907227e-17,-0.2929556415867437,10,0.2
v2_depth,prespecified depth-onset and saturation study,SU2-HaarU4-brickwork|n8|d48|i7|dir=gaussian|basis=Z|eta=0,SU2-HaarU4-brickwork|n8|d48|i7,SU2-HaarU4-brickwork,8,48,6.0,7,gaussian,Z,0.0,96,96,1152,96,1.0,256,255,0.984953742986097,0.4873665866883129,0.4947178258079967,0.0074884330918577,0.0178270952471508,133.53928488555408,7.744104519741918e-05,113.63559677665472,1,8,0.0277795184128722,0.0313725490196078,0.885472149410303,-0.0035930306067355,0.0313725490196078,0.0018169738550157,-1.9774806317751696,0.328259346300207,0.3246663156934714,0.1662519253218043,0.1626588947150687,,,0,8.437694987151191e-15,1.4363547208560197e-15,8.659739592076221e-15,4.336808689942018e-17,-0.3737953246778853,10,0.2
v2_depth,prespecified depth-onset and saturation study,SU2-HaarU4-brickwork|n8|d48|i7|dir=gaussian|basis=Z|eta=0,SU2-HaarU4-brickwork|n8|d48|i7,SU2-HaarU4-brickwork,8,48,6.0,7,gaussian,Z,0.0,96,96,1152,96,1.0,256,255,0.984953742986097,0.4873665866883129,0.4947178258079967,0.0074884330918577,0.0178270952471508,133.53928488555408,7.744104519741918e-05,113.63559677665472,2,36,0.1343435885361444,0.1411764705882353,0.95160041879769,-0.0068328820520908,0.1411764705882353,0.003629347192033,-1.882675227955576,0.6556875507396469,0.648854668687556,0.3320829062405765,0.3252500241884857,,,0,8.437694987151191e-15,1.4363547208560197e-15,8.659739592076221e-15,4.336808689942018e-17,-0.3737953246778853,10,0.2
v2_depth,prespecified depth-onset and saturation study,SU2-HaarU4-brickwork|n12|d12|i3|dir=gaussian|basis=Z|eta=0,SU2-HaarU4-brickwork|n12|d12|i3,SU2-HaarU4-brickwork,12,12,1.0,3,gaussian,Z,0.0,96,96,432,96,1.0,4096,4095,0.9020205262982391,0.4213333014725022,0.4677675215373582,0.0124370413768873,0.0227241555292114,80.40497492099487,0.0002409336175538,64.42453598619477,1,12,0.0304535977218133,0.0029304029304029,10.39229022256879,0.0275231947914103,0.0029304029304029,0.0001790849863492,153.6878961909796,0.5186221741287425,0.4910989793373321,0.3819493871491651,0.3544261923577548,,,0,5.551115123125784e-16,2.445437167583594e-16,6.661338147750939e-16,4.510281037539698e-17,-0.3105251315103835,10,0.2
v2_depth,prespecified depth-onset and saturation study,SU2-HaarU4-brickwork|n12|d12|i3|dir=gaussian|basis=Z|eta=0,SU2-HaarU4-brickwork|n12|d12|i3,SU2-HaarU4-brickwork,12,12,1.0,3,gaussian,Z,0.0,96,96,432,96,1.0,4096,4095,0.9020205262982391,0.4213333014725022,0.4677675215373582,0.0124370413768873,0.0227241555292114,80.40497492099487,0.0002409336175538,64.42453598619477,2,78,0.0908177580829041,0.019047619047619,4.767932299352468,0.0717701390352851,0.019047619047619,0.0004528736812281,158.4771692641884,1.3115020859768811,1.2397319469415962,0.9658812194547076,0.8941110804194226,,,0,5.551115123125784e-16,2.445437167583594e-16,6.661338147750939e-16,4.510281037539698e-17,-0.3105251315103835,10,0.2
v2_depth,prespecified depth-onset and saturation study,SU2-HaarU4-brickwork|n12|d48|i11|dir=gaussian|basis=Z|eta=0,SU2-HaarU4-brickwork|n12|d48|i11,SU2-HaarU4-brickwork,12,48,4.0,11,gaussian,Z,0.0,96,96,1728,96,1.0,4096,4095,0.9825080825275254,0.4869006917019796,0.4955802006596467,0.0022905638004038,0.0126833704274829,436.5737377948977,8.030982377312321e-06,352.87075245965593,1,12,0.0025538350610663,0.0029304029304029,0.8714962145888999,-0.0003765678693365,0.0029304029304029,0.0001332162368646,-2.8267415309080888,0.3857883109041932,0.3854117430348566,0.1564749265451247,0.1560983586757881,,,0,1.532107773982716e-14,2.9065385344594165e-15,1.498801083243961e-14,2.255140518769849e-17,-0.4269484996927147,10,0.2
v2_depth,prespecified depth-onset and saturation study,SU2-HaarU4-brickwork|n12|d48|i11|dir=gaussian|basis=Z|eta=0,SU2-HaarU4-brickwork|n12|d48|i11,SU2-HaarU4-brickwork,12,48,4.0,11,gaussian,Z,0.0,96,96,1728,96,1.0,4096,4095,0.9825080825275254,0.4869006917019796,0.4955802006596467,0.0022905638004038,0.0126833704274829,436.5737377948977,8.030982377312321e-06,352.87075245965593,2,78,0.0173106910957643,0.019047619047619,0.9088112825276264,-0.0017369279518547,0.019047619047619,0.0003368798737297,-5.1559267480844175,0.9755891663258256,0.9738522383739708,0.3956969115556316,0.3939599836037769,,,0,1.532107773982716e-14,2.9065385344594165e-15,1.498801083243961e-14,2.255140518769849e-17,-0.4269484996927147,10,0.2
v2_depth,prespecified depth-onset and saturation study,U1-RZ-XY-line|n8|d4|i7|dir=gaussian|basis=Z|eta=0,U1-RZ-XY-line|n8|d4|i7,U1-RZ-XY-line,8,4,0.5,7,gaussian,Z,0.0,96,96,46,96,1.0,70,69,0.517924934027233,0.187655018986505,0.4055104294808871,0.144532593309512,0.1534437121292045,6.918854613357221,0.0239723512410455,6.458693625425461,1,7,0.7890635364793809,0.1014492753623188,7.777912002439611,0.687614261117062,0.1014492753623188,0.0190275319555886,36.13785869454812,0.9348697188286548,0.2472554577115928,0.9043957901678874,0.2167815290508253,,,0,2.220446049250313e-16,2.866548530611276e-16,2.220446049250313e-16,1.0408340855860844e-16,-0.0290038269491709,10,0.2
v2_depth,prespecified depth-onset and saturation study,U1-RZ-XY-line|n8|d4|i7|dir=gaussian|basis=Z|eta=0,U1-RZ-XY-line|n8|d4|i7,U1-RZ-XY-line,8,4,0.5,7,gaussian,Z,0.0,96,96,46,96,1.0,70,69,0.517924934027233,0.187655018986505,0.4055104294808871,0.144532593309512,0.1534437121292045,6.918854613357221,0.0239723512410455,6.458693625425461,2,27,0.9977330249992514,0.391304347826087,2.549762174998087,0.6064286771731644,0.391304347826087,0.0307570106133685,19.7167626202782,1.5111680238531602,0.9047393466799958,1.4619085114036243,0.8554798342304601,,,0,2.220446049250313e-16,2.866548530611276e-16,2.220446049250313e-16,1.0408340855860844e-16,-0.0290038269491709,10,0.2
v2_depth,prespecified depth-onset and saturation study,U1-RZ-XY-line|n8|d16|i7|dir=gaussian|basis=Z|eta=0,U1-RZ-XY-line|n8|d16|i7,U1-RZ-XY-line,8,16,2.0,7,gaussian,Z,0.0,96,96,184,96,1.0,70,69,0.728911863661042,0.3035972907072183,0.415218708055649,0.0734560613540556,0.0831075607149509,13.613580439332768,0.006980721685587,11.96877873365293,1,7,0.4244895966825788,0.1014492753623188,4.184254595871134,0.3230403213202599,0.1014492753623188,0.0133708990481391,24.159955150152605,0.6569453496541744,0.3339050283339144,0.6089915107948859,0.2859511894746259,,,0,6.661338147750939e-16,4.857349639974342e-16,5.551115123125784e-16,6.245004513516506e-17,-0.1460194289817221,10,0.2
v2_depth,prespecified depth-onset and saturation study,U1-RZ-XY-line|n8|d16|i7|dir=gaussian|basis=Z|eta=0,U1-RZ-XY-line|n8|d16|i7,U1-RZ-XY-line,8,16,2.0,7,gaussian,Z,0.0,96,96,184,96,1.0,70,69,0.728911863661042,0.3035972907072183,0.415218708055649,0.0734560613540556,0.0831075607149509,13.613580439332768,0.006980721685587,11.96877873365293,2,27,0.7456876479750368,0.391304347826087,1.9056462114917607,0.3543833001489498,0.391304347826087,0.0216133592571949,16.396493295274222,1.0619178114575092,0.7075345113085594,0.9844029380525168,0.630019637903567,,,0,6.661338147750939e-16,4.857349639974342e-16,5.551115123125784e-16,6.245004513516506e-17,-0.1460194289817221,10,0.2
v2_depth,prespecified depth-onset and saturation study,U1-RZ-XY-line|n8|d48|i7|dir=gaussian|basis=Z|eta=0,U1-RZ-XY-line|n8|d48|i7,U1-RZ-XY-line,8,48,6.0,7,gaussian,Z,0.0,96,96,552,96,1.0,70,69,0.762985180827154,0.3576820020378572,0.4710548388809153,0.0548297458803527,0.0646752693607656,18.23827530009277,0.0033840272504185,17.190284890141477,1,7,0.41461523108465,0.1014492753623188,4.086921563548693,0.3131659557223312,0.1014492753623188,0.0114347823129941,27.387137520445624,0.5618191445305093,0.2486531888081781,0.5037001442888979,0.1905341885665666,,,0,6.661338147750939e-16,2.6449840307621206e-16,6.661338147750939e-16,9.714451465470121e-17,-0.1144232237993398,10,0.2
v2_depth,prespecified depth-onset and saturation study,U1-RZ-XY-line|n8|d48|i7|dir=gaussian|basis=Z|eta=0,U1-RZ-XY-line|n8|d48|i7,U1-RZ-XY-line,8,48,6.0,7,gaussian,Z,0.0,96,96,552,96,1.0,70,69,0.762985180827154,0.3576820020378572,0.4710548388809153,0.0548297458803527,0.0646752693607656,18.23827530009277,0.0033840272504185,17.190284890141477,2,27,0.753207275699476,0.391304347826087,1.9248630378986609,0.361902927873389,0.391304347826087,0.0184837277784217,19.57954219039528,0.9081512742404378,0.5462483463670489,0.8142049489134384,0.4523020210400494,,,0,6.661338147750939e-16,2.6449840307621206e-16,6.661338147750939e-16,9.714451465470121e-17,-0.1144232237993398,10,0.2
v2_depth,prespecified depth-onset and saturation study,U1-RZ-XY-line|n12|d6|i7|dir=gaussian|basis=Z|eta=0,U1-RZ-XY-line|n12|d6|i7,U1-RZ-XY-line,12,6,0.5,7,gaussian,Z,0.0,96,96,105,96,1.0,923,922,0.658937830499477,0.2107431219163074,0.3306672117443388,0.0572564996076698,0.0670767444034233,17.465266072011914,0.0042666081679122,15.309415843741826,1,11,0.522066899066894,0.0119305856832971,43.7586982672433,0.5101363133835968,0.0119305856832971,0.0012983308972155,392.9170248336874,0.846907921983274,0.3367716085996772,0.781357222758178,0.2712209093745812,,,0,4.440892098500626e-16,2.0170589995134087e-16,2.220446049250313e-16,9.020562075079396e-17,-0.1791253809791611,10,0.2
v2_depth,prespecified depth-onset and saturation study,U1-RZ-XY-line|n12|d6|i7|dir=gaussian|basis=Z|eta=0,U1-RZ-XY-line|n12|d6|i7,U1-RZ-XY-line,12,6,0.5,7,gaussian,Z,0.0,96,96,105,96,1.0,923,922,0.658937830499477,0.2107431219163074,0.3306672117443388,0.0572564996076698,0.0670767444034233,17.465266072011914,0.0042666081679122,15.309415843741826,2,65,0.8009960130673605,0.0704989154013015,11.361820369970868,0.730497097666059,0.0704989154013015,0.0030610960053774,238.639067962194,1.996768668499938,1.266271570833879,1.8422187121074889,1.1117216144414297,,,0,4.440892098500626e-16,2.0170589995134087e-16,2.220446049250313e-16,9.020562075079396e-17,-0.1791253809791611,10,0.2
v2_depth,prespecified depth-onset and saturation study,U1-RZ-XY-line|n12|d24|i7|dir=gaussian|basis=Z|eta=0,U1-RZ-XY-line|n12|d24|i7,U1-RZ-XY-line,12,24,2.0,7,gaussian,Z,0.0,96,96,420,96,1.0,924,923,0.7218054610449697,0.3204359545085354,0.4466863620782177,0.0327617380694817,0.0428371366312579,30.52341111693098,0.0013758229256769,26.959928062707736,1,11,0.3346187511311058,0.0119176598049837,28.07755520854642,0.322701091326122,0.0119176598049837,0.0010316185269644,312.8104845845317,0.6736595365010288,0.3509584451749068,0.5867781640759053,0.2640770727497833,,,0,1.4432899320127037e-15,8.326700919072379e-16,1.4432899320127037e-15,6.418476861114186e-17,-0.2091366789053299,10,0.2
v2_depth,prespecified depth-onset and saturation study,U1-RZ-XY-line|n12|d24|i7|dir=gaussian|basis=Z|eta=0,U1-RZ-XY-line|n12|d24|i7,U1-RZ-XY-line,12,24,2.0,7,gaussian,Z,0.0,96,96,420,96,1.0,924,923,0.7218054610449697,0.3204359545085354,0.4466863620782177,0.0327617380694817,0.0428371366312579,30.52341111693098,0.0013758229256769,26.959928062707736,2,65,0.5932266537709462,0.0704225352112676,8.423818483547436,0.5228041185596786,0.0704225352112676,0.00243234790658,214.93805106801503,1.5883529817727484,1.06554886321307,1.383504271890731,0.8607001533310525,,,0,1.4432899320127037e-15,8.326700919072379e-16,1.4432899320127037e-15,6.418476861114186e-17,-0.2091366789053299,10,0.2
v2_depth,prespecified depth-onset and saturation study,U1-RZ-XY-line|n12|d72|i7|dir=gaussian|basis=Z|eta=0,U1-RZ-XY-line|n12|d72|i7,U1-RZ-XY-line,12,72,6.0,7,gaussian,Z,0.0,96,96,1260,96,1.0,924,923,0.7630193068683534,0.3626641517651274,0.476929347899036,0.0240493627103184,0.034215515182086,41.58114341927845,0.0007167671813803,37.35174912462244,1,11,0.2994021717870708,0.0119176598049837,25.12256405086057,0.287484511982087,0.0119176598049837,0.0009189587315882,312.8372386050556,0.6000913099214766,0.3126067979393896,0.4996144786406378,0.2121299666585507,,,0,2.220446049250313e-16,1.5250281542071584e-16,4.440892098500626e-16,6.938893903907227e-17,-0.2119390464707828,10,0.2
v2_depth,prespecified depth-onset and saturation study,U1-RZ-XY-line|n12|d72|i7|dir=gaussian|basis=Z|eta=0,U1-RZ-XY-line|n12|d72|i7,U1-RZ-XY-line,12,72,6.0,7,gaussian,Z,0.0,96,96,1260,96,1.0,924,923,0.7630193068683534,0.3626641517651274,0.476929347899036,0.0240493627103184,0.034215515182086,41.58114341927845,0.0007167671813803,37.35174912462244,2,65,0.5394460741746697,0.0704225352112676,7.66013425328031,0.4690235389634021,0.0704225352112676,0.0021667188874452,216.4671853285166,1.4148939780476726,0.9458704390842704,1.177989925010855,0.7089663860474529,,,0,2.220446049250313e-16,1.5250281542071584e-16,4.440892098500626e-16,6.938893903907227e-17,-0.2119390464707828,10,0.2
v2_depth,prespecified depth-onset and saturation study,RY-RZ-CZ-line|n8|d16|i0|dir=gaussian|basis=Z|eta=0,RY-RZ-CZ-line|n8|d16|i0,RY-RZ-CZ-line,8,16,2.0,0,gaussian,Z,0.0,96,96,256,96,1.0,256,255,0.9175219411741052,0.4136243315504478,0.451780127810899,0.0174234134988733,0.0276585862749267,57.39403476044819,0.000417629393661,48.93329618631754,1,8,0.0691752839697441,0.0313725490196078,2.204962176535596,0.0378027349501363,0.0313725490196078,0.0023739306850309,15.924110669492013,0.4288806537744602,0.3910779188243238,0.323459519338523,0.2856567843883866,,,0,1.887379141862766e-15,9.957373195250108e-16,1.7763568394002505e-15,7.28583859910259e-17,-0.2947230878228386,10,0.2
v2_depth,prespecified depth-onset and saturation study,RY-RZ-CZ-line|n8|d16|i0|dir=gaussian|basis=Z|eta=0,RY-RZ-CZ-line|n8|d16|i0,RY-RZ-CZ-line,8,16,2.0,0,gaussian,Z,0.0,96,96,256,96,1.0,256,255,0.9175219411741052,0.4136243315504478,0.451780127810899,0.0174234134988733,0.0276585862749267,57.39403476044819,0.000417629393661,48.93329618631754,2,36,0.2044313182521388,0.1411764705882353,1.4480551709526504,0.0632548476639035,0.1411764705882353,0.0047418506557011,13.339696303562912,0.8566753958493976,0.793420548185494,0.6461000498201682,0.5828452021562647,,,0,1.887379141862766e-15,9.957373195250108e-16,1.7763568394002505e-15,7.28583859910259e-17,-0.2947230878228386,10,0.2
v2_depth,prespecified depth-onset and saturation study,RY-RZ-CZ-line|n8|d48|i8|dir=gaussian|basis=Z|eta=0,RY-RZ-CZ-line|n8|d48|i8,RY-RZ-CZ-line,8,48,6.0,8,gaussian,Z,0.0,96,96,768,96,1.0,256,255,0.959211002282232,0.4584212303434322,0.4778555697492419,0.0089167043003499,0.0192404886305546,112.1490593739606,0.0001125364730085,94.26562472570848,1,8,0.0266642124568485,0.0313725490196078,0.8499217720620481,-0.0047083365627592,0.0313725490196078,0.0019070805281007,-2.4688713944598706,0.3445382583618704,0.3398299217991111,0.1967419738467902,0.1920336372840309,,,0,1.1102230246251563e-15,3.400058012914542e-16,1.2212453270876722e-15,5.2041704279304207e-17,-0.366100396641167,10,0.2
v2_depth,prespecified depth-onset and saturation study,RY-RZ-CZ-line|n8|d48|i8|dir=gaussian|basis=Z|eta=0,RY-RZ-CZ-line|n8|d48|i8,RY-RZ-CZ-line,8,48,6.0,8,gaussian,Z,0.0,96,96,768,96,1.0,256,255,0.959211002282232,0.4584212303434322,0.4778555697492419,0.0089167043003499,0.0192404886305546,112.1490593739606,0.0001125364730085,94.26562472570848,2,36,0.1367928514973519,0.1411764705882353,0.96894936477291,-0.0043836190908833,0.1411764705882353,0.0038093323910723,-1.150757833881028,0.6882041571934245,0.6838205381025413,0.392985803491208,0.3886021844003247,,,0,1.1102230246251563e-15,3.400058012914542e-16,1.2212453270876722e-15,5.2041704279304207e-17,-0.366100396641167,10,0.2
v2_depth,prespecified depth-onset and saturation study,RY-RZ-CZ-line|n12|d12|i4|dir=gaussian|basis=Z|eta=0,RY-RZ-CZ-line|n12|d12|i4,RY-RZ-CZ-line,12,12,1.0,4,gaussian,Z,0.0,96,96,288,96,1.0,4096,4095,0.8755239508776347,0.393320510279155,0.4510267216959061,0.0143994322758634,0.0246661048563231,69.44718241956087,0.0003273329391518,55.27199558172049,1,12,0.0863742455867366,0.0029304029304029,29.47521130647388,0.0834438426563337,0.0029304029304029,0.0001866599830017,447.0365919596392,0.5405590283173325,0.4571151856609988,0.4115398133581303,0.3280959707017966,,,0,4.440892098500626e-16,2.1564364205869235e-16,4.440892098500626e-16,9.020562075079396e-17,-0.3233593832505921,10,0.2
v2_depth,prespecified depth-onset and saturation study,RY-RZ-CZ-line|n12|d12|i4|dir=gaussian|basis=Z|eta=0,RY-RZ-CZ-line|n12|d12|i4,RY-RZ-CZ-line,12,12,1.0,4,gaussian,Z,0.0,96,96,288,96,1.0,4096,4095,0.8755239508776347,0.393320510279155,0.4510267216959061,0.0143994322758634,0.0246661048563231,69.44718241956087,0.0003273329391518,55.27199558172049,2,78,0.2291536041666454,0.019047619047619,12.030564218748882,0.2101059851190263,0.019047619047619,0.0004720294836726,445.1119948785719,1.3669764398770765,1.1568704547580502,1.040710078755215,0.8306040936361887,,,0,4.440892098500626e-16,2.1564364205869235e-16,4.440892098500626e-16,9.020562075079396e-17,-0.3233593832505921,10,0.2
v2_depth,prespecified depth-onset and saturation study,RY-RZ-CZ-line|n12|d72|i0|dir=gaussian|basis=Z|eta=0,RY-RZ-CZ-line|n12|d72|i0,RY-RZ-CZ-line,12,72,6.0,0,gaussian,Z,0.0,96,96,1728,96,1.0,4096,4095,0.9748127717249352,0.4740234870964385,0.4863232720660914,0.0023755369607401,0.0127674584507324,420.95745784078366,9.23321200448276e-06,329.0967521175237,1,12,0.0026442587960395,0.0029304029304029,0.9023533141484804,-0.0002861441343634,0.0029304029304029,0.0001336657452544,-2.140743941679272,0.3870900672554477,0.3868039231210843,0.1596906149219832,0.1594044707876197,,,0,3.885780586188048e-15,5.967455060857889e-16,3.6637359812630166e-15,2.168404344971009e-17,-0.4345287710034998,10,0.2
v2_depth,prespecified depth-onset and saturation study,RY-RZ-CZ-line|n12|d72|i0|dir=gaussian|basis=Z|eta=0,RY-RZ-CZ-line|n12|d72|i0,RY-RZ-CZ-line,12,72,6.0,0,gaussian,Z,0.0,96,96,1728,96,1.0,4096,4095,0.9748127717249352,0.4740234870964385,0.4863232720660914,0.0023755369607401,0.0127674584507324,420.95745784078366,9.23321200448276e-06,329.0967521175237,2,78,0.0177081710238138,0.019047619047619,0.929678978750228,-0.0013394480238051,0.019047619047619,0.000338016599501,-3.962669365299025,0.9788810737205916,0.9775416256967864,0.4038288083862799,0.4024893603624747,,,0,3.885780586188048e-15,5.967455060857889e-16,3.6637359812630166e-15,2.168404344971009e-17,-0.4345287710034998,10,0.2
v2_depth,prespecified depth-onset and saturation study,SU2-CNOT-line|n8|d4|i8|dir=gaussian|basis=Z|eta=0,SU2-CNOT-line|n8|d4|i8,SU2-CNOT-line,8,4,0.5,8,gaussian,Z,0.0,96,96,96,96,1.0,256,255,0.9016688528586788,0.3857075802402412,0.4291535302014202,0.034249536530303,0.0443094371914457,29.197475391096983,0.0016472244603882,24.639030131438872,1,8,0.1015010283317261,0.0313725490196078,3.235345278073772,0.0701284793121183,0.0313725490196078,0.0030965665983639,22.647172952511657,0.5594339866520327,0.4893055073399143,0.4847803811472138,0.4146519018350954,,,0,1.5543122344752194e-15,5.690316088760834e-16,1.5543122344752194e-15,8.326672684688674e-17,-0.3085888245241823,10,0.2
v2_depth,prespecified depth-onset and saturation study,SU2-CNOT-line|n8|d4|i8|dir=gaussian|basis=Z|eta=0,SU2-CNOT-line|n8|d4|i8,SU2-CNOT-line,8,4,0.5,8,gaussian,Z,0.0,96,96,96,96,1.0,256,255,0.9016688528586788,0.3857075802402412,0.4291535302014202,0.034249536530303,0.0443094371914457,29.197475391096983,0.0016472244603882,24.639030131438872,2,36,0.2840752109438222,0.1411764705882353,2.0121994108520744,0.1428987403555869,0.1411764705882353,0.0061852927920186,23.102987224788954,1.117451504862624,0.9745527645070372,0.9683333143250356,0.8254345739694486,,,0,1.5543122344752194e-15,5.690316088760834e-16,1.5543122344752194e-15,8.326672684688674e-17,-0.3085888245241823,10,0.2
v2_depth,prespecified depth-onset and saturation study,SU2-CNOT-line|n8|d32|i4|dir=gaussian|basis=Z|eta=0,SU2-CNOT-line|n8|d32|i4,SU2-CNOT-line,8,32,4.0,4,gaussian,Z,0.0,96,96,768,96,1.0,256,255,0.9882553109540204,0.4836426165197945,0.4895504633603343,0.0069926241277408,0.0173364509597435,143.00782964049787,6.182129663740468e-05,127.18355062276244,1,8,0.0282933696440839,0.0313725490196078,0.9018511574051752,-0.0030791793755239,0.0313725490196078,0.0017846308312795,-1.7253873022669537,0.3224161693058269,0.319336989930303,0.1542649321411732,0.1511857527656493,,,0,1.1102230246251563e-15,1.7707779902363446e-16,8.881784197001252e-16,4.510281037539698e-17,-0.3906607693051928,10,0.2
v2_depth,prespecified depth-onset and saturation study,SU2-CNOT-line|n8|d32|i4|dir=gaussian|basis=Z|eta=0,SU2-CNOT-line|n8|d32|i4,SU2-CNOT-line,8,32,4.0,4,gaussian,Z,0.0,96,96,768,96,1.0,256,255,0.9882553109540204,0.4836426165197945,0.4895504633603343,0.0069926241277408,0.0173364509597435,143.00782964049787,6.182129663740468e-05,127.18355062276244,2,36,0.1357834357450583,0.1411764705882353,0.9617993365274968,-0.0053930348431769,0.1411764705882353,0.0035647430360322,-1.5128817950310385,0.6440159914827189,0.638622956639542,0.3081392705515173,0.3027462357083404,,,0,1.1102230246251563e-15,1.7707779902363446e-16,8.881784197001252e-16,4.510281037539698e-17,-0.3906607693051928,10,0.2
v2_depth,prespecified depth-onset and saturation study,SU2-CNOT-line|n12|d6|i0|dir=gaussian|basis=Z|eta=0,SU2-CNOT-line|n12|d6|i0,SU2-CNOT-line,12,6,0.5,0,gaussian,Z,0.0,96,96,216,96,1.0,4096,4095,0.9306227418818664,0.4085829159563722,0.4394050042003565,0.0128599794212048,0.0231426879689006,77.76062210108167,0.0002282031242995,66.19713703390465,1,12,0.0317648787899068,0.0029304029304029,10.839764887055727,0.0288344758595039,0.0029304029304029,0.000180744402859,159.53177749016882,0.5234277707096194,0.4945932948501155,0.3885173333698515,0.3596828575103476,,,0,0.0,1.388159893277059e-16,2.220446049250313e-16,8.326672684688674e-17,-0.3787622302096698,10,0.2
v2_depth,prespecified depth-onset and saturation study,SU2-CNOT-line|n12|d6|i0|dir=gaussian|basis=Z|eta=0,SU2-CNOT-line|n12|d6|i0,SU2-CNOT-line,12,6,0.5,0,gaussian,Z,0.0,96,96,216,96,1.0,4096,4095,0.9306227418818664,0.4085829159563722,0.4394050042003565,0.0128599794212048,0.0231426879689006,77.76062210108167,0.0002282031242995,66.19713703390465,2,78,0.1267983702692097,0.019047619047619,6.656914439133511,0.1077507512215907,0.019047619047619,0.0004570700467571,235.74231561678317,1.3236545743481536,1.2159038231265629,0.9824903727048268,0.874739621483236,,,0,0.0,1.388159893277059e-16,2.220446049250313e-16,8.326672684688674e-17,-0.3787622302096698,10,0.2
v2_depth,prespecified depth-onset and saturation study,SU2-CNOT-line|n12|d24|i8|dir=gaussian|basis=Z|eta=0,SU2-CNOT-line|n12|d24|i8,SU2-CNOT-line,12,24,2.0,8,gaussian,Z,0.0,96,96,864,96,1.0,4096,4095,0.9796854082882784,0.4760707638761087,0.486007783949638,0.00285774291329,0.0132446414246099,349.9265085566203,1.2864363293433726e-05,278.808398566613,1,12,0.0027598456909133,0.0029304029304029,0.9417973420241736,-0.0001705572394896,0.0029304029304029,0.0001361885205241,-1.25236135052506,0.3943959124962336,0.394225355256744,0.1768349717446254,0.1766644145051358,,,0,4.440892098500626e-16,6.941637748157672e-17,4.440892098500626e-16,2.3418766925686896e-17,-0.438774460116433,10,0.2
v2_depth,prespecified depth-onset and saturation study,SU2-CNOT-line|n12|d24|i8|dir=gaussian|basis=Z|eta=0,SU2-CNOT-line|n12|d24|i8,SU2-CNOT-line,12,24,2.0,8,gaussian,Z,0.0,96,96,864,96,1.0,4096,4095,0.9796854082882784,0.4760707638761087,0.486007783949638,0.00285774291329,0.0132446414246099,349.9265085566203,1.2864363293433726e-05,278.808398566613,2,78,0.0179524418860343,0.019047619047619,0.9425031990168052,-0.0010951771615846,0.019047619047619,0.000344396243862,-3.1799915971889634,0.9973562407132324,0.9962610635516476,0.4471837994708794,0.4460886223092948,,,0,4.440892098500626e-16,6.941637748157672e-17,4.440892098500626e-16,2.3418766925686896e-17,-0.438774460116433,10,0.2
v2_depth,prespecified depth-onset and saturation study,SU2-CNOT-line|n12|d96|i4|dir=gaussian|basis=Z|eta=0,SU2-CNOT-line|n12|d96|i4,SU2-CNOT-line,12,96,8.0,4,gaussian,Z,0.0,96,96,3456,96,1.0,4096,4095,0.9927929985035796,0.4924872471883132,0.4960443511507602,0.000827896388262,0.0112359391342176,1207.880616678652,1.0409894829804436e-06,980.1145333426048,1,12,0.0026835165877704,0.0029304029304029,0.9157500355766556,-0.0002468863426325,0.0029304029304029,0.0001252260431737,-1.971525541934288,0.362649064515499,0.3624021781728664,0.0835693014811626,0.0833224151385301,,,0,1.1102230246251563e-15,1.3791158178628864e-16,8.881784197001252e-16,2.255140518769849e-17,-0.4648442602843274,10,0.2
v2_depth,prespecified depth-onset and saturation study,SU2-CNOT-line|n12|d96|i4|dir=gaussian|basis=Z|eta=0,SU2-CNOT-line|n12|d96|i4,SU2-CNOT-line,12,96,8.0,4,gaussian,Z,0.0,96,96,3456,96,1.0,4096,4095,0.9927929985035796,0.4924872471883132,0.4960443511507602,0.000827896388262,0.0112359391342176,1207.880616678652,1.0409894829804436e-06,980.1145333426048,2,78,0.0183323292562936,0.019047619047619,0.9624472859554164,-0.0007152897913254,0.019047619047619,0.000316674112743,-2.2587567551058,0.9170741790758355,0.9163588892845104,0.2113317144611103,0.2106164246697849,,,0,1.1102230246251563e-15,1.3791158178628864e-16,8.881784197001252e-16,2.255140518769849e-17,-0.4648442602843274,10,0.2
v2_depth,prespecified depth-onset and saturation study,SU2-HaarU4-brickwork|n8|d16|i0|dir=gaussian|basis=Z|eta=0,SU2-HaarU4-brickwork|n8|d16|i0,SU2-HaarU4-brickwork,8,16,2.0,0,gaussian,Z,0.0,96,96,384,96,1.0,256,255,0.9182591466420832,0.440443358562468,0.4798563002128738,0.0155404671588437,0.0257952539592724,64.34812993577994,0.0003697326127716,52.00631954353229,1,8,0.0300257249306053,0.0313725490196078,0.9570699821630468,-0.0013468240890024,0.0313725490196078,0.0022788510398241,-0.5910101474234035,0.4117033112959812,0.4103564872069788,0.3000584485417842,0.2987116244527818,,,0,1.5543122344752194e-15,5.829083894048172e-16,1.5543122344752194e-15,5.898059818321144e-17,-0.3223775654902336,10,0.2
v2_depth,prespecified depth-onset and saturation study,SU2-HaarU4-brickwork|n8|d16|i0|dir=gaussian|basis=Z|eta=0,SU2-HaarU4-brickwork|n8|d16|i0,SU2-HaarU4-brickwork,8,16,2.0,0,gaussian,Z,0.0,96,96,384,96,1.0,256,255,0.9182591466420832,0.440443358562468,0.4798563002128738,0.0155404671588437,0.0257952539592724,64.34812993577994,0.0003697326127716,52.00631954353229,2,36,0.1319691788670159,0.1411764705882353,0.9347816836413632,-0.0092072917212193,0.1411764705882353,0.0045519321038197,-2.0227216731754445,0.8223642033582338,0.8131569116370145,0.5993571589677439,0.5901498672465246,,,0,1.5543122344752194e-15,5.829083894048172e-16,1.5543122344752194e-15,5.898059818321144e-17,-0.3223775654902336,10,0.2
v2_depth,prespecified depth-onset and saturation study,SU2-HaarU4-brickwork|n8|d48|i8|dir=gaussian|basis=Z|eta=0,SU2-HaarU4-brickwork|n8|d48|i8,SU2-HaarU4-brickwork,8,48,6.0,8,gaussian,Z,0.0,96,96,1152,96,1.0,256,255,0.965838986117974,0.4687087124651814,0.4849836262376399,0.0072483672682222,0.0175895301091782,137.9621041533206,6.974381164503352e-05,119.74218001463142,1,8,0.0280287617943312,0.0313725490196078,0.8934167821943099,-0.0033437872252765,0.0313725490196078,0.001801386197867,-1.8562300683972115,0.3254432385549738,0.3220994513296972,0.1605597331172501,0.1572159458919735,,,0,1.0325074129013956e-14,1.682725586307647e-15,1.021405182655144e-14,4.163336342344337e-17,-0.3876635327359282,10,0.2
v2_depth,prespecified depth-onset and saturation study,SU2-HaarU4-brickwork|n8|d48|i8|dir=gaussian|basis=Z|eta=0,SU2-HaarU4-brickwork|n8|d48|i8,SU2-HaarU4-brickwork,8,48,6.0,8,gaussian,Z,0.0,96,96,1152,96,1.0,256,255,0.965838986117974,0.4687087124651814,0.4849836262376399,0.0072483672682222,0.0175895301091782,137.9621041533206,6.974381164503352e-05,119.74218001463142,2,36,0.1400788376598239,0.1411764705882353,0.99222510009042,-0.0010976329284113,0.1411764705882353,0.0035982113451704,-0.3050495991250064,0.6500624655413043,0.648964832612893,0.3207129342747816,0.3196153013463703,,,0,1.0325074129013956e-14,1.682725586307647e-15,1.021405182655144e-14,4.163336342344337e-17,-0.3876635327359282,10,0.2
v2_depth,prespecified depth-onset and saturation study,SU2-HaarU4-brickwork|n12|d12|i4|dir=gaussian|basis=Z|eta=0,SU2-HaarU4-brickwork|n12|d12|i4,SU2-HaarU4-brickwork,12,12,1.0,4,gaussian,Z,0.0,96,96,432,96,1.0,4096,4095,0.9027621806535974,0.4219925244844624,0.4674435535645005,0.0108248085873046,0.0211287168311869,92.38038639988514,0.0001734084898928,75.93899091178818,1,12,0.0285023684006738,0.0029304029304029,9.72643321672994,0.0255719654702708,0.0029304029304029,0.000172613067395,148.14617372936144,0.4998797840086767,0.4743078185384058,0.3558022410959832,0.3302302756257123,,,0,4.884981308350689e-15,1.878311095778354e-15,4.884981308350689e-15,4.163336342344337e-17,-0.3366717822864132,10,0.2
v2_depth,prespecified depth-onset and saturation study,SU2-HaarU4-brickwork|n12|d12|i4|dir=gaussian|basis=Z|eta=0,SU2-HaarU4-brickwork|n12|d12|i4,SU2-HaarU4-brickwork,12,12,1.0,4,gaussian,Z,0.0,96,96,432,96,1.0,4096,4095,0.9027621806535974,0.4219925244844624,0.4674435535645005,0.0108248085873046,0.0211287168311869,92.38038639988514,0.0001734084898928,75.93899091178818,2,78,0.0748221339195248,0.019047619047619,3.928162030775052,0.0557745148719057,0.019047619047619,0.0004365073636425,127.77451085011504,1.2641059564535864,1.2083314415816806,0.8997597956094988,0.843985280737593,,,0,4.884981308350689e-15,1.878311095778354e-15,4.884981308350689e-15,4.163336342344337e-17,-0.3366717822864132,10,0.2
v2_depth,prespecified depth-onset and saturation study,SU2-HaarU4-brickwork|n12|d72|i0|dir=gaussian|basis=Z|eta=0,SU2-HaarU4-brickwork|n12|d72|i0,SU2-HaarU4-brickwork,12,72,6.0,0,gaussian,Z,0.0,96,96,2592,96,1.0,4096,4095,0.9868168076587792,0.4888254673543864,0.4954025696574664,0.0016116587104089,0.0120115372655088,620.478761130677,3.854712362894855e-06,509.3355758440814,1,12,0.0026377379635352,0.0029304029304029,0.9001280800564058,-0.0002926649668676,0.0029304029304029,0.0001295688346251,-2.258760509148795,0.3752255958607032,0.3749329308938355,0.1279117474782722,0.1276190825114046,,,0,1.7319479184152442e-14,2.5864779382600522e-15,1.7319479184152442e-14,2.5153490401663706e-17,-0.4264416523485297,10,0.2
v2_depth,prespecified depth-onset and saturation study,SU2-HaarU4-brickwork|n12|d72|i0|dir=gaussian|basis=Z|eta=0,SU2-HaarU4-brickwork|n12|d72|i0,SU2-HaarU4-brickwork,12,72,6.0,0,gaussian,Z,0.0,96,96,2592,96,1.0,4096,4095,0.9868168076587792,0.4888254673543864,0.4954025696574664,0.0016116587104089,0.0120115372655088,620.478761130677,3.854712362894855e-06,509.3355758440814,2,78,0.0181269330678735,0.019047619047619,0.9516639860633608,-0.0009206859797455,0.019047619047619,0.0003276562502826,-2.809914289598703,0.9488779620924376,0.947957276112692,0.323465775293014,0.3225450893132685,,,0,1.7319479184152442e-14,2.5864779382600522e-15,1.7319479184152442e-14,2.5153490401663706e-17,-0.4264416523485297,10,0.2
v2_depth,prespecified depth-onset and saturation study,U1-RZ-XY-line|n8|d4|i8|dir=gaussian|basis=Z|eta=0,U1-RZ-XY-line|n8|d4|i8,U1-RZ-XY-line,8,4,0.5,8,gaussian,Z,0.0,96,96,46,96,1.0,70,69,0.4517890925970164,0.1712138093940119,0.3980393944115993,0.1351336851371043,0.1441427092502594,7.400079402744159,0.0203241577548266,7.01445157532235,1,7,0.909846071585957,0.1014492753623188,8.968482705633004,0.8083967962236381,0.1014492753623188,0.0183796769073048,43.98318862190371,0.9030389975220534,0.0946422012984152,0.8710992911428398,0.0627024949192016,,,0,4.440892098500626e-16,5.564218504178287e-16,4.440892098500626e-16,1.249000902703301e-16,-0.0657280130997018,10,0.2
v2_depth,prespecified depth-onset and saturation study,U1-RZ-XY-line|n8|d4|i8|dir=gaussian|basis=Z|eta=0,U1-RZ-XY-line|n8|d4|i8,U1-RZ-XY-line,8,4,0.5,8,gaussian,Z,0.0,96,96,46,96,1.0,70,69,0.4517890925970164,0.1712138093940119,0.3980393944115993,0.1351336851371043,0.1441427092502594,7.400079402744159,0.0203241577548266,7.01445157532235,2,27,0.9893038467800052,0.391304347826087,2.5282209417711243,0.5979994989539181,0.391304347826087,0.0297097867988192,20.128030638633987,1.45971532702714,0.8617158280732218,1.4080864615291735,0.8100869625752554,,,0,4.440892098500626e-16,5.564218504178287e-16,4.440892098500626e-16,1.249000902703301e-16,-0.0657280130997018,10,0.2
v2_depth,prespecified depth-onset and saturation study,U1-RZ-XY-line|n8|d16|i8|dir=gaussian|basis=Z|eta=0,U1-RZ-XY-line|n8|d16|i8,U1-RZ-XY-line,8,16,2.0,8,gaussian,Z,0.0,96,96,184,96,1.0,70,69,0.7285065493303678,0.2923729858195967,0.4126168299169142,0.0724832126452736,0.0821448458468853,13.796297977214545,0.0064080647864594,12.492131667492236,1,7,0.542618596183597,0.1014492753623188,5.348669019524027,0.4411693208212781,0.1014492753623188,0.0132767660501578,33.2286732442674,0.65232036257962,0.2111510417583418,0.6039466721777386,0.1627773513564604,,,0,2.220446049250313e-16,1.2509268882771003e-16,0.0,8.326672684688674e-17,-0.1673927769453058,10,0.2
v2_depth,prespecified depth-onset and saturation study,U1-RZ-XY-line|n8|d16|i8|dir=gaussian|basis=Z|eta=0,U1-RZ-XY-line|n8|d16|i8,U1-RZ-XY-line,8,16,2.0,8,gaussian,Z,0.0,96,96,184,96,1.0,70,69,0.7285065493303678,0.2923729858195967,0.4126168299169142,0.0724832126452736,0.0821448458468853,13.796297977214545,0.0064080647864594,12.492131667492236,2,27,0.8077639712404858,0.391304347826087,2.0642857042812413,0.4164596234143988,0.391304347826087,0.0214611981873968,19.405236360892705,1.0544417616539516,0.6379821382395527,0.9762482201809352,0.5597885967665364,,,0,2.220446049250313e-16,1.2509268882771003e-16,0.0,8.326672684688674e-17,-0.1673927769453058,10,0.2
v2_depth,prespecified depth-onset and saturation study,U1-RZ-XY-line|n8|d48|i8|dir=gaussian|basis=Z|eta=0,U1-RZ-XY-line|n8|d48|i8,U1-RZ-XY-line,8,48,6.0,8,gaussian,Z,0.0,96,96,552,96,1.0,70,69,0.7607319576254953,0.3545025286623664,0.4737868599510372,0.0582493974892718,0.0680592995987585,17.16755954744728,0.0040557223346928,15.702394811344282,1,7,0.4358859946991194,0.1014492753623188,4.296590519177034,0.3344367193368005,0.1014492753623188,0.0118140419399504,28.308407997593715,0.5804531082859352,0.2460163889491347,0.5246169539531441,0.1901802346163436,,,0,4.440892098500626e-16,2.0654868078425336e-16,4.440892098500626e-16,5.898059818321144e-17,-0.1497078505608752,10,0.2
v2_depth,prespecified depth-onset and saturation study,U1-RZ-XY-line|n8|d48|i8|dir=gaussian|basis=Z|eta=0,U1-RZ-XY-line|n8|d48|i8,U1-RZ-XY-line,8,48,6.0,8,gaussian,Z,0.0,96,96,552,96,1.0,70,69,0.7607319576254953,0.3545025286623664,0.4737868599510372,0.0582493974892718,0.0680592995987585,17.16755954744728,0.0040557223346928,15.702394811344282,2,27,0.7817930802633387,0.391304347826087,1.9979156495618653,0.3904887324372517,0.391304347826087,0.019096781137036,20.44788227058553,0.9382721024346812,0.5477833699974293,0.8480158781680901,0.4575271457308383,,,0,4.440892098500626e-16,2.0654868078425336e-16,4.440892098500626e-16,5.898059818321144e-17,-0.1497078505608752,10,0.2
v2_depth,prespecified depth-onset and saturation study,U1-RZ-XY-line|n12|d6|i8|dir=gaussian|basis=Z|eta=0,U1-RZ-XY-line|n12|d6|i8,U1-RZ-XY-line,12,6,0.5,8,gaussian,Z,0.0,96,96,105,96,1.0,924,923,0.5926697615579312,0.2564375974060371,0.4332287683644096,0.0852708346290014,0.0947992634349493,11.727339181688858,0.0130040337109796,8.769219817885869,1,11,0.5467605749393952,0.0119176598049837,45.87818278809653,0.5348429151344115,0.0119176598049837,0.0015455322895568,346.05741901888905,1.0092515194486944,0.4744086043142829,0.9565694093723204,0.4217264942379087,,,0,5.551115123125784e-16,4.166948782366562e-16,5.551115123125784e-16,7.28583859910259e-17,-0.1151376938382466,10,0.2
v2_depth,prespecified depth-onset and saturation study,U1-RZ-XY-line|n12|d6|i8|dir=gaussian|basis=Z|eta=0,U1-RZ-XY-line|n12|d6|i8,U1-RZ-XY-line,12,6,0.5,8,gaussian,Z,0.0,96,96,105,96,1.0,924,923,0.5926697615579312,0.2564375974060371,0.4332287683644096,0.0852708346290014,0.0947992634349493,11.727339181688858,0.0130040337109796,8.769219817885869,2,65,0.7553689787333182,0.0704225352112676,10.726239498013118,0.6849464435220506,0.0704225352112676,0.0036440526520179,187.9628284576935,2.3796110251792784,1.6946645816572277,2.255397261264484,1.570450817742433,,,0,5.551115123125784e-16,4.166948782366562e-16,5.551115123125784e-16,7.28583859910259e-17,-0.1151376938382466,10,0.2
v2_depth,prespecified depth-onset and saturation study,U1-RZ-XY-line|n12|d24|i8|dir=gaussian|basis=Z|eta=0,U1-RZ-XY-line|n12|d24|i8,U1-RZ-XY-line,12,24,2.0,8,gaussian,Z,0.0,96,96,420,96,1.0,924,923,0.7264258314438067,0.3298836746761515,0.4551430946300279,0.0361543036571872,0.0461943629940915,27.659224458640796,0.0018505928353415,23.24580347038883,1,11,0.2626372693032762,0.0119176598049837,22.037654506084,0.2507196094982925,0.0119176598049837,0.0010722906461884,233.816839109344,0.7002189286297993,0.4494993191315068,0.6173994569426722,0.3666798474443797,,,0,1.3322676295501878e-15,9.73240262655139e-16,1.5543122344752194e-15,5.898059818321144e-17,-0.1903219871538266,10,0.2
v2_depth,prespecified depth-onset and saturation study,U1-RZ-XY-line|n12|d24|i8|dir=gaussian|basis=Z|eta=0,U1-RZ-XY-line|n12|d24|i8,U1-RZ-XY-line,12,24,2.0,8,gaussian,Z,0.0,96,96,420,96,1.0,924,923,0.7264258314438067,0.3298836746761515,0.4551430946300279,0.0361543036571872,0.0461943629940915,27.659224458640796,0.0018505928353415,23.24580347038883,2,65,0.5521275186552076,0.0704225352112676,7.840210764903947,0.4817049834439399,0.0704225352112676,0.0025282445403306,190.52942694417547,1.6509746584447893,1.169269675000849,1.4557030892388645,0.9739981057949244,,,0,1.3322676295501878e-15,9.73240262655139e-16,1.5543122344752194e-15,5.898059818321144e-17,-0.1903219871538266,10,0.2
v2_depth,prespecified depth-onset and saturation study,U1-RZ-XY-line|n12|d72|i8|dir=gaussian|basis=Z|eta=0,U1-RZ-XY-line|n12|d72|i8,U1-RZ-XY-line,12,72,6.0,8,gaussian,Z,0.0,96,96,1260,96,1.0,924,923,0.744789374821419,0.3573507082787379,0.4800327539399747,0.025543484296183,0.0356940730014311,39.148926920256834,0.000822840850623,34.86117955916062,1,11,0.3027866367117236,0.0119176598049837,25.4065514259019,0.2908689769067398,0.0119176598049837,0.0009392397322861,309.6855540797423,0.6133350518403854,0.3224660749336455,0.515610409079785,0.2247414321730451,,,0,5.10702591327572e-15,2.081790321033129e-15,5.10702591327572e-15,6.938893903907227e-17,-0.2565685166052858,10,0.2
v2_depth,prespecified depth-onset and saturation study,U1-RZ-XY-line|n12|d72|i8|dir=gaussian|basis=Z|eta=0,U1-RZ-XY-line|n12|d72|i8,U1-RZ-XY-line,12,72,6.0,8,gaussian,Z,0.0,96,96,1260,96,1.0,924,923,0.744789374821419,0.3573507082787379,0.4800327539399747,0.025543484296183,0.0356940730014311,39.148926920256834,0.000822840850623,34.86117955916062,2,65,0.5531701772312755,0.0704225352112676,7.855016516684111,0.4827476420200078,0.0704225352112676,0.0022145373865331,217.99028770327013,1.4461200437781252,0.9633724017581172,1.2157050948148975,0.7329574527948897,,,0,5.10702591327572e-15,2.081790321033129e-15,5.10702591327572e-15,6.938893903907227e-17,-0.2565685166052858,10,0.2
v2_depth,prespecified depth-onset and saturation study,RY-RZ-CZ-line|n8|d16|i1|dir=gaussian|basis=Z|eta=0,RY-RZ-CZ-line|n8|d16|i1,RY-RZ-CZ-line,8,16,2.0,1,gaussian,Z,0.0,96,96,256,96,1.0,256,255,0.8977916483813856,0.4053637585519738,0.4528222911514881,0.0237373860269635,0.0339067882558493,42.12763776365637,0.0009157748358472,33.04499170663081,1,8,0.0835864429574838,0.0313725490196078,2.6643178692697966,0.0522138939378759,0.0313725490196078,0.0026681397613358,19.569399884710343,0.4820332507679756,0.4298193568300997,0.391858593850208,0.3396446999123321,,,0,1.1102230246251563e-15,6.0025960052178e-16,1.3322676295501878e-15,7.63278329429795e-17,-0.3144427694458132,10,0.2
v2_depth,prespecified depth-onset and saturation study,RY-RZ-CZ-line|n8|d16|i1|dir=gaussian|basis=Z|eta=0,RY-RZ-CZ-line|n8|d16|i1,RY-RZ-CZ-line,8,16,2.0,1,gaussian,Z,0.0,96,96,256,96,1.0,256,255,0.8977916483813856,0.4053637585519738,0.4528222911514881,0.0237373860269635,0.0339067882558493,42.12763776365637,0.0009157748358472,33.04499170663081,2,36,0.2248703503218825,0.1411764705882353,1.5928316481133344,0.0836938797336472,0.1411764705882353,0.0053295238806129,15.703819254492592,0.9628460092102628,0.8791521294766156,0.7827250146381071,0.6990311349044598,,,0,1.1102230246251563e-15,6.0025960052178e-16,1.3322676295501878e-15,7.63278329429795e-17,-0.3144427694458132,10,0.2
v2_depth,prespecified depth-onset and saturation study,RY-RZ-CZ-line|n8|d48|i9|dir=gaussian|basis=Z|eta=0,RY-RZ-CZ-line|n8|d48|i9,RY-RZ-CZ-line,8,48,6.0,9,gaussian,Z,0.0,96,96,768,96,1.0,256,255,0.974780414124104,0.4701659707550407,0.482520947270379,0.0086197297055424,0.0189466075211097,116.01291852075175,0.0001041178565408,98.0025532830649,1,8,0.0275464342520118,0.0313725490196078,0.878042591782877,-0.003826114767596,0.0313725490196078,0.0018886990427622,-2.025793777075355,0.3412174101589298,0.3373912953913338,0.1908039368433897,0.1869778220757937,,,0,6.661338147750939e-16,1.3968833188730444e-16,6.661338147750939e-16,3.4694469519536136e-17,-0.372401877035289,10,0.2
v2_depth,prespecified depth-onset and saturation study,RY-RZ-CZ-line|n8|d48|i9|dir=gaussian|basis=Z|eta=0,RY-RZ-CZ-line|n8|d48|i9,RY-RZ-CZ-line,8,48,6.0,9,gaussian,Z,0.0,96,96,768,96,1.0,256,255,0.974780414124104,0.4701659707550407,0.482520947270379,0.0086197297055424,0.0189466075211097,116.01291852075175,0.0001041178565408,98.0025532830649,2,36,0.1338550381721494,0.1411764705882353,0.9481398537193916,-0.0073214324160858,0.1411764705882353,0.0037726159617114,-1.9406778984109896,0.6815708690658935,0.6742494366498076,0.3811247643986599,0.373803331982574,,,0,6.661338147750939e-16,1.3968833188730444e-16,6.661338147750939e-16,3.4694469519536136e-17,-0.372401877035289,10,0.2
v2_depth,prespecified depth-onset and saturation study,RY-RZ-CZ-line|n12|d12|i5|dir=gaussian|basis=Z|eta=0,RY-RZ-CZ-line|n12|d12|i5,RY-RZ-CZ-line,12,12,1.0,5,gaussian,Z,0.0,96,96,288,96,1.0,4096,4095,0.9123953580347772,0.3982290648938089,0.43737519221519,0.016461224074091,0.0267064196566526,60.74882375083731,0.0004885714068301,45.24139384250236,1,12,0.0990767615816673,0.0029304029304029,33.80994488974398,0.0961463586512644,0.0029304029304029,0.0001943008004188,494.8325402881381,0.562686496519771,0.4665401378685065,0.4404929250156555,0.3443465663643911,,,0,1.6653345369377348e-15,7.394970985241925e-16,1.5543122344752194e-15,9.714451465470121e-17,-0.3187232287947308,10,0.2
v2_depth,prespecified depth-onset and saturation study,RY-RZ-CZ-line|n12|d12|i5|dir=gaussian|basis=Z|eta=0,RY-RZ-CZ-line|n12|d12|i5,RY-RZ-CZ-line,12,12,1.0,5,gaussian,Z,0.0,96,96,288,96,1.0,4096,4095,0.9123953580347772,0.3982290648938089,0.43737519221519,0.016461224074091,0.0267064196566526,60.74882375083731,0.0004885714068301,45.24139384250236,2,78,0.2178446666443956,0.019047619047619,11.436844998830768,0.1987970475967765,0.019047619047619,0.000491351734978,404.5921352158121,1.422932822292922,1.2241357746961454,1.1139272843213996,0.915130236724623,,,0,1.6653345369377348e-15,7.394970985241925e-16,1.5543122344752194e-15,9.714451465470121e-17,-0.3187232287947308,10,0.2
v2_depth,prespecified depth-onset and saturation study,RY-RZ-CZ-line|n12|d72|i1|dir=gaussian|basis=Z|eta=0,RY-RZ-CZ-line|n12|d72|i1,RY-RZ-CZ-line,12,72,6.0,1,gaussian,Z,0.0,96,96,1728,96,1.0,4096,4095,0.9881482196037478,0.4817842487008011,0.4875434081517495,0.0023473573370069,0.0127395723647464,426.0109801923437,9.145047155451737e-06,330.67931201217823,1,12,0.0025835114508805,0.0029304029304029,0.8816232826129736,-0.0003468914795224,0.0029304029304029,0.0001335168426399,-2.5981102658185566,0.3866588518909294,0.386311960411407,0.158631421670442,0.1582845301909196,,,0,2.220446049250313e-16,5.0172941821481874e-17,2.220446049250313e-16,2.0383000842727486e-17,-0.4446906895320412,10,0.2
v2_depth,prespecified depth-onset and saturation study,RY-RZ-CZ-line|n12|d72|i1|dir=gaussian|basis=Z|eta=0,RY-RZ-CZ-line|n12|d72|i1,RY-RZ-CZ-line,12,72,6.0,1,gaussian,Z,0.0,96,96,1728,96,1.0,4096,4095,0.9881482196037478,0.4817842487008011,0.4875434081517495,0.0023473573370069,0.0127395723647464,426.0109801923437,9.145047155451737e-06,330.67931201217823,2,78,0.017254563861698,0.019047619047619,0.9058646027391456,-0.001793055185921,0.019047619047619,0.0003376400516029,-5.310552398651366,0.9777906077160844,0.9759975525301632,0.4011502993904343,0.3993572442045133,,,0,2.220446049250313e-16,5.0172941821481874e-17,2.220446049250313e-16,2.0383000842727486e-17,-0.4446906895320412,10,0.2
v2_depth,prespecified depth-onset and saturation study,SU2-CNOT-line|n8|d4|i9|dir=gaussian|basis=Z|eta=0,SU2-CNOT-line|n8|d4|i9,SU2-CNOT-line,8,4,0.5,9,gaussian,Z,0.0,96,96,96,96,1.0,256,255,0.8537165881698382,0.3558232768822722,0.4195250353062779,0.032643083506274,0.0427197180530837,30.634360868751813,0.001333981435727,27.37947442009156,1,8,0.0642856961412571,0.0313725490196078,2.0491065645025706,0.0329131471216492,0.0313725490196078,0.003035012355557,10.844485381216264,0.5483134328531957,0.5154002857315464,0.4717664485346096,0.4388533014129603,,,0,8.881784197001252e-16,3.6800703030781365e-16,8.881784197001252e-16,5.551115123125783e-17,-0.250627526988128,10,0.2
v2_depth,prespecified depth-onset and saturation study,SU2-CNOT-line|n8|d4|i9|dir=gaussian|basis=Z|eta=0,SU2-CNOT-line|n8|d4|i9,SU2-CNOT-line,8,4,0.5,9,gaussian,Z,0.0,96,96,96,96,1.0,256,255,0.8537165881698382,0.3558232768822722,0.4195250353062779,0.032643083506274,0.0427197180530837,30.634360868751813,0.001333981435727,27.37947442009156,2,36,0.3554963426195841,0.1411764705882353,2.518099093555388,0.2143198720313488,0.1411764705882353,0.0060623401597218,35.352663556441456,1.0952385541411558,0.880918682109807,0.9423383999488724,0.7280185279175235,,,0,8.881784197001252e-16,3.6800703030781365e-16,8.881784197001252e-16,5.551115123125783e-17,-0.250627526988128,10,0.2
v2_depth,prespecified depth-onset and saturation study,SU2-CNOT-line|n8|d32|i5|dir=gaussian|basis=Z|eta=0,SU2-CNOT-line|n8|d32|i5,SU2-CNOT-line,8,32,4.0,5,gaussian,Z,0.0,96,96,768,96,1.0,256,255,0.9979262347964232,0.483559373140825,0.4848569063146841,0.0074769186702218,0.017815700767407,133.74493479281483,8.160068351779528e-05,110.70139705148009,1,8,0.0295548349437291,0.0313725490196078,0.9420603638313676,-0.0018177140758786,0.0313725490196078,0.0018162292692368,-1.000817521591,0.3281248274460239,0.3263071133701452,0.1659833642091198,0.1641656501332412,,,0,1.1102230246251563e-16,6.369648547408357e-17,1.1102230246251563e-16,5.551115123125783e-17,-0.3706486036668768,10,0.2
v2_depth,prespecified depth-onset and saturation study,SU2-CNOT-line|n8|d32|i5|dir=gaussian|basis=Z|eta=0,SU2-CNOT-line|n8|d32|i5,SU2-CNOT-line,8,32,4.0,5,gaussian,Z,0.0,96,96,768,96,1.0,256,255,0.9979262347964232,0.483559373140825,0.4848569063146841,0.0074769186702218,0.017815700767407,133.74493479281483,8.160068351779528e-05,110.70139705148009,2,36,0.1370009866957439,0.1411764705882353,0.9704236557615192,-0.0041754838924913,0.1411764705882353,0.0036278599057419,-1.1509495958988762,0.655418853628592,0.6512433697361006,0.3315464640031056,0.3273709801106143,,,0,1.1102230246251563e-16,6.369648547408357e-17,1.1102230246251563e-16,5.551115123125783e-17,-0.3706486036668768,10,0.2
v2_depth,prespecified depth-onset and saturation study,SU2-CNOT-line|n12|d6|i1|dir=gaussian|basis=Z|eta=0,SU2-CNOT-line|n12|d6|i1,SU2-CNOT-line,12,6,0.5,1,gaussian,Z,0.0,96,96,216,96,1.0,4096,4095,0.925567049062411,0.401361361864241,0.4337636468969635,0.0113227313915731,0.0216214529395776,88.31791247333136,0.0001649864584437,77.85308918468934,1,12,0.0240488565553743,0.0029304029304029,8.206672299521498,0.0211184536249714,0.0029304029304029,0.0001746374583605,120.92739909997974,0.5057423304185823,0.4846238767936108,0.3640780123089132,0.3429595586839418,,,0,0.0,1.0292408372443411e-16,2.220446049250313e-16,6.245004513516506e-17,-0.3978299590821176,10,0.2
v2_depth,prespecified depth-onset and saturation study,SU2-CNOT-line|n12|d6|i1|dir=gaussian|basis=Z|eta=0,SU2-CNOT-line|n12|d6|i1,SU2-CNOT-line,12,6,0.5,1,gaussian,Z,0.0,96,96,216,96,1.0,4096,4095,0.925567049062411,0.401361361864241,0.4337636468969635,0.0113227313915731,0.0216214529395776,88.31791247333136,0.0001649864584437,77.85308918468934,2,78,0.0918321314676193,0.019047619047619,4.821186902050013,0.0727845124200002,0.019047619047619,0.0004416266838461,164.81004224227945,1.2789312806091608,1.206146768189161,0.9206877307234548,0.8479032183034546,,,0,0.0,1.0292408372443411e-16,2.220446049250313e-16,6.245004513516506e-17,-0.3978299590821176,10,0.2
v2_depth,prespecified depth-onset and saturation study,SU2-CNOT-line|n12|d24|i9|dir=gaussian|basis=Z|eta=0,SU2-CNOT-line|n12|d24|i9,SU2-CNOT-line,12,24,2.0,9,gaussian,Z,0.0,96,96,864,96,1.0,4096,4095,0.9876909783530272,0.4790688751926084,0.4850101945411755,0.002788254745096,0.0131758770915013,358.6472870740316,1.143142452347363e-05,295.76707295447693,1,12,0.0028926910543234,0.0029304029304029,0.9871308222878794,-3.7711876079474325e-05,0.0029304029304029,0.0001358278662518,-0.277644618296184,0.3933514737265803,0.3933137618505008,0.1744683144687754,0.1744306025926959,,,0,1.9984014443252818e-15,4.3525406606030033e-16,1.9984014443252818e-15,2.775557561562892e-17,-0.4550131475443352,10,0.2
v2_depth,prespecified depth-onset and saturation study,SU2-CNOT-line|n12|d24|i9|dir=gaussian|basis=Z|eta=0,SU2-CNOT-line|n12|d24|i9,SU2-CNOT-line,12,24,2.0,9,gaussian,Z,0.0,96,96,864,96,1.0,4096,4095,0.9876909783530272,0.4790688751926084,0.4850101945411755,0.002788254745096,0.0131758770915013,358.6472870740316,1.143142452347363e-05,295.76707295447693,2,78,0.0177218343189689,0.019047619047619,0.9303963017458678,-0.0013257847286501,0.019047619047619,0.0003434842141532,-3.859812690136045,0.9947150431451248,0.9933892584164749,0.4411989494029394,0.4398731646742893,,,0,1.9984014443252818e-15,4.3525406606030033e-16,1.9984014443252818e-15,2.775557561562892e-17,-0.4550131475443352,10,0.2
v2_depth,prespecified depth-onset and saturation study,SU2-CNOT-line|n12|d96|i5|dir=gaussian|basis=Z|eta=0,SU2-CNOT-line|n12|d96|i5,SU2-CNOT-line,12,96,8.0,5,gaussian,Z,0.0,96,96,3456,96,1.0,4096,4095,0.9913906398196368,0.4938523214257078,0.4980948053195287,0.0008026714304043,0.0112109769363376,1245.8397821586734,9.0653904292119e-07,1050.2839853886471,1,12,0.0029487540899546,0.0029304029304029,1.006262333197031,1.8351159551739223e-05,0.0029304029304029,0.0001250837684138,0.146710958459643,0.3622370431236715,0.3622186919641197,0.0817435972247527,0.081725246065201,,,0,1.3322676295501878e-15,1.6790858110588602e-16,1.3322676295501878e-15,2.4286128663675302e-17,-0.4600805723264259,10,0.2
v2_depth,prespecified depth-onset and saturation study,SU2-CNOT-line|n12|d96|i5|dir=gaussian|basis=Z|eta=0,SU2-CNOT-line|n12|d96|i5,SU2-CNOT-line,12,96,8.0,5,gaussian,Z,0.0,96,96,3456,96,1.0,4096,4095,0.9913906398196368,0.4938523214257078,0.4980948053195287,0.0008026714304043,0.0112109769363376,1245.8397821586734,9.0653904292119e-07,1050.2839853886471,2,78,0.0193020746774713,0.019047619047619,1.0133589205672453,0.0002544556298522,0.019047619047619,0.0003163143254956,0.804439158591991,0.9160322511718528,0.9157777955420008,0.2067148371656478,0.2064603815357955,,,0,1.3322676295501878e-15,1.6790858110588602e-16,1.3322676295501878e-15,2.4286128663675302e-17,-0.4600805723264259,10,0.2
v2_depth,prespecified depth-onset and saturation study,SU2-HaarU4-brickwork|n8|d16|i1|dir=gaussian|basis=Z|eta=0,SU2-HaarU4-brickwork|n8|d16|i1,SU2-HaarU4-brickwork,8,16,2.0,1,gaussian,Z,0.0,96,96,384,96,1.0,256,255,0.9811748470725796,0.4685035061275331,0.4772615714032973,0.0156070129703554,0.0258611065852475,64.07375978346658,0.0003756385336567,51.59586903445785,1,8,0.0295228361904666,0.0313725490196078,0.9410404035711234,-0.0018497128291412,0.0313725490196078,0.0022822788011771,-0.8104675152690466,0.4123225798109829,0.4104728669818417,0.3009164956254909,0.2990667827963497,,,0,4.440892098500626e-16,1.5974533408876415e-16,4.440892098500626e-16,4.8572257327350605e-17,-0.2904480733089634,10,0.2
v2_depth,prespecified depth-onset and saturation study,SU2-HaarU4-brickwork|n8|d16|i1|dir=gaussian|basis=Z|eta=0,SU2-HaarU4-brickwork|n8|d16|i1,SU2-HaarU4-brickwork,8,16,2.0,1,gaussian,Z,0.0,96,96,384,96,1.0,256,255,0.9811748470725796,0.4685035061275331,0.4772615714032973,0.0156070129703554,0.0258611065852475,64.07375978346658,0.0003756385336567,51.59586903445785,2,36,0.13725934956004,0.1411764705882353,0.9722537260502836,-0.0039171210281952,0.1411764705882353,0.0045587789475467,-0.8592478541437603,0.8236011724207393,0.819684051392544,0.6010710805881825,0.5971539595599872,,,0,4.440892098500626e-16,1.5974533408876415e-16,4.440892098500626e-16,4.8572257327350605e-17,-0.2904480733089634,10,0.2
v2_depth,prespecified depth-onset and saturation study,SU2-HaarU4-brickwork|n8|d48|i9|dir=gaussian|basis=Z|eta=0,SU2-HaarU4-brickwork|n8|d48|i9,SU2-HaarU4-brickwork,8,48,6.0,9,gaussian,Z,0.0,96,96,1152,96,1.0,256,255,0.9846643437902678,0.4854441529723539,0.4930039647849904,0.0070310665452511,0.0173744929354048,142.22593308769152,6.277847824019285e-05,126.2102444606037,1,8,0.0314168459169878,0.0313725490196078,1.0014119636039882,4.429689738002368e-05,0.0313725490196078,0.0017871594714042,0.024786202959951,0.3228730001798908,0.3228287032825108,0.1552274471077235,0.1551831502103435,,,0,6.106226635438361e-15,1.0044082631616178e-15,5.8841820305133305e-15,6.938893903907227e-17,-0.3852566826495552,10,0.2
v2_depth,prespecified depth-onset and saturation study,SU2-HaarU4-brickwork|n8|d48|i9|dir=gaussian|basis=Z|eta=0,SU2-HaarU4-brickwork|n8|d48|i9,SU2-HaarU4-brickwork,8,48,6.0,9,gaussian,Z,0.0,96,96,1152,96,1.0,256,255,0.9846643437902678,0.4854441529723539,0.4930039647849904,0.0070310665452511,0.0173744929354048,142.22593308769152,6.277847824019285e-05,126.2102444606037,2,36,0.1444079605415232,0.1411764705882353,1.0228897205024563,0.0032314899532879,0.1411764705882353,0.0035697939138479,0.905231515116977,0.6449284965501092,0.6416970065968213,0.3100618634284021,0.3068303734751142,,,0,6.106226635438361e-15,1.0044082631616178e-15,5.8841820305133305e-15,6.938893903907227e-17,-0.3852566826495552,10,0.2
v2_depth,prespecified depth-onset and saturation study,SU2-HaarU4-brickwork|n12|d12|i5|dir=gaussian|basis=Z|eta=0,SU2-HaarU4-brickwork|n12|d12|i5,SU2-HaarU4-brickwork,12,12,1.0,5,gaussian,Z,0.0,96,96,432,96,1.0,4096,4095,0.9258289886294874,0.4374642955451546,0.4725143936297143,0.0110689464696568,0.0213703116105979,90.34283459056262,0.0001821636667938,74.09162503495142,1,12,0.0223127860686724,0.0029304029304029,7.614238245934477,0.0193823831382695,0.0029304029304029,0.0001736086016613,111.64414062892683,0.5027628070699928,0.4833804239317232,0.3598837371829405,0.340501354044671,,,0,1.5543122344752194e-15,6.039329600878606e-16,1.887379141862766e-15,4.8572257327350605e-17,-0.37055098241689,10,0.2
v2_depth,prespecified depth-onset and saturation study,SU2-HaarU4-brickwork|n12|d12|i5|dir=gaussian|basis=Z|eta=0,SU2-HaarU4-brickwork|n12|d12|i5,SU2-HaarU4-brickwork,12,12,1.0,5,gaussian,Z,0.0,96,96,432,96,1.0,4096,4095,0.9258289886294874,0.4374642955451546,0.4725143936297143,0.0110689464696568,0.0213703116105979,90.34283459056262,0.0001821636667938,74.09162503495142,2,78,0.0692590474417979,0.019047619047619,3.636099990694393,0.0502114283941789,0.019047619047619,0.0004390248905282,114.37034545756114,1.2713966026069012,1.2211851742127222,0.9100811642261484,0.8598697358319696,,,0,1.5543122344752194e-15,6.039329600878606e-16,1.887379141862766e-15,4.8572257327350605e-17,-0.37055098241689,10,0.2
v2_depth,prespecified depth-onset and saturation study,SU2-HaarU4-brickwork|n12|d72|i1|dir=gaussian|basis=Z|eta=0,SU2-HaarU4-brickwork|n12|d72|i1,SU2-HaarU4-brickwork,12,72,6.0,1,gaussian,Z,0.0,96,96,2592,96,1.0,4096,4095,0.9930018855654577,0.491867045123579,0.4952803885460859,0.0016064618891005,0.0120063945777557,622.4859779025876,3.755023707193674e-06,516.0522291457241,1,12,0.0028370857041066,0.0029304029304029,0.9681554965263776,-9.33172262963292e-05,0.0029304029304029,0.0001295405187506,-0.7203709479963929,0.3751435943445522,0.3750502771182558,0.1276684613857686,0.1275751441594722,,,0,1.6875389974302383e-14,2.7434653143679304e-15,1.6653345369377348e-14,2.4936649967166602e-17,-0.4410508485717936,10,0.2
v2_depth,prespecified depth-onset and saturation study,SU2-HaarU4-brickwork|n12|d72|i1|dir=gaussian|basis=Z|eta=0,SU2-HaarU4-brickwork|n12|d72|i1,SU2-HaarU4-brickwork,12,72,6.0,1,gaussian,Z,0.0,96,96,2592,96,1.0,4096,4095,0.9930018855654577,0.491867045123579,0.4952803885460859,0.0016064618891005,0.0120063945777557,622.4859779025876,3.755023707193674e-06,516.0522291457241,2,78,0.0182077091624628,0.019047619047619,0.955904731029302,-0.0008399098851561,0.019047619047619,0.000327584644535,-2.563947667169269,0.9486705950247528,0.9478306851395968,0.3228505485755221,0.3220106386903659,,,0,1.6875389974302383e-14,2.7434653143679304e-15,1.6653345369377348e-14,2.4936649967166602e-17,-0.4410508485717936,10,0.2
v2_depth,prespecified depth-onset and saturation study,U1-RZ-XY-line|n8|d4|i9|dir=gaussian|basis=Z|eta=0,U1-RZ-XY-line|n8|d4|i9,U1-RZ-XY-line,8,4,0.5,9,gaussian,Z,0.0,96,96,46,96,1.0,70,69,0.5071888435907089,0.1774535813660267,0.3939137910066572,0.1172418557217513,0.1264372530579831,8.529377105504775,0.0154666407218468,8.040850755416363,1,7,0.7392085107726043,0.1014492753623188,7.286483891901384,0.6377592354102855,0.1014492753623188,0.0170786314158199,37.342525866535695,0.8391154137568686,0.2013561783465831,0.8039135283261153,0.1661542929158298,,,0,8.881784197001252e-16,6.858742124065266e-16,6.661338147750939e-16,1.9775847626135598e-16,-0.027084997314123,10,0.2
v2_depth,prespecified depth-onset and saturation study,U1-RZ-XY-line|n8|d4|i9|dir=gaussian|basis=Z|eta=0,U1-RZ-XY-line|n8|d4|i9,U1-RZ-XY-line,8,4,0.5,9,gaussian,Z,0.0,96,96,46,96,1.0,70,69,0.5071888435907089,0.1774535813660267,0.3939137910066572,0.1172418557217513,0.1264372530579831,8.529377105504775,0.0154666407218468,8.040850755416363,2,27,0.975870068740733,0.391304347826087,2.493890175670762,0.584565720914646,0.391304347826087,0.0276067147827807,21.174765831943876,1.3563861959081212,0.7718204749934752,1.2994841885257995,0.7149184676111537,,,0,8.881784197001252e-16,6.858742124065266e-16,6.661338147750939e-16,1.9775847626135598e-16,-0.027084997314123,10,0.2
v2_depth,prespecified depth-onset and saturation study,U1-RZ-XY-line|n8|d16|i9|dir=gaussian|basis=Z|eta=0,U1-RZ-XY-line|n8|d16|i9,U1-RZ-XY-line,8,16,2.0,9,gaussian,Z,0.0,96,96,184,96,1.0,70,69,0.6927159338768142,0.2897759132575981,0.4252622756804645,0.0773089816392698,0.0869203464138608,12.935107652382266,0.0075014788762271,11.545867112675523,1,7,0.4876249914342366,0.1014492753623188,4.806589201280332,0.3861757160719177,0.1014492753623188,0.0137373736845913,28.111320616186926,0.6749511551962492,0.2887754391243314,0.6285737589336599,0.2423980428617421,,,0,4.440892098500626e-16,3.056265732929336e-16,4.440892098500626e-16,9.020562075079396e-17,-0.1312730033958123,10,0.2
v2_depth,prespecified depth-onset and saturation study,U1-RZ-XY-line|n8|d16|i9|dir=gaussian|basis=Z|eta=0,U1-RZ-XY-line|n8|d16|i9,U1-RZ-XY-line,8,16,2.0,9,gaussian,Z,0.0,96,96,184,96,1.0,70,69,0.6927159338768142,0.2897759132575981,0.4252622756804645,0.0773089816392698,0.0869203464138608,12.935107652382266,0.0075014788762271,11.545867112675523,2,27,0.7815808345978293,0.391304347826087,1.9973732439722305,0.3902764867717423,0.391304347826087,0.0222057463470813,17.575472612882425,1.0910232547410863,0.7007467679693442,1.0160566183744666,0.6257801316027243,,,0,4.440892098500626e-16,3.056265732929336e-16,4.440892098500626e-16,9.020562075079396e-17,-0.1312730033958123,10,0.2
v2_depth,prespecified depth-onset and saturation study,U1-RZ-XY-line|n8|d48|i9|dir=gaussian|basis=Z|eta=0,U1-RZ-XY-line|n8|d48|i9,U1-RZ-XY-line,8,48,6.0,9,gaussian,Z,0.0,96,96,552,96,1.0,70,69,0.6826160019984441,0.3234416022273169,0.4743774340950269,0.0558377137117403,0.065672737527243,17.909042715510413,0.0037570995944744,16.314495414286363,1,7,0.4300158230534283,0.1014492753623188,4.238727398669508,0.3285665476911095,0.1014492753623188,0.0115478666182594,28.452575575438317,0.5673752562171991,0.2388087085260896,0.5099547106692816,0.181388162978172,,,0,4.440892098500626e-16,3.23613117768106e-16,4.440892098500626e-16,9.020562075079396e-17,-0.1684124576972656,10,0.2
v2_depth,prespecified depth-onset and saturation study,U1-RZ-XY-line|n8|d48|i9|dir=gaussian|basis=Z|eta=0,U1-RZ-XY-line|n8|d48|i9,U1-RZ-XY-line,8,48,6.0,9,gaussian,Z,0.0,96,96,552,96,1.0,70,69,0.6826160019984441,0.3234416022273169,0.4743774340950269,0.0558377137117403,0.065672737527243,17.909042715510413,0.0037570995944744,16.314495414286363,2,27,0.7472625057286629,0.391304347826087,1.9096708479732496,0.3559581579025759,0.391304347826087,0.0186665226456366,19.06933415827086,0.9171324382986794,0.5611742803961035,0.8243151284675962,0.4683569705650203,,,0,4.440892098500626e-16,3.23613117768106e-16,4.440892098500626e-16,9.020562075079396e-17,-0.1684124576972656,10,0.2
v2_depth,prespecified depth-onset and saturation study,U1-RZ-XY-line|n12|d6|i9|dir=gaussian|basis=Z|eta=0,U1-RZ-XY-line|n12|d6|i9,U1-RZ-XY-line,12,6,0.5,9,gaussian,Z,0.0,96,96,105,96,1.0,924,923,0.611095295482338,0.1989891789730239,0.339580081483308,0.0563356560664709,0.0661654929824452,17.7507473920263,0.004138794691847,15.544009688720662,1,11,0.4783150295054086,0.0119176598049837,40.13497929395383,0.4663973697004248,0.0119176598049837,0.0012879596543894,362.1211022495288,0.8410534331533336,0.3746560634529087,0.7749395502351301,0.3085421805347052,,,0,2.220446049250313e-16,3.650675994272796e-16,4.440892098500626e-16,1.1102230246251563e-16,-0.1225487518956751,10,0.2
v2_depth,prespecified depth-onset and saturation study,U1-RZ-XY-line|n12|d6|i9|dir=gaussian|basis=Z|eta=0,U1-RZ-XY-line|n12|d6|i9,U1-RZ-XY-line,12,6,0.5,9,gaussian,Z,0.0,96,96,105,96,1.0,924,923,0.611095295482338,0.1989891789730239,0.339580081483308,0.0563356560664709,0.0661654929824452,17.7507473920263,0.004138794691847,15.544009688720662,2,65,0.7811508547977543,0.0704225352112676,11.09234213812811,0.7107283195864866,0.0704225352112676,0.0030367484561681,234.04253919776392,1.9830339451852532,1.2723056255987668,1.8271507766411936,1.1164224570547072,,,0,2.220446049250313e-16,3.650675994272796e-16,4.440892098500626e-16,1.1102230246251563e-16,-0.1225487518956751,10,0.2
v2_depth,prespecified depth-onset and saturation study,U1-RZ-XY-line|n12|d24|i9|dir=gaussian|basis=Z|eta=0,U1-RZ-XY-line|n12|d24|i9,U1-RZ-XY-line,12,24,2.0,9,gaussian,Z,0.0,96,96,420,96,1.0,924,923,0.6692076098144186,0.277886335062796,0.4219345651887041,0.0465971387721464,0.0565284185766032,21.460545139688968,0.003035202411563,18.151234630674963,1,11,0.4129821259466608,0.0119176598049837,34.65295474988799,0.401064466141677,0.0119176598049837,0.0011887834664913,337.3738594509657,0.776290167445056,0.3752257013033789,0.7033379557356206,0.3022734895939436,,,0,7.771561172376097e-16,4.007811954513753e-16,6.661338147750939e-16,5.551115123125783e-17,-0.1458459819501227,10,0.2
v2_depth,prespecified depth-onset and saturation study,U1-RZ-XY-line|n12|d24|i9|dir=gaussian|basis=Z|eta=0,U1-RZ-XY-line|n12|d24|i9,U1-RZ-XY-line,12,24,2.0,9,gaussian,Z,0.0,96,96,420,96,1.0,924,923,0.6692076098144186,0.277886335062796,0.4219345651887041,0.0465971387721464,0.0565284185766032,21.460545139688968,0.003035202411563,18.151234630674963,2,65,0.664051672443699,0.0704225352112676,9.429533748700525,0.5936291372324314,0.0704225352112676,0.0028029110572544,211.79021563884768,1.8303352589447648,1.2367061217123334,1.6583286937331383,1.064699556500707,,,0,7.771561172376097e-16,4.007811954513753e-16,6.661338147750939e-16,5.551115123125783e-17,-0.1458459819501227,10,0.2
v2_depth,prespecified depth-onset and saturation study,U1-RZ-XY-line|n12|d72|i9|dir=gaussian|basis=Z|eta=0,U1-RZ-XY-line|n12|d72|i9,U1-RZ-XY-line,12,72,6.0,9,gaussian,Z,0.0,96,96,1260,96,1.0,924,923,0.7861718459291044,0.3753064988318719,0.4781511142175375,0.0265316412350172,0.0366719366388191,37.69084585239189,0.0009846594179763,31.868159373852823,1,11,0.3059931193545028,0.0119176598049837,25.675604469473285,0.2940754595495191,0.0119176598049837,0.0009524156068204,308.7679973360265,0.6219390593293601,0.327863599779841,0.525922312302928,0.2318468527534088,,,0,1.3322676295501878e-15,4.445667326351577e-16,1.3322676295501878e-15,1.1102230246251563e-16,-0.2086485226208069,10,0.2
v2_depth,prespecified depth-onset and saturation study,U1-RZ-XY-line|n12|d72|i9|dir=gaussian|basis=Z|eta=0,U1-RZ-XY-line|n12|d72|i9,U1-RZ-XY-line,12,72,6.0,9,gaussian,Z,0.0,96,96,1260,96,1.0,924,923,0.7861718459291044,0.3753064988318719,0.4781511142175375,0.0265316412350172,0.0366719366388191,37.69084585239189,0.0009846594179763,31.868159373852823,2,65,0.5338514204519398,0.0704225352112676,7.580690170417545,0.4634288852406721,0.0704225352112676,0.0022456034346925,206.37164963372723,1.46640655381744,1.0029776685767675,1.2400184776808223,0.7765895924401504,,,0,1.3322676295501878e-15,4.445667326351577e-16,1.3322676295501878e-15,1.1102230246251563e-16,-0.2086485226208069,10,0.2
v2_depth,prespecified depth-onset and saturation study,RY-RZ-CZ-line|n8|d16|i2|dir=gaussian|basis=Z|eta=0,RY-RZ-CZ-line|n8|d16|i2,RY-RZ-CZ-line,8,16,2.0,2,gaussian,Z,0.0,96,96,256,96,1.0,256,255,0.9102185720918956,0.4161255285306282,0.4592455772293936,0.0190213376868608,0.0292398654192893,52.57253808657,0.0005309497610658,43.39835670995362,1,8,0.069812018931824,0.0313725490196078,2.2252581034518912,0.0384394699122161,0.0313725490196078,0.0024517275149881,15.678524500469354,0.4429356367206725,0.4044961668084563,0.3420649156450717,0.3036254457328555,,,0,6.661338147750939e-16,2.809301520284495e-16,8.881784197001252e-16,6.938893903907227e-17,-0.273369164918073,10,0.2
v2_depth,prespecified depth-onset and saturation study,RY-RZ-CZ-line|n8|d16|i2|dir=gaussian|basis=Z|eta=0,RY-RZ-CZ-line|n8|d16|i2,RY-RZ-CZ-line,8,16,2.0,2,gaussian,Z,0.0,96,96,256,96,1.0,256,255,0.9102185720918956,0.4161255285306282,0.4592455772293936,0.0190213376868608,0.0292398654192893,52.57253808657,0.0005309497610658,43.39835670995362,2,36,0.2196778946922606,0.1411764705882353,1.5560517540701793,0.0785014241040253,0.1411764705882353,0.0048972473366024,16.02970377201456,0.8847497749875968,0.8062483508835715,0.6832637341821804,0.6047623100781552,,,0,6.661338147750939e-16,2.809301520284495e-16,8.881784197001252e-16,6.938893903907227e-17,-0.273369164918073,10,0.2
v2_depth,prespecified depth-onset and saturation study,RY-RZ-CZ-line|n8|d48|i10|dir=gaussian|basis=Z|eta=0,RY-RZ-CZ-line|n8|d48|i10,RY-RZ-CZ-line,8,48,6.0,10,gaussian,Z,0.0,96,96,768,96,1.0,256,255,0.980059410959594,0.4725693514919821,0.482714982537463,0.0094791589797304,0.0197970844070248,105.49459104318562,0.0001358632301832,85.79244245424334,1,8,0.0307090228300274,0.0313725490196078,0.9788501027071258,-0.0006635261895803,0.0313725490196078,0.0019414172304757,-0.3417741324041761,0.350741618660434,0.3500780924708536,0.2075231953593938,0.2068596691698134,,,0,1.3322676295501878e-15,2.9927122410591324e-16,1.3322676295501878e-15,4.163336342344337e-17,-0.3710579744946017,10,0.2
v2_depth,prespecified depth-onset and saturation study,RY-RZ-CZ-line|n8|d48|i10|dir=gaussian|basis=Z|eta=0,RY-RZ-CZ-line|n8|d48|i10,RY-RZ-CZ-line,8,48,6.0,10,gaussian,Z,0.0,96,96,768,96,1.0,256,255,0.980059410959594,0.4725693514919821,0.482714982537463,0.0094791589797304,0.0197970844070248,105.49459104318562,0.0001358632301832,85.79244245424334,2,36,0.1395702481491093,0.1411764705882353,0.988622591056191,-0.0016062224391259,0.1411764705882353,0.0038779188564221,-0.4141970212878305,0.7005951710864482,0.6989889486473222,0.4145209488183897,0.4129147263792637,,,0,1.3322676295501878e-15,2.9927122410591324e-16,1.3322676295501878e-15,4.163336342344337e-17,-0.3710579744946017,10,0.2
v2_depth,prespecified depth-onset and saturation study,RY-RZ-CZ-line|n12|d12|i6|dir=gaussian|basis=Z|eta=0,RY-RZ-CZ-line|n12|d12|i6,RY-RZ-CZ-line,12,12,1.0,6,gaussian,Z,0.0,96,96,288,96,1.0,4096,4095,0.9010773858280904,0.409774028329362,0.4548200612965403,0.015293994803758,0.0255513490245522,65.38514056211635,0.000362216596006,52.54311637232721,1,12,0.1234540778842869,0.0029304029304029,42.12870407801293,0.120523674953884,0.0029304029304029,0.0001900128910392,634.2920961557387,0.5502689012190961,0.429745226265212,0.4243445665608819,0.3038208916069978,,,0,1.7763568394002505e-15,6.246546299619127e-16,1.7763568394002505e-15,1.3877787807814454e-16,-0.3051944450201005,10,0.2
v2_depth,prespecified depth-onset and saturation study,RY-RZ-CZ-line|n12|d12|i6|dir=gaussian|basis=Z|eta=0,RY-RZ-CZ-line|n12|d12|i6,RY-RZ-CZ-line,12,12,1.0,6,gaussian,Z,0.0,96,96,288,96,1.0,4096,4095,0.9010773858280904,0.409774028329362,0.4548200612965403,0.015293994803758,0.0255513490245522,65.38514056211635,0.000362216596006,52.54311637232721,2,78,0.2583914343830527,0.019047619047619,13.565550305110268,0.2393438153354337,0.019047619047619,0.0004805083843148,498.1053882685551,1.3915309599120649,1.1521871445766312,1.0730909937518402,0.8337471784164066,,,0,1.7763568394002505e-15,6.246546299619127e-16,1.7763568394002505e-15,1.3877787807814454e-16,-0.3051944450201005,10,0.2
v2_depth,prespecified depth-onset and saturation study,RY-RZ-CZ-line|n12|d72|i2|dir=gaussian|basis=Z|eta=0,RY-RZ-CZ-line|n12|d72|i2,RY-RZ-CZ-line,12,72,6.0,2,gaussian,Z,0.0,96,96,1728,96,1.0,4096,4095,0.981713698777139,0.4793199083785793,0.4881681462302774,0.0024744538122654,0.0128653449183876,404.1295881309972,1.022490614985426e-05,312.7305688021809,1,12,0.0025775846814073,0.0029304029304029,0.8796007725302688,-0.0003528182489955,0.0029304029304029,0.0001341871191405,-2.629300422092702,0.3885999428952474,0.3882471246462519,0.1633542662977778,0.1630014480487822,,,0,2.1094237467877974e-15,3.4696427804443757e-16,1.9984014443252818e-15,2.4286128663675302e-17,-0.4365488405556598,10,0.2
v2_depth,prespecified depth-onset and saturation study,RY-RZ-CZ-line|n12|d72|i2|dir=gaussian|basis=Z|eta=0,RY-RZ-CZ-line|n12|d72|i2,RY-RZ-CZ-line,12,72,6.0,2,gaussian,Z,0.0,96,96,1728,96,1.0,4096,4095,0.981713698777139,0.4793199083785793,0.4881681462302774,0.0024744538122654,0.0128653449183876,404.1295881309972,1.022490614985426e-05,312.7305688021809,2,78,0.0180107903962478,0.019047619047619,0.9455664958030142,-0.0010368286513711,0.019047619047619,0.000339335060171,-3.0554716357589844,0.9826992773184028,0.9816624486670316,0.4130935229729994,0.4120566943216283,,,0,2.1094237467877974e-15,3.4696427804443757e-16,1.9984014443252818e-15,2.4286128663675302e-17,-0.4365488405556598,10,0.2
v2_depth,prespecified depth-onset and saturation study,SU2-CNOT-line|n8|d4|i10|dir=gaussian|basis=Z|eta=0,SU2-CNOT-line|n8|d4|i10,SU2-CNOT-line,8,4,0.5,10,gaussian,Z,0.0,96,96,96,96,1.0,256,255,0.8722711209699794,0.3750983560468334,0.4302472445969951,0.0309126724169003,0.0410073320792243,32.349192800726165,0.0012387223095042,28.41273366239717,1,8,0.087987840096118,0.0313725490196078,2.8046124030637625,0.0566152910765102,0.0313725490196078,0.0029672802755754,19.079859608317754,0.5360767745012127,0.4794614834247025,0.4573342240656964,0.4007189329891862,,,0,0.0,1.8246990499799923e-16,2.220446049250313e-16,8.500145032286355e-17,-0.2866504006176333,10,0.2
v2_depth,prespecified depth-onset and saturation study,SU2-CNOT-line|n8|d4|i10|dir=gaussian|basis=Z|eta=0,SU2-CNOT-line|n8|d4|i10,SU2-CNOT-line,8,4,0.5,10,gaussian,Z,0.0,96,96,96,96,1.0,256,255,0.8722711209699794,0.3750983560468334,0.4302472445969951,0.0309126724169003,0.0410073320792243,32.349192800726165,0.0012387223095042,28.41273366239717,2,36,0.2546780180600826,0.1411764705882353,1.8039692945922523,0.1135015474718473,0.1411764705882353,0.0059270474951558,19.149761759900148,1.0707962202533896,0.9572946727815422,0.9135104929283904,0.8000089454565431,,,0,0.0,1.8246990499799923e-16,2.220446049250313e-16,8.500145032286355e-17,-0.2866504006176333,10,0.2
v2_depth,prespecified depth-onset and saturation study,SU2-CNOT-line|n8|d32|i6|dir=gaussian|basis=Z|eta=0,SU2-CNOT-line|n8|d32|i6,SU2-CNOT-line,8,32,4.0,6,gaussian,Z,0.0,96,96,768,96,1.0,256,255,0.9793337526009488,0.473944882142386,0.4839283050766008,0.0070019244857985,0.0173456544390714,142.8178784315974,6.334937311636652e-05,125.64026368494856,1,8,0.0293734093311773,0.0313725490196078,0.936277422431279,-0.0019991396884304,0.0313725490196078,0.0017852429125636,-1.1198138216158038,0.3225267495443067,0.3205276098558763,0.1544983428567105,0.15249920316828,,,0,1.6653345369377348e-15,3.782333719828465e-16,1.5543122344752194e-15,5.898059818321144e-17,-0.4077879785477222,10,0.2
v2_depth,prespecified depth-onset and saturation study,SU2-CNOT-line|n8|d32|i6|dir=gaussian|basis=Z|eta=0,SU2-CNOT-line|n8|d32|i6,SU2-CNOT-line,8,32,4.0,6,gaussian,Z,0.0,96,96,768,96,1.0,256,255,0.9793337526009488,0.473944882142386,0.4839283050766008,0.0070019244857985,0.0173456544390714,142.8178784315974,6.334937311636652e-05,125.64026368494856,2,36,0.1382571523432189,0.1411764705882353,0.9793214957644674,-0.0029193182450163,0.1411764705882353,0.0035659656488308,-0.8186613480064089,0.6442368719741542,0.6413175537291379,0.3086055009943423,0.305686182749326,,,0,1.6653345369377348e-15,3.782333719828465e-16,1.5543122344752194e-15,5.898059818321144e-17,-0.4077879785477222,10,0.2
v2_depth,prespecified depth-onset and saturation study,SU2-CNOT-line|n12|d6|i2|dir=gaussian|basis=Z|eta=0,SU2-CNOT-line|n12|d6|i2,SU2-CNOT-line,12,6,0.5,2,gaussian,Z,0.0,96,96,216,96,1.0,4096,4095,0.9232079442202982,0.4112561643094558,0.445457311889163,0.0123241649867277,0.0226124549347826,81.14139993069954,0.0002107418036759,68.8849985555771,1,12,0.0284262166653275,0.0029304029304029,9.700446437043034,0.0254958137349246,0.0029304029304029,0.0001786395047983,142.72214739792364,0.5173320793241704,0.4918362655892457,0.3801773098718043,0.3546814961368797,,,0,9.992007221626409e-16,5.343652287015414e-16,8.881784197001252e-16,6.591949208711867e-17,-0.341392438305706,10,0.2
v2_depth,prespecified depth-onset and saturation study,SU2-CNOT-line|n12|d6|i2|dir=gaussian|basis=Z|eta=0,SU2-CNOT-line|n12|d6|i2,SU2-CNOT-line,12,6,0.5,2,gaussian,Z,0.0,96,96,216,96,1.0,4096,4095,0.9232079442202982,0.4112561643094558,0.445457311889163,0.0123241649867277,0.0226124549347826,81.14139993069954,0.0002107418036759,68.8849985555771,2,78,0.1297101064765385,0.019047619047619,6.809780590018271,0.1106624874289194,0.019047619047619,0.0004517471386072,244.96555256574007,1.3082396685336883,1.1975771811047689,0.9613999551322264,0.8507374677033068,,,0,9.992007221626409e-16,5.343652287015414e-16,8.881784197001252e-16,6.591949208711867e-17,-0.341392438305706,10,0.2
v2_depth,prespecified depth-onset and saturation study,SU2-CNOT-line|n12|d24|i10|dir=gaussian|basis=Z|eta=0,SU2-CNOT-line|n12|d24|i10,SU2-CNOT-line,12,24,2.0,10,gaussian,Z,0.0,96,96,864,96,1.0,4096,4095,0.9707340102989518,0.4697615731051883,0.4839666847953137,0.0026252382522589,0.0130145586871312,380.9178077987871,9.658176120782109e-06,321.77510423384325,1,12,0.0026921776890829,0.0029304029304029,0.9187056363995724,-0.0002382252413199,0.0029304029304029,0.0001349780035741,-1.7649189868855573,0.3908903091220484,0.3906520838807285,0.1687860399666688,0.1685478147253488,,,0,5.551115123125784e-16,9.45513811449718e-17,4.440892098500626e-16,2.125036258071589e-17,-0.4285441916556806,10,0.2
v2_depth,prespecified depth-onset and saturation study,SU2-CNOT-line|n12|d24|i10|dir=gaussian|basis=Z|eta=0,SU2-CNOT-line|n12|d24|i10,SU2-CNOT-line,12,24,2.0,10,gaussian,Z,0.0,96,96,864,96,1.0,4096,4095,0.9707340102989518,0.4697615731051883,0.4839666847953137,0.0026252382522589,0.0130145586871312,380.9178077987871,9.658176120782109e-06,321.77510423384325,2,78,0.0180051371811762,0.019047619047619,0.9452697020117512,-0.0010424818664428,0.019047619047619,0.0003413350644829,-3.054130603376765,0.98849120106163,0.9874487191951872,0.4268295004392009,0.4257870185727581,,,0,5.551115123125784e-16,9.45513811449718e-17,4.440892098500626e-16,2.125036258071589e-17,-0.4285441916556806,10,0.2
v2_depth,prespecified depth-onset and saturation study,SU2-CNOT-line|n12|d96|i6|dir=gaussian|basis=Z|eta=0,SU2-CNOT-line|n12|d96|i6,SU2-CNOT-line,12,96,8.0,6,gaussian,Z,0.0,96,96,3456,96,1.0,4096,4095,0.9920659134025072,0.4916536173843135,0.4956359557988317,0.0007838825790389,0.0111923838021739,1275.7012679450936,8.622016311996607e-07,1076.9500975094277,1,12,0.0027956108919904,0.0029304029304029,0.95400221689174,-0.0001347920384124,0.0029304029304029,0.0001249776895749,-1.0785288067884808,0.3619298435132333,0.3617950514748208,0.0803567680890536,0.0802219760506411,,,0,1.3322676295501878e-15,9.631230981140903e-17,1.3322676295501878e-15,2.2985086056692694e-17,-0.4602176825226149,10,0.2
v2_depth,prespecified depth-onset and saturation study,SU2-CNOT-line|n12|d96|i6|dir=gaussian|basis=Z|eta=0,SU2-CNOT-line|n12|d96|i6,SU2-CNOT-line,12,96,8.0,6,gaussian,Z,0.0,96,96,3456,96,1.0,4096,4095,0.9920659134025072,0.4916536173843135,0.4956359557988317,0.0007838825790389,0.0111923838021739,1275.7012679450936,8.622016311996607e-07,1076.9500975094277,2,78,0.0190517231449938,0.019047619047619,1.0002154651121755,4.104097374772742e-06,0.019047619047619,0.0003160460712145,0.0129857566619968,0.9152553986769172,0.9152512945795424,0.2032077960187502,0.2032036919213755,,,0,1.3322676295501878e-15,9.631230981140903e-17,1.3322676295501878e-15,2.2985086056692694e-17,-0.4602176825226149,10,0.2
v2_depth,prespecified depth-onset and saturation study,SU2-HaarU4-brickwork|n8|d16|i2|dir=gaussian|basis=Z|eta=0,SU2-HaarU4-brickwork|n8|d16|i2,SU2-HaarU4-brickwork,8,16,2.0,2,gaussian,Z,0.0,96,96,384,96,1.0,256,255,0.943968297964924,0.4596861510763397,0.4875044181377976,0.017111296541893,0.0273497205362483,58.44092512520791,0.000450995165779,47.088413303321786,1,8,0.0317912710902842,0.0313725490196078,1.013346766002809,0.0004187220706763,0.0313725490196078,0.0023584353373849,0.177542315466084,0.4260812229103721,0.4256625008396958,0.3196990150612408,0.3192802929905645,,,0,3.996802888650564e-15,1.817991030458752e-15,3.996802888650564e-15,6.938893903907227e-17,-0.3508774704209944,10,0.2
v2_depth,prespecified depth-onset and saturation study,SU2-HaarU4-brickwork|n8|d16|i2|dir=gaussian|basis=Z|eta=0,SU2-HaarU4-brickwork|n8|d16|i2,SU2-HaarU4-brickwork,8,16,2.0,2,gaussian,Z,0.0,96,96,384,96,1.0,256,255,0.943968297964924,0.4596861510763397,0.4875044181377976,0.017111296541893,0.0273497205362483,58.44092512520791,0.000450995165779,47.088413303321786,2,36,0.1416825377485928,0.1411764705882353,1.003584642385866,0.0005060671603575,0.1411764705882353,0.0047108991941193,0.1074247483345191,0.851083622188031,0.8505775550276735,0.6385885627386636,0.638082495578306,,,0,3.996802888650564e-15,1.817991030458752e-15,3.996802888650564e-15,6.938893903907227e-17,-0.3508774704209944,10,0.2
v2_depth,prespecified depth-onset and saturation study,SU2-HaarU4-brickwork|n8|d48|i10|dir=gaussian|basis=Z|eta=0,SU2-HaarU4-brickwork|n8|d48|i10,SU2-HaarU4-brickwork,8,48,6.0,10,gaussian,Z,0.0,96,96,1152,96,1.0,256,255,0.9842581845590233,0.4824803681060786,0.490395104238857,0.0076672442011491,0.0180040437407204,130.42495762038257,8.272576993955137e-05,109.94603983620418,1,8,0.0289336641224791,0.0313725490196078,0.9222605439040236,-0.0024388848971286,0.0313725490196078,0.0018284978498119,-1.333818848832369,0.3303413019585781,0.3279024170614494,0.170368170340607,0.1679292854434783,,,0,8.437694987151191e-15,1.4953678597773541e-15,8.215650382226158e-15,5.030698080332741e-17,-0.3755587192828223,10,0.2
v2_depth,prespecified depth-onset and saturation study,SU2-HaarU4-brickwork|n8|d48|i10|dir=gaussian|basis=Z|eta=0,SU2-HaarU4-brickwork|n8|d48|i10,SU2-HaarU4-brickwork,8,48,6.0,10,gaussian,Z,0.0,96,96,1152,96,1.0,256,255,0.9842581845590233,0.4824803681060786,0.490395104238857,0.0076672442011491,0.0180040437407204,130.42495762038257,8.272576993955137e-05,109.94603983620418,2,36,0.142977612933372,0.1411764705882353,1.012758091611385,0.0018011423451367,0.1411764705882353,0.0036523660032499,0.4931439903706299,0.659846190613186,0.6580450482680492,0.340304974081273,0.3385038317361363,,,0,8.437694987151191e-15,1.4953678597773541e-15,8.215650382226158e-15,5.030698080332741e-17,-0.3755587192828223,10,0.2
v2_depth,prespecified depth-onset and saturation study,SU2-HaarU4-brickwork|n12|d12|i6|dir=gaussian|basis=Z|eta=0,SU2-HaarU4-brickwork|n12|d12|i6,SU2-HaarU4-brickwork,12,12,1.0,6,gaussian,Z,0.0,96,96,432,96,1.0,4096,4095,0.921827195275223,0.4343178574183381,0.4711886345217967,0.0110210302243339,0.0213228944928304,90.73561905238604,0.0001706960681377,76.53996181385396,1,12,0.0263567174463552,0.0029304029304029,8.994229828568738,0.0234263145159523,0.0029304029304029,0.0001734136617666,135.08920968105855,0.5021982697847733,0.478771955268821,0.3590863326718992,0.3356600181559469,,,0,3.552713678800501e-15,1.2958402508140685e-15,3.3306690738754696e-15,9.714451465470121e-17,-0.3502622346405659,10,0.2
v2_depth,prespecified depth-onset and saturation study,SU2-HaarU4-brickwork|n12|d12|i6|dir=gaussian|basis=Z|eta=0,SU2-HaarU4-brickwork|n12|d12|i6,SU2-HaarU4-brickwork,12,12,1.0,6,gaussian,Z,0.0,96,96,432,96,1.0,4096,4095,0.921827195275223,0.4343178574183381,0.4711886345217967,0.0110210302243339,0.0213228944928304,90.73561905238604,0.0001706960681377,76.53996181385396,2,78,0.0719658253579779,0.019047619047619,3.7782058312938434,0.0529182063103589,0.019047619047619,0.0004385319226388,120.67127517632969,1.2699689894732729,1.217050783162914,0.9080646718126588,0.8551464655023,,,0,3.552713678800501e-15,1.2958402508140685e-15,3.3306690738754696e-15,9.714451465470121e-17,-0.3502622346405659,10,0.2
v2_depth,prespecified depth-onset and saturation study,SU2-HaarU4-brickwork|n12|d72|i2|dir=gaussian|basis=Z|eta=0,SU2-HaarU4-brickwork|n12|d72|i2,SU2-HaarU4-brickwork,12,72,6.0,2,gaussian,Z,0.0,96,96,2592,96,1.0,4096,4095,0.9840883911214938,0.4877312171441776,0.495596021413899,0.0016396703686277,0.0120392571356211,609.8786799671984,4.527178448255102e-06,469.9873764919968,1,12,0.0027030837763266,0.0029304029304029,0.9224273386714604,-0.0002273191540763,0.0029304029304029,0.0001297213550543,-1.7523649362208495,0.375667288256117,0.3754399691020407,0.1292152081460487,0.1289878889919724,,,0,9.103828801926284e-15,1.929014260288928e-15,9.103828801926284e-15,2.7321894746634715e-17,-0.442121782819296,10,0.2
v2_depth,prespecified depth-onset and saturation study,SU2-HaarU4-brickwork|n12|d72|i2|dir=gaussian|basis=Z|eta=0,SU2-HaarU4-brickwork|n12|d72|i2,SU2-HaarU4-brickwork,12,72,6.0,2,gaussian,Z,0.0,96,96,2592,96,1.0,4096,4095,0.9840883911214938,0.4877312171441776,0.495596021413899,0.0016396703686277,0.0120392571356211,609.8786799671984,4.527178448255102e-06,469.9873764919968,2,78,0.0182856652425187,0.019047619047619,0.9599974252322352,-0.0007619538051002,0.019047619047619,0.0003280419469825,-2.3227328459330723,0.9499949226213978,0.9492329688162976,0.326761992597354,0.3260000387922537,,,0,9.103828801926284e-15,1.929014260288928e-15,9.103828801926284e-15,2.7321894746634715e-17,-0.442121782819296,10,0.2
v2_depth,prespecified depth-onset and saturation study,U1-RZ-XY-line|n8|d4|i10|dir=gaussian|basis=Z|eta=0,U1-RZ-XY-line|n8|d4|i10,U1-RZ-XY-line,8,4,0.5,10,gaussian,Z,0.0,96,96,46,96,1.0,70,69,0.5096699550430989,0.1753615313185555,0.3718972258755506,0.1066479649217126,0.1159537152871115,9.37664399629259,0.0132883015681957,8.67491568151735,1,7,0.5748887399302516,0.1014492753623188,5.666760436455337,0.4734394645679327,0.1014492753623188,0.0162592748928407,29.11811674802285,0.798858400706207,0.3254189361382742,0.7613428421151626,0.2879033775472298,,,0,1.3322676295501878e-15,8.879903584759702e-16,1.1102230246251563e-15,2.0816681711721683e-16,-0.039821966114803,10,0.2
v2_depth,prespecified depth-onset and saturation study,U1-RZ-XY-line|n8|d4|i10|dir=gaussian|basis=Z|eta=0,U1-RZ-XY-line|n8|d4|i10,U1-RZ-XY-line,8,4,0.5,10,gaussian,Z,0.0,96,96,46,96,1.0,70,69,0.5096699550430989,0.1753615313185555,0.3718972258755506,0.1066479649217126,0.1159537152871115,9.37664399629259,0.0132883015681957,8.67491568151735,2,27,0.9039539551008924,0.391304347826087,2.3101045519245025,0.5126496072748052,0.391304347826087,0.0262822678007851,19.505531682448296,1.291312839019182,0.7786632317443767,1.2306708999361526,0.7180212926613474,,,0,1.3322676295501878e-15,8.879903584759702e-16,1.1102230246251563e-15,2.0816681711721683e-16,-0.039821966114803,10,0.2
v2_depth,prespecified depth-onset and saturation study,U1-RZ-XY-line|n8|d16|i10|dir=gaussian|basis=Z|eta=0,U1-RZ-XY-line|n8|d16|i10,U1-RZ-XY-line,8,16,2.0,10,gaussian,Z,0.0,96,96,184,96,1.0,70,69,0.6751177541841837,0.3136722534550081,0.4597494779932939,0.081394828961473,0.0909636328264577,12.285792755622518,0.0090534799561964,10.509746185813432,1,7,0.4480433056357504,0.1014492753623188,4.41642686983811,0.3465940302734315,0.1014492753623188,0.0141156125179687,24.553949028582984,0.6935349648377129,0.3469409345642814,0.6486943486148643,0.3021003183414327,,,0,8.881784197001252e-16,6.2104069551668595e-16,8.881784197001252e-16,5.551115123125783e-17,-0.129957462150928,10,0.2
v2_depth,prespecified depth-onset and saturation study,U1-RZ-XY-line|n8|d16|i10|dir=gaussian|basis=Z|eta=0,U1-RZ-XY-line|n8|d16|i10,U1-RZ-XY-line,8,16,2.0,10,gaussian,Z,0.0,96,96,184,96,1.0,70,69,0.6751177541841837,0.3136722534550081,0.4597494779932939,0.081394828961473,0.0909636328264577,12.285792755622518,0.0090534799561964,10.509746185813432,2,27,0.7479053094696226,0.391304347826087,1.911313568644591,0.3566009616435356,0.391304347826087,0.0228171496462442,15.62863754554167,1.1210630114322555,0.7644620497887198,1.0485804996543124,0.6919795380107767,,,0,8.881784197001252e-16,6.2104069551668595e-16,8.881784197001252e-16,5.551115123125783e-17,-0.129957462150928,10,0.2
v2_depth,prespecified depth-onset and saturation study,U1-RZ-XY-line|n8|d48|i10|dir=gaussian|basis=Z|eta=0,U1-RZ-XY-line|n8|d48|i10,U1-RZ-XY-line,8,48,6.0,10,gaussian,Z,0.0,96,96,552,96,1.0,70,69,0.7462219689385764,0.3613509559380379,0.4827828206957532,0.0572276718463315,0.0670482169312655,17.474063992769317,0.0038065673800953,16.208142234224365,1,7,0.4277433857572663,0.1014492753623188,4.216327659607339,0.3262941103949474,0.1014492753623188,0.0117020142063095,27.883585222364164,0.5749489085770948,0.2486547981821473,0.5184558246920956,0.1921617142971481,,,0,1.7763568394002505e-15,7.495290286424915e-16,1.7763568394002505e-15,8.326672684688674e-17,-0.1602609976378662,10,0.2
v2_depth,prespecified depth-onset and saturation study,U1-RZ-XY-line|n8|d48|i10|dir=gaussian|basis=Z|eta=0,U1-RZ-XY-line|n8|d48|i10,U1-RZ-XY-line,8,48,6.0,10,gaussian,Z,0.0,96,96,552,96,1.0,70,69,0.7462219689385764,0.3613509559380379,0.4827828206957532,0.0572276718463315,0.0670482169312655,17.474063992769317,0.0038065673800953,16.208142234224365,2,27,0.7135120708836777,0.391304347826087,1.823419736702732,0.3222077230575907,0.391304347826087,0.0189156941626124,17.03388309663229,0.9293748513745832,0.6071671283169926,0.8380567348322805,0.5158490117746897,,,0,1.7763568394002505e-15,7.495290286424915e-16,1.7763568394002505e-15,8.326672684688674e-17,-0.1602609976378662,10,0.2
v2_depth,prespecified depth-onset and saturation study,U1-RZ-XY-line|n12|d6|i10|dir=gaussian|basis=Z|eta=0,U1-RZ-XY-line|n12|d6|i10,U1-RZ-XY-line,12,6,0.5,10,gaussian,Z,0.0,96,96,105,96,1.0,924,923,0.6010156839184343,0.2249711461912872,0.3951861201075785,0.0796163003870341,0.0892036305913358,12.56024199992662,0.0079708308173052,11.200778381889394,1,11,0.706484157414105,0.0119176598049837,59.28044339029263,0.6945664976091213,0.0119176598049837,0.0014986814658388,463.4517163527923,0.9786573575897805,0.2840908599806591,0.9238865922044946,0.2293200945953734,,,0,4.440892098500626e-16,4.603446330422039e-16,4.440892098500626e-16,8.326672684688674e-17,-0.1284634177523106,10,0.2
v2_depth,prespecified depth-onset and saturation study,U1-RZ-XY-line|n12|d6|i10|dir=gaussian|basis=Z|eta=0,U1-RZ-XY-line|n12|d6|i10,U1-RZ-XY-line,12,6,0.5,10,gaussian,Z,0.0,96,96,105,96,1.0,924,923,0.6010156839184343,0.2249711461912872,0.3951861201075785,0.0796163003870341,0.0892036305913358,12.56024199992662,0.0079708308173052,11.200778381889394,2,65,0.9412321217130912,0.0704225352112676,13.365496128325892,0.8708095865018235,0.0704225352112676,0.0035335878823249,246.4377894370859,2.3074761772621217,1.4366665907602982,2.1783377864281617,1.3075281999263382,,,0,4.440892098500626e-16,4.603446330422039e-16,4.440892098500626e-16,8.326672684688674e-17,-0.1284634177523106,10,0.2
v2_depth,prespecified depth-onset and saturation study,U1-RZ-XY-line|n12|d24|i10|dir=gaussian|basis=Z|eta=0,U1-RZ-XY-line|n12|d24|i10,U1-RZ-XY-line,12,24,2.0,10,gaussian,Z,0.0,96,96,420,96,1.0,924,923,0.7178799778952142,0.3291147911663428,0.4593984217078495,0.0351981161262935,0.0452481357499779,28.41061142056366,0.0016856425073939,24.356633585000296,1,11,0.3442155115787925,0.0119176598049837,28.882810653384137,0.3322978517738088,0.0119176598049837,0.0010609850982154,313.1974731150538,0.6928362672988065,0.3605384155249977,0.6089247714521128,0.276626919678304,,,0,0.0,1.1496388234292284e-16,0.0,6.245004513516506e-17,-0.1520271640719795,10,0.2
v2_depth,prespecified depth-onset and saturation study,U1-RZ-XY-line|n12|d24|i10|dir=gaussian|basis=Z|eta=0,U1-RZ-XY-line|n12|d24|i10,U1-RZ-XY-line,12,24,2.0,10,gaussian,Z,0.0,96,96,420,96,1.0,924,923,0.7178799778952142,0.3291147911663428,0.4593984217078495,0.0351981161262935,0.0452481357499779,28.41061142056366,0.0016856425073939,24.356633585000296,2,65,0.6156350486594775,0.0704225352112676,8.74201769096458,0.5452125134482099,0.0704225352112676,0.0025015883440468,217.94653574625045,1.6335678357055068,1.0883553222572968,1.4357214943245675,0.8905089808763579,,,0,0.0,1.1496388234292284e-16,0.0,6.245004513516506e-17,-0.1520271640719795,10,0.2
v2_depth,prespecified depth-onset and saturation study,U1-RZ-XY-line|n12|d72|i10|dir=gaussian|basis=Z|eta=0,U1-RZ-XY-line|n12|d72|i10,U1-RZ-XY-line,12,72,6.0,10,gaussian,Z,0.0,96,96,1260,96,1.0,924,923,0.7516834929053487,0.3407157276571924,0.4546115467040323,0.0232432847212325,0.0334178338387196,43.02317903830991,0.0006427670026281,39.4432973170504,1,11,0.2849303539989686,0.0119176598049837,23.90824697645892,0.2730126941939849,0.0119176598049837,0.0009078290045911,300.7314073611668,0.592823461841683,0.3198107676476981,0.4907682157425876,0.2177555215486027,,,0,1.3322676295501878e-15,5.516972955366758e-16,1.3322676295501878e-15,6.591949208711867e-17,-0.1948865569221936,10,0.2
v2_depth,prespecified depth-onset and saturation study,U1-RZ-XY-line|n12|d72|i10|dir=gaussian|basis=Z|eta=0,U1-RZ-XY-line|n12|d72|i10,U1-RZ-XY-line,12,72,6.0,10,gaussian,Z,0.0,96,96,1260,96,1.0,924,923,0.7516834929053487,0.3407157276571924,0.4546115467040323,0.0232432847212325,0.0334178338387196,43.02317903830991,0.0006427670026281,39.4432973170504,2,65,0.5355662663969959,0.0704225352112676,7.605040982837341,0.4651437311857282,0.0704225352112676,0.0021404772414736,217.3084217730294,1.3977578617409545,0.932614130555226,1.157132225697869,0.6919884945121411,,,0,1.3322676295501878e-15,5.516972955366758e-16,1.3322676295501878e-15,6.591949208711867e-17,-0.1948865569221936,10,0.2
v2_depth,prespecified depth-onset and saturation study,RY-RZ-CZ-line|n8|d16|i3|dir=gaussian|basis=Z|eta=0,RY-RZ-CZ-line|n8|d16|i3,RY-RZ-CZ-line,8,16,2.0,3,gaussian,Z,0.0,96,96,256,96,1.0,256,255,0.8757922279232265,0.4006944888316002,0.4571098165127131,0.028113342403385,0.0382371617533498,35.570299171527616,0.0011456291587445,29.54459020884337,1,8,0.1420992332458444,0.0313725490196078,4.529413059711293,0.1107266842262366,0.0313725490196078,0.0028543071977189,38.79284062862076,0.515666756721196,0.4049400724949593,0.4329694323369938,0.3222427481107571,,,0,8.881784197001252e-16,6.730777384641006e-16,8.881784197001252e-16,8.326672684688674e-17,-0.3090408727792018,10,0.2
v2_depth,prespecified depth-onset and saturation study,RY-RZ-CZ-line|n8|d16|i3|dir=gaussian|basis=Z|eta=0,RY-RZ-CZ-line|n8|d16|i3,RY-RZ-CZ-line,8,16,2.0,3,gaussian,Z,0.0,96,96,256,96,1.0,256,255,0.8757922279232265,0.4006944888316002,0.4571098165127131,0.028113342403385,0.0382371617533498,35.570299171527616,0.0011456291587445,29.54459020884337,2,36,0.3324541658637925,0.1411764705882353,2.354883674868531,0.1912776952755572,0.1411764705882353,0.0057013873835576,33.54932447270402,1.030027862186616,0.8387501669110589,0.8648426003217191,0.6735649050461618,,,0,8.881784197001252e-16,6.730777384641006e-16,8.881784197001252e-16,8.326672684688674e-17,-0.3090408727792018,10,0.2
v2_depth,prespecified depth-onset and saturation study,RY-RZ-CZ-line|n8|d48|i11|dir=gaussian|basis=Z|eta=0,RY-RZ-CZ-line|n8|d48|i11,RY-RZ-CZ-line,8,48,6.0,11,gaussian,Z,0.0,96,96,768,96,1.0,256,255,0.9842544003672814,0.4819871294337238,0.4887814269506753,0.0084475851230818,0.018776256111383,118.37702555581748,0.000105037966475,97.57236851352484,1,8,0.0323368171821221,0.0313725490196078,1.0307360476801424,0.0009642681625142,0.0313725490196078,0.001877961642363,0.5134653130086956,0.3392775627437978,0.3383132945812835,0.1872757073676798,0.1863114392051655,,,0,1.7763568394002505e-15,4.0598459583226823e-16,1.7763568394002505e-15,6.591949208711867e-17,-0.4005999772724366,10,0.2
v2_depth,prespecified depth-onset and saturation study,RY-RZ-CZ-line|n8|d48|i11|dir=gaussian|basis=Z|eta=0,RY-RZ-CZ-line|n8|d48|i11,RY-RZ-CZ-line,8,48,6.0,11,gaussian,Z,0.0,96,96,768,96,1.0,256,255,0.9842544003672814,0.4819871294337238,0.4887814269506753,0.0084475851230818,0.018776256111383,118.37702555581748,0.000105037966475,97.57236851352484,2,36,0.1378082497521509,0.1411764705882353,0.9761417690777356,-0.0033682208360844,0.1411764705882353,0.0037511683476573,-0.8979124699076427,0.677696085865438,0.6743278650293536,0.3740772388081472,0.3707090179720628,,,0,1.7763568394002505e-15,4.0598459583226823e-16,1.7763568394002505e-15,6.591949208711867e-17,-0.4005999772724366,10,0.2
v2_depth,prespecified depth-onset and saturation study,RY-RZ-CZ-line|n12|d12|i7|dir=gaussian|basis=Z|eta=0,RY-RZ-CZ-line|n12|d12|i7,RY-RZ-CZ-line,12,12,1.0,7,gaussian,Z,0.0,96,96,288,96,1.0,4096,4095,0.9236588314368196,0.4158133939817065,0.4509316442713958,0.0133349673770752,0.023612728133564,74.99080963026178,0.0002508758203951,63.13505994470879,1,12,0.0821152238195601,0.0029304029304029,28.021820128424917,0.0791848208891572,0.0029304029304029,0.0001825900611091,433.67541698686296,0.5287727151064918,0.4495878942173346,0.3957636553880245,0.3165788344988673,,,0,4.440892098500626e-16,1.6192507722249002e-16,2.220446049250313e-16,7.63278329429795e-17,-0.3467144761318028,10,0.2
v2_depth,prespecified depth-onset and saturation study,RY-RZ-CZ-line|n12|d12|i7|dir=gaussian|basis=Z|eta=0,RY-RZ-CZ-line|n12|d12|i7,RY-RZ-CZ-line,12,12,1.0,7,gaussian,Z,0.0,96,96,288,96,1.0,4096,4095,0.9236588314368196,0.4158133939817065,0.4509316442713958,0.0133349673770752,0.023612728133564,74.99080963026178,0.0002508758203951,63.13505994470879,2,78,0.2006847542706437,0.019047619047619,10.535949599208797,0.1816371352230246,0.019047619047619,0.0004617373841092,393.377581010512,1.3371709762214536,1.155533840998429,1.0008150161862968,0.8191778809632722,,,0,4.440892098500626e-16,1.6192507722249002e-16,2.220446049250313e-16,7.63278329429795e-17,-0.3467144761318028,10,0.2
v2_depth,prespecified depth-onset and saturation study,RY-RZ-CZ-line|n12|d72|i3|dir=gaussian|basis=Z|eta=0,RY-RZ-CZ-line|n12|d72|i3,RY-RZ-CZ-line,12,72,6.0,3,gaussian,Z,0.0,96,96,1728,96,1.0,4096,4095,0.988007878814408,0.4810959573300832,0.4868945392272052,0.0023991069332638,0.0127907829027089,416.82177069096576,9.78968803160474e-06,319.60647838505173,1,12,0.0024048700257391,0.0029304029304029,0.8206618962834744,-0.0005255329046638,0.0029304029304029,0.0001337901629535,-3.928038452619527,0.3874503753915287,0.3869248424868649,0.1605711783921586,0.1600456454874948,,,0,2.220446049250313e-15,3.686339045133438e-16,2.1094237467877974e-15,2.45029690981724e-17,-0.4372240250733015,10,0.2
v2_depth,prespecified depth-onset and saturation study,RY-RZ-CZ-line|n12|d72|i3|dir=gaussian|basis=Z|eta=0,RY-RZ-CZ-line|n12|d72|i3,RY-RZ-CZ-line,12,72,6.0,3,gaussian,Z,0.0,96,96,1728,96,1.0,4096,4095,0.988007878814408,0.4810959573300832,0.4868945392272052,0.0023991069332638,0.0127907829027089,416.82177069096576,9.78968803160474e-06,319.60647838505173,2,78,0.0175362560923435,0.019047619047619,0.9206534448480383,-0.0015113629552754,0.019047619047619,0.0003383312294572,-4.467110404498864,0.979792228113206,0.9782808651579304,0.4060555948323286,0.4045442318770531,,,0,2.220446049250313e-15,3.686339045133438e-16,2.1094237467877974e-15,2.45029690981724e-17,-0.4372240250733015,10,0.2
v2_depth,prespecified depth-onset and saturation study,SU2-CNOT-line|n8|d4|i11|dir=gaussian|basis=Z|eta=0,SU2-CNOT-line|n8|d4|i11,SU2-CNOT-line,8,4,0.5,11,gaussian,Z,0.0,96,96,96,96,1.0,256,255,0.8902036336149788,0.3735017604836468,0.4235140262293792,0.0315685479328113,0.0416563755585111,31.67709842493684,0.0013378339271266,27.340024368457083,1,8,0.1059007864141037,0.0313725490196078,3.3755875669495574,0.0745282373944959,0.0313725490196078,0.0029931330602419,24.89974080486425,0.5407474075822839,0.4662191701877879,0.462857412963075,0.3883291755685791,,,0,2.220446049250313e-16,1.1015494072452724e-16,2.220446049250313e-16,6.938893903907227e-17,-0.2531360569420245,10,0.2
v2_depth,prespecified depth-onset and saturation study,SU2-CNOT-line|n8|d4|i11|dir=gaussian|basis=Z|eta=0,SU2-CNOT-line|n8|d4|i11,SU2-CNOT-line,8,4,0.5,11,gaussian,Z,0.0,96,96,96,96,1.0,256,255,0.8902036336149788,0.3735017604836468,0.4235140262293792,0.0315685479328113,0.0416563755585111,31.67709842493684,0.0013378339271266,27.340024368457083,2,36,0.3065681772664184,0.1411764705882353,2.171524588970464,0.1653917066781831,0.1411764705882353,0.005978687606089,27.663547182117117,1.080125660526296,0.914733953848113,0.9245428861906454,0.7591511795124622,,,0,2.220446049250313e-16,1.1015494072452724e-16,2.220446049250313e-16,6.938893903907227e-17,-0.2531360569420245,10,0.2
v2_depth,prespecified depth-onset and saturation study,SU2-CNOT-line|n8|d32|i7|dir=gaussian|basis=Z|eta=0,SU2-CNOT-line|n8|d32|i7,SU2-CNOT-line,8,32,4.0,7,gaussian,Z,0.0,96,96,768,96,1.0,256,255,0.9930054012511702,0.4845746571864469,0.4876201400648259,0.0066941328778346,0.0170410689936905,149.38454587765324,5.8195517127774034e-05,131.0856748269386,1,8,0.028777739775295,0.0313725490196078,0.9172904553375308,-0.0025948092443127,0.0313725490196078,0.0017648735960706,-1.4702521756174878,0.3188467744592937,0.3162519652149809,0.1465764467444483,0.1439816375001356,,,0,4.440892098500626e-16,8.845388854693244e-17,3.3306690738754696e-16,4.163336342344337e-17,-0.3653046780123203,10,0.2
v2_depth,prespecified depth-onset and saturation study,SU2-CNOT-line|n8|d32|i7|dir=gaussian|basis=Z|eta=0,SU2-CNOT-line|n8|d32|i7,SU2-CNOT-line,8,32,4.0,7,gaussian,Z,0.0,96,96,768,96,1.0,256,255,0.9930054012511702,0.4845746571864469,0.4876201400648259,0.0066941328778346,0.0170410689936905,149.38454587765324,5.8195517127774034e-05,131.0856748269386,2,36,0.139081593883534,0.1411764705882353,0.9851612900083658,-0.0020948767047012,0.1411764705882353,0.0035252785902837,-0.5942442990109033,0.6368862393799235,0.6347913626752222,0.2927817667500395,0.2906868900453382,,,0,4.440892098500626e-16,8.845388854693244e-17,3.3306690738754696e-16,4.163336342344337e-17,-0.3653046780123203,10,0.2
v2_depth,prespecified depth-onset and saturation study,SU2-CNOT-line|n12|d6|i3|dir=gaussian|basis=Z|eta=0,SU2-CNOT-line|n12|d6|i3,SU2-CNOT-line,12,6,0.5,3,gaussian,Z,0.0,96,96,216,96,1.0,4096,4095,0.9344910152939891,0.4092707060764338,0.4375977780665907,0.0152220021610429,0.0254801063051987,65.69438037259376,0.0003308682687147,54.97591173039684,1,12,0.0323114818833476,0.0029304029304029,11.026293192692386,0.0293810789529447,0.0029304029304029,0.0001897452477791,154.84487383390322,0.5494938182137374,0.5201127392607927,0.4233283962440686,0.3939473172911239,,,0,1.9984014443252818e-15,7.477266919847527e-16,1.7763568394002505e-15,8.326672684688674e-17,-0.3378849588292801,10,0.2
v2_depth,prespecified depth-onset and saturation study,SU2-CNOT-line|n12|d6|i3|dir=gaussian|basis=Z|eta=0,SU2-CNOT-line|n12|d6|i3,SU2-CNOT-line,12,6,0.5,3,gaussian,Z,0.0,96,96,216,96,1.0,4096,4095,0.9344910152939891,0.4092707060764338,0.4375977780665907,0.0152220021610429,0.0254801063051987,65.69438037259376,0.0003308682687147,54.97591173039684,2,78,0.1174178780334078,0.019047619047619,6.164438596753913,0.0983702589857888,0.019047619047619,0.0004798315627067,205.00997981642573,1.3895709145668365,1.2912006555810476,1.0705212820104415,0.9721510230246528,,,0,1.9984014443252818e-15,7.477266919847527e-16,1.7763568394002505e-15,8.326672684688674e-17,-0.3378849588292801,10,0.2
v2_depth,prespecified depth-onset and saturation study,SU2-CNOT-line|n12|d24|i11|dir=gaussian|basis=Z|eta=0,SU2-CNOT-line|n12|d24|i11,SU2-CNOT-line,12,24,2.0,11,gaussian,Z,0.0,96,96,864,96,1.0,4096,4095,0.979549751341132,0.4720767664499718,0.4819463650234017,0.0028605914494342,0.0132474602885026,349.57805673291114,1.2335217507199627e-05,284.725650665928,1,12,0.0026798310864941,0.0029304029304029,0.9144923582661194,-0.0002505718439088,0.0029304029304029,0.0001362032844882,-1.8396901723053016,0.3944386682813505,0.3941880964374417,0.1769313129362608,0.176680741092352,,,0,8.881784197001252e-16,1.743560255451574e-16,8.881784197001252e-16,2.3418766925686896e-17,-0.4419831156078222,10,0.2
v2_depth,prespecified depth-onset and saturation study,SU2-CNOT-line|n12|d24|i11|dir=gaussian|basis=Z|eta=0,SU2-CNOT-line|n12|d24|i11,SU2-CNOT-line,12,24,2.0,11,gaussian,Z,0.0,96,96,864,96,1.0,4096,4095,0.979549751341132,0.4720767664499718,0.4819463650234017,0.0028605914494342,0.0132474602885026,349.57805673291114,1.2335217507199627e-05,284.725650665928,2,78,0.018013029626598,0.019047619047619,0.9456840553963988,-0.0010345894210209,0.019047619047619,0.0003444335792687,-3.0037414563862246,0.9974643623944206,0.9964297729733996,0.4474274289956054,0.4463928395745845,,,0,8.881784197001252e-16,1.743560255451574e-16,8.881784197001252e-16,2.3418766925686896e-17,-0.4419831156078222,10,0.2
v2_depth,prespecified depth-onset and saturation study,SU2-CNOT-line|n12|d96|i7|dir=gaussian|basis=Z|eta=0,SU2-CNOT-line|n12|d96|i7,SU2-CNOT-line,12,96,8.0,7,gaussian,Z,0.0,96,96,3456,96,1.0,4096,4095,0.9948346628325376,0.4929558959238782,0.4955258196181198,0.0008273376734849,0.0112353862393861,1208.6963183820508,9.816943409570772e-07,1009.280439102098,1,12,0.0027260835612756,0.0029304029304029,0.930276015285306,-0.0002043193691273,0.0029304029304029,0.0001252228936401,-1.631645485804194,0.3626399436058359,0.3624356242367086,0.083529295578479,0.0833249762093517,,,0,2.886579864025407e-15,2.8477622148373224e-16,3.1086244689504387e-15,2.3418766925686896e-17,-0.4491269473031824,10,0.2
v2_depth,prespecified depth-onset and saturation study,SU2-CNOT-line|n12|d96|i7|dir=gaussian|basis=Z|eta=0,SU2-CNOT-line|n12|d96|i7,SU2-CNOT-line,12,96,8.0,7,gaussian,Z,0.0,96,96,3456,96,1.0,4096,4095,0.9948346628325376,0.4929558959238782,0.4955258196181198,0.0008273376734849,0.0112353862393861,1208.6963183820508,9.816943409570772e-07,1009.280439102098,2,78,0.0183525042289422,0.019047619047619,0.9635064720194672,-0.0006951148186768,0.019047619047619,0.0003166661481395,-2.195103021780464,0.917051113937772,0.9163559991190952,0.2112305467374028,0.210535431918726,,,0,2.886579864025407e-15,2.8477622148373224e-16,3.1086244689504387e-15,2.3418766925686896e-17,-0.4491269473031824,10,0.2
v2_depth,prespecified depth-onset and saturation study,SU2-HaarU4-brickwork|n8|d16|i3|dir=gaussian|basis=Z|eta=0,SU2-HaarU4-brickwork|n8|d16|i3,SU2-HaarU4-brickwork,8,16,2.0,3,gaussian,Z,0.0,96,96,384,96,1.0,256,255,0.9418963180027928,0.4527882922666831,0.4808628563904198,0.0153622604745477,0.0256189035946045,65.09458693639527,0.0003408023386489,54.16873789325248,1,8,0.0309773343943701,0.0313725490196078,0.987402533820547,-0.0003952146252377,0.0313725490196078,0.0022696461552631,-0.1741305023786521,0.4100403322825863,0.4096451176573485,0.2977484600303489,0.2973532454051112,,,0,3.6637359812630166e-15,1.002671669739316e-15,3.552713678800501e-15,5.377642775528102e-17,-0.3249362391948152,10,0.2
v2_depth,prespecified depth-onset and saturation study,SU2-HaarU4-brickwork|n8|d16|i3|dir=gaussian|basis=Z|eta=0,SU2-HaarU4-brickwork|n8|d16|i3,SU2-HaarU4-brickwork,8,16,2.0,3,gaussian,Z,0.0,96,96,384,96,1.0,256,255,0.9418963180027928,0.4527882922666831,0.4808628563904198,0.0153622604745477,0.0256189035946045,65.09458693639527,0.0003408023386489,54.16873789325248,2,36,0.1416735377375534,0.1411764705882353,1.0035208923076702,0.0004970671493181,0.1411764705882353,0.0045335456411624,0.1096420304683825,0.8190424559395719,0.8185453887902538,0.5947430307597551,0.5942459636104369,,,0,3.6637359812630166e-15,1.002671669739316e-15,3.552713678800501e-15,5.377642775528102e-17,-0.3249362391948152,10,0.2
v2_depth,prespecified depth-onset and saturation study,SU2-HaarU4-brickwork|n8|d48|i11|dir=gaussian|basis=Z|eta=0,SU2-HaarU4-brickwork|n8|d48|i11,SU2-HaarU4-brickwork,8,48,6.0,11,gaussian,Z,0.0,96,96,1152,96,1.0,256,255,0.9747660647510648,0.4808964193465283,0.4935921069903977,0.007757893360057,0.0180937486375564,128.90097267238576,8.537021273988584e-05,108.22979059443308,1,8,0.0286550299214085,0.0313725490196078,0.9133790787448988,-0.0027175190981992,0.0313725490196078,0.0018343123401459,-1.4814920222272616,0.3313917633016699,0.3286742442034707,0.172417387681806,0.1696998685836068,,,0,5.8841820305133305e-15,1.6653508563592245e-15,5.9952043329758445e-15,5.551115123125783e-17,-0.3807065268124162,10,0.2
v2_depth,prespecified depth-onset and saturation study,SU2-HaarU4-brickwork|n8|d48|i11|dir=gaussian|basis=Z|eta=0,SU2-HaarU4-brickwork|n8|d48|i11,SU2-HaarU4-brickwork,8,48,6.0,11,gaussian,Z,0.0,96,96,1152,96,1.0,256,255,0.9747660647510648,0.4808964193465283,0.4935921069903977,0.007757893360057,0.0180937486375564,128.90097267238576,8.537021273988584e-05,108.22979059443308,2,36,0.1398911596302668,0.1411764705882353,0.9908957140477234,-0.0012853109579684,0.1411764705882353,0.0036639802618197,-0.350796365188415,0.6619444535658229,0.6606591426078544,0.3443982202128094,0.343112909254841,,,0,5.8841820305133305e-15,1.6653508563592245e-15,5.9952043329758445e-15,5.551115123125783e-17,-0.3807065268124162,10,0.2
v2_depth,prespecified depth-onset and saturation study,SU2-HaarU4-brickwork|n12|d12|i7|dir=gaussian|basis=Z|eta=0,SU2-HaarU4-brickwork|n12|d12|i7,SU2-HaarU4-brickwork,12,12,1.0,7,gaussian,Z,0.0,96,96,432,96,1.0,4096,4095,0.9103873933516198,0.4256330594774268,0.4677838430765737,0.0098753537990635,0.0201891521969899,101.26219478787972,0.0001469486325127,82.49302427068719,1,12,0.0153271269856298,0.0029304029304029,5.230382083846177,0.0123967240552268,0.0029304029304029,0.0001686855781012,73.49012402107212,0.48850594928382,0.4761092252285931,0.3394630535583446,0.3270663295031177,,,0,1.1102230246251563e-16,1.1821920941769322e-16,2.220446049250313e-16,3.9898639947466563e-17,-0.3505311449160675,10,0.2
v2_depth,prespecified depth-onset and saturation study,SU2-HaarU4-brickwork|n12|d12|i7|dir=gaussian|basis=Z|eta=0,SU2-HaarU4-brickwork|n12|d12|i7,SU2-HaarU4-brickwork,12,12,1.0,7,gaussian,Z,0.0,96,96,432,96,1.0,4096,4095,0.9103873933516198,0.4256330594774268,0.4677838430765737,0.0098753537990635,0.0201891521969899,101.26219478787972,0.0001469486325127,82.49302427068719,2,78,0.0485762059052155,0.019047619047619,2.550250810023813,0.0295285868575964,0.019047619047619,0.0004265754504725,69.222424368041,1.235343576610755,1.2058149897531585,0.8584409326534753,0.8289123457958789,,,0,1.1102230246251563e-16,1.1821920941769322e-16,2.220446049250313e-16,3.9898639947466563e-17,-0.3505311449160675,10,0.2
v2_depth,prespecified depth-onset and saturation study,SU2-HaarU4-brickwork|n12|d72|i3|dir=gaussian|basis=Z|eta=0,SU2-HaarU4-brickwork|n12|d72|i3,SU2-HaarU4-brickwork,12,72,6.0,3,gaussian,Z,0.0,96,96,2592,96,1.0,4096,4095,0.9931183908524578,0.4927715726789388,0.4962169771561261,0.0016462333075043,0.0120457517105512,607.4473134770701,4.508464054823516e-06,470.9618125767763,1,12,0.0027144135756602,0.0029304029304029,0.9262936326940636,-0.0002159893547426,0.0029304029304029,0.0001297570636197,-1.6645672205995918,0.3757706986770096,0.3755547093222669,0.1295187032751747,0.129302713920432,,,0,1.6986412276764895e-14,2.269905719960043e-15,1.6986412276764895e-14,2.775557561562892e-17,-0.4450531659742252,10,0.2
v2_depth,prespecified depth-onset and saturation study,SU2-HaarU4-brickwork|n12|d72|i3|dir=gaussian|basis=Z|eta=0,SU2-HaarU4-brickwork|n12|d72|i3,SU2-HaarU4-brickwork,12,72,6.0,3,gaussian,Z,0.0,96,96,2592,96,1.0,4096,4095,0.9931183908524578,0.4927715726789388,0.4962169771561261,0.0016462333075043,0.0120457517105512,607.4473134770701,4.508464054823516e-06,470.9618125767763,2,78,0.0185500355332732,0.019047619047619,0.9738768654968476,-0.0004975835143457,0.019047619047619,0.0003281322475141,-1.5164115021165567,0.9502564289539032,0.9497588454395576,0.3275294771261465,0.3270318936118008,,,0,1.6986412276764895e-14,2.269905719960043e-15,1.6986412276764895e-14,2.775557561562892e-17,-0.4450531659742252,10,0.2
v2_depth,prespecified depth-onset and saturation study,U1-RZ-XY-line|n8|d4|i11|dir=gaussian|basis=Z|eta=0,U1-RZ-XY-line|n8|d4|i11,U1-RZ-XY-line,8,4,0.5,11,gaussian,Z,0.0,96,96,46,96,1.0,70,69,0.496212799555336,0.2205490176872582,0.450119304023217,0.1091852961250619,0.1184646159570926,9.15874239013456,0.0142105759111387,8.388690289646052,1,7,0.6528575667867402,0.1014492753623188,6.4353103011835815,0.5514082914244214,0.1014492753623188,0.0164592331825358,33.50145692142551,0.8086828461729678,0.2572745547485464,0.771752789939823,0.2203444985154016,,,0,6.661338147750939e-16,7.078437059792873e-16,8.881784197001252e-16,8.326672684688674e-17,-0.0479723149549747,10,0.2
v2_depth,prespecified depth-onset and saturation study,U1-RZ-XY-line|n8|d4|i11|dir=gaussian|basis=Z|eta=0,U1-RZ-XY-line|n8|d4|i11,U1-RZ-XY-line,8,4,0.5,11,gaussian,Z,0.0,96,96,46,96,1.0,70,69,0.496212799555336,0.2205490176872582,0.450119304023217,0.1091852961250619,0.1184646159570926,9.15874239013456,0.0142105759111387,8.388690289646052,2,27,0.9792161549743972,0.391304347826087,2.5024412849345703,0.58791180714831,0.391304347826087,0.0266054899219061,22.09738700072728,1.3071935414769105,0.7192817343286004,1.2474980363443329,0.6595862291960226,,,0,6.661338147750939e-16,7.078437059792873e-16,8.881784197001252e-16,8.326672684688674e-17,-0.0479723149549747,10,0.2
v2_depth,prespecified depth-onset and saturation study,U1-RZ-XY-line|n8|d16|i11|dir=gaussian|basis=Z|eta=0,U1-RZ-XY-line|n8|d16|i11,U1-RZ-XY-line,8,16,2.0,11,gaussian,Z,0.0,96,96,184,96,1.0,70,69,0.7195047143615767,0.2773470026770486,0.3979968149778511,0.0709528751842849,0.0806304494011153,14.093861558149875,0.0060488581363856,12.85770035488062,1,7,0.4850603783826853,0.1014492753623188,4.781309444057897,0.3836111030203664,0.1014492753623188,0.0131273243693969,29.222337486735725,0.6449779230871853,0.2613668200668188,0.595924476752704,0.2123133737323375,,,0,8.881784197001252e-16,3.3076405170959464e-16,8.881784197001252e-16,8.326672684688674e-17,-0.1327252910494226,10,0.2
v2_depth,prespecified depth-onset and saturation study,U1-RZ-XY-line|n8|d16|i11|dir=gaussian|basis=Z|eta=0,U1-RZ-XY-line|n8|d16|i11,U1-RZ-XY-line,8,16,2.0,11,gaussian,Z,0.0,96,96,184,96,1.0,70,69,0.7195047143615767,0.2773470026770486,0.3979968149778511,0.0709528751842849,0.0806304494011153,14.093861558149875,0.0060488581363856,12.85770035488062,2,27,0.7598637047640735,0.391304347826087,1.9418739121748545,0.3685593569379865,0.391304347826087,0.0212196335235207,17.36878992417374,1.0425730920900833,0.6740137351520967,0.9632807606908548,0.5947214037528683,,,0,8.881784197001252e-16,3.3076405170959464e-16,8.881784197001252e-16,8.326672684688674e-17,-0.1327252910494226,10,0.2
v2_depth,prespecified depth-onset and saturation study,U1-RZ-XY-line|n8|d48|i11|dir=gaussian|basis=Z|eta=0,U1-RZ-XY-line|n8|d48|i11,U1-RZ-XY-line,8,48,6.0,11,gaussian,Z,0.0,96,96,552,96,1.0,70,69,0.8070958031460895,0.3654174422368387,0.4545208107533073,0.0618854460152844,0.0716574726192919,16.158888145574977,0.0048114900978346,14.416512133592862,1,7,0.3947865526068839,0.1014492753623188,3.891467447124999,0.2933372772445651,0.1014492753623188,0.0122043800411465,24.035409931155183,0.599631384888756,0.3062941076441909,0.545979089929404,0.2526418126848389,,,0,2.4424906541753444e-15,1.387805885571065e-15,2.55351295663786e-15,1.0408340855860844e-16,-0.1891938290998036,10,0.2
v2_depth,prespecified depth-onset and saturation study,U1-RZ-XY-line|n8|d48|i11|dir=gaussian|basis=Z|eta=0,U1-RZ-XY-line|n8|d48|i11,U1-RZ-XY-line,8,48,6.0,11,gaussian,Z,0.0,96,96,552,96,1.0,70,69,0.8070958031460895,0.3654174422368387,0.4545208107533073,0.0618854460152844,0.0716574726192919,16.158888145574977,0.0048114900978346,14.416512133592862,2,27,0.7334076685779669,0.391304347826087,1.874264041921471,0.3421033207518799,0.391304347826087,0.0197277422700569,17.341230236524776,0.969272783889105,0.6271694631372251,0.8825466541236687,0.5404433333717888,,,0,2.4424906541753444e-15,1.387805885571065e-15,2.55351295663786e-15,1.0408340855860844e-16,-0.1891938290998036,10,0.2
v2_depth,prespecified depth-onset and saturation study,U1-RZ-XY-line|n12|d6|i11|dir=gaussian|basis=Z|eta=0,U1-RZ-XY-line|n12|d6|i11,U1-RZ-XY-line,12,6,0.5,11,gaussian,Z,0.0,96,96,105,96,1.0,924,923,0.5140129305301803,0.242554253843733,0.4781140378583617,0.0635313470681636,0.0732862288695369,15.740261243431329,0.0058699746314804,13.052144939435689,1,11,0.5435773594068734,0.0119176598049837,45.61108206659492,0.5316596996018896,0.0119176598049837,0.0013565900200852,391.908897847032,0.8858699027456114,0.3542102031437217,0.8238571440277891,0.2921974444258994,,,0,4.440892098500626e-16,3.965202314056738e-16,2.220446049250313e-16,7.979727989493313e-17,-0.0727840911502573,10,0.2
v2_depth,prespecified depth-onset and saturation study,U1-RZ-XY-line|n12|d6|i11|dir=gaussian|basis=Z|eta=0,U1-RZ-XY-line|n12|d6|i11,U1-RZ-XY-line,12,6,0.5,11,gaussian,Z,0.0,96,96,105,96,1.0,924,923,0.5140129305301803,0.242554253843733,0.4781140378583617,0.0635313470681636,0.0732862288695369,15.740261243431329,0.0058699746314804,13.052144939435689,2,65,0.8073198904514872,0.0704225352112676,11.46394244441112,0.7368973552402196,0.0704225352112676,0.0031985649823013,230.38373749406443,2.0887021191699224,1.3518047639297028,1.9424885722957788,1.2055912170555592,,,0,4.440892098500626e-16,3.965202314056738e-16,2.220446049250313e-16,7.979727989493313e-17,-0.0727840911502573,10,0.2
v2_depth,prespecified depth-onset and saturation study,U1-RZ-XY-line|n12|d24|i11|dir=gaussian|basis=Z|eta=0,U1-RZ-XY-line|n12|d24|i11,U1-RZ-XY-line,12,24,2.0,11,gaussian,Z,0.0,96,96,420,96,1.0,924,923,0.6954083379095092,0.3044160528919544,0.4399848035415575,0.0391651146986578,0.0491738114205468,25.53292662856081,0.002135341407605,21.64045257551192,1,11,0.3721416849007364,0.0119176598049837,31.22607046939816,0.3602240250957527,0.0119176598049837,0.0011071353604639,325.36583868552776,0.722972953935477,0.3627489288397243,0.6433555089142088,0.2831314838184561,,,0,4.440892098500626e-16,2.697718111477128e-16,4.440892098500626e-16,7.63278329429795e-17,-0.1973693026277057,10,0.2
v2_depth,prespecified depth-onset and saturation study,U1-RZ-XY-line|n12|d24|i11|dir=gaussian|basis=Z|eta=0,U1-RZ-XY-line|n12|d24|i11,U1-RZ-XY-line,12,24,2.0,11,gaussian,Z,0.0,96,96,420,96,1.0,924,923,0.6954083379095092,0.3044160528919544,0.4399848035415575,0.0391651146986578,0.0491738114205468,25.53292662856081,0.002135341407605,21.64045257551192,2,65,0.6219267363950437,0.0704225352112676,8.83135965680962,0.5515042011837761,0.0704225352112676,0.0026104013314391,211.2718050445264,1.7046240495442213,1.1531198483604452,1.5169022118077695,0.9653980106239936,,,0,4.440892098500626e-16,2.697718111477128e-16,4.440892098500626e-16,7.63278329429795e-17,-0.1973693026277057,10,0.2
v2_depth,prespecified depth-onset and saturation study,U1-RZ-XY-line|n12|d72|i11|dir=gaussian|basis=Z|eta=0,U1-RZ-XY-line|n12|d72|i11,U1-RZ-XY-line,12,72,6.0,11,gaussian,Z,0.0,96,96,1260,96,1.0,924,923,0.7631955735929861,0.3595304957257206,0.4726461102446105,0.0272590165899566,0.0373917351671446,36.685109189465045,0.0009767285813218,31.997279270648885,1,11,0.2828651277925053,0.0119176598049837,23.734955722952947,0.2709474679875215,0.0119176598049837,0.0009619989739389,281.65047502920777,0.6281971154639232,0.3572496474764016,0.5333854635721286,0.262437995584607,,,0,2.664535259100376e-15,1.0425918999674294e-15,2.664535259100376e-15,4.8572257327350605e-17,-0.2302480508833842,10,0.2
v2_depth,prespecified depth-onset and saturation study,U1-RZ-XY-line|n12|d72|i11|dir=gaussian|basis=Z|eta=0,U1-RZ-XY-line|n12|d72|i11,U1-RZ-XY-line,12,72,6.0,11,gaussian,Z,0.0,96,96,1260,96,1.0,924,923,0.7631955735929861,0.3595304957257206,0.4726461102446105,0.0272590165899566,0.0373917351671446,36.685109189465045,0.0009767285813218,31.997279270648885,2,65,0.553565459732359,0.0704225352112676,7.860629528199498,0.4831429245210914,0.0704225352112676,0.0022681990767245,213.0072838310104,1.4811617848842524,0.998018860363161,1.2576150794203689,0.7744721548992772,,,0,2.664535259100376e-15,1.0425918999674294e-15,2.664535259100376e-15,4.8572257327350605e-17,-0.2302480508833842,10,0.2
v2_depth,prespecified depth-onset and saturation study,RY-RZ-CZ-line|n8|d16|i4|dir=gaussian|basis=Z|eta=0,RY-RZ-CZ-line|n8|d16|i4,RY-RZ-CZ-line,8,16,2.0,4,gaussian,Z,0.0,96,96,256,96,1.0,256,255,0.9508046093683872,0.4170399867294871,0.4391743140483661,0.0194155034786135,0.0296299253173779,51.505231430208106,0.0005284251335439,43.50190414288961,1,8,0.0619308627727082,0.0313725490196078,1.974046250880074,0.0305583137531003,0.0313725490196078,0.0024705412876494,12.36907632585034,0.446334583105174,0.4157762693520737,0.3465008008133641,0.3159424870602638,,,0,1.9984014443252818e-15,8.812741000691498e-16,1.9984014443252818e-15,6.245004513516506e-17,-0.3467871816788465,10,0.2
v2_depth,prespecified depth-onset and saturation study,RY-RZ-CZ-line|n8|d16|i4|dir=gaussian|basis=Z|eta=0,RY-RZ-CZ-line|n8|d16|i4,RY-RZ-CZ-line,8,16,2.0,4,gaussian,Z,0.0,96,96,256,96,1.0,256,255,0.9508046093683872,0.4170399867294871,0.4391743140483661,0.0194155034786135,0.0296299253173779,51.505231430208106,0.0005284251335439,43.50190414288961,2,36,0.2195103428480306,0.1411764705882353,1.5548649285068838,0.0783338722597953,0.1411764705882353,0.0049348272460719,15.873680749847535,0.8915390617362244,0.8132051894764291,0.6921242730035185,0.6137904007437232,,,0,1.9984014443252818e-15,8.812741000691498e-16,1.9984014443252818e-15,6.245004513516506e-17,-0.3467871816788465,10,0.2
v2_depth,prespecified depth-onset and saturation study,RY-RZ-CZ-line|n8|d64|i0|dir=gaussian|basis=Z|eta=0,RY-RZ-CZ-line|n8|d64|i0,RY-RZ-CZ-line,8,64,8.0,0,gaussian,Z,0.0,96,96,1024,96,1.0,256,255,0.9984827931153184,0.4896219268246536,0.49047168219203,0.0086167319375783,0.0189436409798952,116.05327950831452,0.0001251958091321,89.37274649211341,1,8,0.0296271178446486,0.0313725490196078,0.9443643812981766,-0.0017454311749591,0.0313725490196078,0.0018885125813435,-0.9242359263063245,0.3411837235413331,0.3394382923663739,0.1907430537456151,0.1889976225706559,,,0,1.887379141862766e-15,3.4892206607135183e-16,1.887379141862766e-15,5.551115123125783e-17,-0.3779753488674664,10,0.2
v2_depth,prespecified depth-onset and saturation study,RY-RZ-CZ-line|n8|d64|i0|dir=gaussian|basis=Z|eta=0,RY-RZ-CZ-line|n8|d64|i0,RY-RZ-CZ-line,8,64,8.0,0,gaussian,Z,0.0,96,96,1024,96,1.0,256,255,0.9984827931153184,0.4896219268246536,0.49047168219203,0.0086167319375783,0.0189436409798952,116.05327950831452,0.0001251958091321,89.37274649211341,2,36,0.1379777132862161,0.1411764705882353,0.977342135777364,-0.0031987573020191,0.1411764705882353,0.003772243510988,-0.8479721133329875,0.6815035811241071,0.6783048238220879,0.3810031523571103,0.3778043950550911,,,0,1.887379141862766e-15,3.4892206607135183e-16,1.887379141862766e-15,5.551115123125783e-17,-0.3779753488674664,10,0.2
v2_depth,prespecified depth-onset and saturation study,RY-RZ-CZ-line|n12|d12|i8|dir=gaussian|basis=Z|eta=0,RY-RZ-CZ-line|n12|d12|i8,RY-RZ-CZ-line,12,12,1.0,8,gaussian,Z,0.0,96,96,288,96,1.0,4096,4095,0.9252491722189592,0.4031105385389178,0.437592523348957,0.0172319284417407,0.0274690958538059,58.031810158734594,0.000483855534713,45.4613306552958,1,12,0.0886060517885326,0.0029304029304029,30.23681517283678,0.0856756488581297,0.0029304029304029,0.0001970809142228,434.72321607592494,0.5707375827372657,0.485061933879136,0.4508385162212683,0.3651628673631386,,,0,2.220446049250313e-16,2.6668517343034817e-16,0.0,8.326672684688674e-17,-0.3021525743331738,10,0.2
v2_depth,prespecified depth-onset and saturation study,RY-RZ-CZ-line|n12|d12|i8|dir=gaussian|basis=Z|eta=0,RY-RZ-CZ-line|n12|d12|i8,RY-RZ-CZ-line,12,12,1.0,8,gaussian,Z,0.0,96,96,288,96,1.0,4096,4095,0.9252491722189592,0.4031105385389178,0.437592523348957,0.0172319284417407,0.0274690958538059,58.031810158734594,0.000483855534713,45.4613306552958,2,78,0.2201928740244096,0.019047619047619,11.560125886281508,0.2011452549767906,0.019047619047619,0.0004983821421513,403.5964332680936,1.4432925695142256,1.2421473145374349,1.1400894214680022,0.9389441664912116,,,0,2.220446049250313e-16,2.6668517343034817e-16,0.0,8.326672684688674e-17,-0.3021525743331738,10,0.2
v2_depth,prespecified depth-onset and saturation study,RY-RZ-CZ-line|n12|d72|i4|dir=gaussian|basis=Z|eta=0,RY-RZ-CZ-line|n12|d72|i4,RY-RZ-CZ-line,12,72,6.0,4,gaussian,Z,0.0,96,96,1728,96,1.0,4096,4095,0.9802995039403116,0.4813345847353878,0.4910673310481717,0.0024971729256469,0.0128878273743381,400.45284398593634,1.0749486230436676e-05,305.00442921705826,1,12,0.0027012994731074,0.0029304029304029,0.9218184451979284,-0.0002291034572954,0.0029304029304029,0.0001343065819056,-1.7058244953054986,0.3889459017623627,0.3887167983050673,0.1641841854880866,0.1639550820307912,,,0,2.664535259100376e-15,5.50402705188872e-16,2.886579864025407e-15,2.6454533008646308e-17,-0.4247697115730561,10,0.2
v2_depth,prespecified depth-onset and saturation study,RY-RZ-CZ-line|n12|d72|i4|dir=gaussian|basis=Z|eta=0,RY-RZ-CZ-line|n12|d72|i4,RY-RZ-CZ-line,12,72,6.0,4,gaussian,Z,0.0,96,96,1728,96,1.0,4096,4095,0.9802995039403116,0.4813345847353878,0.4910673310481717,0.0024971729256469,0.0128878273743381,400.45284398593634,1.0749486230436676e-05,305.00442921705826,2,78,0.0180274087715187,0.019047619047619,0.9464389605047364,-0.0010202102761002,0.019047619047619,0.0003396371599915,-3.0038240695621763,0.9835741449937891,0.982553934717689,0.4151922391551812,0.4141720288790809,,,0,2.664535259100376e-15,5.50402705188872e-16,2.886579864025407e-15,2.6454533008646308e-17,-0.4247697115730561,10,0.2
v2_depth,prespecified depth-onset and saturation study,SU2-CNOT-line|n8|d8|i0|dir=gaussian|basis=Z|eta=0,SU2-CNOT-line|n8|d8|i0,SU2-CNOT-line,8,8,1.0,0,gaussian,Z,0.0,96,96,192,96,1.0,256,255,0.9268519788254408,0.4188615994392657,0.4529535655393606,0.0185465224974458,0.0287699962214307,53.91846369785584,0.0005115083392396,44.21540839707993,1,8,0.0501373464641781,0.0313725490196078,1.5981279185456774,0.0187647974445702,0.0313725490196078,0.0024288707993178,7.725728947723609,0.438806281461216,0.4200414840166457,0.3366438092441201,0.3178790117995498,,,0,2.220446049250313e-16,1.2438402810563186e-16,2.220446049250313e-16,5.551115123125783e-17,-0.3205944315356046,10,0.2
v2_depth,prespecified depth-onset and saturation study,SU2-CNOT-line|n8|d8|i0|dir=gaussian|basis=Z|eta=0,SU2-CNOT-line|n8|d8|i0,SU2-CNOT-line,8,8,1.0,0,gaussian,Z,0.0,96,96,192,96,1.0,256,255,0.9268519788254408,0.4188615994392657,0.4529535655393606,0.0185465224974458,0.0287699962214307,53.91846369785584,0.0005115083392396,44.21540839707993,2,36,0.1777610912064213,0.1411764705882353,1.259141062712151,0.036584620618186,0.1411764705882353,0.0048515917777136,7.540745861232917,0.8765015198602903,0.8399168992421043,0.6724352474432586,0.6358506268250725,,,0,2.220446049250313e-16,1.2438402810563186e-16,2.220446049250313e-16,5.551115123125783e-17,-0.3205944315356046,10,0.2
v2_depth,prespecified depth-onset and saturation study,SU2-CNOT-line|n8|d32|i8|dir=gaussian|basis=Z|eta=0,SU2-CNOT-line|n8|d32|i8,SU2-CNOT-line,8,32,4.0,8,gaussian,Z,0.0,96,96,768,96,1.0,256,255,0.980746911973582,0.4824864528430241,0.4917829891712029,0.0068930952937785,0.0172379588844683,145.072707888221,6.131432729521674e-05,127.70826833350986,1,8,0.027439354257403,0.0313725490196078,0.8746294169547211,-0.0039331947622048,0.0313725490196078,0.0017780673814791,-2.212061704283064,0.3212303989464861,0.3172972041842812,0.1517445827784331,0.1478113880162282,,,0,8.881784197001252e-16,2.402983391077201e-16,8.881784197001252e-16,4.510281037539698e-17,-0.3976958793399418,10,0.2
v2_depth,prespecified depth-onset and saturation study,SU2-CNOT-line|n8|d32|i8|dir=gaussian|basis=Z|eta=0,SU2-CNOT-line|n8|d32|i8,SU2-CNOT-line,8,32,4.0,8,gaussian,Z,0.0,96,96,768,96,1.0,256,255,0.980746911973582,0.4824864528430241,0.4917829891712029,0.0068930952937785,0.0172379588844683,145.072707888221,6.131432729521674e-05,127.70826833350986,2,36,0.1380136604824325,0.1411764705882353,0.977596761750564,-0.0031628101058027,0.1411764705882353,0.0035516327548702,-0.8905228451521914,0.6416474530955595,0.6384846429897567,0.3031049532676708,0.299942143161868,,,0,8.881784197001252e-16,2.402983391077201e-16,8.881784197001252e-16,4.510281037539698e-17,-0.3976958793399418,10,0.2
v2_depth,prespecified depth-onset and saturation study,SU2-CNOT-line|n12|d6|i4|dir=gaussian|basis=Z|eta=0,SU2-CNOT-line|n12|d6|i4,SU2-CNOT-line,12,6,0.5,4,gaussian,Z,0.0,96,96,216,96,1.0,4096,4095,0.9303008045260008,0.4163423823293444,0.4473699558621322,0.0127736309590006,0.0230572389698444,78.28627609562879,0.0002132763198822,68.47447021953315,1,12,0.0379241464386824,0.0029304029304029,12.941614972200377,0.0349937435082794,0.0029304029304029,0.0001804068507962,193.97125637869976,0.5224502349136557,0.4874564914053762,0.387185450671652,0.3521917071633725,,,0,1.1102230246251563e-16,1.4159530941251175e-16,2.220446049250313e-16,8.326672684688674e-17,-0.353530929852514,10,0.2
v2_depth,prespecified depth-onset and saturation study,SU2-CNOT-line|n12|d6|i4|dir=gaussian|basis=Z|eta=0,SU2-CNOT-line|n12|d6|i4,SU2-CNOT-line,12,6,0.5,4,gaussian,Z,0.0,96,96,216,96,1.0,4096,4095,0.9303008045260008,0.4163423823293444,0.4473699558621322,0.0127736309590006,0.0230572389698444,78.28627609562879,0.0002132763198822,68.47447021953315,2,78,0.1208749094653334,0.019047619047619,6.345932746930007,0.1018272904177144,0.019047619047619,0.000456216438376,223.19952078049943,1.3211825623527598,1.2193552719350451,0.9791222812037262,0.8772949907860118,,,0,1.1102230246251563e-16,1.4159530941251175e-16,2.220446049250313e-16,8.326672684688674e-17,-0.353530929852514,10,0.2
v2_depth,prespecified depth-onset and saturation study,SU2-CNOT-line|n12|d48|i0|dir=gaussian|basis=Z|eta=0,SU2-CNOT-line|n12|d48|i0,SU2-CNOT-line,12,48,4.0,0,gaussian,Z,0.0,96,96,1728,96,1.0,4096,4095,0.9924776010308486,0.4881970195466419,0.4919216375354605,0.0014257753272085,0.01182759016755,701.3727765635279,2.9728251173707405e-06,579.9830735907658,1,12,0.002784079386626,0.0029304029304029,0.9500670906861356,-0.0001463235437768,0.0029304029304029,0.000128552135229,-1.1382428111069198,0.3722812795224779,0.372134955978701,0.1189005933671915,0.1187542698234146,,,0,3.3306690738754696e-16,4.8850256618745707e-17,1.1102230246251563e-16,2.125036258071589e-17,-0.4604084105323687,10,0.2
v2_depth,prespecified depth-onset and saturation study,SU2-CNOT-line|n12|d48|i0|dir=gaussian|basis=Z|eta=0,SU2-CNOT-line|n12|d48|i0,SU2-CNOT-line,12,48,4.0,0,gaussian,Z,0.0,96,96,1728,96,1.0,4096,4095,0.9924776010308486,0.4881970195466419,0.4919216375354605,0.0014257753272085,0.01182759016755,701.3727765635279,2.9728251173707405e-06,579.9830735907658,2,78,0.0184474609776394,0.019047619047619,0.9684917013260708,-0.0006001580699796,0.019047619047619,0.000325085200595,-1.8461562349843348,0.9414323162793846,0.940832158209405,0.3006781892558466,0.300078031185867,,,0,3.3306690738754696e-16,4.8850256618745707e-17,1.1102230246251563e-16,2.125036258071589e-17,-0.4604084105323687,10,0.2
v2_depth,prespecified depth-onset and saturation study,SU2-CNOT-line|n12|d96|i8|dir=gaussian|basis=Z|eta=0,SU2-CNOT-line|n12|d96|i8,SU2-CNOT-line,12,96,8.0,8,gaussian,Z,0.0,96,96,3456,96,1.0,4096,4095,0.9964444642182272,0.4952144338123757,0.4969744781972414,0.0008055762023113,0.0112138514502039,1241.3474940431138,8.141079818957485e-07,1108.3042371980896,1,12,0.0025708614443879,0.0029304029304029,0.877306467897394,-0.0003595414860149,0.0029304029304029,0.0001251001602616,-2.8740289801624512,0.3622845131875911,0.3619249717015761,0.0819559076839561,0.0815963661979412,,,0,1.9984014443252818e-15,1.8908737665071759e-16,1.9984014443252818e-15,2.5587171270657905e-17,-0.4569033343790213,10,0.2
v2_depth,prespecified depth-onset and saturation study,SU2-CNOT-line|n12|d96|i8|dir=gaussian|basis=Z|eta=0,SU2-CNOT-line|n12|d96|i8,SU2-CNOT-line,12,96,8.0,8,gaussian,Z,0.0,96,96,3456,96,1.0,4096,4095,0.9964444642182272,0.4952144338123757,0.4969744781972414,0.0008055762023113,0.0112138514502039,1241.3474940431138,8.141079818957485e-07,1108.3042371980896,2,78,0.0181963453461731,0.019047619047619,0.9553081306740908,-0.0008512737014458,0.019047619047619,0.0003163557775269,-2.690874521403169,0.916152294415196,0.9153010207137502,0.2072517320845505,0.2064004583831046,,,0,1.9984014443252818e-15,1.8908737665071759e-16,1.9984014443252818e-15,2.5587171270657905e-17,-0.4569033343790213,10,0.2
v2_depth,prespecified depth-onset and saturation study,SU2-HaarU4-brickwork|n8|d16|i4|dir=gaussian|basis=Z|eta=0,SU2-HaarU4-brickwork|n8|d16|i4,SU2-HaarU4-brickwork,8,16,2.0,4,gaussian,Z,0.0,96,96,384,96,1.0,256,255,0.9701868077638834,0.457816209914256,0.4724474948891008,0.0158981981703541,0.0261492586060796,62.90020977752871,0.0003861087243976,50.89149307178831,1,8,0.0302928027408547,0.0313725490196078,0.9655830873647456,-0.001079746278753,0.0313725490196078,0.0022972175377494,-0.4700235223743356,0.4150214518328562,0.4139417055541032,0.3046426384533691,0.303562892174616,,,0,3.552713678800501e-15,8.951240373131827e-16,3.552713678800501e-15,4.510281037539698e-17,-0.3745167840138986,10,0.2
v2_depth,prespecified depth-onset and saturation study,SU2-HaarU4-brickwork|n8|d16|i4|dir=gaussian|basis=Z|eta=0,SU2-HaarU4-brickwork|n8|d16|i4,SU2-HaarU4-brickwork,8,16,2.0,4,gaussian,Z,0.0,96,96,384,96,1.0,256,255,0.9701868077638834,0.457816209914256,0.4724474948891008,0.0158981981703541,0.0261492586060796,62.90020977752871,0.0003861087243976,50.89149307178831,2,36,0.1293161560755069,0.1411764705882353,0.9159894388681742,-0.0118603145127283,0.1411764705882353,0.004588618596302,-2.58472441407237,0.8289920830093552,0.8171317684966268,0.6085139317729378,0.5966536172602095,,,0,3.552713678800501e-15,8.951240373131827e-16,3.552713678800501e-15,4.510281037539698e-17,-0.3745167840138986,10,0.2
v2_depth,prespecified depth-onset and saturation study,SU2-HaarU4-brickwork|n8|d64|i0|dir=gaussian|basis=Z|eta=0,SU2-HaarU4-brickwork|n8|d64|i0,SU2-HaarU4-brickwork,8,64,8.0,0,gaussian,Z,0.0,96,96,1536,96,1.0,256,255,0.9806348987538428,0.485388521279273,0.4945939914162738,0.0065265194650433,0.0168752015539491,153.22102467572367,5.746526113206395e-05,131.9159494887924,1,8,0.0317983421879233,0.0313725490196078,1.0135721572400562,0.0004257931683154,0.0313725490196078,0.001753681622249,0.2427995839800238,0.3168248025963827,0.3163990094280672,0.14207679303099,0.1416509998626745,,,0,1.454392162258955e-14,2.650714235196409e-15,1.454392162258955e-14,4.163336342344337e-17,-0.4190410433451692,10,0.2
v2_depth,prespecified depth-onset and saturation study,SU2-HaarU4-brickwork|n8|d64|i0|dir=gaussian|basis=Z|eta=0,SU2-HaarU4-brickwork|n8|d64|i0,SU2-HaarU4-brickwork,8,64,8.0,0,gaussian,Z,0.0,96,96,1536,96,1.0,256,255,0.9806348987538428,0.485388521279273,0.4945939914162738,0.0065265194650433,0.0168752015539491,153.22102467572367,5.746526113206395e-05,131.9159494887924,2,36,0.1332015117667244,0.1411764705882353,0.9435107083476316,-0.0079749588215108,0.1411764705882353,0.0035029229803498,-2.2766583411189623,0.632847415220309,0.6248724563987982,0.2837938522982272,0.2758188934767164,,,0,1.454392162258955e-14,2.650714235196409e-15,1.454392162258955e-14,4.163336342344337e-17,-0.4190410433451692,10,0.2
v2_depth,prespecified depth-onset and saturation study,SU2-HaarU4-brickwork|n12|d12|i8|dir=gaussian|basis=Z|eta=0,SU2-HaarU4-brickwork|n12|d12|i8,SU2-HaarU4-brickwork,12,12,1.0,8,gaussian,Z,0.0,96,96,432,96,1.0,4096,4095,0.9051509569531312,0.4244981840680834,0.4692446743592827,0.0104642946790947,0.0207719582761875,95.56305806236186,0.0001671198759607,77.35456490220326,1,12,0.0174171998802408,0.0029304029304029,5.943619459132197,0.0144867969498379,0.0029304029304029,0.0001711323903575,84.65257172862752,0.495591809008532,0.481105012058694,0.3496880685447567,0.3352012715949188,,,0,1.5543122344752194e-15,8.086836593636474e-16,1.5543122344752194e-15,4.163336342344337e-17,-0.2742638138465285,10,0.2
v2_depth,prespecified depth-onset and saturation study,SU2-HaarU4-brickwork|n12|d12|i8|dir=gaussian|basis=Z|eta=0,SU2-HaarU4-brickwork|n12|d12|i8,SU2-HaarU4-brickwork,12,12,1.0,8,gaussian,Z,0.0,96,96,432,96,1.0,4096,4095,0.9051509569531312,0.4244981840680834,0.4692446743592827,0.0104642946790947,0.0207719582761875,95.56305806236186,0.0001671198759607,77.35456490220326,2,78,0.0513582818339132,0.019047619047619,2.696309796280444,0.0323106627862941,0.019047619047619,0.0004327629980519,74.6613341060462,1.253262439847776,1.2209517770614815,0.8842981542548322,0.851987491468538,,,0,1.5543122344752194e-15,8.086836593636474e-16,1.5543122344752194e-15,4.163336342344337e-17,-0.2742638138465285,10,0.2
v2_depth,prespecified depth-onset and saturation study,SU2-HaarU4-brickwork|n12|d72|i4|dir=gaussian|basis=Z|eta=0,SU2-HaarU4-brickwork|n12|d72|i4,SU2-HaarU4-brickwork,12,72,6.0,4,gaussian,Z,0.0,96,96,2592,96,1.0,4096,4095,0.9878227207367428,0.4877132283806616,0.493724748239603,0.0016669131062148,0.0120662160946917,599.9112948789132,4.416767757572264e-06,475.8255059943506,1,12,0.0027460998717861,0.0029304029304029,0.9371065812470116,-0.0001843030586168,0.0029304029304029,0.0001298695169804,-1.4191402486274716,0.3760963586199686,0.3759120555613517,0.1304703984852349,0.1302860954266181,,,0,2.398081733190338e-14,3.65593312741639e-15,2.4091839634365897e-14,2.905661822261152e-17,-0.4484786132536011,10,0.2
v2_depth,prespecified depth-onset and saturation study,SU2-HaarU4-brickwork|n12|d72|i4|dir=gaussian|basis=Z|eta=0,SU2-HaarU4-brickwork|n12|d72|i4,SU2-HaarU4-brickwork,12,72,6.0,4,gaussian,Z,0.0,96,96,2592,96,1.0,4096,4095,0.9878227207367428,0.4877132283806616,0.493724748239603,0.0016669131062148,0.0120662160946917,599.9112948789132,4.416767757572264e-06,475.8255059943506,2,78,0.0183646606192634,0.019047619047619,0.9641446825113292,-0.0006829584283556,0.019047619047619,0.000328416621813,-2.0795489113347743,0.9510799643054864,0.9503970058771308,0.3299361429331091,0.3292531845047534,,,0,2.398081733190338e-14,3.65593312741639e-15,2.4091839634365897e-14,2.905661822261152e-17,-0.4484786132536011,10,0.2
v2_depth,prespecified depth-onset and saturation study,U1-RZ-XY-line|n8|d4|i12|dir=gaussian|basis=Z|eta=0,U1-RZ-XY-line|n8|d4|i12,U1-RZ-XY-line,8,4,0.5,12,gaussian,Z,0.0,96,96,46,96,1.0,70,69,0.3735882873806936,0.1677129806020313,0.4664675164861844,0.1326243734454532,0.1416595362220631,7.540092171755198,0.0193988256092057,7.179798906212207,1,7,0.8752484407552252,0.1014492753623188,8.62744891601579,0.7737991653929064,0.1014492753623188,0.0182028138681037,42.50986528785042,0.8943492788493929,0.1205501134564864,0.8619923248831359,0.0881931594902295,,,0,6.661338147750939e-16,5.56568577903723e-16,4.440892098500626e-16,1.873501354054952e-16,-0.0249127868164057,10,0.2
v2_depth,prespecified depth-onset and saturation study,U1-RZ-XY-line|n8|d4|i12|dir=gaussian|basis=Z|eta=0,U1-RZ-XY-line|n8|d4|i12,U1-RZ-XY-line,8,4,0.5,12,gaussian,Z,0.0,96,96,46,96,1.0,70,69,0.3735882873806936,0.1677129806020313,0.4664675164861844,0.1326243734454532,0.1416595362220631,7.540092171755198,0.0193988256092057,7.179798906212207,2,27,0.999865867143417,0.391304347826087,2.555212771588732,0.6085615193173299,0.391304347826087,0.0294238969426614,20.682560182399943,1.4456688511065618,0.8371073317892319,1.3933655266985776,0.7848040073812477,,,0,6.661338147750939e-16,5.56568577903723e-16,4.440892098500626e-16,1.873501354054952e-16,-0.0249127868164057,10,0.2
v2_depth,prespecified depth-onset and saturation study,U1-RZ-XY-line|n8|d16|i12|dir=gaussian|basis=Z|eta=0,U1-RZ-XY-line|n8|d16|i12,U1-RZ-XY-line,8,16,2.0,12,gaussian,Z,0.0,96,96,184,96,1.0,70,69,0.7294520794824674,0.3243818973745664,0.4499918967782523,0.0715578235363778,0.0812290962078738,13.97471234562676,0.0068673887558077,12.067135335710288,1,7,0.3929513797602281,0.1014492753623188,3.873377886207963,0.2915021043979093,0.1014492753623188,0.0131866016666343,22.10593083550011,0.6478903633516736,0.3563882589537643,0.5991085205987091,0.3076064162007998,,,0,4.440892098500626e-16,1.6883057536160646e-16,4.440892098500626e-16,1.3877787807814454e-16,-0.1251976357470067,10,0.2
v2_depth,prespecified depth-onset and saturation study,U1-RZ-XY-line|n8|d16|i12|dir=gaussian|basis=Z|eta=0,U1-RZ-XY-line|n8|d16|i12,U1-RZ-XY-line,8,16,2.0,12,gaussian,Z,0.0,96,96,184,96,1.0,70,69,0.7294520794824674,0.3243818973745664,0.4499918967782523,0.0715578235363778,0.0812290962078738,13.97471234562676,0.0068673887558077,12.067135335710288,2,27,0.7347215131714409,0.391304347826087,1.87762164477146,0.3434171653453539,0.391304347826087,0.0213154521753837,16.11118368588734,1.0472808995101284,0.7038637341647744,0.968427601100509,0.6250104357551551,,,0,4.440892098500626e-16,1.6883057536160646e-16,4.440892098500626e-16,1.3877787807814454e-16,-0.1251976357470067,10,0.2
v2_depth,prespecified depth-onset and saturation study,U1-RZ-XY-line|n8|d48|i12|dir=gaussian|basis=Z|eta=0,U1-RZ-XY-line|n8|d48|i12,U1-RZ-XY-line,8,48,6.0,12,gaussian,Z,0.0,96,96,552,96,1.0,70,69,0.7624055429332799,0.3511232081436471,0.4680928572795321,0.0611166974341213,0.0708967318358492,16.362140658498692,0.0047270442028597,14.544713409423377,1,7,0.4395109162729029,0.1014492753623188,4.332321888975756,0.338061640910584,0.1014492753623188,0.0121229008888239,27.886200176909902,0.5956281125568543,0.2575664716462703,0.5415328701726816,0.2034712292620975,,,0,4.440892098500626e-16,1.9428902930940242e-16,4.440892098500626e-16,8.326672684688674e-17,-0.1489971685164152,10,0.2
v2_depth,prespecified depth-onset and saturation study,U1-RZ-XY-line|n8|d48|i12|dir=gaussian|basis=Z|eta=0,U1-RZ-XY-line|n8|d48|i12,U1-RZ-XY-line,8,48,6.0,12,gaussian,Z,0.0,96,96,552,96,1.0,70,69,0.7624055429332799,0.3511232081436471,0.4680928572795321,0.0611166974341213,0.0708967318358492,16.362140658498692,0.0047270442028597,14.544713409423377,2,27,0.7121878316444256,0.391304347826087,1.8200355697579764,0.3208834838183386,0.391304347826087,0.0195960354802009,16.374918495251045,0.9628017034627052,0.6419182196443667,0.8753595723431169,0.5544760885247784,,,0,4.440892098500626e-16,1.9428902930940242e-16,4.440892098500626e-16,8.326672684688674e-17,-0.1489971685164152,10,0.2
v2_depth,prespecified depth-onset and saturation study,U1-RZ-XY-line|n12|d6|i12|dir=gaussian|basis=Z|eta=0,U1-RZ-XY-line|n12|d6|i12,U1-RZ-XY-line,12,6,0.5,12,gaussian,Z,0.0,96,96,105,96,1.0,924,923,0.6632139588219387,0.271723516296416,0.4155936833364437,0.0801686754991357,0.0897502517960197,12.47369990552957,0.0087597523260067,10.68449712326112,1,11,0.5832345631191765,0.0119176598049837,48.938681978090905,0.5713169033141928,0.0119176598049837,0.0015033225385452,380.0361457143045,0.9816880349250358,0.4103711316108429,0.9271300600686904,0.3558131567544976,,,0,3.3306690738754696e-16,4.863293474929361e-16,4.440892098500626e-16,6.938893903907227e-17,-0.1165075899366284,10,0.2
v2_depth,prespecified depth-onset and saturation study,U1-RZ-XY-line|n12|d6|i12|dir=gaussian|basis=Z|eta=0,U1-RZ-XY-line|n12|d6|i12,U1-RZ-XY-line,12,6,0.5,12,gaussian,Z,0.0,96,96,105,96,1.0,924,923,0.6632139588219387,0.271723516296416,0.4155936833364437,0.0801686754991357,0.0897502517960197,12.47369990552957,0.0087597523260067,10.68449712326112,2,65,0.8788080499654886,0.0704225352112676,12.479074309509937,0.8083855147542209,0.0704225352112676,0.0035445305934015,228.0656051492714,2.314621901654664,1.5062363869004427,2.185985227864436,1.377599713110215,,,0,3.3306690738754696e-16,4.863293474929361e-16,4.440892098500626e-16,6.938893903907227e-17,-0.1165075899366284,10,0.2
v2_depth,prespecified depth-onset and saturation study,U1-RZ-XY-line|n12|d24|i12|dir=gaussian|basis=Z|eta=0,U1-RZ-XY-line|n12|d24|i12,U1-RZ-XY-line,12,24,2.0,12,gaussian,Z,0.0,96,96,420,96,1.0,924,923,0.7557318016976234,0.3421291809652875,0.4517355443231736,0.0360351433732301,0.0460764439630922,27.750687423180427,0.0016412265453514,24.68401113562649,1,11,0.3361037263629995,0.0119176598049837,28.20215813027714,0.3241860665580157,0.0119176598049837,0.0010708882567236,302.72632510684724,0.6993031511285558,0.37511708457054,0.616349695820943,0.2921636292629272,,,0,5.551115123125784e-16,4.2984841090323333e-16,6.661338147750939e-16,8.326672684688674e-17,-0.2278012041071209,10,0.2
v2_depth,prespecified depth-onset and saturation study,U1-RZ-XY-line|n12|d24|i12|dir=gaussian|basis=Z|eta=0,U1-RZ-XY-line|n12|d24|i12,U1-RZ-XY-line,12,24,2.0,12,gaussian,Z,0.0,96,96,420,96,1.0,924,923,0.7557318016976234,0.3421291809652875,0.4517355443231736,0.0360351433732301,0.0460764439630922,27.750687423180427,0.0016412265453514,24.68401113562649,2,65,0.5606299065153966,0.0704225352112676,7.960944672518631,0.4902073713041289,0.0704225352112676,0.0025249379895177,194.1463011524324,1.6488154402552933,1.1586080689511644,1.4532279647620283,0.9630205934578994,,,0,5.551115123125784e-16,4.2984841090323333e-16,6.661338147750939e-16,8.326672684688674e-17,-0.2278012041071209,10,0.2
v2_depth,prespecified depth-onset and saturation study,U1-RZ-XY-line|n12|d72|i12|dir=gaussian|basis=Z|eta=0,U1-RZ-XY-line|n12|d72|i12,U1-RZ-XY-line,12,72,6.0,12,gaussian,Z,0.0,96,96,1260,96,1.0,924,923,0.7422134587734974,0.3452816885852785,0.466945948739569,0.0246421364451802,0.0348021141905429,40.58089696178072,0.0008011382443151,35.33021398366084,1,11,0.2856894403746854,0.0119176598049837,23.971941224166784,0.2737717805697016,0.0119176598049837,0.000927058056893,295.3124440633319,0.6053802685706132,0.3316084880009116,0.5060211745747285,0.2322493940050268,,,0,1.1102230246251563e-15,3.261464674665932e-16,1.2212453270876722e-15,6.938893903907227e-17,-0.2052333051813257,10,0.2
v2_depth,prespecified depth-onset and saturation study,U1-RZ-XY-line|n12|d72|i12|dir=gaussian|basis=Z|eta=0,U1-RZ-XY-line|n12|d72|i12,U1-RZ-XY-line,12,72,6.0,12,gaussian,Z,0.0,96,96,1260,96,1.0,924,923,0.7422134587734974,0.3452816885852785,0.466945948739569,0.0246421364451802,0.0348021141905429,40.58089696178072,0.0008011382443151,35.33021398366084,2,65,0.5436106704286947,0.0704225352112676,7.719271520087465,0.4731881352174271,0.0704225352112676,0.0021858154589344,216.48128312171931,1.4273642731829008,0.9541761379654736,1.193095618671897,0.71990748345447,,,0,1.1102230246251563e-15,3.261464674665932e-16,1.2212453270876722e-15,6.938893903907227e-17,-0.2052333051813257,10,0.2
v2_depth,prespecified depth-onset and saturation study,RY-RZ-CZ-line|n8|d16|i5|dir=gaussian|basis=Z|eta=0,RY-RZ-CZ-line|n8|d16|i5,RY-RZ-CZ-line,8,16,2.0,5,gaussian,Z,0.0,96,96,256,96,1.0,256,255,0.875786881677934,0.3798558336292456,0.4357694897130197,0.0209380598658032,0.0311366217422011,47.75991693639361,0.0005922750199014,41.09020348887119,1,8,0.1181095354935324,0.0313725490196078,3.764741443856346,0.0867369864739245,0.0313725490196078,0.002541906378338,34.122809247851166,0.4592275908682876,0.372490604394363,0.3631268707527476,0.276389884278823,,,0,6.661338147750939e-16,4.858340784123815e-16,8.881784197001252e-16,5.551115123125783e-17,-0.2952520432878362,10,0.2
v2_depth,prespecified depth-onset and saturation study,RY-RZ-CZ-line|n8|d16|i5|dir=gaussian|basis=Z|eta=0,RY-RZ-CZ-line|n8|d16|i5,RY-RZ-CZ-line,8,16,2.0,5,gaussian,Z,0.0,96,96,256,96,1.0,256,255,0.875786881677934,0.3798558336292456,0.4357694897130197,0.0209380598658032,0.0311366217422011,47.75991693639361,0.0005922750199014,41.09020348887119,2,36,0.2893936353279439,0.1411764705882353,2.049871583572936,0.1482171647397086,0.1411764705882353,0.0050773767333883,29.191681555762084,0.9172924325911456,0.769075267851437,0.725334316220416,0.5771171514807074,,,0,6.661338147750939e-16,4.858340784123815e-16,8.881784197001252e-16,5.551115123125783e-17,-0.2952520432878362,10,0.2
v2_depth,prespecified depth-onset and saturation study,RY-RZ-CZ-line|n8|d64|i1|dir=gaussian|basis=Z|eta=0,RY-RZ-CZ-line|n8|d64|i1,RY-RZ-CZ-line,8,64,8.0,1,gaussian,Z,0.0,96,96,1024,96,1.0,256,255,0.9779052507873928,0.4827841147629732,0.493353200096806,0.0081146712563238,0.0184468100974038,123.2335813013608,9.723082058495716e-05,101.4140261230014,1,8,0.0260382502716369,0.0313725490196078,0.8299692274084268,-0.0053342987479709,0.0313725490196078,0.0018570202442643,-2.8725043598456783,0.3354942338689604,0.3301599351209895,0.1802565795992879,0.174922280851317,,,0,2.220446049250313e-15,5.7419609097055525e-16,2.220446049250313e-15,5.724587470723462e-17,-0.3847749459426486,10,0.2
v2_depth,prespecified depth-onset and saturation study,RY-RZ-CZ-line|n8|d64|i1|dir=gaussian|basis=Z|eta=0,RY-RZ-CZ-line|n8|d64|i1,RY-RZ-CZ-line,8,64,8.0,1,gaussian,Z,0.0,96,96,1024,96,1.0,256,255,0.9779052507873928,0.4827841147629732,0.493353200096806,0.0081146712563238,0.0184468100974038,123.2335813013608,9.723082058495716e-05,101.4140261230014,2,36,0.1306938614103548,0.1411764705882353,0.9257481849900132,-0.0104826091778804,0.1411764705882353,0.0037093385743906,-2.82600495146297,0.6701390073799529,0.6596563982020724,0.360056755471851,0.3495741462939705,,,0,2.220446049250313e-15,5.7419609097055525e-16,2.220446049250313e-15,5.724587470723462e-17,-0.3847749459426486,10,0.2
v2_depth,prespecified depth-onset and saturation study,RY-RZ-CZ-line|n12|d12|i9|dir=gaussian|basis=Z|eta=0,RY-RZ-CZ-line|n12|d12|i9,RY-RZ-CZ-line,12,12,1.0,9,gaussian,Z,0.0,96,96,288,96,1.0,4096,4095,0.9037906488273504,0.3973701036953172,0.4403745373120982,0.0144459727065426,0.0247121604908494,69.2234451991658,0.0003029046989317,57.45753558780921,1,12,0.0748596618272977,0.0029304029304029,25.545859598565343,0.0719292588968947,0.0029304029304029,0.0001868359048822,384.98627414383657,0.5410684902772457,0.4691392313803509,0.4122158009591846,0.3402865420622898,,,0,1.5543122344752194e-15,8.604267786801583e-16,1.7763568394002505e-15,8.326672684688674e-17,-0.363927126235471,10,0.2
v2_depth,prespecified depth-onset and saturation study,RY-RZ-CZ-line|n12|d12|i9|dir=gaussian|basis=Z|eta=0,RY-RZ-CZ-line|n12|d12|i9,RY-RZ-CZ-line,12,12,1.0,9,gaussian,Z,0.0,96,96,288,96,1.0,4096,4095,0.9037906488273504,0.3973701036953172,0.4403745373120982,0.0144459727065426,0.0247121604908494,69.2234451991658,0.0003029046989317,57.45753558780921,2,78,0.2391139400835583,0.019047619047619,12.553481854386812,0.2200663210359393,0.019047619047619,0.0004724743584287,465.7741041604656,1.3682647774308545,1.1481984563949152,1.04241952966785,0.8223532086319107,,,0,1.5543122344752194e-15,8.604267786801583e-16,1.7763568394002505e-15,8.326672684688674e-17,-0.363927126235471,10,0.2
v2_depth,prespecified depth-onset and saturation study,RY-RZ-CZ-line|n12|d72|i5|dir=gaussian|basis=Z|eta=0,RY-RZ-CZ-line|n12|d72|i5,RY-RZ-CZ-line,12,72,6.0,5,gaussian,Z,0.0,96,96,1728,96,1.0,4096,4095,0.9956221207075324,0.4865848978353566,0.4886982084989764,0.0022472880227658,0.0126405454391953,444.9807901210872,8.485084563351587e-06,343.29850530653687,1,12,0.0024147977469659,0.0029304029304029,0.8240497311521211,-0.000515605183437,0.0029304029304029,0.0001329867238673,-3.8771177185438273,0.3851236514478344,0.3846080462643974,0.1548115470216392,0.1542959418382022,,,0,4.6629367034256575e-15,5.512699698764449e-16,4.440892098500626e-15,2.0816681711721685e-17,-0.4428293493227804,10,0.2
v2_depth,prespecified depth-onset and saturation study,RY-RZ-CZ-line|n12|d72|i5|dir=gaussian|basis=Z|eta=0,RY-RZ-CZ-line|n12|d72|i5,RY-RZ-CZ-line,12,72,6.0,5,gaussian,Z,0.0,96,96,1728,96,1.0,4096,4095,0.9956221207075324,0.4865848978353566,0.4886982084989764,0.0022472880227658,0.0126405454391953,444.9807901210872,8.485084563351587e-06,343.29850530653687,2,78,0.0172202167272291,0.019047619047619,0.904061378179528,-0.0018274023203899,0.019047619047619,0.0003362994766897,-5.433854189656659,0.9739083622511768,0.9720809599307868,0.3914905242786368,0.3896631219582469,,,0,4.6629367034256575e-15,5.512699698764449e-16,4.440892098500626e-15,2.0816681711721685e-17,-0.4428293493227804,10,0.2
v2_depth,prespecified depth-onset and saturation study,SU2-CNOT-line|n8|d8|i1|dir=gaussian|basis=Z|eta=0,SU2-CNOT-line|n8|d8|i1,SU2-CNOT-line,8,8,1.0,1,gaussian,Z,0.0,96,96,192,96,1.0,256,255,0.9454514885523868,0.4305395363464102,0.4561615207210845,0.0172356954998362,0.0274728236717129,58.01912664385946,0.0004261109498571,48.44385022624068,1,8,0.0396654627411558,0.0313725490196078,1.2643366248743435,0.008292913721548,0.0313725490196078,0.0023646234140024,3.5070758719719493,0.427199177348577,0.4189062636270289,0.321203098047676,0.3129101843261279,,,0,8.881784197001252e-16,3.3222105914748863e-16,8.881784197001252e-16,6.245004513516506e-17,-0.3548409646690942,10,0.2
v2_depth,prespecified depth-onset and saturation study,SU2-CNOT-line|n8|d8|i1|dir=gaussian|basis=Z|eta=0,SU2-CNOT-line|n8|d8|i1,SU2-CNOT-line,8,8,1.0,1,gaussian,Z,0.0,96,96,192,96,1.0,256,255,0.9454514885523868,0.4305395363464102,0.4561615207210845,0.0172356954998362,0.0274728236717129,58.01912664385946,0.0004261109498571,48.44385022624068,2,36,0.1532397268641306,0.1411764705882353,1.085448065287592,0.0120632562758953,0.1411764705882353,0.004723259679348,2.554010809238522,0.8533167004405986,0.8412534441647033,0.6415929204229165,0.6295296641470212,,,0,8.881784197001252e-16,3.3222105914748863e-16,8.881784197001252e-16,6.245004513516506e-17,-0.3548409646690942,10,0.2
v2_depth,prespecified depth-onset and saturation study,SU2-CNOT-line|n8|d32|i9|dir=gaussian|basis=Z|eta=0,SU2-CNOT-line|n8|d32|i9,SU2-CNOT-line,8,32,4.0,9,gaussian,Z,0.0,96,96,768,96,1.0,256,255,0.9794875315432076,0.4816787146730996,0.4922856740845966,0.0072582571475292,0.0175993169689091,137.77412120765192,7.380362068350169e-05,116.40219394036292,1,8,0.0314458758990098,0.0313725490196078,1.0023372942809397,7.332687940202892e-05,0.0313725490196078,0.00180203101821,0.0406912415274985,0.3255597335192165,0.3254864066398145,0.1607982113313191,0.1607248844519171,,,0,8.881784197001252e-16,1.8959345150258982e-16,8.881784197001252e-16,5.551115123125783e-17,-0.3912585301319219,10,0.2
v2_depth,prespecified depth-onset and saturation study,SU2-CNOT-line|n8|d32|i9|dir=gaussian|basis=Z|eta=0,SU2-CNOT-line|n8|d32|i9,SU2-CNOT-line,8,32,4.0,9,gaussian,Z,0.0,96,96,768,96,1.0,256,255,0.9794875315432076,0.4816787146730996,0.4922856740845966,0.0072582571475292,0.0175993169689091,137.77412120765192,7.380362068350169e-05,116.40219394036292,2,36,0.1377902867360226,0.1411764705882353,0.9760145310468272,-0.0033861838522126,0.1411764705882353,0.0035994993531925,-0.9407374526152494,0.6502951605083745,0.646908976656162,0.3211892868839308,0.3178031030317181,,,0,8.881784197001252e-16,1.8959345150258982e-16,8.881784197001252e-16,5.551115123125783e-17,-0.3912585301319219,10,0.2
v2_depth,prespecified depth-onset and saturation study,SU2-CNOT-line|n12|d6|i5|dir=gaussian|basis=Z|eta=0,SU2-CNOT-line|n12|d6|i5,SU2-CNOT-line,12,6,0.5,5,gaussian,Z,0.0,96,96,216,96,1.0,4096,4095,0.9192840346955128,0.3992048815543023,0.435446797933813,0.0129189189928229,0.0232010135866477,77.40585729777743,0.0002251795470534,66.64008301218688,1,12,0.0208715390605633,0.0029304029304029,7.122412704417244,0.0179411361301604,0.0029304029304029,0.0001809744469696,99.13629482271207,0.5240939682464134,0.506152832116253,0.3894238315613421,0.3714826954311817,,,0,8.881784197001252e-16,3.683138666547922e-16,8.881784197001252e-16,7.28583859910259e-17,-0.3750071606697563,10,0.2
v2_depth,prespecified depth-onset and saturation study,SU2-CNOT-line|n12|d6|i5|dir=gaussian|basis=Z|eta=0,SU2-CNOT-line|n12|d6|i5,SU2-CNOT-line,12,6,0.5,5,gaussian,Z,0.0,96,96,216,96,1.0,4096,4095,0.9192840346955128,0.3992048815543023,0.435446797933813,0.0129189189928229,0.0232010135866477,77.40585729777743,0.0002251795470534,66.64008301218688,2,78,0.1352896333651785,0.019047619047619,7.10270575167187,0.1162420143175594,0.019047619047619,0.0004576517868869,253.99663597572032,1.3253392679512488,1.2090972536336893,0.9847827433908108,0.8685407290732514,,,0,8.881784197001252e-16,3.683138666547922e-16,8.881784197001252e-16,7.28583859910259e-17,-0.3750071606697563,10,0.2
v2_depth,prespecified depth-onset and saturation study,SU2-CNOT-line|n12|d48|i1|dir=gaussian|basis=Z|eta=0,SU2-CNOT-line|n12|d48|i1,SU2-CNOT-line,12,48,4.0,1,gaussian,Z,0.0,96,96,1728,96,1.0,4096,4095,0.9850912222013088,0.485848160616777,0.493224777387592,0.0014300122690373,0.0118317829745682,699.2946995295226,3.010611878417012e-06,576.3318417747905,1,12,0.0031395463057191,0.0029304029304029,1.071370176826655,0.0002091433753162,0.0029304029304029,0.0001285753989511,1.626620465674306,0.372348650229517,0.3721395068542008,0.1191135819865027,0.1189044386111865,,,0,4.440892098500626e-15,7.867449097722839e-16,4.218847493575595e-15,2.6020852139652106e-17,-0.4580035644464928,10,0.2
v2_depth,prespecified depth-onset and saturation study,SU2-CNOT-line|n12|d48|i1|dir=gaussian|basis=Z|eta=0,SU2-CNOT-line|n12|d48|i1,SU2-CNOT-line,12,48,4.0,1,gaussian,Z,0.0,96,96,1728,96,1.0,4096,4095,0.9850912222013088,0.485848160616777,0.493224777387592,0.0014300122690373,0.0118317829745682,699.2946995295226,3.010611878417012e-06,576.3318417747905,2,78,0.0187346592820285,0.019047619047619,0.9835696123064984,-0.0003129597655905,0.019047619047619,0.0003251440303589,-0.9625265616747256,0.9416026846655104,0.94128972489992,0.3012167991195402,0.3009038393539497,,,0,4.440892098500626e-15,7.867449097722839e-16,4.218847493575595e-15,2.6020852139652106e-17,-0.4580035644464928,10,0.2
v2_depth,prespecified depth-onset and saturation study,SU2-CNOT-line|n12|d96|i9|dir=gaussian|basis=Z|eta=0,SU2-CNOT-line|n12|d96|i9,SU2-CNOT-line,12,96,8.0,9,gaussian,Z,0.0,96,96,3456,96,1.0,4096,4095,0.9954732943026264,0.4937885759988758,0.4960534629963378,0.0007971127303709,0.0112054761394295,1254.5276996575185,8.744432832143791e-07,1069.3852187516368,1,12,0.002728178026158,0.0029304029304029,0.9309907514264432,-0.0002022249042448,0.0029304029304029,0.0001250523942586,-1.617121410939605,0.3621461849622334,0.3619439600579885,0.0813357655500443,0.0811335406457994,,,0,3.552713678800501e-15,3.73400235591427e-16,3.3306690738754696e-15,2.0166160408230386e-17,-0.4695622700820355,10,0.2
v2_depth,prespecified depth-onset and saturation study,SU2-CNOT-line|n12|d96|i9|dir=gaussian|basis=Z|eta=0,SU2-CNOT-line|n12|d96|i9,SU2-CNOT-line,12,96,8.0,9,gaussian,Z,0.0,96,96,3456,96,1.0,4096,4095,0.9954732943026264,0.4937885759988758,0.4960534629963378,0.0007971127303709,0.0112054761394295,1254.5276996575185,8.744432832143791e-07,1069.3852187516368,2,78,0.0184781475389411,0.019047619047619,0.9701027457944114,-0.0005694715086778,0.019047619047619,0.0003162349859068,-1.8007859157167323,0.9158024872431234,0.9152330157344456,0.2056835043017838,0.2051140327931059,,,0,3.552713678800501e-15,3.73400235591427e-16,3.3306690738754696e-15,2.0166160408230386e-17,-0.4695622700820355,10,0.2
v2_depth,prespecified depth-onset and saturation study,SU2-HaarU4-brickwork|n8|d16|i5|dir=gaussian|basis=Z|eta=0,SU2-HaarU4-brickwork|n8|d16|i5,SU2-HaarU4-brickwork,8,16,2.0,5,gaussian,Z,0.0,96,96,384,96,1.0,256,255,0.9400359612602716,0.4515483216502132,0.4807745554707588,0.0148975350851316,0.0251590190946615,67.12519851676956,0.0003293792930642,55.10003230141111,1,8,0.0247629243529825,0.0313725490196078,0.7893182137513174,-0.0066096246666253,0.0313725490196078,0.0022454642613049,-2.9435448074262114,0.4056715667766373,0.399061942110012,0.2916384393312992,0.2850288146646739,,,0,2.3314683517128287e-15,6.115786004910065e-16,2.220446049250313e-15,4.8572257327350605e-17,-0.3281308327441652,10,0.2
v2_depth,prespecified depth-onset and saturation study,SU2-HaarU4-brickwork|n8|d16|i5|dir=gaussian|basis=Z|eta=0,SU2-HaarU4-brickwork|n8|d16|i5,SU2-HaarU4-brickwork,8,16,2.0,5,gaussian,Z,0.0,96,96,384,96,1.0,256,255,0.9400359612602716,0.4515483216502132,0.4807745554707588,0.0148975350851316,0.0251590190946615,67.12519851676956,0.0003293792930642,55.10003230141111,2,36,0.1269055571016079,0.1411764705882353,0.8989143628030561,-0.0142709134866273,0.1411764705882353,0.0044852430810056,-3.181748063346323,0.8103159864981451,0.7960450730115177,0.5825384597329655,0.5682675462463381,,,0,2.3314683517128287e-15,6.115786004910065e-16,2.220446049250313e-15,4.8572257327350605e-17,-0.3281308327441652,10,0.2
v2_depth,prespecified depth-onset and saturation study,SU2-HaarU4-brickwork|n8|d64|i1|dir=gaussian|basis=Z|eta=0,SU2-HaarU4-brickwork|n8|d64|i1,SU2-HaarU4-brickwork,8,64,8.0,1,gaussian,Z,0.0,96,96,1536,96,1.0,256,255,0.9894011614588548,0.4875482396238806,0.4926928028441555,0.0064784655209251,0.0168276481717488,154.35753987885673,5.683703845619064e-05,132.64298287384258,1,8,0.0281141704522624,0.0313725490196078,0.8961391831658655,-0.0032583785673453,0.0313725490196078,0.0017504597396677,-1.8614415936032565,0.3162427286897633,0.3129843501224179,0.1407602364404253,0.1375018578730799,,,0,6.3282712403633915e-15,1.101149887395722e-15,6.439293542825908e-15,7.28583859910259e-17,-0.3546453117678123,10,0.2
v2_depth,prespecified depth-onset and saturation study,SU2-HaarU4-brickwork|n8|d64|i1|dir=gaussian|basis=Z|eta=0,SU2-HaarU4-brickwork|n8|d64|i1,SU2-HaarU4-brickwork,8,64,8.0,1,gaussian,Z,0.0,96,96,1536,96,1.0,256,255,0.9894011614588548,0.4875482396238806,0.4926928028441555,0.0064784655209251,0.0168276481717488,154.35753987885673,5.683703845619064e-05,132.64298287384258,2,36,0.1359512251770329,0.1411764705882353,0.9629878450039836,-0.0052252454112023,0.1411764705882353,0.0034964873728878,-1.494427078936282,0.6316847411990438,0.6264594957878415,0.281164072595053,0.2759388271838507,,,0,6.3282712403633915e-15,1.101149887395722e-15,6.439293542825908e-15,7.28583859910259e-17,-0.3546453117678123,10,0.2
v2_depth,prespecified depth-onset and saturation study,SU2-HaarU4-brickwork|n12|d12|i9|dir=gaussian|basis=Z|eta=0,SU2-HaarU4-brickwork|n12|d12|i9,SU2-HaarU4-brickwork,12,12,1.0,9,gaussian,Z,0.0,96,96,432,96,1.0,4096,4095,0.9399589880047486,0.444476581168616,0.4730046054767214,0.010211442280486,0.0205217397567309,97.92935929442534,0.0001617890163922,78.61863200469821,1,12,0.0178647255058388,0.0029304029304029,6.096337578867494,0.0149343225754358,0.0029304029304029,0.0001700862024988,87.80443302294415,0.4925620953908876,0.4776277728154517,0.345335211080734,0.3304008885052981,,,0,3.774758283725532e-15,1.1961298892969096e-15,3.774758283725532e-15,7.63278329429795e-17,-0.355830764361104,10,0.2
v2_depth,prespecified depth-onset and saturation study,SU2-HaarU4-brickwork|n12|d12|i9|dir=gaussian|basis=Z|eta=0,SU2-HaarU4-brickwork|n12|d12|i9,SU2-HaarU4-brickwork,12,12,1.0,9,gaussian,Z,0.0,96,96,432,96,1.0,4096,4095,0.9399589880047486,0.444476581168616,0.4730046054767214,0.010211442280486,0.0205217397567309,97.92935929442534,0.0001617890163922,78.61863200469821,2,78,0.0507618061181839,0.019047619047619,2.6649948212046577,0.0317141870705649,0.019047619047619,0.0004301173773525,73.73379626225481,1.245600839693235,1.21388665262267,0.8732905615817724,0.8415763745112075,,,0,3.774758283725532e-15,1.1961298892969096e-15,3.774758283725532e-15,7.63278329429795e-17,-0.355830764361104,10,0.2
v2_depth,prespecified depth-onset and saturation study,SU2-HaarU4-brickwork|n12|d72|i5|dir=gaussian|basis=Z|eta=0,SU2-HaarU4-brickwork|n12|d72|i5,SU2-HaarU4-brickwork,12,72,6.0,5,gaussian,Z,0.0,96,96,2592,96,1.0,4096,4095,0.984054445753852,0.4878486990502224,0.4957696302740337,0.0016572734433542,0.0120566768449859,603.4007266634675,4.1295436267258815e-06,492.0950207991023,1,12,0.0027146289048082,0.0029304029304029,0.9263671137657984,-0.0002157740255947,0.0029304029304029,0.0001298171101922,-1.6621385676758142,0.3759445908865738,0.375728816860979,0.1300276428446026,0.1298118688190079,,,0,2.664535259100376e-14,3.3462863345122186e-15,2.6867397195928788e-14,2.255140518769849e-17,-0.428792320974922,10,0.2
v2_depth,prespecified depth-onset and saturation study,SU2-HaarU4-brickwork|n12|d72|i5|dir=gaussian|basis=Z|eta=0,SU2-HaarU4-brickwork|n12|d72|i5,SU2-HaarU4-brickwork,12,72,6.0,5,gaussian,Z,0.0,96,96,2592,96,1.0,4096,4095,0.984054445753852,0.4878486990502224,0.4957696302740337,0.0016572734433542,0.0120566768449859,603.4007266634675,4.1295436267258815e-06,492.0950207991023,2,78,0.0179948601204778,0.019047619047619,0.9447301563250856,-0.0010527589271412,0.019047619047619,0.0003282840944828,-3.2068532860220347,0.9506961710377462,0.949643412110605,0.3288164936484583,0.3277637347213171,,,0,2.664535259100376e-14,3.3462863345122186e-15,2.6867397195928788e-14,2.255140518769849e-17,-0.428792320974922,10,0.2
v2_depth,prespecified depth-onset and saturation study,U1-RZ-XY-line|n8|d4|i13|dir=gaussian|basis=Z|eta=0,U1-RZ-XY-line|n8|d4|i13,U1-RZ-XY-line,8,4,0.5,13,gaussian,Z,0.0,96,96,46,96,1.0,70,69,0.4744070202072241,0.1877653915744218,0.4243218999704563,0.1219552538931269,0.1311015533317402,8.199728737200038,0.0183502500229718,7.382084414127656,1,7,0.7307265363910602,0.1014492753623188,7.202875858711879,0.6292772610287414,0.1014492753623188,0.0174308011712046,36.10145367662709,0.8564183851020167,0.2271411240732753,0.8221457002396303,0.1928684392108889,,,0,2.220446049250313e-16,4.158454570476958e-16,2.220446049250313e-16,3.191891195797325e-16,-0.0485150345975712,10,0.2
v2_depth,prespecified depth-onset and saturation study,U1-RZ-XY-line|n8|d4|i13|dir=gaussian|basis=Z|eta=0,U1-RZ-XY-line|n8|d4|i13,U1-RZ-XY-line,8,4,0.5,13,gaussian,Z,0.0,96,96,46,96,1.0,70,69,0.4744070202072241,0.1877653915744218,0.4243218999704563,0.1219552538931269,0.1311015533317402,8.199728737200038,0.0183502500229718,7.382084414127656,2,27,0.978314296547386,0.391304347826087,2.5001365356210976,0.587009948721299,0.391304347826087,0.0281759787803058,20.83370211549142,1.3843555444577749,0.7973455957364759,1.3289555412139784,0.7419455924926794,,,0,2.220446049250313e-16,4.158454570476958e-16,2.220446049250313e-16,3.191891195797325e-16,-0.0485150345975712,10,0.2
v2_depth,prespecified depth-onset and saturation study,U1-RZ-XY-line|n8|d16|i13|dir=gaussian|basis=Z|eta=0,U1-RZ-XY-line|n8|d16|i13,U1-RZ-XY-line,8,16,2.0,13,gaussian,Z,0.0,96,96,184,96,1.0,70,69,0.6422063787885025,0.277531604954077,0.4320140021772274,0.0732379161180401,0.0828916878251439,13.654129623080271,0.006753758910798,12.16822476637641,1,7,0.437548380500915,0.1014492753623188,4.31297689350902,0.3360991051385962,0.1014492753623188,0.0133498490110164,25.176247676003182,0.6559111092528356,0.3198120041142394,0.6078639307451558,0.2717648256065595,,,0,3.3306690738754696e-16,2.776424787817944e-16,2.220446049250313e-16,8.326672684688674e-17,-0.1410891180825259,10,0.2
v2_depth,prespecified depth-onset and saturation study,U1-RZ-XY-line|n8|d16|i13|dir=gaussian|basis=Z|eta=0,U1-RZ-XY-line|n8|d16|i13,U1-RZ-XY-line,8,16,2.0,13,gaussian,Z,0.0,96,96,184,96,1.0,70,69,0.6422063787885025,0.277531604954077,0.4320140021772274,0.0732379161180401,0.0828916878251439,13.654129623080271,0.006753758910798,12.16822476637641,2,27,0.7505409408926044,0.391304347826087,1.918049071169989,0.3592365930665174,0.391304347826087,0.021579332972719,16.64725195726254,1.0602460159206526,0.7010094228541353,0.9825802638539964,0.6233436707874791,,,0,3.3306690738754696e-16,2.776424787817944e-16,2.220446049250313e-16,8.326672684688674e-17,-0.1410891180825259,10,0.2
v2_depth,prespecified depth-onset and saturation study,U1-RZ-XY-line|n8|d48|i13|dir=gaussian|basis=Z|eta=0,U1-RZ-XY-line|n8|d48|i13,U1-RZ-XY-line,8,48,6.0,13,gaussian,Z,0.0,96,96,552,96,1.0,70,69,0.7668594157718701,0.3505753950941173,0.4555651428739701,0.063111992645212,0.0728712427218244,15.844849102159738,0.0047949279857222,14.441388634847652,1,7,0.4236530130589521,0.1014492753623188,4.176008271581099,0.3222037376966333,0.1014492753623188,0.0123332663851277,26.12476919213928,0.6059638898315859,0.2837601521349526,0.5529990661673885,0.2307953284707551,,,0,1.3322676295501878e-15,5.696658631419379e-16,1.2212453270876722e-15,9.714451465470121e-17,-0.1967741775597318,10,0.2
v2_depth,prespecified depth-onset and saturation study,U1-RZ-XY-line|n8|d48|i13|dir=gaussian|basis=Z|eta=0,U1-RZ-XY-line|n8|d48|i13,U1-RZ-XY-line,8,48,6.0,13,gaussian,Z,0.0,96,96,552,96,1.0,70,69,0.7668594157718701,0.3505753950941173,0.4555651428739701,0.063111992645212,0.0728712427218244,15.844849102159738,0.0047949279857222,14.441388634847652,2,27,0.7416661785563555,0.391304347826087,1.8953691229773528,0.3503618307302685,0.391304347826087,0.0199360803066979,17.574258597491585,0.9795089470546922,0.6291471163244235,0.8938940786956646,0.5435322479653961,,,0,1.3322676295501878e-15,5.696658631419379e-16,1.2212453270876722e-15,9.714451465470121e-17,-0.1967741775597318,10,0.2
v2_depth,prespecified depth-onset and saturation study,U1-RZ-XY-line|n12|d6|i13|dir=gaussian|basis=Z|eta=0,U1-RZ-XY-line|n12|d6|i13,U1-RZ-XY-line,12,6,0.5,13,gaussian,Z,0.0,96,96,105,96,1.0,920,919,0.6226450033698261,0.2754098371786657,0.4433723726182737,0.080615745071161,0.0901926643933364,12.40452468828864,0.0088807614101121,10.611454072916066,1,11,0.6414305303117251,0.0119695321001088,53.58860521422504,0.6294609982116164,0.0119695321001088,0.00151354463591,415.8853219635205,0.9840822333611828,0.3546212351495663,0.9296949355293488,0.3002339373177324,,,0,4.440892098500626e-16,4.17041378091335e-16,4.440892098500626e-16,9.020562075079396e-17,-0.116439376290748,10,0.2
v2_depth,prespecified depth-onset and saturation study,U1-RZ-XY-line|n12|d6|i13|dir=gaussian|basis=Z|eta=0,U1-RZ-XY-line|n12|d6|i13,U1-RZ-XY-line,12,6,0.5,13,gaussian,Z,0.0,96,96,105,96,1.0,920,919,0.6226450033698261,0.2754098371786657,0.4433723726182737,0.080615745071161,0.0901926643933364,12.40452468828864,0.0088807614101121,10.611454072916066,2,65,0.862066233747397,0.0707290533188248,12.188290289443966,0.7913371804285722,0.0707290533188248,0.0035681374859523,221.7787805385963,2.319945261478515,1.528608081049943,2.19172878767975,1.4003916072511782,,,0,4.440892098500626e-16,4.17041378091335e-16,4.440892098500626e-16,9.020562075079396e-17,-0.116439376290748,10,0.2
v2_depth,prespecified depth-onset and saturation study,U1-RZ-XY-line|n12|d24|i13|dir=gaussian|basis=Z|eta=0,U1-RZ-XY-line|n12|d24|i13,U1-RZ-XY-line,12,24,2.0,13,gaussian,Z,0.0,96,96,420,96,1.0,924,923,0.6988632812677391,0.31283894485578,0.4484844513361867,0.0357015426189309,0.0457463182166503,28.00999415273853,0.0017292012628163,24.04790391473017,1,11,0.3422073146575392,0.0119176598049837,28.714304675355336,0.3302896548525554,0.0119176598049837,0.0010669523278369,309.563648004918,0.6967329413463923,0.3664432864938368,0.6134012327869764,0.283111577934421,,,0,1.1102230246251563e-16,1.493475013799517e-16,1.1102230246251563e-16,6.938893903907227e-17,-0.1985145853951807,10,0.2
v2_depth,prespecified depth-onset and saturation study,U1-RZ-XY-line|n12|d24|i13|dir=gaussian|basis=Z|eta=0,U1-RZ-XY-line|n12|d24|i13,U1-RZ-XY-line,12,24,2.0,13,gaussian,Z,0.0,96,96,420,96,1.0,924,923,0.6988632812677391,0.31283894485578,0.4484844513361867,0.0357015426189309,0.0457463182166503,28.00999415273853,0.0017292012628163,24.04790391473017,2,65,0.582332221035823,0.0704225352112676,8.269117538708686,0.5119096858245554,0.0704225352112676,0.0025156578649972,203.4893905674672,1.6427554052523232,1.130845719427768,1.4462760850692506,0.9343663992446952,,,0,1.1102230246251563e-16,1.493475013799517e-16,1.1102230246251563e-16,6.938893903907227e-17,-0.1985145853951807,10,0.2
v2_depth,prespecified depth-onset and saturation study,U1-RZ-XY-line|n12|d72|i13|dir=gaussian|basis=Z|eta=0,U1-RZ-XY-line|n12|d72|i13,U1-RZ-XY-line,12,72,6.0,13,gaussian,Z,0.0,96,96,1260,96,1.0,924,923,0.7633477049603513,0.3645493637643454,0.4781883122718018,0.0255290468020115,0.0356797858978239,39.17106689315183,0.0007910138387772,35.55559570030638,1,11,0.3249248062063125,0.0119176598049837,27.264145102584223,0.3130071464013287,0.0119176598049837,0.0009390458555355,333.3246662622572,0.6132084479470363,0.3002013015457075,0.51545821769385,0.2024510712925212,,,0,1.9984014443252818e-15,9.124909316093853e-16,1.887379141862766e-15,4.163336342344337e-17,-0.2119694407719823,10,0.2
v2_depth,prespecified depth-onset and saturation study,U1-RZ-XY-line|n12|d72|i13|dir=gaussian|basis=Z|eta=0,U1-RZ-XY-line|n12|d72|i13,U1-RZ-XY-line,12,72,6.0,13,gaussian,Z,0.0,96,96,1260,96,1.0,924,923,0.7633477049603513,0.3645493637643454,0.4781883122718018,0.0255290468020115,0.0356797858978239,39.17106689315183,0.0007910138387772,35.55559570030638,2,65,0.5758061248785666,0.0704225352112676,8.176446973275645,0.505383589667299,0.0704225352112676,0.0022140802643545,228.25892891223964,1.4458215373952876,0.9404379477279886,1.215346258298004,0.7099626686307051,,,0,1.9984014443252818e-15,9.124909316093853e-16,1.887379141862766e-15,4.163336342344337e-17,-0.2119694407719823,10,0.2
v2_depth,prespecified depth-onset and saturation study,RY-RZ-CZ-line|n8|d4|i3|dir=gaussian|basis=Z|eta=0,RY-RZ-CZ-line|n8|d4|i3,RY-RZ-CZ-line,8,4,0.5,3,gaussian,Z,0.0,96,96,64,96,1.0,256,255,0.8651916778529983,0.3549482755792841,0.4154858374000778,0.054638202235042,0.0644857209617603,18.30221272102275,0.0036266406938118,16.60533856465163,1,8,0.3503950366974878,0.0313725490196078,11.168841794732424,0.3190224876778799,0.0313725490196078,0.0037919515468859,84.13147787710284,0.6850640874917923,0.3660415998139123,0.6269004612129578,0.3078779735350779,,,0,4.440892098500626e-16,2.5330675498269004e-16,0.0,1.249000902703301e-16,-0.1684650455200284,10,0.2
v2_depth,prespecified depth-onset and saturation study,RY-RZ-CZ-line|n8|d4|i3|dir=gaussian|basis=Z|eta=0,RY-RZ-CZ-line|n8|d4|i3,RY-RZ-CZ-line,8,4,0.5,3,gaussian,Z,0.0,96,96,64,96,1.0,256,255,0.8651916778529983,0.3549482755792841,0.4154858374000778,0.054638202235042,0.0644857209617603,18.30221272102275,0.0036266406938118,16.60533856465163,2,36,0.6493669212985432,0.1411764705882353,4.599682359198015,0.5081904507103079,0.1411764705882353,0.0075743019972604,67.09403069670553,1.3683936152617056,0.8602031645513977,1.2522136310914238,0.7440231803811159,,,0,4.440892098500626e-16,2.5330675498269004e-16,0.0,1.249000902703301e-16,-0.1684650455200284,10,0.2
v2_depth,prespecified depth-onset and saturation study,RY-RZ-CZ-line|n8|d16|i11|dir=gaussian|basis=Z|eta=0,RY-RZ-CZ-line|n8|d16|i11,RY-RZ-CZ-line,8,16,2.0,11,gaussian,Z,0.0,96,96,256,96,1.0,256,255,0.9144602964437626,0.4050582096623727,0.4430714761362013,0.017617931684967,0.0278510782299152,56.76035177575799,0.0004573090179422,46.762219617010565,1,8,0.054382012875524,0.0313725490196078,1.733426660407329,0.0230094638559162,0.0313725490196078,0.0023835367754966,9.653496473165225,0.4306161157174292,0.407606651861513,0.3257811932706215,0.3027717294147053,,,0,8.881784197001252e-16,3.6777774185878363e-16,8.881784197001252e-16,5.030698080332741e-17,-0.3546085059551953,10,0.2
v2_depth,prespecified depth-onset and saturation study,RY-RZ-CZ-line|n8|d16|i11|dir=gaussian|basis=Z|eta=0,RY-RZ-CZ-line|n8|d16|i11,RY-RZ-CZ-line,8,16,2.0,11,gaussian,Z,0.0,96,96,256,96,1.0,256,255,0.9144602964437626,0.4050582096623727,0.4430714761362013,0.017617931684967,0.0278510782299152,56.76035177575799,0.0004573090179422,46.762219617010565,2,36,0.2043009373540678,0.1411764705882353,1.447131639591314,0.0631244667658325,0.1411764705882353,0.0047610385143274,13.258549910039743,0.8601419256028155,0.7970174588369829,0.6507375192823829,0.5876130525165504,,,0,8.881784197001252e-16,3.6777774185878363e-16,8.881784197001252e-16,5.030698080332741e-17,-0.3546085059551953,10,0.2
v2_depth,prespecified depth-onset and saturation study,RY-RZ-CZ-line|n8|d64|i7|dir=gaussian|basis=Z|eta=0,RY-RZ-CZ-line|n8|d64|i7,RY-RZ-CZ-line,8,64,8.0,7,gaussian,Z,0.0,96,96,1024,96,1.0,256,255,0.9812910692733028,0.4893728221827622,0.4989116479148182,0.0080433472754977,0.0183762290747113,124.3263489376208,9.082955928681816e-05,104.926792348823,1,8,0.0262879668413072,0.0313725490196078,0.8379289430666692,-0.0050845821783005,0.0313725490196078,0.0018525029355317,-2.744709377122258,0.3346781248162707,0.3295935426379701,0.1787169369782951,0.1736323547999946,,,0,1.3322676295501878e-15,2.6376925378252274e-16,1.5543122344752194e-15,6.591949208711867e-17,-0.3606867685859318,10,0.2
v2_depth,prespecified depth-onset and saturation study,RY-RZ-CZ-line|n8|d64|i7|dir=gaussian|basis=Z|eta=0,RY-RZ-CZ-line|n8|d64|i7,RY-RZ-CZ-line,8,64,8.0,7,gaussian,Z,0.0,96,96,1024,96,1.0,256,255,0.9812910692733028,0.4893728221827622,0.4989116479148182,0.0080433472754977,0.0183762290747113,124.3263489376208,9.082955928681816e-05,104.926792348823,2,36,0.134656730154924,0.1411764705882353,0.9538185052640452,-0.0065197404333112,0.1411764705882353,0.0037003153946025,-1.7619418179383337,0.6685088556358342,0.6619891152025229,0.3569813685543073,0.350461628120996,,,0,1.3322676295501878e-15,2.6376925378252274e-16,1.5543122344752194e-15,6.591949208711867e-17,-0.3606867685859318,10,0.2
v2_depth,prespecified depth-onset and saturation study,RY-RZ-CZ-line|n12|d24|i3|dir=gaussian|basis=Z|eta=0,RY-RZ-CZ-line|n12|d24|i3,RY-RZ-CZ-line,12,24,2.0,3,gaussian,Z,0.0,96,96,576,96,1.0,4096,4095,0.959937221684688,0.4519560315799643,0.4709237280488734,0.0081462697025819,0.01847807939318,122.75557236744244,0.0001142829556473,93.54256364535942,1,12,0.0264784686227199,0.0029304029304029,9.03577741750318,0.023548065692317,0.0029304029304029,0.0001612876048658,146.0004673756563,0.4670817470561959,0.4435336813638789,0.3074848915485363,0.2839368258562193,,,0,0.0,1.0868011426688115e-16,0.0,7.63278329429795e-17,-0.3961478337332511,10,0.2
v2_depth,prespecified depth-onset and saturation study,RY-RZ-CZ-line|n12|d24|i3|dir=gaussian|basis=Z|eta=0,RY-RZ-CZ-line|n12|d24|i3,RY-RZ-CZ-line,12,24,2.0,3,gaussian,Z,0.0,96,96,576,96,1.0,4096,4095,0.959937221684688,0.4519560315799643,0.4709237280488734,0.0081462697025819,0.01847807939318,122.75557236744244,0.0001142829556473,93.54256364535942,2,78,0.0792129544607466,0.019047619047619,4.158680109189196,0.0601653354131275,0.019047619047619,0.0004078673083717,147.51203192359827,1.1811656272025517,1.121000291789424,0.7775739194910971,0.7174085840779696,,,0,0.0,1.0868011426688115e-16,0.0,7.63278329429795e-17,-0.3961478337332511,10,0.2
v2_depth,prespecified depth-onset and saturation study,RY-RZ-CZ-line|n12|d72|i11|dir=gaussian|basis=Z|eta=0,RY-RZ-CZ-line|n12|d72|i11,RY-RZ-CZ-line,12,72,6.0,11,gaussian,Z,0.0,96,96,1728,96,1.0,4096,4095,0.9882429541841868,0.4823946552701754,0.4882222048456112,0.00226627683779,0.012659336454063,441.252358637324,8.546554673351369e-06,342.06170993907665,1,12,0.0026553026853593,0.0029304029304029,0.9061220413788912,-0.0002751002450435,0.0029304029304029,0.0001330874797421,-2.067063299841841,0.3854154359908088,0.3851403357457653,0.1555436052461609,0.1552685050011173,,,0,5.551115123125784e-16,1.1900648729293314e-16,4.440892098500626e-16,2.4286128663675302e-17,-0.4430510863268442,10,0.2
v2_depth,prespecified depth-onset and saturation study,RY-RZ-CZ-line|n12|d72|i11|dir=gaussian|basis=Z|eta=0,RY-RZ-CZ-line|n12|d72|i11,RY-RZ-CZ-line,12,72,6.0,11,gaussian,Z,0.0,96,96,1728,96,1.0,4096,4095,0.9882429541841868,0.4823946552701754,0.4882222048456112,0.00226627683779,0.012659336454063,441.252358637324,8.546554673351369e-06,342.06170993907665,2,78,0.0175473516882742,0.019047619047619,0.9212359636344002,-0.0015002673593447,0.019047619047619,0.0003365542701534,-4.457727898269363,0.9746462328164098,0.9731459654570652,0.3933417677009406,0.3918415003415958,,,0,5.551115123125784e-16,1.1900648729293314e-16,4.440892098500626e-16,2.4286128663675302e-17,-0.4430510863268442,10,0.2
v2_depth,prespecified depth-onset and saturation study,SU2-CNOT-line|n8|d8|i7|dir=gaussian|basis=Z|eta=0,SU2-CNOT-line|n8|d8|i7,SU2-CNOT-line,8,8,1.0,7,gaussian,Z,0.0,96,96,192,96,1.0,256,255,0.9153637632040382,0.4226022400766174,0.4610323319470941,0.0184847198115287,0.0287088373134919,54.0987372378948,0.0004855000795445,45.38426927187317,1,8,0.0491156419247001,0.0313725490196078,1.5655610863498162,0.0177430929050922,0.0313725490196078,0.0024258798937231,7.314085479252878,0.4382659364735157,0.4205228435684234,0.3359317550893371,0.3181886621842448,,,0,1.1102230246251563e-15,4.579965658535148e-16,8.881784197001252e-16,5.2041704279304207e-17,-0.3266089076564967,10,0.2
v2_depth,prespecified depth-onset and saturation study,SU2-CNOT-line|n8|d8|i7|dir=gaussian|basis=Z|eta=0,SU2-CNOT-line|n8|d8|i7,SU2-CNOT-line,8,8,1.0,7,gaussian,Z,0.0,96,96,192,96,1.0,256,255,0.9153637632040382,0.4226022400766174,0.4610323319470941,0.0184847198115287,0.0287088373134919,54.0987372378948,0.0004855000795445,45.38426927187317,2,36,0.16726692006719,0.1411764705882353,1.184807350475929,0.0260904494789546,0.1411764705882353,0.0048456175393989,5.384339409129482,0.8754221980206142,0.8493317485416595,0.6710129420313764,0.6449224925524217,,,0,1.1102230246251563e-15,4.579965658535148e-16,8.881784197001252e-16,5.2041704279304207e-17,-0.3266089076564967,10,0.2
v2_depth,prespecified depth-onset and saturation study,SU2-CNOT-line|n8|d48|i3|dir=gaussian|basis=Z|eta=0,SU2-CNOT-line|n8|d48|i3,SU2-CNOT-line,8,48,6.0,3,gaussian,Z,0.0,96,96,1152,96,1.0,256,255,0.9855867484339632,0.4877599977432168,0.4952623792850525,0.0056941597816426,0.0160515122839172,175.61853519177532,4.06237428375276e-05,156.89533573459832,1,8,0.0303758466194231,0.0313725490196078,0.9682301109941116,-0.0009967024001847,0.0313725490196078,0.0016970097970169,-0.5873286070220435,0.3065863193881769,0.3055896169879921,0.1172000154032433,0.1162033130030586,,,0,1.7763568394002505e-15,2.4989653548370003e-16,1.7763568394002505e-15,5.551115123125783e-17,-0.3643712191258534,10,0.2
v2_depth,prespecified depth-onset and saturation study,SU2-CNOT-line|n8|d48|i3|dir=gaussian|basis=Z|eta=0,SU2-CNOT-line|n8|d48|i3,SU2-CNOT-line,8,48,6.0,3,gaussian,Z,0.0,96,96,1152,96,1.0,256,255,0.9855867484339632,0.4877599977432168,0.4952623792850525,0.0056941597816426,0.0160515122839172,175.61853519177532,4.06237428375276e-05,156.89533573459832,2,36,0.1384142442824215,0.1411764705882353,0.9804342303338196,-0.0027622263058137,0.1411764705882353,0.0033897228210819,-0.8148826472283893,0.6123963723063992,0.6096341460005855,0.234103284224913,0.2313410579190993,,,0,1.7763568394002505e-15,2.4989653548370003e-16,1.7763568394002505e-15,5.551115123125783e-17,-0.3643712191258534,10,0.2
v2_depth,prespecified depth-onset and saturation study,SU2-CNOT-line|n12|d6|i11|dir=gaussian|basis=Z|eta=0,SU2-CNOT-line|n12|d6|i11,SU2-CNOT-line,12,6,0.5,11,gaussian,Z,0.0,96,96,216,96,1.0,4096,4095,0.8977813307940933,0.387720688012175,0.4329530415466869,0.0134892803018441,0.0237654336320332,74.1329394618103,0.0002741667538909,60.39383456093716,1,12,0.0376088214766945,0.0029304029304029,12.834010328922028,0.0346784185462916,0.0029304029304029,0.0001831856720937,189.30748322137333,0.5304975780897017,0.49581915954341,0.3980894367284246,0.3634110181821329,,,0,3.3306690738754696e-16,1.3183898417423734e-16,1.1102230246251563e-16,8.326672684688674e-17,-0.3343767314621208,10,0.2
v2_depth,prespecified depth-onset and saturation study,SU2-CNOT-line|n12|d6|i11|dir=gaussian|basis=Z|eta=0,SU2-CNOT-line|n12|d6|i11,SU2-CNOT-line,12,6,0.5,11,gaussian,Z,0.0,96,96,216,96,1.0,4096,4095,0.8977813307940933,0.387720688012175,0.4329530415466869,0.0134892803018441,0.0237654336320332,74.1329394618103,0.0002741667538909,60.39383456093716,2,78,0.1124018934861301,0.019047619047619,5.9010994080218335,0.0933542744385111,0.019047619047619,0.0004632435770331,201.5230843272741,1.3415328440962786,1.2481785696577674,1.0066964983743367,0.9133422239358256,,,0,3.3306690738754696e-16,1.3183898417423734e-16,1.1102230246251563e-16,8.326672684688674e-17,-0.3343767314621208,10,0.2
v2_depth,prespecified depth-onset and saturation study,SU2-CNOT-line|n12|d48|i7|dir=gaussian|basis=Z|eta=0,SU2-CNOT-line|n12|d48|i7,SU2-CNOT-line,12,48,4.0,7,gaussian,Z,0.0,96,96,1728,96,1.0,4096,4095,0.9883659458496008,0.4868513719671816,0.4925592039595836,0.0014201309725034,0.0118220046082065,704.1604044711161,3.2132419807284647e-06,557.863932357665,1,12,0.0027331695624947,0.0029304029304029,0.9326941132013284,-0.0001972333679081,0.0029304029304029,0.0001285211373015,-1.5346375860755832,0.3721915109000267,0.3719942775321185,0.1186162608136532,0.118419027445745,,,0,1.7763568394002505e-15,4.315131320595997e-16,1.9984014443252818e-15,1.7347234759768068e-17,-0.454650227305444,10,0.2
v2_depth,prespecified depth-onset and saturation study,SU2-CNOT-line|n12|d48|i7|dir=gaussian|basis=Z|eta=0,SU2-CNOT-line|n12|d48|i7,SU2-CNOT-line,12,48,4.0,7,gaussian,Z,0.0,96,96,1728,96,1.0,4096,4095,0.9883659458496008,0.4868513719671816,0.4925592039595836,0.0014201309725034,0.0118220046082065,704.1604044711161,3.2132419807284647e-06,557.863932357665,2,78,0.0184052829262379,0.019047619047619,0.966277353627494,-0.000642336121381,0.019047619047619,0.0003250068124185,-1.9763774076030467,0.9412053075985508,0.9405629714771696,0.2999591634299589,0.2993168273085778,,,0,1.7763568394002505e-15,4.315131320595997e-16,1.9984014443252818e-15,1.7347234759768068e-17,-0.454650227305444,10,0.2
v2_depth,prespecified depth-onset and saturation study,SU2-HaarU4-brickwork|n8|d4|i3|dir=gaussian|basis=Z|eta=0,SU2-HaarU4-brickwork|n8|d4|i3,SU2-HaarU4-brickwork,8,4,0.5,3,gaussian,Z,0.0,96,96,96,96,1.0,256,255,0.8963075122252752,0.3800868437484254,0.4269872141253047,0.0479378548262658,0.0578551688384922,20.86034103161589,0.0030395786941872,18.1381631570842,1,8,0.1427830368088921,0.0313725490196078,4.551209298283436,0.1114104877892842,0.0313725490196078,0.0035783652158622,31.134465340603544,0.646477010849521,0.5350665230602367,0.5840231714744304,0.4726126836851461,,,0,1.887379141862766e-15,1.313153875304369e-15,1.7763568394002505e-15,9.714451465470121e-17,-0.2167621417714507,10,0.2
v2_depth,prespecified depth-onset and saturation study,SU2-HaarU4-brickwork|n8|d4|i3|dir=gaussian|basis=Z|eta=0,SU2-HaarU4-brickwork|n8|d4|i3,SU2-HaarU4-brickwork,8,4,0.5,3,gaussian,Z,0.0,96,96,96,96,1.0,256,255,0.8963075122252752,0.3800868437484254,0.4269872141253047,0.0479378548262658,0.0578551688384922,20.86034103161589,0.0030395786941872,18.1381631570842,2,36,0.3527246759073452,0.1411764705882353,2.498466454343695,0.2115482053191099,0.1411764705882353,0.0071476701287733,29.59680588329199,1.2913171631851972,1.0797689578660874,1.166567615500758,0.9550194101816482,,,0,1.887379141862766e-15,1.313153875304369e-15,1.7763568394002505e-15,9.714451465470121e-17,-0.2167621417714507,10,0.2
v2_depth,prespecified depth-onset and saturation study,SU2-HaarU4-brickwork|n8|d16|i11|dir=gaussian|basis=Z|eta=0,SU2-HaarU4-brickwork|n8|d16|i11,SU2-HaarU4-brickwork,8,16,2.0,11,gaussian,Z,0.0,96,96,384,96,1.0,256,255,0.9246017146950948,0.4429992114471276,0.4795641971549415,0.0156524702934464,0.0259060903945563,63.88767914919424,0.0003598814012926,52.71331134386731,1,8,0.0333605555793459,0.0313725490196078,1.0633677090916522,0.0019880065597381,0.0313725490196078,0.002284617342291,0.8701704757893871,0.4127450668903916,0.4107570603306535,0.3015012222653144,0.2995132157055762,,,0,5.10702591327572e-15,1.5232294604930888e-15,4.996003610813205e-15,5.551115123125783e-17,-0.3100524267839455,10,0.2
v2_depth,prespecified depth-onset and saturation study,SU2-HaarU4-brickwork|n8|d16|i11|dir=gaussian|basis=Z|eta=0,SU2-HaarU4-brickwork|n8|d16|i11,SU2-HaarU4-brickwork,8,16,2.0,11,gaussian,Z,0.0,96,96,384,96,1.0,256,255,0.9246017146950948,0.4429992114471276,0.4795641971549415,0.0156524702934464,0.0259060903945563,63.88767914919424,0.0003598814012926,52.71331134386731,2,36,0.1416873751920649,0.1411764705882353,1.0036189076104598,0.0005109046038296,0.1411764705882353,0.0045634501086655,0.1119557772439425,0.8244450768561771,0.8239341722523474,0.6022390533592226,0.6017281487553929,,,0,5.10702591327572e-15,1.5232294604930888e-15,4.996003610813205e-15,5.551115123125783e-17,-0.3100524267839455,10,0.2
v2_depth,prespecified depth-onset and saturation study,SU2-HaarU4-brickwork|n8|d64|i7|dir=gaussian|basis=Z|eta=0,SU2-HaarU4-brickwork|n8|d64|i7,SU2-HaarU4-brickwork,8,64,8.0,7,gaussian,Z,0.0,96,96,1536,96,1.0,256,255,0.9897088109232928,0.485282482069731,0.490052907652519,0.0065197004397578,0.016868453560177,153.38128020451566,5.420852646679246e-05,135.82077333646745,1,8,0.0292189146148627,0.0313725490196078,0.9313529033487488,-0.0021536344047451,0.0313725490196078,0.0017532247861515,-1.2283846439751245,0.3167422693676721,0.314588634962927,0.1418907127240075,0.1397370783192623,,,0,1.5765166949677223e-14,2.399125075913045e-15,1.5765166949677223e-14,6.245004513516506e-17,-0.3689298173593468,10,0.2
v2_depth,prespecified depth-onset and saturation study,SU2-HaarU4-brickwork|n8|d64|i7|dir=gaussian|basis=Z|eta=0,SU2-HaarU4-brickwork|n8|d64|i7,SU2-HaarU4-brickwork,8,64,8.0,7,gaussian,Z,0.0,96,96,1536,96,1.0,256,255,0.9897088109232928,0.485282482069731,0.490052907652519,0.0065197004397578,0.016868453560177,153.38128020451566,5.420852646679246e-05,135.82077333646745,2,36,0.1359693354084691,0.1411764705882353,0.9631161258099896,-0.0052071351797661,0.1411764705882353,0.0035020104648488,-1.4868988062806836,0.6326825577343064,0.6274754225545403,0.283422162833475,0.2782150276537088,,,0,1.5765166949677223e-14,2.399125075913045e-15,1.5765166949677223e-14,6.245004513516506e-17,-0.3689298173593468,10,0.2
v2_depth,prespecified depth-onset and saturation study,SU2-HaarU4-brickwork|n12|d24|i3|dir=gaussian|basis=Z|eta=0,SU2-HaarU4-brickwork|n12|d24|i3,SU2-HaarU4-brickwork,12,24,2.0,3,gaussian,Z,0.0,96,96,864,96,1.0,4096,4095,0.9711948349647012,0.4734270033693848,0.4874163194244142,0.0054032389851815,0.0157636219124192,185.07417546077613,4.80882137577917e-05,144.20511900323172,1,12,0.0032248681909804,0.0029304029304029,1.1004862701720663,0.0002944652605774,0.0029304029304029,0.000148798729564,1.9789500988355784,0.4309145183372357,0.4306200530766582,0.2484492868672404,0.2481548216066629,,,0,6.8833827526759706e-15,1.599416514755272e-15,6.994405055138486e-15,2.775557561562892e-17,-0.4129857707362733,10,0.2
v2_depth,prespecified depth-onset and saturation study,SU2-HaarU4-brickwork|n12|d24|i3|dir=gaussian|basis=Z|eta=0,SU2-HaarU4-brickwork|n12|d24|i3,SU2-HaarU4-brickwork,12,24,2.0,3,gaussian,Z,0.0,96,96,864,96,1.0,4096,4095,0.9711948349647012,0.4734270033693848,0.4874163194244142,0.0054032389851815,0.0157636219124192,185.07417546077613,4.80882137577917e-05,144.20511900323172,2,78,0.0191370153828254,0.019047619047619,1.0046933075983355,8.939633520639242e-05,0.019047619047619,0.000376285191704,0.237576011964598,1.0897052186910858,1.0896158223558794,0.628283506260123,0.6281941099249165,,,0,6.8833827526759706e-15,1.599416514755272e-15,6.994405055138486e-15,2.775557561562892e-17,-0.4129857707362733,10,0.2
v2_depth,prespecified depth-onset and saturation study,SU2-HaarU4-brickwork|n12|d72|i11|dir=gaussian|basis=Z|eta=0,SU2-HaarU4-brickwork|n12|d72|i11,SU2-HaarU4-brickwork,12,72,6.0,11,gaussian,Z,0.0,96,96,2592,96,1.0,4096,4095,0.9844953177220792,0.4894875828187355,0.4971653323291991,0.0016986524073713,0.0120976247781278,588.7019590708923,4.801697081046213e-06,456.354797646564,1,12,0.0027501534758125,0.0029304029304029,0.9384898736210168,-0.0001802494545904,0.0029304029304029,0.000130041920947,-1.3860872961400916,0.3765956328573892,0.3764153834027987,0.1319177030859778,0.1317374536313874,,,0,1.8429702208777602e-14,2.3193299729825992e-15,1.8429702208777602e-14,1.9949319973733282e-17,-0.4304408481323478,10,0.2
v2_depth,prespecified depth-onset and saturation study,SU2-HaarU4-brickwork|n12|d72|i11|dir=gaussian|basis=Z|eta=0,SU2-HaarU4-brickwork|n12|d72|i11,SU2-HaarU4-brickwork,12,72,6.0,11,gaussian,Z,0.0,96,96,2592,96,1.0,4096,4095,0.9844953177220792,0.4894875828187355,0.4971653323291991,0.0016986524073713,0.0120976247781278,588.7019590708923,4.801697081046213e-06,456.354797646564,2,78,0.0179128607240385,0.019047619047619,0.9404251880120262,-0.0011347583235804,0.019047619047619,0.0003288526003984,-3.450659420680786,0.952342538943664,0.9512077806200836,0.3335961156408071,0.3324613573172266,,,0,1.8429702208777602e-14,2.3193299729825992e-15,1.8429702208777602e-14,1.9949319973733282e-17,-0.4304408481323478,10,0.2
v2_depth,prespecified depth-onset and saturation study,U1-RZ-XY-line|n8|d8|i3|dir=gaussian|basis=Z|eta=0,U1-RZ-XY-line|n8|d8|i3,U1-RZ-XY-line,8,8,1.0,3,gaussian,Z,0.0,96,96,92,96,1.0,70,69,0.6730387684237722,0.2725562722778696,0.4248442243265056,0.1052472268294923,0.1145675682166851,9.501437996272037,0.0143932509662239,8.33528686547181,1,7,0.6200947268492812,0.1014492753623188,6.112362307514343,0.5186454514869624,0.1014492753623188,0.0161478268382364,32.11859135489739,0.793382682062557,0.2747372305755946,0.755534568134012,0.2368891166470496,,,0,0.0,1.0772060116306952e-16,0.0,6.938893903907227e-17,-0.1005914669759673,10,0.2
v2_depth,prespecified depth-onset and saturation study,U1-RZ-XY-line|n8|d8|i3|dir=gaussian|basis=Z|eta=0,U1-RZ-XY-line|n8|d8|i3,U1-RZ-XY-line,8,8,1.0,3,gaussian,Z,0.0,96,96,92,96,1.0,70,69,0.6730387684237722,0.2725562722778696,0.4248442243265056,0.1052472268294923,0.1145675682166851,9.501437996272037,0.0143932509662239,8.33528686547181,2,27,0.8770819282500923,0.391304347826087,2.2414315944169028,0.4857775804240054,0.391304347826087,0.0261021178472177,18.610657697102734,1.2824616261119246,0.7966840456879192,1.2212821287124034,0.735504548288398,,,0,0.0,1.0772060116306952e-16,0.0,6.938893903907227e-17,-0.1005914669759673,10,0.2
v2_depth,prespecified depth-onset and saturation study,U1-RZ-XY-line|n8|d32|i3|dir=gaussian|basis=Z|eta=0,U1-RZ-XY-line|n8|d32|i3,U1-RZ-XY-line,8,32,4.0,3,gaussian,Z,0.0,96,96,368,96,1.0,70,69,0.7240716655199675,0.3487577546934069,0.4858135842282754,0.0637819163961238,0.0735341881003309,15.67842511644525,0.0050081382217415,14.13064047078415,1,7,0.4263665867107089,0.1014492753623188,4.2027563547198445,0.3249173113483901,0.1014492753623188,0.0124030969041372,26.19646640348423,0.6093948359902568,0.2844775246418667,0.5567959145726921,0.2318786032243019,,,0,8.881784197001252e-16,3.989863994746656e-16,8.881784197001252e-16,5.551115123125783e-17,-0.1200836645054715,10,0.2
v2_depth,prespecified depth-onset and saturation study,U1-RZ-XY-line|n8|d32|i3|dir=gaussian|basis=Z|eta=0,U1-RZ-XY-line|n8|d32|i3,U1-RZ-XY-line,8,32,4.0,3,gaussian,Z,0.0,96,96,368,96,1.0,70,69,0.7240716655199675,0.3487577546934069,0.4858135842282754,0.0637819163961238,0.0735341881003309,15.67842511644525,0.0050081382217415,14.13064047078415,2,27,0.7567879668771149,0.391304347826087,1.9340136931304048,0.3654836190510279,0.391304347826087,0.0200489576898143,18.229557102447703,0.9850548921442832,0.6195712730932554,0.9000314856369244,0.5345478665858965,,,0,8.881784197001252e-16,3.989863994746656e-16,8.881784197001252e-16,5.551115123125783e-17,-0.1200836645054715,10,0.2
v2_depth,prespecified depth-onset and saturation study,U1-RZ-XY-line|n8|d64|i3|dir=gaussian|basis=Z|eta=0,U1-RZ-XY-line|n8|d64|i3,U1-RZ-XY-line,8,64,8.0,3,gaussian,Z,0.0,96,96,736,96,1.0,70,69,0.7450809503964164,0.3755681635010973,0.5051219883516772,0.0554540967370199,0.065293116562676,18.032932801021012,0.0036902204947934,16.46166812059752,1,7,0.4204564723769608,0.1014492753623188,4.144499513430042,0.319007197014642,0.1014492753623188,0.0115049594960869,27.727798357146906,0.5652671231532368,0.2462599261385948,0.5075834037470712,0.1885762067324292,,,0,1.5543122344752194e-15,8.361529108150987e-16,1.6653345369377348e-15,9.714451465470121e-17,-0.113622338829928,10,0.2
v2_depth,prespecified depth-onset and saturation study,U1-RZ-XY-line|n8|d64|i3|dir=gaussian|basis=Z|eta=0,U1-RZ-XY-line|n8|d64|i3,U1-RZ-XY-line,8,64,8.0,3,gaussian,Z,0.0,96,96,736,96,1.0,70,69,0.7450809503964164,0.3755681635010973,0.5051219883516772,0.0554540967370199,0.065293116562676,18.032932801021012,0.0036902204947934,16.46166812059752,2,27,0.7343203339896656,0.391304347826087,1.8765964090847007,0.3430159861635786,0.391304347826087,0.0185971655259046,18.44453046813936,0.9137247514176894,0.5707087652541107,0.8204820348039404,0.4774660486403618,,,0,1.5543122344752194e-15,8.361529108150987e-16,1.6653345369377348e-15,9.714451465470121e-17,-0.113622338829928,10,0.2
v2_depth,prespecified depth-onset and saturation study,U1-RZ-XY-line|n12|d12|i3|dir=gaussian|basis=Z|eta=0,U1-RZ-XY-line|n12|d12|i3,U1-RZ-XY-line,12,12,1.0,3,gaussian,Z,0.0,96,96,210,96,1.0,924,923,0.6536310897104487,0.2709407251237647,0.4208441622466716,0.0483395659939214,0.058252695514818,20.68698755230338,0.0032135865505456,17.64026071176141,1,11,0.4719555654240677,0.0119176598049837,39.6013624442195,0.4600379056190839,0.0119176598049837,0.0012071268575618,381.10154101636846,0.7882686265396361,0.3282307209205522,0.7166746522756208,0.2566367466565368,,,0,1.9984014443252818e-15,1.2421395359206726e-15,1.887379141862766e-15,8.326672684688674e-17,-0.1667025517548341,10,0.2
v2_depth,prespecified depth-onset and saturation study,U1-RZ-XY-line|n12|d12|i3|dir=gaussian|basis=Z|eta=0,U1-RZ-XY-line|n12|d12|i3,U1-RZ-XY-line,12,12,1.0,3,gaussian,Z,0.0,96,96,210,96,1.0,924,923,0.6536310897104487,0.2709407251237647,0.4208441622466716,0.0483395659939214,0.058252695514818,20.68698755230338,0.0032135865505456,17.64026071176141,2,65,0.7222554981302269,0.0704225352112676,10.256028073449222,0.6518329629189593,0.0704225352112676,0.002846161064601,229.02181152925488,1.8585780435993693,1.20674508068041,1.6897739276658952,1.037940964746936,,,0,1.9984014443252818e-15,1.2421395359206726e-15,1.887379141862766e-15,8.326672684688674e-17,-0.1667025517548341,10,0.2
v2_depth,prespecified depth-onset and saturation study,U1-RZ-XY-line|n12|d48|i3|dir=gaussian|basis=Z|eta=0,U1-RZ-XY-line|n12|d48|i3,U1-RZ-XY-line,12,48,4.0,3,gaussian,Z,0.0,96,96,840,96,1.0,924,923,0.7381632747195952,0.3390336823375489,0.4598883151652651,0.0258825324343243,0.0360295893881334,38.63609569648764,0.0008265516327701,34.78283735006831,1,11,0.2948866313957782,0.0119176598049837,24.743669161663934,0.2829689715907945,0.0119176598049837,0.0009437812576008,299.8247414979583,0.6163007235092786,0.3333317519184841,0.5191716250017234,0.2362026534109289,,,0,3.3306690738754696e-16,1.668583973270389e-16,3.3306690738754696e-16,4.510281037539698e-17,-0.1955309623297719,10,0.2
v2_depth,prespecified depth-onset and saturation study,U1-RZ-XY-line|n12|d48|i3|dir=gaussian|basis=Z|eta=0,U1-RZ-XY-line|n12|d48|i3,U1-RZ-XY-line,12,48,4.0,3,gaussian,Z,0.0,96,96,840,96,1.0,924,923,0.7381632747195952,0.3390336823375489,0.4598883151652651,0.0258825324343243,0.0360295893881334,38.63609569648764,0.0008265516327701,34.78283735006831,2,65,0.5345385576617612,0.0704225352112676,7.590447518797008,0.4641160224504935,0.0704225352112676,0.0022252453849872,208.56846870987053,1.4531124979526953,0.9889964755022016,1.2241017219267574,0.7599856994762638,,,0,3.3306690738754696e-16,1.668583973270389e-16,3.3306690738754696e-16,4.510281037539698e-17,-0.1955309623297719,10,0.2
v2_depth,prespecified depth-onset and saturation study,U1-RZ-XY-line|n12|d96|i3|dir=gaussian|basis=Z|eta=0,U1-RZ-XY-line|n12|d96|i3,U1-RZ-XY-line,12,96,8.0,3,gaussian,Z,0.0,96,96,1680,96,1.0,924,923,0.7876659759530057,0.3836910819148578,0.4894465226396192,0.0249847578101391,0.0351411665829501,40.02440238160675,0.0007550767964577,36.391875470248905,1,11,0.2821597490754244,0.0119176598049837,23.675768036056063,0.2702420892704406,0.0119176598049837,0.0009317073336592,290.05040478652774,0.6084163032573592,0.3381742139869185,0.5096875007678443,0.2394454114974036,,,0,1.9984014443252818e-15,7.095151558560008e-16,1.9984014443252818e-15,5.551115123125783e-17,-0.204169195775462,10,0.2
v2_depth,prespecified depth-onset and saturation study,U1-RZ-XY-line|n12|d96|i3|dir=gaussian|basis=Z|eta=0,U1-RZ-XY-line|n12|d96|i3,U1-RZ-XY-line,12,96,8.0,3,gaussian,Z,0.0,96,96,1680,96,1.0,924,923,0.7876659759530057,0.3836910819148578,0.4894465226396192,0.0249847578101391,0.0351411665829501,40.02440238160675,0.0007550767964577,36.391875470248905,2,65,0.5311400976799385,0.0704225352112676,7.542189387055127,0.4607175624686709,0.0704225352112676,0.002196777513525,209.7242709523972,1.43452262912707,0.9738050666583992,1.201740074551248,0.741022512082577,,,0,1.9984014443252818e-15,7.095151558560008e-16,1.9984014443252818e-15,5.551115123125783e-17,-0.204169195775462,10,0.2
v2_depth,prespecified depth-onset and saturation study,RY-RZ-CZ-line|n8|d16|i6|dir=gaussian|basis=Z|eta=0,RY-RZ-CZ-line|n8|d16|i6,RY-RZ-CZ-line,8,16,2.0,6,gaussian,Z,0.0,96,96,256,96,1.0,256,255,0.909274609157371,0.4307871857224162,0.4748303039878219,0.0191104991338339,0.0293280981011898,52.327257022270224,0.0005220864952161,43.76518516555011,1,8,0.0615365487247206,0.0313725490196078,1.9614774906004695,0.0301639997051127,0.0313725490196078,0.0024559958580723,12.281779550226243,0.4437067669748195,0.4135427672697067,0.3430733453886037,0.3129093456834909,,,0,3.3306690738754696e-16,2.4038598439897105e-16,4.440892098500626e-16,4.510281037539698e-17,-0.291859199878499,10,0.2
v2_depth,prespecified depth-onset and saturation study,RY-RZ-CZ-line|n8|d16|i6|dir=gaussian|basis=Z|eta=0,RY-RZ-CZ-line|n8|d16|i6,RY-RZ-CZ-line,8,16,2.0,6,gaussian,Z,0.0,96,96,256,96,1.0,256,255,0.909274609157371,0.4307871857224162,0.4748303039878219,0.0191104991338339,0.0293280981011898,52.327257022270224,0.0005220864952161,43.76518516555011,2,36,0.2009119879135887,0.1411764705882353,1.4231265810545872,0.0597355173253534,0.1411764705882353,0.0049057732154666,12.17657537389268,0.8862900830194678,0.8265545656941142,0.6852780403583246,0.6255425230329712,,,0,3.3306690738754696e-16,2.4038598439897105e-16,4.440892098500626e-16,4.510281037539698e-17,-0.291859199878499,10,0.2
v2_depth,prespecified depth-onset and saturation study,RY-RZ-CZ-line|n8|d64|i2|dir=gaussian|basis=Z|eta=0,RY-RZ-CZ-line|n8|d64|i2,RY-RZ-CZ-line,8,64,8.0,2,gaussian,Z,0.0,96,96,1024,96,1.0,256,255,0.9803734386770268,0.4722956991906095,0.481328825622673,0.0075350428057059,0.0178732194431464,132.71324739426174,8.127451691730796e-05,110.9233051380876,1,8,0.027008380599972,0.0313725490196078,0.8608921316241076,-0.0043641684196358,0.0313725490196078,0.0018199847829607,-2.3979147850544877,0.3288033085791641,0.3244391401595283,0.167334641541231,0.1629704731215952,,,0,1.7763568394002505e-15,3.7219926298026276e-16,1.5543122344752194e-15,5.2041704279304207e-17,-0.3931376886473858,10,0.2
v2_depth,prespecified depth-onset and saturation study,RY-RZ-CZ-line|n8|d64|i2|dir=gaussian|basis=Z|eta=0,RY-RZ-CZ-line|n8|d64|i2,RY-RZ-CZ-line,8,64,8.0,2,gaussian,Z,0.0,96,96,1024,96,1.0,256,255,0.9803734386770268,0.4722956991906095,0.481328825622673,0.0075350428057059,0.0178732194431464,132.71324739426174,8.127451691730796e-05,110.9233051380876,2,36,0.133355162005664,0.1411764705882353,0.9445990642067872,-0.0078213085825712,0.1411764705882353,0.0036353614243526,-2.151452818467426,0.6567740980029743,0.648952789420403,0.3342455972775979,0.3264242886950267,,,0,1.7763568394002505e-15,3.7219926298026276e-16,1.5543122344752194e-15,5.2041704279304207e-17,-0.3931376886473858,10,0.2
v2_depth,prespecified depth-onset and saturation study,RY-RZ-CZ-line|n12|d12|i10|dir=gaussian|basis=Z|eta=0,RY-RZ-CZ-line|n12|d12|i10,RY-RZ-CZ-line,12,12,1.0,10,gaussian,Z,0.0,96,96,288,96,1.0,4096,4095,0.9264547742569536,0.4050917165505807,0.4394139223197748,0.0135264833513993,0.0238022491498223,73.92904526781868,0.000288724462679,58.85159113616837,1,12,0.0653927501607903,0.0029304029304029,22.315275992369703,0.0624623472303874,0.0029304029304029,0.0001833289774715,340.7118072214895,0.5309125841048538,0.4684502368744663,0.3986481255321693,0.3361857783017819,,,0,0.0,1.736110700089722e-16,1.1102230246251563e-16,8.326672684688674e-17,-0.3714681468051796,10,0.2
v2_depth,prespecified depth-onset and saturation study,RY-RZ-CZ-line|n12|d12|i10|dir=gaussian|basis=Z|eta=0,RY-RZ-CZ-line|n12|d12|i10,RY-RZ-CZ-line,12,12,1.0,10,gaussian,Z,0.0,96,96,288,96,1.0,4096,4095,0.9264547742569536,0.4050917165505807,0.4394139223197748,0.0135264833513993,0.0238022491498223,73.92904526781868,0.000288724462679,58.85159113616837,2,78,0.1877630479364465,0.019047619047619,9.85756001666344,0.1687154288888274,0.019047619047619,0.0004636059705272,363.9198794117266,1.342582319575184,1.1738668906863563,1.0081093217514978,0.8393938928626703,,,0,0.0,1.736110700089722e-16,1.1102230246251563e-16,8.326672684688674e-17,-0.3714681468051796,10,0.2
v2_depth,prespecified depth-onset and saturation study,RY-RZ-CZ-line|n12|d72|i6|dir=gaussian|basis=Z|eta=0,RY-RZ-CZ-line|n12|d72|i6,RY-RZ-CZ-line,12,72,6.0,6,gaussian,Z,0.0,96,96,1728,96,1.0,4096,4095,0.9896978375647322,0.4844401158543487,0.4894966619262837,0.0023857335543232,0.012777548829799,419.1582912466736,9.455657908313508e-06,325.20268613324674,1,12,0.002684445289217,0.0029304029304029,0.9160669549453022,-0.0002459576411859,0.0029304029304029,0.0001337195837381,-1.8393539249084083,0.3872459811155049,0.387000023474319,0.1600721495314721,0.1598261918902861,,,0,3.3306690738754696e-16,1.4746169936070564e-16,2.220446049250313e-16,1.9949319973733282e-17,-0.442925122059511,10,0.2
v2_depth,prespecified depth-onset and saturation study,RY-RZ-CZ-line|n12|d72|i6|dir=gaussian|basis=Z|eta=0,RY-RZ-CZ-line|n12|d72|i6,RY-RZ-CZ-line,12,72,6.0,6,gaussian,Z,0.0,96,96,1728,96,1.0,4096,4095,0.9896978375647322,0.4844401158543487,0.4894966619262837,0.0023857335543232,0.012777548829799,419.1582912466736,9.455657908313508e-06,325.20268613324674,2,78,0.0181102357021838,0.019047619047619,0.9507873743646524,-0.0009373833454351,0.019047619047619,0.0003381527473313,-2.772070766341459,0.979275351796035,0.9783379684505998,0.4047936407077242,0.403856257362289,,,0,3.3306690738754696e-16,1.4746169936070564e-16,2.220446049250313e-16,1.9949319973733282e-17,-0.442925122059511,10,0.2
v2_depth,prespecified depth-onset and saturation study,SU2-CNOT-line|n8|d8|i2|dir=gaussian|basis=Z|eta=0,SU2-CNOT-line|n8|d8|i2,SU2-CNOT-line,8,8,1.0,2,gaussian,Z,0.0,96,96,192,96,1.0,256,255,0.944224671825196,0.4284473635140906,0.4533155224455296,0.0185731007141273,0.0287962975816885,53.841306058248286,0.0004760063430795,45.83461946100213,1,8,0.0442120107344704,0.0313725490196078,1.4092578421612447,0.0128394617148625,0.0313725490196078,0.0024301559049875,5.283390126745181,0.4390384520815575,0.4261989903666949,0.3369495651052216,0.324110103390359,,,0,1.7763568394002505e-15,6.037460768941918e-16,1.7763568394002505e-15,4.510281037539698e-17,-0.3130453663821723,10,0.2
v2_depth,prespecified depth-onset and saturation study,SU2-CNOT-line|n8|d8|i2|dir=gaussian|basis=Z|eta=0,SU2-CNOT-line|n8|d8|i2,SU2-CNOT-line,8,8,1.0,2,gaussian,Z,0.0,96,96,192,96,1.0,256,255,0.944224671825196,0.4284473635140906,0.4533155224455296,0.0185731007141273,0.0287962975816885,53.841306058248286,0.0004760063430795,45.83461946100213,2,36,0.1512808252622318,0.1411764705882353,1.0715725122741424,0.0101043546739965,0.1411764705882353,0.0048541587352078,2.0815871967079307,0.8769652732526042,0.8668609185786076,0.6730459850016848,0.6629416303276883,,,0,1.7763568394002505e-15,6.037460768941918e-16,1.7763568394002505e-15,4.510281037539698e-17,-0.3130453663821723,10,0.2
v2_depth,prespecified depth-onset and saturation study,SU2-CNOT-line|n8|d32|i10|dir=gaussian|basis=Z|eta=0,SU2-CNOT-line|n8|d32|i10,SU2-CNOT-line,8,32,4.0,10,gaussian,Z,0.0,96,96,768,96,1.0,256,255,0.9934223655734972,0.4887702718610363,0.4926724606239315,0.0067468622203768,0.0170932490722479,148.21704776774556,6.190058358021119e-05,127.10207137429664,1,8,0.032788624067024,0.0313725490196078,1.045137392136391,0.0014160750474161,0.0313725490196078,0.0017683798216712,0.8007753934208035,0.319480218534694,0.3180641434872778,0.1479636963903527,0.1465476213429366,,,0,2.997602166487923e-15,4.198174174992468e-16,3.1086244689504387e-15,6.245004513516506e-17,-0.3909608019063139,10,0.2
v2_depth,prespecified depth-onset and saturation study,SU2-CNOT-line|n8|d32|i10|dir=gaussian|basis=Z|eta=0,SU2-CNOT-line|n8|d32|i10,SU2-CNOT-line,8,32,4.0,10,gaussian,Z,0.0,96,96,768,96,1.0,256,255,0.9934223655734972,0.4887702718610363,0.4926724606239315,0.0067468622203768,0.0170932490722479,148.21704776774556,6.190058358021119e-05,127.10207137429664,2,36,0.1347544468115422,0.1411764705882353,0.9545106649150912,-0.006422023776693,0.1411764705882353,0.0035322821638369,-1.8180947837182388,0.638151523671174,0.631729499894481,0.2955527535714037,0.2891307297947106,,,0,2.997602166487923e-15,4.198174174992468e-16,3.1086244689504387e-15,6.245004513516506e-17,-0.3909608019063139,10,0.2
v2_depth,prespecified depth-onset and saturation study,SU2-CNOT-line|n12|d6|i6|dir=gaussian|basis=Z|eta=0,SU2-CNOT-line|n12|d6|i6,SU2-CNOT-line,12,6,0.5,6,gaussian,Z,0.0,96,96,216,96,1.0,4096,4095,0.9068347183863864,0.3981299730535882,0.440187718510803,0.0140956825138836,0.024365519154364,70.94370911199526,0.0002780288724468,59.97290014685508,1,12,0.0265866827618204,0.0029304029304029,9.07270549247122,0.0236562798314174,0.0029304029304029,0.0001855077175181,127.5218095931992,0.5372221186050805,0.513565838773663,0.4071003588126629,0.3834440789812454,,,0,2.220446049250313e-16,1.526655219511716e-16,2.220446049250313e-16,5.898059818321144e-17,-0.3488190969616865,10,0.2
v2_depth,prespecified depth-onset and saturation study,SU2-CNOT-line|n12|d6|i6|dir=gaussian|basis=Z|eta=0,SU2-CNOT-line|n12|d6|i6,SU2-CNOT-line,12,6,0.5,6,gaussian,Z,0.0,96,96,216,96,1.0,4096,4095,0.9068347183863864,0.3981299730535882,0.440187718510803,0.0140956825138836,0.024365519154364,70.94370911199526,0.0002780288724468,59.97290014685508,2,78,0.1276492451125272,0.019047619047619,6.701585368407677,0.1086016260649081,0.019047619047619,0.0004691156117622,231.50290321174987,1.358537996118502,1.249936370053594,1.0294834976574023,0.9208818715924943,,,0,2.220446049250313e-16,1.526655219511716e-16,2.220446049250313e-16,5.898059818321144e-17,-0.3488190969616865,10,0.2
v2_depth,prespecified depth-onset and saturation study,SU2-CNOT-line|n12|d48|i2|dir=gaussian|basis=Z|eta=0,SU2-CNOT-line|n12|d48|i2,SU2-CNOT-line,12,48,4.0,2,gaussian,Z,0.0,96,96,1728,96,1.0,4096,4095,0.989353284447973,0.488638741322613,0.4939274485216852,0.0014405257616569,0.0118421869516396,694.1909868031729,3.0846193816234717e-06,569.3760673791393,1,12,0.0030014866104972,0.0029304029304029,1.0242573058321904,7.108368009433111e-05,0.0029304029304029,0.0001286331070773,0.5526079693587849,0.3725157704023574,0.372444686722263,0.1196404514361889,0.1195693677560946,,,0,2.220446049250313e-15,3.347747353899643e-16,2.664535259100376e-15,1.908195823574488e-17,-0.4501258331020052,10,0.2
v2_depth,prespecified depth-onset and saturation study,SU2-CNOT-line|n12|d48|i2|dir=gaussian|basis=Z|eta=0,SU2-CNOT-line|n12|d48|i2,SU2-CNOT-line,12,48,4.0,2,gaussian,Z,0.0,96,96,1728,96,1.0,4096,4095,0.989353284447973,0.488638741322613,0.4939274485216852,0.0014405257616569,0.0118421869516396,694.1909868031729,3.0846193816234717e-06,569.3760673791393,2,78,0.0189394931963963,0.019047619047619,0.9943233928108056,-0.0001081258512227,0.019047619047619,0.0003252899638181,-0.3323983622291687,0.942025301487973,0.9419171756367504,0.3025491570802499,0.3024410312290271,,,0,2.220446049250313e-15,3.347747353899643e-16,2.664535259100376e-15,1.908195823574488e-17,-0.4501258331020052,10,0.2
v2_depth,prespecified depth-onset and saturation study,SU2-CNOT-line|n12|d96|i10|dir=gaussian|basis=Z|eta=0,SU2-CNOT-line|n12|d96|i10,SU2-CNOT-line,12,96,8.0,10,gaussian,Z,0.0,96,96,3456,96,1.0,4096,4095,0.9919138210618006,0.4921858173542441,0.4961732084516052,0.0008284232958181,0.0112364605531533,1207.1123603693943,1.0109126417919584e-06,994.5879339943298,1,12,0.0030666210637616,0.0029304029304029,1.0464844380086786,0.0001362181333587,0.0029304029304029,0.0001252290133342,1.0877521888255013,0.3626576659683121,0.3625214478349533,0.0836070123381097,0.0834707942047509,,,0,6.661338147750939e-16,4.517780817193054e-17,6.661338147750939e-16,2.255140518769849e-17,-0.4638402639585906,10,0.2
v2_depth,prespecified depth-onset and saturation study,SU2-CNOT-line|n12|d96|i10|dir=gaussian|basis=Z|eta=0,SU2-CNOT-line|n12|d96|i10,SU2-CNOT-line,12,96,8.0,10,gaussian,Z,0.0,96,96,3456,96,1.0,4096,4095,0.9919138210618006,0.4921858173542441,0.4961732084516052,0.0008284232958181,0.0112364605531533,1207.1123603693943,1.0109126417919584e-06,994.5879339943298,2,78,0.0192118732528114,0.019047619047619,1.0086233457725997,0.0001642542051923,0.019047619047619,0.0003166816237438,0.5186729916643934,0.9170959306010684,0.916931676395876,0.2114270784274374,0.2112628242222451,,,0,6.661338147750939e-16,4.517780817193054e-17,6.661338147750939e-16,2.255140518769849e-17,-0.4638402639585906,10,0.2
v2_depth,prespecified depth-onset and saturation study,SU2-HaarU4-brickwork|n8|d16|i6|dir=gaussian|basis=Z|eta=0,SU2-HaarU4-brickwork|n8|d16|i6,SU2-HaarU4-brickwork,8,16,2.0,6,gaussian,Z,0.0,96,96,384,96,1.0,256,255,0.9376205165629168,0.4407961997948382,0.4708546540914682,0.0156197536324824,0.025873714532144,64.02149633912441,0.0003541206878116,53.14034265440406,1,8,0.0271889470253472,0.0313725490196078,0.8666476864329431,-0.0041836019942606,0.0313725490196078,0.0022829344831056,-1.832554558713956,0.4124410370582688,0.4082574350640082,0.3010804958481459,0.2968968938538853,,,0,4.440892098500626e-16,2.290886094605146e-16,4.440892098500626e-16,4.8572257327350605e-17,-0.3278369647174544,10,0.2
v2_depth,prespecified depth-onset and saturation study,SU2-HaarU4-brickwork|n8|d16|i6|dir=gaussian|basis=Z|eta=0,SU2-HaarU4-brickwork|n8|d16|i6,SU2-HaarU4-brickwork,8,16,2.0,6,gaussian,Z,0.0,96,96,384,96,1.0,256,255,0.9376205165629168,0.4407961997948382,0.4708546540914682,0.0156197536324824,0.025873714532144,64.02149633912441,0.0003541206878116,53.14034265440406,2,36,0.1333702205608324,0.1411764705882353,0.9447057289725632,-0.0078062500274028,0.1411764705882353,0.0045600886512388,-1.7118636553879554,0.8238377869854597,0.8160315369580569,0.6013986657903263,0.5935924157629235,,,0,4.440892098500626e-16,2.290886094605146e-16,4.440892098500626e-16,4.8572257327350605e-17,-0.3278369647174544,10,0.2
v2_depth,prespecified depth-onset and saturation study,SU2-HaarU4-brickwork|n8|d64|i2|dir=gaussian|basis=Z|eta=0,SU2-HaarU4-brickwork|n8|d64|i2,SU2-HaarU4-brickwork,8,64,8.0,2,gaussian,Z,0.0,96,96,1536,96,1.0,256,255,0.983526622236111,0.4845567458004522,0.4930477709940031,0.0064705151389258,0.0168197806062286,154.54720042058543,5.530738941018105e-05,134.46474115846075,1,8,0.0293194600778501,0.0313725490196078,0.9345577899814722,-0.0020530889417577,0.0313725490196078,0.0017499261168846,-1.1732432140693718,0.3161463229735015,0.3140932340317438,0.1405412270359194,0.1384881380941617,,,0,1.3322676295501878e-14,2.6784152939583824e-15,1.3544720900426911e-14,4.8572257327350605e-17,-0.3709504791915293,10,0.2
v2_depth,prespecified depth-onset and saturation study,SU2-HaarU4-brickwork|n8|d64|i2|dir=gaussian|basis=Z|eta=0,SU2-HaarU4-brickwork|n8|d64|i2,SU2-HaarU4-brickwork,8,64,8.0,2,gaussian,Z,0.0,96,96,1536,96,1.0,256,255,0.983526622236111,0.4845567458004522,0.4930477709940031,0.0064705151389258,0.0168197806062286,154.54720042058543,5.530738941018105e-05,134.46474115846075,2,36,0.1397031830578958,0.1411764705882353,0.9895642133267624,-0.0014732875303394,0.1411764705882353,0.0034954214784371,-0.4214906669847936,0.6314921738626208,0.6300188863322813,0.2807266083106452,0.2792533207803058,,,0,1.3322676295501878e-14,2.6784152939583824e-15,1.3544720900426911e-14,4.8572257327350605e-17,-0.3709504791915293,10,0.2
v2_depth,prespecified depth-onset and saturation study,SU2-HaarU4-brickwork|n12|d12|i10|dir=gaussian|basis=Z|eta=0,SU2-HaarU4-brickwork|n12|d12|i10,SU2-HaarU4-brickwork,12,12,1.0,10,gaussian,Z,0.0,96,96,432,96,1.0,4096,4095,0.9321571879042808,0.4407560911375076,0.4730525051145608,0.0101207603517347,0.0204320024314041,98.8068055409096,0.0001602269552738,79.00093111583398,1,12,0.0173251573115941,0.0029304029304029,5.912209932581517,0.0143947543811912,0.0029304029304029,0.0001697094308282,84.8200027007049,0.4914709813510798,0.4770762269698885,0.3437606924624114,0.3293659380812201,,,0,4.6629367034256575e-15,2.2308570879637586e-15,4.440892098500626e-15,5.551115123125783e-17,-0.3649797414577584,10,0.2
v2_depth,prespecified depth-onset and saturation study,SU2-HaarU4-brickwork|n12|d12|i10|dir=gaussian|basis=Z|eta=0,SU2-HaarU4-brickwork|n12|d12|i10,SU2-HaarU4-brickwork,12,12,1.0,10,gaussian,Z,0.0,96,96,432,96,1.0,4096,4095,0.9321571879042808,0.4407560911375076,0.4730525051145608,0.0101207603517347,0.0204320024314041,98.8068055409096,0.0001602269552738,79.00093111583398,2,78,0.0511118398736847,0.019047619047619,2.683371593368447,0.0320642208260656,0.019047619047619,0.0004291645896459,74.71310914191818,1.2428416087720917,1.2107773879460255,0.8693088875320492,0.8372446667059835,,,0,4.6629367034256575e-15,2.2308570879637586e-15,4.440892098500626e-15,5.551115123125783e-17,-0.3649797414577584,10,0.2
v2_depth,prespecified depth-onset and saturation study,SU2-HaarU4-brickwork|n12|d72|i6|dir=gaussian|basis=Z|eta=0,SU2-HaarU4-brickwork|n12|d72|i6,SU2-HaarU4-brickwork,12,72,6.0,6,gaussian,Z,0.0,96,96,2592,96,1.0,4096,4095,0.9810089013348304,0.4877790348618616,0.4972315439116778,0.0015512623980786,0.0119517700814319,644.6362660750225,3.56036668745162e-06,529.971646611525,1,12,0.0029113449952497,0.0029304029304029,0.9934964796289864,-1.905793515315354e-05,0.0029304029304029,0.000129239370853,-0.1474623021402563,0.3742714833957749,0.3742524254606217,0.1250551207322172,0.125036062797064,,,0,1.8429702208777602e-14,3.144623599567852e-15,1.8429702208777602e-14,1.908195823574488e-17,-0.4406048357401383,10,0.2
v2_depth,prespecified depth-onset and saturation study,SU2-HaarU4-brickwork|n12|d72|i6|dir=gaussian|basis=Z|eta=0,SU2-HaarU4-brickwork|n12|d72|i6,SU2-HaarU4-brickwork,12,72,6.0,6,gaussian,Z,0.0,96,96,2592,96,1.0,4096,4095,0.9810089013348304,0.4877790348618616,0.4972315439116778,0.0015512623980786,0.0119517700814319,644.6362660750225,3.56036668745162e-06,529.971646611525,2,78,0.0181070400022553,0.019047619047619,0.9506196001184072,-0.0009405790453636,0.019047619047619,0.0003268230957322,-2.8779454623800302,0.946465183483208,0.9455246044378444,0.3162418806676011,0.3153013016222375,,,0,1.8429702208777602e-14,3.144623599567852e-15,1.8429702208777602e-14,1.908195823574488e-17,-0.4406048357401383,10,0.2
v2_depth,prespecified depth-onset and saturation study,U1-RZ-XY-line|n8|d4|i14|dir=gaussian|basis=Z|eta=0,U1-RZ-XY-line|n8|d4|i14,U1-RZ-XY-line,8,4,0.5,14,gaussian,Z,0.0,96,96,46,96,1.0,70,69,0.6180987650928046,0.2199315024270672,0.37154972879396,0.1340978688612896,0.1431176827273178,7.457240062736542,0.0237946180282242,6.482770261976556,1,7,0.7028409455400862,0.1014492753623188,6.928003606037993,0.6013916701777674,0.1014492753623188,0.0183068768772479,32.850588017292296,0.8994621519390913,0.2980704817613239,0.8673516246442295,0.2659599544664621,,,0,2.220446049250313e-16,1.816082330116986e-16,4.440892098500626e-16,8.326672684688674e-17,-0.0257726112845393,10,0.2
v2_depth,prespecified depth-onset and saturation study,U1-RZ-XY-line|n8|d4|i14|dir=gaussian|basis=Z|eta=0,U1-RZ-XY-line|n8|d4|i14,U1-RZ-XY-line,8,4,0.5,14,gaussian,Z,0.0,96,96,46,96,1.0,70,69,0.6180987650928046,0.2199315024270672,0.37154972879396,0.1340978688612896,0.1431176827273178,7.457240062736542,0.0237946180282242,6.482770261976556,2,27,0.9511196681534224,0.391304347826087,2.4306391519476347,0.5598153203273353,0.391304347826087,0.0295921093563459,18.91772274784747,1.4539335431460605,0.8941182228187252,1.4020285545687667,0.8422132342414315,,,0,2.220446049250313e-16,1.816082330116986e-16,4.440892098500626e-16,8.326672684688674e-17,-0.0257726112845393,10,0.2
v2_depth,prespecified depth-onset and saturation study,U1-RZ-XY-line|n8|d16|i14|dir=gaussian|basis=Z|eta=0,U1-RZ-XY-line|n8|d16|i14,U1-RZ-XY-line,8,16,2.0,14,gaussian,Z,0.0,96,96,184,96,1.0,70,69,0.6754370187501836,0.2753307087665557,0.4252190658649444,0.0901893229166523,0.0996665174696038,11.087786975894492,0.0112694622612487,9.419945783662431,1,7,0.515780347681242,0.1014492753623188,5.084120570000814,0.4143310723189232,0.1014492753623188,0.0148971985513038,27.812683766818598,0.7319362202884943,0.317605147969571,0.6900148189268104,0.2756837466078872,,,0,6.661338147750939e-16,5.518881720875613e-16,6.661338147750939e-16,6.938893903907227e-17,-0.0991181394622288,10,0.2
v2_depth,prespecified depth-onset and saturation study,U1-RZ-XY-line|n8|d16|i14|dir=gaussian|basis=Z|eta=0,U1-RZ-XY-line|n8|d16|i14,U1-RZ-XY-line,8,16,2.0,14,gaussian,Z,0.0,96,96,184,96,1.0,70,69,0.6754370187501836,0.2753307087665557,0.4252190658649444,0.0901893229166523,0.0996665174696038,11.087786975894492,0.0112694622612487,9.419945783662431,2,27,0.7883688652801878,0.391304347826087,2.0147204334938134,0.3970645174541008,0.391304347826087,0.0240805426064379,16.489018704584584,1.1831366331832596,0.7860721157291588,1.1153728796067015,0.7183083621526007,,,0,6.661338147750939e-16,5.518881720875613e-16,6.661338147750939e-16,6.938893903907227e-17,-0.0991181394622288,10,0.2
v2_depth,prespecified depth-onset and saturation study,U1-RZ-XY-line|n8|d48|i14|dir=gaussian|basis=Z|eta=0,U1-RZ-XY-line|n8|d48|i14,U1-RZ-XY-line,8,48,6.0,14,gaussian,Z,0.0,96,96,552,96,1.0,70,69,0.7170047539568932,0.352722393786494,0.497306302874791,0.0649696624149029,0.0747095617647477,15.39179923106106,0.0049652518666824,14.191534532752287,1,7,0.4624282133836477,0.1014492753623188,4.558220960495956,0.3609789380213289,0.1014492753623188,0.0125259464951484,28.81849592453093,0.6154307403248267,0.2544518023034978,0.5634646757391777,0.2024857377178487,,,0,2.220446049250313e-16,1.909457023859947e-16,2.220446049250313e-16,1.3877787807814454e-16,-0.0954047743582507,10,0.2
v2_depth,prespecified depth-onset and saturation study,U1-RZ-XY-line|n8|d48|i14|dir=gaussian|basis=Z|eta=0,U1-RZ-XY-line|n8|d48|i14,U1-RZ-XY-line,8,48,6.0,14,gaussian,Z,0.0,96,96,552,96,1.0,70,69,0.7170047539568932,0.352722393786494,0.497306302874791,0.0649696624149029,0.0747095617647477,15.39179923106106,0.0049652518666824,14.191534532752287,2,27,0.7524965746674658,0.391304347826087,1.923046801927968,0.3611922268413788,0.391304347826087,0.0202475376308912,17.838822350936873,0.9948116159334196,0.633619389092041,0.9108111894079842,0.5496189625666055,,,0,2.220446049250313e-16,1.909457023859947e-16,2.220446049250313e-16,1.3877787807814454e-16,-0.0954047743582507,10,0.2
v2_depth,prespecified depth-onset and saturation study,U1-RZ-XY-line|n12|d6|i14|dir=gaussian|basis=Z|eta=0,U1-RZ-XY-line|n12|d6|i14,U1-RZ-XY-line,12,6,0.5,14,gaussian,Z,0.0,96,96,105,96,1.0,910,909,0.5196786720918997,0.2198097618824182,0.4324383415741644,0.0685812150389568,0.0782834940489677,14.581252306946745,0.0057371257761831,13.20239780459214,1,11,0.6056820387104563,0.0121012101210121,50.05136119889135,0.5935808285894443,0.0121012101210121,0.0014240569652834,416.82379501670937,0.9158291809003448,0.3222483523109004,0.8563349356209624,0.2627541070315181,,,0,2.220446049250313e-16,2.949846136662822e-16,2.220446049250313e-16,8.326672684688674e-17,-0.0641473890688854,10,0.2
v2_depth,prespecified depth-onset and saturation study,U1-RZ-XY-line|n12|d6|i14|dir=gaussian|basis=Z|eta=0,U1-RZ-XY-line|n12|d6|i14,U1-RZ-XY-line,12,6,0.5,14,gaussian,Z,0.0,96,96,105,96,1.0,910,909,0.5196786720918997,0.2198097618824182,0.4324383415741644,0.0685812150389568,0.0782834940489677,14.581252306946745,0.0057371257761831,13.20239780459214,2,65,0.8863510449036912,0.0715071507150715,12.39527845873008,0.8148438941886197,0.0715071507150715,0.003355990734065,242.8027842620488,2.158280405921851,1.3434365117332314,2.018073840626165,1.203229946437545,,,0,2.220446049250313e-16,2.949846136662822e-16,2.220446049250313e-16,8.326672684688674e-17,-0.0641473890688854,10,0.2
v2_depth,prespecified depth-onset and saturation study,U1-RZ-XY-line|n12|d24|i14|dir=gaussian|basis=Z|eta=0,U1-RZ-XY-line|n12|d24|i14,U1-RZ-XY-line,12,24,2.0,14,gaussian,Z,0.0,96,96,420,96,1.0,924,923,0.7027582306259367,0.3113319470825764,0.4465022075866856,0.0345740888510849,0.0446306087588861,28.923394172645537,0.0016243941266757,24.811572786013844,1,11,0.3364056554148518,0.0119176598049837,28.22749272253711,0.324487995609868,0.0119176598049837,0.001053541447824,307.9973704689516,0.6879754724008236,0.3634874767909555,0.6033298299050351,0.2788418342951671,,,0,1.5543122344752194e-15,7.268620742925543e-16,1.5543122344752194e-15,5.551115123125783e-17,-0.1980642102455334,10,0.2
v2_depth,prespecified depth-onset and saturation study,U1-RZ-XY-line|n12|d24|i14|dir=gaussian|basis=Z|eta=0,U1-RZ-XY-line|n12|d24|i14,U1-RZ-XY-line,12,24,2.0,14,gaussian,Z,0.0,96,96,420,96,1.0,924,923,0.7027582306259367,0.3113319470825764,0.4465022075866856,0.0345740888510849,0.0446306087588861,28.923394172645537,0.0016243941266757,24.811572786013844,2,65,0.5894462328900648,0.0704225352112676,8.37013650703892,0.5190236976787972,0.0704225352112676,0.0024840377214343,208.9435652285884,1.6221070641262931,1.103083366447496,1.4225297533818022,0.903506055703005,,,0,1.5543122344752194e-15,7.268620742925543e-16,1.5543122344752194e-15,5.551115123125783e-17,-0.1980642102455334,10,0.2
v2_depth,prespecified depth-onset and saturation study,U1-RZ-XY-line|n12|d72|i14|dir=gaussian|basis=Z|eta=0,U1-RZ-XY-line|n12|d72|i14,U1-RZ-XY-line,12,72,6.0,14,gaussian,Z,0.0,96,96,1260,96,1.0,924,923,0.7625367935819266,0.3499953190292075,0.4611065005400087,0.0247296356281327,0.034888701923673,40.43731234205431,0.000780474701895,35.79485312497402,1,11,0.2883123464045121,0.0119176598049837,24.192026884669517,0.2763946865995283,0.0119176598049837,0.0009282476106228,297.75965317493615,0.6061570617294213,0.329762375129893,0.5069600077816928,0.2305653211821645,,,0,1.5543122344752194e-15,5.690316088760834e-16,1.5543122344752194e-15,5.551115123125783e-17,-0.21759463273253,10,0.2
v2_depth,prespecified depth-onset and saturation study,U1-RZ-XY-line|n12|d72|i14|dir=gaussian|basis=Z|eta=0,U1-RZ-XY-line|n12|d72|i14,U1-RZ-XY-line,12,72,6.0,14,gaussian,Z,0.0,96,96,1260,96,1.0,924,923,0.7625367935819266,0.3499953190292075,0.4611065005400087,0.0247296356281327,0.034888701923673,40.43731234205431,0.000780474701895,35.79485312497402,2,65,0.5449793844045779,0.0704225352112676,7.7387072585450065,0.4745568491933103,0.0704225352112676,0.0021886201861168,216.8292388983647,1.429195794393781,0.9546389452004708,1.1953091975539158,0.7207523483606055,,,0,1.5543122344752194e-15,5.690316088760834e-16,1.5543122344752194e-15,5.551115123125783e-17,-0.21759463273253,10,0.2
v2_depth,prespecified depth-onset and saturation study,RY-RZ-CZ-line|n8|d16|i7|dir=gaussian|basis=Z|eta=0,RY-RZ-CZ-line|n8|d16|i7,RY-RZ-CZ-line,8,16,2.0,7,gaussian,Z,0.0,96,96,256,96,1.0,256,255,0.9094662182668,0.4134381212759099,0.4549324526961264,0.0183855795511421,0.028610729764151,54.39045297529815,0.0004919256072774,45.08689053757729,1,8,0.0645734357811479,0.0313725490196078,2.05827826552409,0.03320088676154,0.0313725490196078,0.0024210743401415,13.7132867880461,0.4373977523370322,0.4041968655754921,0.3347863561373733,0.3015854693758332,,,0,7.771561172376097e-16,3.9728576298882167e-16,8.881784197001252e-16,8.673617379884034e-17,-0.301328840944841,10,0.2
v2_depth,prespecified depth-onset and saturation study,RY-RZ-CZ-line|n8|d16|i7|dir=gaussian|basis=Z|eta=0,RY-RZ-CZ-line|n8|d16|i7,RY-RZ-CZ-line,8,16,2.0,7,gaussian,Z,0.0,96,96,256,96,1.0,256,255,0.9094662182668,0.4134381212759099,0.4549324526961264,0.0183855795511421,0.028610729764151,54.39045297529815,0.0004919256072774,45.08689053757729,2,36,0.2158454539165305,0.1411764705882353,1.5289052985754246,0.0746689833282952,0.1411764705882353,0.004836018599739,15.440177035779737,0.8736880279613062,0.799019044633011,0.6687250442398964,0.5940560609116012,,,0,7.771561172376097e-16,3.9728576298882167e-16,8.881784197001252e-16,8.673617379884034e-17,-0.301328840944841,10,0.2
v2_depth,prespecified depth-onset and saturation study,RY-RZ-CZ-line|n8|d64|i3|dir=gaussian|basis=Z|eta=0,RY-RZ-CZ-line|n8|d64|i3,RY-RZ-CZ-line,8,64,8.0,3,gaussian,Z,0.0,96,96,1024,96,1.0,256,255,0.967097372585593,0.4725084136221369,0.4887204864689294,0.0072872215368502,0.0176279796458413,137.22651286819945,6.918987433931576e-05,120.22055514126382,1,8,0.0293423688172262,0.0313725490196078,0.9352880060490858,-0.0020301802023816,0.0313725490196078,0.0018039181709904,-1.1254281014680951,0.3259006715774983,0.3238704913751167,0.161494614114927,0.1594644339125454,,,0,1.7763568394002505e-15,2.940471426040449e-16,1.5543122344752194e-15,5.551115123125783e-17,-0.3390175855346228,10,0.2
v2_depth,prespecified depth-onset and saturation study,RY-RZ-CZ-line|n8|d64|i3|dir=gaussian|basis=Z|eta=0,RY-RZ-CZ-line|n8|d64|i3,RY-RZ-CZ-line,8,64,8.0,3,gaussian,Z,0.0,96,96,1024,96,1.0,256,255,0.967097372585593,0.4725084136221369,0.4887204864689294,0.0072872215368502,0.0176279796458413,137.22651286819945,6.918987433931576e-05,120.22055514126382,2,36,0.133304353107716,0.1411764705882353,0.9442391678463218,-0.0078721174805192,0.1411764705882353,0.0036032688805447,-2.184715529563581,0.6509761733809959,0.6431040559004766,0.3225803291822193,0.3147082117017,,,0,1.7763568394002505e-15,2.940471426040449e-16,1.5543122344752194e-15,5.551115123125783e-17,-0.3390175855346228,10,0.2
v2_depth,prespecified depth-onset and saturation study,RY-RZ-CZ-line|n12|d12|i11|dir=gaussian|basis=Z|eta=0,RY-RZ-CZ-line|n12|d12|i11,RY-RZ-CZ-line,12,12,1.0,11,gaussian,Z,0.0,96,96,288,96,1.0,4096,4095,0.8939645203157633,0.3846254152821757,0.4320177860761228,0.0142219579529854,0.0244904792243085,70.31380653112414,0.0002929740496452,58.42321104756272,1,12,0.0959070024463465,0.0029304029304029,32.72826458481576,0.0929765995159436,0.0029304029304029,0.0001859876065468,499.90750051688303,0.5386118559385813,0.4456352564226377,0.4089517905079018,0.3159751909919582,,,0,1.3322676295501878e-15,7.856718752005845e-16,1.5543122344752194e-15,8.326672684688674e-17,-0.2985490728137582,10,0.2
v2_depth,prespecified depth-onset and saturation study,RY-RZ-CZ-line|n12|d12|i11|dir=gaussian|basis=Z|eta=0,RY-RZ-CZ-line|n12|d12|i11,RY-RZ-CZ-line,12,12,1.0,11,gaussian,Z,0.0,96,96,288,96,1.0,4096,4095,0.8939645203157633,0.3846254152821757,0.4320177860761228,0.0142219579529854,0.0244904792243085,70.31380653112414,0.0002929740496452,58.42321104756272,2,78,0.2367573269154659,0.019047619047619,12.42975966306196,0.2177097078678468,0.019047619047619,0.0004703291646983,462.88796062110026,1.3620523915739375,1.1443426837060906,1.0341654350127203,0.8164557271448736,,,0,1.3322676295501878e-15,7.856718752005845e-16,1.5543122344752194e-15,8.326672684688674e-17,-0.2985490728137582,10,0.2
v2_depth,prespecified depth-onset and saturation study,RY-RZ-CZ-line|n12|d72|i7|dir=gaussian|basis=Z|eta=0,RY-RZ-CZ-line|n12|d72|i7,RY-RZ-CZ-line,12,72,6.0,7,gaussian,Z,0.0,96,96,1728,96,1.0,4096,4095,0.983717177694114,0.4781750286652196,0.4860694735398294,0.0025287904328996,0.0129191155325568,395.4459756688358,1.0707635581081164e-05,305.5999007867699,1,12,0.0027705080780244,0.0029304029304029,0.945435881625858,-0.0001598948523784,0.0029304029304029,0.000134472658026,-1.1890510288529903,0.3894268508377876,0.3892669559854091,0.1653322262203816,0.1651723313680032,,,0,1.7763568394002505e-15,2.846017279287324e-16,1.5543122344752194e-15,1.9949319973733282e-17,-0.4254720942626593,10,0.2
v2_depth,prespecified depth-onset and saturation study,RY-RZ-CZ-line|n12|d72|i7|dir=gaussian|basis=Z|eta=0,RY-RZ-CZ-line|n12|d72|i7,RY-RZ-CZ-line,12,72,6.0,7,gaussian,Z,0.0,96,96,1728,96,1.0,4096,4095,0.983717177694114,0.4781750286652196,0.4860694735398294,0.0025287904328996,0.0129191155325568,395.4459756688358,1.0707635581081164e-05,305.5999007867699,2,78,0.0181621363716065,0.019047619047619,0.9535121595093448,-0.0008854826760124,0.019047619047619,0.0003400571365932,-2.603923225618515,0.9847903785972366,0.983904895921224,0.4180954274303851,0.4172099447543726,,,0,1.7763568394002505e-15,2.846017279287324e-16,1.5543122344752194e-15,1.9949319973733282e-17,-0.4254720942626593,10,0.2
v2_depth,prespecified depth-onset and saturation study,SU2-CNOT-line|n8|d8|i3|dir=gaussian|basis=Z|eta=0,SU2-CNOT-line|n8|d8|i3,SU2-CNOT-line,8,8,1.0,3,gaussian,Z,0.0,96,96,192,96,1.0,256,255,0.971398751594331,0.4350352948739978,0.4486691182565603,0.0177808136691081,0.0280122635267216,56.24039589017053,0.0004299296328294,48.22822852265948,1,8,0.0348824123713811,0.0313725490196078,1.111876894337774,0.0035098633517733,0.0313725490196078,0.0023915508613795,1.467609745815145,0.4320639618633045,0.4285540985115312,0.3277126204126177,0.3242027570608444,,,0,4.440892098500626e-16,1.8482451388754102e-16,4.440892098500626e-16,4.510281037539698e-17,-0.3905980135024519,10,0.2
v2_depth,prespecified depth-onset and saturation study,SU2-CNOT-line|n8|d8|i3|dir=gaussian|basis=Z|eta=0,SU2-CNOT-line|n8|d8|i3,SU2-CNOT-line,8,8,1.0,3,gaussian,Z,0.0,96,96,192,96,1.0,256,255,0.971398751594331,0.4350352948739978,0.4486691182565603,0.0177808136691081,0.0280122635267216,56.24039589017053,0.0004299296328294,48.22822852265948,2,36,0.1503734594795391,0.1411764705882353,1.0651453379800686,0.0091969888913037,0.1411764705882353,0.0047770463946917,1.9252458802835684,0.8630339519957778,0.853836963104474,0.6545954832564211,0.6453984943651173,,,0,4.440892098500626e-16,1.8482451388754102e-16,4.440892098500626e-16,4.510281037539698e-17,-0.3905980135024519,10,0.2
v2_depth,prespecified depth-onset and saturation study,SU2-CNOT-line|n8|d32|i11|dir=gaussian|basis=Z|eta=0,SU2-CNOT-line|n8|d32|i11,SU2-CNOT-line,8,32,4.0,11,gaussian,Z,0.0,96,96,768,96,1.0,256,255,0.9854024798671044,0.4879357255510195,0.4954645098818651,0.007450669377337,0.0177897249046565,134.2161286933127,8.161964017266379e-05,110.68854077058958,1,8,0.0274485341700222,0.0313725490196078,0.8749220266694586,-0.0039240148495856,0.0313725490196078,0.001814530703507,-2.162550813828316,0.327817960027663,0.3238939451780774,0.1653694981213931,0.1614454832718075,,,0,2.664535259100376e-15,4.85722573273506e-16,2.664535259100376e-15,6.938893903907227e-17,-0.3812033170604714,10,0.2
v2_depth,prespecified depth-onset and saturation study,SU2-CNOT-line|n8|d32|i11|dir=gaussian|basis=Z|eta=0,SU2-CNOT-line|n8|d32|i11,SU2-CNOT-line,8,32,4.0,11,gaussian,Z,0.0,96,96,768,96,1.0,256,255,0.9854024798671044,0.4879357255510195,0.4954645098818651,0.007450669377337,0.0177897249046565,134.2161286933127,8.161964017266379e-05,110.68854077058958,2,36,0.1376730755173575,0.1411764705882353,0.9751842849146156,-0.0035033950708777,0.1411764705882353,0.0036244670749948,-0.9665959155892784,0.6548058957700736,0.6513025006991958,0.330320286116382,0.3268168910455042,,,0,2.664535259100376e-15,4.85722573273506e-16,2.664535259100376e-15,6.938893903907227e-17,-0.3812033170604714,10,0.2
v2_depth,prespecified depth-onset and saturation study,SU2-CNOT-line|n12|d6|i7|dir=gaussian|basis=Z|eta=0,SU2-CNOT-line|n12|d6|i7,SU2-CNOT-line,12,6,0.5,7,gaussian,Z,0.0,96,96,216,96,1.0,4096,4095,0.9070519639453908,0.4035750102160804,0.4447084747258951,0.0133477470944639,0.0236253747288966,74.91901014627074,0.000276097990835,60.18224396137635,1,12,0.0289515372227885,0.0029304029304029,9.879712077276576,0.0260211342923855,0.0029304029304029,0.0001826394615312,142.47268402034982,0.5289157765369094,0.5028946422445237,0.3959567882207605,0.3699356539283749,,,0,0.0,1.947241589955089e-16,2.220446049250313e-16,6.938893903907227e-17,-0.3439311529831916,10,0.2
v2_depth,prespecified depth-onset and saturation study,SU2-CNOT-line|n12|d6|i7|dir=gaussian|basis=Z|eta=0,SU2-CNOT-line|n12|d6|i7,SU2-CNOT-line,12,6,0.5,7,gaussian,Z,0.0,96,96,216,96,1.0,4096,4095,0.9070519639453908,0.4035750102160804,0.4447084747258951,0.0133477470944639,0.0236253747288966,74.91901014627074,0.000276097990835,60.18224396137635,2,78,0.0959957540627916,0.019047619047619,5.039777088296559,0.0769481350151725,0.019047619047619,0.0004618623088808,166.60405825630068,1.3375327528167769,1.2605846178016042,1.00130341434133,0.9243552793261574,,,0,0.0,1.947241589955089e-16,2.220446049250313e-16,6.938893903907227e-17,-0.3439311529831916,10,0.2
v2_depth,prespecified depth-onset and saturation study,SU2-CNOT-line|n12|d48|i3|dir=gaussian|basis=Z|eta=0,SU2-CNOT-line|n12|d48|i3,SU2-CNOT-line,12,48,4.0,3,gaussian,Z,0.0,96,96,1728,96,1.0,4096,4095,0.9811165380273,0.4830293862666561,0.4922867601109897,0.0014452303798892,0.011846842563432,691.9312062043983,3.2059094785049315e-06,558.5015364868705,1,12,0.0027354866295003,0.0029304029304029,0.933484812316986,-0.0001949163009026,0.0029304029304029,0.0001286589221493,-1.5149847180930898,0.3725905297053984,0.3723956134044958,0.1198754670544327,0.1196805507535301,,,0,3.1086244689504387e-15,4.545225859826059e-16,3.219646771412954e-15,2.0816681711721685e-17,-0.4533256348136112,10,0.2
v2_depth,prespecified depth-onset and saturation study,SU2-CNOT-line|n12|d48|i3|dir=gaussian|basis=Z|eta=0,SU2-CNOT-line|n12|d48|i3,SU2-CNOT-line,12,48,4.0,3,gaussian,Z,0.0,96,96,1728,96,1.0,4096,4095,0.9811165380273,0.4830293862666561,0.4922867601109897,0.0014452303798892,0.011846842563432,691.9312062043983,3.2059094785049315e-06,558.5015364868705,2,78,0.0178656505357884,0.019047619047619,0.9379466531288938,-0.0011819685118305,0.019047619047619,0.0003253552454865,-3.632855250460364,0.9422143543028652,0.9410323857910348,0.3031434692576683,0.3019615007458376,,,0,3.1086244689504387e-15,4.545225859826059e-16,3.219646771412954e-15,2.0816681711721685e-17,-0.4533256348136112,10,0.2
v2_depth,prespecified depth-onset and saturation study,SU2-CNOT-line|n12|d96|i11|dir=gaussian|basis=Z|eta=0,SU2-CNOT-line|n12|d96|i11,SU2-CNOT-line,12,96,8.0,11,gaussian,Z,0.0,96,96,3456,96,1.0,4096,4095,0.991218048751544,0.4916701836314208,0.4960429761340789,0.0008268564066885,0.0112349099857855,1209.3998328015002,1.0134356916556546e-06,993.3490992232458,1,12,0.002588963696131,0.0029304029304029,0.8834838613047237,-0.0003414392342718,0.0029304029304029,0.0001252201806253,-2.726710922845068,0.3626320868354266,0.3622906476011547,0.0834948198509834,0.0831533806167115,,,0,4.884981308350689e-15,4.536434562574852e-16,4.6629367034256575e-15,2.168404344971009e-17,-0.4670424837950228,10,0.2
v2_depth,prespecified depth-onset and saturation study,SU2-CNOT-line|n12|d96|i11|dir=gaussian|basis=Z|eta=0,SU2-CNOT-line|n12|d96|i11,SU2-CNOT-line,12,96,8.0,11,gaussian,Z,0.0,96,96,3456,96,1.0,4096,4095,0.991218048751544,0.4916701836314208,0.4960429761340789,0.0008268564066885,0.0112349099857855,1209.3998328015002,1.0134356916556546e-06,993.3490992232458,2,78,0.018453192557353,0.019047619047619,0.968792609261034,-0.000594426490266,0.019047619047619,0.0003166592874137,-1.877180028796288,0.9170312455802374,0.9164368190899714,0.211143363830883,0.210548937340617,,,0,4.884981308350689e-15,4.536434562574852e-16,4.6629367034256575e-15,2.168404344971009e-17,-0.4670424837950228,10,0.2
v2_depth,prespecified depth-onset and saturation study,SU2-HaarU4-brickwork|n8|d16|i7|dir=gaussian|basis=Z|eta=0,SU2-HaarU4-brickwork|n8|d16|i7,SU2-HaarU4-brickwork,8,16,2.0,7,gaussian,Z,0.0,96,96,384,96,1.0,256,255,0.9427575486441784,0.4503807631723962,0.4780960468929959,0.0167552762482237,0.0269974087873047,59.68269249550641,0.0004402344901274,47.66043126682579,1,8,0.0292391196832672,0.0313725490196078,0.9319969399041448,-0.0021334293363405,0.0313725490196078,0.0023406351290977,-0.9114745437333232,0.4228653897709777,0.4207319604346372,0.3153548033480607,0.3132213740117201,,,0,2.7755575615628917e-15,7.289885163479605e-16,2.664535259100376e-15,4.8572257327350605e-17,-0.3400494954463036,10,0.2
v2_depth,prespecified depth-onset and saturation study,SU2-HaarU4-brickwork|n8|d16|i7|dir=gaussian|basis=Z|eta=0,SU2-HaarU4-brickwork|n8|d16|i7,SU2-HaarU4-brickwork,8,16,2.0,7,gaussian,Z,0.0,96,96,384,96,1.0,256,255,0.9427575486441784,0.4503807631723962,0.4780960468929959,0.0167552762482237,0.0269974087873047,59.68269249550641,0.0004402344901274,47.66043126682579,2,36,0.1280123516407209,0.1411764705882353,0.9067541574551068,-0.0131641189475143,0.1411764705882353,0.0046753438470864,-2.8156472289664767,0.8446600982929078,0.8314959793453934,0.6299111387133793,0.616747019765865,,,0,2.7755575615628917e-15,7.289885163479605e-16,2.664535259100376e-15,4.8572257327350605e-17,-0.3400494954463036,10,0.2
v2_depth,prespecified depth-onset and saturation study,SU2-HaarU4-brickwork|n8|d64|i3|dir=gaussian|basis=Z|eta=0,SU2-HaarU4-brickwork|n8|d64|i3,SU2-HaarU4-brickwork,8,64,8.0,3,gaussian,Z,0.0,96,96,1536,96,1.0,256,255,0.9808934059574456,0.4888253270314893,0.4979827286589788,0.006704023784945,0.0170508568705185,149.1641485887421,6.083002935607948e-05,128.21563481936906,1,8,0.0305589267645005,0.0313725490196078,0.974065790618454,-0.0008136222551073,0.0313725490196078,0.0017655318202478,-0.460836925042283,0.3189656909959982,0.3181520687408909,0.1468376640149439,0.1460240417598366,,,0,9.325873406851317e-15,1.576867456431623e-15,9.325873406851317e-15,5.377642775528102e-17,-0.383839380717516,10,0.2
v2_depth,prespecified depth-onset and saturation study,SU2-HaarU4-brickwork|n8|d64|i3|dir=gaussian|basis=Z|eta=0,SU2-HaarU4-brickwork|n8|d64|i3,SU2-HaarU4-brickwork,8,64,8.0,3,gaussian,Z,0.0,96,96,1536,96,1.0,256,255,0.9808934059574456,0.4888253270314893,0.4979827286589788,0.006704023784945,0.0170508568705185,149.1641485887421,6.083002935607948e-05,128.21563481936906,2,36,0.135759045758868,0.1411764705882353,0.9616265741253152,-0.0054174248293672,0.1411764705882353,0.0035265933720361,-1.5361637302231532,0.6371237713605757,0.6317063465312085,0.2933035398974992,0.287886115068132,,,0,9.325873406851317e-15,1.576867456431623e-15,9.325873406851317e-15,5.377642775528102e-17,-0.383839380717516,10,0.2
v2_depth,prespecified depth-onset and saturation study,SU2-HaarU4-brickwork|n12|d12|i11|dir=gaussian|basis=Z|eta=0,SU2-HaarU4-brickwork|n12|d12|i11,SU2-HaarU4-brickwork,12,12,1.0,11,gaussian,Z,0.0,96,96,432,96,1.0,4096,4095,0.9374358620755522,0.4426791228415097,0.4724588472347563,0.0111329291802556,0.0214336278346279,89.82361998435309,0.0001942183680615,71.75544294902518,1,12,0.0187854818371611,0.0029304029304029,6.410545676931257,0.0158550789067582,0.0029304029304029,0.0001738685647265,91.19002582033312,0.5035156485717981,0.4876605696650398,0.360945767220609,0.3450906883138507,,,0,2.220446049250313e-16,1.9267929038586915e-16,2.220446049250313e-16,6.071532165918825e-17,-0.3333507657402356,10,0.2
v2_depth,prespecified depth-onset and saturation study,SU2-HaarU4-brickwork|n12|d12|i11|dir=gaussian|basis=Z|eta=0,SU2-HaarU4-brickwork|n12|d12|i11,SU2-HaarU4-brickwork,12,12,1.0,11,gaussian,Z,0.0,96,96,432,96,1.0,4096,4095,0.9374358620755522,0.4426791228415097,0.4724588472347563,0.0111329291802556,0.0214336278346279,89.82361998435309,0.0001942183680615,71.75544294902518,2,78,0.0560165725279187,0.019047619047619,2.9408700577157325,0.0369689534802996,0.019047619047619,0.0004396822903065,84.08106101914326,1.273300403194846,1.2363314497145463,0.9127668469432676,0.8757978934629679,,,0,2.220446049250313e-16,1.9267929038586915e-16,2.220446049250313e-16,6.071532165918825e-17,-0.3333507657402356,10,0.2
v2_depth,prespecified depth-onset and saturation study,SU2-HaarU4-brickwork|n12|d72|i7|dir=gaussian|basis=Z|eta=0,SU2-HaarU4-brickwork|n12|d72|i7,SU2-HaarU4-brickwork,12,72,6.0,7,gaussian,Z,0.0,96,96,2592,96,1.0,4096,4095,0.9834406729209312,0.4875443012250494,0.4957276584564765,0.0015933211126382,0.0119933906843815,627.6198765383832,3.929365388133526e-06,504.4740048899295,1,12,0.0027897453376495,0.0029304029304029,0.9520005964729098,-0.0001406575927533,0.0029304029304029,0.0001294688910894,-1.086420000741602,0.3749361638159578,0.3747955062232044,0.127051205457877,0.1269105478651236,,,0,1.3988810110276972e-14,2.117237508773091e-15,1.4321877017664523e-14,3.2959746043559335e-17,-0.4286567731495937,10,0.2
v2_depth,prespecified depth-onset and saturation study,SU2-HaarU4-brickwork|n12|d72|i7|dir=gaussian|basis=Z|eta=0,SU2-HaarU4-brickwork|n12|d72|i7,SU2-HaarU4-brickwork,12,72,6.0,7,gaussian,Z,0.0,96,96,2592,96,1.0,4096,4095,0.9834406729209312,0.4875443012250494,0.4957276584564765,0.0015933211126382,0.0119933906843815,627.6198765383832,3.929365388133526e-06,504.4740048899295,2,78,0.0183522727119905,0.019047619047619,0.9634943173795047,-0.0006953463356284,0.019047619047619,0.0003274035110784,-2.123820643639625,0.948146040571593,0.9474506942359644,0.3212896194880386,0.3205942731524102,,,0,1.3988810110276972e-14,2.117237508773091e-15,1.4321877017664523e-14,3.2959746043559335e-17,-0.4286567731495937,10,0.2
v2_depth,prespecified depth-onset and saturation study,U1-RZ-XY-line|n8|d4|i15|dir=gaussian|basis=Z|eta=0,U1-RZ-XY-line|n8|d4|i15,U1-RZ-XY-line,8,4,0.5,15,gaussian,Z,0.0,96,96,46,96,1.0,70,69,0.351255871474566,0.187481005622064,0.5536519935845451,0.1310004093114617,0.140052488381134,7.633563935074712,0.0190038773961401,7.254022362061327,1,7,0.904931922234888,0.1014492753623188,8.920043233458182,0.8034826468725692,0.1014492753623188,0.0180874307468171,44.42215470618775,0.8886802206443382,0.0851975737717689,0.8560468848794138,0.0525642380068446,,,0,4.440892098500626e-16,7.608747697864818e-16,4.440892098500626e-16,6.245004513516506e-17,-0.0146179418183918,10,0.2
v2_depth,prespecified depth-onset and saturation study,U1-RZ-XY-line|n8|d4|i15|dir=gaussian|basis=Z|eta=0,U1-RZ-XY-line|n8|d4|i15,U1-RZ-XY-line,8,4,0.5,15,gaussian,Z,0.0,96,96,46,96,1.0,70,69,0.351255871474566,0.187481005622064,0.5536519935845451,0.1310004093114617,0.140052488381134,7.633563935074712,0.0190038773961401,7.254022362061327,2,27,0.9994811247947336,0.391304347826087,2.5542295411420968,0.6081767769686466,0.391304347826087,0.0292373861595342,20.80133886285596,1.436505114906426,0.8283283379377793,1.3837550337706224,0.7755782568019758,,,0,4.440892098500626e-16,7.608747697864818e-16,4.440892098500626e-16,6.245004513516506e-17,-0.0146179418183918,10,0.2
v2_depth,prespecified depth-onset and saturation study,U1-RZ-XY-line|n8|d16|i15|dir=gaussian|basis=Z|eta=0,U1-RZ-XY-line|n8|d16|i15,U1-RZ-XY-line,8,16,2.0,15,gaussian,Z,0.0,96,96,184,96,1.0,70,69,0.7223799269769309,0.2775144153303481,0.4027911959596994,0.0746262114801923,0.0842655217772736,13.400117467646409,0.0067740453220493,12.149990853768388,1,7,0.5264591582179804,0.1014492753623188,5.189383131005807,0.4250098828556615,0.1014492753623188,0.013483252364404,31.52131780739278,0.6624655460428198,0.2374556631871582,0.6150046625243277,0.1899947796686661,,,0,0.0,8.441528768080323e-17,1.1102230246251563e-16,7.28583859910259e-17,-0.0926039253063825,10,0.2
v2_depth,prespecified depth-onset and saturation study,U1-RZ-XY-line|n8|d16|i15|dir=gaussian|basis=Z|eta=0,U1-RZ-XY-line|n8|d16|i15,U1-RZ-XY-line,8,16,2.0,15,gaussian,Z,0.0,96,96,184,96,1.0,70,69,0.7223799269769309,0.2775144153303481,0.4027911959596994,0.0746262114801923,0.0842655217772736,13.400117467646409,0.0067740453220493,12.149990853768388,2,27,0.8158482490262831,0.391304347826087,2.08494552528939,0.4245439012001961,0.391304347826087,0.0217949725189082,19.478983092632177,1.070840920314177,0.646297019113981,0.99412288344501,0.5695789822448138,,,0,0.0,8.441528768080323e-17,1.1102230246251563e-16,7.28583859910259e-17,-0.0926039253063825,10,0.2
v2_depth,prespecified depth-onset and saturation study,U1-RZ-XY-line|n8|d48|i15|dir=gaussian|basis=Z|eta=0,U1-RZ-XY-line|n8|d48|i15,U1-RZ-XY-line,8,48,6.0,15,gaussian,Z,0.0,96,96,552,96,1.0,70,69,0.751914274581814,0.3528713433721466,0.4730874036816465,0.0609761595463077,0.070757657884367,16.39985212975835,0.0045242408455147,14.867130098635611,1,7,0.4300986511607901,0.1014492753623188,4.23954384715636,0.3286493757984712,0.1014492753623188,0.0121079460900953,27.14328040057228,0.5948933462973532,0.266243970498882,0.5407160868061209,0.2120667110076496,,,0,2.220446049250313e-16,1.8959345150258982e-16,2.220446049250313e-16,5.551115123125783e-17,-0.1565436563194629,10,0.2
v2_depth,prespecified depth-onset and saturation study,U1-RZ-XY-line|n8|d48|i15|dir=gaussian|basis=Z|eta=0,U1-RZ-XY-line|n8|d48|i15,U1-RZ-XY-line,8,48,6.0,15,gaussian,Z,0.0,96,96,552,96,1.0,70,69,0.751914274581814,0.3528713433721466,0.4730874036816465,0.0609761595463077,0.070757657884367,16.39985212975835,0.0045242408455147,14.867130098635611,2,27,0.7438928133026635,0.391304347826087,1.9010594117734732,0.3525884654765766,0.391304347826087,0.0195718618299193,18.01507023402224,0.9616139922190944,0.6090255267425178,0.8740392847339428,0.5214508192573661,,,0,2.220446049250313e-16,1.8959345150258982e-16,2.220446049250313e-16,5.551115123125783e-17,-0.1565436563194629,10,0.2
v2_depth,prespecified depth-onset and saturation study,U1-RZ-XY-line|n12|d6|i15|dir=gaussian|basis=Z|eta=0,U1-RZ-XY-line|n12|d6|i15,U1-RZ-XY-line,12,6,0.5,15,gaussian,Z,0.0,96,96,105,96,1.0,924,923,0.6558827154101581,0.273779796349838,0.4234344071234868,0.0626756120191267,0.0724394077272608,15.95516928809294,0.0047446426112598,14.517714368778227,1,11,0.6574776930873819,0.0119176598049837,55.1683555199685,0.6455600332823982,0.0119176598049837,0.0013486112624684,478.6850378965441,0.8806596762737948,0.2350996429913966,0.8181929419014771,0.1726329086190788,,,0,4.440892098500626e-16,2.894936745824177e-16,3.3306690738754696e-16,1.1102230246251563e-16,-0.1616923063764936,10,0.2
v2_depth,prespecified depth-onset and saturation study,U1-RZ-XY-line|n12|d6|i15|dir=gaussian|basis=Z|eta=0,U1-RZ-XY-line|n12|d6|i15,U1-RZ-XY-line,12,6,0.5,15,gaussian,Z,0.0,96,96,105,96,1.0,924,923,0.6558827154101581,0.273779796349838,0.4234344071234868,0.0626756120191267,0.0724394077272608,15.95516928809294,0.0047446426112598,14.517714368778227,2,65,0.9031592787371048,0.0704225352112676,12.824861758066886,0.832736743525837,0.0704225352112676,0.003179752685043,261.8872679761755,2.0764174585901807,1.2436807150643436,1.9291335289107767,1.09639678538494,,,0,4.440892098500626e-16,2.894936745824177e-16,3.3306690738754696e-16,1.1102230246251563e-16,-0.1616923063764936,10,0.2
v2_depth,prespecified depth-onset and saturation study,U1-RZ-XY-line|n12|d24|i15|dir=gaussian|basis=Z|eta=0,U1-RZ-XY-line|n12|d24|i15,U1-RZ-XY-line,12,24,2.0,15,gaussian,Z,0.0,96,96,420,96,1.0,924,923,0.6713835791000579,0.3004370737762475,0.4472358355555683,0.0363769743169978,0.0464147141678624,27.489916871198687,0.0016169006669131,24.869000434153367,1,11,0.3483521527158675,0.0119176598049837,29.229912450613245,0.3364344929108837,0.0119176598049837,0.0010749063384286,312.98958884427014,0.7019270077076041,0.3654925147967203,0.6193563399579671,0.2829218470470834,,,0,4.440892098500626e-16,3.9210890690325254e-16,6.661338147750939e-16,6.938893903907227e-17,-0.1863785130155634,10,0.2
v2_depth,prespecified depth-onset and saturation study,U1-RZ-XY-line|n12|d24|i15|dir=gaussian|basis=Z|eta=0,U1-RZ-XY-line|n12|d24|i15,U1-RZ-XY-line,12,24,2.0,15,gaussian,Z,0.0,96,96,420,96,1.0,924,923,0.6713835791000579,0.3004370737762475,0.4472358355555683,0.0363769743169978,0.0464147141678624,27.489916871198687,0.0016169006669131,24.869000434153367,2,65,0.623657983107819,0.0704225352112676,8.855943360131029,0.5532354478965513,0.0704225352112676,0.0025344118137737,218.2894843252702,1.655001963558625,1.1017665156620735,1.4603170237323446,0.9070815758357932,,,0,4.440892098500626e-16,3.9210890690325254e-16,6.661338147750939e-16,6.938893903907227e-17,-0.1863785130155634,10,0.2
v2_depth,prespecified depth-onset and saturation study,U1-RZ-XY-line|n12|d72|i15|dir=gaussian|basis=Z|eta=0,U1-RZ-XY-line|n12|d72|i15,U1-RZ-XY-line,12,72,6.0,15,gaussian,Z,0.0,96,96,1260,96,1.0,924,923,0.7881130167625686,0.3781712628642389,0.4806384395374256,0.0279602451436697,0.0380856592567565,35.765065537216906,0.00109325370322,30.24402033811769,1,11,0.317607579284064,0.0119176598049837,26.650163243562822,0.3056899194790802,0.0119176598049837,0.0009711483226902,314.77160834944704,0.634171752287493,0.3284818328084127,0.540482784003397,0.2347928645243167,,,0,1.5543122344752194e-15,6.349087922075114e-16,1.5543122344752194e-15,6.938893903907227e-17,-0.2068953743172344,10,0.2
v2_depth,prespecified depth-onset and saturation study,U1-RZ-XY-line|n12|d72|i15|dir=gaussian|basis=Z|eta=0,U1-RZ-XY-line|n12|d72|i15,U1-RZ-XY-line,12,72,6.0,15,gaussian,Z,0.0,96,96,1260,96,1.0,924,923,0.7881130167625686,0.3781712628642389,0.4806384395374256,0.0279602451436697,0.0380856592567565,35.765065537216906,0.00109325370322,30.24402033811769,2,65,0.5703200065425807,0.0704225352112676,8.098544092904646,0.4998974713313131,0.0704225352112676,0.0022897713911993,218.31763347758155,1.4952487705194837,0.9953512991881704,1.2743491260103628,0.7744516546790496,,,0,1.5543122344752194e-15,6.349087922075114e-16,1.5543122344752194e-15,6.938893903907227e-17,-0.2068953743172344,10,0.2
v2_depth,prespecified depth-onset and saturation study,RY-RZ-CZ-line|n8|d4|i4|dir=gaussian|basis=Z|eta=0,RY-RZ-CZ-line|n8|d4|i4,RY-RZ-CZ-line,8,4,0.5,4,gaussian,Z,0.0,96,96,64,96,1.0,256,255,0.908567800444466,0.3868183831208772,0.428035241202757,0.0356230137758589,0.0456686073823603,28.07174054087704,0.0015419038911151,25.466622331744496,1,8,0.1300957257149854,0.0313725490196078,4.146801257165159,0.0987231766953775,0.0313725490196078,0.0031482397299928,31.358214482479003,0.5687693925319649,0.4700462158365873,0.4956360762212299,0.3969128995258523,,,0,7.771561172376097e-16,3.337167946540778e-16,6.661338147750939e-16,1.3877787807814454e-16,-0.3079644096400784,10,0.2
v2_depth,prespecified depth-onset and saturation study,RY-RZ-CZ-line|n8|d4|i4|dir=gaussian|basis=Z|eta=0,RY-RZ-CZ-line|n8|d4|i4,RY-RZ-CZ-line,8,4,0.5,4,gaussian,Z,0.0,96,96,64,96,1.0,256,255,0.908567800444466,0.3868183831208772,0.428035241202757,0.0356230137758589,0.0456686073823603,28.07174054087704,0.0015419038911151,25.466622331744496,2,36,0.2954013255334221,0.1411764705882353,2.09242605586174,0.1542248549451868,0.1411764705882353,0.0062885082206079,24.524871326362973,1.136098679682059,0.981873824736872,0.990017218210436,0.8357923632652493,,,0,7.771561172376097e-16,3.337167946540778e-16,6.661338147750939e-16,1.3877787807814454e-16,-0.3079644096400784,10,0.2
v2_depth,prespecified depth-onset and saturation study,RY-RZ-CZ-line|n8|d32|i0|dir=gaussian|basis=Z|eta=0,RY-RZ-CZ-line|n8|d32|i0,RY-RZ-CZ-line,8,32,4.0,0,gaussian,Z,0.0,96,96,512,96,1.0,256,255,0.9670744752522894,0.4632451878776042,0.4795460789949615,0.0122585050005389,0.0225474789067832,81.57601599510204,0.0002525710406812,62.92282653079073,1,8,0.0290615183992503,0.0313725490196078,0.926335898976104,-0.0023110306203575,0.0313725490196078,0.0021028762257585,-1.098985566553652,0.3799112316956068,0.3776002010752493,0.2541713662559159,0.2518603356355584,,,0,8.881784197001252e-16,2.0659005823202681e-16,6.661338147750939e-16,4.163336342344337e-17,-0.3402453014366887,10,0.2
v2_depth,prespecified depth-onset and saturation study,RY-RZ-CZ-line|n8|d32|i0|dir=gaussian|basis=Z|eta=0,RY-RZ-CZ-line|n8|d32|i0,RY-RZ-CZ-line,8,32,4.0,0,gaussian,Z,0.0,96,96,512,96,1.0,256,255,0.9670744752522894,0.4632451878776042,0.4795460789949615,0.0122585050005389,0.0225474789067832,81.57601599510204,0.0002525710406812,62.92282653079073,2,36,0.1366872770789066,0.1411764705882353,0.968201545975589,-0.0044891935093286,0.1411764705882353,0.0042004280381259,-1.0687466773818337,0.7588605406566542,0.7543713471473256,0.5076991789780645,0.5032099854687359,,,0,8.881784197001252e-16,2.0659005823202681e-16,6.661338147750939e-16,4.163336342344337e-17,-0.3402453014366887,10,0.2
v2_depth,prespecified depth-onset and saturation study,RY-RZ-CZ-line|n8|d64|i8|dir=gaussian|basis=Z|eta=0,RY-RZ-CZ-line|n8|d64|i8,RY-RZ-CZ-line,8,64,8.0,8,gaussian,Z,0.0,96,96,1024,96,1.0,256,255,0.9769842164897043,0.4680742088712775,0.478141116648789,0.0073715366253279,0.0177114164521474,135.6569262050586,7.782427675811316e-05,113.35546252222612,1,8,0.0292408352742074,0.0313725490196078,0.9320516243653638,-0.0021317137454003,0.0313725490196078,0.0018094004524501,-1.17813264748209,0.3268911151786569,0.3247594014332566,0.1635049530197172,0.1613732392743169,,,0,2.4424906541753444e-15,4.41850789651486e-16,2.4424906541753444e-15,5.551115123125783e-17,-0.3786116669314043,10,0.2
v2_depth,prespecified depth-onset and saturation study,RY-RZ-CZ-line|n8|d64|i8|dir=gaussian|basis=Z|eta=0,RY-RZ-CZ-line|n8|d64|i8,RY-RZ-CZ-line,8,64,8.0,8,gaussian,Z,0.0,96,96,1024,96,1.0,256,255,0.9769842164897043,0.4680742088712775,0.478141116648789,0.0073715366253279,0.0177114164521474,135.6569262050586,7.782427675811316e-05,113.35546252222612,2,36,0.1368650689475989,0.1411764705882353,0.9694609050454928,-0.0043114016406363,0.1411764705882353,0.0036142195625077,-1.1928997577681122,0.6529545528127136,0.6486431511720774,0.3265959168798595,0.3222845152392232,,,0,2.4424906541753444e-15,4.41850789651486e-16,2.4424906541753444e-15,5.551115123125783e-17,-0.3786116669314043,10,0.2
v2_depth,prespecified depth-onset and saturation study,RY-RZ-CZ-line|n12|d24|i4|dir=gaussian|basis=Z|eta=0,RY-RZ-CZ-line|n12|d24|i4,RY-RZ-CZ-line,12,24,2.0,4,gaussian,Z,0.0,96,96,576,96,1.0,4096,4095,0.9677313539266996,0.4528118746001696,0.4683350587176431,0.0086103119829415,0.0189372878997859,116.13981026252776,0.000138615792357,84.93635980267737,1,12,0.0254271838702798,0.0029304029304029,8.677026495732987,0.0224967809398768,0.0029304029304029,0.0001633059385161,137.75849882920247,0.4729267517500966,0.4504299708102197,0.3163844938119315,0.2938877128720547,,,0,2.220446049250313e-16,1.734728896979199e-16,4.440892098500626e-16,4.163336342344337e-17,-0.385571908519731,10,0.2
v2_depth,prespecified depth-onset and saturation study,RY-RZ-CZ-line|n12|d24|i4|dir=gaussian|basis=Z|eta=0,RY-RZ-CZ-line|n12|d24|i4,RY-RZ-CZ-line,12,24,2.0,4,gaussian,Z,0.0,96,96,576,96,1.0,4096,4095,0.9677313539266996,0.4528118746001696,0.4683350587176431,0.0086103119829415,0.0189372878997859,116.13981026252776,0.000138615792357,84.93635980267737,2,78,0.0732846002267235,0.019047619047619,3.847441511902984,0.0542369811791044,0.019047619047619,0.0004129713107159,131.33353279449537,1.1959465915172252,1.1417096103381206,0.800079410993491,0.7458424298143865,,,0,2.220446049250313e-16,1.734728896979199e-16,4.440892098500626e-16,4.163336342344337e-17,-0.385571908519731,10,0.2
v2_depth,prespecified depth-onset and saturation study,RY-RZ-CZ-line|n12|d96|i0|dir=gaussian|basis=Z|eta=0,RY-RZ-CZ-line|n12|d96|i0,RY-RZ-CZ-line,12,96,8.0,0,gaussian,Z,0.0,96,96,2304,96,1.0,4096,4095,0.9897249694900768,0.4856925975548401,0.4907296839163039,0.0016443706141798,0.0120439084202821,608.1354114314083,4.275805218344727e-06,483.6052907731401,1,12,0.0025892788707605,0.0029304029304029,0.8835914146470437,-0.0003411240596423,0.0029304029304029,0.0001297469298134,-2.629149376658269,0.3757413516236642,0.3754002275640218,0.129432637613133,0.1290915135534907,,,0,1.3322676295501878e-15,1.9526478116463223e-16,1.4432899320127037e-15,2.3418766925686896e-17,-0.4305028645902864,10,0.2
v2_depth,prespecified depth-onset and saturation study,RY-RZ-CZ-line|n12|d96|i0|dir=gaussian|basis=Z|eta=0,RY-RZ-CZ-line|n12|d96|i0,RY-RZ-CZ-line,12,96,8.0,0,gaussian,Z,0.0,96,96,2304,96,1.0,4096,4095,0.9897249694900768,0.4856925975548401,0.4907296839163039,0.0016443706141798,0.0120439084202821,608.1354114314083,4.275805218344727e-06,483.6052907731401,2,78,0.0178159055069764,0.019047619047619,0.9353350391162608,-0.0012317135406426,0.019047619047619,0.0003281066209428,-3.754003918308699,0.9501822155407488,0.948950502000106,0.3273118325653674,0.3260801190247247,,,0,1.3322676295501878e-15,1.9526478116463223e-16,1.4432899320127037e-15,2.3418766925686896e-17,-0.4305028645902864,10,0.2
v2_depth,prespecified depth-onset and saturation study,SU2-CNOT-line|n8|d8|i8|dir=gaussian|basis=Z|eta=0,SU2-CNOT-line|n8|d8|i8,SU2-CNOT-line,8,8,1.0,8,gaussian,Z,0.0,96,96,192,96,1.0,256,255,0.9405405126201574,0.4277088901499175,0.4561816150601987,0.0163172070456052,0.0265639028055468,61.28499792918485,0.0003714750014848,51.88420940081452,1,8,0.032187546749735,0.0313725490196078,1.025978052647805,0.0008149977301272,0.0313725490196078,0.0023185451402882,0.3515125567173129,0.4188745534326501,0.4180595557025229,0.3099258704174457,0.3091108726873185,,,0,2.220446049250313e-16,1.3641590115394046e-16,2.220446049250313e-16,4.510281037539698e-17,-0.3357117771823719,10,0.2
v2_depth,prespecified depth-onset and saturation study,SU2-CNOT-line|n8|d8|i8|dir=gaussian|basis=Z|eta=0,SU2-CNOT-line|n8|d8|i8,SU2-CNOT-line,8,8,1.0,8,gaussian,Z,0.0,96,96,192,96,1.0,256,255,0.9405405126201574,0.4277088901499175,0.4561816150601987,0.0163172070456052,0.0265639028055468,61.28499792918485,0.0003714750014848,51.88420940081452,2,36,0.1237762256727387,0.1411764705882353,0.8767482651818997,-0.0174002449154965,0.1411764705882353,0.004631219800592,-3.757162403147491,0.83668853028251,0.8192882853670135,0.619067018731646,0.6016667738161495,,,0,2.220446049250313e-16,1.3641590115394046e-16,2.220446049250313e-16,4.510281037539698e-17,-0.3357117771823719,10,0.2
v2_depth,prespecified depth-onset and saturation study,SU2-CNOT-line|n8|d48|i4|dir=gaussian|basis=Z|eta=0,SU2-CNOT-line|n8|d48|i4,SU2-CNOT-line,8,48,6.0,4,gaussian,Z,0.0,96,96,1152,96,1.0,256,255,0.9984807300807452,0.5008455686829858,0.5009854613075635,0.0060814144443792,0.0164347330439169,164.43543013652877,4.569417881320472e-05,147.9345318040744,1,8,0.0294778701745792,0.0313725490196078,0.9396071118147148,-0.0018946788450285,0.0313725490196078,0.0017236081274026,-1.0992515148345654,0.3113916447487952,0.3094969659037667,0.1293703504876411,0.1274756716426125,,,0,5.551115123125784e-16,1.3304888022040243e-16,5.551115123125784e-16,5.898059818321144e-17,-0.3679134423374987,10,0.2
v2_depth,prespecified depth-onset and saturation study,SU2-CNOT-line|n8|d48|i4|dir=gaussian|basis=Z|eta=0,SU2-CNOT-line|n8|d48|i4,SU2-CNOT-line,8,48,6.0,4,gaussian,Z,0.0,96,96,1152,96,1.0,256,255,0.9984807300807452,0.5008455686829858,0.5009854613075635,0.0060814144443792,0.0164347330439169,164.43543013652877,4.569417881320472e-05,147.9345318040744,2,36,0.140021650427815,0.1411764705882353,0.9918200238636898,-0.0011548201604202,0.1411764705882353,0.0034428521357562,-0.3354254306848429,0.6219948561019816,0.6208400359415613,0.2584131395058394,0.2572583193454192,,,0,5.551115123125784e-16,1.3304888022040243e-16,5.551115123125784e-16,5.898059818321144e-17,-0.3679134423374987,10,0.2
v2_depth,prespecified depth-onset and saturation study,SU2-CNOT-line|n12|d12|i0|dir=gaussian|basis=Z|eta=0,SU2-CNOT-line|n12|d12|i0,SU2-CNOT-line,12,12,1.0,0,gaussian,Z,0.0,96,96,432,96,1.0,4096,4095,0.9572730271272812,0.4499836271611399,0.4700098076057677,0.0061613570813632,0.016513842945099,162.30190634864817,5.840104721951933e-05,130.85480741900705,1,12,0.0068365177042851,0.0029304029304029,2.3329616665872903,0.0039061147738821,0.0029304029304029,0.0001523528084516,25.63861351543644,0.4412069730942813,0.4373008583203991,0.2660785714805551,0.2621724567066729,,,0,8.881784197001252e-16,2.482325801946721e-16,8.881784197001252e-16,6.245004513516506e-17,-0.4197488199331734,10,0.2
v2_depth,prespecified depth-onset and saturation study,SU2-CNOT-line|n12|d12|i0|dir=gaussian|basis=Z|eta=0,SU2-CNOT-line|n12|d12|i0,SU2-CNOT-line,12,12,1.0,0,gaussian,Z,0.0,96,96,432,96,1.0,4096,4095,0.9572730271272812,0.4499836271611399,0.4700098076057677,0.0061613570813632,0.016513842945099,162.30190634864817,5.840104721951933e-05,130.85480741900705,2,78,0.0237918762137526,0.019047619047619,1.2490735012220138,0.0047442571661335,0.019047619047619,0.0003852728171995,12.31401997321971,1.115732983327962,1.1109887261618283,0.6728647924025525,0.6681205352364189,,,0,8.881784197001252e-16,2.482325801946721e-16,8.881784197001252e-16,6.245004513516506e-17,-0.4197488199331734,10,0.2
v2_depth,prespecified depth-onset and saturation study,SU2-CNOT-line|n12|d48|i8|dir=gaussian|basis=Z|eta=0,SU2-CNOT-line|n12|d48|i8,SU2-CNOT-line,12,48,4.0,8,gaussian,Z,0.0,96,96,1728,96,1.0,4096,4095,0.9887157831048952,0.4865044851882351,0.4920481282042754,0.0013874425959288,0.0117896567355546,720.7505398308049,2.869234898148013e-06,590.3600322091884,1,12,0.0030143157586529,0.0029304029304029,1.028635252640313,8.391282825000179e-05,0.0029304029304029,0.0001283414705356,0.6538247372403819,0.3716712039179675,0.3715872910897175,0.116956001521477,0.116872088693227,,,0,2.220446049250313e-15,2.1512144886404066e-16,1.7763568394002505e-15,2.2985086056692694e-17,-0.4528709886920323,10,0.2
v2_depth,prespecified depth-onset and saturation study,SU2-CNOT-line|n12|d48|i8|dir=gaussian|basis=Z|eta=0,SU2-CNOT-line|n12|d48|i8,SU2-CNOT-line,12,48,4.0,8,gaussian,Z,0.0,96,96,1728,96,1.0,4096,4095,0.9887157831048952,0.4865044851882351,0.4920481282042754,0.0013874425959288,0.0117896567355546,720.7505398308049,2.869234898148013e-06,590.3600322091884,2,78,0.0192887021214684,0.019047619047619,1.012656861377095,0.0002410830738494,0.019047619047619,0.0003245524675214,0.7428169494151294,0.9398895449367144,0.9396484618628648,0.2957606666560606,0.2955195835822112,,,0,2.220446049250313e-15,2.1512144886404066e-16,1.7763568394002505e-15,2.2985086056692694e-17,-0.4528709886920323,10,0.2
v2_depth,prespecified depth-onset and saturation study,SU2-HaarU4-brickwork|n8|d4|i4|dir=gaussian|basis=Z|eta=0,SU2-HaarU4-brickwork|n8|d4|i4,SU2-HaarU4-brickwork,8,4,0.5,4,gaussian,Z,0.0,96,96,96,96,1.0,256,255,0.8001603381018958,0.3607650988329909,0.4554300547661229,0.0448470694295182,0.0547965791229608,22.29800102259973,0.0025022642685915,19.990949073288665,1,8,0.1977635318123688,0.0313725490196078,6.303712576519257,0.166390982792761,0.0313725490196078,0.0034754193410516,47.87651977053562,0.6278785343352097,0.4614875515424487,0.5631451928020159,0.3967542100092549,,,0,6.661338147750939e-16,4.720488264635378e-16,6.661338147750939e-16,1.457167719820518e-16,-0.114964847738958,10,0.2
v2_depth,prespecified depth-onset and saturation study,SU2-HaarU4-brickwork|n8|d4|i4|dir=gaussian|basis=Z|eta=0,SU2-HaarU4-brickwork|n8|d4|i4,SU2-HaarU4-brickwork,8,4,0.5,4,gaussian,Z,0.0,96,96,96,96,1.0,256,255,0.8001603381018958,0.3607650988329909,0.4554300547661229,0.0448470694295182,0.0547965791229608,22.29800102259973,0.0025022642685915,19.990949073288665,2,36,0.4344486221456918,0.1411764705882353,3.077344406865317,0.2932721515574565,0.1411764705882353,0.0069420390347189,42.24582289018074,1.2541673008869731,0.9608951493295166,1.1248645205107666,0.83159236895331,,,0,6.661338147750939e-16,4.720488264635378e-16,6.661338147750939e-16,1.457167719820518e-16,-0.114964847738958,10,0.2
v2_depth,prespecified depth-onset and saturation study,SU2-HaarU4-brickwork|n8|d32|i0|dir=gaussian|basis=Z|eta=0,SU2-HaarU4-brickwork|n8|d32|i0,SU2-HaarU4-brickwork,8,32,4.0,0,gaussian,Z,0.0,96,96,768,96,1.0,256,255,0.9398869311640105,0.45292824371186,0.4817984348612356,0.0095809957496813,0.0198978603772888,104.37328500362332,0.0001371049872186,85.40304857672365,1,8,0.0290472338091182,0.0313725490196078,0.9258805776656452,-0.0023253152104895,0.0313725490196078,0.0019475694305439,-1.193957542165828,0.3518530915454864,0.3495277763349968,0.2094158822518548,0.2070905670413653,,,0,3.996802888650564e-15,1.164887480782166e-15,4.107825191113079e-15,5.2041704279304207e-17,-0.356199631687231,10,0.2
v2_depth,prespecified depth-onset and saturation study,SU2-HaarU4-brickwork|n8|d32|i0|dir=gaussian|basis=Z|eta=0,SU2-HaarU4-brickwork|n8|d32|i0,SU2-HaarU4-brickwork,8,32,4.0,0,gaussian,Z,0.0,96,96,768,96,1.0,256,255,0.9398869311640105,0.45292824371186,0.4817984348612356,0.0095809957496813,0.0198978603772888,104.37328500362332,0.0001371049872186,85.40304857672365,2,36,0.1411634672462337,0.1411764705882353,0.9999078929941556,-1.3003342001577378e-05,0.1411764705882353,0.0038902076793905,-0.0033425829861131,0.7028153026437902,0.7028022993017886,0.4183015303823945,0.4182885270403929,,,0,3.996802888650564e-15,1.164887480782166e-15,4.107825191113079e-15,5.2041704279304207e-17,-0.356199631687231,10,0.2
v2_depth,prespecified depth-onset and saturation study,SU2-HaarU4-brickwork|n8|d64|i8|dir=gaussian|basis=Z|eta=0,SU2-HaarU4-brickwork|n8|d64|i8,SU2-HaarU4-brickwork,8,64,8.0,8,gaussian,Z,0.0,96,96,1536,96,1.0,256,255,0.9801978930136496,0.4831546380378032,0.4929420934179611,0.0067141963682588,0.0170609234894228,148.93815211116947,6.033490841632472e-05,128.74064216383186,1,8,0.0321190203511023,0.0313725490196078,1.0237937736913874,0.0007464713314945,0.0313725490196078,0.0017662085336466,0.4226405417446747,0.3190879478448362,0.3183414765133417,0.147105836461124,0.1463593651296295,,,0,1.0658141036401504e-14,1.8033860618423123e-15,1.0769163338864018e-14,5.551115123125783e-17,-0.388235178131713,10,0.2
v2_depth,prespecified depth-onset and saturation study,SU2-HaarU4-brickwork|n8|d64|i8|dir=gaussian|basis=Z|eta=0,SU2-HaarU4-brickwork|n8|d64|i8,SU2-HaarU4-brickwork,8,64,8.0,8,gaussian,Z,0.0,96,96,1536,96,1.0,256,255,0.9801978930136496,0.4831546380378032,0.4929420934179611,0.0067141963682588,0.0170609234894228,148.93815211116947,6.033490841632472e-05,128.74064216383186,2,36,0.1429860353300741,0.1411764705882353,1.0128177502546918,0.0018095647418388,0.1411764705882353,0.0035279450854177,0.5129231600906785,0.6373679755079342,0.6355584107660954,0.293839205786052,0.2920296410442131,,,0,1.0658141036401504e-14,1.8033860618423123e-15,1.0769163338864018e-14,5.551115123125783e-17,-0.388235178131713,10,0.2
v2_depth,prespecified depth-onset and saturation study,SU2-HaarU4-brickwork|n12|d24|i4|dir=gaussian|basis=Z|eta=0,SU2-HaarU4-brickwork|n12|d24|i4,SU2-HaarU4-brickwork,12,24,2.0,4,gaussian,Z,0.0,96,96,864,96,1.0,4096,4095,0.9676268963458656,0.4693028691435209,0.4851916758736984,0.005342556497208,0.0157035715336954,187.17630791973545,4.869832325407993e-05,143.29894595365005,1,12,0.0029576811321826,0.0029304029304029,1.0093086863573366,2.7278201779740857e-05,0.0029304029304029,0.0001485105719049,0.1836785181676872,0.4300800265424979,0.4300527483407182,0.2469837893037622,0.2469565111019825,,,0,7.771561172376096e-15,2.6550012222676384e-15,7.993605777301127e-15,2.4286128663675302e-17,-0.3871752014032004,10,0.2
v2_depth,prespecified depth-onset and saturation study,SU2-HaarU4-brickwork|n12|d24|i4|dir=gaussian|basis=Z|eta=0,SU2-HaarU4-brickwork|n12|d24|i4,SU2-HaarU4-brickwork,12,24,2.0,4,gaussian,Z,0.0,96,96,864,96,1.0,4096,4095,0.9676268963458656,0.4693028691435209,0.4851916758736984,0.005342556497208,0.0157035715336954,187.17630791973545,4.869832325407993e-05,143.29894595365005,2,78,0.0185448780103075,0.019047619047619,0.9736060955411474,-0.0005027410373114,0.019047619047619,0.0003755564928749,-1.3386562257594423,1.0875949392157285,1.087092198178417,0.624577526825818,0.6240747857885065,,,0,7.771561172376096e-15,2.6550012222676384e-15,7.993605777301127e-15,2.4286128663675302e-17,-0.3871752014032004,10,0.2
v2_depth,prespecified depth-onset and saturation study,SU2-HaarU4-brickwork|n12|d96|i0|dir=gaussian|basis=Z|eta=0,SU2-HaarU4-brickwork|n12|d96|i0,SU2-HaarU4-brickwork,12,96,8.0,0,gaussian,Z,0.0,96,96,3456,96,1.0,4096,4095,0.9926392941696244,0.4938677431650696,0.4975416501160275,0.001268345383515,0.0116718001191034,788.4287773639525,2.4694331207669565e-06,636.3577910560964,1,12,0.0026068604800271,0.0029304029304029,0.8895911388092681,-0.0003235424503757,0.0029304029304029,0.0001276847320498,-2.5339165081178874,0.3697693184039312,0.3694457759535554,0.1106965572037768,0.110373014753401,,,0,1.709743457922741e-14,2.053915525830591e-15,1.6986412276764895e-14,2.0383000842727486e-17,-0.4611282824700908,10,0.2
v2_depth,prespecified depth-onset and saturation study,SU2-HaarU4-brickwork|n12|d96|i0|dir=gaussian|basis=Z|eta=0,SU2-HaarU4-brickwork|n12|d96|i0,SU2-HaarU4-brickwork,12,96,8.0,0,gaussian,Z,0.0,96,96,3456,96,1.0,4096,4095,0.9926392941696244,0.4938677431650696,0.4975416501160275,0.001268345383515,0.0116718001191034,788.4287773639525,2.4694331207669565e-06,636.3577910560964,2,78,0.0177628401392493,0.019047619047619,0.9325491073105916,-0.0012847789083696,0.019047619047619,0.000322891694155,-3.978977879043139,0.9350800189592758,0.9337952400509062,0.2799316591642173,0.2786468802558476,,,0,1.709743457922741e-14,2.053915525830591e-15,1.6986412276764895e-14,2.0383000842727486e-17,-0.4611282824700908,10,0.2
v2_depth,prespecified depth-onset and saturation study,U1-RZ-XY-line|n8|d8|i4|dir=gaussian|basis=Z|eta=0,U1-RZ-XY-line|n8|d8|i4,U1-RZ-XY-line,8,8,1.0,4,gaussian,Z,0.0,96,96,92,96,1.0,70,69,0.7002624352570622,0.3285826496804948,0.460598996938698,0.1068763781047556,0.1161797491661644,9.356604497018443,0.0164330342960556,7.800835488588615,1,7,0.5952136853627505,0.1014492753623188,5.867106327147112,0.4937644100004317,0.1014492753623188,0.0162773759551892,30.334398576265524,0.7997477506811683,0.3059833406807366,0.7622857791261578,0.2685213691257261,,,0,0.0,9.12668998568199e-17,0.0,6.938893903907227e-17,-0.15819451667223,10,0.2
v2_depth,prespecified depth-onset and saturation study,U1-RZ-XY-line|n8|d8|i4|dir=gaussian|basis=Z|eta=0,U1-RZ-XY-line|n8|d8|i4,U1-RZ-XY-line,8,8,1.0,4,gaussian,Z,0.0,96,96,92,96,1.0,70,69,0.7002624352570622,0.3285826496804948,0.460598996938698,0.1068763781047556,0.1161797491661644,9.356604497018443,0.0164330342960556,7.800835488588615,2,27,0.8379757797217321,0.391304347826087,2.1414936592888707,0.4466714318956451,0.391304347826087,0.0263115272217161,16.97626398238813,1.292750426756926,0.846078994861281,1.2321951083160212,0.7855236764203761,,,0,0.0,9.12668998568199e-17,0.0,6.938893903907227e-17,-0.15819451667223,10,0.2
v2_depth,prespecified depth-onset and saturation study,U1-RZ-XY-line|n8|d32|i4|dir=gaussian|basis=Z|eta=0,U1-RZ-XY-line|n8|d32|i4,U1-RZ-XY-line,8,32,4.0,4,gaussian,Z,0.0,96,96,368,96,1.0,70,69,0.7033389251062504,0.3083047911821325,0.4414424633199439,0.0598774317832256,0.0696703752021503,16.70078308669454,0.0042331155101388,15.369861015147146,1,7,0.4290378950476465,0.1014492753623188,4.229087822612515,0.3275886196853276,0.1014492753623188,0.011990386285981,27.320939615459995,0.589117342279889,0.2615287225945613,0.5342874209047462,0.2066988012194185,,,0,8.881784197001252e-16,5.274586405860546e-16,8.881784197001252e-16,6.938893903907227e-17,-0.1504629686351783,10,0.2
v2_depth,prespecified depth-onset and saturation study,U1-RZ-XY-line|n8|d32|i4|dir=gaussian|basis=Z|eta=0,U1-RZ-XY-line|n8|d32|i4,U1-RZ-XY-line,8,32,4.0,4,gaussian,Z,0.0,96,96,368,96,1.0,70,69,0.7033389251062504,0.3083047911821325,0.4414424633199439,0.0598774317832256,0.0696703752021503,16.70078308669454,0.0042331155101388,15.369861015147146,2,27,0.7214390714049669,0.391304347826087,1.843677626923804,0.3301347235788799,0.391304347826087,0.0193818325528019,17.033204815875585,0.9522773837045136,0.6221426601256337,0.863647682406332,0.5335129588274521,,,0,8.881784197001252e-16,5.274586405860546e-16,8.881784197001252e-16,6.938893903907227e-17,-0.1504629686351783,10,0.2
v2_depth,prespecified depth-onset and saturation study,U1-RZ-XY-line|n8|d64|i4|dir=gaussian|basis=Z|eta=0,U1-RZ-XY-line|n8|d64|i4,U1-RZ-XY-line,8,64,8.0,4,gaussian,Z,0.0,96,96,736,96,1.0,70,69,0.7462399070789733,0.3576711434229878,0.4781800261711186,0.0553327643888765,0.065173048093159,18.072474980140864,0.0036186826977979,16.623587283508346,1,7,0.4091290453924902,0.1014492753623188,4.032843447440261,0.3076797700301714,0.1014492753623188,0.0114913552617712,26.77488973417625,0.5645987134646183,0.2569189434344469,0.5068310851497154,0.199151315119544,,,0,1.3322676295501878e-15,6.495375496784838e-16,1.3322676295501878e-15,6.245004513516506e-17,-0.1379456874855863,10,0.2
v2_depth,prespecified depth-onset and saturation study,U1-RZ-XY-line|n8|d64|i4|dir=gaussian|basis=Z|eta=0,U1-RZ-XY-line|n8|d64|i4,U1-RZ-XY-line,8,64,8.0,4,gaussian,Z,0.0,96,96,736,96,1.0,70,69,0.7462399070789733,0.3576711434229878,0.4781800261711186,0.0553327643888765,0.065173048093159,18.072474980140864,0.0036186826977979,16.623587283508346,2,27,0.7236052224725058,0.391304347826087,1.8492133463186256,0.3323008746464188,0.391304347826087,0.0185751749923865,17.88951516110183,0.9126443021016718,0.580343427455253,0.8192659511238545,0.4869650764774356,,,0,1.3322676295501878e-15,6.495375496784838e-16,1.3322676295501878e-15,6.245004513516506e-17,-0.1379456874855863,10,0.2
v2_depth,prespecified depth-onset and saturation study,U1-RZ-XY-line|n12|d12|i4|dir=gaussian|basis=Z|eta=0,U1-RZ-XY-line|n12|d12|i4,U1-RZ-XY-line,12,12,1.0,4,gaussian,Z,0.0,96,96,210,96,1.0,924,923,0.7165424698574888,0.3093921959472376,0.4380917673927806,0.0437286065491263,0.0536897668975729,22.86832531186564,0.0023291479337747,20.72055879654464,1,11,0.4147567350223379,0.0119176598049837,34.801860584147086,0.4028390752173542,0.0119176598049837,0.001157952219399,347.88920343052746,0.7561569853791675,0.3533179101618133,0.68081309742693,0.2779740222095758,,,0,8.881784197001252e-16,6.232077080797309e-16,1.1102230246251563e-15,9.367506770274757e-17,-0.1733594510194774,10,0.2
v2_depth,prespecified depth-onset and saturation study,U1-RZ-XY-line|n12|d12|i4|dir=gaussian|basis=Z|eta=0,U1-RZ-XY-line|n12|d12|i4,U1-RZ-XY-line,12,12,1.0,4,gaussian,Z,0.0,96,96,210,96,1.0,924,923,0.7165424698574888,0.3093921959472376,0.4380917673927806,0.0437286065491263,0.0536897668975729,22.86832531186564,0.0023291479337747,20.72055879654464,2,65,0.6876855083430519,0.0704225352112676,9.765134218471337,0.6172629731317842,0.0704225352112676,0.0027302172102926,226.08566483456372,1.7828652863039507,1.1656023131721664,1.6052196320779817,0.9879566589461972,,,0,8.881784197001252e-16,6.232077080797309e-16,1.1102230246251563e-15,9.367506770274757e-17,-0.1733594510194774,10,0.2
v2_depth,prespecified depth-onset and saturation study,U1-RZ-XY-line|n12|d48|i4|dir=gaussian|basis=Z|eta=0,U1-RZ-XY-line|n12|d48|i4,U1-RZ-XY-line,12,48,4.0,4,gaussian,Z,0.0,96,96,840,96,1.0,924,923,0.7453133167505595,0.3438754296936848,0.4629077995099304,0.0288646877671872,0.0389806806029457,34.64440731407381,0.0010887361613214,30.30670182026365,1,11,0.3026404176587347,0.0119176598049837,25.394282318092014,0.2907227578537509,0.0119176598049837,0.0009828233604007,295.8036709009409,0.6417956949437476,0.3510729370899966,0.5495015390590395,0.2587787812052886,,,0,4.440892098500626e-16,2.6782804676099595e-16,4.440892098500626e-16,8.326672684688674e-17,-0.2347630907466585,10,0.2
v2_depth,prespecified depth-onset and saturation study,U1-RZ-XY-line|n12|d48|i4|dir=gaussian|basis=Z|eta=0,U1-RZ-XY-line|n12|d48|i4,U1-RZ-XY-line,12,48,4.0,4,gaussian,Z,0.0,96,96,840,96,1.0,924,923,0.7453133167505595,0.3438754296936848,0.4629077995099304,0.0288646877671872,0.0389806806029457,34.64440731407381,0.0010887361613214,30.30670182026365,2,65,0.5697957066454263,0.0704225352112676,8.091099034365053,0.4993731714341587,0.0704225352112676,0.0023172987695782,215.49796598953048,1.5132244858397517,1.013851314405593,1.2956135269552544,0.7962403555210957,,,0,4.440892098500626e-16,2.6782804676099595e-16,4.440892098500626e-16,8.326672684688674e-17,-0.2347630907466585,10,0.2
v2_depth,prespecified depth-onset and saturation study,U1-RZ-XY-line|n12|d96|i4|dir=gaussian|basis=Z|eta=0,U1-RZ-XY-line|n12|d96|i4,U1-RZ-XY-line,12,96,8.0,4,gaussian,Z,0.0,96,96,1680,96,1.0,924,923,0.7620332764179175,0.3583432545109355,0.4686749988919298,0.0235792547978873,0.033750304227076,42.41016132916965,0.0006941010385639,37.956717965834194,1,11,0.2956057428819408,0.0119176598049837,24.804009152730128,0.2836880830769571,0.0119176598049837,0.0009124843293673,310.8963890630915,0.5958634459530613,0.3121753628761042,0.4944745379476133,0.2107864548706562,,,0,1.4432899320127037e-15,4.649188370791293e-16,1.3322676295501878e-15,5.551115123125783e-17,-0.2626732804883043,10,0.2
v2_depth,prespecified depth-onset and saturation study,U1-RZ-XY-line|n12|d96|i4|dir=gaussian|basis=Z|eta=0,U1-RZ-XY-line|n12|d96|i4,U1-RZ-XY-line,12,96,8.0,4,gaussian,Z,0.0,96,96,1680,96,1.0,924,923,0.7620332764179175,0.3583432545109355,0.4686749988919298,0.0235792547978873,0.033750304227076,42.41016132916965,0.0006941010385639,37.956717965834194,2,65,0.5460135697631254,0.0704225352112676,7.753392690636381,0.4755910345518578,0.0704225352112676,0.002151453556049,221.0556826637884,1.4049255296298837,0.929334495078026,1.1658709840866242,0.6902799495347663,,,0,1.4432899320127037e-15,4.649188370791293e-16,1.3322676295501878e-15,5.551115123125783e-17,-0.2626732804883043,10,0.2
v2_depth,prespecified depth-onset and saturation study,RY-RZ-CZ-line|n8|d4|i5|dir=gaussian|basis=Z|eta=0,RY-RZ-CZ-line|n8|d4|i5,RY-RZ-CZ-line,8,4,0.5,5,gaussian,Z,0.0,96,96,64,96,1.0,256,255,0.8508052274368655,0.3678899254739763,0.4343445821597334,0.0487563920400418,0.0586651796229581,20.51013124963668,0.0032654652917014,17.49957349173657,1,8,0.3427317589534988,0.0313725490196078,10.924574816642776,0.311359209933891,0.0313725490196078,0.0036051362121722,86.36544962784673,0.6513135304968889,0.3399543205629979,0.58942847381031,0.278069263876419,,,0,4.440892098500626e-16,2.500951503118635e-16,4.440892098500626e-16,2.220446049250313e-16,-0.2131453131529879,10,0.2
v2_depth,prespecified depth-onset and saturation study,RY-RZ-CZ-line|n8|d4|i5|dir=gaussian|basis=Z|eta=0,RY-RZ-CZ-line|n8|d4|i5,RY-RZ-CZ-line,8,4,0.5,5,gaussian,Z,0.0,96,96,64,96,1.0,256,255,0.8508052274368655,0.3678899254739763,0.4343445821597334,0.0487563920400418,0.0586651796229581,20.51013124963668,0.0032654652917014,17.49957349173657,2,36,0.6349530588407121,0.1411764705882353,4.497584166788378,0.4937765882524768,0.1411764705882353,0.0072011443381118,68.56918360033073,1.3009779565713713,0.8072013683188946,1.1773645341249088,0.6835879458724321,,,0,4.440892098500626e-16,2.500951503118635e-16,4.440892098500626e-16,2.220446049250313e-16,-0.2131453131529879,10,0.2
v2_depth,prespecified depth-onset and saturation study,RY-RZ-CZ-line|n8|d32|i1|dir=gaussian|basis=Z|eta=0,RY-RZ-CZ-line|n8|d32|i1,RY-RZ-CZ-line,8,32,4.0,1,gaussian,Z,0.0,96,96,512,96,1.0,256,255,0.9299261899901508,0.4353036891262061,0.4683063150823258,0.0117641092786098,0.022058233140291,85.00431068064405,0.0002113484479386,68.78606544361605,1,8,0.0308700606629332,0.0313725490196078,0.9839831836309963,-0.0005024883566746,0.0313725490196078,0.0020750743760629,-0.2421543837035862,0.3748884753241558,0.3743859869674812,0.2465197786814215,0.2460172903247469,,,0,1.3322676295501878e-15,4.164239746139791e-16,1.2212453270876722e-15,4.510281037539698e-17,-0.354996440730992,10,0.2
v2_depth,prespecified depth-onset and saturation study,RY-RZ-CZ-line|n8|d32|i1|dir=gaussian|basis=Z|eta=0,RY-RZ-CZ-line|n8|d32|i1,RY-RZ-CZ-line,8,32,4.0,1,gaussian,Z,0.0,96,96,512,96,1.0,256,255,0.9299261899901508,0.4353036891262061,0.4683063150823258,0.0117641092786098,0.022058233140291,85.00431068064405,0.0002113484479386,68.78606544361605,2,36,0.139471527671476,0.1411764705882353,0.9879233210062888,-0.0017049429167592,0.1411764705882353,0.0041448947321029,-0.4113356374419212,0.7488277453675696,0.7471228024508103,0.492415377396976,0.4907104344802168,,,0,1.3322676295501878e-15,4.164239746139791e-16,1.2212453270876722e-15,4.510281037539698e-17,-0.354996440730992,10,0.2
v2_depth,prespecified depth-onset and saturation study,RY-RZ-CZ-line|n8|d64|i9|dir=gaussian|basis=Z|eta=0,RY-RZ-CZ-line|n8|d64|i9,RY-RZ-CZ-line,8,64,8.0,9,gaussian,Z,0.0,96,96,1024,96,1.0,256,255,0.9633984483826776,0.468002677198216,0.4858201176931409,0.0078954884701122,0.0182299104652152,126.65460836089092,9.412826550848276e-05,103.07182646973608,1,8,0.0297397206974377,0.0313725490196078,0.9479535972308272,-0.0016328283221701,0.0313725490196078,0.0018431030227889,-0.8859126711752563,0.3329799114910054,0.3313470831688353,0.1754821437661943,0.1738493154440241,,,0,1.3322676295501878e-15,3.122610675093271e-16,1.3322676295501878e-15,4.163336342344337e-17,-0.3836675816849361,10,0.2
v2_depth,prespecified depth-onset and saturation study,RY-RZ-CZ-line|n8|d64|i9|dir=gaussian|basis=Z|eta=0,RY-RZ-CZ-line|n8|d64|i9,RY-RZ-CZ-line,8,64,8.0,9,gaussian,Z,0.0,96,96,1024,96,1.0,256,255,0.9633984483826776,0.468002677198216,0.4858201176931409,0.0078954884701122,0.0182299104652152,126.65460836089092,9.412826550848276e-05,103.07182646973608,2,36,0.1318380457265544,0.1411764705882353,0.9338528238964277,-0.0093384248616808,0.1411764705882353,0.0036815393693865,-2.5365543933424863,0.6651167288055495,0.6557783039438687,0.3505199725200512,0.3411815476583704,,,0,1.3322676295501878e-15,3.122610675093271e-16,1.3322676295501878e-15,4.163336342344337e-17,-0.3836675816849361,10,0.2
v2_depth,prespecified depth-onset and saturation study,RY-RZ-CZ-line|n12|d24|i5|dir=gaussian|basis=Z|eta=0,RY-RZ-CZ-line|n12|d24|i5,RY-RZ-CZ-line,12,24,2.0,5,gaussian,Z,0.0,96,96,576,96,1.0,4096,4095,0.9526607695382184,0.4421434732048527,0.4645514163012734,0.007438617311159,0.0177777983808344,134.43358599720517,8.830427211811747e-05,106.41654200903317,1,12,0.0200132430531214,0.0029304029304029,6.829519191877703,0.0170828401227185,0.0029304029304029,0.0001581601181965,108.00978348716453,0.4580246844344632,0.4409418443117447,0.2933939575268022,0.2763111174040837,,,0,1.1102230246251563e-16,1.406089420533069e-16,2.220446049250313e-16,4.510281037539698e-17,-0.3800778625894337,10,0.2
v2_depth,prespecified depth-onset and saturation study,RY-RZ-CZ-line|n12|d24|i5|dir=gaussian|basis=Z|eta=0,RY-RZ-CZ-line|n12|d24|i5,RY-RZ-CZ-line,12,24,2.0,5,gaussian,Z,0.0,96,96,576,96,1.0,4096,4095,0.9526607695382184,0.4421434732048527,0.4645514163012734,0.007438617311159,0.0177777983808344,134.43358599720517,8.830427211811747e-05,106.41654200903317,2,78,0.0627776727661021,0.019047619047619,3.2958278202203624,0.0437300537184831,0.019047619047619,0.0003999584577764,109.33648949843912,1.1582619468090538,1.1145318930905708,0.7419404848160126,0.6982104310975294,,,0,1.1102230246251563e-16,1.406089420533069e-16,2.220446049250313e-16,4.510281037539698e-17,-0.3800778625894337,10,0.2
v2_depth,prespecified depth-onset and saturation study,RY-RZ-CZ-line|n12|d96|i1|dir=gaussian|basis=Z|eta=0,RY-RZ-CZ-line|n12|d96|i1,RY-RZ-CZ-line,12,96,8.0,1,gaussian,Z,0.0,96,96,2304,96,1.0,4096,4095,0.9825214935620455,0.4801505195146179,0.4887642685923898,0.0019110675482257,0.012307827261265,523.2677415973196,6.043643195148939e-06,406.7715700471318,1,12,0.0024138437757135,0.0029304029304029,0.8237241884622495,-0.0005165591546893,0.0029304029304029,0.000131189901879,-3.937491737477136,0.3799201346983763,0.3794035755436869,0.1412224930183503,0.140705933863661,,,0,4.440892098500626e-15,9.380517196344584e-16,4.6629367034256575e-15,2.255140518769849e-17,-0.439364861611368,10,0.2
v2_depth,prespecified depth-onset and saturation study,RY-RZ-CZ-line|n12|d96|i1|dir=gaussian|basis=Z|eta=0,RY-RZ-CZ-line|n12|d96|i1,RY-RZ-CZ-line,12,96,8.0,1,gaussian,Z,0.0,96,96,2304,96,1.0,4096,4095,0.9825214935620455,0.4801505195146179,0.4887642685923898,0.0019110675482257,0.012307827261265,523.2677415973196,6.043643195148939e-06,406.7715700471318,2,78,0.0169649871628992,0.019047619047619,0.8906618260522086,-0.0020826318847198,0.019047619047619,0.0003317556374495,-6.277608123650118,0.9607496054301932,0.9586669735454734,0.3571262537926979,0.3550436219079781,,,0,4.440892098500626e-15,9.380517196344584e-16,4.6629367034256575e-15,2.255140518769849e-17,-0.439364861611368,10,0.2
v2_depth,prespecified depth-onset and saturation study,SU2-CNOT-line|n8|d8|i9|dir=gaussian|basis=Z|eta=0,SU2-CNOT-line|n8|d8|i9,SU2-CNOT-line,8,8,1.0,9,gaussian,Z,0.0,96,96,192,96,1.0,256,255,0.9531295535728712,0.441848607626832,0.4638736422271814,0.0166460393568398,0.0268893097802061,60.07435033421922,0.0003831341494291,51.08866666594512,1,8,0.0358626902332901,0.0313725490196078,1.1431232511861238,0.0044901412136823,0.0313725490196078,0.0023351463289749,1.9228521818816489,0.4218737684907245,0.4173836272770422,0.3140098297529245,0.3095196885392422,,,0,8.881784197001252e-16,2.4115152191906277e-16,8.881784197001252e-16,7.63278329429795e-17,-0.3365202407049543,10,0.2
v2_depth,prespecified depth-onset and saturation study,SU2-CNOT-line|n8|d8|i9|dir=gaussian|basis=Z|eta=0,SU2-CNOT-line|n8|d8|i9,SU2-CNOT-line,8,8,1.0,9,gaussian,Z,0.0,96,96,192,96,1.0,256,255,0.9531295535728712,0.441848607626832,0.4638736422271814,0.0166460393568398,0.0268893097802061,60.07435033421922,0.0003831341494291,51.08866666594512,2,36,0.1356975534296761,0.1411764705882353,0.961191003460206,-0.0054789171585591,0.1411764705882353,0.0046643801443019,-1.17462920882472,0.8426793664848455,0.8372004493262863,0.6272245969519824,0.6217456797934232,,,0,8.881784197001252e-16,2.4115152191906277e-16,8.881784197001252e-16,7.63278329429795e-17,-0.3365202407049543,10,0.2
v2_depth,prespecified depth-onset and saturation study,SU2-CNOT-line|n8|d48|i5|dir=gaussian|basis=Z|eta=0,SU2-CNOT-line|n8|d48|i5,SU2-CNOT-line,8,48,6.0,5,gaussian,Z,0.0,96,96,1152,96,1.0,256,255,0.987853708152144,0.4836325339491339,0.4895329550285305,0.0057831690697714,0.0161395943919613,172.91557413166143,4.241501890462696e-05,153.54658702256864,1,8,0.0295293121441412,0.0313725490196078,0.9412468245945016,-0.0018432368754666,0.0313725490196078,0.0017031601068757,-1.0822452146603143,0.307697450782946,0.3058542139074794,0.1201065290877682,0.1182632922123016,,,0,4.440892098500626e-16,9.876123695753821e-17,4.440892098500626e-16,3.9898639947466563e-17,-0.3739151189435749,10,0.2
v2_depth,prespecified depth-onset and saturation study,SU2-CNOT-line|n8|d48|i5|dir=gaussian|basis=Z|eta=0,SU2-CNOT-line|n8|d48|i5,SU2-CNOT-line,8,48,6.0,5,gaussian,Z,0.0,96,96,1152,96,1.0,256,255,0.987853708152144,0.4836325339491339,0.4895329550285305,0.0057831690697714,0.0161395943919613,172.91557413166143,4.241501890462696e-05,153.54658702256864,2,36,0.1365830892377521,0.1411764705882353,0.9674635487674108,-0.0045933813504831,0.1411764705882353,0.0034020078684173,-1.350197156545707,0.6146158217478168,0.6100224403973337,0.2399089523969763,0.2353155710464931,,,0,4.440892098500626e-16,9.876123695753821e-17,4.440892098500626e-16,3.9898639947466563e-17,-0.3739151189435749,10,0.2
v2_depth,prespecified depth-onset and saturation study,SU2-CNOT-line|n12|d12|i1|dir=gaussian|basis=Z|eta=0,SU2-CNOT-line|n12|d12|i1,SU2-CNOT-line,12,12,1.0,1,gaussian,Z,0.0,96,96,432,96,1.0,4096,4095,0.9506554118420464,0.4522251446237246,0.4758091227978493,0.0056492964358557,0.0160071162646488,177.01319294435802,4.556707000258514e-05,148.1407189410897,1,12,0.0047944671272676,0.0029304029304029,1.636111907180097,0.0018640641968647,0.0029304029304029,0.0001499614867719,12.430286182071995,0.4342818116175339,0.4324177474206692,0.2543051021573022,0.2524410379604374,,,0,2.220446049250313e-16,9.654246572309971e-17,3.3306690738754696e-16,2.4286128663675302e-17,-0.4012237686700293,10,0.2
v2_depth,prespecified depth-onset and saturation study,SU2-CNOT-line|n12|d12|i1|dir=gaussian|basis=Z|eta=0,SU2-CNOT-line|n12|d12|i1,SU2-CNOT-line,12,12,1.0,1,gaussian,Z,0.0,96,96,432,96,1.0,4096,4095,0.9506554118420464,0.4522251446237246,0.4758091227978493,0.0056492964358557,0.0160071162646488,177.01319294435802,4.556707000258514e-05,148.1407189410897,2,78,0.0223342242913465,0.019047619047619,1.172546775295692,0.0032866052437274,0.019047619047619,0.0003792255952959,8.666622940264917,1.09822049702184,1.0949338917781124,0.6430918086257384,0.639805203382011,,,0,2.220446049250313e-16,9.654246572309971e-17,3.3306690738754696e-16,2.4286128663675302e-17,-0.4012237686700293,10,0.2
v2_depth,prespecified depth-onset and saturation study,SU2-CNOT-line|n12|d48|i9|dir=gaussian|basis=Z|eta=0,SU2-CNOT-line|n12|d48|i9,SU2-CNOT-line,12,48,4.0,9,gaussian,Z,0.0,96,96,1728,96,1.0,4096,4095,0.9852400377155917,0.4861240449654914,0.4934256756484396,0.0014387474146612,0.0118404271290918,695.0490334924157,3.1762656334958414e-06,561.1017099022225,1,12,0.002691384295961,0.0029304029304029,0.918434890996706,-0.0002390186344418,0.0029304029304029,0.0001286233476235,-1.8582834209956085,0.3724875074573078,0.372248488822866,0.119551495144084,0.1193124765096421,,,0,3.774758283725532e-15,5.742098479910817e-16,3.774758283725532e-15,2.255140518769849e-17,-0.4366859543471094,10,0.2
v2_depth,prespecified depth-onset and saturation study,SU2-CNOT-line|n12|d48|i9|dir=gaussian|basis=Z|eta=0,SU2-CNOT-line|n12|d48|i9,SU2-CNOT-line,12,48,4.0,9,gaussian,Z,0.0,96,96,1728,96,1.0,4096,4095,0.9852400377155917,0.4861240449654914,0.4934256756484396,0.0014387474146612,0.0118404271290918,695.0490334924157,3.1762656334958414e-06,561.1017099022225,2,78,0.0181754501617035,0.019047619047619,0.9542111334894376,-0.0008721688859154,0.019047619047619,0.000325265283917,-2.681407850884633,0.9419538295894748,0.9410816607035594,0.3023242026365793,0.3014520337506638,,,0,3.774758283725532e-15,5.742098479910817e-16,3.774758283725532e-15,2.255140518769849e-17,-0.4366859543471094,10,0.2
v2_depth,prespecified depth-onset and saturation study,SU2-HaarU4-brickwork|n8|d4|i5|dir=gaussian|basis=Z|eta=0,SU2-HaarU4-brickwork|n8|d4|i5,SU2-HaarU4-brickwork,8,4,0.5,5,gaussian,Z,0.0,96,96,96,96,1.0,256,255,0.8180918306258708,0.3768747749319187,0.4637844921663168,0.0504205892960844,0.0603120414909168,19.833167639666165,0.0034406757812631,17.04818402781119,1,8,0.2810368921613874,0.0313725490196078,8.958050937644225,0.2496643431417796,0.0313725490196078,0.003658961383261,68.23366441743241,0.661037729569609,0.4113733864278294,0.6002681258460622,0.3506037827042825,,,0,1.7763568394002505e-15,9.004284355816151e-16,1.7763568394002505e-15,1.52655665885959e-16,-0.2177156332551617,10,0.2
v2_depth,prespecified depth-onset and saturation study,SU2-HaarU4-brickwork|n8|d4|i5|dir=gaussian|basis=Z|eta=0,SU2-HaarU4-brickwork|n8|d4|i5,SU2-HaarU4-brickwork,8,4,0.5,5,gaussian,Z,0.0,96,96,96,96,1.0,256,255,0.8180918306258708,0.3768747749319187,0.4637844921663168,0.0504205892960844,0.0603120414909168,19.833167639666165,0.0034406757812631,17.04818402781119,2,36,0.5093098721660726,0.1411764705882353,3.607611594509681,0.3681334015778373,0.1411764705882353,0.0073086583967278,50.36949075943335,1.3204017333648137,0.9522683317869765,1.199016392554226,0.8308829909763886,,,0,1.7763568394002505e-15,9.004284355816151e-16,1.7763568394002505e-15,1.52655665885959e-16,-0.2177156332551617,10,0.2
v2_depth,prespecified depth-onset and saturation study,SU2-HaarU4-brickwork|n8|d32|i1|dir=gaussian|basis=Z|eta=0,SU2-HaarU4-brickwork|n8|d32|i1,SU2-HaarU4-brickwork,8,32,4.0,1,gaussian,Z,0.0,96,96,768,96,1.0,256,255,0.9583484280612788,0.4683119583087874,0.4886917678184974,0.0089302791286009,0.0192539220543447,111.97858270715216,0.0001089458908498,95.8064113065392,1,8,0.0269056797851812,0.0313725490196078,0.8576185431526508,-0.0044668692344266,0.0313725490196078,0.001907916520685,-2.341228867195308,0.3446892910134873,0.3402224217790606,0.1970091263962692,0.1925422571618426,,,0,7.216449660063518e-15,1.956789274632723e-15,7.216449660063518e-15,5.377642775528102e-17,-0.3633330642343671,10,0.2
v2_depth,prespecified depth-onset and saturation study,SU2-HaarU4-brickwork|n8|d32|i1|dir=gaussian|basis=Z|eta=0,SU2-HaarU4-brickwork|n8|d32|i1,SU2-HaarU4-brickwork,8,32,4.0,1,gaussian,Z,0.0,96,96,768,96,1.0,256,255,0.9583484280612788,0.4683119583087874,0.4886917678184974,0.0089302791286009,0.0192539220543447,111.97858270715216,0.0001089458908498,95.8064113065392,2,36,0.126627433730456,0.1411764705882353,0.8969443222573967,-0.0145490368577792,0.1411764705882353,0.0038110022595353,-3.8176405750945994,0.6885058400869554,0.6739568032291761,0.3935194321687036,0.3789703953109243,,,0,7.216449660063518e-15,1.956789274632723e-15,7.216449660063518e-15,5.377642775528102e-17,-0.3633330642343671,10,0.2
v2_depth,prespecified depth-onset and saturation study,SU2-HaarU4-brickwork|n8|d64|i9|dir=gaussian|basis=Z|eta=0,SU2-HaarU4-brickwork|n8|d64|i9,SU2-HaarU4-brickwork,8,64,8.0,9,gaussian,Z,0.0,96,96,1536,96,1.0,256,255,0.99439572494034,0.4955910725444978,0.4978640429821689,0.0067063744348977,0.0170531830345341,149.11186509305793,6.230778659536909e-05,126.68606248997216,1,8,0.0291370755553383,0.0313725490196078,0.9287442833264102,-0.0022354734642694,0.0313725490196078,0.0017656882161856,-1.2660635347607725,0.3189939459035598,0.3167584724392903,0.1468996759899087,0.1446642025256392,,,0,1.0103029524088925e-14,1.9065116100310705e-15,9.992007221626407e-15,4.510281037539698e-17,-0.3755178981933363,10,0.2
v2_depth,prespecified depth-onset and saturation study,SU2-HaarU4-brickwork|n8|d64|i9|dir=gaussian|basis=Z|eta=0,SU2-HaarU4-brickwork|n8|d64|i9,SU2-HaarU4-brickwork,8,64,8.0,9,gaussian,Z,0.0,96,96,1536,96,1.0,256,255,0.99439572494034,0.4955910725444978,0.4978640429821689,0.0067063744348977,0.0170531830345341,149.11186509305793,6.230778659536909e-05,126.68606248997216,2,36,0.134497004536649,0.1411764705882353,0.9526871154679304,-0.0066794660515862,0.1411764705882353,0.0035269057679224,-1.893860083344651,0.6371802096352028,0.6305007435836165,0.2934274068351491,0.2867479407835628,,,0,1.0103029524088925e-14,1.9065116100310705e-15,9.992007221626407e-15,4.510281037539698e-17,-0.3755178981933363,10,0.2
v2_depth,prespecified depth-onset and saturation study,SU2-HaarU4-brickwork|n12|d24|i5|dir=gaussian|basis=Z|eta=0,SU2-HaarU4-brickwork|n12|d24|i5,SU2-HaarU4-brickwork,12,24,2.0,5,gaussian,Z,0.0,96,96,864,96,1.0,4096,4095,0.9832570861774405,0.4797429321992673,0.4879285669099455,0.0050867802833974,0.0154504596554453,196.58800740104093,4.068654045968377e-05,156.7742089614014,1,12,0.0031665031240136,0.0029304029304029,1.0805691910696542,0.0002361001936107,0.0029304029304029,0.000147289793795,1.6029637052742003,0.4265447073042533,0.4263086071106426,0.2407086868841985,0.2404725866905878,,,0,3.996802888650564e-15,1.1657488778355758e-15,4.107825191113079e-15,2.6020852139652106e-17,-0.3889967474407992,10,0.2
v2_depth,prespecified depth-onset and saturation study,SU2-HaarU4-brickwork|n12|d24|i5|dir=gaussian|basis=Z|eta=0,SU2-HaarU4-brickwork|n12|d24|i5,SU2-HaarU4-brickwork,12,24,2.0,5,gaussian,Z,0.0,96,96,864,96,1.0,4096,4095,0.9832570861774405,0.4797429321992673,0.4879285669099455,0.0050867802833974,0.0154504596554453,196.58800740104093,4.068654045968377e-05,156.7742089614014,2,78,0.0184129161241491,0.019047619047619,0.966678096517832,-0.0006347029234698,0.019047619047619,0.00037246936487,-1.7040406093299372,1.0786547534950903,1.0780200505716206,0.6087089228140402,0.6080742198905703,,,0,3.996802888650564e-15,1.1657488778355758e-15,4.107825191113079e-15,2.6020852139652106e-17,-0.3889967474407992,10,0.2
v2_depth,prespecified depth-onset and saturation study,SU2-HaarU4-brickwork|n12|d96|i1|dir=gaussian|basis=Z|eta=0,SU2-HaarU4-brickwork|n12|d96|i1,SU2-HaarU4-brickwork,12,96,8.0,1,gaussian,Z,0.0,96,96,3456,96,1.0,4096,4095,0.9889124121172488,0.4922548327077155,0.4977512616112435,0.0012472291417461,0.0116509038381863,801.7772889751167,2.3668552684891464e-06,650.0011859488297,1,12,0.0027798019203082,0.0029304029304029,0.948607405305191,-0.0001506010100946,0.0029304029304029,0.0001275679377579,-1.180555339700036,0.3694310873169394,0.3692804863068448,0.1095494200108026,0.109398819000708,,,0,2.0650148258027912e-14,2.4889852240762107e-15,2.0872192862952943e-14,2.949029909160572e-17,-0.4502887109185141,10,0.2
v2_depth,prespecified depth-onset and saturation study,SU2-HaarU4-brickwork|n12|d96|i1|dir=gaussian|basis=Z|eta=0,SU2-HaarU4-brickwork|n12|d96|i1,SU2-HaarU4-brickwork,12,96,8.0,1,gaussian,Z,0.0,96,96,3456,96,1.0,4096,4095,0.9889124121172488,0.4922548327077155,0.4977512616112435,0.0012472291417461,0.0116509038381863,801.7772889751167,2.3668552684891464e-06,650.0011859488297,2,78,0.0183081179999402,0.019047619047619,0.9611761949968608,-0.0007395010476788,0.019047619047619,0.0003225963424228,-2.292341698993838,0.9342246934482192,0.9334851924005404,0.2770307557772483,0.2762912547295695,,,0,2.0650148258027912e-14,2.4889852240762107e-15,2.0872192862952943e-14,2.949029909160572e-17,-0.4502887109185141,10,0.2
v2_depth,prespecified depth-onset and saturation study,U1-RZ-XY-line|n8|d8|i5|dir=gaussian|basis=Z|eta=0,U1-RZ-XY-line|n8|d8|i5,U1-RZ-XY-line,8,8,1.0,5,gaussian,Z,0.0,96,96,92,96,1.0,70,69,0.6191476396169961,0.2327946921225837,0.3921664491917488,0.1030978335356831,0.112440564436353,9.699524865902164,0.0149549362608224,8.17725830984456,1,7,0.6321917675545248,0.1014492753623188,6.231604565894601,0.5307424921922059,0.1014492753623188,0.0159753011347603,33.2226909349067,0.784906067424571,0.2541635752323651,0.7465340657556507,0.2157915735634448,,,0,4.440892098500626e-16,5.588502613461813e-16,4.440892098500626e-16,9.714451465470121e-17,-0.07056704234197,10,0.2
v2_depth,prespecified depth-onset and saturation study,U1-RZ-XY-line|n8|d8|i5|dir=gaussian|basis=Z|eta=0,U1-RZ-XY-line|n8|d8|i5,U1-RZ-XY-line,8,8,1.0,5,gaussian,Z,0.0,96,96,92,96,1.0,70,69,0.6191476396169961,0.2327946921225837,0.3921664491917488,0.1030978335356831,0.112440564436353,9.699524865902164,0.0149549362608224,8.17725830984456,2,27,0.8776537509499788,0.391304347826087,2.2428929190943903,0.4863494031238918,0.391304347826087,0.0258232390674957,18.833787730992665,1.268759621721944,0.7824102185980524,1.206733287179879,0.7203838840559873,,,0,4.440892098500626e-16,5.588502613461813e-16,4.440892098500626e-16,9.714451465470121e-17,-0.07056704234197,10,0.2
v2_depth,prespecified depth-onset and saturation study,U1-RZ-XY-line|n8|d32|i5|dir=gaussian|basis=Z|eta=0,U1-RZ-XY-line|n8|d32|i5,U1-RZ-XY-line,8,32,4.0,5,gaussian,Z,0.0,96,96,368,96,1.0,70,69,0.7901633895556937,0.4032279034719717,0.5135182624435615,0.0639190199345438,0.0736698634768923,15.644795571397196,0.0051064481355902,13.99395707275552,1,7,0.3889662307649541,0.1014492753623188,3.834095703254548,0.2875169554026353,0.1014492753623188,0.0124173396915504,23.15447290197595,0.6100946193723276,0.3225776639696923,0.5575697730969854,0.2700528176943501,,,0,5.551115123125784e-16,3.4694903197694664e-16,5.551115123125784e-16,6.938893903907227e-17,-0.1379812464173145,10,0.2
v2_depth,prespecified depth-onset and saturation study,U1-RZ-XY-line|n8|d32|i5|dir=gaussian|basis=Z|eta=0,U1-RZ-XY-line|n8|d32|i5,U1-RZ-XY-line,8,32,4.0,5,gaussian,Z,0.0,96,96,368,96,1.0,70,69,0.7901633895556937,0.4032279034719717,0.5135182624435615,0.0639190199345438,0.0736698634768923,15.644795571397196,0.0051064481355902,13.99395707275552,2,27,0.737407462932246,0.391304347826087,1.8844857386046283,0.346103115106159,0.391304347826087,0.0200719804110298,17.243097493059082,0.9861860553954944,0.6400829402893353,0.9012823874827598,0.5551792723766007,,,0,5.551115123125784e-16,3.4694903197694664e-16,5.551115123125784e-16,6.938893903907227e-17,-0.1379812464173145,10,0.2
v2_depth,prespecified depth-onset and saturation study,U1-RZ-XY-line|n8|d64|i5|dir=gaussian|basis=Z|eta=0,U1-RZ-XY-line|n8|d64|i5,U1-RZ-XY-line,8,64,8.0,5,gaussian,Z,0.0,96,96,736,96,1.0,70,69,0.7456972418844184,0.3588465522406596,0.4808557655636903,0.0550985877367724,0.0649413107811811,18.14928550941072,0.0035270104171121,16.838237420574497,1,7,0.4514924719487598,0.1014492753623188,4.45042579492349,0.350043196586441,0.1014492753623188,0.0114650528603847,30.53131990310723,0.5633064114127219,0.2132632148262808,0.50537591124919,0.155332714662749,,,0,3.3306690738754696e-16,1.5407638233299222e-16,3.3306690738754696e-16,6.938893903907227e-17,-0.1473199262835559,10,0.2
v2_depth,prespecified depth-onset and saturation study,U1-RZ-XY-line|n8|d64|i5|dir=gaussian|basis=Z|eta=0,U1-RZ-XY-line|n8|d64|i5,U1-RZ-XY-line,8,64,8.0,5,gaussian,Z,0.0,96,96,736,96,1.0,70,69,0.7456972418844184,0.3588465522406596,0.4808557655636903,0.0550985877367724,0.0649413107811811,18.14928550941072,0.0035270104171121,16.838237420574497,2,27,0.7447714627728802,0.391304347826087,1.9033048493084717,0.3534671149467932,0.391304347826087,0.018532658535681,19.072661068365367,0.9105553633986058,0.5570882484518125,0.8169137385927062,0.463446623645913,,,0,3.3306690738754696e-16,1.5407638233299222e-16,3.3306690738754696e-16,6.938893903907227e-17,-0.1473199262835559,10,0.2
v2_depth,prespecified depth-onset and saturation study,U1-RZ-XY-line|n12|d12|i5|dir=gaussian|basis=Z|eta=0,U1-RZ-XY-line|n12|d12|i5,U1-RZ-XY-line,12,12,1.0,5,gaussian,Z,0.0,96,96,210,96,1.0,924,923,0.6430962594692943,0.2640879457560532,0.4147842780301399,0.0518858193533407,0.0617620087350768,19.273088725650297,0.0035889168743405,16.692381440408298,1,11,0.4397397476490075,0.0119176598049837,36.89816246182127,0.4278220878440237,0.0119176598049837,0.0012436246020803,344.0122422219311,0.8121021008452943,0.3842800130012705,0.743079033963196,0.3152569461191722,,,0,1.7763568394002505e-15,1.214351039539576e-15,1.887379141862766e-15,1.457167719820518e-16,-0.1504194521310352,10,0.2
v2_depth,prespecified depth-onset and saturation study,U1-RZ-XY-line|n12|d12|i5|dir=gaussian|basis=Z|eta=0,U1-RZ-XY-line|n12|d12|i5,U1-RZ-XY-line,12,12,1.0,5,gaussian,Z,0.0,96,96,210,96,1.0,924,923,0.6430962594692943,0.2640879457560532,0.4147842780301399,0.0518858193533407,0.0617620087350768,19.273088725650297,0.0035889168743405,16.692381440408298,2,65,0.7256887955035284,0.0704225352112676,10.304780896150104,0.6552662602922608,0.0704225352112676,0.0029322153668009,223.47139562506453,1.914772557190047,1.259506296897786,1.7520301210587157,1.0967638607664547,,,0,1.7763568394002505e-15,1.214351039539576e-15,1.887379141862766e-15,1.457167719820518e-16,-0.1504194521310352,10,0.2
v2_depth,prespecified depth-onset and saturation study,U1-RZ-XY-line|n12|d48|i5|dir=gaussian|basis=Z|eta=0,U1-RZ-XY-line|n12|d48|i5,U1-RZ-XY-line,12,48,4.0,5,gaussian,Z,0.0,96,96,840,96,1.0,924,923,0.7373912016414002,0.3370508064359134,0.460598935717823,0.0267581261581409,0.0368960623439936,37.37182469691576,0.0009051354368779,33.23863771108336,1,11,0.2787487970520073,0.0119176598049837,23.389558152636617,0.2668311372470235,0.0119176598049837,0.0009554099128138,279.28445546598147,0.6238943778264257,0.3570632405794021,0.5282574390006325,0.2614263017536089,,,0,8.881784197001252e-16,5.517756992535126e-16,1.1102230246251563e-15,6.245004513516506e-17,-0.234992536311013,10,0.2
v2_depth,prespecified depth-onset and saturation study,U1-RZ-XY-line|n12|d48|i5|dir=gaussian|basis=Z|eta=0,U1-RZ-XY-line|n12|d48|i5,U1-RZ-XY-line,12,48,4.0,5,gaussian,Z,0.0,96,96,840,96,1.0,924,923,0.7373912016414002,0.3370508064359134,0.460598935717823,0.0267581261581409,0.0368960623439936,37.37182469691576,0.0009051354368779,33.23863771108336,2,65,0.5347960295401651,0.0704225352112676,7.594103619470345,0.4643734943288975,0.0704225352112676,0.0022526634028149,206.14419968318805,1.4710167994932608,1.0066433051643633,1.2455242343014157,0.7811507399725182,,,0,8.881784197001252e-16,5.517756992535126e-16,1.1102230246251563e-15,6.245004513516506e-17,-0.234992536311013,10,0.2
v2_depth,prespecified depth-onset and saturation study,U1-RZ-XY-line|n12|d96|i5|dir=gaussian|basis=Z|eta=0,U1-RZ-XY-line|n12|d96|i5,U1-RZ-XY-line,12,96,8.0,5,gaussian,Z,0.0,96,96,1680,96,1.0,924,923,0.7572082399493706,0.3545722043953495,0.4687887382630469,0.0235204113206575,0.033692073702734,42.516263273071225,0.0006640940964229,38.80477684153604,1,11,0.3104631564684233,0.0119176598049837,26.05068122003225,0.2985454966634395,0.0119176598049837,0.000911670689683,327.4707633380724,0.595332129271273,0.2967866326078334,0.4938274035236952,0.1952819068602557,,,0,8.881784197001252e-16,4.720488264635378e-16,1.1102230246251563e-15,5.551115123125783e-17,-0.2398521246852718,10,0.2
v2_depth,prespecified depth-onset and saturation study,U1-RZ-XY-line|n12|d96|i5|dir=gaussian|basis=Z|eta=0,U1-RZ-XY-line|n12|d96|i5,U1-RZ-XY-line,12,96,8.0,5,gaussian,Z,0.0,96,96,1680,96,1.0,924,923,0.7572082399493706,0.3545722043953495,0.4687887382630469,0.0235204113206575,0.033692073702734,42.516263273071225,0.0006640940964229,38.80477684153604,2,65,0.5512296886510335,0.0704225352112676,7.827461578844676,0.4808071534397659,0.0704225352112676,0.0021495351581809,223.67959491607496,1.4036727923196286,0.9228656388798628,1.1643451719572857,0.6835380185175196,,,0,8.881784197001252e-16,4.720488264635378e-16,1.1102230246251563e-15,5.551115123125783e-17,-0.2398521246852718,10,0.2
v2_depth,prespecified depth-onset and saturation study,RY-RZ-CZ-line|n8|d4|i6|dir=gaussian|basis=Z|eta=0,RY-RZ-CZ-line|n8|d4|i6,RY-RZ-CZ-line,8,4,0.5,6,gaussian,Z,0.0,96,96,64,96,1.0,256,255,0.7930716143653638,0.373665960810785,0.4710355604457063,0.059011858275458,0.0688138180850887,16.94574665539521,0.0041441593708228,15.533945449032569,1,8,0.5094895302946267,0.0313725490196078,16.23997877814123,0.4781169812750189,0.0313725490196078,0.0039251058430689,121.80995886245644,0.7091200980400169,0.2310031167649979,0.6533725848887179,0.1752556036136989,,,0,0.0,2.4987395562760885e-16,0.0,1.1796119636642288e-16,-0.1749122600260251,10,0.2
v2_depth,prespecified depth-onset and saturation study,RY-RZ-CZ-line|n8|d4|i6|dir=gaussian|basis=Z|eta=0,RY-RZ-CZ-line|n8|d4|i6,RY-RZ-CZ-line,8,4,0.5,6,gaussian,Z,0.0,96,96,64,96,1.0,256,255,0.7930716143653638,0.373665960810785,0.4710355604457063,0.059011858275458,0.0688138180850887,16.94574665539521,0.0041441593708228,15.533945449032569,2,36,0.7834097652600285,0.1411764705882353,5.549152503925201,0.6422332946717932,0.1411764705882353,0.007840273447331,81.91465501632685,1.4164447273312069,0.7742114326594136,1.305090851897079,0.6628575572252857,,,0,0.0,2.4987395562760885e-16,0.0,1.1796119636642288e-16,-0.1749122600260251,10,0.2
v2_depth,prespecified depth-onset and saturation study,RY-RZ-CZ-line|n8|d32|i2|dir=gaussian|basis=Z|eta=0,RY-RZ-CZ-line|n8|d32|i2,RY-RZ-CZ-line,8,32,4.0,2,gaussian,Z,0.0,96,96,512,96,1.0,256,255,0.9828839772809412,0.4631134500731609,0.4718610068838717,0.0111639556223406,0.0214643310846079,89.57398558615381,0.000179224574853,74.69666644091035,1,8,0.0327008074686608,0.0313725490196078,1.042338238063565,0.001328258449053,0.0313725490196078,0.0020408164635434,0.6508465963405434,0.3686993494112018,0.3673710909621488,0.2368995543072801,0.2355712958582271,,,0,2.220446049250313e-16,1.205463153526108e-16,2.220446049250313e-16,4.8572257327350605e-17,-0.3490450268754972,10,0.2
v2_depth,prespecified depth-onset and saturation study,RY-RZ-CZ-line|n8|d32|i2|dir=gaussian|basis=Z|eta=0,RY-RZ-CZ-line|n8|d32|i2,RY-RZ-CZ-line,8,32,4.0,2,gaussian,Z,0.0,96,96,512,96,1.0,256,255,0.9828839772809412,0.4631134500731609,0.4718610068838717,0.0111639556223406,0.0214643310846079,89.57398558615381,0.000179224574853,74.69666644091035,2,36,0.1437892157695705,0.1411764705882353,1.018506945034458,0.0026127451813352,0.1411764705882353,0.004076465646971,0.6409339382699237,0.7364651642047693,0.733852419023434,0.4731992867401763,0.4705865415588411,,,0,2.220446049250313e-16,1.205463153526108e-16,2.220446049250313e-16,4.8572257327350605e-17,-0.3490450268754972,10,0.2
v2_depth,prespecified depth-onset and saturation study,RY-RZ-CZ-line|n8|d64|i10|dir=gaussian|basis=Z|eta=0,RY-RZ-CZ-line|n8|d64|i10,RY-RZ-CZ-line,8,64,8.0,10,gaussian,Z,0.0,96,96,1024,96,1.0,256,255,0.9745568590624436,0.4769428525725687,0.4895114767775277,0.0075146243494175,0.017853013679111,133.07385086754405,7.697238197974098e-05,113.98101939746208,1,8,0.0277153954063403,0.0313725490196078,0.8834282285770994,-0.0036571536132674,0.0313725490196078,0.0018186663903221,-2.010898553318308,0.3285651242461733,0.3249079706329058,0.1668611975313361,0.1632040439180686,,,0,2.4424906541753444e-15,4.3380575110403713e-16,2.4424906541753444e-15,5.551115123125783e-17,-0.3678276253171635,10,0.2
v2_depth,prespecified depth-onset and saturation study,RY-RZ-CZ-line|n8|d64|i10|dir=gaussian|basis=Z|eta=0,RY-RZ-CZ-line|n8|d64|i10,RY-RZ-CZ-line,8,64,8.0,10,gaussian,Z,0.0,96,96,1024,96,1.0,256,255,0.9745568590624436,0.4769428525725687,0.4895114767775277,0.0075146243494175,0.017853013679111,133.07385086754405,7.697238197974098e-05,113.98101939746208,2,36,0.1366140694077445,0.1411764705882353,0.9676829916381904,-0.0045624011804907,0.1411764705882353,0.0036327279772021,-1.2559159973229272,0.6562983324118843,0.6517359312313935,0.3332999080024585,0.3287375068219678,,,0,2.4424906541753444e-15,4.3380575110403713e-16,2.4424906541753444e-15,5.551115123125783e-17,-0.3678276253171635,10,0.2
v2_depth,prespecified depth-onset and saturation study,RY-RZ-CZ-line|n12|d24|i6|dir=gaussian|basis=Z|eta=0,RY-RZ-CZ-line|n12|d24|i6,RY-RZ-CZ-line,12,24,2.0,6,gaussian,Z,0.0,96,96,576,96,1.0,4096,4095,0.958479871055842,0.4468627416394926,0.4666310158313547,0.007620480688804,0.0179577673482957,131.22531777676272,9.219654042145838e-05,104.14602233935187,1,12,0.0268520899946328,0.0029304029304029,9.16327571066846,0.0239216870642299,0.0029304029304029,0.000158969742249,150.47949833589985,0.4603693197659341,0.4364476327017042,0.2970790797906881,0.2731573927264581,,,0,2.664535259100376e-15,8.88261425050294e-16,2.886579864025407e-15,5.2041704279304207e-17,-0.3677579464053198,10,0.2
v2_depth,prespecified depth-onset and saturation study,RY-RZ-CZ-line|n12|d24|i6|dir=gaussian|basis=Z|eta=0,RY-RZ-CZ-line|n12|d24|i6,RY-RZ-CZ-line,12,24,2.0,6,gaussian,Z,0.0,96,96,576,96,1.0,4096,4095,0.958479871055842,0.4468627416394926,0.4666310158313547,0.007620480688804,0.0179577673482957,131.22531777676272,9.219654042145838e-05,104.14602233935187,2,78,0.0753171076646294,0.019047619047619,3.954148152393045,0.0562694886170103,0.019047619047619,0.0004020058512097,139.97181495661616,1.1641911073453246,1.1079216187283143,0.7512594954122822,0.6949900067952718,,,0,2.664535259100376e-15,8.88261425050294e-16,2.886579864025407e-15,5.2041704279304207e-17,-0.3677579464053198,10,0.2
v2_depth,prespecified depth-onset and saturation study,RY-RZ-CZ-line|n12|d96|i2|dir=gaussian|basis=Z|eta=0,RY-RZ-CZ-line|n12|d96|i2,RY-RZ-CZ-line,12,96,8.0,2,gaussian,Z,0.0,96,96,2304,96,1.0,4096,4095,0.9840240927060474,0.4813210695262706,0.4891459904688715,0.0017655286027221,0.0121638043464438,566.4026051224262,4.8238844353250295e-06,455.30409096579245,1,12,0.0027768317671233,0.0029304029304029,0.9475938405308376,-0.0001535711632795,0.0029304029304029,0.0001304044380934,-1.1776528891562974,0.3776454664277561,0.3774918952644765,0.1349164298419737,0.1347628586786941,,,0,3.6637359812630166e-15,4.519006679676374e-16,3.552713678800501e-15,2.4286128663675302e-17,-0.4150707115449675,10,0.2
v2_depth,prespecified depth-onset and saturation study,RY-RZ-CZ-line|n12|d96|i2|dir=gaussian|basis=Z|eta=0,RY-RZ-CZ-line|n12|d96|i2,RY-RZ-CZ-line,12,96,8.0,2,gaussian,Z,0.0,96,96,2304,96,1.0,4096,4095,0.9840240927060474,0.4813210695262706,0.4891459904688715,0.0017655286027221,0.0121638043464438,566.4026051224262,4.8238844353250295e-06,455.30409096579245,2,78,0.0178940956308501,0.019047619047619,0.939440020619635,-0.0011535234167688,0.019047619047619,0.0003297693409803,-3.4979704703278496,0.954997378991292,0.953843855574523,0.3411793556022883,0.3400258321855194,,,0,3.6637359812630166e-15,4.519006679676374e-16,3.552713678800501e-15,2.4286128663675302e-17,-0.4150707115449675,10,0.2
v2_depth,prespecified depth-onset and saturation study,SU2-CNOT-line|n8|d8|i10|dir=gaussian|basis=Z|eta=0,SU2-CNOT-line|n8|d8|i10,SU2-CNOT-line,8,8,1.0,10,gaussian,Z,0.0,96,96,192,96,1.0,256,255,0.9426841979880386,0.4256537694110503,0.4526496534189921,0.0194596076835764,0.0296735701035392,51.38849745896882,0.0005907426280735,41.14346315571568,1,8,0.041212314913292,0.0313725490196078,1.3136425378611831,0.0098397658936841,0.0313725490196078,0.0024726375033363,3.979461558925325,0.4467132910261493,0.4368735251324651,0.346993615666555,0.3371538497728709,,,0,2.220446049250313e-16,1.4402384300579591e-16,2.220446049250313e-16,5.898059818321144e-17,-0.3217511426718118,10,0.2
v2_depth,prespecified depth-onset and saturation study,SU2-CNOT-line|n8|d8|i10|dir=gaussian|basis=Z|eta=0,SU2-CNOT-line|n8|d8|i10,SU2-CNOT-line,8,8,1.0,10,gaussian,Z,0.0,96,96,192,96,1.0,256,255,0.9426841979880386,0.4256537694110503,0.4526496534189921,0.0194596076835764,0.0296735701035392,51.38849745896882,0.0005907426280735,41.14346315571568,2,36,0.1521996728841964,0.1411764705882353,1.078081016263058,0.0110232022959611,0.1411764705882353,0.0049390143698967,2.231862770666868,0.8922955187021836,0.8812723164062225,0.6931086549189122,0.6820854526229511,,,0,2.220446049250313e-16,1.4402384300579591e-16,2.220446049250313e-16,5.898059818321144e-17,-0.3217511426718118,10,0.2
v2_depth,prespecified depth-onset and saturation study,SU2-CNOT-line|n8|d48|i6|dir=gaussian|basis=Z|eta=0,SU2-CNOT-line|n8|d48|i6,SU2-CNOT-line,8,48,6.0,6,gaussian,Z,0.0,96,96,1152,96,1.0,256,255,0.9961549104237886,0.490670267670577,0.4927268605065429,0.0061443038586109,0.0164969673600837,162.75236756049193,4.9316246797516383e-05,142.3983612420396,1,8,0.0328086614512814,0.0313725490196078,1.0457760837595973,0.0014361124316736,0.0313725490196078,0.0017278890001781,0.8311369720656571,0.3121650386504183,0.3107289262187447,0.1312403096967636,0.12980419726509,,,0,1.7763568394002505e-15,3.292049166832288e-16,1.7763568394002505e-15,5.551115123125783e-17,-0.4082561983133693,10,0.2
v2_depth,prespecified depth-onset and saturation study,SU2-CNOT-line|n8|d48|i6|dir=gaussian|basis=Z|eta=0,SU2-CNOT-line|n8|d48|i6,SU2-CNOT-line,8,48,6.0,6,gaussian,Z,0.0,96,96,1152,96,1.0,256,255,0.9961549104237886,0.490670267670577,0.4927268605065429,0.0061443038586109,0.0164969673600837,162.75236756049193,4.9316246797516383e-05,142.3983612420396,2,36,0.1397849555639692,0.1411764705882353,0.9901434352447822,-0.001391515024266,0.1411764705882353,0.0034514030422782,-0.4031737259371245,0.6235396856973237,0.6221481706730576,0.2621483232489134,0.2607568082246474,,,0,1.7763568394002505e-15,3.292049166832288e-16,1.7763568394002505e-15,5.551115123125783e-17,-0.4082561983133693,10,0.2
v2_depth,prespecified depth-onset and saturation study,SU2-CNOT-line|n12|d12|i2|dir=gaussian|basis=Z|eta=0,SU2-CNOT-line|n12|d12|i2,SU2-CNOT-line,12,12,1.0,2,gaussian,Z,0.0,96,96,432,96,1.0,4096,4095,0.9404531610336512,0.4417664615941368,0.4698438755577048,0.0055714268049265,0.0159300577757086,179.48723639620275,4.3826247262753766e-05,151.05421826778218,1,12,0.0061526961153929,0.0029304029304029,2.099607549377829,0.0032222931849899,0.0029304029304029,0.0001495944873192,21.540186692259827,0.4332189974869359,0.429996704301946,0.2524666070687815,0.2492443138837915,,,0,1.5543122344752194e-15,3.886748503291818e-16,1.5543122344752194e-15,3.816391647148976e-17,-0.4078169749372385,10,0.2
v2_depth,prespecified depth-onset and saturation study,SU2-CNOT-line|n12|d12|i2|dir=gaussian|basis=Z|eta=0,SU2-CNOT-line|n12|d12|i2,SU2-CNOT-line,12,12,1.0,2,gaussian,Z,0.0,96,96,432,96,1.0,4096,4095,0.9404531610336512,0.4417664615941368,0.4698438755577048,0.0055714268049265,0.0159300577757086,179.48723639620275,4.3826247262753766e-05,151.05421826778218,2,78,0.0240284248947274,0.019047619047619,1.2614923069731931,0.0049808058471084,0.019047619047619,0.0003782975197685,13.166371934333812,1.0955328314749,1.0905520256277916,0.6384425856192141,0.6334617797721056,,,0,1.5543122344752194e-15,3.886748503291818e-16,1.5543122344752194e-15,3.816391647148976e-17,-0.4078169749372385,10,0.2
v2_depth,prespecified depth-onset and saturation study,SU2-CNOT-line|n12|d48|i10|dir=gaussian|basis=Z|eta=0,SU2-CNOT-line|n12|d48|i10,SU2-CNOT-line,12,48,4.0,10,gaussian,Z,0.0,96,96,1728,96,1.0,4096,4095,0.9871581959713088,0.4850572974578381,0.491418044590555,0.0014477766154559,0.0118493622757116,690.7142920560791,2.92208790750258e-06,584.9966262917515,1,12,0.0026075202553777,0.0029304029304029,0.8898162871476533,-0.0003228826750251,0.0029304029304029,0.000128672891634,-2.5093294393632,0.3726309847130765,0.3723081020380513,0.1200024703510928,0.1196795876760676,,,0,2.886579864025407e-15,3.122525032449993e-16,2.886579864025407e-15,2.4286128663675302e-17,-0.4418870515754953,10,0.2
v2_depth,prespecified depth-onset and saturation study,SU2-CNOT-line|n12|d48|i10|dir=gaussian|basis=Z|eta=0,SU2-CNOT-line|n12|d48|i10,SU2-CNOT-line,12,48,4.0,10,gaussian,Z,0.0,96,96,1728,96,1.0,4096,4095,0.9871581959713088,0.4850572974578381,0.491418044590555,0.0014477766154559,0.0118493622757116,690.7142920560791,2.92208790750258e-06,584.9966262917515,2,78,0.0188389457630204,0.019047619047619,0.9890446525585714,-0.0002086732845986,0.019047619047619,0.0003253905717976,-0.641300955481994,0.9423166577322302,0.9421079844476316,0.303464637724434,0.3032559644398354,,,0,2.886579864025407e-15,3.122525032449993e-16,2.886579864025407e-15,2.4286128663675302e-17,-0.4418870515754953,10,0.2
v2_depth,prespecified depth-onset and saturation study,SU2-HaarU4-brickwork|n8|d4|i6|dir=gaussian|basis=Z|eta=0,SU2-HaarU4-brickwork|n8|d4|i6,SU2-HaarU4-brickwork,8,4,0.5,6,gaussian,Z,0.0,96,96,96,96,1.0,256,255,0.8046980271948291,0.3648800348776072,0.4558198639064659,0.0469872569182463,0.0569144729920145,21.282366019789407,0.0027638093186808,19.02155255825801,1,8,0.1918166765323178,0.0313725490196078,6.1141565644676295,0.1604441275127099,0.0313725490196078,0.0035470214840139,45.23348060783227,0.6408143685948057,0.4803702410820957,0.5776823201298735,0.4172381926171635,,,0,1.5543122344752194e-15,8.076646904978301e-16,1.3322676295501878e-15,6.938893903907227e-17,-0.2026531264350949,10,0.2
v2_depth,prespecified depth-onset and saturation study,SU2-HaarU4-brickwork|n8|d4|i6|dir=gaussian|basis=Z|eta=0,SU2-HaarU4-brickwork|n8|d4|i6,SU2-HaarU4-brickwork,8,4,0.5,6,gaussian,Z,0.0,96,96,96,96,1.0,256,255,0.8046980271948291,0.3648800348776072,0.4558198639064659,0.0469872569182463,0.0569144729920145,21.282366019789407,0.0027638093186808,19.02155255825801,2,36,0.4224709136506328,0.1411764705882353,2.992502305025316,0.2812944430623975,0.1411764705882353,0.0070850620263742,39.702467249443394,1.2800062162995798,0.9987117732371822,1.153901967638551,0.8726075245761533,,,0,1.5543122344752194e-15,8.076646904978301e-16,1.3322676295501878e-15,6.938893903907227e-17,-0.2026531264350949,10,0.2
v2_depth,prespecified depth-onset and saturation study,SU2-HaarU4-brickwork|n8|d32|i2|dir=gaussian|basis=Z|eta=0,SU2-HaarU4-brickwork|n8|d32|i2,SU2-HaarU4-brickwork,8,32,4.0,2,gaussian,Z,0.0,96,96,768,96,1.0,256,255,0.9684910849672064,0.4681584857352658,0.483360400933652,0.0097329829116724,0.0200482643396758,102.74342501934628,0.0001432903905393,83.53942213846216,1,8,0.0285124369437972,0.0313725490196078,0.908833927583537,-0.0028601120758106,0.0313725490196078,0.0019567153569998,-1.4616904117294998,0.3535054190302473,0.3506453069544367,0.2122092439968911,0.2093491319210805,,,0,6.8833827526759706e-15,2.0747292772682613e-15,6.8833827526759706e-15,3.816391647148976e-17,-0.3557521305188909,10,0.2
v2_depth,prespecified depth-onset and saturation study,SU2-HaarU4-brickwork|n8|d32|i2|dir=gaussian|basis=Z|eta=0,SU2-HaarU4-brickwork|n8|d32|i2,SU2-HaarU4-brickwork,8,32,4.0,2,gaussian,Z,0.0,96,96,768,96,1.0,256,255,0.9684910849672064,0.4681584857352658,0.483360400933652,0.0097329829116724,0.0200482643396758,102.74342501934628,0.0001432903905393,83.53942213846216,2,36,0.1346313607550907,0.1411764705882353,0.953638805348559,-0.0065451098331446,0.1411764705882353,0.0039084763751176,-1.674593679217938,0.706115773974504,0.6995706641413594,0.4238811811724671,0.4173360713393225,,,0,6.8833827526759706e-15,2.0747292772682613e-15,6.8833827526759706e-15,3.816391647148976e-17,-0.3557521305188909,10,0.2
v2_depth,prespecified depth-onset and saturation study,SU2-HaarU4-brickwork|n8|d64|i10|dir=gaussian|basis=Z|eta=0,SU2-HaarU4-brickwork|n8|d64|i10,SU2-HaarU4-brickwork,8,64,8.0,10,gaussian,Z,0.0,96,96,1536,96,1.0,256,255,0.978539405994281,0.4871825028586942,0.4984230472956947,0.0060048549659307,0.0163589710600355,166.5319155372819,4.3282516908106166e-05,152.00005543101906,1,8,0.0305750825135358,0.0313725490196078,0.9745807551189558,-0.0007974665060719,0.0313725490196078,0.0017183823417698,-0.4640797840430776,0.310447540368311,0.309650073862239,0.1270567852797761,0.1262593187737041,,,0,1.2212453270876722e-14,1.7105437849449202e-15,1.2323475573339238e-14,5.551115123125783e-17,-0.370659003959741,10,0.2
v2_depth,prespecified depth-onset and saturation study,SU2-HaarU4-brickwork|n8|d64|i10|dir=gaussian|basis=Z|eta=0,SU2-HaarU4-brickwork|n8|d64|i10,SU2-HaarU4-brickwork,8,64,8.0,10,gaussian,Z,0.0,96,96,1536,96,1.0,256,255,0.978539405994281,0.4871825028586942,0.4984230472956947,0.0060048549659307,0.0163589710600355,166.5319155372819,4.3282516908106166e-05,152.00005543101906,2,36,0.1416498337221046,0.1411764705882353,1.0033529888649075,0.0004733631338693,0.1411764705882353,0.0034324137960077,0.1379096932951035,0.620109037782231,0.6196356746483618,0.253791866961069,0.2533185038271996,,,0,1.2212453270876722e-14,1.7105437849449202e-15,1.2323475573339238e-14,5.551115123125783e-17,-0.370659003959741,10,0.2
v2_depth,prespecified depth-onset and saturation study,SU2-HaarU4-brickwork|n12|d24|i6|dir=gaussian|basis=Z|eta=0,SU2-HaarU4-brickwork|n12|d24|i6,SU2-HaarU4-brickwork,12,24,2.0,6,gaussian,Z,0.0,96,96,864,96,1.0,4096,4095,0.9666499415203424,0.4742919326046777,0.49066985573531,0.0051886698503891,0.0155512878727808,192.72762168998003,4.489863851745424e-05,149.23937241137807,1,12,0.002708503768271,0.0029304029304029,0.9242769109225007,-0.0002218991621318,0.0029304029304029,0.0001477773045668,-1.5015780859058794,0.4279565168678415,0.4277346177057096,0.2432278023080161,0.2430059031458842,,,0,2.4424906541753444e-15,7.025738497086753e-16,2.7755575615628917e-15,2.5153490401663706e-17,-0.3977423326936185,10,0.2
v2_depth,prespecified depth-onset and saturation study,SU2-HaarU4-brickwork|n12|d24|i6|dir=gaussian|basis=Z|eta=0,SU2-HaarU4-brickwork|n12|d24|i6,SU2-HaarU4-brickwork,12,24,2.0,6,gaussian,Z,0.0,96,96,864,96,1.0,4096,4095,0.9666499415203424,0.4742919326046777,0.49066985573531,0.0051886698503891,0.0155512878727808,192.72762168998003,4.489863851745424e-05,149.23937241137807,2,78,0.0178296697001,0.019047619047619,0.936057659255252,-0.001217949347519,0.019047619047619,0.0003737021918221,-3.2591442441913627,1.082224965645696,1.081007016298177,0.6150793120838463,0.6138613627363272,,,0,2.4424906541753444e-15,7.025738497086753e-16,2.7755575615628917e-15,2.5153490401663706e-17,-0.3977423326936185,10,0.2
v2_depth,prespecified depth-onset and saturation study,SU2-HaarU4-brickwork|n12|d96|i2|dir=gaussian|basis=Z|eta=0,SU2-HaarU4-brickwork|n12|d96|i2,SU2-HaarU4-brickwork,12,96,8.0,2,gaussian,Z,0.0,96,96,3456,96,1.0,4096,4095,0.9933694997545638,0.4945341621775574,0.497844463104445,0.0013247307136124,0.0117275981020122,754.8703972244297,2.599647760891342e-06,620.2156867191891,1,12,0.0026576357136457,0.0029304029304029,0.906918187281604,-0.0002727672167572,0.0029304029304029,0.0001279960780417,-2.1310591772063505,0.3706709625812928,0.3703981953645356,0.113702985700018,0.1134302184832607,,,0,3.0198066269804264e-14,4.269160113460045e-15,3.0198066269804264e-14,2.949029909160572e-17,-0.4469300527239348,10,0.2
v2_depth,prespecified depth-onset and saturation study,SU2-HaarU4-brickwork|n12|d96|i2|dir=gaussian|basis=Z|eta=0,SU2-HaarU4-brickwork|n12|d96|i2,SU2-HaarU4-brickwork,12,96,8.0,2,gaussian,Z,0.0,96,96,3456,96,1.0,4096,4095,0.9933694997545638,0.4945341621775574,0.497844463104445,0.0013247307136124,0.0117275981020122,754.8703972244297,2.599647760891342e-06,620.2156867191891,2,78,0.0176611019913655,0.019047619047619,0.927207854546692,-0.0013865170562534,0.019047619047619,0.0003236790321018,-4.283617160029986,0.9373601147176288,0.9359735976613752,0.2875343754398654,0.2861478583836119,,,0,3.0198066269804264e-14,4.269160113460045e-15,3.0198066269804264e-14,2.949029909160572e-17,-0.4469300527239348,10,0.2
v2_depth,prespecified depth-onset and saturation study,U1-RZ-XY-line|n8|d8|i6|dir=gaussian|basis=Z|eta=0,U1-RZ-XY-line|n8|d8|i6,U1-RZ-XY-line,8,8,1.0,6,gaussian,Z,0.0,96,96,92,96,1.0,70,69,0.6044181921423294,0.2037709246085236,0.3584942306661835,0.0976967161479301,0.1070957086880559,10.23575857438056,0.0119398653460201,9.151668609147364,1,7,0.6121569974507598,0.1014492753623188,6.034118974871775,0.510707722088441,0.1014492753623188,0.0155333135686655,32.87822136795468,0.7631901248312187,0.2524824027427778,0.7234230199097429,0.2127152978213019,,,0,2.220446049250313e-16,3.0038278561619e-16,2.220446049250313e-16,1.1102230246251563e-16,-0.0616294591583887,10,0.2
v2_depth,prespecified depth-onset and saturation study,U1-RZ-XY-line|n8|d8|i6|dir=gaussian|basis=Z|eta=0,U1-RZ-XY-line|n8|d8|i6,U1-RZ-XY-line,8,8,1.0,6,gaussian,Z,0.0,96,96,92,96,1.0,70,69,0.6044181921423294,0.2037709246085236,0.3584942306661835,0.0976967161479301,0.1070957086880559,10.23575857438056,0.0119398653460201,9.151668609147364,2,27,0.8700343820552305,0.391304347826087,2.223421198585589,0.4787300342291435,0.391304347826087,0.025108789274791,19.06623330141145,1.2336569358674676,0.754926901638324,1.1693754898560988,0.6906454556269552,,,0,2.220446049250313e-16,3.0038278561619e-16,2.220446049250313e-16,1.1102230246251563e-16,-0.0616294591583887,10,0.2
v2_depth,prespecified depth-onset and saturation study,U1-RZ-XY-line|n8|d32|i6|dir=gaussian|basis=Z|eta=0,U1-RZ-XY-line|n8|d32|i6,U1-RZ-XY-line,8,32,4.0,6,gaussian,Z,0.0,96,96,368,96,1.0,70,69,0.7694498618332158,0.3573362158278074,0.4672654891399959,0.0704757841009064,0.0801583280165219,14.189271006452532,0.0062845223301422,12.614320556803914,1,7,0.4515368122271216,0.1014492753623188,4.450862863381627,0.3500875368648028,0.1014492753623188,0.0130803860036711,26.764312365594368,0.6426717250542117,0.2925841881894088,0.5934013382375949,0.243313801372792,,,0,1.1102230246251563e-16,1.4674571268244871e-16,1.1102230246251563e-16,8.326672684688674e-17,-0.1373764518218749,10,0.2
v2_depth,prespecified depth-onset and saturation study,U1-RZ-XY-line|n8|d32|i6|dir=gaussian|basis=Z|eta=0,U1-RZ-XY-line|n8|d32|i6,U1-RZ-XY-line,8,32,4.0,6,gaussian,Z,0.0,96,96,368,96,1.0,70,69,0.7694498618332158,0.3573362158278074,0.4672654891399959,0.0704757841009064,0.0801583280165219,14.189271006452532,0.0062845223301422,12.614320556803914,2,27,0.7323506701632637,0.391304347826087,1.8715628237505628,0.3410463223371767,0.391304347826087,0.0211437601093453,16.129880426823274,1.0388452435418711,0.6977989212046944,0.9592022391953008,0.6181559168581239,,,0,1.1102230246251563e-16,1.4674571268244871e-16,1.1102230246251563e-16,8.326672684688674e-17,-0.1373764518218749,10,0.2
v2_depth,prespecified depth-onset and saturation study,U1-RZ-XY-line|n8|d64|i6|dir=gaussian|basis=Z|eta=0,U1-RZ-XY-line|n8|d64|i6,U1-RZ-XY-line,8,64,8.0,6,gaussian,Z,0.0,96,96,736,96,1.0,70,69,0.7633518047764382,0.3723334274006529,0.4913067493911946,0.055305961452111,0.0651465243536515,18.0812334465226,0.0036318183331277,16.593497785392685,1,7,0.4417706172896359,0.1014492753623188,4.354596084712125,0.340321341927317,0.1014492753623188,0.0114883478443328,29.62317528496469,0.5644509516055584,0.2241296096782413,0.5066647434806048,0.1663434015532877,,,0,8.881784197001252e-16,2.9966061412380323e-16,6.661338147750939e-16,8.326672684688674e-17,-0.1599852524784684,10,0.2
v2_depth,prespecified depth-onset and saturation study,U1-RZ-XY-line|n8|d64|i6|dir=gaussian|basis=Z|eta=0,U1-RZ-XY-line|n8|d64|i6,U1-RZ-XY-line,8,64,8.0,6,gaussian,Z,0.0,96,96,736,96,1.0,70,69,0.7633518047764382,0.3723334274006529,0.4913067493911946,0.055305961452111,0.0651465243536515,18.0812334465226,0.0036318183331277,16.593497785392685,2,27,0.7749542806126133,0.391304347826087,1.9804387171211228,0.3836499327865263,0.391304347826087,0.0185703136593303,20.6593135595083,0.9124054527817512,0.528755519995225,0.8189970685123721,0.4353471357258457,,,0,8.881784197001252e-16,2.9966061412380323e-16,6.661338147750939e-16,8.326672684688674e-17,-0.1599852524784684,10,0.2
v2_depth,prespecified depth-onset and saturation study,U1-RZ-XY-line|n12|d12|i6|dir=gaussian|basis=Z|eta=0,U1-RZ-XY-line|n12|d12|i6,U1-RZ-XY-line,12,12,1.0,6,gaussian,Z,0.0,96,96,210,96,1.0,924,923,0.7902399554175558,0.2925403024154429,0.3792354878172157,0.0481828932696349,0.0580976547980762,20.754253888489583,0.0031482946521829,17.822241085368365,1,11,0.3620603999199399,0.0119176598049837,30.380159011464045,0.3501427401149561,0.0119176598049837,0.0012054889070712,290.457040343608,0.7871990248026373,0.4370562846876811,0.7154856365726341,0.365342896457678,,,0,4.440892098500626e-16,4.588868244031679e-16,4.440892098500626e-16,9.714451465470121e-17,-0.180959320464729,10,0.2
v2_depth,prespecified depth-onset and saturation study,U1-RZ-XY-line|n12|d12|i6|dir=gaussian|basis=Z|eta=0,U1-RZ-XY-line|n12|d12|i6,U1-RZ-XY-line,12,12,1.0,6,gaussian,Z,0.0,96,96,210,96,1.0,924,923,0.7902399554175558,0.2925403024154429,0.3792354878172157,0.0481828932696349,0.0580976547980762,20.754253888489583,0.0031482946521829,17.822241085368365,2,65,0.6768686415989729,0.0704225352112676,9.611534710705412,0.6064461063877052,0.0704225352112676,0.0028422991085165,213.36463307840384,1.856056138963245,1.2496100325755397,1.6869704690419398,1.080524362654235,,,0,4.440892098500626e-16,4.588868244031679e-16,4.440892098500626e-16,9.714451465470121e-17,-0.180959320464729,10,0.2
v2_depth,prespecified depth-onset and saturation study,U1-RZ-XY-line|n12|d48|i6|dir=gaussian|basis=Z|eta=0,U1-RZ-XY-line|n12|d48|i6,U1-RZ-XY-line,12,48,4.0,6,gaussian,Z,0.0,96,96,840,96,1.0,924,923,0.7379162099584226,0.3524335968770267,0.4794913319602482,0.0303290204053352,0.0404297597761129,32.9717210327073,0.0011876997000754,29.01661026727947,1,11,0.3298301740042531,0.0119176598049837,27.675750055084148,0.3179125141992693,0.0119176598049837,0.0010014372259635,317.4562578232276,0.6539507771953391,0.3360382629960697,0.5637975122749566,0.2458849980756872,,,0,2.55351295663786e-15,1.6619230338098957e-15,2.4424906541753444e-15,5.2041704279304207e-17,-0.2093107669529721,10,0.2
v2_depth,prespecified depth-onset and saturation study,U1-RZ-XY-line|n12|d48|i6|dir=gaussian|basis=Z|eta=0,U1-RZ-XY-line|n12|d48|i6,U1-RZ-XY-line,12,48,4.0,6,gaussian,Z,0.0,96,96,840,96,1.0,924,923,0.7379162099584226,0.3524335968770267,0.4794913319602482,0.0303290204053352,0.0404297597761129,32.9717210327073,0.0011876997000754,29.01661026727947,2,65,0.5626213511228125,0.0704225352112676,7.9892231859439375,0.4921988159115449,0.0704225352112676,0.002361186501091,208.4540190637697,1.5418837121876576,1.0496848962761127,1.3293205413364135,0.8371217254248686,,,0,2.55351295663786e-15,1.6619230338098957e-15,2.4424906541753444e-15,5.2041704279304207e-17,-0.2093107669529721,10,0.2
v2_depth,prespecified depth-onset and saturation study,U1-RZ-XY-line|n12|d96|i6|dir=gaussian|basis=Z|eta=0,U1-RZ-XY-line|n12|d96|i6,U1-RZ-XY-line,12,96,8.0,6,gaussian,Z,0.0,96,96,1680,96,1.0,924,923,0.7709210330181002,0.3733022637302474,0.4833496866950737,0.025344189445124,0.0354968541384039,39.45677576965835,0.0008406547225911,34.48983934892785,1,11,0.2817283239448022,0.0119176598049837,23.639567545550225,0.2698106641398184,0.0119176598049837,0.0009365599151172,288.08692298775844,0.6115850983986058,0.3417744342587873,0.5135055764063008,0.2436949122664823,,,0,2.220446049250313e-15,1.030431585533454e-15,2.220446049250313e-15,8.326672684688674e-17,-0.2286304880180206,10,0.2
v2_depth,prespecified depth-onset and saturation study,U1-RZ-XY-line|n12|d96|i6|dir=gaussian|basis=Z|eta=0,U1-RZ-XY-line|n12|d96|i6,U1-RZ-XY-line,12,96,8.0,6,gaussian,Z,0.0,96,96,1680,96,1.0,924,923,0.7709210330181002,0.3733022637302474,0.4833496866950737,0.025344189445124,0.0354968541384039,39.45677576965835,0.0008406547225911,34.48983934892785,2,65,0.5232968139837952,0.0704225352112676,7.430814758569892,0.4528742787725276,0.0704225352112676,0.0022082189194736,205.08577060850632,1.4419940073804949,0.9891197286079672,1.2107423249409253,0.7578680461683976,,,0,2.220446049250313e-15,1.030431585533454e-15,2.220446049250313e-15,8.326672684688674e-17,-0.2286304880180206,10,0.2
v2_depth,prespecified depth-onset and saturation study,RY-RZ-CZ-line|n8|d4|i7|dir=gaussian|basis=Z|eta=0,RY-RZ-CZ-line|n8|d4|i7,RY-RZ-CZ-line,8,4,0.5,7,gaussian,Z,0.0,96,96,64,96,1.0,256,255,0.8421437108714221,0.3527430909879336,0.4284976161951503,0.0481542104446984,0.0580692707525661,20.76661606046737,0.0029100691255693,18.5373797722968,1,8,0.3027843893340471,0.0313725490196078,9.651252410022751,0.2714118403144392,0.0313725490196078,0.0035854607556277,75.69789737300226,0.647758910002145,0.3763470696877057,0.5854567522443931,0.3140449119299538,,,0,2.220446049250313e-16,2.361152381260447e-16,0.0,1.1102230246251563e-16,-0.1858874266960344,10,0.2
v2_depth,prespecified depth-onset and saturation study,RY-RZ-CZ-line|n8|d4|i7|dir=gaussian|basis=Z|eta=0,RY-RZ-CZ-line|n8|d4|i7,RY-RZ-CZ-line,8,4,0.5,7,gaussian,Z,0.0,96,96,64,96,1.0,256,255,0.8421437108714221,0.3527430909879336,0.4284976161951503,0.0481542104446984,0.0580692707525661,20.76661606046737,0.0029100691255693,18.5373797722968,2,36,0.6070711819765348,0.1411764705882353,4.300087539000455,0.4658947113882994,0.1411764705882353,0.0071618432426313,65.0523469454111,1.293877715763982,0.8279830043756826,1.1694311472613577,0.7035364358730583,,,0,2.220446049250313e-16,2.361152381260447e-16,0.0,1.1102230246251563e-16,-0.1858874266960344,10,0.2
v2_depth,prespecified depth-onset and saturation study,RY-RZ-CZ-line|n8|d32|i3|dir=gaussian|basis=Z|eta=0,RY-RZ-CZ-line|n8|d32|i3,RY-RZ-CZ-line,8,32,4.0,3,gaussian,Z,0.0,96,96,512,96,1.0,256,255,0.9429049953047032,0.4518326060324984,0.4788744455821843,0.0110909899515966,0.0213921254729341,90.16327707122672,0.0001849258175891,73.53620718262164,1,8,0.0306749873838781,0.0313725490196078,0.9777652228611144,-0.0006975616357297,0.0313725490196078,0.0020366121557772,-0.3425107886894366,0.3679397879485004,0.3672422263127707,0.2357031743903621,0.2350056127546324,,,0,6.661338147750939e-16,1.5172633708919383e-16,6.661338147750939e-16,5.551115123125783e-17,-0.3362741473427802,10,0.2
v2_depth,prespecified depth-onset and saturation study,RY-RZ-CZ-line|n8|d32|i3|dir=gaussian|basis=Z|eta=0,RY-RZ-CZ-line|n8|d32|i3,RY-RZ-CZ-line,8,32,4.0,3,gaussian,Z,0.0,96,96,512,96,1.0,256,255,0.9429049953047032,0.4518326060324984,0.4788744455821843,0.0110909899515966,0.0213921254729341,90.16327707122672,0.0001849258175891,73.53620718262164,2,36,0.142784690403066,0.1411764705882353,1.0113915570217178,0.0016082198148307,0.1411764705882353,0.0040680676766073,0.3953276942953772,0.7349479644639906,0.7333397446491599,0.4708095561009133,0.4692013362860825,,,0,6.661338147750939e-16,1.5172633708919383e-16,6.661338147750939e-16,5.551115123125783e-17,-0.3362741473427802,10,0.2
v2_depth,prespecified depth-onset and saturation study,RY-RZ-CZ-line|n8|d64|i11|dir=gaussian|basis=Z|eta=0,RY-RZ-CZ-line|n8|d64|i11,RY-RZ-CZ-line,8,64,8.0,11,gaussian,Z,0.0,96,96,1024,96,1.0,256,255,0.9731465684164942,0.473900386604717,0.4870563511975312,0.0080613659890405,0.0183940600933214,124.04845548006362,8.797627575222631e-05,106.61473047768972,1,8,0.0295928926051373,0.0313725490196078,0.943273451788752,-0.0017796564144705,0.0313725490196078,0.0018536451911311,-0.9600847146936934,0.3348844877616347,0.3331048313471642,0.1791071492918558,0.1773274928773852,,,0,2.886579864025407e-15,6.943771099646665e-16,2.886579864025407e-15,7.28583859910259e-17,-0.3603530027418267,10,0.2
v2_depth,prespecified depth-onset and saturation study,RY-RZ-CZ-line|n8|d64|i11|dir=gaussian|basis=Z|eta=0,RY-RZ-CZ-line|n8|d64|i11,RY-RZ-CZ-line,8,64,8.0,11,gaussian,Z,0.0,96,96,1024,96,1.0,256,255,0.9731465684164942,0.473900386604717,0.4870563511975312,0.0080613659890405,0.0183940600933214,124.04845548006362,8.797627575222631e-05,106.61473047768972,2,36,0.1368665916159655,0.1411764705882353,0.969471690613089,-0.0043098789722697,0.1411764705882353,0.0037025970136478,-1.164015137586811,0.6689210590223764,0.6646111800501067,0.3577608051766938,0.353450926204424,,,0,2.886579864025407e-15,6.943771099646665e-16,2.886579864025407e-15,7.28583859910259e-17,-0.3603530027418267,10,0.2
v2_depth,prespecified depth-onset and saturation study,RY-RZ-CZ-line|n12|d24|i7|dir=gaussian|basis=Z|eta=0,RY-RZ-CZ-line|n12|d24|i7,RY-RZ-CZ-line,12,24,2.0,7,gaussian,Z,0.0,96,96,576,96,1.0,4096,4095,0.968367426896451,0.4535605277815249,0.468417911345335,0.0079650637993105,0.0182987610514011,125.5482724553386,0.0001040095484746,98.05356641280083,1,12,0.0200661346172172,0.0029304029304029,6.84756843812538,0.0171357316868143,0.0029304029304029,0.0001604925660191,106.76962872391624,0.4647793498335006,0.4476436181466863,0.3039389079520397,0.2868031762652254,,,0,2.220446049250313e-16,3.457524637845529e-16,4.440892098500626e-16,4.510281037539698e-17,-0.3631894802298115,10,0.2
v2_depth,prespecified depth-onset and saturation study,RY-RZ-CZ-line|n12|d24|i7|dir=gaussian|basis=Z|eta=0,RY-RZ-CZ-line|n12|d24|i7,RY-RZ-CZ-line,12,24,2.0,7,gaussian,Z,0.0,96,96,576,96,1.0,4096,4095,0.968367426896451,0.4535605277815249,0.468417911345335,0.0079650637993105,0.0182987610514011,125.5482724553386,0.0001040095484746,98.05356641280083,2,78,0.0616918284923981,0.019047619047619,3.2388209958509044,0.0426442094447791,0.019047619047619,0.0004058567982973,105.07205897173196,1.175343279237224,1.1326990697924448,0.7686067655288551,0.725962556084076,,,0,2.220446049250313e-16,3.457524637845529e-16,4.440892098500626e-16,4.510281037539698e-17,-0.3631894802298115,10,0.2
v2_depth,prespecified depth-onset and saturation study,RY-RZ-CZ-line|n12|d96|i3|dir=gaussian|basis=Z|eta=0,RY-RZ-CZ-line|n12|d96|i3,RY-RZ-CZ-line,12,96,8.0,3,gaussian,Z,0.0,96,96,2304,96,1.0,4096,4095,0.9861479890777338,0.4856440274083329,0.4924573248296225,0.0018094720737925,0.0122072900730238,552.6473795774409,5.37968475286517e-06,431.1432454053162,1,12,0.0027634341543925,0.0029304029304029,0.943021905186464,-0.0001669687760103,0.0029304029304029,0.0001306420956968,-1.278062596284747,0.3783337123017068,0.3781667435256964,0.1368510848668422,0.1366841160908319,,,0,4.6629367034256575e-15,6.683039428656177e-16,4.551914400963142e-15,2.688821387764051e-17,-0.4309696640005332,10,0.2
v2_depth,prespecified depth-onset and saturation study,RY-RZ-CZ-line|n12|d96|i3|dir=gaussian|basis=Z|eta=0,RY-RZ-CZ-line|n12|d96|i3,RY-RZ-CZ-line,12,96,8.0,3,gaussian,Z,0.0,96,96,2304,96,1.0,4096,4095,0.9861479890777338,0.4856440274083329,0.4924573248296225,0.0018094720737925,0.0122072900730238,552.6473795774409,5.37968475286517e-06,431.1432454053162,2,78,0.0177831908134618,0.019047619047619,0.933617517706748,-0.0012644282341571,0.019047619047619,0.0003303703342623,-3.8273056113843418,0.956737828868638,0.9554734006344808,0.3460717497715567,0.3448073215373995,,,0,4.6629367034256575e-15,6.683039428656177e-16,4.551914400963142e-15,2.688821387764051e-17,-0.4309696640005332,10,0.2
v2_depth,prespecified depth-onset and saturation study,SU2-CNOT-line|n8|d8|i11|dir=gaussian|basis=Z|eta=0,SU2-CNOT-line|n8|d8|i11,SU2-CNOT-line,8,8,1.0,11,gaussian,Z,0.0,96,96,192,96,1.0,256,255,0.9386306250478714,0.4273026711265337,0.4546894728609132,0.0183898570891306,0.0286149627444521,54.37780158667213,0.0004960623714429,44.89850262729591,1,8,0.0491083438568622,0.0313725490196078,1.565328460437483,0.0177357948372543,0.0313725490196078,0.0024212818790023,7.324960794966247,0.4374352468615675,0.4196994520243132,0.3348358567738617,0.3171000619366074,,,0,4.440892098500626e-16,2.9763148684502964e-16,4.440892098500626e-16,6.245004513516506e-17,-0.3315186382003952,10,0.2
v2_depth,prespecified depth-onset and saturation study,SU2-CNOT-line|n8|d8|i11|dir=gaussian|basis=Z|eta=0,SU2-CNOT-line|n8|d8|i11,SU2-CNOT-line,8,8,1.0,11,gaussian,Z,0.0,96,96,192,96,1.0,256,255,0.9386306250478714,0.4273026711265337,0.4546894728609132,0.0183898570891306,0.0286149627444521,54.37780158667213,0.0004960623714429,44.89850262729591,2,36,0.1687760945155151,0.1411764705882353,1.1954973361515655,0.0275996239272798,0.1411764705882353,0.0048364331519791,5.706607133810051,0.8737629220754747,0.8461632981481948,0.668823920178891,0.6412242962516113,,,0,4.440892098500626e-16,2.9763148684502964e-16,4.440892098500626e-16,6.245004513516506e-17,-0.3315186382003952,10,0.2
v2_depth,prespecified depth-onset and saturation study,SU2-CNOT-line|n8|d48|i7|dir=gaussian|basis=Z|eta=0,SU2-CNOT-line|n8|d48|i7,SU2-CNOT-line,8,48,6.0,7,gaussian,Z,0.0,96,96,1152,96,1.0,256,255,0.994603955600987,0.4843811206713839,0.4871139399347901,0.00590498046594,0.0162601369194198,169.34857037512745,4.71015716550361e-05,145.70763215706205,1,8,0.0341511174583566,0.0313725490196078,1.0885668689851196,0.0027785684387488,0.0313725490196078,0.0017115411388162,1.6234307056566182,0.3092115903829904,0.3064330219442415,0.1239737763677461,0.1211952079289973,,,0,0.0,5.2759554800502026e-17,0.0,4.8572257327350605e-17,-0.3853346191396057,10,0.2
v2_depth,prespecified depth-onset and saturation study,SU2-CNOT-line|n8|d48|i7|dir=gaussian|basis=Z|eta=0,SU2-CNOT-line|n8|d48|i7,SU2-CNOT-line,8,48,6.0,7,gaussian,Z,0.0,96,96,1152,96,1.0,256,255,0.994603955600987,0.4843811206713839,0.4871139399347901,0.00590498046594,0.0162601369194198,169.34857037512745,4.71015716550361e-05,145.70763215706205,2,36,0.1412825742055101,0.1411764705882353,1.0007515672890304,0.0001061036172748,0.1411764705882353,0.0034187487118013,0.0310358046815787,0.6176402671962735,0.6175341635789986,0.2476336552141027,0.2475275515968278,,,0,0.0,5.2759554800502026e-17,0.0,4.8572257327350605e-17,-0.3853346191396057,10,0.2
v2_depth,prespecified depth-onset and saturation study,SU2-CNOT-line|n12|d12|i3|dir=gaussian|basis=Z|eta=0,SU2-CNOT-line|n12|d12|i3,SU2-CNOT-line,12,12,1.0,3,gaussian,Z,0.0,96,96,432,96,1.0,4096,4095,0.9689103236437764,0.4545632970823424,0.4692924573477043,0.0057184777762972,0.0160755769661275,174.8717122142074,4.510171778301383e-05,148.90300367727014,1,12,0.0039646895880053,0.0029304029304029,1.3529503219068262,0.0010342866576024,0.0029304029304029,0.0001502867865295,6.88208645275254,0.4352238652811543,0.4341895786235519,0.2559273887611518,0.2548931021035494,,,0,9.992007221626409e-16,3.694992180874215e-16,1.2212453270876722e-15,3.122502256758253e-17,-0.4188909534719958,10,0.2
v2_depth,prespecified depth-onset and saturation study,SU2-CNOT-line|n12|d12|i3|dir=gaussian|basis=Z|eta=0,SU2-CNOT-line|n12|d12|i3,SU2-CNOT-line,12,12,1.0,3,gaussian,Z,0.0,96,96,432,96,1.0,4096,4095,0.9689103236437764,0.4545632970823424,0.4692924573477043,0.0057184777762972,0.0160755769661275,174.8717122142074,4.510171778301383e-05,148.90300367727014,2,78,0.0205108240872982,0.019047619047619,1.076818264583157,0.0014632050396791,0.019047619047619,0.0003800482198034,3.8500510288826537,1.1006027810940855,1.0991395760544065,0.6471942793089012,0.6457310742692219,,,0,9.992007221626409e-16,3.694992180874215e-16,1.2212453270876722e-15,3.122502256758253e-17,-0.4188909534719958,10,0.2
v2_depth,prespecified depth-onset and saturation study,SU2-CNOT-line|n12|d48|i11|dir=gaussian|basis=Z|eta=0,SU2-CNOT-line|n12|d48|i11,SU2-CNOT-line,12,48,4.0,11,gaussian,Z,0.0,96,96,1728,96,1.0,4096,4095,0.986020679202512,0.4841575693639376,0.4910702669590301,0.0014645172498519,0.0118659285284993,682.8188606867421,3.060787408412272e-06,571.5884137796825,1,12,0.0026372450720436,0.0029304029304029,0.8999598808348999,-0.0002931578583592,0.0029304029304029,0.0001287646985155,-2.27669432491056,0.372896853368517,0.3726036955101577,0.1208341500630846,0.1205409922047254,,,0,1.6653345369377348e-15,1.8229511078575382e-16,1.5543122344752194e-15,1.951563910473908e-17,-0.4437643778311293,10,0.2
v2_depth,prespecified depth-onset and saturation study,SU2-CNOT-line|n12|d48|i11|dir=gaussian|basis=Z|eta=0,SU2-CNOT-line|n12|d48|i11,SU2-CNOT-line,12,48,4.0,11,gaussian,Z,0.0,96,96,1728,96,1.0,4096,4095,0.986020679202512,0.4841575693639376,0.4910702669590301,0.0014645172498519,0.0118659285284993,682.8188606867421,3.060787408412272e-06,571.5884137796825,2,78,0.0180817794401647,0.019047619047619,0.9492934206086504,-0.0009658396074542,0.019047619047619,0.0003256227348687,-2.9661307520298066,0.9429889916847684,0.942023152077314,0.3055678059489209,0.3046019663414667,,,0,1.6653345369377348e-15,1.8229511078575382e-16,1.5543122344752194e-15,1.951563910473908e-17,-0.4437643778311293,10,0.2
v2_depth,prespecified depth-onset and saturation study,SU2-HaarU4-brickwork|n8|d4|i7|dir=gaussian|basis=Z|eta=0,SU2-HaarU4-brickwork|n8|d4|i7,SU2-HaarU4-brickwork,8,4,0.5,7,gaussian,Z,0.0,96,96,96,96,1.0,256,255,0.7906526323495481,0.361057386425335,0.4577945540965799,0.0539958737605411,0.0638500834088688,18.519933660760103,0.0038325434372811,16.153121402291234,1,8,0.2070063649428724,0.0313725490196078,6.5983278825540586,0.1756338159232645,0.0313725490196078,0.0037720002694005,46.56251415145761,0.6814596364496759,0.5058258205264113,0.6229179499143015,0.4472841339910369,,,0,0.0,2.0816681711721683e-16,2.220446049250313e-16,5.551115123125783e-17,-0.1848419731136008,10,0.2
v2_depth,prespecified depth-onset and saturation study,SU2-HaarU4-brickwork|n8|d4|i7|dir=gaussian|basis=Z|eta=0,SU2-HaarU4-brickwork|n8|d4|i7,SU2-HaarU4-brickwork,8,4,0.5,7,gaussian,Z,0.0,96,96,96,96,1.0,256,255,0.7906526323495481,0.361057386425335,0.4577945540965799,0.0539958737605411,0.0638500834088688,18.519933660760103,0.0038325434372811,16.153121402291234,2,36,0.4938218486803764,0.1411764705882353,3.497904761486,0.3526453780921411,0.1411764705882353,0.0075344499582675,46.80439581461198,1.3611938395288774,1.0085484614367362,1.244258692081642,0.8916133139895007,,,0,0.0,2.0816681711721683e-16,2.220446049250313e-16,5.551115123125783e-17,-0.1848419731136008,10,0.2
v2_depth,prespecified depth-onset and saturation study,SU2-HaarU4-brickwork|n8|d32|i3|dir=gaussian|basis=Z|eta=0,SU2-HaarU4-brickwork|n8|d32|i3,SU2-HaarU4-brickwork,8,32,4.0,3,gaussian,Z,0.0,96,96,768,96,1.0,256,255,0.961692798802148,0.4671332679562929,0.4858332475133959,0.0091434861368175,0.0194649081562257,109.36747593167492,0.0001173366170407,92.31732644059323,1,8,0.0309203617568979,0.0313725490196078,0.9855865310011236,-0.0004521872627098,0.0313725490196078,0.0019209989376377,-0.2353917297142752,0.3470527953782232,0.3466006081155133,0.2011584976346293,0.2007063103719195,,,0,7.216449660063518e-15,2.0747311922983887e-15,7.105427357601002e-15,3.4694469519536136e-17,-0.3734063679908121,10,0.2
v2_depth,prespecified depth-onset and saturation study,SU2-HaarU4-brickwork|n8|d32|i3|dir=gaussian|basis=Z|eta=0,SU2-HaarU4-brickwork|n8|d32|i3,SU2-HaarU4-brickwork,8,32,4.0,3,gaussian,Z,0.0,96,96,768,96,1.0,256,255,0.961692798802148,0.4671332679562929,0.4858332475133959,0.0091434861368175,0.0194649081562257,109.36747593167492,0.0001173366170407,92.31732644059323,2,36,0.1350385311937501,0.1411764705882353,0.9565229292890634,-0.0061379393944851,0.1411764705882353,0.0038371339691917,-1.5996156099230792,0.6932268645011662,0.6870889251066811,0.4018076685740173,0.3956697291795321,,,0,7.216449660063518e-15,2.0747311922983887e-15,7.105427357601002e-15,3.4694469519536136e-17,-0.3734063679908121,10,0.2
v2_depth,prespecified depth-onset and saturation study,SU2-HaarU4-brickwork|n8|d64|i11|dir=gaussian|basis=Z|eta=0,SU2-HaarU4-brickwork|n8|d64|i11,SU2-HaarU4-brickwork,8,64,8.0,11,gaussian,Z,0.0,96,96,1536,96,1.0,256,255,0.9758622683793092,0.4853518556301067,0.4972574558521843,0.0065746296730391,0.0169228106139449,152.09982154595622,5.9749459207827234e-05,129.36983092962822,1,8,0.0326708436372893,0.0313725490196078,1.0413831409385983,0.0012982946176815,0.0313725490196078,0.0017569013583659,0.7389684181751804,0.3174064887170005,0.316108194099319,0.1433827816129516,0.1420844869952701,,,0,1.1768364061026661e-14,2.1822883380606546e-15,1.1546319456101628e-14,4.336808689942018e-17,-0.3432235850938982,10,0.2
v2_depth,prespecified depth-onset and saturation study,SU2-HaarU4-brickwork|n8|d64|i11|dir=gaussian|basis=Z|eta=0,SU2-HaarU4-brickwork|n8|d64|i11,SU2-HaarU4-brickwork,8,64,8.0,11,gaussian,Z,0.0,96,96,1536,96,1.0,256,255,0.9758622683793092,0.4853518556301067,0.4972574558521843,0.0065746296730391,0.0169228106139449,152.09982154595622,5.9749459207827234e-05,129.36983092962822,2,36,0.1398088513432427,0.1411764705882353,0.9903126970146362,-0.0013676192449925,0.1411764705882353,0.0035093543003177,-0.3897068030060981,0.6340093146514324,0.6326416954064399,0.2864025227420452,0.2850349034970526,,,0,1.1768364061026661e-14,2.1822883380606546e-15,1.1546319456101628e-14,4.336808689942018e-17,-0.3432235850938982,10,0.2
v2_depth,prespecified depth-onset and saturation study,SU2-HaarU4-brickwork|n12|d24|i7|dir=gaussian|basis=Z|eta=0,SU2-HaarU4-brickwork|n12|d24|i7,SU2-HaarU4-brickwork,12,24,2.0,7,gaussian,Z,0.0,96,96,864,96,1.0,4096,4095,0.9454456497393492,0.460883398372792,0.4874288453692095,0.0050309241391469,0.0153951853460308,198.7706378274988,3.906000569579389e-05,160.00510857966856,1,12,0.0033175170561505,0.0029304029304029,1.1321026954113895,0.0003871141257476,0.0029304029304029,0.000147021853032,2.63303799921074,0.4257687627436709,0.4253816486179232,0.2393164482074208,0.2389293340816731,,,0,8.548717289613705e-15,1.9940703419543986e-15,8.548717289613705e-15,2.0816681711721685e-17,-0.3882527178680274,10,0.2
v2_depth,prespecified depth-onset and saturation study,SU2-HaarU4-brickwork|n12|d24|i7|dir=gaussian|basis=Z|eta=0,SU2-HaarU4-brickwork|n12|d24|i7,SU2-HaarU4-brickwork,12,24,2.0,7,gaussian,Z,0.0,96,96,864,96,1.0,4096,4095,0.9454456497393492,0.460883398372792,0.4874288453692095,0.0050309241391469,0.0153951853460308,198.7706378274988,3.906000569579389e-05,160.00510857966856,2,78,0.0193133444906574,0.019047619047619,1.0139505857595146,0.0002657254430383,0.019047619047619,0.0003717917909306,0.7147157347751801,1.0766925294318486,1.0764268039888103,0.6051882019118936,0.6049224764688552,,,0,8.548717289613705e-15,1.9940703419543986e-15,8.548717289613705e-15,2.0816681711721685e-17,-0.3882527178680274,10,0.2
v2_depth,prespecified depth-onset and saturation study,SU2-HaarU4-brickwork|n12|d96|i3|dir=gaussian|basis=Z|eta=0,SU2-HaarU4-brickwork|n12|d96|i3,SU2-HaarU4-brickwork,12,96,8.0,3,gaussian,Z,0.0,96,96,3456,96,1.0,4096,4095,0.994676520057394,0.4931040911115761,0.4957078954974219,0.0013064264185423,0.0117094844766824,765.4468600809461,2.746818717734412e-06,603.3717894150076,1,12,0.0029348848603839,0.0029304029304029,1.0015294586060064,4.481929980971328e-06,0.0029304029304029,0.0001278950892913,0.035043800397687,0.3703785036413881,0.3703740217114071,0.1127358021383454,0.1127313202083644,,,0,1.5654144647214707e-14,1.868333877017098e-15,1.5765166949677223e-14,1.951563910473908e-17,-0.4462860062373642,10,0.2
v2_depth,prespecified depth-onset and saturation study,SU2-HaarU4-brickwork|n12|d96|i3|dir=gaussian|basis=Z|eta=0,SU2-HaarU4-brickwork|n12|d96|i3,SU2-HaarU4-brickwork,12,96,8.0,3,gaussian,Z,0.0,96,96,3456,96,1.0,4096,4095,0.994676520057394,0.4931040911115761,0.4957078954974219,0.0013064264185423,0.0117094844766824,765.4468600809461,2.746818717734412e-06,603.3717894150076,2,78,0.0183500885249695,0.019047619047619,0.963379647560901,-0.0006975305226495,0.019047619047619,0.0003234236497381,-2.1567084633863227,0.9366205387240027,0.9359230082013532,0.2850885423807852,0.2843910118581357,,,0,1.5654144647214707e-14,1.868333877017098e-15,1.5765166949677223e-14,1.951563910473908e-17,-0.4462860062373642,10,0.2
v2_depth,prespecified depth-onset and saturation study,U1-RZ-XY-line|n8|d8|i7|dir=gaussian|basis=Z|eta=0,U1-RZ-XY-line|n8|d8|i7,U1-RZ-XY-line,8,8,1.0,7,gaussian,Z,0.0,96,96,92,96,1.0,70,69,0.5314175650086338,0.2403218569057919,0.4545482035694224,0.1261577580520112,0.1352602814056361,7.926583473271052,0.019341417727814,7.190446306881299,1,7,0.6805863773968658,0.1014492753623188,6.708637148626248,0.5791371020345469,0.1014492753623188,0.0177389036369683,32.64785208188464,0.8715562214862204,0.2924191194516734,0.8380672374716245,0.2589301354370775,,,0,3.3306690738754696e-16,5.734068032024878e-16,2.220446049250313e-16,1.7520707107365752e-16,-0.0870661807690342,10,0.2
v2_depth,prespecified depth-onset and saturation study,U1-RZ-XY-line|n8|d8|i7|dir=gaussian|basis=Z|eta=0,U1-RZ-XY-line|n8|d8|i7,U1-RZ-XY-line,8,8,1.0,7,gaussian,Z,0.0,96,96,92,96,1.0,70,69,0.5314175650086338,0.2403218569057919,0.4545482035694224,0.1261577580520112,0.1352602814056361,7.926583473271052,0.019341417727814,7.190446306881299,2,27,0.9686584193169936,0.391304347826087,2.475460404921206,0.5773540714909067,0.391304347826087,0.0286740103080739,20.135100227969748,1.408825065540126,0.8314709940492193,1.354691873743524,0.7773378022526174,,,0,3.3306690738754696e-16,5.734068032024878e-16,2.220446049250313e-16,1.7520707107365752e-16,-0.0870661807690342,10,0.2
v2_depth,prespecified depth-onset and saturation study,U1-RZ-XY-line|n8|d32|i7|dir=gaussian|basis=Z|eta=0,U1-RZ-XY-line|n8|d32|i7,U1-RZ-XY-line,8,32,4.0,7,gaussian,Z,0.0,96,96,368,96,1.0,70,69,0.7133625823301891,0.3470344023453642,0.4875868900111612,0.0676589449265871,0.0773708309169352,14.780011735108236,0.0059968115681819,12.913376061567268,1,7,0.4707601940276255,0.1014492753623188,4.6403504839865946,0.3693109186653067,0.1014492753623188,0.0127997448680824,28.85299062376017,0.6288831317604585,0.2595722130951518,0.5782798959442232,0.2089689772789165,,,0,6.661338147750939e-16,4.579702831072209e-16,8.881784197001252e-16,9.714451465470121e-17,-0.1275039214717944,10,0.2
v2_depth,prespecified depth-onset and saturation study,U1-RZ-XY-line|n8|d32|i7|dir=gaussian|basis=Z|eta=0,U1-RZ-XY-line|n8|d32|i7,U1-RZ-XY-line,8,32,4.0,7,gaussian,Z,0.0,96,96,368,96,1.0,70,69,0.7133625823301891,0.3470344023453642,0.4875868900111612,0.0676589449265871,0.0773708309169352,14.780011735108236,0.0059968115681819,12.913376061567268,2,27,0.7753392189284729,0.391304347826087,1.981422448372764,0.3840348711023859,0.391304347826087,0.0206901183860785,18.56126987464631,1.016556703374431,0.632521832272045,0.9347592183036676,0.5507243472012817,,,0,6.661338147750939e-16,4.579702831072209e-16,8.881784197001252e-16,9.714451465470121e-17,-0.1275039214717944,10,0.2
v2_depth,prespecified depth-onset and saturation study,U1-RZ-XY-line|n8|d64|i7|dir=gaussian|basis=Z|eta=0,U1-RZ-XY-line|n8|d64|i7,U1-RZ-XY-line,8,64,8.0,7,gaussian,Z,0.0,96,96,736,96,1.0,70,69,0.7832329102396254,0.3762759237086917,0.4808603050258635,0.0633132437128751,0.0730703974241994,15.7944837660662,0.0052359470542738,13.819819692823003,1,7,0.4185576098633232,0.1014492753623188,4.125782154367043,0.3171083345010044,0.1014492753623188,0.0123542855719995,25.667881210364406,0.6069966144837751,0.2898882799827706,0.5541424069955154,0.237034072494511,,,0,2.664535259100376e-15,1.1883172361603604e-15,2.664535259100376e-15,8.326672684688674e-17,-0.1374536799255409,10,0.2
v2_depth,prespecified depth-onset and saturation study,U1-RZ-XY-line|n8|d64|i7|dir=gaussian|basis=Z|eta=0,U1-RZ-XY-line|n8|d64|i7,U1-RZ-XY-line,8,64,8.0,7,gaussian,Z,0.0,96,96,736,96,1.0,70,69,0.7832329102396254,0.3762759237086917,0.4808603050258635,0.0633132437128751,0.0730703974241994,15.7944837660662,0.0052359470542738,13.819819692823003,2,27,0.7041536427277507,0.391304347826087,1.799503753637585,0.3128492949016637,0.391304347826087,0.0199700567233561,15.66591919269656,0.9811782924622946,0.6683289975606308,0.8957422293684622,0.5828929344667984,,,0,2.664535259100376e-15,1.1883172361603604e-15,2.664535259100376e-15,8.326672684688674e-17,-0.1374536799255409,10,0.2
v2_depth,prespecified depth-onset and saturation study,U1-RZ-XY-line|n12|d12|i7|dir=gaussian|basis=Z|eta=0,U1-RZ-XY-line|n12|d12|i7,U1-RZ-XY-line,12,12,1.0,7,gaussian,Z,0.0,96,96,210,96,1.0,924,923,0.6058318851383592,0.2364328073538734,0.3938920486974513,0.0497630754277409,0.0596613767253686,20.09522103295366,0.0032008305690649,17.675375831554156,1,11,0.4984734607599114,0.0119176598049837,41.82645493467257,0.4865558009549277,0.0119176598049837,0.0012219084782476,398.1933259458932,0.797921205937585,0.3113654049826573,0.7273888554780181,0.2408330545230904,,,0,1.1102230246251563e-15,8.676115022080743e-16,1.3322676295501878e-15,7.28583859910259e-17,-0.1346329055931211,10,0.2
v2_depth,prespecified depth-onset and saturation study,U1-RZ-XY-line|n12|d12|i7|dir=gaussian|basis=Z|eta=0,U1-RZ-XY-line|n12|d12|i7,U1-RZ-XY-line,12,12,1.0,7,gaussian,Z,0.0,96,96,210,96,1.0,924,923,0.6058318851383592,0.2364328073538734,0.3938920486974513,0.0497630754277409,0.0596613767253686,20.09522103295366,0.0032008305690649,17.675375831554156,2,65,0.7992422043440192,0.0704225352112676,11.349239301685072,0.7288196691327515,0.0704225352112676,0.0028810131375244,252.97339315814375,1.8813368741922871,1.1525172050595356,1.715035852543019,0.9862161834102674,,,0,1.1102230246251563e-15,8.676115022080743e-16,1.3322676295501878e-15,7.28583859910259e-17,-0.1346329055931211,10,0.2
v2_depth,prespecified depth-onset and saturation study,U1-RZ-XY-line|n12|d48|i7|dir=gaussian|basis=Z|eta=0,U1-RZ-XY-line|n12|d48|i7,U1-RZ-XY-line,12,48,4.0,7,gaussian,Z,0.0,96,96,840,96,1.0,924,923,0.7382023801799814,0.3417090030959565,0.4632871781310512,0.029683862595376,0.0397913223600075,33.68833812604202,0.0011572035671456,29.39646565054916,1,11,0.2939199507848695,0.0119176598049837,24.66255587040314,0.2820022909798857,0.0119176598049837,0.0009932792896221,283.91037035228806,0.6486235448212465,0.3666212538413608,0.5575441466127816,0.2755418556328959,,,0,1.3322676295501878e-15,7.460037074673267e-16,1.5543122344752194e-15,4.163336342344337e-17,-0.2053298675739239,10,0.2
v2_depth,prespecified depth-onset and saturation study,U1-RZ-XY-line|n12|d48|i7|dir=gaussian|basis=Z|eta=0,U1-RZ-XY-line|n12|d48|i7,U1-RZ-XY-line,12,48,4.0,7,gaussian,Z,0.0,96,96,840,96,1.0,924,923,0.7382023801799814,0.3417090030959565,0.4632871781310512,0.029683862595376,0.0397913223600075,33.68833812604202,0.0011572035671456,29.39646565054916,2,65,0.5798865935130005,0.0704225352112676,8.234389627884607,0.5094640583017329,0.0704225352112676,0.0023419517366278,217.5382397227837,1.5293231753474383,1.0198591170457054,1.314576369455139,0.805112311153406,,,0,1.3322676295501878e-15,7.460037074673267e-16,1.5543122344752194e-15,4.163336342344337e-17,-0.2053298675739239,10,0.2
v2_depth,prespecified depth-onset and saturation study,U1-RZ-XY-line|n12|d96|i7|dir=gaussian|basis=Z|eta=0,U1-RZ-XY-line|n12|d96|i7,U1-RZ-XY-line,12,96,8.0,7,gaussian,Z,0.0,96,96,1680,96,1.0,924,923,0.7818257371855913,0.3778259224264871,0.4849219930110682,0.0246931324533386,0.034852578990283,40.49708970255798,0.0008050736738226,35.243756120257395,1,11,0.3073454744396475,0.0119176598049837,25.789079355254056,0.2954278146346637,0.0119176598049837,0.00092775153441,318.43419674052143,0.605833117885032,0.3104053032503683,0.506568554021948,0.2111407393872842,,,0,2.220446049250313e-16,1.3812582492635495e-16,1.1102230246251563e-16,6.938893903907227e-17,-0.1764827436358016,10,0.2
v2_depth,prespecified depth-onset and saturation study,U1-RZ-XY-line|n12|d96|i7|dir=gaussian|basis=Z|eta=0,U1-RZ-XY-line|n12|d96|i7,U1-RZ-XY-line,12,96,8.0,7,gaussian,Z,0.0,96,96,1680,96,1.0,924,923,0.7818257371855913,0.3778259224264871,0.4849219930110682,0.0246931324533386,0.034852578990283,40.49708970255798,0.0008050736738226,35.243756120257395,2,65,0.5470373677933186,0.0704225352112676,7.767930622665124,0.4766148325820509,0.0704225352112676,0.0021874505387073,217.88599291653188,1.4284320003059914,0.9518171677239404,1.1943862287353546,0.7177713961533037,,,0,2.220446049250313e-16,1.3812582492635495e-16,1.1102230246251563e-16,6.938893903907227e-17,-0.1764827436358016,10,0.2
v2_depth,prespecified depth-onset and saturation study,RY-RZ-CZ-line|n8|d4|i8|dir=gaussian|basis=Z|eta=0,RY-RZ-CZ-line|n8|d4|i8,RY-RZ-CZ-line,8,4,0.5,8,gaussian,Z,0.0,96,96,64,96,1.0,256,255,0.8304982170572752,0.3030876484986044,0.3781811206602503,0.0596477262238628,0.0694430624090309,16.765098408729227,0.0048431122835081,14.369370111657483,1,8,0.3575274106235932,0.0313725490196078,11.396186213627034,0.3261548616039854,0.0313725490196078,0.0039440903293739,82.69457197136674,0.712549886007033,0.3863950244030475,0.6571324736187921,0.3309776120148067,,,0,3.3306690738754696e-16,1.833316306453836e-16,2.220446049250313e-16,6.591949208711867e-17,-0.2083776276124949,10,0.2
v2_depth,prespecified depth-onset and saturation study,RY-RZ-CZ-line|n8|d4|i8|dir=gaussian|basis=Z|eta=0,RY-RZ-CZ-line|n8|d4|i8,RY-RZ-CZ-line,8,4,0.5,8,gaussian,Z,0.0,96,96,64,96,1.0,256,255,0.8304982170572752,0.3030876484986044,0.3781811206602503,0.0596477262238628,0.0694430624090309,16.765098408729227,0.0048431122835081,14.369370111657483,2,36,0.6908343400753695,0.1411764705882353,4.8934099088672,0.5496578694871341,0.1411764705882353,0.0078781943518465,69.76952394660098,1.4232956191549917,0.8736377496678576,1.312601109442713,0.7629432399555789,,,0,3.3306690738754696e-16,1.833316306453836e-16,2.220446049250313e-16,6.591949208711867e-17,-0.2083776276124949,10,0.2
v2_depth,prespecified depth-onset and saturation study,RY-RZ-CZ-line|n8|d32|i4|dir=gaussian|basis=Z|eta=0,RY-RZ-CZ-line|n8|d32|i4,RY-RZ-CZ-line,8,32,4.0,4,gaussian,Z,0.0,96,96,512,96,1.0,256,255,0.981146545500612,0.4633870955485549,0.4722138653615188,0.0114603682985449,0.0217576561287684,87.2572306534826,0.0001939923038466,71.7972400062401,1,8,0.0322684011256042,0.0313725490196078,1.0285552858786342,0.0008958521059963,0.0313725490196078,0.0020578075433881,0.4353429983648398,0.3717690032465257,0.3708731511405293,0.2416987928619191,0.2408029407559227,,,0,2.220446049250313e-16,1.2504757515593174e-16,2.220446049250313e-16,5.551115123125783e-17,-0.3859042927333259,10,0.2
v2_depth,prespecified depth-onset and saturation study,RY-RZ-CZ-line|n8|d32|i4|dir=gaussian|basis=Z|eta=0,RY-RZ-CZ-line|n8|d32|i4,RY-RZ-CZ-line,8,32,4.0,4,gaussian,Z,0.0,96,96,512,96,1.0,256,255,0.981146545500612,0.4633870955485549,0.4722138653615188,0.0114603682985449,0.0217576561287684,87.2572306534826,0.0001939923038466,71.7972400062401,2,36,0.144473989804454,0.1411764705882353,1.0233574277815496,0.0032975192162187,0.1411764705882353,0.0041104047858053,0.8022371002501264,0.7425966996129381,0.7392991803967193,0.4827856123353921,0.4794880931191734,,,0,2.220446049250313e-16,1.2504757515593174e-16,2.220446049250313e-16,5.551115123125783e-17,-0.3859042927333259,10,0.2
v2_depth,prespecified depth-onset and saturation study,RY-RZ-CZ-line|n12|d6|i0|dir=gaussian|basis=Z|eta=0,RY-RZ-CZ-line|n12|d6|i0,RY-RZ-CZ-line,12,6,0.5,0,gaussian,Z,0.0,96,96,144,96,1.0,4096,4095,0.8502994221960041,0.3732781436074857,0.4402814266849348,0.0274599955035763,0.037590620550414,36.41661193534289,0.0010084890045226,31.489402218519924,1,12,0.2821341163285865,0.0029304029304029,96.27826719713016,0.2792037133981836,0.0029304029304029,0.000230826649061,1209.581798868961,0.668463733466896,0.3892600200687124,0.5706421857507007,0.2914384723525171,,,0,8.881784197001252e-16,4.324474613933335e-16,4.440892098500626e-16,2.3592239273284576e-16,-0.2219218685579523,10,0.2
v2_depth,prespecified depth-onset and saturation study,RY-RZ-CZ-line|n12|d6|i0|dir=gaussian|basis=Z|eta=0,RY-RZ-CZ-line|n12|d6|i0,RY-RZ-CZ-line,12,6,0.5,0,gaussian,Z,0.0,96,96,144,96,1.0,4096,4095,0.8502994221960041,0.3732781436074857,0.4402814266849348,0.0274599955035763,0.037590620550414,36.41661193534289,0.0010084890045226,31.489402218519924,2,78,0.5065412858033689,0.019047619047619,26.593417504676864,0.4874936667557498,0.019047619047619,0.000583719028696,835.1512333678266,1.6904244063889535,1.2029307396332038,1.4430513277140924,0.9555576609583424,,,0,8.881784197001252e-16,4.324474613933335e-16,4.440892098500626e-16,2.3592239273284576e-16,-0.2219218685579523,10,0.2
v2_depth,prespecified depth-onset and saturation study,RY-RZ-CZ-line|n12|d24|i8|dir=gaussian|basis=Z|eta=0,RY-RZ-CZ-line|n12|d24|i8,RY-RZ-CZ-line,12,24,2.0,8,gaussian,Z,0.0,96,96,576,96,1.0,4096,4095,0.9657518600328836,0.4418617020799156,0.4579105368820708,0.0074382628105229,0.0177774475729133,134.43999297595386,8.771801704359172e-05,106.7715622600268,1,12,0.02321851573897,0.0029304029304029,7.923318495923533,0.0202881128085671,0.0029304029304029,0.0001581585359742,128.27706505745624,0.4580201023888998,0.4377319895803326,0.2933867290310893,0.2730986162225222,,,0,2.220446049250313e-16,1.5143847815498752e-16,2.220446049250313e-16,4.8572257327350605e-17,-0.3984883557532569,10,0.2
v2_depth,prespecified depth-onset and saturation study,RY-RZ-CZ-line|n12|d24|i8|dir=gaussian|basis=Z|eta=0,RY-RZ-CZ-line|n12|d24|i8,RY-RZ-CZ-line,12,24,2.0,8,gaussian,Z,0.0,96,96,576,96,1.0,4096,4095,0.9657518600328836,0.4418617020799156,0.4579105368820708,0.0074382628105229,0.0177774475729133,134.43999297595386,8.771801704359172e-05,106.7715622600268,2,78,0.0721768402054837,0.019047619047619,3.789284110787898,0.0531292211578647,0.019047619047619,0.0003999544566211,132.83817764328617,1.158250359640949,1.1051211384830844,0.741922205252047,0.6887929840941822,,,0,2.220446049250313e-16,1.5143847815498752e-16,2.220446049250313e-16,4.8572257327350605e-17,-0.3984883557532569,10,0.2
v2_depth,prespecified depth-onset and saturation study,RY-RZ-CZ-line|n12|d96|i4|dir=gaussian|basis=Z|eta=0,RY-RZ-CZ-line|n12|d96|i4,RY-RZ-CZ-line,12,96,8.0,4,gaussian,Z,0.0,96,96,2304,96,1.0,4096,4095,0.9757957845111304,0.4778657183022273,0.4897777276255106,0.0018142089327379,0.0122119775896886,551.2044296302793,5.5585910816133295e-06,424.1482083716376,1,12,0.0025702530717503,0.0029304029304029,0.8770988607348155,-0.0003601498586525,0.0029304029304029,0.0001306676880409,-2.75622737382166,0.3784078265948223,0.3780476767361697,0.1370579992766315,0.1366978494179789,,,0,1.7763568394002505e-15,4.2813088727379168e-16,1.7763568394002505e-15,2.5587171270657905e-17,-0.4429988015705863,10,0.2
v2_depth,prespecified depth-onset and saturation study,RY-RZ-CZ-line|n12|d96|i4|dir=gaussian|basis=Z|eta=0,RY-RZ-CZ-line|n12|d96|i4,RY-RZ-CZ-line,12,96,8.0,4,gaussian,Z,0.0,96,96,2304,96,1.0,4096,4095,0.9757957845111304,0.4778657183022273,0.4897777276255106,0.0018142089327379,0.0122119775896886,551.2044296302793,5.5585910816133295e-06,424.1482083716376,2,78,0.0177779107395396,0.019047619047619,0.9333403138258292,-0.0012697083080794,0.019047619047619,0.0003304350526921,-3.8425351600409767,0.9569252505695804,0.9556555422615008,0.3465949990532002,0.3453252907451208,,,0,1.7763568394002505e-15,4.2813088727379168e-16,1.7763568394002505e-15,2.5587171270657905e-17,-0.4429988015705863,10,0.2
v2_depth,prespecified depth-onset and saturation study,SU2-CNOT-line|n8|d16|i0|dir=gaussian|basis=Z|eta=0,SU2-CNOT-line|n8|d16|i0,SU2-CNOT-line,8,16,2.0,0,gaussian,Z,0.0,96,96,384,96,1.0,256,255,0.9722409183863574,0.4613683475190289,0.4745011339163161,0.0104208786264712,0.0207289944741121,95.96119826784916,0.0001624992663861,78.44663113095568,1,8,0.029575182777309,0.0313725490196078,0.9427089510267253,-0.0017973662422988,0.0313725490196078,0.0019975863407001,-0.8997689890434524,0.3608892800335681,0.3590919137912693,0.2244176477460252,0.2226202815037264,,,0,1.1102230246251563e-15,2.66280848171967e-16,1.1102230246251563e-15,4.163336342344337e-17,-0.3915034974291215,10,0.2
v2_depth,prespecified depth-onset and saturation study,SU2-CNOT-line|n8|d16|i0|dir=gaussian|basis=Z|eta=0,SU2-CNOT-line|n8|d16|i0,SU2-CNOT-line,8,16,2.0,0,gaussian,Z,0.0,96,96,384,96,1.0,256,255,0.9722409183863574,0.4613683475190289,0.4745011339163161,0.0104208786264712,0.0207289944741121,95.96119826784916,0.0001624992663861,78.44663113095568,2,36,0.1306653467504514,0.1411764705882353,0.9255462061490308,-0.0105111238377838,0.1411764705882353,0.0039901148585326,-2.6342910443558645,0.7208648002881117,0.7103536764503279,0.4482670773942601,0.4377559535564762,,,0,1.1102230246251563e-15,2.66280848171967e-16,1.1102230246251563e-15,4.163336342344337e-17,-0.3915034974291215,10,0.2
v2_depth,prespecified depth-onset and saturation study,SU2-CNOT-line|n8|d48|i8|dir=gaussian|basis=Z|eta=0,SU2-CNOT-line|n8|d48|i8,SU2-CNOT-line,8,48,6.0,8,gaussian,Z,0.0,96,96,1152,96,1.0,256,255,0.9845800942165894,0.4865582655294365,0.4940803821677552,0.006120372518196,0.0164732853044648,163.38874750302762,5.029074044611929e-05,141.01197166246024,1,8,0.0285286407725691,0.0313725490196078,0.9093504246256432,-0.0028439082470386,0.0313725490196078,0.0017262612487402,-1.6474379234973755,0.3118709647310437,0.3090270564840051,0.1305318905983712,0.1276879823513325,,,0,1.9984014443252818e-15,2.776045409667002e-16,1.9984014443252818e-15,4.8572257327350605e-17,-0.3734235433191134,10,0.2
v2_depth,prespecified depth-onset and saturation study,SU2-CNOT-line|n8|d48|i8|dir=gaussian|basis=Z|eta=0,SU2-CNOT-line|n8|d48|i8,SU2-CNOT-line,8,48,6.0,8,gaussian,Z,0.0,96,96,1152,96,1.0,256,255,0.9845800942165894,0.4865582655294365,0.4940803821677552,0.006120372518196,0.0164732853044648,163.38874750302762,5.029074044611929e-05,141.01197166246024,2,36,0.1374968996702761,0.1411764705882353,0.973936372664456,-0.0036795709179591,0.1411764705882353,0.0034481516608154,-1.0671140019081842,0.6229522824440594,0.6192727115261003,0.2607332787459693,0.2570537078280102,,,0,1.9984014443252818e-15,2.776045409667002e-16,1.9984014443252818e-15,4.8572257327350605e-17,-0.3734235433191134,10,0.2
v2_depth,prespecified depth-onset and saturation study,SU2-CNOT-line|n12|d12|i4|dir=gaussian|basis=Z|eta=0,SU2-CNOT-line|n12|d12|i4,SU2-CNOT-line,12,12,1.0,4,gaussian,Z,0.0,96,96,432,96,1.0,4096,4095,0.9656995030437816,0.4522107934230965,0.4683182206695493,0.0056712471233659,0.0160288382991642,176.32805946331013,4.643655911083233e-05,146.74725430999052,1,12,0.0055450075139892,0.0029304029304029,1.8922338141488388,0.0026146045835863,0.0029304029304029,0.0001500647781656,17.423172949351663,0.4345809389103812,0.4319663343267948,0.25482095938335,0.2522063547997636,,,0,2.220446049250313e-15,6.523136947463184e-16,2.220446049250313e-15,2.949029909160572e-17,-0.3927197590570531,10,0.2
v2_depth,prespecified depth-onset and saturation study,SU2-CNOT-line|n12|d12|i4|dir=gaussian|basis=Z|eta=0,SU2-CNOT-line|n12|d12|i4,SU2-CNOT-line,12,12,1.0,4,gaussian,Z,0.0,96,96,432,96,1.0,4096,4095,0.9656995030437816,0.4522107934230965,0.4683182206695493,0.0056712471233659,0.0160288382991642,176.32805946331013,4.643655911083233e-05,146.74725430999052,2,78,0.023004261336565,0.019047619047619,1.2077237201696671,0.003956642288946,0.019047619047619,0.00037948680063,10.426297521750278,1.0989769360792343,1.0950202937902882,0.644396318655925,0.6404396763669788,,,0,2.220446049250313e-15,6.523136947463184e-16,2.220446049250313e-15,2.949029909160572e-17,-0.3927197590570531,10,0.2
v2_depth,prespecified depth-onset and saturation study,SU2-CNOT-line|n12|d72|i0|dir=gaussian|basis=Z|eta=0,SU2-CNOT-line|n12|d72|i0,SU2-CNOT-line,12,72,6.0,0,gaussian,Z,0.0,96,96,2592,96,1.0,4096,4095,0.9930983515673087,0.4914786527707344,0.4948782139941189,0.0010170217423089,0.0114230944324932,983.263148071606,1.5151393409266514e-06,812.407104310986,1,12,0.0029117802049679,0.0029304029304029,0.9936449949453052,-1.8622725435003123e-05,0.0029304029304029,0.0001262876492765,-0.1474627609404959,0.3657234286835611,0.3657048059581261,0.09615966845155,0.096141045726115,,,0,4.440892098500626e-16,4.949712442136221e-17,4.440892098500626e-16,2.255140518769849e-17,-0.4552930463633529,10,0.2
v2_depth,prespecified depth-onset and saturation study,SU2-CNOT-line|n12|d72|i0|dir=gaussian|basis=Z|eta=0,SU2-CNOT-line|n12|d72|i0,SU2-CNOT-line,12,72,6.0,0,gaussian,Z,0.0,96,96,2592,96,1.0,4096,4095,0.9930983515673087,0.4914786527707344,0.4948782139941189,0.0010170217423089,0.0114230944324932,983.263148071606,1.5151393409266514e-06,812.407104310986,2,78,0.0184712897328482,0.019047619047619,0.9697427109745342,-0.0005763293147707,0.019047619047619,0.000319358723405,-1.8046455992368369,0.9248486924318056,0.9242723631170346,0.2431704852823104,0.2425941559675396,,,0,4.440892098500626e-16,4.949712442136221e-17,4.440892098500626e-16,2.255140518769849e-17,-0.4552930463633529,10,0.2
v2_depth,prespecified depth-onset and saturation study,SU2-HaarU4-brickwork|n8|d4|i8|dir=gaussian|basis=Z|eta=0,SU2-HaarU4-brickwork|n8|d4|i8,SU2-HaarU4-brickwork,8,4,0.5,8,gaussian,Z,0.0,96,96,96,96,1.0,256,255,0.7589961853415123,0.3441598017425639,0.4589537466494752,0.050170963306077,0.0600650157716387,19.93184770839099,0.00319559620689,17.689845973775522,1,8,0.2290333010050157,0.0313725490196078,7.300436469534875,0.1976607519854078,0.0313725490196078,0.0036509383116168,54.139712894209424,0.6595882600321322,0.4619275080467243,0.5986547136835635,0.4009939616981556,,,0,7.771561172376097e-16,4.613190423717512e-16,6.661338147750939e-16,9.367506770274757e-17,-0.171673086399682,10,0.2
v2_depth,prespecified depth-onset and saturation study,SU2-HaarU4-brickwork|n8|d4|i8|dir=gaussian|basis=Z|eta=0,SU2-HaarU4-brickwork|n8|d4|i8,SU2-HaarU4-brickwork,8,4,0.5,8,gaussian,Z,0.0,96,96,96,96,1.0,256,255,0.7589961853415123,0.3441598017425639,0.4589537466494752,0.050170963306077,0.0600650157716387,19.93184770839099,0.00319559620689,17.689845973775522,2,36,0.4948670242056892,0.1411764705882353,3.505308088123632,0.3536905536174539,0.1411764705882353,0.0072926325675928,48.49970848513512,1.3175064642990224,0.9638159106815684,1.1957936533357214,0.8421030997182675,,,0,7.771561172376097e-16,4.613190423717512e-16,6.661338147750939e-16,9.367506770274757e-17,-0.171673086399682,10,0.2
v2_depth,prespecified depth-onset and saturation study,SU2-HaarU4-brickwork|n8|d32|i4|dir=gaussian|basis=Z|eta=0,SU2-HaarU4-brickwork|n8|d32|i4,SU2-HaarU4-brickwork,8,32,4.0,4,gaussian,Z,0.0,96,96,768,96,1.0,256,255,0.9719689626239102,0.479973218613956,0.4940454878273368,0.0098911865343208,0.0202048200079216,101.10010528364428,0.0001447953835346,83.10413667406114,1,8,0.0306491551719631,0.0313725490196078,0.9769418211063248,-0.0007233938476447,0.0313725490196078,0.0019661901746825,-0.3679165204665514,0.3552171648818594,0.3544937710342147,0.2150783257598634,0.2143549319122187,,,0,4.6629367034256575e-15,1.2416477169341753e-15,4.6629367034256575e-15,5.377642775528102e-17,-0.3710036467893645,10,0.2
v2_depth,prespecified depth-onset and saturation study,SU2-HaarU4-brickwork|n8|d32|i4|dir=gaussian|basis=Z|eta=0,SU2-HaarU4-brickwork|n8|d32|i4,SU2-HaarU4-brickwork,8,32,4.0,4,gaussian,Z,0.0,96,96,768,96,1.0,256,255,0.9719689626239102,0.479973218613956,0.4940454878273368,0.0098911865343208,0.0202048200079216,101.10010528364428,0.0001447953835346,83.10413667406114,2,36,0.132144236990186,0.1411764705882353,0.9360216786804848,-0.0090322335980492,0.1411764705882353,0.0039274020205563,-2.2997985820585187,0.7095349315935708,0.7005026979955216,0.4296120802778185,0.4205798466797693,,,0,4.6629367034256575e-15,1.2416477169341753e-15,4.6629367034256575e-15,5.377642775528102e-17,-0.3710036467893645,10,0.2
v2_depth,prespecified depth-onset and saturation study,SU2-HaarU4-brickwork|n12|d6|i0|dir=gaussian|basis=Z|eta=0,SU2-HaarU4-brickwork|n12|d6|i0,SU2-HaarU4-brickwork,12,6,0.5,0,gaussian,Z,0.0,96,96,216,96,1.0,4096,4095,0.8823965741250168,0.3894870190912022,0.4433655512560447,0.021905361932586,0.0320938477457883,45.650923416719024,0.0006412957197226,39.488517486560106,1,12,0.1112101185127782,0.0029304029304029,37.95045294248559,0.1082797155823753,0.0029304029304029,0.0002131639560949,507.9644681305957,0.6173133583639718,0.5090336427815965,0.509089608104879,0.4008098925225036,,,0,3.219646771412954e-15,2.026204546054092e-15,3.1086244689504387e-15,5.898059818321144e-17,-0.2553042977943365,10,0.2
v2_depth,prespecified depth-onset and saturation study,SU2-HaarU4-brickwork|n12|d6|i0|dir=gaussian|basis=Z|eta=0,SU2-HaarU4-brickwork|n12|d6|i0,SU2-HaarU4-brickwork,12,6,0.5,0,gaussian,Z,0.0,96,96,216,96,1.0,4096,4095,0.8823965741250168,0.3894870190912022,0.4433655512560447,0.021905361932586,0.0320938477457883,45.650923416719024,0.0006412957197226,39.488517486560106,2,78,0.2558854357564467,0.019047619047619,13.43398537721345,0.2368378167088276,0.019047619047619,0.0005390532588454,439.3588440891911,1.5610743188060574,1.3242365020972298,1.2873959431070514,1.0505581263982238,,,0,3.219646771412954e-15,2.026204546054092e-15,3.1086244689504387e-15,5.898059818321144e-17,-0.2553042977943365,10,0.2
v2_depth,prespecified depth-onset and saturation study,SU2-HaarU4-brickwork|n12|d24|i8|dir=gaussian|basis=Z|eta=0,SU2-HaarU4-brickwork|n12|d24|i8,SU2-HaarU4-brickwork,12,24,2.0,8,gaussian,Z,0.0,96,96,864,96,1.0,4096,4095,0.9868877044952972,0.4783912776409516,0.4847975929632945,0.0050556077535613,0.0154196118394617,197.8001555392736,4.182377858426311e-05,154.62808117339637,1,12,0.0028464979177383,0.0029304029304029,0.9713674144282116,-8.390501266458163e-05,0.0029304029304029,0.0001471403199838,-0.5702380739270331,0.4261118377795115,0.4260279327668469,0.2399326942297697,0.2398487892171051,,,0,7.882583474838611e-15,1.8075823301932785e-15,7.66053886991358e-15,1.908195823574488e-17,-0.3834872099542442,10,0.2
v2_depth,prespecified depth-onset and saturation study,SU2-HaarU4-brickwork|n12|d24|i8|dir=gaussian|basis=Z|eta=0,SU2-HaarU4-brickwork|n12|d24|i8,SU2-HaarU4-brickwork,12,24,2.0,8,gaussian,Z,0.0,96,96,864,96,1.0,4096,4095,0.9868877044952972,0.4783912776409516,0.4847975929632945,0.0050556077535613,0.0154196118394617,197.8001555392736,4.182377858426311e-05,154.62808117339637,2,78,0.017753267056357,0.019047619047619,0.9320465204587466,-0.0012943519912619,0.019047619047619,0.0003720913725184,-3.478586408766166,1.0775601044172556,1.0762657524259935,0.6067465771301214,0.6054522251388594,,,0,7.882583474838611e-15,1.8075823301932785e-15,7.66053886991358e-15,1.908195823574488e-17,-0.3834872099542442,10,0.2
v2_depth,prespecified depth-onset and saturation study,SU2-HaarU4-brickwork|n12|d96|i4|dir=gaussian|basis=Z|eta=0,SU2-HaarU4-brickwork|n12|d96|i4,SU2-HaarU4-brickwork,12,96,8.0,4,gaussian,Z,0.0,96,96,3456,96,1.0,4096,4095,0.9897110118651774,0.4913799863875961,0.4965203197260179,0.0012529858005871,0.011656600531831,798.0936412299515,2.3522334600109173e-06,652.018304763084,1,12,0.0026781288833251,0.0029304029304029,0.9139114814347128,-0.0002522740470777,0.0029304029304029,0.0001275997885351,-1.977072610964808,0.3695233257544366,0.3692710517073588,0.1098633373734636,0.1096110633263858,,,0,3.419486915845482e-14,4.305150981749841e-15,3.397282455352979e-14,2.2985086056692694e-17,-0.4389121640233961,10,0.2
v2_depth,prespecified depth-onset and saturation study,SU2-HaarU4-brickwork|n12|d96|i4|dir=gaussian|basis=Z|eta=0,SU2-HaarU4-brickwork|n12|d96|i4,SU2-HaarU4-brickwork,12,96,8.0,4,gaussian,Z,0.0,96,96,3456,96,1.0,4096,4095,0.9897110118651774,0.4913799863875961,0.4965203197260179,0.0012529858005871,0.011656600531831,798.0936412299515,2.3522334600109173e-06,652.018304763084,2,78,0.0184927842049507,0.019047619047619,0.9708711707599136,-0.0005548348426683,0.019047619047619,0.0003226768873027,-1.7194750058056203,0.9344579478465452,0.933903113003877,0.2778245962578368,0.2772697614151685,,,0,3.419486915845482e-14,4.305150981749841e-15,3.397282455352979e-14,2.2985086056692694e-17,-0.4389121640233961,10,0.2
v2_depth,prespecified depth-onset and saturation study,U1-RZ-XY-line|n8|d8|i8|dir=gaussian|basis=Z|eta=0,U1-RZ-XY-line|n8|d8|i8,U1-RZ-XY-line,8,8,1.0,8,gaussian,Z,0.0,96,96,92,96,1.0,70,69,0.6472283432915317,0.2779360495940033,0.4356816261456869,0.0958652398051133,0.10528331022381,10.43130963874834,0.0136296802180487,8.56558771458398,1,7,0.4477318467970979,0.1014492753623188,4.413356775571393,0.346282571434779,0.1014492753623188,0.0153805556638733,22.51430826053609,0.7556847510478355,0.4094021796130564,0.7154167631320701,0.3691341916972911,,,0,6.661338147750939e-16,4.857721342728975e-16,6.661338147750939e-16,9.714451465470121e-17,-0.114520426872801,10,0.2
v2_depth,prespecified depth-onset and saturation study,U1-RZ-XY-line|n8|d8|i8|dir=gaussian|basis=Z|eta=0,U1-RZ-XY-line|n8|d8|i8,U1-RZ-XY-line,8,8,1.0,8,gaussian,Z,0.0,96,96,92,96,1.0,70,69,0.6472283432915317,0.2779360495940033,0.4356816261456869,0.0958652398051133,0.10528331022381,10.43130963874834,0.0136296802180487,8.56558771458398,2,27,0.7515985284978329,0.391304347826087,1.9207517950500173,0.3602941806717459,0.391304347826087,0.0248618641081463,14.491840961904783,1.2215248915407724,0.8612307108690265,1.1564337943561782,0.7961396136844323,,,0,6.661338147750939e-16,4.857721342728975e-16,6.661338147750939e-16,9.714451465470121e-17,-0.114520426872801,10,0.2
v2_depth,prespecified depth-onset and saturation study,U1-RZ-XY-line|n8|d32|i8|dir=gaussian|basis=Z|eta=0,U1-RZ-XY-line|n8|d32|i8,U1-RZ-XY-line,8,32,4.0,8,gaussian,Z,0.0,96,96,368,96,1.0,70,69,0.6682517628727142,0.299057078982209,0.4473272377818868,0.0615411268153107,0.0713167400776512,16.249296230812785,0.0048807564129491,14.313849058538022,1,7,0.4182906884906756,0.1014492753623188,4.12315107226523,0.3168414131283567,0.1014492753623188,0.0121679533372225,26.039006260742223,0.5978416508058094,0.2810002376774527,0.54399214036017,0.2271507272318132,,,0,2.220446049250313e-15,1.1588004757237301e-15,2.220446049250313e-15,6.938893903907227e-17,-0.1244220600348596,10,0.2
v2_depth,prespecified depth-onset and saturation study,U1-RZ-XY-line|n8|d32|i8|dir=gaussian|basis=Z|eta=0,U1-RZ-XY-line|n8|d32|i8,U1-RZ-XY-line,8,32,4.0,8,gaussian,Z,0.0,96,96,368,96,1.0,70,69,0.6682517628727142,0.299057078982209,0.4473272377818868,0.0615411268153107,0.0713167400776512,16.249296230812785,0.0048807564129491,14.313849058538022,2,27,0.7387222609550578,0.391304347826087,1.8878457779962587,0.3474179131289708,0.391304347826087,0.019668860407616,17.663347338336216,0.966379772314468,0.6189618591854971,0.8793348540262205,0.5319169408972497,,,0,2.220446049250313e-15,1.1588004757237301e-15,2.220446049250313e-15,6.938893903907227e-17,-0.1244220600348596,10,0.2
v2_depth,prespecified depth-onset and saturation study,U1-RZ-XY-line|n8|d64|i8|dir=gaussian|basis=Z|eta=0,U1-RZ-XY-line|n8|d64|i8,U1-RZ-XY-line,8,64,8.0,8,gaussian,Z,0.0,96,96,736,96,1.0,70,69,0.6992775208155639,0.3388980495530176,0.4803604374650214,0.0533102325381873,0.0631715842825812,18.758124892508697,0.0032824835086463,17.454150788725812,1,7,0.3779687962811608,0.1014492753623188,3.725692420485728,0.2765195209188419,0.1014492753623188,0.0112621616110179,24.552970421621165,0.553337862381192,0.27681834146235,0.4941217629833376,0.2176022420644957,,,0,0.0,8.355534721610418e-17,1.1102230246251563e-16,9.714451465470121e-17,-0.1112251316558951,10,0.2
v2_depth,prespecified depth-onset and saturation study,U1-RZ-XY-line|n8|d64|i8|dir=gaussian|basis=Z|eta=0,U1-RZ-XY-line|n8|d64|i8,U1-RZ-XY-line,8,64,8.0,8,gaussian,Z,0.0,96,96,736,96,1.0,70,69,0.6992775208155639,0.3388980495530176,0.4803604374650214,0.0533102325381873,0.0631715842825812,18.758124892508697,0.0032824835086463,17.454150788725812,2,27,0.7130296746191939,0.391304347826087,1.822186946249051,0.3217253267931069,0.391304347826087,0.0182046954385911,17.672656369251825,0.8944417250624159,0.5727163982693091,0.7987219963076235,0.4769966695145166,,,0,0.0,8.355534721610418e-17,1.1102230246251563e-16,9.714451465470121e-17,-0.1112251316558951,10,0.2
v2_depth,prespecified depth-onset and saturation study,U1-RZ-XY-line|n12|d12|i8|dir=gaussian|basis=Z|eta=0,U1-RZ-XY-line|n12|d12|i8,U1-RZ-XY-line,12,12,1.0,8,gaussian,Z,0.0,96,96,210,96,1.0,924,923,0.6453781197641569,0.281060424491649,0.4404961999289269,0.046672211693481,0.0566027094883406,21.426025545296245,0.0029981683065069,18.262994802919884,1,11,0.4125818575940747,0.0119176598049837,34.61936859630281,0.4006641977890909,0.0119176598049837,0.0011895796271168,336.8115833995685,0.7768100700873057,0.3761458722982148,0.703917779633485,0.303253581844394,,,0,4.440892098500626e-16,2.328668396243937e-16,3.3306690738754696e-16,8.326672684688674e-17,-0.207188992829624,10,0.2
v2_depth,prespecified depth-onset and saturation study,U1-RZ-XY-line|n12|d12|i8|dir=gaussian|basis=Z|eta=0,U1-RZ-XY-line|n12|d12|i8,U1-RZ-XY-line,12,12,1.0,8,gaussian,Z,0.0,96,96,210,96,1.0,924,923,0.6453781197641569,0.281060424491649,0.4404961999289269,0.046672211693481,0.0566027094883406,21.426025545296245,0.0029981683065069,18.262994802919884,2,65,0.6813890201958009,0.0704225352112676,9.675724086780374,0.6109664849845333,0.0704225352112676,0.0028047882430359,217.82980818659183,1.83156108425756,1.2205945992730267,1.6596958012513652,1.048729316266832,,,0,4.440892098500626e-16,2.328668396243937e-16,3.3306690738754696e-16,8.326672684688674e-17,-0.207188992829624,10,0.2
v2_depth,prespecified depth-onset and saturation study,U1-RZ-XY-line|n12|d48|i8|dir=gaussian|basis=Z|eta=0,U1-RZ-XY-line|n12|d48|i8,U1-RZ-XY-line,12,48,4.0,8,gaussian,Z,0.0,96,96,840,96,1.0,924,923,0.7283451025090409,0.3324030599157306,0.4599734941267652,0.0276954306500908,0.0378236032474857,36.10703919481104,0.0010078299209731,31.499696988773625,1,11,0.3258179230203593,0.0119176598049837,27.33908572252651,0.3139002632153755,0.0119176598049837,0.0009677032950234,324.37655718404784,0.6319221070159375,0.318021843800562,0.5378135327733946,0.2239132695580191,,,0,1.7763568394002505e-15,9.333070248636777e-16,1.887379141862766e-15,4.163336342344337e-17,-0.2081381938675738,10,0.2
v2_depth,prespecified depth-onset and saturation study,U1-RZ-XY-line|n12|d48|i8|dir=gaussian|basis=Z|eta=0,U1-RZ-XY-line|n12|d48|i8,U1-RZ-XY-line,12,48,4.0,8,gaussian,Z,0.0,96,96,840,96,1.0,924,923,0.7283451025090409,0.3324030599157306,0.4599734941267652,0.0276954306500908,0.0378236032474857,36.10703919481104,0.0010078299209731,31.499696988773625,2,65,0.5608884281222672,0.0704225352112676,7.964615679336195,0.4904658929109996,0.0704225352112676,0.0022816487125013,214.96117707501816,1.4899445618185048,0.9994786689075053,1.2680555712982955,0.7775896783872961,,,0,1.7763568394002505e-15,9.333070248636777e-16,1.887379141862766e-15,4.163336342344337e-17,-0.2081381938675738,10,0.2
v2_depth,prespecified depth-onset and saturation study,U1-RZ-XY-line|n12|d96|i8|dir=gaussian|basis=Z|eta=0,U1-RZ-XY-line|n12|d96|i8,U1-RZ-XY-line,12,96,8.0,8,gaussian,Z,0.0,96,96,1680,96,1.0,924,923,0.7729817556236595,0.3653775493506654,0.4755386067293949,0.0236915204968416,0.0338614004916661,42.20919464131956,0.0006868478642378,38.156604799047145,1,11,0.2725074488455853,0.0119176598049837,22.865852298588663,0.2605897890406016,0.0119176598049837,0.0009140346389606,285.0983736643986,0.5968758171103867,0.3362860280697851,0.4957068427795966,0.235117053738995,,,0,2.4424906541753444e-15,1.1449227508704309e-15,2.55351295663786e-15,4.510281037539698e-17,-0.1878640827422386,10,0.2
v2_depth,prespecified depth-onset and saturation study,U1-RZ-XY-line|n12|d96|i8|dir=gaussian|basis=Z|eta=0,U1-RZ-XY-line|n12|d96|i8,U1-RZ-XY-line,12,96,8.0,8,gaussian,Z,0.0,96,96,1680,96,1.0,924,923,0.7729817556236595,0.3653775493506654,0.4755386067293949,0.0236915204968416,0.0338614004916661,42.20919464131956,0.0006868478642378,38.156604799047145,2,65,0.545032694150373,0.0704225352112676,7.739464256935297,0.4746101589391054,0.0704225352112676,0.0021551088726174,220.2256066825459,1.4073124961304255,0.9327023371913205,1.1687765097242482,0.6941663507851428,,,0,2.4424906541753444e-15,1.1449227508704309e-15,2.55351295663786e-15,4.510281037539698e-17,-0.1878640827422386,10,0.2
v2_depth,prespecified depth-onset and saturation study,RY-RZ-CZ-line|n8|d4|i9|dir=gaussian|basis=Z|eta=0,RY-RZ-CZ-line|n8|d4|i9,RY-RZ-CZ-line,8,4,0.5,9,gaussian,Z,0.0,96,96,64,96,1.0,256,255,0.8169238108992228,0.3352952576423182,0.4150710787648036,0.0559338543409517,0.0657678766915668,17.878260166095046,0.0040656182105787,15.683273042762275,1,8,0.3485367102927192,0.0313725490196078,11.109607640580426,0.3171641612731114,0.0313725490196078,0.0038318795350198,82.76986746961138,0.6922775843991634,0.375113423126052,0.6348576390362306,0.3176934777631192,,,0,0.0,1.9428902930940242e-16,2.220446049250313e-16,1.3877787807814454e-16,-0.2566333307862353,10,0.2
v2_depth,prespecified depth-onset and saturation study,RY-RZ-CZ-line|n8|d4|i9|dir=gaussian|basis=Z|eta=0,RY-RZ-CZ-line|n8|d4|i9,RY-RZ-CZ-line,8,4,0.5,9,gaussian,Z,0.0,96,96,64,96,1.0,256,255,0.8169238108992228,0.3352952576423182,0.4150710787648036,0.0559338543409517,0.0657678766915668,17.878260166095046,0.0040656182105787,15.683273042762275,2,36,0.6927454881733862,0.1411764705882353,4.906947207894819,0.5515690175851509,0.1411764705882353,0.0076540568771764,72.06230975756989,1.3828023447396978,0.8312333271545469,1.268107839425617,0.716538821840466,,,0,0.0,1.9428902930940242e-16,2.220446049250313e-16,1.3877787807814454e-16,-0.2566333307862353,10,0.2
v2_depth,prespecified depth-onset and saturation study,RY-RZ-CZ-line|n8|d32|i5|dir=gaussian|basis=Z|eta=0,RY-RZ-CZ-line|n8|d32|i5,RY-RZ-CZ-line,8,32,4.0,5,gaussian,Z,0.0,96,96,512,96,1.0,256,255,0.96432288663612,0.4530436706025609,0.4703224585065544,0.0118297181742547,0.0221231586099395,84.53286758566429,0.0002085501249106,69.24601298503026,1,8,0.0296511505206392,0.0313725490196078,0.9451304228453772,-0.0017213984989685,0.0313725490196078,0.002078785224374,-0.8280790525086135,0.3755588870846025,0.3738374885856339,0.2475487949878527,0.2458273964888842,,,0,2.664535259100376e-15,1.0377837304703873e-15,2.664535259100376e-15,4.8572257327350605e-17,-0.3669797981554839,10,0.2
v2_depth,prespecified depth-onset and saturation study,RY-RZ-CZ-line|n8|d32|i5|dir=gaussian|basis=Z|eta=0,RY-RZ-CZ-line|n8|d32|i5,RY-RZ-CZ-line,8,32,4.0,5,gaussian,Z,0.0,96,96,512,96,1.0,256,255,0.96432288663612,0.4530436706025609,0.4703224585065544,0.0118297181742547,0.0221231586099395,84.53286758566429,0.0002085501249106,69.24601298503026,2,36,0.133250069619616,0.1411764705882353,0.9438546598056136,-0.0079264009686192,0.1411764705882353,0.0041523070329794,-1.9089149491269195,0.750166871427951,0.7422404704593317,0.4944708045744188,0.4865444036057995,,,0,2.664535259100376e-15,1.0377837304703873e-15,2.664535259100376e-15,4.8572257327350605e-17,-0.3669797981554839,10,0.2
v2_depth,prespecified depth-onset and saturation study,RY-RZ-CZ-line|n12|d6|i1|dir=gaussian|basis=Z|eta=0,RY-RZ-CZ-line|n12|d6|i1,RY-RZ-CZ-line,12,6,0.5,1,gaussian,Z,0.0,96,96,144,96,1.0,4096,4095,0.8782330771211679,0.3731356179910727,0.4272052814123687,0.0228325906258124,0.0330114178067935,43.79704503918581,0.0006837900356482,38.24182555473917,1,12,0.1857850325807128,0.0029304029304029,63.39914236816826,0.1828546296503099,0.0029304029304029,0.0002162127193321,845.7163399783178,0.6261424414194594,0.4432878117691494,0.5198714913850713,0.3370168617347613,,,0,8.881784197001252e-16,4.922344729724354e-16,8.881784197001252e-16,1.249000902703301e-16,-0.3066011408851671,10,0.2
v2_depth,prespecified depth-onset and saturation study,RY-RZ-CZ-line|n12|d6|i1|dir=gaussian|basis=Z|eta=0,RY-RZ-CZ-line|n12|d6|i1,RY-RZ-CZ-line,12,6,0.5,1,gaussian,Z,0.0,96,96,144,96,1.0,4096,4095,0.8782330771211679,0.3731356179910727,0.4272052814123687,0.0228325906258124,0.0330114178067935,43.79704503918581,0.0006837900356482,38.24182555473917,2,78,0.3897922641089117,0.019047619047619,20.464093865717864,0.3707446450612927,0.019047619047619,0.0005467630320573,678.0718946309836,1.5834014799306042,1.2126568348693114,1.3146613843437025,0.9439167392824098,,,0,8.881784197001252e-16,4.922344729724354e-16,8.881784197001252e-16,1.249000902703301e-16,-0.3066011408851671,10,0.2
v2_depth,prespecified depth-onset and saturation study,RY-RZ-CZ-line|n12|d24|i9|dir=gaussian|basis=Z|eta=0,RY-RZ-CZ-line|n12|d24|i9,RY-RZ-CZ-line,12,24,2.0,9,gaussian,Z,0.0,96,96,576,96,1.0,4096,4095,0.952192785103958,0.4337146485194362,0.4562510342383389,0.0077370804493545,0.018073152528007,129.24771902603467,9.376341725011998e-05,103.27216614467628,1,12,0.0203018281350811,0.0029304029304029,6.927998851096436,0.0173714252046782,0.0029304029304029,0.0001594866617986,108.92086528593713,0.4618662958448692,0.444494870640191,0.2994178961994878,0.2820464709948096,,,0,1.1102230246251563e-15,2.9837275304289447e-16,8.881784197001252e-16,3.9898639947466563e-17,-0.4017164718958418,10,0.2
v2_depth,prespecified depth-onset and saturation study,RY-RZ-CZ-line|n12|d24|i9|dir=gaussian|basis=Z|eta=0,RY-RZ-CZ-line|n12|d24|i9,RY-RZ-CZ-line,12,24,2.0,9,gaussian,Z,0.0,96,96,576,96,1.0,4096,4095,0.952192785103958,0.4337146485194362,0.4562510342383389,0.0077370804493545,0.018073152528007,129.24771902603467,9.376341725011998e-05,103.27216614467628,2,78,0.0741246147277033,0.019047619047619,3.8915422732044274,0.0550769956800843,0.019047619047619,0.0004033130476649,136.56140310601918,1.1679766902766353,1.112899694596551,0.7571739409409772,0.702096945260893,,,0,1.1102230246251563e-15,2.9837275304289447e-16,8.881784197001252e-16,3.9898639947466563e-17,-0.4017164718958418,10,0.2
v2_depth,prespecified depth-onset and saturation study,RY-RZ-CZ-line|n12|d96|i5|dir=gaussian|basis=Z|eta=0,RY-RZ-CZ-line|n12|d96|i5,RY-RZ-CZ-line,12,96,8.0,5,gaussian,Z,0.0,96,96,2304,96,1.0,4096,4095,0.9767443625899492,0.4812309013463132,0.4926750987854159,0.0018978788785609,0.0122947759735759,526.9040144217306,6.727752684202466e-06,385.5360476984901,1,12,0.0027459226576384,0.0029304029304029,0.9370461069191272,-0.0001844802727644,0.0029304029304029,0.0001311189174026,-1.406969157608041,0.3797145668042562,0.3795300865314918,0.1406626897074561,0.1404782094346917,,,0,6.661338147750939e-16,9.194264557050443e-17,4.440892098500626e-16,2.862293735361732e-17,-0.429144082257112,10,0.2
v2_depth,prespecified depth-onset and saturation study,RY-RZ-CZ-line|n12|d96|i5|dir=gaussian|basis=Z|eta=0,RY-RZ-CZ-line|n12|d96|i5,RY-RZ-CZ-line,12,96,8.0,5,gaussian,Z,0.0,96,96,2304,96,1.0,4096,4095,0.9767443625899492,0.4812309013463132,0.4926750987854159,0.0018978788785609,0.0122947759735759,526.9040144217306,6.727752684202466e-06,385.5360476984901,2,78,0.017628821554447,0.019047619047619,0.9255131316084716,-0.0014187974931719,0.019047619047619,0.0003315761304912,-4.2789494257918825,0.9602297612441992,0.9588109637510274,0.3557106120276541,0.3542918145344821,,,0,6.661338147750939e-16,9.194264557050443e-17,4.440892098500626e-16,2.862293735361732e-17,-0.429144082257112,10,0.2
v2_depth,prespecified depth-onset and saturation study,SU2-CNOT-line|n8|d16|i1|dir=gaussian|basis=Z|eta=0,SU2-CNOT-line|n8|d16|i1,SU2-CNOT-line,8,16,2.0,1,gaussian,Z,0.0,96,96,384,96,1.0,256,255,0.9817721147737156,0.4709345743438746,0.4801056987429304,0.0106765988016695,0.0209820508974854,93.66278705196154,0.0001675870850375,77.24666285578301,1,8,0.0314736272414383,0.0313725490196078,1.0032218683208458,0.0001010782218304,0.0313725490196078,0.002012568215722,0.0502235010176749,0.3635959455628698,0.3634948673410393,0.2287899938187671,0.2286889155969367,,,0,0.0,6.740529463643248e-17,1.1102230246251563e-16,4.163336342344337e-17,-0.392513396235452,10,0.2
v2_depth,prespecified depth-onset and saturation study,SU2-CNOT-line|n8|d16|i1|dir=gaussian|basis=Z|eta=0,SU2-CNOT-line|n8|d16|i1,SU2-CNOT-line,8,16,2.0,1,gaussian,Z,0.0,96,96,384,96,1.0,256,255,0.9817721147737156,0.4709345743438746,0.4801056987429304,0.0106765988016695,0.0209820508974854,93.66278705196154,0.0001675870850375,77.24666285578301,2,36,0.1373064286244942,0.1411764705882353,0.9725872027568342,-0.003870041963741,0.1411764705882353,0.0040200406749618,-0.9626872652918548,0.72627127815868,0.7224012361949389,0.4570006989033956,0.4531306569396546,,,0,0.0,6.740529463643248e-17,1.1102230246251563e-16,4.163336342344337e-17,-0.392513396235452,10,0.2
v2_depth,prespecified depth-onset and saturation study,SU2-CNOT-line|n8|d48|i9|dir=gaussian|basis=Z|eta=0,SU2-CNOT-line|n8|d48|i9,SU2-CNOT-line,8,48,6.0,9,gaussian,Z,0.0,96,96,1152,96,1.0,256,255,0.9846162630117672,0.4838762865598283,0.491861931778424,0.0060378799481722,0.0163916520320454,165.62104721918297,4.9185149090032506e-05,142.5880086879985,1,8,0.0320149680900265,0.0313725490196078,1.0204771078695951,0.0006424190704186,0.0313725490196078,0.00172063850269,0.3733608595962094,0.3108551444220317,0.310212725351613,0.1280598997366849,0.1274174806662662,,,0,4.440892098500626e-16,9.349922174698203e-17,6.661338147750939e-16,7.28583859910259e-17,-0.3893662767883991,10,0.2
v2_depth,prespecified depth-onset and saturation study,SU2-CNOT-line|n8|d48|i9|dir=gaussian|basis=Z|eta=0,SU2-CNOT-line|n8|d48|i9,SU2-CNOT-line,8,48,6.0,9,gaussian,Z,0.0,96,96,1152,96,1.0,256,255,0.9846162630117672,0.4838762865598283,0.491861931778424,0.0060378799481722,0.0163916520320454,165.62104721918297,4.9185149090032506e-05,142.5880086879985,2,36,0.1402929956773322,0.1411764705882353,0.9937420527144364,-0.000883474910903,0.1411764705882353,0.0034369204053229,-0.257054224920315,0.6209232138496239,0.6200397389387208,0.2557955560220974,0.2549120811111943,,,0,4.440892098500626e-16,9.349922174698203e-17,6.661338147750939e-16,7.28583859910259e-17,-0.3893662767883991,10,0.2
v2_depth,prespecified depth-onset and saturation study,SU2-CNOT-line|n12|d12|i5|dir=gaussian|basis=Z|eta=0,SU2-CNOT-line|n12|d12|i5,SU2-CNOT-line,12,12,1.0,5,gaussian,Z,0.0,96,96,432,96,1.0,4096,4095,0.9596716230134928,0.4550514917693027,0.4743107233195753,0.006178669337529,0.0165309748652631,161.84714626594987,5.901147389897548e-05,130.17625372172486,1,12,0.0050692320397816,0.0029304029304029,1.729875433575496,0.0021388291093787,0.0029304029304029,0.0001524330010364,14.0312733780476,0.4414392072616996,0.4393003781523208,0.2664675299027776,0.2643287007933989,,,0,2.220446049250313e-16,8.009840277583556e-17,0.0,2.3418766925686896e-17,-0.3872103597877132,10,0.2
v2_depth,prespecified depth-onset and saturation study,SU2-CNOT-line|n12|d12|i5|dir=gaussian|basis=Z|eta=0,SU2-CNOT-line|n12|d12|i5,SU2-CNOT-line,12,12,1.0,5,gaussian,Z,0.0,96,96,432,96,1.0,4096,4095,0.9596716230134928,0.4550514917693027,0.4743107233195753,0.006178669337529,0.0165309748652631,161.84714626594987,5.901147389897548e-05,130.17625372172486,2,78,0.0223992030760996,0.019047619047619,1.1759581614952297,0.0033515840284805,0.019047619047619,0.0003854756098056,8.694672096556328,1.1163202617171206,1.11296867768864,0.6738483982095353,0.6704968141810548,,,0,2.220446049250313e-16,8.009840277583556e-17,0.0,2.3418766925686896e-17,-0.3872103597877132,10,0.2
v2_depth,prespecified depth-onset and saturation study,SU2-CNOT-line|n12|d72|i1|dir=gaussian|basis=Z|eta=0,SU2-CNOT-line|n12|d72|i1,SU2-CNOT-line,12,72,6.0,1,gaussian,Z,0.0,96,96,2592,96,1.0,4096,4095,0.9881576103699028,0.4894739691745779,0.4952890596462493,0.0009991557218138,0.0114054145163783,1000.8449915940712,1.384223959460626e-06,849.9567337518191,1,12,0.0028460257247044,0.0029304029304029,0.9712062785553855,-8.437720569850387e-05,0.0029304029304029,0.0001261877450057,-0.6686640267220211,0.3654341103482495,0.365349733142551,0.0950416637398398,0.0949572865341413,,,0,5.3290705182007506e-15,7.134941328268971e-16,5.10702591327572e-15,2.6020852139652106e-17,-0.4675376306214884,10,0.2
v2_depth,prespecified depth-onset and saturation study,SU2-CNOT-line|n12|d72|i1|dir=gaussian|basis=Z|eta=0,SU2-CNOT-line|n12|d72|i1,SU2-CNOT-line,12,72,6.0,1,gaussian,Z,0.0,96,96,2592,96,1.0,4096,4095,0.9881576103699028,0.4894739691745779,0.4952890596462493,0.0009991557218138,0.0114054145163783,1000.8449915940712,1.384223959460626e-06,849.9567337518191,2,78,0.0187836336417491,0.019047619047619,0.9861407661918296,-0.0002639854058699,0.019047619047619,0.0003191060834947,-0.8272653500643362,0.9241170584616422,0.9238530730557722,0.2403432526943417,0.2400792672884718,,,0,5.3290705182007506e-15,7.134941328268971e-16,5.10702591327572e-15,2.6020852139652106e-17,-0.4675376306214884,10,0.2
v2_depth,prespecified depth-onset and saturation study,SU2-HaarU4-brickwork|n8|d4|i9|dir=gaussian|basis=Z|eta=0,SU2-HaarU4-brickwork|n8|d4|i9,SU2-HaarU4-brickwork,8,4,0.5,9,gaussian,Z,0.0,96,96,96,96,1.0,256,255,0.7947857931736747,0.3541628767878608,0.4481545207459605,0.0532376337857477,0.0630997417671461,18.783704851054274,0.0037050065883211,16.428787329309955,1,8,0.2648915553775536,0.0313725490196078,8.443418327659522,0.2335190063579458,0.0313725490196078,0.0037483120133074,62.29977801444897,0.6771800528779875,0.4436610465200417,0.6181837557662859,0.3846647494083401,,,0,8.881784197001252e-16,5.898978129848562e-16,8.881784197001252e-16,4.8572257327350605e-17,-0.1900454008232855,10,0.2
v2_depth,prespecified depth-onset and saturation study,SU2-HaarU4-brickwork|n8|d4|i9|dir=gaussian|basis=Z|eta=0,SU2-HaarU4-brickwork|n8|d4|i9,SU2-HaarU4-brickwork,8,4,0.5,9,gaussian,Z,0.0,96,96,96,96,1.0,256,255,0.7947857931736747,0.3541628767878608,0.4481545207459605,0.0532376337857477,0.0630997417671461,18.783704851054274,0.0037050065883211,16.428787329309955,2,36,0.5007857376030435,0.1411764705882353,3.5472323080215578,0.3596092670148081,0.1411764705882353,0.0074871334239661,48.03030033680289,1.3526455081502495,0.9930362411354414,1.2348022906093763,0.8751930235945682,,,0,8.881784197001252e-16,5.898978129848562e-16,8.881784197001252e-16,4.8572257327350605e-17,-0.1900454008232855,10,0.2
v2_depth,prespecified depth-onset and saturation study,SU2-HaarU4-brickwork|n8|d32|i5|dir=gaussian|basis=Z|eta=0,SU2-HaarU4-brickwork|n8|d32|i5,SU2-HaarU4-brickwork,8,32,4.0,5,gaussian,Z,0.0,96,96,768,96,1.0,256,255,0.9729902195612974,0.4796534065135577,0.4927522668720317,0.0094998710714272,0.0198175807477665,105.2645864855681,0.0001304892579872,87.54122492682839,1,8,0.0280901704270144,0.0313725490196078,0.8953741823610843,-0.0032823785925934,0.0313725490196078,0.0019426700752464,-1.68962225465746,0.3509679609406498,0.3476855823480563,0.2079095356563796,0.2046271570637862,,,0,6.106226635438361e-15,1.1596743209026714e-15,6.217248937900877e-15,4.163336342344337e-17,-0.3657561635873292,10,0.2
v2_depth,prespecified depth-onset and saturation study,SU2-HaarU4-brickwork|n8|d32|i5|dir=gaussian|basis=Z|eta=0,SU2-HaarU4-brickwork|n8|d32|i5,SU2-HaarU4-brickwork,8,32,4.0,5,gaussian,Z,0.0,96,96,768,96,1.0,256,255,0.9729902195612974,0.4796534065135577,0.4927522668720317,0.0094998710714272,0.0198175807477665,105.2645864855681,0.0001304892579872,87.54122492682839,2,36,0.1399009881119165,0.1411764705882353,0.990965332459409,-0.0012754824763187,0.1411764705882353,0.0038804213738017,-0.328696900014518,0.701047282555676,0.6997718000793574,0.4152926512114451,0.4140171687351264,,,0,6.106226635438361e-15,1.1596743209026714e-15,6.217248937900877e-15,4.163336342344337e-17,-0.3657561635873292,10,0.2
v2_depth,prespecified depth-onset and saturation study,SU2-HaarU4-brickwork|n12|d6|i1|dir=gaussian|basis=Z|eta=0,SU2-HaarU4-brickwork|n12|d6|i1,SU2-HaarU4-brickwork,12,6,0.5,1,gaussian,Z,0.0,96,96,216,96,1.0,4096,4095,0.8810794544255628,0.3988039266335439,0.4544119084112683,0.0203884830635793,0.0305927696983337,49.047297775003805,0.0005764772754557,41.64941482000624,1,12,0.0729944931573562,0.0029304029304029,24.90937078994781,0.0700640902269533,0.0029304029304029,0.000208080110045,336.7169029841212,0.6025907657832629,0.5325266755563096,0.4909409571910785,0.4208768669641252,,,0,4.6629367034256575e-15,2.5709918724996238e-15,4.218847493575595e-15,8.326672684688674e-17,-0.2947217915122931,10,0.2
v2_depth,prespecified depth-onset and saturation study,SU2-HaarU4-brickwork|n12|d6|i1|dir=gaussian|basis=Z|eta=0,SU2-HaarU4-brickwork|n12|d6|i1,SU2-HaarU4-brickwork,12,6,0.5,1,gaussian,Z,0.0,96,96,216,96,1.0,4096,4095,0.8810794544255628,0.3988039266335439,0.4544119084112683,0.0203884830635793,0.0305927696983337,49.047297775003805,0.0005764772754557,41.64941482000624,2,78,0.1699019676925914,0.019047619047619,8.919853303861052,0.1508543486449724,0.019047619047619,0.0005261971276735,286.6878983394433,1.5238435333830755,1.372989184738103,1.241501273117089,1.0906469244721164,,,0,4.6629367034256575e-15,2.5709918724996238e-15,4.218847493575595e-15,8.326672684688674e-17,-0.2947217915122931,10,0.2
v2_depth,prespecified depth-onset and saturation study,SU2-HaarU4-brickwork|n12|d24|i9|dir=gaussian|basis=Z|eta=0,SU2-HaarU4-brickwork|n12|d24|i9,SU2-HaarU4-brickwork,12,24,2.0,9,gaussian,Z,0.0,96,96,864,96,1.0,4096,4095,0.95785334672614,0.4676773972775741,0.4881653326245335,0.0049821623113235,0.0153469314539139,200.7160621257113,3.944279196187562e-05,159.22680308303154,1,12,0.0032041983489259,0.0029304029304029,1.0934326865709665,0.0002737954185229,0.0029304029304029,0.0001467875437028,1.8652496772976392,0.4250902133230499,0.424816417904527,0.238094382861865,0.237820587443342,,,0,1.0658141036401504e-14,2.645453443055076e-15,1.0658141036401504e-14,1.908195823574488e-17,-0.35848754476756,10,0.2
v2_depth,prespecified depth-onset and saturation study,SU2-HaarU4-brickwork|n12|d24|i9|dir=gaussian|basis=Z|eta=0,SU2-HaarU4-brickwork|n12|d24|i9,SU2-HaarU4-brickwork,12,24,2.0,9,gaussian,Z,0.0,96,96,864,96,1.0,4096,4095,0.95785334672614,0.4676773972775741,0.4881653326245335,0.0049821623113235,0.0153469314539139,200.7160621257113,3.944279196187562e-05,159.22680308303154,2,78,0.0188227209034013,0.019047619047619,0.9881928474285724,-0.0002248981442176,0.019047619047619,0.000371199264831,-0.6058690453496542,1.0749766001388563,1.0747517019946389,0.6020978187199504,0.6018729205757327,,,0,1.0658141036401504e-14,2.645453443055076e-15,1.0658141036401504e-14,1.908195823574488e-17,-0.35848754476756,10,0.2
v2_depth,prespecified depth-onset and saturation study,SU2-HaarU4-brickwork|n12|d96|i5|dir=gaussian|basis=Z|eta=0,SU2-HaarU4-brickwork|n12|d96|i5,SU2-HaarU4-brickwork,12,96,8.0,5,gaussian,Z,0.0,96,96,3456,96,1.0,4096,4095,0.993720683367074,0.4938795339903457,0.4970632289023918,0.0012610357749819,0.0116645666523258,792.998913939891,2.46739787225597e-06,636.6201888019143,1,12,0.0027403535357325,0.0029304029304029,0.9351456440687266,-0.0001900493946703,0.0029304029304029,0.0001276443145746,-1.4888982349406747,0.3696522711890777,0.3694622217944073,0.1103008137574254,0.110110764362755,,,0,2.109423746787797e-14,2.8631636117677717e-15,2.0872192862952943e-14,2.6020852139652106e-17,-0.4290068707947115,10,0.2
v2_depth,prespecified depth-onset and saturation study,SU2-HaarU4-brickwork|n12|d96|i5|dir=gaussian|basis=Z|eta=0,SU2-HaarU4-brickwork|n12|d96|i5,SU2-HaarU4-brickwork,12,96,8.0,5,gaussian,Z,0.0,96,96,3456,96,1.0,4096,4095,0.993720683367074,0.4938795339903457,0.4970632289023918,0.0012610357749819,0.0116645666523258,792.998913939891,2.46739787225597e-06,636.6201888019143,2,78,0.0186600440776287,0.019047619047619,0.9796523140755076,-0.0003875749699903,0.019047619047619,0.0003227894856384,-1.2007050639325858,0.9347840276305288,0.9343964526605384,0.2789308952530454,0.2785433202830551,,,0,2.109423746787797e-14,2.8631636117677717e-15,2.0872192862952943e-14,2.6020852139652106e-17,-0.4290068707947115,10,0.2
v2_depth,prespecified depth-onset and saturation study,U1-RZ-XY-line|n8|d8|i9|dir=gaussian|basis=Z|eta=0,U1-RZ-XY-line|n8|d8|i9,U1-RZ-XY-line,8,8,1.0,9,gaussian,Z,0.0,96,96,92,96,1.0,70,69,0.5546647698422947,0.2217188348228296,0.4079348866900346,0.0849607620596549,0.0944924207882002,11.770139247313404,0.0085719661978707,10.80089576990656,1,7,0.5554675543389163,0.1014492753623188,5.47532303562646,0.4540182789765974,0.1014492753623188,0.0144376256392208,31.44687986251876,0.7093562661408317,0.2553379871642343,0.6657578841519856,0.2117396051753881,,,0,0.0,2.8985978303982277e-16,0.0,1.006139616066548e-16,-0.1116848971837554,10,0.2
v2_depth,prespecified depth-onset and saturation study,U1-RZ-XY-line|n8|d8|i9|dir=gaussian|basis=Z|eta=0,U1-RZ-XY-line|n8|d8|i9,U1-RZ-XY-line,8,8,1.0,9,gaussian,Z,0.0,96,96,92,96,1.0,70,69,0.5546647698422947,0.2217188348228296,0.4079348866900346,0.0849607620596549,0.0944924207882002,11.770139247313404,0.0085719661978707,10.80089576990656,2,27,0.8708466196405188,0.391304347826087,2.2254969168591034,0.4795422718144318,0.391304347826087,0.0233376670213358,20.54799528059179,1.1466373178232847,0.6670950460088529,1.0761628127384155,0.596620540923984,,,0,0.0,2.8985978303982277e-16,0.0,1.006139616066548e-16,-0.1116848971837554,10,0.2
v2_depth,prespecified depth-onset and saturation study,U1-RZ-XY-line|n8|d32|i9|dir=gaussian|basis=Z|eta=0,U1-RZ-XY-line|n8|d32|i9,U1-RZ-XY-line,8,32,4.0,9,gaussian,Z,0.0,96,96,368,96,1.0,70,69,0.6887555051796074,0.3198121359821015,0.4682061924014851,0.0667597371092186,0.0764809898476642,14.979088344281594,0.0056313736527369,13.325785787986431,1,7,0.4563223861593588,0.1014492753623188,4.498034949285108,0.35487311079704,0.1014492753623188,0.0127088521173829,27.92330161050904,0.624417346051182,0.269544235254142,0.5733687741776553,0.2184956633806153,,,0,2.220446049250313e-16,1.6743451780617611e-16,2.220446049250313e-16,6.245004513516506e-17,-0.1401035738914628,10,0.2
v2_depth,prespecified depth-onset and saturation study,U1-RZ-XY-line|n8|d32|i9|dir=gaussian|basis=Z|eta=0,U1-RZ-XY-line|n8|d32|i9,U1-RZ-XY-line,8,32,4.0,9,gaussian,Z,0.0,96,96,368,96,1.0,70,69,0.6887555051796074,0.3198121359821015,0.4682061924014851,0.0667597371092186,0.0764809898476642,14.979088344281594,0.0056313736527369,13.325785787986431,2,27,0.7736672233664982,0.391304347826087,1.9771495708254956,0.3823628755404112,0.391304347826087,0.0205431950066056,18.612629409274625,1.0093379942545182,0.626975118714107,0.9268206467300952,0.5444577711896841,,,0,2.220446049250313e-16,1.6743451780617611e-16,2.220446049250313e-16,6.245004513516506e-17,-0.1401035738914628,10,0.2
v2_depth,prespecified depth-onset and saturation study,U1-RZ-XY-line|n8|d64|i9|dir=gaussian|basis=Z|eta=0,U1-RZ-XY-line|n8|d64|i9,U1-RZ-XY-line,8,64,8.0,9,gaussian,Z,0.0,96,96,736,96,1.0,70,69,0.7861829181319635,0.3859442547016302,0.4915311156448838,0.0586811946859705,0.0684865989079916,17.041234510501184,0.0042665739504109,15.309477233619592,1,7,0.4193818469660605,0.1014492753623188,4.1339067772368825,0.3179325716037417,0.1014492753623188,0.0118610685365827,26.804715833413493,0.5827636413216286,0.2648310697178869,0.5271990991674839,0.2092665275637421,,,0,1.1102230246251563e-15,4.82452765399215e-16,1.1102230246251563e-15,5.551115123125783e-17,-0.1845927354662451,10,0.2
v2_depth,prespecified depth-onset and saturation study,U1-RZ-XY-line|n8|d64|i9|dir=gaussian|basis=Z|eta=0,U1-RZ-XY-line|n8|d64|i9,U1-RZ-XY-line,8,64,8.0,9,gaussian,Z,0.0,96,96,736,96,1.0,70,69,0.7861829181319635,0.3859442547016302,0.4915311156448838,0.0586811946859705,0.0684865989079916,17.041234510501184,0.0042665739504109,15.309477233619592,2,27,0.7075425067753326,0.391304347826087,1.808164183981405,0.3162381589492456,0.391304347826087,0.0191727971718589,16.49410652575029,0.942006958288148,0.6257687993389025,0.8521897809079764,0.5359516219587308,,,0,1.1102230246251563e-15,4.82452765399215e-16,1.1102230246251563e-15,5.551115123125783e-17,-0.1845927354662451,10,0.2
v2_depth,prespecified depth-onset and saturation study,U1-RZ-XY-line|n12|d12|i9|dir=gaussian|basis=Z|eta=0,U1-RZ-XY-line|n12|d12|i9,U1-RZ-XY-line,12,12,1.0,9,gaussian,Z,0.0,96,96,210,96,1.0,924,923,0.6733129877495684,0.2692910916869886,0.4060805511163581,0.0399835068878864,0.0499836786911376,25.010312447179672,0.0020283194837022,22.20403068220326,1,11,0.3499030626996807,0.0119176598049837,29.360047897436843,0.3379854028946969,0.0119176598049837,0.0011164188082366,302.7406922931757,0.7290351590629143,0.3910497561682173,0.6502317574642857,0.3122463545695888,,,0,6.661338147750939e-16,4.73658931012479e-16,6.661338147750939e-16,7.28583859910259e-17,-0.1750005943302285,10,0.2
v2_depth,prespecified depth-onset and saturation study,U1-RZ-XY-line|n12|d12|i9|dir=gaussian|basis=Z|eta=0,U1-RZ-XY-line|n12|d12|i9,U1-RZ-XY-line,12,12,1.0,9,gaussian,Z,0.0,96,96,210,96,1.0,924,923,0.6733129877495684,0.2692910916869886,0.4060805511163581,0.0399835068878864,0.0499836786911376,25.010312447179672,0.0020283194837022,22.20403068220326,2,65,0.607514433586423,0.0704225352112676,8.626704956927206,0.5370918983751554,0.0704225352112676,0.0026322898242934,204.0398034510936,1.7189175035347866,1.1818256051596312,1.533115015599806,0.9960231172246504,,,0,6.661338147750939e-16,4.73658931012479e-16,6.661338147750939e-16,7.28583859910259e-17,-0.1750005943302285,10,0.2
v2_depth,prespecified depth-onset and saturation study,U1-RZ-XY-line|n12|d48|i9|dir=gaussian|basis=Z|eta=0,U1-RZ-XY-line|n12|d48|i9,U1-RZ-XY-line,12,48,4.0,9,gaussian,Z,0.0,96,96,840,96,1.0,924,923,0.7268877778140267,0.3255672806608498,0.4492993044289852,0.0260701750940912,0.0362152774368611,38.35800858225339,0.0008052346290341,35.24023357569948,1,11,0.2860921862784131,0.0119176598049837,24.005735266815936,0.2741745264734293,0.0119176598049837,0.0009462853480279,289.7376854083185,0.6179359252358808,0.3437613987624515,0.5211320817116731,0.2469575552382438,,,0,8.881784197001252e-16,5.30825383648903e-16,1.2212453270876722e-15,5.551115123125783e-17,-0.2292278592131842,10,0.2
v2_depth,prespecified depth-onset and saturation study,U1-RZ-XY-line|n12|d48|i9|dir=gaussian|basis=Z|eta=0,U1-RZ-XY-line|n12|d48|i9,U1-RZ-XY-line,12,48,4.0,9,gaussian,Z,0.0,96,96,840,96,1.0,924,923,0.7268877778140267,0.3255672806608498,0.4492993044289852,0.0260701750940912,0.0362152774368611,38.35800858225339,0.0008052346290341,35.24023357569948,2,65,0.5332526058463646,0.0704225352112676,7.572187003018377,0.4628300706350969,0.0704225352112676,0.0022311495239194,207.4401852826245,1.4569679730072589,0.994137902372162,1.2287240824696788,0.7658940118345818,,,0,8.881784197001252e-16,5.30825383648903e-16,1.2212453270876722e-15,5.551115123125783e-17,-0.2292278592131842,10,0.2
v2_depth,prespecified depth-onset and saturation study,U1-RZ-XY-line|n12|d96|i9|dir=gaussian|basis=Z|eta=0,U1-RZ-XY-line|n12|d96|i9,U1-RZ-XY-line,12,96,8.0,9,gaussian,Z,0.0,96,96,1680,96,1.0,924,923,0.77869405317856,0.3706803634764268,0.4786593745019936,0.0243854373665881,0.0345480890606861,41.00808137934641,0.0007496827047261,36.52256360883308,1,11,0.3027628305908598,0.0119176598049837,25.40455387594215,0.2908451707858761,0.0119176598049837,0.0009235593851673,314.91767119358724,0.6030955930713459,0.3122504222854698,0.5032567843841499,0.2124116135982738,,,0,1.1102230246251563e-15,4.687640845212711e-16,1.1102230246251563e-15,7.979727989493313e-17,-0.1998078750148009,10,0.2
v2_depth,prespecified depth-onset and saturation study,U1-RZ-XY-line|n12|d96|i9|dir=gaussian|basis=Z|eta=0,U1-RZ-XY-line|n12|d96|i9,U1-RZ-XY-line,12,96,8.0,9,gaussian,Z,0.0,96,96,1680,96,1.0,924,923,0.77869405317856,0.3706803634764268,0.4786593745019936,0.0243854373665881,0.0345480890606861,41.00808137934641,0.0007496827047261,36.52256360883308,2,65,0.5432034641160902,0.0704225352112676,7.713489190448481,0.4727809289048226,0.0704225352112676,0.0021775662983915,217.1143671970099,1.4219774702876389,0.9491965413828164,1.1865777455266662,0.7137968166218436,,,0,1.1102230246251563e-15,4.687640845212711e-16,1.1102230246251563e-15,7.979727989493313e-17,-0.1998078750148009,10,0.2
