profile,analysis_role,job_id,circuit_id,family,n,depth_factor,instance,direction_sampler,measurement_basis,bitflip_rate,tangent_count_used,regular_tangents,regular_fraction
v2_depth,prespecified depth-onset and saturation study,RY-RZ-CZ-line|n8|d4|i0|dir=gaussian|basis=Z|eta=0,RY-RZ-CZ-line|n8|d4|i0,RY-RZ-CZ-line,8,0.5,0,gaussian,Z,0.0,96,96,1.0
v2_depth,prespecified depth-onset and saturation study,RY-RZ-CZ-line|n8|d16|i8|dir=gaussian|basis=Z|eta=0,RY-RZ-CZ-line|n8|d16|i8,RY-RZ-CZ-line,8,2.0,8,gaussian,Z,0.0,96,96,1.0
v2_depth,prespecified depth-onset and saturation study,RY-RZ-CZ-line|n8|d64|i4|dir=gaussian|basis=Z|eta=0,RY-RZ-CZ-line|n8|d64|i4,RY-RZ-CZ-line,8,8.0,4,gaussian,Z,0.0,96,96,1.0
v2_depth,prespecified depth-onset and saturation study,RY-RZ-CZ-line|n12|d24|i0|dir=gaussian|basis=Z|eta=0,RY-RZ-CZ-line|n12|d24|i0,RY-RZ-CZ-line,12,2.0,0,gaussian,Z,0.0,96,96,1.0
v2_depth,prespecified depth-onset and saturation study,RY-RZ-CZ-line|n12|d72|i8|dir=gaussian|basis=Z|eta=0,RY-RZ-CZ-line|n12|d72|i8,RY-RZ-CZ-line,12,6.0,8,gaussian,Z,0.0,96,96,1.0
v2_depth,prespecified depth-onset and saturation study,SU2-CNOT-line|n8|d8|i4|dir=gaussian|basis=Z|eta=0,SU2-CNOT-line|n8|d8|i4,SU2-CNOT-line,8,1.0,4,gaussian,Z,0.0,96,96,1.0
v2_depth,prespecified depth-onset and saturation study,SU2-CNOT-line|n8|d48|i0|dir=gaussian|basis=Z|eta=0,SU2-CNOT-line|n8|d48|i0,SU2-CNOT-line,8,6.0,0,gaussian,Z,0.0,96,96,1.0
v2_depth,prespecified depth-onset and saturation study,SU2-CNOT-line|n12|d6|i8|dir=gaussian|basis=Z|eta=0,SU2-CNOT-line|n12|d6|i8,SU2-CNOT-line,12,0.5,8,gaussian,Z,0.0,96,96,1.0
v2_depth,prespecified depth-onset and saturation study,SU2-CNOT-line|n12|d48|i4|dir=gaussian|basis=Z|eta=0,SU2-CNOT-line|n12|d48|i4,SU2-CNOT-line,12,4.0,4,gaussian,Z,0.0,96,96,1.0
v2_depth,prespecified depth-onset and saturation study,SU2-HaarU4-brickwork|n8|d4|i0|dir=gaussian|basis=Z|eta=0,SU2-HaarU4-brickwork|n8|d4|i0,SU2-HaarU4-brickwork,8,0.5,0,gaussian,Z,0.0,96,96,1.0
v2_depth,prespecified depth-onset and saturation study,SU2-HaarU4-brickwork|n8|d16|i8|dir=gaussian|basis=Z|eta=0,SU2-HaarU4-brickwork|n8|d16|i8,SU2-HaarU4-brickwork,8,2.0,8,gaussian,Z,0.0,96,96,1.0
v2_depth,prespecified depth-onset and saturation study,SU2-HaarU4-brickwork|n8|d64|i4|dir=gaussian|basis=Z|eta=0,SU2-HaarU4-brickwork|n8|d64|i4,SU2-HaarU4-brickwork,8,8.0,4,gaussian,Z,0.0,96,96,1.0
v2_depth,prespecified depth-onset and saturation study,SU2-HaarU4-brickwork|n12|d24|i0|dir=gaussian|basis=Z|eta=0,SU2-HaarU4-brickwork|n12|d24|i0,SU2-HaarU4-brickwork,12,2.0,0,gaussian,Z,0.0,96,96,1.0
v2_depth,prespecified depth-onset and saturation study,SU2-HaarU4-brickwork|n12|d72|i8|dir=gaussian|basis=Z|eta=0,SU2-HaarU4-brickwork|n12|d72|i8,SU2-HaarU4-brickwork,12,6.0,8,gaussian,Z,0.0,96,96,1.0
v2_depth,prespecified depth-onset and saturation study,U1-RZ-XY-line|n8|d8|i0|dir=gaussian|basis=Z|eta=0,U1-RZ-XY-line|n8|d8|i0,U1-RZ-XY-line,8,1.0,0,gaussian,Z,0.0,96,96,1.0
v2_depth,prespecified depth-onset and saturation study,U1-RZ-XY-line|n8|d32|i0|dir=gaussian|basis=Z|eta=0,U1-RZ-XY-line|n8|d32|i0,U1-RZ-XY-line,8,4.0,0,gaussian,Z,0.0,96,96,1.0
v2_depth,prespecified depth-onset and saturation study,U1-RZ-XY-line|n8|d64|i0|dir=gaussian|basis=Z|eta=0,U1-RZ-XY-line|n8|d64|i0,U1-RZ-XY-line,8,8.0,0,gaussian,Z,0.0,96,96,1.0
v2_depth,prespecified depth-onset and saturation study,U1-RZ-XY-line|n12|d12|i0|dir=gaussian|basis=Z|eta=0,U1-RZ-XY-line|n12|d12|i0,U1-RZ-XY-line,12,1.0,0,gaussian,Z,0.0,96,96,1.0
v2_depth,prespecified depth-onset and saturation study,U1-RZ-XY-line|n12|d48|i0|dir=gaussian|basis=Z|eta=0,U1-RZ-XY-line|n12|d48|i0,U1-RZ-XY-line,12,4.0,0,gaussian,Z,0.0,96,96,1.0
v2_depth,prespecified depth-onset and saturation study,U1-RZ-XY-line|n12|d96|i0|dir=gaussian|basis=Z|eta=0,U1-RZ-XY-line|n12|d96|i0,U1-RZ-XY-line,12,8.0,0,gaussian,Z,0.0,96,96,1.0
v2_depth,prespecified depth-onset and saturation study,RY-RZ-CZ-line|n8|d4|i1|dir=gaussian|basis=Z|eta=0,RY-RZ-CZ-line|n8|d4|i1,RY-RZ-CZ-line,8,0.5,1,gaussian,Z,0.0,96,96,1.0
v2_depth,prespecified depth-onset and saturation study,RY-RZ-CZ-line|n8|d16|i9|dir=gaussian|basis=Z|eta=0,RY-RZ-CZ-line|n8|d16|i9,RY-RZ-CZ-line,8,2.0,9,gaussian,Z,0.0,96,96,1.0
v2_depth,prespecified depth-onset and saturation study,RY-RZ-CZ-line|n8|d64|i5|dir=gaussian|basis=Z|eta=0,RY-RZ-CZ-line|n8|d64|i5,RY-RZ-CZ-line,8,8.0,5,gaussian,Z,0.0,96,96,1.0
v2_depth,prespecified depth-onset and saturation study,RY-RZ-CZ-line|n12|d24|i1|dir=gaussian|basis=Z|eta=0,RY-RZ-CZ-line|n12|d24|i1,RY-RZ-CZ-line,12,2.0,1,gaussian,Z,0.0,96,96,1.0
v2_depth,prespecified depth-onset and saturation study,RY-RZ-CZ-line|n12|d72|i9|dir=gaussian|basis=Z|eta=0,RY-RZ-CZ-line|n12|d72|i9,RY-RZ-CZ-line,12,6.0,9,gaussian,Z,0.0,96,96,1.0
v2_depth,prespecified depth-onset and saturation study,SU2-CNOT-line|n8|d8|i5|dir=gaussian|basis=Z|eta=0,SU2-CNOT-line|n8|d8|i5,SU2-CNOT-line,8,1.0,5,gaussian,Z,0.0,96,96,1.0
v2_depth,prespecified depth-onset and saturation study,SU2-CNOT-line|n8|d48|i1|dir=gaussian|basis=Z|eta=0,SU2-CNOT-line|n8|d48|i1,SU2-CNOT-line,8,6.0,1,gaussian,Z,0.0,96,96,1.0
v2_depth,prespecified depth-onset and saturation study,SU2-CNOT-line|n12|d6|i9|dir=gaussian|basis=Z|eta=0,SU2-CNOT-line|n12|d6|i9,SU2-CNOT-line,12,0.5,9,gaussian,Z,0.0,96,96,1.0
v2_depth,prespecified depth-onset and saturation study,SU2-CNOT-line|n12|d48|i5|dir=gaussian|basis=Z|eta=0,SU2-CNOT-line|n12|d48|i5,SU2-CNOT-line,12,4.0,5,gaussian,Z,0.0,96,96,1.0
v2_depth,prespecified depth-onset and saturation study,SU2-HaarU4-brickwork|n8|d4|i1|dir=gaussian|basis=Z|eta=0,SU2-HaarU4-brickwork|n8|d4|i1,SU2-HaarU4-brickwork,8,0.5,1,gaussian,Z,0.0,96,96,1.0
v2_depth,prespecified depth-onset and saturation study,SU2-HaarU4-brickwork|n8|d16|i9|dir=gaussian|basis=Z|eta=0,SU2-HaarU4-brickwork|n8|d16|i9,SU2-HaarU4-brickwork,8,2.0,9,gaussian,Z,0.0,96,96,1.0
v2_depth,prespecified depth-onset and saturation study,SU2-HaarU4-brickwork|n8|d64|i5|dir=gaussian|basis=Z|eta=0,SU2-HaarU4-brickwork|n8|d64|i5,SU2-HaarU4-brickwork,8,8.0,5,gaussian,Z,0.0,96,96,1.0
v2_depth,prespecified depth-onset and saturation study,SU2-HaarU4-brickwork|n12|d24|i1|dir=gaussian|basis=Z|eta=0,SU2-HaarU4-brickwork|n12|d24|i1,SU2-HaarU4-brickwork,12,2.0,1,gaussian,Z,0.0,96,96,1.0
v2_depth,prespecified depth-onset and saturation study,SU2-HaarU4-brickwork|n12|d72|i9|dir=gaussian|basis=Z|eta=0,SU2-HaarU4-brickwork|n12|d72|i9,SU2-HaarU4-brickwork,12,6.0,9,gaussian,Z,0.0,96,96,1.0
v2_depth,prespecified depth-onset and saturation study,U1-RZ-XY-line|n8|d8|i1|dir=gaussian|basis=Z|eta=0,U1-RZ-XY-line|n8|d8|i1,U1-RZ-XY-line,8,1.0,1,gaussian,Z,0.0,96,96,1.0
v2_depth,prespecified depth-onset and saturation study,U1-RZ-XY-line|n8|d32|i1|dir=gaussian|basis=Z|eta=0,U1-RZ-XY-line|n8|d32|i1,U1-RZ-XY-line,8,4.0,1,gaussian,Z,0.0,96,96,1.0
v2_depth,prespecified depth-onset and saturation study,U1-RZ-XY-line|n8|d64|i1|dir=gaussian|basis=Z|eta=0,U1-RZ-XY-line|n8|d64|i1,U1-RZ-XY-line,8,8.0,1,gaussian,Z,0.0,96,96,1.0
v2_depth,prespecified depth-onset and saturation study,U1-RZ-XY-line|n12|d12|i1|dir=gaussian|basis=Z|eta=0,U1-RZ-XY-line|n12|d12|i1,U1-RZ-XY-line,12,1.0,1,gaussian,Z,0.0,96,96,1.0
v2_depth,prespecified depth-onset and saturation study,U1-RZ-XY-line|n12|d48|i1|dir=gaussian|basis=Z|eta=0,U1-RZ-XY-line|n12|d48|i1,U1-RZ-XY-line,12,4.0,1,gaussian,Z,0.0,96,96,1.0
v2_depth,prespecified depth-onset and saturation study,U1-RZ-XY-line|n12|d96|i1|dir=gaussian|basis=Z|eta=0,U1-RZ-XY-line|n12|d96|i1,U1-RZ-XY-line,12,8.0,1,gaussian,Z,0.0,96,96,1.0
v2_depth,prespecified depth-onset and saturation study,RY-RZ-CZ-line|n8|d4|i10|dir=gaussian|basis=Z|eta=0,RY-RZ-CZ-line|n8|d4|i10,RY-RZ-CZ-line,8,0.5,10,gaussian,Z,0.0,96,96,1.0
v2_depth,prespecified depth-onset and saturation study,RY-RZ-CZ-line|n8|d32|i6|dir=gaussian|basis=Z|eta=0,RY-RZ-CZ-line|n8|d32|i6,RY-RZ-CZ-line,8,4.0,6,gaussian,Z,0.0,96,96,1.0
v2_depth,prespecified depth-onset and saturation study,RY-RZ-CZ-line|n12|d6|i2|dir=gaussian|basis=Z|eta=0,RY-RZ-CZ-line|n12|d6|i2,RY-RZ-CZ-line,12,0.5,2,gaussian,Z,0.0,96,96,1.0
v2_depth,prespecified depth-onset and saturation study,RY-RZ-CZ-line|n12|d24|i10|dir=gaussian|basis=Z|eta=0,RY-RZ-CZ-line|n12|d24|i10,RY-RZ-CZ-line,12,2.0,10,gaussian,Z,0.0,96,96,1.0
v2_depth,prespecified depth-onset and saturation study,RY-RZ-CZ-line|n12|d96|i6|dir=gaussian|basis=Z|eta=0,RY-RZ-CZ-line|n12|d96|i6,RY-RZ-CZ-line,12,8.0,6,gaussian,Z,0.0,96,96,1.0
v2_depth,prespecified depth-onset and saturation study,SU2-CNOT-line|n8|d16|i2|dir=gaussian|basis=Z|eta=0,SU2-CNOT-line|n8|d16|i2,SU2-CNOT-line,8,2.0,2,gaussian,Z,0.0,96,96,1.0
v2_depth,prespecified depth-onset and saturation study,SU2-CNOT-line|n8|d48|i10|dir=gaussian|basis=Z|eta=0,SU2-CNOT-line|n8|d48|i10,SU2-CNOT-line,8,6.0,10,gaussian,Z,0.0,96,96,1.0
v2_depth,prespecified depth-onset and saturation study,SU2-CNOT-line|n12|d12|i6|dir=gaussian|basis=Z|eta=0,SU2-CNOT-line|n12|d12|i6,SU2-CNOT-line,12,1.0,6,gaussian,Z,0.0,96,96,1.0
v2_depth,prespecified depth-onset and saturation study,SU2-CNOT-line|n12|d72|i2|dir=gaussian|basis=Z|eta=0,SU2-CNOT-line|n12|d72|i2,SU2-CNOT-line,12,6.0,2,gaussian,Z,0.0,96,96,1.0
v2_depth,prespecified depth-onset and saturation study,SU2-HaarU4-brickwork|n8|d4|i10|dir=gaussian|basis=Z|eta=0,SU2-HaarU4-brickwork|n8|d4|i10,SU2-HaarU4-brickwork,8,0.5,10,gaussian,Z,0.0,96,96,1.0
v2_depth,prespecified depth-onset and saturation study,SU2-HaarU4-brickwork|n8|d32|i6|dir=gaussian|basis=Z|eta=0,SU2-HaarU4-brickwork|n8|d32|i6,SU2-HaarU4-brickwork,8,4.0,6,gaussian,Z,0.0,96,96,1.0
v2_depth,prespecified depth-onset and saturation study,SU2-HaarU4-brickwork|n12|d6|i2|dir=gaussian|basis=Z|eta=0,SU2-HaarU4-brickwork|n12|d6|i2,SU2-HaarU4-brickwork,12,0.5,2,gaussian,Z,0.0,96,96,1.0
v2_depth,prespecified depth-onset and saturation study,SU2-HaarU4-brickwork|n12|d24|i10|dir=gaussian|basis=Z|eta=0,SU2-HaarU4-brickwork|n12|d24|i10,SU2-HaarU4-brickwork,12,2.0,10,gaussian,Z,0.0,96,96,1.0
v2_depth,prespecified depth-onset and saturation study,SU2-HaarU4-brickwork|n12|d96|i6|dir=gaussian|basis=Z|eta=0,SU2-HaarU4-brickwork|n12|d96|i6,SU2-HaarU4-brickwork,12,8.0,6,gaussian,Z,0.0,96,96,1.0
v2_depth,prespecified depth-onset and saturation study,U1-RZ-XY-line|n8|d8|i10|dir=gaussian|basis=Z|eta=0,U1-RZ-XY-line|n8|d8|i10,U1-RZ-XY-line,8,1.0,10,gaussian,Z,0.0,96,96,1.0
v2_depth,prespecified depth-onset and saturation study,U1-RZ-XY-line|n8|d32|i10|dir=gaussian|basis=Z|eta=0,U1-RZ-XY-line|n8|d32|i10,U1-RZ-XY-line,8,4.0,10,gaussian,Z,0.0,96,96,1.0
v2_depth,prespecified depth-onset and saturation study,U1-RZ-XY-line|n8|d64|i10|dir=gaussian|basis=Z|eta=0,U1-RZ-XY-line|n8|d64|i10,U1-RZ-XY-line,8,8.0,10,gaussian,Z,0.0,96,96,1.0
v2_depth,prespecified depth-onset and saturation study,U1-RZ-XY-line|n12|d12|i10|dir=gaussian|basis=Z|eta=0,U1-RZ-XY-line|n12|d12|i10,U1-RZ-XY-line,12,1.0,10,gaussian,Z,0.0,96,96,1.0
v2_depth,prespecified depth-onset and saturation study,U1-RZ-XY-line|n12|d48|i10|dir=gaussian|basis=Z|eta=0,U1-RZ-XY-line|n12|d48|i10,U1-RZ-XY-line,12,4.0,10,gaussian,Z,0.0,96,96,1.0
v2_depth,prespecified depth-onset and saturation study,U1-RZ-XY-line|n12|d96|i10|dir=gaussian|basis=Z|eta=0,U1-RZ-XY-line|n12|d96|i10,U1-RZ-XY-line,12,8.0,10,gaussian,Z,0.0,96,96,1.0
v2_depth,prespecified depth-onset and saturation study,RY-RZ-CZ-line|n8|d4|i11|dir=gaussian|basis=Z|eta=0,RY-RZ-CZ-line|n8|d4|i11,RY-RZ-CZ-line,8,0.5,11,gaussian,Z,0.0,96,96,1.0
v2_depth,prespecified depth-onset and saturation study,RY-RZ-CZ-line|n8|d32|i7|dir=gaussian|basis=Z|eta=0,RY-RZ-CZ-line|n8|d32|i7,RY-RZ-CZ-line,8,4.0,7,gaussian,Z,0.0,96,96,1.0
v2_depth,prespecified depth-onset and saturation study,RY-RZ-CZ-line|n12|d6|i3|dir=gaussian|basis=Z|eta=0,RY-RZ-CZ-line|n12|d6|i3,RY-RZ-CZ-line,12,0.5,3,gaussian,Z,0.0,96,96,1.0
v2_depth,prespecified depth-onset and saturation study,RY-RZ-CZ-line|n12|d24|i11|dir=gaussian|basis=Z|eta=0,RY-RZ-CZ-line|n12|d24|i11,RY-RZ-CZ-line,12,2.0,11,gaussian,Z,0.0,96,96,1.0
v2_depth,prespecified depth-onset and saturation study,RY-RZ-CZ-line|n12|d96|i7|dir=gaussian|basis=Z|eta=0,RY-RZ-CZ-line|n12|d96|i7,RY-RZ-CZ-line,12,8.0,7,gaussian,Z,0.0,96,96,1.0
v2_depth,prespecified depth-onset and saturation study,SU2-CNOT-line|n8|d16|i3|dir=gaussian|basis=Z|eta=0,SU2-CNOT-line|n8|d16|i3,SU2-CNOT-line,8,2.0,3,gaussian,Z,0.0,96,96,1.0
v2_depth,prespecified depth-onset and saturation study,SU2-CNOT-line|n8|d48|i11|dir=gaussian|basis=Z|eta=0,SU2-CNOT-line|n8|d48|i11,SU2-CNOT-line,8,6.0,11,gaussian,Z,0.0,96,96,1.0
v2_depth,prespecified depth-onset and saturation study,SU2-CNOT-line|n12|d12|i7|dir=gaussian|basis=Z|eta=0,SU2-CNOT-line|n12|d12|i7,SU2-CNOT-line,12,1.0,7,gaussian,Z,0.0,96,96,1.0
v2_depth,prespecified depth-onset and saturation study,SU2-CNOT-line|n12|d72|i3|dir=gaussian|basis=Z|eta=0,SU2-CNOT-line|n12|d72|i3,SU2-CNOT-line,12,6.0,3,gaussian,Z,0.0,96,96,1.0
v2_depth,prespecified depth-onset and saturation study,SU2-HaarU4-brickwork|n8|d4|i11|dir=gaussian|basis=Z|eta=0,SU2-HaarU4-brickwork|n8|d4|i11,SU2-HaarU4-brickwork,8,0.5,11,gaussian,Z,0.0,96,96,1.0
v2_depth,prespecified depth-onset and saturation study,SU2-HaarU4-brickwork|n8|d32|i7|dir=gaussian|basis=Z|eta=0,SU2-HaarU4-brickwork|n8|d32|i7,SU2-HaarU4-brickwork,8,4.0,7,gaussian,Z,0.0,96,96,1.0
v2_depth,prespecified depth-onset and saturation study,SU2-HaarU4-brickwork|n12|d6|i3|dir=gaussian|basis=Z|eta=0,SU2-HaarU4-brickwork|n12|d6|i3,SU2-HaarU4-brickwork,12,0.5,3,gaussian,Z,0.0,96,96,1.0
v2_depth,prespecified depth-onset and saturation study,SU2-HaarU4-brickwork|n12|d24|i11|dir=gaussian|basis=Z|eta=0,SU2-HaarU4-brickwork|n12|d24|i11,SU2-HaarU4-brickwork,12,2.0,11,gaussian,Z,0.0,96,96,1.0
v2_depth,prespecified depth-onset and saturation study,SU2-HaarU4-brickwork|n12|d96|i7|dir=gaussian|basis=Z|eta=0,SU2-HaarU4-brickwork|n12|d96|i7,SU2-HaarU4-brickwork,12,8.0,7,gaussian,Z,0.0,96,96,1.0
v2_depth,prespecified depth-onset and saturation study,U1-RZ-XY-line|n8|d8|i11|dir=gaussian|basis=Z|eta=0,U1-RZ-XY-line|n8|d8|i11,U1-RZ-XY-line,8,1.0,11,gaussian,Z,0.0,96,96,1.0
v2_depth,prespecified depth-onset and saturation study,U1-RZ-XY-line|n8|d32|i11|dir=gaussian|basis=Z|eta=0,U1-RZ-XY-line|n8|d32|i11,U1-RZ-XY-line,8,4.0,11,gaussian,Z,0.0,96,96,1.0
v2_depth,prespecified depth-onset and saturation study,U1-RZ-XY-line|n8|d64|i11|dir=gaussian|basis=Z|eta=0,U1-RZ-XY-line|n8|d64|i11,U1-RZ-XY-line,8,8.0,11,gaussian,Z,0.0,96,96,1.0
v2_depth,prespecified depth-onset and saturation study,U1-RZ-XY-line|n12|d12|i11|dir=gaussian|basis=Z|eta=0,U1-RZ-XY-line|n12|d12|i11,U1-RZ-XY-line,12,1.0,11,gaussian,Z,0.0,96,96,1.0
v2_depth,prespecified depth-onset and saturation study,U1-RZ-XY-line|n12|d48|i11|dir=gaussian|basis=Z|eta=0,U1-RZ-XY-line|n12|d48|i11,U1-RZ-XY-line,12,4.0,11,gaussian,Z,0.0,96,96,1.0
v2_depth,prespecified depth-onset and saturation study,U1-RZ-XY-line|n12|d96|i11|dir=gaussian|basis=Z|eta=0,U1-RZ-XY-line|n12|d96|i11,U1-RZ-XY-line,12,8.0,11,gaussian,Z,0.0,96,96,1.0
v2_depth,prespecified depth-onset and saturation study,RY-RZ-CZ-line|n8|d8|i0|dir=gaussian|basis=Z|eta=0,RY-RZ-CZ-line|n8|d8|i0,RY-RZ-CZ-line,8,1.0,0,gaussian,Z,0.0,96,96,1.0
v2_depth,prespecified depth-onset and saturation study,RY-RZ-CZ-line|n8|d32|i8|dir=gaussian|basis=Z|eta=0,RY-RZ-CZ-line|n8|d32|i8,RY-RZ-CZ-line,8,4.0,8,gaussian,Z,0.0,96,96,1.0
v2_depth,prespecified depth-onset and saturation study,RY-RZ-CZ-line|n12|d6|i4|dir=gaussian|basis=Z|eta=0,RY-RZ-CZ-line|n12|d6|i4,RY-RZ-CZ-line,12,0.5,4,gaussian,Z,0.0,96,96,1.0
v2_depth,prespecified depth-onset and saturation study,RY-RZ-CZ-line|n12|d48|i0|dir=gaussian|basis=Z|eta=0,RY-RZ-CZ-line|n12|d48|i0,RY-RZ-CZ-line,12,4.0,0,gaussian,Z,0.0,96,96,1.0
v2_depth,prespecified depth-onset and saturation study,RY-RZ-CZ-line|n12|d96|i8|dir=gaussian|basis=Z|eta=0,RY-RZ-CZ-line|n12|d96|i8,RY-RZ-CZ-line,12,8.0,8,gaussian,Z,0.0,96,96,1.0
v2_depth,prespecified depth-onset and saturation study,SU2-CNOT-line|n8|d16|i4|dir=gaussian|basis=Z|eta=0,SU2-CNOT-line|n8|d16|i4,SU2-CNOT-line,8,2.0,4,gaussian,Z,0.0,96,96,1.0
v2_depth,prespecified depth-onset and saturation study,SU2-CNOT-line|n8|d64|i0|dir=gaussian|basis=Z|eta=0,SU2-CNOT-line|n8|d64|i0,SU2-CNOT-line,8,8.0,0,gaussian,Z,0.0,96,96,1.0
v2_depth,prespecified depth-onset and saturation study,SU2-CNOT-line|n12|d12|i8|dir=gaussian|basis=Z|eta=0,SU2-CNOT-line|n12|d12|i8,SU2-CNOT-line,12,1.0,8,gaussian,Z,0.0,96,96,1.0
v2_depth,prespecified depth-onset and saturation study,SU2-CNOT-line|n12|d72|i4|dir=gaussian|basis=Z|eta=0,SU2-CNOT-line|n12|d72|i4,SU2-CNOT-line,12,6.0,4,gaussian,Z,0.0,96,96,1.0
v2_depth,prespecified depth-onset and saturation study,SU2-HaarU4-brickwork|n8|d8|i0|dir=gaussian|basis=Z|eta=0,SU2-HaarU4-brickwork|n8|d8|i0,SU2-HaarU4-brickwork,8,1.0,0,gaussian,Z,0.0,96,96,1.0
v2_depth,prespecified depth-onset and saturation study,SU2-HaarU4-brickwork|n8|d32|i8|dir=gaussian|basis=Z|eta=0,SU2-HaarU4-brickwork|n8|d32|i8,SU2-HaarU4-brickwork,8,4.0,8,gaussian,Z,0.0,96,96,1.0
v2_depth,prespecified depth-onset and saturation study,SU2-HaarU4-brickwork|n12|d6|i4|dir=gaussian|basis=Z|eta=0,SU2-HaarU4-brickwork|n12|d6|i4,SU2-HaarU4-brickwork,12,0.5,4,gaussian,Z,0.0,96,96,1.0
v2_depth,prespecified depth-onset and saturation study,SU2-HaarU4-brickwork|n12|d48|i0|dir=gaussian|basis=Z|eta=0,SU2-HaarU4-brickwork|n12|d48|i0,SU2-HaarU4-brickwork,12,4.0,0,gaussian,Z,0.0,96,96,1.0
v2_depth,prespecified depth-onset and saturation study,SU2-HaarU4-brickwork|n12|d96|i8|dir=gaussian|basis=Z|eta=0,SU2-HaarU4-brickwork|n12|d96|i8,SU2-HaarU4-brickwork,12,8.0,8,gaussian,Z,0.0,96,96,1.0
v2_depth,prespecified depth-onset and saturation study,U1-RZ-XY-line|n8|d8|i12|dir=gaussian|basis=Z|eta=0,U1-RZ-XY-line|n8|d8|i12,U1-RZ-XY-line,8,1.0,12,gaussian,Z,0.0,96,96,1.0
v2_depth,prespecified depth-onset and saturation study,U1-RZ-XY-line|n8|d32|i12|dir=gaussian|basis=Z|eta=0,U1-RZ-XY-line|n8|d32|i12,U1-RZ-XY-line,8,4.0,12,gaussian,Z,0.0,96,96,1.0
v2_depth,prespecified depth-onset and saturation study,U1-RZ-XY-line|n8|d64|i12|dir=gaussian|basis=Z|eta=0,U1-RZ-XY-line|n8|d64|i12,U1-RZ-XY-line,8,8.0,12,gaussian,Z,0.0,96,96,1.0
v2_depth,prespecified depth-onset and saturation study,U1-RZ-XY-line|n12|d12|i12|dir=gaussian|basis=Z|eta=0,U1-RZ-XY-line|n12|d12|i12,U1-RZ-XY-line,12,1.0,12,gaussian,Z,0.0,96,96,1.0
v2_depth,prespecified depth-onset and saturation study,U1-RZ-XY-line|n12|d48|i12|dir=gaussian|basis=Z|eta=0,U1-RZ-XY-line|n12|d48|i12,U1-RZ-XY-line,12,4.0,12,gaussian,Z,0.0,96,96,1.0
v2_depth,prespecified depth-onset and saturation study,U1-RZ-XY-line|n12|d96|i12|dir=gaussian|basis=Z|eta=0,U1-RZ-XY-line|n12|d96|i12,U1-RZ-XY-line,12,8.0,12,gaussian,Z,0.0,96,96,1.0
v2_depth,prespecified depth-onset and saturation study,RY-RZ-CZ-line|n8|d8|i1|dir=gaussian|basis=Z|eta=0,RY-RZ-CZ-line|n8|d8|i1,RY-RZ-CZ-line,8,1.0,1,gaussian,Z,0.0,96,96,1.0
v2_depth,prespecified depth-onset and saturation study,RY-RZ-CZ-line|n8|d32|i9|dir=gaussian|basis=Z|eta=0,RY-RZ-CZ-line|n8|d32|i9,RY-RZ-CZ-line,8,4.0,9,gaussian,Z,0.0,96,96,1.0
v2_depth,prespecified depth-onset and saturation study,RY-RZ-CZ-line|n12|d6|i5|dir=gaussian|basis=Z|eta=0,RY-RZ-CZ-line|n12|d6|i5,RY-RZ-CZ-line,12,0.5,5,gaussian,Z,0.0,96,96,1.0
v2_depth,prespecified depth-onset and saturation study,RY-RZ-CZ-line|n12|d48|i1|dir=gaussian|basis=Z|eta=0,RY-RZ-CZ-line|n12|d48|i1,RY-RZ-CZ-line,12,4.0,1,gaussian,Z,0.0,96,96,1.0
v2_depth,prespecified depth-onset and saturation study,RY-RZ-CZ-line|n12|d96|i9|dir=gaussian|basis=Z|eta=0,RY-RZ-CZ-line|n12|d96|i9,RY-RZ-CZ-line,12,8.0,9,gaussian,Z,0.0,96,96,1.0
v2_depth,prespecified depth-onset and saturation study,SU2-CNOT-line|n8|d16|i5|dir=gaussian|basis=Z|eta=0,SU2-CNOT-line|n8|d16|i5,SU2-CNOT-line,8,2.0,5,gaussian,Z,0.0,96,96,1.0
v2_depth,prespecified depth-onset and saturation study,SU2-CNOT-line|n8|d64|i1|dir=gaussian|basis=Z|eta=0,SU2-CNOT-line|n8|d64|i1,SU2-CNOT-line,8,8.0,1,gaussian,Z,0.0,96,96,1.0
v2_depth,prespecified depth-onset and saturation study,SU2-CNOT-line|n12|d12|i9|dir=gaussian|basis=Z|eta=0,SU2-CNOT-line|n12|d12|i9,SU2-CNOT-line,12,1.0,9,gaussian,Z,0.0,96,96,1.0
v2_depth,prespecified depth-onset and saturation study,SU2-CNOT-line|n12|d72|i5|dir=gaussian|basis=Z|eta=0,SU2-CNOT-line|n12|d72|i5,SU2-CNOT-line,12,6.0,5,gaussian,Z,0.0,96,96,1.0
v2_depth,prespecified depth-onset and saturation study,SU2-HaarU4-brickwork|n8|d8|i1|dir=gaussian|basis=Z|eta=0,SU2-HaarU4-brickwork|n8|d8|i1,SU2-HaarU4-brickwork,8,1.0,1,gaussian,Z,0.0,96,96,1.0
v2_depth,prespecified depth-onset and saturation study,SU2-HaarU4-brickwork|n8|d32|i9|dir=gaussian|basis=Z|eta=0,SU2-HaarU4-brickwork|n8|d32|i9,SU2-HaarU4-brickwork,8,4.0,9,gaussian,Z,0.0,96,96,1.0
v2_depth,prespecified depth-onset and saturation study,SU2-HaarU4-brickwork|n12|d6|i5|dir=gaussian|basis=Z|eta=0,SU2-HaarU4-brickwork|n12|d6|i5,SU2-HaarU4-brickwork,12,0.5,5,gaussian,Z,0.0,96,96,1.0
v2_depth,prespecified depth-onset and saturation study,SU2-HaarU4-brickwork|n12|d48|i1|dir=gaussian|basis=Z|eta=0,SU2-HaarU4-brickwork|n12|d48|i1,SU2-HaarU4-brickwork,12,4.0,1,gaussian,Z,0.0,96,96,1.0
v2_depth,prespecified depth-onset and saturation study,SU2-HaarU4-brickwork|n12|d96|i9|dir=gaussian|basis=Z|eta=0,SU2-HaarU4-brickwork|n12|d96|i9,SU2-HaarU4-brickwork,12,8.0,9,gaussian,Z,0.0,96,96,1.0
v2_depth,prespecified depth-onset and saturation study,U1-RZ-XY-line|n8|d8|i13|dir=gaussian|basis=Z|eta=0,U1-RZ-XY-line|n8|d8|i13,U1-RZ-XY-line,8,1.0,13,gaussian,Z,0.0,96,96,1.0
v2_depth,prespecified depth-onset and saturation study,U1-RZ-XY-line|n8|d32|i13|dir=gaussian|basis=Z|eta=0,U1-RZ-XY-line|n8|d32|i13,U1-RZ-XY-line,8,4.0,13,gaussian,Z,0.0,96,96,1.0
v2_depth,prespecified depth-onset and saturation study,U1-RZ-XY-line|n8|d64|i13|dir=gaussian|basis=Z|eta=0,U1-RZ-XY-line|n8|d64|i13,U1-RZ-XY-line,8,8.0,13,gaussian,Z,0.0,96,96,1.0
v2_depth,prespecified depth-onset and saturation study,U1-RZ-XY-line|n12|d12|i13|dir=gaussian|basis=Z|eta=0,U1-RZ-XY-line|n12|d12|i13,U1-RZ-XY-line,12,1.0,13,gaussian,Z,0.0,96,96,1.0
v2_depth,prespecified depth-onset and saturation study,U1-RZ-XY-line|n12|d48|i13|dir=gaussian|basis=Z|eta=0,U1-RZ-XY-line|n12|d48|i13,U1-RZ-XY-line,12,4.0,13,gaussian,Z,0.0,96,96,1.0
v2_depth,prespecified depth-onset and saturation study,U1-RZ-XY-line|n12|d96|i13|dir=gaussian|basis=Z|eta=0,U1-RZ-XY-line|n12|d96|i13,U1-RZ-XY-line,12,8.0,13,gaussian,Z,0.0,96,96,1.0
v2_depth,prespecified depth-onset and saturation study,RY-RZ-CZ-line|n8|d8|i2|dir=gaussian|basis=Z|eta=0,RY-RZ-CZ-line|n8|d8|i2,RY-RZ-CZ-line,8,1.0,2,gaussian,Z,0.0,96,96,1.0
v2_depth,prespecified depth-onset and saturation study,RY-RZ-CZ-line|n8|d32|i10|dir=gaussian|basis=Z|eta=0,RY-RZ-CZ-line|n8|d32|i10,RY-RZ-CZ-line,8,4.0,10,gaussian,Z,0.0,96,96,1.0
v2_depth,prespecified depth-onset and saturation study,RY-RZ-CZ-line|n12|d6|i6|dir=gaussian|basis=Z|eta=0,RY-RZ-CZ-line|n12|d6|i6,RY-RZ-CZ-line,12,0.5,6,gaussian,Z,0.0,96,96,1.0
v2_depth,prespecified depth-onset and saturation study,RY-RZ-CZ-line|n12|d48|i2|dir=gaussian|basis=Z|eta=0,RY-RZ-CZ-line|n12|d48|i2,RY-RZ-CZ-line,12,4.0,2,gaussian,Z,0.0,96,96,1.0
v2_depth,prespecified depth-onset and saturation study,RY-RZ-CZ-line|n12|d96|i10|dir=gaussian|basis=Z|eta=0,RY-RZ-CZ-line|n12|d96|i10,RY-RZ-CZ-line,12,8.0,10,gaussian,Z,0.0,96,96,1.0
v2_depth,prespecified depth-onset and saturation study,SU2-CNOT-line|n8|d16|i6|dir=gaussian|basis=Z|eta=0,SU2-CNOT-line|n8|d16|i6,SU2-CNOT-line,8,2.0,6,gaussian,Z,0.0,96,96,1.0
v2_depth,prespecified depth-onset and saturation study,SU2-CNOT-line|n8|d64|i2|dir=gaussian|basis=Z|eta=0,SU2-CNOT-line|n8|d64|i2,SU2-CNOT-line,8,8.0,2,gaussian,Z,0.0,96,96,1.0
v2_depth,prespecified depth-onset and saturation study,SU2-CNOT-line|n12|d12|i10|dir=gaussian|basis=Z|eta=0,SU2-CNOT-line|n12|d12|i10,SU2-CNOT-line,12,1.0,10,gaussian,Z,0.0,96,96,1.0
v2_depth,prespecified depth-onset and saturation study,SU2-CNOT-line|n12|d72|i6|dir=gaussian|basis=Z|eta=0,SU2-CNOT-line|n12|d72|i6,SU2-CNOT-line,12,6.0,6,gaussian,Z,0.0,96,96,1.0
v2_depth,prespecified depth-onset and saturation study,SU2-HaarU4-brickwork|n8|d8|i2|dir=gaussian|basis=Z|eta=0,SU2-HaarU4-brickwork|n8|d8|i2,SU2-HaarU4-brickwork,8,1.0,2,gaussian,Z,0.0,96,96,1.0
v2_depth,prespecified depth-onset and saturation study,SU2-HaarU4-brickwork|n8|d32|i10|dir=gaussian|basis=Z|eta=0,SU2-HaarU4-brickwork|n8|d32|i10,SU2-HaarU4-brickwork,8,4.0,10,gaussian,Z,0.0,96,96,1.0
v2_depth,prespecified depth-onset and saturation study,SU2-HaarU4-brickwork|n12|d6|i6|dir=gaussian|basis=Z|eta=0,SU2-HaarU4-brickwork|n12|d6|i6,SU2-HaarU4-brickwork,12,0.5,6,gaussian,Z,0.0,96,96,1.0
v2_depth,prespecified depth-onset and saturation study,SU2-HaarU4-brickwork|n12|d48|i2|dir=gaussian|basis=Z|eta=0,SU2-HaarU4-brickwork|n12|d48|i2,SU2-HaarU4-brickwork,12,4.0,2,gaussian,Z,0.0,96,96,1.0
v2_depth,prespecified depth-onset and saturation study,SU2-HaarU4-brickwork|n12|d96|i10|dir=gaussian|basis=Z|eta=0,SU2-HaarU4-brickwork|n12|d96|i10,SU2-HaarU4-brickwork,12,8.0,10,gaussian,Z,0.0,96,96,1.0
v2_depth,prespecified depth-onset and saturation study,U1-RZ-XY-line|n8|d8|i14|dir=gaussian|basis=Z|eta=0,U1-RZ-XY-line|n8|d8|i14,U1-RZ-XY-line,8,1.0,14,gaussian,Z,0.0,96,96,1.0
v2_depth,prespecified depth-onset and saturation study,U1-RZ-XY-line|n8|d32|i14|dir=gaussian|basis=Z|eta=0,U1-RZ-XY-line|n8|d32|i14,U1-RZ-XY-line,8,4.0,14,gaussian,Z,0.0,96,96,1.0
v2_depth,prespecified depth-onset and saturation study,U1-RZ-XY-line|n8|d64|i14|dir=gaussian|basis=Z|eta=0,U1-RZ-XY-line|n8|d64|i14,U1-RZ-XY-line,8,8.0,14,gaussian,Z,0.0,96,96,1.0
v2_depth,prespecified depth-onset and saturation study,U1-RZ-XY-line|n12|d12|i14|dir=gaussian|basis=Z|eta=0,U1-RZ-XY-line|n12|d12|i14,U1-RZ-XY-line,12,1.0,14,gaussian,Z,0.0,96,96,1.0
v2_depth,prespecified depth-onset and saturation study,U1-RZ-XY-line|n12|d48|i14|dir=gaussian|basis=Z|eta=0,U1-RZ-XY-line|n12|d48|i14,U1-RZ-XY-line,12,4.0,14,gaussian,Z,0.0,96,96,1.0
v2_depth,prespecified depth-onset and saturation study,U1-RZ-XY-line|n12|d96|i14|dir=gaussian|basis=Z|eta=0,U1-RZ-XY-line|n12|d96|i14,U1-RZ-XY-line,12,8.0,14,gaussian,Z,0.0,96,96,1.0
v2_depth,prespecified depth-onset and saturation study,RY-RZ-CZ-line|n8|d8|i3|dir=gaussian|basis=Z|eta=0,RY-RZ-CZ-line|n8|d8|i3,RY-RZ-CZ-line,8,1.0,3,gaussian,Z,0.0,96,96,1.0
v2_depth,prespecified depth-onset and saturation study,RY-RZ-CZ-line|n8|d32|i11|dir=gaussian|basis=Z|eta=0,RY-RZ-CZ-line|n8|d32|i11,RY-RZ-CZ-line,8,4.0,11,gaussian,Z,0.0,96,96,1.0
v2_depth,prespecified depth-onset and saturation study,RY-RZ-CZ-line|n12|d6|i7|dir=gaussian|basis=Z|eta=0,RY-RZ-CZ-line|n12|d6|i7,RY-RZ-CZ-line,12,0.5,7,gaussian,Z,0.0,96,96,1.0
v2_depth,prespecified depth-onset and saturation study,RY-RZ-CZ-line|n12|d48|i3|dir=gaussian|basis=Z|eta=0,RY-RZ-CZ-line|n12|d48|i3,RY-RZ-CZ-line,12,4.0,3,gaussian,Z,0.0,96,96,1.0
v2_depth,prespecified depth-onset and saturation study,RY-RZ-CZ-line|n12|d96|i11|dir=gaussian|basis=Z|eta=0,RY-RZ-CZ-line|n12|d96|i11,RY-RZ-CZ-line,12,8.0,11,gaussian,Z,0.0,96,96,1.0
v2_depth,prespecified depth-onset and saturation study,SU2-CNOT-line|n8|d16|i7|dir=gaussian|basis=Z|eta=0,SU2-CNOT-line|n8|d16|i7,SU2-CNOT-line,8,2.0,7,gaussian,Z,0.0,96,96,1.0
v2_depth,prespecified depth-onset and saturation study,SU2-CNOT-line|n8|d64|i3|dir=gaussian|basis=Z|eta=0,SU2-CNOT-line|n8|d64|i3,SU2-CNOT-line,8,8.0,3,gaussian,Z,0.0,96,96,1.0
v2_depth,prespecified depth-onset and saturation study,SU2-CNOT-line|n12|d12|i11|dir=gaussian|basis=Z|eta=0,SU2-CNOT-line|n12|d12|i11,SU2-CNOT-line,12,1.0,11,gaussian,Z,0.0,96,96,1.0
v2_depth,prespecified depth-onset and saturation study,SU2-CNOT-line|n12|d72|i7|dir=gaussian|basis=Z|eta=0,SU2-CNOT-line|n12|d72|i7,SU2-CNOT-line,12,6.0,7,gaussian,Z,0.0,96,96,1.0
v2_depth,prespecified depth-onset and saturation study,SU2-HaarU4-brickwork|n8|d8|i3|dir=gaussian|basis=Z|eta=0,SU2-HaarU4-brickwork|n8|d8|i3,SU2-HaarU4-brickwork,8,1.0,3,gaussian,Z,0.0,96,96,1.0
v2_depth,prespecified depth-onset and saturation study,SU2-HaarU4-brickwork|n8|d32|i11|dir=gaussian|basis=Z|eta=0,SU2-HaarU4-brickwork|n8|d32|i11,SU2-HaarU4-brickwork,8,4.0,11,gaussian,Z,0.0,96,96,1.0
v2_depth,prespecified depth-onset and saturation study,SU2-HaarU4-brickwork|n12|d6|i7|dir=gaussian|basis=Z|eta=0,SU2-HaarU4-brickwork|n12|d6|i7,SU2-HaarU4-brickwork,12,0.5,7,gaussian,Z,0.0,96,96,1.0
v2_depth,prespecified depth-onset and saturation study,SU2-HaarU4-brickwork|n12|d48|i3|dir=gaussian|basis=Z|eta=0,SU2-HaarU4-brickwork|n12|d48|i3,SU2-HaarU4-brickwork,12,4.0,3,gaussian,Z,0.0,96,96,1.0
v2_depth,prespecified depth-onset and saturation study,SU2-HaarU4-brickwork|n12|d96|i11|dir=gaussian|basis=Z|eta=0,SU2-HaarU4-brickwork|n12|d96|i11,SU2-HaarU4-brickwork,12,8.0,11,gaussian,Z,0.0,96,96,1.0
v2_depth,prespecified depth-onset and saturation study,U1-RZ-XY-line|n8|d8|i15|dir=gaussian|basis=Z|eta=0,U1-RZ-XY-line|n8|d8|i15,U1-RZ-XY-line,8,1.0,15,gaussian,Z,0.0,96,96,1.0
v2_depth,prespecified depth-onset and saturation study,U1-RZ-XY-line|n8|d32|i15|dir=gaussian|basis=Z|eta=0,U1-RZ-XY-line|n8|d32|i15,U1-RZ-XY-line,8,4.0,15,gaussian,Z,0.0,96,96,1.0
v2_depth,prespecified depth-onset and saturation study,U1-RZ-XY-line|n8|d64|i15|dir=gaussian|basis=Z|eta=0,U1-RZ-XY-line|n8|d64|i15,U1-RZ-XY-line,8,8.0,15,gaussian,Z,0.0,96,96,1.0
v2_depth,prespecified depth-onset and saturation study,U1-RZ-XY-line|n12|d12|i15|dir=gaussian|basis=Z|eta=0,U1-RZ-XY-line|n12|d12|i15,U1-RZ-XY-line,12,1.0,15,gaussian,Z,0.0,96,96,1.0
v2_depth,prespecified depth-onset and saturation study,U1-RZ-XY-line|n12|d48|i15|dir=gaussian|basis=Z|eta=0,U1-RZ-XY-line|n12|d48|i15,U1-RZ-XY-line,12,4.0,15,gaussian,Z,0.0,96,96,1.0
v2_depth,prespecified depth-onset and saturation study,U1-RZ-XY-line|n12|d96|i15|dir=gaussian|basis=Z|eta=0,U1-RZ-XY-line|n12|d96|i15,U1-RZ-XY-line,12,8.0,15,gaussian,Z,0.0,96,96,1.0
v2_depth,prespecified depth-onset and saturation study,RY-RZ-CZ-line|n8|d8|i4|dir=gaussian|basis=Z|eta=0,RY-RZ-CZ-line|n8|d8|i4,RY-RZ-CZ-line,8,1.0,4,gaussian,Z,0.0,96,96,1.0
v2_depth,prespecified depth-onset and saturation study,RY-RZ-CZ-line|n8|d48|i0|dir=gaussian|basis=Z|eta=0,RY-RZ-CZ-line|n8|d48|i0,RY-RZ-CZ-line,8,6.0,0,gaussian,Z,0.0,96,96,1.0
v2_depth,prespecified depth-onset and saturation study,RY-RZ-CZ-line|n12|d6|i8|dir=gaussian|basis=Z|eta=0,RY-RZ-CZ-line|n12|d6|i8,RY-RZ-CZ-line,12,0.5,8,gaussian,Z,0.0,96,96,1.0
v2_depth,prespecified depth-onset and saturation study,RY-RZ-CZ-line|n12|d48|i4|dir=gaussian|basis=Z|eta=0,RY-RZ-CZ-line|n12|d48|i4,RY-RZ-CZ-line,12,4.0,4,gaussian,Z,0.0,96,96,1.0
v2_depth,prespecified depth-onset and saturation study,SU2-CNOT-line|n8|d4|i0|dir=gaussian|basis=Z|eta=0,SU2-CNOT-line|n8|d4|i0,SU2-CNOT-line,8,0.5,0,gaussian,Z,0.0,96,96,1.0
v2_depth,prespecified depth-onset and saturation study,SU2-CNOT-line|n8|d16|i8|dir=gaussian|basis=Z|eta=0,SU2-CNOT-line|n8|d16|i8,SU2-CNOT-line,8,2.0,8,gaussian,Z,0.0,96,96,1.0
v2_depth,prespecified depth-onset and saturation study,SU2-CNOT-line|n8|d64|i4|dir=gaussian|basis=Z|eta=0,SU2-CNOT-line|n8|d64|i4,SU2-CNOT-line,8,8.0,4,gaussian,Z,0.0,96,96,1.0
v2_depth,prespecified depth-onset and saturation study,SU2-CNOT-line|n12|d24|i0|dir=gaussian|basis=Z|eta=0,SU2-CNOT-line|n12|d24|i0,SU2-CNOT-line,12,2.0,0,gaussian,Z,0.0,96,96,1.0
v2_depth,prespecified depth-onset and saturation study,SU2-CNOT-line|n12|d72|i8|dir=gaussian|basis=Z|eta=0,SU2-CNOT-line|n12|d72|i8,SU2-CNOT-line,12,6.0,8,gaussian,Z,0.0,96,96,1.0
v2_depth,prespecified depth-onset and saturation study,SU2-HaarU4-brickwork|n8|d8|i4|dir=gaussian|basis=Z|eta=0,SU2-HaarU4-brickwork|n8|d8|i4,SU2-HaarU4-brickwork,8,1.0,4,gaussian,Z,0.0,96,96,1.0
v2_depth,prespecified depth-onset and saturation study,SU2-HaarU4-brickwork|n8|d48|i0|dir=gaussian|basis=Z|eta=0,SU2-HaarU4-brickwork|n8|d48|i0,SU2-HaarU4-brickwork,8,6.0,0,gaussian,Z,0.0,96,96,1.0
v2_depth,prespecified depth-onset and saturation study,SU2-HaarU4-brickwork|n12|d6|i8|dir=gaussian|basis=Z|eta=0,SU2-HaarU4-brickwork|n12|d6|i8,SU2-HaarU4-brickwork,12,0.5,8,gaussian,Z,0.0,96,96,1.0
v2_depth,prespecified depth-onset and saturation study,SU2-HaarU4-brickwork|n12|d48|i4|dir=gaussian|basis=Z|eta=0,SU2-HaarU4-brickwork|n12|d48|i4,SU2-HaarU4-brickwork,12,4.0,4,gaussian,Z,0.0,96,96,1.0
v2_depth,prespecified depth-onset and saturation study,U1-RZ-XY-line|n8|d4|i0|dir=gaussian|basis=Z|eta=0,U1-RZ-XY-line|n8|d4|i0,U1-RZ-XY-line,8,0.5,0,gaussian,Z,0.0,96,96,1.0
v2_depth,prespecified depth-onset and saturation study,U1-RZ-XY-line|n8|d16|i0|dir=gaussian|basis=Z|eta=0,U1-RZ-XY-line|n8|d16|i0,U1-RZ-XY-line,8,2.0,0,gaussian,Z,0.0,96,96,1.0
v2_depth,prespecified depth-onset and saturation study,U1-RZ-XY-line|n8|d48|i0|dir=gaussian|basis=Z|eta=0,U1-RZ-XY-line|n8|d48|i0,U1-RZ-XY-line,8,6.0,0,gaussian,Z,0.0,96,96,1.0
v2_depth,prespecified depth-onset and saturation study,U1-RZ-XY-line|n12|d6|i0|dir=gaussian|basis=Z|eta=0,U1-RZ-XY-line|n12|d6|i0,U1-RZ-XY-line,12,0.5,0,gaussian,Z,0.0,96,96,1.0
v2_depth,prespecified depth-onset and saturation study,U1-RZ-XY-line|n12|d24|i0|dir=gaussian|basis=Z|eta=0,U1-RZ-XY-line|n12|d24|i0,U1-RZ-XY-line,12,2.0,0,gaussian,Z,0.0,96,96,1.0
v2_depth,prespecified depth-onset and saturation study,U1-RZ-XY-line|n12|d72|i0|dir=gaussian|basis=Z|eta=0,U1-RZ-XY-line|n12|d72|i0,U1-RZ-XY-line,12,6.0,0,gaussian,Z,0.0,96,96,1.0
v2_depth,prespecified depth-onset and saturation study,RY-RZ-CZ-line|n8|d8|i5|dir=gaussian|basis=Z|eta=0,RY-RZ-CZ-line|n8|d8|i5,RY-RZ-CZ-line,8,1.0,5,gaussian,Z,0.0,96,96,1.0
v2_depth,prespecified depth-onset and saturation study,RY-RZ-CZ-line|n8|d48|i1|dir=gaussian|basis=Z|eta=0,RY-RZ-CZ-line|n8|d48|i1,RY-RZ-CZ-line,8,6.0,1,gaussian,Z,0.0,96,96,1.0
v2_depth,prespecified depth-onset and saturation study,RY-RZ-CZ-line|n12|d6|i9|dir=gaussian|basis=Z|eta=0,RY-RZ-CZ-line|n12|d6|i9,RY-RZ-CZ-line,12,0.5,9,gaussian,Z,0.0,96,96,1.0
v2_depth,prespecified depth-onset and saturation study,RY-RZ-CZ-line|n12|d48|i5|dir=gaussian|basis=Z|eta=0,RY-RZ-CZ-line|n12|d48|i5,RY-RZ-CZ-line,12,4.0,5,gaussian,Z,0.0,96,96,1.0
v2_depth,prespecified depth-onset and saturation study,SU2-CNOT-line|n8|d4|i1|dir=gaussian|basis=Z|eta=0,SU2-CNOT-line|n8|d4|i1,SU2-CNOT-line,8,0.5,1,gaussian,Z,0.0,96,96,1.0
v2_depth,prespecified depth-onset and saturation study,SU2-CNOT-line|n8|d16|i9|dir=gaussian|basis=Z|eta=0,SU2-CNOT-line|n8|d16|i9,SU2-CNOT-line,8,2.0,9,gaussian,Z,0.0,96,96,1.0
v2_depth,prespecified depth-onset and saturation study,SU2-CNOT-line|n8|d64|i5|dir=gaussian|basis=Z|eta=0,SU2-CNOT-line|n8|d64|i5,SU2-CNOT-line,8,8.0,5,gaussian,Z,0.0,96,96,1.0
v2_depth,prespecified depth-onset and saturation study,SU2-CNOT-line|n12|d24|i1|dir=gaussian|basis=Z|eta=0,SU2-CNOT-line|n12|d24|i1,SU2-CNOT-line,12,2.0,1,gaussian,Z,0.0,96,96,1.0
v2_depth,prespecified depth-onset and saturation study,SU2-CNOT-line|n12|d72|i9|dir=gaussian|basis=Z|eta=0,SU2-CNOT-line|n12|d72|i9,SU2-CNOT-line,12,6.0,9,gaussian,Z,0.0,96,96,1.0
v2_depth,prespecified depth-onset and saturation study,SU2-HaarU4-brickwork|n8|d8|i5|dir=gaussian|basis=Z|eta=0,SU2-HaarU4-brickwork|n8|d8|i5,SU2-HaarU4-brickwork,8,1.0,5,gaussian,Z,0.0,96,96,1.0
v2_depth,prespecified depth-onset and saturation study,SU2-HaarU4-brickwork|n8|d48|i1|dir=gaussian|basis=Z|eta=0,SU2-HaarU4-brickwork|n8|d48|i1,SU2-HaarU4-brickwork,8,6.0,1,gaussian,Z,0.0,96,96,1.0
v2_depth,prespecified depth-onset and saturation study,SU2-HaarU4-brickwork|n12|d6|i9|dir=gaussian|basis=Z|eta=0,SU2-HaarU4-brickwork|n12|d6|i9,SU2-HaarU4-brickwork,12,0.5,9,gaussian,Z,0.0,96,96,1.0
v2_depth,prespecified depth-onset and saturation study,SU2-HaarU4-brickwork|n12|d48|i5|dir=gaussian|basis=Z|eta=0,SU2-HaarU4-brickwork|n12|d48|i5,SU2-HaarU4-brickwork,12,4.0,5,gaussian,Z,0.0,96,96,1.0
v2_depth,prespecified depth-onset and saturation study,U1-RZ-XY-line|n8|d4|i1|dir=gaussian|basis=Z|eta=0,U1-RZ-XY-line|n8|d4|i1,U1-RZ-XY-line,8,0.5,1,gaussian,Z,0.0,96,96,1.0
v2_depth,prespecified depth-onset and saturation study,U1-RZ-XY-line|n8|d16|i1|dir=gaussian|basis=Z|eta=0,U1-RZ-XY-line|n8|d16|i1,U1-RZ-XY-line,8,2.0,1,gaussian,Z,0.0,96,96,1.0
v2_depth,prespecified depth-onset and saturation study,U1-RZ-XY-line|n8|d48|i1|dir=gaussian|basis=Z|eta=0,U1-RZ-XY-line|n8|d48|i1,U1-RZ-XY-line,8,6.0,1,gaussian,Z,0.0,96,96,1.0
v2_depth,prespecified depth-onset and saturation study,U1-RZ-XY-line|n12|d6|i1|dir=gaussian|basis=Z|eta=0,U1-RZ-XY-line|n12|d6|i1,U1-RZ-XY-line,12,0.5,1,gaussian,Z,0.0,96,96,1.0
v2_depth,prespecified depth-onset and saturation study,U1-RZ-XY-line|n12|d24|i1|dir=gaussian|basis=Z|eta=0,U1-RZ-XY-line|n12|d24|i1,U1-RZ-XY-line,12,2.0,1,gaussian,Z,0.0,96,96,1.0
v2_depth,prespecified depth-onset and saturation study,U1-RZ-XY-line|n12|d72|i1|dir=gaussian|basis=Z|eta=0,U1-RZ-XY-line|n12|d72|i1,U1-RZ-XY-line,12,6.0,1,gaussian,Z,0.0,96,96,1.0
v2_depth,prespecified depth-onset and saturation study,RY-RZ-CZ-line|n8|d8|i6|dir=gaussian|basis=Z|eta=0,RY-RZ-CZ-line|n8|d8|i6,RY-RZ-CZ-line,8,1.0,6,gaussian,Z,0.0,96,96,1.0
v2_depth,prespecified depth-onset and saturation study,RY-RZ-CZ-line|n8|d48|i2|dir=gaussian|basis=Z|eta=0,RY-RZ-CZ-line|n8|d48|i2,RY-RZ-CZ-line,8,6.0,2,gaussian,Z,0.0,96,96,1.0
v2_depth,prespecified depth-onset and saturation study,RY-RZ-CZ-line|n12|d6|i10|dir=gaussian|basis=Z|eta=0,RY-RZ-CZ-line|n12|d6|i10,RY-RZ-CZ-line,12,0.5,10,gaussian,Z,0.0,96,96,1.0
v2_depth,prespecified depth-onset and saturation study,RY-RZ-CZ-line|n12|d48|i6|dir=gaussian|basis=Z|eta=0,RY-RZ-CZ-line|n12|d48|i6,RY-RZ-CZ-line,12,4.0,6,gaussian,Z,0.0,96,96,1.0
v2_depth,prespecified depth-onset and saturation study,SU2-CNOT-line|n8|d4|i2|dir=gaussian|basis=Z|eta=0,SU2-CNOT-line|n8|d4|i2,SU2-CNOT-line,8,0.5,2,gaussian,Z,0.0,96,96,1.0
v2_depth,prespecified depth-onset and saturation study,SU2-CNOT-line|n8|d16|i10|dir=gaussian|basis=Z|eta=0,SU2-CNOT-line|n8|d16|i10,SU2-CNOT-line,8,2.0,10,gaussian,Z,0.0,96,96,1.0
v2_depth,prespecified depth-onset and saturation study,SU2-CNOT-line|n8|d64|i6|dir=gaussian|basis=Z|eta=0,SU2-CNOT-line|n8|d64|i6,SU2-CNOT-line,8,8.0,6,gaussian,Z,0.0,96,96,1.0
v2_depth,prespecified depth-onset and saturation study,SU2-CNOT-line|n12|d24|i2|dir=gaussian|basis=Z|eta=0,SU2-CNOT-line|n12|d24|i2,SU2-CNOT-line,12,2.0,2,gaussian,Z,0.0,96,96,1.0
v2_depth,prespecified depth-onset and saturation study,SU2-CNOT-line|n12|d72|i10|dir=gaussian|basis=Z|eta=0,SU2-CNOT-line|n12|d72|i10,SU2-CNOT-line,12,6.0,10,gaussian,Z,0.0,96,96,1.0
v2_depth,prespecified depth-onset and saturation study,SU2-HaarU4-brickwork|n8|d8|i6|dir=gaussian|basis=Z|eta=0,SU2-HaarU4-brickwork|n8|d8|i6,SU2-HaarU4-brickwork,8,1.0,6,gaussian,Z,0.0,96,96,1.0
v2_depth,prespecified depth-onset and saturation study,SU2-HaarU4-brickwork|n8|d48|i2|dir=gaussian|basis=Z|eta=0,SU2-HaarU4-brickwork|n8|d48|i2,SU2-HaarU4-brickwork,8,6.0,2,gaussian,Z,0.0,96,96,1.0
v2_depth,prespecified depth-onset and saturation study,SU2-HaarU4-brickwork|n12|d6|i10|dir=gaussian|basis=Z|eta=0,SU2-HaarU4-brickwork|n12|d6|i10,SU2-HaarU4-brickwork,12,0.5,10,gaussian,Z,0.0,96,96,1.0
v2_depth,prespecified depth-onset and saturation study,SU2-HaarU4-brickwork|n12|d48|i6|dir=gaussian|basis=Z|eta=0,SU2-HaarU4-brickwork|n12|d48|i6,SU2-HaarU4-brickwork,12,4.0,6,gaussian,Z,0.0,96,96,1.0
v2_depth,prespecified depth-onset and saturation study,U1-RZ-XY-line|n8|d4|i2|dir=gaussian|basis=Z|eta=0,U1-RZ-XY-line|n8|d4|i2,U1-RZ-XY-line,8,0.5,2,gaussian,Z,0.0,96,96,1.0
v2_depth,prespecified depth-onset and saturation study,U1-RZ-XY-line|n8|d16|i2|dir=gaussian|basis=Z|eta=0,U1-RZ-XY-line|n8|d16|i2,U1-RZ-XY-line,8,2.0,2,gaussian,Z,0.0,96,96,1.0
v2_depth,prespecified depth-onset and saturation study,U1-RZ-XY-line|n8|d48|i2|dir=gaussian|basis=Z|eta=0,U1-RZ-XY-line|n8|d48|i2,U1-RZ-XY-line,8,6.0,2,gaussian,Z,0.0,96,96,1.0
v2_depth,prespecified depth-onset and saturation study,U1-RZ-XY-line|n12|d6|i2|dir=gaussian|basis=Z|eta=0,U1-RZ-XY-line|n12|d6|i2,U1-RZ-XY-line,12,0.5,2,gaussian,Z,0.0,96,96,1.0
v2_depth,prespecified depth-onset and saturation study,U1-RZ-XY-line|n12|d24|i2|dir=gaussian|basis=Z|eta=0,U1-RZ-XY-line|n12|d24|i2,U1-RZ-XY-line,12,2.0,2,gaussian,Z,0.0,96,96,1.0
v2_depth,prespecified depth-onset and saturation study,U1-RZ-XY-line|n12|d72|i2|dir=gaussian|basis=Z|eta=0,U1-RZ-XY-line|n12|d72|i2,U1-RZ-XY-line,12,6.0,2,gaussian,Z,0.0,96,96,1.0
v2_depth,prespecified depth-onset and saturation study,RY-RZ-CZ-line|n8|d8|i7|dir=gaussian|basis=Z|eta=0,RY-RZ-CZ-line|n8|d8|i7,RY-RZ-CZ-line,8,1.0,7,gaussian,Z,0.0,96,96,1.0
v2_depth,prespecified depth-onset and saturation study,RY-RZ-CZ-line|n8|d48|i3|dir=gaussian|basis=Z|eta=0,RY-RZ-CZ-line|n8|d48|i3,RY-RZ-CZ-line,8,6.0,3,gaussian,Z,0.0,96,96,1.0
v2_depth,prespecified depth-onset and saturation study,RY-RZ-CZ-line|n12|d6|i11|dir=gaussian|basis=Z|eta=0,RY-RZ-CZ-line|n12|d6|i11,RY-RZ-CZ-line,12,0.5,11,gaussian,Z,0.0,96,96,1.0
v2_depth,prespecified depth-onset and saturation study,RY-RZ-CZ-line|n12|d48|i7|dir=gaussian|basis=Z|eta=0,RY-RZ-CZ-line|n12|d48|i7,RY-RZ-CZ-line,12,4.0,7,gaussian,Z,0.0,96,96,1.0
v2_depth,prespecified depth-onset and saturation study,SU2-CNOT-line|n8|d4|i3|dir=gaussian|basis=Z|eta=0,SU2-CNOT-line|n8|d4|i3,SU2-CNOT-line,8,0.5,3,gaussian,Z,0.0,96,96,1.0
v2_depth,prespecified depth-onset and saturation study,SU2-CNOT-line|n8|d16|i11|dir=gaussian|basis=Z|eta=0,SU2-CNOT-line|n8|d16|i11,SU2-CNOT-line,8,2.0,11,gaussian,Z,0.0,96,96,1.0
v2_depth,prespecified depth-onset and saturation study,SU2-CNOT-line|n8|d64|i7|dir=gaussian|basis=Z|eta=0,SU2-CNOT-line|n8|d64|i7,SU2-CNOT-line,8,8.0,7,gaussian,Z,0.0,96,96,1.0
v2_depth,prespecified depth-onset and saturation study,SU2-CNOT-line|n12|d24|i3|dir=gaussian|basis=Z|eta=0,SU2-CNOT-line|n12|d24|i3,SU2-CNOT-line,12,2.0,3,gaussian,Z,0.0,96,96,1.0
v2_depth,prespecified depth-onset and saturation study,SU2-CNOT-line|n12|d72|i11|dir=gaussian|basis=Z|eta=0,SU2-CNOT-line|n12|d72|i11,SU2-CNOT-line,12,6.0,11,gaussian,Z,0.0,96,96,1.0
v2_depth,prespecified depth-onset and saturation study,SU2-HaarU4-brickwork|n8|d8|i7|dir=gaussian|basis=Z|eta=0,SU2-HaarU4-brickwork|n8|d8|i7,SU2-HaarU4-brickwork,8,1.0,7,gaussian,Z,0.0,96,96,1.0
v2_depth,prespecified depth-onset and saturation study,SU2-HaarU4-brickwork|n8|d48|i3|dir=gaussian|basis=Z|eta=0,SU2-HaarU4-brickwork|n8|d48|i3,SU2-HaarU4-brickwork,8,6.0,3,gaussian,Z,0.0,96,96,1.0
v2_depth,prespecified depth-onset and saturation study,SU2-HaarU4-brickwork|n12|d6|i11|dir=gaussian|basis=Z|eta=0,SU2-HaarU4-brickwork|n12|d6|i11,SU2-HaarU4-brickwork,12,0.5,11,gaussian,Z,0.0,96,96,1.0
v2_depth,prespecified depth-onset and saturation study,SU2-HaarU4-brickwork|n12|d48|i7|dir=gaussian|basis=Z|eta=0,SU2-HaarU4-brickwork|n12|d48|i7,SU2-HaarU4-brickwork,12,4.0,7,gaussian,Z,0.0,96,96,1.0
v2_depth,prespecified depth-onset and saturation study,U1-RZ-XY-line|n8|d4|i3|dir=gaussian|basis=Z|eta=0,U1-RZ-XY-line|n8|d4|i3,U1-RZ-XY-line,8,0.5,3,gaussian,Z,0.0,96,96,1.0
v2_depth,prespecified depth-onset and saturation study,U1-RZ-XY-line|n8|d16|i3|dir=gaussian|basis=Z|eta=0,U1-RZ-XY-line|n8|d16|i3,U1-RZ-XY-line,8,2.0,3,gaussian,Z,0.0,96,96,1.0
v2_depth,prespecified depth-onset and saturation study,U1-RZ-XY-line|n8|d48|i3|dir=gaussian|basis=Z|eta=0,U1-RZ-XY-line|n8|d48|i3,U1-RZ-XY-line,8,6.0,3,gaussian,Z,0.0,96,96,1.0
v2_depth,prespecified depth-onset and saturation study,U1-RZ-XY-line|n12|d6|i3|dir=gaussian|basis=Z|eta=0,U1-RZ-XY-line|n12|d6|i3,U1-RZ-XY-line,12,0.5,3,gaussian,Z,0.0,96,96,1.0
v2_depth,prespecified depth-onset and saturation study,U1-RZ-XY-line|n12|d24|i3|dir=gaussian|basis=Z|eta=0,U1-RZ-XY-line|n12|d24|i3,U1-RZ-XY-line,12,2.0,3,gaussian,Z,0.0,96,96,1.0
v2_depth,prespecified depth-onset and saturation study,U1-RZ-XY-line|n12|d72|i3|dir=gaussian|basis=Z|eta=0,U1-RZ-XY-line|n12|d72|i3,U1-RZ-XY-line,12,6.0,3,gaussian,Z,0.0,96,96,1.0
v2_depth,prespecified depth-onset and saturation study,RY-RZ-CZ-line|n8|d4|i2|dir=gaussian|basis=Z|eta=0,RY-RZ-CZ-line|n8|d4|i2,RY-RZ-CZ-line,8,0.5,2,gaussian,Z,0.0,96,96,1.0
v2_depth,prespecified depth-onset and saturation study,RY-RZ-CZ-line|n8|d16|i10|dir=gaussian|basis=Z|eta=0,RY-RZ-CZ-line|n8|d16|i10,RY-RZ-CZ-line,8,2.0,10,gaussian,Z,0.0,96,96,1.0
v2_depth,prespecified depth-onset and saturation study,RY-RZ-CZ-line|n8|d64|i6|dir=gaussian|basis=Z|eta=0,RY-RZ-CZ-line|n8|d64|i6,RY-RZ-CZ-line,8,8.0,6,gaussian,Z,0.0,96,96,1.0
v2_depth,prespecified depth-onset and saturation study,RY-RZ-CZ-line|n12|d24|i2|dir=gaussian|basis=Z|eta=0,RY-RZ-CZ-line|n12|d24|i2,RY-RZ-CZ-line,12,2.0,2,gaussian,Z,0.0,96,96,1.0
v2_depth,prespecified depth-onset and saturation study,RY-RZ-CZ-line|n12|d72|i10|dir=gaussian|basis=Z|eta=0,RY-RZ-CZ-line|n12|d72|i10,RY-RZ-CZ-line,12,6.0,10,gaussian,Z,0.0,96,96,1.0
v2_depth,prespecified depth-onset and saturation study,SU2-CNOT-line|n8|d8|i6|dir=gaussian|basis=Z|eta=0,SU2-CNOT-line|n8|d8|i6,SU2-CNOT-line,8,1.0,6,gaussian,Z,0.0,96,96,1.0
v2_depth,prespecified depth-onset and saturation study,SU2-CNOT-line|n8|d48|i2|dir=gaussian|basis=Z|eta=0,SU2-CNOT-line|n8|d48|i2,SU2-CNOT-line,8,6.0,2,gaussian,Z,0.0,96,96,1.0
v2_depth,prespecified depth-onset and saturation study,SU2-CNOT-line|n12|d6|i10|dir=gaussian|basis=Z|eta=0,SU2-CNOT-line|n12|d6|i10,SU2-CNOT-line,12,0.5,10,gaussian,Z,0.0,96,96,1.0
v2_depth,prespecified depth-onset and saturation study,SU2-CNOT-line|n12|d48|i6|dir=gaussian|basis=Z|eta=0,SU2-CNOT-line|n12|d48|i6,SU2-CNOT-line,12,4.0,6,gaussian,Z,0.0,96,96,1.0
v2_depth,prespecified depth-onset and saturation study,SU2-HaarU4-brickwork|n8|d4|i2|dir=gaussian|basis=Z|eta=0,SU2-HaarU4-brickwork|n8|d4|i2,SU2-HaarU4-brickwork,8,0.5,2,gaussian,Z,0.0,96,96,1.0
v2_depth,prespecified depth-onset and saturation study,SU2-HaarU4-brickwork|n8|d16|i10|dir=gaussian|basis=Z|eta=0,SU2-HaarU4-brickwork|n8|d16|i10,SU2-HaarU4-brickwork,8,2.0,10,gaussian,Z,0.0,96,96,1.0
v2_depth,prespecified depth-onset and saturation study,SU2-HaarU4-brickwork|n8|d64|i6|dir=gaussian|basis=Z|eta=0,SU2-HaarU4-brickwork|n8|d64|i6,SU2-HaarU4-brickwork,8,8.0,6,gaussian,Z,0.0,96,96,1.0
v2_depth,prespecified depth-onset and saturation study,SU2-HaarU4-brickwork|n12|d24|i2|dir=gaussian|basis=Z|eta=0,SU2-HaarU4-brickwork|n12|d24|i2,SU2-HaarU4-brickwork,12,2.0,2,gaussian,Z,0.0,96,96,1.0
v2_depth,prespecified depth-onset and saturation study,SU2-HaarU4-brickwork|n12|d72|i10|dir=gaussian|basis=Z|eta=0,SU2-HaarU4-brickwork|n12|d72|i10,SU2-HaarU4-brickwork,12,6.0,10,gaussian,Z,0.0,96,96,1.0
v2_depth,prespecified depth-onset and saturation study,U1-RZ-XY-line|n8|d8|i2|dir=gaussian|basis=Z|eta=0,U1-RZ-XY-line|n8|d8|i2,U1-RZ-XY-line,8,1.0,2,gaussian,Z,0.0,96,96,1.0
v2_depth,prespecified depth-onset and saturation study,U1-RZ-XY-line|n8|d32|i2|dir=gaussian|basis=Z|eta=0,U1-RZ-XY-line|n8|d32|i2,U1-RZ-XY-line,8,4.0,2,gaussian,Z,0.0,96,96,1.0
v2_depth,prespecified depth-onset and saturation study,U1-RZ-XY-line|n8|d64|i2|dir=gaussian|basis=Z|eta=0,U1-RZ-XY-line|n8|d64|i2,U1-RZ-XY-line,8,8.0,2,gaussian,Z,0.0,96,96,1.0
v2_depth,prespecified depth-onset and saturation study,U1-RZ-XY-line|n12|d12|i2|dir=gaussian|basis=Z|eta=0,U1-RZ-XY-line|n12|d12|i2,U1-RZ-XY-line,12,1.0,2,gaussian,Z,0.0,96,96,1.0
v2_depth,prespecified depth-onset and saturation study,U1-RZ-XY-line|n12|d48|i2|dir=gaussian|basis=Z|eta=0,U1-RZ-XY-line|n12|d48|i2,U1-RZ-XY-line,12,4.0,2,gaussian,Z,0.0,96,96,1.0
v2_depth,prespecified depth-onset and saturation study,U1-RZ-XY-line|n12|d96|i2|dir=gaussian|basis=Z|eta=0,U1-RZ-XY-line|n12|d96|i2,U1-RZ-XY-line,12,8.0,2,gaussian,Z,0.0,96,96,1.0
v2_depth,prespecified depth-onset and saturation study,RY-RZ-CZ-line|n8|d8|i8|dir=gaussian|basis=Z|eta=0,RY-RZ-CZ-line|n8|d8|i8,RY-RZ-CZ-line,8,1.0,8,gaussian,Z,0.0,96,96,1.0
v2_depth,prespecified depth-onset and saturation study,RY-RZ-CZ-line|n8|d48|i4|dir=gaussian|basis=Z|eta=0,RY-RZ-CZ-line|n8|d48|i4,RY-RZ-CZ-line,8,6.0,4,gaussian,Z,0.0,96,96,1.0
v2_depth,prespecified depth-onset and saturation study,RY-RZ-CZ-line|n12|d12|i0|dir=gaussian|basis=Z|eta=0,RY-RZ-CZ-line|n12|d12|i0,RY-RZ-CZ-line,12,1.0,0,gaussian,Z,0.0,96,96,1.0
v2_depth,prespecified depth-onset and saturation study,RY-RZ-CZ-line|n12|d48|i8|dir=gaussian|basis=Z|eta=0,RY-RZ-CZ-line|n12|d48|i8,RY-RZ-CZ-line,12,4.0,8,gaussian,Z,0.0,96,96,1.0
v2_depth,prespecified depth-onset and saturation study,SU2-CNOT-line|n8|d4|i4|dir=gaussian|basis=Z|eta=0,SU2-CNOT-line|n8|d4|i4,SU2-CNOT-line,8,0.5,4,gaussian,Z,0.0,96,96,1.0
v2_depth,prespecified depth-onset and saturation study,SU2-CNOT-line|n8|d32|i0|dir=gaussian|basis=Z|eta=0,SU2-CNOT-line|n8|d32|i0,SU2-CNOT-line,8,4.0,0,gaussian,Z,0.0,96,96,1.0
v2_depth,prespecified depth-onset and saturation study,SU2-CNOT-line|n8|d64|i8|dir=gaussian|basis=Z|eta=0,SU2-CNOT-line|n8|d64|i8,SU2-CNOT-line,8,8.0,8,gaussian,Z,0.0,96,96,1.0
v2_depth,prespecified depth-onset and saturation study,SU2-CNOT-line|n12|d24|i4|dir=gaussian|basis=Z|eta=0,SU2-CNOT-line|n12|d24|i4,SU2-CNOT-line,12,2.0,4,gaussian,Z,0.0,96,96,1.0
v2_depth,prespecified depth-onset and saturation study,SU2-CNOT-line|n12|d96|i0|dir=gaussian|basis=Z|eta=0,SU2-CNOT-line|n12|d96|i0,SU2-CNOT-line,12,8.0,0,gaussian,Z,0.0,96,96,1.0
v2_depth,prespecified depth-onset and saturation study,SU2-HaarU4-brickwork|n8|d8|i8|dir=gaussian|basis=Z|eta=0,SU2-HaarU4-brickwork|n8|d8|i8,SU2-HaarU4-brickwork,8,1.0,8,gaussian,Z,0.0,96,96,1.0
v2_depth,prespecified depth-onset and saturation study,SU2-HaarU4-brickwork|n8|d48|i4|dir=gaussian|basis=Z|eta=0,SU2-HaarU4-brickwork|n8|d48|i4,SU2-HaarU4-brickwork,8,6.0,4,gaussian,Z,0.0,96,96,1.0
v2_depth,prespecified depth-onset and saturation study,SU2-HaarU4-brickwork|n12|d12|i0|dir=gaussian|basis=Z|eta=0,SU2-HaarU4-brickwork|n12|d12|i0,SU2-HaarU4-brickwork,12,1.0,0,gaussian,Z,0.0,96,96,1.0
v2_depth,prespecified depth-onset and saturation study,SU2-HaarU4-brickwork|n12|d48|i8|dir=gaussian|basis=Z|eta=0,SU2-HaarU4-brickwork|n12|d48|i8,SU2-HaarU4-brickwork,12,4.0,8,gaussian,Z,0.0,96,96,1.0
v2_depth,prespecified depth-onset and saturation study,U1-RZ-XY-line|n8|d4|i4|dir=gaussian|basis=Z|eta=0,U1-RZ-XY-line|n8|d4|i4,U1-RZ-XY-line,8,0.5,4,gaussian,Z,0.0,96,96,1.0
v2_depth,prespecified depth-onset and saturation study,U1-RZ-XY-line|n8|d16|i4|dir=gaussian|basis=Z|eta=0,U1-RZ-XY-line|n8|d16|i4,U1-RZ-XY-line,8,2.0,4,gaussian,Z,0.0,96,96,1.0
v2_depth,prespecified depth-onset and saturation study,U1-RZ-XY-line|n8|d48|i4|dir=gaussian|basis=Z|eta=0,U1-RZ-XY-line|n8|d48|i4,U1-RZ-XY-line,8,6.0,4,gaussian,Z,0.0,96,96,1.0
v2_depth,prespecified depth-onset and saturation study,U1-RZ-XY-line|n12|d6|i4|dir=gaussian|basis=Z|eta=0,U1-RZ-XY-line|n12|d6|i4,U1-RZ-XY-line,12,0.5,4,gaussian,Z,0.0,96,96,1.0
v2_depth,prespecified depth-onset and saturation study,U1-RZ-XY-line|n12|d24|i4|dir=gaussian|basis=Z|eta=0,U1-RZ-XY-line|n12|d24|i4,U1-RZ-XY-line,12,2.0,4,gaussian,Z,0.0,96,96,1.0
v2_depth,prespecified depth-onset and saturation study,U1-RZ-XY-line|n12|d72|i4|dir=gaussian|basis=Z|eta=0,U1-RZ-XY-line|n12|d72|i4,U1-RZ-XY-line,12,6.0,4,gaussian,Z,0.0,96,96,1.0
v2_depth,prespecified depth-onset and saturation study,RY-RZ-CZ-line|n8|d8|i9|dir=gaussian|basis=Z|eta=0,RY-RZ-CZ-line|n8|d8|i9,RY-RZ-CZ-line,8,1.0,9,gaussian,Z,0.0,96,96,1.0
v2_depth,prespecified depth-onset and saturation study,RY-RZ-CZ-line|n8|d48|i5|dir=gaussian|basis=Z|eta=0,RY-RZ-CZ-line|n8|d48|i5,RY-RZ-CZ-line,8,6.0,5,gaussian,Z,0.0,96,96,1.0
v2_depth,prespecified depth-onset and saturation study,RY-RZ-CZ-line|n12|d12|i1|dir=gaussian|basis=Z|eta=0,RY-RZ-CZ-line|n12|d12|i1,RY-RZ-CZ-line,12,1.0,1,gaussian,Z,0.0,96,96,1.0
v2_depth,prespecified depth-onset and saturation study,RY-RZ-CZ-line|n12|d48|i9|dir=gaussian|basis=Z|eta=0,RY-RZ-CZ-line|n12|d48|i9,RY-RZ-CZ-line,12,4.0,9,gaussian,Z,0.0,96,96,1.0
v2_depth,prespecified depth-onset and saturation study,SU2-CNOT-line|n8|d4|i5|dir=gaussian|basis=Z|eta=0,SU2-CNOT-line|n8|d4|i5,SU2-CNOT-line,8,0.5,5,gaussian,Z,0.0,96,96,1.0
v2_depth,prespecified depth-onset and saturation study,SU2-CNOT-line|n8|d32|i1|dir=gaussian|basis=Z|eta=0,SU2-CNOT-line|n8|d32|i1,SU2-CNOT-line,8,4.0,1,gaussian,Z,0.0,96,96,1.0
v2_depth,prespecified depth-onset and saturation study,SU2-CNOT-line|n8|d64|i9|dir=gaussian|basis=Z|eta=0,SU2-CNOT-line|n8|d64|i9,SU2-CNOT-line,8,8.0,9,gaussian,Z,0.0,96,96,1.0
v2_depth,prespecified depth-onset and saturation study,SU2-CNOT-line|n12|d24|i5|dir=gaussian|basis=Z|eta=0,SU2-CNOT-line|n12|d24|i5,SU2-CNOT-line,12,2.0,5,gaussian,Z,0.0,96,96,1.0
v2_depth,prespecified depth-onset and saturation study,SU2-CNOT-line|n12|d96|i1|dir=gaussian|basis=Z|eta=0,SU2-CNOT-line|n12|d96|i1,SU2-CNOT-line,12,8.0,1,gaussian,Z,0.0,96,96,1.0
v2_depth,prespecified depth-onset and saturation study,SU2-HaarU4-brickwork|n8|d8|i9|dir=gaussian|basis=Z|eta=0,SU2-HaarU4-brickwork|n8|d8|i9,SU2-HaarU4-brickwork,8,1.0,9,gaussian,Z,0.0,96,96,1.0
v2_depth,prespecified depth-onset and saturation study,SU2-HaarU4-brickwork|n8|d48|i5|dir=gaussian|basis=Z|eta=0,SU2-HaarU4-brickwork|n8|d48|i5,SU2-HaarU4-brickwork,8,6.0,5,gaussian,Z,0.0,96,96,1.0
v2_depth,prespecified depth-onset and saturation study,SU2-HaarU4-brickwork|n12|d12|i1|dir=gaussian|basis=Z|eta=0,SU2-HaarU4-brickwork|n12|d12|i1,SU2-HaarU4-brickwork,12,1.0,1,gaussian,Z,0.0,96,96,1.0
v2_depth,prespecified depth-onset and saturation study,SU2-HaarU4-brickwork|n12|d48|i9|dir=gaussian|basis=Z|eta=0,SU2-HaarU4-brickwork|n12|d48|i9,SU2-HaarU4-brickwork,12,4.0,9,gaussian,Z,0.0,96,96,1.0
v2_depth,prespecified depth-onset and saturation study,U1-RZ-XY-line|n8|d4|i5|dir=gaussian|basis=Z|eta=0,U1-RZ-XY-line|n8|d4|i5,U1-RZ-XY-line,8,0.5,5,gaussian,Z,0.0,96,96,1.0
v2_depth,prespecified depth-onset and saturation study,U1-RZ-XY-line|n8|d16|i5|dir=gaussian|basis=Z|eta=0,U1-RZ-XY-line|n8|d16|i5,U1-RZ-XY-line,8,2.0,5,gaussian,Z,0.0,96,96,1.0
v2_depth,prespecified depth-onset and saturation study,U1-RZ-XY-line|n8|d48|i5|dir=gaussian|basis=Z|eta=0,U1-RZ-XY-line|n8|d48|i5,U1-RZ-XY-line,8,6.0,5,gaussian,Z,0.0,96,96,1.0
v2_depth,prespecified depth-onset and saturation study,U1-RZ-XY-line|n12|d6|i5|dir=gaussian|basis=Z|eta=0,U1-RZ-XY-line|n12|d6|i5,U1-RZ-XY-line,12,0.5,5,gaussian,Z,0.0,96,96,1.0
v2_depth,prespecified depth-onset and saturation study,U1-RZ-XY-line|n12|d24|i5|dir=gaussian|basis=Z|eta=0,U1-RZ-XY-line|n12|d24|i5,U1-RZ-XY-line,12,2.0,5,gaussian,Z,0.0,96,96,1.0
v2_depth,prespecified depth-onset and saturation study,U1-RZ-XY-line|n12|d72|i5|dir=gaussian|basis=Z|eta=0,U1-RZ-XY-line|n12|d72|i5,U1-RZ-XY-line,12,6.0,5,gaussian,Z,0.0,96,96,1.0
v2_depth,prespecified depth-onset and saturation study,RY-RZ-CZ-line|n8|d8|i10|dir=gaussian|basis=Z|eta=0,RY-RZ-CZ-line|n8|d8|i10,RY-RZ-CZ-line,8,1.0,10,gaussian,Z,0.0,96,96,1.0
v2_depth,prespecified depth-onset and saturation study,RY-RZ-CZ-line|n8|d48|i6|dir=gaussian|basis=Z|eta=0,RY-RZ-CZ-line|n8|d48|i6,RY-RZ-CZ-line,8,6.0,6,gaussian,Z,0.0,96,96,1.0
v2_depth,prespecified depth-onset and saturation study,RY-RZ-CZ-line|n12|d12|i2|dir=gaussian|basis=Z|eta=0,RY-RZ-CZ-line|n12|d12|i2,RY-RZ-CZ-line,12,1.0,2,gaussian,Z,0.0,96,96,1.0
v2_depth,prespecified depth-onset and saturation study,RY-RZ-CZ-line|n12|d48|i10|dir=gaussian|basis=Z|eta=0,RY-RZ-CZ-line|n12|d48|i10,RY-RZ-CZ-line,12,4.0,10,gaussian,Z,0.0,96,96,1.0
v2_depth,prespecified depth-onset and saturation study,SU2-CNOT-line|n8|d4|i6|dir=gaussian|basis=Z|eta=0,SU2-CNOT-line|n8|d4|i6,SU2-CNOT-line,8,0.5,6,gaussian,Z,0.0,96,96,1.0
v2_depth,prespecified depth-onset and saturation study,SU2-CNOT-line|n8|d32|i2|dir=gaussian|basis=Z|eta=0,SU2-CNOT-line|n8|d32|i2,SU2-CNOT-line,8,4.0,2,gaussian,Z,0.0,96,96,1.0
v2_depth,prespecified depth-onset and saturation study,SU2-CNOT-line|n8|d64|i10|dir=gaussian|basis=Z|eta=0,SU2-CNOT-line|n8|d64|i10,SU2-CNOT-line,8,8.0,10,gaussian,Z,0.0,96,96,1.0
v2_depth,prespecified depth-onset and saturation study,SU2-CNOT-line|n12|d24|i6|dir=gaussian|basis=Z|eta=0,SU2-CNOT-line|n12|d24|i6,SU2-CNOT-line,12,2.0,6,gaussian,Z,0.0,96,96,1.0
v2_depth,prespecified depth-onset and saturation study,SU2-CNOT-line|n12|d96|i2|dir=gaussian|basis=Z|eta=0,SU2-CNOT-line|n12|d96|i2,SU2-CNOT-line,12,8.0,2,gaussian,Z,0.0,96,96,1.0
v2_depth,prespecified depth-onset and saturation study,SU2-HaarU4-brickwork|n8|d8|i10|dir=gaussian|basis=Z|eta=0,SU2-HaarU4-brickwork|n8|d8|i10,SU2-HaarU4-brickwork,8,1.0,10,gaussian,Z,0.0,96,96,1.0
v2_depth,prespecified depth-onset and saturation study,SU2-HaarU4-brickwork|n8|d48|i6|dir=gaussian|basis=Z|eta=0,SU2-HaarU4-brickwork|n8|d48|i6,SU2-HaarU4-brickwork,8,6.0,6,gaussian,Z,0.0,96,96,1.0
v2_depth,prespecified depth-onset and saturation study,SU2-HaarU4-brickwork|n12|d12|i2|dir=gaussian|basis=Z|eta=0,SU2-HaarU4-brickwork|n12|d12|i2,SU2-HaarU4-brickwork,12,1.0,2,gaussian,Z,0.0,96,96,1.0
v2_depth,prespecified depth-onset and saturation study,SU2-HaarU4-brickwork|n12|d48|i10|dir=gaussian|basis=Z|eta=0,SU2-HaarU4-brickwork|n12|d48|i10,SU2-HaarU4-brickwork,12,4.0,10,gaussian,Z,0.0,96,96,1.0
v2_depth,prespecified depth-onset and saturation study,U1-RZ-XY-line|n8|d4|i6|dir=gaussian|basis=Z|eta=0,U1-RZ-XY-line|n8|d4|i6,U1-RZ-XY-line,8,0.5,6,gaussian,Z,0.0,96,96,1.0
v2_depth,prespecified depth-onset and saturation study,U1-RZ-XY-line|n8|d16|i6|dir=gaussian|basis=Z|eta=0,U1-RZ-XY-line|n8|d16|i6,U1-RZ-XY-line,8,2.0,6,gaussian,Z,0.0,96,96,1.0
v2_depth,prespecified depth-onset and saturation study,U1-RZ-XY-line|n8|d48|i6|dir=gaussian|basis=Z|eta=0,U1-RZ-XY-line|n8|d48|i6,U1-RZ-XY-line,8,6.0,6,gaussian,Z,0.0,96,96,1.0
v2_depth,prespecified depth-onset and saturation study,U1-RZ-XY-line|n12|d6|i6|dir=gaussian|basis=Z|eta=0,U1-RZ-XY-line|n12|d6|i6,U1-RZ-XY-line,12,0.5,6,gaussian,Z,0.0,96,96,1.0
v2_depth,prespecified depth-onset and saturation study,U1-RZ-XY-line|n12|d24|i6|dir=gaussian|basis=Z|eta=0,U1-RZ-XY-line|n12|d24|i6,U1-RZ-XY-line,12,2.0,6,gaussian,Z,0.0,96,96,1.0
v2_depth,prespecified depth-onset and saturation study,U1-RZ-XY-line|n12|d72|i6|dir=gaussian|basis=Z|eta=0,U1-RZ-XY-line|n12|d72|i6,U1-RZ-XY-line,12,6.0,6,gaussian,Z,0.0,96,96,1.0
v2_depth,prespecified depth-onset and saturation study,RY-RZ-CZ-line|n8|d8|i11|dir=gaussian|basis=Z|eta=0,RY-RZ-CZ-line|n8|d8|i11,RY-RZ-CZ-line,8,1.0,11,gaussian,Z,0.0,96,96,1.0
v2_depth,prespecified depth-onset and saturation study,RY-RZ-CZ-line|n8|d48|i7|dir=gaussian|basis=Z|eta=0,RY-RZ-CZ-line|n8|d48|i7,RY-RZ-CZ-line,8,6.0,7,gaussian,Z,0.0,96,96,1.0
v2_depth,prespecified depth-onset and saturation study,RY-RZ-CZ-line|n12|d12|i3|dir=gaussian|basis=Z|eta=0,RY-RZ-CZ-line|n12|d12|i3,RY-RZ-CZ-line,12,1.0,3,gaussian,Z,0.0,96,96,1.0
v2_depth,prespecified depth-onset and saturation study,RY-RZ-CZ-line|n12|d48|i11|dir=gaussian|basis=Z|eta=0,RY-RZ-CZ-line|n12|d48|i11,RY-RZ-CZ-line,12,4.0,11,gaussian,Z,0.0,96,96,1.0
v2_depth,prespecified depth-onset and saturation study,SU2-CNOT-line|n8|d4|i7|dir=gaussian|basis=Z|eta=0,SU2-CNOT-line|n8|d4|i7,SU2-CNOT-line,8,0.5,7,gaussian,Z,0.0,96,96,1.0
v2_depth,prespecified depth-onset and saturation study,SU2-CNOT-line|n8|d32|i3|dir=gaussian|basis=Z|eta=0,SU2-CNOT-line|n8|d32|i3,SU2-CNOT-line,8,4.0,3,gaussian,Z,0.0,96,96,1.0
v2_depth,prespecified depth-onset and saturation study,SU2-CNOT-line|n8|d64|i11|dir=gaussian|basis=Z|eta=0,SU2-CNOT-line|n8|d64|i11,SU2-CNOT-line,8,8.0,11,gaussian,Z,0.0,96,96,1.0
v2_depth,prespecified depth-onset and saturation study,SU2-CNOT-line|n12|d24|i7|dir=gaussian|basis=Z|eta=0,SU2-CNOT-line|n12|d24|i7,SU2-CNOT-line,12,2.0,7,gaussian,Z,0.0,96,96,1.0
v2_depth,prespecified depth-onset and saturation study,SU2-CNOT-line|n12|d96|i3|dir=gaussian|basis=Z|eta=0,SU2-CNOT-line|n12|d96|i3,SU2-CNOT-line,12,8.0,3,gaussian,Z,0.0,96,96,1.0
v2_depth,prespecified depth-onset and saturation study,SU2-HaarU4-brickwork|n8|d8|i11|dir=gaussian|basis=Z|eta=0,SU2-HaarU4-brickwork|n8|d8|i11,SU2-HaarU4-brickwork,8,1.0,11,gaussian,Z,0.0,96,96,1.0
v2_depth,prespecified depth-onset and saturation study,SU2-HaarU4-brickwork|n8|d48|i7|dir=gaussian|basis=Z|eta=0,SU2-HaarU4-brickwork|n8|d48|i7,SU2-HaarU4-brickwork,8,6.0,7,gaussian,Z,0.0,96,96,1.0
v2_depth,prespecified depth-onset and saturation study,SU2-HaarU4-brickwork|n12|d12|i3|dir=gaussian|basis=Z|eta=0,SU2-HaarU4-brickwork|n12|d12|i3,SU2-HaarU4-brickwork,12,1.0,3,gaussian,Z,0.0,96,96,1.0
v2_depth,prespecified depth-onset and saturation study,SU2-HaarU4-brickwork|n12|d48|i11|dir=gaussian|basis=Z|eta=0,SU2-HaarU4-brickwork|n12|d48|i11,SU2-HaarU4-brickwork,12,4.0,11,gaussian,Z,0.0,96,96,1.0
v2_depth,prespecified depth-onset and saturation study,U1-RZ-XY-line|n8|d4|i7|dir=gaussian|basis=Z|eta=0,U1-RZ-XY-line|n8|d4|i7,U1-RZ-XY-line,8,0.5,7,gaussian,Z,0.0,96,96,1.0
v2_depth,prespecified depth-onset and saturation study,U1-RZ-XY-line|n8|d16|i7|dir=gaussian|basis=Z|eta=0,U1-RZ-XY-line|n8|d16|i7,U1-RZ-XY-line,8,2.0,7,gaussian,Z,0.0,96,96,1.0
v2_depth,prespecified depth-onset and saturation study,U1-RZ-XY-line|n8|d48|i7|dir=gaussian|basis=Z|eta=0,U1-RZ-XY-line|n8|d48|i7,U1-RZ-XY-line,8,6.0,7,gaussian,Z,0.0,96,96,1.0
v2_depth,prespecified depth-onset and saturation study,U1-RZ-XY-line|n12|d6|i7|dir=gaussian|basis=Z|eta=0,U1-RZ-XY-line|n12|d6|i7,U1-RZ-XY-line,12,0.5,7,gaussian,Z,0.0,96,96,1.0
v2_depth,prespecified depth-onset and saturation study,U1-RZ-XY-line|n12|d24|i7|dir=gaussian|basis=Z|eta=0,U1-RZ-XY-line|n12|d24|i7,U1-RZ-XY-line,12,2.0,7,gaussian,Z,0.0,96,96,1.0
v2_depth,prespecified depth-onset and saturation study,U1-RZ-XY-line|n12|d72|i7|dir=gaussian|basis=Z|eta=0,U1-RZ-XY-line|n12|d72|i7,U1-RZ-XY-line,12,6.0,7,gaussian,Z,0.0,96,96,1.0
v2_depth,prespecified depth-onset and saturation study,RY-RZ-CZ-line|n8|d16|i0|dir=gaussian|basis=Z|eta=0,RY-RZ-CZ-line|n8|d16|i0,RY-RZ-CZ-line,8,2.0,0,gaussian,Z,0.0,96,96,1.0
v2_depth,prespecified depth-onset and saturation study,RY-RZ-CZ-line|n8|d48|i8|dir=gaussian|basis=Z|eta=0,RY-RZ-CZ-line|n8|d48|i8,RY-RZ-CZ-line,8,6.0,8,gaussian,Z,0.0,96,96,1.0
v2_depth,prespecified depth-onset and saturation study,RY-RZ-CZ-line|n12|d12|i4|dir=gaussian|basis=Z|eta=0,RY-RZ-CZ-line|n12|d12|i4,RY-RZ-CZ-line,12,1.0,4,gaussian,Z,0.0,96,96,1.0
v2_depth,prespecified depth-onset and saturation study,RY-RZ-CZ-line|n12|d72|i0|dir=gaussian|basis=Z|eta=0,RY-RZ-CZ-line|n12|d72|i0,RY-RZ-CZ-line,12,6.0,0,gaussian,Z,0.0,96,96,1.0
v2_depth,prespecified depth-onset and saturation study,SU2-CNOT-line|n8|d4|i8|dir=gaussian|basis=Z|eta=0,SU2-CNOT-line|n8|d4|i8,SU2-CNOT-line,8,0.5,8,gaussian,Z,0.0,96,96,1.0
v2_depth,prespecified depth-onset and saturation study,SU2-CNOT-line|n8|d32|i4|dir=gaussian|basis=Z|eta=0,SU2-CNOT-line|n8|d32|i4,SU2-CNOT-line,8,4.0,4,gaussian,Z,0.0,96,96,1.0
v2_depth,prespecified depth-onset and saturation study,SU2-CNOT-line|n12|d6|i0|dir=gaussian|basis=Z|eta=0,SU2-CNOT-line|n12|d6|i0,SU2-CNOT-line,12,0.5,0,gaussian,Z,0.0,96,96,1.0
v2_depth,prespecified depth-onset and saturation study,SU2-CNOT-line|n12|d24|i8|dir=gaussian|basis=Z|eta=0,SU2-CNOT-line|n12|d24|i8,SU2-CNOT-line,12,2.0,8,gaussian,Z,0.0,96,96,1.0
v2_depth,prespecified depth-onset and saturation study,SU2-CNOT-line|n12|d96|i4|dir=gaussian|basis=Z|eta=0,SU2-CNOT-line|n12|d96|i4,SU2-CNOT-line,12,8.0,4,gaussian,Z,0.0,96,96,1.0
v2_depth,prespecified depth-onset and saturation study,SU2-HaarU4-brickwork|n8|d16|i0|dir=gaussian|basis=Z|eta=0,SU2-HaarU4-brickwork|n8|d16|i0,SU2-HaarU4-brickwork,8,2.0,0,gaussian,Z,0.0,96,96,1.0
v2_depth,prespecified depth-onset and saturation study,SU2-HaarU4-brickwork|n8|d48|i8|dir=gaussian|basis=Z|eta=0,SU2-HaarU4-brickwork|n8|d48|i8,SU2-HaarU4-brickwork,8,6.0,8,gaussian,Z,0.0,96,96,1.0
v2_depth,prespecified depth-onset and saturation study,SU2-HaarU4-brickwork|n12|d12|i4|dir=gaussian|basis=Z|eta=0,SU2-HaarU4-brickwork|n12|d12|i4,SU2-HaarU4-brickwork,12,1.0,4,gaussian,Z,0.0,96,96,1.0
v2_depth,prespecified depth-onset and saturation study,SU2-HaarU4-brickwork|n12|d72|i0|dir=gaussian|basis=Z|eta=0,SU2-HaarU4-brickwork|n12|d72|i0,SU2-HaarU4-brickwork,12,6.0,0,gaussian,Z,0.0,96,96,1.0
v2_depth,prespecified depth-onset and saturation study,U1-RZ-XY-line|n8|d4|i8|dir=gaussian|basis=Z|eta=0,U1-RZ-XY-line|n8|d4|i8,U1-RZ-XY-line,8,0.5,8,gaussian,Z,0.0,96,96,1.0
v2_depth,prespecified depth-onset and saturation study,U1-RZ-XY-line|n8|d16|i8|dir=gaussian|basis=Z|eta=0,U1-RZ-XY-line|n8|d16|i8,U1-RZ-XY-line,8,2.0,8,gaussian,Z,0.0,96,96,1.0
v2_depth,prespecified depth-onset and saturation study,U1-RZ-XY-line|n8|d48|i8|dir=gaussian|basis=Z|eta=0,U1-RZ-XY-line|n8|d48|i8,U1-RZ-XY-line,8,6.0,8,gaussian,Z,0.0,96,96,1.0
v2_depth,prespecified depth-onset and saturation study,U1-RZ-XY-line|n12|d6|i8|dir=gaussian|basis=Z|eta=0,U1-RZ-XY-line|n12|d6|i8,U1-RZ-XY-line,12,0.5,8,gaussian,Z,0.0,96,96,1.0
v2_depth,prespecified depth-onset and saturation study,U1-RZ-XY-line|n12|d24|i8|dir=gaussian|basis=Z|eta=0,U1-RZ-XY-line|n12|d24|i8,U1-RZ-XY-line,12,2.0,8,gaussian,Z,0.0,96,96,1.0
v2_depth,prespecified depth-onset and saturation study,U1-RZ-XY-line|n12|d72|i8|dir=gaussian|basis=Z|eta=0,U1-RZ-XY-line|n12|d72|i8,U1-RZ-XY-line,12,6.0,8,gaussian,Z,0.0,96,96,1.0
v2_depth,prespecified depth-onset and saturation study,RY-RZ-CZ-line|n8|d16|i1|dir=gaussian|basis=Z|eta=0,RY-RZ-CZ-line|n8|d16|i1,RY-RZ-CZ-line,8,2.0,1,gaussian,Z,0.0,96,96,1.0
v2_depth,prespecified depth-onset and saturation study,RY-RZ-CZ-line|n8|d48|i9|dir=gaussian|basis=Z|eta=0,RY-RZ-CZ-line|n8|d48|i9,RY-RZ-CZ-line,8,6.0,9,gaussian,Z,0.0,96,96,1.0
v2_depth,prespecified depth-onset and saturation study,RY-RZ-CZ-line|n12|d12|i5|dir=gaussian|basis=Z|eta=0,RY-RZ-CZ-line|n12|d12|i5,RY-RZ-CZ-line,12,1.0,5,gaussian,Z,0.0,96,96,1.0
v2_depth,prespecified depth-onset and saturation study,RY-RZ-CZ-line|n12|d72|i1|dir=gaussian|basis=Z|eta=0,RY-RZ-CZ-line|n12|d72|i1,RY-RZ-CZ-line,12,6.0,1,gaussian,Z,0.0,96,96,1.0
v2_depth,prespecified depth-onset and saturation study,SU2-CNOT-line|n8|d4|i9|dir=gaussian|basis=Z|eta=0,SU2-CNOT-line|n8|d4|i9,SU2-CNOT-line,8,0.5,9,gaussian,Z,0.0,96,96,1.0
v2_depth,prespecified depth-onset and saturation study,SU2-CNOT-line|n8|d32|i5|dir=gaussian|basis=Z|eta=0,SU2-CNOT-line|n8|d32|i5,SU2-CNOT-line,8,4.0,5,gaussian,Z,0.0,96,96,1.0
v2_depth,prespecified depth-onset and saturation study,SU2-CNOT-line|n12|d6|i1|dir=gaussian|basis=Z|eta=0,SU2-CNOT-line|n12|d6|i1,SU2-CNOT-line,12,0.5,1,gaussian,Z,0.0,96,96,1.0
v2_depth,prespecified depth-onset and saturation study,SU2-CNOT-line|n12|d24|i9|dir=gaussian|basis=Z|eta=0,SU2-CNOT-line|n12|d24|i9,SU2-CNOT-line,12,2.0,9,gaussian,Z,0.0,96,96,1.0
v2_depth,prespecified depth-onset and saturation study,SU2-CNOT-line|n12|d96|i5|dir=gaussian|basis=Z|eta=0,SU2-CNOT-line|n12|d96|i5,SU2-CNOT-line,12,8.0,5,gaussian,Z,0.0,96,96,1.0
v2_depth,prespecified depth-onset and saturation study,SU2-HaarU4-brickwork|n8|d16|i1|dir=gaussian|basis=Z|eta=0,SU2-HaarU4-brickwork|n8|d16|i1,SU2-HaarU4-brickwork,8,2.0,1,gaussian,Z,0.0,96,96,1.0
v2_depth,prespecified depth-onset and saturation study,SU2-HaarU4-brickwork|n8|d48|i9|dir=gaussian|basis=Z|eta=0,SU2-HaarU4-brickwork|n8|d48|i9,SU2-HaarU4-brickwork,8,6.0,9,gaussian,Z,0.0,96,96,1.0
v2_depth,prespecified depth-onset and saturation study,SU2-HaarU4-brickwork|n12|d12|i5|dir=gaussian|basis=Z|eta=0,SU2-HaarU4-brickwork|n12|d12|i5,SU2-HaarU4-brickwork,12,1.0,5,gaussian,Z,0.0,96,96,1.0
v2_depth,prespecified depth-onset and saturation study,SU2-HaarU4-brickwork|n12|d72|i1|dir=gaussian|basis=Z|eta=0,SU2-HaarU4-brickwork|n12|d72|i1,SU2-HaarU4-brickwork,12,6.0,1,gaussian,Z,0.0,96,96,1.0
v2_depth,prespecified depth-onset and saturation study,U1-RZ-XY-line|n8|d4|i9|dir=gaussian|basis=Z|eta=0,U1-RZ-XY-line|n8|d4|i9,U1-RZ-XY-line,8,0.5,9,gaussian,Z,0.0,96,96,1.0
v2_depth,prespecified depth-onset and saturation study,U1-RZ-XY-line|n8|d16|i9|dir=gaussian|basis=Z|eta=0,U1-RZ-XY-line|n8|d16|i9,U1-RZ-XY-line,8,2.0,9,gaussian,Z,0.0,96,96,1.0
v2_depth,prespecified depth-onset and saturation study,U1-RZ-XY-line|n8|d48|i9|dir=gaussian|basis=Z|eta=0,U1-RZ-XY-line|n8|d48|i9,U1-RZ-XY-line,8,6.0,9,gaussian,Z,0.0,96,96,1.0
v2_depth,prespecified depth-onset and saturation study,U1-RZ-XY-line|n12|d6|i9|dir=gaussian|basis=Z|eta=0,U1-RZ-XY-line|n12|d6|i9,U1-RZ-XY-line,12,0.5,9,gaussian,Z,0.0,96,96,1.0
v2_depth,prespecified depth-onset and saturation study,U1-RZ-XY-line|n12|d24|i9|dir=gaussian|basis=Z|eta=0,U1-RZ-XY-line|n12|d24|i9,U1-RZ-XY-line,12,2.0,9,gaussian,Z,0.0,96,96,1.0
v2_depth,prespecified depth-onset and saturation study,U1-RZ-XY-line|n12|d72|i9|dir=gaussian|basis=Z|eta=0,U1-RZ-XY-line|n12|d72|i9,U1-RZ-XY-line,12,6.0,9,gaussian,Z,0.0,96,96,1.0
v2_depth,prespecified depth-onset and saturation study,RY-RZ-CZ-line|n8|d16|i2|dir=gaussian|basis=Z|eta=0,RY-RZ-CZ-line|n8|d16|i2,RY-RZ-CZ-line,8,2.0,2,gaussian,Z,0.0,96,96,1.0
v2_depth,prespecified depth-onset and saturation study,RY-RZ-CZ-line|n8|d48|i10|dir=gaussian|basis=Z|eta=0,RY-RZ-CZ-line|n8|d48|i10,RY-RZ-CZ-line,8,6.0,10,gaussian,Z,0.0,96,96,1.0
v2_depth,prespecified depth-onset and saturation study,RY-RZ-CZ-line|n12|d12|i6|dir=gaussian|basis=Z|eta=0,RY-RZ-CZ-line|n12|d12|i6,RY-RZ-CZ-line,12,1.0,6,gaussian,Z,0.0,96,96,1.0
v2_depth,prespecified depth-onset and saturation study,RY-RZ-CZ-line|n12|d72|i2|dir=gaussian|basis=Z|eta=0,RY-RZ-CZ-line|n12|d72|i2,RY-RZ-CZ-line,12,6.0,2,gaussian,Z,0.0,96,96,1.0
v2_depth,prespecified depth-onset and saturation study,SU2-CNOT-line|n8|d4|i10|dir=gaussian|basis=Z|eta=0,SU2-CNOT-line|n8|d4|i10,SU2-CNOT-line,8,0.5,10,gaussian,Z,0.0,96,96,1.0
v2_depth,prespecified depth-onset and saturation study,SU2-CNOT-line|n8|d32|i6|dir=gaussian|basis=Z|eta=0,SU2-CNOT-line|n8|d32|i6,SU2-CNOT-line,8,4.0,6,gaussian,Z,0.0,96,96,1.0
v2_depth,prespecified depth-onset and saturation study,SU2-CNOT-line|n12|d6|i2|dir=gaussian|basis=Z|eta=0,SU2-CNOT-line|n12|d6|i2,SU2-CNOT-line,12,0.5,2,gaussian,Z,0.0,96,96,1.0
v2_depth,prespecified depth-onset and saturation study,SU2-CNOT-line|n12|d24|i10|dir=gaussian|basis=Z|eta=0,SU2-CNOT-line|n12|d24|i10,SU2-CNOT-line,12,2.0,10,gaussian,Z,0.0,96,96,1.0
v2_depth,prespecified depth-onset and saturation study,SU2-CNOT-line|n12|d96|i6|dir=gaussian|basis=Z|eta=0,SU2-CNOT-line|n12|d96|i6,SU2-CNOT-line,12,8.0,6,gaussian,Z,0.0,96,96,1.0
v2_depth,prespecified depth-onset and saturation study,SU2-HaarU4-brickwork|n8|d16|i2|dir=gaussian|basis=Z|eta=0,SU2-HaarU4-brickwork|n8|d16|i2,SU2-HaarU4-brickwork,8,2.0,2,gaussian,Z,0.0,96,96,1.0
v2_depth,prespecified depth-onset and saturation study,SU2-HaarU4-brickwork|n8|d48|i10|dir=gaussian|basis=Z|eta=0,SU2-HaarU4-brickwork|n8|d48|i10,SU2-HaarU4-brickwork,8,6.0,10,gaussian,Z,0.0,96,96,1.0
v2_depth,prespecified depth-onset and saturation study,SU2-HaarU4-brickwork|n12|d12|i6|dir=gaussian|basis=Z|eta=0,SU2-HaarU4-brickwork|n12|d12|i6,SU2-HaarU4-brickwork,12,1.0,6,gaussian,Z,0.0,96,96,1.0
v2_depth,prespecified depth-onset and saturation study,SU2-HaarU4-brickwork|n12|d72|i2|dir=gaussian|basis=Z|eta=0,SU2-HaarU4-brickwork|n12|d72|i2,SU2-HaarU4-brickwork,12,6.0,2,gaussian,Z,0.0,96,96,1.0
v2_depth,prespecified depth-onset and saturation study,U1-RZ-XY-line|n8|d4|i10|dir=gaussian|basis=Z|eta=0,U1-RZ-XY-line|n8|d4|i10,U1-RZ-XY-line,8,0.5,10,gaussian,Z,0.0,96,96,1.0
v2_depth,prespecified depth-onset and saturation study,U1-RZ-XY-line|n8|d16|i10|dir=gaussian|basis=Z|eta=0,U1-RZ-XY-line|n8|d16|i10,U1-RZ-XY-line,8,2.0,10,gaussian,Z,0.0,96,96,1.0
v2_depth,prespecified depth-onset and saturation study,U1-RZ-XY-line|n8|d48|i10|dir=gaussian|basis=Z|eta=0,U1-RZ-XY-line|n8|d48|i10,U1-RZ-XY-line,8,6.0,10,gaussian,Z,0.0,96,96,1.0
v2_depth,prespecified depth-onset and saturation study,U1-RZ-XY-line|n12|d6|i10|dir=gaussian|basis=Z|eta=0,U1-RZ-XY-line|n12|d6|i10,U1-RZ-XY-line,12,0.5,10,gaussian,Z,0.0,96,96,1.0
v2_depth,prespecified depth-onset and saturation study,U1-RZ-XY-line|n12|d24|i10|dir=gaussian|basis=Z|eta=0,U1-RZ-XY-line|n12|d24|i10,U1-RZ-XY-line,12,2.0,10,gaussian,Z,0.0,96,96,1.0
v2_depth,prespecified depth-onset and saturation study,U1-RZ-XY-line|n12|d72|i10|dir=gaussian|basis=Z|eta=0,U1-RZ-XY-line|n12|d72|i10,U1-RZ-XY-line,12,6.0,10,gaussian,Z,0.0,96,96,1.0
v2_depth,prespecified depth-onset and saturation study,RY-RZ-CZ-line|n8|d16|i3|dir=gaussian|basis=Z|eta=0,RY-RZ-CZ-line|n8|d16|i3,RY-RZ-CZ-line,8,2.0,3,gaussian,Z,0.0,96,96,1.0
v2_depth,prespecified depth-onset and saturation study,RY-RZ-CZ-line|n8|d48|i11|dir=gaussian|basis=Z|eta=0,RY-RZ-CZ-line|n8|d48|i11,RY-RZ-CZ-line,8,6.0,11,gaussian,Z,0.0,96,96,1.0
v2_depth,prespecified depth-onset and saturation study,RY-RZ-CZ-line|n12|d12|i7|dir=gaussian|basis=Z|eta=0,RY-RZ-CZ-line|n12|d12|i7,RY-RZ-CZ-line,12,1.0,7,gaussian,Z,0.0,96,96,1.0
v2_depth,prespecified depth-onset and saturation study,RY-RZ-CZ-line|n12|d72|i3|dir=gaussian|basis=Z|eta=0,RY-RZ-CZ-line|n12|d72|i3,RY-RZ-CZ-line,12,6.0,3,gaussian,Z,0.0,96,96,1.0
v2_depth,prespecified depth-onset and saturation study,SU2-CNOT-line|n8|d4|i11|dir=gaussian|basis=Z|eta=0,SU2-CNOT-line|n8|d4|i11,SU2-CNOT-line,8,0.5,11,gaussian,Z,0.0,96,96,1.0
v2_depth,prespecified depth-onset and saturation study,SU2-CNOT-line|n8|d32|i7|dir=gaussian|basis=Z|eta=0,SU2-CNOT-line|n8|d32|i7,SU2-CNOT-line,8,4.0,7,gaussian,Z,0.0,96,96,1.0
v2_depth,prespecified depth-onset and saturation study,SU2-CNOT-line|n12|d6|i3|dir=gaussian|basis=Z|eta=0,SU2-CNOT-line|n12|d6|i3,SU2-CNOT-line,12,0.5,3,gaussian,Z,0.0,96,96,1.0
v2_depth,prespecified depth-onset and saturation study,SU2-CNOT-line|n12|d24|i11|dir=gaussian|basis=Z|eta=0,SU2-CNOT-line|n12|d24|i11,SU2-CNOT-line,12,2.0,11,gaussian,Z,0.0,96,96,1.0
v2_depth,prespecified depth-onset and saturation study,SU2-CNOT-line|n12|d96|i7|dir=gaussian|basis=Z|eta=0,SU2-CNOT-line|n12|d96|i7,SU2-CNOT-line,12,8.0,7,gaussian,Z,0.0,96,96,1.0
v2_depth,prespecified depth-onset and saturation study,SU2-HaarU4-brickwork|n8|d16|i3|dir=gaussian|basis=Z|eta=0,SU2-HaarU4-brickwork|n8|d16|i3,SU2-HaarU4-brickwork,8,2.0,3,gaussian,Z,0.0,96,96,1.0
v2_depth,prespecified depth-onset and saturation study,SU2-HaarU4-brickwork|n8|d48|i11|dir=gaussian|basis=Z|eta=0,SU2-HaarU4-brickwork|n8|d48|i11,SU2-HaarU4-brickwork,8,6.0,11,gaussian,Z,0.0,96,96,1.0
v2_depth,prespecified depth-onset and saturation study,SU2-HaarU4-brickwork|n12|d12|i7|dir=gaussian|basis=Z|eta=0,SU2-HaarU4-brickwork|n12|d12|i7,SU2-HaarU4-brickwork,12,1.0,7,gaussian,Z,0.0,96,96,1.0
v2_depth,prespecified depth-onset and saturation study,SU2-HaarU4-brickwork|n12|d72|i3|dir=gaussian|basis=Z|eta=0,SU2-HaarU4-brickwork|n12|d72|i3,SU2-HaarU4-brickwork,12,6.0,3,gaussian,Z,0.0,96,96,1.0
v2_depth,prespecified depth-onset and saturation study,U1-RZ-XY-line|n8|d4|i11|dir=gaussian|basis=Z|eta=0,U1-RZ-XY-line|n8|d4|i11,U1-RZ-XY-line,8,0.5,11,gaussian,Z,0.0,96,96,1.0
v2_depth,prespecified depth-onset and saturation study,U1-RZ-XY-line|n8|d16|i11|dir=gaussian|basis=Z|eta=0,U1-RZ-XY-line|n8|d16|i11,U1-RZ-XY-line,8,2.0,11,gaussian,Z,0.0,96,96,1.0
v2_depth,prespecified depth-onset and saturation study,U1-RZ-XY-line|n8|d48|i11|dir=gaussian|basis=Z|eta=0,U1-RZ-XY-line|n8|d48|i11,U1-RZ-XY-line,8,6.0,11,gaussian,Z,0.0,96,96,1.0
v2_depth,prespecified depth-onset and saturation study,U1-RZ-XY-line|n12|d6|i11|dir=gaussian|basis=Z|eta=0,U1-RZ-XY-line|n12|d6|i11,U1-RZ-XY-line,12,0.5,11,gaussian,Z,0.0,96,96,1.0
v2_depth,prespecified depth-onset and saturation study,U1-RZ-XY-line|n12|d24|i11|dir=gaussian|basis=Z|eta=0,U1-RZ-XY-line|n12|d24|i11,U1-RZ-XY-line,12,2.0,11,gaussian,Z,0.0,96,96,1.0
v2_depth,prespecified depth-onset and saturation study,U1-RZ-XY-line|n12|d72|i11|dir=gaussian|basis=Z|eta=0,U1-RZ-XY-line|n12|d72|i11,U1-RZ-XY-line,12,6.0,11,gaussian,Z,0.0,96,96,1.0
v2_depth,prespecified depth-onset and saturation study,RY-RZ-CZ-line|n8|d16|i4|dir=gaussian|basis=Z|eta=0,RY-RZ-CZ-line|n8|d16|i4,RY-RZ-CZ-line,8,2.0,4,gaussian,Z,0.0,96,96,1.0
v2_depth,prespecified depth-onset and saturation study,RY-RZ-CZ-line|n8|d64|i0|dir=gaussian|basis=Z|eta=0,RY-RZ-CZ-line|n8|d64|i0,RY-RZ-CZ-line,8,8.0,0,gaussian,Z,0.0,96,96,1.0
v2_depth,prespecified depth-onset and saturation study,RY-RZ-CZ-line|n12|d12|i8|dir=gaussian|basis=Z|eta=0,RY-RZ-CZ-line|n12|d12|i8,RY-RZ-CZ-line,12,1.0,8,gaussian,Z,0.0,96,96,1.0
v2_depth,prespecified depth-onset and saturation study,RY-RZ-CZ-line|n12|d72|i4|dir=gaussian|basis=Z|eta=0,RY-RZ-CZ-line|n12|d72|i4,RY-RZ-CZ-line,12,6.0,4,gaussian,Z,0.0,96,96,1.0
v2_depth,prespecified depth-onset and saturation study,SU2-CNOT-line|n8|d8|i0|dir=gaussian|basis=Z|eta=0,SU2-CNOT-line|n8|d8|i0,SU2-CNOT-line,8,1.0,0,gaussian,Z,0.0,96,96,1.0
v2_depth,prespecified depth-onset and saturation study,SU2-CNOT-line|n8|d32|i8|dir=gaussian|basis=Z|eta=0,SU2-CNOT-line|n8|d32|i8,SU2-CNOT-line,8,4.0,8,gaussian,Z,0.0,96,96,1.0
v2_depth,prespecified depth-onset and saturation study,SU2-CNOT-line|n12|d6|i4|dir=gaussian|basis=Z|eta=0,SU2-CNOT-line|n12|d6|i4,SU2-CNOT-line,12,0.5,4,gaussian,Z,0.0,96,96,1.0
v2_depth,prespecified depth-onset and saturation study,SU2-CNOT-line|n12|d48|i0|dir=gaussian|basis=Z|eta=0,SU2-CNOT-line|n12|d48|i0,SU2-CNOT-line,12,4.0,0,gaussian,Z,0.0,96,96,1.0
v2_depth,prespecified depth-onset and saturation study,SU2-CNOT-line|n12|d96|i8|dir=gaussian|basis=Z|eta=0,SU2-CNOT-line|n12|d96|i8,SU2-CNOT-line,12,8.0,8,gaussian,Z,0.0,96,96,1.0
v2_depth,prespecified depth-onset and saturation study,SU2-HaarU4-brickwork|n8|d16|i4|dir=gaussian|basis=Z|eta=0,SU2-HaarU4-brickwork|n8|d16|i4,SU2-HaarU4-brickwork,8,2.0,4,gaussian,Z,0.0,96,96,1.0
v2_depth,prespecified depth-onset and saturation study,SU2-HaarU4-brickwork|n8|d64|i0|dir=gaussian|basis=Z|eta=0,SU2-HaarU4-brickwork|n8|d64|i0,SU2-HaarU4-brickwork,8,8.0,0,gaussian,Z,0.0,96,96,1.0
v2_depth,prespecified depth-onset and saturation study,SU2-HaarU4-brickwork|n12|d12|i8|dir=gaussian|basis=Z|eta=0,SU2-HaarU4-brickwork|n12|d12|i8,SU2-HaarU4-brickwork,12,1.0,8,gaussian,Z,0.0,96,96,1.0
v2_depth,prespecified depth-onset and saturation study,SU2-HaarU4-brickwork|n12|d72|i4|dir=gaussian|basis=Z|eta=0,SU2-HaarU4-brickwork|n12|d72|i4,SU2-HaarU4-brickwork,12,6.0,4,gaussian,Z,0.0,96,96,1.0
v2_depth,prespecified depth-onset and saturation study,U1-RZ-XY-line|n8|d4|i12|dir=gaussian|basis=Z|eta=0,U1-RZ-XY-line|n8|d4|i12,U1-RZ-XY-line,8,0.5,12,gaussian,Z,0.0,96,96,1.0
v2_depth,prespecified depth-onset and saturation study,U1-RZ-XY-line|n8|d16|i12|dir=gaussian|basis=Z|eta=0,U1-RZ-XY-line|n8|d16|i12,U1-RZ-XY-line,8,2.0,12,gaussian,Z,0.0,96,96,1.0
v2_depth,prespecified depth-onset and saturation study,U1-RZ-XY-line|n8|d48|i12|dir=gaussian|basis=Z|eta=0,U1-RZ-XY-line|n8|d48|i12,U1-RZ-XY-line,8,6.0,12,gaussian,Z,0.0,96,96,1.0
v2_depth,prespecified depth-onset and saturation study,U1-RZ-XY-line|n12|d6|i12|dir=gaussian|basis=Z|eta=0,U1-RZ-XY-line|n12|d6|i12,U1-RZ-XY-line,12,0.5,12,gaussian,Z,0.0,96,96,1.0
v2_depth,prespecified depth-onset and saturation study,U1-RZ-XY-line|n12|d24|i12|dir=gaussian|basis=Z|eta=0,U1-RZ-XY-line|n12|d24|i12,U1-RZ-XY-line,12,2.0,12,gaussian,Z,0.0,96,96,1.0
v2_depth,prespecified depth-onset and saturation study,U1-RZ-XY-line|n12|d72|i12|dir=gaussian|basis=Z|eta=0,U1-RZ-XY-line|n12|d72|i12,U1-RZ-XY-line,12,6.0,12,gaussian,Z,0.0,96,96,1.0
v2_depth,prespecified depth-onset and saturation study,RY-RZ-CZ-line|n8|d16|i5|dir=gaussian|basis=Z|eta=0,RY-RZ-CZ-line|n8|d16|i5,RY-RZ-CZ-line,8,2.0,5,gaussian,Z,0.0,96,96,1.0
v2_depth,prespecified depth-onset and saturation study,RY-RZ-CZ-line|n8|d64|i1|dir=gaussian|basis=Z|eta=0,RY-RZ-CZ-line|n8|d64|i1,RY-RZ-CZ-line,8,8.0,1,gaussian,Z,0.0,96,96,1.0
v2_depth,prespecified depth-onset and saturation study,RY-RZ-CZ-line|n12|d12|i9|dir=gaussian|basis=Z|eta=0,RY-RZ-CZ-line|n12|d12|i9,RY-RZ-CZ-line,12,1.0,9,gaussian,Z,0.0,96,96,1.0
v2_depth,prespecified depth-onset and saturation study,RY-RZ-CZ-line|n12|d72|i5|dir=gaussian|basis=Z|eta=0,RY-RZ-CZ-line|n12|d72|i5,RY-RZ-CZ-line,12,6.0,5,gaussian,Z,0.0,96,96,1.0
v2_depth,prespecified depth-onset and saturation study,SU2-CNOT-line|n8|d8|i1|dir=gaussian|basis=Z|eta=0,SU2-CNOT-line|n8|d8|i1,SU2-CNOT-line,8,1.0,1,gaussian,Z,0.0,96,96,1.0
v2_depth,prespecified depth-onset and saturation study,SU2-CNOT-line|n8|d32|i9|dir=gaussian|basis=Z|eta=0,SU2-CNOT-line|n8|d32|i9,SU2-CNOT-line,8,4.0,9,gaussian,Z,0.0,96,96,1.0
v2_depth,prespecified depth-onset and saturation study,SU2-CNOT-line|n12|d6|i5|dir=gaussian|basis=Z|eta=0,SU2-CNOT-line|n12|d6|i5,SU2-CNOT-line,12,0.5,5,gaussian,Z,0.0,96,96,1.0
v2_depth,prespecified depth-onset and saturation study,SU2-CNOT-line|n12|d48|i1|dir=gaussian|basis=Z|eta=0,SU2-CNOT-line|n12|d48|i1,SU2-CNOT-line,12,4.0,1,gaussian,Z,0.0,96,96,1.0
v2_depth,prespecified depth-onset and saturation study,SU2-CNOT-line|n12|d96|i9|dir=gaussian|basis=Z|eta=0,SU2-CNOT-line|n12|d96|i9,SU2-CNOT-line,12,8.0,9,gaussian,Z,0.0,96,96,1.0
v2_depth,prespecified depth-onset and saturation study,SU2-HaarU4-brickwork|n8|d16|i5|dir=gaussian|basis=Z|eta=0,SU2-HaarU4-brickwork|n8|d16|i5,SU2-HaarU4-brickwork,8,2.0,5,gaussian,Z,0.0,96,96,1.0
v2_depth,prespecified depth-onset and saturation study,SU2-HaarU4-brickwork|n8|d64|i1|dir=gaussian|basis=Z|eta=0,SU2-HaarU4-brickwork|n8|d64|i1,SU2-HaarU4-brickwork,8,8.0,1,gaussian,Z,0.0,96,96,1.0
v2_depth,prespecified depth-onset and saturation study,SU2-HaarU4-brickwork|n12|d12|i9|dir=gaussian|basis=Z|eta=0,SU2-HaarU4-brickwork|n12|d12|i9,SU2-HaarU4-brickwork,12,1.0,9,gaussian,Z,0.0,96,96,1.0
v2_depth,prespecified depth-onset and saturation study,SU2-HaarU4-brickwork|n12|d72|i5|dir=gaussian|basis=Z|eta=0,SU2-HaarU4-brickwork|n12|d72|i5,SU2-HaarU4-brickwork,12,6.0,5,gaussian,Z,0.0,96,96,1.0
v2_depth,prespecified depth-onset and saturation study,U1-RZ-XY-line|n8|d4|i13|dir=gaussian|basis=Z|eta=0,U1-RZ-XY-line|n8|d4|i13,U1-RZ-XY-line,8,0.5,13,gaussian,Z,0.0,96,96,1.0
v2_depth,prespecified depth-onset and saturation study,U1-RZ-XY-line|n8|d16|i13|dir=gaussian|basis=Z|eta=0,U1-RZ-XY-line|n8|d16|i13,U1-RZ-XY-line,8,2.0,13,gaussian,Z,0.0,96,96,1.0
v2_depth,prespecified depth-onset and saturation study,U1-RZ-XY-line|n8|d48|i13|dir=gaussian|basis=Z|eta=0,U1-RZ-XY-line|n8|d48|i13,U1-RZ-XY-line,8,6.0,13,gaussian,Z,0.0,96,96,1.0
v2_depth,prespecified depth-onset and saturation study,U1-RZ-XY-line|n12|d6|i13|dir=gaussian|basis=Z|eta=0,U1-RZ-XY-line|n12|d6|i13,U1-RZ-XY-line,12,0.5,13,gaussian,Z,0.0,96,96,1.0
v2_depth,prespecified depth-onset and saturation study,U1-RZ-XY-line|n12|d24|i13|dir=gaussian|basis=Z|eta=0,U1-RZ-XY-line|n12|d24|i13,U1-RZ-XY-line,12,2.0,13,gaussian,Z,0.0,96,96,1.0
v2_depth,prespecified depth-onset and saturation study,U1-RZ-XY-line|n12|d72|i13|dir=gaussian|basis=Z|eta=0,U1-RZ-XY-line|n12|d72|i13,U1-RZ-XY-line,12,6.0,13,gaussian,Z,0.0,96,96,1.0
v2_depth,prespecified depth-onset and saturation study,RY-RZ-CZ-line|n8|d4|i3|dir=gaussian|basis=Z|eta=0,RY-RZ-CZ-line|n8|d4|i3,RY-RZ-CZ-line,8,0.5,3,gaussian,Z,0.0,96,96,1.0
v2_depth,prespecified depth-onset and saturation study,RY-RZ-CZ-line|n8|d16|i11|dir=gaussian|basis=Z|eta=0,RY-RZ-CZ-line|n8|d16|i11,RY-RZ-CZ-line,8,2.0,11,gaussian,Z,0.0,96,96,1.0
v2_depth,prespecified depth-onset and saturation study,RY-RZ-CZ-line|n8|d64|i7|dir=gaussian|basis=Z|eta=0,RY-RZ-CZ-line|n8|d64|i7,RY-RZ-CZ-line,8,8.0,7,gaussian,Z,0.0,96,96,1.0
v2_depth,prespecified depth-onset and saturation study,RY-RZ-CZ-line|n12|d24|i3|dir=gaussian|basis=Z|eta=0,RY-RZ-CZ-line|n12|d24|i3,RY-RZ-CZ-line,12,2.0,3,gaussian,Z,0.0,96,96,1.0
v2_depth,prespecified depth-onset and saturation study,RY-RZ-CZ-line|n12|d72|i11|dir=gaussian|basis=Z|eta=0,RY-RZ-CZ-line|n12|d72|i11,RY-RZ-CZ-line,12,6.0,11,gaussian,Z,0.0,96,96,1.0
v2_depth,prespecified depth-onset and saturation study,SU2-CNOT-line|n8|d8|i7|dir=gaussian|basis=Z|eta=0,SU2-CNOT-line|n8|d8|i7,SU2-CNOT-line,8,1.0,7,gaussian,Z,0.0,96,96,1.0
v2_depth,prespecified depth-onset and saturation study,SU2-CNOT-line|n8|d48|i3|dir=gaussian|basis=Z|eta=0,SU2-CNOT-line|n8|d48|i3,SU2-CNOT-line,8,6.0,3,gaussian,Z,0.0,96,96,1.0
v2_depth,prespecified depth-onset and saturation study,SU2-CNOT-line|n12|d6|i11|dir=gaussian|basis=Z|eta=0,SU2-CNOT-line|n12|d6|i11,SU2-CNOT-line,12,0.5,11,gaussian,Z,0.0,96,96,1.0
v2_depth,prespecified depth-onset and saturation study,SU2-CNOT-line|n12|d48|i7|dir=gaussian|basis=Z|eta=0,SU2-CNOT-line|n12|d48|i7,SU2-CNOT-line,12,4.0,7,gaussian,Z,0.0,96,96,1.0
v2_depth,prespecified depth-onset and saturation study,SU2-HaarU4-brickwork|n8|d4|i3|dir=gaussian|basis=Z|eta=0,SU2-HaarU4-brickwork|n8|d4|i3,SU2-HaarU4-brickwork,8,0.5,3,gaussian,Z,0.0,96,96,1.0
v2_depth,prespecified depth-onset and saturation study,SU2-HaarU4-brickwork|n8|d16|i11|dir=gaussian|basis=Z|eta=0,SU2-HaarU4-brickwork|n8|d16|i11,SU2-HaarU4-brickwork,8,2.0,11,gaussian,Z,0.0,96,96,1.0
v2_depth,prespecified depth-onset and saturation study,SU2-HaarU4-brickwork|n8|d64|i7|dir=gaussian|basis=Z|eta=0,SU2-HaarU4-brickwork|n8|d64|i7,SU2-HaarU4-brickwork,8,8.0,7,gaussian,Z,0.0,96,96,1.0
v2_depth,prespecified depth-onset and saturation study,SU2-HaarU4-brickwork|n12|d24|i3|dir=gaussian|basis=Z|eta=0,SU2-HaarU4-brickwork|n12|d24|i3,SU2-HaarU4-brickwork,12,2.0,3,gaussian,Z,0.0,96,96,1.0
v2_depth,prespecified depth-onset and saturation study,SU2-HaarU4-brickwork|n12|d72|i11|dir=gaussian|basis=Z|eta=0,SU2-HaarU4-brickwork|n12|d72|i11,SU2-HaarU4-brickwork,12,6.0,11,gaussian,Z,0.0,96,96,1.0
v2_depth,prespecified depth-onset and saturation study,U1-RZ-XY-line|n8|d8|i3|dir=gaussian|basis=Z|eta=0,U1-RZ-XY-line|n8|d8|i3,U1-RZ-XY-line,8,1.0,3,gaussian,Z,0.0,96,96,1.0
v2_depth,prespecified depth-onset and saturation study,U1-RZ-XY-line|n8|d32|i3|dir=gaussian|basis=Z|eta=0,U1-RZ-XY-line|n8|d32|i3,U1-RZ-XY-line,8,4.0,3,gaussian,Z,0.0,96,96,1.0
v2_depth,prespecified depth-onset and saturation study,U1-RZ-XY-line|n8|d64|i3|dir=gaussian|basis=Z|eta=0,U1-RZ-XY-line|n8|d64|i3,U1-RZ-XY-line,8,8.0,3,gaussian,Z,0.0,96,96,1.0
v2_depth,prespecified depth-onset and saturation study,U1-RZ-XY-line|n12|d12|i3|dir=gaussian|basis=Z|eta=0,U1-RZ-XY-line|n12|d12|i3,U1-RZ-XY-line,12,1.0,3,gaussian,Z,0.0,96,96,1.0
v2_depth,prespecified depth-onset and saturation study,U1-RZ-XY-line|n12|d48|i3|dir=gaussian|basis=Z|eta=0,U1-RZ-XY-line|n12|d48|i3,U1-RZ-XY-line,12,4.0,3,gaussian,Z,0.0,96,96,1.0
v2_depth,prespecified depth-onset and saturation study,U1-RZ-XY-line|n12|d96|i3|dir=gaussian|basis=Z|eta=0,U1-RZ-XY-line|n12|d96|i3,U1-RZ-XY-line,12,8.0,3,gaussian,Z,0.0,96,96,1.0
v2_depth,prespecified depth-onset and saturation study,RY-RZ-CZ-line|n8|d16|i6|dir=gaussian|basis=Z|eta=0,RY-RZ-CZ-line|n8|d16|i6,RY-RZ-CZ-line,8,2.0,6,gaussian,Z,0.0,96,96,1.0
v2_depth,prespecified depth-onset and saturation study,RY-RZ-CZ-line|n8|d64|i2|dir=gaussian|basis=Z|eta=0,RY-RZ-CZ-line|n8|d64|i2,RY-RZ-CZ-line,8,8.0,2,gaussian,Z,0.0,96,96,1.0
v2_depth,prespecified depth-onset and saturation study,RY-RZ-CZ-line|n12|d12|i10|dir=gaussian|basis=Z|eta=0,RY-RZ-CZ-line|n12|d12|i10,RY-RZ-CZ-line,12,1.0,10,gaussian,Z,0.0,96,96,1.0
v2_depth,prespecified depth-onset and saturation study,RY-RZ-CZ-line|n12|d72|i6|dir=gaussian|basis=Z|eta=0,RY-RZ-CZ-line|n12|d72|i6,RY-RZ-CZ-line,12,6.0,6,gaussian,Z,0.0,96,96,1.0
v2_depth,prespecified depth-onset and saturation study,SU2-CNOT-line|n8|d8|i2|dir=gaussian|basis=Z|eta=0,SU2-CNOT-line|n8|d8|i2,SU2-CNOT-line,8,1.0,2,gaussian,Z,0.0,96,96,1.0
v2_depth,prespecified depth-onset and saturation study,SU2-CNOT-line|n8|d32|i10|dir=gaussian|basis=Z|eta=0,SU2-CNOT-line|n8|d32|i10,SU2-CNOT-line,8,4.0,10,gaussian,Z,0.0,96,96,1.0
v2_depth,prespecified depth-onset and saturation study,SU2-CNOT-line|n12|d6|i6|dir=gaussian|basis=Z|eta=0,SU2-CNOT-line|n12|d6|i6,SU2-CNOT-line,12,0.5,6,gaussian,Z,0.0,96,96,1.0
v2_depth,prespecified depth-onset and saturation study,SU2-CNOT-line|n12|d48|i2|dir=gaussian|basis=Z|eta=0,SU2-CNOT-line|n12|d48|i2,SU2-CNOT-line,12,4.0,2,gaussian,Z,0.0,96,96,1.0
v2_depth,prespecified depth-onset and saturation study,SU2-CNOT-line|n12|d96|i10|dir=gaussian|basis=Z|eta=0,SU2-CNOT-line|n12|d96|i10,SU2-CNOT-line,12,8.0,10,gaussian,Z,0.0,96,96,1.0
v2_depth,prespecified depth-onset and saturation study,SU2-HaarU4-brickwork|n8|d16|i6|dir=gaussian|basis=Z|eta=0,SU2-HaarU4-brickwork|n8|d16|i6,SU2-HaarU4-brickwork,8,2.0,6,gaussian,Z,0.0,96,96,1.0
v2_depth,prespecified depth-onset and saturation study,SU2-HaarU4-brickwork|n8|d64|i2|dir=gaussian|basis=Z|eta=0,SU2-HaarU4-brickwork|n8|d64|i2,SU2-HaarU4-brickwork,8,8.0,2,gaussian,Z,0.0,96,96,1.0
v2_depth,prespecified depth-onset and saturation study,SU2-HaarU4-brickwork|n12|d12|i10|dir=gaussian|basis=Z|eta=0,SU2-HaarU4-brickwork|n12|d12|i10,SU2-HaarU4-brickwork,12,1.0,10,gaussian,Z,0.0,96,96,1.0
v2_depth,prespecified depth-onset and saturation study,SU2-HaarU4-brickwork|n12|d72|i6|dir=gaussian|basis=Z|eta=0,SU2-HaarU4-brickwork|n12|d72|i6,SU2-HaarU4-brickwork,12,6.0,6,gaussian,Z,0.0,96,96,1.0
v2_depth,prespecified depth-onset and saturation study,U1-RZ-XY-line|n8|d4|i14|dir=gaussian|basis=Z|eta=0,U1-RZ-XY-line|n8|d4|i14,U1-RZ-XY-line,8,0.5,14,gaussian,Z,0.0,96,96,1.0
v2_depth,prespecified depth-onset and saturation study,U1-RZ-XY-line|n8|d16|i14|dir=gaussian|basis=Z|eta=0,U1-RZ-XY-line|n8|d16|i14,U1-RZ-XY-line,8,2.0,14,gaussian,Z,0.0,96,96,1.0
v2_depth,prespecified depth-onset and saturation study,U1-RZ-XY-line|n8|d48|i14|dir=gaussian|basis=Z|eta=0,U1-RZ-XY-line|n8|d48|i14,U1-RZ-XY-line,8,6.0,14,gaussian,Z,0.0,96,96,1.0
v2_depth,prespecified depth-onset and saturation study,U1-RZ-XY-line|n12|d6|i14|dir=gaussian|basis=Z|eta=0,U1-RZ-XY-line|n12|d6|i14,U1-RZ-XY-line,12,0.5,14,gaussian,Z,0.0,96,96,1.0
v2_depth,prespecified depth-onset and saturation study,U1-RZ-XY-line|n12|d24|i14|dir=gaussian|basis=Z|eta=0,U1-RZ-XY-line|n12|d24|i14,U1-RZ-XY-line,12,2.0,14,gaussian,Z,0.0,96,96,1.0
v2_depth,prespecified depth-onset and saturation study,U1-RZ-XY-line|n12|d72|i14|dir=gaussian|basis=Z|eta=0,U1-RZ-XY-line|n12|d72|i14,U1-RZ-XY-line,12,6.0,14,gaussian,Z,0.0,96,96,1.0
v2_depth,prespecified depth-onset and saturation study,RY-RZ-CZ-line|n8|d16|i7|dir=gaussian|basis=Z|eta=0,RY-RZ-CZ-line|n8|d16|i7,RY-RZ-CZ-line,8,2.0,7,gaussian,Z,0.0,96,96,1.0
v2_depth,prespecified depth-onset and saturation study,RY-RZ-CZ-line|n8|d64|i3|dir=gaussian|basis=Z|eta=0,RY-RZ-CZ-line|n8|d64|i3,RY-RZ-CZ-line,8,8.0,3,gaussian,Z,0.0,96,96,1.0
v2_depth,prespecified depth-onset and saturation study,RY-RZ-CZ-line|n12|d12|i11|dir=gaussian|basis=Z|eta=0,RY-RZ-CZ-line|n12|d12|i11,RY-RZ-CZ-line,12,1.0,11,gaussian,Z,0.0,96,96,1.0
v2_depth,prespecified depth-onset and saturation study,RY-RZ-CZ-line|n12|d72|i7|dir=gaussian|basis=Z|eta=0,RY-RZ-CZ-line|n12|d72|i7,RY-RZ-CZ-line,12,6.0,7,gaussian,Z,0.0,96,96,1.0
v2_depth,prespecified depth-onset and saturation study,SU2-CNOT-line|n8|d8|i3|dir=gaussian|basis=Z|eta=0,SU2-CNOT-line|n8|d8|i3,SU2-CNOT-line,8,1.0,3,gaussian,Z,0.0,96,96,1.0
v2_depth,prespecified depth-onset and saturation study,SU2-CNOT-line|n8|d32|i11|dir=gaussian|basis=Z|eta=0,SU2-CNOT-line|n8|d32|i11,SU2-CNOT-line,8,4.0,11,gaussian,Z,0.0,96,96,1.0
v2_depth,prespecified depth-onset and saturation study,SU2-CNOT-line|n12|d6|i7|dir=gaussian|basis=Z|eta=0,SU2-CNOT-line|n12|d6|i7,SU2-CNOT-line,12,0.5,7,gaussian,Z,0.0,96,96,1.0
v2_depth,prespecified depth-onset and saturation study,SU2-CNOT-line|n12|d48|i3|dir=gaussian|basis=Z|eta=0,SU2-CNOT-line|n12|d48|i3,SU2-CNOT-line,12,4.0,3,gaussian,Z,0.0,96,96,1.0
v2_depth,prespecified depth-onset and saturation study,SU2-CNOT-line|n12|d96|i11|dir=gaussian|basis=Z|eta=0,SU2-CNOT-line|n12|d96|i11,SU2-CNOT-line,12,8.0,11,gaussian,Z,0.0,96,96,1.0
v2_depth,prespecified depth-onset and saturation study,SU2-HaarU4-brickwork|n8|d16|i7|dir=gaussian|basis=Z|eta=0,SU2-HaarU4-brickwork|n8|d16|i7,SU2-HaarU4-brickwork,8,2.0,7,gaussian,Z,0.0,96,96,1.0
v2_depth,prespecified depth-onset and saturation study,SU2-HaarU4-brickwork|n8|d64|i3|dir=gaussian|basis=Z|eta=0,SU2-HaarU4-brickwork|n8|d64|i3,SU2-HaarU4-brickwork,8,8.0,3,gaussian,Z,0.0,96,96,1.0
v2_depth,prespecified depth-onset and saturation study,SU2-HaarU4-brickwork|n12|d12|i11|dir=gaussian|basis=Z|eta=0,SU2-HaarU4-brickwork|n12|d12|i11,SU2-HaarU4-brickwork,12,1.0,11,gaussian,Z,0.0,96,96,1.0
v2_depth,prespecified depth-onset and saturation study,SU2-HaarU4-brickwork|n12|d72|i7|dir=gaussian|basis=Z|eta=0,SU2-HaarU4-brickwork|n12|d72|i7,SU2-HaarU4-brickwork,12,6.0,7,gaussian,Z,0.0,96,96,1.0
v2_depth,prespecified depth-onset and saturation study,U1-RZ-XY-line|n8|d4|i15|dir=gaussian|basis=Z|eta=0,U1-RZ-XY-line|n8|d4|i15,U1-RZ-XY-line,8,0.5,15,gaussian,Z,0.0,96,96,1.0
v2_depth,prespecified depth-onset and saturation study,U1-RZ-XY-line|n8|d16|i15|dir=gaussian|basis=Z|eta=0,U1-RZ-XY-line|n8|d16|i15,U1-RZ-XY-line,8,2.0,15,gaussian,Z,0.0,96,96,1.0
v2_depth,prespecified depth-onset and saturation study,U1-RZ-XY-line|n8|d48|i15|dir=gaussian|basis=Z|eta=0,U1-RZ-XY-line|n8|d48|i15,U1-RZ-XY-line,8,6.0,15,gaussian,Z,0.0,96,96,1.0
v2_depth,prespecified depth-onset and saturation study,U1-RZ-XY-line|n12|d6|i15|dir=gaussian|basis=Z|eta=0,U1-RZ-XY-line|n12|d6|i15,U1-RZ-XY-line,12,0.5,15,gaussian,Z,0.0,96,96,1.0
v2_depth,prespecified depth-onset and saturation study,U1-RZ-XY-line|n12|d24|i15|dir=gaussian|basis=Z|eta=0,U1-RZ-XY-line|n12|d24|i15,U1-RZ-XY-line,12,2.0,15,gaussian,Z,0.0,96,96,1.0
v2_depth,prespecified depth-onset and saturation study,U1-RZ-XY-line|n12|d72|i15|dir=gaussian|basis=Z|eta=0,U1-RZ-XY-line|n12|d72|i15,U1-RZ-XY-line,12,6.0,15,gaussian,Z,0.0,96,96,1.0
v2_depth,prespecified depth-onset and saturation study,RY-RZ-CZ-line|n8|d4|i4|dir=gaussian|basis=Z|eta=0,RY-RZ-CZ-line|n8|d4|i4,RY-RZ-CZ-line,8,0.5,4,gaussian,Z,0.0,96,96,1.0
v2_depth,prespecified depth-onset and saturation study,RY-RZ-CZ-line|n8|d32|i0|dir=gaussian|basis=Z|eta=0,RY-RZ-CZ-line|n8|d32|i0,RY-RZ-CZ-line,8,4.0,0,gaussian,Z,0.0,96,96,1.0
v2_depth,prespecified depth-onset and saturation study,RY-RZ-CZ-line|n8|d64|i8|dir=gaussian|basis=Z|eta=0,RY-RZ-CZ-line|n8|d64|i8,RY-RZ-CZ-line,8,8.0,8,gaussian,Z,0.0,96,96,1.0
v2_depth,prespecified depth-onset and saturation study,RY-RZ-CZ-line|n12|d24|i4|dir=gaussian|basis=Z|eta=0,RY-RZ-CZ-line|n12|d24|i4,RY-RZ-CZ-line,12,2.0,4,gaussian,Z,0.0,96,96,1.0
v2_depth,prespecified depth-onset and saturation study,RY-RZ-CZ-line|n12|d96|i0|dir=gaussian|basis=Z|eta=0,RY-RZ-CZ-line|n12|d96|i0,RY-RZ-CZ-line,12,8.0,0,gaussian,Z,0.0,96,96,1.0
v2_depth,prespecified depth-onset and saturation study,SU2-CNOT-line|n8|d8|i8|dir=gaussian|basis=Z|eta=0,SU2-CNOT-line|n8|d8|i8,SU2-CNOT-line,8,1.0,8,gaussian,Z,0.0,96,96,1.0
v2_depth,prespecified depth-onset and saturation study,SU2-CNOT-line|n8|d48|i4|dir=gaussian|basis=Z|eta=0,SU2-CNOT-line|n8|d48|i4,SU2-CNOT-line,8,6.0,4,gaussian,Z,0.0,96,96,1.0
v2_depth,prespecified depth-onset and saturation study,SU2-CNOT-line|n12|d12|i0|dir=gaussian|basis=Z|eta=0,SU2-CNOT-line|n12|d12|i0,SU2-CNOT-line,12,1.0,0,gaussian,Z,0.0,96,96,1.0
v2_depth,prespecified depth-onset and saturation study,SU2-CNOT-line|n12|d48|i8|dir=gaussian|basis=Z|eta=0,SU2-CNOT-line|n12|d48|i8,SU2-CNOT-line,12,4.0,8,gaussian,Z,0.0,96,96,1.0
v2_depth,prespecified depth-onset and saturation study,SU2-HaarU4-brickwork|n8|d4|i4|dir=gaussian|basis=Z|eta=0,SU2-HaarU4-brickwork|n8|d4|i4,SU2-HaarU4-brickwork,8,0.5,4,gaussian,Z,0.0,96,96,1.0
v2_depth,prespecified depth-onset and saturation study,SU2-HaarU4-brickwork|n8|d32|i0|dir=gaussian|basis=Z|eta=0,SU2-HaarU4-brickwork|n8|d32|i0,SU2-HaarU4-brickwork,8,4.0,0,gaussian,Z,0.0,96,96,1.0
v2_depth,prespecified depth-onset and saturation study,SU2-HaarU4-brickwork|n8|d64|i8|dir=gaussian|basis=Z|eta=0,SU2-HaarU4-brickwork|n8|d64|i8,SU2-HaarU4-brickwork,8,8.0,8,gaussian,Z,0.0,96,96,1.0
v2_depth,prespecified depth-onset and saturation study,SU2-HaarU4-brickwork|n12|d24|i4|dir=gaussian|basis=Z|eta=0,SU2-HaarU4-brickwork|n12|d24|i4,SU2-HaarU4-brickwork,12,2.0,4,gaussian,Z,0.0,96,96,1.0
v2_depth,prespecified depth-onset and saturation study,SU2-HaarU4-brickwork|n12|d96|i0|dir=gaussian|basis=Z|eta=0,SU2-HaarU4-brickwork|n12|d96|i0,SU2-HaarU4-brickwork,12,8.0,0,gaussian,Z,0.0,96,96,1.0
v2_depth,prespecified depth-onset and saturation study,U1-RZ-XY-line|n8|d8|i4|dir=gaussian|basis=Z|eta=0,U1-RZ-XY-line|n8|d8|i4,U1-RZ-XY-line,8,1.0,4,gaussian,Z,0.0,96,96,1.0
v2_depth,prespecified depth-onset and saturation study,U1-RZ-XY-line|n8|d32|i4|dir=gaussian|basis=Z|eta=0,U1-RZ-XY-line|n8|d32|i4,U1-RZ-XY-line,8,4.0,4,gaussian,Z,0.0,96,96,1.0
v2_depth,prespecified depth-onset and saturation study,U1-RZ-XY-line|n8|d64|i4|dir=gaussian|basis=Z|eta=0,U1-RZ-XY-line|n8|d64|i4,U1-RZ-XY-line,8,8.0,4,gaussian,Z,0.0,96,96,1.0
v2_depth,prespecified depth-onset and saturation study,U1-RZ-XY-line|n12|d12|i4|dir=gaussian|basis=Z|eta=0,U1-RZ-XY-line|n12|d12|i4,U1-RZ-XY-line,12,1.0,4,gaussian,Z,0.0,96,96,1.0
v2_depth,prespecified depth-onset and saturation study,U1-RZ-XY-line|n12|d48|i4|dir=gaussian|basis=Z|eta=0,U1-RZ-XY-line|n12|d48|i4,U1-RZ-XY-line,12,4.0,4,gaussian,Z,0.0,96,96,1.0
v2_depth,prespecified depth-onset and saturation study,U1-RZ-XY-line|n12|d96|i4|dir=gaussian|basis=Z|eta=0,U1-RZ-XY-line|n12|d96|i4,U1-RZ-XY-line,12,8.0,4,gaussian,Z,0.0,96,96,1.0
v2_depth,prespecified depth-onset and saturation study,RY-RZ-CZ-line|n8|d4|i5|dir=gaussian|basis=Z|eta=0,RY-RZ-CZ-line|n8|d4|i5,RY-RZ-CZ-line,8,0.5,5,gaussian,Z,0.0,96,96,1.0
v2_depth,prespecified depth-onset and saturation study,RY-RZ-CZ-line|n8|d32|i1|dir=gaussian|basis=Z|eta=0,RY-RZ-CZ-line|n8|d32|i1,RY-RZ-CZ-line,8,4.0,1,gaussian,Z,0.0,96,96,1.0
v2_depth,prespecified depth-onset and saturation study,RY-RZ-CZ-line|n8|d64|i9|dir=gaussian|basis=Z|eta=0,RY-RZ-CZ-line|n8|d64|i9,RY-RZ-CZ-line,8,8.0,9,gaussian,Z,0.0,96,96,1.0
v2_depth,prespecified depth-onset and saturation study,RY-RZ-CZ-line|n12|d24|i5|dir=gaussian|basis=Z|eta=0,RY-RZ-CZ-line|n12|d24|i5,RY-RZ-CZ-line,12,2.0,5,gaussian,Z,0.0,96,96,1.0
v2_depth,prespecified depth-onset and saturation study,RY-RZ-CZ-line|n12|d96|i1|dir=gaussian|basis=Z|eta=0,RY-RZ-CZ-line|n12|d96|i1,RY-RZ-CZ-line,12,8.0,1,gaussian,Z,0.0,96,96,1.0
v2_depth,prespecified depth-onset and saturation study,SU2-CNOT-line|n8|d8|i9|dir=gaussian|basis=Z|eta=0,SU2-CNOT-line|n8|d8|i9,SU2-CNOT-line,8,1.0,9,gaussian,Z,0.0,96,96,1.0
v2_depth,prespecified depth-onset and saturation study,SU2-CNOT-line|n8|d48|i5|dir=gaussian|basis=Z|eta=0,SU2-CNOT-line|n8|d48|i5,SU2-CNOT-line,8,6.0,5,gaussian,Z,0.0,96,96,1.0
v2_depth,prespecified depth-onset and saturation study,SU2-CNOT-line|n12|d12|i1|dir=gaussian|basis=Z|eta=0,SU2-CNOT-line|n12|d12|i1,SU2-CNOT-line,12,1.0,1,gaussian,Z,0.0,96,96,1.0
v2_depth,prespecified depth-onset and saturation study,SU2-CNOT-line|n12|d48|i9|dir=gaussian|basis=Z|eta=0,SU2-CNOT-line|n12|d48|i9,SU2-CNOT-line,12,4.0,9,gaussian,Z,0.0,96,96,1.0
v2_depth,prespecified depth-onset and saturation study,SU2-HaarU4-brickwork|n8|d4|i5|dir=gaussian|basis=Z|eta=0,SU2-HaarU4-brickwork|n8|d4|i5,SU2-HaarU4-brickwork,8,0.5,5,gaussian,Z,0.0,96,96,1.0
v2_depth,prespecified depth-onset and saturation study,SU2-HaarU4-brickwork|n8|d32|i1|dir=gaussian|basis=Z|eta=0,SU2-HaarU4-brickwork|n8|d32|i1,SU2-HaarU4-brickwork,8,4.0,1,gaussian,Z,0.0,96,96,1.0
v2_depth,prespecified depth-onset and saturation study,SU2-HaarU4-brickwork|n8|d64|i9|dir=gaussian|basis=Z|eta=0,SU2-HaarU4-brickwork|n8|d64|i9,SU2-HaarU4-brickwork,8,8.0,9,gaussian,Z,0.0,96,96,1.0
v2_depth,prespecified depth-onset and saturation study,SU2-HaarU4-brickwork|n12|d24|i5|dir=gaussian|basis=Z|eta=0,SU2-HaarU4-brickwork|n12|d24|i5,SU2-HaarU4-brickwork,12,2.0,5,gaussian,Z,0.0,96,96,1.0
v2_depth,prespecified depth-onset and saturation study,SU2-HaarU4-brickwork|n12|d96|i1|dir=gaussian|basis=Z|eta=0,SU2-HaarU4-brickwork|n12|d96|i1,SU2-HaarU4-brickwork,12,8.0,1,gaussian,Z,0.0,96,96,1.0
v2_depth,prespecified depth-onset and saturation study,U1-RZ-XY-line|n8|d8|i5|dir=gaussian|basis=Z|eta=0,U1-RZ-XY-line|n8|d8|i5,U1-RZ-XY-line,8,1.0,5,gaussian,Z,0.0,96,96,1.0
v2_depth,prespecified depth-onset and saturation study,U1-RZ-XY-line|n8|d32|i5|dir=gaussian|basis=Z|eta=0,U1-RZ-XY-line|n8|d32|i5,U1-RZ-XY-line,8,4.0,5,gaussian,Z,0.0,96,96,1.0
v2_depth,prespecified depth-onset and saturation study,U1-RZ-XY-line|n8|d64|i5|dir=gaussian|basis=Z|eta=0,U1-RZ-XY-line|n8|d64|i5,U1-RZ-XY-line,8,8.0,5,gaussian,Z,0.0,96,96,1.0
v2_depth,prespecified depth-onset and saturation study,U1-RZ-XY-line|n12|d12|i5|dir=gaussian|basis=Z|eta=0,U1-RZ-XY-line|n12|d12|i5,U1-RZ-XY-line,12,1.0,5,gaussian,Z,0.0,96,96,1.0
v2_depth,prespecified depth-onset and saturation study,U1-RZ-XY-line|n12|d48|i5|dir=gaussian|basis=Z|eta=0,U1-RZ-XY-line|n12|d48|i5,U1-RZ-XY-line,12,4.0,5,gaussian,Z,0.0,96,96,1.0
v2_depth,prespecified depth-onset and saturation study,U1-RZ-XY-line|n12|d96|i5|dir=gaussian|basis=Z|eta=0,U1-RZ-XY-line|n12|d96|i5,U1-RZ-XY-line,12,8.0,5,gaussian,Z,0.0,96,96,1.0
v2_depth,prespecified depth-onset and saturation study,RY-RZ-CZ-line|n8|d4|i6|dir=gaussian|basis=Z|eta=0,RY-RZ-CZ-line|n8|d4|i6,RY-RZ-CZ-line,8,0.5,6,gaussian,Z,0.0,96,96,1.0
v2_depth,prespecified depth-onset and saturation study,RY-RZ-CZ-line|n8|d32|i2|dir=gaussian|basis=Z|eta=0,RY-RZ-CZ-line|n8|d32|i2,RY-RZ-CZ-line,8,4.0,2,gaussian,Z,0.0,96,96,1.0
v2_depth,prespecified depth-onset and saturation study,RY-RZ-CZ-line|n8|d64|i10|dir=gaussian|basis=Z|eta=0,RY-RZ-CZ-line|n8|d64|i10,RY-RZ-CZ-line,8,8.0,10,gaussian,Z,0.0,96,96,1.0
v2_depth,prespecified depth-onset and saturation study,RY-RZ-CZ-line|n12|d24|i6|dir=gaussian|basis=Z|eta=0,RY-RZ-CZ-line|n12|d24|i6,RY-RZ-CZ-line,12,2.0,6,gaussian,Z,0.0,96,96,1.0
v2_depth,prespecified depth-onset and saturation study,RY-RZ-CZ-line|n12|d96|i2|dir=gaussian|basis=Z|eta=0,RY-RZ-CZ-line|n12|d96|i2,RY-RZ-CZ-line,12,8.0,2,gaussian,Z,0.0,96,96,1.0
v2_depth,prespecified depth-onset and saturation study,SU2-CNOT-line|n8|d8|i10|dir=gaussian|basis=Z|eta=0,SU2-CNOT-line|n8|d8|i10,SU2-CNOT-line,8,1.0,10,gaussian,Z,0.0,96,96,1.0
v2_depth,prespecified depth-onset and saturation study,SU2-CNOT-line|n8|d48|i6|dir=gaussian|basis=Z|eta=0,SU2-CNOT-line|n8|d48|i6,SU2-CNOT-line,8,6.0,6,gaussian,Z,0.0,96,96,1.0
v2_depth,prespecified depth-onset and saturation study,SU2-CNOT-line|n12|d12|i2|dir=gaussian|basis=Z|eta=0,SU2-CNOT-line|n12|d12|i2,SU2-CNOT-line,12,1.0,2,gaussian,Z,0.0,96,96,1.0
v2_depth,prespecified depth-onset and saturation study,SU2-CNOT-line|n12|d48|i10|dir=gaussian|basis=Z|eta=0,SU2-CNOT-line|n12|d48|i10,SU2-CNOT-line,12,4.0,10,gaussian,Z,0.0,96,96,1.0
v2_depth,prespecified depth-onset and saturation study,SU2-HaarU4-brickwork|n8|d4|i6|dir=gaussian|basis=Z|eta=0,SU2-HaarU4-brickwork|n8|d4|i6,SU2-HaarU4-brickwork,8,0.5,6,gaussian,Z,0.0,96,96,1.0
v2_depth,prespecified depth-onset and saturation study,SU2-HaarU4-brickwork|n8|d32|i2|dir=gaussian|basis=Z|eta=0,SU2-HaarU4-brickwork|n8|d32|i2,SU2-HaarU4-brickwork,8,4.0,2,gaussian,Z,0.0,96,96,1.0
v2_depth,prespecified depth-onset and saturation study,SU2-HaarU4-brickwork|n8|d64|i10|dir=gaussian|basis=Z|eta=0,SU2-HaarU4-brickwork|n8|d64|i10,SU2-HaarU4-brickwork,8,8.0,10,gaussian,Z,0.0,96,96,1.0
v2_depth,prespecified depth-onset and saturation study,SU2-HaarU4-brickwork|n12|d24|i6|dir=gaussian|basis=Z|eta=0,SU2-HaarU4-brickwork|n12|d24|i6,SU2-HaarU4-brickwork,12,2.0,6,gaussian,Z,0.0,96,96,1.0
v2_depth,prespecified depth-onset and saturation study,SU2-HaarU4-brickwork|n12|d96|i2|dir=gaussian|basis=Z|eta=0,SU2-HaarU4-brickwork|n12|d96|i2,SU2-HaarU4-brickwork,12,8.0,2,gaussian,Z,0.0,96,96,1.0
v2_depth,prespecified depth-onset and saturation study,U1-RZ-XY-line|n8|d8|i6|dir=gaussian|basis=Z|eta=0,U1-RZ-XY-line|n8|d8|i6,U1-RZ-XY-line,8,1.0,6,gaussian,Z,0.0,96,96,1.0
v2_depth,prespecified depth-onset and saturation study,U1-RZ-XY-line|n8|d32|i6|dir=gaussian|basis=Z|eta=0,U1-RZ-XY-line|n8|d32|i6,U1-RZ-XY-line,8,4.0,6,gaussian,Z,0.0,96,96,1.0
v2_depth,prespecified depth-onset and saturation study,U1-RZ-XY-line|n8|d64|i6|dir=gaussian|basis=Z|eta=0,U1-RZ-XY-line|n8|d64|i6,U1-RZ-XY-line,8,8.0,6,gaussian,Z,0.0,96,96,1.0
v2_depth,prespecified depth-onset and saturation study,U1-RZ-XY-line|n12|d12|i6|dir=gaussian|basis=Z|eta=0,U1-RZ-XY-line|n12|d12|i6,U1-RZ-XY-line,12,1.0,6,gaussian,Z,0.0,96,96,1.0
v2_depth,prespecified depth-onset and saturation study,U1-RZ-XY-line|n12|d48|i6|dir=gaussian|basis=Z|eta=0,U1-RZ-XY-line|n12|d48|i6,U1-RZ-XY-line,12,4.0,6,gaussian,Z,0.0,96,96,1.0
v2_depth,prespecified depth-onset and saturation study,U1-RZ-XY-line|n12|d96|i6|dir=gaussian|basis=Z|eta=0,U1-RZ-XY-line|n12|d96|i6,U1-RZ-XY-line,12,8.0,6,gaussian,Z,0.0,96,96,1.0
v2_depth,prespecified depth-onset and saturation study,RY-RZ-CZ-line|n8|d4|i7|dir=gaussian|basis=Z|eta=0,RY-RZ-CZ-line|n8|d4|i7,RY-RZ-CZ-line,8,0.5,7,gaussian,Z,0.0,96,96,1.0
v2_depth,prespecified depth-onset and saturation study,RY-RZ-CZ-line|n8|d32|i3|dir=gaussian|basis=Z|eta=0,RY-RZ-CZ-line|n8|d32|i3,RY-RZ-CZ-line,8,4.0,3,gaussian,Z,0.0,96,96,1.0
v2_depth,prespecified depth-onset and saturation study,RY-RZ-CZ-line|n8|d64|i11|dir=gaussian|basis=Z|eta=0,RY-RZ-CZ-line|n8|d64|i11,RY-RZ-CZ-line,8,8.0,11,gaussian,Z,0.0,96,96,1.0
v2_depth,prespecified depth-onset and saturation study,RY-RZ-CZ-line|n12|d24|i7|dir=gaussian|basis=Z|eta=0,RY-RZ-CZ-line|n12|d24|i7,RY-RZ-CZ-line,12,2.0,7,gaussian,Z,0.0,96,96,1.0
v2_depth,prespecified depth-onset and saturation study,RY-RZ-CZ-line|n12|d96|i3|dir=gaussian|basis=Z|eta=0,RY-RZ-CZ-line|n12|d96|i3,RY-RZ-CZ-line,12,8.0,3,gaussian,Z,0.0,96,96,1.0
v2_depth,prespecified depth-onset and saturation study,SU2-CNOT-line|n8|d8|i11|dir=gaussian|basis=Z|eta=0,SU2-CNOT-line|n8|d8|i11,SU2-CNOT-line,8,1.0,11,gaussian,Z,0.0,96,96,1.0
v2_depth,prespecified depth-onset and saturation study,SU2-CNOT-line|n8|d48|i7|dir=gaussian|basis=Z|eta=0,SU2-CNOT-line|n8|d48|i7,SU2-CNOT-line,8,6.0,7,gaussian,Z,0.0,96,96,1.0
v2_depth,prespecified depth-onset and saturation study,SU2-CNOT-line|n12|d12|i3|dir=gaussian|basis=Z|eta=0,SU2-CNOT-line|n12|d12|i3,SU2-CNOT-line,12,1.0,3,gaussian,Z,0.0,96,96,1.0
v2_depth,prespecified depth-onset and saturation study,SU2-CNOT-line|n12|d48|i11|dir=gaussian|basis=Z|eta=0,SU2-CNOT-line|n12|d48|i11,SU2-CNOT-line,12,4.0,11,gaussian,Z,0.0,96,96,1.0
v2_depth,prespecified depth-onset and saturation study,SU2-HaarU4-brickwork|n8|d4|i7|dir=gaussian|basis=Z|eta=0,SU2-HaarU4-brickwork|n8|d4|i7,SU2-HaarU4-brickwork,8,0.5,7,gaussian,Z,0.0,96,96,1.0
v2_depth,prespecified depth-onset and saturation study,SU2-HaarU4-brickwork|n8|d32|i3|dir=gaussian|basis=Z|eta=0,SU2-HaarU4-brickwork|n8|d32|i3,SU2-HaarU4-brickwork,8,4.0,3,gaussian,Z,0.0,96,96,1.0
v2_depth,prespecified depth-onset and saturation study,SU2-HaarU4-brickwork|n8|d64|i11|dir=gaussian|basis=Z|eta=0,SU2-HaarU4-brickwork|n8|d64|i11,SU2-HaarU4-brickwork,8,8.0,11,gaussian,Z,0.0,96,96,1.0
v2_depth,prespecified depth-onset and saturation study,SU2-HaarU4-brickwork|n12|d24|i7|dir=gaussian|basis=Z|eta=0,SU2-HaarU4-brickwork|n12|d24|i7,SU2-HaarU4-brickwork,12,2.0,7,gaussian,Z,0.0,96,96,1.0
v2_depth,prespecified depth-onset and saturation study,SU2-HaarU4-brickwork|n12|d96|i3|dir=gaussian|basis=Z|eta=0,SU2-HaarU4-brickwork|n12|d96|i3,SU2-HaarU4-brickwork,12,8.0,3,gaussian,Z,0.0,96,96,1.0
v2_depth,prespecified depth-onset and saturation study,U1-RZ-XY-line|n8|d8|i7|dir=gaussian|basis=Z|eta=0,U1-RZ-XY-line|n8|d8|i7,U1-RZ-XY-line,8,1.0,7,gaussian,Z,0.0,96,96,1.0
v2_depth,prespecified depth-onset and saturation study,U1-RZ-XY-line|n8|d32|i7|dir=gaussian|basis=Z|eta=0,U1-RZ-XY-line|n8|d32|i7,U1-RZ-XY-line,8,4.0,7,gaussian,Z,0.0,96,96,1.0
v2_depth,prespecified depth-onset and saturation study,U1-RZ-XY-line|n8|d64|i7|dir=gaussian|basis=Z|eta=0,U1-RZ-XY-line|n8|d64|i7,U1-RZ-XY-line,8,8.0,7,gaussian,Z,0.0,96,96,1.0
v2_depth,prespecified depth-onset and saturation study,U1-RZ-XY-line|n12|d12|i7|dir=gaussian|basis=Z|eta=0,U1-RZ-XY-line|n12|d12|i7,U1-RZ-XY-line,12,1.0,7,gaussian,Z,0.0,96,96,1.0
v2_depth,prespecified depth-onset and saturation study,U1-RZ-XY-line|n12|d48|i7|dir=gaussian|basis=Z|eta=0,U1-RZ-XY-line|n12|d48|i7,U1-RZ-XY-line,12,4.0,7,gaussian,Z,0.0,96,96,1.0
v2_depth,prespecified depth-onset and saturation study,U1-RZ-XY-line|n12|d96|i7|dir=gaussian|basis=Z|eta=0,U1-RZ-XY-line|n12|d96|i7,U1-RZ-XY-line,12,8.0,7,gaussian,Z,0.0,96,96,1.0
v2_depth,prespecified depth-onset and saturation study,RY-RZ-CZ-line|n8|d4|i8|dir=gaussian|basis=Z|eta=0,RY-RZ-CZ-line|n8|d4|i8,RY-RZ-CZ-line,8,0.5,8,gaussian,Z,0.0,96,96,1.0
v2_depth,prespecified depth-onset and saturation study,RY-RZ-CZ-line|n8|d32|i4|dir=gaussian|basis=Z|eta=0,RY-RZ-CZ-line|n8|d32|i4,RY-RZ-CZ-line,8,4.0,4,gaussian,Z,0.0,96,96,1.0
v2_depth,prespecified depth-onset and saturation study,RY-RZ-CZ-line|n12|d6|i0|dir=gaussian|basis=Z|eta=0,RY-RZ-CZ-line|n12|d6|i0,RY-RZ-CZ-line,12,0.5,0,gaussian,Z,0.0,96,96,1.0
v2_depth,prespecified depth-onset and saturation study,RY-RZ-CZ-line|n12|d24|i8|dir=gaussian|basis=Z|eta=0,RY-RZ-CZ-line|n12|d24|i8,RY-RZ-CZ-line,12,2.0,8,gaussian,Z,0.0,96,96,1.0
v2_depth,prespecified depth-onset and saturation study,RY-RZ-CZ-line|n12|d96|i4|dir=gaussian|basis=Z|eta=0,RY-RZ-CZ-line|n12|d96|i4,RY-RZ-CZ-line,12,8.0,4,gaussian,Z,0.0,96,96,1.0
v2_depth,prespecified depth-onset and saturation study,SU2-CNOT-line|n8|d16|i0|dir=gaussian|basis=Z|eta=0,SU2-CNOT-line|n8|d16|i0,SU2-CNOT-line,8,2.0,0,gaussian,Z,0.0,96,96,1.0
v2_depth,prespecified depth-onset and saturation study,SU2-CNOT-line|n8|d48|i8|dir=gaussian|basis=Z|eta=0,SU2-CNOT-line|n8|d48|i8,SU2-CNOT-line,8,6.0,8,gaussian,Z,0.0,96,96,1.0
v2_depth,prespecified depth-onset and saturation study,SU2-CNOT-line|n12|d12|i4|dir=gaussian|basis=Z|eta=0,SU2-CNOT-line|n12|d12|i4,SU2-CNOT-line,12,1.0,4,gaussian,Z,0.0,96,96,1.0
v2_depth,prespecified depth-onset and saturation study,SU2-CNOT-line|n12|d72|i0|dir=gaussian|basis=Z|eta=0,SU2-CNOT-line|n12|d72|i0,SU2-CNOT-line,12,6.0,0,gaussian,Z,0.0,96,96,1.0
v2_depth,prespecified depth-onset and saturation study,SU2-HaarU4-brickwork|n8|d4|i8|dir=gaussian|basis=Z|eta=0,SU2-HaarU4-brickwork|n8|d4|i8,SU2-HaarU4-brickwork,8,0.5,8,gaussian,Z,0.0,96,96,1.0
v2_depth,prespecified depth-onset and saturation study,SU2-HaarU4-brickwork|n8|d32|i4|dir=gaussian|basis=Z|eta=0,SU2-HaarU4-brickwork|n8|d32|i4,SU2-HaarU4-brickwork,8,4.0,4,gaussian,Z,0.0,96,96,1.0
v2_depth,prespecified depth-onset and saturation study,SU2-HaarU4-brickwork|n12|d6|i0|dir=gaussian|basis=Z|eta=0,SU2-HaarU4-brickwork|n12|d6|i0,SU2-HaarU4-brickwork,12,0.5,0,gaussian,Z,0.0,96,96,1.0
v2_depth,prespecified depth-onset and saturation study,SU2-HaarU4-brickwork|n12|d24|i8|dir=gaussian|basis=Z|eta=0,SU2-HaarU4-brickwork|n12|d24|i8,SU2-HaarU4-brickwork,12,2.0,8,gaussian,Z,0.0,96,96,1.0
v2_depth,prespecified depth-onset and saturation study,SU2-HaarU4-brickwork|n12|d96|i4|dir=gaussian|basis=Z|eta=0,SU2-HaarU4-brickwork|n12|d96|i4,SU2-HaarU4-brickwork,12,8.0,4,gaussian,Z,0.0,96,96,1.0
v2_depth,prespecified depth-onset and saturation study,U1-RZ-XY-line|n8|d8|i8|dir=gaussian|basis=Z|eta=0,U1-RZ-XY-line|n8|d8|i8,U1-RZ-XY-line,8,1.0,8,gaussian,Z,0.0,96,96,1.0
v2_depth,prespecified depth-onset and saturation study,U1-RZ-XY-line|n8|d32|i8|dir=gaussian|basis=Z|eta=0,U1-RZ-XY-line|n8|d32|i8,U1-RZ-XY-line,8,4.0,8,gaussian,Z,0.0,96,96,1.0
v2_depth,prespecified depth-onset and saturation study,U1-RZ-XY-line|n8|d64|i8|dir=gaussian|basis=Z|eta=0,U1-RZ-XY-line|n8|d64|i8,U1-RZ-XY-line,8,8.0,8,gaussian,Z,0.0,96,96,1.0
v2_depth,prespecified depth-onset and saturation study,U1-RZ-XY-line|n12|d12|i8|dir=gaussian|basis=Z|eta=0,U1-RZ-XY-line|n12|d12|i8,U1-RZ-XY-line,12,1.0,8,gaussian,Z,0.0,96,96,1.0
v2_depth,prespecified depth-onset and saturation study,U1-RZ-XY-line|n12|d48|i8|dir=gaussian|basis=Z|eta=0,U1-RZ-XY-line|n12|d48|i8,U1-RZ-XY-line,12,4.0,8,gaussian,Z,0.0,96,96,1.0
v2_depth,prespecified depth-onset and saturation study,U1-RZ-XY-line|n12|d96|i8|dir=gaussian|basis=Z|eta=0,U1-RZ-XY-line|n12|d96|i8,U1-RZ-XY-line,12,8.0,8,gaussian,Z,0.0,96,96,1.0
v2_depth,prespecified depth-onset and saturation study,RY-RZ-CZ-line|n8|d4|i9|dir=gaussian|basis=Z|eta=0,RY-RZ-CZ-line|n8|d4|i9,RY-RZ-CZ-line,8,0.5,9,gaussian,Z,0.0,96,96,1.0
v2_depth,prespecified depth-onset and saturation study,RY-RZ-CZ-line|n8|d32|i5|dir=gaussian|basis=Z|eta=0,RY-RZ-CZ-line|n8|d32|i5,RY-RZ-CZ-line,8,4.0,5,gaussian,Z,0.0,96,96,1.0
v2_depth,prespecified depth-onset and saturation study,RY-RZ-CZ-line|n12|d6|i1|dir=gaussian|basis=Z|eta=0,RY-RZ-CZ-line|n12|d6|i1,RY-RZ-CZ-line,12,0.5,1,gaussian,Z,0.0,96,96,1.0
v2_depth,prespecified depth-onset and saturation study,RY-RZ-CZ-line|n12|d24|i9|dir=gaussian|basis=Z|eta=0,RY-RZ-CZ-line|n12|d24|i9,RY-RZ-CZ-line,12,2.0,9,gaussian,Z,0.0,96,96,1.0
v2_depth,prespecified depth-onset and saturation study,RY-RZ-CZ-line|n12|d96|i5|dir=gaussian|basis=Z|eta=0,RY-RZ-CZ-line|n12|d96|i5,RY-RZ-CZ-line,12,8.0,5,gaussian,Z,0.0,96,96,1.0
v2_depth,prespecified depth-onset and saturation study,SU2-CNOT-line|n8|d16|i1|dir=gaussian|basis=Z|eta=0,SU2-CNOT-line|n8|d16|i1,SU2-CNOT-line,8,2.0,1,gaussian,Z,0.0,96,96,1.0
v2_depth,prespecified depth-onset and saturation study,SU2-CNOT-line|n8|d48|i9|dir=gaussian|basis=Z|eta=0,SU2-CNOT-line|n8|d48|i9,SU2-CNOT-line,8,6.0,9,gaussian,Z,0.0,96,96,1.0
v2_depth,prespecified depth-onset and saturation study,SU2-CNOT-line|n12|d12|i5|dir=gaussian|basis=Z|eta=0,SU2-CNOT-line|n12|d12|i5,SU2-CNOT-line,12,1.0,5,gaussian,Z,0.0,96,96,1.0
v2_depth,prespecified depth-onset and saturation study,SU2-CNOT-line|n12|d72|i1|dir=gaussian|basis=Z|eta=0,SU2-CNOT-line|n12|d72|i1,SU2-CNOT-line,12,6.0,1,gaussian,Z,0.0,96,96,1.0
v2_depth,prespecified depth-onset and saturation study,SU2-HaarU4-brickwork|n8|d4|i9|dir=gaussian|basis=Z|eta=0,SU2-HaarU4-brickwork|n8|d4|i9,SU2-HaarU4-brickwork,8,0.5,9,gaussian,Z,0.0,96,96,1.0
v2_depth,prespecified depth-onset and saturation study,SU2-HaarU4-brickwork|n8|d32|i5|dir=gaussian|basis=Z|eta=0,SU2-HaarU4-brickwork|n8|d32|i5,SU2-HaarU4-brickwork,8,4.0,5,gaussian,Z,0.0,96,96,1.0
v2_depth,prespecified depth-onset and saturation study,SU2-HaarU4-brickwork|n12|d6|i1|dir=gaussian|basis=Z|eta=0,SU2-HaarU4-brickwork|n12|d6|i1,SU2-HaarU4-brickwork,12,0.5,1,gaussian,Z,0.0,96,96,1.0
v2_depth,prespecified depth-onset and saturation study,SU2-HaarU4-brickwork|n12|d24|i9|dir=gaussian|basis=Z|eta=0,SU2-HaarU4-brickwork|n12|d24|i9,SU2-HaarU4-brickwork,12,2.0,9,gaussian,Z,0.0,96,96,1.0
v2_depth,prespecified depth-onset and saturation study,SU2-HaarU4-brickwork|n12|d96|i5|dir=gaussian|basis=Z|eta=0,SU2-HaarU4-brickwork|n12|d96|i5,SU2-HaarU4-brickwork,12,8.0,5,gaussian,Z,0.0,96,96,1.0
v2_depth,prespecified depth-onset and saturation study,U1-RZ-XY-line|n8|d8|i9|dir=gaussian|basis=Z|eta=0,U1-RZ-XY-line|n8|d8|i9,U1-RZ-XY-line,8,1.0,9,gaussian,Z,0.0,96,96,1.0
v2_depth,prespecified depth-onset and saturation study,U1-RZ-XY-line|n8|d32|i9|dir=gaussian|basis=Z|eta=0,U1-RZ-XY-line|n8|d32|i9,U1-RZ-XY-line,8,4.0,9,gaussian,Z,0.0,96,96,1.0
v2_depth,prespecified depth-onset and saturation study,U1-RZ-XY-line|n8|d64|i9|dir=gaussian|basis=Z|eta=0,U1-RZ-XY-line|n8|d64|i9,U1-RZ-XY-line,8,8.0,9,gaussian,Z,0.0,96,96,1.0
v2_depth,prespecified depth-onset and saturation study,U1-RZ-XY-line|n12|d12|i9|dir=gaussian|basis=Z|eta=0,U1-RZ-XY-line|n12|d12|i9,U1-RZ-XY-line,12,1.0,9,gaussian,Z,0.0,96,96,1.0
v2_depth,prespecified depth-onset and saturation study,U1-RZ-XY-line|n12|d48|i9|dir=gaussian|basis=Z|eta=0,U1-RZ-XY-line|n12|d48|i9,U1-RZ-XY-line,12,4.0,9,gaussian,Z,0.0,96,96,1.0
v2_depth,prespecified depth-onset and saturation study,U1-RZ-XY-line|n12|d96|i9|dir=gaussian|basis=Z|eta=0,U1-RZ-XY-line|n12|d96|i9,U1-RZ-XY-line,12,8.0,9,gaussian,Z,0.0,96,96,1.0
