profile,job_id,circuit_id,tangent_count_used,eigen_index,eigenvalue
v2_spectrum,SU2-CNOT-line|n10|d60|i4|dir=gaussian|basis=Z|eta=0,SU2-CNOT-line|n10|d60|i4,512,1,0.00937232646504146
v2_spectrum,SU2-CNOT-line|n10|d60|i4|dir=gaussian|basis=Z|eta=0,SU2-CNOT-line|n10|d60|i4,512,2,0.009215549148621962
v2_spectrum,SU2-CNOT-line|n10|d60|i4|dir=gaussian|basis=Z|eta=0,SU2-CNOT-line|n10|d60|i4,512,3,0.008825743690294343
v2_spectrum,SU2-CNOT-line|n10|d60|i4|dir=gaussian|basis=Z|eta=0,SU2-CNOT-line|n10|d60|i4,512,4,0.008613810767922385
v2_spectrum,SU2-CNOT-line|n10|d60|i4|dir=gaussian|basis=Z|eta=0,SU2-CNOT-line|n10|d60|i4,512,5,0.00843895486672416
v2_spectrum,SU2-CNOT-line|n10|d60|i4|dir=gaussian|basis=Z|eta=0,SU2-CNOT-line|n10|d60|i4,512,6,0.008326700966241881
v2_spectrum,SU2-CNOT-line|n10|d60|i4|dir=gaussian|basis=Z|eta=0,SU2-CNOT-line|n10|d60|i4,512,7,0.008253547931537682
v2_spectrum,SU2-CNOT-line|n10|d60|i4|dir=gaussian|basis=Z|eta=0,SU2-CNOT-line|n10|d60|i4,512,8,0.008205459441650164
v2_spectrum,SU2-CNOT-line|n10|d60|i4|dir=gaussian|basis=Z|eta=0,SU2-CNOT-line|n10|d60|i4,512,9,0.008045903611158853
v2_spectrum,SU2-CNOT-line|n10|d60|i4|dir=gaussian|basis=Z|eta=0,SU2-CNOT-line|n10|d60|i4,512,10,0.007899622922635248
v2_spectrum,SU2-CNOT-line|n10|d60|i4|dir=gaussian|basis=Z|eta=0,SU2-CNOT-line|n10|d60|i4,512,11,0.007759836316459824
v2_spectrum,SU2-CNOT-line|n10|d60|i4|dir=gaussian|basis=Z|eta=0,SU2-CNOT-line|n10|d60|i4,512,12,0.007638750791727507
v2_spectrum,SU2-CNOT-line|n10|d60|i4|dir=gaussian|basis=Z|eta=0,SU2-CNOT-line|n10|d60|i4,512,13,0.0075755288542421065
v2_spectrum,SU2-CNOT-line|n10|d60|i4|dir=gaussian|basis=Z|eta=0,SU2-CNOT-line|n10|d60|i4,512,14,0.007458575552667254
v2_spectrum,SU2-CNOT-line|n10|d60|i4|dir=gaussian|basis=Z|eta=0,SU2-CNOT-line|n10|d60|i4,512,15,0.007422458761376008
v2_spectrum,SU2-CNOT-line|n10|d60|i4|dir=gaussian|basis=Z|eta=0,SU2-CNOT-line|n10|d60|i4,512,16,0.007385721594038998
v2_spectrum,SU2-CNOT-line|n10|d60|i4|dir=gaussian|basis=Z|eta=0,SU2-CNOT-line|n10|d60|i4,512,17,0.007181770895506995
v2_spectrum,SU2-CNOT-line|n10|d60|i4|dir=gaussian|basis=Z|eta=0,SU2-CNOT-line|n10|d60|i4,512,18,0.00709385974549394
v2_spectrum,SU2-CNOT-line|n10|d60|i4|dir=gaussian|basis=Z|eta=0,SU2-CNOT-line|n10|d60|i4,512,19,0.0070531325279299725
v2_spectrum,SU2-CNOT-line|n10|d60|i4|dir=gaussian|basis=Z|eta=0,SU2-CNOT-line|n10|d60|i4,512,20,0.006950921926301581
v2_spectrum,SU2-CNOT-line|n10|d60|i4|dir=gaussian|basis=Z|eta=0,SU2-CNOT-line|n10|d60|i4,512,21,0.006888616830717581
v2_spectrum,SU2-CNOT-line|n10|d60|i4|dir=gaussian|basis=Z|eta=0,SU2-CNOT-line|n10|d60|i4,512,22,0.006739724364400488
v2_spectrum,SU2-CNOT-line|n10|d60|i4|dir=gaussian|basis=Z|eta=0,SU2-CNOT-line|n10|d60|i4,512,23,0.00672661864152366
v2_spectrum,SU2-CNOT-line|n10|d60|i4|dir=gaussian|basis=Z|eta=0,SU2-CNOT-line|n10|d60|i4,512,24,0.0066290862962693825
v2_spectrum,SU2-CNOT-line|n10|d60|i4|dir=gaussian|basis=Z|eta=0,SU2-CNOT-line|n10|d60|i4,512,25,0.006493524807284384
v2_spectrum,SU2-CNOT-line|n10|d60|i4|dir=gaussian|basis=Z|eta=0,SU2-CNOT-line|n10|d60|i4,512,26,0.00647165506807129
v2_spectrum,SU2-CNOT-line|n10|d60|i4|dir=gaussian|basis=Z|eta=0,SU2-CNOT-line|n10|d60|i4,512,27,0.00641847397297285
v2_spectrum,SU2-CNOT-line|n10|d60|i4|dir=gaussian|basis=Z|eta=0,SU2-CNOT-line|n10|d60|i4,512,28,0.006340641960822988
v2_spectrum,SU2-CNOT-line|n10|d60|i4|dir=gaussian|basis=Z|eta=0,SU2-CNOT-line|n10|d60|i4,512,29,0.006281728370310151
v2_spectrum,SU2-CNOT-line|n10|d60|i4|dir=gaussian|basis=Z|eta=0,SU2-CNOT-line|n10|d60|i4,512,30,0.00618079070505143
v2_spectrum,SU2-CNOT-line|n10|d60|i4|dir=gaussian|basis=Z|eta=0,SU2-CNOT-line|n10|d60|i4,512,31,0.0061425703389073605
v2_spectrum,SU2-CNOT-line|n10|d60|i4|dir=gaussian|basis=Z|eta=0,SU2-CNOT-line|n10|d60|i4,512,32,0.006086296378496737
v2_spectrum,SU2-CNOT-line|n10|d60|i4|dir=gaussian|basis=Z|eta=0,SU2-CNOT-line|n10|d60|i4,512,33,0.006016455332007224
v2_spectrum,SU2-CNOT-line|n10|d60|i4|dir=gaussian|basis=Z|eta=0,SU2-CNOT-line|n10|d60|i4,512,34,0.0059950978959953235
v2_spectrum,SU2-CNOT-line|n10|d60|i4|dir=gaussian|basis=Z|eta=0,SU2-CNOT-line|n10|d60|i4,512,35,0.005942859613800227
v2_spectrum,SU2-CNOT-line|n10|d60|i4|dir=gaussian|basis=Z|eta=0,SU2-CNOT-line|n10|d60|i4,512,36,0.005868204883795419
v2_spectrum,SU2-CNOT-line|n10|d60|i4|dir=gaussian|basis=Z|eta=0,SU2-CNOT-line|n10|d60|i4,512,37,0.0057898459850734985
v2_spectrum,SU2-CNOT-line|n10|d60|i4|dir=gaussian|basis=Z|eta=0,SU2-CNOT-line|n10|d60|i4,512,38,0.005721549398031442
v2_spectrum,SU2-CNOT-line|n10|d60|i4|dir=gaussian|basis=Z|eta=0,SU2-CNOT-line|n10|d60|i4,512,39,0.005695954672293698
v2_spectrum,SU2-CNOT-line|n10|d60|i4|dir=gaussian|basis=Z|eta=0,SU2-CNOT-line|n10|d60|i4,512,40,0.005626954326646232
v2_spectrum,SU2-CNOT-line|n10|d60|i4|dir=gaussian|basis=Z|eta=0,SU2-CNOT-line|n10|d60|i4,512,41,0.005604628283205624
v2_spectrum,SU2-CNOT-line|n10|d60|i4|dir=gaussian|basis=Z|eta=0,SU2-CNOT-line|n10|d60|i4,512,42,0.0055485602462926635
v2_spectrum,SU2-CNOT-line|n10|d60|i4|dir=gaussian|basis=Z|eta=0,SU2-CNOT-line|n10|d60|i4,512,43,0.005516979469430511
v2_spectrum,SU2-CNOT-line|n10|d60|i4|dir=gaussian|basis=Z|eta=0,SU2-CNOT-line|n10|d60|i4,512,44,0.0054244763279923175
v2_spectrum,SU2-CNOT-line|n10|d60|i4|dir=gaussian|basis=Z|eta=0,SU2-CNOT-line|n10|d60|i4,512,45,0.0054207965744981
v2_spectrum,SU2-CNOT-line|n10|d60|i4|dir=gaussian|basis=Z|eta=0,SU2-CNOT-line|n10|d60|i4,512,46,0.005366429341186217
v2_spectrum,SU2-CNOT-line|n10|d60|i4|dir=gaussian|basis=Z|eta=0,SU2-CNOT-line|n10|d60|i4,512,47,0.005317607884764005
v2_spectrum,SU2-CNOT-line|n10|d60|i4|dir=gaussian|basis=Z|eta=0,SU2-CNOT-line|n10|d60|i4,512,48,0.005278235430201597
v2_spectrum,SU2-CNOT-line|n10|d60|i4|dir=gaussian|basis=Z|eta=0,SU2-CNOT-line|n10|d60|i4,512,49,0.005218691908608419
v2_spectrum,SU2-CNOT-line|n10|d60|i4|dir=gaussian|basis=Z|eta=0,SU2-CNOT-line|n10|d60|i4,512,50,0.005165049338540696
v2_spectrum,SU2-CNOT-line|n10|d60|i4|dir=gaussian|basis=Z|eta=0,SU2-CNOT-line|n10|d60|i4,512,51,0.005141223026382638
v2_spectrum,SU2-CNOT-line|n10|d60|i4|dir=gaussian|basis=Z|eta=0,SU2-CNOT-line|n10|d60|i4,512,52,0.005109261478070275
v2_spectrum,SU2-CNOT-line|n10|d60|i4|dir=gaussian|basis=Z|eta=0,SU2-CNOT-line|n10|d60|i4,512,53,0.005070374576298836
v2_spectrum,SU2-CNOT-line|n10|d60|i4|dir=gaussian|basis=Z|eta=0,SU2-CNOT-line|n10|d60|i4,512,54,0.005031948976553532
v2_spectrum,SU2-CNOT-line|n10|d60|i4|dir=gaussian|basis=Z|eta=0,SU2-CNOT-line|n10|d60|i4,512,55,0.0049873861223149124
v2_spectrum,SU2-CNOT-line|n10|d60|i4|dir=gaussian|basis=Z|eta=0,SU2-CNOT-line|n10|d60|i4,512,56,0.004975718499740449
v2_spectrum,SU2-CNOT-line|n10|d60|i4|dir=gaussian|basis=Z|eta=0,SU2-CNOT-line|n10|d60|i4,512,57,0.004919830590685287
v2_spectrum,SU2-CNOT-line|n10|d60|i4|dir=gaussian|basis=Z|eta=0,SU2-CNOT-line|n10|d60|i4,512,58,0.004844378862702223
v2_spectrum,SU2-CNOT-line|n10|d60|i4|dir=gaussian|basis=Z|eta=0,SU2-CNOT-line|n10|d60|i4,512,59,0.004772290666665946
v2_spectrum,SU2-CNOT-line|n10|d60|i4|dir=gaussian|basis=Z|eta=0,SU2-CNOT-line|n10|d60|i4,512,60,0.004732249478682668
v2_spectrum,SU2-CNOT-line|n10|d60|i4|dir=gaussian|basis=Z|eta=0,SU2-CNOT-line|n10|d60|i4,512,61,0.004705797431097244
v2_spectrum,SU2-CNOT-line|n10|d60|i4|dir=gaussian|basis=Z|eta=0,SU2-CNOT-line|n10|d60|i4,512,62,0.0046753544821027775
v2_spectrum,SU2-CNOT-line|n10|d60|i4|dir=gaussian|basis=Z|eta=0,SU2-CNOT-line|n10|d60|i4,512,63,0.004636675824862603
v2_spectrum,SU2-CNOT-line|n10|d60|i4|dir=gaussian|basis=Z|eta=0,SU2-CNOT-line|n10|d60|i4,512,64,0.004583934921248064
v2_spectrum,SU2-CNOT-line|n10|d60|i4|dir=gaussian|basis=Z|eta=0,SU2-CNOT-line|n10|d60|i4,512,65,0.004566825370665323
v2_spectrum,SU2-CNOT-line|n10|d60|i4|dir=gaussian|basis=Z|eta=0,SU2-CNOT-line|n10|d60|i4,512,66,0.004532527165975788
v2_spectrum,SU2-CNOT-line|n10|d60|i4|dir=gaussian|basis=Z|eta=0,SU2-CNOT-line|n10|d60|i4,512,67,0.004503701130643671
v2_spectrum,SU2-CNOT-line|n10|d60|i4|dir=gaussian|basis=Z|eta=0,SU2-CNOT-line|n10|d60|i4,512,68,0.004457060760003217
v2_spectrum,SU2-CNOT-line|n10|d60|i4|dir=gaussian|basis=Z|eta=0,SU2-CNOT-line|n10|d60|i4,512,69,0.004441917257532693
v2_spectrum,SU2-CNOT-line|n10|d60|i4|dir=gaussian|basis=Z|eta=0,SU2-CNOT-line|n10|d60|i4,512,70,0.004401728327952626
v2_spectrum,SU2-CNOT-line|n10|d60|i4|dir=gaussian|basis=Z|eta=0,SU2-CNOT-line|n10|d60|i4,512,71,0.004351499565447214
v2_spectrum,SU2-CNOT-line|n10|d60|i4|dir=gaussian|basis=Z|eta=0,SU2-CNOT-line|n10|d60|i4,512,72,0.00432385373758465
v2_spectrum,SU2-CNOT-line|n10|d60|i4|dir=gaussian|basis=Z|eta=0,SU2-CNOT-line|n10|d60|i4,512,73,0.004280791948247631
v2_spectrum,SU2-CNOT-line|n10|d60|i4|dir=gaussian|basis=Z|eta=0,SU2-CNOT-line|n10|d60|i4,512,74,0.004232519123187879
v2_spectrum,SU2-CNOT-line|n10|d60|i4|dir=gaussian|basis=Z|eta=0,SU2-CNOT-line|n10|d60|i4,512,75,0.004222743351987886
v2_spectrum,SU2-CNOT-line|n10|d60|i4|dir=gaussian|basis=Z|eta=0,SU2-CNOT-line|n10|d60|i4,512,76,0.004195324905736049
v2_spectrum,SU2-CNOT-line|n10|d60|i4|dir=gaussian|basis=Z|eta=0,SU2-CNOT-line|n10|d60|i4,512,77,0.004160064435664187
v2_spectrum,SU2-CNOT-line|n10|d60|i4|dir=gaussian|basis=Z|eta=0,SU2-CNOT-line|n10|d60|i4,512,78,0.004117857535379854
v2_spectrum,SU2-CNOT-line|n10|d60|i4|dir=gaussian|basis=Z|eta=0,SU2-CNOT-line|n10|d60|i4,512,79,0.004069729941906224
v2_spectrum,SU2-CNOT-line|n10|d60|i4|dir=gaussian|basis=Z|eta=0,SU2-CNOT-line|n10|d60|i4,512,80,0.004011053528581102
v2_spectrum,SU2-CNOT-line|n10|d60|i4|dir=gaussian|basis=Z|eta=0,SU2-CNOT-line|n10|d60|i4,512,81,0.004004062562855783
v2_spectrum,SU2-CNOT-line|n10|d60|i4|dir=gaussian|basis=Z|eta=0,SU2-CNOT-line|n10|d60|i4,512,82,0.0039583834825790715
v2_spectrum,SU2-CNOT-line|n10|d60|i4|dir=gaussian|basis=Z|eta=0,SU2-CNOT-line|n10|d60|i4,512,83,0.003913071380338103
v2_spectrum,SU2-CNOT-line|n10|d60|i4|dir=gaussian|basis=Z|eta=0,SU2-CNOT-line|n10|d60|i4,512,84,0.0038905166680914126
v2_spectrum,SU2-CNOT-line|n10|d60|i4|dir=gaussian|basis=Z|eta=0,SU2-CNOT-line|n10|d60|i4,512,85,0.0038804584846609887
v2_spectrum,SU2-CNOT-line|n10|d60|i4|dir=gaussian|basis=Z|eta=0,SU2-CNOT-line|n10|d60|i4,512,86,0.0038360775761038836
v2_spectrum,SU2-CNOT-line|n10|d60|i4|dir=gaussian|basis=Z|eta=0,SU2-CNOT-line|n10|d60|i4,512,87,0.0038128118623701446
v2_spectrum,SU2-CNOT-line|n10|d60|i4|dir=gaussian|basis=Z|eta=0,SU2-CNOT-line|n10|d60|i4,512,88,0.003778410592757354
v2_spectrum,SU2-CNOT-line|n10|d60|i4|dir=gaussian|basis=Z|eta=0,SU2-CNOT-line|n10|d60|i4,512,89,0.0037637258316920975
v2_spectrum,SU2-CNOT-line|n10|d60|i4|dir=gaussian|basis=Z|eta=0,SU2-CNOT-line|n10|d60|i4,512,90,0.003729128232518844
v2_spectrum,SU2-CNOT-line|n10|d60|i4|dir=gaussian|basis=Z|eta=0,SU2-CNOT-line|n10|d60|i4,512,91,0.0036937734829337876
v2_spectrum,SU2-CNOT-line|n10|d60|i4|dir=gaussian|basis=Z|eta=0,SU2-CNOT-line|n10|d60|i4,512,92,0.003688797061401087
v2_spectrum,SU2-CNOT-line|n10|d60|i4|dir=gaussian|basis=Z|eta=0,SU2-CNOT-line|n10|d60|i4,512,93,0.0036441869376428655
v2_spectrum,SU2-CNOT-line|n10|d60|i4|dir=gaussian|basis=Z|eta=0,SU2-CNOT-line|n10|d60|i4,512,94,0.0036255414610901846
v2_spectrum,SU2-CNOT-line|n10|d60|i4|dir=gaussian|basis=Z|eta=0,SU2-CNOT-line|n10|d60|i4,512,95,0.0036089078564300924
v2_spectrum,SU2-CNOT-line|n10|d60|i4|dir=gaussian|basis=Z|eta=0,SU2-CNOT-line|n10|d60|i4,512,96,0.0035731888832124465
v2_spectrum,SU2-CNOT-line|n10|d60|i4|dir=gaussian|basis=Z|eta=0,SU2-CNOT-line|n10|d60|i4,512,97,0.0035501808589557754
v2_spectrum,SU2-CNOT-line|n10|d60|i4|dir=gaussian|basis=Z|eta=0,SU2-CNOT-line|n10|d60|i4,512,98,0.0035189438205761817
v2_spectrum,SU2-CNOT-line|n10|d60|i4|dir=gaussian|basis=Z|eta=0,SU2-CNOT-line|n10|d60|i4,512,99,0.003493999618636077
v2_spectrum,SU2-CNOT-line|n10|d60|i4|dir=gaussian|basis=Z|eta=0,SU2-CNOT-line|n10|d60|i4,512,100,0.0034599045290771868
v2_spectrum,SU2-CNOT-line|n10|d60|i4|dir=gaussian|basis=Z|eta=0,SU2-CNOT-line|n10|d60|i4,512,101,0.0034358486724718747
v2_spectrum,SU2-CNOT-line|n10|d60|i4|dir=gaussian|basis=Z|eta=0,SU2-CNOT-line|n10|d60|i4,512,102,0.003396450421513898
v2_spectrum,SU2-CNOT-line|n10|d60|i4|dir=gaussian|basis=Z|eta=0,SU2-CNOT-line|n10|d60|i4,512,103,0.0033876804412937066
v2_spectrum,SU2-CNOT-line|n10|d60|i4|dir=gaussian|basis=Z|eta=0,SU2-CNOT-line|n10|d60|i4,512,104,0.0033750233760574313
v2_spectrum,SU2-CNOT-line|n10|d60|i4|dir=gaussian|basis=Z|eta=0,SU2-CNOT-line|n10|d60|i4,512,105,0.0033586629264664132
v2_spectrum,SU2-CNOT-line|n10|d60|i4|dir=gaussian|basis=Z|eta=0,SU2-CNOT-line|n10|d60|i4,512,106,0.0033361974953650324
v2_spectrum,SU2-CNOT-line|n10|d60|i4|dir=gaussian|basis=Z|eta=0,SU2-CNOT-line|n10|d60|i4,512,107,0.003283515394141527
v2_spectrum,SU2-CNOT-line|n10|d60|i4|dir=gaussian|basis=Z|eta=0,SU2-CNOT-line|n10|d60|i4,512,108,0.0032434177962114455
v2_spectrum,SU2-CNOT-line|n10|d60|i4|dir=gaussian|basis=Z|eta=0,SU2-CNOT-line|n10|d60|i4,512,109,0.0032306575720210486
v2_spectrum,SU2-CNOT-line|n10|d60|i4|dir=gaussian|basis=Z|eta=0,SU2-CNOT-line|n10|d60|i4,512,110,0.003199499941526676
v2_spectrum,SU2-CNOT-line|n10|d60|i4|dir=gaussian|basis=Z|eta=0,SU2-CNOT-line|n10|d60|i4,512,111,0.003182486790642179
v2_spectrum,SU2-CNOT-line|n10|d60|i4|dir=gaussian|basis=Z|eta=0,SU2-CNOT-line|n10|d60|i4,512,112,0.0031692946338872222
v2_spectrum,SU2-CNOT-line|n10|d60|i4|dir=gaussian|basis=Z|eta=0,SU2-CNOT-line|n10|d60|i4,512,113,0.003135433383916478
v2_spectrum,SU2-CNOT-line|n10|d60|i4|dir=gaussian|basis=Z|eta=0,SU2-CNOT-line|n10|d60|i4,512,114,0.003130688980064186
v2_spectrum,SU2-CNOT-line|n10|d60|i4|dir=gaussian|basis=Z|eta=0,SU2-CNOT-line|n10|d60|i4,512,115,0.0031087126707685
v2_spectrum,SU2-CNOT-line|n10|d60|i4|dir=gaussian|basis=Z|eta=0,SU2-CNOT-line|n10|d60|i4,512,116,0.003097118302782605
v2_spectrum,SU2-CNOT-line|n10|d60|i4|dir=gaussian|basis=Z|eta=0,SU2-CNOT-line|n10|d60|i4,512,117,0.003076002171685069
v2_spectrum,SU2-CNOT-line|n10|d60|i4|dir=gaussian|basis=Z|eta=0,SU2-CNOT-line|n10|d60|i4,512,118,0.0030702612035489797
v2_spectrum,SU2-CNOT-line|n10|d60|i4|dir=gaussian|basis=Z|eta=0,SU2-CNOT-line|n10|d60|i4,512,119,0.0030327170044003593
v2_spectrum,SU2-CNOT-line|n10|d60|i4|dir=gaussian|basis=Z|eta=0,SU2-CNOT-line|n10|d60|i4,512,120,0.0030197994920837397
v2_spectrum,SU2-CNOT-line|n10|d60|i4|dir=gaussian|basis=Z|eta=0,SU2-CNOT-line|n10|d60|i4,512,121,0.0029770424264548016
v2_spectrum,SU2-CNOT-line|n10|d60|i4|dir=gaussian|basis=Z|eta=0,SU2-CNOT-line|n10|d60|i4,512,122,0.0029684081960786343
v2_spectrum,SU2-CNOT-line|n10|d60|i4|dir=gaussian|basis=Z|eta=0,SU2-CNOT-line|n10|d60|i4,512,123,0.0029545315221732988
v2_spectrum,SU2-CNOT-line|n10|d60|i4|dir=gaussian|basis=Z|eta=0,SU2-CNOT-line|n10|d60|i4,512,124,0.0029051771183045594
v2_spectrum,SU2-CNOT-line|n10|d60|i4|dir=gaussian|basis=Z|eta=0,SU2-CNOT-line|n10|d60|i4,512,125,0.002897908534914784
v2_spectrum,SU2-CNOT-line|n10|d60|i4|dir=gaussian|basis=Z|eta=0,SU2-CNOT-line|n10|d60|i4,512,126,0.002879874534123926
v2_spectrum,SU2-CNOT-line|n10|d60|i4|dir=gaussian|basis=Z|eta=0,SU2-CNOT-line|n10|d60|i4,512,127,0.002870372275362562
v2_spectrum,SU2-CNOT-line|n10|d60|i4|dir=gaussian|basis=Z|eta=0,SU2-CNOT-line|n10|d60|i4,512,128,0.002831136046570415
v2_spectrum,SU2-CNOT-line|n10|d60|i4|dir=gaussian|basis=Z|eta=0,SU2-CNOT-line|n10|d60|i4,512,129,0.002826260138800208
v2_spectrum,SU2-CNOT-line|n10|d60|i4|dir=gaussian|basis=Z|eta=0,SU2-CNOT-line|n10|d60|i4,512,130,0.002816487614025578
v2_spectrum,SU2-CNOT-line|n10|d60|i4|dir=gaussian|basis=Z|eta=0,SU2-CNOT-line|n10|d60|i4,512,131,0.0028011630885446605
v2_spectrum,SU2-CNOT-line|n10|d60|i4|dir=gaussian|basis=Z|eta=0,SU2-CNOT-line|n10|d60|i4,512,132,0.0027942499554002506
v2_spectrum,SU2-CNOT-line|n10|d60|i4|dir=gaussian|basis=Z|eta=0,SU2-CNOT-line|n10|d60|i4,512,133,0.0027718878849447336
v2_spectrum,SU2-CNOT-line|n10|d60|i4|dir=gaussian|basis=Z|eta=0,SU2-CNOT-line|n10|d60|i4,512,134,0.002717972937327736
v2_spectrum,SU2-CNOT-line|n10|d60|i4|dir=gaussian|basis=Z|eta=0,SU2-CNOT-line|n10|d60|i4,512,135,0.0027141901641389685
v2_spectrum,SU2-CNOT-line|n10|d60|i4|dir=gaussian|basis=Z|eta=0,SU2-CNOT-line|n10|d60|i4,512,136,0.002688571330503191
v2_spectrum,SU2-CNOT-line|n10|d60|i4|dir=gaussian|basis=Z|eta=0,SU2-CNOT-line|n10|d60|i4,512,137,0.002684145617255348
v2_spectrum,SU2-CNOT-line|n10|d60|i4|dir=gaussian|basis=Z|eta=0,SU2-CNOT-line|n10|d60|i4,512,138,0.0026683866299537944
v2_spectrum,SU2-CNOT-line|n10|d60|i4|dir=gaussian|basis=Z|eta=0,SU2-CNOT-line|n10|d60|i4,512,139,0.0026626686299465944
v2_spectrum,SU2-CNOT-line|n10|d60|i4|dir=gaussian|basis=Z|eta=0,SU2-CNOT-line|n10|d60|i4,512,140,0.002612203599888265
v2_spectrum,SU2-CNOT-line|n10|d60|i4|dir=gaussian|basis=Z|eta=0,SU2-CNOT-line|n10|d60|i4,512,141,0.0025763407520566447
v2_spectrum,SU2-CNOT-line|n10|d60|i4|dir=gaussian|basis=Z|eta=0,SU2-CNOT-line|n10|d60|i4,512,142,0.0025598774339411737
v2_spectrum,SU2-CNOT-line|n10|d60|i4|dir=gaussian|basis=Z|eta=0,SU2-CNOT-line|n10|d60|i4,512,143,0.002545862300500754
v2_spectrum,SU2-CNOT-line|n10|d60|i4|dir=gaussian|basis=Z|eta=0,SU2-CNOT-line|n10|d60|i4,512,144,0.0025396974894309225
v2_spectrum,SU2-CNOT-line|n10|d60|i4|dir=gaussian|basis=Z|eta=0,SU2-CNOT-line|n10|d60|i4,512,145,0.002532295088607736
v2_spectrum,SU2-CNOT-line|n10|d60|i4|dir=gaussian|basis=Z|eta=0,SU2-CNOT-line|n10|d60|i4,512,146,0.0025124427833815135
v2_spectrum,SU2-CNOT-line|n10|d60|i4|dir=gaussian|basis=Z|eta=0,SU2-CNOT-line|n10|d60|i4,512,147,0.002493054025864614
v2_spectrum,SU2-CNOT-line|n10|d60|i4|dir=gaussian|basis=Z|eta=0,SU2-CNOT-line|n10|d60|i4,512,148,0.0024631389609312566
v2_spectrum,SU2-CNOT-line|n10|d60|i4|dir=gaussian|basis=Z|eta=0,SU2-CNOT-line|n10|d60|i4,512,149,0.0024622993788079323
v2_spectrum,SU2-CNOT-line|n10|d60|i4|dir=gaussian|basis=Z|eta=0,SU2-CNOT-line|n10|d60|i4,512,150,0.002448520046807068
v2_spectrum,SU2-CNOT-line|n10|d60|i4|dir=gaussian|basis=Z|eta=0,SU2-CNOT-line|n10|d60|i4,512,151,0.0024255913639160045
v2_spectrum,SU2-CNOT-line|n10|d60|i4|dir=gaussian|basis=Z|eta=0,SU2-CNOT-line|n10|d60|i4,512,152,0.0023983864658486155
v2_spectrum,SU2-CNOT-line|n10|d60|i4|dir=gaussian|basis=Z|eta=0,SU2-CNOT-line|n10|d60|i4,512,153,0.0023845093711228997
v2_spectrum,SU2-CNOT-line|n10|d60|i4|dir=gaussian|basis=Z|eta=0,SU2-CNOT-line|n10|d60|i4,512,154,0.0023764313285464756
v2_spectrum,SU2-CNOT-line|n10|d60|i4|dir=gaussian|basis=Z|eta=0,SU2-CNOT-line|n10|d60|i4,512,155,0.002359874845700856
v2_spectrum,SU2-CNOT-line|n10|d60|i4|dir=gaussian|basis=Z|eta=0,SU2-CNOT-line|n10|d60|i4,512,156,0.002340335547204015
v2_spectrum,SU2-CNOT-line|n10|d60|i4|dir=gaussian|basis=Z|eta=0,SU2-CNOT-line|n10|d60|i4,512,157,0.002332760426168197
v2_spectrum,SU2-CNOT-line|n10|d60|i4|dir=gaussian|basis=Z|eta=0,SU2-CNOT-line|n10|d60|i4,512,158,0.0023167363508446825
v2_spectrum,SU2-CNOT-line|n10|d60|i4|dir=gaussian|basis=Z|eta=0,SU2-CNOT-line|n10|d60|i4,512,159,0.002285065558380913
v2_spectrum,SU2-CNOT-line|n10|d60|i4|dir=gaussian|basis=Z|eta=0,SU2-CNOT-line|n10|d60|i4,512,160,0.0022786870006992446
v2_spectrum,SU2-CNOT-line|n10|d60|i4|dir=gaussian|basis=Z|eta=0,SU2-CNOT-line|n10|d60|i4,512,161,0.0022631050972677725
v2_spectrum,SU2-CNOT-line|n10|d60|i4|dir=gaussian|basis=Z|eta=0,SU2-CNOT-line|n10|d60|i4,512,162,0.0022503853342128316
v2_spectrum,SU2-CNOT-line|n10|d60|i4|dir=gaussian|basis=Z|eta=0,SU2-CNOT-line|n10|d60|i4,512,163,0.0022344255897343655
v2_spectrum,SU2-CNOT-line|n10|d60|i4|dir=gaussian|basis=Z|eta=0,SU2-CNOT-line|n10|d60|i4,512,164,0.00221773559183511
v2_spectrum,SU2-CNOT-line|n10|d60|i4|dir=gaussian|basis=Z|eta=0,SU2-CNOT-line|n10|d60|i4,512,165,0.002213295730064267
v2_spectrum,SU2-CNOT-line|n10|d60|i4|dir=gaussian|basis=Z|eta=0,SU2-CNOT-line|n10|d60|i4,512,166,0.0022061741813138224
v2_spectrum,SU2-CNOT-line|n10|d60|i4|dir=gaussian|basis=Z|eta=0,SU2-CNOT-line|n10|d60|i4,512,167,0.0021983259279616534
v2_spectrum,SU2-CNOT-line|n10|d60|i4|dir=gaussian|basis=Z|eta=0,SU2-CNOT-line|n10|d60|i4,512,168,0.002169692887081431
v2_spectrum,SU2-CNOT-line|n10|d60|i4|dir=gaussian|basis=Z|eta=0,SU2-CNOT-line|n10|d60|i4,512,169,0.0021587487953636246
v2_spectrum,SU2-CNOT-line|n10|d60|i4|dir=gaussian|basis=Z|eta=0,SU2-CNOT-line|n10|d60|i4,512,170,0.002137375874639045
v2_spectrum,SU2-CNOT-line|n10|d60|i4|dir=gaussian|basis=Z|eta=0,SU2-CNOT-line|n10|d60|i4,512,171,0.0021160065445649623
v2_spectrum,SU2-CNOT-line|n10|d60|i4|dir=gaussian|basis=Z|eta=0,SU2-CNOT-line|n10|d60|i4,512,172,0.002100925794030266
v2_spectrum,SU2-CNOT-line|n10|d60|i4|dir=gaussian|basis=Z|eta=0,SU2-CNOT-line|n10|d60|i4,512,173,0.0020906988209103794
v2_spectrum,SU2-CNOT-line|n10|d60|i4|dir=gaussian|basis=Z|eta=0,SU2-CNOT-line|n10|d60|i4,512,174,0.0020749654953040064
v2_spectrum,SU2-CNOT-line|n10|d60|i4|dir=gaussian|basis=Z|eta=0,SU2-CNOT-line|n10|d60|i4,512,175,0.002051602126921187
v2_spectrum,SU2-CNOT-line|n10|d60|i4|dir=gaussian|basis=Z|eta=0,SU2-CNOT-line|n10|d60|i4,512,176,0.0020473728424442103
v2_spectrum,SU2-CNOT-line|n10|d60|i4|dir=gaussian|basis=Z|eta=0,SU2-CNOT-line|n10|d60|i4,512,177,0.0020346348087883896
v2_spectrum,SU2-CNOT-line|n10|d60|i4|dir=gaussian|basis=Z|eta=0,SU2-CNOT-line|n10|d60|i4,512,178,0.0020236312140598472
v2_spectrum,SU2-CNOT-line|n10|d60|i4|dir=gaussian|basis=Z|eta=0,SU2-CNOT-line|n10|d60|i4,512,179,0.0019948316155363487
v2_spectrum,SU2-CNOT-line|n10|d60|i4|dir=gaussian|basis=Z|eta=0,SU2-CNOT-line|n10|d60|i4,512,180,0.0019765514721908468
v2_spectrum,SU2-CNOT-line|n10|d60|i4|dir=gaussian|basis=Z|eta=0,SU2-CNOT-line|n10|d60|i4,512,181,0.0019617618856834743
v2_spectrum,SU2-CNOT-line|n10|d60|i4|dir=gaussian|basis=Z|eta=0,SU2-CNOT-line|n10|d60|i4,512,182,0.0019576633194162557
v2_spectrum,SU2-CNOT-line|n10|d60|i4|dir=gaussian|basis=Z|eta=0,SU2-CNOT-line|n10|d60|i4,512,183,0.00195149367624708
v2_spectrum,SU2-CNOT-line|n10|d60|i4|dir=gaussian|basis=Z|eta=0,SU2-CNOT-line|n10|d60|i4,512,184,0.0019364659735449901
v2_spectrum,SU2-CNOT-line|n10|d60|i4|dir=gaussian|basis=Z|eta=0,SU2-CNOT-line|n10|d60|i4,512,185,0.0019066402120146207
v2_spectrum,SU2-CNOT-line|n10|d60|i4|dir=gaussian|basis=Z|eta=0,SU2-CNOT-line|n10|d60|i4,512,186,0.0019041929446919873
v2_spectrum,SU2-CNOT-line|n10|d60|i4|dir=gaussian|basis=Z|eta=0,SU2-CNOT-line|n10|d60|i4,512,187,0.0018948431431868916
v2_spectrum,SU2-CNOT-line|n10|d60|i4|dir=gaussian|basis=Z|eta=0,SU2-CNOT-line|n10|d60|i4,512,188,0.0018825127094861422
v2_spectrum,SU2-CNOT-line|n10|d60|i4|dir=gaussian|basis=Z|eta=0,SU2-CNOT-line|n10|d60|i4,512,189,0.0018645932724308848
v2_spectrum,SU2-CNOT-line|n10|d60|i4|dir=gaussian|basis=Z|eta=0,SU2-CNOT-line|n10|d60|i4,512,190,0.0018518556574174299
v2_spectrum,SU2-CNOT-line|n10|d60|i4|dir=gaussian|basis=Z|eta=0,SU2-CNOT-line|n10|d60|i4,512,191,0.0018380205018727167
v2_spectrum,SU2-CNOT-line|n10|d60|i4|dir=gaussian|basis=Z|eta=0,SU2-CNOT-line|n10|d60|i4,512,192,0.0018175225400978582
v2_spectrum,SU2-CNOT-line|n10|d60|i4|dir=gaussian|basis=Z|eta=0,SU2-CNOT-line|n10|d60|i4,512,193,0.0018129331680659967
v2_spectrum,SU2-CNOT-line|n10|d60|i4|dir=gaussian|basis=Z|eta=0,SU2-CNOT-line|n10|d60|i4,512,194,0.0017951652780988031
v2_spectrum,SU2-CNOT-line|n10|d60|i4|dir=gaussian|basis=Z|eta=0,SU2-CNOT-line|n10|d60|i4,512,195,0.0017688929678184933
v2_spectrum,SU2-CNOT-line|n10|d60|i4|dir=gaussian|basis=Z|eta=0,SU2-CNOT-line|n10|d60|i4,512,196,0.001764581783172243
v2_spectrum,SU2-CNOT-line|n10|d60|i4|dir=gaussian|basis=Z|eta=0,SU2-CNOT-line|n10|d60|i4,512,197,0.0017590915372879587
v2_spectrum,SU2-CNOT-line|n10|d60|i4|dir=gaussian|basis=Z|eta=0,SU2-CNOT-line|n10|d60|i4,512,198,0.0017525929044375792
v2_spectrum,SU2-CNOT-line|n10|d60|i4|dir=gaussian|basis=Z|eta=0,SU2-CNOT-line|n10|d60|i4,512,199,0.0017391274103406877
v2_spectrum,SU2-CNOT-line|n10|d60|i4|dir=gaussian|basis=Z|eta=0,SU2-CNOT-line|n10|d60|i4,512,200,0.0017211047680092495
v2_spectrum,SU2-CNOT-line|n10|d60|i4|dir=gaussian|basis=Z|eta=0,SU2-CNOT-line|n10|d60|i4,512,201,0.0016997090158558715
v2_spectrum,SU2-CNOT-line|n10|d60|i4|dir=gaussian|basis=Z|eta=0,SU2-CNOT-line|n10|d60|i4,512,202,0.0016927072882442047
v2_spectrum,SU2-CNOT-line|n10|d60|i4|dir=gaussian|basis=Z|eta=0,SU2-CNOT-line|n10|d60|i4,512,203,0.001680866751822656
v2_spectrum,SU2-CNOT-line|n10|d60|i4|dir=gaussian|basis=Z|eta=0,SU2-CNOT-line|n10|d60|i4,512,204,0.0016652658483117422
v2_spectrum,SU2-CNOT-line|n10|d60|i4|dir=gaussian|basis=Z|eta=0,SU2-CNOT-line|n10|d60|i4,512,205,0.001652489124434913
v2_spectrum,SU2-CNOT-line|n10|d60|i4|dir=gaussian|basis=Z|eta=0,SU2-CNOT-line|n10|d60|i4,512,206,0.0016460624801608078
v2_spectrum,SU2-CNOT-line|n10|d60|i4|dir=gaussian|basis=Z|eta=0,SU2-CNOT-line|n10|d60|i4,512,207,0.0016361052186098254
v2_spectrum,SU2-CNOT-line|n10|d60|i4|dir=gaussian|basis=Z|eta=0,SU2-CNOT-line|n10|d60|i4,512,208,0.0016237713578528704
v2_spectrum,SU2-CNOT-line|n10|d60|i4|dir=gaussian|basis=Z|eta=0,SU2-CNOT-line|n10|d60|i4,512,209,0.0016175607246176943
v2_spectrum,SU2-CNOT-line|n10|d60|i4|dir=gaussian|basis=Z|eta=0,SU2-CNOT-line|n10|d60|i4,512,210,0.0016045721473743678
v2_spectrum,SU2-CNOT-line|n10|d60|i4|dir=gaussian|basis=Z|eta=0,SU2-CNOT-line|n10|d60|i4,512,211,0.0015911357937902174
v2_spectrum,SU2-CNOT-line|n10|d60|i4|dir=gaussian|basis=Z|eta=0,SU2-CNOT-line|n10|d60|i4,512,212,0.0015723175699132752
v2_spectrum,SU2-CNOT-line|n10|d60|i4|dir=gaussian|basis=Z|eta=0,SU2-CNOT-line|n10|d60|i4,512,213,0.0015571002739118395
v2_spectrum,SU2-CNOT-line|n10|d60|i4|dir=gaussian|basis=Z|eta=0,SU2-CNOT-line|n10|d60|i4,512,214,0.0015508840514777327
v2_spectrum,SU2-CNOT-line|n10|d60|i4|dir=gaussian|basis=Z|eta=0,SU2-CNOT-line|n10|d60|i4,512,215,0.0015397356289070419
v2_spectrum,SU2-CNOT-line|n10|d60|i4|dir=gaussian|basis=Z|eta=0,SU2-CNOT-line|n10|d60|i4,512,216,0.001531698653717782
v2_spectrum,SU2-CNOT-line|n10|d60|i4|dir=gaussian|basis=Z|eta=0,SU2-CNOT-line|n10|d60|i4,512,217,0.0015214804229190429
v2_spectrum,SU2-CNOT-line|n10|d60|i4|dir=gaussian|basis=Z|eta=0,SU2-CNOT-line|n10|d60|i4,512,218,0.0015154258886988057
v2_spectrum,SU2-CNOT-line|n10|d60|i4|dir=gaussian|basis=Z|eta=0,SU2-CNOT-line|n10|d60|i4,512,219,0.001505077164073083
v2_spectrum,SU2-CNOT-line|n10|d60|i4|dir=gaussian|basis=Z|eta=0,SU2-CNOT-line|n10|d60|i4,512,220,0.001498647711923768
v2_spectrum,SU2-CNOT-line|n10|d60|i4|dir=gaussian|basis=Z|eta=0,SU2-CNOT-line|n10|d60|i4,512,221,0.001481563159328747
v2_spectrum,SU2-CNOT-line|n10|d60|i4|dir=gaussian|basis=Z|eta=0,SU2-CNOT-line|n10|d60|i4,512,222,0.0014687307523783496
v2_spectrum,SU2-CNOT-line|n10|d60|i4|dir=gaussian|basis=Z|eta=0,SU2-CNOT-line|n10|d60|i4,512,223,0.0014538924018363234
v2_spectrum,SU2-CNOT-line|n10|d60|i4|dir=gaussian|basis=Z|eta=0,SU2-CNOT-line|n10|d60|i4,512,224,0.0014485385569797244
v2_spectrum,SU2-CNOT-line|n10|d60|i4|dir=gaussian|basis=Z|eta=0,SU2-CNOT-line|n10|d60|i4,512,225,0.0014393113582391928
v2_spectrum,SU2-CNOT-line|n10|d60|i4|dir=gaussian|basis=Z|eta=0,SU2-CNOT-line|n10|d60|i4,512,226,0.0014268722539031511
v2_spectrum,SU2-CNOT-line|n10|d60|i4|dir=gaussian|basis=Z|eta=0,SU2-CNOT-line|n10|d60|i4,512,227,0.001424730497175862
v2_spectrum,SU2-CNOT-line|n10|d60|i4|dir=gaussian|basis=Z|eta=0,SU2-CNOT-line|n10|d60|i4,512,228,0.0014233373525099327
v2_spectrum,SU2-CNOT-line|n10|d60|i4|dir=gaussian|basis=Z|eta=0,SU2-CNOT-line|n10|d60|i4,512,229,0.0013997644272478128
v2_spectrum,SU2-CNOT-line|n10|d60|i4|dir=gaussian|basis=Z|eta=0,SU2-CNOT-line|n10|d60|i4,512,230,0.0013933777666146664
v2_spectrum,SU2-CNOT-line|n10|d60|i4|dir=gaussian|basis=Z|eta=0,SU2-CNOT-line|n10|d60|i4,512,231,0.0013913152175642238
v2_spectrum,SU2-CNOT-line|n10|d60|i4|dir=gaussian|basis=Z|eta=0,SU2-CNOT-line|n10|d60|i4,512,232,0.001381787798512764
v2_spectrum,SU2-CNOT-line|n10|d60|i4|dir=gaussian|basis=Z|eta=0,SU2-CNOT-line|n10|d60|i4,512,233,0.0013765518421694385
v2_spectrum,SU2-CNOT-line|n10|d60|i4|dir=gaussian|basis=Z|eta=0,SU2-CNOT-line|n10|d60|i4,512,234,0.0013634192591718325
v2_spectrum,SU2-CNOT-line|n10|d60|i4|dir=gaussian|basis=Z|eta=0,SU2-CNOT-line|n10|d60|i4,512,235,0.0013512042386842264
v2_spectrum,SU2-CNOT-line|n10|d60|i4|dir=gaussian|basis=Z|eta=0,SU2-CNOT-line|n10|d60|i4,512,236,0.001338161679658401
v2_spectrum,SU2-CNOT-line|n10|d60|i4|dir=gaussian|basis=Z|eta=0,SU2-CNOT-line|n10|d60|i4,512,237,0.0013277300316087961
v2_spectrum,SU2-CNOT-line|n10|d60|i4|dir=gaussian|basis=Z|eta=0,SU2-CNOT-line|n10|d60|i4,512,238,0.0013190344010867248
v2_spectrum,SU2-CNOT-line|n10|d60|i4|dir=gaussian|basis=Z|eta=0,SU2-CNOT-line|n10|d60|i4,512,239,0.001300145617773972
v2_spectrum,SU2-CNOT-line|n10|d60|i4|dir=gaussian|basis=Z|eta=0,SU2-CNOT-line|n10|d60|i4,512,240,0.0012985893549973247
v2_spectrum,SU2-CNOT-line|n10|d60|i4|dir=gaussian|basis=Z|eta=0,SU2-CNOT-line|n10|d60|i4,512,241,0.001291040713559404
v2_spectrum,SU2-CNOT-line|n10|d60|i4|dir=gaussian|basis=Z|eta=0,SU2-CNOT-line|n10|d60|i4,512,242,0.0012825276832517357
v2_spectrum,SU2-CNOT-line|n10|d60|i4|dir=gaussian|basis=Z|eta=0,SU2-CNOT-line|n10|d60|i4,512,243,0.0012786223654923446
v2_spectrum,SU2-CNOT-line|n10|d60|i4|dir=gaussian|basis=Z|eta=0,SU2-CNOT-line|n10|d60|i4,512,244,0.0012665981846513195
v2_spectrum,SU2-CNOT-line|n10|d60|i4|dir=gaussian|basis=Z|eta=0,SU2-CNOT-line|n10|d60|i4,512,245,0.0012528335947275683
v2_spectrum,SU2-CNOT-line|n10|d60|i4|dir=gaussian|basis=Z|eta=0,SU2-CNOT-line|n10|d60|i4,512,246,0.0012514786868744992
v2_spectrum,SU2-CNOT-line|n10|d60|i4|dir=gaussian|basis=Z|eta=0,SU2-CNOT-line|n10|d60|i4,512,247,0.00124445596969283
v2_spectrum,SU2-CNOT-line|n10|d60|i4|dir=gaussian|basis=Z|eta=0,SU2-CNOT-line|n10|d60|i4,512,248,0.0012368025342212909
v2_spectrum,SU2-CNOT-line|n10|d60|i4|dir=gaussian|basis=Z|eta=0,SU2-CNOT-line|n10|d60|i4,512,249,0.0012341675148994109
v2_spectrum,SU2-CNOT-line|n10|d60|i4|dir=gaussian|basis=Z|eta=0,SU2-CNOT-line|n10|d60|i4,512,250,0.0012239518255384887
v2_spectrum,SU2-CNOT-line|n10|d60|i4|dir=gaussian|basis=Z|eta=0,SU2-CNOT-line|n10|d60|i4,512,251,0.0012071512922963855
v2_spectrum,SU2-CNOT-line|n10|d60|i4|dir=gaussian|basis=Z|eta=0,SU2-CNOT-line|n10|d60|i4,512,252,0.001203707643589265
v2_spectrum,SU2-CNOT-line|n10|d60|i4|dir=gaussian|basis=Z|eta=0,SU2-CNOT-line|n10|d60|i4,512,253,0.0011857811304485655
v2_spectrum,SU2-CNOT-line|n10|d60|i4|dir=gaussian|basis=Z|eta=0,SU2-CNOT-line|n10|d60|i4,512,254,0.0011743489453628615
v2_spectrum,SU2-CNOT-line|n10|d60|i4|dir=gaussian|basis=Z|eta=0,SU2-CNOT-line|n10|d60|i4,512,255,0.0011731094498269137
v2_spectrum,SU2-CNOT-line|n10|d60|i4|dir=gaussian|basis=Z|eta=0,SU2-CNOT-line|n10|d60|i4,512,256,0.0011679664498709843
v2_spectrum,SU2-CNOT-line|n10|d60|i4|dir=gaussian|basis=Z|eta=0,SU2-CNOT-line|n10|d60|i4,512,257,0.001164578062980518
v2_spectrum,SU2-CNOT-line|n10|d60|i4|dir=gaussian|basis=Z|eta=0,SU2-CNOT-line|n10|d60|i4,512,258,0.0011485553140362695
v2_spectrum,SU2-CNOT-line|n10|d60|i4|dir=gaussian|basis=Z|eta=0,SU2-CNOT-line|n10|d60|i4,512,259,0.00114288786366174
v2_spectrum,SU2-CNOT-line|n10|d60|i4|dir=gaussian|basis=Z|eta=0,SU2-CNOT-line|n10|d60|i4,512,260,0.001137148091664356
v2_spectrum,SU2-CNOT-line|n10|d60|i4|dir=gaussian|basis=Z|eta=0,SU2-CNOT-line|n10|d60|i4,512,261,0.0011234520424781953
v2_spectrum,SU2-CNOT-line|n10|d60|i4|dir=gaussian|basis=Z|eta=0,SU2-CNOT-line|n10|d60|i4,512,262,0.00111201099930086
v2_spectrum,SU2-CNOT-line|n10|d60|i4|dir=gaussian|basis=Z|eta=0,SU2-CNOT-line|n10|d60|i4,512,263,0.0011077925652145618
v2_spectrum,SU2-CNOT-line|n10|d60|i4|dir=gaussian|basis=Z|eta=0,SU2-CNOT-line|n10|d60|i4,512,264,0.0010957714378698699
v2_spectrum,SU2-CNOT-line|n10|d60|i4|dir=gaussian|basis=Z|eta=0,SU2-CNOT-line|n10|d60|i4,512,265,0.0010919793490373783
v2_spectrum,SU2-CNOT-line|n10|d60|i4|dir=gaussian|basis=Z|eta=0,SU2-CNOT-line|n10|d60|i4,512,266,0.00108737178718655
v2_spectrum,SU2-CNOT-line|n10|d60|i4|dir=gaussian|basis=Z|eta=0,SU2-CNOT-line|n10|d60|i4,512,267,0.001081445639053078
v2_spectrum,SU2-CNOT-line|n10|d60|i4|dir=gaussian|basis=Z|eta=0,SU2-CNOT-line|n10|d60|i4,512,268,0.0010790506311262663
v2_spectrum,SU2-CNOT-line|n10|d60|i4|dir=gaussian|basis=Z|eta=0,SU2-CNOT-line|n10|d60|i4,512,269,0.0010658147061998748
v2_spectrum,SU2-CNOT-line|n10|d60|i4|dir=gaussian|basis=Z|eta=0,SU2-CNOT-line|n10|d60|i4,512,270,0.0010597234838379214
v2_spectrum,SU2-CNOT-line|n10|d60|i4|dir=gaussian|basis=Z|eta=0,SU2-CNOT-line|n10|d60|i4,512,271,0.0010462347836929578
v2_spectrum,SU2-CNOT-line|n10|d60|i4|dir=gaussian|basis=Z|eta=0,SU2-CNOT-line|n10|d60|i4,512,272,0.0010394575599482
v2_spectrum,SU2-CNOT-line|n10|d60|i4|dir=gaussian|basis=Z|eta=0,SU2-CNOT-line|n10|d60|i4,512,273,0.001031614910408025
v2_spectrum,SU2-CNOT-line|n10|d60|i4|dir=gaussian|basis=Z|eta=0,SU2-CNOT-line|n10|d60|i4,512,274,0.0010189482340037686
v2_spectrum,SU2-CNOT-line|n10|d60|i4|dir=gaussian|basis=Z|eta=0,SU2-CNOT-line|n10|d60|i4,512,275,0.001009823720013986
v2_spectrum,SU2-CNOT-line|n10|d60|i4|dir=gaussian|basis=Z|eta=0,SU2-CNOT-line|n10|d60|i4,512,276,0.0010014744150102606
v2_spectrum,SU2-CNOT-line|n10|d60|i4|dir=gaussian|basis=Z|eta=0,SU2-CNOT-line|n10|d60|i4,512,277,0.0009952926733550276
v2_spectrum,SU2-CNOT-line|n10|d60|i4|dir=gaussian|basis=Z|eta=0,SU2-CNOT-line|n10|d60|i4,512,278,0.0009823935810359802
v2_spectrum,SU2-CNOT-line|n10|d60|i4|dir=gaussian|basis=Z|eta=0,SU2-CNOT-line|n10|d60|i4,512,279,0.0009802437644518863
v2_spectrum,SU2-CNOT-line|n10|d60|i4|dir=gaussian|basis=Z|eta=0,SU2-CNOT-line|n10|d60|i4,512,280,0.0009761751419640837
v2_spectrum,SU2-CNOT-line|n10|d60|i4|dir=gaussian|basis=Z|eta=0,SU2-CNOT-line|n10|d60|i4,512,281,0.0009726430890305943
v2_spectrum,SU2-CNOT-line|n10|d60|i4|dir=gaussian|basis=Z|eta=0,SU2-CNOT-line|n10|d60|i4,512,282,0.0009661218951704802
v2_spectrum,SU2-CNOT-line|n10|d60|i4|dir=gaussian|basis=Z|eta=0,SU2-CNOT-line|n10|d60|i4,512,283,0.0009575098436764094
v2_spectrum,SU2-CNOT-line|n10|d60|i4|dir=gaussian|basis=Z|eta=0,SU2-CNOT-line|n10|d60|i4,512,284,0.0009534327579570125
v2_spectrum,SU2-CNOT-line|n10|d60|i4|dir=gaussian|basis=Z|eta=0,SU2-CNOT-line|n10|d60|i4,512,285,0.0009413213766514082
v2_spectrum,SU2-CNOT-line|n10|d60|i4|dir=gaussian|basis=Z|eta=0,SU2-CNOT-line|n10|d60|i4,512,286,0.000935949813011515
v2_spectrum,SU2-CNOT-line|n10|d60|i4|dir=gaussian|basis=Z|eta=0,SU2-CNOT-line|n10|d60|i4,512,287,0.0009293470018687434
v2_spectrum,SU2-CNOT-line|n10|d60|i4|dir=gaussian|basis=Z|eta=0,SU2-CNOT-line|n10|d60|i4,512,288,0.0009199869633289694
v2_spectrum,SU2-CNOT-line|n10|d60|i4|dir=gaussian|basis=Z|eta=0,SU2-CNOT-line|n10|d60|i4,512,289,0.0009165948877726932
v2_spectrum,SU2-CNOT-line|n10|d60|i4|dir=gaussian|basis=Z|eta=0,SU2-CNOT-line|n10|d60|i4,512,290,0.0009073028232916938
v2_spectrum,SU2-CNOT-line|n10|d60|i4|dir=gaussian|basis=Z|eta=0,SU2-CNOT-line|n10|d60|i4,512,291,0.0008916623348639641
v2_spectrum,SU2-CNOT-line|n10|d60|i4|dir=gaussian|basis=Z|eta=0,SU2-CNOT-line|n10|d60|i4,512,292,0.0008905405146162976
v2_spectrum,SU2-CNOT-line|n10|d60|i4|dir=gaussian|basis=Z|eta=0,SU2-CNOT-line|n10|d60|i4,512,293,0.0008867063761693727
v2_spectrum,SU2-CNOT-line|n10|d60|i4|dir=gaussian|basis=Z|eta=0,SU2-CNOT-line|n10|d60|i4,512,294,0.0008827382247845642
v2_spectrum,SU2-CNOT-line|n10|d60|i4|dir=gaussian|basis=Z|eta=0,SU2-CNOT-line|n10|d60|i4,512,295,0.0008755307734869174
v2_spectrum,SU2-CNOT-line|n10|d60|i4|dir=gaussian|basis=Z|eta=0,SU2-CNOT-line|n10|d60|i4,512,296,0.0008649297013581342
v2_spectrum,SU2-CNOT-line|n10|d60|i4|dir=gaussian|basis=Z|eta=0,SU2-CNOT-line|n10|d60|i4,512,297,0.0008604347890383628
v2_spectrum,SU2-CNOT-line|n10|d60|i4|dir=gaussian|basis=Z|eta=0,SU2-CNOT-line|n10|d60|i4,512,298,0.000854671710169025
v2_spectrum,SU2-CNOT-line|n10|d60|i4|dir=gaussian|basis=Z|eta=0,SU2-CNOT-line|n10|d60|i4,512,299,0.0008517193251043588
v2_spectrum,SU2-CNOT-line|n10|d60|i4|dir=gaussian|basis=Z|eta=0,SU2-CNOT-line|n10|d60|i4,512,300,0.0008503099031157886
v2_spectrum,SU2-CNOT-line|n10|d60|i4|dir=gaussian|basis=Z|eta=0,SU2-CNOT-line|n10|d60|i4,512,301,0.0008306213077440023
v2_spectrum,SU2-CNOT-line|n10|d60|i4|dir=gaussian|basis=Z|eta=0,SU2-CNOT-line|n10|d60|i4,512,302,0.0008223455574059613
v2_spectrum,SU2-CNOT-line|n10|d60|i4|dir=gaussian|basis=Z|eta=0,SU2-CNOT-line|n10|d60|i4,512,303,0.0008199877082994271
v2_spectrum,SU2-CNOT-line|n10|d60|i4|dir=gaussian|basis=Z|eta=0,SU2-CNOT-line|n10|d60|i4,512,304,0.0008154421890548428
v2_spectrum,SU2-CNOT-line|n10|d60|i4|dir=gaussian|basis=Z|eta=0,SU2-CNOT-line|n10|d60|i4,512,305,0.0008104887498223278
v2_spectrum,SU2-CNOT-line|n10|d60|i4|dir=gaussian|basis=Z|eta=0,SU2-CNOT-line|n10|d60|i4,512,306,0.0008081062126794109
v2_spectrum,SU2-CNOT-line|n10|d60|i4|dir=gaussian|basis=Z|eta=0,SU2-CNOT-line|n10|d60|i4,512,307,0.0007979428927934396
v2_spectrum,SU2-CNOT-line|n10|d60|i4|dir=gaussian|basis=Z|eta=0,SU2-CNOT-line|n10|d60|i4,512,308,0.000791848339959933
v2_spectrum,SU2-CNOT-line|n10|d60|i4|dir=gaussian|basis=Z|eta=0,SU2-CNOT-line|n10|d60|i4,512,309,0.0007830355960963738
v2_spectrum,SU2-CNOT-line|n10|d60|i4|dir=gaussian|basis=Z|eta=0,SU2-CNOT-line|n10|d60|i4,512,310,0.0007772452218937581
v2_spectrum,SU2-CNOT-line|n10|d60|i4|dir=gaussian|basis=Z|eta=0,SU2-CNOT-line|n10|d60|i4,512,311,0.0007756221561353117
v2_spectrum,SU2-CNOT-line|n10|d60|i4|dir=gaussian|basis=Z|eta=0,SU2-CNOT-line|n10|d60|i4,512,312,0.0007630549056277139
v2_spectrum,SU2-CNOT-line|n10|d60|i4|dir=gaussian|basis=Z|eta=0,SU2-CNOT-line|n10|d60|i4,512,313,0.0007611306883473215
v2_spectrum,SU2-CNOT-line|n10|d60|i4|dir=gaussian|basis=Z|eta=0,SU2-CNOT-line|n10|d60|i4,512,314,0.0007504422963496484
v2_spectrum,SU2-CNOT-line|n10|d60|i4|dir=gaussian|basis=Z|eta=0,SU2-CNOT-line|n10|d60|i4,512,315,0.0007475035696639132
v2_spectrum,SU2-CNOT-line|n10|d60|i4|dir=gaussian|basis=Z|eta=0,SU2-CNOT-line|n10|d60|i4,512,316,0.0007384712313422998
v2_spectrum,SU2-CNOT-line|n10|d60|i4|dir=gaussian|basis=Z|eta=0,SU2-CNOT-line|n10|d60|i4,512,317,0.000736837211964831
v2_spectrum,SU2-CNOT-line|n10|d60|i4|dir=gaussian|basis=Z|eta=0,SU2-CNOT-line|n10|d60|i4,512,318,0.0007348805774162268
v2_spectrum,SU2-CNOT-line|n10|d60|i4|dir=gaussian|basis=Z|eta=0,SU2-CNOT-line|n10|d60|i4,512,319,0.0007268200160524634
v2_spectrum,SU2-CNOT-line|n10|d60|i4|dir=gaussian|basis=Z|eta=0,SU2-CNOT-line|n10|d60|i4,512,320,0.000719838827225875
v2_spectrum,SU2-CNOT-line|n10|d60|i4|dir=gaussian|basis=Z|eta=0,SU2-CNOT-line|n10|d60|i4,512,321,0.0007161875703506705
v2_spectrum,SU2-CNOT-line|n10|d60|i4|dir=gaussian|basis=Z|eta=0,SU2-CNOT-line|n10|d60|i4,512,322,0.0007116428765326108
v2_spectrum,SU2-CNOT-line|n10|d60|i4|dir=gaussian|basis=Z|eta=0,SU2-CNOT-line|n10|d60|i4,512,323,0.0007081163898861696
v2_spectrum,SU2-CNOT-line|n10|d60|i4|dir=gaussian|basis=Z|eta=0,SU2-CNOT-line|n10|d60|i4,512,324,0.0007022626618947479
v2_spectrum,SU2-CNOT-line|n10|d60|i4|dir=gaussian|basis=Z|eta=0,SU2-CNOT-line|n10|d60|i4,512,325,0.0006948186237669882
v2_spectrum,SU2-CNOT-line|n10|d60|i4|dir=gaussian|basis=Z|eta=0,SU2-CNOT-line|n10|d60|i4,512,326,0.0006919740037138313
v2_spectrum,SU2-CNOT-line|n10|d60|i4|dir=gaussian|basis=Z|eta=0,SU2-CNOT-line|n10|d60|i4,512,327,0.0006863642539601733
v2_spectrum,SU2-CNOT-line|n10|d60|i4|dir=gaussian|basis=Z|eta=0,SU2-CNOT-line|n10|d60|i4,512,328,0.0006830246001600383
v2_spectrum,SU2-CNOT-line|n10|d60|i4|dir=gaussian|basis=Z|eta=0,SU2-CNOT-line|n10|d60|i4,512,329,0.0006727155847275094
v2_spectrum,SU2-CNOT-line|n10|d60|i4|dir=gaussian|basis=Z|eta=0,SU2-CNOT-line|n10|d60|i4,512,330,0.0006639619804226208
v2_spectrum,SU2-CNOT-line|n10|d60|i4|dir=gaussian|basis=Z|eta=0,SU2-CNOT-line|n10|d60|i4,512,331,0.000662085003714443
v2_spectrum,SU2-CNOT-line|n10|d60|i4|dir=gaussian|basis=Z|eta=0,SU2-CNOT-line|n10|d60|i4,512,332,0.0006586628516279433
v2_spectrum,SU2-CNOT-line|n10|d60|i4|dir=gaussian|basis=Z|eta=0,SU2-CNOT-line|n10|d60|i4,512,333,0.0006497727685894921
v2_spectrum,SU2-CNOT-line|n10|d60|i4|dir=gaussian|basis=Z|eta=0,SU2-CNOT-line|n10|d60|i4,512,334,0.0006408591452859705
v2_spectrum,SU2-CNOT-line|n10|d60|i4|dir=gaussian|basis=Z|eta=0,SU2-CNOT-line|n10|d60|i4,512,335,0.00063658461279618
v2_spectrum,SU2-CNOT-line|n10|d60|i4|dir=gaussian|basis=Z|eta=0,SU2-CNOT-line|n10|d60|i4,512,336,0.0006330050453783586
v2_spectrum,SU2-CNOT-line|n10|d60|i4|dir=gaussian|basis=Z|eta=0,SU2-CNOT-line|n10|d60|i4,512,337,0.0006304918755466542
v2_spectrum,SU2-CNOT-line|n10|d60|i4|dir=gaussian|basis=Z|eta=0,SU2-CNOT-line|n10|d60|i4,512,338,0.0006260534626115579
v2_spectrum,SU2-CNOT-line|n10|d60|i4|dir=gaussian|basis=Z|eta=0,SU2-CNOT-line|n10|d60|i4,512,339,0.0006178828150553418
v2_spectrum,SU2-CNOT-line|n10|d60|i4|dir=gaussian|basis=Z|eta=0,SU2-CNOT-line|n10|d60|i4,512,340,0.0006124020074370111
v2_spectrum,SU2-CNOT-line|n10|d60|i4|dir=gaussian|basis=Z|eta=0,SU2-CNOT-line|n10|d60|i4,512,341,0.0006079653354427026
v2_spectrum,SU2-CNOT-line|n10|d60|i4|dir=gaussian|basis=Z|eta=0,SU2-CNOT-line|n10|d60|i4,512,342,0.0006049598760833903
v2_spectrum,SU2-CNOT-line|n10|d60|i4|dir=gaussian|basis=Z|eta=0,SU2-CNOT-line|n10|d60|i4,512,343,0.0005992657798157984
v2_spectrum,SU2-CNOT-line|n10|d60|i4|dir=gaussian|basis=Z|eta=0,SU2-CNOT-line|n10|d60|i4,512,344,0.0005961545350582488
v2_spectrum,SU2-CNOT-line|n10|d60|i4|dir=gaussian|basis=Z|eta=0,SU2-CNOT-line|n10|d60|i4,512,345,0.0005932484355746645
v2_spectrum,SU2-CNOT-line|n10|d60|i4|dir=gaussian|basis=Z|eta=0,SU2-CNOT-line|n10|d60|i4,512,346,0.0005818610532433962
v2_spectrum,SU2-CNOT-line|n10|d60|i4|dir=gaussian|basis=Z|eta=0,SU2-CNOT-line|n10|d60|i4,512,347,0.0005792270159808349
v2_spectrum,SU2-CNOT-line|n10|d60|i4|dir=gaussian|basis=Z|eta=0,SU2-CNOT-line|n10|d60|i4,512,348,0.0005738077127222068
v2_spectrum,SU2-CNOT-line|n10|d60|i4|dir=gaussian|basis=Z|eta=0,SU2-CNOT-line|n10|d60|i4,512,349,0.0005719720988778072
v2_spectrum,SU2-CNOT-line|n10|d60|i4|dir=gaussian|basis=Z|eta=0,SU2-CNOT-line|n10|d60|i4,512,350,0.000568205037428695
v2_spectrum,SU2-CNOT-line|n10|d60|i4|dir=gaussian|basis=Z|eta=0,SU2-CNOT-line|n10|d60|i4,512,351,0.0005595120087683039
v2_spectrum,SU2-CNOT-line|n10|d60|i4|dir=gaussian|basis=Z|eta=0,SU2-CNOT-line|n10|d60|i4,512,352,0.0005549296103340277
v2_spectrum,SU2-CNOT-line|n10|d60|i4|dir=gaussian|basis=Z|eta=0,SU2-CNOT-line|n10|d60|i4,512,353,0.0005534222160814375
v2_spectrum,SU2-CNOT-line|n10|d60|i4|dir=gaussian|basis=Z|eta=0,SU2-CNOT-line|n10|d60|i4,512,354,0.00054461812572314
v2_spectrum,SU2-CNOT-line|n10|d60|i4|dir=gaussian|basis=Z|eta=0,SU2-CNOT-line|n10|d60|i4,512,355,0.000541119709567365
v2_spectrum,SU2-CNOT-line|n10|d60|i4|dir=gaussian|basis=Z|eta=0,SU2-CNOT-line|n10|d60|i4,512,356,0.0005366877646804488
v2_spectrum,SU2-CNOT-line|n10|d60|i4|dir=gaussian|basis=Z|eta=0,SU2-CNOT-line|n10|d60|i4,512,357,0.0005350000645240102
v2_spectrum,SU2-CNOT-line|n10|d60|i4|dir=gaussian|basis=Z|eta=0,SU2-CNOT-line|n10|d60|i4,512,358,0.0005282783444919085
v2_spectrum,SU2-CNOT-line|n10|d60|i4|dir=gaussian|basis=Z|eta=0,SU2-CNOT-line|n10|d60|i4,512,359,0.0005233828814203165
v2_spectrum,SU2-CNOT-line|n10|d60|i4|dir=gaussian|basis=Z|eta=0,SU2-CNOT-line|n10|d60|i4,512,360,0.0005176075313694473
v2_spectrum,SU2-CNOT-line|n10|d60|i4|dir=gaussian|basis=Z|eta=0,SU2-CNOT-line|n10|d60|i4,512,361,0.0005164816795923564
v2_spectrum,SU2-CNOT-line|n10|d60|i4|dir=gaussian|basis=Z|eta=0,SU2-CNOT-line|n10|d60|i4,512,362,0.0005111466642102621
v2_spectrum,SU2-CNOT-line|n10|d60|i4|dir=gaussian|basis=Z|eta=0,SU2-CNOT-line|n10|d60|i4,512,363,0.0005100747100580779
v2_spectrum,SU2-CNOT-line|n10|d60|i4|dir=gaussian|basis=Z|eta=0,SU2-CNOT-line|n10|d60|i4,512,364,0.0005033987254786127
v2_spectrum,SU2-CNOT-line|n10|d60|i4|dir=gaussian|basis=Z|eta=0,SU2-CNOT-line|n10|d60|i4,512,365,0.000499746357538899
v2_spectrum,SU2-CNOT-line|n10|d60|i4|dir=gaussian|basis=Z|eta=0,SU2-CNOT-line|n10|d60|i4,512,366,0.0004901576563081646
v2_spectrum,SU2-CNOT-line|n10|d60|i4|dir=gaussian|basis=Z|eta=0,SU2-CNOT-line|n10|d60|i4,512,367,0.0004886760226015363
v2_spectrum,SU2-CNOT-line|n10|d60|i4|dir=gaussian|basis=Z|eta=0,SU2-CNOT-line|n10|d60|i4,512,368,0.00048387747933930036
v2_spectrum,SU2-CNOT-line|n10|d60|i4|dir=gaussian|basis=Z|eta=0,SU2-CNOT-line|n10|d60|i4,512,369,0.00047936996383482694
v2_spectrum,SU2-CNOT-line|n10|d60|i4|dir=gaussian|basis=Z|eta=0,SU2-CNOT-line|n10|d60|i4,512,370,0.0004791464925683137
v2_spectrum,SU2-CNOT-line|n10|d60|i4|dir=gaussian|basis=Z|eta=0,SU2-CNOT-line|n10|d60|i4,512,371,0.0004749883332296792
v2_spectrum,SU2-CNOT-line|n10|d60|i4|dir=gaussian|basis=Z|eta=0,SU2-CNOT-line|n10|d60|i4,512,372,0.0004703687681315406
v2_spectrum,SU2-CNOT-line|n10|d60|i4|dir=gaussian|basis=Z|eta=0,SU2-CNOT-line|n10|d60|i4,512,373,0.00046601026213093517
v2_spectrum,SU2-CNOT-line|n10|d60|i4|dir=gaussian|basis=Z|eta=0,SU2-CNOT-line|n10|d60|i4,512,374,0.00046031475637066827
v2_spectrum,SU2-CNOT-line|n10|d60|i4|dir=gaussian|basis=Z|eta=0,SU2-CNOT-line|n10|d60|i4,512,375,0.00045722164717927307
v2_spectrum,SU2-CNOT-line|n10|d60|i4|dir=gaussian|basis=Z|eta=0,SU2-CNOT-line|n10|d60|i4,512,376,0.000453250927295978
v2_spectrum,SU2-CNOT-line|n10|d60|i4|dir=gaussian|basis=Z|eta=0,SU2-CNOT-line|n10|d60|i4,512,377,0.00045091569467305435
v2_spectrum,SU2-CNOT-line|n10|d60|i4|dir=gaussian|basis=Z|eta=0,SU2-CNOT-line|n10|d60|i4,512,378,0.0004475057582838472
v2_spectrum,SU2-CNOT-line|n10|d60|i4|dir=gaussian|basis=Z|eta=0,SU2-CNOT-line|n10|d60|i4,512,379,0.00043922836388506206
v2_spectrum,SU2-CNOT-line|n10|d60|i4|dir=gaussian|basis=Z|eta=0,SU2-CNOT-line|n10|d60|i4,512,380,0.00043577701293180915
v2_spectrum,SU2-CNOT-line|n10|d60|i4|dir=gaussian|basis=Z|eta=0,SU2-CNOT-line|n10|d60|i4,512,381,0.00043342125928822394
v2_spectrum,SU2-CNOT-line|n10|d60|i4|dir=gaussian|basis=Z|eta=0,SU2-CNOT-line|n10|d60|i4,512,382,0.0004305300871918433
v2_spectrum,SU2-CNOT-line|n10|d60|i4|dir=gaussian|basis=Z|eta=0,SU2-CNOT-line|n10|d60|i4,512,383,0.00042509227851095964
v2_spectrum,SU2-CNOT-line|n10|d60|i4|dir=gaussian|basis=Z|eta=0,SU2-CNOT-line|n10|d60|i4,512,384,0.00042369829952486115
v2_spectrum,SU2-CNOT-line|n10|d60|i4|dir=gaussian|basis=Z|eta=0,SU2-CNOT-line|n10|d60|i4,512,385,0.00042065953230123004
v2_spectrum,SU2-CNOT-line|n10|d60|i4|dir=gaussian|basis=Z|eta=0,SU2-CNOT-line|n10|d60|i4,512,386,0.00041334033892517725
v2_spectrum,SU2-CNOT-line|n10|d60|i4|dir=gaussian|basis=Z|eta=0,SU2-CNOT-line|n10|d60|i4,512,387,0.00041121443549073237
v2_spectrum,SU2-CNOT-line|n10|d60|i4|dir=gaussian|basis=Z|eta=0,SU2-CNOT-line|n10|d60|i4,512,388,0.0004076593184589358
v2_spectrum,SU2-CNOT-line|n10|d60|i4|dir=gaussian|basis=Z|eta=0,SU2-CNOT-line|n10|d60|i4,512,389,0.00040652907828598586
v2_spectrum,SU2-CNOT-line|n10|d60|i4|dir=gaussian|basis=Z|eta=0,SU2-CNOT-line|n10|d60|i4,512,390,0.00040230875783729117
v2_spectrum,SU2-CNOT-line|n10|d60|i4|dir=gaussian|basis=Z|eta=0,SU2-CNOT-line|n10|d60|i4,512,391,0.00039968277901551177
v2_spectrum,SU2-CNOT-line|n10|d60|i4|dir=gaussian|basis=Z|eta=0,SU2-CNOT-line|n10|d60|i4,512,392,0.0003973705641331615
v2_spectrum,SU2-CNOT-line|n10|d60|i4|dir=gaussian|basis=Z|eta=0,SU2-CNOT-line|n10|d60|i4,512,393,0.0003896264255970848
v2_spectrum,SU2-CNOT-line|n10|d60|i4|dir=gaussian|basis=Z|eta=0,SU2-CNOT-line|n10|d60|i4,512,394,0.0003838988022166071
v2_spectrum,SU2-CNOT-line|n10|d60|i4|dir=gaussian|basis=Z|eta=0,SU2-CNOT-line|n10|d60|i4,512,395,0.00037667055635533584
v2_spectrum,SU2-CNOT-line|n10|d60|i4|dir=gaussian|basis=Z|eta=0,SU2-CNOT-line|n10|d60|i4,512,396,0.0003747615795518328
v2_spectrum,SU2-CNOT-line|n10|d60|i4|dir=gaussian|basis=Z|eta=0,SU2-CNOT-line|n10|d60|i4,512,397,0.0003716984066542832
v2_spectrum,SU2-CNOT-line|n10|d60|i4|dir=gaussian|basis=Z|eta=0,SU2-CNOT-line|n10|d60|i4,512,398,0.00036692572835897967
v2_spectrum,SU2-CNOT-line|n10|d60|i4|dir=gaussian|basis=Z|eta=0,SU2-CNOT-line|n10|d60|i4,512,399,0.00036416907984189407
v2_spectrum,SU2-CNOT-line|n10|d60|i4|dir=gaussian|basis=Z|eta=0,SU2-CNOT-line|n10|d60|i4,512,400,0.0003631650502408499
v2_spectrum,SU2-CNOT-line|n10|d60|i4|dir=gaussian|basis=Z|eta=0,SU2-CNOT-line|n10|d60|i4,512,401,0.00035877932407007903
v2_spectrum,SU2-CNOT-line|n10|d60|i4|dir=gaussian|basis=Z|eta=0,SU2-CNOT-line|n10|d60|i4,512,402,0.00035456736950517854
v2_spectrum,SU2-CNOT-line|n10|d60|i4|dir=gaussian|basis=Z|eta=0,SU2-CNOT-line|n10|d60|i4,512,403,0.00035294197841226495
v2_spectrum,SU2-CNOT-line|n10|d60|i4|dir=gaussian|basis=Z|eta=0,SU2-CNOT-line|n10|d60|i4,512,404,0.0003498964856400394
v2_spectrum,SU2-CNOT-line|n10|d60|i4|dir=gaussian|basis=Z|eta=0,SU2-CNOT-line|n10|d60|i4,512,405,0.0003479349256235076
v2_spectrum,SU2-CNOT-line|n10|d60|i4|dir=gaussian|basis=Z|eta=0,SU2-CNOT-line|n10|d60|i4,512,406,0.00034463850190350213
v2_spectrum,SU2-CNOT-line|n10|d60|i4|dir=gaussian|basis=Z|eta=0,SU2-CNOT-line|n10|d60|i4,512,407,0.00034112444068150284
v2_spectrum,SU2-CNOT-line|n10|d60|i4|dir=gaussian|basis=Z|eta=0,SU2-CNOT-line|n10|d60|i4,512,408,0.00033780557506688815
v2_spectrum,SU2-CNOT-line|n10|d60|i4|dir=gaussian|basis=Z|eta=0,SU2-CNOT-line|n10|d60|i4,512,409,0.0003337125654817069
v2_spectrum,SU2-CNOT-line|n10|d60|i4|dir=gaussian|basis=Z|eta=0,SU2-CNOT-line|n10|d60|i4,512,410,0.0003280952050340582
v2_spectrum,SU2-CNOT-line|n10|d60|i4|dir=gaussian|basis=Z|eta=0,SU2-CNOT-line|n10|d60|i4,512,411,0.0003252404258317743
v2_spectrum,SU2-CNOT-line|n10|d60|i4|dir=gaussian|basis=Z|eta=0,SU2-CNOT-line|n10|d60|i4,512,412,0.000324691758766476
v2_spectrum,SU2-CNOT-line|n10|d60|i4|dir=gaussian|basis=Z|eta=0,SU2-CNOT-line|n10|d60|i4,512,413,0.00032214675862439707
v2_spectrum,SU2-CNOT-line|n10|d60|i4|dir=gaussian|basis=Z|eta=0,SU2-CNOT-line|n10|d60|i4,512,414,0.00032157766595520355
v2_spectrum,SU2-CNOT-line|n10|d60|i4|dir=gaussian|basis=Z|eta=0,SU2-CNOT-line|n10|d60|i4,512,415,0.0003151533748706616
v2_spectrum,SU2-CNOT-line|n10|d60|i4|dir=gaussian|basis=Z|eta=0,SU2-CNOT-line|n10|d60|i4,512,416,0.00031441421302982165
v2_spectrum,SU2-CNOT-line|n10|d60|i4|dir=gaussian|basis=Z|eta=0,SU2-CNOT-line|n10|d60|i4,512,417,0.0003108563968399867
v2_spectrum,SU2-CNOT-line|n10|d60|i4|dir=gaussian|basis=Z|eta=0,SU2-CNOT-line|n10|d60|i4,512,418,0.0003046736294832174
v2_spectrum,SU2-CNOT-line|n10|d60|i4|dir=gaussian|basis=Z|eta=0,SU2-CNOT-line|n10|d60|i4,512,419,0.00030163135617983965
v2_spectrum,SU2-CNOT-line|n10|d60|i4|dir=gaussian|basis=Z|eta=0,SU2-CNOT-line|n10|d60|i4,512,420,0.0002993977786826812
v2_spectrum,SU2-CNOT-line|n10|d60|i4|dir=gaussian|basis=Z|eta=0,SU2-CNOT-line|n10|d60|i4,512,421,0.00029666949563809995
v2_spectrum,SU2-CNOT-line|n10|d60|i4|dir=gaussian|basis=Z|eta=0,SU2-CNOT-line|n10|d60|i4,512,422,0.00029439283015245886
v2_spectrum,SU2-CNOT-line|n10|d60|i4|dir=gaussian|basis=Z|eta=0,SU2-CNOT-line|n10|d60|i4,512,423,0.00029171475696026757
v2_spectrum,SU2-CNOT-line|n10|d60|i4|dir=gaussian|basis=Z|eta=0,SU2-CNOT-line|n10|d60|i4,512,424,0.0002872298715120242
v2_spectrum,SU2-CNOT-line|n10|d60|i4|dir=gaussian|basis=Z|eta=0,SU2-CNOT-line|n10|d60|i4,512,425,0.0002822579845310661
v2_spectrum,SU2-CNOT-line|n10|d60|i4|dir=gaussian|basis=Z|eta=0,SU2-CNOT-line|n10|d60|i4,512,426,0.0002782627824493151
v2_spectrum,SU2-CNOT-line|n10|d60|i4|dir=gaussian|basis=Z|eta=0,SU2-CNOT-line|n10|d60|i4,512,427,0.00027524386332171684
v2_spectrum,SU2-CNOT-line|n10|d60|i4|dir=gaussian|basis=Z|eta=0,SU2-CNOT-line|n10|d60|i4,512,428,0.00027450691256514014
v2_spectrum,SU2-CNOT-line|n10|d60|i4|dir=gaussian|basis=Z|eta=0,SU2-CNOT-line|n10|d60|i4,512,429,0.00027336490961964497
v2_spectrum,SU2-CNOT-line|n10|d60|i4|dir=gaussian|basis=Z|eta=0,SU2-CNOT-line|n10|d60|i4,512,430,0.0002713704914863993
v2_spectrum,SU2-CNOT-line|n10|d60|i4|dir=gaussian|basis=Z|eta=0,SU2-CNOT-line|n10|d60|i4,512,431,0.0002689699173453454
v2_spectrum,SU2-CNOT-line|n10|d60|i4|dir=gaussian|basis=Z|eta=0,SU2-CNOT-line|n10|d60|i4,512,432,0.0002636632497768632
v2_spectrum,SU2-CNOT-line|n10|d60|i4|dir=gaussian|basis=Z|eta=0,SU2-CNOT-line|n10|d60|i4,512,433,0.0002623645960367749
v2_spectrum,SU2-CNOT-line|n10|d60|i4|dir=gaussian|basis=Z|eta=0,SU2-CNOT-line|n10|d60|i4,512,434,0.00025872533148946236
v2_spectrum,SU2-CNOT-line|n10|d60|i4|dir=gaussian|basis=Z|eta=0,SU2-CNOT-line|n10|d60|i4,512,435,0.00025661878965188535
v2_spectrum,SU2-CNOT-line|n10|d60|i4|dir=gaussian|basis=Z|eta=0,SU2-CNOT-line|n10|d60|i4,512,436,0.00025337496136934926
v2_spectrum,SU2-CNOT-line|n10|d60|i4|dir=gaussian|basis=Z|eta=0,SU2-CNOT-line|n10|d60|i4,512,437,0.00024917676850585833
v2_spectrum,SU2-CNOT-line|n10|d60|i4|dir=gaussian|basis=Z|eta=0,SU2-CNOT-line|n10|d60|i4,512,438,0.0002434787885138056
v2_spectrum,SU2-CNOT-line|n10|d60|i4|dir=gaussian|basis=Z|eta=0,SU2-CNOT-line|n10|d60|i4,512,439,0.00024192028926427403
v2_spectrum,SU2-CNOT-line|n10|d60|i4|dir=gaussian|basis=Z|eta=0,SU2-CNOT-line|n10|d60|i4,512,440,0.0002378562543644591
v2_spectrum,SU2-CNOT-line|n10|d60|i4|dir=gaussian|basis=Z|eta=0,SU2-CNOT-line|n10|d60|i4,512,441,0.00023600717541033978
v2_spectrum,SU2-CNOT-line|n10|d60|i4|dir=gaussian|basis=Z|eta=0,SU2-CNOT-line|n10|d60|i4,512,442,0.00023566536098768565
v2_spectrum,SU2-CNOT-line|n10|d60|i4|dir=gaussian|basis=Z|eta=0,SU2-CNOT-line|n10|d60|i4,512,443,0.00023433398397761906
v2_spectrum,SU2-CNOT-line|n10|d60|i4|dir=gaussian|basis=Z|eta=0,SU2-CNOT-line|n10|d60|i4,512,444,0.00023057505123802368
v2_spectrum,SU2-CNOT-line|n10|d60|i4|dir=gaussian|basis=Z|eta=0,SU2-CNOT-line|n10|d60|i4,512,445,0.00022709332839803884
v2_spectrum,SU2-CNOT-line|n10|d60|i4|dir=gaussian|basis=Z|eta=0,SU2-CNOT-line|n10|d60|i4,512,446,0.00022516938837859466
v2_spectrum,SU2-CNOT-line|n10|d60|i4|dir=gaussian|basis=Z|eta=0,SU2-CNOT-line|n10|d60|i4,512,447,0.00022397115065562242
v2_spectrum,SU2-CNOT-line|n10|d60|i4|dir=gaussian|basis=Z|eta=0,SU2-CNOT-line|n10|d60|i4,512,448,0.00021887415762820506
v2_spectrum,SU2-CNOT-line|n10|d60|i4|dir=gaussian|basis=Z|eta=0,SU2-CNOT-line|n10|d60|i4,512,449,0.00021669403859470463
v2_spectrum,SU2-CNOT-line|n10|d60|i4|dir=gaussian|basis=Z|eta=0,SU2-CNOT-line|n10|d60|i4,512,450,0.00021283567957973296
v2_spectrum,SU2-CNOT-line|n10|d60|i4|dir=gaussian|basis=Z|eta=0,SU2-CNOT-line|n10|d60|i4,512,451,0.00021023415172423225
v2_spectrum,SU2-CNOT-line|n10|d60|i4|dir=gaussian|basis=Z|eta=0,SU2-CNOT-line|n10|d60|i4,512,452,0.00020689344788905892
v2_spectrum,SU2-CNOT-line|n10|d60|i4|dir=gaussian|basis=Z|eta=0,SU2-CNOT-line|n10|d60|i4,512,453,0.0002047777670591018
v2_spectrum,SU2-CNOT-line|n10|d60|i4|dir=gaussian|basis=Z|eta=0,SU2-CNOT-line|n10|d60|i4,512,454,0.00020255484999622903
v2_spectrum,SU2-CNOT-line|n10|d60|i4|dir=gaussian|basis=Z|eta=0,SU2-CNOT-line|n10|d60|i4,512,455,0.00020118891136780825
v2_spectrum,SU2-CNOT-line|n10|d60|i4|dir=gaussian|basis=Z|eta=0,SU2-CNOT-line|n10|d60|i4,512,456,0.00019677369493451534
v2_spectrum,SU2-CNOT-line|n10|d60|i4|dir=gaussian|basis=Z|eta=0,SU2-CNOT-line|n10|d60|i4,512,457,0.00019577984948155526
v2_spectrum,SU2-CNOT-line|n10|d60|i4|dir=gaussian|basis=Z|eta=0,SU2-CNOT-line|n10|d60|i4,512,458,0.00019248722758204704
v2_spectrum,SU2-CNOT-line|n10|d60|i4|dir=gaussian|basis=Z|eta=0,SU2-CNOT-line|n10|d60|i4,512,459,0.00019158321205385822
v2_spectrum,SU2-CNOT-line|n10|d60|i4|dir=gaussian|basis=Z|eta=0,SU2-CNOT-line|n10|d60|i4,512,460,0.00018802943093853853
v2_spectrum,SU2-CNOT-line|n10|d60|i4|dir=gaussian|basis=Z|eta=0,SU2-CNOT-line|n10|d60|i4,512,461,0.000186300530672867
v2_spectrum,SU2-CNOT-line|n10|d60|i4|dir=gaussian|basis=Z|eta=0,SU2-CNOT-line|n10|d60|i4,512,462,0.00018472327113848845
v2_spectrum,SU2-CNOT-line|n10|d60|i4|dir=gaussian|basis=Z|eta=0,SU2-CNOT-line|n10|d60|i4,512,463,0.00018044277109625727
v2_spectrum,SU2-CNOT-line|n10|d60|i4|dir=gaussian|basis=Z|eta=0,SU2-CNOT-line|n10|d60|i4,512,464,0.0001787732246156602
v2_spectrum,SU2-CNOT-line|n10|d60|i4|dir=gaussian|basis=Z|eta=0,SU2-CNOT-line|n10|d60|i4,512,465,0.00017479803850804562
v2_spectrum,SU2-CNOT-line|n10|d60|i4|dir=gaussian|basis=Z|eta=0,SU2-CNOT-line|n10|d60|i4,512,466,0.0001725691867838146
v2_spectrum,SU2-CNOT-line|n10|d60|i4|dir=gaussian|basis=Z|eta=0,SU2-CNOT-line|n10|d60|i4,512,467,0.0001706264546199488
v2_spectrum,SU2-CNOT-line|n10|d60|i4|dir=gaussian|basis=Z|eta=0,SU2-CNOT-line|n10|d60|i4,512,468,0.0001685870182585318
v2_spectrum,SU2-CNOT-line|n10|d60|i4|dir=gaussian|basis=Z|eta=0,SU2-CNOT-line|n10|d60|i4,512,469,0.00016545867926119108
v2_spectrum,SU2-CNOT-line|n10|d60|i4|dir=gaussian|basis=Z|eta=0,SU2-CNOT-line|n10|d60|i4,512,470,0.00016437507674118136
v2_spectrum,SU2-CNOT-line|n10|d60|i4|dir=gaussian|basis=Z|eta=0,SU2-CNOT-line|n10|d60|i4,512,471,0.000161347854924399
v2_spectrum,SU2-CNOT-line|n10|d60|i4|dir=gaussian|basis=Z|eta=0,SU2-CNOT-line|n10|d60|i4,512,472,0.00016009831402495853
v2_spectrum,SU2-CNOT-line|n10|d60|i4|dir=gaussian|basis=Z|eta=0,SU2-CNOT-line|n10|d60|i4,512,473,0.0001581516976537785
v2_spectrum,SU2-CNOT-line|n10|d60|i4|dir=gaussian|basis=Z|eta=0,SU2-CNOT-line|n10|d60|i4,512,474,0.00015605082759348368
v2_spectrum,SU2-CNOT-line|n10|d60|i4|dir=gaussian|basis=Z|eta=0,SU2-CNOT-line|n10|d60|i4,512,475,0.00015084618709571132
v2_spectrum,SU2-CNOT-line|n10|d60|i4|dir=gaussian|basis=Z|eta=0,SU2-CNOT-line|n10|d60|i4,512,476,0.00014965617534049073
v2_spectrum,SU2-CNOT-line|n10|d60|i4|dir=gaussian|basis=Z|eta=0,SU2-CNOT-line|n10|d60|i4,512,477,0.00014769656054133915
v2_spectrum,SU2-CNOT-line|n10|d60|i4|dir=gaussian|basis=Z|eta=0,SU2-CNOT-line|n10|d60|i4,512,478,0.0001470041333292351
v2_spectrum,SU2-CNOT-line|n10|d60|i4|dir=gaussian|basis=Z|eta=0,SU2-CNOT-line|n10|d60|i4,512,479,0.00014581027934911536
v2_spectrum,SU2-CNOT-line|n10|d60|i4|dir=gaussian|basis=Z|eta=0,SU2-CNOT-line|n10|d60|i4,512,480,0.0001416947492081996
v2_spectrum,SU2-CNOT-line|n10|d60|i4|dir=gaussian|basis=Z|eta=0,SU2-CNOT-line|n10|d60|i4,512,481,0.00013900332173145223
v2_spectrum,SU2-CNOT-line|n10|d60|i4|dir=gaussian|basis=Z|eta=0,SU2-CNOT-line|n10|d60|i4,512,482,0.00013759815667080936
v2_spectrum,SU2-CNOT-line|n10|d60|i4|dir=gaussian|basis=Z|eta=0,SU2-CNOT-line|n10|d60|i4,512,483,0.00013488686028131423
v2_spectrum,SU2-CNOT-line|n10|d60|i4|dir=gaussian|basis=Z|eta=0,SU2-CNOT-line|n10|d60|i4,512,484,0.0001335209434308435
v2_spectrum,SU2-CNOT-line|n10|d60|i4|dir=gaussian|basis=Z|eta=0,SU2-CNOT-line|n10|d60|i4,512,485,0.00013229749049214554
v2_spectrum,SU2-CNOT-line|n10|d60|i4|dir=gaussian|basis=Z|eta=0,SU2-CNOT-line|n10|d60|i4,512,486,0.00012795085581158416
v2_spectrum,SU2-CNOT-line|n10|d60|i4|dir=gaussian|basis=Z|eta=0,SU2-CNOT-line|n10|d60|i4,512,487,0.00012707332483937023
v2_spectrum,SU2-CNOT-line|n10|d60|i4|dir=gaussian|basis=Z|eta=0,SU2-CNOT-line|n10|d60|i4,512,488,0.00012456020904403085
v2_spectrum,SU2-CNOT-line|n10|d60|i4|dir=gaussian|basis=Z|eta=0,SU2-CNOT-line|n10|d60|i4,512,489,0.00012170304233029095
v2_spectrum,SU2-CNOT-line|n10|d60|i4|dir=gaussian|basis=Z|eta=0,SU2-CNOT-line|n10|d60|i4,512,490,0.00011820493931567457
v2_spectrum,SU2-CNOT-line|n10|d60|i4|dir=gaussian|basis=Z|eta=0,SU2-CNOT-line|n10|d60|i4,512,491,0.00011544757397335994
v2_spectrum,SU2-CNOT-line|n10|d60|i4|dir=gaussian|basis=Z|eta=0,SU2-CNOT-line|n10|d60|i4,512,492,0.00011480419365681848
v2_spectrum,SU2-CNOT-line|n10|d60|i4|dir=gaussian|basis=Z|eta=0,SU2-CNOT-line|n10|d60|i4,512,493,0.00011258009971274054
v2_spectrum,SU2-CNOT-line|n10|d60|i4|dir=gaussian|basis=Z|eta=0,SU2-CNOT-line|n10|d60|i4,512,494,0.00011197564199918457
v2_spectrum,SU2-CNOT-line|n10|d60|i4|dir=gaussian|basis=Z|eta=0,SU2-CNOT-line|n10|d60|i4,512,495,0.00011065763360623328
v2_spectrum,SU2-CNOT-line|n10|d60|i4|dir=gaussian|basis=Z|eta=0,SU2-CNOT-line|n10|d60|i4,512,496,0.00010745919866507766
v2_spectrum,SU2-CNOT-line|n10|d60|i4|dir=gaussian|basis=Z|eta=0,SU2-CNOT-line|n10|d60|i4,512,497,0.00010526751341835241
v2_spectrum,SU2-CNOT-line|n10|d60|i4|dir=gaussian|basis=Z|eta=0,SU2-CNOT-line|n10|d60|i4,512,498,0.00010318759810201121
v2_spectrum,SU2-CNOT-line|n10|d60|i4|dir=gaussian|basis=Z|eta=0,SU2-CNOT-line|n10|d60|i4,512,499,0.0001022524567805122
v2_spectrum,SU2-CNOT-line|n10|d60|i4|dir=gaussian|basis=Z|eta=0,SU2-CNOT-line|n10|d60|i4,512,500,0.00010201716022982322
v2_spectrum,SU2-CNOT-line|n10|d60|i4|dir=gaussian|basis=Z|eta=0,SU2-CNOT-line|n10|d60|i4,512,501,9.911878618883953e-05
v2_spectrum,SU2-CNOT-line|n10|d60|i4|dir=gaussian|basis=Z|eta=0,SU2-CNOT-line|n10|d60|i4,512,502,9.543406365287873e-05
v2_spectrum,SU2-CNOT-line|n10|d60|i4|dir=gaussian|basis=Z|eta=0,SU2-CNOT-line|n10|d60|i4,512,503,9.35268575619861e-05
v2_spectrum,SU2-CNOT-line|n10|d60|i4|dir=gaussian|basis=Z|eta=0,SU2-CNOT-line|n10|d60|i4,512,504,9.267195651926574e-05
v2_spectrum,SU2-CNOT-line|n10|d60|i4|dir=gaussian|basis=Z|eta=0,SU2-CNOT-line|n10|d60|i4,512,505,8.965623903490989e-05
v2_spectrum,SU2-CNOT-line|n10|d60|i4|dir=gaussian|basis=Z|eta=0,SU2-CNOT-line|n10|d60|i4,512,506,8.494124677649633e-05
v2_spectrum,SU2-CNOT-line|n10|d60|i4|dir=gaussian|basis=Z|eta=0,SU2-CNOT-line|n10|d60|i4,512,507,8.353873848460719e-05
v2_spectrum,SU2-CNOT-line|n10|d60|i4|dir=gaussian|basis=Z|eta=0,SU2-CNOT-line|n10|d60|i4,512,508,8.03269420269476e-05
v2_spectrum,SU2-CNOT-line|n10|d60|i4|dir=gaussian|basis=Z|eta=0,SU2-CNOT-line|n10|d60|i4,512,509,7.805341464667882e-05
v2_spectrum,SU2-CNOT-line|n10|d60|i4|dir=gaussian|basis=Z|eta=0,SU2-CNOT-line|n10|d60|i4,512,510,7.357405842370275e-05
v2_spectrum,SU2-CNOT-line|n10|d60|i4|dir=gaussian|basis=Z|eta=0,SU2-CNOT-line|n10|d60|i4,512,511,7.196175151851505e-05
v2_spectrum,SU2-CNOT-line|n10|d60|i4|dir=gaussian|basis=Z|eta=0,SU2-CNOT-line|n10|d60|i4,512,512,7.049371344045089e-05
v2_spectrum,SU2-HaarU4-brickwork|n12|d72|i4|dir=gaussian|basis=Z|eta=0,SU2-HaarU4-brickwork|n12|d72|i4,512,1,0.008798874869137158
v2_spectrum,SU2-HaarU4-brickwork|n12|d72|i4|dir=gaussian|basis=Z|eta=0,SU2-HaarU4-brickwork|n12|d72|i4,512,2,0.008306571408022814
v2_spectrum,SU2-HaarU4-brickwork|n12|d72|i4|dir=gaussian|basis=Z|eta=0,SU2-HaarU4-brickwork|n12|d72|i4,512,3,0.008282503521648886
v2_spectrum,SU2-HaarU4-brickwork|n12|d72|i4|dir=gaussian|basis=Z|eta=0,SU2-HaarU4-brickwork|n12|d72|i4,512,4,0.0077657585674664005
v2_spectrum,SU2-HaarU4-brickwork|n12|d72|i4|dir=gaussian|basis=Z|eta=0,SU2-HaarU4-brickwork|n12|d72|i4,512,5,0.007634541610120611
v2_spectrum,SU2-HaarU4-brickwork|n12|d72|i4|dir=gaussian|basis=Z|eta=0,SU2-HaarU4-brickwork|n12|d72|i4,512,6,0.007516154774659829
v2_spectrum,SU2-HaarU4-brickwork|n12|d72|i4|dir=gaussian|basis=Z|eta=0,SU2-HaarU4-brickwork|n12|d72|i4,512,7,0.007418496640965314
v2_spectrum,SU2-HaarU4-brickwork|n12|d72|i4|dir=gaussian|basis=Z|eta=0,SU2-HaarU4-brickwork|n12|d72|i4,512,8,0.0073464833089138416
v2_spectrum,SU2-HaarU4-brickwork|n12|d72|i4|dir=gaussian|basis=Z|eta=0,SU2-HaarU4-brickwork|n12|d72|i4,512,9,0.007069344973812882
v2_spectrum,SU2-HaarU4-brickwork|n12|d72|i4|dir=gaussian|basis=Z|eta=0,SU2-HaarU4-brickwork|n12|d72|i4,512,10,0.0069980403295415855
v2_spectrum,SU2-HaarU4-brickwork|n12|d72|i4|dir=gaussian|basis=Z|eta=0,SU2-HaarU4-brickwork|n12|d72|i4,512,11,0.006908458025464146
v2_spectrum,SU2-HaarU4-brickwork|n12|d72|i4|dir=gaussian|basis=Z|eta=0,SU2-HaarU4-brickwork|n12|d72|i4,512,12,0.006827843903868829
v2_spectrum,SU2-HaarU4-brickwork|n12|d72|i4|dir=gaussian|basis=Z|eta=0,SU2-HaarU4-brickwork|n12|d72|i4,512,13,0.00676750504044473
v2_spectrum,SU2-HaarU4-brickwork|n12|d72|i4|dir=gaussian|basis=Z|eta=0,SU2-HaarU4-brickwork|n12|d72|i4,512,14,0.006650074359406511
v2_spectrum,SU2-HaarU4-brickwork|n12|d72|i4|dir=gaussian|basis=Z|eta=0,SU2-HaarU4-brickwork|n12|d72|i4,512,15,0.006618349457470512
v2_spectrum,SU2-HaarU4-brickwork|n12|d72|i4|dir=gaussian|basis=Z|eta=0,SU2-HaarU4-brickwork|n12|d72|i4,512,16,0.0065538476458786845
v2_spectrum,SU2-HaarU4-brickwork|n12|d72|i4|dir=gaussian|basis=Z|eta=0,SU2-HaarU4-brickwork|n12|d72|i4,512,17,0.006479696224472511
v2_spectrum,SU2-HaarU4-brickwork|n12|d72|i4|dir=gaussian|basis=Z|eta=0,SU2-HaarU4-brickwork|n12|d72|i4,512,18,0.006364037406475029
v2_spectrum,SU2-HaarU4-brickwork|n12|d72|i4|dir=gaussian|basis=Z|eta=0,SU2-HaarU4-brickwork|n12|d72|i4,512,19,0.006319550531117378
v2_spectrum,SU2-HaarU4-brickwork|n12|d72|i4|dir=gaussian|basis=Z|eta=0,SU2-HaarU4-brickwork|n12|d72|i4,512,20,0.006230564162753256
v2_spectrum,SU2-HaarU4-brickwork|n12|d72|i4|dir=gaussian|basis=Z|eta=0,SU2-HaarU4-brickwork|n12|d72|i4,512,21,0.006202940951123403
v2_spectrum,SU2-HaarU4-brickwork|n12|d72|i4|dir=gaussian|basis=Z|eta=0,SU2-HaarU4-brickwork|n12|d72|i4,512,22,0.0061474174899490445
v2_spectrum,SU2-HaarU4-brickwork|n12|d72|i4|dir=gaussian|basis=Z|eta=0,SU2-HaarU4-brickwork|n12|d72|i4,512,23,0.006062974436769704
v2_spectrum,SU2-HaarU4-brickwork|n12|d72|i4|dir=gaussian|basis=Z|eta=0,SU2-HaarU4-brickwork|n12|d72|i4,512,24,0.005961220051653379
v2_spectrum,SU2-HaarU4-brickwork|n12|d72|i4|dir=gaussian|basis=Z|eta=0,SU2-HaarU4-brickwork|n12|d72|i4,512,25,0.005921391666151103
v2_spectrum,SU2-HaarU4-brickwork|n12|d72|i4|dir=gaussian|basis=Z|eta=0,SU2-HaarU4-brickwork|n12|d72|i4,512,26,0.005837028818497508
v2_spectrum,SU2-HaarU4-brickwork|n12|d72|i4|dir=gaussian|basis=Z|eta=0,SU2-HaarU4-brickwork|n12|d72|i4,512,27,0.005751725805248814
v2_spectrum,SU2-HaarU4-brickwork|n12|d72|i4|dir=gaussian|basis=Z|eta=0,SU2-HaarU4-brickwork|n12|d72|i4,512,28,0.005721990989834954
v2_spectrum,SU2-HaarU4-brickwork|n12|d72|i4|dir=gaussian|basis=Z|eta=0,SU2-HaarU4-brickwork|n12|d72|i4,512,29,0.005661101308404825
v2_spectrum,SU2-HaarU4-brickwork|n12|d72|i4|dir=gaussian|basis=Z|eta=0,SU2-HaarU4-brickwork|n12|d72|i4,512,30,0.005603580108619703
v2_spectrum,SU2-HaarU4-brickwork|n12|d72|i4|dir=gaussian|basis=Z|eta=0,SU2-HaarU4-brickwork|n12|d72|i4,512,31,0.005562913807467691
v2_spectrum,SU2-HaarU4-brickwork|n12|d72|i4|dir=gaussian|basis=Z|eta=0,SU2-HaarU4-brickwork|n12|d72|i4,512,32,0.005508353266085093
v2_spectrum,SU2-HaarU4-brickwork|n12|d72|i4|dir=gaussian|basis=Z|eta=0,SU2-HaarU4-brickwork|n12|d72|i4,512,33,0.005497020601318947
v2_spectrum,SU2-HaarU4-brickwork|n12|d72|i4|dir=gaussian|basis=Z|eta=0,SU2-HaarU4-brickwork|n12|d72|i4,512,34,0.00544495524659748
v2_spectrum,SU2-HaarU4-brickwork|n12|d72|i4|dir=gaussian|basis=Z|eta=0,SU2-HaarU4-brickwork|n12|d72|i4,512,35,0.0054004834959936595
v2_spectrum,SU2-HaarU4-brickwork|n12|d72|i4|dir=gaussian|basis=Z|eta=0,SU2-HaarU4-brickwork|n12|d72|i4,512,36,0.0053494723961859565
v2_spectrum,SU2-HaarU4-brickwork|n12|d72|i4|dir=gaussian|basis=Z|eta=0,SU2-HaarU4-brickwork|n12|d72|i4,512,37,0.005315836746400966
v2_spectrum,SU2-HaarU4-brickwork|n12|d72|i4|dir=gaussian|basis=Z|eta=0,SU2-HaarU4-brickwork|n12|d72|i4,512,38,0.005223538077214315
v2_spectrum,SU2-HaarU4-brickwork|n12|d72|i4|dir=gaussian|basis=Z|eta=0,SU2-HaarU4-brickwork|n12|d72|i4,512,39,0.005171100610642284
v2_spectrum,SU2-HaarU4-brickwork|n12|d72|i4|dir=gaussian|basis=Z|eta=0,SU2-HaarU4-brickwork|n12|d72|i4,512,40,0.0051027356546100725
v2_spectrum,SU2-HaarU4-brickwork|n12|d72|i4|dir=gaussian|basis=Z|eta=0,SU2-HaarU4-brickwork|n12|d72|i4,512,41,0.005081188767881171
v2_spectrum,SU2-HaarU4-brickwork|n12|d72|i4|dir=gaussian|basis=Z|eta=0,SU2-HaarU4-brickwork|n12|d72|i4,512,42,0.005031072170478643
v2_spectrum,SU2-HaarU4-brickwork|n12|d72|i4|dir=gaussian|basis=Z|eta=0,SU2-HaarU4-brickwork|n12|d72|i4,512,43,0.004998102554010899
v2_spectrum,SU2-HaarU4-brickwork|n12|d72|i4|dir=gaussian|basis=Z|eta=0,SU2-HaarU4-brickwork|n12|d72|i4,512,44,0.004940081818576319
v2_spectrum,SU2-HaarU4-brickwork|n12|d72|i4|dir=gaussian|basis=Z|eta=0,SU2-HaarU4-brickwork|n12|d72|i4,512,45,0.004904226481158861
v2_spectrum,SU2-HaarU4-brickwork|n12|d72|i4|dir=gaussian|basis=Z|eta=0,SU2-HaarU4-brickwork|n12|d72|i4,512,46,0.004872466998187625
v2_spectrum,SU2-HaarU4-brickwork|n12|d72|i4|dir=gaussian|basis=Z|eta=0,SU2-HaarU4-brickwork|n12|d72|i4,512,47,0.004819456098235451
v2_spectrum,SU2-HaarU4-brickwork|n12|d72|i4|dir=gaussian|basis=Z|eta=0,SU2-HaarU4-brickwork|n12|d72|i4,512,48,0.004772668123759791
v2_spectrum,SU2-HaarU4-brickwork|n12|d72|i4|dir=gaussian|basis=Z|eta=0,SU2-HaarU4-brickwork|n12|d72|i4,512,49,0.004698999219073143
v2_spectrum,SU2-HaarU4-brickwork|n12|d72|i4|dir=gaussian|basis=Z|eta=0,SU2-HaarU4-brickwork|n12|d72|i4,512,50,0.004662442397063526
v2_spectrum,SU2-HaarU4-brickwork|n12|d72|i4|dir=gaussian|basis=Z|eta=0,SU2-HaarU4-brickwork|n12|d72|i4,512,51,0.004648888249550565
v2_spectrum,SU2-HaarU4-brickwork|n12|d72|i4|dir=gaussian|basis=Z|eta=0,SU2-HaarU4-brickwork|n12|d72|i4,512,52,0.004626024556330904
v2_spectrum,SU2-HaarU4-brickwork|n12|d72|i4|dir=gaussian|basis=Z|eta=0,SU2-HaarU4-brickwork|n12|d72|i4,512,53,0.004616530761206459
v2_spectrum,SU2-HaarU4-brickwork|n12|d72|i4|dir=gaussian|basis=Z|eta=0,SU2-HaarU4-brickwork|n12|d72|i4,512,54,0.004576609073529514
v2_spectrum,SU2-HaarU4-brickwork|n12|d72|i4|dir=gaussian|basis=Z|eta=0,SU2-HaarU4-brickwork|n12|d72|i4,512,55,0.004539504940786145
v2_spectrum,SU2-HaarU4-brickwork|n12|d72|i4|dir=gaussian|basis=Z|eta=0,SU2-HaarU4-brickwork|n12|d72|i4,512,56,0.0044998449651195895
v2_spectrum,SU2-HaarU4-brickwork|n12|d72|i4|dir=gaussian|basis=Z|eta=0,SU2-HaarU4-brickwork|n12|d72|i4,512,57,0.004450408849489252
v2_spectrum,SU2-HaarU4-brickwork|n12|d72|i4|dir=gaussian|basis=Z|eta=0,SU2-HaarU4-brickwork|n12|d72|i4,512,58,0.004411720418111472
v2_spectrum,SU2-HaarU4-brickwork|n12|d72|i4|dir=gaussian|basis=Z|eta=0,SU2-HaarU4-brickwork|n12|d72|i4,512,59,0.0043808564501066505
v2_spectrum,SU2-HaarU4-brickwork|n12|d72|i4|dir=gaussian|basis=Z|eta=0,SU2-HaarU4-brickwork|n12|d72|i4,512,60,0.004348296318917218
v2_spectrum,SU2-HaarU4-brickwork|n12|d72|i4|dir=gaussian|basis=Z|eta=0,SU2-HaarU4-brickwork|n12|d72|i4,512,61,0.004328468204639934
v2_spectrum,SU2-HaarU4-brickwork|n12|d72|i4|dir=gaussian|basis=Z|eta=0,SU2-HaarU4-brickwork|n12|d72|i4,512,62,0.004295078010059601
v2_spectrum,SU2-HaarU4-brickwork|n12|d72|i4|dir=gaussian|basis=Z|eta=0,SU2-HaarU4-brickwork|n12|d72|i4,512,63,0.004265264122023025
v2_spectrum,SU2-HaarU4-brickwork|n12|d72|i4|dir=gaussian|basis=Z|eta=0,SU2-HaarU4-brickwork|n12|d72|i4,512,64,0.004255770361282691
v2_spectrum,SU2-HaarU4-brickwork|n12|d72|i4|dir=gaussian|basis=Z|eta=0,SU2-HaarU4-brickwork|n12|d72|i4,512,65,0.004213589655273789
v2_spectrum,SU2-HaarU4-brickwork|n12|d72|i4|dir=gaussian|basis=Z|eta=0,SU2-HaarU4-brickwork|n12|d72|i4,512,66,0.00417939297907393
v2_spectrum,SU2-HaarU4-brickwork|n12|d72|i4|dir=gaussian|basis=Z|eta=0,SU2-HaarU4-brickwork|n12|d72|i4,512,67,0.004165580352679434
v2_spectrum,SU2-HaarU4-brickwork|n12|d72|i4|dir=gaussian|basis=Z|eta=0,SU2-HaarU4-brickwork|n12|d72|i4,512,68,0.004101054145673068
v2_spectrum,SU2-HaarU4-brickwork|n12|d72|i4|dir=gaussian|basis=Z|eta=0,SU2-HaarU4-brickwork|n12|d72|i4,512,69,0.004079460074141115
v2_spectrum,SU2-HaarU4-brickwork|n12|d72|i4|dir=gaussian|basis=Z|eta=0,SU2-HaarU4-brickwork|n12|d72|i4,512,70,0.004047829891859195
v2_spectrum,SU2-HaarU4-brickwork|n12|d72|i4|dir=gaussian|basis=Z|eta=0,SU2-HaarU4-brickwork|n12|d72|i4,512,71,0.004032152231163503
v2_spectrum,SU2-HaarU4-brickwork|n12|d72|i4|dir=gaussian|basis=Z|eta=0,SU2-HaarU4-brickwork|n12|d72|i4,512,72,0.003983529276333722
v2_spectrum,SU2-HaarU4-brickwork|n12|d72|i4|dir=gaussian|basis=Z|eta=0,SU2-HaarU4-brickwork|n12|d72|i4,512,73,0.0039548946677331635
v2_spectrum,SU2-HaarU4-brickwork|n12|d72|i4|dir=gaussian|basis=Z|eta=0,SU2-HaarU4-brickwork|n12|d72|i4,512,74,0.0039246637986912365
v2_spectrum,SU2-HaarU4-brickwork|n12|d72|i4|dir=gaussian|basis=Z|eta=0,SU2-HaarU4-brickwork|n12|d72|i4,512,75,0.003910206922666382
v2_spectrum,SU2-HaarU4-brickwork|n12|d72|i4|dir=gaussian|basis=Z|eta=0,SU2-HaarU4-brickwork|n12|d72|i4,512,76,0.0038901943246961797
v2_spectrum,SU2-HaarU4-brickwork|n12|d72|i4|dir=gaussian|basis=Z|eta=0,SU2-HaarU4-brickwork|n12|d72|i4,512,77,0.003851254032827197
v2_spectrum,SU2-HaarU4-brickwork|n12|d72|i4|dir=gaussian|basis=Z|eta=0,SU2-HaarU4-brickwork|n12|d72|i4,512,78,0.0038061060208487503
v2_spectrum,SU2-HaarU4-brickwork|n12|d72|i4|dir=gaussian|basis=Z|eta=0,SU2-HaarU4-brickwork|n12|d72|i4,512,79,0.0038050450974200993
v2_spectrum,SU2-HaarU4-brickwork|n12|d72|i4|dir=gaussian|basis=Z|eta=0,SU2-HaarU4-brickwork|n12|d72|i4,512,80,0.003789776332433025
v2_spectrum,SU2-HaarU4-brickwork|n12|d72|i4|dir=gaussian|basis=Z|eta=0,SU2-HaarU4-brickwork|n12|d72|i4,512,81,0.0037679232298908688
v2_spectrum,SU2-HaarU4-brickwork|n12|d72|i4|dir=gaussian|basis=Z|eta=0,SU2-HaarU4-brickwork|n12|d72|i4,512,82,0.0037420763621246592
v2_spectrum,SU2-HaarU4-brickwork|n12|d72|i4|dir=gaussian|basis=Z|eta=0,SU2-HaarU4-brickwork|n12|d72|i4,512,83,0.0037142034221893153
v2_spectrum,SU2-HaarU4-brickwork|n12|d72|i4|dir=gaussian|basis=Z|eta=0,SU2-HaarU4-brickwork|n12|d72|i4,512,84,0.0036893908249244715
v2_spectrum,SU2-HaarU4-brickwork|n12|d72|i4|dir=gaussian|basis=Z|eta=0,SU2-HaarU4-brickwork|n12|d72|i4,512,85,0.0036704346953919335
v2_spectrum,SU2-HaarU4-brickwork|n12|d72|i4|dir=gaussian|basis=Z|eta=0,SU2-HaarU4-brickwork|n12|d72|i4,512,86,0.0036446798922572772
v2_spectrum,SU2-HaarU4-brickwork|n12|d72|i4|dir=gaussian|basis=Z|eta=0,SU2-HaarU4-brickwork|n12|d72|i4,512,87,0.0036107342886082944
v2_spectrum,SU2-HaarU4-brickwork|n12|d72|i4|dir=gaussian|basis=Z|eta=0,SU2-HaarU4-brickwork|n12|d72|i4,512,88,0.0035858233101266957
v2_spectrum,SU2-HaarU4-brickwork|n12|d72|i4|dir=gaussian|basis=Z|eta=0,SU2-HaarU4-brickwork|n12|d72|i4,512,89,0.0035559726474460405
v2_spectrum,SU2-HaarU4-brickwork|n12|d72|i4|dir=gaussian|basis=Z|eta=0,SU2-HaarU4-brickwork|n12|d72|i4,512,90,0.0035440957330777983
v2_spectrum,SU2-HaarU4-brickwork|n12|d72|i4|dir=gaussian|basis=Z|eta=0,SU2-HaarU4-brickwork|n12|d72|i4,512,91,0.0035023337471563262
v2_spectrum,SU2-HaarU4-brickwork|n12|d72|i4|dir=gaussian|basis=Z|eta=0,SU2-HaarU4-brickwork|n12|d72|i4,512,92,0.0034917058808196146
v2_spectrum,SU2-HaarU4-brickwork|n12|d72|i4|dir=gaussian|basis=Z|eta=0,SU2-HaarU4-brickwork|n12|d72|i4,512,93,0.0034644256512407763
v2_spectrum,SU2-HaarU4-brickwork|n12|d72|i4|dir=gaussian|basis=Z|eta=0,SU2-HaarU4-brickwork|n12|d72|i4,512,94,0.0034412639315511712
v2_spectrum,SU2-HaarU4-brickwork|n12|d72|i4|dir=gaussian|basis=Z|eta=0,SU2-HaarU4-brickwork|n12|d72|i4,512,95,0.003433213767132327
v2_spectrum,SU2-HaarU4-brickwork|n12|d72|i4|dir=gaussian|basis=Z|eta=0,SU2-HaarU4-brickwork|n12|d72|i4,512,96,0.003417025806272813
v2_spectrum,SU2-HaarU4-brickwork|n12|d72|i4|dir=gaussian|basis=Z|eta=0,SU2-HaarU4-brickwork|n12|d72|i4,512,97,0.003373703032581462
v2_spectrum,SU2-HaarU4-brickwork|n12|d72|i4|dir=gaussian|basis=Z|eta=0,SU2-HaarU4-brickwork|n12|d72|i4,512,98,0.0033564179375328396
v2_spectrum,SU2-HaarU4-brickwork|n12|d72|i4|dir=gaussian|basis=Z|eta=0,SU2-HaarU4-brickwork|n12|d72|i4,512,99,0.003336503480890633
v2_spectrum,SU2-HaarU4-brickwork|n12|d72|i4|dir=gaussian|basis=Z|eta=0,SU2-HaarU4-brickwork|n12|d72|i4,512,100,0.0033213752635380144
v2_spectrum,SU2-HaarU4-brickwork|n12|d72|i4|dir=gaussian|basis=Z|eta=0,SU2-HaarU4-brickwork|n12|d72|i4,512,101,0.0033007903470709103
v2_spectrum,SU2-HaarU4-brickwork|n12|d72|i4|dir=gaussian|basis=Z|eta=0,SU2-HaarU4-brickwork|n12|d72|i4,512,102,0.003272967023150152
v2_spectrum,SU2-HaarU4-brickwork|n12|d72|i4|dir=gaussian|basis=Z|eta=0,SU2-HaarU4-brickwork|n12|d72|i4,512,103,0.00326748184735488
v2_spectrum,SU2-HaarU4-brickwork|n12|d72|i4|dir=gaussian|basis=Z|eta=0,SU2-HaarU4-brickwork|n12|d72|i4,512,104,0.0032546171107975504
v2_spectrum,SU2-HaarU4-brickwork|n12|d72|i4|dir=gaussian|basis=Z|eta=0,SU2-HaarU4-brickwork|n12|d72|i4,512,105,0.0032299155244033275
v2_spectrum,SU2-HaarU4-brickwork|n12|d72|i4|dir=gaussian|basis=Z|eta=0,SU2-HaarU4-brickwork|n12|d72|i4,512,106,0.0031976712395085163
v2_spectrum,SU2-HaarU4-brickwork|n12|d72|i4|dir=gaussian|basis=Z|eta=0,SU2-HaarU4-brickwork|n12|d72|i4,512,107,0.0031831215935879302
v2_spectrum,SU2-HaarU4-brickwork|n12|d72|i4|dir=gaussian|basis=Z|eta=0,SU2-HaarU4-brickwork|n12|d72|i4,512,108,0.003164227584312852
v2_spectrum,SU2-HaarU4-brickwork|n12|d72|i4|dir=gaussian|basis=Z|eta=0,SU2-HaarU4-brickwork|n12|d72|i4,512,109,0.003141900533926192
v2_spectrum,SU2-HaarU4-brickwork|n12|d72|i4|dir=gaussian|basis=Z|eta=0,SU2-HaarU4-brickwork|n12|d72|i4,512,110,0.003113211438421979
v2_spectrum,SU2-HaarU4-brickwork|n12|d72|i4|dir=gaussian|basis=Z|eta=0,SU2-HaarU4-brickwork|n12|d72|i4,512,111,0.00309410217177688
v2_spectrum,SU2-HaarU4-brickwork|n12|d72|i4|dir=gaussian|basis=Z|eta=0,SU2-HaarU4-brickwork|n12|d72|i4,512,112,0.0030700400077578387
v2_spectrum,SU2-HaarU4-brickwork|n12|d72|i4|dir=gaussian|basis=Z|eta=0,SU2-HaarU4-brickwork|n12|d72|i4,512,113,0.0030534798121533008
v2_spectrum,SU2-HaarU4-brickwork|n12|d72|i4|dir=gaussian|basis=Z|eta=0,SU2-HaarU4-brickwork|n12|d72|i4,512,114,0.003036008583358041
v2_spectrum,SU2-HaarU4-brickwork|n12|d72|i4|dir=gaussian|basis=Z|eta=0,SU2-HaarU4-brickwork|n12|d72|i4,512,115,0.0030282268647168348
v2_spectrum,SU2-HaarU4-brickwork|n12|d72|i4|dir=gaussian|basis=Z|eta=0,SU2-HaarU4-brickwork|n12|d72|i4,512,116,0.003000064057283815
v2_spectrum,SU2-HaarU4-brickwork|n12|d72|i4|dir=gaussian|basis=Z|eta=0,SU2-HaarU4-brickwork|n12|d72|i4,512,117,0.0029880631289899424
v2_spectrum,SU2-HaarU4-brickwork|n12|d72|i4|dir=gaussian|basis=Z|eta=0,SU2-HaarU4-brickwork|n12|d72|i4,512,118,0.0029637318474822682
v2_spectrum,SU2-HaarU4-brickwork|n12|d72|i4|dir=gaussian|basis=Z|eta=0,SU2-HaarU4-brickwork|n12|d72|i4,512,119,0.0029376512194407324
v2_spectrum,SU2-HaarU4-brickwork|n12|d72|i4|dir=gaussian|basis=Z|eta=0,SU2-HaarU4-brickwork|n12|d72|i4,512,120,0.002907096888219497
v2_spectrum,SU2-HaarU4-brickwork|n12|d72|i4|dir=gaussian|basis=Z|eta=0,SU2-HaarU4-brickwork|n12|d72|i4,512,121,0.002890909621859589
v2_spectrum,SU2-HaarU4-brickwork|n12|d72|i4|dir=gaussian|basis=Z|eta=0,SU2-HaarU4-brickwork|n12|d72|i4,512,122,0.0028879879918418576
v2_spectrum,SU2-HaarU4-brickwork|n12|d72|i4|dir=gaussian|basis=Z|eta=0,SU2-HaarU4-brickwork|n12|d72|i4,512,123,0.002873521078735756
v2_spectrum,SU2-HaarU4-brickwork|n12|d72|i4|dir=gaussian|basis=Z|eta=0,SU2-HaarU4-brickwork|n12|d72|i4,512,124,0.002859157604829384
v2_spectrum,SU2-HaarU4-brickwork|n12|d72|i4|dir=gaussian|basis=Z|eta=0,SU2-HaarU4-brickwork|n12|d72|i4,512,125,0.002823069016878234
v2_spectrum,SU2-HaarU4-brickwork|n12|d72|i4|dir=gaussian|basis=Z|eta=0,SU2-HaarU4-brickwork|n12|d72|i4,512,126,0.0028137562082252146
v2_spectrum,SU2-HaarU4-brickwork|n12|d72|i4|dir=gaussian|basis=Z|eta=0,SU2-HaarU4-brickwork|n12|d72|i4,512,127,0.002800623670840868
v2_spectrum,SU2-HaarU4-brickwork|n12|d72|i4|dir=gaussian|basis=Z|eta=0,SU2-HaarU4-brickwork|n12|d72|i4,512,128,0.002773829442796688
v2_spectrum,SU2-HaarU4-brickwork|n12|d72|i4|dir=gaussian|basis=Z|eta=0,SU2-HaarU4-brickwork|n12|d72|i4,512,129,0.002746167641554642
v2_spectrum,SU2-HaarU4-brickwork|n12|d72|i4|dir=gaussian|basis=Z|eta=0,SU2-HaarU4-brickwork|n12|d72|i4,512,130,0.0027353360649785964
v2_spectrum,SU2-HaarU4-brickwork|n12|d72|i4|dir=gaussian|basis=Z|eta=0,SU2-HaarU4-brickwork|n12|d72|i4,512,131,0.002716997941116697
v2_spectrum,SU2-HaarU4-brickwork|n12|d72|i4|dir=gaussian|basis=Z|eta=0,SU2-HaarU4-brickwork|n12|d72|i4,512,132,0.0027072141243973946
v2_spectrum,SU2-HaarU4-brickwork|n12|d72|i4|dir=gaussian|basis=Z|eta=0,SU2-HaarU4-brickwork|n12|d72|i4,512,133,0.002690641953252699
v2_spectrum,SU2-HaarU4-brickwork|n12|d72|i4|dir=gaussian|basis=Z|eta=0,SU2-HaarU4-brickwork|n12|d72|i4,512,134,0.002680126910693755
v2_spectrum,SU2-HaarU4-brickwork|n12|d72|i4|dir=gaussian|basis=Z|eta=0,SU2-HaarU4-brickwork|n12|d72|i4,512,135,0.0026511574529405947
v2_spectrum,SU2-HaarU4-brickwork|n12|d72|i4|dir=gaussian|basis=Z|eta=0,SU2-HaarU4-brickwork|n12|d72|i4,512,136,0.0026471428995384883
v2_spectrum,SU2-HaarU4-brickwork|n12|d72|i4|dir=gaussian|basis=Z|eta=0,SU2-HaarU4-brickwork|n12|d72|i4,512,137,0.0026349401744207293
v2_spectrum,SU2-HaarU4-brickwork|n12|d72|i4|dir=gaussian|basis=Z|eta=0,SU2-HaarU4-brickwork|n12|d72|i4,512,138,0.002617891693093516
v2_spectrum,SU2-HaarU4-brickwork|n12|d72|i4|dir=gaussian|basis=Z|eta=0,SU2-HaarU4-brickwork|n12|d72|i4,512,139,0.002599847864880243
v2_spectrum,SU2-HaarU4-brickwork|n12|d72|i4|dir=gaussian|basis=Z|eta=0,SU2-HaarU4-brickwork|n12|d72|i4,512,140,0.002583023184012043
v2_spectrum,SU2-HaarU4-brickwork|n12|d72|i4|dir=gaussian|basis=Z|eta=0,SU2-HaarU4-brickwork|n12|d72|i4,512,141,0.002576944073282109
v2_spectrum,SU2-HaarU4-brickwork|n12|d72|i4|dir=gaussian|basis=Z|eta=0,SU2-HaarU4-brickwork|n12|d72|i4,512,142,0.0025612985723038532
v2_spectrum,SU2-HaarU4-brickwork|n12|d72|i4|dir=gaussian|basis=Z|eta=0,SU2-HaarU4-brickwork|n12|d72|i4,512,143,0.0025400362536230595
v2_spectrum,SU2-HaarU4-brickwork|n12|d72|i4|dir=gaussian|basis=Z|eta=0,SU2-HaarU4-brickwork|n12|d72|i4,512,144,0.002528934443056108
v2_spectrum,SU2-HaarU4-brickwork|n12|d72|i4|dir=gaussian|basis=Z|eta=0,SU2-HaarU4-brickwork|n12|d72|i4,512,145,0.0025093946525791212
v2_spectrum,SU2-HaarU4-brickwork|n12|d72|i4|dir=gaussian|basis=Z|eta=0,SU2-HaarU4-brickwork|n12|d72|i4,512,146,0.0024854475304521904
v2_spectrum,SU2-HaarU4-brickwork|n12|d72|i4|dir=gaussian|basis=Z|eta=0,SU2-HaarU4-brickwork|n12|d72|i4,512,147,0.0024835555653379172
v2_spectrum,SU2-HaarU4-brickwork|n12|d72|i4|dir=gaussian|basis=Z|eta=0,SU2-HaarU4-brickwork|n12|d72|i4,512,148,0.002467065160483046
v2_spectrum,SU2-HaarU4-brickwork|n12|d72|i4|dir=gaussian|basis=Z|eta=0,SU2-HaarU4-brickwork|n12|d72|i4,512,149,0.002453204518794751
v2_spectrum,SU2-HaarU4-brickwork|n12|d72|i4|dir=gaussian|basis=Z|eta=0,SU2-HaarU4-brickwork|n12|d72|i4,512,150,0.0024407548143578674
v2_spectrum,SU2-HaarU4-brickwork|n12|d72|i4|dir=gaussian|basis=Z|eta=0,SU2-HaarU4-brickwork|n12|d72|i4,512,151,0.002418541019481209
v2_spectrum,SU2-HaarU4-brickwork|n12|d72|i4|dir=gaussian|basis=Z|eta=0,SU2-HaarU4-brickwork|n12|d72|i4,512,152,0.0023947130181356524
v2_spectrum,SU2-HaarU4-brickwork|n12|d72|i4|dir=gaussian|basis=Z|eta=0,SU2-HaarU4-brickwork|n12|d72|i4,512,153,0.002385373361244375
v2_spectrum,SU2-HaarU4-brickwork|n12|d72|i4|dir=gaussian|basis=Z|eta=0,SU2-HaarU4-brickwork|n12|d72|i4,512,154,0.0023626842234820643
v2_spectrum,SU2-HaarU4-brickwork|n12|d72|i4|dir=gaussian|basis=Z|eta=0,SU2-HaarU4-brickwork|n12|d72|i4,512,155,0.0023554507471367898
v2_spectrum,SU2-HaarU4-brickwork|n12|d72|i4|dir=gaussian|basis=Z|eta=0,SU2-HaarU4-brickwork|n12|d72|i4,512,156,0.0023444096945467894
v2_spectrum,SU2-HaarU4-brickwork|n12|d72|i4|dir=gaussian|basis=Z|eta=0,SU2-HaarU4-brickwork|n12|d72|i4,512,157,0.0023286204335414055
v2_spectrum,SU2-HaarU4-brickwork|n12|d72|i4|dir=gaussian|basis=Z|eta=0,SU2-HaarU4-brickwork|n12|d72|i4,512,158,0.0023126298821884747
v2_spectrum,SU2-HaarU4-brickwork|n12|d72|i4|dir=gaussian|basis=Z|eta=0,SU2-HaarU4-brickwork|n12|d72|i4,512,159,0.0022974024843369248
v2_spectrum,SU2-HaarU4-brickwork|n12|d72|i4|dir=gaussian|basis=Z|eta=0,SU2-HaarU4-brickwork|n12|d72|i4,512,160,0.002293073578478156
v2_spectrum,SU2-HaarU4-brickwork|n12|d72|i4|dir=gaussian|basis=Z|eta=0,SU2-HaarU4-brickwork|n12|d72|i4,512,161,0.002280084889485163
v2_spectrum,SU2-HaarU4-brickwork|n12|d72|i4|dir=gaussian|basis=Z|eta=0,SU2-HaarU4-brickwork|n12|d72|i4,512,162,0.0022623480941474433
v2_spectrum,SU2-HaarU4-brickwork|n12|d72|i4|dir=gaussian|basis=Z|eta=0,SU2-HaarU4-brickwork|n12|d72|i4,512,163,0.002256381194512142
v2_spectrum,SU2-HaarU4-brickwork|n12|d72|i4|dir=gaussian|basis=Z|eta=0,SU2-HaarU4-brickwork|n12|d72|i4,512,164,0.0022454305344320495
v2_spectrum,SU2-HaarU4-brickwork|n12|d72|i4|dir=gaussian|basis=Z|eta=0,SU2-HaarU4-brickwork|n12|d72|i4,512,165,0.0022260558238121867
v2_spectrum,SU2-HaarU4-brickwork|n12|d72|i4|dir=gaussian|basis=Z|eta=0,SU2-HaarU4-brickwork|n12|d72|i4,512,166,0.002203978106703795
v2_spectrum,SU2-HaarU4-brickwork|n12|d72|i4|dir=gaussian|basis=Z|eta=0,SU2-HaarU4-brickwork|n12|d72|i4,512,167,0.002195665719539289
v2_spectrum,SU2-HaarU4-brickwork|n12|d72|i4|dir=gaussian|basis=Z|eta=0,SU2-HaarU4-brickwork|n12|d72|i4,512,168,0.0021849277884253802
v2_spectrum,SU2-HaarU4-brickwork|n12|d72|i4|dir=gaussian|basis=Z|eta=0,SU2-HaarU4-brickwork|n12|d72|i4,512,169,0.002163393591842851
v2_spectrum,SU2-HaarU4-brickwork|n12|d72|i4|dir=gaussian|basis=Z|eta=0,SU2-HaarU4-brickwork|n12|d72|i4,512,170,0.0021501598365592715
v2_spectrum,SU2-HaarU4-brickwork|n12|d72|i4|dir=gaussian|basis=Z|eta=0,SU2-HaarU4-brickwork|n12|d72|i4,512,171,0.0021473444997463457
v2_spectrum,SU2-HaarU4-brickwork|n12|d72|i4|dir=gaussian|basis=Z|eta=0,SU2-HaarU4-brickwork|n12|d72|i4,512,172,0.0021390753838194474
v2_spectrum,SU2-HaarU4-brickwork|n12|d72|i4|dir=gaussian|basis=Z|eta=0,SU2-HaarU4-brickwork|n12|d72|i4,512,173,0.0021270002587101032
v2_spectrum,SU2-HaarU4-brickwork|n12|d72|i4|dir=gaussian|basis=Z|eta=0,SU2-HaarU4-brickwork|n12|d72|i4,512,174,0.0021250106015595657
v2_spectrum,SU2-HaarU4-brickwork|n12|d72|i4|dir=gaussian|basis=Z|eta=0,SU2-HaarU4-brickwork|n12|d72|i4,512,175,0.0021160039063371945
v2_spectrum,SU2-HaarU4-brickwork|n12|d72|i4|dir=gaussian|basis=Z|eta=0,SU2-HaarU4-brickwork|n12|d72|i4,512,176,0.0020831877714782357
v2_spectrum,SU2-HaarU4-brickwork|n12|d72|i4|dir=gaussian|basis=Z|eta=0,SU2-HaarU4-brickwork|n12|d72|i4,512,177,0.002076426325703696
v2_spectrum,SU2-HaarU4-brickwork|n12|d72|i4|dir=gaussian|basis=Z|eta=0,SU2-HaarU4-brickwork|n12|d72|i4,512,178,0.002061659155618851
v2_spectrum,SU2-HaarU4-brickwork|n12|d72|i4|dir=gaussian|basis=Z|eta=0,SU2-HaarU4-brickwork|n12|d72|i4,512,179,0.0020550033968184493
v2_spectrum,SU2-HaarU4-brickwork|n12|d72|i4|dir=gaussian|basis=Z|eta=0,SU2-HaarU4-brickwork|n12|d72|i4,512,180,0.002022967675136183
v2_spectrum,SU2-HaarU4-brickwork|n12|d72|i4|dir=gaussian|basis=Z|eta=0,SU2-HaarU4-brickwork|n12|d72|i4,512,181,0.002010758428848299
v2_spectrum,SU2-HaarU4-brickwork|n12|d72|i4|dir=gaussian|basis=Z|eta=0,SU2-HaarU4-brickwork|n12|d72|i4,512,182,0.0019976723592083495
v2_spectrum,SU2-HaarU4-brickwork|n12|d72|i4|dir=gaussian|basis=Z|eta=0,SU2-HaarU4-brickwork|n12|d72|i4,512,183,0.001986873143133137
v2_spectrum,SU2-HaarU4-brickwork|n12|d72|i4|dir=gaussian|basis=Z|eta=0,SU2-HaarU4-brickwork|n12|d72|i4,512,184,0.0019761476053701773
v2_spectrum,SU2-HaarU4-brickwork|n12|d72|i4|dir=gaussian|basis=Z|eta=0,SU2-HaarU4-brickwork|n12|d72|i4,512,185,0.001965202201755927
v2_spectrum,SU2-HaarU4-brickwork|n12|d72|i4|dir=gaussian|basis=Z|eta=0,SU2-HaarU4-brickwork|n12|d72|i4,512,186,0.0019557553756732854
v2_spectrum,SU2-HaarU4-brickwork|n12|d72|i4|dir=gaussian|basis=Z|eta=0,SU2-HaarU4-brickwork|n12|d72|i4,512,187,0.001945863585659529
v2_spectrum,SU2-HaarU4-brickwork|n12|d72|i4|dir=gaussian|basis=Z|eta=0,SU2-HaarU4-brickwork|n12|d72|i4,512,188,0.001936643586302749
v2_spectrum,SU2-HaarU4-brickwork|n12|d72|i4|dir=gaussian|basis=Z|eta=0,SU2-HaarU4-brickwork|n12|d72|i4,512,189,0.001922376542732553
v2_spectrum,SU2-HaarU4-brickwork|n12|d72|i4|dir=gaussian|basis=Z|eta=0,SU2-HaarU4-brickwork|n12|d72|i4,512,190,0.0019059436752109362
v2_spectrum,SU2-HaarU4-brickwork|n12|d72|i4|dir=gaussian|basis=Z|eta=0,SU2-HaarU4-brickwork|n12|d72|i4,512,191,0.0019047339745895259
v2_spectrum,SU2-HaarU4-brickwork|n12|d72|i4|dir=gaussian|basis=Z|eta=0,SU2-HaarU4-brickwork|n12|d72|i4,512,192,0.001899300909865059
v2_spectrum,SU2-HaarU4-brickwork|n12|d72|i4|dir=gaussian|basis=Z|eta=0,SU2-HaarU4-brickwork|n12|d72|i4,512,193,0.001882124898447974
v2_spectrum,SU2-HaarU4-brickwork|n12|d72|i4|dir=gaussian|basis=Z|eta=0,SU2-HaarU4-brickwork|n12|d72|i4,512,194,0.0018786879400002842
v2_spectrum,SU2-HaarU4-brickwork|n12|d72|i4|dir=gaussian|basis=Z|eta=0,SU2-HaarU4-brickwork|n12|d72|i4,512,195,0.001858811134943298
v2_spectrum,SU2-HaarU4-brickwork|n12|d72|i4|dir=gaussian|basis=Z|eta=0,SU2-HaarU4-brickwork|n12|d72|i4,512,196,0.001847418888126597
v2_spectrum,SU2-HaarU4-brickwork|n12|d72|i4|dir=gaussian|basis=Z|eta=0,SU2-HaarU4-brickwork|n12|d72|i4,512,197,0.0018429911504690138
v2_spectrum,SU2-HaarU4-brickwork|n12|d72|i4|dir=gaussian|basis=Z|eta=0,SU2-HaarU4-brickwork|n12|d72|i4,512,198,0.0018288983282285028
v2_spectrum,SU2-HaarU4-brickwork|n12|d72|i4|dir=gaussian|basis=Z|eta=0,SU2-HaarU4-brickwork|n12|d72|i4,512,199,0.001824663257944337
v2_spectrum,SU2-HaarU4-brickwork|n12|d72|i4|dir=gaussian|basis=Z|eta=0,SU2-HaarU4-brickwork|n12|d72|i4,512,200,0.0018037013669880773
v2_spectrum,SU2-HaarU4-brickwork|n12|d72|i4|dir=gaussian|basis=Z|eta=0,SU2-HaarU4-brickwork|n12|d72|i4,512,201,0.0018000264689200345
v2_spectrum,SU2-HaarU4-brickwork|n12|d72|i4|dir=gaussian|basis=Z|eta=0,SU2-HaarU4-brickwork|n12|d72|i4,512,202,0.0017867050593204444
v2_spectrum,SU2-HaarU4-brickwork|n12|d72|i4|dir=gaussian|basis=Z|eta=0,SU2-HaarU4-brickwork|n12|d72|i4,512,203,0.0017700874556212658
v2_spectrum,SU2-HaarU4-brickwork|n12|d72|i4|dir=gaussian|basis=Z|eta=0,SU2-HaarU4-brickwork|n12|d72|i4,512,204,0.0017615299440804889
v2_spectrum,SU2-HaarU4-brickwork|n12|d72|i4|dir=gaussian|basis=Z|eta=0,SU2-HaarU4-brickwork|n12|d72|i4,512,205,0.001756291225372458
v2_spectrum,SU2-HaarU4-brickwork|n12|d72|i4|dir=gaussian|basis=Z|eta=0,SU2-HaarU4-brickwork|n12|d72|i4,512,206,0.0017461821383909012
v2_spectrum,SU2-HaarU4-brickwork|n12|d72|i4|dir=gaussian|basis=Z|eta=0,SU2-HaarU4-brickwork|n12|d72|i4,512,207,0.0017328270036398757
v2_spectrum,SU2-HaarU4-brickwork|n12|d72|i4|dir=gaussian|basis=Z|eta=0,SU2-HaarU4-brickwork|n12|d72|i4,512,208,0.001724675090234379
v2_spectrum,SU2-HaarU4-brickwork|n12|d72|i4|dir=gaussian|basis=Z|eta=0,SU2-HaarU4-brickwork|n12|d72|i4,512,209,0.0017205320754913244
v2_spectrum,SU2-HaarU4-brickwork|n12|d72|i4|dir=gaussian|basis=Z|eta=0,SU2-HaarU4-brickwork|n12|d72|i4,512,210,0.0017101732073258648
v2_spectrum,SU2-HaarU4-brickwork|n12|d72|i4|dir=gaussian|basis=Z|eta=0,SU2-HaarU4-brickwork|n12|d72|i4,512,211,0.00170677784183615
v2_spectrum,SU2-HaarU4-brickwork|n12|d72|i4|dir=gaussian|basis=Z|eta=0,SU2-HaarU4-brickwork|n12|d72|i4,512,212,0.0016920047310520765
v2_spectrum,SU2-HaarU4-brickwork|n12|d72|i4|dir=gaussian|basis=Z|eta=0,SU2-HaarU4-brickwork|n12|d72|i4,512,213,0.0016872923413538653
v2_spectrum,SU2-HaarU4-brickwork|n12|d72|i4|dir=gaussian|basis=Z|eta=0,SU2-HaarU4-brickwork|n12|d72|i4,512,214,0.0016768500759665346
v2_spectrum,SU2-HaarU4-brickwork|n12|d72|i4|dir=gaussian|basis=Z|eta=0,SU2-HaarU4-brickwork|n12|d72|i4,512,215,0.0016584667093639351
v2_spectrum,SU2-HaarU4-brickwork|n12|d72|i4|dir=gaussian|basis=Z|eta=0,SU2-HaarU4-brickwork|n12|d72|i4,512,216,0.0016493042934057388
v2_spectrum,SU2-HaarU4-brickwork|n12|d72|i4|dir=gaussian|basis=Z|eta=0,SU2-HaarU4-brickwork|n12|d72|i4,512,217,0.0016431939853458024
v2_spectrum,SU2-HaarU4-brickwork|n12|d72|i4|dir=gaussian|basis=Z|eta=0,SU2-HaarU4-brickwork|n12|d72|i4,512,218,0.0016281368139029894
v2_spectrum,SU2-HaarU4-brickwork|n12|d72|i4|dir=gaussian|basis=Z|eta=0,SU2-HaarU4-brickwork|n12|d72|i4,512,219,0.0016241281591227955
v2_spectrum,SU2-HaarU4-brickwork|n12|d72|i4|dir=gaussian|basis=Z|eta=0,SU2-HaarU4-brickwork|n12|d72|i4,512,220,0.0016113672288139177
v2_spectrum,SU2-HaarU4-brickwork|n12|d72|i4|dir=gaussian|basis=Z|eta=0,SU2-HaarU4-brickwork|n12|d72|i4,512,221,0.0016071483244847829
v2_spectrum,SU2-HaarU4-brickwork|n12|d72|i4|dir=gaussian|basis=Z|eta=0,SU2-HaarU4-brickwork|n12|d72|i4,512,222,0.0015958022839034514
v2_spectrum,SU2-HaarU4-brickwork|n12|d72|i4|dir=gaussian|basis=Z|eta=0,SU2-HaarU4-brickwork|n12|d72|i4,512,223,0.001593858106462596
v2_spectrum,SU2-HaarU4-brickwork|n12|d72|i4|dir=gaussian|basis=Z|eta=0,SU2-HaarU4-brickwork|n12|d72|i4,512,224,0.001584770025456351
v2_spectrum,SU2-HaarU4-brickwork|n12|d72|i4|dir=gaussian|basis=Z|eta=0,SU2-HaarU4-brickwork|n12|d72|i4,512,225,0.0015747597865995579
v2_spectrum,SU2-HaarU4-brickwork|n12|d72|i4|dir=gaussian|basis=Z|eta=0,SU2-HaarU4-brickwork|n12|d72|i4,512,226,0.0015689439418629745
v2_spectrum,SU2-HaarU4-brickwork|n12|d72|i4|dir=gaussian|basis=Z|eta=0,SU2-HaarU4-brickwork|n12|d72|i4,512,227,0.001548675014203225
v2_spectrum,SU2-HaarU4-brickwork|n12|d72|i4|dir=gaussian|basis=Z|eta=0,SU2-HaarU4-brickwork|n12|d72|i4,512,228,0.0015415137241073507
v2_spectrum,SU2-HaarU4-brickwork|n12|d72|i4|dir=gaussian|basis=Z|eta=0,SU2-HaarU4-brickwork|n12|d72|i4,512,229,0.001535087994427068
v2_spectrum,SU2-HaarU4-brickwork|n12|d72|i4|dir=gaussian|basis=Z|eta=0,SU2-HaarU4-brickwork|n12|d72|i4,512,230,0.0015120882014426173
v2_spectrum,SU2-HaarU4-brickwork|n12|d72|i4|dir=gaussian|basis=Z|eta=0,SU2-HaarU4-brickwork|n12|d72|i4,512,231,0.0015099036614599458
v2_spectrum,SU2-HaarU4-brickwork|n12|d72|i4|dir=gaussian|basis=Z|eta=0,SU2-HaarU4-brickwork|n12|d72|i4,512,232,0.0015031513364183338
v2_spectrum,SU2-HaarU4-brickwork|n12|d72|i4|dir=gaussian|basis=Z|eta=0,SU2-HaarU4-brickwork|n12|d72|i4,512,233,0.001491745230669556
v2_spectrum,SU2-HaarU4-brickwork|n12|d72|i4|dir=gaussian|basis=Z|eta=0,SU2-HaarU4-brickwork|n12|d72|i4,512,234,0.0014901805960423938
v2_spectrum,SU2-HaarU4-brickwork|n12|d72|i4|dir=gaussian|basis=Z|eta=0,SU2-HaarU4-brickwork|n12|d72|i4,512,235,0.001482374402811031
v2_spectrum,SU2-HaarU4-brickwork|n12|d72|i4|dir=gaussian|basis=Z|eta=0,SU2-HaarU4-brickwork|n12|d72|i4,512,236,0.001472436746217954
v2_spectrum,SU2-HaarU4-brickwork|n12|d72|i4|dir=gaussian|basis=Z|eta=0,SU2-HaarU4-brickwork|n12|d72|i4,512,237,0.0014662657878151163
v2_spectrum,SU2-HaarU4-brickwork|n12|d72|i4|dir=gaussian|basis=Z|eta=0,SU2-HaarU4-brickwork|n12|d72|i4,512,238,0.0014490892364946708
v2_spectrum,SU2-HaarU4-brickwork|n12|d72|i4|dir=gaussian|basis=Z|eta=0,SU2-HaarU4-brickwork|n12|d72|i4,512,239,0.001443883312874958
v2_spectrum,SU2-HaarU4-brickwork|n12|d72|i4|dir=gaussian|basis=Z|eta=0,SU2-HaarU4-brickwork|n12|d72|i4,512,240,0.001440668074665723
v2_spectrum,SU2-HaarU4-brickwork|n12|d72|i4|dir=gaussian|basis=Z|eta=0,SU2-HaarU4-brickwork|n12|d72|i4,512,241,0.0014191072668827017
v2_spectrum,SU2-HaarU4-brickwork|n12|d72|i4|dir=gaussian|basis=Z|eta=0,SU2-HaarU4-brickwork|n12|d72|i4,512,242,0.0014126884085658715
v2_spectrum,SU2-HaarU4-brickwork|n12|d72|i4|dir=gaussian|basis=Z|eta=0,SU2-HaarU4-brickwork|n12|d72|i4,512,243,0.0014063154506114054
v2_spectrum,SU2-HaarU4-brickwork|n12|d72|i4|dir=gaussian|basis=Z|eta=0,SU2-HaarU4-brickwork|n12|d72|i4,512,244,0.0013992551956674996
v2_spectrum,SU2-HaarU4-brickwork|n12|d72|i4|dir=gaussian|basis=Z|eta=0,SU2-HaarU4-brickwork|n12|d72|i4,512,245,0.001389222989993362
v2_spectrum,SU2-HaarU4-brickwork|n12|d72|i4|dir=gaussian|basis=Z|eta=0,SU2-HaarU4-brickwork|n12|d72|i4,512,246,0.0013791174749645083
v2_spectrum,SU2-HaarU4-brickwork|n12|d72|i4|dir=gaussian|basis=Z|eta=0,SU2-HaarU4-brickwork|n12|d72|i4,512,247,0.001373782102686757
v2_spectrum,SU2-HaarU4-brickwork|n12|d72|i4|dir=gaussian|basis=Z|eta=0,SU2-HaarU4-brickwork|n12|d72|i4,512,248,0.0013657628664871266
v2_spectrum,SU2-HaarU4-brickwork|n12|d72|i4|dir=gaussian|basis=Z|eta=0,SU2-HaarU4-brickwork|n12|d72|i4,512,249,0.001359262174523473
v2_spectrum,SU2-HaarU4-brickwork|n12|d72|i4|dir=gaussian|basis=Z|eta=0,SU2-HaarU4-brickwork|n12|d72|i4,512,250,0.0013552714609858078
v2_spectrum,SU2-HaarU4-brickwork|n12|d72|i4|dir=gaussian|basis=Z|eta=0,SU2-HaarU4-brickwork|n12|d72|i4,512,251,0.001347066042185599
v2_spectrum,SU2-HaarU4-brickwork|n12|d72|i4|dir=gaussian|basis=Z|eta=0,SU2-HaarU4-brickwork|n12|d72|i4,512,252,0.0013422019959773565
v2_spectrum,SU2-HaarU4-brickwork|n12|d72|i4|dir=gaussian|basis=Z|eta=0,SU2-HaarU4-brickwork|n12|d72|i4,512,253,0.0013390703761633376
v2_spectrum,SU2-HaarU4-brickwork|n12|d72|i4|dir=gaussian|basis=Z|eta=0,SU2-HaarU4-brickwork|n12|d72|i4,512,254,0.0013230395542426197
v2_spectrum,SU2-HaarU4-brickwork|n12|d72|i4|dir=gaussian|basis=Z|eta=0,SU2-HaarU4-brickwork|n12|d72|i4,512,255,0.0013151915965588137
v2_spectrum,SU2-HaarU4-brickwork|n12|d72|i4|dir=gaussian|basis=Z|eta=0,SU2-HaarU4-brickwork|n12|d72|i4,512,256,0.001310864194677312
v2_spectrum,SU2-HaarU4-brickwork|n12|d72|i4|dir=gaussian|basis=Z|eta=0,SU2-HaarU4-brickwork|n12|d72|i4,512,257,0.0012909500582625009
v2_spectrum,SU2-HaarU4-brickwork|n12|d72|i4|dir=gaussian|basis=Z|eta=0,SU2-HaarU4-brickwork|n12|d72|i4,512,258,0.0012860055799744491
v2_spectrum,SU2-HaarU4-brickwork|n12|d72|i4|dir=gaussian|basis=Z|eta=0,SU2-HaarU4-brickwork|n12|d72|i4,512,259,0.0012812413376317722
v2_spectrum,SU2-HaarU4-brickwork|n12|d72|i4|dir=gaussian|basis=Z|eta=0,SU2-HaarU4-brickwork|n12|d72|i4,512,260,0.0012780702379684968
v2_spectrum,SU2-HaarU4-brickwork|n12|d72|i4|dir=gaussian|basis=Z|eta=0,SU2-HaarU4-brickwork|n12|d72|i4,512,261,0.0012600357661479928
v2_spectrum,SU2-HaarU4-brickwork|n12|d72|i4|dir=gaussian|basis=Z|eta=0,SU2-HaarU4-brickwork|n12|d72|i4,512,262,0.0012522069604974932
v2_spectrum,SU2-HaarU4-brickwork|n12|d72|i4|dir=gaussian|basis=Z|eta=0,SU2-HaarU4-brickwork|n12|d72|i4,512,263,0.0012477418621257808
v2_spectrum,SU2-HaarU4-brickwork|n12|d72|i4|dir=gaussian|basis=Z|eta=0,SU2-HaarU4-brickwork|n12|d72|i4,512,264,0.001241745891875743
v2_spectrum,SU2-HaarU4-brickwork|n12|d72|i4|dir=gaussian|basis=Z|eta=0,SU2-HaarU4-brickwork|n12|d72|i4,512,265,0.0012308701364494659
v2_spectrum,SU2-HaarU4-brickwork|n12|d72|i4|dir=gaussian|basis=Z|eta=0,SU2-HaarU4-brickwork|n12|d72|i4,512,266,0.001229201440093669
v2_spectrum,SU2-HaarU4-brickwork|n12|d72|i4|dir=gaussian|basis=Z|eta=0,SU2-HaarU4-brickwork|n12|d72|i4,512,267,0.001217531665006593
v2_spectrum,SU2-HaarU4-brickwork|n12|d72|i4|dir=gaussian|basis=Z|eta=0,SU2-HaarU4-brickwork|n12|d72|i4,512,268,0.001212301102124432
v2_spectrum,SU2-HaarU4-brickwork|n12|d72|i4|dir=gaussian|basis=Z|eta=0,SU2-HaarU4-brickwork|n12|d72|i4,512,269,0.001206377236668601
v2_spectrum,SU2-HaarU4-brickwork|n12|d72|i4|dir=gaussian|basis=Z|eta=0,SU2-HaarU4-brickwork|n12|d72|i4,512,270,0.0011994326403551177
v2_spectrum,SU2-HaarU4-brickwork|n12|d72|i4|dir=gaussian|basis=Z|eta=0,SU2-HaarU4-brickwork|n12|d72|i4,512,271,0.001189102028197959
v2_spectrum,SU2-HaarU4-brickwork|n12|d72|i4|dir=gaussian|basis=Z|eta=0,SU2-HaarU4-brickwork|n12|d72|i4,512,272,0.0011869680453764834
v2_spectrum,SU2-HaarU4-brickwork|n12|d72|i4|dir=gaussian|basis=Z|eta=0,SU2-HaarU4-brickwork|n12|d72|i4,512,273,0.001178301712494111
v2_spectrum,SU2-HaarU4-brickwork|n12|d72|i4|dir=gaussian|basis=Z|eta=0,SU2-HaarU4-brickwork|n12|d72|i4,512,274,0.00117262831170821
v2_spectrum,SU2-HaarU4-brickwork|n12|d72|i4|dir=gaussian|basis=Z|eta=0,SU2-HaarU4-brickwork|n12|d72|i4,512,275,0.0011662886312087616
v2_spectrum,SU2-HaarU4-brickwork|n12|d72|i4|dir=gaussian|basis=Z|eta=0,SU2-HaarU4-brickwork|n12|d72|i4,512,276,0.0011564321461059587
v2_spectrum,SU2-HaarU4-brickwork|n12|d72|i4|dir=gaussian|basis=Z|eta=0,SU2-HaarU4-brickwork|n12|d72|i4,512,277,0.0011495962187223257
v2_spectrum,SU2-HaarU4-brickwork|n12|d72|i4|dir=gaussian|basis=Z|eta=0,SU2-HaarU4-brickwork|n12|d72|i4,512,278,0.001143322053642207
v2_spectrum,SU2-HaarU4-brickwork|n12|d72|i4|dir=gaussian|basis=Z|eta=0,SU2-HaarU4-brickwork|n12|d72|i4,512,279,0.0011413374649964683
v2_spectrum,SU2-HaarU4-brickwork|n12|d72|i4|dir=gaussian|basis=Z|eta=0,SU2-HaarU4-brickwork|n12|d72|i4,512,280,0.001139137655439108
v2_spectrum,SU2-HaarU4-brickwork|n12|d72|i4|dir=gaussian|basis=Z|eta=0,SU2-HaarU4-brickwork|n12|d72|i4,512,281,0.0011329488568062357
v2_spectrum,SU2-HaarU4-brickwork|n12|d72|i4|dir=gaussian|basis=Z|eta=0,SU2-HaarU4-brickwork|n12|d72|i4,512,282,0.0011234610627766106
v2_spectrum,SU2-HaarU4-brickwork|n12|d72|i4|dir=gaussian|basis=Z|eta=0,SU2-HaarU4-brickwork|n12|d72|i4,512,283,0.0011160422150433818
v2_spectrum,SU2-HaarU4-brickwork|n12|d72|i4|dir=gaussian|basis=Z|eta=0,SU2-HaarU4-brickwork|n12|d72|i4,512,284,0.0011108842583813748
v2_spectrum,SU2-HaarU4-brickwork|n12|d72|i4|dir=gaussian|basis=Z|eta=0,SU2-HaarU4-brickwork|n12|d72|i4,512,285,0.0011080043484120701
v2_spectrum,SU2-HaarU4-brickwork|n12|d72|i4|dir=gaussian|basis=Z|eta=0,SU2-HaarU4-brickwork|n12|d72|i4,512,286,0.0011041862766683161
v2_spectrum,SU2-HaarU4-brickwork|n12|d72|i4|dir=gaussian|basis=Z|eta=0,SU2-HaarU4-brickwork|n12|d72|i4,512,287,0.0010980202861908283
v2_spectrum,SU2-HaarU4-brickwork|n12|d72|i4|dir=gaussian|basis=Z|eta=0,SU2-HaarU4-brickwork|n12|d72|i4,512,288,0.0010887932421002322
v2_spectrum,SU2-HaarU4-brickwork|n12|d72|i4|dir=gaussian|basis=Z|eta=0,SU2-HaarU4-brickwork|n12|d72|i4,512,289,0.0010812104576096123
v2_spectrum,SU2-HaarU4-brickwork|n12|d72|i4|dir=gaussian|basis=Z|eta=0,SU2-HaarU4-brickwork|n12|d72|i4,512,290,0.0010739731252627114
v2_spectrum,SU2-HaarU4-brickwork|n12|d72|i4|dir=gaussian|basis=Z|eta=0,SU2-HaarU4-brickwork|n12|d72|i4,512,291,0.0010641638667219422
v2_spectrum,SU2-HaarU4-brickwork|n12|d72|i4|dir=gaussian|basis=Z|eta=0,SU2-HaarU4-brickwork|n12|d72|i4,512,292,0.0010509494488197988
v2_spectrum,SU2-HaarU4-brickwork|n12|d72|i4|dir=gaussian|basis=Z|eta=0,SU2-HaarU4-brickwork|n12|d72|i4,512,293,0.0010497328004125748
v2_spectrum,SU2-HaarU4-brickwork|n12|d72|i4|dir=gaussian|basis=Z|eta=0,SU2-HaarU4-brickwork|n12|d72|i4,512,294,0.001044574192057465
v2_spectrum,SU2-HaarU4-brickwork|n12|d72|i4|dir=gaussian|basis=Z|eta=0,SU2-HaarU4-brickwork|n12|d72|i4,512,295,0.00103931981368499
v2_spectrum,SU2-HaarU4-brickwork|n12|d72|i4|dir=gaussian|basis=Z|eta=0,SU2-HaarU4-brickwork|n12|d72|i4,512,296,0.001030710120759431
v2_spectrum,SU2-HaarU4-brickwork|n12|d72|i4|dir=gaussian|basis=Z|eta=0,SU2-HaarU4-brickwork|n12|d72|i4,512,297,0.001027410768436275
v2_spectrum,SU2-HaarU4-brickwork|n12|d72|i4|dir=gaussian|basis=Z|eta=0,SU2-HaarU4-brickwork|n12|d72|i4,512,298,0.0010213376972176137
v2_spectrum,SU2-HaarU4-brickwork|n12|d72|i4|dir=gaussian|basis=Z|eta=0,SU2-HaarU4-brickwork|n12|d72|i4,512,299,0.001010566184573962
v2_spectrum,SU2-HaarU4-brickwork|n12|d72|i4|dir=gaussian|basis=Z|eta=0,SU2-HaarU4-brickwork|n12|d72|i4,512,300,0.0010098348059911617
v2_spectrum,SU2-HaarU4-brickwork|n12|d72|i4|dir=gaussian|basis=Z|eta=0,SU2-HaarU4-brickwork|n12|d72|i4,512,301,0.0010042297588285743
v2_spectrum,SU2-HaarU4-brickwork|n12|d72|i4|dir=gaussian|basis=Z|eta=0,SU2-HaarU4-brickwork|n12|d72|i4,512,302,0.0009989958818785497
v2_spectrum,SU2-HaarU4-brickwork|n12|d72|i4|dir=gaussian|basis=Z|eta=0,SU2-HaarU4-brickwork|n12|d72|i4,512,303,0.000986995136130522
v2_spectrum,SU2-HaarU4-brickwork|n12|d72|i4|dir=gaussian|basis=Z|eta=0,SU2-HaarU4-brickwork|n12|d72|i4,512,304,0.0009831028289142166
v2_spectrum,SU2-HaarU4-brickwork|n12|d72|i4|dir=gaussian|basis=Z|eta=0,SU2-HaarU4-brickwork|n12|d72|i4,512,305,0.000980237248602038
v2_spectrum,SU2-HaarU4-brickwork|n12|d72|i4|dir=gaussian|basis=Z|eta=0,SU2-HaarU4-brickwork|n12|d72|i4,512,306,0.0009725291620753191
v2_spectrum,SU2-HaarU4-brickwork|n12|d72|i4|dir=gaussian|basis=Z|eta=0,SU2-HaarU4-brickwork|n12|d72|i4,512,307,0.0009684230725349928
v2_spectrum,SU2-HaarU4-brickwork|n12|d72|i4|dir=gaussian|basis=Z|eta=0,SU2-HaarU4-brickwork|n12|d72|i4,512,308,0.0009584525379773033
v2_spectrum,SU2-HaarU4-brickwork|n12|d72|i4|dir=gaussian|basis=Z|eta=0,SU2-HaarU4-brickwork|n12|d72|i4,512,309,0.0009563076859491947
v2_spectrum,SU2-HaarU4-brickwork|n12|d72|i4|dir=gaussian|basis=Z|eta=0,SU2-HaarU4-brickwork|n12|d72|i4,512,310,0.0009509660152728557
v2_spectrum,SU2-HaarU4-brickwork|n12|d72|i4|dir=gaussian|basis=Z|eta=0,SU2-HaarU4-brickwork|n12|d72|i4,512,311,0.0009457886538516686
v2_spectrum,SU2-HaarU4-brickwork|n12|d72|i4|dir=gaussian|basis=Z|eta=0,SU2-HaarU4-brickwork|n12|d72|i4,512,312,0.0009427931580782127
v2_spectrum,SU2-HaarU4-brickwork|n12|d72|i4|dir=gaussian|basis=Z|eta=0,SU2-HaarU4-brickwork|n12|d72|i4,512,313,0.0009371479432985158
v2_spectrum,SU2-HaarU4-brickwork|n12|d72|i4|dir=gaussian|basis=Z|eta=0,SU2-HaarU4-brickwork|n12|d72|i4,512,314,0.0009309886985203844
v2_spectrum,SU2-HaarU4-brickwork|n12|d72|i4|dir=gaussian|basis=Z|eta=0,SU2-HaarU4-brickwork|n12|d72|i4,512,315,0.0009289787341061528
v2_spectrum,SU2-HaarU4-brickwork|n12|d72|i4|dir=gaussian|basis=Z|eta=0,SU2-HaarU4-brickwork|n12|d72|i4,512,316,0.0009231459200058305
v2_spectrum,SU2-HaarU4-brickwork|n12|d72|i4|dir=gaussian|basis=Z|eta=0,SU2-HaarU4-brickwork|n12|d72|i4,512,317,0.0009185387238234336
v2_spectrum,SU2-HaarU4-brickwork|n12|d72|i4|dir=gaussian|basis=Z|eta=0,SU2-HaarU4-brickwork|n12|d72|i4,512,318,0.000909936206757023
v2_spectrum,SU2-HaarU4-brickwork|n12|d72|i4|dir=gaussian|basis=Z|eta=0,SU2-HaarU4-brickwork|n12|d72|i4,512,319,0.0008993469092423399
v2_spectrum,SU2-HaarU4-brickwork|n12|d72|i4|dir=gaussian|basis=Z|eta=0,SU2-HaarU4-brickwork|n12|d72|i4,512,320,0.0008938804576485043
v2_spectrum,SU2-HaarU4-brickwork|n12|d72|i4|dir=gaussian|basis=Z|eta=0,SU2-HaarU4-brickwork|n12|d72|i4,512,321,0.0008928533584401816
v2_spectrum,SU2-HaarU4-brickwork|n12|d72|i4|dir=gaussian|basis=Z|eta=0,SU2-HaarU4-brickwork|n12|d72|i4,512,322,0.0008855509336274243
v2_spectrum,SU2-HaarU4-brickwork|n12|d72|i4|dir=gaussian|basis=Z|eta=0,SU2-HaarU4-brickwork|n12|d72|i4,512,323,0.0008802652204229785
v2_spectrum,SU2-HaarU4-brickwork|n12|d72|i4|dir=gaussian|basis=Z|eta=0,SU2-HaarU4-brickwork|n12|d72|i4,512,324,0.0008757778290905796
v2_spectrum,SU2-HaarU4-brickwork|n12|d72|i4|dir=gaussian|basis=Z|eta=0,SU2-HaarU4-brickwork|n12|d72|i4,512,325,0.0008682078329176347
v2_spectrum,SU2-HaarU4-brickwork|n12|d72|i4|dir=gaussian|basis=Z|eta=0,SU2-HaarU4-brickwork|n12|d72|i4,512,326,0.0008658246907569391
v2_spectrum,SU2-HaarU4-brickwork|n12|d72|i4|dir=gaussian|basis=Z|eta=0,SU2-HaarU4-brickwork|n12|d72|i4,512,327,0.0008588204860304813
v2_spectrum,SU2-HaarU4-brickwork|n12|d72|i4|dir=gaussian|basis=Z|eta=0,SU2-HaarU4-brickwork|n12|d72|i4,512,328,0.0008571179118280877
v2_spectrum,SU2-HaarU4-brickwork|n12|d72|i4|dir=gaussian|basis=Z|eta=0,SU2-HaarU4-brickwork|n12|d72|i4,512,329,0.0008564766569098117
v2_spectrum,SU2-HaarU4-brickwork|n12|d72|i4|dir=gaussian|basis=Z|eta=0,SU2-HaarU4-brickwork|n12|d72|i4,512,330,0.0008465864569476198
v2_spectrum,SU2-HaarU4-brickwork|n12|d72|i4|dir=gaussian|basis=Z|eta=0,SU2-HaarU4-brickwork|n12|d72|i4,512,331,0.0008417126680481326
v2_spectrum,SU2-HaarU4-brickwork|n12|d72|i4|dir=gaussian|basis=Z|eta=0,SU2-HaarU4-brickwork|n12|d72|i4,512,332,0.0008354621640089134
v2_spectrum,SU2-HaarU4-brickwork|n12|d72|i4|dir=gaussian|basis=Z|eta=0,SU2-HaarU4-brickwork|n12|d72|i4,512,333,0.00082901608442227
v2_spectrum,SU2-HaarU4-brickwork|n12|d72|i4|dir=gaussian|basis=Z|eta=0,SU2-HaarU4-brickwork|n12|d72|i4,512,334,0.000820666991906666
v2_spectrum,SU2-HaarU4-brickwork|n12|d72|i4|dir=gaussian|basis=Z|eta=0,SU2-HaarU4-brickwork|n12|d72|i4,512,335,0.0008191192858882579
v2_spectrum,SU2-HaarU4-brickwork|n12|d72|i4|dir=gaussian|basis=Z|eta=0,SU2-HaarU4-brickwork|n12|d72|i4,512,336,0.0008166966574770822
v2_spectrum,SU2-HaarU4-brickwork|n12|d72|i4|dir=gaussian|basis=Z|eta=0,SU2-HaarU4-brickwork|n12|d72|i4,512,337,0.0008087097157553795
v2_spectrum,SU2-HaarU4-brickwork|n12|d72|i4|dir=gaussian|basis=Z|eta=0,SU2-HaarU4-brickwork|n12|d72|i4,512,338,0.0008056028065075595
v2_spectrum,SU2-HaarU4-brickwork|n12|d72|i4|dir=gaussian|basis=Z|eta=0,SU2-HaarU4-brickwork|n12|d72|i4,512,339,0.0008013748845358443
v2_spectrum,SU2-HaarU4-brickwork|n12|d72|i4|dir=gaussian|basis=Z|eta=0,SU2-HaarU4-brickwork|n12|d72|i4,512,340,0.0007974789459902656
v2_spectrum,SU2-HaarU4-brickwork|n12|d72|i4|dir=gaussian|basis=Z|eta=0,SU2-HaarU4-brickwork|n12|d72|i4,512,341,0.000792281611785308
v2_spectrum,SU2-HaarU4-brickwork|n12|d72|i4|dir=gaussian|basis=Z|eta=0,SU2-HaarU4-brickwork|n12|d72|i4,512,342,0.0007857774101686706
v2_spectrum,SU2-HaarU4-brickwork|n12|d72|i4|dir=gaussian|basis=Z|eta=0,SU2-HaarU4-brickwork|n12|d72|i4,512,343,0.0007810294615202616
v2_spectrum,SU2-HaarU4-brickwork|n12|d72|i4|dir=gaussian|basis=Z|eta=0,SU2-HaarU4-brickwork|n12|d72|i4,512,344,0.00077851239880365
v2_spectrum,SU2-HaarU4-brickwork|n12|d72|i4|dir=gaussian|basis=Z|eta=0,SU2-HaarU4-brickwork|n12|d72|i4,512,345,0.000771065308555327
v2_spectrum,SU2-HaarU4-brickwork|n12|d72|i4|dir=gaussian|basis=Z|eta=0,SU2-HaarU4-brickwork|n12|d72|i4,512,346,0.0007685523687029216
v2_spectrum,SU2-HaarU4-brickwork|n12|d72|i4|dir=gaussian|basis=Z|eta=0,SU2-HaarU4-brickwork|n12|d72|i4,512,347,0.0007656119545679751
v2_spectrum,SU2-HaarU4-brickwork|n12|d72|i4|dir=gaussian|basis=Z|eta=0,SU2-HaarU4-brickwork|n12|d72|i4,512,348,0.0007603991174685334
v2_spectrum,SU2-HaarU4-brickwork|n12|d72|i4|dir=gaussian|basis=Z|eta=0,SU2-HaarU4-brickwork|n12|d72|i4,512,349,0.0007504256865362229
v2_spectrum,SU2-HaarU4-brickwork|n12|d72|i4|dir=gaussian|basis=Z|eta=0,SU2-HaarU4-brickwork|n12|d72|i4,512,350,0.0007502509978304696
v2_spectrum,SU2-HaarU4-brickwork|n12|d72|i4|dir=gaussian|basis=Z|eta=0,SU2-HaarU4-brickwork|n12|d72|i4,512,351,0.0007447378686799465
v2_spectrum,SU2-HaarU4-brickwork|n12|d72|i4|dir=gaussian|basis=Z|eta=0,SU2-HaarU4-brickwork|n12|d72|i4,512,352,0.0007405048160328585
v2_spectrum,SU2-HaarU4-brickwork|n12|d72|i4|dir=gaussian|basis=Z|eta=0,SU2-HaarU4-brickwork|n12|d72|i4,512,353,0.000736477788215406
v2_spectrum,SU2-HaarU4-brickwork|n12|d72|i4|dir=gaussian|basis=Z|eta=0,SU2-HaarU4-brickwork|n12|d72|i4,512,354,0.0007327126533307597
v2_spectrum,SU2-HaarU4-brickwork|n12|d72|i4|dir=gaussian|basis=Z|eta=0,SU2-HaarU4-brickwork|n12|d72|i4,512,355,0.000731821362644432
v2_spectrum,SU2-HaarU4-brickwork|n12|d72|i4|dir=gaussian|basis=Z|eta=0,SU2-HaarU4-brickwork|n12|d72|i4,512,356,0.0007249936672676639
v2_spectrum,SU2-HaarU4-brickwork|n12|d72|i4|dir=gaussian|basis=Z|eta=0,SU2-HaarU4-brickwork|n12|d72|i4,512,357,0.0007200613359083653
v2_spectrum,SU2-HaarU4-brickwork|n12|d72|i4|dir=gaussian|basis=Z|eta=0,SU2-HaarU4-brickwork|n12|d72|i4,512,358,0.0007155061648675809
v2_spectrum,SU2-HaarU4-brickwork|n12|d72|i4|dir=gaussian|basis=Z|eta=0,SU2-HaarU4-brickwork|n12|d72|i4,512,359,0.000707111285036141
v2_spectrum,SU2-HaarU4-brickwork|n12|d72|i4|dir=gaussian|basis=Z|eta=0,SU2-HaarU4-brickwork|n12|d72|i4,512,360,0.0007031833499691755
v2_spectrum,SU2-HaarU4-brickwork|n12|d72|i4|dir=gaussian|basis=Z|eta=0,SU2-HaarU4-brickwork|n12|d72|i4,512,361,0.0006998870664988523
v2_spectrum,SU2-HaarU4-brickwork|n12|d72|i4|dir=gaussian|basis=Z|eta=0,SU2-HaarU4-brickwork|n12|d72|i4,512,362,0.0006987745988713488
v2_spectrum,SU2-HaarU4-brickwork|n12|d72|i4|dir=gaussian|basis=Z|eta=0,SU2-HaarU4-brickwork|n12|d72|i4,512,363,0.000694089686807496
v2_spectrum,SU2-HaarU4-brickwork|n12|d72|i4|dir=gaussian|basis=Z|eta=0,SU2-HaarU4-brickwork|n12|d72|i4,512,364,0.0006884965585833291
v2_spectrum,SU2-HaarU4-brickwork|n12|d72|i4|dir=gaussian|basis=Z|eta=0,SU2-HaarU4-brickwork|n12|d72|i4,512,365,0.0006780163722957658
v2_spectrum,SU2-HaarU4-brickwork|n12|d72|i4|dir=gaussian|basis=Z|eta=0,SU2-HaarU4-brickwork|n12|d72|i4,512,366,0.0006775094039564006
v2_spectrum,SU2-HaarU4-brickwork|n12|d72|i4|dir=gaussian|basis=Z|eta=0,SU2-HaarU4-brickwork|n12|d72|i4,512,367,0.0006732498651900587
v2_spectrum,SU2-HaarU4-brickwork|n12|d72|i4|dir=gaussian|basis=Z|eta=0,SU2-HaarU4-brickwork|n12|d72|i4,512,368,0.0006710592658813548
v2_spectrum,SU2-HaarU4-brickwork|n12|d72|i4|dir=gaussian|basis=Z|eta=0,SU2-HaarU4-brickwork|n12|d72|i4,512,369,0.0006670419008047532
v2_spectrum,SU2-HaarU4-brickwork|n12|d72|i4|dir=gaussian|basis=Z|eta=0,SU2-HaarU4-brickwork|n12|d72|i4,512,370,0.0006581488270665644
v2_spectrum,SU2-HaarU4-brickwork|n12|d72|i4|dir=gaussian|basis=Z|eta=0,SU2-HaarU4-brickwork|n12|d72|i4,512,371,0.0006580436585454578
v2_spectrum,SU2-HaarU4-brickwork|n12|d72|i4|dir=gaussian|basis=Z|eta=0,SU2-HaarU4-brickwork|n12|d72|i4,512,372,0.0006534998902832055
v2_spectrum,SU2-HaarU4-brickwork|n12|d72|i4|dir=gaussian|basis=Z|eta=0,SU2-HaarU4-brickwork|n12|d72|i4,512,373,0.000647903094571905
v2_spectrum,SU2-HaarU4-brickwork|n12|d72|i4|dir=gaussian|basis=Z|eta=0,SU2-HaarU4-brickwork|n12|d72|i4,512,374,0.0006450651358208665
v2_spectrum,SU2-HaarU4-brickwork|n12|d72|i4|dir=gaussian|basis=Z|eta=0,SU2-HaarU4-brickwork|n12|d72|i4,512,375,0.0006394411940265416
v2_spectrum,SU2-HaarU4-brickwork|n12|d72|i4|dir=gaussian|basis=Z|eta=0,SU2-HaarU4-brickwork|n12|d72|i4,512,376,0.0006382040746962082
v2_spectrum,SU2-HaarU4-brickwork|n12|d72|i4|dir=gaussian|basis=Z|eta=0,SU2-HaarU4-brickwork|n12|d72|i4,512,377,0.000635012292368695
v2_spectrum,SU2-HaarU4-brickwork|n12|d72|i4|dir=gaussian|basis=Z|eta=0,SU2-HaarU4-brickwork|n12|d72|i4,512,378,0.0006302791846536773
v2_spectrum,SU2-HaarU4-brickwork|n12|d72|i4|dir=gaussian|basis=Z|eta=0,SU2-HaarU4-brickwork|n12|d72|i4,512,379,0.0006251875485019864
v2_spectrum,SU2-HaarU4-brickwork|n12|d72|i4|dir=gaussian|basis=Z|eta=0,SU2-HaarU4-brickwork|n12|d72|i4,512,380,0.0006243358258086893
v2_spectrum,SU2-HaarU4-brickwork|n12|d72|i4|dir=gaussian|basis=Z|eta=0,SU2-HaarU4-brickwork|n12|d72|i4,512,381,0.000620297098400623
v2_spectrum,SU2-HaarU4-brickwork|n12|d72|i4|dir=gaussian|basis=Z|eta=0,SU2-HaarU4-brickwork|n12|d72|i4,512,382,0.0006108383203775636
v2_spectrum,SU2-HaarU4-brickwork|n12|d72|i4|dir=gaussian|basis=Z|eta=0,SU2-HaarU4-brickwork|n12|d72|i4,512,383,0.0006050717915532785
v2_spectrum,SU2-HaarU4-brickwork|n12|d72|i4|dir=gaussian|basis=Z|eta=0,SU2-HaarU4-brickwork|n12|d72|i4,512,384,0.000603358810638162
v2_spectrum,SU2-HaarU4-brickwork|n12|d72|i4|dir=gaussian|basis=Z|eta=0,SU2-HaarU4-brickwork|n12|d72|i4,512,385,0.0005979700278484023
v2_spectrum,SU2-HaarU4-brickwork|n12|d72|i4|dir=gaussian|basis=Z|eta=0,SU2-HaarU4-brickwork|n12|d72|i4,512,386,0.0005960433136975343
v2_spectrum,SU2-HaarU4-brickwork|n12|d72|i4|dir=gaussian|basis=Z|eta=0,SU2-HaarU4-brickwork|n12|d72|i4,512,387,0.0005930596424940735
v2_spectrum,SU2-HaarU4-brickwork|n12|d72|i4|dir=gaussian|basis=Z|eta=0,SU2-HaarU4-brickwork|n12|d72|i4,512,388,0.0005892878091400896
v2_spectrum,SU2-HaarU4-brickwork|n12|d72|i4|dir=gaussian|basis=Z|eta=0,SU2-HaarU4-brickwork|n12|d72|i4,512,389,0.00058589378458473
v2_spectrum,SU2-HaarU4-brickwork|n12|d72|i4|dir=gaussian|basis=Z|eta=0,SU2-HaarU4-brickwork|n12|d72|i4,512,390,0.0005825337548483156
v2_spectrum,SU2-HaarU4-brickwork|n12|d72|i4|dir=gaussian|basis=Z|eta=0,SU2-HaarU4-brickwork|n12|d72|i4,512,391,0.0005803961248571862
v2_spectrum,SU2-HaarU4-brickwork|n12|d72|i4|dir=gaussian|basis=Z|eta=0,SU2-HaarU4-brickwork|n12|d72|i4,512,392,0.0005775266196346463
v2_spectrum,SU2-HaarU4-brickwork|n12|d72|i4|dir=gaussian|basis=Z|eta=0,SU2-HaarU4-brickwork|n12|d72|i4,512,393,0.0005706458596235197
v2_spectrum,SU2-HaarU4-brickwork|n12|d72|i4|dir=gaussian|basis=Z|eta=0,SU2-HaarU4-brickwork|n12|d72|i4,512,394,0.0005664916747452156
v2_spectrum,SU2-HaarU4-brickwork|n12|d72|i4|dir=gaussian|basis=Z|eta=0,SU2-HaarU4-brickwork|n12|d72|i4,512,395,0.0005620740861405531
v2_spectrum,SU2-HaarU4-brickwork|n12|d72|i4|dir=gaussian|basis=Z|eta=0,SU2-HaarU4-brickwork|n12|d72|i4,512,396,0.0005602016087897759
v2_spectrum,SU2-HaarU4-brickwork|n12|d72|i4|dir=gaussian|basis=Z|eta=0,SU2-HaarU4-brickwork|n12|d72|i4,512,397,0.0005555944898333018
v2_spectrum,SU2-HaarU4-brickwork|n12|d72|i4|dir=gaussian|basis=Z|eta=0,SU2-HaarU4-brickwork|n12|d72|i4,512,398,0.0005533679143533104
v2_spectrum,SU2-HaarU4-brickwork|n12|d72|i4|dir=gaussian|basis=Z|eta=0,SU2-HaarU4-brickwork|n12|d72|i4,512,399,0.0005495582976968498
v2_spectrum,SU2-HaarU4-brickwork|n12|d72|i4|dir=gaussian|basis=Z|eta=0,SU2-HaarU4-brickwork|n12|d72|i4,512,400,0.0005464251854136338
v2_spectrum,SU2-HaarU4-brickwork|n12|d72|i4|dir=gaussian|basis=Z|eta=0,SU2-HaarU4-brickwork|n12|d72|i4,512,401,0.0005456226431927877
v2_spectrum,SU2-HaarU4-brickwork|n12|d72|i4|dir=gaussian|basis=Z|eta=0,SU2-HaarU4-brickwork|n12|d72|i4,512,402,0.0005418642850228577
v2_spectrum,SU2-HaarU4-brickwork|n12|d72|i4|dir=gaussian|basis=Z|eta=0,SU2-HaarU4-brickwork|n12|d72|i4,512,403,0.0005351664409106262
v2_spectrum,SU2-HaarU4-brickwork|n12|d72|i4|dir=gaussian|basis=Z|eta=0,SU2-HaarU4-brickwork|n12|d72|i4,512,404,0.0005344492187833026
v2_spectrum,SU2-HaarU4-brickwork|n12|d72|i4|dir=gaussian|basis=Z|eta=0,SU2-HaarU4-brickwork|n12|d72|i4,512,405,0.0005266048691925449
v2_spectrum,SU2-HaarU4-brickwork|n12|d72|i4|dir=gaussian|basis=Z|eta=0,SU2-HaarU4-brickwork|n12|d72|i4,512,406,0.0005229769578921666
v2_spectrum,SU2-HaarU4-brickwork|n12|d72|i4|dir=gaussian|basis=Z|eta=0,SU2-HaarU4-brickwork|n12|d72|i4,512,407,0.0005195805103016316
v2_spectrum,SU2-HaarU4-brickwork|n12|d72|i4|dir=gaussian|basis=Z|eta=0,SU2-HaarU4-brickwork|n12|d72|i4,512,408,0.0005173640320826475
v2_spectrum,SU2-HaarU4-brickwork|n12|d72|i4|dir=gaussian|basis=Z|eta=0,SU2-HaarU4-brickwork|n12|d72|i4,512,409,0.0005150643289528277
v2_spectrum,SU2-HaarU4-brickwork|n12|d72|i4|dir=gaussian|basis=Z|eta=0,SU2-HaarU4-brickwork|n12|d72|i4,512,410,0.0005083576562477602
v2_spectrum,SU2-HaarU4-brickwork|n12|d72|i4|dir=gaussian|basis=Z|eta=0,SU2-HaarU4-brickwork|n12|d72|i4,512,411,0.0005068012174935181
v2_spectrum,SU2-HaarU4-brickwork|n12|d72|i4|dir=gaussian|basis=Z|eta=0,SU2-HaarU4-brickwork|n12|d72|i4,512,412,0.0004989441451002609
v2_spectrum,SU2-HaarU4-brickwork|n12|d72|i4|dir=gaussian|basis=Z|eta=0,SU2-HaarU4-brickwork|n12|d72|i4,512,413,0.000496895181102528
v2_spectrum,SU2-HaarU4-brickwork|n12|d72|i4|dir=gaussian|basis=Z|eta=0,SU2-HaarU4-brickwork|n12|d72|i4,512,414,0.0004947590038875152
v2_spectrum,SU2-HaarU4-brickwork|n12|d72|i4|dir=gaussian|basis=Z|eta=0,SU2-HaarU4-brickwork|n12|d72|i4,512,415,0.0004929240742278622
v2_spectrum,SU2-HaarU4-brickwork|n12|d72|i4|dir=gaussian|basis=Z|eta=0,SU2-HaarU4-brickwork|n12|d72|i4,512,416,0.0004853245671315127
v2_spectrum,SU2-HaarU4-brickwork|n12|d72|i4|dir=gaussian|basis=Z|eta=0,SU2-HaarU4-brickwork|n12|d72|i4,512,417,0.00048341524868825863
v2_spectrum,SU2-HaarU4-brickwork|n12|d72|i4|dir=gaussian|basis=Z|eta=0,SU2-HaarU4-brickwork|n12|d72|i4,512,418,0.0004772894739201086
v2_spectrum,SU2-HaarU4-brickwork|n12|d72|i4|dir=gaussian|basis=Z|eta=0,SU2-HaarU4-brickwork|n12|d72|i4,512,419,0.0004719688256010811
v2_spectrum,SU2-HaarU4-brickwork|n12|d72|i4|dir=gaussian|basis=Z|eta=0,SU2-HaarU4-brickwork|n12|d72|i4,512,420,0.00046910747997155574
v2_spectrum,SU2-HaarU4-brickwork|n12|d72|i4|dir=gaussian|basis=Z|eta=0,SU2-HaarU4-brickwork|n12|d72|i4,512,421,0.00046816986032351094
v2_spectrum,SU2-HaarU4-brickwork|n12|d72|i4|dir=gaussian|basis=Z|eta=0,SU2-HaarU4-brickwork|n12|d72|i4,512,422,0.0004668654545831169
v2_spectrum,SU2-HaarU4-brickwork|n12|d72|i4|dir=gaussian|basis=Z|eta=0,SU2-HaarU4-brickwork|n12|d72|i4,512,423,0.00046268479531842943
v2_spectrum,SU2-HaarU4-brickwork|n12|d72|i4|dir=gaussian|basis=Z|eta=0,SU2-HaarU4-brickwork|n12|d72|i4,512,424,0.00045823896904080764
v2_spectrum,SU2-HaarU4-brickwork|n12|d72|i4|dir=gaussian|basis=Z|eta=0,SU2-HaarU4-brickwork|n12|d72|i4,512,425,0.0004532669256466344
v2_spectrum,SU2-HaarU4-brickwork|n12|d72|i4|dir=gaussian|basis=Z|eta=0,SU2-HaarU4-brickwork|n12|d72|i4,512,426,0.00045087515089171454
v2_spectrum,SU2-HaarU4-brickwork|n12|d72|i4|dir=gaussian|basis=Z|eta=0,SU2-HaarU4-brickwork|n12|d72|i4,512,427,0.0004467090673858529
v2_spectrum,SU2-HaarU4-brickwork|n12|d72|i4|dir=gaussian|basis=Z|eta=0,SU2-HaarU4-brickwork|n12|d72|i4,512,428,0.0004446889889333966
v2_spectrum,SU2-HaarU4-brickwork|n12|d72|i4|dir=gaussian|basis=Z|eta=0,SU2-HaarU4-brickwork|n12|d72|i4,512,429,0.00044275911781713916
v2_spectrum,SU2-HaarU4-brickwork|n12|d72|i4|dir=gaussian|basis=Z|eta=0,SU2-HaarU4-brickwork|n12|d72|i4,512,430,0.0004387575357682611
v2_spectrum,SU2-HaarU4-brickwork|n12|d72|i4|dir=gaussian|basis=Z|eta=0,SU2-HaarU4-brickwork|n12|d72|i4,512,431,0.0004362840643720603
v2_spectrum,SU2-HaarU4-brickwork|n12|d72|i4|dir=gaussian|basis=Z|eta=0,SU2-HaarU4-brickwork|n12|d72|i4,512,432,0.00043485135743721154
v2_spectrum,SU2-HaarU4-brickwork|n12|d72|i4|dir=gaussian|basis=Z|eta=0,SU2-HaarU4-brickwork|n12|d72|i4,512,433,0.00042930309885727465
v2_spectrum,SU2-HaarU4-brickwork|n12|d72|i4|dir=gaussian|basis=Z|eta=0,SU2-HaarU4-brickwork|n12|d72|i4,512,434,0.0004259031583868569
v2_spectrum,SU2-HaarU4-brickwork|n12|d72|i4|dir=gaussian|basis=Z|eta=0,SU2-HaarU4-brickwork|n12|d72|i4,512,435,0.0004207932877233268
v2_spectrum,SU2-HaarU4-brickwork|n12|d72|i4|dir=gaussian|basis=Z|eta=0,SU2-HaarU4-brickwork|n12|d72|i4,512,436,0.0004173701048530287
v2_spectrum,SU2-HaarU4-brickwork|n12|d72|i4|dir=gaussian|basis=Z|eta=0,SU2-HaarU4-brickwork|n12|d72|i4,512,437,0.0004160188654475309
v2_spectrum,SU2-HaarU4-brickwork|n12|d72|i4|dir=gaussian|basis=Z|eta=0,SU2-HaarU4-brickwork|n12|d72|i4,512,438,0.00040994680194849465
v2_spectrum,SU2-HaarU4-brickwork|n12|d72|i4|dir=gaussian|basis=Z|eta=0,SU2-HaarU4-brickwork|n12|d72|i4,512,439,0.00040912576905288673
v2_spectrum,SU2-HaarU4-brickwork|n12|d72|i4|dir=gaussian|basis=Z|eta=0,SU2-HaarU4-brickwork|n12|d72|i4,512,440,0.00040459672718162455
v2_spectrum,SU2-HaarU4-brickwork|n12|d72|i4|dir=gaussian|basis=Z|eta=0,SU2-HaarU4-brickwork|n12|d72|i4,512,441,0.00040031373866006184
v2_spectrum,SU2-HaarU4-brickwork|n12|d72|i4|dir=gaussian|basis=Z|eta=0,SU2-HaarU4-brickwork|n12|d72|i4,512,442,0.00039904041263983027
v2_spectrum,SU2-HaarU4-brickwork|n12|d72|i4|dir=gaussian|basis=Z|eta=0,SU2-HaarU4-brickwork|n12|d72|i4,512,443,0.00039638532127983154
v2_spectrum,SU2-HaarU4-brickwork|n12|d72|i4|dir=gaussian|basis=Z|eta=0,SU2-HaarU4-brickwork|n12|d72|i4,512,444,0.00039328612151915966
v2_spectrum,SU2-HaarU4-brickwork|n12|d72|i4|dir=gaussian|basis=Z|eta=0,SU2-HaarU4-brickwork|n12|d72|i4,512,445,0.0003896436786496803
v2_spectrum,SU2-HaarU4-brickwork|n12|d72|i4|dir=gaussian|basis=Z|eta=0,SU2-HaarU4-brickwork|n12|d72|i4,512,446,0.0003854722559721186
v2_spectrum,SU2-HaarU4-brickwork|n12|d72|i4|dir=gaussian|basis=Z|eta=0,SU2-HaarU4-brickwork|n12|d72|i4,512,447,0.0003818965545236233
v2_spectrum,SU2-HaarU4-brickwork|n12|d72|i4|dir=gaussian|basis=Z|eta=0,SU2-HaarU4-brickwork|n12|d72|i4,512,448,0.00037870560092018055
v2_spectrum,SU2-HaarU4-brickwork|n12|d72|i4|dir=gaussian|basis=Z|eta=0,SU2-HaarU4-brickwork|n12|d72|i4,512,449,0.0003774377661265782
v2_spectrum,SU2-HaarU4-brickwork|n12|d72|i4|dir=gaussian|basis=Z|eta=0,SU2-HaarU4-brickwork|n12|d72|i4,512,450,0.0003739057110569763
v2_spectrum,SU2-HaarU4-brickwork|n12|d72|i4|dir=gaussian|basis=Z|eta=0,SU2-HaarU4-brickwork|n12|d72|i4,512,451,0.00036984078691214614
v2_spectrum,SU2-HaarU4-brickwork|n12|d72|i4|dir=gaussian|basis=Z|eta=0,SU2-HaarU4-brickwork|n12|d72|i4,512,452,0.00036763243031716055
v2_spectrum,SU2-HaarU4-brickwork|n12|d72|i4|dir=gaussian|basis=Z|eta=0,SU2-HaarU4-brickwork|n12|d72|i4,512,453,0.00036438522847569903
v2_spectrum,SU2-HaarU4-brickwork|n12|d72|i4|dir=gaussian|basis=Z|eta=0,SU2-HaarU4-brickwork|n12|d72|i4,512,454,0.00036021832832291355
v2_spectrum,SU2-HaarU4-brickwork|n12|d72|i4|dir=gaussian|basis=Z|eta=0,SU2-HaarU4-brickwork|n12|d72|i4,512,455,0.0003548992549739718
v2_spectrum,SU2-HaarU4-brickwork|n12|d72|i4|dir=gaussian|basis=Z|eta=0,SU2-HaarU4-brickwork|n12|d72|i4,512,456,0.0003544280193137613
v2_spectrum,SU2-HaarU4-brickwork|n12|d72|i4|dir=gaussian|basis=Z|eta=0,SU2-HaarU4-brickwork|n12|d72|i4,512,457,0.0003490466820658826
v2_spectrum,SU2-HaarU4-brickwork|n12|d72|i4|dir=gaussian|basis=Z|eta=0,SU2-HaarU4-brickwork|n12|d72|i4,512,458,0.00034746595164954604
v2_spectrum,SU2-HaarU4-brickwork|n12|d72|i4|dir=gaussian|basis=Z|eta=0,SU2-HaarU4-brickwork|n12|d72|i4,512,459,0.0003465232532760604
v2_spectrum,SU2-HaarU4-brickwork|n12|d72|i4|dir=gaussian|basis=Z|eta=0,SU2-HaarU4-brickwork|n12|d72|i4,512,460,0.0003437349919066434
v2_spectrum,SU2-HaarU4-brickwork|n12|d72|i4|dir=gaussian|basis=Z|eta=0,SU2-HaarU4-brickwork|n12|d72|i4,512,461,0.00033899608899479774
v2_spectrum,SU2-HaarU4-brickwork|n12|d72|i4|dir=gaussian|basis=Z|eta=0,SU2-HaarU4-brickwork|n12|d72|i4,512,462,0.00033567821878281235
v2_spectrum,SU2-HaarU4-brickwork|n12|d72|i4|dir=gaussian|basis=Z|eta=0,SU2-HaarU4-brickwork|n12|d72|i4,512,463,0.0003332186364713611
v2_spectrum,SU2-HaarU4-brickwork|n12|d72|i4|dir=gaussian|basis=Z|eta=0,SU2-HaarU4-brickwork|n12|d72|i4,512,464,0.0003317574791177094
v2_spectrum,SU2-HaarU4-brickwork|n12|d72|i4|dir=gaussian|basis=Z|eta=0,SU2-HaarU4-brickwork|n12|d72|i4,512,465,0.00032697113986271175
v2_spectrum,SU2-HaarU4-brickwork|n12|d72|i4|dir=gaussian|basis=Z|eta=0,SU2-HaarU4-brickwork|n12|d72|i4,512,466,0.0003240066389256731
v2_spectrum,SU2-HaarU4-brickwork|n12|d72|i4|dir=gaussian|basis=Z|eta=0,SU2-HaarU4-brickwork|n12|d72|i4,512,467,0.0003222969108263249
v2_spectrum,SU2-HaarU4-brickwork|n12|d72|i4|dir=gaussian|basis=Z|eta=0,SU2-HaarU4-brickwork|n12|d72|i4,512,468,0.0003181046382012279
v2_spectrum,SU2-HaarU4-brickwork|n12|d72|i4|dir=gaussian|basis=Z|eta=0,SU2-HaarU4-brickwork|n12|d72|i4,512,469,0.00031537717804679176
v2_spectrum,SU2-HaarU4-brickwork|n12|d72|i4|dir=gaussian|basis=Z|eta=0,SU2-HaarU4-brickwork|n12|d72|i4,512,470,0.00031297714546758615
v2_spectrum,SU2-HaarU4-brickwork|n12|d72|i4|dir=gaussian|basis=Z|eta=0,SU2-HaarU4-brickwork|n12|d72|i4,512,471,0.00031208791632772324
v2_spectrum,SU2-HaarU4-brickwork|n12|d72|i4|dir=gaussian|basis=Z|eta=0,SU2-HaarU4-brickwork|n12|d72|i4,512,472,0.0003067851401210574
v2_spectrum,SU2-HaarU4-brickwork|n12|d72|i4|dir=gaussian|basis=Z|eta=0,SU2-HaarU4-brickwork|n12|d72|i4,512,473,0.0003031517852106343
v2_spectrum,SU2-HaarU4-brickwork|n12|d72|i4|dir=gaussian|basis=Z|eta=0,SU2-HaarU4-brickwork|n12|d72|i4,512,474,0.0003012953732099972
v2_spectrum,SU2-HaarU4-brickwork|n12|d72|i4|dir=gaussian|basis=Z|eta=0,SU2-HaarU4-brickwork|n12|d72|i4,512,475,0.0002964107803010508
v2_spectrum,SU2-HaarU4-brickwork|n12|d72|i4|dir=gaussian|basis=Z|eta=0,SU2-HaarU4-brickwork|n12|d72|i4,512,476,0.0002953608593245947
v2_spectrum,SU2-HaarU4-brickwork|n12|d72|i4|dir=gaussian|basis=Z|eta=0,SU2-HaarU4-brickwork|n12|d72|i4,512,477,0.0002930089108017153
v2_spectrum,SU2-HaarU4-brickwork|n12|d72|i4|dir=gaussian|basis=Z|eta=0,SU2-HaarU4-brickwork|n12|d72|i4,512,478,0.00028814922135691047
v2_spectrum,SU2-HaarU4-brickwork|n12|d72|i4|dir=gaussian|basis=Z|eta=0,SU2-HaarU4-brickwork|n12|d72|i4,512,479,0.000286690037620809
v2_spectrum,SU2-HaarU4-brickwork|n12|d72|i4|dir=gaussian|basis=Z|eta=0,SU2-HaarU4-brickwork|n12|d72|i4,512,480,0.0002842571403101758
v2_spectrum,SU2-HaarU4-brickwork|n12|d72|i4|dir=gaussian|basis=Z|eta=0,SU2-HaarU4-brickwork|n12|d72|i4,512,481,0.00028298836020620056
v2_spectrum,SU2-HaarU4-brickwork|n12|d72|i4|dir=gaussian|basis=Z|eta=0,SU2-HaarU4-brickwork|n12|d72|i4,512,482,0.00028013630513678574
v2_spectrum,SU2-HaarU4-brickwork|n12|d72|i4|dir=gaussian|basis=Z|eta=0,SU2-HaarU4-brickwork|n12|d72|i4,512,483,0.0002767376684221007
v2_spectrum,SU2-HaarU4-brickwork|n12|d72|i4|dir=gaussian|basis=Z|eta=0,SU2-HaarU4-brickwork|n12|d72|i4,512,484,0.0002742394228139644
v2_spectrum,SU2-HaarU4-brickwork|n12|d72|i4|dir=gaussian|basis=Z|eta=0,SU2-HaarU4-brickwork|n12|d72|i4,512,485,0.000271806561823376
v2_spectrum,SU2-HaarU4-brickwork|n12|d72|i4|dir=gaussian|basis=Z|eta=0,SU2-HaarU4-brickwork|n12|d72|i4,512,486,0.0002681910130781692
v2_spectrum,SU2-HaarU4-brickwork|n12|d72|i4|dir=gaussian|basis=Z|eta=0,SU2-HaarU4-brickwork|n12|d72|i4,512,487,0.000265326563687538
v2_spectrum,SU2-HaarU4-brickwork|n12|d72|i4|dir=gaussian|basis=Z|eta=0,SU2-HaarU4-brickwork|n12|d72|i4,512,488,0.0002627357878402039
v2_spectrum,SU2-HaarU4-brickwork|n12|d72|i4|dir=gaussian|basis=Z|eta=0,SU2-HaarU4-brickwork|n12|d72|i4,512,489,0.00026010315137426216
v2_spectrum,SU2-HaarU4-brickwork|n12|d72|i4|dir=gaussian|basis=Z|eta=0,SU2-HaarU4-brickwork|n12|d72|i4,512,490,0.00025812689190148286
v2_spectrum,SU2-HaarU4-brickwork|n12|d72|i4|dir=gaussian|basis=Z|eta=0,SU2-HaarU4-brickwork|n12|d72|i4,512,491,0.00025533201500768454
v2_spectrum,SU2-HaarU4-brickwork|n12|d72|i4|dir=gaussian|basis=Z|eta=0,SU2-HaarU4-brickwork|n12|d72|i4,512,492,0.00025234611956908394
v2_spectrum,SU2-HaarU4-brickwork|n12|d72|i4|dir=gaussian|basis=Z|eta=0,SU2-HaarU4-brickwork|n12|d72|i4,512,493,0.0002485400869521648
v2_spectrum,SU2-HaarU4-brickwork|n12|d72|i4|dir=gaussian|basis=Z|eta=0,SU2-HaarU4-brickwork|n12|d72|i4,512,494,0.0002408543206794375
v2_spectrum,SU2-HaarU4-brickwork|n12|d72|i4|dir=gaussian|basis=Z|eta=0,SU2-HaarU4-brickwork|n12|d72|i4,512,495,0.00024049867208493023
v2_spectrum,SU2-HaarU4-brickwork|n12|d72|i4|dir=gaussian|basis=Z|eta=0,SU2-HaarU4-brickwork|n12|d72|i4,512,496,0.00023940533427798725
v2_spectrum,SU2-HaarU4-brickwork|n12|d72|i4|dir=gaussian|basis=Z|eta=0,SU2-HaarU4-brickwork|n12|d72|i4,512,497,0.00023692622381787568
v2_spectrum,SU2-HaarU4-brickwork|n12|d72|i4|dir=gaussian|basis=Z|eta=0,SU2-HaarU4-brickwork|n12|d72|i4,512,498,0.00023173406287652686
v2_spectrum,SU2-HaarU4-brickwork|n12|d72|i4|dir=gaussian|basis=Z|eta=0,SU2-HaarU4-brickwork|n12|d72|i4,512,499,0.0002287376921893909
v2_spectrum,SU2-HaarU4-brickwork|n12|d72|i4|dir=gaussian|basis=Z|eta=0,SU2-HaarU4-brickwork|n12|d72|i4,512,500,0.000225197661767375
v2_spectrum,SU2-HaarU4-brickwork|n12|d72|i4|dir=gaussian|basis=Z|eta=0,SU2-HaarU4-brickwork|n12|d72|i4,512,501,0.00022378217662881838
v2_spectrum,SU2-HaarU4-brickwork|n12|d72|i4|dir=gaussian|basis=Z|eta=0,SU2-HaarU4-brickwork|n12|d72|i4,512,502,0.0002221028444251816
v2_spectrum,SU2-HaarU4-brickwork|n12|d72|i4|dir=gaussian|basis=Z|eta=0,SU2-HaarU4-brickwork|n12|d72|i4,512,503,0.00021768777406284555
v2_spectrum,SU2-HaarU4-brickwork|n12|d72|i4|dir=gaussian|basis=Z|eta=0,SU2-HaarU4-brickwork|n12|d72|i4,512,504,0.00021454622234493844
v2_spectrum,SU2-HaarU4-brickwork|n12|d72|i4|dir=gaussian|basis=Z|eta=0,SU2-HaarU4-brickwork|n12|d72|i4,512,505,0.0002127037343968418
v2_spectrum,SU2-HaarU4-brickwork|n12|d72|i4|dir=gaussian|basis=Z|eta=0,SU2-HaarU4-brickwork|n12|d72|i4,512,506,0.00020708657118832097
v2_spectrum,SU2-HaarU4-brickwork|n12|d72|i4|dir=gaussian|basis=Z|eta=0,SU2-HaarU4-brickwork|n12|d72|i4,512,507,0.00020197158670970736
v2_spectrum,SU2-HaarU4-brickwork|n12|d72|i4|dir=gaussian|basis=Z|eta=0,SU2-HaarU4-brickwork|n12|d72|i4,512,508,0.00020062766764791462
v2_spectrum,SU2-HaarU4-brickwork|n12|d72|i4|dir=gaussian|basis=Z|eta=0,SU2-HaarU4-brickwork|n12|d72|i4,512,509,0.00019674875505142048
v2_spectrum,SU2-HaarU4-brickwork|n12|d72|i4|dir=gaussian|basis=Z|eta=0,SU2-HaarU4-brickwork|n12|d72|i4,512,510,0.00019323716096195432
v2_spectrum,SU2-HaarU4-brickwork|n12|d72|i4|dir=gaussian|basis=Z|eta=0,SU2-HaarU4-brickwork|n12|d72|i4,512,511,0.000185160413457424
v2_spectrum,SU2-HaarU4-brickwork|n12|d72|i4|dir=gaussian|basis=Z|eta=0,SU2-HaarU4-brickwork|n12|d72|i4,512,512,0.00017737799956164368
v2_spectrum,U1-RZ-XY-line|n12|d72|i8|dir=gaussian|basis=Z|eta=0,U1-RZ-XY-line|n12|d72|i8,512,1,0.054788281316781665
v2_spectrum,U1-RZ-XY-line|n12|d72|i8|dir=gaussian|basis=Z|eta=0,U1-RZ-XY-line|n12|d72|i8,512,2,0.04920626092283022
v2_spectrum,U1-RZ-XY-line|n12|d72|i8|dir=gaussian|basis=Z|eta=0,U1-RZ-XY-line|n12|d72|i8,512,3,0.04650168731546519
v2_spectrum,U1-RZ-XY-line|n12|d72|i8|dir=gaussian|basis=Z|eta=0,U1-RZ-XY-line|n12|d72|i8,512,4,0.042361782131756
v2_spectrum,U1-RZ-XY-line|n12|d72|i8|dir=gaussian|basis=Z|eta=0,U1-RZ-XY-line|n12|d72|i8,512,5,0.04149638608031664
v2_spectrum,U1-RZ-XY-line|n12|d72|i8|dir=gaussian|basis=Z|eta=0,U1-RZ-XY-line|n12|d72|i8,512,6,0.0367668819474841
v2_spectrum,U1-RZ-XY-line|n12|d72|i8|dir=gaussian|basis=Z|eta=0,U1-RZ-XY-line|n12|d72|i8,512,7,0.03664217410636093
v2_spectrum,U1-RZ-XY-line|n12|d72|i8|dir=gaussian|basis=Z|eta=0,U1-RZ-XY-line|n12|d72|i8,512,8,0.03350616500359353
v2_spectrum,U1-RZ-XY-line|n12|d72|i8|dir=gaussian|basis=Z|eta=0,U1-RZ-XY-line|n12|d72|i8,512,9,0.032552658052480976
v2_spectrum,U1-RZ-XY-line|n12|d72|i8|dir=gaussian|basis=Z|eta=0,U1-RZ-XY-line|n12|d72|i8,512,10,0.031751877238410144
v2_spectrum,U1-RZ-XY-line|n12|d72|i8|dir=gaussian|basis=Z|eta=0,U1-RZ-XY-line|n12|d72|i8,512,11,0.029975877216043403
v2_spectrum,U1-RZ-XY-line|n12|d72|i8|dir=gaussian|basis=Z|eta=0,U1-RZ-XY-line|n12|d72|i8,512,12,0.027146721162459517
v2_spectrum,U1-RZ-XY-line|n12|d72|i8|dir=gaussian|basis=Z|eta=0,U1-RZ-XY-line|n12|d72|i8,512,13,0.02565528247683763
v2_spectrum,U1-RZ-XY-line|n12|d72|i8|dir=gaussian|basis=Z|eta=0,U1-RZ-XY-line|n12|d72|i8,512,14,0.025388626109769743
v2_spectrum,U1-RZ-XY-line|n12|d72|i8|dir=gaussian|basis=Z|eta=0,U1-RZ-XY-line|n12|d72|i8,512,15,0.02419077578124879
v2_spectrum,U1-RZ-XY-line|n12|d72|i8|dir=gaussian|basis=Z|eta=0,U1-RZ-XY-line|n12|d72|i8,512,16,0.0241042375986896
v2_spectrum,U1-RZ-XY-line|n12|d72|i8|dir=gaussian|basis=Z|eta=0,U1-RZ-XY-line|n12|d72|i8,512,17,0.022199442755124508
v2_spectrum,U1-RZ-XY-line|n12|d72|i8|dir=gaussian|basis=Z|eta=0,U1-RZ-XY-line|n12|d72|i8,512,18,0.021927146177139565
v2_spectrum,U1-RZ-XY-line|n12|d72|i8|dir=gaussian|basis=Z|eta=0,U1-RZ-XY-line|n12|d72|i8,512,19,0.021270889403898364
v2_spectrum,U1-RZ-XY-line|n12|d72|i8|dir=gaussian|basis=Z|eta=0,U1-RZ-XY-line|n12|d72|i8,512,20,0.020742383313551813
v2_spectrum,U1-RZ-XY-line|n12|d72|i8|dir=gaussian|basis=Z|eta=0,U1-RZ-XY-line|n12|d72|i8,512,21,0.019995995807579832
v2_spectrum,U1-RZ-XY-line|n12|d72|i8|dir=gaussian|basis=Z|eta=0,U1-RZ-XY-line|n12|d72|i8,512,22,0.01863559029630844
v2_spectrum,U1-RZ-XY-line|n12|d72|i8|dir=gaussian|basis=Z|eta=0,U1-RZ-XY-line|n12|d72|i8,512,23,0.017617138998411587
v2_spectrum,U1-RZ-XY-line|n12|d72|i8|dir=gaussian|basis=Z|eta=0,U1-RZ-XY-line|n12|d72|i8,512,24,0.016385612477614823
v2_spectrum,U1-RZ-XY-line|n12|d72|i8|dir=gaussian|basis=Z|eta=0,U1-RZ-XY-line|n12|d72|i8,512,25,0.01628031190551658
v2_spectrum,U1-RZ-XY-line|n12|d72|i8|dir=gaussian|basis=Z|eta=0,U1-RZ-XY-line|n12|d72|i8,512,26,0.015744470530816825
v2_spectrum,U1-RZ-XY-line|n12|d72|i8|dir=gaussian|basis=Z|eta=0,U1-RZ-XY-line|n12|d72|i8,512,27,0.014574852517550717
v2_spectrum,U1-RZ-XY-line|n12|d72|i8|dir=gaussian|basis=Z|eta=0,U1-RZ-XY-line|n12|d72|i8,512,28,0.01435760467877369
v2_spectrum,U1-RZ-XY-line|n12|d72|i8|dir=gaussian|basis=Z|eta=0,U1-RZ-XY-line|n12|d72|i8,512,29,0.013701790230786326
v2_spectrum,U1-RZ-XY-line|n12|d72|i8|dir=gaussian|basis=Z|eta=0,U1-RZ-XY-line|n12|d72|i8,512,30,0.012347176064492062
v2_spectrum,U1-RZ-XY-line|n12|d72|i8|dir=gaussian|basis=Z|eta=0,U1-RZ-XY-line|n12|d72|i8,512,31,0.011680107379047611
v2_spectrum,U1-RZ-XY-line|n12|d72|i8|dir=gaussian|basis=Z|eta=0,U1-RZ-XY-line|n12|d72|i8,512,32,0.011169940312819825
v2_spectrum,U1-RZ-XY-line|n12|d72|i8|dir=gaussian|basis=Z|eta=0,U1-RZ-XY-line|n12|d72|i8,512,33,0.010515690691286649
v2_spectrum,U1-RZ-XY-line|n12|d72|i8|dir=gaussian|basis=Z|eta=0,U1-RZ-XY-line|n12|d72|i8,512,34,0.010216184643736713
v2_spectrum,U1-RZ-XY-line|n12|d72|i8|dir=gaussian|basis=Z|eta=0,U1-RZ-XY-line|n12|d72|i8,512,35,0.0098847983921139
v2_spectrum,U1-RZ-XY-line|n12|d72|i8|dir=gaussian|basis=Z|eta=0,U1-RZ-XY-line|n12|d72|i8,512,36,0.009650761361344531
v2_spectrum,U1-RZ-XY-line|n12|d72|i8|dir=gaussian|basis=Z|eta=0,U1-RZ-XY-line|n12|d72|i8,512,37,0.00899259799597901
v2_spectrum,U1-RZ-XY-line|n12|d72|i8|dir=gaussian|basis=Z|eta=0,U1-RZ-XY-line|n12|d72|i8,512,38,0.00873491922602865
v2_spectrum,U1-RZ-XY-line|n12|d72|i8|dir=gaussian|basis=Z|eta=0,U1-RZ-XY-line|n12|d72|i8,512,39,0.008127817010782959
v2_spectrum,U1-RZ-XY-line|n12|d72|i8|dir=gaussian|basis=Z|eta=0,U1-RZ-XY-line|n12|d72|i8,512,40,0.007875455572829955
v2_spectrum,U1-RZ-XY-line|n12|d72|i8|dir=gaussian|basis=Z|eta=0,U1-RZ-XY-line|n12|d72|i8,512,41,0.007449307871955893
v2_spectrum,U1-RZ-XY-line|n12|d72|i8|dir=gaussian|basis=Z|eta=0,U1-RZ-XY-line|n12|d72|i8,512,42,0.007241361516013609
v2_spectrum,U1-RZ-XY-line|n12|d72|i8|dir=gaussian|basis=Z|eta=0,U1-RZ-XY-line|n12|d72|i8,512,43,0.006809213581456364
v2_spectrum,U1-RZ-XY-line|n12|d72|i8|dir=gaussian|basis=Z|eta=0,U1-RZ-XY-line|n12|d72|i8,512,44,0.006304469367194606
v2_spectrum,U1-RZ-XY-line|n12|d72|i8|dir=gaussian|basis=Z|eta=0,U1-RZ-XY-line|n12|d72|i8,512,45,0.006244108131182955
v2_spectrum,U1-RZ-XY-line|n12|d72|i8|dir=gaussian|basis=Z|eta=0,U1-RZ-XY-line|n12|d72|i8,512,46,0.0059605728595777925
v2_spectrum,U1-RZ-XY-line|n12|d72|i8|dir=gaussian|basis=Z|eta=0,U1-RZ-XY-line|n12|d72|i8,512,47,0.005733656908440712
v2_spectrum,U1-RZ-XY-line|n12|d72|i8|dir=gaussian|basis=Z|eta=0,U1-RZ-XY-line|n12|d72|i8,512,48,0.005500750388923693
v2_spectrum,U1-RZ-XY-line|n12|d72|i8|dir=gaussian|basis=Z|eta=0,U1-RZ-XY-line|n12|d72|i8,512,49,0.005036727533600931
v2_spectrum,U1-RZ-XY-line|n12|d72|i8|dir=gaussian|basis=Z|eta=0,U1-RZ-XY-line|n12|d72|i8,512,50,0.004808326905926381
v2_spectrum,U1-RZ-XY-line|n12|d72|i8|dir=gaussian|basis=Z|eta=0,U1-RZ-XY-line|n12|d72|i8,512,51,0.004584481222669987
v2_spectrum,U1-RZ-XY-line|n12|d72|i8|dir=gaussian|basis=Z|eta=0,U1-RZ-XY-line|n12|d72|i8,512,52,0.004062435158692028
v2_spectrum,U1-RZ-XY-line|n12|d72|i8|dir=gaussian|basis=Z|eta=0,U1-RZ-XY-line|n12|d72|i8,512,53,0.0039843317953425755
v2_spectrum,U1-RZ-XY-line|n12|d72|i8|dir=gaussian|basis=Z|eta=0,U1-RZ-XY-line|n12|d72|i8,512,54,0.003927490074572414
v2_spectrum,U1-RZ-XY-line|n12|d72|i8|dir=gaussian|basis=Z|eta=0,U1-RZ-XY-line|n12|d72|i8,512,55,0.003491610072776842
v2_spectrum,U1-RZ-XY-line|n12|d72|i8|dir=gaussian|basis=Z|eta=0,U1-RZ-XY-line|n12|d72|i8,512,56,0.0031675913843024566
v2_spectrum,U1-RZ-XY-line|n12|d72|i8|dir=gaussian|basis=Z|eta=0,U1-RZ-XY-line|n12|d72|i8,512,57,0.0028753428070922575
v2_spectrum,U1-RZ-XY-line|n12|d72|i8|dir=gaussian|basis=Z|eta=0,U1-RZ-XY-line|n12|d72|i8,512,58,0.002612283538399235
v2_spectrum,U1-RZ-XY-line|n12|d72|i8|dir=gaussian|basis=Z|eta=0,U1-RZ-XY-line|n12|d72|i8,512,59,0.0021136073175713065
v2_spectrum,U1-RZ-XY-line|n12|d72|i8|dir=gaussian|basis=Z|eta=0,U1-RZ-XY-line|n12|d72|i8,512,60,0.0019251678944048982
v2_spectrum,U1-RZ-XY-line|n12|d72|i8|dir=gaussian|basis=Z|eta=0,U1-RZ-XY-line|n12|d72|i8,512,61,0.0015028114658401043
