profile,job_id,circuit_id,tangent_count_used,eigen_index,eigenvalue
v2_spectrum,SU2-CNOT-line|n10|d60|i0|dir=gaussian|basis=Z|eta=0,SU2-CNOT-line|n10|d60|i0,512,1,0.009803627827316546
v2_spectrum,SU2-CNOT-line|n10|d60|i0|dir=gaussian|basis=Z|eta=0,SU2-CNOT-line|n10|d60|i0,512,2,0.00931606896286031
v2_spectrum,SU2-CNOT-line|n10|d60|i0|dir=gaussian|basis=Z|eta=0,SU2-CNOT-line|n10|d60|i0,512,3,0.00906227846740198
v2_spectrum,SU2-CNOT-line|n10|d60|i0|dir=gaussian|basis=Z|eta=0,SU2-CNOT-line|n10|d60|i0,512,4,0.008750945894148847
v2_spectrum,SU2-CNOT-line|n10|d60|i0|dir=gaussian|basis=Z|eta=0,SU2-CNOT-line|n10|d60|i0,512,5,0.008557925702193204
v2_spectrum,SU2-CNOT-line|n10|d60|i0|dir=gaussian|basis=Z|eta=0,SU2-CNOT-line|n10|d60|i0,512,6,0.008531044465679948
v2_spectrum,SU2-CNOT-line|n10|d60|i0|dir=gaussian|basis=Z|eta=0,SU2-CNOT-line|n10|d60|i0,512,7,0.0084152195556707
v2_spectrum,SU2-CNOT-line|n10|d60|i0|dir=gaussian|basis=Z|eta=0,SU2-CNOT-line|n10|d60|i0,512,8,0.00829487286430838
v2_spectrum,SU2-CNOT-line|n10|d60|i0|dir=gaussian|basis=Z|eta=0,SU2-CNOT-line|n10|d60|i0,512,9,0.008133574534977659
v2_spectrum,SU2-CNOT-line|n10|d60|i0|dir=gaussian|basis=Z|eta=0,SU2-CNOT-line|n10|d60|i0,512,10,0.008084363546295234
v2_spectrum,SU2-CNOT-line|n10|d60|i0|dir=gaussian|basis=Z|eta=0,SU2-CNOT-line|n10|d60|i0,512,11,0.007894559947172836
v2_spectrum,SU2-CNOT-line|n10|d60|i0|dir=gaussian|basis=Z|eta=0,SU2-CNOT-line|n10|d60|i0,512,12,0.007781713941472897
v2_spectrum,SU2-CNOT-line|n10|d60|i0|dir=gaussian|basis=Z|eta=0,SU2-CNOT-line|n10|d60|i0,512,13,0.007757430874340023
v2_spectrum,SU2-CNOT-line|n10|d60|i0|dir=gaussian|basis=Z|eta=0,SU2-CNOT-line|n10|d60|i0,512,14,0.007566304210872342
v2_spectrum,SU2-CNOT-line|n10|d60|i0|dir=gaussian|basis=Z|eta=0,SU2-CNOT-line|n10|d60|i0,512,15,0.007500525673474356
v2_spectrum,SU2-CNOT-line|n10|d60|i0|dir=gaussian|basis=Z|eta=0,SU2-CNOT-line|n10|d60|i0,512,16,0.007479851542998445
v2_spectrum,SU2-CNOT-line|n10|d60|i0|dir=gaussian|basis=Z|eta=0,SU2-CNOT-line|n10|d60|i0,512,17,0.0073413425250617535
v2_spectrum,SU2-CNOT-line|n10|d60|i0|dir=gaussian|basis=Z|eta=0,SU2-CNOT-line|n10|d60|i0,512,18,0.007270878426101856
v2_spectrum,SU2-CNOT-line|n10|d60|i0|dir=gaussian|basis=Z|eta=0,SU2-CNOT-line|n10|d60|i0,512,19,0.007190847210574905
v2_spectrum,SU2-CNOT-line|n10|d60|i0|dir=gaussian|basis=Z|eta=0,SU2-CNOT-line|n10|d60|i0,512,20,0.007016688659373378
v2_spectrum,SU2-CNOT-line|n10|d60|i0|dir=gaussian|basis=Z|eta=0,SU2-CNOT-line|n10|d60|i0,512,21,0.006969453681734746
v2_spectrum,SU2-CNOT-line|n10|d60|i0|dir=gaussian|basis=Z|eta=0,SU2-CNOT-line|n10|d60|i0,512,22,0.006855952813221826
v2_spectrum,SU2-CNOT-line|n10|d60|i0|dir=gaussian|basis=Z|eta=0,SU2-CNOT-line|n10|d60|i0,512,23,0.006822605805962049
v2_spectrum,SU2-CNOT-line|n10|d60|i0|dir=gaussian|basis=Z|eta=0,SU2-CNOT-line|n10|d60|i0,512,24,0.006741674272491679
v2_spectrum,SU2-CNOT-line|n10|d60|i0|dir=gaussian|basis=Z|eta=0,SU2-CNOT-line|n10|d60|i0,512,25,0.006715678839581751
v2_spectrum,SU2-CNOT-line|n10|d60|i0|dir=gaussian|basis=Z|eta=0,SU2-CNOT-line|n10|d60|i0,512,26,0.0066666660988823345
v2_spectrum,SU2-CNOT-line|n10|d60|i0|dir=gaussian|basis=Z|eta=0,SU2-CNOT-line|n10|d60|i0,512,27,0.006538050011683879
v2_spectrum,SU2-CNOT-line|n10|d60|i0|dir=gaussian|basis=Z|eta=0,SU2-CNOT-line|n10|d60|i0,512,28,0.006502538049677819
v2_spectrum,SU2-CNOT-line|n10|d60|i0|dir=gaussian|basis=Z|eta=0,SU2-CNOT-line|n10|d60|i0,512,29,0.006413735091487247
v2_spectrum,SU2-CNOT-line|n10|d60|i0|dir=gaussian|basis=Z|eta=0,SU2-CNOT-line|n10|d60|i0,512,30,0.006389740917194937
v2_spectrum,SU2-CNOT-line|n10|d60|i0|dir=gaussian|basis=Z|eta=0,SU2-CNOT-line|n10|d60|i0,512,31,0.006289781731995292
v2_spectrum,SU2-CNOT-line|n10|d60|i0|dir=gaussian|basis=Z|eta=0,SU2-CNOT-line|n10|d60|i0,512,32,0.006246912836460843
v2_spectrum,SU2-CNOT-line|n10|d60|i0|dir=gaussian|basis=Z|eta=0,SU2-CNOT-line|n10|d60|i0,512,33,0.006177257759870372
v2_spectrum,SU2-CNOT-line|n10|d60|i0|dir=gaussian|basis=Z|eta=0,SU2-CNOT-line|n10|d60|i0,512,34,0.006098883007008032
v2_spectrum,SU2-CNOT-line|n10|d60|i0|dir=gaussian|basis=Z|eta=0,SU2-CNOT-line|n10|d60|i0,512,35,0.005984332065448456
v2_spectrum,SU2-CNOT-line|n10|d60|i0|dir=gaussian|basis=Z|eta=0,SU2-CNOT-line|n10|d60|i0,512,36,0.005956101658525143
v2_spectrum,SU2-CNOT-line|n10|d60|i0|dir=gaussian|basis=Z|eta=0,SU2-CNOT-line|n10|d60|i0,512,37,0.005885716092978428
v2_spectrum,SU2-CNOT-line|n10|d60|i0|dir=gaussian|basis=Z|eta=0,SU2-CNOT-line|n10|d60|i0,512,38,0.005868741208486601
v2_spectrum,SU2-CNOT-line|n10|d60|i0|dir=gaussian|basis=Z|eta=0,SU2-CNOT-line|n10|d60|i0,512,39,0.005840965326478337
v2_spectrum,SU2-CNOT-line|n10|d60|i0|dir=gaussian|basis=Z|eta=0,SU2-CNOT-line|n10|d60|i0,512,40,0.005747384733244608
v2_spectrum,SU2-CNOT-line|n10|d60|i0|dir=gaussian|basis=Z|eta=0,SU2-CNOT-line|n10|d60|i0,512,41,0.005679020646527193
v2_spectrum,SU2-CNOT-line|n10|d60|i0|dir=gaussian|basis=Z|eta=0,SU2-CNOT-line|n10|d60|i0,512,42,0.005665405380818452
v2_spectrum,SU2-CNOT-line|n10|d60|i0|dir=gaussian|basis=Z|eta=0,SU2-CNOT-line|n10|d60|i0,512,43,0.005571210227271179
v2_spectrum,SU2-CNOT-line|n10|d60|i0|dir=gaussian|basis=Z|eta=0,SU2-CNOT-line|n10|d60|i0,512,44,0.005503054710878667
v2_spectrum,SU2-CNOT-line|n10|d60|i0|dir=gaussian|basis=Z|eta=0,SU2-CNOT-line|n10|d60|i0,512,45,0.0054582302380425515
v2_spectrum,SU2-CNOT-line|n10|d60|i0|dir=gaussian|basis=Z|eta=0,SU2-CNOT-line|n10|d60|i0,512,46,0.005450026800172924
v2_spectrum,SU2-CNOT-line|n10|d60|i0|dir=gaussian|basis=Z|eta=0,SU2-CNOT-line|n10|d60|i0,512,47,0.005365976145731089
v2_spectrum,SU2-CNOT-line|n10|d60|i0|dir=gaussian|basis=Z|eta=0,SU2-CNOT-line|n10|d60|i0,512,48,0.005302360201184831
v2_spectrum,SU2-CNOT-line|n10|d60|i0|dir=gaussian|basis=Z|eta=0,SU2-CNOT-line|n10|d60|i0,512,49,0.0052614117783819254
v2_spectrum,SU2-CNOT-line|n10|d60|i0|dir=gaussian|basis=Z|eta=0,SU2-CNOT-line|n10|d60|i0,512,50,0.005243256295276217
v2_spectrum,SU2-CNOT-line|n10|d60|i0|dir=gaussian|basis=Z|eta=0,SU2-CNOT-line|n10|d60|i0,512,51,0.00516968987182454
v2_spectrum,SU2-CNOT-line|n10|d60|i0|dir=gaussian|basis=Z|eta=0,SU2-CNOT-line|n10|d60|i0,512,52,0.005151758436230127
v2_spectrum,SU2-CNOT-line|n10|d60|i0|dir=gaussian|basis=Z|eta=0,SU2-CNOT-line|n10|d60|i0,512,53,0.005103513863828574
v2_spectrum,SU2-CNOT-line|n10|d60|i0|dir=gaussian|basis=Z|eta=0,SU2-CNOT-line|n10|d60|i0,512,54,0.0050666180496228225
v2_spectrum,SU2-CNOT-line|n10|d60|i0|dir=gaussian|basis=Z|eta=0,SU2-CNOT-line|n10|d60|i0,512,55,0.00503803781208336
v2_spectrum,SU2-CNOT-line|n10|d60|i0|dir=gaussian|basis=Z|eta=0,SU2-CNOT-line|n10|d60|i0,512,56,0.005004649770966286
v2_spectrum,SU2-CNOT-line|n10|d60|i0|dir=gaussian|basis=Z|eta=0,SU2-CNOT-line|n10|d60|i0,512,57,0.004939682700158189
v2_spectrum,SU2-CNOT-line|n10|d60|i0|dir=gaussian|basis=Z|eta=0,SU2-CNOT-line|n10|d60|i0,512,58,0.004916721543200927
v2_spectrum,SU2-CNOT-line|n10|d60|i0|dir=gaussian|basis=Z|eta=0,SU2-CNOT-line|n10|d60|i0,512,59,0.004855213653722221
v2_spectrum,SU2-CNOT-line|n10|d60|i0|dir=gaussian|basis=Z|eta=0,SU2-CNOT-line|n10|d60|i0,512,60,0.0048341458823203485
v2_spectrum,SU2-CNOT-line|n10|d60|i0|dir=gaussian|basis=Z|eta=0,SU2-CNOT-line|n10|d60|i0,512,61,0.004805405982454502
v2_spectrum,SU2-CNOT-line|n10|d60|i0|dir=gaussian|basis=Z|eta=0,SU2-CNOT-line|n10|d60|i0,512,62,0.004733395641128964
v2_spectrum,SU2-CNOT-line|n10|d60|i0|dir=gaussian|basis=Z|eta=0,SU2-CNOT-line|n10|d60|i0,512,63,0.00471541171855937
v2_spectrum,SU2-CNOT-line|n10|d60|i0|dir=gaussian|basis=Z|eta=0,SU2-CNOT-line|n10|d60|i0,512,64,0.004635770663345603
v2_spectrum,SU2-CNOT-line|n10|d60|i0|dir=gaussian|basis=Z|eta=0,SU2-CNOT-line|n10|d60|i0,512,65,0.004620986274939866
v2_spectrum,SU2-CNOT-line|n10|d60|i0|dir=gaussian|basis=Z|eta=0,SU2-CNOT-line|n10|d60|i0,512,66,0.004557800063552056
v2_spectrum,SU2-CNOT-line|n10|d60|i0|dir=gaussian|basis=Z|eta=0,SU2-CNOT-line|n10|d60|i0,512,67,0.004503040206794259
v2_spectrum,SU2-CNOT-line|n10|d60|i0|dir=gaussian|basis=Z|eta=0,SU2-CNOT-line|n10|d60|i0,512,68,0.004477802969268239
v2_spectrum,SU2-CNOT-line|n10|d60|i0|dir=gaussian|basis=Z|eta=0,SU2-CNOT-line|n10|d60|i0,512,69,0.004454652145727123
v2_spectrum,SU2-CNOT-line|n10|d60|i0|dir=gaussian|basis=Z|eta=0,SU2-CNOT-line|n10|d60|i0,512,70,0.004420667204077727
v2_spectrum,SU2-CNOT-line|n10|d60|i0|dir=gaussian|basis=Z|eta=0,SU2-CNOT-line|n10|d60|i0,512,71,0.004376649938104872
v2_spectrum,SU2-CNOT-line|n10|d60|i0|dir=gaussian|basis=Z|eta=0,SU2-CNOT-line|n10|d60|i0,512,72,0.00429667355231355
v2_spectrum,SU2-CNOT-line|n10|d60|i0|dir=gaussian|basis=Z|eta=0,SU2-CNOT-line|n10|d60|i0,512,73,0.004269064754019921
v2_spectrum,SU2-CNOT-line|n10|d60|i0|dir=gaussian|basis=Z|eta=0,SU2-CNOT-line|n10|d60|i0,512,74,0.004219933263531488
v2_spectrum,SU2-CNOT-line|n10|d60|i0|dir=gaussian|basis=Z|eta=0,SU2-CNOT-line|n10|d60|i0,512,75,0.004192480942874701
v2_spectrum,SU2-CNOT-line|n10|d60|i0|dir=gaussian|basis=Z|eta=0,SU2-CNOT-line|n10|d60|i0,512,76,0.004161077095632727
v2_spectrum,SU2-CNOT-line|n10|d60|i0|dir=gaussian|basis=Z|eta=0,SU2-CNOT-line|n10|d60|i0,512,77,0.00414738070737485
v2_spectrum,SU2-CNOT-line|n10|d60|i0|dir=gaussian|basis=Z|eta=0,SU2-CNOT-line|n10|d60|i0,512,78,0.0041112611939934166
v2_spectrum,SU2-CNOT-line|n10|d60|i0|dir=gaussian|basis=Z|eta=0,SU2-CNOT-line|n10|d60|i0,512,79,0.004052763257462314
v2_spectrum,SU2-CNOT-line|n10|d60|i0|dir=gaussian|basis=Z|eta=0,SU2-CNOT-line|n10|d60|i0,512,80,0.004029900329051806
v2_spectrum,SU2-CNOT-line|n10|d60|i0|dir=gaussian|basis=Z|eta=0,SU2-CNOT-line|n10|d60|i0,512,81,0.00399384415690267
v2_spectrum,SU2-CNOT-line|n10|d60|i0|dir=gaussian|basis=Z|eta=0,SU2-CNOT-line|n10|d60|i0,512,82,0.003975597902292174
v2_spectrum,SU2-CNOT-line|n10|d60|i0|dir=gaussian|basis=Z|eta=0,SU2-CNOT-line|n10|d60|i0,512,83,0.003953112781317207
v2_spectrum,SU2-CNOT-line|n10|d60|i0|dir=gaussian|basis=Z|eta=0,SU2-CNOT-line|n10|d60|i0,512,84,0.003935261264686296
v2_spectrum,SU2-CNOT-line|n10|d60|i0|dir=gaussian|basis=Z|eta=0,SU2-CNOT-line|n10|d60|i0,512,85,0.0038630260777212815
v2_spectrum,SU2-CNOT-line|n10|d60|i0|dir=gaussian|basis=Z|eta=0,SU2-CNOT-line|n10|d60|i0,512,86,0.0038355590389802857
v2_spectrum,SU2-CNOT-line|n10|d60|i0|dir=gaussian|basis=Z|eta=0,SU2-CNOT-line|n10|d60|i0,512,87,0.003806374645875471
v2_spectrum,SU2-CNOT-line|n10|d60|i0|dir=gaussian|basis=Z|eta=0,SU2-CNOT-line|n10|d60|i0,512,88,0.0037922605638978793
v2_spectrum,SU2-CNOT-line|n10|d60|i0|dir=gaussian|basis=Z|eta=0,SU2-CNOT-line|n10|d60|i0,512,89,0.003781106648928742
v2_spectrum,SU2-CNOT-line|n10|d60|i0|dir=gaussian|basis=Z|eta=0,SU2-CNOT-line|n10|d60|i0,512,90,0.0037616939176788305
v2_spectrum,SU2-CNOT-line|n10|d60|i0|dir=gaussian|basis=Z|eta=0,SU2-CNOT-line|n10|d60|i0,512,91,0.0037112512370782607
v2_spectrum,SU2-CNOT-line|n10|d60|i0|dir=gaussian|basis=Z|eta=0,SU2-CNOT-line|n10|d60|i0,512,92,0.0036662548872253265
v2_spectrum,SU2-CNOT-line|n10|d60|i0|dir=gaussian|basis=Z|eta=0,SU2-CNOT-line|n10|d60|i0,512,93,0.003650613731291255
v2_spectrum,SU2-CNOT-line|n10|d60|i0|dir=gaussian|basis=Z|eta=0,SU2-CNOT-line|n10|d60|i0,512,94,0.003624899454464996
v2_spectrum,SU2-CNOT-line|n10|d60|i0|dir=gaussian|basis=Z|eta=0,SU2-CNOT-line|n10|d60|i0,512,95,0.0035885113966068276
v2_spectrum,SU2-CNOT-line|n10|d60|i0|dir=gaussian|basis=Z|eta=0,SU2-CNOT-line|n10|d60|i0,512,96,0.0035490916822166667
v2_spectrum,SU2-CNOT-line|n10|d60|i0|dir=gaussian|basis=Z|eta=0,SU2-CNOT-line|n10|d60|i0,512,97,0.0035283359144059495
v2_spectrum,SU2-CNOT-line|n10|d60|i0|dir=gaussian|basis=Z|eta=0,SU2-CNOT-line|n10|d60|i0,512,98,0.0034799332422430023
v2_spectrum,SU2-CNOT-line|n10|d60|i0|dir=gaussian|basis=Z|eta=0,SU2-CNOT-line|n10|d60|i0,512,99,0.0034715194844301646
v2_spectrum,SU2-CNOT-line|n10|d60|i0|dir=gaussian|basis=Z|eta=0,SU2-CNOT-line|n10|d60|i0,512,100,0.0034460307742001433
v2_spectrum,SU2-CNOT-line|n10|d60|i0|dir=gaussian|basis=Z|eta=0,SU2-CNOT-line|n10|d60|i0,512,101,0.0034348537941323587
v2_spectrum,SU2-CNOT-line|n10|d60|i0|dir=gaussian|basis=Z|eta=0,SU2-CNOT-line|n10|d60|i0,512,102,0.003416093955507841
v2_spectrum,SU2-CNOT-line|n10|d60|i0|dir=gaussian|basis=Z|eta=0,SU2-CNOT-line|n10|d60|i0,512,103,0.00339554980808979
v2_spectrum,SU2-CNOT-line|n10|d60|i0|dir=gaussian|basis=Z|eta=0,SU2-CNOT-line|n10|d60|i0,512,104,0.003361986018319534
v2_spectrum,SU2-CNOT-line|n10|d60|i0|dir=gaussian|basis=Z|eta=0,SU2-CNOT-line|n10|d60|i0,512,105,0.003331252629924439
v2_spectrum,SU2-CNOT-line|n10|d60|i0|dir=gaussian|basis=Z|eta=0,SU2-CNOT-line|n10|d60|i0,512,106,0.0032863395152294477
v2_spectrum,SU2-CNOT-line|n10|d60|i0|dir=gaussian|basis=Z|eta=0,SU2-CNOT-line|n10|d60|i0,512,107,0.003248435022891819
v2_spectrum,SU2-CNOT-line|n10|d60|i0|dir=gaussian|basis=Z|eta=0,SU2-CNOT-line|n10|d60|i0,512,108,0.003212157517734836
v2_spectrum,SU2-CNOT-line|n10|d60|i0|dir=gaussian|basis=Z|eta=0,SU2-CNOT-line|n10|d60|i0,512,109,0.0031885547839163556
v2_spectrum,SU2-CNOT-line|n10|d60|i0|dir=gaussian|basis=Z|eta=0,SU2-CNOT-line|n10|d60|i0,512,110,0.003168404305481528
v2_spectrum,SU2-CNOT-line|n10|d60|i0|dir=gaussian|basis=Z|eta=0,SU2-CNOT-line|n10|d60|i0,512,111,0.0031477066476161835
v2_spectrum,SU2-CNOT-line|n10|d60|i0|dir=gaussian|basis=Z|eta=0,SU2-CNOT-line|n10|d60|i0,512,112,0.003136702320822638
v2_spectrum,SU2-CNOT-line|n10|d60|i0|dir=gaussian|basis=Z|eta=0,SU2-CNOT-line|n10|d60|i0,512,113,0.0031207205654204674
v2_spectrum,SU2-CNOT-line|n10|d60|i0|dir=gaussian|basis=Z|eta=0,SU2-CNOT-line|n10|d60|i0,512,114,0.0031064208934099584
v2_spectrum,SU2-CNOT-line|n10|d60|i0|dir=gaussian|basis=Z|eta=0,SU2-CNOT-line|n10|d60|i0,512,115,0.003081188273929052
v2_spectrum,SU2-CNOT-line|n10|d60|i0|dir=gaussian|basis=Z|eta=0,SU2-CNOT-line|n10|d60|i0,512,116,0.0030593661076914664
v2_spectrum,SU2-CNOT-line|n10|d60|i0|dir=gaussian|basis=Z|eta=0,SU2-CNOT-line|n10|d60|i0,512,117,0.0030474723488175745
v2_spectrum,SU2-CNOT-line|n10|d60|i0|dir=gaussian|basis=Z|eta=0,SU2-CNOT-line|n10|d60|i0,512,118,0.002996724484333447
v2_spectrum,SU2-CNOT-line|n10|d60|i0|dir=gaussian|basis=Z|eta=0,SU2-CNOT-line|n10|d60|i0,512,119,0.0029678592843607444
v2_spectrum,SU2-CNOT-line|n10|d60|i0|dir=gaussian|basis=Z|eta=0,SU2-CNOT-line|n10|d60|i0,512,120,0.002957259831466686
v2_spectrum,SU2-CNOT-line|n10|d60|i0|dir=gaussian|basis=Z|eta=0,SU2-CNOT-line|n10|d60|i0,512,121,0.0029343645876989287
v2_spectrum,SU2-CNOT-line|n10|d60|i0|dir=gaussian|basis=Z|eta=0,SU2-CNOT-line|n10|d60|i0,512,122,0.0029180449805715977
v2_spectrum,SU2-CNOT-line|n10|d60|i0|dir=gaussian|basis=Z|eta=0,SU2-CNOT-line|n10|d60|i0,512,123,0.0029013624991050765
v2_spectrum,SU2-CNOT-line|n10|d60|i0|dir=gaussian|basis=Z|eta=0,SU2-CNOT-line|n10|d60|i0,512,124,0.002886275908238508
v2_spectrum,SU2-CNOT-line|n10|d60|i0|dir=gaussian|basis=Z|eta=0,SU2-CNOT-line|n10|d60|i0,512,125,0.0028707033542801166
v2_spectrum,SU2-CNOT-line|n10|d60|i0|dir=gaussian|basis=Z|eta=0,SU2-CNOT-line|n10|d60|i0,512,126,0.00284716968864745
v2_spectrum,SU2-CNOT-line|n10|d60|i0|dir=gaussian|basis=Z|eta=0,SU2-CNOT-line|n10|d60|i0,512,127,0.0028318656153008977
v2_spectrum,SU2-CNOT-line|n10|d60|i0|dir=gaussian|basis=Z|eta=0,SU2-CNOT-line|n10|d60|i0,512,128,0.0028194809520201095
v2_spectrum,SU2-CNOT-line|n10|d60|i0|dir=gaussian|basis=Z|eta=0,SU2-CNOT-line|n10|d60|i0,512,129,0.0028105035592654076
v2_spectrum,SU2-CNOT-line|n10|d60|i0|dir=gaussian|basis=Z|eta=0,SU2-CNOT-line|n10|d60|i0,512,130,0.0027839763171066895
v2_spectrum,SU2-CNOT-line|n10|d60|i0|dir=gaussian|basis=Z|eta=0,SU2-CNOT-line|n10|d60|i0,512,131,0.0027425185535491113
v2_spectrum,SU2-CNOT-line|n10|d60|i0|dir=gaussian|basis=Z|eta=0,SU2-CNOT-line|n10|d60|i0,512,132,0.002738068375117333
v2_spectrum,SU2-CNOT-line|n10|d60|i0|dir=gaussian|basis=Z|eta=0,SU2-CNOT-line|n10|d60|i0,512,133,0.0027242848254330136
v2_spectrum,SU2-CNOT-line|n10|d60|i0|dir=gaussian|basis=Z|eta=0,SU2-CNOT-line|n10|d60|i0,512,134,0.0027111681825165916
v2_spectrum,SU2-CNOT-line|n10|d60|i0|dir=gaussian|basis=Z|eta=0,SU2-CNOT-line|n10|d60|i0,512,135,0.002690340540686131
v2_spectrum,SU2-CNOT-line|n10|d60|i0|dir=gaussian|basis=Z|eta=0,SU2-CNOT-line|n10|d60|i0,512,136,0.00268919330134457
v2_spectrum,SU2-CNOT-line|n10|d60|i0|dir=gaussian|basis=Z|eta=0,SU2-CNOT-line|n10|d60|i0,512,137,0.00266131714137927
v2_spectrum,SU2-CNOT-line|n10|d60|i0|dir=gaussian|basis=Z|eta=0,SU2-CNOT-line|n10|d60|i0,512,138,0.002638491537776576
v2_spectrum,SU2-CNOT-line|n10|d60|i0|dir=gaussian|basis=Z|eta=0,SU2-CNOT-line|n10|d60|i0,512,139,0.002606988160309126
v2_spectrum,SU2-CNOT-line|n10|d60|i0|dir=gaussian|basis=Z|eta=0,SU2-CNOT-line|n10|d60|i0,512,140,0.0026053071239669485
v2_spectrum,SU2-CNOT-line|n10|d60|i0|dir=gaussian|basis=Z|eta=0,SU2-CNOT-line|n10|d60|i0,512,141,0.002553801880620579
v2_spectrum,SU2-CNOT-line|n10|d60|i0|dir=gaussian|basis=Z|eta=0,SU2-CNOT-line|n10|d60|i0,512,142,0.002535959004364913
v2_spectrum,SU2-CNOT-line|n10|d60|i0|dir=gaussian|basis=Z|eta=0,SU2-CNOT-line|n10|d60|i0,512,143,0.002518980105907209
v2_spectrum,SU2-CNOT-line|n10|d60|i0|dir=gaussian|basis=Z|eta=0,SU2-CNOT-line|n10|d60|i0,512,144,0.0024970574133845835
v2_spectrum,SU2-CNOT-line|n10|d60|i0|dir=gaussian|basis=Z|eta=0,SU2-CNOT-line|n10|d60|i0,512,145,0.0024839307844621208
v2_spectrum,SU2-CNOT-line|n10|d60|i0|dir=gaussian|basis=Z|eta=0,SU2-CNOT-line|n10|d60|i0,512,146,0.0024737944159303913
v2_spectrum,SU2-CNOT-line|n10|d60|i0|dir=gaussian|basis=Z|eta=0,SU2-CNOT-line|n10|d60|i0,512,147,0.0024657269590859757
v2_spectrum,SU2-CNOT-line|n10|d60|i0|dir=gaussian|basis=Z|eta=0,SU2-CNOT-line|n10|d60|i0,512,148,0.002434239725959911
v2_spectrum,SU2-CNOT-line|n10|d60|i0|dir=gaussian|basis=Z|eta=0,SU2-CNOT-line|n10|d60|i0,512,149,0.0024178385136285796
v2_spectrum,SU2-CNOT-line|n10|d60|i0|dir=gaussian|basis=Z|eta=0,SU2-CNOT-line|n10|d60|i0,512,150,0.0024113508398168003
v2_spectrum,SU2-CNOT-line|n10|d60|i0|dir=gaussian|basis=Z|eta=0,SU2-CNOT-line|n10|d60|i0,512,151,0.002384007906300407
v2_spectrum,SU2-CNOT-line|n10|d60|i0|dir=gaussian|basis=Z|eta=0,SU2-CNOT-line|n10|d60|i0,512,152,0.0023671422512554618
v2_spectrum,SU2-CNOT-line|n10|d60|i0|dir=gaussian|basis=Z|eta=0,SU2-CNOT-line|n10|d60|i0,512,153,0.00235563349398557
v2_spectrum,SU2-CNOT-line|n10|d60|i0|dir=gaussian|basis=Z|eta=0,SU2-CNOT-line|n10|d60|i0,512,154,0.002331526202785734
v2_spectrum,SU2-CNOT-line|n10|d60|i0|dir=gaussian|basis=Z|eta=0,SU2-CNOT-line|n10|d60|i0,512,155,0.002324798529666814
v2_spectrum,SU2-CNOT-line|n10|d60|i0|dir=gaussian|basis=Z|eta=0,SU2-CNOT-line|n10|d60|i0,512,156,0.0023095649342325616
v2_spectrum,SU2-CNOT-line|n10|d60|i0|dir=gaussian|basis=Z|eta=0,SU2-CNOT-line|n10|d60|i0,512,157,0.0023081310629680723
v2_spectrum,SU2-CNOT-line|n10|d60|i0|dir=gaussian|basis=Z|eta=0,SU2-CNOT-line|n10|d60|i0,512,158,0.0022824342557049826
v2_spectrum,SU2-CNOT-line|n10|d60|i0|dir=gaussian|basis=Z|eta=0,SU2-CNOT-line|n10|d60|i0,512,159,0.0022597763922918034
v2_spectrum,SU2-CNOT-line|n10|d60|i0|dir=gaussian|basis=Z|eta=0,SU2-CNOT-line|n10|d60|i0,512,160,0.0022480884859759753
v2_spectrum,SU2-CNOT-line|n10|d60|i0|dir=gaussian|basis=Z|eta=0,SU2-CNOT-line|n10|d60|i0,512,161,0.002230365246837041
v2_spectrum,SU2-CNOT-line|n10|d60|i0|dir=gaussian|basis=Z|eta=0,SU2-CNOT-line|n10|d60|i0,512,162,0.0022229116290448784
v2_spectrum,SU2-CNOT-line|n10|d60|i0|dir=gaussian|basis=Z|eta=0,SU2-CNOT-line|n10|d60|i0,512,163,0.0021926193689194838
v2_spectrum,SU2-CNOT-line|n10|d60|i0|dir=gaussian|basis=Z|eta=0,SU2-CNOT-line|n10|d60|i0,512,164,0.0021900482058089987
v2_spectrum,SU2-CNOT-line|n10|d60|i0|dir=gaussian|basis=Z|eta=0,SU2-CNOT-line|n10|d60|i0,512,165,0.002155854182536249
v2_spectrum,SU2-CNOT-line|n10|d60|i0|dir=gaussian|basis=Z|eta=0,SU2-CNOT-line|n10|d60|i0,512,166,0.0021466011506512395
v2_spectrum,SU2-CNOT-line|n10|d60|i0|dir=gaussian|basis=Z|eta=0,SU2-CNOT-line|n10|d60|i0,512,167,0.00214079305896358
v2_spectrum,SU2-CNOT-line|n10|d60|i0|dir=gaussian|basis=Z|eta=0,SU2-CNOT-line|n10|d60|i0,512,168,0.002124398444343473
v2_spectrum,SU2-CNOT-line|n10|d60|i0|dir=gaussian|basis=Z|eta=0,SU2-CNOT-line|n10|d60|i0,512,169,0.0021014965897937937
v2_spectrum,SU2-CNOT-line|n10|d60|i0|dir=gaussian|basis=Z|eta=0,SU2-CNOT-line|n10|d60|i0,512,170,0.0020977379206416928
v2_spectrum,SU2-CNOT-line|n10|d60|i0|dir=gaussian|basis=Z|eta=0,SU2-CNOT-line|n10|d60|i0,512,171,0.002071886939007619
v2_spectrum,SU2-CNOT-line|n10|d60|i0|dir=gaussian|basis=Z|eta=0,SU2-CNOT-line|n10|d60|i0,512,172,0.00206083100885395
v2_spectrum,SU2-CNOT-line|n10|d60|i0|dir=gaussian|basis=Z|eta=0,SU2-CNOT-line|n10|d60|i0,512,173,0.0020451090072312493
v2_spectrum,SU2-CNOT-line|n10|d60|i0|dir=gaussian|basis=Z|eta=0,SU2-CNOT-line|n10|d60|i0,512,174,0.002041110318572711
v2_spectrum,SU2-CNOT-line|n10|d60|i0|dir=gaussian|basis=Z|eta=0,SU2-CNOT-line|n10|d60|i0,512,175,0.002022235331522143
v2_spectrum,SU2-CNOT-line|n10|d60|i0|dir=gaussian|basis=Z|eta=0,SU2-CNOT-line|n10|d60|i0,512,176,0.002011573083280534
v2_spectrum,SU2-CNOT-line|n10|d60|i0|dir=gaussian|basis=Z|eta=0,SU2-CNOT-line|n10|d60|i0,512,177,0.0019858607083847847
v2_spectrum,SU2-CNOT-line|n10|d60|i0|dir=gaussian|basis=Z|eta=0,SU2-CNOT-line|n10|d60|i0,512,178,0.001981559520910101
v2_spectrum,SU2-CNOT-line|n10|d60|i0|dir=gaussian|basis=Z|eta=0,SU2-CNOT-line|n10|d60|i0,512,179,0.0019698640086995207
v2_spectrum,SU2-CNOT-line|n10|d60|i0|dir=gaussian|basis=Z|eta=0,SU2-CNOT-line|n10|d60|i0,512,180,0.00195715600676708
v2_spectrum,SU2-CNOT-line|n10|d60|i0|dir=gaussian|basis=Z|eta=0,SU2-CNOT-line|n10|d60|i0,512,181,0.0019396560704061459
v2_spectrum,SU2-CNOT-line|n10|d60|i0|dir=gaussian|basis=Z|eta=0,SU2-CNOT-line|n10|d60|i0,512,182,0.0019216266886088037
v2_spectrum,SU2-CNOT-line|n10|d60|i0|dir=gaussian|basis=Z|eta=0,SU2-CNOT-line|n10|d60|i0,512,183,0.001905665684494291
v2_spectrum,SU2-CNOT-line|n10|d60|i0|dir=gaussian|basis=Z|eta=0,SU2-CNOT-line|n10|d60|i0,512,184,0.0018827660901839763
v2_spectrum,SU2-CNOT-line|n10|d60|i0|dir=gaussian|basis=Z|eta=0,SU2-CNOT-line|n10|d60|i0,512,185,0.001881149658964184
v2_spectrum,SU2-CNOT-line|n10|d60|i0|dir=gaussian|basis=Z|eta=0,SU2-CNOT-line|n10|d60|i0,512,186,0.001865615357693339
v2_spectrum,SU2-CNOT-line|n10|d60|i0|dir=gaussian|basis=Z|eta=0,SU2-CNOT-line|n10|d60|i0,512,187,0.0018600420026215756
v2_spectrum,SU2-CNOT-line|n10|d60|i0|dir=gaussian|basis=Z|eta=0,SU2-CNOT-line|n10|d60|i0,512,188,0.0018491773430548625
v2_spectrum,SU2-CNOT-line|n10|d60|i0|dir=gaussian|basis=Z|eta=0,SU2-CNOT-line|n10|d60|i0,512,189,0.0018410585765730257
v2_spectrum,SU2-CNOT-line|n10|d60|i0|dir=gaussian|basis=Z|eta=0,SU2-CNOT-line|n10|d60|i0,512,190,0.0018169955670353426
v2_spectrum,SU2-CNOT-line|n10|d60|i0|dir=gaussian|basis=Z|eta=0,SU2-CNOT-line|n10|d60|i0,512,191,0.00181225870845338
v2_spectrum,SU2-CNOT-line|n10|d60|i0|dir=gaussian|basis=Z|eta=0,SU2-CNOT-line|n10|d60|i0,512,192,0.0017855678641040711
v2_spectrum,SU2-CNOT-line|n10|d60|i0|dir=gaussian|basis=Z|eta=0,SU2-CNOT-line|n10|d60|i0,512,193,0.0017741308123760974
v2_spectrum,SU2-CNOT-line|n10|d60|i0|dir=gaussian|basis=Z|eta=0,SU2-CNOT-line|n10|d60|i0,512,194,0.0017610708191761243
v2_spectrum,SU2-CNOT-line|n10|d60|i0|dir=gaussian|basis=Z|eta=0,SU2-CNOT-line|n10|d60|i0,512,195,0.0017523249916238381
v2_spectrum,SU2-CNOT-line|n10|d60|i0|dir=gaussian|basis=Z|eta=0,SU2-CNOT-line|n10|d60|i0,512,196,0.0017453959800651337
v2_spectrum,SU2-CNOT-line|n10|d60|i0|dir=gaussian|basis=Z|eta=0,SU2-CNOT-line|n10|d60|i0,512,197,0.0017243584520026582
v2_spectrum,SU2-CNOT-line|n10|d60|i0|dir=gaussian|basis=Z|eta=0,SU2-CNOT-line|n10|d60|i0,512,198,0.0017173946358789735
v2_spectrum,SU2-CNOT-line|n10|d60|i0|dir=gaussian|basis=Z|eta=0,SU2-CNOT-line|n10|d60|i0,512,199,0.0017041909824284578
v2_spectrum,SU2-CNOT-line|n10|d60|i0|dir=gaussian|basis=Z|eta=0,SU2-CNOT-line|n10|d60|i0,512,200,0.0016843038606774176
v2_spectrum,SU2-CNOT-line|n10|d60|i0|dir=gaussian|basis=Z|eta=0,SU2-CNOT-line|n10|d60|i0,512,201,0.0016725004286273727
v2_spectrum,SU2-CNOT-line|n10|d60|i0|dir=gaussian|basis=Z|eta=0,SU2-CNOT-line|n10|d60|i0,512,202,0.0016640240256692413
v2_spectrum,SU2-CNOT-line|n10|d60|i0|dir=gaussian|basis=Z|eta=0,SU2-CNOT-line|n10|d60|i0,512,203,0.001656602639359096
v2_spectrum,SU2-CNOT-line|n10|d60|i0|dir=gaussian|basis=Z|eta=0,SU2-CNOT-line|n10|d60|i0,512,204,0.0016511133709117456
v2_spectrum,SU2-CNOT-line|n10|d60|i0|dir=gaussian|basis=Z|eta=0,SU2-CNOT-line|n10|d60|i0,512,205,0.0016368254529366742
v2_spectrum,SU2-CNOT-line|n10|d60|i0|dir=gaussian|basis=Z|eta=0,SU2-CNOT-line|n10|d60|i0,512,206,0.0016302337725761095
v2_spectrum,SU2-CNOT-line|n10|d60|i0|dir=gaussian|basis=Z|eta=0,SU2-CNOT-line|n10|d60|i0,512,207,0.0016135176420489204
v2_spectrum,SU2-CNOT-line|n10|d60|i0|dir=gaussian|basis=Z|eta=0,SU2-CNOT-line|n10|d60|i0,512,208,0.0016120789434894256
v2_spectrum,SU2-CNOT-line|n10|d60|i0|dir=gaussian|basis=Z|eta=0,SU2-CNOT-line|n10|d60|i0,512,209,0.0015982724746489046
v2_spectrum,SU2-CNOT-line|n10|d60|i0|dir=gaussian|basis=Z|eta=0,SU2-CNOT-line|n10|d60|i0,512,210,0.0015857974338606778
v2_spectrum,SU2-CNOT-line|n10|d60|i0|dir=gaussian|basis=Z|eta=0,SU2-CNOT-line|n10|d60|i0,512,211,0.0015693477704879766
v2_spectrum,SU2-CNOT-line|n10|d60|i0|dir=gaussian|basis=Z|eta=0,SU2-CNOT-line|n10|d60|i0,512,212,0.0015649205608550807
v2_spectrum,SU2-CNOT-line|n10|d60|i0|dir=gaussian|basis=Z|eta=0,SU2-CNOT-line|n10|d60|i0,512,213,0.0015583652200452426
v2_spectrum,SU2-CNOT-line|n10|d60|i0|dir=gaussian|basis=Z|eta=0,SU2-CNOT-line|n10|d60|i0,512,214,0.0015404729102859263
v2_spectrum,SU2-CNOT-line|n10|d60|i0|dir=gaussian|basis=Z|eta=0,SU2-CNOT-line|n10|d60|i0,512,215,0.00153577279322226
v2_spectrum,SU2-CNOT-line|n10|d60|i0|dir=gaussian|basis=Z|eta=0,SU2-CNOT-line|n10|d60|i0,512,216,0.0015243954971157318
v2_spectrum,SU2-CNOT-line|n10|d60|i0|dir=gaussian|basis=Z|eta=0,SU2-CNOT-line|n10|d60|i0,512,217,0.0015179218913089377
v2_spectrum,SU2-CNOT-line|n10|d60|i0|dir=gaussian|basis=Z|eta=0,SU2-CNOT-line|n10|d60|i0,512,218,0.001499320107593009
v2_spectrum,SU2-CNOT-line|n10|d60|i0|dir=gaussian|basis=Z|eta=0,SU2-CNOT-line|n10|d60|i0,512,219,0.0014922333855066827
v2_spectrum,SU2-CNOT-line|n10|d60|i0|dir=gaussian|basis=Z|eta=0,SU2-CNOT-line|n10|d60|i0,512,220,0.001482398359418074
v2_spectrum,SU2-CNOT-line|n10|d60|i0|dir=gaussian|basis=Z|eta=0,SU2-CNOT-line|n10|d60|i0,512,221,0.0014726917804399559
v2_spectrum,SU2-CNOT-line|n10|d60|i0|dir=gaussian|basis=Z|eta=0,SU2-CNOT-line|n10|d60|i0,512,222,0.0014653996911840766
v2_spectrum,SU2-CNOT-line|n10|d60|i0|dir=gaussian|basis=Z|eta=0,SU2-CNOT-line|n10|d60|i0,512,223,0.0014543974592707595
v2_spectrum,SU2-CNOT-line|n10|d60|i0|dir=gaussian|basis=Z|eta=0,SU2-CNOT-line|n10|d60|i0,512,224,0.00143110365499367
v2_spectrum,SU2-CNOT-line|n10|d60|i0|dir=gaussian|basis=Z|eta=0,SU2-CNOT-line|n10|d60|i0,512,225,0.0014169582115977567
v2_spectrum,SU2-CNOT-line|n10|d60|i0|dir=gaussian|basis=Z|eta=0,SU2-CNOT-line|n10|d60|i0,512,226,0.0014103074912402882
v2_spectrum,SU2-CNOT-line|n10|d60|i0|dir=gaussian|basis=Z|eta=0,SU2-CNOT-line|n10|d60|i0,512,227,0.0014062041120764996
v2_spectrum,SU2-CNOT-line|n10|d60|i0|dir=gaussian|basis=Z|eta=0,SU2-CNOT-line|n10|d60|i0,512,228,0.0013908196990929434
v2_spectrum,SU2-CNOT-line|n10|d60|i0|dir=gaussian|basis=Z|eta=0,SU2-CNOT-line|n10|d60|i0,512,229,0.0013828497159876726
v2_spectrum,SU2-CNOT-line|n10|d60|i0|dir=gaussian|basis=Z|eta=0,SU2-CNOT-line|n10|d60|i0,512,230,0.001373786441327759
v2_spectrum,SU2-CNOT-line|n10|d60|i0|dir=gaussian|basis=Z|eta=0,SU2-CNOT-line|n10|d60|i0,512,231,0.0013606700393232012
v2_spectrum,SU2-CNOT-line|n10|d60|i0|dir=gaussian|basis=Z|eta=0,SU2-CNOT-line|n10|d60|i0,512,232,0.0013587493278410581
v2_spectrum,SU2-CNOT-line|n10|d60|i0|dir=gaussian|basis=Z|eta=0,SU2-CNOT-line|n10|d60|i0,512,233,0.0013429296134560256
v2_spectrum,SU2-CNOT-line|n10|d60|i0|dir=gaussian|basis=Z|eta=0,SU2-CNOT-line|n10|d60|i0,512,234,0.0013421869057266965
v2_spectrum,SU2-CNOT-line|n10|d60|i0|dir=gaussian|basis=Z|eta=0,SU2-CNOT-line|n10|d60|i0,512,235,0.001333692633613768
v2_spectrum,SU2-CNOT-line|n10|d60|i0|dir=gaussian|basis=Z|eta=0,SU2-CNOT-line|n10|d60|i0,512,236,0.001321656543514346
v2_spectrum,SU2-CNOT-line|n10|d60|i0|dir=gaussian|basis=Z|eta=0,SU2-CNOT-line|n10|d60|i0,512,237,0.001312421679140509
v2_spectrum,SU2-CNOT-line|n10|d60|i0|dir=gaussian|basis=Z|eta=0,SU2-CNOT-line|n10|d60|i0,512,238,0.00129443432897038
v2_spectrum,SU2-CNOT-line|n10|d60|i0|dir=gaussian|basis=Z|eta=0,SU2-CNOT-line|n10|d60|i0,512,239,0.0012885447433274209
v2_spectrum,SU2-CNOT-line|n10|d60|i0|dir=gaussian|basis=Z|eta=0,SU2-CNOT-line|n10|d60|i0,512,240,0.0012848225239900342
v2_spectrum,SU2-CNOT-line|n10|d60|i0|dir=gaussian|basis=Z|eta=0,SU2-CNOT-line|n10|d60|i0,512,241,0.0012838872395579536
v2_spectrum,SU2-CNOT-line|n10|d60|i0|dir=gaussian|basis=Z|eta=0,SU2-CNOT-line|n10|d60|i0,512,242,0.0012714924355017255
v2_spectrum,SU2-CNOT-line|n10|d60|i0|dir=gaussian|basis=Z|eta=0,SU2-CNOT-line|n10|d60|i0,512,243,0.0012501979359741753
v2_spectrum,SU2-CNOT-line|n10|d60|i0|dir=gaussian|basis=Z|eta=0,SU2-CNOT-line|n10|d60|i0,512,244,0.0012467907272774368
v2_spectrum,SU2-CNOT-line|n10|d60|i0|dir=gaussian|basis=Z|eta=0,SU2-CNOT-line|n10|d60|i0,512,245,0.0012406917420376255
v2_spectrum,SU2-CNOT-line|n10|d60|i0|dir=gaussian|basis=Z|eta=0,SU2-CNOT-line|n10|d60|i0,512,246,0.0012278742484003206
v2_spectrum,SU2-CNOT-line|n10|d60|i0|dir=gaussian|basis=Z|eta=0,SU2-CNOT-line|n10|d60|i0,512,247,0.0012184811066524434
v2_spectrum,SU2-CNOT-line|n10|d60|i0|dir=gaussian|basis=Z|eta=0,SU2-CNOT-line|n10|d60|i0,512,248,0.0012179508342932493
v2_spectrum,SU2-CNOT-line|n10|d60|i0|dir=gaussian|basis=Z|eta=0,SU2-CNOT-line|n10|d60|i0,512,249,0.0012075628212331409
v2_spectrum,SU2-CNOT-line|n10|d60|i0|dir=gaussian|basis=Z|eta=0,SU2-CNOT-line|n10|d60|i0,512,250,0.0011962883224819563
v2_spectrum,SU2-CNOT-line|n10|d60|i0|dir=gaussian|basis=Z|eta=0,SU2-CNOT-line|n10|d60|i0,512,251,0.0011854617652111686
v2_spectrum,SU2-CNOT-line|n10|d60|i0|dir=gaussian|basis=Z|eta=0,SU2-CNOT-line|n10|d60|i0,512,252,0.0011711583849150118
v2_spectrum,SU2-CNOT-line|n10|d60|i0|dir=gaussian|basis=Z|eta=0,SU2-CNOT-line|n10|d60|i0,512,253,0.0011623451231429199
v2_spectrum,SU2-CNOT-line|n10|d60|i0|dir=gaussian|basis=Z|eta=0,SU2-CNOT-line|n10|d60|i0,512,254,0.001159740384454852
v2_spectrum,SU2-CNOT-line|n10|d60|i0|dir=gaussian|basis=Z|eta=0,SU2-CNOT-line|n10|d60|i0,512,255,0.0011580221481403898
v2_spectrum,SU2-CNOT-line|n10|d60|i0|dir=gaussian|basis=Z|eta=0,SU2-CNOT-line|n10|d60|i0,512,256,0.0011493485389675838
v2_spectrum,SU2-CNOT-line|n10|d60|i0|dir=gaussian|basis=Z|eta=0,SU2-CNOT-line|n10|d60|i0,512,257,0.0011329633737612922
v2_spectrum,SU2-CNOT-line|n10|d60|i0|dir=gaussian|basis=Z|eta=0,SU2-CNOT-line|n10|d60|i0,512,258,0.0011297716523783758
v2_spectrum,SU2-CNOT-line|n10|d60|i0|dir=gaussian|basis=Z|eta=0,SU2-CNOT-line|n10|d60|i0,512,259,0.0011166908473136826
v2_spectrum,SU2-CNOT-line|n10|d60|i0|dir=gaussian|basis=Z|eta=0,SU2-CNOT-line|n10|d60|i0,512,260,0.0011052202632769942
v2_spectrum,SU2-CNOT-line|n10|d60|i0|dir=gaussian|basis=Z|eta=0,SU2-CNOT-line|n10|d60|i0,512,261,0.0011037948575321574
v2_spectrum,SU2-CNOT-line|n10|d60|i0|dir=gaussian|basis=Z|eta=0,SU2-CNOT-line|n10|d60|i0,512,262,0.0010952032114422564
v2_spectrum,SU2-CNOT-line|n10|d60|i0|dir=gaussian|basis=Z|eta=0,SU2-CNOT-line|n10|d60|i0,512,263,0.0010815333147002164
v2_spectrum,SU2-CNOT-line|n10|d60|i0|dir=gaussian|basis=Z|eta=0,SU2-CNOT-line|n10|d60|i0,512,264,0.0010756398155912221
v2_spectrum,SU2-CNOT-line|n10|d60|i0|dir=gaussian|basis=Z|eta=0,SU2-CNOT-line|n10|d60|i0,512,265,0.001073701596802892
v2_spectrum,SU2-CNOT-line|n10|d60|i0|dir=gaussian|basis=Z|eta=0,SU2-CNOT-line|n10|d60|i0,512,266,0.001068865059704602
v2_spectrum,SU2-CNOT-line|n10|d60|i0|dir=gaussian|basis=Z|eta=0,SU2-CNOT-line|n10|d60|i0,512,267,0.0010612853615834862
v2_spectrum,SU2-CNOT-line|n10|d60|i0|dir=gaussian|basis=Z|eta=0,SU2-CNOT-line|n10|d60|i0,512,268,0.001053270958508845
v2_spectrum,SU2-CNOT-line|n10|d60|i0|dir=gaussian|basis=Z|eta=0,SU2-CNOT-line|n10|d60|i0,512,269,0.0010467405237937592
v2_spectrum,SU2-CNOT-line|n10|d60|i0|dir=gaussian|basis=Z|eta=0,SU2-CNOT-line|n10|d60|i0,512,270,0.0010322589475194668
v2_spectrum,SU2-CNOT-line|n10|d60|i0|dir=gaussian|basis=Z|eta=0,SU2-CNOT-line|n10|d60|i0,512,271,0.0010224608736598814
v2_spectrum,SU2-CNOT-line|n10|d60|i0|dir=gaussian|basis=Z|eta=0,SU2-CNOT-line|n10|d60|i0,512,272,0.001011278815004756
v2_spectrum,SU2-CNOT-line|n10|d60|i0|dir=gaussian|basis=Z|eta=0,SU2-CNOT-line|n10|d60|i0,512,273,0.001003907568266476
v2_spectrum,SU2-CNOT-line|n10|d60|i0|dir=gaussian|basis=Z|eta=0,SU2-CNOT-line|n10|d60|i0,512,274,0.0009986175304525673
v2_spectrum,SU2-CNOT-line|n10|d60|i0|dir=gaussian|basis=Z|eta=0,SU2-CNOT-line|n10|d60|i0,512,275,0.000995556290024521
v2_spectrum,SU2-CNOT-line|n10|d60|i0|dir=gaussian|basis=Z|eta=0,SU2-CNOT-line|n10|d60|i0,512,276,0.000985665860405185
v2_spectrum,SU2-CNOT-line|n10|d60|i0|dir=gaussian|basis=Z|eta=0,SU2-CNOT-line|n10|d60|i0,512,277,0.000980406563660504
v2_spectrum,SU2-CNOT-line|n10|d60|i0|dir=gaussian|basis=Z|eta=0,SU2-CNOT-line|n10|d60|i0,512,278,0.0009707181632495528
v2_spectrum,SU2-CNOT-line|n10|d60|i0|dir=gaussian|basis=Z|eta=0,SU2-CNOT-line|n10|d60|i0,512,279,0.000964251406334706
v2_spectrum,SU2-CNOT-line|n10|d60|i0|dir=gaussian|basis=Z|eta=0,SU2-CNOT-line|n10|d60|i0,512,280,0.0009568528215062686
v2_spectrum,SU2-CNOT-line|n10|d60|i0|dir=gaussian|basis=Z|eta=0,SU2-CNOT-line|n10|d60|i0,512,281,0.000949840513442709
v2_spectrum,SU2-CNOT-line|n10|d60|i0|dir=gaussian|basis=Z|eta=0,SU2-CNOT-line|n10|d60|i0,512,282,0.0009461297433832125
v2_spectrum,SU2-CNOT-line|n10|d60|i0|dir=gaussian|basis=Z|eta=0,SU2-CNOT-line|n10|d60|i0,512,283,0.0009407911980926837
v2_spectrum,SU2-CNOT-line|n10|d60|i0|dir=gaussian|basis=Z|eta=0,SU2-CNOT-line|n10|d60|i0,512,284,0.0009337279333744886
v2_spectrum,SU2-CNOT-line|n10|d60|i0|dir=gaussian|basis=Z|eta=0,SU2-CNOT-line|n10|d60|i0,512,285,0.0009271026134706023
v2_spectrum,SU2-CNOT-line|n10|d60|i0|dir=gaussian|basis=Z|eta=0,SU2-CNOT-line|n10|d60|i0,512,286,0.0009262281940503941
v2_spectrum,SU2-CNOT-line|n10|d60|i0|dir=gaussian|basis=Z|eta=0,SU2-CNOT-line|n10|d60|i0,512,287,0.000918406549221773
v2_spectrum,SU2-CNOT-line|n10|d60|i0|dir=gaussian|basis=Z|eta=0,SU2-CNOT-line|n10|d60|i0,512,288,0.0009053042096080827
v2_spectrum,SU2-CNOT-line|n10|d60|i0|dir=gaussian|basis=Z|eta=0,SU2-CNOT-line|n10|d60|i0,512,289,0.0008981704686163331
v2_spectrum,SU2-CNOT-line|n10|d60|i0|dir=gaussian|basis=Z|eta=0,SU2-CNOT-line|n10|d60|i0,512,290,0.0008943773494699676
v2_spectrum,SU2-CNOT-line|n10|d60|i0|dir=gaussian|basis=Z|eta=0,SU2-CNOT-line|n10|d60|i0,512,291,0.0008887822148238744
v2_spectrum,SU2-CNOT-line|n10|d60|i0|dir=gaussian|basis=Z|eta=0,SU2-CNOT-line|n10|d60|i0,512,292,0.0008793442816589019
v2_spectrum,SU2-CNOT-line|n10|d60|i0|dir=gaussian|basis=Z|eta=0,SU2-CNOT-line|n10|d60|i0,512,293,0.0008697243458663861
v2_spectrum,SU2-CNOT-line|n10|d60|i0|dir=gaussian|basis=Z|eta=0,SU2-CNOT-line|n10|d60|i0,512,294,0.0008652776232834348
v2_spectrum,SU2-CNOT-line|n10|d60|i0|dir=gaussian|basis=Z|eta=0,SU2-CNOT-line|n10|d60|i0,512,295,0.0008599265405540182
v2_spectrum,SU2-CNOT-line|n10|d60|i0|dir=gaussian|basis=Z|eta=0,SU2-CNOT-line|n10|d60|i0,512,296,0.0008532590500177485
v2_spectrum,SU2-CNOT-line|n10|d60|i0|dir=gaussian|basis=Z|eta=0,SU2-CNOT-line|n10|d60|i0,512,297,0.000848298499669654
v2_spectrum,SU2-CNOT-line|n10|d60|i0|dir=gaussian|basis=Z|eta=0,SU2-CNOT-line|n10|d60|i0,512,298,0.0008401746435804934
v2_spectrum,SU2-CNOT-line|n10|d60|i0|dir=gaussian|basis=Z|eta=0,SU2-CNOT-line|n10|d60|i0,512,299,0.000831529066357465
v2_spectrum,SU2-CNOT-line|n10|d60|i0|dir=gaussian|basis=Z|eta=0,SU2-CNOT-line|n10|d60|i0,512,300,0.0008238698614726653
v2_spectrum,SU2-CNOT-line|n10|d60|i0|dir=gaussian|basis=Z|eta=0,SU2-CNOT-line|n10|d60|i0,512,301,0.0008231385165409056
v2_spectrum,SU2-CNOT-line|n10|d60|i0|dir=gaussian|basis=Z|eta=0,SU2-CNOT-line|n10|d60|i0,512,302,0.000814712868456759
v2_spectrum,SU2-CNOT-line|n10|d60|i0|dir=gaussian|basis=Z|eta=0,SU2-CNOT-line|n10|d60|i0,512,303,0.0008093710935188331
v2_spectrum,SU2-CNOT-line|n10|d60|i0|dir=gaussian|basis=Z|eta=0,SU2-CNOT-line|n10|d60|i0,512,304,0.0007991517014400108
v2_spectrum,SU2-CNOT-line|n10|d60|i0|dir=gaussian|basis=Z|eta=0,SU2-CNOT-line|n10|d60|i0,512,305,0.0007939688130135019
v2_spectrum,SU2-CNOT-line|n10|d60|i0|dir=gaussian|basis=Z|eta=0,SU2-CNOT-line|n10|d60|i0,512,306,0.0007898727903606307
v2_spectrum,SU2-CNOT-line|n10|d60|i0|dir=gaussian|basis=Z|eta=0,SU2-CNOT-line|n10|d60|i0,512,307,0.0007791750087942412
v2_spectrum,SU2-CNOT-line|n10|d60|i0|dir=gaussian|basis=Z|eta=0,SU2-CNOT-line|n10|d60|i0,512,308,0.0007711711527645309
v2_spectrum,SU2-CNOT-line|n10|d60|i0|dir=gaussian|basis=Z|eta=0,SU2-CNOT-line|n10|d60|i0,512,309,0.0007629754807141272
v2_spectrum,SU2-CNOT-line|n10|d60|i0|dir=gaussian|basis=Z|eta=0,SU2-CNOT-line|n10|d60|i0,512,310,0.0007605730024457084
v2_spectrum,SU2-CNOT-line|n10|d60|i0|dir=gaussian|basis=Z|eta=0,SU2-CNOT-line|n10|d60|i0,512,311,0.0007510736182605541
v2_spectrum,SU2-CNOT-line|n10|d60|i0|dir=gaussian|basis=Z|eta=0,SU2-CNOT-line|n10|d60|i0,512,312,0.0007482119542254287
v2_spectrum,SU2-CNOT-line|n10|d60|i0|dir=gaussian|basis=Z|eta=0,SU2-CNOT-line|n10|d60|i0,512,313,0.0007445211147448186
v2_spectrum,SU2-CNOT-line|n10|d60|i0|dir=gaussian|basis=Z|eta=0,SU2-CNOT-line|n10|d60|i0,512,314,0.0007424821966182367
v2_spectrum,SU2-CNOT-line|n10|d60|i0|dir=gaussian|basis=Z|eta=0,SU2-CNOT-line|n10|d60|i0,512,315,0.0007350770946791039
v2_spectrum,SU2-CNOT-line|n10|d60|i0|dir=gaussian|basis=Z|eta=0,SU2-CNOT-line|n10|d60|i0,512,316,0.0007288098319992729
v2_spectrum,SU2-CNOT-line|n10|d60|i0|dir=gaussian|basis=Z|eta=0,SU2-CNOT-line|n10|d60|i0,512,317,0.000726686159114816
v2_spectrum,SU2-CNOT-line|n10|d60|i0|dir=gaussian|basis=Z|eta=0,SU2-CNOT-line|n10|d60|i0,512,318,0.0007239647701091016
v2_spectrum,SU2-CNOT-line|n10|d60|i0|dir=gaussian|basis=Z|eta=0,SU2-CNOT-line|n10|d60|i0,512,319,0.0007095057328200761
v2_spectrum,SU2-CNOT-line|n10|d60|i0|dir=gaussian|basis=Z|eta=0,SU2-CNOT-line|n10|d60|i0,512,320,0.0007067285983168373
v2_spectrum,SU2-CNOT-line|n10|d60|i0|dir=gaussian|basis=Z|eta=0,SU2-CNOT-line|n10|d60|i0,512,321,0.0007034063046695621
v2_spectrum,SU2-CNOT-line|n10|d60|i0|dir=gaussian|basis=Z|eta=0,SU2-CNOT-line|n10|d60|i0,512,322,0.0006966182529414503
v2_spectrum,SU2-CNOT-line|n10|d60|i0|dir=gaussian|basis=Z|eta=0,SU2-CNOT-line|n10|d60|i0,512,323,0.0006937317412723564
v2_spectrum,SU2-CNOT-line|n10|d60|i0|dir=gaussian|basis=Z|eta=0,SU2-CNOT-line|n10|d60|i0,512,324,0.0006869215676688378
v2_spectrum,SU2-CNOT-line|n10|d60|i0|dir=gaussian|basis=Z|eta=0,SU2-CNOT-line|n10|d60|i0,512,325,0.0006766161310114024
v2_spectrum,SU2-CNOT-line|n10|d60|i0|dir=gaussian|basis=Z|eta=0,SU2-CNOT-line|n10|d60|i0,512,326,0.0006716556266764128
v2_spectrum,SU2-CNOT-line|n10|d60|i0|dir=gaussian|basis=Z|eta=0,SU2-CNOT-line|n10|d60|i0,512,327,0.0006704367086327018
v2_spectrum,SU2-CNOT-line|n10|d60|i0|dir=gaussian|basis=Z|eta=0,SU2-CNOT-line|n10|d60|i0,512,328,0.0006611550100833771
v2_spectrum,SU2-CNOT-line|n10|d60|i0|dir=gaussian|basis=Z|eta=0,SU2-CNOT-line|n10|d60|i0,512,329,0.0006547808228165406
v2_spectrum,SU2-CNOT-line|n10|d60|i0|dir=gaussian|basis=Z|eta=0,SU2-CNOT-line|n10|d60|i0,512,330,0.0006512346992174232
v2_spectrum,SU2-CNOT-line|n10|d60|i0|dir=gaussian|basis=Z|eta=0,SU2-CNOT-line|n10|d60|i0,512,331,0.0006497491280168204
v2_spectrum,SU2-CNOT-line|n10|d60|i0|dir=gaussian|basis=Z|eta=0,SU2-CNOT-line|n10|d60|i0,512,332,0.000647350314769153
v2_spectrum,SU2-CNOT-line|n10|d60|i0|dir=gaussian|basis=Z|eta=0,SU2-CNOT-line|n10|d60|i0,512,333,0.0006398363427209815
v2_spectrum,SU2-CNOT-line|n10|d60|i0|dir=gaussian|basis=Z|eta=0,SU2-CNOT-line|n10|d60|i0,512,334,0.0006310631035477315
v2_spectrum,SU2-CNOT-line|n10|d60|i0|dir=gaussian|basis=Z|eta=0,SU2-CNOT-line|n10|d60|i0,512,335,0.0006287220334074749
v2_spectrum,SU2-CNOT-line|n10|d60|i0|dir=gaussian|basis=Z|eta=0,SU2-CNOT-line|n10|d60|i0,512,336,0.0006230691078444153
v2_spectrum,SU2-CNOT-line|n10|d60|i0|dir=gaussian|basis=Z|eta=0,SU2-CNOT-line|n10|d60|i0,512,337,0.0006177648740259316
v2_spectrum,SU2-CNOT-line|n10|d60|i0|dir=gaussian|basis=Z|eta=0,SU2-CNOT-line|n10|d60|i0,512,338,0.0006087228398791229
v2_spectrum,SU2-CNOT-line|n10|d60|i0|dir=gaussian|basis=Z|eta=0,SU2-CNOT-line|n10|d60|i0,512,339,0.0006065619477929206
v2_spectrum,SU2-CNOT-line|n10|d60|i0|dir=gaussian|basis=Z|eta=0,SU2-CNOT-line|n10|d60|i0,512,340,0.000600452791813955
v2_spectrum,SU2-CNOT-line|n10|d60|i0|dir=gaussian|basis=Z|eta=0,SU2-CNOT-line|n10|d60|i0,512,341,0.0005915562333523235
v2_spectrum,SU2-CNOT-line|n10|d60|i0|dir=gaussian|basis=Z|eta=0,SU2-CNOT-line|n10|d60|i0,512,342,0.0005886847575141807
v2_spectrum,SU2-CNOT-line|n10|d60|i0|dir=gaussian|basis=Z|eta=0,SU2-CNOT-line|n10|d60|i0,512,343,0.0005880799035951523
v2_spectrum,SU2-CNOT-line|n10|d60|i0|dir=gaussian|basis=Z|eta=0,SU2-CNOT-line|n10|d60|i0,512,344,0.0005847328869348525
v2_spectrum,SU2-CNOT-line|n10|d60|i0|dir=gaussian|basis=Z|eta=0,SU2-CNOT-line|n10|d60|i0,512,345,0.0005799270675538646
v2_spectrum,SU2-CNOT-line|n10|d60|i0|dir=gaussian|basis=Z|eta=0,SU2-CNOT-line|n10|d60|i0,512,346,0.000574381136543225
v2_spectrum,SU2-CNOT-line|n10|d60|i0|dir=gaussian|basis=Z|eta=0,SU2-CNOT-line|n10|d60|i0,512,347,0.0005704637286607414
v2_spectrum,SU2-CNOT-line|n10|d60|i0|dir=gaussian|basis=Z|eta=0,SU2-CNOT-line|n10|d60|i0,512,348,0.000565830552731226
v2_spectrum,SU2-CNOT-line|n10|d60|i0|dir=gaussian|basis=Z|eta=0,SU2-CNOT-line|n10|d60|i0,512,349,0.0005624281565373025
v2_spectrum,SU2-CNOT-line|n10|d60|i0|dir=gaussian|basis=Z|eta=0,SU2-CNOT-line|n10|d60|i0,512,350,0.0005532434280196757
v2_spectrum,SU2-CNOT-line|n10|d60|i0|dir=gaussian|basis=Z|eta=0,SU2-CNOT-line|n10|d60|i0,512,351,0.0005487926108604908
v2_spectrum,SU2-CNOT-line|n10|d60|i0|dir=gaussian|basis=Z|eta=0,SU2-CNOT-line|n10|d60|i0,512,352,0.0005443628020325794
v2_spectrum,SU2-CNOT-line|n10|d60|i0|dir=gaussian|basis=Z|eta=0,SU2-CNOT-line|n10|d60|i0,512,353,0.0005405523372186342
v2_spectrum,SU2-CNOT-line|n10|d60|i0|dir=gaussian|basis=Z|eta=0,SU2-CNOT-line|n10|d60|i0,512,354,0.0005323075802545009
v2_spectrum,SU2-CNOT-line|n10|d60|i0|dir=gaussian|basis=Z|eta=0,SU2-CNOT-line|n10|d60|i0,512,355,0.0005299464661042572
v2_spectrum,SU2-CNOT-line|n10|d60|i0|dir=gaussian|basis=Z|eta=0,SU2-CNOT-line|n10|d60|i0,512,356,0.0005272943733287516
v2_spectrum,SU2-CNOT-line|n10|d60|i0|dir=gaussian|basis=Z|eta=0,SU2-CNOT-line|n10|d60|i0,512,357,0.0005227923138694477
v2_spectrum,SU2-CNOT-line|n10|d60|i0|dir=gaussian|basis=Z|eta=0,SU2-CNOT-line|n10|d60|i0,512,358,0.0005132065031853236
v2_spectrum,SU2-CNOT-line|n10|d60|i0|dir=gaussian|basis=Z|eta=0,SU2-CNOT-line|n10|d60|i0,512,359,0.0005105480988898643
v2_spectrum,SU2-CNOT-line|n10|d60|i0|dir=gaussian|basis=Z|eta=0,SU2-CNOT-line|n10|d60|i0,512,360,0.0005068550662851441
v2_spectrum,SU2-CNOT-line|n10|d60|i0|dir=gaussian|basis=Z|eta=0,SU2-CNOT-line|n10|d60|i0,512,361,0.0005022181103879672
v2_spectrum,SU2-CNOT-line|n10|d60|i0|dir=gaussian|basis=Z|eta=0,SU2-CNOT-line|n10|d60|i0,512,362,0.0004990517191144056
v2_spectrum,SU2-CNOT-line|n10|d60|i0|dir=gaussian|basis=Z|eta=0,SU2-CNOT-line|n10|d60|i0,512,363,0.0004931944340187588
v2_spectrum,SU2-CNOT-line|n10|d60|i0|dir=gaussian|basis=Z|eta=0,SU2-CNOT-line|n10|d60|i0,512,364,0.0004895711381127308
v2_spectrum,SU2-CNOT-line|n10|d60|i0|dir=gaussian|basis=Z|eta=0,SU2-CNOT-line|n10|d60|i0,512,365,0.0004851371575035297
v2_spectrum,SU2-CNOT-line|n10|d60|i0|dir=gaussian|basis=Z|eta=0,SU2-CNOT-line|n10|d60|i0,512,366,0.0004794467141875899
v2_spectrum,SU2-CNOT-line|n10|d60|i0|dir=gaussian|basis=Z|eta=0,SU2-CNOT-line|n10|d60|i0,512,367,0.00047734272328373066
v2_spectrum,SU2-CNOT-line|n10|d60|i0|dir=gaussian|basis=Z|eta=0,SU2-CNOT-line|n10|d60|i0,512,368,0.0004748458393947454
v2_spectrum,SU2-CNOT-line|n10|d60|i0|dir=gaussian|basis=Z|eta=0,SU2-CNOT-line|n10|d60|i0,512,369,0.00047047886937697403
v2_spectrum,SU2-CNOT-line|n10|d60|i0|dir=gaussian|basis=Z|eta=0,SU2-CNOT-line|n10|d60|i0,512,370,0.00046798290643287226
v2_spectrum,SU2-CNOT-line|n10|d60|i0|dir=gaussian|basis=Z|eta=0,SU2-CNOT-line|n10|d60|i0,512,371,0.00046116747914278405
v2_spectrum,SU2-CNOT-line|n10|d60|i0|dir=gaussian|basis=Z|eta=0,SU2-CNOT-line|n10|d60|i0,512,372,0.0004577110876503933
v2_spectrum,SU2-CNOT-line|n10|d60|i0|dir=gaussian|basis=Z|eta=0,SU2-CNOT-line|n10|d60|i0,512,373,0.00045406331951060433
v2_spectrum,SU2-CNOT-line|n10|d60|i0|dir=gaussian|basis=Z|eta=0,SU2-CNOT-line|n10|d60|i0,512,374,0.0004473674306931282
v2_spectrum,SU2-CNOT-line|n10|d60|i0|dir=gaussian|basis=Z|eta=0,SU2-CNOT-line|n10|d60|i0,512,375,0.00044477378961896926
v2_spectrum,SU2-CNOT-line|n10|d60|i0|dir=gaussian|basis=Z|eta=0,SU2-CNOT-line|n10|d60|i0,512,376,0.00044192456924892274
v2_spectrum,SU2-CNOT-line|n10|d60|i0|dir=gaussian|basis=Z|eta=0,SU2-CNOT-line|n10|d60|i0,512,377,0.0004363911960733275
v2_spectrum,SU2-CNOT-line|n10|d60|i0|dir=gaussian|basis=Z|eta=0,SU2-CNOT-line|n10|d60|i0,512,378,0.00043191443237453547
v2_spectrum,SU2-CNOT-line|n10|d60|i0|dir=gaussian|basis=Z|eta=0,SU2-CNOT-line|n10|d60|i0,512,379,0.00042807799054159283
v2_spectrum,SU2-CNOT-line|n10|d60|i0|dir=gaussian|basis=Z|eta=0,SU2-CNOT-line|n10|d60|i0,512,380,0.000425462507010374
v2_spectrum,SU2-CNOT-line|n10|d60|i0|dir=gaussian|basis=Z|eta=0,SU2-CNOT-line|n10|d60|i0,512,381,0.0004237561680143922
v2_spectrum,SU2-CNOT-line|n10|d60|i0|dir=gaussian|basis=Z|eta=0,SU2-CNOT-line|n10|d60|i0,512,382,0.00041668428298863053
v2_spectrum,SU2-CNOT-line|n10|d60|i0|dir=gaussian|basis=Z|eta=0,SU2-CNOT-line|n10|d60|i0,512,383,0.0004108470167164406
v2_spectrum,SU2-CNOT-line|n10|d60|i0|dir=gaussian|basis=Z|eta=0,SU2-CNOT-line|n10|d60|i0,512,384,0.00040876692894599594
v2_spectrum,SU2-CNOT-line|n10|d60|i0|dir=gaussian|basis=Z|eta=0,SU2-CNOT-line|n10|d60|i0,512,385,0.000405534331687486
v2_spectrum,SU2-CNOT-line|n10|d60|i0|dir=gaussian|basis=Z|eta=0,SU2-CNOT-line|n10|d60|i0,512,386,0.0004044811320668553
v2_spectrum,SU2-CNOT-line|n10|d60|i0|dir=gaussian|basis=Z|eta=0,SU2-CNOT-line|n10|d60|i0,512,387,0.0004013963616123385
v2_spectrum,SU2-CNOT-line|n10|d60|i0|dir=gaussian|basis=Z|eta=0,SU2-CNOT-line|n10|d60|i0,512,388,0.00039817060172925967
v2_spectrum,SU2-CNOT-line|n10|d60|i0|dir=gaussian|basis=Z|eta=0,SU2-CNOT-line|n10|d60|i0,512,389,0.00039604461246844436
v2_spectrum,SU2-CNOT-line|n10|d60|i0|dir=gaussian|basis=Z|eta=0,SU2-CNOT-line|n10|d60|i0,512,390,0.00038929896751326894
v2_spectrum,SU2-CNOT-line|n10|d60|i0|dir=gaussian|basis=Z|eta=0,SU2-CNOT-line|n10|d60|i0,512,391,0.00038699963448235393
v2_spectrum,SU2-CNOT-line|n10|d60|i0|dir=gaussian|basis=Z|eta=0,SU2-CNOT-line|n10|d60|i0,512,392,0.00038426581008443747
v2_spectrum,SU2-CNOT-line|n10|d60|i0|dir=gaussian|basis=Z|eta=0,SU2-CNOT-line|n10|d60|i0,512,393,0.00038293177176717944
v2_spectrum,SU2-CNOT-line|n10|d60|i0|dir=gaussian|basis=Z|eta=0,SU2-CNOT-line|n10|d60|i0,512,394,0.00037801460370180114
v2_spectrum,SU2-CNOT-line|n10|d60|i0|dir=gaussian|basis=Z|eta=0,SU2-CNOT-line|n10|d60|i0,512,395,0.0003734806882124376
v2_spectrum,SU2-CNOT-line|n10|d60|i0|dir=gaussian|basis=Z|eta=0,SU2-CNOT-line|n10|d60|i0,512,396,0.0003717476941010371
v2_spectrum,SU2-CNOT-line|n10|d60|i0|dir=gaussian|basis=Z|eta=0,SU2-CNOT-line|n10|d60|i0,512,397,0.000364719648372755
v2_spectrum,SU2-CNOT-line|n10|d60|i0|dir=gaussian|basis=Z|eta=0,SU2-CNOT-line|n10|d60|i0,512,398,0.0003601664671725516
v2_spectrum,SU2-CNOT-line|n10|d60|i0|dir=gaussian|basis=Z|eta=0,SU2-CNOT-line|n10|d60|i0,512,399,0.0003591046285817572
v2_spectrum,SU2-CNOT-line|n10|d60|i0|dir=gaussian|basis=Z|eta=0,SU2-CNOT-line|n10|d60|i0,512,400,0.00035769558697221584
v2_spectrum,SU2-CNOT-line|n10|d60|i0|dir=gaussian|basis=Z|eta=0,SU2-CNOT-line|n10|d60|i0,512,401,0.0003519781025877818
v2_spectrum,SU2-CNOT-line|n10|d60|i0|dir=gaussian|basis=Z|eta=0,SU2-CNOT-line|n10|d60|i0,512,402,0.00034771132343030294
v2_spectrum,SU2-CNOT-line|n10|d60|i0|dir=gaussian|basis=Z|eta=0,SU2-CNOT-line|n10|d60|i0,512,403,0.00034499487457965034
v2_spectrum,SU2-CNOT-line|n10|d60|i0|dir=gaussian|basis=Z|eta=0,SU2-CNOT-line|n10|d60|i0,512,404,0.00034125696837423726
v2_spectrum,SU2-CNOT-line|n10|d60|i0|dir=gaussian|basis=Z|eta=0,SU2-CNOT-line|n10|d60|i0,512,405,0.0003374120706912981
v2_spectrum,SU2-CNOT-line|n10|d60|i0|dir=gaussian|basis=Z|eta=0,SU2-CNOT-line|n10|d60|i0,512,406,0.0003349437606932401
v2_spectrum,SU2-CNOT-line|n10|d60|i0|dir=gaussian|basis=Z|eta=0,SU2-CNOT-line|n10|d60|i0,512,407,0.00032901037101162054
v2_spectrum,SU2-CNOT-line|n10|d60|i0|dir=gaussian|basis=Z|eta=0,SU2-CNOT-line|n10|d60|i0,512,408,0.0003271223482030888
v2_spectrum,SU2-CNOT-line|n10|d60|i0|dir=gaussian|basis=Z|eta=0,SU2-CNOT-line|n10|d60|i0,512,409,0.00032530217118584986
v2_spectrum,SU2-CNOT-line|n10|d60|i0|dir=gaussian|basis=Z|eta=0,SU2-CNOT-line|n10|d60|i0,512,410,0.0003206191477307098
v2_spectrum,SU2-CNOT-line|n10|d60|i0|dir=gaussian|basis=Z|eta=0,SU2-CNOT-line|n10|d60|i0,512,411,0.00031655494721246485
v2_spectrum,SU2-CNOT-line|n10|d60|i0|dir=gaussian|basis=Z|eta=0,SU2-CNOT-line|n10|d60|i0,512,412,0.00031596204687647626
v2_spectrum,SU2-CNOT-line|n10|d60|i0|dir=gaussian|basis=Z|eta=0,SU2-CNOT-line|n10|d60|i0,512,413,0.0003146913694790469
v2_spectrum,SU2-CNOT-line|n10|d60|i0|dir=gaussian|basis=Z|eta=0,SU2-CNOT-line|n10|d60|i0,512,414,0.00031166779903156634
v2_spectrum,SU2-CNOT-line|n10|d60|i0|dir=gaussian|basis=Z|eta=0,SU2-CNOT-line|n10|d60|i0,512,415,0.0003042486295383227
v2_spectrum,SU2-CNOT-line|n10|d60|i0|dir=gaussian|basis=Z|eta=0,SU2-CNOT-line|n10|d60|i0,512,416,0.0003033722699003463
v2_spectrum,SU2-CNOT-line|n10|d60|i0|dir=gaussian|basis=Z|eta=0,SU2-CNOT-line|n10|d60|i0,512,417,0.0003012520097117382
v2_spectrum,SU2-CNOT-line|n10|d60|i0|dir=gaussian|basis=Z|eta=0,SU2-CNOT-line|n10|d60|i0,512,418,0.0002990083946180461
v2_spectrum,SU2-CNOT-line|n10|d60|i0|dir=gaussian|basis=Z|eta=0,SU2-CNOT-line|n10|d60|i0,512,419,0.00029621438977480737
v2_spectrum,SU2-CNOT-line|n10|d60|i0|dir=gaussian|basis=Z|eta=0,SU2-CNOT-line|n10|d60|i0,512,420,0.00029020390328954814
v2_spectrum,SU2-CNOT-line|n10|d60|i0|dir=gaussian|basis=Z|eta=0,SU2-CNOT-line|n10|d60|i0,512,421,0.0002851373365852249
v2_spectrum,SU2-CNOT-line|n10|d60|i0|dir=gaussian|basis=Z|eta=0,SU2-CNOT-line|n10|d60|i0,512,422,0.0002839392938808676
v2_spectrum,SU2-CNOT-line|n10|d60|i0|dir=gaussian|basis=Z|eta=0,SU2-CNOT-line|n10|d60|i0,512,423,0.0002831455430358231
v2_spectrum,SU2-CNOT-line|n10|d60|i0|dir=gaussian|basis=Z|eta=0,SU2-CNOT-line|n10|d60|i0,512,424,0.0002798826546799394
v2_spectrum,SU2-CNOT-line|n10|d60|i0|dir=gaussian|basis=Z|eta=0,SU2-CNOT-line|n10|d60|i0,512,425,0.00027416093452244507
v2_spectrum,SU2-CNOT-line|n10|d60|i0|dir=gaussian|basis=Z|eta=0,SU2-CNOT-line|n10|d60|i0,512,426,0.0002691929313537945
v2_spectrum,SU2-CNOT-line|n10|d60|i0|dir=gaussian|basis=Z|eta=0,SU2-CNOT-line|n10|d60|i0,512,427,0.0002665274418183945
v2_spectrum,SU2-CNOT-line|n10|d60|i0|dir=gaussian|basis=Z|eta=0,SU2-CNOT-line|n10|d60|i0,512,428,0.00026531105438328434
v2_spectrum,SU2-CNOT-line|n10|d60|i0|dir=gaussian|basis=Z|eta=0,SU2-CNOT-line|n10|d60|i0,512,429,0.00026245071850450845
v2_spectrum,SU2-CNOT-line|n10|d60|i0|dir=gaussian|basis=Z|eta=0,SU2-CNOT-line|n10|d60|i0,512,430,0.0002601008315772998
v2_spectrum,SU2-CNOT-line|n10|d60|i0|dir=gaussian|basis=Z|eta=0,SU2-CNOT-line|n10|d60|i0,512,431,0.00025883037566009595
v2_spectrum,SU2-CNOT-line|n10|d60|i0|dir=gaussian|basis=Z|eta=0,SU2-CNOT-line|n10|d60|i0,512,432,0.00025611185337485326
v2_spectrum,SU2-CNOT-line|n10|d60|i0|dir=gaussian|basis=Z|eta=0,SU2-CNOT-line|n10|d60|i0,512,433,0.0002512356690811254
v2_spectrum,SU2-CNOT-line|n10|d60|i0|dir=gaussian|basis=Z|eta=0,SU2-CNOT-line|n10|d60|i0,512,434,0.00025031818927997654
v2_spectrum,SU2-CNOT-line|n10|d60|i0|dir=gaussian|basis=Z|eta=0,SU2-CNOT-line|n10|d60|i0,512,435,0.0002464621300756272
v2_spectrum,SU2-CNOT-line|n10|d60|i0|dir=gaussian|basis=Z|eta=0,SU2-CNOT-line|n10|d60|i0,512,436,0.00023952094774365906
v2_spectrum,SU2-CNOT-line|n10|d60|i0|dir=gaussian|basis=Z|eta=0,SU2-CNOT-line|n10|d60|i0,512,437,0.00023889622001520893
v2_spectrum,SU2-CNOT-line|n10|d60|i0|dir=gaussian|basis=Z|eta=0,SU2-CNOT-line|n10|d60|i0,512,438,0.00023679155170475496
v2_spectrum,SU2-CNOT-line|n10|d60|i0|dir=gaussian|basis=Z|eta=0,SU2-CNOT-line|n10|d60|i0,512,439,0.00023348498389398628
v2_spectrum,SU2-CNOT-line|n10|d60|i0|dir=gaussian|basis=Z|eta=0,SU2-CNOT-line|n10|d60|i0,512,440,0.00023119639673547737
v2_spectrum,SU2-CNOT-line|n10|d60|i0|dir=gaussian|basis=Z|eta=0,SU2-CNOT-line|n10|d60|i0,512,441,0.00022891078277833922
v2_spectrum,SU2-CNOT-line|n10|d60|i0|dir=gaussian|basis=Z|eta=0,SU2-CNOT-line|n10|d60|i0,512,442,0.00022546610302968815
v2_spectrum,SU2-CNOT-line|n10|d60|i0|dir=gaussian|basis=Z|eta=0,SU2-CNOT-line|n10|d60|i0,512,443,0.0002201546686765012
v2_spectrum,SU2-CNOT-line|n10|d60|i0|dir=gaussian|basis=Z|eta=0,SU2-CNOT-line|n10|d60|i0,512,444,0.00021827768491267235
v2_spectrum,SU2-CNOT-line|n10|d60|i0|dir=gaussian|basis=Z|eta=0,SU2-CNOT-line|n10|d60|i0,512,445,0.00021665028747241472
v2_spectrum,SU2-CNOT-line|n10|d60|i0|dir=gaussian|basis=Z|eta=0,SU2-CNOT-line|n10|d60|i0,512,446,0.0002136216408512261
v2_spectrum,SU2-CNOT-line|n10|d60|i0|dir=gaussian|basis=Z|eta=0,SU2-CNOT-line|n10|d60|i0,512,447,0.00021235871685888738
v2_spectrum,SU2-CNOT-line|n10|d60|i0|dir=gaussian|basis=Z|eta=0,SU2-CNOT-line|n10|d60|i0,512,448,0.0002114936759619795
v2_spectrum,SU2-CNOT-line|n10|d60|i0|dir=gaussian|basis=Z|eta=0,SU2-CNOT-line|n10|d60|i0,512,449,0.00020952464311257995
v2_spectrum,SU2-CNOT-line|n10|d60|i0|dir=gaussian|basis=Z|eta=0,SU2-CNOT-line|n10|d60|i0,512,450,0.00020799064431030058
v2_spectrum,SU2-CNOT-line|n10|d60|i0|dir=gaussian|basis=Z|eta=0,SU2-CNOT-line|n10|d60|i0,512,451,0.0002059282957114988
v2_spectrum,SU2-CNOT-line|n10|d60|i0|dir=gaussian|basis=Z|eta=0,SU2-CNOT-line|n10|d60|i0,512,452,0.00020081720030494163
v2_spectrum,SU2-CNOT-line|n10|d60|i0|dir=gaussian|basis=Z|eta=0,SU2-CNOT-line|n10|d60|i0,512,453,0.00019974895943928065
v2_spectrum,SU2-CNOT-line|n10|d60|i0|dir=gaussian|basis=Z|eta=0,SU2-CNOT-line|n10|d60|i0,512,454,0.000195399684821311
v2_spectrum,SU2-CNOT-line|n10|d60|i0|dir=gaussian|basis=Z|eta=0,SU2-CNOT-line|n10|d60|i0,512,455,0.0001935957153189114
v2_spectrum,SU2-CNOT-line|n10|d60|i0|dir=gaussian|basis=Z|eta=0,SU2-CNOT-line|n10|d60|i0,512,456,0.00018998733098583943
v2_spectrum,SU2-CNOT-line|n10|d60|i0|dir=gaussian|basis=Z|eta=0,SU2-CNOT-line|n10|d60|i0,512,457,0.0001870189048103148
v2_spectrum,SU2-CNOT-line|n10|d60|i0|dir=gaussian|basis=Z|eta=0,SU2-CNOT-line|n10|d60|i0,512,458,0.00018575934232133214
v2_spectrum,SU2-CNOT-line|n10|d60|i0|dir=gaussian|basis=Z|eta=0,SU2-CNOT-line|n10|d60|i0,512,459,0.00018532516443417127
v2_spectrum,SU2-CNOT-line|n10|d60|i0|dir=gaussian|basis=Z|eta=0,SU2-CNOT-line|n10|d60|i0,512,460,0.0001819967420188505
v2_spectrum,SU2-CNOT-line|n10|d60|i0|dir=gaussian|basis=Z|eta=0,SU2-CNOT-line|n10|d60|i0,512,461,0.00017776147567161478
v2_spectrum,SU2-CNOT-line|n10|d60|i0|dir=gaussian|basis=Z|eta=0,SU2-CNOT-line|n10|d60|i0,512,462,0.00017630746985105488
v2_spectrum,SU2-CNOT-line|n10|d60|i0|dir=gaussian|basis=Z|eta=0,SU2-CNOT-line|n10|d60|i0,512,463,0.00017520993277569537
v2_spectrum,SU2-CNOT-line|n10|d60|i0|dir=gaussian|basis=Z|eta=0,SU2-CNOT-line|n10|d60|i0,512,464,0.00017308687112646632
v2_spectrum,SU2-CNOT-line|n10|d60|i0|dir=gaussian|basis=Z|eta=0,SU2-CNOT-line|n10|d60|i0,512,465,0.00017203016393878273
v2_spectrum,SU2-CNOT-line|n10|d60|i0|dir=gaussian|basis=Z|eta=0,SU2-CNOT-line|n10|d60|i0,512,466,0.00016887964151737346
v2_spectrum,SU2-CNOT-line|n10|d60|i0|dir=gaussian|basis=Z|eta=0,SU2-CNOT-line|n10|d60|i0,512,467,0.00016539814263420531
v2_spectrum,SU2-CNOT-line|n10|d60|i0|dir=gaussian|basis=Z|eta=0,SU2-CNOT-line|n10|d60|i0,512,468,0.00016349259558276537
v2_spectrum,SU2-CNOT-line|n10|d60|i0|dir=gaussian|basis=Z|eta=0,SU2-CNOT-line|n10|d60|i0,512,469,0.00016114305074817884
v2_spectrum,SU2-CNOT-line|n10|d60|i0|dir=gaussian|basis=Z|eta=0,SU2-CNOT-line|n10|d60|i0,512,470,0.00015948405973194407
v2_spectrum,SU2-CNOT-line|n10|d60|i0|dir=gaussian|basis=Z|eta=0,SU2-CNOT-line|n10|d60|i0,512,471,0.0001575765500482949
v2_spectrum,SU2-CNOT-line|n10|d60|i0|dir=gaussian|basis=Z|eta=0,SU2-CNOT-line|n10|d60|i0,512,472,0.00015605384989798035
v2_spectrum,SU2-CNOT-line|n10|d60|i0|dir=gaussian|basis=Z|eta=0,SU2-CNOT-line|n10|d60|i0,512,473,0.0001549589433348576
v2_spectrum,SU2-CNOT-line|n10|d60|i0|dir=gaussian|basis=Z|eta=0,SU2-CNOT-line|n10|d60|i0,512,474,0.00015212551491141111
v2_spectrum,SU2-CNOT-line|n10|d60|i0|dir=gaussian|basis=Z|eta=0,SU2-CNOT-line|n10|d60|i0,512,475,0.00014962485345620073
v2_spectrum,SU2-CNOT-line|n10|d60|i0|dir=gaussian|basis=Z|eta=0,SU2-CNOT-line|n10|d60|i0,512,476,0.00014593069183179675
v2_spectrum,SU2-CNOT-line|n10|d60|i0|dir=gaussian|basis=Z|eta=0,SU2-CNOT-line|n10|d60|i0,512,477,0.00014421109512411339
v2_spectrum,SU2-CNOT-line|n10|d60|i0|dir=gaussian|basis=Z|eta=0,SU2-CNOT-line|n10|d60|i0,512,478,0.00014180135332791136
v2_spectrum,SU2-CNOT-line|n10|d60|i0|dir=gaussian|basis=Z|eta=0,SU2-CNOT-line|n10|d60|i0,512,479,0.00013865674455673766
v2_spectrum,SU2-CNOT-line|n10|d60|i0|dir=gaussian|basis=Z|eta=0,SU2-CNOT-line|n10|d60|i0,512,480,0.00013799927804190588
v2_spectrum,SU2-CNOT-line|n10|d60|i0|dir=gaussian|basis=Z|eta=0,SU2-CNOT-line|n10|d60|i0,512,481,0.00013452157011117623
v2_spectrum,SU2-CNOT-line|n10|d60|i0|dir=gaussian|basis=Z|eta=0,SU2-CNOT-line|n10|d60|i0,512,482,0.0001341746481243631
v2_spectrum,SU2-CNOT-line|n10|d60|i0|dir=gaussian|basis=Z|eta=0,SU2-CNOT-line|n10|d60|i0,512,483,0.00013132482920591947
v2_spectrum,SU2-CNOT-line|n10|d60|i0|dir=gaussian|basis=Z|eta=0,SU2-CNOT-line|n10|d60|i0,512,484,0.00012864991249298088
v2_spectrum,SU2-CNOT-line|n10|d60|i0|dir=gaussian|basis=Z|eta=0,SU2-CNOT-line|n10|d60|i0,512,485,0.00012625077789648817
v2_spectrum,SU2-CNOT-line|n10|d60|i0|dir=gaussian|basis=Z|eta=0,SU2-CNOT-line|n10|d60|i0,512,486,0.00012418117770303947
v2_spectrum,SU2-CNOT-line|n10|d60|i0|dir=gaussian|basis=Z|eta=0,SU2-CNOT-line|n10|d60|i0,512,487,0.00012246603626247707
v2_spectrum,SU2-CNOT-line|n10|d60|i0|dir=gaussian|basis=Z|eta=0,SU2-CNOT-line|n10|d60|i0,512,488,0.00012182122572299304
v2_spectrum,SU2-CNOT-line|n10|d60|i0|dir=gaussian|basis=Z|eta=0,SU2-CNOT-line|n10|d60|i0,512,489,0.0001195719054791954
v2_spectrum,SU2-CNOT-line|n10|d60|i0|dir=gaussian|basis=Z|eta=0,SU2-CNOT-line|n10|d60|i0,512,490,0.00011763465535011621
v2_spectrum,SU2-CNOT-line|n10|d60|i0|dir=gaussian|basis=Z|eta=0,SU2-CNOT-line|n10|d60|i0,512,491,0.00011437481114266469
v2_spectrum,SU2-CNOT-line|n10|d60|i0|dir=gaussian|basis=Z|eta=0,SU2-CNOT-line|n10|d60|i0,512,492,0.00011253935362735413
v2_spectrum,SU2-CNOT-line|n10|d60|i0|dir=gaussian|basis=Z|eta=0,SU2-CNOT-line|n10|d60|i0,512,493,0.00011094676176634463
v2_spectrum,SU2-CNOT-line|n10|d60|i0|dir=gaussian|basis=Z|eta=0,SU2-CNOT-line|n10|d60|i0,512,494,0.00010947487699808037
v2_spectrum,SU2-CNOT-line|n10|d60|i0|dir=gaussian|basis=Z|eta=0,SU2-CNOT-line|n10|d60|i0,512,495,0.000107528223627057
v2_spectrum,SU2-CNOT-line|n10|d60|i0|dir=gaussian|basis=Z|eta=0,SU2-CNOT-line|n10|d60|i0,512,496,0.00010526706661115947
v2_spectrum,SU2-CNOT-line|n10|d60|i0|dir=gaussian|basis=Z|eta=0,SU2-CNOT-line|n10|d60|i0,512,497,0.00010263745468146734
v2_spectrum,SU2-CNOT-line|n10|d60|i0|dir=gaussian|basis=Z|eta=0,SU2-CNOT-line|n10|d60|i0,512,498,0.00010071857331334854
v2_spectrum,SU2-CNOT-line|n10|d60|i0|dir=gaussian|basis=Z|eta=0,SU2-CNOT-line|n10|d60|i0,512,499,9.898830213053849e-05
v2_spectrum,SU2-CNOT-line|n10|d60|i0|dir=gaussian|basis=Z|eta=0,SU2-CNOT-line|n10|d60|i0,512,500,9.657920738150449e-05
v2_spectrum,SU2-CNOT-line|n10|d60|i0|dir=gaussian|basis=Z|eta=0,SU2-CNOT-line|n10|d60|i0,512,501,9.588030747337072e-05
v2_spectrum,SU2-CNOT-line|n10|d60|i0|dir=gaussian|basis=Z|eta=0,SU2-CNOT-line|n10|d60|i0,512,502,9.351981529429983e-05
v2_spectrum,SU2-CNOT-line|n10|d60|i0|dir=gaussian|basis=Z|eta=0,SU2-CNOT-line|n10|d60|i0,512,503,9.036804507081942e-05
v2_spectrum,SU2-CNOT-line|n10|d60|i0|dir=gaussian|basis=Z|eta=0,SU2-CNOT-line|n10|d60|i0,512,504,8.932024424930803e-05
v2_spectrum,SU2-CNOT-line|n10|d60|i0|dir=gaussian|basis=Z|eta=0,SU2-CNOT-line|n10|d60|i0,512,505,8.85216847845952e-05
v2_spectrum,SU2-CNOT-line|n10|d60|i0|dir=gaussian|basis=Z|eta=0,SU2-CNOT-line|n10|d60|i0,512,506,8.475584686566089e-05
v2_spectrum,SU2-CNOT-line|n10|d60|i0|dir=gaussian|basis=Z|eta=0,SU2-CNOT-line|n10|d60|i0,512,507,8.090790610246547e-05
v2_spectrum,SU2-CNOT-line|n10|d60|i0|dir=gaussian|basis=Z|eta=0,SU2-CNOT-line|n10|d60|i0,512,508,7.835235737491097e-05
v2_spectrum,SU2-CNOT-line|n10|d60|i0|dir=gaussian|basis=Z|eta=0,SU2-CNOT-line|n10|d60|i0,512,509,7.741997052484425e-05
v2_spectrum,SU2-CNOT-line|n10|d60|i0|dir=gaussian|basis=Z|eta=0,SU2-CNOT-line|n10|d60|i0,512,510,7.446251567514314e-05
v2_spectrum,SU2-CNOT-line|n10|d60|i0|dir=gaussian|basis=Z|eta=0,SU2-CNOT-line|n10|d60|i0,512,511,7.181021847637799e-05
v2_spectrum,SU2-CNOT-line|n10|d60|i0|dir=gaussian|basis=Z|eta=0,SU2-CNOT-line|n10|d60|i0,512,512,6.921858498051565e-05
v2_spectrum,SU2-HaarU4-brickwork|n12|d72|i0|dir=gaussian|basis=Z|eta=0,SU2-HaarU4-brickwork|n12|d72|i0,512,1,0.008433986466074284
v2_spectrum,SU2-HaarU4-brickwork|n12|d72|i0|dir=gaussian|basis=Z|eta=0,SU2-HaarU4-brickwork|n12|d72|i0,512,2,0.008242624690070945
v2_spectrum,SU2-HaarU4-brickwork|n12|d72|i0|dir=gaussian|basis=Z|eta=0,SU2-HaarU4-brickwork|n12|d72|i0,512,3,0.008182065127888919
v2_spectrum,SU2-HaarU4-brickwork|n12|d72|i0|dir=gaussian|basis=Z|eta=0,SU2-HaarU4-brickwork|n12|d72|i0,512,4,0.007712505104300353
v2_spectrum,SU2-HaarU4-brickwork|n12|d72|i0|dir=gaussian|basis=Z|eta=0,SU2-HaarU4-brickwork|n12|d72|i0,512,5,0.0075799521931247185
v2_spectrum,SU2-HaarU4-brickwork|n12|d72|i0|dir=gaussian|basis=Z|eta=0,SU2-HaarU4-brickwork|n12|d72|i0,512,6,0.007540461589254872
v2_spectrum,SU2-HaarU4-brickwork|n12|d72|i0|dir=gaussian|basis=Z|eta=0,SU2-HaarU4-brickwork|n12|d72|i0,512,7,0.007470745992643353
v2_spectrum,SU2-HaarU4-brickwork|n12|d72|i0|dir=gaussian|basis=Z|eta=0,SU2-HaarU4-brickwork|n12|d72|i0,512,8,0.007276584496857048
v2_spectrum,SU2-HaarU4-brickwork|n12|d72|i0|dir=gaussian|basis=Z|eta=0,SU2-HaarU4-brickwork|n12|d72|i0,512,9,0.00713260949347482
v2_spectrum,SU2-HaarU4-brickwork|n12|d72|i0|dir=gaussian|basis=Z|eta=0,SU2-HaarU4-brickwork|n12|d72|i0,512,10,0.0070069166331405575
v2_spectrum,SU2-HaarU4-brickwork|n12|d72|i0|dir=gaussian|basis=Z|eta=0,SU2-HaarU4-brickwork|n12|d72|i0,512,11,0.006871318519263139
v2_spectrum,SU2-HaarU4-brickwork|n12|d72|i0|dir=gaussian|basis=Z|eta=0,SU2-HaarU4-brickwork|n12|d72|i0,512,12,0.006749473493349086
v2_spectrum,SU2-HaarU4-brickwork|n12|d72|i0|dir=gaussian|basis=Z|eta=0,SU2-HaarU4-brickwork|n12|d72|i0,512,13,0.006714543828287579
v2_spectrum,SU2-HaarU4-brickwork|n12|d72|i0|dir=gaussian|basis=Z|eta=0,SU2-HaarU4-brickwork|n12|d72|i0,512,14,0.006622973641923053
v2_spectrum,SU2-HaarU4-brickwork|n12|d72|i0|dir=gaussian|basis=Z|eta=0,SU2-HaarU4-brickwork|n12|d72|i0,512,15,0.006590213564345683
v2_spectrum,SU2-HaarU4-brickwork|n12|d72|i0|dir=gaussian|basis=Z|eta=0,SU2-HaarU4-brickwork|n12|d72|i0,512,16,0.006497014907393406
v2_spectrum,SU2-HaarU4-brickwork|n12|d72|i0|dir=gaussian|basis=Z|eta=0,SU2-HaarU4-brickwork|n12|d72|i0,512,17,0.006464696765188374
v2_spectrum,SU2-HaarU4-brickwork|n12|d72|i0|dir=gaussian|basis=Z|eta=0,SU2-HaarU4-brickwork|n12|d72|i0,512,18,0.006374363041949913
v2_spectrum,SU2-HaarU4-brickwork|n12|d72|i0|dir=gaussian|basis=Z|eta=0,SU2-HaarU4-brickwork|n12|d72|i0,512,19,0.006349218310505675
v2_spectrum,SU2-HaarU4-brickwork|n12|d72|i0|dir=gaussian|basis=Z|eta=0,SU2-HaarU4-brickwork|n12|d72|i0,512,20,0.006275915182009653
v2_spectrum,SU2-HaarU4-brickwork|n12|d72|i0|dir=gaussian|basis=Z|eta=0,SU2-HaarU4-brickwork|n12|d72|i0,512,21,0.006195372120232607
v2_spectrum,SU2-HaarU4-brickwork|n12|d72|i0|dir=gaussian|basis=Z|eta=0,SU2-HaarU4-brickwork|n12|d72|i0,512,22,0.0061307464363855296
v2_spectrum,SU2-HaarU4-brickwork|n12|d72|i0|dir=gaussian|basis=Z|eta=0,SU2-HaarU4-brickwork|n12|d72|i0,512,23,0.006025890556220832
v2_spectrum,SU2-HaarU4-brickwork|n12|d72|i0|dir=gaussian|basis=Z|eta=0,SU2-HaarU4-brickwork|n12|d72|i0,512,24,0.00597186540026399
v2_spectrum,SU2-HaarU4-brickwork|n12|d72|i0|dir=gaussian|basis=Z|eta=0,SU2-HaarU4-brickwork|n12|d72|i0,512,25,0.0059355451089008965
v2_spectrum,SU2-HaarU4-brickwork|n12|d72|i0|dir=gaussian|basis=Z|eta=0,SU2-HaarU4-brickwork|n12|d72|i0,512,26,0.005859777706762595
v2_spectrum,SU2-HaarU4-brickwork|n12|d72|i0|dir=gaussian|basis=Z|eta=0,SU2-HaarU4-brickwork|n12|d72|i0,512,27,0.005852799277270348
v2_spectrum,SU2-HaarU4-brickwork|n12|d72|i0|dir=gaussian|basis=Z|eta=0,SU2-HaarU4-brickwork|n12|d72|i0,512,28,0.00573266675378774
v2_spectrum,SU2-HaarU4-brickwork|n12|d72|i0|dir=gaussian|basis=Z|eta=0,SU2-HaarU4-brickwork|n12|d72|i0,512,29,0.005630398724936454
v2_spectrum,SU2-HaarU4-brickwork|n12|d72|i0|dir=gaussian|basis=Z|eta=0,SU2-HaarU4-brickwork|n12|d72|i0,512,30,0.005578448307718536
v2_spectrum,SU2-HaarU4-brickwork|n12|d72|i0|dir=gaussian|basis=Z|eta=0,SU2-HaarU4-brickwork|n12|d72|i0,512,31,0.005541874818430743
v2_spectrum,SU2-HaarU4-brickwork|n12|d72|i0|dir=gaussian|basis=Z|eta=0,SU2-HaarU4-brickwork|n12|d72|i0,512,32,0.005481484580004613
v2_spectrum,SU2-HaarU4-brickwork|n12|d72|i0|dir=gaussian|basis=Z|eta=0,SU2-HaarU4-brickwork|n12|d72|i0,512,33,0.005475151514968861
v2_spectrum,SU2-HaarU4-brickwork|n12|d72|i0|dir=gaussian|basis=Z|eta=0,SU2-HaarU4-brickwork|n12|d72|i0,512,34,0.005380485359980777
v2_spectrum,SU2-HaarU4-brickwork|n12|d72|i0|dir=gaussian|basis=Z|eta=0,SU2-HaarU4-brickwork|n12|d72|i0,512,35,0.005349699174251975
v2_spectrum,SU2-HaarU4-brickwork|n12|d72|i0|dir=gaussian|basis=Z|eta=0,SU2-HaarU4-brickwork|n12|d72|i0,512,36,0.005271885995740296
v2_spectrum,SU2-HaarU4-brickwork|n12|d72|i0|dir=gaussian|basis=Z|eta=0,SU2-HaarU4-brickwork|n12|d72|i0,512,37,0.005250553517265548
v2_spectrum,SU2-HaarU4-brickwork|n12|d72|i0|dir=gaussian|basis=Z|eta=0,SU2-HaarU4-brickwork|n12|d72|i0,512,38,0.00519391248737209
v2_spectrum,SU2-HaarU4-brickwork|n12|d72|i0|dir=gaussian|basis=Z|eta=0,SU2-HaarU4-brickwork|n12|d72|i0,512,39,0.005144191031710155
v2_spectrum,SU2-HaarU4-brickwork|n12|d72|i0|dir=gaussian|basis=Z|eta=0,SU2-HaarU4-brickwork|n12|d72|i0,512,40,0.0051156737535783155
v2_spectrum,SU2-HaarU4-brickwork|n12|d72|i0|dir=gaussian|basis=Z|eta=0,SU2-HaarU4-brickwork|n12|d72|i0,512,41,0.005078044804051484
v2_spectrum,SU2-HaarU4-brickwork|n12|d72|i0|dir=gaussian|basis=Z|eta=0,SU2-HaarU4-brickwork|n12|d72|i0,512,42,0.0050452281932249765
v2_spectrum,SU2-HaarU4-brickwork|n12|d72|i0|dir=gaussian|basis=Z|eta=0,SU2-HaarU4-brickwork|n12|d72|i0,512,43,0.004955198160190708
v2_spectrum,SU2-HaarU4-brickwork|n12|d72|i0|dir=gaussian|basis=Z|eta=0,SU2-HaarU4-brickwork|n12|d72|i0,512,44,0.004944018301534131
v2_spectrum,SU2-HaarU4-brickwork|n12|d72|i0|dir=gaussian|basis=Z|eta=0,SU2-HaarU4-brickwork|n12|d72|i0,512,45,0.004904141594609108
v2_spectrum,SU2-HaarU4-brickwork|n12|d72|i0|dir=gaussian|basis=Z|eta=0,SU2-HaarU4-brickwork|n12|d72|i0,512,46,0.00490128187841077
v2_spectrum,SU2-HaarU4-brickwork|n12|d72|i0|dir=gaussian|basis=Z|eta=0,SU2-HaarU4-brickwork|n12|d72|i0,512,47,0.004839554756246287
v2_spectrum,SU2-HaarU4-brickwork|n12|d72|i0|dir=gaussian|basis=Z|eta=0,SU2-HaarU4-brickwork|n12|d72|i0,512,48,0.00479085263975236
v2_spectrum,SU2-HaarU4-brickwork|n12|d72|i0|dir=gaussian|basis=Z|eta=0,SU2-HaarU4-brickwork|n12|d72|i0,512,49,0.004730314510101974
v2_spectrum,SU2-HaarU4-brickwork|n12|d72|i0|dir=gaussian|basis=Z|eta=0,SU2-HaarU4-brickwork|n12|d72|i0,512,50,0.004697261797901309
v2_spectrum,SU2-HaarU4-brickwork|n12|d72|i0|dir=gaussian|basis=Z|eta=0,SU2-HaarU4-brickwork|n12|d72|i0,512,51,0.004642792783042911
v2_spectrum,SU2-HaarU4-brickwork|n12|d72|i0|dir=gaussian|basis=Z|eta=0,SU2-HaarU4-brickwork|n12|d72|i0,512,52,0.004615569855177481
v2_spectrum,SU2-HaarU4-brickwork|n12|d72|i0|dir=gaussian|basis=Z|eta=0,SU2-HaarU4-brickwork|n12|d72|i0,512,53,0.004577255967359979
v2_spectrum,SU2-HaarU4-brickwork|n12|d72|i0|dir=gaussian|basis=Z|eta=0,SU2-HaarU4-brickwork|n12|d72|i0,512,54,0.004541600659004558
v2_spectrum,SU2-HaarU4-brickwork|n12|d72|i0|dir=gaussian|basis=Z|eta=0,SU2-HaarU4-brickwork|n12|d72|i0,512,55,0.00449991705249519
v2_spectrum,SU2-HaarU4-brickwork|n12|d72|i0|dir=gaussian|basis=Z|eta=0,SU2-HaarU4-brickwork|n12|d72|i0,512,56,0.004462824765074431
v2_spectrum,SU2-HaarU4-brickwork|n12|d72|i0|dir=gaussian|basis=Z|eta=0,SU2-HaarU4-brickwork|n12|d72|i0,512,57,0.004432284142363919
v2_spectrum,SU2-HaarU4-brickwork|n12|d72|i0|dir=gaussian|basis=Z|eta=0,SU2-HaarU4-brickwork|n12|d72|i0,512,58,0.004411099460392381
v2_spectrum,SU2-HaarU4-brickwork|n12|d72|i0|dir=gaussian|basis=Z|eta=0,SU2-HaarU4-brickwork|n12|d72|i0,512,59,0.004383752863787964
v2_spectrum,SU2-HaarU4-brickwork|n12|d72|i0|dir=gaussian|basis=Z|eta=0,SU2-HaarU4-brickwork|n12|d72|i0,512,60,0.004353015701687503
v2_spectrum,SU2-HaarU4-brickwork|n12|d72|i0|dir=gaussian|basis=Z|eta=0,SU2-HaarU4-brickwork|n12|d72|i0,512,61,0.004337827155588707
v2_spectrum,SU2-HaarU4-brickwork|n12|d72|i0|dir=gaussian|basis=Z|eta=0,SU2-HaarU4-brickwork|n12|d72|i0,512,62,0.00428451474897151
v2_spectrum,SU2-HaarU4-brickwork|n12|d72|i0|dir=gaussian|basis=Z|eta=0,SU2-HaarU4-brickwork|n12|d72|i0,512,63,0.004257214714552569
v2_spectrum,SU2-HaarU4-brickwork|n12|d72|i0|dir=gaussian|basis=Z|eta=0,SU2-HaarU4-brickwork|n12|d72|i0,512,64,0.004215181675432053
v2_spectrum,SU2-HaarU4-brickwork|n12|d72|i0|dir=gaussian|basis=Z|eta=0,SU2-HaarU4-brickwork|n12|d72|i0,512,65,0.004198257394478195
v2_spectrum,SU2-HaarU4-brickwork|n12|d72|i0|dir=gaussian|basis=Z|eta=0,SU2-HaarU4-brickwork|n12|d72|i0,512,66,0.004152248765675817
v2_spectrum,SU2-HaarU4-brickwork|n12|d72|i0|dir=gaussian|basis=Z|eta=0,SU2-HaarU4-brickwork|n12|d72|i0,512,67,0.00414622190256801
v2_spectrum,SU2-HaarU4-brickwork|n12|d72|i0|dir=gaussian|basis=Z|eta=0,SU2-HaarU4-brickwork|n12|d72|i0,512,68,0.0041029931431229155
v2_spectrum,SU2-HaarU4-brickwork|n12|d72|i0|dir=gaussian|basis=Z|eta=0,SU2-HaarU4-brickwork|n12|d72|i0,512,69,0.004081488247667275
v2_spectrum,SU2-HaarU4-brickwork|n12|d72|i0|dir=gaussian|basis=Z|eta=0,SU2-HaarU4-brickwork|n12|d72|i0,512,70,0.004035172832652508
v2_spectrum,SU2-HaarU4-brickwork|n12|d72|i0|dir=gaussian|basis=Z|eta=0,SU2-HaarU4-brickwork|n12|d72|i0,512,71,0.004015601936122671
v2_spectrum,SU2-HaarU4-brickwork|n12|d72|i0|dir=gaussian|basis=Z|eta=0,SU2-HaarU4-brickwork|n12|d72|i0,512,72,0.003999687584331994
v2_spectrum,SU2-HaarU4-brickwork|n12|d72|i0|dir=gaussian|basis=Z|eta=0,SU2-HaarU4-brickwork|n12|d72|i0,512,73,0.003972951198985124
v2_spectrum,SU2-HaarU4-brickwork|n12|d72|i0|dir=gaussian|basis=Z|eta=0,SU2-HaarU4-brickwork|n12|d72|i0,512,74,0.003929146484599609
v2_spectrum,SU2-HaarU4-brickwork|n12|d72|i0|dir=gaussian|basis=Z|eta=0,SU2-HaarU4-brickwork|n12|d72|i0,512,75,0.003925051397010696
v2_spectrum,SU2-HaarU4-brickwork|n12|d72|i0|dir=gaussian|basis=Z|eta=0,SU2-HaarU4-brickwork|n12|d72|i0,512,76,0.003908700842436769
v2_spectrum,SU2-HaarU4-brickwork|n12|d72|i0|dir=gaussian|basis=Z|eta=0,SU2-HaarU4-brickwork|n12|d72|i0,512,77,0.0038898257695625877
v2_spectrum,SU2-HaarU4-brickwork|n12|d72|i0|dir=gaussian|basis=Z|eta=0,SU2-HaarU4-brickwork|n12|d72|i0,512,78,0.003836964258627028
v2_spectrum,SU2-HaarU4-brickwork|n12|d72|i0|dir=gaussian|basis=Z|eta=0,SU2-HaarU4-brickwork|n12|d72|i0,512,79,0.003806207970800173
v2_spectrum,SU2-HaarU4-brickwork|n12|d72|i0|dir=gaussian|basis=Z|eta=0,SU2-HaarU4-brickwork|n12|d72|i0,512,80,0.003772669083326756
v2_spectrum,SU2-HaarU4-brickwork|n12|d72|i0|dir=gaussian|basis=Z|eta=0,SU2-HaarU4-brickwork|n12|d72|i0,512,81,0.003754725173850307
v2_spectrum,SU2-HaarU4-brickwork|n12|d72|i0|dir=gaussian|basis=Z|eta=0,SU2-HaarU4-brickwork|n12|d72|i0,512,82,0.003707550727036447
v2_spectrum,SU2-HaarU4-brickwork|n12|d72|i0|dir=gaussian|basis=Z|eta=0,SU2-HaarU4-brickwork|n12|d72|i0,512,83,0.0036938538262093583
v2_spectrum,SU2-HaarU4-brickwork|n12|d72|i0|dir=gaussian|basis=Z|eta=0,SU2-HaarU4-brickwork|n12|d72|i0,512,84,0.0036821283933340444
v2_spectrum,SU2-HaarU4-brickwork|n12|d72|i0|dir=gaussian|basis=Z|eta=0,SU2-HaarU4-brickwork|n12|d72|i0,512,85,0.003664201080077324
v2_spectrum,SU2-HaarU4-brickwork|n12|d72|i0|dir=gaussian|basis=Z|eta=0,SU2-HaarU4-brickwork|n12|d72|i0,512,86,0.0036245947019096234
v2_spectrum,SU2-HaarU4-brickwork|n12|d72|i0|dir=gaussian|basis=Z|eta=0,SU2-HaarU4-brickwork|n12|d72|i0,512,87,0.0036128404741220606
v2_spectrum,SU2-HaarU4-brickwork|n12|d72|i0|dir=gaussian|basis=Z|eta=0,SU2-HaarU4-brickwork|n12|d72|i0,512,88,0.0035945409002081474
v2_spectrum,SU2-HaarU4-brickwork|n12|d72|i0|dir=gaussian|basis=Z|eta=0,SU2-HaarU4-brickwork|n12|d72|i0,512,89,0.0035630710150466338
v2_spectrum,SU2-HaarU4-brickwork|n12|d72|i0|dir=gaussian|basis=Z|eta=0,SU2-HaarU4-brickwork|n12|d72|i0,512,90,0.003536068020341448
v2_spectrum,SU2-HaarU4-brickwork|n12|d72|i0|dir=gaussian|basis=Z|eta=0,SU2-HaarU4-brickwork|n12|d72|i0,512,91,0.0035234983503748146
v2_spectrum,SU2-HaarU4-brickwork|n12|d72|i0|dir=gaussian|basis=Z|eta=0,SU2-HaarU4-brickwork|n12|d72|i0,512,92,0.00348598619356424
v2_spectrum,SU2-HaarU4-brickwork|n12|d72|i0|dir=gaussian|basis=Z|eta=0,SU2-HaarU4-brickwork|n12|d72|i0,512,93,0.003474961956342487
v2_spectrum,SU2-HaarU4-brickwork|n12|d72|i0|dir=gaussian|basis=Z|eta=0,SU2-HaarU4-brickwork|n12|d72|i0,512,94,0.003458041993588708
v2_spectrum,SU2-HaarU4-brickwork|n12|d72|i0|dir=gaussian|basis=Z|eta=0,SU2-HaarU4-brickwork|n12|d72|i0,512,95,0.0034085142258991124
v2_spectrum,SU2-HaarU4-brickwork|n12|d72|i0|dir=gaussian|basis=Z|eta=0,SU2-HaarU4-brickwork|n12|d72|i0,512,96,0.0033969288910087906
v2_spectrum,SU2-HaarU4-brickwork|n12|d72|i0|dir=gaussian|basis=Z|eta=0,SU2-HaarU4-brickwork|n12|d72|i0,512,97,0.003368315583607605
v2_spectrum,SU2-HaarU4-brickwork|n12|d72|i0|dir=gaussian|basis=Z|eta=0,SU2-HaarU4-brickwork|n12|d72|i0,512,98,0.003351883825944428
v2_spectrum,SU2-HaarU4-brickwork|n12|d72|i0|dir=gaussian|basis=Z|eta=0,SU2-HaarU4-brickwork|n12|d72|i0,512,99,0.003316996130425078
v2_spectrum,SU2-HaarU4-brickwork|n12|d72|i0|dir=gaussian|basis=Z|eta=0,SU2-HaarU4-brickwork|n12|d72|i0,512,100,0.0033043295066393858
v2_spectrum,SU2-HaarU4-brickwork|n12|d72|i0|dir=gaussian|basis=Z|eta=0,SU2-HaarU4-brickwork|n12|d72|i0,512,101,0.003297989676268286
v2_spectrum,SU2-HaarU4-brickwork|n12|d72|i0|dir=gaussian|basis=Z|eta=0,SU2-HaarU4-brickwork|n12|d72|i0,512,102,0.0032770201330770596
v2_spectrum,SU2-HaarU4-brickwork|n12|d72|i0|dir=gaussian|basis=Z|eta=0,SU2-HaarU4-brickwork|n12|d72|i0,512,103,0.00323725231793189
v2_spectrum,SU2-HaarU4-brickwork|n12|d72|i0|dir=gaussian|basis=Z|eta=0,SU2-HaarU4-brickwork|n12|d72|i0,512,104,0.0032228082855428122
v2_spectrum,SU2-HaarU4-brickwork|n12|d72|i0|dir=gaussian|basis=Z|eta=0,SU2-HaarU4-brickwork|n12|d72|i0,512,105,0.003208580829518254
v2_spectrum,SU2-HaarU4-brickwork|n12|d72|i0|dir=gaussian|basis=Z|eta=0,SU2-HaarU4-brickwork|n12|d72|i0,512,106,0.003179679796923231
v2_spectrum,SU2-HaarU4-brickwork|n12|d72|i0|dir=gaussian|basis=Z|eta=0,SU2-HaarU4-brickwork|n12|d72|i0,512,107,0.0031704303451209294
v2_spectrum,SU2-HaarU4-brickwork|n12|d72|i0|dir=gaussian|basis=Z|eta=0,SU2-HaarU4-brickwork|n12|d72|i0,512,108,0.0031439361086849165
v2_spectrum,SU2-HaarU4-brickwork|n12|d72|i0|dir=gaussian|basis=Z|eta=0,SU2-HaarU4-brickwork|n12|d72|i0,512,109,0.003125346265824486
v2_spectrum,SU2-HaarU4-brickwork|n12|d72|i0|dir=gaussian|basis=Z|eta=0,SU2-HaarU4-brickwork|n12|d72|i0,512,110,0.003107874228562004
v2_spectrum,SU2-HaarU4-brickwork|n12|d72|i0|dir=gaussian|basis=Z|eta=0,SU2-HaarU4-brickwork|n12|d72|i0,512,111,0.0030602669719975795
v2_spectrum,SU2-HaarU4-brickwork|n12|d72|i0|dir=gaussian|basis=Z|eta=0,SU2-HaarU4-brickwork|n12|d72|i0,512,112,0.003042067587344928
v2_spectrum,SU2-HaarU4-brickwork|n12|d72|i0|dir=gaussian|basis=Z|eta=0,SU2-HaarU4-brickwork|n12|d72|i0,512,113,0.0030370785029150585
v2_spectrum,SU2-HaarU4-brickwork|n12|d72|i0|dir=gaussian|basis=Z|eta=0,SU2-HaarU4-brickwork|n12|d72|i0,512,114,0.0030182946730191503
v2_spectrum,SU2-HaarU4-brickwork|n12|d72|i0|dir=gaussian|basis=Z|eta=0,SU2-HaarU4-brickwork|n12|d72|i0,512,115,0.0030121707344896993
v2_spectrum,SU2-HaarU4-brickwork|n12|d72|i0|dir=gaussian|basis=Z|eta=0,SU2-HaarU4-brickwork|n12|d72|i0,512,116,0.0029851417664007334
v2_spectrum,SU2-HaarU4-brickwork|n12|d72|i0|dir=gaussian|basis=Z|eta=0,SU2-HaarU4-brickwork|n12|d72|i0,512,117,0.0029707454704404885
v2_spectrum,SU2-HaarU4-brickwork|n12|d72|i0|dir=gaussian|basis=Z|eta=0,SU2-HaarU4-brickwork|n12|d72|i0,512,118,0.002961934491070657
v2_spectrum,SU2-HaarU4-brickwork|n12|d72|i0|dir=gaussian|basis=Z|eta=0,SU2-HaarU4-brickwork|n12|d72|i0,512,119,0.002947866541919075
v2_spectrum,SU2-HaarU4-brickwork|n12|d72|i0|dir=gaussian|basis=Z|eta=0,SU2-HaarU4-brickwork|n12|d72|i0,512,120,0.0029305329002156087
v2_spectrum,SU2-HaarU4-brickwork|n12|d72|i0|dir=gaussian|basis=Z|eta=0,SU2-HaarU4-brickwork|n12|d72|i0,512,121,0.0029165938127544856
v2_spectrum,SU2-HaarU4-brickwork|n12|d72|i0|dir=gaussian|basis=Z|eta=0,SU2-HaarU4-brickwork|n12|d72|i0,512,122,0.002895010357949627
v2_spectrum,SU2-HaarU4-brickwork|n12|d72|i0|dir=gaussian|basis=Z|eta=0,SU2-HaarU4-brickwork|n12|d72|i0,512,123,0.002880247829902348
v2_spectrum,SU2-HaarU4-brickwork|n12|d72|i0|dir=gaussian|basis=Z|eta=0,SU2-HaarU4-brickwork|n12|d72|i0,512,124,0.0028624966825271246
v2_spectrum,SU2-HaarU4-brickwork|n12|d72|i0|dir=gaussian|basis=Z|eta=0,SU2-HaarU4-brickwork|n12|d72|i0,512,125,0.0028297486451583378
v2_spectrum,SU2-HaarU4-brickwork|n12|d72|i0|dir=gaussian|basis=Z|eta=0,SU2-HaarU4-brickwork|n12|d72|i0,512,126,0.002817360466983245
v2_spectrum,SU2-HaarU4-brickwork|n12|d72|i0|dir=gaussian|basis=Z|eta=0,SU2-HaarU4-brickwork|n12|d72|i0,512,127,0.0028107728434530084
v2_spectrum,SU2-HaarU4-brickwork|n12|d72|i0|dir=gaussian|basis=Z|eta=0,SU2-HaarU4-brickwork|n12|d72|i0,512,128,0.0027958221738488107
v2_spectrum,SU2-HaarU4-brickwork|n12|d72|i0|dir=gaussian|basis=Z|eta=0,SU2-HaarU4-brickwork|n12|d72|i0,512,129,0.0027751577514602372
v2_spectrum,SU2-HaarU4-brickwork|n12|d72|i0|dir=gaussian|basis=Z|eta=0,SU2-HaarU4-brickwork|n12|d72|i0,512,130,0.002752744484959055
v2_spectrum,SU2-HaarU4-brickwork|n12|d72|i0|dir=gaussian|basis=Z|eta=0,SU2-HaarU4-brickwork|n12|d72|i0,512,131,0.00275141770086556
v2_spectrum,SU2-HaarU4-brickwork|n12|d72|i0|dir=gaussian|basis=Z|eta=0,SU2-HaarU4-brickwork|n12|d72|i0,512,132,0.0027305112877590654
v2_spectrum,SU2-HaarU4-brickwork|n12|d72|i0|dir=gaussian|basis=Z|eta=0,SU2-HaarU4-brickwork|n12|d72|i0,512,133,0.002718215038606799
v2_spectrum,SU2-HaarU4-brickwork|n12|d72|i0|dir=gaussian|basis=Z|eta=0,SU2-HaarU4-brickwork|n12|d72|i0,512,134,0.0027127469631255314
v2_spectrum,SU2-HaarU4-brickwork|n12|d72|i0|dir=gaussian|basis=Z|eta=0,SU2-HaarU4-brickwork|n12|d72|i0,512,135,0.002683660469388307
v2_spectrum,SU2-HaarU4-brickwork|n12|d72|i0|dir=gaussian|basis=Z|eta=0,SU2-HaarU4-brickwork|n12|d72|i0,512,136,0.002680074949965486
v2_spectrum,SU2-HaarU4-brickwork|n12|d72|i0|dir=gaussian|basis=Z|eta=0,SU2-HaarU4-brickwork|n12|d72|i0,512,137,0.0026512048745240715
v2_spectrum,SU2-HaarU4-brickwork|n12|d72|i0|dir=gaussian|basis=Z|eta=0,SU2-HaarU4-brickwork|n12|d72|i0,512,138,0.002634766911330344
v2_spectrum,SU2-HaarU4-brickwork|n12|d72|i0|dir=gaussian|basis=Z|eta=0,SU2-HaarU4-brickwork|n12|d72|i0,512,139,0.002627039511205981
v2_spectrum,SU2-HaarU4-brickwork|n12|d72|i0|dir=gaussian|basis=Z|eta=0,SU2-HaarU4-brickwork|n12|d72|i0,512,140,0.0026058898637458527
v2_spectrum,SU2-HaarU4-brickwork|n12|d72|i0|dir=gaussian|basis=Z|eta=0,SU2-HaarU4-brickwork|n12|d72|i0,512,141,0.0025849427923094284
v2_spectrum,SU2-HaarU4-brickwork|n12|d72|i0|dir=gaussian|basis=Z|eta=0,SU2-HaarU4-brickwork|n12|d72|i0,512,142,0.002555319596837016
v2_spectrum,SU2-HaarU4-brickwork|n12|d72|i0|dir=gaussian|basis=Z|eta=0,SU2-HaarU4-brickwork|n12|d72|i0,512,143,0.002551156090323084
v2_spectrum,SU2-HaarU4-brickwork|n12|d72|i0|dir=gaussian|basis=Z|eta=0,SU2-HaarU4-brickwork|n12|d72|i0,512,144,0.0025208472537915565
v2_spectrum,SU2-HaarU4-brickwork|n12|d72|i0|dir=gaussian|basis=Z|eta=0,SU2-HaarU4-brickwork|n12|d72|i0,512,145,0.002512538753711638
v2_spectrum,SU2-HaarU4-brickwork|n12|d72|i0|dir=gaussian|basis=Z|eta=0,SU2-HaarU4-brickwork|n12|d72|i0,512,146,0.0024849187358339055
v2_spectrum,SU2-HaarU4-brickwork|n12|d72|i0|dir=gaussian|basis=Z|eta=0,SU2-HaarU4-brickwork|n12|d72|i0,512,147,0.002478060110749326
v2_spectrum,SU2-HaarU4-brickwork|n12|d72|i0|dir=gaussian|basis=Z|eta=0,SU2-HaarU4-brickwork|n12|d72|i0,512,148,0.0024752987283649277
v2_spectrum,SU2-HaarU4-brickwork|n12|d72|i0|dir=gaussian|basis=Z|eta=0,SU2-HaarU4-brickwork|n12|d72|i0,512,149,0.0024627754015683887
v2_spectrum,SU2-HaarU4-brickwork|n12|d72|i0|dir=gaussian|basis=Z|eta=0,SU2-HaarU4-brickwork|n12|d72|i0,512,150,0.0024498062792864066
v2_spectrum,SU2-HaarU4-brickwork|n12|d72|i0|dir=gaussian|basis=Z|eta=0,SU2-HaarU4-brickwork|n12|d72|i0,512,151,0.0024286159630522164
v2_spectrum,SU2-HaarU4-brickwork|n12|d72|i0|dir=gaussian|basis=Z|eta=0,SU2-HaarU4-brickwork|n12|d72|i0,512,152,0.002425194890094166
v2_spectrum,SU2-HaarU4-brickwork|n12|d72|i0|dir=gaussian|basis=Z|eta=0,SU2-HaarU4-brickwork|n12|d72|i0,512,153,0.002411731245503695
v2_spectrum,SU2-HaarU4-brickwork|n12|d72|i0|dir=gaussian|basis=Z|eta=0,SU2-HaarU4-brickwork|n12|d72|i0,512,154,0.0023960862540784193
v2_spectrum,SU2-HaarU4-brickwork|n12|d72|i0|dir=gaussian|basis=Z|eta=0,SU2-HaarU4-brickwork|n12|d72|i0,512,155,0.002366077385435118
v2_spectrum,SU2-HaarU4-brickwork|n12|d72|i0|dir=gaussian|basis=Z|eta=0,SU2-HaarU4-brickwork|n12|d72|i0,512,156,0.0023463866474789105
v2_spectrum,SU2-HaarU4-brickwork|n12|d72|i0|dir=gaussian|basis=Z|eta=0,SU2-HaarU4-brickwork|n12|d72|i0,512,157,0.0023330208560204354
v2_spectrum,SU2-HaarU4-brickwork|n12|d72|i0|dir=gaussian|basis=Z|eta=0,SU2-HaarU4-brickwork|n12|d72|i0,512,158,0.0023248877331294437
v2_spectrum,SU2-HaarU4-brickwork|n12|d72|i0|dir=gaussian|basis=Z|eta=0,SU2-HaarU4-brickwork|n12|d72|i0,512,159,0.0023149364210684974
v2_spectrum,SU2-HaarU4-brickwork|n12|d72|i0|dir=gaussian|basis=Z|eta=0,SU2-HaarU4-brickwork|n12|d72|i0,512,160,0.002294850894872915
v2_spectrum,SU2-HaarU4-brickwork|n12|d72|i0|dir=gaussian|basis=Z|eta=0,SU2-HaarU4-brickwork|n12|d72|i0,512,161,0.002292451127372644
v2_spectrum,SU2-HaarU4-brickwork|n12|d72|i0|dir=gaussian|basis=Z|eta=0,SU2-HaarU4-brickwork|n12|d72|i0,512,162,0.0022818094684977108
v2_spectrum,SU2-HaarU4-brickwork|n12|d72|i0|dir=gaussian|basis=Z|eta=0,SU2-HaarU4-brickwork|n12|d72|i0,512,163,0.00225931670131313
v2_spectrum,SU2-HaarU4-brickwork|n12|d72|i0|dir=gaussian|basis=Z|eta=0,SU2-HaarU4-brickwork|n12|d72|i0,512,164,0.0022450675953526946
v2_spectrum,SU2-HaarU4-brickwork|n12|d72|i0|dir=gaussian|basis=Z|eta=0,SU2-HaarU4-brickwork|n12|d72|i0,512,165,0.0022286369743699636
v2_spectrum,SU2-HaarU4-brickwork|n12|d72|i0|dir=gaussian|basis=Z|eta=0,SU2-HaarU4-brickwork|n12|d72|i0,512,166,0.002223810303739292
v2_spectrum,SU2-HaarU4-brickwork|n12|d72|i0|dir=gaussian|basis=Z|eta=0,SU2-HaarU4-brickwork|n12|d72|i0,512,167,0.002210522454074979
v2_spectrum,SU2-HaarU4-brickwork|n12|d72|i0|dir=gaussian|basis=Z|eta=0,SU2-HaarU4-brickwork|n12|d72|i0,512,168,0.0021848372224095866
v2_spectrum,SU2-HaarU4-brickwork|n12|d72|i0|dir=gaussian|basis=Z|eta=0,SU2-HaarU4-brickwork|n12|d72|i0,512,169,0.002174086244074048
v2_spectrum,SU2-HaarU4-brickwork|n12|d72|i0|dir=gaussian|basis=Z|eta=0,SU2-HaarU4-brickwork|n12|d72|i0,512,170,0.0021642805345393353
v2_spectrum,SU2-HaarU4-brickwork|n12|d72|i0|dir=gaussian|basis=Z|eta=0,SU2-HaarU4-brickwork|n12|d72|i0,512,171,0.0021409409091122816
v2_spectrum,SU2-HaarU4-brickwork|n12|d72|i0|dir=gaussian|basis=Z|eta=0,SU2-HaarU4-brickwork|n12|d72|i0,512,172,0.0021364254980799223
v2_spectrum,SU2-HaarU4-brickwork|n12|d72|i0|dir=gaussian|basis=Z|eta=0,SU2-HaarU4-brickwork|n12|d72|i0,512,173,0.002117597036303787
v2_spectrum,SU2-HaarU4-brickwork|n12|d72|i0|dir=gaussian|basis=Z|eta=0,SU2-HaarU4-brickwork|n12|d72|i0,512,174,0.002114653679250382
v2_spectrum,SU2-HaarU4-brickwork|n12|d72|i0|dir=gaussian|basis=Z|eta=0,SU2-HaarU4-brickwork|n12|d72|i0,512,175,0.0020989995205734704
v2_spectrum,SU2-HaarU4-brickwork|n12|d72|i0|dir=gaussian|basis=Z|eta=0,SU2-HaarU4-brickwork|n12|d72|i0,512,176,0.0020898317298300027
v2_spectrum,SU2-HaarU4-brickwork|n12|d72|i0|dir=gaussian|basis=Z|eta=0,SU2-HaarU4-brickwork|n12|d72|i0,512,177,0.0020796907252233925
v2_spectrum,SU2-HaarU4-brickwork|n12|d72|i0|dir=gaussian|basis=Z|eta=0,SU2-HaarU4-brickwork|n12|d72|i0,512,178,0.0020730082299439422
v2_spectrum,SU2-HaarU4-brickwork|n12|d72|i0|dir=gaussian|basis=Z|eta=0,SU2-HaarU4-brickwork|n12|d72|i0,512,179,0.002042447050746718
v2_spectrum,SU2-HaarU4-brickwork|n12|d72|i0|dir=gaussian|basis=Z|eta=0,SU2-HaarU4-brickwork|n12|d72|i0,512,180,0.002041099855531079
v2_spectrum,SU2-HaarU4-brickwork|n12|d72|i0|dir=gaussian|basis=Z|eta=0,SU2-HaarU4-brickwork|n12|d72|i0,512,181,0.0020311308840453932
v2_spectrum,SU2-HaarU4-brickwork|n12|d72|i0|dir=gaussian|basis=Z|eta=0,SU2-HaarU4-brickwork|n12|d72|i0,512,182,0.002019550568295188
v2_spectrum,SU2-HaarU4-brickwork|n12|d72|i0|dir=gaussian|basis=Z|eta=0,SU2-HaarU4-brickwork|n12|d72|i0,512,183,0.001988392965809175
v2_spectrum,SU2-HaarU4-brickwork|n12|d72|i0|dir=gaussian|basis=Z|eta=0,SU2-HaarU4-brickwork|n12|d72|i0,512,184,0.001984316652908068
v2_spectrum,SU2-HaarU4-brickwork|n12|d72|i0|dir=gaussian|basis=Z|eta=0,SU2-HaarU4-brickwork|n12|d72|i0,512,185,0.0019781617286818336
v2_spectrum,SU2-HaarU4-brickwork|n12|d72|i0|dir=gaussian|basis=Z|eta=0,SU2-HaarU4-brickwork|n12|d72|i0,512,186,0.001970592154604988
v2_spectrum,SU2-HaarU4-brickwork|n12|d72|i0|dir=gaussian|basis=Z|eta=0,SU2-HaarU4-brickwork|n12|d72|i0,512,187,0.0019515768361677223
v2_spectrum,SU2-HaarU4-brickwork|n12|d72|i0|dir=gaussian|basis=Z|eta=0,SU2-HaarU4-brickwork|n12|d72|i0,512,188,0.001948970994040729
v2_spectrum,SU2-HaarU4-brickwork|n12|d72|i0|dir=gaussian|basis=Z|eta=0,SU2-HaarU4-brickwork|n12|d72|i0,512,189,0.001941354142109525
v2_spectrum,SU2-HaarU4-brickwork|n12|d72|i0|dir=gaussian|basis=Z|eta=0,SU2-HaarU4-brickwork|n12|d72|i0,512,190,0.0019164926199225526
v2_spectrum,SU2-HaarU4-brickwork|n12|d72|i0|dir=gaussian|basis=Z|eta=0,SU2-HaarU4-brickwork|n12|d72|i0,512,191,0.0019076881225957951
v2_spectrum,SU2-HaarU4-brickwork|n12|d72|i0|dir=gaussian|basis=Z|eta=0,SU2-HaarU4-brickwork|n12|d72|i0,512,192,0.0018915083580627887
v2_spectrum,SU2-HaarU4-brickwork|n12|d72|i0|dir=gaussian|basis=Z|eta=0,SU2-HaarU4-brickwork|n12|d72|i0,512,193,0.0018896903844789858
v2_spectrum,SU2-HaarU4-brickwork|n12|d72|i0|dir=gaussian|basis=Z|eta=0,SU2-HaarU4-brickwork|n12|d72|i0,512,194,0.0018851637718268384
v2_spectrum,SU2-HaarU4-brickwork|n12|d72|i0|dir=gaussian|basis=Z|eta=0,SU2-HaarU4-brickwork|n12|d72|i0,512,195,0.0018737600537042647
v2_spectrum,SU2-HaarU4-brickwork|n12|d72|i0|dir=gaussian|basis=Z|eta=0,SU2-HaarU4-brickwork|n12|d72|i0,512,196,0.0018548025830618141
v2_spectrum,SU2-HaarU4-brickwork|n12|d72|i0|dir=gaussian|basis=Z|eta=0,SU2-HaarU4-brickwork|n12|d72|i0,512,197,0.0018434638915377334
v2_spectrum,SU2-HaarU4-brickwork|n12|d72|i0|dir=gaussian|basis=Z|eta=0,SU2-HaarU4-brickwork|n12|d72|i0,512,198,0.0018319997962673337
v2_spectrum,SU2-HaarU4-brickwork|n12|d72|i0|dir=gaussian|basis=Z|eta=0,SU2-HaarU4-brickwork|n12|d72|i0,512,199,0.0018182367731481616
v2_spectrum,SU2-HaarU4-brickwork|n12|d72|i0|dir=gaussian|basis=Z|eta=0,SU2-HaarU4-brickwork|n12|d72|i0,512,200,0.0018158748331956406
v2_spectrum,SU2-HaarU4-brickwork|n12|d72|i0|dir=gaussian|basis=Z|eta=0,SU2-HaarU4-brickwork|n12|d72|i0,512,201,0.0018128454676211126
v2_spectrum,SU2-HaarU4-brickwork|n12|d72|i0|dir=gaussian|basis=Z|eta=0,SU2-HaarU4-brickwork|n12|d72|i0,512,202,0.0017983824528042315
v2_spectrum,SU2-HaarU4-brickwork|n12|d72|i0|dir=gaussian|basis=Z|eta=0,SU2-HaarU4-brickwork|n12|d72|i0,512,203,0.0017929634687748278
v2_spectrum,SU2-HaarU4-brickwork|n12|d72|i0|dir=gaussian|basis=Z|eta=0,SU2-HaarU4-brickwork|n12|d72|i0,512,204,0.0017873257637593299
v2_spectrum,SU2-HaarU4-brickwork|n12|d72|i0|dir=gaussian|basis=Z|eta=0,SU2-HaarU4-brickwork|n12|d72|i0,512,205,0.001775597439126325
v2_spectrum,SU2-HaarU4-brickwork|n12|d72|i0|dir=gaussian|basis=Z|eta=0,SU2-HaarU4-brickwork|n12|d72|i0,512,206,0.0017589844593885056
v2_spectrum,SU2-HaarU4-brickwork|n12|d72|i0|dir=gaussian|basis=Z|eta=0,SU2-HaarU4-brickwork|n12|d72|i0,512,207,0.0017478040947375053
v2_spectrum,SU2-HaarU4-brickwork|n12|d72|i0|dir=gaussian|basis=Z|eta=0,SU2-HaarU4-brickwork|n12|d72|i0,512,208,0.001739538972742579
v2_spectrum,SU2-HaarU4-brickwork|n12|d72|i0|dir=gaussian|basis=Z|eta=0,SU2-HaarU4-brickwork|n12|d72|i0,512,209,0.001730420359874669
v2_spectrum,SU2-HaarU4-brickwork|n12|d72|i0|dir=gaussian|basis=Z|eta=0,SU2-HaarU4-brickwork|n12|d72|i0,512,210,0.0017185673439398925
v2_spectrum,SU2-HaarU4-brickwork|n12|d72|i0|dir=gaussian|basis=Z|eta=0,SU2-HaarU4-brickwork|n12|d72|i0,512,211,0.0017136958981593838
v2_spectrum,SU2-HaarU4-brickwork|n12|d72|i0|dir=gaussian|basis=Z|eta=0,SU2-HaarU4-brickwork|n12|d72|i0,512,212,0.0017041917338791583
v2_spectrum,SU2-HaarU4-brickwork|n12|d72|i0|dir=gaussian|basis=Z|eta=0,SU2-HaarU4-brickwork|n12|d72|i0,512,213,0.0017036570566740868
v2_spectrum,SU2-HaarU4-brickwork|n12|d72|i0|dir=gaussian|basis=Z|eta=0,SU2-HaarU4-brickwork|n12|d72|i0,512,214,0.0016746638721635784
v2_spectrum,SU2-HaarU4-brickwork|n12|d72|i0|dir=gaussian|basis=Z|eta=0,SU2-HaarU4-brickwork|n12|d72|i0,512,215,0.0016723355386910257
v2_spectrum,SU2-HaarU4-brickwork|n12|d72|i0|dir=gaussian|basis=Z|eta=0,SU2-HaarU4-brickwork|n12|d72|i0,512,216,0.0016532972768974277
v2_spectrum,SU2-HaarU4-brickwork|n12|d72|i0|dir=gaussian|basis=Z|eta=0,SU2-HaarU4-brickwork|n12|d72|i0,512,217,0.0016449262777212235
v2_spectrum,SU2-HaarU4-brickwork|n12|d72|i0|dir=gaussian|basis=Z|eta=0,SU2-HaarU4-brickwork|n12|d72|i0,512,218,0.0016383356755319853
v2_spectrum,SU2-HaarU4-brickwork|n12|d72|i0|dir=gaussian|basis=Z|eta=0,SU2-HaarU4-brickwork|n12|d72|i0,512,219,0.0016302023358593278
v2_spectrum,SU2-HaarU4-brickwork|n12|d72|i0|dir=gaussian|basis=Z|eta=0,SU2-HaarU4-brickwork|n12|d72|i0,512,220,0.0016196946282332285
v2_spectrum,SU2-HaarU4-brickwork|n12|d72|i0|dir=gaussian|basis=Z|eta=0,SU2-HaarU4-brickwork|n12|d72|i0,512,221,0.0016108236665362701
v2_spectrum,SU2-HaarU4-brickwork|n12|d72|i0|dir=gaussian|basis=Z|eta=0,SU2-HaarU4-brickwork|n12|d72|i0,512,222,0.0016025268869999801
v2_spectrum,SU2-HaarU4-brickwork|n12|d72|i0|dir=gaussian|basis=Z|eta=0,SU2-HaarU4-brickwork|n12|d72|i0,512,223,0.001595229752056106
v2_spectrum,SU2-HaarU4-brickwork|n12|d72|i0|dir=gaussian|basis=Z|eta=0,SU2-HaarU4-brickwork|n12|d72|i0,512,224,0.0015829863334041446
v2_spectrum,SU2-HaarU4-brickwork|n12|d72|i0|dir=gaussian|basis=Z|eta=0,SU2-HaarU4-brickwork|n12|d72|i0,512,225,0.0015736838972543116
v2_spectrum,SU2-HaarU4-brickwork|n12|d72|i0|dir=gaussian|basis=Z|eta=0,SU2-HaarU4-brickwork|n12|d72|i0,512,226,0.0015660268136013645
v2_spectrum,SU2-HaarU4-brickwork|n12|d72|i0|dir=gaussian|basis=Z|eta=0,SU2-HaarU4-brickwork|n12|d72|i0,512,227,0.00155479005386207
v2_spectrum,SU2-HaarU4-brickwork|n12|d72|i0|dir=gaussian|basis=Z|eta=0,SU2-HaarU4-brickwork|n12|d72|i0,512,228,0.0015493351857202309
v2_spectrum,SU2-HaarU4-brickwork|n12|d72|i0|dir=gaussian|basis=Z|eta=0,SU2-HaarU4-brickwork|n12|d72|i0,512,229,0.0015366359420606812
v2_spectrum,SU2-HaarU4-brickwork|n12|d72|i0|dir=gaussian|basis=Z|eta=0,SU2-HaarU4-brickwork|n12|d72|i0,512,230,0.0015311579237809183
v2_spectrum,SU2-HaarU4-brickwork|n12|d72|i0|dir=gaussian|basis=Z|eta=0,SU2-HaarU4-brickwork|n12|d72|i0,512,231,0.0015220628165489654
v2_spectrum,SU2-HaarU4-brickwork|n12|d72|i0|dir=gaussian|basis=Z|eta=0,SU2-HaarU4-brickwork|n12|d72|i0,512,232,0.0015179408188898107
v2_spectrum,SU2-HaarU4-brickwork|n12|d72|i0|dir=gaussian|basis=Z|eta=0,SU2-HaarU4-brickwork|n12|d72|i0,512,233,0.0015025098683414937
v2_spectrum,SU2-HaarU4-brickwork|n12|d72|i0|dir=gaussian|basis=Z|eta=0,SU2-HaarU4-brickwork|n12|d72|i0,512,234,0.0014980769495398563
v2_spectrum,SU2-HaarU4-brickwork|n12|d72|i0|dir=gaussian|basis=Z|eta=0,SU2-HaarU4-brickwork|n12|d72|i0,512,235,0.0014857438047162531
v2_spectrum,SU2-HaarU4-brickwork|n12|d72|i0|dir=gaussian|basis=Z|eta=0,SU2-HaarU4-brickwork|n12|d72|i0,512,236,0.0014800616442582136
v2_spectrum,SU2-HaarU4-brickwork|n12|d72|i0|dir=gaussian|basis=Z|eta=0,SU2-HaarU4-brickwork|n12|d72|i0,512,237,0.0014684716404874578
v2_spectrum,SU2-HaarU4-brickwork|n12|d72|i0|dir=gaussian|basis=Z|eta=0,SU2-HaarU4-brickwork|n12|d72|i0,512,238,0.0014569664175339172
v2_spectrum,SU2-HaarU4-brickwork|n12|d72|i0|dir=gaussian|basis=Z|eta=0,SU2-HaarU4-brickwork|n12|d72|i0,512,239,0.0014443078017311148
v2_spectrum,SU2-HaarU4-brickwork|n12|d72|i0|dir=gaussian|basis=Z|eta=0,SU2-HaarU4-brickwork|n12|d72|i0,512,240,0.0014374598544189526
v2_spectrum,SU2-HaarU4-brickwork|n12|d72|i0|dir=gaussian|basis=Z|eta=0,SU2-HaarU4-brickwork|n12|d72|i0,512,241,0.0014333184409359935
v2_spectrum,SU2-HaarU4-brickwork|n12|d72|i0|dir=gaussian|basis=Z|eta=0,SU2-HaarU4-brickwork|n12|d72|i0,512,242,0.0014214100955677808
v2_spectrum,SU2-HaarU4-brickwork|n12|d72|i0|dir=gaussian|basis=Z|eta=0,SU2-HaarU4-brickwork|n12|d72|i0,512,243,0.001418181147864315
v2_spectrum,SU2-HaarU4-brickwork|n12|d72|i0|dir=gaussian|basis=Z|eta=0,SU2-HaarU4-brickwork|n12|d72|i0,512,244,0.0014111151817780424
v2_spectrum,SU2-HaarU4-brickwork|n12|d72|i0|dir=gaussian|basis=Z|eta=0,SU2-HaarU4-brickwork|n12|d72|i0,512,245,0.0014091777231486611
v2_spectrum,SU2-HaarU4-brickwork|n12|d72|i0|dir=gaussian|basis=Z|eta=0,SU2-HaarU4-brickwork|n12|d72|i0,512,246,0.0014039625594490927
v2_spectrum,SU2-HaarU4-brickwork|n12|d72|i0|dir=gaussian|basis=Z|eta=0,SU2-HaarU4-brickwork|n12|d72|i0,512,247,0.0013870460809609188
v2_spectrum,SU2-HaarU4-brickwork|n12|d72|i0|dir=gaussian|basis=Z|eta=0,SU2-HaarU4-brickwork|n12|d72|i0,512,248,0.0013761887147367906
v2_spectrum,SU2-HaarU4-brickwork|n12|d72|i0|dir=gaussian|basis=Z|eta=0,SU2-HaarU4-brickwork|n12|d72|i0,512,249,0.0013660673156765696
v2_spectrum,SU2-HaarU4-brickwork|n12|d72|i0|dir=gaussian|basis=Z|eta=0,SU2-HaarU4-brickwork|n12|d72|i0,512,250,0.0013563882288085765
v2_spectrum,SU2-HaarU4-brickwork|n12|d72|i0|dir=gaussian|basis=Z|eta=0,SU2-HaarU4-brickwork|n12|d72|i0,512,251,0.0013455108761170377
v2_spectrum,SU2-HaarU4-brickwork|n12|d72|i0|dir=gaussian|basis=Z|eta=0,SU2-HaarU4-brickwork|n12|d72|i0,512,252,0.001339771775420287
v2_spectrum,SU2-HaarU4-brickwork|n12|d72|i0|dir=gaussian|basis=Z|eta=0,SU2-HaarU4-brickwork|n12|d72|i0,512,253,0.0013370263583445856
v2_spectrum,SU2-HaarU4-brickwork|n12|d72|i0|dir=gaussian|basis=Z|eta=0,SU2-HaarU4-brickwork|n12|d72|i0,512,254,0.0013291084868375038
v2_spectrum,SU2-HaarU4-brickwork|n12|d72|i0|dir=gaussian|basis=Z|eta=0,SU2-HaarU4-brickwork|n12|d72|i0,512,255,0.001322579939060415
v2_spectrum,SU2-HaarU4-brickwork|n12|d72|i0|dir=gaussian|basis=Z|eta=0,SU2-HaarU4-brickwork|n12|d72|i0,512,256,0.0013162023449389607
v2_spectrum,SU2-HaarU4-brickwork|n12|d72|i0|dir=gaussian|basis=Z|eta=0,SU2-HaarU4-brickwork|n12|d72|i0,512,257,0.001311118071997359
v2_spectrum,SU2-HaarU4-brickwork|n12|d72|i0|dir=gaussian|basis=Z|eta=0,SU2-HaarU4-brickwork|n12|d72|i0,512,258,0.0012942878974370456
v2_spectrum,SU2-HaarU4-brickwork|n12|d72|i0|dir=gaussian|basis=Z|eta=0,SU2-HaarU4-brickwork|n12|d72|i0,512,259,0.0012850281047440968
v2_spectrum,SU2-HaarU4-brickwork|n12|d72|i0|dir=gaussian|basis=Z|eta=0,SU2-HaarU4-brickwork|n12|d72|i0,512,260,0.0012808486979787512
v2_spectrum,SU2-HaarU4-brickwork|n12|d72|i0|dir=gaussian|basis=Z|eta=0,SU2-HaarU4-brickwork|n12|d72|i0,512,261,0.001274430212841249
v2_spectrum,SU2-HaarU4-brickwork|n12|d72|i0|dir=gaussian|basis=Z|eta=0,SU2-HaarU4-brickwork|n12|d72|i0,512,262,0.0012628591820294962
v2_spectrum,SU2-HaarU4-brickwork|n12|d72|i0|dir=gaussian|basis=Z|eta=0,SU2-HaarU4-brickwork|n12|d72|i0,512,263,0.001258676556390875
v2_spectrum,SU2-HaarU4-brickwork|n12|d72|i0|dir=gaussian|basis=Z|eta=0,SU2-HaarU4-brickwork|n12|d72|i0,512,264,0.0012570909687755728
v2_spectrum,SU2-HaarU4-brickwork|n12|d72|i0|dir=gaussian|basis=Z|eta=0,SU2-HaarU4-brickwork|n12|d72|i0,512,265,0.001249145111666387
v2_spectrum,SU2-HaarU4-brickwork|n12|d72|i0|dir=gaussian|basis=Z|eta=0,SU2-HaarU4-brickwork|n12|d72|i0,512,266,0.001242768963473875
v2_spectrum,SU2-HaarU4-brickwork|n12|d72|i0|dir=gaussian|basis=Z|eta=0,SU2-HaarU4-brickwork|n12|d72|i0,512,267,0.0012365871772710537
v2_spectrum,SU2-HaarU4-brickwork|n12|d72|i0|dir=gaussian|basis=Z|eta=0,SU2-HaarU4-brickwork|n12|d72|i0,512,268,0.001228256278964989
v2_spectrum,SU2-HaarU4-brickwork|n12|d72|i0|dir=gaussian|basis=Z|eta=0,SU2-HaarU4-brickwork|n12|d72|i0,512,269,0.0012224996932657572
v2_spectrum,SU2-HaarU4-brickwork|n12|d72|i0|dir=gaussian|basis=Z|eta=0,SU2-HaarU4-brickwork|n12|d72|i0,512,270,0.0012155882375560288
v2_spectrum,SU2-HaarU4-brickwork|n12|d72|i0|dir=gaussian|basis=Z|eta=0,SU2-HaarU4-brickwork|n12|d72|i0,512,271,0.0012114849011667325
v2_spectrum,SU2-HaarU4-brickwork|n12|d72|i0|dir=gaussian|basis=Z|eta=0,SU2-HaarU4-brickwork|n12|d72|i0,512,272,0.001208983124332929
v2_spectrum,SU2-HaarU4-brickwork|n12|d72|i0|dir=gaussian|basis=Z|eta=0,SU2-HaarU4-brickwork|n12|d72|i0,512,273,0.0011945061626593323
v2_spectrum,SU2-HaarU4-brickwork|n12|d72|i0|dir=gaussian|basis=Z|eta=0,SU2-HaarU4-brickwork|n12|d72|i0,512,274,0.001190506169669255
v2_spectrum,SU2-HaarU4-brickwork|n12|d72|i0|dir=gaussian|basis=Z|eta=0,SU2-HaarU4-brickwork|n12|d72|i0,512,275,0.0011780656367378238
v2_spectrum,SU2-HaarU4-brickwork|n12|d72|i0|dir=gaussian|basis=Z|eta=0,SU2-HaarU4-brickwork|n12|d72|i0,512,276,0.0011719597580719513
v2_spectrum,SU2-HaarU4-brickwork|n12|d72|i0|dir=gaussian|basis=Z|eta=0,SU2-HaarU4-brickwork|n12|d72|i0,512,277,0.0011657216170922675
v2_spectrum,SU2-HaarU4-brickwork|n12|d72|i0|dir=gaussian|basis=Z|eta=0,SU2-HaarU4-brickwork|n12|d72|i0,512,278,0.0011650244672181608
v2_spectrum,SU2-HaarU4-brickwork|n12|d72|i0|dir=gaussian|basis=Z|eta=0,SU2-HaarU4-brickwork|n12|d72|i0,512,279,0.0011531293752113038
v2_spectrum,SU2-HaarU4-brickwork|n12|d72|i0|dir=gaussian|basis=Z|eta=0,SU2-HaarU4-brickwork|n12|d72|i0,512,280,0.001149454485010738
v2_spectrum,SU2-HaarU4-brickwork|n12|d72|i0|dir=gaussian|basis=Z|eta=0,SU2-HaarU4-brickwork|n12|d72|i0,512,281,0.0011376716902028918
v2_spectrum,SU2-HaarU4-brickwork|n12|d72|i0|dir=gaussian|basis=Z|eta=0,SU2-HaarU4-brickwork|n12|d72|i0,512,282,0.001136021785767832
v2_spectrum,SU2-HaarU4-brickwork|n12|d72|i0|dir=gaussian|basis=Z|eta=0,SU2-HaarU4-brickwork|n12|d72|i0,512,283,0.0011259066192021842
v2_spectrum,SU2-HaarU4-brickwork|n12|d72|i0|dir=gaussian|basis=Z|eta=0,SU2-HaarU4-brickwork|n12|d72|i0,512,284,0.0011220043006635466
v2_spectrum,SU2-HaarU4-brickwork|n12|d72|i0|dir=gaussian|basis=Z|eta=0,SU2-HaarU4-brickwork|n12|d72|i0,512,285,0.0011169788682367562
v2_spectrum,SU2-HaarU4-brickwork|n12|d72|i0|dir=gaussian|basis=Z|eta=0,SU2-HaarU4-brickwork|n12|d72|i0,512,286,0.0011087706781134818
v2_spectrum,SU2-HaarU4-brickwork|n12|d72|i0|dir=gaussian|basis=Z|eta=0,SU2-HaarU4-brickwork|n12|d72|i0,512,287,0.0010944115240234741
v2_spectrum,SU2-HaarU4-brickwork|n12|d72|i0|dir=gaussian|basis=Z|eta=0,SU2-HaarU4-brickwork|n12|d72|i0,512,288,0.001092461195040634
v2_spectrum,SU2-HaarU4-brickwork|n12|d72|i0|dir=gaussian|basis=Z|eta=0,SU2-HaarU4-brickwork|n12|d72|i0,512,289,0.0010850445973831914
v2_spectrum,SU2-HaarU4-brickwork|n12|d72|i0|dir=gaussian|basis=Z|eta=0,SU2-HaarU4-brickwork|n12|d72|i0,512,290,0.0010810692414817652
v2_spectrum,SU2-HaarU4-brickwork|n12|d72|i0|dir=gaussian|basis=Z|eta=0,SU2-HaarU4-brickwork|n12|d72|i0,512,291,0.0010693844578232047
v2_spectrum,SU2-HaarU4-brickwork|n12|d72|i0|dir=gaussian|basis=Z|eta=0,SU2-HaarU4-brickwork|n12|d72|i0,512,292,0.0010651824845625023
v2_spectrum,SU2-HaarU4-brickwork|n12|d72|i0|dir=gaussian|basis=Z|eta=0,SU2-HaarU4-brickwork|n12|d72|i0,512,293,0.0010616642436955528
v2_spectrum,SU2-HaarU4-brickwork|n12|d72|i0|dir=gaussian|basis=Z|eta=0,SU2-HaarU4-brickwork|n12|d72|i0,512,294,0.0010576584859732694
v2_spectrum,SU2-HaarU4-brickwork|n12|d72|i0|dir=gaussian|basis=Z|eta=0,SU2-HaarU4-brickwork|n12|d72|i0,512,295,0.0010450498632521507
v2_spectrum,SU2-HaarU4-brickwork|n12|d72|i0|dir=gaussian|basis=Z|eta=0,SU2-HaarU4-brickwork|n12|d72|i0,512,296,0.0010435234879253611
v2_spectrum,SU2-HaarU4-brickwork|n12|d72|i0|dir=gaussian|basis=Z|eta=0,SU2-HaarU4-brickwork|n12|d72|i0,512,297,0.0010395879905173468
v2_spectrum,SU2-HaarU4-brickwork|n12|d72|i0|dir=gaussian|basis=Z|eta=0,SU2-HaarU4-brickwork|n12|d72|i0,512,298,0.0010303141180451924
v2_spectrum,SU2-HaarU4-brickwork|n12|d72|i0|dir=gaussian|basis=Z|eta=0,SU2-HaarU4-brickwork|n12|d72|i0,512,299,0.0010241475171148084
v2_spectrum,SU2-HaarU4-brickwork|n12|d72|i0|dir=gaussian|basis=Z|eta=0,SU2-HaarU4-brickwork|n12|d72|i0,512,300,0.0010191534330497715
v2_spectrum,SU2-HaarU4-brickwork|n12|d72|i0|dir=gaussian|basis=Z|eta=0,SU2-HaarU4-brickwork|n12|d72|i0,512,301,0.0010111255355585067
v2_spectrum,SU2-HaarU4-brickwork|n12|d72|i0|dir=gaussian|basis=Z|eta=0,SU2-HaarU4-brickwork|n12|d72|i0,512,302,0.0010080955979773346
v2_spectrum,SU2-HaarU4-brickwork|n12|d72|i0|dir=gaussian|basis=Z|eta=0,SU2-HaarU4-brickwork|n12|d72|i0,512,303,0.0010026246644888853
v2_spectrum,SU2-HaarU4-brickwork|n12|d72|i0|dir=gaussian|basis=Z|eta=0,SU2-HaarU4-brickwork|n12|d72|i0,512,304,0.000995478866232567
v2_spectrum,SU2-HaarU4-brickwork|n12|d72|i0|dir=gaussian|basis=Z|eta=0,SU2-HaarU4-brickwork|n12|d72|i0,512,305,0.0009898921442069598
v2_spectrum,SU2-HaarU4-brickwork|n12|d72|i0|dir=gaussian|basis=Z|eta=0,SU2-HaarU4-brickwork|n12|d72|i0,512,306,0.0009855405922115476
v2_spectrum,SU2-HaarU4-brickwork|n12|d72|i0|dir=gaussian|basis=Z|eta=0,SU2-HaarU4-brickwork|n12|d72|i0,512,307,0.000975662881430948
v2_spectrum,SU2-HaarU4-brickwork|n12|d72|i0|dir=gaussian|basis=Z|eta=0,SU2-HaarU4-brickwork|n12|d72|i0,512,308,0.000968986593677069
v2_spectrum,SU2-HaarU4-brickwork|n12|d72|i0|dir=gaussian|basis=Z|eta=0,SU2-HaarU4-brickwork|n12|d72|i0,512,309,0.0009632486821152966
v2_spectrum,SU2-HaarU4-brickwork|n12|d72|i0|dir=gaussian|basis=Z|eta=0,SU2-HaarU4-brickwork|n12|d72|i0,512,310,0.0009608000019680903
v2_spectrum,SU2-HaarU4-brickwork|n12|d72|i0|dir=gaussian|basis=Z|eta=0,SU2-HaarU4-brickwork|n12|d72|i0,512,311,0.0009548234097418399
v2_spectrum,SU2-HaarU4-brickwork|n12|d72|i0|dir=gaussian|basis=Z|eta=0,SU2-HaarU4-brickwork|n12|d72|i0,512,312,0.0009464518094421946
v2_spectrum,SU2-HaarU4-brickwork|n12|d72|i0|dir=gaussian|basis=Z|eta=0,SU2-HaarU4-brickwork|n12|d72|i0,512,313,0.0009391727807759984
v2_spectrum,SU2-HaarU4-brickwork|n12|d72|i0|dir=gaussian|basis=Z|eta=0,SU2-HaarU4-brickwork|n12|d72|i0,512,314,0.0009298445859053193
v2_spectrum,SU2-HaarU4-brickwork|n12|d72|i0|dir=gaussian|basis=Z|eta=0,SU2-HaarU4-brickwork|n12|d72|i0,512,315,0.0009253343109335249
v2_spectrum,SU2-HaarU4-brickwork|n12|d72|i0|dir=gaussian|basis=Z|eta=0,SU2-HaarU4-brickwork|n12|d72|i0,512,316,0.0009176769860815702
v2_spectrum,SU2-HaarU4-brickwork|n12|d72|i0|dir=gaussian|basis=Z|eta=0,SU2-HaarU4-brickwork|n12|d72|i0,512,317,0.0009150918431201288
v2_spectrum,SU2-HaarU4-brickwork|n12|d72|i0|dir=gaussian|basis=Z|eta=0,SU2-HaarU4-brickwork|n12|d72|i0,512,318,0.0009084757617960402
v2_spectrum,SU2-HaarU4-brickwork|n12|d72|i0|dir=gaussian|basis=Z|eta=0,SU2-HaarU4-brickwork|n12|d72|i0,512,319,0.00090239952993765
v2_spectrum,SU2-HaarU4-brickwork|n12|d72|i0|dir=gaussian|basis=Z|eta=0,SU2-HaarU4-brickwork|n12|d72|i0,512,320,0.0008992081169916107
v2_spectrum,SU2-HaarU4-brickwork|n12|d72|i0|dir=gaussian|basis=Z|eta=0,SU2-HaarU4-brickwork|n12|d72|i0,512,321,0.0008925825799343538
v2_spectrum,SU2-HaarU4-brickwork|n12|d72|i0|dir=gaussian|basis=Z|eta=0,SU2-HaarU4-brickwork|n12|d72|i0,512,322,0.0008889134474320096
v2_spectrum,SU2-HaarU4-brickwork|n12|d72|i0|dir=gaussian|basis=Z|eta=0,SU2-HaarU4-brickwork|n12|d72|i0,512,323,0.000886615085235595
v2_spectrum,SU2-HaarU4-brickwork|n12|d72|i0|dir=gaussian|basis=Z|eta=0,SU2-HaarU4-brickwork|n12|d72|i0,512,324,0.0008811359485744893
v2_spectrum,SU2-HaarU4-brickwork|n12|d72|i0|dir=gaussian|basis=Z|eta=0,SU2-HaarU4-brickwork|n12|d72|i0,512,325,0.0008779996947899955
v2_spectrum,SU2-HaarU4-brickwork|n12|d72|i0|dir=gaussian|basis=Z|eta=0,SU2-HaarU4-brickwork|n12|d72|i0,512,326,0.0008669326218824656
v2_spectrum,SU2-HaarU4-brickwork|n12|d72|i0|dir=gaussian|basis=Z|eta=0,SU2-HaarU4-brickwork|n12|d72|i0,512,327,0.0008626006399005683
v2_spectrum,SU2-HaarU4-brickwork|n12|d72|i0|dir=gaussian|basis=Z|eta=0,SU2-HaarU4-brickwork|n12|d72|i0,512,328,0.0008499153833851675
v2_spectrum,SU2-HaarU4-brickwork|n12|d72|i0|dir=gaussian|basis=Z|eta=0,SU2-HaarU4-brickwork|n12|d72|i0,512,329,0.0008452962410795072
v2_spectrum,SU2-HaarU4-brickwork|n12|d72|i0|dir=gaussian|basis=Z|eta=0,SU2-HaarU4-brickwork|n12|d72|i0,512,330,0.0008379048734317107
v2_spectrum,SU2-HaarU4-brickwork|n12|d72|i0|dir=gaussian|basis=Z|eta=0,SU2-HaarU4-brickwork|n12|d72|i0,512,331,0.0008360791740765803
v2_spectrum,SU2-HaarU4-brickwork|n12|d72|i0|dir=gaussian|basis=Z|eta=0,SU2-HaarU4-brickwork|n12|d72|i0,512,332,0.00082946449509714
v2_spectrum,SU2-HaarU4-brickwork|n12|d72|i0|dir=gaussian|basis=Z|eta=0,SU2-HaarU4-brickwork|n12|d72|i0,512,333,0.0008250551570834776
v2_spectrum,SU2-HaarU4-brickwork|n12|d72|i0|dir=gaussian|basis=Z|eta=0,SU2-HaarU4-brickwork|n12|d72|i0,512,334,0.0008239746995866244
v2_spectrum,SU2-HaarU4-brickwork|n12|d72|i0|dir=gaussian|basis=Z|eta=0,SU2-HaarU4-brickwork|n12|d72|i0,512,335,0.0008184560375039979
v2_spectrum,SU2-HaarU4-brickwork|n12|d72|i0|dir=gaussian|basis=Z|eta=0,SU2-HaarU4-brickwork|n12|d72|i0,512,336,0.0008130178642079224
v2_spectrum,SU2-HaarU4-brickwork|n12|d72|i0|dir=gaussian|basis=Z|eta=0,SU2-HaarU4-brickwork|n12|d72|i0,512,337,0.0008091432813137096
v2_spectrum,SU2-HaarU4-brickwork|n12|d72|i0|dir=gaussian|basis=Z|eta=0,SU2-HaarU4-brickwork|n12|d72|i0,512,338,0.000806345379560442
v2_spectrum,SU2-HaarU4-brickwork|n12|d72|i0|dir=gaussian|basis=Z|eta=0,SU2-HaarU4-brickwork|n12|d72|i0,512,339,0.0007993114492172849
v2_spectrum,SU2-HaarU4-brickwork|n12|d72|i0|dir=gaussian|basis=Z|eta=0,SU2-HaarU4-brickwork|n12|d72|i0,512,340,0.0007933770582619817
v2_spectrum,SU2-HaarU4-brickwork|n12|d72|i0|dir=gaussian|basis=Z|eta=0,SU2-HaarU4-brickwork|n12|d72|i0,512,341,0.0007902354368991135
v2_spectrum,SU2-HaarU4-brickwork|n12|d72|i0|dir=gaussian|basis=Z|eta=0,SU2-HaarU4-brickwork|n12|d72|i0,512,342,0.0007869491573564484
v2_spectrum,SU2-HaarU4-brickwork|n12|d72|i0|dir=gaussian|basis=Z|eta=0,SU2-HaarU4-brickwork|n12|d72|i0,512,343,0.0007828613864821882
v2_spectrum,SU2-HaarU4-brickwork|n12|d72|i0|dir=gaussian|basis=Z|eta=0,SU2-HaarU4-brickwork|n12|d72|i0,512,344,0.0007785861883909912
v2_spectrum,SU2-HaarU4-brickwork|n12|d72|i0|dir=gaussian|basis=Z|eta=0,SU2-HaarU4-brickwork|n12|d72|i0,512,345,0.0007744461763246326
v2_spectrum,SU2-HaarU4-brickwork|n12|d72|i0|dir=gaussian|basis=Z|eta=0,SU2-HaarU4-brickwork|n12|d72|i0,512,346,0.0007665033277779878
v2_spectrum,SU2-HaarU4-brickwork|n12|d72|i0|dir=gaussian|basis=Z|eta=0,SU2-HaarU4-brickwork|n12|d72|i0,512,347,0.0007651673441212659
v2_spectrum,SU2-HaarU4-brickwork|n12|d72|i0|dir=gaussian|basis=Z|eta=0,SU2-HaarU4-brickwork|n12|d72|i0,512,348,0.0007628017662542021
v2_spectrum,SU2-HaarU4-brickwork|n12|d72|i0|dir=gaussian|basis=Z|eta=0,SU2-HaarU4-brickwork|n12|d72|i0,512,349,0.0007532313815353704
v2_spectrum,SU2-HaarU4-brickwork|n12|d72|i0|dir=gaussian|basis=Z|eta=0,SU2-HaarU4-brickwork|n12|d72|i0,512,350,0.0007511035294512944
v2_spectrum,SU2-HaarU4-brickwork|n12|d72|i0|dir=gaussian|basis=Z|eta=0,SU2-HaarU4-brickwork|n12|d72|i0,512,351,0.0007395660483403484
v2_spectrum,SU2-HaarU4-brickwork|n12|d72|i0|dir=gaussian|basis=Z|eta=0,SU2-HaarU4-brickwork|n12|d72|i0,512,352,0.0007385404395993121
v2_spectrum,SU2-HaarU4-brickwork|n12|d72|i0|dir=gaussian|basis=Z|eta=0,SU2-HaarU4-brickwork|n12|d72|i0,512,353,0.0007320308204898322
v2_spectrum,SU2-HaarU4-brickwork|n12|d72|i0|dir=gaussian|basis=Z|eta=0,SU2-HaarU4-brickwork|n12|d72|i0,512,354,0.0007298531694547072
v2_spectrum,SU2-HaarU4-brickwork|n12|d72|i0|dir=gaussian|basis=Z|eta=0,SU2-HaarU4-brickwork|n12|d72|i0,512,355,0.0007255189510699078
v2_spectrum,SU2-HaarU4-brickwork|n12|d72|i0|dir=gaussian|basis=Z|eta=0,SU2-HaarU4-brickwork|n12|d72|i0,512,356,0.0007154779473269373
v2_spectrum,SU2-HaarU4-brickwork|n12|d72|i0|dir=gaussian|basis=Z|eta=0,SU2-HaarU4-brickwork|n12|d72|i0,512,357,0.0007138728109182962
v2_spectrum,SU2-HaarU4-brickwork|n12|d72|i0|dir=gaussian|basis=Z|eta=0,SU2-HaarU4-brickwork|n12|d72|i0,512,358,0.0007128678627201576
v2_spectrum,SU2-HaarU4-brickwork|n12|d72|i0|dir=gaussian|basis=Z|eta=0,SU2-HaarU4-brickwork|n12|d72|i0,512,359,0.0007082072391875002
v2_spectrum,SU2-HaarU4-brickwork|n12|d72|i0|dir=gaussian|basis=Z|eta=0,SU2-HaarU4-brickwork|n12|d72|i0,512,360,0.0007052306017123897
v2_spectrum,SU2-HaarU4-brickwork|n12|d72|i0|dir=gaussian|basis=Z|eta=0,SU2-HaarU4-brickwork|n12|d72|i0,512,361,0.0007033193698638916
v2_spectrum,SU2-HaarU4-brickwork|n12|d72|i0|dir=gaussian|basis=Z|eta=0,SU2-HaarU4-brickwork|n12|d72|i0,512,362,0.0006946202696840137
v2_spectrum,SU2-HaarU4-brickwork|n12|d72|i0|dir=gaussian|basis=Z|eta=0,SU2-HaarU4-brickwork|n12|d72|i0,512,363,0.0006869393025506431
v2_spectrum,SU2-HaarU4-brickwork|n12|d72|i0|dir=gaussian|basis=Z|eta=0,SU2-HaarU4-brickwork|n12|d72|i0,512,364,0.0006848546529952681
v2_spectrum,SU2-HaarU4-brickwork|n12|d72|i0|dir=gaussian|basis=Z|eta=0,SU2-HaarU4-brickwork|n12|d72|i0,512,365,0.0006820018178754342
v2_spectrum,SU2-HaarU4-brickwork|n12|d72|i0|dir=gaussian|basis=Z|eta=0,SU2-HaarU4-brickwork|n12|d72|i0,512,366,0.0006761412674194795
v2_spectrum,SU2-HaarU4-brickwork|n12|d72|i0|dir=gaussian|basis=Z|eta=0,SU2-HaarU4-brickwork|n12|d72|i0,512,367,0.0006718722866857093
v2_spectrum,SU2-HaarU4-brickwork|n12|d72|i0|dir=gaussian|basis=Z|eta=0,SU2-HaarU4-brickwork|n12|d72|i0,512,368,0.0006667713462911018
v2_spectrum,SU2-HaarU4-brickwork|n12|d72|i0|dir=gaussian|basis=Z|eta=0,SU2-HaarU4-brickwork|n12|d72|i0,512,369,0.000662913517477942
v2_spectrum,SU2-HaarU4-brickwork|n12|d72|i0|dir=gaussian|basis=Z|eta=0,SU2-HaarU4-brickwork|n12|d72|i0,512,370,0.0006569323670811534
v2_spectrum,SU2-HaarU4-brickwork|n12|d72|i0|dir=gaussian|basis=Z|eta=0,SU2-HaarU4-brickwork|n12|d72|i0,512,371,0.0006554905858826105
v2_spectrum,SU2-HaarU4-brickwork|n12|d72|i0|dir=gaussian|basis=Z|eta=0,SU2-HaarU4-brickwork|n12|d72|i0,512,372,0.0006505371291540246
v2_spectrum,SU2-HaarU4-brickwork|n12|d72|i0|dir=gaussian|basis=Z|eta=0,SU2-HaarU4-brickwork|n12|d72|i0,512,373,0.0006476167051057921
v2_spectrum,SU2-HaarU4-brickwork|n12|d72|i0|dir=gaussian|basis=Z|eta=0,SU2-HaarU4-brickwork|n12|d72|i0,512,374,0.000639151110955666
v2_spectrum,SU2-HaarU4-brickwork|n12|d72|i0|dir=gaussian|basis=Z|eta=0,SU2-HaarU4-brickwork|n12|d72|i0,512,375,0.0006366311202262492
v2_spectrum,SU2-HaarU4-brickwork|n12|d72|i0|dir=gaussian|basis=Z|eta=0,SU2-HaarU4-brickwork|n12|d72|i0,512,376,0.0006342793740209964
v2_spectrum,SU2-HaarU4-brickwork|n12|d72|i0|dir=gaussian|basis=Z|eta=0,SU2-HaarU4-brickwork|n12|d72|i0,512,377,0.0006326397382335273
v2_spectrum,SU2-HaarU4-brickwork|n12|d72|i0|dir=gaussian|basis=Z|eta=0,SU2-HaarU4-brickwork|n12|d72|i0,512,378,0.0006272976337190682
v2_spectrum,SU2-HaarU4-brickwork|n12|d72|i0|dir=gaussian|basis=Z|eta=0,SU2-HaarU4-brickwork|n12|d72|i0,512,379,0.0006218503238201124
v2_spectrum,SU2-HaarU4-brickwork|n12|d72|i0|dir=gaussian|basis=Z|eta=0,SU2-HaarU4-brickwork|n12|d72|i0,512,380,0.0006198437076419547
v2_spectrum,SU2-HaarU4-brickwork|n12|d72|i0|dir=gaussian|basis=Z|eta=0,SU2-HaarU4-brickwork|n12|d72|i0,512,381,0.0006180476070665568
v2_spectrum,SU2-HaarU4-brickwork|n12|d72|i0|dir=gaussian|basis=Z|eta=0,SU2-HaarU4-brickwork|n12|d72|i0,512,382,0.0006156951020049766
v2_spectrum,SU2-HaarU4-brickwork|n12|d72|i0|dir=gaussian|basis=Z|eta=0,SU2-HaarU4-brickwork|n12|d72|i0,512,383,0.0006119338800669299
v2_spectrum,SU2-HaarU4-brickwork|n12|d72|i0|dir=gaussian|basis=Z|eta=0,SU2-HaarU4-brickwork|n12|d72|i0,512,384,0.0006050211590811104
v2_spectrum,SU2-HaarU4-brickwork|n12|d72|i0|dir=gaussian|basis=Z|eta=0,SU2-HaarU4-brickwork|n12|d72|i0,512,385,0.0006026532998372154
v2_spectrum,SU2-HaarU4-brickwork|n12|d72|i0|dir=gaussian|basis=Z|eta=0,SU2-HaarU4-brickwork|n12|d72|i0,512,386,0.0005976901265733669
v2_spectrum,SU2-HaarU4-brickwork|n12|d72|i0|dir=gaussian|basis=Z|eta=0,SU2-HaarU4-brickwork|n12|d72|i0,512,387,0.0005928874187130811
v2_spectrum,SU2-HaarU4-brickwork|n12|d72|i0|dir=gaussian|basis=Z|eta=0,SU2-HaarU4-brickwork|n12|d72|i0,512,388,0.0005918399316251344
v2_spectrum,SU2-HaarU4-brickwork|n12|d72|i0|dir=gaussian|basis=Z|eta=0,SU2-HaarU4-brickwork|n12|d72|i0,512,389,0.0005857708650618747
v2_spectrum,SU2-HaarU4-brickwork|n12|d72|i0|dir=gaussian|basis=Z|eta=0,SU2-HaarU4-brickwork|n12|d72|i0,512,390,0.0005816374219453882
v2_spectrum,SU2-HaarU4-brickwork|n12|d72|i0|dir=gaussian|basis=Z|eta=0,SU2-HaarU4-brickwork|n12|d72|i0,512,391,0.0005708646867560361
v2_spectrum,SU2-HaarU4-brickwork|n12|d72|i0|dir=gaussian|basis=Z|eta=0,SU2-HaarU4-brickwork|n12|d72|i0,512,392,0.0005696097534288288
v2_spectrum,SU2-HaarU4-brickwork|n12|d72|i0|dir=gaussian|basis=Z|eta=0,SU2-HaarU4-brickwork|n12|d72|i0,512,393,0.0005664620020502237
v2_spectrum,SU2-HaarU4-brickwork|n12|d72|i0|dir=gaussian|basis=Z|eta=0,SU2-HaarU4-brickwork|n12|d72|i0,512,394,0.0005639433073159292
v2_spectrum,SU2-HaarU4-brickwork|n12|d72|i0|dir=gaussian|basis=Z|eta=0,SU2-HaarU4-brickwork|n12|d72|i0,512,395,0.0005594514144019818
v2_spectrum,SU2-HaarU4-brickwork|n12|d72|i0|dir=gaussian|basis=Z|eta=0,SU2-HaarU4-brickwork|n12|d72|i0,512,396,0.0005581037300069692
v2_spectrum,SU2-HaarU4-brickwork|n12|d72|i0|dir=gaussian|basis=Z|eta=0,SU2-HaarU4-brickwork|n12|d72|i0,512,397,0.0005528927642921935
v2_spectrum,SU2-HaarU4-brickwork|n12|d72|i0|dir=gaussian|basis=Z|eta=0,SU2-HaarU4-brickwork|n12|d72|i0,512,398,0.0005502999472783527
v2_spectrum,SU2-HaarU4-brickwork|n12|d72|i0|dir=gaussian|basis=Z|eta=0,SU2-HaarU4-brickwork|n12|d72|i0,512,399,0.0005429703835362272
v2_spectrum,SU2-HaarU4-brickwork|n12|d72|i0|dir=gaussian|basis=Z|eta=0,SU2-HaarU4-brickwork|n12|d72|i0,512,400,0.0005413812513212041
v2_spectrum,SU2-HaarU4-brickwork|n12|d72|i0|dir=gaussian|basis=Z|eta=0,SU2-HaarU4-brickwork|n12|d72|i0,512,401,0.0005374861076946932
v2_spectrum,SU2-HaarU4-brickwork|n12|d72|i0|dir=gaussian|basis=Z|eta=0,SU2-HaarU4-brickwork|n12|d72|i0,512,402,0.0005328351544674463
v2_spectrum,SU2-HaarU4-brickwork|n12|d72|i0|dir=gaussian|basis=Z|eta=0,SU2-HaarU4-brickwork|n12|d72|i0,512,403,0.0005243001013461491
v2_spectrum,SU2-HaarU4-brickwork|n12|d72|i0|dir=gaussian|basis=Z|eta=0,SU2-HaarU4-brickwork|n12|d72|i0,512,404,0.0005202494373966837
v2_spectrum,SU2-HaarU4-brickwork|n12|d72|i0|dir=gaussian|basis=Z|eta=0,SU2-HaarU4-brickwork|n12|d72|i0,512,405,0.000515209432715775
v2_spectrum,SU2-HaarU4-brickwork|n12|d72|i0|dir=gaussian|basis=Z|eta=0,SU2-HaarU4-brickwork|n12|d72|i0,512,406,0.0005136906734183706
v2_spectrum,SU2-HaarU4-brickwork|n12|d72|i0|dir=gaussian|basis=Z|eta=0,SU2-HaarU4-brickwork|n12|d72|i0,512,407,0.0005108021956055377
v2_spectrum,SU2-HaarU4-brickwork|n12|d72|i0|dir=gaussian|basis=Z|eta=0,SU2-HaarU4-brickwork|n12|d72|i0,512,408,0.0005098614784305765
v2_spectrum,SU2-HaarU4-brickwork|n12|d72|i0|dir=gaussian|basis=Z|eta=0,SU2-HaarU4-brickwork|n12|d72|i0,512,409,0.0005077678823519925
v2_spectrum,SU2-HaarU4-brickwork|n12|d72|i0|dir=gaussian|basis=Z|eta=0,SU2-HaarU4-brickwork|n12|d72|i0,512,410,0.0005037943140108231
v2_spectrum,SU2-HaarU4-brickwork|n12|d72|i0|dir=gaussian|basis=Z|eta=0,SU2-HaarU4-brickwork|n12|d72|i0,512,411,0.0004987977061238483
v2_spectrum,SU2-HaarU4-brickwork|n12|d72|i0|dir=gaussian|basis=Z|eta=0,SU2-HaarU4-brickwork|n12|d72|i0,512,412,0.0004951913105674067
v2_spectrum,SU2-HaarU4-brickwork|n12|d72|i0|dir=gaussian|basis=Z|eta=0,SU2-HaarU4-brickwork|n12|d72|i0,512,413,0.0004921713856582639
v2_spectrum,SU2-HaarU4-brickwork|n12|d72|i0|dir=gaussian|basis=Z|eta=0,SU2-HaarU4-brickwork|n12|d72|i0,512,414,0.000491642673699445
v2_spectrum,SU2-HaarU4-brickwork|n12|d72|i0|dir=gaussian|basis=Z|eta=0,SU2-HaarU4-brickwork|n12|d72|i0,512,415,0.00048782228632021955
v2_spectrum,SU2-HaarU4-brickwork|n12|d72|i0|dir=gaussian|basis=Z|eta=0,SU2-HaarU4-brickwork|n12|d72|i0,512,416,0.000480479671758787
v2_spectrum,SU2-HaarU4-brickwork|n12|d72|i0|dir=gaussian|basis=Z|eta=0,SU2-HaarU4-brickwork|n12|d72|i0,512,417,0.00047860476479214654
v2_spectrum,SU2-HaarU4-brickwork|n12|d72|i0|dir=gaussian|basis=Z|eta=0,SU2-HaarU4-brickwork|n12|d72|i0,512,418,0.00047371580913987016
v2_spectrum,SU2-HaarU4-brickwork|n12|d72|i0|dir=gaussian|basis=Z|eta=0,SU2-HaarU4-brickwork|n12|d72|i0,512,419,0.000470979333258819
v2_spectrum,SU2-HaarU4-brickwork|n12|d72|i0|dir=gaussian|basis=Z|eta=0,SU2-HaarU4-brickwork|n12|d72|i0,512,420,0.00046809146093320265
v2_spectrum,SU2-HaarU4-brickwork|n12|d72|i0|dir=gaussian|basis=Z|eta=0,SU2-HaarU4-brickwork|n12|d72|i0,512,421,0.0004618347718137212
v2_spectrum,SU2-HaarU4-brickwork|n12|d72|i0|dir=gaussian|basis=Z|eta=0,SU2-HaarU4-brickwork|n12|d72|i0,512,422,0.0004600014987145687
v2_spectrum,SU2-HaarU4-brickwork|n12|d72|i0|dir=gaussian|basis=Z|eta=0,SU2-HaarU4-brickwork|n12|d72|i0,512,423,0.00045862141928162834
v2_spectrum,SU2-HaarU4-brickwork|n12|d72|i0|dir=gaussian|basis=Z|eta=0,SU2-HaarU4-brickwork|n12|d72|i0,512,424,0.00045628629077647633
v2_spectrum,SU2-HaarU4-brickwork|n12|d72|i0|dir=gaussian|basis=Z|eta=0,SU2-HaarU4-brickwork|n12|d72|i0,512,425,0.0004533249121169094
v2_spectrum,SU2-HaarU4-brickwork|n12|d72|i0|dir=gaussian|basis=Z|eta=0,SU2-HaarU4-brickwork|n12|d72|i0,512,426,0.0004502014194255688
v2_spectrum,SU2-HaarU4-brickwork|n12|d72|i0|dir=gaussian|basis=Z|eta=0,SU2-HaarU4-brickwork|n12|d72|i0,512,427,0.0004480784842234779
v2_spectrum,SU2-HaarU4-brickwork|n12|d72|i0|dir=gaussian|basis=Z|eta=0,SU2-HaarU4-brickwork|n12|d72|i0,512,428,0.00044683880011341386
v2_spectrum,SU2-HaarU4-brickwork|n12|d72|i0|dir=gaussian|basis=Z|eta=0,SU2-HaarU4-brickwork|n12|d72|i0,512,429,0.0004404795116676944
v2_spectrum,SU2-HaarU4-brickwork|n12|d72|i0|dir=gaussian|basis=Z|eta=0,SU2-HaarU4-brickwork|n12|d72|i0,512,430,0.00043708539837329185
v2_spectrum,SU2-HaarU4-brickwork|n12|d72|i0|dir=gaussian|basis=Z|eta=0,SU2-HaarU4-brickwork|n12|d72|i0,512,431,0.00043089424261645744
v2_spectrum,SU2-HaarU4-brickwork|n12|d72|i0|dir=gaussian|basis=Z|eta=0,SU2-HaarU4-brickwork|n12|d72|i0,512,432,0.00043010819391650965
v2_spectrum,SU2-HaarU4-brickwork|n12|d72|i0|dir=gaussian|basis=Z|eta=0,SU2-HaarU4-brickwork|n12|d72|i0,512,433,0.0004243428930236077
v2_spectrum,SU2-HaarU4-brickwork|n12|d72|i0|dir=gaussian|basis=Z|eta=0,SU2-HaarU4-brickwork|n12|d72|i0,512,434,0.00042067521504023445
v2_spectrum,SU2-HaarU4-brickwork|n12|d72|i0|dir=gaussian|basis=Z|eta=0,SU2-HaarU4-brickwork|n12|d72|i0,512,435,0.00041768927896934405
v2_spectrum,SU2-HaarU4-brickwork|n12|d72|i0|dir=gaussian|basis=Z|eta=0,SU2-HaarU4-brickwork|n12|d72|i0,512,436,0.0004152515398872842
v2_spectrum,SU2-HaarU4-brickwork|n12|d72|i0|dir=gaussian|basis=Z|eta=0,SU2-HaarU4-brickwork|n12|d72|i0,512,437,0.00041516389084114214
v2_spectrum,SU2-HaarU4-brickwork|n12|d72|i0|dir=gaussian|basis=Z|eta=0,SU2-HaarU4-brickwork|n12|d72|i0,512,438,0.000409091313257867
v2_spectrum,SU2-HaarU4-brickwork|n12|d72|i0|dir=gaussian|basis=Z|eta=0,SU2-HaarU4-brickwork|n12|d72|i0,512,439,0.0004073242529510386
v2_spectrum,SU2-HaarU4-brickwork|n12|d72|i0|dir=gaussian|basis=Z|eta=0,SU2-HaarU4-brickwork|n12|d72|i0,512,440,0.0004038373141098403
v2_spectrum,SU2-HaarU4-brickwork|n12|d72|i0|dir=gaussian|basis=Z|eta=0,SU2-HaarU4-brickwork|n12|d72|i0,512,441,0.00040150397394987566
v2_spectrum,SU2-HaarU4-brickwork|n12|d72|i0|dir=gaussian|basis=Z|eta=0,SU2-HaarU4-brickwork|n12|d72|i0,512,442,0.00039849924023540445
v2_spectrum,SU2-HaarU4-brickwork|n12|d72|i0|dir=gaussian|basis=Z|eta=0,SU2-HaarU4-brickwork|n12|d72|i0,512,443,0.000392348648836705
v2_spectrum,SU2-HaarU4-brickwork|n12|d72|i0|dir=gaussian|basis=Z|eta=0,SU2-HaarU4-brickwork|n12|d72|i0,512,444,0.00039029520241673136
v2_spectrum,SU2-HaarU4-brickwork|n12|d72|i0|dir=gaussian|basis=Z|eta=0,SU2-HaarU4-brickwork|n12|d72|i0,512,445,0.00038905432955566423
v2_spectrum,SU2-HaarU4-brickwork|n12|d72|i0|dir=gaussian|basis=Z|eta=0,SU2-HaarU4-brickwork|n12|d72|i0,512,446,0.00038450435748627407
v2_spectrum,SU2-HaarU4-brickwork|n12|d72|i0|dir=gaussian|basis=Z|eta=0,SU2-HaarU4-brickwork|n12|d72|i0,512,447,0.00038138820276426965
v2_spectrum,SU2-HaarU4-brickwork|n12|d72|i0|dir=gaussian|basis=Z|eta=0,SU2-HaarU4-brickwork|n12|d72|i0,512,448,0.00037908111962675476
v2_spectrum,SU2-HaarU4-brickwork|n12|d72|i0|dir=gaussian|basis=Z|eta=0,SU2-HaarU4-brickwork|n12|d72|i0,512,449,0.00037553164819697013
v2_spectrum,SU2-HaarU4-brickwork|n12|d72|i0|dir=gaussian|basis=Z|eta=0,SU2-HaarU4-brickwork|n12|d72|i0,512,450,0.0003738468679788729
v2_spectrum,SU2-HaarU4-brickwork|n12|d72|i0|dir=gaussian|basis=Z|eta=0,SU2-HaarU4-brickwork|n12|d72|i0,512,451,0.00036834053252251235
v2_spectrum,SU2-HaarU4-brickwork|n12|d72|i0|dir=gaussian|basis=Z|eta=0,SU2-HaarU4-brickwork|n12|d72|i0,512,452,0.0003671551783196049
v2_spectrum,SU2-HaarU4-brickwork|n12|d72|i0|dir=gaussian|basis=Z|eta=0,SU2-HaarU4-brickwork|n12|d72|i0,512,453,0.00036474844896372365
v2_spectrum,SU2-HaarU4-brickwork|n12|d72|i0|dir=gaussian|basis=Z|eta=0,SU2-HaarU4-brickwork|n12|d72|i0,512,454,0.0003642369490667032
v2_spectrum,SU2-HaarU4-brickwork|n12|d72|i0|dir=gaussian|basis=Z|eta=0,SU2-HaarU4-brickwork|n12|d72|i0,512,455,0.0003622030654835541
v2_spectrum,SU2-HaarU4-brickwork|n12|d72|i0|dir=gaussian|basis=Z|eta=0,SU2-HaarU4-brickwork|n12|d72|i0,512,456,0.0003574261180932494
v2_spectrum,SU2-HaarU4-brickwork|n12|d72|i0|dir=gaussian|basis=Z|eta=0,SU2-HaarU4-brickwork|n12|d72|i0,512,457,0.00035408559168069166
v2_spectrum,SU2-HaarU4-brickwork|n12|d72|i0|dir=gaussian|basis=Z|eta=0,SU2-HaarU4-brickwork|n12|d72|i0,512,458,0.00035227971223996253
v2_spectrum,SU2-HaarU4-brickwork|n12|d72|i0|dir=gaussian|basis=Z|eta=0,SU2-HaarU4-brickwork|n12|d72|i0,512,459,0.00034987445165054267
v2_spectrum,SU2-HaarU4-brickwork|n12|d72|i0|dir=gaussian|basis=Z|eta=0,SU2-HaarU4-brickwork|n12|d72|i0,512,460,0.00034760394117326637
v2_spectrum,SU2-HaarU4-brickwork|n12|d72|i0|dir=gaussian|basis=Z|eta=0,SU2-HaarU4-brickwork|n12|d72|i0,512,461,0.0003427541126159012
v2_spectrum,SU2-HaarU4-brickwork|n12|d72|i0|dir=gaussian|basis=Z|eta=0,SU2-HaarU4-brickwork|n12|d72|i0,512,462,0.0003394433111988354
v2_spectrum,SU2-HaarU4-brickwork|n12|d72|i0|dir=gaussian|basis=Z|eta=0,SU2-HaarU4-brickwork|n12|d72|i0,512,463,0.00033644647843202795
v2_spectrum,SU2-HaarU4-brickwork|n12|d72|i0|dir=gaussian|basis=Z|eta=0,SU2-HaarU4-brickwork|n12|d72|i0,512,464,0.00033304550435028286
v2_spectrum,SU2-HaarU4-brickwork|n12|d72|i0|dir=gaussian|basis=Z|eta=0,SU2-HaarU4-brickwork|n12|d72|i0,512,465,0.0003290753473145951
v2_spectrum,SU2-HaarU4-brickwork|n12|d72|i0|dir=gaussian|basis=Z|eta=0,SU2-HaarU4-brickwork|n12|d72|i0,512,466,0.0003243369290455075
v2_spectrum,SU2-HaarU4-brickwork|n12|d72|i0|dir=gaussian|basis=Z|eta=0,SU2-HaarU4-brickwork|n12|d72|i0,512,467,0.0003216474713211395
v2_spectrum,SU2-HaarU4-brickwork|n12|d72|i0|dir=gaussian|basis=Z|eta=0,SU2-HaarU4-brickwork|n12|d72|i0,512,468,0.00031759446695106764
v2_spectrum,SU2-HaarU4-brickwork|n12|d72|i0|dir=gaussian|basis=Z|eta=0,SU2-HaarU4-brickwork|n12|d72|i0,512,469,0.0003163848151616432
v2_spectrum,SU2-HaarU4-brickwork|n12|d72|i0|dir=gaussian|basis=Z|eta=0,SU2-HaarU4-brickwork|n12|d72|i0,512,470,0.00031244433263729064
v2_spectrum,SU2-HaarU4-brickwork|n12|d72|i0|dir=gaussian|basis=Z|eta=0,SU2-HaarU4-brickwork|n12|d72|i0,512,471,0.0003097392098336582
v2_spectrum,SU2-HaarU4-brickwork|n12|d72|i0|dir=gaussian|basis=Z|eta=0,SU2-HaarU4-brickwork|n12|d72|i0,512,472,0.0003079786146913295
v2_spectrum,SU2-HaarU4-brickwork|n12|d72|i0|dir=gaussian|basis=Z|eta=0,SU2-HaarU4-brickwork|n12|d72|i0,512,473,0.00030616817628108207
v2_spectrum,SU2-HaarU4-brickwork|n12|d72|i0|dir=gaussian|basis=Z|eta=0,SU2-HaarU4-brickwork|n12|d72|i0,512,474,0.00030355321477548264
v2_spectrum,SU2-HaarU4-brickwork|n12|d72|i0|dir=gaussian|basis=Z|eta=0,SU2-HaarU4-brickwork|n12|d72|i0,512,475,0.0002958502602674927
v2_spectrum,SU2-HaarU4-brickwork|n12|d72|i0|dir=gaussian|basis=Z|eta=0,SU2-HaarU4-brickwork|n12|d72|i0,512,476,0.00029391058819665147
v2_spectrum,SU2-HaarU4-brickwork|n12|d72|i0|dir=gaussian|basis=Z|eta=0,SU2-HaarU4-brickwork|n12|d72|i0,512,477,0.00029018777511743813
v2_spectrum,SU2-HaarU4-brickwork|n12|d72|i0|dir=gaussian|basis=Z|eta=0,SU2-HaarU4-brickwork|n12|d72|i0,512,478,0.00028807191284417665
v2_spectrum,SU2-HaarU4-brickwork|n12|d72|i0|dir=gaussian|basis=Z|eta=0,SU2-HaarU4-brickwork|n12|d72|i0,512,479,0.00028506475817215664
v2_spectrum,SU2-HaarU4-brickwork|n12|d72|i0|dir=gaussian|basis=Z|eta=0,SU2-HaarU4-brickwork|n12|d72|i0,512,480,0.0002823078123063024
v2_spectrum,SU2-HaarU4-brickwork|n12|d72|i0|dir=gaussian|basis=Z|eta=0,SU2-HaarU4-brickwork|n12|d72|i0,512,481,0.0002793463228024122
v2_spectrum,SU2-HaarU4-brickwork|n12|d72|i0|dir=gaussian|basis=Z|eta=0,SU2-HaarU4-brickwork|n12|d72|i0,512,482,0.0002775552154174551
v2_spectrum,SU2-HaarU4-brickwork|n12|d72|i0|dir=gaussian|basis=Z|eta=0,SU2-HaarU4-brickwork|n12|d72|i0,512,483,0.0002734691028704756
v2_spectrum,SU2-HaarU4-brickwork|n12|d72|i0|dir=gaussian|basis=Z|eta=0,SU2-HaarU4-brickwork|n12|d72|i0,512,484,0.0002707497670357807
v2_spectrum,SU2-HaarU4-brickwork|n12|d72|i0|dir=gaussian|basis=Z|eta=0,SU2-HaarU4-brickwork|n12|d72|i0,512,485,0.0002652108199680602
v2_spectrum,SU2-HaarU4-brickwork|n12|d72|i0|dir=gaussian|basis=Z|eta=0,SU2-HaarU4-brickwork|n12|d72|i0,512,486,0.00026462447349575837
v2_spectrum,SU2-HaarU4-brickwork|n12|d72|i0|dir=gaussian|basis=Z|eta=0,SU2-HaarU4-brickwork|n12|d72|i0,512,487,0.0002611225241826857
v2_spectrum,SU2-HaarU4-brickwork|n12|d72|i0|dir=gaussian|basis=Z|eta=0,SU2-HaarU4-brickwork|n12|d72|i0,512,488,0.00025789832536845435
v2_spectrum,SU2-HaarU4-brickwork|n12|d72|i0|dir=gaussian|basis=Z|eta=0,SU2-HaarU4-brickwork|n12|d72|i0,512,489,0.0002565427243002748
v2_spectrum,SU2-HaarU4-brickwork|n12|d72|i0|dir=gaussian|basis=Z|eta=0,SU2-HaarU4-brickwork|n12|d72|i0,512,490,0.0002532360567035049
v2_spectrum,SU2-HaarU4-brickwork|n12|d72|i0|dir=gaussian|basis=Z|eta=0,SU2-HaarU4-brickwork|n12|d72|i0,512,491,0.00025129438835612476
v2_spectrum,SU2-HaarU4-brickwork|n12|d72|i0|dir=gaussian|basis=Z|eta=0,SU2-HaarU4-brickwork|n12|d72|i0,512,492,0.0002470638381654471
v2_spectrum,SU2-HaarU4-brickwork|n12|d72|i0|dir=gaussian|basis=Z|eta=0,SU2-HaarU4-brickwork|n12|d72|i0,512,493,0.000245209399284147
v2_spectrum,SU2-HaarU4-brickwork|n12|d72|i0|dir=gaussian|basis=Z|eta=0,SU2-HaarU4-brickwork|n12|d72|i0,512,494,0.00024389258267942316
v2_spectrum,SU2-HaarU4-brickwork|n12|d72|i0|dir=gaussian|basis=Z|eta=0,SU2-HaarU4-brickwork|n12|d72|i0,512,495,0.00024043033832598577
v2_spectrum,SU2-HaarU4-brickwork|n12|d72|i0|dir=gaussian|basis=Z|eta=0,SU2-HaarU4-brickwork|n12|d72|i0,512,496,0.00023733593107314407
v2_spectrum,SU2-HaarU4-brickwork|n12|d72|i0|dir=gaussian|basis=Z|eta=0,SU2-HaarU4-brickwork|n12|d72|i0,512,497,0.00023485898197625016
v2_spectrum,SU2-HaarU4-brickwork|n12|d72|i0|dir=gaussian|basis=Z|eta=0,SU2-HaarU4-brickwork|n12|d72|i0,512,498,0.0002320076887617133
v2_spectrum,SU2-HaarU4-brickwork|n12|d72|i0|dir=gaussian|basis=Z|eta=0,SU2-HaarU4-brickwork|n12|d72|i0,512,499,0.00022693000986473622
v2_spectrum,SU2-HaarU4-brickwork|n12|d72|i0|dir=gaussian|basis=Z|eta=0,SU2-HaarU4-brickwork|n12|d72|i0,512,500,0.00022566812971860188
v2_spectrum,SU2-HaarU4-brickwork|n12|d72|i0|dir=gaussian|basis=Z|eta=0,SU2-HaarU4-brickwork|n12|d72|i0,512,501,0.00022250714864868233
v2_spectrum,SU2-HaarU4-brickwork|n12|d72|i0|dir=gaussian|basis=Z|eta=0,SU2-HaarU4-brickwork|n12|d72|i0,512,502,0.00022004217929057202
v2_spectrum,SU2-HaarU4-brickwork|n12|d72|i0|dir=gaussian|basis=Z|eta=0,SU2-HaarU4-brickwork|n12|d72|i0,512,503,0.0002172826074619428
v2_spectrum,SU2-HaarU4-brickwork|n12|d72|i0|dir=gaussian|basis=Z|eta=0,SU2-HaarU4-brickwork|n12|d72|i0,512,504,0.00021365256533335624
v2_spectrum,SU2-HaarU4-brickwork|n12|d72|i0|dir=gaussian|basis=Z|eta=0,SU2-HaarU4-brickwork|n12|d72|i0,512,505,0.0002119287769017708
v2_spectrum,SU2-HaarU4-brickwork|n12|d72|i0|dir=gaussian|basis=Z|eta=0,SU2-HaarU4-brickwork|n12|d72|i0,512,506,0.00020877199985894904
v2_spectrum,SU2-HaarU4-brickwork|n12|d72|i0|dir=gaussian|basis=Z|eta=0,SU2-HaarU4-brickwork|n12|d72|i0,512,507,0.00020335064121117108
v2_spectrum,SU2-HaarU4-brickwork|n12|d72|i0|dir=gaussian|basis=Z|eta=0,SU2-HaarU4-brickwork|n12|d72|i0,512,508,0.00020242337014150723
v2_spectrum,SU2-HaarU4-brickwork|n12|d72|i0|dir=gaussian|basis=Z|eta=0,SU2-HaarU4-brickwork|n12|d72|i0,512,509,0.00019458625203823795
v2_spectrum,SU2-HaarU4-brickwork|n12|d72|i0|dir=gaussian|basis=Z|eta=0,SU2-HaarU4-brickwork|n12|d72|i0,512,510,0.000193297006031507
v2_spectrum,SU2-HaarU4-brickwork|n12|d72|i0|dir=gaussian|basis=Z|eta=0,SU2-HaarU4-brickwork|n12|d72|i0,512,511,0.0001835982267471437
v2_spectrum,SU2-HaarU4-brickwork|n12|d72|i0|dir=gaussian|basis=Z|eta=0,SU2-HaarU4-brickwork|n12|d72|i0,512,512,0.00018243126683172755
v2_spectrum,U1-RZ-XY-line|n12|d72|i4|dir=gaussian|basis=Z|eta=0,U1-RZ-XY-line|n12|d72|i4,512,1,0.05975270310673544
v2_spectrum,U1-RZ-XY-line|n12|d72|i4|dir=gaussian|basis=Z|eta=0,U1-RZ-XY-line|n12|d72|i4,512,2,0.05324009141602692
v2_spectrum,U1-RZ-XY-line|n12|d72|i4|dir=gaussian|basis=Z|eta=0,U1-RZ-XY-line|n12|d72|i4,512,3,0.04804129922399434
v2_spectrum,U1-RZ-XY-line|n12|d72|i4|dir=gaussian|basis=Z|eta=0,U1-RZ-XY-line|n12|d72|i4,512,4,0.041504922895081155
v2_spectrum,U1-RZ-XY-line|n12|d72|i4|dir=gaussian|basis=Z|eta=0,U1-RZ-XY-line|n12|d72|i4,512,5,0.039342244571432414
v2_spectrum,U1-RZ-XY-line|n12|d72|i4|dir=gaussian|basis=Z|eta=0,U1-RZ-XY-line|n12|d72|i4,512,6,0.0367467663555167
v2_spectrum,U1-RZ-XY-line|n12|d72|i4|dir=gaussian|basis=Z|eta=0,U1-RZ-XY-line|n12|d72|i4,512,7,0.03521210263757361
v2_spectrum,U1-RZ-XY-line|n12|d72|i4|dir=gaussian|basis=Z|eta=0,U1-RZ-XY-line|n12|d72|i4,512,8,0.03288026036582161
v2_spectrum,U1-RZ-XY-line|n12|d72|i4|dir=gaussian|basis=Z|eta=0,U1-RZ-XY-line|n12|d72|i4,512,9,0.03235806386019599
v2_spectrum,U1-RZ-XY-line|n12|d72|i4|dir=gaussian|basis=Z|eta=0,U1-RZ-XY-line|n12|d72|i4,512,10,0.029734420015199464
v2_spectrum,U1-RZ-XY-line|n12|d72|i4|dir=gaussian|basis=Z|eta=0,U1-RZ-XY-line|n12|d72|i4,512,11,0.028667129835233
v2_spectrum,U1-RZ-XY-line|n12|d72|i4|dir=gaussian|basis=Z|eta=0,U1-RZ-XY-line|n12|d72|i4,512,12,0.027032290597025683
v2_spectrum,U1-RZ-XY-line|n12|d72|i4|dir=gaussian|basis=Z|eta=0,U1-RZ-XY-line|n12|d72|i4,512,13,0.026255390550529875
v2_spectrum,U1-RZ-XY-line|n12|d72|i4|dir=gaussian|basis=Z|eta=0,U1-RZ-XY-line|n12|d72|i4,512,14,0.024998180741459524
v2_spectrum,U1-RZ-XY-line|n12|d72|i4|dir=gaussian|basis=Z|eta=0,U1-RZ-XY-line|n12|d72|i4,512,15,0.023912528295972017
v2_spectrum,U1-RZ-XY-line|n12|d72|i4|dir=gaussian|basis=Z|eta=0,U1-RZ-XY-line|n12|d72|i4,512,16,0.02271720153239977
v2_spectrum,U1-RZ-XY-line|n12|d72|i4|dir=gaussian|basis=Z|eta=0,U1-RZ-XY-line|n12|d72|i4,512,17,0.022055141117311283
v2_spectrum,U1-RZ-XY-line|n12|d72|i4|dir=gaussian|basis=Z|eta=0,U1-RZ-XY-line|n12|d72|i4,512,18,0.021221927636262548
v2_spectrum,U1-RZ-XY-line|n12|d72|i4|dir=gaussian|basis=Z|eta=0,U1-RZ-XY-line|n12|d72|i4,512,19,0.01985000374382863
v2_spectrum,U1-RZ-XY-line|n12|d72|i4|dir=gaussian|basis=Z|eta=0,U1-RZ-XY-line|n12|d72|i4,512,20,0.019018528074488523
v2_spectrum,U1-RZ-XY-line|n12|d72|i4|dir=gaussian|basis=Z|eta=0,U1-RZ-XY-line|n12|d72|i4,512,21,0.018511908134629055
v2_spectrum,U1-RZ-XY-line|n12|d72|i4|dir=gaussian|basis=Z|eta=0,U1-RZ-XY-line|n12|d72|i4,512,22,0.01801360578474758
v2_spectrum,U1-RZ-XY-line|n12|d72|i4|dir=gaussian|basis=Z|eta=0,U1-RZ-XY-line|n12|d72|i4,512,23,0.017139125798394824
v2_spectrum,U1-RZ-XY-line|n12|d72|i4|dir=gaussian|basis=Z|eta=0,U1-RZ-XY-line|n12|d72|i4,512,24,0.0162335616304189
v2_spectrum,U1-RZ-XY-line|n12|d72|i4|dir=gaussian|basis=Z|eta=0,U1-RZ-XY-line|n12|d72|i4,512,25,0.015803966363080596
v2_spectrum,U1-RZ-XY-line|n12|d72|i4|dir=gaussian|basis=Z|eta=0,U1-RZ-XY-line|n12|d72|i4,512,26,0.014923605249991761
v2_spectrum,U1-RZ-XY-line|n12|d72|i4|dir=gaussian|basis=Z|eta=0,U1-RZ-XY-line|n12|d72|i4,512,27,0.014044343532500269
v2_spectrum,U1-RZ-XY-line|n12|d72|i4|dir=gaussian|basis=Z|eta=0,U1-RZ-XY-line|n12|d72|i4,512,28,0.013581549731020869
v2_spectrum,U1-RZ-XY-line|n12|d72|i4|dir=gaussian|basis=Z|eta=0,U1-RZ-XY-line|n12|d72|i4,512,29,0.013363194870151116
v2_spectrum,U1-RZ-XY-line|n12|d72|i4|dir=gaussian|basis=Z|eta=0,U1-RZ-XY-line|n12|d72|i4,512,30,0.012328616318123785
v2_spectrum,U1-RZ-XY-line|n12|d72|i4|dir=gaussian|basis=Z|eta=0,U1-RZ-XY-line|n12|d72|i4,512,31,0.012106408713371496
v2_spectrum,U1-RZ-XY-line|n12|d72|i4|dir=gaussian|basis=Z|eta=0,U1-RZ-XY-line|n12|d72|i4,512,32,0.011385107059675627
v2_spectrum,U1-RZ-XY-line|n12|d72|i4|dir=gaussian|basis=Z|eta=0,U1-RZ-XY-line|n12|d72|i4,512,33,0.010933441574051473
v2_spectrum,U1-RZ-XY-line|n12|d72|i4|dir=gaussian|basis=Z|eta=0,U1-RZ-XY-line|n12|d72|i4,512,34,0.010900517515214701
v2_spectrum,U1-RZ-XY-line|n12|d72|i4|dir=gaussian|basis=Z|eta=0,U1-RZ-XY-line|n12|d72|i4,512,35,0.010060649378999992
v2_spectrum,U1-RZ-XY-line|n12|d72|i4|dir=gaussian|basis=Z|eta=0,U1-RZ-XY-line|n12|d72|i4,512,36,0.009933019100906302
v2_spectrum,U1-RZ-XY-line|n12|d72|i4|dir=gaussian|basis=Z|eta=0,U1-RZ-XY-line|n12|d72|i4,512,37,0.009406455289521188
v2_spectrum,U1-RZ-XY-line|n12|d72|i4|dir=gaussian|basis=Z|eta=0,U1-RZ-XY-line|n12|d72|i4,512,38,0.00834749095710611
v2_spectrum,U1-RZ-XY-line|n12|d72|i4|dir=gaussian|basis=Z|eta=0,U1-RZ-XY-line|n12|d72|i4,512,39,0.008190006778067891
v2_spectrum,U1-RZ-XY-line|n12|d72|i4|dir=gaussian|basis=Z|eta=0,U1-RZ-XY-line|n12|d72|i4,512,40,0.007901049148769492
v2_spectrum,U1-RZ-XY-line|n12|d72|i4|dir=gaussian|basis=Z|eta=0,U1-RZ-XY-line|n12|d72|i4,512,41,0.0076486106295984265
v2_spectrum,U1-RZ-XY-line|n12|d72|i4|dir=gaussian|basis=Z|eta=0,U1-RZ-XY-line|n12|d72|i4,512,42,0.007480856601269565
v2_spectrum,U1-RZ-XY-line|n12|d72|i4|dir=gaussian|basis=Z|eta=0,U1-RZ-XY-line|n12|d72|i4,512,43,0.0072686292021598735
v2_spectrum,U1-RZ-XY-line|n12|d72|i4|dir=gaussian|basis=Z|eta=0,U1-RZ-XY-line|n12|d72|i4,512,44,0.006822161864818413
v2_spectrum,U1-RZ-XY-line|n12|d72|i4|dir=gaussian|basis=Z|eta=0,U1-RZ-XY-line|n12|d72|i4,512,45,0.0065412550216762035
v2_spectrum,U1-RZ-XY-line|n12|d72|i4|dir=gaussian|basis=Z|eta=0,U1-RZ-XY-line|n12|d72|i4,512,46,0.005990072998539708
v2_spectrum,U1-RZ-XY-line|n12|d72|i4|dir=gaussian|basis=Z|eta=0,U1-RZ-XY-line|n12|d72|i4,512,47,0.005695086889111014
v2_spectrum,U1-RZ-XY-line|n12|d72|i4|dir=gaussian|basis=Z|eta=0,U1-RZ-XY-line|n12|d72|i4,512,48,0.005493509219589612
v2_spectrum,U1-RZ-XY-line|n12|d72|i4|dir=gaussian|basis=Z|eta=0,U1-RZ-XY-line|n12|d72|i4,512,49,0.005391490075935008
v2_spectrum,U1-RZ-XY-line|n12|d72|i4|dir=gaussian|basis=Z|eta=0,U1-RZ-XY-line|n12|d72|i4,512,50,0.005010666774005146
v2_spectrum,U1-RZ-XY-line|n12|d72|i4|dir=gaussian|basis=Z|eta=0,U1-RZ-XY-line|n12|d72|i4,512,51,0.004691783832537918
v2_spectrum,U1-RZ-XY-line|n12|d72|i4|dir=gaussian|basis=Z|eta=0,U1-RZ-XY-line|n12|d72|i4,512,52,0.004607512371352227
v2_spectrum,U1-RZ-XY-line|n12|d72|i4|dir=gaussian|basis=Z|eta=0,U1-RZ-XY-line|n12|d72|i4,512,53,0.00439644394072442
v2_spectrum,U1-RZ-XY-line|n12|d72|i4|dir=gaussian|basis=Z|eta=0,U1-RZ-XY-line|n12|d72|i4,512,54,0.0038980134659368335
v2_spectrum,U1-RZ-XY-line|n12|d72|i4|dir=gaussian|basis=Z|eta=0,U1-RZ-XY-line|n12|d72|i4,512,55,0.0038433611807115833
v2_spectrum,U1-RZ-XY-line|n12|d72|i4|dir=gaussian|basis=Z|eta=0,U1-RZ-XY-line|n12|d72|i4,512,56,0.0035355068988938885
v2_spectrum,U1-RZ-XY-line|n12|d72|i4|dir=gaussian|basis=Z|eta=0,U1-RZ-XY-line|n12|d72|i4,512,57,0.00339812021181108
v2_spectrum,U1-RZ-XY-line|n12|d72|i4|dir=gaussian|basis=Z|eta=0,U1-RZ-XY-line|n12|d72|i4,512,58,0.0033593749429873835
v2_spectrum,U1-RZ-XY-line|n12|d72|i4|dir=gaussian|basis=Z|eta=0,U1-RZ-XY-line|n12|d72|i4,512,59,0.0028122459691816487
v2_spectrum,U1-RZ-XY-line|n12|d72|i4|dir=gaussian|basis=Z|eta=0,U1-RZ-XY-line|n12|d72|i4,512,60,0.002402979140322005
v2_spectrum,U1-RZ-XY-line|n12|d72|i4|dir=gaussian|basis=Z|eta=0,U1-RZ-XY-line|n12|d72|i4,512,61,0.002063499268006663
