profile,job_id,circuit_id,tangent_count_used,eigen_index,eigenvalue
v2_spectrum,SU2-CNOT-line|n10|d60|i5|dir=gaussian|basis=Z|eta=0,SU2-CNOT-line|n10|d60|i5,512,1,0.010220712122200635
v2_spectrum,SU2-CNOT-line|n10|d60|i5|dir=gaussian|basis=Z|eta=0,SU2-CNOT-line|n10|d60|i5,512,2,0.009174400217342312
v2_spectrum,SU2-CNOT-line|n10|d60|i5|dir=gaussian|basis=Z|eta=0,SU2-CNOT-line|n10|d60|i5,512,3,0.009041505204119739
v2_spectrum,SU2-CNOT-line|n10|d60|i5|dir=gaussian|basis=Z|eta=0,SU2-CNOT-line|n10|d60|i5,512,4,0.008882055655253393
v2_spectrum,SU2-CNOT-line|n10|d60|i5|dir=gaussian|basis=Z|eta=0,SU2-CNOT-line|n10|d60|i5,512,5,0.0087306224623456
v2_spectrum,SU2-CNOT-line|n10|d60|i5|dir=gaussian|basis=Z|eta=0,SU2-CNOT-line|n10|d60|i5,512,6,0.008519684560669073
v2_spectrum,SU2-CNOT-line|n10|d60|i5|dir=gaussian|basis=Z|eta=0,SU2-CNOT-line|n10|d60|i5,512,7,0.008229444379198052
v2_spectrum,SU2-CNOT-line|n10|d60|i5|dir=gaussian|basis=Z|eta=0,SU2-CNOT-line|n10|d60|i5,512,8,0.008151011619667364
v2_spectrum,SU2-CNOT-line|n10|d60|i5|dir=gaussian|basis=Z|eta=0,SU2-CNOT-line|n10|d60|i5,512,9,0.008009165042410726
v2_spectrum,SU2-CNOT-line|n10|d60|i5|dir=gaussian|basis=Z|eta=0,SU2-CNOT-line|n10|d60|i5,512,10,0.007895391317029207
v2_spectrum,SU2-CNOT-line|n10|d60|i5|dir=gaussian|basis=Z|eta=0,SU2-CNOT-line|n10|d60|i5,512,11,0.007768762126503712
v2_spectrum,SU2-CNOT-line|n10|d60|i5|dir=gaussian|basis=Z|eta=0,SU2-CNOT-line|n10|d60|i5,512,12,0.0076212846510265745
v2_spectrum,SU2-CNOT-line|n10|d60|i5|dir=gaussian|basis=Z|eta=0,SU2-CNOT-line|n10|d60|i5,512,13,0.007549995909891456
v2_spectrum,SU2-CNOT-line|n10|d60|i5|dir=gaussian|basis=Z|eta=0,SU2-CNOT-line|n10|d60|i5,512,14,0.007439147216416107
v2_spectrum,SU2-CNOT-line|n10|d60|i5|dir=gaussian|basis=Z|eta=0,SU2-CNOT-line|n10|d60|i5,512,15,0.0073130370909648065
v2_spectrum,SU2-CNOT-line|n10|d60|i5|dir=gaussian|basis=Z|eta=0,SU2-CNOT-line|n10|d60|i5,512,16,0.00725994403478775
v2_spectrum,SU2-CNOT-line|n10|d60|i5|dir=gaussian|basis=Z|eta=0,SU2-CNOT-line|n10|d60|i5,512,17,0.007194954387941333
v2_spectrum,SU2-CNOT-line|n10|d60|i5|dir=gaussian|basis=Z|eta=0,SU2-CNOT-line|n10|d60|i5,512,18,0.0071568990752101285
v2_spectrum,SU2-CNOT-line|n10|d60|i5|dir=gaussian|basis=Z|eta=0,SU2-CNOT-line|n10|d60|i5,512,19,0.007104218428834309
v2_spectrum,SU2-CNOT-line|n10|d60|i5|dir=gaussian|basis=Z|eta=0,SU2-CNOT-line|n10|d60|i5,512,20,0.006867295175124424
v2_spectrum,SU2-CNOT-line|n10|d60|i5|dir=gaussian|basis=Z|eta=0,SU2-CNOT-line|n10|d60|i5,512,21,0.006817731392038241
v2_spectrum,SU2-CNOT-line|n10|d60|i5|dir=gaussian|basis=Z|eta=0,SU2-CNOT-line|n10|d60|i5,512,22,0.0067285569545037106
v2_spectrum,SU2-CNOT-line|n10|d60|i5|dir=gaussian|basis=Z|eta=0,SU2-CNOT-line|n10|d60|i5,512,23,0.006711607538761117
v2_spectrum,SU2-CNOT-line|n10|d60|i5|dir=gaussian|basis=Z|eta=0,SU2-CNOT-line|n10|d60|i5,512,24,0.006641012299085885
v2_spectrum,SU2-CNOT-line|n10|d60|i5|dir=gaussian|basis=Z|eta=0,SU2-CNOT-line|n10|d60|i5,512,25,0.006572692831863893
v2_spectrum,SU2-CNOT-line|n10|d60|i5|dir=gaussian|basis=Z|eta=0,SU2-CNOT-line|n10|d60|i5,512,26,0.006467272927503841
v2_spectrum,SU2-CNOT-line|n10|d60|i5|dir=gaussian|basis=Z|eta=0,SU2-CNOT-line|n10|d60|i5,512,27,0.0064551742218860245
v2_spectrum,SU2-CNOT-line|n10|d60|i5|dir=gaussian|basis=Z|eta=0,SU2-CNOT-line|n10|d60|i5,512,28,0.006337730532521881
v2_spectrum,SU2-CNOT-line|n10|d60|i5|dir=gaussian|basis=Z|eta=0,SU2-CNOT-line|n10|d60|i5,512,29,0.006287290409995222
v2_spectrum,SU2-CNOT-line|n10|d60|i5|dir=gaussian|basis=Z|eta=0,SU2-CNOT-line|n10|d60|i5,512,30,0.006203737286726314
v2_spectrum,SU2-CNOT-line|n10|d60|i5|dir=gaussian|basis=Z|eta=0,SU2-CNOT-line|n10|d60|i5,512,31,0.006135147371751426
v2_spectrum,SU2-CNOT-line|n10|d60|i5|dir=gaussian|basis=Z|eta=0,SU2-CNOT-line|n10|d60|i5,512,32,0.006106197490994391
v2_spectrum,SU2-CNOT-line|n10|d60|i5|dir=gaussian|basis=Z|eta=0,SU2-CNOT-line|n10|d60|i5,512,33,0.006058734565513394
v2_spectrum,SU2-CNOT-line|n10|d60|i5|dir=gaussian|basis=Z|eta=0,SU2-CNOT-line|n10|d60|i5,512,34,0.0059662276544750195
v2_spectrum,SU2-CNOT-line|n10|d60|i5|dir=gaussian|basis=Z|eta=0,SU2-CNOT-line|n10|d60|i5,512,35,0.005897546632527537
v2_spectrum,SU2-CNOT-line|n10|d60|i5|dir=gaussian|basis=Z|eta=0,SU2-CNOT-line|n10|d60|i5,512,36,0.005862407375104046
v2_spectrum,SU2-CNOT-line|n10|d60|i5|dir=gaussian|basis=Z|eta=0,SU2-CNOT-line|n10|d60|i5,512,37,0.0057773197349633145
v2_spectrum,SU2-CNOT-line|n10|d60|i5|dir=gaussian|basis=Z|eta=0,SU2-CNOT-line|n10|d60|i5,512,38,0.005721604755555736
v2_spectrum,SU2-CNOT-line|n10|d60|i5|dir=gaussian|basis=Z|eta=0,SU2-CNOT-line|n10|d60|i5,512,39,0.005690656605104676
v2_spectrum,SU2-CNOT-line|n10|d60|i5|dir=gaussian|basis=Z|eta=0,SU2-CNOT-line|n10|d60|i5,512,40,0.0056482695639708275
v2_spectrum,SU2-CNOT-line|n10|d60|i5|dir=gaussian|basis=Z|eta=0,SU2-CNOT-line|n10|d60|i5,512,41,0.005569274569893046
v2_spectrum,SU2-CNOT-line|n10|d60|i5|dir=gaussian|basis=Z|eta=0,SU2-CNOT-line|n10|d60|i5,512,42,0.0055537786172262715
v2_spectrum,SU2-CNOT-line|n10|d60|i5|dir=gaussian|basis=Z|eta=0,SU2-CNOT-line|n10|d60|i5,512,43,0.005466619585613986
v2_spectrum,SU2-CNOT-line|n10|d60|i5|dir=gaussian|basis=Z|eta=0,SU2-CNOT-line|n10|d60|i5,512,44,0.0054259098215341
v2_spectrum,SU2-CNOT-line|n10|d60|i5|dir=gaussian|basis=Z|eta=0,SU2-CNOT-line|n10|d60|i5,512,45,0.005360644901533318
v2_spectrum,SU2-CNOT-line|n10|d60|i5|dir=gaussian|basis=Z|eta=0,SU2-CNOT-line|n10|d60|i5,512,46,0.005266737536264026
v2_spectrum,SU2-CNOT-line|n10|d60|i5|dir=gaussian|basis=Z|eta=0,SU2-CNOT-line|n10|d60|i5,512,47,0.005260276507477431
v2_spectrum,SU2-CNOT-line|n10|d60|i5|dir=gaussian|basis=Z|eta=0,SU2-CNOT-line|n10|d60|i5,512,48,0.0052128713991889345
v2_spectrum,SU2-CNOT-line|n10|d60|i5|dir=gaussian|basis=Z|eta=0,SU2-CNOT-line|n10|d60|i5,512,49,0.005170379656920474
v2_spectrum,SU2-CNOT-line|n10|d60|i5|dir=gaussian|basis=Z|eta=0,SU2-CNOT-line|n10|d60|i5,512,50,0.005138495895183109
v2_spectrum,SU2-CNOT-line|n10|d60|i5|dir=gaussian|basis=Z|eta=0,SU2-CNOT-line|n10|d60|i5,512,51,0.005082595949514959
v2_spectrum,SU2-CNOT-line|n10|d60|i5|dir=gaussian|basis=Z|eta=0,SU2-CNOT-line|n10|d60|i5,512,52,0.005023001371499428
v2_spectrum,SU2-CNOT-line|n10|d60|i5|dir=gaussian|basis=Z|eta=0,SU2-CNOT-line|n10|d60|i5,512,53,0.005000213936652893
v2_spectrum,SU2-CNOT-line|n10|d60|i5|dir=gaussian|basis=Z|eta=0,SU2-CNOT-line|n10|d60|i5,512,54,0.004965985681789275
v2_spectrum,SU2-CNOT-line|n10|d60|i5|dir=gaussian|basis=Z|eta=0,SU2-CNOT-line|n10|d60|i5,512,55,0.004938238020883147
v2_spectrum,SU2-CNOT-line|n10|d60|i5|dir=gaussian|basis=Z|eta=0,SU2-CNOT-line|n10|d60|i5,512,56,0.004891401481788836
v2_spectrum,SU2-CNOT-line|n10|d60|i5|dir=gaussian|basis=Z|eta=0,SU2-CNOT-line|n10|d60|i5,512,57,0.0048486909834367905
v2_spectrum,SU2-CNOT-line|n10|d60|i5|dir=gaussian|basis=Z|eta=0,SU2-CNOT-line|n10|d60|i5,512,58,0.004801169353982412
v2_spectrum,SU2-CNOT-line|n10|d60|i5|dir=gaussian|basis=Z|eta=0,SU2-CNOT-line|n10|d60|i5,512,59,0.004734391680187625
v2_spectrum,SU2-CNOT-line|n10|d60|i5|dir=gaussian|basis=Z|eta=0,SU2-CNOT-line|n10|d60|i5,512,60,0.004706793896316387
v2_spectrum,SU2-CNOT-line|n10|d60|i5|dir=gaussian|basis=Z|eta=0,SU2-CNOT-line|n10|d60|i5,512,61,0.004686768212743949
v2_spectrum,SU2-CNOT-line|n10|d60|i5|dir=gaussian|basis=Z|eta=0,SU2-CNOT-line|n10|d60|i5,512,62,0.00462503102774688
v2_spectrum,SU2-CNOT-line|n10|d60|i5|dir=gaussian|basis=Z|eta=0,SU2-CNOT-line|n10|d60|i5,512,63,0.0045900851920099685
v2_spectrum,SU2-CNOT-line|n10|d60|i5|dir=gaussian|basis=Z|eta=0,SU2-CNOT-line|n10|d60|i5,512,64,0.004562969955854036
v2_spectrum,SU2-CNOT-line|n10|d60|i5|dir=gaussian|basis=Z|eta=0,SU2-CNOT-line|n10|d60|i5,512,65,0.00453190478995011
v2_spectrum,SU2-CNOT-line|n10|d60|i5|dir=gaussian|basis=Z|eta=0,SU2-CNOT-line|n10|d60|i5,512,66,0.004480896880228636
v2_spectrum,SU2-CNOT-line|n10|d60|i5|dir=gaussian|basis=Z|eta=0,SU2-CNOT-line|n10|d60|i5,512,67,0.004458990811305816
v2_spectrum,SU2-CNOT-line|n10|d60|i5|dir=gaussian|basis=Z|eta=0,SU2-CNOT-line|n10|d60|i5,512,68,0.004403841255968039
v2_spectrum,SU2-CNOT-line|n10|d60|i5|dir=gaussian|basis=Z|eta=0,SU2-CNOT-line|n10|d60|i5,512,69,0.00439926293897929
v2_spectrum,SU2-CNOT-line|n10|d60|i5|dir=gaussian|basis=Z|eta=0,SU2-CNOT-line|n10|d60|i5,512,70,0.004370878580309042
v2_spectrum,SU2-CNOT-line|n10|d60|i5|dir=gaussian|basis=Z|eta=0,SU2-CNOT-line|n10|d60|i5,512,71,0.0043570385971060995
v2_spectrum,SU2-CNOT-line|n10|d60|i5|dir=gaussian|basis=Z|eta=0,SU2-CNOT-line|n10|d60|i5,512,72,0.004334247231040846
v2_spectrum,SU2-CNOT-line|n10|d60|i5|dir=gaussian|basis=Z|eta=0,SU2-CNOT-line|n10|d60|i5,512,73,0.0042309968386871405
v2_spectrum,SU2-CNOT-line|n10|d60|i5|dir=gaussian|basis=Z|eta=0,SU2-CNOT-line|n10|d60|i5,512,74,0.004210585229237815
v2_spectrum,SU2-CNOT-line|n10|d60|i5|dir=gaussian|basis=Z|eta=0,SU2-CNOT-line|n10|d60|i5,512,75,0.004187413354966056
v2_spectrum,SU2-CNOT-line|n10|d60|i5|dir=gaussian|basis=Z|eta=0,SU2-CNOT-line|n10|d60|i5,512,76,0.00415572776969244
v2_spectrum,SU2-CNOT-line|n10|d60|i5|dir=gaussian|basis=Z|eta=0,SU2-CNOT-line|n10|d60|i5,512,77,0.004124346234063069
v2_spectrum,SU2-CNOT-line|n10|d60|i5|dir=gaussian|basis=Z|eta=0,SU2-CNOT-line|n10|d60|i5,512,78,0.004067084621452053
v2_spectrum,SU2-CNOT-line|n10|d60|i5|dir=gaussian|basis=Z|eta=0,SU2-CNOT-line|n10|d60|i5,512,79,0.004053594192063549
v2_spectrum,SU2-CNOT-line|n10|d60|i5|dir=gaussian|basis=Z|eta=0,SU2-CNOT-line|n10|d60|i5,512,80,0.004038612611275199
v2_spectrum,SU2-CNOT-line|n10|d60|i5|dir=gaussian|basis=Z|eta=0,SU2-CNOT-line|n10|d60|i5,512,81,0.004016204200448902
v2_spectrum,SU2-CNOT-line|n10|d60|i5|dir=gaussian|basis=Z|eta=0,SU2-CNOT-line|n10|d60|i5,512,82,0.00400392069527294
v2_spectrum,SU2-CNOT-line|n10|d60|i5|dir=gaussian|basis=Z|eta=0,SU2-CNOT-line|n10|d60|i5,512,83,0.003945752819422604
v2_spectrum,SU2-CNOT-line|n10|d60|i5|dir=gaussian|basis=Z|eta=0,SU2-CNOT-line|n10|d60|i5,512,84,0.0039228688296992975
v2_spectrum,SU2-CNOT-line|n10|d60|i5|dir=gaussian|basis=Z|eta=0,SU2-CNOT-line|n10|d60|i5,512,85,0.0038820044320636102
v2_spectrum,SU2-CNOT-line|n10|d60|i5|dir=gaussian|basis=Z|eta=0,SU2-CNOT-line|n10|d60|i5,512,86,0.0038566327716029417
v2_spectrum,SU2-CNOT-line|n10|d60|i5|dir=gaussian|basis=Z|eta=0,SU2-CNOT-line|n10|d60|i5,512,87,0.00384918676077907
v2_spectrum,SU2-CNOT-line|n10|d60|i5|dir=gaussian|basis=Z|eta=0,SU2-CNOT-line|n10|d60|i5,512,88,0.003810021437926943
v2_spectrum,SU2-CNOT-line|n10|d60|i5|dir=gaussian|basis=Z|eta=0,SU2-CNOT-line|n10|d60|i5,512,89,0.003748575189254439
v2_spectrum,SU2-CNOT-line|n10|d60|i5|dir=gaussian|basis=Z|eta=0,SU2-CNOT-line|n10|d60|i5,512,90,0.0037288080351878727
v2_spectrum,SU2-CNOT-line|n10|d60|i5|dir=gaussian|basis=Z|eta=0,SU2-CNOT-line|n10|d60|i5,512,91,0.0036826502024231975
v2_spectrum,SU2-CNOT-line|n10|d60|i5|dir=gaussian|basis=Z|eta=0,SU2-CNOT-line|n10|d60|i5,512,92,0.0036696532349656807
v2_spectrum,SU2-CNOT-line|n10|d60|i5|dir=gaussian|basis=Z|eta=0,SU2-CNOT-line|n10|d60|i5,512,93,0.003659033607333431
v2_spectrum,SU2-CNOT-line|n10|d60|i5|dir=gaussian|basis=Z|eta=0,SU2-CNOT-line|n10|d60|i5,512,94,0.0036374810639279455
v2_spectrum,SU2-CNOT-line|n10|d60|i5|dir=gaussian|basis=Z|eta=0,SU2-CNOT-line|n10|d60|i5,512,95,0.0036171160579882423
v2_spectrum,SU2-CNOT-line|n10|d60|i5|dir=gaussian|basis=Z|eta=0,SU2-CNOT-line|n10|d60|i5,512,96,0.0035697585698414485
v2_spectrum,SU2-CNOT-line|n10|d60|i5|dir=gaussian|basis=Z|eta=0,SU2-CNOT-line|n10|d60|i5,512,97,0.003563744046154848
v2_spectrum,SU2-CNOT-line|n10|d60|i5|dir=gaussian|basis=Z|eta=0,SU2-CNOT-line|n10|d60|i5,512,98,0.003530099048660363
v2_spectrum,SU2-CNOT-line|n10|d60|i5|dir=gaussian|basis=Z|eta=0,SU2-CNOT-line|n10|d60|i5,512,99,0.003517916313750936
v2_spectrum,SU2-CNOT-line|n10|d60|i5|dir=gaussian|basis=Z|eta=0,SU2-CNOT-line|n10|d60|i5,512,100,0.003482618510801124
v2_spectrum,SU2-CNOT-line|n10|d60|i5|dir=gaussian|basis=Z|eta=0,SU2-CNOT-line|n10|d60|i5,512,101,0.003453679613106324
v2_spectrum,SU2-CNOT-line|n10|d60|i5|dir=gaussian|basis=Z|eta=0,SU2-CNOT-line|n10|d60|i5,512,102,0.0034453282376401186
v2_spectrum,SU2-CNOT-line|n10|d60|i5|dir=gaussian|basis=Z|eta=0,SU2-CNOT-line|n10|d60|i5,512,103,0.003417804340868616
v2_spectrum,SU2-CNOT-line|n10|d60|i5|dir=gaussian|basis=Z|eta=0,SU2-CNOT-line|n10|d60|i5,512,104,0.003401036535588119
v2_spectrum,SU2-CNOT-line|n10|d60|i5|dir=gaussian|basis=Z|eta=0,SU2-CNOT-line|n10|d60|i5,512,105,0.003376841784940295
v2_spectrum,SU2-CNOT-line|n10|d60|i5|dir=gaussian|basis=Z|eta=0,SU2-CNOT-line|n10|d60|i5,512,106,0.0033425522379748195
v2_spectrum,SU2-CNOT-line|n10|d60|i5|dir=gaussian|basis=Z|eta=0,SU2-CNOT-line|n10|d60|i5,512,107,0.00331339041915749
v2_spectrum,SU2-CNOT-line|n10|d60|i5|dir=gaussian|basis=Z|eta=0,SU2-CNOT-line|n10|d60|i5,512,108,0.0032649608141322416
v2_spectrum,SU2-CNOT-line|n10|d60|i5|dir=gaussian|basis=Z|eta=0,SU2-CNOT-line|n10|d60|i5,512,109,0.0032542721444455878
v2_spectrum,SU2-CNOT-line|n10|d60|i5|dir=gaussian|basis=Z|eta=0,SU2-CNOT-line|n10|d60|i5,512,110,0.0032324127628182825
v2_spectrum,SU2-CNOT-line|n10|d60|i5|dir=gaussian|basis=Z|eta=0,SU2-CNOT-line|n10|d60|i5,512,111,0.0031979908047011416
v2_spectrum,SU2-CNOT-line|n10|d60|i5|dir=gaussian|basis=Z|eta=0,SU2-CNOT-line|n10|d60|i5,512,112,0.0031713873654674787
v2_spectrum,SU2-CNOT-line|n10|d60|i5|dir=gaussian|basis=Z|eta=0,SU2-CNOT-line|n10|d60|i5,512,113,0.00313859169091892
v2_spectrum,SU2-CNOT-line|n10|d60|i5|dir=gaussian|basis=Z|eta=0,SU2-CNOT-line|n10|d60|i5,512,114,0.0031247003910072394
v2_spectrum,SU2-CNOT-line|n10|d60|i5|dir=gaussian|basis=Z|eta=0,SU2-CNOT-line|n10|d60|i5,512,115,0.0031011490565831267
v2_spectrum,SU2-CNOT-line|n10|d60|i5|dir=gaussian|basis=Z|eta=0,SU2-CNOT-line|n10|d60|i5,512,116,0.0030966878819016774
v2_spectrum,SU2-CNOT-line|n10|d60|i5|dir=gaussian|basis=Z|eta=0,SU2-CNOT-line|n10|d60|i5,512,117,0.0030676635090999675
v2_spectrum,SU2-CNOT-line|n10|d60|i5|dir=gaussian|basis=Z|eta=0,SU2-CNOT-line|n10|d60|i5,512,118,0.0030453551803308844
v2_spectrum,SU2-CNOT-line|n10|d60|i5|dir=gaussian|basis=Z|eta=0,SU2-CNOT-line|n10|d60|i5,512,119,0.0030231304831396114
v2_spectrum,SU2-CNOT-line|n10|d60|i5|dir=gaussian|basis=Z|eta=0,SU2-CNOT-line|n10|d60|i5,512,120,0.003007628049844215
v2_spectrum,SU2-CNOT-line|n10|d60|i5|dir=gaussian|basis=Z|eta=0,SU2-CNOT-line|n10|d60|i5,512,121,0.0030020922130993984
v2_spectrum,SU2-CNOT-line|n10|d60|i5|dir=gaussian|basis=Z|eta=0,SU2-CNOT-line|n10|d60|i5,512,122,0.0029654426252948476
v2_spectrum,SU2-CNOT-line|n10|d60|i5|dir=gaussian|basis=Z|eta=0,SU2-CNOT-line|n10|d60|i5,512,123,0.0029453934791238354
v2_spectrum,SU2-CNOT-line|n10|d60|i5|dir=gaussian|basis=Z|eta=0,SU2-CNOT-line|n10|d60|i5,512,124,0.002940968709015732
v2_spectrum,SU2-CNOT-line|n10|d60|i5|dir=gaussian|basis=Z|eta=0,SU2-CNOT-line|n10|d60|i5,512,125,0.002923055093121918
v2_spectrum,SU2-CNOT-line|n10|d60|i5|dir=gaussian|basis=Z|eta=0,SU2-CNOT-line|n10|d60|i5,512,126,0.0029027879311926633
v2_spectrum,SU2-CNOT-line|n10|d60|i5|dir=gaussian|basis=Z|eta=0,SU2-CNOT-line|n10|d60|i5,512,127,0.0028722262810204936
v2_spectrum,SU2-CNOT-line|n10|d60|i5|dir=gaussian|basis=Z|eta=0,SU2-CNOT-line|n10|d60|i5,512,128,0.0028409414350535336
v2_spectrum,SU2-CNOT-line|n10|d60|i5|dir=gaussian|basis=Z|eta=0,SU2-CNOT-line|n10|d60|i5,512,129,0.0028244721423863924
v2_spectrum,SU2-CNOT-line|n10|d60|i5|dir=gaussian|basis=Z|eta=0,SU2-CNOT-line|n10|d60|i5,512,130,0.0028123257754342074
v2_spectrum,SU2-CNOT-line|n10|d60|i5|dir=gaussian|basis=Z|eta=0,SU2-CNOT-line|n10|d60|i5,512,131,0.002794415780352168
v2_spectrum,SU2-CNOT-line|n10|d60|i5|dir=gaussian|basis=Z|eta=0,SU2-CNOT-line|n10|d60|i5,512,132,0.0027876749939063634
v2_spectrum,SU2-CNOT-line|n10|d60|i5|dir=gaussian|basis=Z|eta=0,SU2-CNOT-line|n10|d60|i5,512,133,0.0027526157647917507
v2_spectrum,SU2-CNOT-line|n10|d60|i5|dir=gaussian|basis=Z|eta=0,SU2-CNOT-line|n10|d60|i5,512,134,0.0027266768783289663
v2_spectrum,SU2-CNOT-line|n10|d60|i5|dir=gaussian|basis=Z|eta=0,SU2-CNOT-line|n10|d60|i5,512,135,0.0027097987849880514
v2_spectrum,SU2-CNOT-line|n10|d60|i5|dir=gaussian|basis=Z|eta=0,SU2-CNOT-line|n10|d60|i5,512,136,0.002678905681862178
v2_spectrum,SU2-CNOT-line|n10|d60|i5|dir=gaussian|basis=Z|eta=0,SU2-CNOT-line|n10|d60|i5,512,137,0.0026749024027855222
v2_spectrum,SU2-CNOT-line|n10|d60|i5|dir=gaussian|basis=Z|eta=0,SU2-CNOT-line|n10|d60|i5,512,138,0.0026371830114660026
v2_spectrum,SU2-CNOT-line|n10|d60|i5|dir=gaussian|basis=Z|eta=0,SU2-CNOT-line|n10|d60|i5,512,139,0.002627650814006384
v2_spectrum,SU2-CNOT-line|n10|d60|i5|dir=gaussian|basis=Z|eta=0,SU2-CNOT-line|n10|d60|i5,512,140,0.0026038590253770894
v2_spectrum,SU2-CNOT-line|n10|d60|i5|dir=gaussian|basis=Z|eta=0,SU2-CNOT-line|n10|d60|i5,512,141,0.0025949832629437375
v2_spectrum,SU2-CNOT-line|n10|d60|i5|dir=gaussian|basis=Z|eta=0,SU2-CNOT-line|n10|d60|i5,512,142,0.002566285981663019
v2_spectrum,SU2-CNOT-line|n10|d60|i5|dir=gaussian|basis=Z|eta=0,SU2-CNOT-line|n10|d60|i5,512,143,0.0025576440199006198
v2_spectrum,SU2-CNOT-line|n10|d60|i5|dir=gaussian|basis=Z|eta=0,SU2-CNOT-line|n10|d60|i5,512,144,0.0025346794070950796
v2_spectrum,SU2-CNOT-line|n10|d60|i5|dir=gaussian|basis=Z|eta=0,SU2-CNOT-line|n10|d60|i5,512,145,0.0025273475709330236
v2_spectrum,SU2-CNOT-line|n10|d60|i5|dir=gaussian|basis=Z|eta=0,SU2-CNOT-line|n10|d60|i5,512,146,0.0024974338188519063
v2_spectrum,SU2-CNOT-line|n10|d60|i5|dir=gaussian|basis=Z|eta=0,SU2-CNOT-line|n10|d60|i5,512,147,0.0024794622881162583
v2_spectrum,SU2-CNOT-line|n10|d60|i5|dir=gaussian|basis=Z|eta=0,SU2-CNOT-line|n10|d60|i5,512,148,0.002470341467389345
v2_spectrum,SU2-CNOT-line|n10|d60|i5|dir=gaussian|basis=Z|eta=0,SU2-CNOT-line|n10|d60|i5,512,149,0.0024517894873434904
v2_spectrum,SU2-CNOT-line|n10|d60|i5|dir=gaussian|basis=Z|eta=0,SU2-CNOT-line|n10|d60|i5,512,150,0.002440174288308681
v2_spectrum,SU2-CNOT-line|n10|d60|i5|dir=gaussian|basis=Z|eta=0,SU2-CNOT-line|n10|d60|i5,512,151,0.002417813631819465
v2_spectrum,SU2-CNOT-line|n10|d60|i5|dir=gaussian|basis=Z|eta=0,SU2-CNOT-line|n10|d60|i5,512,152,0.002404493597541605
v2_spectrum,SU2-CNOT-line|n10|d60|i5|dir=gaussian|basis=Z|eta=0,SU2-CNOT-line|n10|d60|i5,512,153,0.002379932124194528
v2_spectrum,SU2-CNOT-line|n10|d60|i5|dir=gaussian|basis=Z|eta=0,SU2-CNOT-line|n10|d60|i5,512,154,0.0023650610022587244
v2_spectrum,SU2-CNOT-line|n10|d60|i5|dir=gaussian|basis=Z|eta=0,SU2-CNOT-line|n10|d60|i5,512,155,0.0023457885246997872
v2_spectrum,SU2-CNOT-line|n10|d60|i5|dir=gaussian|basis=Z|eta=0,SU2-CNOT-line|n10|d60|i5,512,156,0.002325648554531558
v2_spectrum,SU2-CNOT-line|n10|d60|i5|dir=gaussian|basis=Z|eta=0,SU2-CNOT-line|n10|d60|i5,512,157,0.0023130184282971755
v2_spectrum,SU2-CNOT-line|n10|d60|i5|dir=gaussian|basis=Z|eta=0,SU2-CNOT-line|n10|d60|i5,512,158,0.002301456398216934
v2_spectrum,SU2-CNOT-line|n10|d60|i5|dir=gaussian|basis=Z|eta=0,SU2-CNOT-line|n10|d60|i5,512,159,0.002289086668610728
v2_spectrum,SU2-CNOT-line|n10|d60|i5|dir=gaussian|basis=Z|eta=0,SU2-CNOT-line|n10|d60|i5,512,160,0.002286214165344702
v2_spectrum,SU2-CNOT-line|n10|d60|i5|dir=gaussian|basis=Z|eta=0,SU2-CNOT-line|n10|d60|i5,512,161,0.0022663485222845603
v2_spectrum,SU2-CNOT-line|n10|d60|i5|dir=gaussian|basis=Z|eta=0,SU2-CNOT-line|n10|d60|i5,512,162,0.002257440641771296
v2_spectrum,SU2-CNOT-line|n10|d60|i5|dir=gaussian|basis=Z|eta=0,SU2-CNOT-line|n10|d60|i5,512,163,0.002241672791904726
v2_spectrum,SU2-CNOT-line|n10|d60|i5|dir=gaussian|basis=Z|eta=0,SU2-CNOT-line|n10|d60|i5,512,164,0.0022349516428869878
v2_spectrum,SU2-CNOT-line|n10|d60|i5|dir=gaussian|basis=Z|eta=0,SU2-CNOT-line|n10|d60|i5,512,165,0.0022161611641662673
v2_spectrum,SU2-CNOT-line|n10|d60|i5|dir=gaussian|basis=Z|eta=0,SU2-CNOT-line|n10|d60|i5,512,166,0.0021941525090079907
v2_spectrum,SU2-CNOT-line|n10|d60|i5|dir=gaussian|basis=Z|eta=0,SU2-CNOT-line|n10|d60|i5,512,167,0.002170218071098709
v2_spectrum,SU2-CNOT-line|n10|d60|i5|dir=gaussian|basis=Z|eta=0,SU2-CNOT-line|n10|d60|i5,512,168,0.00216814454704342
v2_spectrum,SU2-CNOT-line|n10|d60|i5|dir=gaussian|basis=Z|eta=0,SU2-CNOT-line|n10|d60|i5,512,169,0.0021437670245691466
v2_spectrum,SU2-CNOT-line|n10|d60|i5|dir=gaussian|basis=Z|eta=0,SU2-CNOT-line|n10|d60|i5,512,170,0.0021162104740644182
v2_spectrum,SU2-CNOT-line|n10|d60|i5|dir=gaussian|basis=Z|eta=0,SU2-CNOT-line|n10|d60|i5,512,171,0.0021063049012714306
v2_spectrum,SU2-CNOT-line|n10|d60|i5|dir=gaussian|basis=Z|eta=0,SU2-CNOT-line|n10|d60|i5,512,172,0.0020949387941068044
v2_spectrum,SU2-CNOT-line|n10|d60|i5|dir=gaussian|basis=Z|eta=0,SU2-CNOT-line|n10|d60|i5,512,173,0.002085796777596601
v2_spectrum,SU2-CNOT-line|n10|d60|i5|dir=gaussian|basis=Z|eta=0,SU2-CNOT-line|n10|d60|i5,512,174,0.0020670031002213
v2_spectrum,SU2-CNOT-line|n10|d60|i5|dir=gaussian|basis=Z|eta=0,SU2-CNOT-line|n10|d60|i5,512,175,0.002050491450052714
v2_spectrum,SU2-CNOT-line|n10|d60|i5|dir=gaussian|basis=Z|eta=0,SU2-CNOT-line|n10|d60|i5,512,176,0.0020370222870994235
v2_spectrum,SU2-CNOT-line|n10|d60|i5|dir=gaussian|basis=Z|eta=0,SU2-CNOT-line|n10|d60|i5,512,177,0.00203314588535587
v2_spectrum,SU2-CNOT-line|n10|d60|i5|dir=gaussian|basis=Z|eta=0,SU2-CNOT-line|n10|d60|i5,512,178,0.002009045003132441
v2_spectrum,SU2-CNOT-line|n10|d60|i5|dir=gaussian|basis=Z|eta=0,SU2-CNOT-line|n10|d60|i5,512,179,0.0019957632090142415
v2_spectrum,SU2-CNOT-line|n10|d60|i5|dir=gaussian|basis=Z|eta=0,SU2-CNOT-line|n10|d60|i5,512,180,0.0019900110846058556
v2_spectrum,SU2-CNOT-line|n10|d60|i5|dir=gaussian|basis=Z|eta=0,SU2-CNOT-line|n10|d60|i5,512,181,0.001982130672355854
v2_spectrum,SU2-CNOT-line|n10|d60|i5|dir=gaussian|basis=Z|eta=0,SU2-CNOT-line|n10|d60|i5,512,182,0.0019666265405223608
v2_spectrum,SU2-CNOT-line|n10|d60|i5|dir=gaussian|basis=Z|eta=0,SU2-CNOT-line|n10|d60|i5,512,183,0.0019351521572254552
v2_spectrum,SU2-CNOT-line|n10|d60|i5|dir=gaussian|basis=Z|eta=0,SU2-CNOT-line|n10|d60|i5,512,184,0.0019212011194263193
v2_spectrum,SU2-CNOT-line|n10|d60|i5|dir=gaussian|basis=Z|eta=0,SU2-CNOT-line|n10|d60|i5,512,185,0.0019057027795860455
v2_spectrum,SU2-CNOT-line|n10|d60|i5|dir=gaussian|basis=Z|eta=0,SU2-CNOT-line|n10|d60|i5,512,186,0.0018899935289637482
v2_spectrum,SU2-CNOT-line|n10|d60|i5|dir=gaussian|basis=Z|eta=0,SU2-CNOT-line|n10|d60|i5,512,187,0.0018737056829613325
v2_spectrum,SU2-CNOT-line|n10|d60|i5|dir=gaussian|basis=Z|eta=0,SU2-CNOT-line|n10|d60|i5,512,188,0.0018702998101859981
v2_spectrum,SU2-CNOT-line|n10|d60|i5|dir=gaussian|basis=Z|eta=0,SU2-CNOT-line|n10|d60|i5,512,189,0.0018504454993776155
v2_spectrum,SU2-CNOT-line|n10|d60|i5|dir=gaussian|basis=Z|eta=0,SU2-CNOT-line|n10|d60|i5,512,190,0.0018236206735246048
v2_spectrum,SU2-CNOT-line|n10|d60|i5|dir=gaussian|basis=Z|eta=0,SU2-CNOT-line|n10|d60|i5,512,191,0.0018156179274021664
v2_spectrum,SU2-CNOT-line|n10|d60|i5|dir=gaussian|basis=Z|eta=0,SU2-CNOT-line|n10|d60|i5,512,192,0.001805860845696368
v2_spectrum,SU2-CNOT-line|n10|d60|i5|dir=gaussian|basis=Z|eta=0,SU2-CNOT-line|n10|d60|i5,512,193,0.001800266301368542
v2_spectrum,SU2-CNOT-line|n10|d60|i5|dir=gaussian|basis=Z|eta=0,SU2-CNOT-line|n10|d60|i5,512,194,0.0017915623861763288
v2_spectrum,SU2-CNOT-line|n10|d60|i5|dir=gaussian|basis=Z|eta=0,SU2-CNOT-line|n10|d60|i5,512,195,0.001780852453873721
v2_spectrum,SU2-CNOT-line|n10|d60|i5|dir=gaussian|basis=Z|eta=0,SU2-CNOT-line|n10|d60|i5,512,196,0.0017592332100517
v2_spectrum,SU2-CNOT-line|n10|d60|i5|dir=gaussian|basis=Z|eta=0,SU2-CNOT-line|n10|d60|i5,512,197,0.001751219087948291
v2_spectrum,SU2-CNOT-line|n10|d60|i5|dir=gaussian|basis=Z|eta=0,SU2-CNOT-line|n10|d60|i5,512,198,0.0017447555806348366
v2_spectrum,SU2-CNOT-line|n10|d60|i5|dir=gaussian|basis=Z|eta=0,SU2-CNOT-line|n10|d60|i5,512,199,0.00173784709834758
v2_spectrum,SU2-CNOT-line|n10|d60|i5|dir=gaussian|basis=Z|eta=0,SU2-CNOT-line|n10|d60|i5,512,200,0.0017243073237482073
v2_spectrum,SU2-CNOT-line|n10|d60|i5|dir=gaussian|basis=Z|eta=0,SU2-CNOT-line|n10|d60|i5,512,201,0.0017143151596745172
v2_spectrum,SU2-CNOT-line|n10|d60|i5|dir=gaussian|basis=Z|eta=0,SU2-CNOT-line|n10|d60|i5,512,202,0.0017010421625815223
v2_spectrum,SU2-CNOT-line|n10|d60|i5|dir=gaussian|basis=Z|eta=0,SU2-CNOT-line|n10|d60|i5,512,203,0.0016915860329853592
v2_spectrum,SU2-CNOT-line|n10|d60|i5|dir=gaussian|basis=Z|eta=0,SU2-CNOT-line|n10|d60|i5,512,204,0.0016738164930519776
v2_spectrum,SU2-CNOT-line|n10|d60|i5|dir=gaussian|basis=Z|eta=0,SU2-CNOT-line|n10|d60|i5,512,205,0.00166544028740348
v2_spectrum,SU2-CNOT-line|n10|d60|i5|dir=gaussian|basis=Z|eta=0,SU2-CNOT-line|n10|d60|i5,512,206,0.0016538493339732013
v2_spectrum,SU2-CNOT-line|n10|d60|i5|dir=gaussian|basis=Z|eta=0,SU2-CNOT-line|n10|d60|i5,512,207,0.0016514536567572623
v2_spectrum,SU2-CNOT-line|n10|d60|i5|dir=gaussian|basis=Z|eta=0,SU2-CNOT-line|n10|d60|i5,512,208,0.0016397178923050963
v2_spectrum,SU2-CNOT-line|n10|d60|i5|dir=gaussian|basis=Z|eta=0,SU2-CNOT-line|n10|d60|i5,512,209,0.0016193528161030691
v2_spectrum,SU2-CNOT-line|n10|d60|i5|dir=gaussian|basis=Z|eta=0,SU2-CNOT-line|n10|d60|i5,512,210,0.001600325513136053
v2_spectrum,SU2-CNOT-line|n10|d60|i5|dir=gaussian|basis=Z|eta=0,SU2-CNOT-line|n10|d60|i5,512,211,0.0015952767100535952
v2_spectrum,SU2-CNOT-line|n10|d60|i5|dir=gaussian|basis=Z|eta=0,SU2-CNOT-line|n10|d60|i5,512,212,0.001579756192991428
v2_spectrum,SU2-CNOT-line|n10|d60|i5|dir=gaussian|basis=Z|eta=0,SU2-CNOT-line|n10|d60|i5,512,213,0.0015702198044865116
v2_spectrum,SU2-CNOT-line|n10|d60|i5|dir=gaussian|basis=Z|eta=0,SU2-CNOT-line|n10|d60|i5,512,214,0.0015668806612756463
v2_spectrum,SU2-CNOT-line|n10|d60|i5|dir=gaussian|basis=Z|eta=0,SU2-CNOT-line|n10|d60|i5,512,215,0.0015478183001021984
v2_spectrum,SU2-CNOT-line|n10|d60|i5|dir=gaussian|basis=Z|eta=0,SU2-CNOT-line|n10|d60|i5,512,216,0.001541960756737409
v2_spectrum,SU2-CNOT-line|n10|d60|i5|dir=gaussian|basis=Z|eta=0,SU2-CNOT-line|n10|d60|i5,512,217,0.0015347444910112067
v2_spectrum,SU2-CNOT-line|n10|d60|i5|dir=gaussian|basis=Z|eta=0,SU2-CNOT-line|n10|d60|i5,512,218,0.001510034643607363
v2_spectrum,SU2-CNOT-line|n10|d60|i5|dir=gaussian|basis=Z|eta=0,SU2-CNOT-line|n10|d60|i5,512,219,0.0015029902812401079
v2_spectrum,SU2-CNOT-line|n10|d60|i5|dir=gaussian|basis=Z|eta=0,SU2-CNOT-line|n10|d60|i5,512,220,0.0014993504867102908
v2_spectrum,SU2-CNOT-line|n10|d60|i5|dir=gaussian|basis=Z|eta=0,SU2-CNOT-line|n10|d60|i5,512,221,0.0014817523978676247
v2_spectrum,SU2-CNOT-line|n10|d60|i5|dir=gaussian|basis=Z|eta=0,SU2-CNOT-line|n10|d60|i5,512,222,0.0014670249774742209
v2_spectrum,SU2-CNOT-line|n10|d60|i5|dir=gaussian|basis=Z|eta=0,SU2-CNOT-line|n10|d60|i5,512,223,0.001462293671129898
v2_spectrum,SU2-CNOT-line|n10|d60|i5|dir=gaussian|basis=Z|eta=0,SU2-CNOT-line|n10|d60|i5,512,224,0.0014563645009044903
v2_spectrum,SU2-CNOT-line|n10|d60|i5|dir=gaussian|basis=Z|eta=0,SU2-CNOT-line|n10|d60|i5,512,225,0.0014334649438545088
v2_spectrum,SU2-CNOT-line|n10|d60|i5|dir=gaussian|basis=Z|eta=0,SU2-CNOT-line|n10|d60|i5,512,226,0.0014295416111142593
v2_spectrum,SU2-CNOT-line|n10|d60|i5|dir=gaussian|basis=Z|eta=0,SU2-CNOT-line|n10|d60|i5,512,227,0.0014126404707662616
v2_spectrum,SU2-CNOT-line|n10|d60|i5|dir=gaussian|basis=Z|eta=0,SU2-CNOT-line|n10|d60|i5,512,228,0.0014046879114544956
v2_spectrum,SU2-CNOT-line|n10|d60|i5|dir=gaussian|basis=Z|eta=0,SU2-CNOT-line|n10|d60|i5,512,229,0.00139966537355488
v2_spectrum,SU2-CNOT-line|n10|d60|i5|dir=gaussian|basis=Z|eta=0,SU2-CNOT-line|n10|d60|i5,512,230,0.0013922613567515848
v2_spectrum,SU2-CNOT-line|n10|d60|i5|dir=gaussian|basis=Z|eta=0,SU2-CNOT-line|n10|d60|i5,512,231,0.001374299976472702
v2_spectrum,SU2-CNOT-line|n10|d60|i5|dir=gaussian|basis=Z|eta=0,SU2-CNOT-line|n10|d60|i5,512,232,0.001363874127810846
v2_spectrum,SU2-CNOT-line|n10|d60|i5|dir=gaussian|basis=Z|eta=0,SU2-CNOT-line|n10|d60|i5,512,233,0.0013614080321235652
v2_spectrum,SU2-CNOT-line|n10|d60|i5|dir=gaussian|basis=Z|eta=0,SU2-CNOT-line|n10|d60|i5,512,234,0.0013463893560280629
v2_spectrum,SU2-CNOT-line|n10|d60|i5|dir=gaussian|basis=Z|eta=0,SU2-CNOT-line|n10|d60|i5,512,235,0.0013440099882377847
v2_spectrum,SU2-CNOT-line|n10|d60|i5|dir=gaussian|basis=Z|eta=0,SU2-CNOT-line|n10|d60|i5,512,236,0.0013298586340060423
v2_spectrum,SU2-CNOT-line|n10|d60|i5|dir=gaussian|basis=Z|eta=0,SU2-CNOT-line|n10|d60|i5,512,237,0.0013248476218870207
v2_spectrum,SU2-CNOT-line|n10|d60|i5|dir=gaussian|basis=Z|eta=0,SU2-CNOT-line|n10|d60|i5,512,238,0.001309527869551482
v2_spectrum,SU2-CNOT-line|n10|d60|i5|dir=gaussian|basis=Z|eta=0,SU2-CNOT-line|n10|d60|i5,512,239,0.001306854671483876
v2_spectrum,SU2-CNOT-line|n10|d60|i5|dir=gaussian|basis=Z|eta=0,SU2-CNOT-line|n10|d60|i5,512,240,0.0012990167482055872
v2_spectrum,SU2-CNOT-line|n10|d60|i5|dir=gaussian|basis=Z|eta=0,SU2-CNOT-line|n10|d60|i5,512,241,0.001289820454709987
v2_spectrum,SU2-CNOT-line|n10|d60|i5|dir=gaussian|basis=Z|eta=0,SU2-CNOT-line|n10|d60|i5,512,242,0.0012826111316623875
v2_spectrum,SU2-CNOT-line|n10|d60|i5|dir=gaussian|basis=Z|eta=0,SU2-CNOT-line|n10|d60|i5,512,243,0.0012697005692265564
v2_spectrum,SU2-CNOT-line|n10|d60|i5|dir=gaussian|basis=Z|eta=0,SU2-CNOT-line|n10|d60|i5,512,244,0.001261054874078256
v2_spectrum,SU2-CNOT-line|n10|d60|i5|dir=gaussian|basis=Z|eta=0,SU2-CNOT-line|n10|d60|i5,512,245,0.0012538008993809703
v2_spectrum,SU2-CNOT-line|n10|d60|i5|dir=gaussian|basis=Z|eta=0,SU2-CNOT-line|n10|d60|i5,512,246,0.0012358441819791527
v2_spectrum,SU2-CNOT-line|n10|d60|i5|dir=gaussian|basis=Z|eta=0,SU2-CNOT-line|n10|d60|i5,512,247,0.0012309871499711915
v2_spectrum,SU2-CNOT-line|n10|d60|i5|dir=gaussian|basis=Z|eta=0,SU2-CNOT-line|n10|d60|i5,512,248,0.0012279335869383673
v2_spectrum,SU2-CNOT-line|n10|d60|i5|dir=gaussian|basis=Z|eta=0,SU2-CNOT-line|n10|d60|i5,512,249,0.001218074978846454
v2_spectrum,SU2-CNOT-line|n10|d60|i5|dir=gaussian|basis=Z|eta=0,SU2-CNOT-line|n10|d60|i5,512,250,0.0012083472389755828
v2_spectrum,SU2-CNOT-line|n10|d60|i5|dir=gaussian|basis=Z|eta=0,SU2-CNOT-line|n10|d60|i5,512,251,0.0012057762532173561
v2_spectrum,SU2-CNOT-line|n10|d60|i5|dir=gaussian|basis=Z|eta=0,SU2-CNOT-line|n10|d60|i5,512,252,0.0011919177297517011
v2_spectrum,SU2-CNOT-line|n10|d60|i5|dir=gaussian|basis=Z|eta=0,SU2-CNOT-line|n10|d60|i5,512,253,0.0011844291904212767
v2_spectrum,SU2-CNOT-line|n10|d60|i5|dir=gaussian|basis=Z|eta=0,SU2-CNOT-line|n10|d60|i5,512,254,0.001176619515115605
v2_spectrum,SU2-CNOT-line|n10|d60|i5|dir=gaussian|basis=Z|eta=0,SU2-CNOT-line|n10|d60|i5,512,255,0.0011716300987756596
v2_spectrum,SU2-CNOT-line|n10|d60|i5|dir=gaussian|basis=Z|eta=0,SU2-CNOT-line|n10|d60|i5,512,256,0.001162750172586688
v2_spectrum,SU2-CNOT-line|n10|d60|i5|dir=gaussian|basis=Z|eta=0,SU2-CNOT-line|n10|d60|i5,512,257,0.0011485531705148378
v2_spectrum,SU2-CNOT-line|n10|d60|i5|dir=gaussian|basis=Z|eta=0,SU2-CNOT-line|n10|d60|i5,512,258,0.001143302477350413
v2_spectrum,SU2-CNOT-line|n10|d60|i5|dir=gaussian|basis=Z|eta=0,SU2-CNOT-line|n10|d60|i5,512,259,0.001135740239052234
v2_spectrum,SU2-CNOT-line|n10|d60|i5|dir=gaussian|basis=Z|eta=0,SU2-CNOT-line|n10|d60|i5,512,260,0.0011274587462354459
v2_spectrum,SU2-CNOT-line|n10|d60|i5|dir=gaussian|basis=Z|eta=0,SU2-CNOT-line|n10|d60|i5,512,261,0.0011140511868406784
v2_spectrum,SU2-CNOT-line|n10|d60|i5|dir=gaussian|basis=Z|eta=0,SU2-CNOT-line|n10|d60|i5,512,262,0.0011083217000994578
v2_spectrum,SU2-CNOT-line|n10|d60|i5|dir=gaussian|basis=Z|eta=0,SU2-CNOT-line|n10|d60|i5,512,263,0.0011024493710294627
v2_spectrum,SU2-CNOT-line|n10|d60|i5|dir=gaussian|basis=Z|eta=0,SU2-CNOT-line|n10|d60|i5,512,264,0.0010931173469095285
v2_spectrum,SU2-CNOT-line|n10|d60|i5|dir=gaussian|basis=Z|eta=0,SU2-CNOT-line|n10|d60|i5,512,265,0.0010889094545547373
v2_spectrum,SU2-CNOT-line|n10|d60|i5|dir=gaussian|basis=Z|eta=0,SU2-CNOT-line|n10|d60|i5,512,266,0.0010762876240896916
v2_spectrum,SU2-CNOT-line|n10|d60|i5|dir=gaussian|basis=Z|eta=0,SU2-CNOT-line|n10|d60|i5,512,267,0.0010649356867123926
v2_spectrum,SU2-CNOT-line|n10|d60|i5|dir=gaussian|basis=Z|eta=0,SU2-CNOT-line|n10|d60|i5,512,268,0.0010616504392541744
v2_spectrum,SU2-CNOT-line|n10|d60|i5|dir=gaussian|basis=Z|eta=0,SU2-CNOT-line|n10|d60|i5,512,269,0.001049670618890441
v2_spectrum,SU2-CNOT-line|n10|d60|i5|dir=gaussian|basis=Z|eta=0,SU2-CNOT-line|n10|d60|i5,512,270,0.0010440380718798642
v2_spectrum,SU2-CNOT-line|n10|d60|i5|dir=gaussian|basis=Z|eta=0,SU2-CNOT-line|n10|d60|i5,512,271,0.0010395399671655533
v2_spectrum,SU2-CNOT-line|n10|d60|i5|dir=gaussian|basis=Z|eta=0,SU2-CNOT-line|n10|d60|i5,512,272,0.0010325323811765338
v2_spectrum,SU2-CNOT-line|n10|d60|i5|dir=gaussian|basis=Z|eta=0,SU2-CNOT-line|n10|d60|i5,512,273,0.0010282766548702746
v2_spectrum,SU2-CNOT-line|n10|d60|i5|dir=gaussian|basis=Z|eta=0,SU2-CNOT-line|n10|d60|i5,512,274,0.0010227105810967014
v2_spectrum,SU2-CNOT-line|n10|d60|i5|dir=gaussian|basis=Z|eta=0,SU2-CNOT-line|n10|d60|i5,512,275,0.001019267388996542
v2_spectrum,SU2-CNOT-line|n10|d60|i5|dir=gaussian|basis=Z|eta=0,SU2-CNOT-line|n10|d60|i5,512,276,0.0010101498738696974
v2_spectrum,SU2-CNOT-line|n10|d60|i5|dir=gaussian|basis=Z|eta=0,SU2-CNOT-line|n10|d60|i5,512,277,0.0009999295354820963
v2_spectrum,SU2-CNOT-line|n10|d60|i5|dir=gaussian|basis=Z|eta=0,SU2-CNOT-line|n10|d60|i5,512,278,0.0009955084083160836
v2_spectrum,SU2-CNOT-line|n10|d60|i5|dir=gaussian|basis=Z|eta=0,SU2-CNOT-line|n10|d60|i5,512,279,0.000984149232381106
v2_spectrum,SU2-CNOT-line|n10|d60|i5|dir=gaussian|basis=Z|eta=0,SU2-CNOT-line|n10|d60|i5,512,280,0.0009733201751984722
v2_spectrum,SU2-CNOT-line|n10|d60|i5|dir=gaussian|basis=Z|eta=0,SU2-CNOT-line|n10|d60|i5,512,281,0.0009708747439729206
v2_spectrum,SU2-CNOT-line|n10|d60|i5|dir=gaussian|basis=Z|eta=0,SU2-CNOT-line|n10|d60|i5,512,282,0.0009624402746563011
v2_spectrum,SU2-CNOT-line|n10|d60|i5|dir=gaussian|basis=Z|eta=0,SU2-CNOT-line|n10|d60|i5,512,283,0.0009588431689857112
v2_spectrum,SU2-CNOT-line|n10|d60|i5|dir=gaussian|basis=Z|eta=0,SU2-CNOT-line|n10|d60|i5,512,284,0.0009553972545358828
v2_spectrum,SU2-CNOT-line|n10|d60|i5|dir=gaussian|basis=Z|eta=0,SU2-CNOT-line|n10|d60|i5,512,285,0.0009473235460739938
v2_spectrum,SU2-CNOT-line|n10|d60|i5|dir=gaussian|basis=Z|eta=0,SU2-CNOT-line|n10|d60|i5,512,286,0.0009357219335480154
v2_spectrum,SU2-CNOT-line|n10|d60|i5|dir=gaussian|basis=Z|eta=0,SU2-CNOT-line|n10|d60|i5,512,287,0.000930556510459507
v2_spectrum,SU2-CNOT-line|n10|d60|i5|dir=gaussian|basis=Z|eta=0,SU2-CNOT-line|n10|d60|i5,512,288,0.0009194754371540393
v2_spectrum,SU2-CNOT-line|n10|d60|i5|dir=gaussian|basis=Z|eta=0,SU2-CNOT-line|n10|d60|i5,512,289,0.0009108005388712575
v2_spectrum,SU2-CNOT-line|n10|d60|i5|dir=gaussian|basis=Z|eta=0,SU2-CNOT-line|n10|d60|i5,512,290,0.0009037051107299864
v2_spectrum,SU2-CNOT-line|n10|d60|i5|dir=gaussian|basis=Z|eta=0,SU2-CNOT-line|n10|d60|i5,512,291,0.000897304038727873
v2_spectrum,SU2-CNOT-line|n10|d60|i5|dir=gaussian|basis=Z|eta=0,SU2-CNOT-line|n10|d60|i5,512,292,0.0008936390417492703
v2_spectrum,SU2-CNOT-line|n10|d60|i5|dir=gaussian|basis=Z|eta=0,SU2-CNOT-line|n10|d60|i5,512,293,0.0008888977884228605
v2_spectrum,SU2-CNOT-line|n10|d60|i5|dir=gaussian|basis=Z|eta=0,SU2-CNOT-line|n10|d60|i5,512,294,0.0008816860234089506
v2_spectrum,SU2-CNOT-line|n10|d60|i5|dir=gaussian|basis=Z|eta=0,SU2-CNOT-line|n10|d60|i5,512,295,0.0008766790695237326
v2_spectrum,SU2-CNOT-line|n10|d60|i5|dir=gaussian|basis=Z|eta=0,SU2-CNOT-line|n10|d60|i5,512,296,0.0008658107143314265
v2_spectrum,SU2-CNOT-line|n10|d60|i5|dir=gaussian|basis=Z|eta=0,SU2-CNOT-line|n10|d60|i5,512,297,0.0008583803934821287
v2_spectrum,SU2-CNOT-line|n10|d60|i5|dir=gaussian|basis=Z|eta=0,SU2-CNOT-line|n10|d60|i5,512,298,0.000850455884479059
v2_spectrum,SU2-CNOT-line|n10|d60|i5|dir=gaussian|basis=Z|eta=0,SU2-CNOT-line|n10|d60|i5,512,299,0.0008483062143848772
v2_spectrum,SU2-CNOT-line|n10|d60|i5|dir=gaussian|basis=Z|eta=0,SU2-CNOT-line|n10|d60|i5,512,300,0.0008349475880042344
v2_spectrum,SU2-CNOT-line|n10|d60|i5|dir=gaussian|basis=Z|eta=0,SU2-CNOT-line|n10|d60|i5,512,301,0.0008331212782630408
v2_spectrum,SU2-CNOT-line|n10|d60|i5|dir=gaussian|basis=Z|eta=0,SU2-CNOT-line|n10|d60|i5,512,302,0.0008268617366282277
v2_spectrum,SU2-CNOT-line|n10|d60|i5|dir=gaussian|basis=Z|eta=0,SU2-CNOT-line|n10|d60|i5,512,303,0.0008190649409023622
v2_spectrum,SU2-CNOT-line|n10|d60|i5|dir=gaussian|basis=Z|eta=0,SU2-CNOT-line|n10|d60|i5,512,304,0.0008115278334841439
v2_spectrum,SU2-CNOT-line|n10|d60|i5|dir=gaussian|basis=Z|eta=0,SU2-CNOT-line|n10|d60|i5,512,305,0.0008059139023536645
v2_spectrum,SU2-CNOT-line|n10|d60|i5|dir=gaussian|basis=Z|eta=0,SU2-CNOT-line|n10|d60|i5,512,306,0.0007991991482113853
v2_spectrum,SU2-CNOT-line|n10|d60|i5|dir=gaussian|basis=Z|eta=0,SU2-CNOT-line|n10|d60|i5,512,307,0.0007922599897263131
v2_spectrum,SU2-CNOT-line|n10|d60|i5|dir=gaussian|basis=Z|eta=0,SU2-CNOT-line|n10|d60|i5,512,308,0.0007894195140321844
v2_spectrum,SU2-CNOT-line|n10|d60|i5|dir=gaussian|basis=Z|eta=0,SU2-CNOT-line|n10|d60|i5,512,309,0.0007830092040349871
v2_spectrum,SU2-CNOT-line|n10|d60|i5|dir=gaussian|basis=Z|eta=0,SU2-CNOT-line|n10|d60|i5,512,310,0.0007751964773474314
v2_spectrum,SU2-CNOT-line|n10|d60|i5|dir=gaussian|basis=Z|eta=0,SU2-CNOT-line|n10|d60|i5,512,311,0.0007732464600657983
v2_spectrum,SU2-CNOT-line|n10|d60|i5|dir=gaussian|basis=Z|eta=0,SU2-CNOT-line|n10|d60|i5,512,312,0.0007715655281909648
v2_spectrum,SU2-CNOT-line|n10|d60|i5|dir=gaussian|basis=Z|eta=0,SU2-CNOT-line|n10|d60|i5,512,313,0.0007669603268088355
v2_spectrum,SU2-CNOT-line|n10|d60|i5|dir=gaussian|basis=Z|eta=0,SU2-CNOT-line|n10|d60|i5,512,314,0.0007622356328950704
v2_spectrum,SU2-CNOT-line|n10|d60|i5|dir=gaussian|basis=Z|eta=0,SU2-CNOT-line|n10|d60|i5,512,315,0.0007550720714924297
v2_spectrum,SU2-CNOT-line|n10|d60|i5|dir=gaussian|basis=Z|eta=0,SU2-CNOT-line|n10|d60|i5,512,316,0.0007487420478013981
v2_spectrum,SU2-CNOT-line|n10|d60|i5|dir=gaussian|basis=Z|eta=0,SU2-CNOT-line|n10|d60|i5,512,317,0.0007426589893228452
v2_spectrum,SU2-CNOT-line|n10|d60|i5|dir=gaussian|basis=Z|eta=0,SU2-CNOT-line|n10|d60|i5,512,318,0.0007358532157087102
v2_spectrum,SU2-CNOT-line|n10|d60|i5|dir=gaussian|basis=Z|eta=0,SU2-CNOT-line|n10|d60|i5,512,319,0.0007300462101265822
v2_spectrum,SU2-CNOT-line|n10|d60|i5|dir=gaussian|basis=Z|eta=0,SU2-CNOT-line|n10|d60|i5,512,320,0.0007203459169204308
v2_spectrum,SU2-CNOT-line|n10|d60|i5|dir=gaussian|basis=Z|eta=0,SU2-CNOT-line|n10|d60|i5,512,321,0.000719471387350631
v2_spectrum,SU2-CNOT-line|n10|d60|i5|dir=gaussian|basis=Z|eta=0,SU2-CNOT-line|n10|d60|i5,512,322,0.0007124083974277564
v2_spectrum,SU2-CNOT-line|n10|d60|i5|dir=gaussian|basis=Z|eta=0,SU2-CNOT-line|n10|d60|i5,512,323,0.0007023696273680917
v2_spectrum,SU2-CNOT-line|n10|d60|i5|dir=gaussian|basis=Z|eta=0,SU2-CNOT-line|n10|d60|i5,512,324,0.000697407408968572
v2_spectrum,SU2-CNOT-line|n10|d60|i5|dir=gaussian|basis=Z|eta=0,SU2-CNOT-line|n10|d60|i5,512,325,0.0006939823113395745
v2_spectrum,SU2-CNOT-line|n10|d60|i5|dir=gaussian|basis=Z|eta=0,SU2-CNOT-line|n10|d60|i5,512,326,0.0006846741520183366
v2_spectrum,SU2-CNOT-line|n10|d60|i5|dir=gaussian|basis=Z|eta=0,SU2-CNOT-line|n10|d60|i5,512,327,0.0006836150830844449
v2_spectrum,SU2-CNOT-line|n10|d60|i5|dir=gaussian|basis=Z|eta=0,SU2-CNOT-line|n10|d60|i5,512,328,0.0006810652924588085
v2_spectrum,SU2-CNOT-line|n10|d60|i5|dir=gaussian|basis=Z|eta=0,SU2-CNOT-line|n10|d60|i5,512,329,0.0006782165946476476
v2_spectrum,SU2-CNOT-line|n10|d60|i5|dir=gaussian|basis=Z|eta=0,SU2-CNOT-line|n10|d60|i5,512,330,0.0006721601877488815
v2_spectrum,SU2-CNOT-line|n10|d60|i5|dir=gaussian|basis=Z|eta=0,SU2-CNOT-line|n10|d60|i5,512,331,0.00066616167719769
v2_spectrum,SU2-CNOT-line|n10|d60|i5|dir=gaussian|basis=Z|eta=0,SU2-CNOT-line|n10|d60|i5,512,332,0.0006585530250440033
v2_spectrum,SU2-CNOT-line|n10|d60|i5|dir=gaussian|basis=Z|eta=0,SU2-CNOT-line|n10|d60|i5,512,333,0.0006571941203345798
v2_spectrum,SU2-CNOT-line|n10|d60|i5|dir=gaussian|basis=Z|eta=0,SU2-CNOT-line|n10|d60|i5,512,334,0.0006451727426410456
v2_spectrum,SU2-CNOT-line|n10|d60|i5|dir=gaussian|basis=Z|eta=0,SU2-CNOT-line|n10|d60|i5,512,335,0.0006388550648952625
v2_spectrum,SU2-CNOT-line|n10|d60|i5|dir=gaussian|basis=Z|eta=0,SU2-CNOT-line|n10|d60|i5,512,336,0.0006317066278466026
v2_spectrum,SU2-CNOT-line|n10|d60|i5|dir=gaussian|basis=Z|eta=0,SU2-CNOT-line|n10|d60|i5,512,337,0.00062629328703418
v2_spectrum,SU2-CNOT-line|n10|d60|i5|dir=gaussian|basis=Z|eta=0,SU2-CNOT-line|n10|d60|i5,512,338,0.0006176507015994845
v2_spectrum,SU2-CNOT-line|n10|d60|i5|dir=gaussian|basis=Z|eta=0,SU2-CNOT-line|n10|d60|i5,512,339,0.0006141202725600841
v2_spectrum,SU2-CNOT-line|n10|d60|i5|dir=gaussian|basis=Z|eta=0,SU2-CNOT-line|n10|d60|i5,512,340,0.0006133328444873528
v2_spectrum,SU2-CNOT-line|n10|d60|i5|dir=gaussian|basis=Z|eta=0,SU2-CNOT-line|n10|d60|i5,512,341,0.0006099639685651061
v2_spectrum,SU2-CNOT-line|n10|d60|i5|dir=gaussian|basis=Z|eta=0,SU2-CNOT-line|n10|d60|i5,512,342,0.0006038578577484337
v2_spectrum,SU2-CNOT-line|n10|d60|i5|dir=gaussian|basis=Z|eta=0,SU2-CNOT-line|n10|d60|i5,512,343,0.0005992843729469585
v2_spectrum,SU2-CNOT-line|n10|d60|i5|dir=gaussian|basis=Z|eta=0,SU2-CNOT-line|n10|d60|i5,512,344,0.0005958790465380906
v2_spectrum,SU2-CNOT-line|n10|d60|i5|dir=gaussian|basis=Z|eta=0,SU2-CNOT-line|n10|d60|i5,512,345,0.0005891753795323306
v2_spectrum,SU2-CNOT-line|n10|d60|i5|dir=gaussian|basis=Z|eta=0,SU2-CNOT-line|n10|d60|i5,512,346,0.0005871512343950104
v2_spectrum,SU2-CNOT-line|n10|d60|i5|dir=gaussian|basis=Z|eta=0,SU2-CNOT-line|n10|d60|i5,512,347,0.0005840480286489292
v2_spectrum,SU2-CNOT-line|n10|d60|i5|dir=gaussian|basis=Z|eta=0,SU2-CNOT-line|n10|d60|i5,512,348,0.0005804124438869629
v2_spectrum,SU2-CNOT-line|n10|d60|i5|dir=gaussian|basis=Z|eta=0,SU2-CNOT-line|n10|d60|i5,512,349,0.000572379069260308
v2_spectrum,SU2-CNOT-line|n10|d60|i5|dir=gaussian|basis=Z|eta=0,SU2-CNOT-line|n10|d60|i5,512,350,0.000566034438687683
v2_spectrum,SU2-CNOT-line|n10|d60|i5|dir=gaussian|basis=Z|eta=0,SU2-CNOT-line|n10|d60|i5,512,351,0.0005619222675795328
v2_spectrum,SU2-CNOT-line|n10|d60|i5|dir=gaussian|basis=Z|eta=0,SU2-CNOT-line|n10|d60|i5,512,352,0.000559900713315089
v2_spectrum,SU2-CNOT-line|n10|d60|i5|dir=gaussian|basis=Z|eta=0,SU2-CNOT-line|n10|d60|i5,512,353,0.0005534402045804477
v2_spectrum,SU2-CNOT-line|n10|d60|i5|dir=gaussian|basis=Z|eta=0,SU2-CNOT-line|n10|d60|i5,512,354,0.0005504876513581046
v2_spectrum,SU2-CNOT-line|n10|d60|i5|dir=gaussian|basis=Z|eta=0,SU2-CNOT-line|n10|d60|i5,512,355,0.000542617207713222
v2_spectrum,SU2-CNOT-line|n10|d60|i5|dir=gaussian|basis=Z|eta=0,SU2-CNOT-line|n10|d60|i5,512,356,0.0005411736339764382
v2_spectrum,SU2-CNOT-line|n10|d60|i5|dir=gaussian|basis=Z|eta=0,SU2-CNOT-line|n10|d60|i5,512,357,0.0005350070408442296
v2_spectrum,SU2-CNOT-line|n10|d60|i5|dir=gaussian|basis=Z|eta=0,SU2-CNOT-line|n10|d60|i5,512,358,0.0005313904904559795
v2_spectrum,SU2-CNOT-line|n10|d60|i5|dir=gaussian|basis=Z|eta=0,SU2-CNOT-line|n10|d60|i5,512,359,0.0005313107821112899
v2_spectrum,SU2-CNOT-line|n10|d60|i5|dir=gaussian|basis=Z|eta=0,SU2-CNOT-line|n10|d60|i5,512,360,0.0005240357692976103
v2_spectrum,SU2-CNOT-line|n10|d60|i5|dir=gaussian|basis=Z|eta=0,SU2-CNOT-line|n10|d60|i5,512,361,0.0005163955263609298
v2_spectrum,SU2-CNOT-line|n10|d60|i5|dir=gaussian|basis=Z|eta=0,SU2-CNOT-line|n10|d60|i5,512,362,0.0005118278051088983
v2_spectrum,SU2-CNOT-line|n10|d60|i5|dir=gaussian|basis=Z|eta=0,SU2-CNOT-line|n10|d60|i5,512,363,0.0005090262459187642
v2_spectrum,SU2-CNOT-line|n10|d60|i5|dir=gaussian|basis=Z|eta=0,SU2-CNOT-line|n10|d60|i5,512,364,0.0005022989165122269
v2_spectrum,SU2-CNOT-line|n10|d60|i5|dir=gaussian|basis=Z|eta=0,SU2-CNOT-line|n10|d60|i5,512,365,0.0004967431657444635
v2_spectrum,SU2-CNOT-line|n10|d60|i5|dir=gaussian|basis=Z|eta=0,SU2-CNOT-line|n10|d60|i5,512,366,0.0004961506761696259
v2_spectrum,SU2-CNOT-line|n10|d60|i5|dir=gaussian|basis=Z|eta=0,SU2-CNOT-line|n10|d60|i5,512,367,0.0004910707375590486
v2_spectrum,SU2-CNOT-line|n10|d60|i5|dir=gaussian|basis=Z|eta=0,SU2-CNOT-line|n10|d60|i5,512,368,0.00048795043737446744
v2_spectrum,SU2-CNOT-line|n10|d60|i5|dir=gaussian|basis=Z|eta=0,SU2-CNOT-line|n10|d60|i5,512,369,0.0004830947080381131
v2_spectrum,SU2-CNOT-line|n10|d60|i5|dir=gaussian|basis=Z|eta=0,SU2-CNOT-line|n10|d60|i5,512,370,0.00048153536599928053
v2_spectrum,SU2-CNOT-line|n10|d60|i5|dir=gaussian|basis=Z|eta=0,SU2-CNOT-line|n10|d60|i5,512,371,0.00047361853610012364
v2_spectrum,SU2-CNOT-line|n10|d60|i5|dir=gaussian|basis=Z|eta=0,SU2-CNOT-line|n10|d60|i5,512,372,0.00046780503922433934
v2_spectrum,SU2-CNOT-line|n10|d60|i5|dir=gaussian|basis=Z|eta=0,SU2-CNOT-line|n10|d60|i5,512,373,0.0004648428523470124
v2_spectrum,SU2-CNOT-line|n10|d60|i5|dir=gaussian|basis=Z|eta=0,SU2-CNOT-line|n10|d60|i5,512,374,0.00045939341029721856
v2_spectrum,SU2-CNOT-line|n10|d60|i5|dir=gaussian|basis=Z|eta=0,SU2-CNOT-line|n10|d60|i5,512,375,0.0004565862159805353
v2_spectrum,SU2-CNOT-line|n10|d60|i5|dir=gaussian|basis=Z|eta=0,SU2-CNOT-line|n10|d60|i5,512,376,0.00045498946897481074
v2_spectrum,SU2-CNOT-line|n10|d60|i5|dir=gaussian|basis=Z|eta=0,SU2-CNOT-line|n10|d60|i5,512,377,0.0004490336340429792
v2_spectrum,SU2-CNOT-line|n10|d60|i5|dir=gaussian|basis=Z|eta=0,SU2-CNOT-line|n10|d60|i5,512,378,0.000446748799235428
v2_spectrum,SU2-CNOT-line|n10|d60|i5|dir=gaussian|basis=Z|eta=0,SU2-CNOT-line|n10|d60|i5,512,379,0.00044269769160636526
v2_spectrum,SU2-CNOT-line|n10|d60|i5|dir=gaussian|basis=Z|eta=0,SU2-CNOT-line|n10|d60|i5,512,380,0.000438949432696095
v2_spectrum,SU2-CNOT-line|n10|d60|i5|dir=gaussian|basis=Z|eta=0,SU2-CNOT-line|n10|d60|i5,512,381,0.000435083209115637
v2_spectrum,SU2-CNOT-line|n10|d60|i5|dir=gaussian|basis=Z|eta=0,SU2-CNOT-line|n10|d60|i5,512,382,0.0004329861033057161
v2_spectrum,SU2-CNOT-line|n10|d60|i5|dir=gaussian|basis=Z|eta=0,SU2-CNOT-line|n10|d60|i5,512,383,0.00043003245425797326
v2_spectrum,SU2-CNOT-line|n10|d60|i5|dir=gaussian|basis=Z|eta=0,SU2-CNOT-line|n10|d60|i5,512,384,0.00042499597785129636
v2_spectrum,SU2-CNOT-line|n10|d60|i5|dir=gaussian|basis=Z|eta=0,SU2-CNOT-line|n10|d60|i5,512,385,0.00041897581152066304
v2_spectrum,SU2-CNOT-line|n10|d60|i5|dir=gaussian|basis=Z|eta=0,SU2-CNOT-line|n10|d60|i5,512,386,0.000417243275358277
v2_spectrum,SU2-CNOT-line|n10|d60|i5|dir=gaussian|basis=Z|eta=0,SU2-CNOT-line|n10|d60|i5,512,387,0.00041232161773075695
v2_spectrum,SU2-CNOT-line|n10|d60|i5|dir=gaussian|basis=Z|eta=0,SU2-CNOT-line|n10|d60|i5,512,388,0.0004064998991249307
v2_spectrum,SU2-CNOT-line|n10|d60|i5|dir=gaussian|basis=Z|eta=0,SU2-CNOT-line|n10|d60|i5,512,389,0.0004042916455807119
v2_spectrum,SU2-CNOT-line|n10|d60|i5|dir=gaussian|basis=Z|eta=0,SU2-CNOT-line|n10|d60|i5,512,390,0.0004016788878599464
v2_spectrum,SU2-CNOT-line|n10|d60|i5|dir=gaussian|basis=Z|eta=0,SU2-CNOT-line|n10|d60|i5,512,391,0.0003959537444896181
v2_spectrum,SU2-CNOT-line|n10|d60|i5|dir=gaussian|basis=Z|eta=0,SU2-CNOT-line|n10|d60|i5,512,392,0.0003948982490939384
v2_spectrum,SU2-CNOT-line|n10|d60|i5|dir=gaussian|basis=Z|eta=0,SU2-CNOT-line|n10|d60|i5,512,393,0.00039097148842514315
v2_spectrum,SU2-CNOT-line|n10|d60|i5|dir=gaussian|basis=Z|eta=0,SU2-CNOT-line|n10|d60|i5,512,394,0.00038929522571117225
v2_spectrum,SU2-CNOT-line|n10|d60|i5|dir=gaussian|basis=Z|eta=0,SU2-CNOT-line|n10|d60|i5,512,395,0.00038547567928352947
v2_spectrum,SU2-CNOT-line|n10|d60|i5|dir=gaussian|basis=Z|eta=0,SU2-CNOT-line|n10|d60|i5,512,396,0.0003825409113309439
v2_spectrum,SU2-CNOT-line|n10|d60|i5|dir=gaussian|basis=Z|eta=0,SU2-CNOT-line|n10|d60|i5,512,397,0.00037654689036222444
v2_spectrum,SU2-CNOT-line|n10|d60|i5|dir=gaussian|basis=Z|eta=0,SU2-CNOT-line|n10|d60|i5,512,398,0.0003731294023405546
v2_spectrum,SU2-CNOT-line|n10|d60|i5|dir=gaussian|basis=Z|eta=0,SU2-CNOT-line|n10|d60|i5,512,399,0.00036768302647225857
v2_spectrum,SU2-CNOT-line|n10|d60|i5|dir=gaussian|basis=Z|eta=0,SU2-CNOT-line|n10|d60|i5,512,400,0.0003655845485261305
v2_spectrum,SU2-CNOT-line|n10|d60|i5|dir=gaussian|basis=Z|eta=0,SU2-CNOT-line|n10|d60|i5,512,401,0.0003630397576521333
v2_spectrum,SU2-CNOT-line|n10|d60|i5|dir=gaussian|basis=Z|eta=0,SU2-CNOT-line|n10|d60|i5,512,402,0.00035975401937646235
v2_spectrum,SU2-CNOT-line|n10|d60|i5|dir=gaussian|basis=Z|eta=0,SU2-CNOT-line|n10|d60|i5,512,403,0.00035941118357812174
v2_spectrum,SU2-CNOT-line|n10|d60|i5|dir=gaussian|basis=Z|eta=0,SU2-CNOT-line|n10|d60|i5,512,404,0.00035433792416252356
v2_spectrum,SU2-CNOT-line|n10|d60|i5|dir=gaussian|basis=Z|eta=0,SU2-CNOT-line|n10|d60|i5,512,405,0.00034924319831119375
v2_spectrum,SU2-CNOT-line|n10|d60|i5|dir=gaussian|basis=Z|eta=0,SU2-CNOT-line|n10|d60|i5,512,406,0.0003450612457781252
v2_spectrum,SU2-CNOT-line|n10|d60|i5|dir=gaussian|basis=Z|eta=0,SU2-CNOT-line|n10|d60|i5,512,407,0.00034324735933504894
v2_spectrum,SU2-CNOT-line|n10|d60|i5|dir=gaussian|basis=Z|eta=0,SU2-CNOT-line|n10|d60|i5,512,408,0.000339169635358562
v2_spectrum,SU2-CNOT-line|n10|d60|i5|dir=gaussian|basis=Z|eta=0,SU2-CNOT-line|n10|d60|i5,512,409,0.0003343059700206275
v2_spectrum,SU2-CNOT-line|n10|d60|i5|dir=gaussian|basis=Z|eta=0,SU2-CNOT-line|n10|d60|i5,512,410,0.000332816158304537
v2_spectrum,SU2-CNOT-line|n10|d60|i5|dir=gaussian|basis=Z|eta=0,SU2-CNOT-line|n10|d60|i5,512,411,0.0003305663817147297
v2_spectrum,SU2-CNOT-line|n10|d60|i5|dir=gaussian|basis=Z|eta=0,SU2-CNOT-line|n10|d60|i5,512,412,0.0003237182854999373
v2_spectrum,SU2-CNOT-line|n10|d60|i5|dir=gaussian|basis=Z|eta=0,SU2-CNOT-line|n10|d60|i5,512,413,0.0003228984516740746
v2_spectrum,SU2-CNOT-line|n10|d60|i5|dir=gaussian|basis=Z|eta=0,SU2-CNOT-line|n10|d60|i5,512,414,0.00031755667218816335
v2_spectrum,SU2-CNOT-line|n10|d60|i5|dir=gaussian|basis=Z|eta=0,SU2-CNOT-line|n10|d60|i5,512,415,0.0003150320198004445
v2_spectrum,SU2-CNOT-line|n10|d60|i5|dir=gaussian|basis=Z|eta=0,SU2-CNOT-line|n10|d60|i5,512,416,0.00030976411934984703
v2_spectrum,SU2-CNOT-line|n10|d60|i5|dir=gaussian|basis=Z|eta=0,SU2-CNOT-line|n10|d60|i5,512,417,0.00030669428126960807
v2_spectrum,SU2-CNOT-line|n10|d60|i5|dir=gaussian|basis=Z|eta=0,SU2-CNOT-line|n10|d60|i5,512,418,0.0003020434719711809
v2_spectrum,SU2-CNOT-line|n10|d60|i5|dir=gaussian|basis=Z|eta=0,SU2-CNOT-line|n10|d60|i5,512,419,0.00030115984338973485
v2_spectrum,SU2-CNOT-line|n10|d60|i5|dir=gaussian|basis=Z|eta=0,SU2-CNOT-line|n10|d60|i5,512,420,0.0002975109300461091
v2_spectrum,SU2-CNOT-line|n10|d60|i5|dir=gaussian|basis=Z|eta=0,SU2-CNOT-line|n10|d60|i5,512,421,0.0002949807945259014
v2_spectrum,SU2-CNOT-line|n10|d60|i5|dir=gaussian|basis=Z|eta=0,SU2-CNOT-line|n10|d60|i5,512,422,0.00029238522101405893
v2_spectrum,SU2-CNOT-line|n10|d60|i5|dir=gaussian|basis=Z|eta=0,SU2-CNOT-line|n10|d60|i5,512,423,0.00028952113689467246
v2_spectrum,SU2-CNOT-line|n10|d60|i5|dir=gaussian|basis=Z|eta=0,SU2-CNOT-line|n10|d60|i5,512,424,0.00028869855462434113
v2_spectrum,SU2-CNOT-line|n10|d60|i5|dir=gaussian|basis=Z|eta=0,SU2-CNOT-line|n10|d60|i5,512,425,0.0002862508550578904
v2_spectrum,SU2-CNOT-line|n10|d60|i5|dir=gaussian|basis=Z|eta=0,SU2-CNOT-line|n10|d60|i5,512,426,0.00028377428177081093
v2_spectrum,SU2-CNOT-line|n10|d60|i5|dir=gaussian|basis=Z|eta=0,SU2-CNOT-line|n10|d60|i5,512,427,0.00028047763913121557
v2_spectrum,SU2-CNOT-line|n10|d60|i5|dir=gaussian|basis=Z|eta=0,SU2-CNOT-line|n10|d60|i5,512,428,0.0002778977734888218
v2_spectrum,SU2-CNOT-line|n10|d60|i5|dir=gaussian|basis=Z|eta=0,SU2-CNOT-line|n10|d60|i5,512,429,0.0002722970879443809
v2_spectrum,SU2-CNOT-line|n10|d60|i5|dir=gaussian|basis=Z|eta=0,SU2-CNOT-line|n10|d60|i5,512,430,0.0002702583056589515
v2_spectrum,SU2-CNOT-line|n10|d60|i5|dir=gaussian|basis=Z|eta=0,SU2-CNOT-line|n10|d60|i5,512,431,0.0002692674075841639
v2_spectrum,SU2-CNOT-line|n10|d60|i5|dir=gaussian|basis=Z|eta=0,SU2-CNOT-line|n10|d60|i5,512,432,0.00026766286517963854
v2_spectrum,SU2-CNOT-line|n10|d60|i5|dir=gaussian|basis=Z|eta=0,SU2-CNOT-line|n10|d60|i5,512,433,0.00026056792716474566
v2_spectrum,SU2-CNOT-line|n10|d60|i5|dir=gaussian|basis=Z|eta=0,SU2-CNOT-line|n10|d60|i5,512,434,0.00025968042888886337
v2_spectrum,SU2-CNOT-line|n10|d60|i5|dir=gaussian|basis=Z|eta=0,SU2-CNOT-line|n10|d60|i5,512,435,0.00025424316743330276
v2_spectrum,SU2-CNOT-line|n10|d60|i5|dir=gaussian|basis=Z|eta=0,SU2-CNOT-line|n10|d60|i5,512,436,0.00025375067141211185
v2_spectrum,SU2-CNOT-line|n10|d60|i5|dir=gaussian|basis=Z|eta=0,SU2-CNOT-line|n10|d60|i5,512,437,0.0002497125746886829
v2_spectrum,SU2-CNOT-line|n10|d60|i5|dir=gaussian|basis=Z|eta=0,SU2-CNOT-line|n10|d60|i5,512,438,0.00024776406645943304
v2_spectrum,SU2-CNOT-line|n10|d60|i5|dir=gaussian|basis=Z|eta=0,SU2-CNOT-line|n10|d60|i5,512,439,0.0002455197116655952
v2_spectrum,SU2-CNOT-line|n10|d60|i5|dir=gaussian|basis=Z|eta=0,SU2-CNOT-line|n10|d60|i5,512,440,0.00024119611820287923
v2_spectrum,SU2-CNOT-line|n10|d60|i5|dir=gaussian|basis=Z|eta=0,SU2-CNOT-line|n10|d60|i5,512,441,0.00023853934248553487
v2_spectrum,SU2-CNOT-line|n10|d60|i5|dir=gaussian|basis=Z|eta=0,SU2-CNOT-line|n10|d60|i5,512,442,0.0002366626239432236
v2_spectrum,SU2-CNOT-line|n10|d60|i5|dir=gaussian|basis=Z|eta=0,SU2-CNOT-line|n10|d60|i5,512,443,0.00023565877937374428
v2_spectrum,SU2-CNOT-line|n10|d60|i5|dir=gaussian|basis=Z|eta=0,SU2-CNOT-line|n10|d60|i5,512,444,0.00023307061540026353
v2_spectrum,SU2-CNOT-line|n10|d60|i5|dir=gaussian|basis=Z|eta=0,SU2-CNOT-line|n10|d60|i5,512,445,0.0002275385369738954
v2_spectrum,SU2-CNOT-line|n10|d60|i5|dir=gaussian|basis=Z|eta=0,SU2-CNOT-line|n10|d60|i5,512,446,0.0002238867573054258
v2_spectrum,SU2-CNOT-line|n10|d60|i5|dir=gaussian|basis=Z|eta=0,SU2-CNOT-line|n10|d60|i5,512,447,0.00022350640321609514
v2_spectrum,SU2-CNOT-line|n10|d60|i5|dir=gaussian|basis=Z|eta=0,SU2-CNOT-line|n10|d60|i5,512,448,0.0002201036821410797
v2_spectrum,SU2-CNOT-line|n10|d60|i5|dir=gaussian|basis=Z|eta=0,SU2-CNOT-line|n10|d60|i5,512,449,0.0002166855338552333
v2_spectrum,SU2-CNOT-line|n10|d60|i5|dir=gaussian|basis=Z|eta=0,SU2-CNOT-line|n10|d60|i5,512,450,0.00021502843696796295
v2_spectrum,SU2-CNOT-line|n10|d60|i5|dir=gaussian|basis=Z|eta=0,SU2-CNOT-line|n10|d60|i5,512,451,0.00021254507546759226
v2_spectrum,SU2-CNOT-line|n10|d60|i5|dir=gaussian|basis=Z|eta=0,SU2-CNOT-line|n10|d60|i5,512,452,0.0002081712468945211
v2_spectrum,SU2-CNOT-line|n10|d60|i5|dir=gaussian|basis=Z|eta=0,SU2-CNOT-line|n10|d60|i5,512,453,0.00020516993785013577
v2_spectrum,SU2-CNOT-line|n10|d60|i5|dir=gaussian|basis=Z|eta=0,SU2-CNOT-line|n10|d60|i5,512,454,0.00020289466343798468
v2_spectrum,SU2-CNOT-line|n10|d60|i5|dir=gaussian|basis=Z|eta=0,SU2-CNOT-line|n10|d60|i5,512,455,0.0002019962527342799
v2_spectrum,SU2-CNOT-line|n10|d60|i5|dir=gaussian|basis=Z|eta=0,SU2-CNOT-line|n10|d60|i5,512,456,0.00019834837419677637
v2_spectrum,SU2-CNOT-line|n10|d60|i5|dir=gaussian|basis=Z|eta=0,SU2-CNOT-line|n10|d60|i5,512,457,0.00019349531306404796
v2_spectrum,SU2-CNOT-line|n10|d60|i5|dir=gaussian|basis=Z|eta=0,SU2-CNOT-line|n10|d60|i5,512,458,0.0001930376185076399
v2_spectrum,SU2-CNOT-line|n10|d60|i5|dir=gaussian|basis=Z|eta=0,SU2-CNOT-line|n10|d60|i5,512,459,0.00019164872060112184
v2_spectrum,SU2-CNOT-line|n10|d60|i5|dir=gaussian|basis=Z|eta=0,SU2-CNOT-line|n10|d60|i5,512,460,0.00018886773748311178
v2_spectrum,SU2-CNOT-line|n10|d60|i5|dir=gaussian|basis=Z|eta=0,SU2-CNOT-line|n10|d60|i5,512,461,0.00018660611490837835
v2_spectrum,SU2-CNOT-line|n10|d60|i5|dir=gaussian|basis=Z|eta=0,SU2-CNOT-line|n10|d60|i5,512,462,0.0001856569115710077
v2_spectrum,SU2-CNOT-line|n10|d60|i5|dir=gaussian|basis=Z|eta=0,SU2-CNOT-line|n10|d60|i5,512,463,0.00018197554364902778
v2_spectrum,SU2-CNOT-line|n10|d60|i5|dir=gaussian|basis=Z|eta=0,SU2-CNOT-line|n10|d60|i5,512,464,0.00017958827902681053
v2_spectrum,SU2-CNOT-line|n10|d60|i5|dir=gaussian|basis=Z|eta=0,SU2-CNOT-line|n10|d60|i5,512,465,0.00017574670036348182
v2_spectrum,SU2-CNOT-line|n10|d60|i5|dir=gaussian|basis=Z|eta=0,SU2-CNOT-line|n10|d60|i5,512,466,0.00017461732107582853
v2_spectrum,SU2-CNOT-line|n10|d60|i5|dir=gaussian|basis=Z|eta=0,SU2-CNOT-line|n10|d60|i5,512,467,0.00017132219923436402
v2_spectrum,SU2-CNOT-line|n10|d60|i5|dir=gaussian|basis=Z|eta=0,SU2-CNOT-line|n10|d60|i5,512,468,0.0001691043552927112
v2_spectrum,SU2-CNOT-line|n10|d60|i5|dir=gaussian|basis=Z|eta=0,SU2-CNOT-line|n10|d60|i5,512,469,0.00016708682787918333
v2_spectrum,SU2-CNOT-line|n10|d60|i5|dir=gaussian|basis=Z|eta=0,SU2-CNOT-line|n10|d60|i5,512,470,0.00016614564824389463
v2_spectrum,SU2-CNOT-line|n10|d60|i5|dir=gaussian|basis=Z|eta=0,SU2-CNOT-line|n10|d60|i5,512,471,0.00016432940423006474
v2_spectrum,SU2-CNOT-line|n10|d60|i5|dir=gaussian|basis=Z|eta=0,SU2-CNOT-line|n10|d60|i5,512,472,0.000162769357437332
v2_spectrum,SU2-CNOT-line|n10|d60|i5|dir=gaussian|basis=Z|eta=0,SU2-CNOT-line|n10|d60|i5,512,473,0.00015878253550212474
v2_spectrum,SU2-CNOT-line|n10|d60|i5|dir=gaussian|basis=Z|eta=0,SU2-CNOT-line|n10|d60|i5,512,474,0.00015720171355365138
v2_spectrum,SU2-CNOT-line|n10|d60|i5|dir=gaussian|basis=Z|eta=0,SU2-CNOT-line|n10|d60|i5,512,475,0.00015563687970265513
v2_spectrum,SU2-CNOT-line|n10|d60|i5|dir=gaussian|basis=Z|eta=0,SU2-CNOT-line|n10|d60|i5,512,476,0.00015298322702295532
v2_spectrum,SU2-CNOT-line|n10|d60|i5|dir=gaussian|basis=Z|eta=0,SU2-CNOT-line|n10|d60|i5,512,477,0.00015189799756811672
v2_spectrum,SU2-CNOT-line|n10|d60|i5|dir=gaussian|basis=Z|eta=0,SU2-CNOT-line|n10|d60|i5,512,478,0.00015006459514998023
v2_spectrum,SU2-CNOT-line|n10|d60|i5|dir=gaussian|basis=Z|eta=0,SU2-CNOT-line|n10|d60|i5,512,479,0.0001459987923445178
v2_spectrum,SU2-CNOT-line|n10|d60|i5|dir=gaussian|basis=Z|eta=0,SU2-CNOT-line|n10|d60|i5,512,480,0.00014329411584100728
v2_spectrum,SU2-CNOT-line|n10|d60|i5|dir=gaussian|basis=Z|eta=0,SU2-CNOT-line|n10|d60|i5,512,481,0.00014169187580115048
v2_spectrum,SU2-CNOT-line|n10|d60|i5|dir=gaussian|basis=Z|eta=0,SU2-CNOT-line|n10|d60|i5,512,482,0.00013862962913105593
v2_spectrum,SU2-CNOT-line|n10|d60|i5|dir=gaussian|basis=Z|eta=0,SU2-CNOT-line|n10|d60|i5,512,483,0.0001371551582428751
v2_spectrum,SU2-CNOT-line|n10|d60|i5|dir=gaussian|basis=Z|eta=0,SU2-CNOT-line|n10|d60|i5,512,484,0.00013473794808765649
v2_spectrum,SU2-CNOT-line|n10|d60|i5|dir=gaussian|basis=Z|eta=0,SU2-CNOT-line|n10|d60|i5,512,485,0.00013194994377514708
v2_spectrum,SU2-CNOT-line|n10|d60|i5|dir=gaussian|basis=Z|eta=0,SU2-CNOT-line|n10|d60|i5,512,486,0.0001313130991535892
v2_spectrum,SU2-CNOT-line|n10|d60|i5|dir=gaussian|basis=Z|eta=0,SU2-CNOT-line|n10|d60|i5,512,487,0.00012763600341913125
v2_spectrum,SU2-CNOT-line|n10|d60|i5|dir=gaussian|basis=Z|eta=0,SU2-CNOT-line|n10|d60|i5,512,488,0.00012469965714600082
v2_spectrum,SU2-CNOT-line|n10|d60|i5|dir=gaussian|basis=Z|eta=0,SU2-CNOT-line|n10|d60|i5,512,489,0.00012202993688522005
v2_spectrum,SU2-CNOT-line|n10|d60|i5|dir=gaussian|basis=Z|eta=0,SU2-CNOT-line|n10|d60|i5,512,490,0.00012018276820796414
v2_spectrum,SU2-CNOT-line|n10|d60|i5|dir=gaussian|basis=Z|eta=0,SU2-CNOT-line|n10|d60|i5,512,491,0.00011874671791412166
v2_spectrum,SU2-CNOT-line|n10|d60|i5|dir=gaussian|basis=Z|eta=0,SU2-CNOT-line|n10|d60|i5,512,492,0.00011711802777600902
v2_spectrum,SU2-CNOT-line|n10|d60|i5|dir=gaussian|basis=Z|eta=0,SU2-CNOT-line|n10|d60|i5,512,493,0.0001137696749459429
v2_spectrum,SU2-CNOT-line|n10|d60|i5|dir=gaussian|basis=Z|eta=0,SU2-CNOT-line|n10|d60|i5,512,494,0.0001136679651843601
v2_spectrum,SU2-CNOT-line|n10|d60|i5|dir=gaussian|basis=Z|eta=0,SU2-CNOT-line|n10|d60|i5,512,495,0.00011038701411023751
v2_spectrum,SU2-CNOT-line|n10|d60|i5|dir=gaussian|basis=Z|eta=0,SU2-CNOT-line|n10|d60|i5,512,496,0.00010800208978697717
v2_spectrum,SU2-CNOT-line|n10|d60|i5|dir=gaussian|basis=Z|eta=0,SU2-CNOT-line|n10|d60|i5,512,497,0.00010586192162200714
v2_spectrum,SU2-CNOT-line|n10|d60|i5|dir=gaussian|basis=Z|eta=0,SU2-CNOT-line|n10|d60|i5,512,498,0.00010437282027190194
v2_spectrum,SU2-CNOT-line|n10|d60|i5|dir=gaussian|basis=Z|eta=0,SU2-CNOT-line|n10|d60|i5,512,499,0.00010006545830168936
v2_spectrum,SU2-CNOT-line|n10|d60|i5|dir=gaussian|basis=Z|eta=0,SU2-CNOT-line|n10|d60|i5,512,500,9.81120329472247e-05
v2_spectrum,SU2-CNOT-line|n10|d60|i5|dir=gaussian|basis=Z|eta=0,SU2-CNOT-line|n10|d60|i5,512,501,9.76873634203538e-05
v2_spectrum,SU2-CNOT-line|n10|d60|i5|dir=gaussian|basis=Z|eta=0,SU2-CNOT-line|n10|d60|i5,512,502,9.629607119436754e-05
v2_spectrum,SU2-CNOT-line|n10|d60|i5|dir=gaussian|basis=Z|eta=0,SU2-CNOT-line|n10|d60|i5,512,503,9.409081195484878e-05
v2_spectrum,SU2-CNOT-line|n10|d60|i5|dir=gaussian|basis=Z|eta=0,SU2-CNOT-line|n10|d60|i5,512,504,8.923233098906106e-05
v2_spectrum,SU2-CNOT-line|n10|d60|i5|dir=gaussian|basis=Z|eta=0,SU2-CNOT-line|n10|d60|i5,512,505,8.801311027035822e-05
v2_spectrum,SU2-CNOT-line|n10|d60|i5|dir=gaussian|basis=Z|eta=0,SU2-CNOT-line|n10|d60|i5,512,506,8.661231578674626e-05
v2_spectrum,SU2-CNOT-line|n10|d60|i5|dir=gaussian|basis=Z|eta=0,SU2-CNOT-line|n10|d60|i5,512,507,8.295449509905788e-05
v2_spectrum,SU2-CNOT-line|n10|d60|i5|dir=gaussian|basis=Z|eta=0,SU2-CNOT-line|n10|d60|i5,512,508,8.028759638815937e-05
v2_spectrum,SU2-CNOT-line|n10|d60|i5|dir=gaussian|basis=Z|eta=0,SU2-CNOT-line|n10|d60|i5,512,509,7.907286969741012e-05
v2_spectrum,SU2-CNOT-line|n10|d60|i5|dir=gaussian|basis=Z|eta=0,SU2-CNOT-line|n10|d60|i5,512,510,7.277439387174616e-05
v2_spectrum,SU2-CNOT-line|n10|d60|i5|dir=gaussian|basis=Z|eta=0,SU2-CNOT-line|n10|d60|i5,512,511,7.031386932640266e-05
v2_spectrum,SU2-CNOT-line|n10|d60|i5|dir=gaussian|basis=Z|eta=0,SU2-CNOT-line|n10|d60|i5,512,512,6.65350695862309e-05
v2_spectrum,SU2-HaarU4-brickwork|n12|d72|i5|dir=gaussian|basis=Z|eta=0,SU2-HaarU4-brickwork|n12|d72|i5,512,1,0.008808758651278746
v2_spectrum,SU2-HaarU4-brickwork|n12|d72|i5|dir=gaussian|basis=Z|eta=0,SU2-HaarU4-brickwork|n12|d72|i5,512,2,0.008220744332217433
v2_spectrum,SU2-HaarU4-brickwork|n12|d72|i5|dir=gaussian|basis=Z|eta=0,SU2-HaarU4-brickwork|n12|d72|i5,512,3,0.007809609406081606
v2_spectrum,SU2-HaarU4-brickwork|n12|d72|i5|dir=gaussian|basis=Z|eta=0,SU2-HaarU4-brickwork|n12|d72|i5,512,4,0.007726208072528461
v2_spectrum,SU2-HaarU4-brickwork|n12|d72|i5|dir=gaussian|basis=Z|eta=0,SU2-HaarU4-brickwork|n12|d72|i5,512,5,0.007587134307031047
v2_spectrum,SU2-HaarU4-brickwork|n12|d72|i5|dir=gaussian|basis=Z|eta=0,SU2-HaarU4-brickwork|n12|d72|i5,512,6,0.007529533352165256
v2_spectrum,SU2-HaarU4-brickwork|n12|d72|i5|dir=gaussian|basis=Z|eta=0,SU2-HaarU4-brickwork|n12|d72|i5,512,7,0.007355524466160204
v2_spectrum,SU2-HaarU4-brickwork|n12|d72|i5|dir=gaussian|basis=Z|eta=0,SU2-HaarU4-brickwork|n12|d72|i5,512,8,0.0072678435082955215
v2_spectrum,SU2-HaarU4-brickwork|n12|d72|i5|dir=gaussian|basis=Z|eta=0,SU2-HaarU4-brickwork|n12|d72|i5,512,9,0.007061882234098025
v2_spectrum,SU2-HaarU4-brickwork|n12|d72|i5|dir=gaussian|basis=Z|eta=0,SU2-HaarU4-brickwork|n12|d72|i5,512,10,0.006968704032607836
v2_spectrum,SU2-HaarU4-brickwork|n12|d72|i5|dir=gaussian|basis=Z|eta=0,SU2-HaarU4-brickwork|n12|d72|i5,512,11,0.006906794328883006
v2_spectrum,SU2-HaarU4-brickwork|n12|d72|i5|dir=gaussian|basis=Z|eta=0,SU2-HaarU4-brickwork|n12|d72|i5,512,12,0.006800963060796923
v2_spectrum,SU2-HaarU4-brickwork|n12|d72|i5|dir=gaussian|basis=Z|eta=0,SU2-HaarU4-brickwork|n12|d72|i5,512,13,0.006656324371225914
v2_spectrum,SU2-HaarU4-brickwork|n12|d72|i5|dir=gaussian|basis=Z|eta=0,SU2-HaarU4-brickwork|n12|d72|i5,512,14,0.006579188049430992
v2_spectrum,SU2-HaarU4-brickwork|n12|d72|i5|dir=gaussian|basis=Z|eta=0,SU2-HaarU4-brickwork|n12|d72|i5,512,15,0.006525152745102286
v2_spectrum,SU2-HaarU4-brickwork|n12|d72|i5|dir=gaussian|basis=Z|eta=0,SU2-HaarU4-brickwork|n12|d72|i5,512,16,0.006447899295899076
v2_spectrum,SU2-HaarU4-brickwork|n12|d72|i5|dir=gaussian|basis=Z|eta=0,SU2-HaarU4-brickwork|n12|d72|i5,512,17,0.006389716626482079
v2_spectrum,SU2-HaarU4-brickwork|n12|d72|i5|dir=gaussian|basis=Z|eta=0,SU2-HaarU4-brickwork|n12|d72|i5,512,18,0.006318102377276174
v2_spectrum,SU2-HaarU4-brickwork|n12|d72|i5|dir=gaussian|basis=Z|eta=0,SU2-HaarU4-brickwork|n12|d72|i5,512,19,0.006269310308253297
v2_spectrum,SU2-HaarU4-brickwork|n12|d72|i5|dir=gaussian|basis=Z|eta=0,SU2-HaarU4-brickwork|n12|d72|i5,512,20,0.006180588925103188
v2_spectrum,SU2-HaarU4-brickwork|n12|d72|i5|dir=gaussian|basis=Z|eta=0,SU2-HaarU4-brickwork|n12|d72|i5,512,21,0.006157237169125741
v2_spectrum,SU2-HaarU4-brickwork|n12|d72|i5|dir=gaussian|basis=Z|eta=0,SU2-HaarU4-brickwork|n12|d72|i5,512,22,0.0060577302562299816
v2_spectrum,SU2-HaarU4-brickwork|n12|d72|i5|dir=gaussian|basis=Z|eta=0,SU2-HaarU4-brickwork|n12|d72|i5,512,23,0.0060128490863564105
v2_spectrum,SU2-HaarU4-brickwork|n12|d72|i5|dir=gaussian|basis=Z|eta=0,SU2-HaarU4-brickwork|n12|d72|i5,512,24,0.0059585797333240355
v2_spectrum,SU2-HaarU4-brickwork|n12|d72|i5|dir=gaussian|basis=Z|eta=0,SU2-HaarU4-brickwork|n12|d72|i5,512,25,0.005876209104113973
v2_spectrum,SU2-HaarU4-brickwork|n12|d72|i5|dir=gaussian|basis=Z|eta=0,SU2-HaarU4-brickwork|n12|d72|i5,512,26,0.005856561968087145
v2_spectrum,SU2-HaarU4-brickwork|n12|d72|i5|dir=gaussian|basis=Z|eta=0,SU2-HaarU4-brickwork|n12|d72|i5,512,27,0.005742894808465149
v2_spectrum,SU2-HaarU4-brickwork|n12|d72|i5|dir=gaussian|basis=Z|eta=0,SU2-HaarU4-brickwork|n12|d72|i5,512,28,0.005735230450895654
v2_spectrum,SU2-HaarU4-brickwork|n12|d72|i5|dir=gaussian|basis=Z|eta=0,SU2-HaarU4-brickwork|n12|d72|i5,512,29,0.005645182787725666
v2_spectrum,SU2-HaarU4-brickwork|n12|d72|i5|dir=gaussian|basis=Z|eta=0,SU2-HaarU4-brickwork|n12|d72|i5,512,30,0.005551608069322402
v2_spectrum,SU2-HaarU4-brickwork|n12|d72|i5|dir=gaussian|basis=Z|eta=0,SU2-HaarU4-brickwork|n12|d72|i5,512,31,0.005525444872363841
v2_spectrum,SU2-HaarU4-brickwork|n12|d72|i5|dir=gaussian|basis=Z|eta=0,SU2-HaarU4-brickwork|n12|d72|i5,512,32,0.00550978746030727
v2_spectrum,SU2-HaarU4-brickwork|n12|d72|i5|dir=gaussian|basis=Z|eta=0,SU2-HaarU4-brickwork|n12|d72|i5,512,33,0.005467084160889093
v2_spectrum,SU2-HaarU4-brickwork|n12|d72|i5|dir=gaussian|basis=Z|eta=0,SU2-HaarU4-brickwork|n12|d72|i5,512,34,0.005414364624372039
v2_spectrum,SU2-HaarU4-brickwork|n12|d72|i5|dir=gaussian|basis=Z|eta=0,SU2-HaarU4-brickwork|n12|d72|i5,512,35,0.005319816521516249
v2_spectrum,SU2-HaarU4-brickwork|n12|d72|i5|dir=gaussian|basis=Z|eta=0,SU2-HaarU4-brickwork|n12|d72|i5,512,36,0.005285845182793541
v2_spectrum,SU2-HaarU4-brickwork|n12|d72|i5|dir=gaussian|basis=Z|eta=0,SU2-HaarU4-brickwork|n12|d72|i5,512,37,0.00523828049289167
v2_spectrum,SU2-HaarU4-brickwork|n12|d72|i5|dir=gaussian|basis=Z|eta=0,SU2-HaarU4-brickwork|n12|d72|i5,512,38,0.005176734731740907
v2_spectrum,SU2-HaarU4-brickwork|n12|d72|i5|dir=gaussian|basis=Z|eta=0,SU2-HaarU4-brickwork|n12|d72|i5,512,39,0.00513493430503238
v2_spectrum,SU2-HaarU4-brickwork|n12|d72|i5|dir=gaussian|basis=Z|eta=0,SU2-HaarU4-brickwork|n12|d72|i5,512,40,0.005106389549789738
v2_spectrum,SU2-HaarU4-brickwork|n12|d72|i5|dir=gaussian|basis=Z|eta=0,SU2-HaarU4-brickwork|n12|d72|i5,512,41,0.005084962926780586
v2_spectrum,SU2-HaarU4-brickwork|n12|d72|i5|dir=gaussian|basis=Z|eta=0,SU2-HaarU4-brickwork|n12|d72|i5,512,42,0.005008913749280479
v2_spectrum,SU2-HaarU4-brickwork|n12|d72|i5|dir=gaussian|basis=Z|eta=0,SU2-HaarU4-brickwork|n12|d72|i5,512,43,0.004965412054213075
v2_spectrum,SU2-HaarU4-brickwork|n12|d72|i5|dir=gaussian|basis=Z|eta=0,SU2-HaarU4-brickwork|n12|d72|i5,512,44,0.004948827969287843
v2_spectrum,SU2-HaarU4-brickwork|n12|d72|i5|dir=gaussian|basis=Z|eta=0,SU2-HaarU4-brickwork|n12|d72|i5,512,45,0.0048933799634065
v2_spectrum,SU2-HaarU4-brickwork|n12|d72|i5|dir=gaussian|basis=Z|eta=0,SU2-HaarU4-brickwork|n12|d72|i5,512,46,0.004856842128232224
v2_spectrum,SU2-HaarU4-brickwork|n12|d72|i5|dir=gaussian|basis=Z|eta=0,SU2-HaarU4-brickwork|n12|d72|i5,512,47,0.0048342694409253635
v2_spectrum,SU2-HaarU4-brickwork|n12|d72|i5|dir=gaussian|basis=Z|eta=0,SU2-HaarU4-brickwork|n12|d72|i5,512,48,0.004783132061046393
v2_spectrum,SU2-HaarU4-brickwork|n12|d72|i5|dir=gaussian|basis=Z|eta=0,SU2-HaarU4-brickwork|n12|d72|i5,512,49,0.004747534927691234
v2_spectrum,SU2-HaarU4-brickwork|n12|d72|i5|dir=gaussian|basis=Z|eta=0,SU2-HaarU4-brickwork|n12|d72|i5,512,50,0.004719711930844051
v2_spectrum,SU2-HaarU4-brickwork|n12|d72|i5|dir=gaussian|basis=Z|eta=0,SU2-HaarU4-brickwork|n12|d72|i5,512,51,0.004690124357265817
v2_spectrum,SU2-HaarU4-brickwork|n12|d72|i5|dir=gaussian|basis=Z|eta=0,SU2-HaarU4-brickwork|n12|d72|i5,512,52,0.0046544262279652766
v2_spectrum,SU2-HaarU4-brickwork|n12|d72|i5|dir=gaussian|basis=Z|eta=0,SU2-HaarU4-brickwork|n12|d72|i5,512,53,0.004589489156567606
v2_spectrum,SU2-HaarU4-brickwork|n12|d72|i5|dir=gaussian|basis=Z|eta=0,SU2-HaarU4-brickwork|n12|d72|i5,512,54,0.004534890651017792
v2_spectrum,SU2-HaarU4-brickwork|n12|d72|i5|dir=gaussian|basis=Z|eta=0,SU2-HaarU4-brickwork|n12|d72|i5,512,55,0.004525902956153981
v2_spectrum,SU2-HaarU4-brickwork|n12|d72|i5|dir=gaussian|basis=Z|eta=0,SU2-HaarU4-brickwork|n12|d72|i5,512,56,0.004472307099687469
v2_spectrum,SU2-HaarU4-brickwork|n12|d72|i5|dir=gaussian|basis=Z|eta=0,SU2-HaarU4-brickwork|n12|d72|i5,512,57,0.004446256466188726
v2_spectrum,SU2-HaarU4-brickwork|n12|d72|i5|dir=gaussian|basis=Z|eta=0,SU2-HaarU4-brickwork|n12|d72|i5,512,58,0.004430320699627357
v2_spectrum,SU2-HaarU4-brickwork|n12|d72|i5|dir=gaussian|basis=Z|eta=0,SU2-HaarU4-brickwork|n12|d72|i5,512,59,0.004374042908980713
v2_spectrum,SU2-HaarU4-brickwork|n12|d72|i5|dir=gaussian|basis=Z|eta=0,SU2-HaarU4-brickwork|n12|d72|i5,512,60,0.004337343795986516
v2_spectrum,SU2-HaarU4-brickwork|n12|d72|i5|dir=gaussian|basis=Z|eta=0,SU2-HaarU4-brickwork|n12|d72|i5,512,61,0.004327571385287336
v2_spectrum,SU2-HaarU4-brickwork|n12|d72|i5|dir=gaussian|basis=Z|eta=0,SU2-HaarU4-brickwork|n12|d72|i5,512,62,0.004300379004739472
v2_spectrum,SU2-HaarU4-brickwork|n12|d72|i5|dir=gaussian|basis=Z|eta=0,SU2-HaarU4-brickwork|n12|d72|i5,512,63,0.004246473697469162
v2_spectrum,SU2-HaarU4-brickwork|n12|d72|i5|dir=gaussian|basis=Z|eta=0,SU2-HaarU4-brickwork|n12|d72|i5,512,64,0.004207751014499437
v2_spectrum,SU2-HaarU4-brickwork|n12|d72|i5|dir=gaussian|basis=Z|eta=0,SU2-HaarU4-brickwork|n12|d72|i5,512,65,0.004194245878124275
v2_spectrum,SU2-HaarU4-brickwork|n12|d72|i5|dir=gaussian|basis=Z|eta=0,SU2-HaarU4-brickwork|n12|d72|i5,512,66,0.004143270777439939
v2_spectrum,SU2-HaarU4-brickwork|n12|d72|i5|dir=gaussian|basis=Z|eta=0,SU2-HaarU4-brickwork|n12|d72|i5,512,67,0.004117989658608617
v2_spectrum,SU2-HaarU4-brickwork|n12|d72|i5|dir=gaussian|basis=Z|eta=0,SU2-HaarU4-brickwork|n12|d72|i5,512,68,0.004091506157195366
v2_spectrum,SU2-HaarU4-brickwork|n12|d72|i5|dir=gaussian|basis=Z|eta=0,SU2-HaarU4-brickwork|n12|d72|i5,512,69,0.004060614469542238
v2_spectrum,SU2-HaarU4-brickwork|n12|d72|i5|dir=gaussian|basis=Z|eta=0,SU2-HaarU4-brickwork|n12|d72|i5,512,70,0.004047266326338312
v2_spectrum,SU2-HaarU4-brickwork|n12|d72|i5|dir=gaussian|basis=Z|eta=0,SU2-HaarU4-brickwork|n12|d72|i5,512,71,0.00400876924741353
v2_spectrum,SU2-HaarU4-brickwork|n12|d72|i5|dir=gaussian|basis=Z|eta=0,SU2-HaarU4-brickwork|n12|d72|i5,512,72,0.003981160854574715
v2_spectrum,SU2-HaarU4-brickwork|n12|d72|i5|dir=gaussian|basis=Z|eta=0,SU2-HaarU4-brickwork|n12|d72|i5,512,73,0.0039694430134100634
v2_spectrum,SU2-HaarU4-brickwork|n12|d72|i5|dir=gaussian|basis=Z|eta=0,SU2-HaarU4-brickwork|n12|d72|i5,512,74,0.003949591182404272
v2_spectrum,SU2-HaarU4-brickwork|n12|d72|i5|dir=gaussian|basis=Z|eta=0,SU2-HaarU4-brickwork|n12|d72|i5,512,75,0.00391401855716233
v2_spectrum,SU2-HaarU4-brickwork|n12|d72|i5|dir=gaussian|basis=Z|eta=0,SU2-HaarU4-brickwork|n12|d72|i5,512,76,0.003879352744179568
v2_spectrum,SU2-HaarU4-brickwork|n12|d72|i5|dir=gaussian|basis=Z|eta=0,SU2-HaarU4-brickwork|n12|d72|i5,512,77,0.0038615938226182135
v2_spectrum,SU2-HaarU4-brickwork|n12|d72|i5|dir=gaussian|basis=Z|eta=0,SU2-HaarU4-brickwork|n12|d72|i5,512,78,0.0037919702095741445
v2_spectrum,SU2-HaarU4-brickwork|n12|d72|i5|dir=gaussian|basis=Z|eta=0,SU2-HaarU4-brickwork|n12|d72|i5,512,79,0.003779610154885213
v2_spectrum,SU2-HaarU4-brickwork|n12|d72|i5|dir=gaussian|basis=Z|eta=0,SU2-HaarU4-brickwork|n12|d72|i5,512,80,0.0037633268232215135
v2_spectrum,SU2-HaarU4-brickwork|n12|d72|i5|dir=gaussian|basis=Z|eta=0,SU2-HaarU4-brickwork|n12|d72|i5,512,81,0.0037326331915121342
v2_spectrum,SU2-HaarU4-brickwork|n12|d72|i5|dir=gaussian|basis=Z|eta=0,SU2-HaarU4-brickwork|n12|d72|i5,512,82,0.003704328849699699
v2_spectrum,SU2-HaarU4-brickwork|n12|d72|i5|dir=gaussian|basis=Z|eta=0,SU2-HaarU4-brickwork|n12|d72|i5,512,83,0.0036896172776366707
v2_spectrum,SU2-HaarU4-brickwork|n12|d72|i5|dir=gaussian|basis=Z|eta=0,SU2-HaarU4-brickwork|n12|d72|i5,512,84,0.0036795616461775234
v2_spectrum,SU2-HaarU4-brickwork|n12|d72|i5|dir=gaussian|basis=Z|eta=0,SU2-HaarU4-brickwork|n12|d72|i5,512,85,0.0036390671180762542
v2_spectrum,SU2-HaarU4-brickwork|n12|d72|i5|dir=gaussian|basis=Z|eta=0,SU2-HaarU4-brickwork|n12|d72|i5,512,86,0.0036157653542645855
v2_spectrum,SU2-HaarU4-brickwork|n12|d72|i5|dir=gaussian|basis=Z|eta=0,SU2-HaarU4-brickwork|n12|d72|i5,512,87,0.0035982544646262792
v2_spectrum,SU2-HaarU4-brickwork|n12|d72|i5|dir=gaussian|basis=Z|eta=0,SU2-HaarU4-brickwork|n12|d72|i5,512,88,0.003563540896080902
v2_spectrum,SU2-HaarU4-brickwork|n12|d72|i5|dir=gaussian|basis=Z|eta=0,SU2-HaarU4-brickwork|n12|d72|i5,512,89,0.0035316080370535554
v2_spectrum,SU2-HaarU4-brickwork|n12|d72|i5|dir=gaussian|basis=Z|eta=0,SU2-HaarU4-brickwork|n12|d72|i5,512,90,0.003519607598567869
v2_spectrum,SU2-HaarU4-brickwork|n12|d72|i5|dir=gaussian|basis=Z|eta=0,SU2-HaarU4-brickwork|n12|d72|i5,512,91,0.003489304972080756
v2_spectrum,SU2-HaarU4-brickwork|n12|d72|i5|dir=gaussian|basis=Z|eta=0,SU2-HaarU4-brickwork|n12|d72|i5,512,92,0.0034613937027645606
v2_spectrum,SU2-HaarU4-brickwork|n12|d72|i5|dir=gaussian|basis=Z|eta=0,SU2-HaarU4-brickwork|n12|d72|i5,512,93,0.0034472322328027412
v2_spectrum,SU2-HaarU4-brickwork|n12|d72|i5|dir=gaussian|basis=Z|eta=0,SU2-HaarU4-brickwork|n12|d72|i5,512,94,0.0034366221423604002
v2_spectrum,SU2-HaarU4-brickwork|n12|d72|i5|dir=gaussian|basis=Z|eta=0,SU2-HaarU4-brickwork|n12|d72|i5,512,95,0.003417992587370163
v2_spectrum,SU2-HaarU4-brickwork|n12|d72|i5|dir=gaussian|basis=Z|eta=0,SU2-HaarU4-brickwork|n12|d72|i5,512,96,0.003405694188480422
v2_spectrum,SU2-HaarU4-brickwork|n12|d72|i5|dir=gaussian|basis=Z|eta=0,SU2-HaarU4-brickwork|n12|d72|i5,512,97,0.0033774847977318502
v2_spectrum,SU2-HaarU4-brickwork|n12|d72|i5|dir=gaussian|basis=Z|eta=0,SU2-HaarU4-brickwork|n12|d72|i5,512,98,0.0033656896344801835
v2_spectrum,SU2-HaarU4-brickwork|n12|d72|i5|dir=gaussian|basis=Z|eta=0,SU2-HaarU4-brickwork|n12|d72|i5,512,99,0.0033147997854424908
v2_spectrum,SU2-HaarU4-brickwork|n12|d72|i5|dir=gaussian|basis=Z|eta=0,SU2-HaarU4-brickwork|n12|d72|i5,512,100,0.0032962166750218347
v2_spectrum,SU2-HaarU4-brickwork|n12|d72|i5|dir=gaussian|basis=Z|eta=0,SU2-HaarU4-brickwork|n12|d72|i5,512,101,0.0032830204385706475
v2_spectrum,SU2-HaarU4-brickwork|n12|d72|i5|dir=gaussian|basis=Z|eta=0,SU2-HaarU4-brickwork|n12|d72|i5,512,102,0.0032517343013980155
v2_spectrum,SU2-HaarU4-brickwork|n12|d72|i5|dir=gaussian|basis=Z|eta=0,SU2-HaarU4-brickwork|n12|d72|i5,512,103,0.0032064147990486223
v2_spectrum,SU2-HaarU4-brickwork|n12|d72|i5|dir=gaussian|basis=Z|eta=0,SU2-HaarU4-brickwork|n12|d72|i5,512,104,0.003195672844787485
v2_spectrum,SU2-HaarU4-brickwork|n12|d72|i5|dir=gaussian|basis=Z|eta=0,SU2-HaarU4-brickwork|n12|d72|i5,512,105,0.003180098372510682
v2_spectrum,SU2-HaarU4-brickwork|n12|d72|i5|dir=gaussian|basis=Z|eta=0,SU2-HaarU4-brickwork|n12|d72|i5,512,106,0.0031735576526673802
v2_spectrum,SU2-HaarU4-brickwork|n12|d72|i5|dir=gaussian|basis=Z|eta=0,SU2-HaarU4-brickwork|n12|d72|i5,512,107,0.0031443981924191796
v2_spectrum,SU2-HaarU4-brickwork|n12|d72|i5|dir=gaussian|basis=Z|eta=0,SU2-HaarU4-brickwork|n12|d72|i5,512,108,0.003123257460028742
v2_spectrum,SU2-HaarU4-brickwork|n12|d72|i5|dir=gaussian|basis=Z|eta=0,SU2-HaarU4-brickwork|n12|d72|i5,512,109,0.0031075011871500783
v2_spectrum,SU2-HaarU4-brickwork|n12|d72|i5|dir=gaussian|basis=Z|eta=0,SU2-HaarU4-brickwork|n12|d72|i5,512,110,0.003086531089039783
v2_spectrum,SU2-HaarU4-brickwork|n12|d72|i5|dir=gaussian|basis=Z|eta=0,SU2-HaarU4-brickwork|n12|d72|i5,512,111,0.0030775554547634487
v2_spectrum,SU2-HaarU4-brickwork|n12|d72|i5|dir=gaussian|basis=Z|eta=0,SU2-HaarU4-brickwork|n12|d72|i5,512,112,0.00306504899791114
v2_spectrum,SU2-HaarU4-brickwork|n12|d72|i5|dir=gaussian|basis=Z|eta=0,SU2-HaarU4-brickwork|n12|d72|i5,512,113,0.0030336966673166063
v2_spectrum,SU2-HaarU4-brickwork|n12|d72|i5|dir=gaussian|basis=Z|eta=0,SU2-HaarU4-brickwork|n12|d72|i5,512,114,0.0030172561792052048
v2_spectrum,SU2-HaarU4-brickwork|n12|d72|i5|dir=gaussian|basis=Z|eta=0,SU2-HaarU4-brickwork|n12|d72|i5,512,115,0.002989726862146407
v2_spectrum,SU2-HaarU4-brickwork|n12|d72|i5|dir=gaussian|basis=Z|eta=0,SU2-HaarU4-brickwork|n12|d72|i5,512,116,0.002986070766018069
v2_spectrum,SU2-HaarU4-brickwork|n12|d72|i5|dir=gaussian|basis=Z|eta=0,SU2-HaarU4-brickwork|n12|d72|i5,512,117,0.0029700905936220177
v2_spectrum,SU2-HaarU4-brickwork|n12|d72|i5|dir=gaussian|basis=Z|eta=0,SU2-HaarU4-brickwork|n12|d72|i5,512,118,0.0029610691289281795
v2_spectrum,SU2-HaarU4-brickwork|n12|d72|i5|dir=gaussian|basis=Z|eta=0,SU2-HaarU4-brickwork|n12|d72|i5,512,119,0.002941083988953082
v2_spectrum,SU2-HaarU4-brickwork|n12|d72|i5|dir=gaussian|basis=Z|eta=0,SU2-HaarU4-brickwork|n12|d72|i5,512,120,0.0029140495866810316
v2_spectrum,SU2-HaarU4-brickwork|n12|d72|i5|dir=gaussian|basis=Z|eta=0,SU2-HaarU4-brickwork|n12|d72|i5,512,121,0.002897463791636562
v2_spectrum,SU2-HaarU4-brickwork|n12|d72|i5|dir=gaussian|basis=Z|eta=0,SU2-HaarU4-brickwork|n12|d72|i5,512,122,0.0028635605345256198
v2_spectrum,SU2-HaarU4-brickwork|n12|d72|i5|dir=gaussian|basis=Z|eta=0,SU2-HaarU4-brickwork|n12|d72|i5,512,123,0.0028509916993257806
v2_spectrum,SU2-HaarU4-brickwork|n12|d72|i5|dir=gaussian|basis=Z|eta=0,SU2-HaarU4-brickwork|n12|d72|i5,512,124,0.002829363022055165
v2_spectrum,SU2-HaarU4-brickwork|n12|d72|i5|dir=gaussian|basis=Z|eta=0,SU2-HaarU4-brickwork|n12|d72|i5,512,125,0.0028203780201584627
v2_spectrum,SU2-HaarU4-brickwork|n12|d72|i5|dir=gaussian|basis=Z|eta=0,SU2-HaarU4-brickwork|n12|d72|i5,512,126,0.0028061432301282447
v2_spectrum,SU2-HaarU4-brickwork|n12|d72|i5|dir=gaussian|basis=Z|eta=0,SU2-HaarU4-brickwork|n12|d72|i5,512,127,0.002793730825212533
v2_spectrum,SU2-HaarU4-brickwork|n12|d72|i5|dir=gaussian|basis=Z|eta=0,SU2-HaarU4-brickwork|n12|d72|i5,512,128,0.0027708534387286105
v2_spectrum,SU2-HaarU4-brickwork|n12|d72|i5|dir=gaussian|basis=Z|eta=0,SU2-HaarU4-brickwork|n12|d72|i5,512,129,0.00275484292272792
v2_spectrum,SU2-HaarU4-brickwork|n12|d72|i5|dir=gaussian|basis=Z|eta=0,SU2-HaarU4-brickwork|n12|d72|i5,512,130,0.0027314370655935174
v2_spectrum,SU2-HaarU4-brickwork|n12|d72|i5|dir=gaussian|basis=Z|eta=0,SU2-HaarU4-brickwork|n12|d72|i5,512,131,0.0027215358229513557
v2_spectrum,SU2-HaarU4-brickwork|n12|d72|i5|dir=gaussian|basis=Z|eta=0,SU2-HaarU4-brickwork|n12|d72|i5,512,132,0.002717403727538176
v2_spectrum,SU2-HaarU4-brickwork|n12|d72|i5|dir=gaussian|basis=Z|eta=0,SU2-HaarU4-brickwork|n12|d72|i5,512,133,0.0027011111554089266
v2_spectrum,SU2-HaarU4-brickwork|n12|d72|i5|dir=gaussian|basis=Z|eta=0,SU2-HaarU4-brickwork|n12|d72|i5,512,134,0.0026864706339282084
v2_spectrum,SU2-HaarU4-brickwork|n12|d72|i5|dir=gaussian|basis=Z|eta=0,SU2-HaarU4-brickwork|n12|d72|i5,512,135,0.0026673716271640446
v2_spectrum,SU2-HaarU4-brickwork|n12|d72|i5|dir=gaussian|basis=Z|eta=0,SU2-HaarU4-brickwork|n12|d72|i5,512,136,0.0026550883516821507
v2_spectrum,SU2-HaarU4-brickwork|n12|d72|i5|dir=gaussian|basis=Z|eta=0,SU2-HaarU4-brickwork|n12|d72|i5,512,137,0.0026311896271039247
v2_spectrum,SU2-HaarU4-brickwork|n12|d72|i5|dir=gaussian|basis=Z|eta=0,SU2-HaarU4-brickwork|n12|d72|i5,512,138,0.0026269580933408437
v2_spectrum,SU2-HaarU4-brickwork|n12|d72|i5|dir=gaussian|basis=Z|eta=0,SU2-HaarU4-brickwork|n12|d72|i5,512,139,0.0025932671090539237
v2_spectrum,SU2-HaarU4-brickwork|n12|d72|i5|dir=gaussian|basis=Z|eta=0,SU2-HaarU4-brickwork|n12|d72|i5,512,140,0.0025810391538125346
v2_spectrum,SU2-HaarU4-brickwork|n12|d72|i5|dir=gaussian|basis=Z|eta=0,SU2-HaarU4-brickwork|n12|d72|i5,512,141,0.0025713434034319335
v2_spectrum,SU2-HaarU4-brickwork|n12|d72|i5|dir=gaussian|basis=Z|eta=0,SU2-HaarU4-brickwork|n12|d72|i5,512,142,0.002548785551965979
v2_spectrum,SU2-HaarU4-brickwork|n12|d72|i5|dir=gaussian|basis=Z|eta=0,SU2-HaarU4-brickwork|n12|d72|i5,512,143,0.0025269786680131544
v2_spectrum,SU2-HaarU4-brickwork|n12|d72|i5|dir=gaussian|basis=Z|eta=0,SU2-HaarU4-brickwork|n12|d72|i5,512,144,0.00251344063997241
v2_spectrum,SU2-HaarU4-brickwork|n12|d72|i5|dir=gaussian|basis=Z|eta=0,SU2-HaarU4-brickwork|n12|d72|i5,512,145,0.0024992871158161277
v2_spectrum,SU2-HaarU4-brickwork|n12|d72|i5|dir=gaussian|basis=Z|eta=0,SU2-HaarU4-brickwork|n12|d72|i5,512,146,0.0024944631016245323
v2_spectrum,SU2-HaarU4-brickwork|n12|d72|i5|dir=gaussian|basis=Z|eta=0,SU2-HaarU4-brickwork|n12|d72|i5,512,147,0.0024750541887717057
v2_spectrum,SU2-HaarU4-brickwork|n12|d72|i5|dir=gaussian|basis=Z|eta=0,SU2-HaarU4-brickwork|n12|d72|i5,512,148,0.002469189272808721
v2_spectrum,SU2-HaarU4-brickwork|n12|d72|i5|dir=gaussian|basis=Z|eta=0,SU2-HaarU4-brickwork|n12|d72|i5,512,149,0.0024617318503921855
v2_spectrum,SU2-HaarU4-brickwork|n12|d72|i5|dir=gaussian|basis=Z|eta=0,SU2-HaarU4-brickwork|n12|d72|i5,512,150,0.0024337509679430228
v2_spectrum,SU2-HaarU4-brickwork|n12|d72|i5|dir=gaussian|basis=Z|eta=0,SU2-HaarU4-brickwork|n12|d72|i5,512,151,0.00241577659465405
v2_spectrum,SU2-HaarU4-brickwork|n12|d72|i5|dir=gaussian|basis=Z|eta=0,SU2-HaarU4-brickwork|n12|d72|i5,512,152,0.002410033359931669
v2_spectrum,SU2-HaarU4-brickwork|n12|d72|i5|dir=gaussian|basis=Z|eta=0,SU2-HaarU4-brickwork|n12|d72|i5,512,153,0.0023934498804653545
v2_spectrum,SU2-HaarU4-brickwork|n12|d72|i5|dir=gaussian|basis=Z|eta=0,SU2-HaarU4-brickwork|n12|d72|i5,512,154,0.0023678220729256992
v2_spectrum,SU2-HaarU4-brickwork|n12|d72|i5|dir=gaussian|basis=Z|eta=0,SU2-HaarU4-brickwork|n12|d72|i5,512,155,0.0023647524107165076
v2_spectrum,SU2-HaarU4-brickwork|n12|d72|i5|dir=gaussian|basis=Z|eta=0,SU2-HaarU4-brickwork|n12|d72|i5,512,156,0.002339296239376494
v2_spectrum,SU2-HaarU4-brickwork|n12|d72|i5|dir=gaussian|basis=Z|eta=0,SU2-HaarU4-brickwork|n12|d72|i5,512,157,0.0023181754369518033
v2_spectrum,SU2-HaarU4-brickwork|n12|d72|i5|dir=gaussian|basis=Z|eta=0,SU2-HaarU4-brickwork|n12|d72|i5,512,158,0.0023130316300776456
v2_spectrum,SU2-HaarU4-brickwork|n12|d72|i5|dir=gaussian|basis=Z|eta=0,SU2-HaarU4-brickwork|n12|d72|i5,512,159,0.0023058463856274842
v2_spectrum,SU2-HaarU4-brickwork|n12|d72|i5|dir=gaussian|basis=Z|eta=0,SU2-HaarU4-brickwork|n12|d72|i5,512,160,0.002298780633288104
v2_spectrum,SU2-HaarU4-brickwork|n12|d72|i5|dir=gaussian|basis=Z|eta=0,SU2-HaarU4-brickwork|n12|d72|i5,512,161,0.00228153735408363
v2_spectrum,SU2-HaarU4-brickwork|n12|d72|i5|dir=gaussian|basis=Z|eta=0,SU2-HaarU4-brickwork|n12|d72|i5,512,162,0.0022673753817557024
v2_spectrum,SU2-HaarU4-brickwork|n12|d72|i5|dir=gaussian|basis=Z|eta=0,SU2-HaarU4-brickwork|n12|d72|i5,512,163,0.002249989688185259
v2_spectrum,SU2-HaarU4-brickwork|n12|d72|i5|dir=gaussian|basis=Z|eta=0,SU2-HaarU4-brickwork|n12|d72|i5,512,164,0.002243814079895604
v2_spectrum,SU2-HaarU4-brickwork|n12|d72|i5|dir=gaussian|basis=Z|eta=0,SU2-HaarU4-brickwork|n12|d72|i5,512,165,0.0022399786686708584
v2_spectrum,SU2-HaarU4-brickwork|n12|d72|i5|dir=gaussian|basis=Z|eta=0,SU2-HaarU4-brickwork|n12|d72|i5,512,166,0.0022174538488359532
v2_spectrum,SU2-HaarU4-brickwork|n12|d72|i5|dir=gaussian|basis=Z|eta=0,SU2-HaarU4-brickwork|n12|d72|i5,512,167,0.002202641039696916
v2_spectrum,SU2-HaarU4-brickwork|n12|d72|i5|dir=gaussian|basis=Z|eta=0,SU2-HaarU4-brickwork|n12|d72|i5,512,168,0.0021922763066190526
v2_spectrum,SU2-HaarU4-brickwork|n12|d72|i5|dir=gaussian|basis=Z|eta=0,SU2-HaarU4-brickwork|n12|d72|i5,512,169,0.0021808063907933157
v2_spectrum,SU2-HaarU4-brickwork|n12|d72|i5|dir=gaussian|basis=Z|eta=0,SU2-HaarU4-brickwork|n12|d72|i5,512,170,0.0021696799874559936
v2_spectrum,SU2-HaarU4-brickwork|n12|d72|i5|dir=gaussian|basis=Z|eta=0,SU2-HaarU4-brickwork|n12|d72|i5,512,171,0.0021623717182796347
v2_spectrum,SU2-HaarU4-brickwork|n12|d72|i5|dir=gaussian|basis=Z|eta=0,SU2-HaarU4-brickwork|n12|d72|i5,512,172,0.0021538960835806704
v2_spectrum,SU2-HaarU4-brickwork|n12|d72|i5|dir=gaussian|basis=Z|eta=0,SU2-HaarU4-brickwork|n12|d72|i5,512,173,0.0021500508855849796
v2_spectrum,SU2-HaarU4-brickwork|n12|d72|i5|dir=gaussian|basis=Z|eta=0,SU2-HaarU4-brickwork|n12|d72|i5,512,174,0.00213441006040943
v2_spectrum,SU2-HaarU4-brickwork|n12|d72|i5|dir=gaussian|basis=Z|eta=0,SU2-HaarU4-brickwork|n12|d72|i5,512,175,0.0021225637967270715
v2_spectrum,SU2-HaarU4-brickwork|n12|d72|i5|dir=gaussian|basis=Z|eta=0,SU2-HaarU4-brickwork|n12|d72|i5,512,176,0.0021057371241993096
v2_spectrum,SU2-HaarU4-brickwork|n12|d72|i5|dir=gaussian|basis=Z|eta=0,SU2-HaarU4-brickwork|n12|d72|i5,512,177,0.0020780835510565087
v2_spectrum,SU2-HaarU4-brickwork|n12|d72|i5|dir=gaussian|basis=Z|eta=0,SU2-HaarU4-brickwork|n12|d72|i5,512,178,0.0020726802290442657
v2_spectrum,SU2-HaarU4-brickwork|n12|d72|i5|dir=gaussian|basis=Z|eta=0,SU2-HaarU4-brickwork|n12|d72|i5,512,179,0.0020656556948509953
v2_spectrum,SU2-HaarU4-brickwork|n12|d72|i5|dir=gaussian|basis=Z|eta=0,SU2-HaarU4-brickwork|n12|d72|i5,512,180,0.0020486140549591213
v2_spectrum,SU2-HaarU4-brickwork|n12|d72|i5|dir=gaussian|basis=Z|eta=0,SU2-HaarU4-brickwork|n12|d72|i5,512,181,0.0020356627715021097
v2_spectrum,SU2-HaarU4-brickwork|n12|d72|i5|dir=gaussian|basis=Z|eta=0,SU2-HaarU4-brickwork|n12|d72|i5,512,182,0.0020274066950357354
v2_spectrum,SU2-HaarU4-brickwork|n12|d72|i5|dir=gaussian|basis=Z|eta=0,SU2-HaarU4-brickwork|n12|d72|i5,512,183,0.002006536643492884
v2_spectrum,SU2-HaarU4-brickwork|n12|d72|i5|dir=gaussian|basis=Z|eta=0,SU2-HaarU4-brickwork|n12|d72|i5,512,184,0.0019965974528755506
v2_spectrum,SU2-HaarU4-brickwork|n12|d72|i5|dir=gaussian|basis=Z|eta=0,SU2-HaarU4-brickwork|n12|d72|i5,512,185,0.0019894739053470216
v2_spectrum,SU2-HaarU4-brickwork|n12|d72|i5|dir=gaussian|basis=Z|eta=0,SU2-HaarU4-brickwork|n12|d72|i5,512,186,0.0019756153262568132
v2_spectrum,SU2-HaarU4-brickwork|n12|d72|i5|dir=gaussian|basis=Z|eta=0,SU2-HaarU4-brickwork|n12|d72|i5,512,187,0.001965602400463045
v2_spectrum,SU2-HaarU4-brickwork|n12|d72|i5|dir=gaussian|basis=Z|eta=0,SU2-HaarU4-brickwork|n12|d72|i5,512,188,0.0019535657761367404
v2_spectrum,SU2-HaarU4-brickwork|n12|d72|i5|dir=gaussian|basis=Z|eta=0,SU2-HaarU4-brickwork|n12|d72|i5,512,189,0.0019420284442118582
v2_spectrum,SU2-HaarU4-brickwork|n12|d72|i5|dir=gaussian|basis=Z|eta=0,SU2-HaarU4-brickwork|n12|d72|i5,512,190,0.0019407915717425458
v2_spectrum,SU2-HaarU4-brickwork|n12|d72|i5|dir=gaussian|basis=Z|eta=0,SU2-HaarU4-brickwork|n12|d72|i5,512,191,0.0019143648563006556
v2_spectrum,SU2-HaarU4-brickwork|n12|d72|i5|dir=gaussian|basis=Z|eta=0,SU2-HaarU4-brickwork|n12|d72|i5,512,192,0.0019083212578132778
v2_spectrum,SU2-HaarU4-brickwork|n12|d72|i5|dir=gaussian|basis=Z|eta=0,SU2-HaarU4-brickwork|n12|d72|i5,512,193,0.0018952804167349754
v2_spectrum,SU2-HaarU4-brickwork|n12|d72|i5|dir=gaussian|basis=Z|eta=0,SU2-HaarU4-brickwork|n12|d72|i5,512,194,0.0018853061222595996
v2_spectrum,SU2-HaarU4-brickwork|n12|d72|i5|dir=gaussian|basis=Z|eta=0,SU2-HaarU4-brickwork|n12|d72|i5,512,195,0.0018656976197590134
v2_spectrum,SU2-HaarU4-brickwork|n12|d72|i5|dir=gaussian|basis=Z|eta=0,SU2-HaarU4-brickwork|n12|d72|i5,512,196,0.00185380761507173
v2_spectrum,SU2-HaarU4-brickwork|n12|d72|i5|dir=gaussian|basis=Z|eta=0,SU2-HaarU4-brickwork|n12|d72|i5,512,197,0.0018453587337857052
v2_spectrum,SU2-HaarU4-brickwork|n12|d72|i5|dir=gaussian|basis=Z|eta=0,SU2-HaarU4-brickwork|n12|d72|i5,512,198,0.0018329378178110446
v2_spectrum,SU2-HaarU4-brickwork|n12|d72|i5|dir=gaussian|basis=Z|eta=0,SU2-HaarU4-brickwork|n12|d72|i5,512,199,0.001815297371120183
v2_spectrum,SU2-HaarU4-brickwork|n12|d72|i5|dir=gaussian|basis=Z|eta=0,SU2-HaarU4-brickwork|n12|d72|i5,512,200,0.0018054239094187137
v2_spectrum,SU2-HaarU4-brickwork|n12|d72|i5|dir=gaussian|basis=Z|eta=0,SU2-HaarU4-brickwork|n12|d72|i5,512,201,0.0018016234781766628
v2_spectrum,SU2-HaarU4-brickwork|n12|d72|i5|dir=gaussian|basis=Z|eta=0,SU2-HaarU4-brickwork|n12|d72|i5,512,202,0.001792593876170733
v2_spectrum,SU2-HaarU4-brickwork|n12|d72|i5|dir=gaussian|basis=Z|eta=0,SU2-HaarU4-brickwork|n12|d72|i5,512,203,0.0017888819394066037
v2_spectrum,SU2-HaarU4-brickwork|n12|d72|i5|dir=gaussian|basis=Z|eta=0,SU2-HaarU4-brickwork|n12|d72|i5,512,204,0.0017773774581364104
v2_spectrum,SU2-HaarU4-brickwork|n12|d72|i5|dir=gaussian|basis=Z|eta=0,SU2-HaarU4-brickwork|n12|d72|i5,512,205,0.0017689815814753752
v2_spectrum,SU2-HaarU4-brickwork|n12|d72|i5|dir=gaussian|basis=Z|eta=0,SU2-HaarU4-brickwork|n12|d72|i5,512,206,0.0017570897512044646
v2_spectrum,SU2-HaarU4-brickwork|n12|d72|i5|dir=gaussian|basis=Z|eta=0,SU2-HaarU4-brickwork|n12|d72|i5,512,207,0.0017519380721083557
v2_spectrum,SU2-HaarU4-brickwork|n12|d72|i5|dir=gaussian|basis=Z|eta=0,SU2-HaarU4-brickwork|n12|d72|i5,512,208,0.001734641359052929
v2_spectrum,SU2-HaarU4-brickwork|n12|d72|i5|dir=gaussian|basis=Z|eta=0,SU2-HaarU4-brickwork|n12|d72|i5,512,209,0.0017252532762015074
v2_spectrum,SU2-HaarU4-brickwork|n12|d72|i5|dir=gaussian|basis=Z|eta=0,SU2-HaarU4-brickwork|n12|d72|i5,512,210,0.0017204402734299982
v2_spectrum,SU2-HaarU4-brickwork|n12|d72|i5|dir=gaussian|basis=Z|eta=0,SU2-HaarU4-brickwork|n12|d72|i5,512,211,0.001707893084325379
v2_spectrum,SU2-HaarU4-brickwork|n12|d72|i5|dir=gaussian|basis=Z|eta=0,SU2-HaarU4-brickwork|n12|d72|i5,512,212,0.0016981257100046096
v2_spectrum,SU2-HaarU4-brickwork|n12|d72|i5|dir=gaussian|basis=Z|eta=0,SU2-HaarU4-brickwork|n12|d72|i5,512,213,0.00169625595488586
v2_spectrum,SU2-HaarU4-brickwork|n12|d72|i5|dir=gaussian|basis=Z|eta=0,SU2-HaarU4-brickwork|n12|d72|i5,512,214,0.0016840552031811705
v2_spectrum,SU2-HaarU4-brickwork|n12|d72|i5|dir=gaussian|basis=Z|eta=0,SU2-HaarU4-brickwork|n12|d72|i5,512,215,0.0016812859096466367
v2_spectrum,SU2-HaarU4-brickwork|n12|d72|i5|dir=gaussian|basis=Z|eta=0,SU2-HaarU4-brickwork|n12|d72|i5,512,216,0.001660054218446071
v2_spectrum,SU2-HaarU4-brickwork|n12|d72|i5|dir=gaussian|basis=Z|eta=0,SU2-HaarU4-brickwork|n12|d72|i5,512,217,0.0016572426566894558
v2_spectrum,SU2-HaarU4-brickwork|n12|d72|i5|dir=gaussian|basis=Z|eta=0,SU2-HaarU4-brickwork|n12|d72|i5,512,218,0.0016428164824663007
v2_spectrum,SU2-HaarU4-brickwork|n12|d72|i5|dir=gaussian|basis=Z|eta=0,SU2-HaarU4-brickwork|n12|d72|i5,512,219,0.0016292922682721166
v2_spectrum,SU2-HaarU4-brickwork|n12|d72|i5|dir=gaussian|basis=Z|eta=0,SU2-HaarU4-brickwork|n12|d72|i5,512,220,0.0016230654090793398
v2_spectrum,SU2-HaarU4-brickwork|n12|d72|i5|dir=gaussian|basis=Z|eta=0,SU2-HaarU4-brickwork|n12|d72|i5,512,221,0.001615260211345489
v2_spectrum,SU2-HaarU4-brickwork|n12|d72|i5|dir=gaussian|basis=Z|eta=0,SU2-HaarU4-brickwork|n12|d72|i5,512,222,0.0016101073078535278
v2_spectrum,SU2-HaarU4-brickwork|n12|d72|i5|dir=gaussian|basis=Z|eta=0,SU2-HaarU4-brickwork|n12|d72|i5,512,223,0.001596647223437036
v2_spectrum,SU2-HaarU4-brickwork|n12|d72|i5|dir=gaussian|basis=Z|eta=0,SU2-HaarU4-brickwork|n12|d72|i5,512,224,0.0015912740567443566
v2_spectrum,SU2-HaarU4-brickwork|n12|d72|i5|dir=gaussian|basis=Z|eta=0,SU2-HaarU4-brickwork|n12|d72|i5,512,225,0.0015836819277310142
v2_spectrum,SU2-HaarU4-brickwork|n12|d72|i5|dir=gaussian|basis=Z|eta=0,SU2-HaarU4-brickwork|n12|d72|i5,512,226,0.0015709784843963208
v2_spectrum,SU2-HaarU4-brickwork|n12|d72|i5|dir=gaussian|basis=Z|eta=0,SU2-HaarU4-brickwork|n12|d72|i5,512,227,0.0015609474003792226
v2_spectrum,SU2-HaarU4-brickwork|n12|d72|i5|dir=gaussian|basis=Z|eta=0,SU2-HaarU4-brickwork|n12|d72|i5,512,228,0.001546325361093032
v2_spectrum,SU2-HaarU4-brickwork|n12|d72|i5|dir=gaussian|basis=Z|eta=0,SU2-HaarU4-brickwork|n12|d72|i5,512,229,0.0015398114863178032
v2_spectrum,SU2-HaarU4-brickwork|n12|d72|i5|dir=gaussian|basis=Z|eta=0,SU2-HaarU4-brickwork|n12|d72|i5,512,230,0.0015297508810226948
v2_spectrum,SU2-HaarU4-brickwork|n12|d72|i5|dir=gaussian|basis=Z|eta=0,SU2-HaarU4-brickwork|n12|d72|i5,512,231,0.0015253252564652712
v2_spectrum,SU2-HaarU4-brickwork|n12|d72|i5|dir=gaussian|basis=Z|eta=0,SU2-HaarU4-brickwork|n12|d72|i5,512,232,0.0015107353023680796
v2_spectrum,SU2-HaarU4-brickwork|n12|d72|i5|dir=gaussian|basis=Z|eta=0,SU2-HaarU4-brickwork|n12|d72|i5,512,233,0.0014985276806571953
v2_spectrum,SU2-HaarU4-brickwork|n12|d72|i5|dir=gaussian|basis=Z|eta=0,SU2-HaarU4-brickwork|n12|d72|i5,512,234,0.0014906466534280562
v2_spectrum,SU2-HaarU4-brickwork|n12|d72|i5|dir=gaussian|basis=Z|eta=0,SU2-HaarU4-brickwork|n12|d72|i5,512,235,0.0014864654328305797
v2_spectrum,SU2-HaarU4-brickwork|n12|d72|i5|dir=gaussian|basis=Z|eta=0,SU2-HaarU4-brickwork|n12|d72|i5,512,236,0.0014774893623003245
v2_spectrum,SU2-HaarU4-brickwork|n12|d72|i5|dir=gaussian|basis=Z|eta=0,SU2-HaarU4-brickwork|n12|d72|i5,512,237,0.0014709237588267086
v2_spectrum,SU2-HaarU4-brickwork|n12|d72|i5|dir=gaussian|basis=Z|eta=0,SU2-HaarU4-brickwork|n12|d72|i5,512,238,0.0014554782142191093
v2_spectrum,SU2-HaarU4-brickwork|n12|d72|i5|dir=gaussian|basis=Z|eta=0,SU2-HaarU4-brickwork|n12|d72|i5,512,239,0.0014504315512946808
v2_spectrum,SU2-HaarU4-brickwork|n12|d72|i5|dir=gaussian|basis=Z|eta=0,SU2-HaarU4-brickwork|n12|d72|i5,512,240,0.0014476995525894275
v2_spectrum,SU2-HaarU4-brickwork|n12|d72|i5|dir=gaussian|basis=Z|eta=0,SU2-HaarU4-brickwork|n12|d72|i5,512,241,0.001431227669384473
v2_spectrum,SU2-HaarU4-brickwork|n12|d72|i5|dir=gaussian|basis=Z|eta=0,SU2-HaarU4-brickwork|n12|d72|i5,512,242,0.0014241778613872113
v2_spectrum,SU2-HaarU4-brickwork|n12|d72|i5|dir=gaussian|basis=Z|eta=0,SU2-HaarU4-brickwork|n12|d72|i5,512,243,0.0014177488216088557
v2_spectrum,SU2-HaarU4-brickwork|n12|d72|i5|dir=gaussian|basis=Z|eta=0,SU2-HaarU4-brickwork|n12|d72|i5,512,244,0.0014110475287165427
v2_spectrum,SU2-HaarU4-brickwork|n12|d72|i5|dir=gaussian|basis=Z|eta=0,SU2-HaarU4-brickwork|n12|d72|i5,512,245,0.001399277723229258
v2_spectrum,SU2-HaarU4-brickwork|n12|d72|i5|dir=gaussian|basis=Z|eta=0,SU2-HaarU4-brickwork|n12|d72|i5,512,246,0.0013911483062558423
v2_spectrum,SU2-HaarU4-brickwork|n12|d72|i5|dir=gaussian|basis=Z|eta=0,SU2-HaarU4-brickwork|n12|d72|i5,512,247,0.0013793866310926712
v2_spectrum,SU2-HaarU4-brickwork|n12|d72|i5|dir=gaussian|basis=Z|eta=0,SU2-HaarU4-brickwork|n12|d72|i5,512,248,0.0013775155998710102
v2_spectrum,SU2-HaarU4-brickwork|n12|d72|i5|dir=gaussian|basis=Z|eta=0,SU2-HaarU4-brickwork|n12|d72|i5,512,249,0.0013648166320933445
v2_spectrum,SU2-HaarU4-brickwork|n12|d72|i5|dir=gaussian|basis=Z|eta=0,SU2-HaarU4-brickwork|n12|d72|i5,512,250,0.001362106956024889
v2_spectrum,SU2-HaarU4-brickwork|n12|d72|i5|dir=gaussian|basis=Z|eta=0,SU2-HaarU4-brickwork|n12|d72|i5,512,251,0.001349364162431384
v2_spectrum,SU2-HaarU4-brickwork|n12|d72|i5|dir=gaussian|basis=Z|eta=0,SU2-HaarU4-brickwork|n12|d72|i5,512,252,0.0013426652054776206
v2_spectrum,SU2-HaarU4-brickwork|n12|d72|i5|dir=gaussian|basis=Z|eta=0,SU2-HaarU4-brickwork|n12|d72|i5,512,253,0.0013378252889731798
v2_spectrum,SU2-HaarU4-brickwork|n12|d72|i5|dir=gaussian|basis=Z|eta=0,SU2-HaarU4-brickwork|n12|d72|i5,512,254,0.0013288670456597102
v2_spectrum,SU2-HaarU4-brickwork|n12|d72|i5|dir=gaussian|basis=Z|eta=0,SU2-HaarU4-brickwork|n12|d72|i5,512,255,0.0013234203107989877
v2_spectrum,SU2-HaarU4-brickwork|n12|d72|i5|dir=gaussian|basis=Z|eta=0,SU2-HaarU4-brickwork|n12|d72|i5,512,256,0.001311722218676138
v2_spectrum,SU2-HaarU4-brickwork|n12|d72|i5|dir=gaussian|basis=Z|eta=0,SU2-HaarU4-brickwork|n12|d72|i5,512,257,0.0013058128684241212
v2_spectrum,SU2-HaarU4-brickwork|n12|d72|i5|dir=gaussian|basis=Z|eta=0,SU2-HaarU4-brickwork|n12|d72|i5,512,258,0.001295502072580575
v2_spectrum,SU2-HaarU4-brickwork|n12|d72|i5|dir=gaussian|basis=Z|eta=0,SU2-HaarU4-brickwork|n12|d72|i5,512,259,0.0012909107272196893
v2_spectrum,SU2-HaarU4-brickwork|n12|d72|i5|dir=gaussian|basis=Z|eta=0,SU2-HaarU4-brickwork|n12|d72|i5,512,260,0.0012827753786982382
v2_spectrum,SU2-HaarU4-brickwork|n12|d72|i5|dir=gaussian|basis=Z|eta=0,SU2-HaarU4-brickwork|n12|d72|i5,512,261,0.001277478304453718
v2_spectrum,SU2-HaarU4-brickwork|n12|d72|i5|dir=gaussian|basis=Z|eta=0,SU2-HaarU4-brickwork|n12|d72|i5,512,262,0.0012747453245214061
v2_spectrum,SU2-HaarU4-brickwork|n12|d72|i5|dir=gaussian|basis=Z|eta=0,SU2-HaarU4-brickwork|n12|d72|i5,512,263,0.001266743775389192
v2_spectrum,SU2-HaarU4-brickwork|n12|d72|i5|dir=gaussian|basis=Z|eta=0,SU2-HaarU4-brickwork|n12|d72|i5,512,264,0.0012614836928157163
v2_spectrum,SU2-HaarU4-brickwork|n12|d72|i5|dir=gaussian|basis=Z|eta=0,SU2-HaarU4-brickwork|n12|d72|i5,512,265,0.0012515281129150573
v2_spectrum,SU2-HaarU4-brickwork|n12|d72|i5|dir=gaussian|basis=Z|eta=0,SU2-HaarU4-brickwork|n12|d72|i5,512,266,0.001241858010356601
v2_spectrum,SU2-HaarU4-brickwork|n12|d72|i5|dir=gaussian|basis=Z|eta=0,SU2-HaarU4-brickwork|n12|d72|i5,512,267,0.0012370522863772646
v2_spectrum,SU2-HaarU4-brickwork|n12|d72|i5|dir=gaussian|basis=Z|eta=0,SU2-HaarU4-brickwork|n12|d72|i5,512,268,0.0012324487558927084
v2_spectrum,SU2-HaarU4-brickwork|n12|d72|i5|dir=gaussian|basis=Z|eta=0,SU2-HaarU4-brickwork|n12|d72|i5,512,269,0.0012240082974705367
v2_spectrum,SU2-HaarU4-brickwork|n12|d72|i5|dir=gaussian|basis=Z|eta=0,SU2-HaarU4-brickwork|n12|d72|i5,512,270,0.001212320648585273
v2_spectrum,SU2-HaarU4-brickwork|n12|d72|i5|dir=gaussian|basis=Z|eta=0,SU2-HaarU4-brickwork|n12|d72|i5,512,271,0.0012036885605549638
v2_spectrum,SU2-HaarU4-brickwork|n12|d72|i5|dir=gaussian|basis=Z|eta=0,SU2-HaarU4-brickwork|n12|d72|i5,512,272,0.0011956340761005867
v2_spectrum,SU2-HaarU4-brickwork|n12|d72|i5|dir=gaussian|basis=Z|eta=0,SU2-HaarU4-brickwork|n12|d72|i5,512,273,0.0011949115904412604
v2_spectrum,SU2-HaarU4-brickwork|n12|d72|i5|dir=gaussian|basis=Z|eta=0,SU2-HaarU4-brickwork|n12|d72|i5,512,274,0.001190068329429902
v2_spectrum,SU2-HaarU4-brickwork|n12|d72|i5|dir=gaussian|basis=Z|eta=0,SU2-HaarU4-brickwork|n12|d72|i5,512,275,0.0011784575055280334
v2_spectrum,SU2-HaarU4-brickwork|n12|d72|i5|dir=gaussian|basis=Z|eta=0,SU2-HaarU4-brickwork|n12|d72|i5,512,276,0.0011708833375078088
v2_spectrum,SU2-HaarU4-brickwork|n12|d72|i5|dir=gaussian|basis=Z|eta=0,SU2-HaarU4-brickwork|n12|d72|i5,512,277,0.0011667452611410138
v2_spectrum,SU2-HaarU4-brickwork|n12|d72|i5|dir=gaussian|basis=Z|eta=0,SU2-HaarU4-brickwork|n12|d72|i5,512,278,0.0011631321844755061
v2_spectrum,SU2-HaarU4-brickwork|n12|d72|i5|dir=gaussian|basis=Z|eta=0,SU2-HaarU4-brickwork|n12|d72|i5,512,279,0.0011596133278334508
v2_spectrum,SU2-HaarU4-brickwork|n12|d72|i5|dir=gaussian|basis=Z|eta=0,SU2-HaarU4-brickwork|n12|d72|i5,512,280,0.0011498403256722562
v2_spectrum,SU2-HaarU4-brickwork|n12|d72|i5|dir=gaussian|basis=Z|eta=0,SU2-HaarU4-brickwork|n12|d72|i5,512,281,0.0011449153437947414
v2_spectrum,SU2-HaarU4-brickwork|n12|d72|i5|dir=gaussian|basis=Z|eta=0,SU2-HaarU4-brickwork|n12|d72|i5,512,282,0.0011373535973522467
v2_spectrum,SU2-HaarU4-brickwork|n12|d72|i5|dir=gaussian|basis=Z|eta=0,SU2-HaarU4-brickwork|n12|d72|i5,512,283,0.001130820717457603
v2_spectrum,SU2-HaarU4-brickwork|n12|d72|i5|dir=gaussian|basis=Z|eta=0,SU2-HaarU4-brickwork|n12|d72|i5,512,284,0.001121930570163933
v2_spectrum,SU2-HaarU4-brickwork|n12|d72|i5|dir=gaussian|basis=Z|eta=0,SU2-HaarU4-brickwork|n12|d72|i5,512,285,0.00111495012380893
v2_spectrum,SU2-HaarU4-brickwork|n12|d72|i5|dir=gaussian|basis=Z|eta=0,SU2-HaarU4-brickwork|n12|d72|i5,512,286,0.0011118560779419873
v2_spectrum,SU2-HaarU4-brickwork|n12|d72|i5|dir=gaussian|basis=Z|eta=0,SU2-HaarU4-brickwork|n12|d72|i5,512,287,0.0011080863664871701
v2_spectrum,SU2-HaarU4-brickwork|n12|d72|i5|dir=gaussian|basis=Z|eta=0,SU2-HaarU4-brickwork|n12|d72|i5,512,288,0.0010991906372687895
v2_spectrum,SU2-HaarU4-brickwork|n12|d72|i5|dir=gaussian|basis=Z|eta=0,SU2-HaarU4-brickwork|n12|d72|i5,512,289,0.001094324686495787
v2_spectrum,SU2-HaarU4-brickwork|n12|d72|i5|dir=gaussian|basis=Z|eta=0,SU2-HaarU4-brickwork|n12|d72|i5,512,290,0.001079275325500693
v2_spectrum,SU2-HaarU4-brickwork|n12|d72|i5|dir=gaussian|basis=Z|eta=0,SU2-HaarU4-brickwork|n12|d72|i5,512,291,0.0010759345993847402
v2_spectrum,SU2-HaarU4-brickwork|n12|d72|i5|dir=gaussian|basis=Z|eta=0,SU2-HaarU4-brickwork|n12|d72|i5,512,292,0.0010690781129699756
v2_spectrum,SU2-HaarU4-brickwork|n12|d72|i5|dir=gaussian|basis=Z|eta=0,SU2-HaarU4-brickwork|n12|d72|i5,512,293,0.0010610440822850066
v2_spectrum,SU2-HaarU4-brickwork|n12|d72|i5|dir=gaussian|basis=Z|eta=0,SU2-HaarU4-brickwork|n12|d72|i5,512,294,0.0010591052564688337
v2_spectrum,SU2-HaarU4-brickwork|n12|d72|i5|dir=gaussian|basis=Z|eta=0,SU2-HaarU4-brickwork|n12|d72|i5,512,295,0.0010567587576561387
v2_spectrum,SU2-HaarU4-brickwork|n12|d72|i5|dir=gaussian|basis=Z|eta=0,SU2-HaarU4-brickwork|n12|d72|i5,512,296,0.0010456068481681966
v2_spectrum,SU2-HaarU4-brickwork|n12|d72|i5|dir=gaussian|basis=Z|eta=0,SU2-HaarU4-brickwork|n12|d72|i5,512,297,0.0010413768597112977
v2_spectrum,SU2-HaarU4-brickwork|n12|d72|i5|dir=gaussian|basis=Z|eta=0,SU2-HaarU4-brickwork|n12|d72|i5,512,298,0.0010360870331054834
v2_spectrum,SU2-HaarU4-brickwork|n12|d72|i5|dir=gaussian|basis=Z|eta=0,SU2-HaarU4-brickwork|n12|d72|i5,512,299,0.0010260620274483937
v2_spectrum,SU2-HaarU4-brickwork|n12|d72|i5|dir=gaussian|basis=Z|eta=0,SU2-HaarU4-brickwork|n12|d72|i5,512,300,0.0010206790811468148
v2_spectrum,SU2-HaarU4-brickwork|n12|d72|i5|dir=gaussian|basis=Z|eta=0,SU2-HaarU4-brickwork|n12|d72|i5,512,301,0.0010132377421205028
v2_spectrum,SU2-HaarU4-brickwork|n12|d72|i5|dir=gaussian|basis=Z|eta=0,SU2-HaarU4-brickwork|n12|d72|i5,512,302,0.0010115790338622707
v2_spectrum,SU2-HaarU4-brickwork|n12|d72|i5|dir=gaussian|basis=Z|eta=0,SU2-HaarU4-brickwork|n12|d72|i5,512,303,0.0010038297521692454
v2_spectrum,SU2-HaarU4-brickwork|n12|d72|i5|dir=gaussian|basis=Z|eta=0,SU2-HaarU4-brickwork|n12|d72|i5,512,304,0.0009972687614758797
v2_spectrum,SU2-HaarU4-brickwork|n12|d72|i5|dir=gaussian|basis=Z|eta=0,SU2-HaarU4-brickwork|n12|d72|i5,512,305,0.0009914617514905468
v2_spectrum,SU2-HaarU4-brickwork|n12|d72|i5|dir=gaussian|basis=Z|eta=0,SU2-HaarU4-brickwork|n12|d72|i5,512,306,0.0009908429053233326
v2_spectrum,SU2-HaarU4-brickwork|n12|d72|i5|dir=gaussian|basis=Z|eta=0,SU2-HaarU4-brickwork|n12|d72|i5,512,307,0.0009866735022930932
v2_spectrum,SU2-HaarU4-brickwork|n12|d72|i5|dir=gaussian|basis=Z|eta=0,SU2-HaarU4-brickwork|n12|d72|i5,512,308,0.0009789764755578126
v2_spectrum,SU2-HaarU4-brickwork|n12|d72|i5|dir=gaussian|basis=Z|eta=0,SU2-HaarU4-brickwork|n12|d72|i5,512,309,0.000971293586713653
v2_spectrum,SU2-HaarU4-brickwork|n12|d72|i5|dir=gaussian|basis=Z|eta=0,SU2-HaarU4-brickwork|n12|d72|i5,512,310,0.0009657897419923461
v2_spectrum,SU2-HaarU4-brickwork|n12|d72|i5|dir=gaussian|basis=Z|eta=0,SU2-HaarU4-brickwork|n12|d72|i5,512,311,0.0009629542984954909
v2_spectrum,SU2-HaarU4-brickwork|n12|d72|i5|dir=gaussian|basis=Z|eta=0,SU2-HaarU4-brickwork|n12|d72|i5,512,312,0.0009581235012409809
v2_spectrum,SU2-HaarU4-brickwork|n12|d72|i5|dir=gaussian|basis=Z|eta=0,SU2-HaarU4-brickwork|n12|d72|i5,512,313,0.0009518304326982984
v2_spectrum,SU2-HaarU4-brickwork|n12|d72|i5|dir=gaussian|basis=Z|eta=0,SU2-HaarU4-brickwork|n12|d72|i5,512,314,0.0009452303674553395
v2_spectrum,SU2-HaarU4-brickwork|n12|d72|i5|dir=gaussian|basis=Z|eta=0,SU2-HaarU4-brickwork|n12|d72|i5,512,315,0.0009389425510647916
v2_spectrum,SU2-HaarU4-brickwork|n12|d72|i5|dir=gaussian|basis=Z|eta=0,SU2-HaarU4-brickwork|n12|d72|i5,512,316,0.000938221921821614
v2_spectrum,SU2-HaarU4-brickwork|n12|d72|i5|dir=gaussian|basis=Z|eta=0,SU2-HaarU4-brickwork|n12|d72|i5,512,317,0.000927226193278708
v2_spectrum,SU2-HaarU4-brickwork|n12|d72|i5|dir=gaussian|basis=Z|eta=0,SU2-HaarU4-brickwork|n12|d72|i5,512,318,0.0009180794102124179
v2_spectrum,SU2-HaarU4-brickwork|n12|d72|i5|dir=gaussian|basis=Z|eta=0,SU2-HaarU4-brickwork|n12|d72|i5,512,319,0.0009119844833998058
v2_spectrum,SU2-HaarU4-brickwork|n12|d72|i5|dir=gaussian|basis=Z|eta=0,SU2-HaarU4-brickwork|n12|d72|i5,512,320,0.0009112579570042053
v2_spectrum,SU2-HaarU4-brickwork|n12|d72|i5|dir=gaussian|basis=Z|eta=0,SU2-HaarU4-brickwork|n12|d72|i5,512,321,0.0009047592021101689
v2_spectrum,SU2-HaarU4-brickwork|n12|d72|i5|dir=gaussian|basis=Z|eta=0,SU2-HaarU4-brickwork|n12|d72|i5,512,322,0.0009016822596058779
v2_spectrum,SU2-HaarU4-brickwork|n12|d72|i5|dir=gaussian|basis=Z|eta=0,SU2-HaarU4-brickwork|n12|d72|i5,512,323,0.0008973193198808841
v2_spectrum,SU2-HaarU4-brickwork|n12|d72|i5|dir=gaussian|basis=Z|eta=0,SU2-HaarU4-brickwork|n12|d72|i5,512,324,0.0008932224396238889
v2_spectrum,SU2-HaarU4-brickwork|n12|d72|i5|dir=gaussian|basis=Z|eta=0,SU2-HaarU4-brickwork|n12|d72|i5,512,325,0.0008862175674230736
v2_spectrum,SU2-HaarU4-brickwork|n12|d72|i5|dir=gaussian|basis=Z|eta=0,SU2-HaarU4-brickwork|n12|d72|i5,512,326,0.0008797185902955034
v2_spectrum,SU2-HaarU4-brickwork|n12|d72|i5|dir=gaussian|basis=Z|eta=0,SU2-HaarU4-brickwork|n12|d72|i5,512,327,0.0008761988216768591
v2_spectrum,SU2-HaarU4-brickwork|n12|d72|i5|dir=gaussian|basis=Z|eta=0,SU2-HaarU4-brickwork|n12|d72|i5,512,328,0.0008735654983028953
v2_spectrum,SU2-HaarU4-brickwork|n12|d72|i5|dir=gaussian|basis=Z|eta=0,SU2-HaarU4-brickwork|n12|d72|i5,512,329,0.0008695095456730294
v2_spectrum,SU2-HaarU4-brickwork|n12|d72|i5|dir=gaussian|basis=Z|eta=0,SU2-HaarU4-brickwork|n12|d72|i5,512,330,0.0008615852170856586
v2_spectrum,SU2-HaarU4-brickwork|n12|d72|i5|dir=gaussian|basis=Z|eta=0,SU2-HaarU4-brickwork|n12|d72|i5,512,331,0.0008572123032989651
v2_spectrum,SU2-HaarU4-brickwork|n12|d72|i5|dir=gaussian|basis=Z|eta=0,SU2-HaarU4-brickwork|n12|d72|i5,512,332,0.0008494670057384262
v2_spectrum,SU2-HaarU4-brickwork|n12|d72|i5|dir=gaussian|basis=Z|eta=0,SU2-HaarU4-brickwork|n12|d72|i5,512,333,0.0008469630515549986
v2_spectrum,SU2-HaarU4-brickwork|n12|d72|i5|dir=gaussian|basis=Z|eta=0,SU2-HaarU4-brickwork|n12|d72|i5,512,334,0.0008408843492613746
v2_spectrum,SU2-HaarU4-brickwork|n12|d72|i5|dir=gaussian|basis=Z|eta=0,SU2-HaarU4-brickwork|n12|d72|i5,512,335,0.0008362612439185657
v2_spectrum,SU2-HaarU4-brickwork|n12|d72|i5|dir=gaussian|basis=Z|eta=0,SU2-HaarU4-brickwork|n12|d72|i5,512,336,0.0008274699496945933
v2_spectrum,SU2-HaarU4-brickwork|n12|d72|i5|dir=gaussian|basis=Z|eta=0,SU2-HaarU4-brickwork|n12|d72|i5,512,337,0.0008247288634103446
v2_spectrum,SU2-HaarU4-brickwork|n12|d72|i5|dir=gaussian|basis=Z|eta=0,SU2-HaarU4-brickwork|n12|d72|i5,512,338,0.0008204850568525882
v2_spectrum,SU2-HaarU4-brickwork|n12|d72|i5|dir=gaussian|basis=Z|eta=0,SU2-HaarU4-brickwork|n12|d72|i5,512,339,0.0008177750303828365
v2_spectrum,SU2-HaarU4-brickwork|n12|d72|i5|dir=gaussian|basis=Z|eta=0,SU2-HaarU4-brickwork|n12|d72|i5,512,340,0.0008141943471414667
v2_spectrum,SU2-HaarU4-brickwork|n12|d72|i5|dir=gaussian|basis=Z|eta=0,SU2-HaarU4-brickwork|n12|d72|i5,512,341,0.0008058286202281518
v2_spectrum,SU2-HaarU4-brickwork|n12|d72|i5|dir=gaussian|basis=Z|eta=0,SU2-HaarU4-brickwork|n12|d72|i5,512,342,0.0008025441383702129
v2_spectrum,SU2-HaarU4-brickwork|n12|d72|i5|dir=gaussian|basis=Z|eta=0,SU2-HaarU4-brickwork|n12|d72|i5,512,343,0.000799730400629176
v2_spectrum,SU2-HaarU4-brickwork|n12|d72|i5|dir=gaussian|basis=Z|eta=0,SU2-HaarU4-brickwork|n12|d72|i5,512,344,0.0007971122836492016
v2_spectrum,SU2-HaarU4-brickwork|n12|d72|i5|dir=gaussian|basis=Z|eta=0,SU2-HaarU4-brickwork|n12|d72|i5,512,345,0.0007909284160080893
v2_spectrum,SU2-HaarU4-brickwork|n12|d72|i5|dir=gaussian|basis=Z|eta=0,SU2-HaarU4-brickwork|n12|d72|i5,512,346,0.0007824005400933396
v2_spectrum,SU2-HaarU4-brickwork|n12|d72|i5|dir=gaussian|basis=Z|eta=0,SU2-HaarU4-brickwork|n12|d72|i5,512,347,0.0007802682701566334
v2_spectrum,SU2-HaarU4-brickwork|n12|d72|i5|dir=gaussian|basis=Z|eta=0,SU2-HaarU4-brickwork|n12|d72|i5,512,348,0.0007741123438603817
v2_spectrum,SU2-HaarU4-brickwork|n12|d72|i5|dir=gaussian|basis=Z|eta=0,SU2-HaarU4-brickwork|n12|d72|i5,512,349,0.0007684523510864958
v2_spectrum,SU2-HaarU4-brickwork|n12|d72|i5|dir=gaussian|basis=Z|eta=0,SU2-HaarU4-brickwork|n12|d72|i5,512,350,0.0007622470577798063
v2_spectrum,SU2-HaarU4-brickwork|n12|d72|i5|dir=gaussian|basis=Z|eta=0,SU2-HaarU4-brickwork|n12|d72|i5,512,351,0.0007566077556148782
v2_spectrum,SU2-HaarU4-brickwork|n12|d72|i5|dir=gaussian|basis=Z|eta=0,SU2-HaarU4-brickwork|n12|d72|i5,512,352,0.000750193324553095
v2_spectrum,SU2-HaarU4-brickwork|n12|d72|i5|dir=gaussian|basis=Z|eta=0,SU2-HaarU4-brickwork|n12|d72|i5,512,353,0.0007490503839583717
v2_spectrum,SU2-HaarU4-brickwork|n12|d72|i5|dir=gaussian|basis=Z|eta=0,SU2-HaarU4-brickwork|n12|d72|i5,512,354,0.0007381691996444723
v2_spectrum,SU2-HaarU4-brickwork|n12|d72|i5|dir=gaussian|basis=Z|eta=0,SU2-HaarU4-brickwork|n12|d72|i5,512,355,0.0007374711889492198
v2_spectrum,SU2-HaarU4-brickwork|n12|d72|i5|dir=gaussian|basis=Z|eta=0,SU2-HaarU4-brickwork|n12|d72|i5,512,356,0.0007305887651853808
v2_spectrum,SU2-HaarU4-brickwork|n12|d72|i5|dir=gaussian|basis=Z|eta=0,SU2-HaarU4-brickwork|n12|d72|i5,512,357,0.0007283873846574041
v2_spectrum,SU2-HaarU4-brickwork|n12|d72|i5|dir=gaussian|basis=Z|eta=0,SU2-HaarU4-brickwork|n12|d72|i5,512,358,0.0007201899691745414
v2_spectrum,SU2-HaarU4-brickwork|n12|d72|i5|dir=gaussian|basis=Z|eta=0,SU2-HaarU4-brickwork|n12|d72|i5,512,359,0.0007187026897379514
v2_spectrum,SU2-HaarU4-brickwork|n12|d72|i5|dir=gaussian|basis=Z|eta=0,SU2-HaarU4-brickwork|n12|d72|i5,512,360,0.0007121947855032504
v2_spectrum,SU2-HaarU4-brickwork|n12|d72|i5|dir=gaussian|basis=Z|eta=0,SU2-HaarU4-brickwork|n12|d72|i5,512,361,0.0007120665838298888
v2_spectrum,SU2-HaarU4-brickwork|n12|d72|i5|dir=gaussian|basis=Z|eta=0,SU2-HaarU4-brickwork|n12|d72|i5,512,362,0.0007058112378289686
v2_spectrum,SU2-HaarU4-brickwork|n12|d72|i5|dir=gaussian|basis=Z|eta=0,SU2-HaarU4-brickwork|n12|d72|i5,512,363,0.0006966697280572215
v2_spectrum,SU2-HaarU4-brickwork|n12|d72|i5|dir=gaussian|basis=Z|eta=0,SU2-HaarU4-brickwork|n12|d72|i5,512,364,0.0006957683507590608
v2_spectrum,SU2-HaarU4-brickwork|n12|d72|i5|dir=gaussian|basis=Z|eta=0,SU2-HaarU4-brickwork|n12|d72|i5,512,365,0.000690650612717955
v2_spectrum,SU2-HaarU4-brickwork|n12|d72|i5|dir=gaussian|basis=Z|eta=0,SU2-HaarU4-brickwork|n12|d72|i5,512,366,0.0006871258104551243
v2_spectrum,SU2-HaarU4-brickwork|n12|d72|i5|dir=gaussian|basis=Z|eta=0,SU2-HaarU4-brickwork|n12|d72|i5,512,367,0.000683691948014431
v2_spectrum,SU2-HaarU4-brickwork|n12|d72|i5|dir=gaussian|basis=Z|eta=0,SU2-HaarU4-brickwork|n12|d72|i5,512,368,0.0006828992684468169
v2_spectrum,SU2-HaarU4-brickwork|n12|d72|i5|dir=gaussian|basis=Z|eta=0,SU2-HaarU4-brickwork|n12|d72|i5,512,369,0.0006697903295544693
v2_spectrum,SU2-HaarU4-brickwork|n12|d72|i5|dir=gaussian|basis=Z|eta=0,SU2-HaarU4-brickwork|n12|d72|i5,512,370,0.0006676958262561015
v2_spectrum,SU2-HaarU4-brickwork|n12|d72|i5|dir=gaussian|basis=Z|eta=0,SU2-HaarU4-brickwork|n12|d72|i5,512,371,0.0006601899820923594
v2_spectrum,SU2-HaarU4-brickwork|n12|d72|i5|dir=gaussian|basis=Z|eta=0,SU2-HaarU4-brickwork|n12|d72|i5,512,372,0.0006578074399173501
v2_spectrum,SU2-HaarU4-brickwork|n12|d72|i5|dir=gaussian|basis=Z|eta=0,SU2-HaarU4-brickwork|n12|d72|i5,512,373,0.0006550492129485044
v2_spectrum,SU2-HaarU4-brickwork|n12|d72|i5|dir=gaussian|basis=Z|eta=0,SU2-HaarU4-brickwork|n12|d72|i5,512,374,0.0006504584228927874
v2_spectrum,SU2-HaarU4-brickwork|n12|d72|i5|dir=gaussian|basis=Z|eta=0,SU2-HaarU4-brickwork|n12|d72|i5,512,375,0.0006451605725469685
v2_spectrum,SU2-HaarU4-brickwork|n12|d72|i5|dir=gaussian|basis=Z|eta=0,SU2-HaarU4-brickwork|n12|d72|i5,512,376,0.0006434850935715378
v2_spectrum,SU2-HaarU4-brickwork|n12|d72|i5|dir=gaussian|basis=Z|eta=0,SU2-HaarU4-brickwork|n12|d72|i5,512,377,0.0006408823731924029
v2_spectrum,SU2-HaarU4-brickwork|n12|d72|i5|dir=gaussian|basis=Z|eta=0,SU2-HaarU4-brickwork|n12|d72|i5,512,378,0.0006375070048155663
v2_spectrum,SU2-HaarU4-brickwork|n12|d72|i5|dir=gaussian|basis=Z|eta=0,SU2-HaarU4-brickwork|n12|d72|i5,512,379,0.0006320813764058552
v2_spectrum,SU2-HaarU4-brickwork|n12|d72|i5|dir=gaussian|basis=Z|eta=0,SU2-HaarU4-brickwork|n12|d72|i5,512,380,0.0006270422401747912
v2_spectrum,SU2-HaarU4-brickwork|n12|d72|i5|dir=gaussian|basis=Z|eta=0,SU2-HaarU4-brickwork|n12|d72|i5,512,381,0.0006246875138471423
v2_spectrum,SU2-HaarU4-brickwork|n12|d72|i5|dir=gaussian|basis=Z|eta=0,SU2-HaarU4-brickwork|n12|d72|i5,512,382,0.0006208419287765815
v2_spectrum,SU2-HaarU4-brickwork|n12|d72|i5|dir=gaussian|basis=Z|eta=0,SU2-HaarU4-brickwork|n12|d72|i5,512,383,0.0006194364123420289
v2_spectrum,SU2-HaarU4-brickwork|n12|d72|i5|dir=gaussian|basis=Z|eta=0,SU2-HaarU4-brickwork|n12|d72|i5,512,384,0.0006142992827236995
v2_spectrum,SU2-HaarU4-brickwork|n12|d72|i5|dir=gaussian|basis=Z|eta=0,SU2-HaarU4-brickwork|n12|d72|i5,512,385,0.0006065550780340341
v2_spectrum,SU2-HaarU4-brickwork|n12|d72|i5|dir=gaussian|basis=Z|eta=0,SU2-HaarU4-brickwork|n12|d72|i5,512,386,0.000604602178459665
v2_spectrum,SU2-HaarU4-brickwork|n12|d72|i5|dir=gaussian|basis=Z|eta=0,SU2-HaarU4-brickwork|n12|d72|i5,512,387,0.0005991967473898179
v2_spectrum,SU2-HaarU4-brickwork|n12|d72|i5|dir=gaussian|basis=Z|eta=0,SU2-HaarU4-brickwork|n12|d72|i5,512,388,0.0005977193209352028
v2_spectrum,SU2-HaarU4-brickwork|n12|d72|i5|dir=gaussian|basis=Z|eta=0,SU2-HaarU4-brickwork|n12|d72|i5,512,389,0.0005911829240380621
v2_spectrum,SU2-HaarU4-brickwork|n12|d72|i5|dir=gaussian|basis=Z|eta=0,SU2-HaarU4-brickwork|n12|d72|i5,512,390,0.0005852471900988994
v2_spectrum,SU2-HaarU4-brickwork|n12|d72|i5|dir=gaussian|basis=Z|eta=0,SU2-HaarU4-brickwork|n12|d72|i5,512,391,0.0005842337718240719
v2_spectrum,SU2-HaarU4-brickwork|n12|d72|i5|dir=gaussian|basis=Z|eta=0,SU2-HaarU4-brickwork|n12|d72|i5,512,392,0.0005790448727092077
v2_spectrum,SU2-HaarU4-brickwork|n12|d72|i5|dir=gaussian|basis=Z|eta=0,SU2-HaarU4-brickwork|n12|d72|i5,512,393,0.0005773688471022272
v2_spectrum,SU2-HaarU4-brickwork|n12|d72|i5|dir=gaussian|basis=Z|eta=0,SU2-HaarU4-brickwork|n12|d72|i5,512,394,0.0005694344073845503
v2_spectrum,SU2-HaarU4-brickwork|n12|d72|i5|dir=gaussian|basis=Z|eta=0,SU2-HaarU4-brickwork|n12|d72|i5,512,395,0.0005662345374454796
v2_spectrum,SU2-HaarU4-brickwork|n12|d72|i5|dir=gaussian|basis=Z|eta=0,SU2-HaarU4-brickwork|n12|d72|i5,512,396,0.0005620419034245308
v2_spectrum,SU2-HaarU4-brickwork|n12|d72|i5|dir=gaussian|basis=Z|eta=0,SU2-HaarU4-brickwork|n12|d72|i5,512,397,0.0005585690264737842
v2_spectrum,SU2-HaarU4-brickwork|n12|d72|i5|dir=gaussian|basis=Z|eta=0,SU2-HaarU4-brickwork|n12|d72|i5,512,398,0.0005533039065243664
v2_spectrum,SU2-HaarU4-brickwork|n12|d72|i5|dir=gaussian|basis=Z|eta=0,SU2-HaarU4-brickwork|n12|d72|i5,512,399,0.0005495543788089746
v2_spectrum,SU2-HaarU4-brickwork|n12|d72|i5|dir=gaussian|basis=Z|eta=0,SU2-HaarU4-brickwork|n12|d72|i5,512,400,0.0005468856362511441
v2_spectrum,SU2-HaarU4-brickwork|n12|d72|i5|dir=gaussian|basis=Z|eta=0,SU2-HaarU4-brickwork|n12|d72|i5,512,401,0.0005453339284721707
v2_spectrum,SU2-HaarU4-brickwork|n12|d72|i5|dir=gaussian|basis=Z|eta=0,SU2-HaarU4-brickwork|n12|d72|i5,512,402,0.000541205241784199
v2_spectrum,SU2-HaarU4-brickwork|n12|d72|i5|dir=gaussian|basis=Z|eta=0,SU2-HaarU4-brickwork|n12|d72|i5,512,403,0.0005363918210365068
v2_spectrum,SU2-HaarU4-brickwork|n12|d72|i5|dir=gaussian|basis=Z|eta=0,SU2-HaarU4-brickwork|n12|d72|i5,512,404,0.0005334692082431424
v2_spectrum,SU2-HaarU4-brickwork|n12|d72|i5|dir=gaussian|basis=Z|eta=0,SU2-HaarU4-brickwork|n12|d72|i5,512,405,0.0005305689254183534
v2_spectrum,SU2-HaarU4-brickwork|n12|d72|i5|dir=gaussian|basis=Z|eta=0,SU2-HaarU4-brickwork|n12|d72|i5,512,406,0.0005287052070634046
v2_spectrum,SU2-HaarU4-brickwork|n12|d72|i5|dir=gaussian|basis=Z|eta=0,SU2-HaarU4-brickwork|n12|d72|i5,512,407,0.0005255740925990972
v2_spectrum,SU2-HaarU4-brickwork|n12|d72|i5|dir=gaussian|basis=Z|eta=0,SU2-HaarU4-brickwork|n12|d72|i5,512,408,0.0005221035421914106
v2_spectrum,SU2-HaarU4-brickwork|n12|d72|i5|dir=gaussian|basis=Z|eta=0,SU2-HaarU4-brickwork|n12|d72|i5,512,409,0.0005156353503472385
v2_spectrum,SU2-HaarU4-brickwork|n12|d72|i5|dir=gaussian|basis=Z|eta=0,SU2-HaarU4-brickwork|n12|d72|i5,512,410,0.0005098495252962198
v2_spectrum,SU2-HaarU4-brickwork|n12|d72|i5|dir=gaussian|basis=Z|eta=0,SU2-HaarU4-brickwork|n12|d72|i5,512,411,0.0005074405373986782
v2_spectrum,SU2-HaarU4-brickwork|n12|d72|i5|dir=gaussian|basis=Z|eta=0,SU2-HaarU4-brickwork|n12|d72|i5,512,412,0.0005050341257439297
v2_spectrum,SU2-HaarU4-brickwork|n12|d72|i5|dir=gaussian|basis=Z|eta=0,SU2-HaarU4-brickwork|n12|d72|i5,512,413,0.0005004359730364345
v2_spectrum,SU2-HaarU4-brickwork|n12|d72|i5|dir=gaussian|basis=Z|eta=0,SU2-HaarU4-brickwork|n12|d72|i5,512,414,0.0004970352955103949
v2_spectrum,SU2-HaarU4-brickwork|n12|d72|i5|dir=gaussian|basis=Z|eta=0,SU2-HaarU4-brickwork|n12|d72|i5,512,415,0.0004943059908617642
v2_spectrum,SU2-HaarU4-brickwork|n12|d72|i5|dir=gaussian|basis=Z|eta=0,SU2-HaarU4-brickwork|n12|d72|i5,512,416,0.0004899403343927833
v2_spectrum,SU2-HaarU4-brickwork|n12|d72|i5|dir=gaussian|basis=Z|eta=0,SU2-HaarU4-brickwork|n12|d72|i5,512,417,0.00048810984910843035
v2_spectrum,SU2-HaarU4-brickwork|n12|d72|i5|dir=gaussian|basis=Z|eta=0,SU2-HaarU4-brickwork|n12|d72|i5,512,418,0.00048355724595280133
v2_spectrum,SU2-HaarU4-brickwork|n12|d72|i5|dir=gaussian|basis=Z|eta=0,SU2-HaarU4-brickwork|n12|d72|i5,512,419,0.0004815608539437875
v2_spectrum,SU2-HaarU4-brickwork|n12|d72|i5|dir=gaussian|basis=Z|eta=0,SU2-HaarU4-brickwork|n12|d72|i5,512,420,0.0004773136849933541
v2_spectrum,SU2-HaarU4-brickwork|n12|d72|i5|dir=gaussian|basis=Z|eta=0,SU2-HaarU4-brickwork|n12|d72|i5,512,421,0.00047244788594342395
v2_spectrum,SU2-HaarU4-brickwork|n12|d72|i5|dir=gaussian|basis=Z|eta=0,SU2-HaarU4-brickwork|n12|d72|i5,512,422,0.00047066913980517585
v2_spectrum,SU2-HaarU4-brickwork|n12|d72|i5|dir=gaussian|basis=Z|eta=0,SU2-HaarU4-brickwork|n12|d72|i5,512,423,0.00046763377213199334
v2_spectrum,SU2-HaarU4-brickwork|n12|d72|i5|dir=gaussian|basis=Z|eta=0,SU2-HaarU4-brickwork|n12|d72|i5,512,424,0.00046559594278055953
v2_spectrum,SU2-HaarU4-brickwork|n12|d72|i5|dir=gaussian|basis=Z|eta=0,SU2-HaarU4-brickwork|n12|d72|i5,512,425,0.00046162320591865044
v2_spectrum,SU2-HaarU4-brickwork|n12|d72|i5|dir=gaussian|basis=Z|eta=0,SU2-HaarU4-brickwork|n12|d72|i5,512,426,0.0004584215022000058
v2_spectrum,SU2-HaarU4-brickwork|n12|d72|i5|dir=gaussian|basis=Z|eta=0,SU2-HaarU4-brickwork|n12|d72|i5,512,427,0.00045737189972262554
v2_spectrum,SU2-HaarU4-brickwork|n12|d72|i5|dir=gaussian|basis=Z|eta=0,SU2-HaarU4-brickwork|n12|d72|i5,512,428,0.00045323166833660065
v2_spectrum,SU2-HaarU4-brickwork|n12|d72|i5|dir=gaussian|basis=Z|eta=0,SU2-HaarU4-brickwork|n12|d72|i5,512,429,0.0004525861823317649
v2_spectrum,SU2-HaarU4-brickwork|n12|d72|i5|dir=gaussian|basis=Z|eta=0,SU2-HaarU4-brickwork|n12|d72|i5,512,430,0.0004480965569481276
v2_spectrum,SU2-HaarU4-brickwork|n12|d72|i5|dir=gaussian|basis=Z|eta=0,SU2-HaarU4-brickwork|n12|d72|i5,512,431,0.0004417475950384536
v2_spectrum,SU2-HaarU4-brickwork|n12|d72|i5|dir=gaussian|basis=Z|eta=0,SU2-HaarU4-brickwork|n12|d72|i5,512,432,0.0004391597470281019
v2_spectrum,SU2-HaarU4-brickwork|n12|d72|i5|dir=gaussian|basis=Z|eta=0,SU2-HaarU4-brickwork|n12|d72|i5,512,433,0.00043465776132700667
v2_spectrum,SU2-HaarU4-brickwork|n12|d72|i5|dir=gaussian|basis=Z|eta=0,SU2-HaarU4-brickwork|n12|d72|i5,512,434,0.00043223968367835216
v2_spectrum,SU2-HaarU4-brickwork|n12|d72|i5|dir=gaussian|basis=Z|eta=0,SU2-HaarU4-brickwork|n12|d72|i5,512,435,0.0004281559813050916
v2_spectrum,SU2-HaarU4-brickwork|n12|d72|i5|dir=gaussian|basis=Z|eta=0,SU2-HaarU4-brickwork|n12|d72|i5,512,436,0.0004251856566577217
v2_spectrum,SU2-HaarU4-brickwork|n12|d72|i5|dir=gaussian|basis=Z|eta=0,SU2-HaarU4-brickwork|n12|d72|i5,512,437,0.00042257857765724046
v2_spectrum,SU2-HaarU4-brickwork|n12|d72|i5|dir=gaussian|basis=Z|eta=0,SU2-HaarU4-brickwork|n12|d72|i5,512,438,0.00041482490719536126
v2_spectrum,SU2-HaarU4-brickwork|n12|d72|i5|dir=gaussian|basis=Z|eta=0,SU2-HaarU4-brickwork|n12|d72|i5,512,439,0.0004123414136429884
v2_spectrum,SU2-HaarU4-brickwork|n12|d72|i5|dir=gaussian|basis=Z|eta=0,SU2-HaarU4-brickwork|n12|d72|i5,512,440,0.00040755325651402796
v2_spectrum,SU2-HaarU4-brickwork|n12|d72|i5|dir=gaussian|basis=Z|eta=0,SU2-HaarU4-brickwork|n12|d72|i5,512,441,0.00040544428786405874
v2_spectrum,SU2-HaarU4-brickwork|n12|d72|i5|dir=gaussian|basis=Z|eta=0,SU2-HaarU4-brickwork|n12|d72|i5,512,442,0.0004021531872832239
v2_spectrum,SU2-HaarU4-brickwork|n12|d72|i5|dir=gaussian|basis=Z|eta=0,SU2-HaarU4-brickwork|n12|d72|i5,512,443,0.000401016187990009
v2_spectrum,SU2-HaarU4-brickwork|n12|d72|i5|dir=gaussian|basis=Z|eta=0,SU2-HaarU4-brickwork|n12|d72|i5,512,444,0.0003984221356630749
v2_spectrum,SU2-HaarU4-brickwork|n12|d72|i5|dir=gaussian|basis=Z|eta=0,SU2-HaarU4-brickwork|n12|d72|i5,512,445,0.00039153001865061
v2_spectrum,SU2-HaarU4-brickwork|n12|d72|i5|dir=gaussian|basis=Z|eta=0,SU2-HaarU4-brickwork|n12|d72|i5,512,446,0.00038883867858528526
v2_spectrum,SU2-HaarU4-brickwork|n12|d72|i5|dir=gaussian|basis=Z|eta=0,SU2-HaarU4-brickwork|n12|d72|i5,512,447,0.00038687014855015285
v2_spectrum,SU2-HaarU4-brickwork|n12|d72|i5|dir=gaussian|basis=Z|eta=0,SU2-HaarU4-brickwork|n12|d72|i5,512,448,0.00038403291081634555
v2_spectrum,SU2-HaarU4-brickwork|n12|d72|i5|dir=gaussian|basis=Z|eta=0,SU2-HaarU4-brickwork|n12|d72|i5,512,449,0.0003793543395667149
v2_spectrum,SU2-HaarU4-brickwork|n12|d72|i5|dir=gaussian|basis=Z|eta=0,SU2-HaarU4-brickwork|n12|d72|i5,512,450,0.00037842871951426896
v2_spectrum,SU2-HaarU4-brickwork|n12|d72|i5|dir=gaussian|basis=Z|eta=0,SU2-HaarU4-brickwork|n12|d72|i5,512,451,0.00037814053483808794
v2_spectrum,SU2-HaarU4-brickwork|n12|d72|i5|dir=gaussian|basis=Z|eta=0,SU2-HaarU4-brickwork|n12|d72|i5,512,452,0.00037501966063213047
v2_spectrum,SU2-HaarU4-brickwork|n12|d72|i5|dir=gaussian|basis=Z|eta=0,SU2-HaarU4-brickwork|n12|d72|i5,512,453,0.0003705837003335266
v2_spectrum,SU2-HaarU4-brickwork|n12|d72|i5|dir=gaussian|basis=Z|eta=0,SU2-HaarU4-brickwork|n12|d72|i5,512,454,0.0003672287736471521
v2_spectrum,SU2-HaarU4-brickwork|n12|d72|i5|dir=gaussian|basis=Z|eta=0,SU2-HaarU4-brickwork|n12|d72|i5,512,455,0.0003627303570296018
v2_spectrum,SU2-HaarU4-brickwork|n12|d72|i5|dir=gaussian|basis=Z|eta=0,SU2-HaarU4-brickwork|n12|d72|i5,512,456,0.0003609138102467592
v2_spectrum,SU2-HaarU4-brickwork|n12|d72|i5|dir=gaussian|basis=Z|eta=0,SU2-HaarU4-brickwork|n12|d72|i5,512,457,0.00035825247235210403
v2_spectrum,SU2-HaarU4-brickwork|n12|d72|i5|dir=gaussian|basis=Z|eta=0,SU2-HaarU4-brickwork|n12|d72|i5,512,458,0.00035568589199940295
v2_spectrum,SU2-HaarU4-brickwork|n12|d72|i5|dir=gaussian|basis=Z|eta=0,SU2-HaarU4-brickwork|n12|d72|i5,512,459,0.00035192436467950923
v2_spectrum,SU2-HaarU4-brickwork|n12|d72|i5|dir=gaussian|basis=Z|eta=0,SU2-HaarU4-brickwork|n12|d72|i5,512,460,0.0003514891240841467
v2_spectrum,SU2-HaarU4-brickwork|n12|d72|i5|dir=gaussian|basis=Z|eta=0,SU2-HaarU4-brickwork|n12|d72|i5,512,461,0.00034826025819415765
v2_spectrum,SU2-HaarU4-brickwork|n12|d72|i5|dir=gaussian|basis=Z|eta=0,SU2-HaarU4-brickwork|n12|d72|i5,512,462,0.0003421686595675731
v2_spectrum,SU2-HaarU4-brickwork|n12|d72|i5|dir=gaussian|basis=Z|eta=0,SU2-HaarU4-brickwork|n12|d72|i5,512,463,0.00033927238325981744
v2_spectrum,SU2-HaarU4-brickwork|n12|d72|i5|dir=gaussian|basis=Z|eta=0,SU2-HaarU4-brickwork|n12|d72|i5,512,464,0.0003385701776795286
v2_spectrum,SU2-HaarU4-brickwork|n12|d72|i5|dir=gaussian|basis=Z|eta=0,SU2-HaarU4-brickwork|n12|d72|i5,512,465,0.00033256070389242517
v2_spectrum,SU2-HaarU4-brickwork|n12|d72|i5|dir=gaussian|basis=Z|eta=0,SU2-HaarU4-brickwork|n12|d72|i5,512,466,0.0003307435247030127
v2_spectrum,SU2-HaarU4-brickwork|n12|d72|i5|dir=gaussian|basis=Z|eta=0,SU2-HaarU4-brickwork|n12|d72|i5,512,467,0.0003292248675801244
v2_spectrum,SU2-HaarU4-brickwork|n12|d72|i5|dir=gaussian|basis=Z|eta=0,SU2-HaarU4-brickwork|n12|d72|i5,512,468,0.0003245129029408252
v2_spectrum,SU2-HaarU4-brickwork|n12|d72|i5|dir=gaussian|basis=Z|eta=0,SU2-HaarU4-brickwork|n12|d72|i5,512,469,0.0003222266158155126
v2_spectrum,SU2-HaarU4-brickwork|n12|d72|i5|dir=gaussian|basis=Z|eta=0,SU2-HaarU4-brickwork|n12|d72|i5,512,470,0.000319219128361698
v2_spectrum,SU2-HaarU4-brickwork|n12|d72|i5|dir=gaussian|basis=Z|eta=0,SU2-HaarU4-brickwork|n12|d72|i5,512,471,0.0003140651201226005
v2_spectrum,SU2-HaarU4-brickwork|n12|d72|i5|dir=gaussian|basis=Z|eta=0,SU2-HaarU4-brickwork|n12|d72|i5,512,472,0.00031128550538217574
v2_spectrum,SU2-HaarU4-brickwork|n12|d72|i5|dir=gaussian|basis=Z|eta=0,SU2-HaarU4-brickwork|n12|d72|i5,512,473,0.0003110402698110945
v2_spectrum,SU2-HaarU4-brickwork|n12|d72|i5|dir=gaussian|basis=Z|eta=0,SU2-HaarU4-brickwork|n12|d72|i5,512,474,0.0003078370397443878
v2_spectrum,SU2-HaarU4-brickwork|n12|d72|i5|dir=gaussian|basis=Z|eta=0,SU2-HaarU4-brickwork|n12|d72|i5,512,475,0.0003050569622080161
v2_spectrum,SU2-HaarU4-brickwork|n12|d72|i5|dir=gaussian|basis=Z|eta=0,SU2-HaarU4-brickwork|n12|d72|i5,512,476,0.0003032080071645354
v2_spectrum,SU2-HaarU4-brickwork|n12|d72|i5|dir=gaussian|basis=Z|eta=0,SU2-HaarU4-brickwork|n12|d72|i5,512,477,0.000301431930843606
v2_spectrum,SU2-HaarU4-brickwork|n12|d72|i5|dir=gaussian|basis=Z|eta=0,SU2-HaarU4-brickwork|n12|d72|i5,512,478,0.00029730299307421915
v2_spectrum,SU2-HaarU4-brickwork|n12|d72|i5|dir=gaussian|basis=Z|eta=0,SU2-HaarU4-brickwork|n12|d72|i5,512,479,0.000296528205543978
v2_spectrum,SU2-HaarU4-brickwork|n12|d72|i5|dir=gaussian|basis=Z|eta=0,SU2-HaarU4-brickwork|n12|d72|i5,512,480,0.00029204522929156696
v2_spectrum,SU2-HaarU4-brickwork|n12|d72|i5|dir=gaussian|basis=Z|eta=0,SU2-HaarU4-brickwork|n12|d72|i5,512,481,0.00029074348671173514
v2_spectrum,SU2-HaarU4-brickwork|n12|d72|i5|dir=gaussian|basis=Z|eta=0,SU2-HaarU4-brickwork|n12|d72|i5,512,482,0.00028588892969052626
v2_spectrum,SU2-HaarU4-brickwork|n12|d72|i5|dir=gaussian|basis=Z|eta=0,SU2-HaarU4-brickwork|n12|d72|i5,512,483,0.00028056461961499204
v2_spectrum,SU2-HaarU4-brickwork|n12|d72|i5|dir=gaussian|basis=Z|eta=0,SU2-HaarU4-brickwork|n12|d72|i5,512,484,0.0002773857175776354
v2_spectrum,SU2-HaarU4-brickwork|n12|d72|i5|dir=gaussian|basis=Z|eta=0,SU2-HaarU4-brickwork|n12|d72|i5,512,485,0.0002729916276833591
v2_spectrum,SU2-HaarU4-brickwork|n12|d72|i5|dir=gaussian|basis=Z|eta=0,SU2-HaarU4-brickwork|n12|d72|i5,512,486,0.00027117979145554577
v2_spectrum,SU2-HaarU4-brickwork|n12|d72|i5|dir=gaussian|basis=Z|eta=0,SU2-HaarU4-brickwork|n12|d72|i5,512,487,0.0002698205193099625
v2_spectrum,SU2-HaarU4-brickwork|n12|d72|i5|dir=gaussian|basis=Z|eta=0,SU2-HaarU4-brickwork|n12|d72|i5,512,488,0.0002647599564786439
v2_spectrum,SU2-HaarU4-brickwork|n12|d72|i5|dir=gaussian|basis=Z|eta=0,SU2-HaarU4-brickwork|n12|d72|i5,512,489,0.00026355352321681967
v2_spectrum,SU2-HaarU4-brickwork|n12|d72|i5|dir=gaussian|basis=Z|eta=0,SU2-HaarU4-brickwork|n12|d72|i5,512,490,0.00026217328293223015
v2_spectrum,SU2-HaarU4-brickwork|n12|d72|i5|dir=gaussian|basis=Z|eta=0,SU2-HaarU4-brickwork|n12|d72|i5,512,491,0.0002607229503783202
v2_spectrum,SU2-HaarU4-brickwork|n12|d72|i5|dir=gaussian|basis=Z|eta=0,SU2-HaarU4-brickwork|n12|d72|i5,512,492,0.00025662652634036873
v2_spectrum,SU2-HaarU4-brickwork|n12|d72|i5|dir=gaussian|basis=Z|eta=0,SU2-HaarU4-brickwork|n12|d72|i5,512,493,0.00025354017868366727
v2_spectrum,SU2-HaarU4-brickwork|n12|d72|i5|dir=gaussian|basis=Z|eta=0,SU2-HaarU4-brickwork|n12|d72|i5,512,494,0.0002512276082082995
v2_spectrum,SU2-HaarU4-brickwork|n12|d72|i5|dir=gaussian|basis=Z|eta=0,SU2-HaarU4-brickwork|n12|d72|i5,512,495,0.0002476729351039626
v2_spectrum,SU2-HaarU4-brickwork|n12|d72|i5|dir=gaussian|basis=Z|eta=0,SU2-HaarU4-brickwork|n12|d72|i5,512,496,0.0002438148575951211
v2_spectrum,SU2-HaarU4-brickwork|n12|d72|i5|dir=gaussian|basis=Z|eta=0,SU2-HaarU4-brickwork|n12|d72|i5,512,497,0.0002402904237590632
v2_spectrum,SU2-HaarU4-brickwork|n12|d72|i5|dir=gaussian|basis=Z|eta=0,SU2-HaarU4-brickwork|n12|d72|i5,512,498,0.0002367005752071154
v2_spectrum,SU2-HaarU4-brickwork|n12|d72|i5|dir=gaussian|basis=Z|eta=0,SU2-HaarU4-brickwork|n12|d72|i5,512,499,0.000234836536978397
v2_spectrum,SU2-HaarU4-brickwork|n12|d72|i5|dir=gaussian|basis=Z|eta=0,SU2-HaarU4-brickwork|n12|d72|i5,512,500,0.00023063054275026173
v2_spectrum,SU2-HaarU4-brickwork|n12|d72|i5|dir=gaussian|basis=Z|eta=0,SU2-HaarU4-brickwork|n12|d72|i5,512,501,0.0002280884112098076
v2_spectrum,SU2-HaarU4-brickwork|n12|d72|i5|dir=gaussian|basis=Z|eta=0,SU2-HaarU4-brickwork|n12|d72|i5,512,502,0.00022379489882431883
v2_spectrum,SU2-HaarU4-brickwork|n12|d72|i5|dir=gaussian|basis=Z|eta=0,SU2-HaarU4-brickwork|n12|d72|i5,512,503,0.00022069884107967668
v2_spectrum,SU2-HaarU4-brickwork|n12|d72|i5|dir=gaussian|basis=Z|eta=0,SU2-HaarU4-brickwork|n12|d72|i5,512,504,0.00021728599607187378
v2_spectrum,SU2-HaarU4-brickwork|n12|d72|i5|dir=gaussian|basis=Z|eta=0,SU2-HaarU4-brickwork|n12|d72|i5,512,505,0.0002158587850058093
v2_spectrum,SU2-HaarU4-brickwork|n12|d72|i5|dir=gaussian|basis=Z|eta=0,SU2-HaarU4-brickwork|n12|d72|i5,512,506,0.00021342717899532141
v2_spectrum,SU2-HaarU4-brickwork|n12|d72|i5|dir=gaussian|basis=Z|eta=0,SU2-HaarU4-brickwork|n12|d72|i5,512,507,0.00020973285407205444
v2_spectrum,SU2-HaarU4-brickwork|n12|d72|i5|dir=gaussian|basis=Z|eta=0,SU2-HaarU4-brickwork|n12|d72|i5,512,508,0.00020091644184053252
v2_spectrum,SU2-HaarU4-brickwork|n12|d72|i5|dir=gaussian|basis=Z|eta=0,SU2-HaarU4-brickwork|n12|d72|i5,512,509,0.00019908760710319663
v2_spectrum,SU2-HaarU4-brickwork|n12|d72|i5|dir=gaussian|basis=Z|eta=0,SU2-HaarU4-brickwork|n12|d72|i5,512,510,0.00019384115800485986
v2_spectrum,SU2-HaarU4-brickwork|n12|d72|i5|dir=gaussian|basis=Z|eta=0,SU2-HaarU4-brickwork|n12|d72|i5,512,511,0.0001932080514500971
v2_spectrum,SU2-HaarU4-brickwork|n12|d72|i5|dir=gaussian|basis=Z|eta=0,SU2-HaarU4-brickwork|n12|d72|i5,512,512,0.00018445739859753786
v2_spectrum,U1-RZ-XY-line|n12|d72|i9|dir=gaussian|basis=Z|eta=0,U1-RZ-XY-line|n12|d72|i9,512,1,0.05661446955217603
v2_spectrum,U1-RZ-XY-line|n12|d72|i9|dir=gaussian|basis=Z|eta=0,U1-RZ-XY-line|n12|d72|i9,512,2,0.05227946634071561
v2_spectrum,U1-RZ-XY-line|n12|d72|i9|dir=gaussian|basis=Z|eta=0,U1-RZ-XY-line|n12|d72|i9,512,3,0.04858065944098601
v2_spectrum,U1-RZ-XY-line|n12|d72|i9|dir=gaussian|basis=Z|eta=0,U1-RZ-XY-line|n12|d72|i9,512,4,0.045989090098706664
v2_spectrum,U1-RZ-XY-line|n12|d72|i9|dir=gaussian|basis=Z|eta=0,U1-RZ-XY-line|n12|d72|i9,512,5,0.041467511695742774
v2_spectrum,U1-RZ-XY-line|n12|d72|i9|dir=gaussian|basis=Z|eta=0,U1-RZ-XY-line|n12|d72|i9,512,6,0.04106728825898072
v2_spectrum,U1-RZ-XY-line|n12|d72|i9|dir=gaussian|basis=Z|eta=0,U1-RZ-XY-line|n12|d72|i9,512,7,0.0372859269639263
v2_spectrum,U1-RZ-XY-line|n12|d72|i9|dir=gaussian|basis=Z|eta=0,U1-RZ-XY-line|n12|d72|i9,512,8,0.03438240822707848
v2_spectrum,U1-RZ-XY-line|n12|d72|i9|dir=gaussian|basis=Z|eta=0,U1-RZ-XY-line|n12|d72|i9,512,9,0.03416610777243097
v2_spectrum,U1-RZ-XY-line|n12|d72|i9|dir=gaussian|basis=Z|eta=0,U1-RZ-XY-line|n12|d72|i9,512,10,0.03169018527034143
v2_spectrum,U1-RZ-XY-line|n12|d72|i9|dir=gaussian|basis=Z|eta=0,U1-RZ-XY-line|n12|d72|i9,512,11,0.03065255638053822
v2_spectrum,U1-RZ-XY-line|n12|d72|i9|dir=gaussian|basis=Z|eta=0,U1-RZ-XY-line|n12|d72|i9,512,12,0.02778806714844848
v2_spectrum,U1-RZ-XY-line|n12|d72|i9|dir=gaussian|basis=Z|eta=0,U1-RZ-XY-line|n12|d72|i9,512,13,0.027436435342820826
v2_spectrum,U1-RZ-XY-line|n12|d72|i9|dir=gaussian|basis=Z|eta=0,U1-RZ-XY-line|n12|d72|i9,512,14,0.024597356488858683
v2_spectrum,U1-RZ-XY-line|n12|d72|i9|dir=gaussian|basis=Z|eta=0,U1-RZ-XY-line|n12|d72|i9,512,15,0.02409706566528217
v2_spectrum,U1-RZ-XY-line|n12|d72|i9|dir=gaussian|basis=Z|eta=0,U1-RZ-XY-line|n12|d72|i9,512,16,0.022823446537884075
v2_spectrum,U1-RZ-XY-line|n12|d72|i9|dir=gaussian|basis=Z|eta=0,U1-RZ-XY-line|n12|d72|i9,512,17,0.021935718794426528
v2_spectrum,U1-RZ-XY-line|n12|d72|i9|dir=gaussian|basis=Z|eta=0,U1-RZ-XY-line|n12|d72|i9,512,18,0.021124519461630884
v2_spectrum,U1-RZ-XY-line|n12|d72|i9|dir=gaussian|basis=Z|eta=0,U1-RZ-XY-line|n12|d72|i9,512,19,0.02002525566400063
v2_spectrum,U1-RZ-XY-line|n12|d72|i9|dir=gaussian|basis=Z|eta=0,U1-RZ-XY-line|n12|d72|i9,512,20,0.01808067524142392
v2_spectrum,U1-RZ-XY-line|n12|d72|i9|dir=gaussian|basis=Z|eta=0,U1-RZ-XY-line|n12|d72|i9,512,21,0.01777085463646482
v2_spectrum,U1-RZ-XY-line|n12|d72|i9|dir=gaussian|basis=Z|eta=0,U1-RZ-XY-line|n12|d72|i9,512,22,0.017718204927333076
v2_spectrum,U1-RZ-XY-line|n12|d72|i9|dir=gaussian|basis=Z|eta=0,U1-RZ-XY-line|n12|d72|i9,512,23,0.01730296314306058
v2_spectrum,U1-RZ-XY-line|n12|d72|i9|dir=gaussian|basis=Z|eta=0,U1-RZ-XY-line|n12|d72|i9,512,24,0.015737680686370388
v2_spectrum,U1-RZ-XY-line|n12|d72|i9|dir=gaussian|basis=Z|eta=0,U1-RZ-XY-line|n12|d72|i9,512,25,0.014789266788300708
v2_spectrum,U1-RZ-XY-line|n12|d72|i9|dir=gaussian|basis=Z|eta=0,U1-RZ-XY-line|n12|d72|i9,512,26,0.014723291378389743
v2_spectrum,U1-RZ-XY-line|n12|d72|i9|dir=gaussian|basis=Z|eta=0,U1-RZ-XY-line|n12|d72|i9,512,27,0.013978568765494184
v2_spectrum,U1-RZ-XY-line|n12|d72|i9|dir=gaussian|basis=Z|eta=0,U1-RZ-XY-line|n12|d72|i9,512,28,0.01346241919780201
v2_spectrum,U1-RZ-XY-line|n12|d72|i9|dir=gaussian|basis=Z|eta=0,U1-RZ-XY-line|n12|d72|i9,512,29,0.013135164410202993
v2_spectrum,U1-RZ-XY-line|n12|d72|i9|dir=gaussian|basis=Z|eta=0,U1-RZ-XY-line|n12|d72|i9,512,30,0.01233745852549723
v2_spectrum,U1-RZ-XY-line|n12|d72|i9|dir=gaussian|basis=Z|eta=0,U1-RZ-XY-line|n12|d72|i9,512,31,0.011491097328004756
v2_spectrum,U1-RZ-XY-line|n12|d72|i9|dir=gaussian|basis=Z|eta=0,U1-RZ-XY-line|n12|d72|i9,512,32,0.011310297877201813
v2_spectrum,U1-RZ-XY-line|n12|d72|i9|dir=gaussian|basis=Z|eta=0,U1-RZ-XY-line|n12|d72|i9,512,33,0.010546612140062363
v2_spectrum,U1-RZ-XY-line|n12|d72|i9|dir=gaussian|basis=Z|eta=0,U1-RZ-XY-line|n12|d72|i9,512,34,0.01038240322578258
v2_spectrum,U1-RZ-XY-line|n12|d72|i9|dir=gaussian|basis=Z|eta=0,U1-RZ-XY-line|n12|d72|i9,512,35,0.010043223539686978
v2_spectrum,U1-RZ-XY-line|n12|d72|i9|dir=gaussian|basis=Z|eta=0,U1-RZ-XY-line|n12|d72|i9,512,36,0.009278867593139315
v2_spectrum,U1-RZ-XY-line|n12|d72|i9|dir=gaussian|basis=Z|eta=0,U1-RZ-XY-line|n12|d72|i9,512,37,0.009246618397990562
v2_spectrum,U1-RZ-XY-line|n12|d72|i9|dir=gaussian|basis=Z|eta=0,U1-RZ-XY-line|n12|d72|i9,512,38,0.008884324122101193
v2_spectrum,U1-RZ-XY-line|n12|d72|i9|dir=gaussian|basis=Z|eta=0,U1-RZ-XY-line|n12|d72|i9,512,39,0.007949220467448743
v2_spectrum,U1-RZ-XY-line|n12|d72|i9|dir=gaussian|basis=Z|eta=0,U1-RZ-XY-line|n12|d72|i9,512,40,0.00786446585211151
v2_spectrum,U1-RZ-XY-line|n12|d72|i9|dir=gaussian|basis=Z|eta=0,U1-RZ-XY-line|n12|d72|i9,512,41,0.007225142154371746
v2_spectrum,U1-RZ-XY-line|n12|d72|i9|dir=gaussian|basis=Z|eta=0,U1-RZ-XY-line|n12|d72|i9,512,42,0.006925418594445031
v2_spectrum,U1-RZ-XY-line|n12|d72|i9|dir=gaussian|basis=Z|eta=0,U1-RZ-XY-line|n12|d72|i9,512,43,0.00621960118371189
v2_spectrum,U1-RZ-XY-line|n12|d72|i9|dir=gaussian|basis=Z|eta=0,U1-RZ-XY-line|n12|d72|i9,512,44,0.005850782127662512
v2_spectrum,U1-RZ-XY-line|n12|d72|i9|dir=gaussian|basis=Z|eta=0,U1-RZ-XY-line|n12|d72|i9,512,45,0.005758505796304037
v2_spectrum,U1-RZ-XY-line|n12|d72|i9|dir=gaussian|basis=Z|eta=0,U1-RZ-XY-line|n12|d72|i9,512,46,0.0055422248511121566
v2_spectrum,U1-RZ-XY-line|n12|d72|i9|dir=gaussian|basis=Z|eta=0,U1-RZ-XY-line|n12|d72|i9,512,47,0.005220394315525655
v2_spectrum,U1-RZ-XY-line|n12|d72|i9|dir=gaussian|basis=Z|eta=0,U1-RZ-XY-line|n12|d72|i9,512,48,0.0050178642550691484
v2_spectrum,U1-RZ-XY-line|n12|d72|i9|dir=gaussian|basis=Z|eta=0,U1-RZ-XY-line|n12|d72|i9,512,49,0.00494937167326817
v2_spectrum,U1-RZ-XY-line|n12|d72|i9|dir=gaussian|basis=Z|eta=0,U1-RZ-XY-line|n12|d72|i9,512,50,0.00447143910743177
v2_spectrum,U1-RZ-XY-line|n12|d72|i9|dir=gaussian|basis=Z|eta=0,U1-RZ-XY-line|n12|d72|i9,512,51,0.004292979905080935
v2_spectrum,U1-RZ-XY-line|n12|d72|i9|dir=gaussian|basis=Z|eta=0,U1-RZ-XY-line|n12|d72|i9,512,52,0.003938017387921504
v2_spectrum,U1-RZ-XY-line|n12|d72|i9|dir=gaussian|basis=Z|eta=0,U1-RZ-XY-line|n12|d72|i9,512,53,0.003654370804335537
v2_spectrum,U1-RZ-XY-line|n12|d72|i9|dir=gaussian|basis=Z|eta=0,U1-RZ-XY-line|n12|d72|i9,512,54,0.003466174801487511
v2_spectrum,U1-RZ-XY-line|n12|d72|i9|dir=gaussian|basis=Z|eta=0,U1-RZ-XY-line|n12|d72|i9,512,55,0.003166956091611311
v2_spectrum,U1-RZ-XY-line|n12|d72|i9|dir=gaussian|basis=Z|eta=0,U1-RZ-XY-line|n12|d72|i9,512,56,0.0030548720346343923
v2_spectrum,U1-RZ-XY-line|n12|d72|i9|dir=gaussian|basis=Z|eta=0,U1-RZ-XY-line|n12|d72|i9,512,57,0.0028106508313777887
v2_spectrum,U1-RZ-XY-line|n12|d72|i9|dir=gaussian|basis=Z|eta=0,U1-RZ-XY-line|n12|d72|i9,512,58,0.0025772960664454327
v2_spectrum,U1-RZ-XY-line|n12|d72|i9|dir=gaussian|basis=Z|eta=0,U1-RZ-XY-line|n12|d72|i9,512,59,0.0023627146217239958
v2_spectrum,U1-RZ-XY-line|n12|d72|i9|dir=gaussian|basis=Z|eta=0,U1-RZ-XY-line|n12|d72|i9,512,60,0.0019306012163394532
v2_spectrum,U1-RZ-XY-line|n12|d72|i9|dir=gaussian|basis=Z|eta=0,U1-RZ-XY-line|n12|d72|i9,512,61,0.001527408831295148
