profile,analysis_role,family,n,depth_factor,direction_sampler,measurement_basis,bitflip_rate,tangent_count_used,k,metric,mean,ci95_low,ci95_high,circuits,relative_ci95_halfwidth,jackknife_max_shift,passes_min_circuits,passes_precision_flag,inference_ready
v2_primary,primary family-robust finite-size inference,RY-RZ-CZ-line,6,6.0,gaussian,Z,0.0,128,1,enhancement,0.9336939175186365,0.9015408399091854,0.9649875367159517,16,0.03397617549838001,0.008773742988742894,True,True,True
v2_primary,primary family-robust finite-size inference,RY-RZ-CZ-line,6,6.0,gaussian,Z,0.0,128,1,actual_retention,0.08892323023987009,0.08579642648799338,0.09189132743091637,16,0.03427057770214834,0.0008355945703564654,True,True,True
v2_primary,primary family-robust finite-size inference,RY-RZ-CZ-line,6,6.0,gaussian,Z,0.0,128,1,deff_pairwise,41.42710294094671,40.421112226444514,42.486112399639005,16,0.024923299320955376,0.2734436869711274,True,True,True
v2_primary,primary family-robust finite-size inference,RY-RZ-CZ-line,6,6.0,gaussian,Z,0.0,128,1,pairwise_purity,0.02420101967710734,0.023598226380638,0.024822720647420346,16,0.025298402363199624,0.00015914772204227504,True,True,True
v2_primary,primary family-robust finite-size inference,RY-RZ-CZ-line,6,6.0,gaussian,Z,0.0,128,1,sample_covariance_purity,0.03182444921087994,0.031248200749281325,0.032414560118191584,16,0.01832489481878466,0.0001579043804638275,True,True,True
v2_primary,primary family-robust finite-size inference,RY-RZ-CZ-line,6,6.0,gaussian,Z,0.0,128,1,trC3_u_stat,0.0007742341070384687,0.0007212249463938126,0.0008307533603280846,16,0.07073339506653245,1.5086251673782059e-05,True,True,True
v2_primary,primary family-robust finite-size inference,RY-RZ-CZ-line,6,6.0,gaussian,Z,0.0,128,1,Ffull_over_FQ_mean,0.47769861806649977,0.4752104197324255,0.4800538790713279,16,0.005069576460683993,0.0006980469738493977,True,True,True
v2_primary,primary family-robust finite-size inference,RY-RZ-CZ-line,6,6.0,gaussian,Z,0.0,128,1,haar_alignment_z,-0.9547349051561913,-1.4147564670785258,-0.5169065175730132,16,0.47020903114390034,0.11521548120867275,True,False,False
v2_primary,primary family-robust finite-size inference,RY-RZ-CZ-line,6,6.0,gaussian,Z,0.0,128,1,physical_minus_rank_baseline,-0.0063148649982250615,-0.00942161202453792,-0.0034009717358007194,16,0.4767038005111304,0.0008355945703564689,True,False,False
v2_primary,primary family-robust finite-size inference,RY-RZ-CZ-line,6,6.0,gaussian,Z,0.0,128,2,enhancement,0.9781070460097794,0.9643207023503858,0.9916147270070708,16,0.01395247318176055,0.003168085708148416,True,True,True
v2_primary,primary family-robust finite-size inference,RY-RZ-CZ-line,6,6.0,gaussian,Z,0.0,128,2,actual_retention,0.3260356820032597,0.321334546377553,0.3305631930149597,16,0.0141528169259008,0.0010560285693828608,True,True,True
v2_primary,primary family-robust finite-size inference,RY-RZ-CZ-line,6,6.0,gaussian,Z,0.0,128,2,deff_pairwise,41.42710294094671,40.3707679357684,42.47071026803908,16,0.025345029982715588,0.2734436869711274,True,True,True
v2_primary,primary family-robust finite-size inference,RY-RZ-CZ-line,6,6.0,gaussian,Z,0.0,128,2,pairwise_purity,0.02420101967710734,0.02360685444633162,0.024805954420626084,16,0.02477374900506232,0.00015914772204227504,True,True,True
v2_primary,primary family-robust finite-size inference,RY-RZ-CZ-line,6,6.0,gaussian,Z,0.0,128,2,sample_covariance_purity,0.03182444921087994,0.031230126760322073,0.03242615621248333,16,0.018791047163706498,0.0001579043804638275,True,True,True
v2_primary,primary family-robust finite-size inference,RY-RZ-CZ-line,6,6.0,gaussian,Z,0.0,128,2,trC3_u_stat,0.0007742341070384687,0.000720468463471598,0.0008294586283897168,16,0.07038579412047496,1.5086251673782059e-05,True,True,True
v2_primary,primary family-robust finite-size inference,RY-RZ-CZ-line,6,6.0,gaussian,Z,0.0,128,2,Ffull_over_FQ_mean,0.47769861806649977,0.47517219165580854,0.4800774892015673,16,0.005134301587068739,0.0006980469738493977,True,True,True
v2_primary,primary family-robust finite-size inference,RY-RZ-CZ-line,6,6.0,gaussian,Z,0.0,128,2,haar_alignment_z,-0.692201041759557,-1.1342450217118323,-0.26040792445425603,16,0.6312018073797643,0.10128073722411524,True,False,False
v2_primary,primary family-robust finite-size inference,RY-RZ-CZ-line,6,6.0,gaussian,Z,0.0,128,2,physical_minus_rank_baseline,-0.007297651330073486,-0.011841233593261022,-0.0028273100568470336,16,0.6175907239681194,0.0010560285693828348,True,False,False
v2_primary,primary family-robust finite-size inference,RY-RZ-CZ-line,8,6.0,gaussian,Z,0.0,128,1,enhancement,0.9000647958693823,0.8723796097246717,0.9277755361358366,16,0.03077329913656797,0.007926218777221217,True,True,True
v2_primary,primary family-robust finite-size inference,RY-RZ-CZ-line,8,6.0,gaussian,Z,0.0,128,1,actual_retention,0.028237326929235473,0.027368356108885366,0.02911670884969938,16,0.0309581842713989,0.0002486656871285159,True,True,True
v2_primary,primary family-robust finite-size inference,RY-RZ-CZ-line,8,6.0,gaussian,Z,0.0,128,1,deff_pairwise,109.50517287869945,107.2971306731754,111.72439968862011,16,0.020214885283770388,0.5769342841166463,True,True,True
v2_primary,primary family-robust finite-size inference,RY-RZ-CZ-line,8,6.0,gaussian,Z,0.0,128,1,pairwise_purity,0.009148000297350493,0.008964042480280038,0.009342018376703088,16,0.020658935512525154,5.117347983942151e-05,True,True,True
v2_primary,primary family-robust finite-size inference,RY-RZ-CZ-line,8,6.0,gaussian,Z,0.0,128,1,sample_covariance_purity,0.01688903154502743,0.016704922626139374,0.017076057328694813,16,0.01098744772801112,5.077368702817095e-05,True,True,True
v2_primary,primary family-robust finite-size inference,RY-RZ-CZ-line,8,6.0,gaussian,Z,0.0,128,1,trC3_u_stat,0.00012441423744806877,0.00011731781515751015,0.00013172819773632374,16,0.057912916055240744,2.152629546722074e-06,True,True,True
v2_primary,primary family-robust finite-size inference,RY-RZ-CZ-line,8,6.0,gaussian,Z,0.0,128,1,Ffull_over_FQ_mean,0.4808556052461595,0.47839066665238517,0.4834923376867301,16,0.0053047848238488345,0.0006892387837198477,True,True,True
v2_primary,primary family-robust finite-size inference,RY-RZ-CZ-line,8,6.0,gaussian,Z,0.0,128,1,haar_alignment_z,-1.7951070872573305,-2.2998397035572062,-1.2940805581604873,16,0.2801390380930913,0.14196274604889814,True,False,False
v2_primary,primary family-robust finite-size inference,RY-RZ-CZ-line,8,6.0,gaussian,Z,0.0,128,1,physical_minus_rank_baseline,-0.0031352220903722687,-0.004001171234396446,-0.002279971031696143,16,0.274494143171837,0.0002486656871285046,True,False,False
v2_primary,primary family-robust finite-size inference,RY-RZ-CZ-line,8,6.0,gaussian,Z,0.0,128,2,enhancement,0.9511498209677525,0.9393358336265984,0.9637362595213599,16,0.012826804650993411,0.0030688862220177304,True,True,True
v2_primary,primary family-robust finite-size inference,RY-RZ-CZ-line,8,6.0,gaussian,Z,0.0,128,2,actual_retention,0.13427997472485914,0.1325862325848094,0.13603367000849337,16,0.01283675183417261,0.0004332545254613074,True,True,True
v2_primary,primary family-robust finite-size inference,RY-RZ-CZ-line,8,6.0,gaussian,Z,0.0,128,2,deff_pairwise,109.50517287869945,107.26094666918453,111.71889647727447,16,0.02035497360945713,0.5769342841166463,True,True,True
v2_primary,primary family-robust finite-size inference,RY-RZ-CZ-line,8,6.0,gaussian,Z,0.0,128,2,pairwise_purity,0.009148000297350493,0.008956931245892655,0.009335386393180675,16,0.02068512980905952,5.117347983942151e-05,True,True,True
v2_primary,primary family-robust finite-size inference,RY-RZ-CZ-line,8,6.0,gaussian,Z,0.0,128,2,sample_covariance_purity,0.01688903154502743,0.016708979772054135,0.017077856406346365,16,0.010920597587516416,5.077368702817095e-05,True,True,True
v2_primary,primary family-robust finite-size inference,RY-RZ-CZ-line,8,6.0,gaussian,Z,0.0,128,2,trC3_u_stat,0.00012441423744806877,0.00011744868052150062,0.0001316595820178511,16,0.0571112349673091,2.152629546722074e-06,True,True,True
v2_primary,primary family-robust finite-size inference,RY-RZ-CZ-line,8,6.0,gaussian,Z,0.0,128,2,Ffull_over_FQ_mean,0.4808556052461595,0.4783435610817315,0.48341112159103966,16,0.005269316250055974,0.0006892387837198477,True,True,True
v2_primary,primary family-robust finite-size inference,RY-RZ-CZ-line,8,6.0,gaussian,Z,0.0,128,2,haar_alignment_z,-1.9746061483544333,-2.457430758180066,-1.459799966378686,16,0.25261513356290566,0.1242887575738516,True,False,False
v2_primary,primary family-robust finite-size inference,RY-RZ-CZ-line,8,6.0,gaussian,Z,0.0,128,2,physical_minus_rank_baseline,-0.006896495863376057,-0.008602495840833854,-0.0050957895991642745,16,0.25423826180277975,0.0004332545254613308,True,False,False
v2_primary,primary family-robust finite-size inference,RY-RZ-CZ-line,10,6.0,gaussian,Z,0.0,128,1,enhancement,0.8911600216006037,0.8607663352526693,0.919133020930001,16,0.03274758980575671,0.009598206447319124,True,True,True
v2_primary,primary family-robust finite-size inference,RY-RZ-CZ-line,10,6.0,gaussian,Z,0.0,128,1,actual_retention,0.008711241657874864,0.008412026927113236,0.008980711862854056,16,0.03264086556631884,9.382410994447123e-05,True,True,True
v2_primary,primary family-robust finite-size inference,RY-RZ-CZ-line,10,6.0,gaussian,Z,0.0,128,1,deff_pairwise,234.96112070249455,228.61553221128366,240.7503423677769,16,0.02582301727241551,1.9083303307732535,True,True,True
v2_primary,primary family-robust finite-size inference,RY-RZ-CZ-line,10,6.0,gaussian,Z,0.0,128,1,pairwise_purity,0.004268453402159488,0.004161930831739121,0.004389557607552674,16,0.026663846874654003,3.8533781649140696e-05,True,True,True
v2_primary,primary family-robust finite-size inference,RY-RZ-CZ-line,10,6.0,gaussian,Z,0.0,128,1,sample_covariance_purity,0.012047606109955113,0.011939348212012868,0.012168357821258281,16,0.00950436157836283,3.823273648001328e-05,True,True,True
v2_primary,primary family-robust finite-size inference,RY-RZ-CZ-line,10,6.0,gaussian,Z,0.0,128,1,trC3_u_stat,3.0131317872899647e-05,2.807981692688525e-05,3.246940742181987e-05,16,0.07284099742087044,7.479374525915551e-07,True,True,True
v2_primary,primary family-robust finite-size inference,RY-RZ-CZ-line,10,6.0,gaussian,Z,0.0,128,1,Ffull_over_FQ_mean,0.4859713691727242,0.48469054830448555,0.48721255527155266,16,0.00259481023682564,0.0003085092876142226,True,True,True
v2_primary,primary family-robust finite-size inference,RY-RZ-CZ-line,10,6.0,gaussian,Z,0.0,128,1,haar_alignment_z,-2.3316758190226814,-3.0020327377149676,-1.7364515274491472,16,0.2713887582357583,0.20853528559264056,True,False,False
v2_primary,primary family-robust finite-size inference,RY-RZ-CZ-line,10,6.0,gaussian,Z,0.0,128,1,physical_minus_rank_baseline,-0.001063929407618675,-0.0013658316394058027,-0.0007948771086259294,16,0.2683235028054184,9.38241099444683e-05,True,False,False
v2_primary,primary family-robust finite-size inference,RY-RZ-CZ-line,10,6.0,gaussian,Z,0.0,128,2,enhancement,0.933175572673012,0.923240597274351,0.9447338751657319,16,0.011516202588659171,0.004081493688451343,True,True,True
v2_primary,primary family-robust finite-size inference,RY-RZ-CZ-line,10,6.0,gaussian,Z,0.0,128,2,actual_retention,0.05017072971360276,0.04962954166659318,0.05079200723668417,16,0.011585097294048437,0.00021943514454039054,True,True,True
v2_primary,primary family-robust finite-size inference,RY-RZ-CZ-line,10,6.0,gaussian,Z,0.0,128,2,deff_pairwise,234.96112070249455,228.64492879114613,240.815209917863,16,0.025898499909963322,1.9083303307732535,True,True,True
v2_primary,primary family-robust finite-size inference,RY-RZ-CZ-line,10,6.0,gaussian,Z,0.0,128,2,pairwise_purity,0.004268453402159488,0.004161995558470343,0.00439276995100575,16,0.02703255380727062,3.8533781649140696e-05,True,True,True
v2_primary,primary family-robust finite-size inference,RY-RZ-CZ-line,10,6.0,gaussian,Z,0.0,128,2,sample_covariance_purity,0.012047606109955113,0.011940297281419602,0.012169379389287482,16,0.009507370417704223,3.823273648001328e-05,True,True,True
v2_primary,primary family-robust finite-size inference,RY-RZ-CZ-line,10,6.0,gaussian,Z,0.0,128,2,trC3_u_stat,3.0131317872899647e-05,2.8064240543278202e-05,3.2519114626045016e-05,16,0.07392431525163332,7.479374525915551e-07,True,True,True
v2_primary,primary family-robust finite-size inference,RY-RZ-CZ-line,10,6.0,gaussian,Z,0.0,128,2,Ffull_over_FQ_mean,0.4859713691727242,0.48467509278801196,0.48723218920864975,16,0.002630912624534614,0.0003085092876142226,True,True,True
v2_primary,primary family-robust finite-size inference,RY-RZ-CZ-line,10,6.0,gaussian,Z,0.0,128,2,haar_alignment_z,-3.4317362999750216,-3.948964938658995,-2.841355148149892,16,0.1613774622655542,0.20962419389293352,True,False,False
v2_primary,primary family-robust finite-size inference,RY-RZ-CZ-line,10,6.0,gaussian,Z,0.0,128,2,physical_minus_rank_baseline,-0.0035927111466122126,-0.004132406509314597,-0.002971566527977508,16,0.16155487234643345,0.000219435144540394,True,False,False
v2_primary,primary family-robust finite-size inference,RY-RZ-CZ-line,12,6.0,gaussian,Z,0.0,128,1,enhancement,0.8855683766631794,0.8698511667139559,0.9018950276509498,16,0.018092256781873286,0.004747317192797196,True,True,True
v2_primary,primary family-robust finite-size inference,RY-RZ-CZ-line,12,6.0,gaussian,Z,0.0,128,1,actual_retention,0.0025950721660459,0.0025499918976090367,0.002642545500510482,16,0.017832568225350908,1.3911552213326413e-05,True,True,True
v2_primary,primary family-robust finite-size inference,RY-RZ-CZ-line,12,6.0,gaussian,Z,0.0,128,1,deff_pairwise,419.60930327524886,409.72149748705164,429.7116536174726,16,0.02381996296839509,2.5815675265549203,True,True,True
v2_primary,primary family-robust finite-size inference,RY-RZ-CZ-line,12,6.0,gaussian,Z,0.0,128,1,pairwise_purity,0.0023887258804402567,0.0023346623292695872,0.0024447947185726043,16,0.023052538218139754,1.5782203364329492e-05,True,True,True
v2_primary,primary family-robust finite-size inference,RY-RZ-CZ-line,12,6.0,gaussian,Z,0.0,128,1,sample_covariance_purity,0.010182563959499319,0.010127105966932799,0.010240483277631024,16,0.005567228015909277,1.5658904900545112e-05,True,True,True
v2_primary,primary family-robust finite-size inference,RY-RZ-CZ-line,12,6.0,gaussian,Z,0.0,128,1,trC3_u_stat,9.662974040319542e-06,9.182202793299497e-06,1.0178564032603402e-05,16,0.05155562020277128,1.585883532985004e-07,True,True,True
v2_primary,primary family-robust finite-size inference,RY-RZ-CZ-line,12,6.0,gaussian,Z,0.0,128,1,Ffull_over_FQ_mean,0.48850258405739133,0.4877990440564478,0.4892016543794086,16,0.001435622214432351,0.0002093650048282103,True,True,True
v2_primary,primary family-robust finite-size inference,RY-RZ-CZ-line,12,6.0,gaussian,Z,0.0,128,1,haar_alignment_z,-2.8162996744660482,-3.197054054732778,-2.4150887040459263,16,0.1388285056765323,0.11609947027171108,True,True,True
v2_primary,primary family-robust finite-size inference,RY-RZ-CZ-line,12,6.0,gaussian,Z,0.0,128,1,physical_minus_rank_baseline,-0.00033533076435693127,-0.00038089601766098463,-0.00028850175900180144,16,0.1377658546127866,1.3911552213322076e-05,True,True,True
v2_primary,primary family-robust finite-size inference,RY-RZ-CZ-line,12,6.0,gaussian,Z,0.0,128,2,enhancement,0.9352891090281996,0.9271969155756283,0.9432504117957199,16,0.008582103685977772,0.0026628029017790045,True,True,True
v2_primary,primary family-robust finite-size inference,RY-RZ-CZ-line,12,6.0,gaussian,Z,0.0,128,2,actual_retention,0.017815030648156132,0.017657429709580324,0.017965324465782494,16,0.008641432122207356,5.072005527198206e-05,True,True,True
v2_primary,primary family-robust finite-size inference,RY-RZ-CZ-line,12,6.0,gaussian,Z,0.0,128,2,deff_pairwise,419.60930327524886,409.77665107067713,429.6969519123613,16,0.023736724479410772,2.5815675265549203,True,True,True
v2_primary,primary family-robust finite-size inference,RY-RZ-CZ-line,12,6.0,gaussian,Z,0.0,128,2,pairwise_purity,0.0023887258804402567,0.0023330760980390733,0.00244550785500808,16,0.023533834059746694,1.5782203364329492e-05,True,True,True
v2_primary,primary family-robust finite-size inference,RY-RZ-CZ-line,12,6.0,gaussian,Z,0.0,128,2,sample_covariance_purity,0.010182563959499319,0.010126405711095186,0.010239187694731915,16,0.005537995346030422,1.5658904900545112e-05,True,True,True
v2_primary,primary family-robust finite-size inference,RY-RZ-CZ-line,12,6.0,gaussian,Z,0.0,128,2,trC3_u_stat,9.662974040319542e-06,9.17172887381918e-06,1.0186982856204235e-05,16,0.052533204484914546,1.585883532985004e-07,True,True,True
v2_primary,primary family-robust finite-size inference,RY-RZ-CZ-line,12,6.0,gaussian,Z,0.0,128,2,Ffull_over_FQ_mean,0.48850258405739133,0.48778205460976104,0.489216161107901,16,0.0014678596848235704,0.0002093650048282103,True,True,True
v2_primary,primary family-robust finite-size inference,RY-RZ-CZ-line,12,6.0,gaussian,Z,0.0,128,2,haar_alignment_z,-4.092467294527962,-4.624728478917009,-3.593513242871557,16,0.12598942909382446,0.16989740232449124,True,True,True
v2_primary,primary family-robust finite-size inference,RY-RZ-CZ-line,12,6.0,gaussian,Z,0.0,128,2,physical_minus_rank_baseline,-0.0012325883994628124,-0.0013892771459373162,-0.0010842173624422387,16,0.12374762882241505,5.0720055271979026e-05,True,True,True
v2_primary,primary family-robust finite-size inference,SU2-CNOT-line,6,6.0,gaussian,Z,0.0,128,1,enhancement,0.9942262464083731,0.9688492502469807,1.0192947843400924,16,0.025369242803308305,0.005430654552136427,True,True,True
v2_primary,primary family-robust finite-size inference,SU2-CNOT-line,6,6.0,gaussian,Z,0.0,128,1,actual_retention,0.09468821394365454,0.09229027398246444,0.09704371273188088,16,0.02510047740601085,0.0005172051954415585,True,True,True
v2_primary,primary family-robust finite-size inference,SU2-CNOT-line,6,6.0,gaussian,Z,0.0,128,1,deff_pairwise,51.04127701108412,50.49299386060019,51.59113820582827,16,0.01075741448425764,0.13518943205821188,True,True,True
v2_primary,primary family-robust finite-size inference,SU2-CNOT-line,6,6.0,gaussian,Z,0.0,128,1,pairwise_purity,0.019601374534197125,0.019395778554570774,0.019820123172186822,16,0.010824358691675546,5.34129639350317e-05,True,True,True
v2_primary,primary family-robust finite-size inference,SU2-CNOT-line,6,6.0,gaussian,Z,0.0,128,1,sample_covariance_purity,0.027260738795648727,0.02705384714357997,0.02747447340434378,16,0.007714872731749831,5.299567515429024e-05,True,True,True
v2_primary,primary family-robust finite-size inference,SU2-CNOT-line,6,6.0,gaussian,Z,0.0,128,1,trC3_u_stat,0.00045039381043259375,0.0004360134332039294,0.0004653859237058501,16,0.0326075645596784,4.092251770447075e-06,True,True,True
v2_primary,primary family-robust finite-size inference,SU2-CNOT-line,6,6.0,gaussian,Z,0.0,128,1,Ffull_over_FQ_mean,0.488608982415343,0.48556696691299933,0.4918306554275909,16,0.006409714864049634,0.0007122957869575841,True,True,True
v2_primary,primary family-robust finite-size inference,SU2-CNOT-line,6,6.0,gaussian,Z,0.0,128,1,haar_alignment_z,-0.0984802127038878,-0.5203022668660712,0.33548108346335526,16,4.344950761340312,0.09257721341720895,True,False,False
v2_primary,primary family-robust finite-size inference,SU2-CNOT-line,6,6.0,gaussian,Z,0.0,128,1,physical_minus_rank_baseline,-0.0005498812944406482,-0.002966278756722448,0.0017905988150238984,16,4.325367692844645,0.0005172051954415568,True,False,False
v2_primary,primary family-robust finite-size inference,SU2-CNOT-line,6,6.0,gaussian,Z,0.0,128,2,enhancement,0.9917380030189954,0.9794608898029457,1.0042021053564225,16,0.01247366516063768,0.0032399686000164074,True,True,True
v2_primary,primary family-robust finite-size inference,SU2-CNOT-line,6,6.0,gaussian,Z,0.0,128,2,actual_retention,0.33057933433966513,0.3264627465598694,0.33462289283036667,16,0.012342190546782405,0.0010799895333388765,True,True,True
v2_primary,primary family-robust finite-size inference,SU2-CNOT-line,6,6.0,gaussian,Z,0.0,128,2,deff_pairwise,51.04127701108412,50.485035715692106,51.57723189790957,16,0.010699146320146756,0.13518943205821188,True,True,True
v2_primary,primary family-robust finite-size inference,SU2-CNOT-line,6,6.0,gaussian,Z,0.0,128,2,pairwise_purity,0.019601374534197125,0.019395364476935375,0.01981062780763752,16,0.010592709454575872,5.34129639350317e-05,True,True,True
v2_primary,primary family-robust finite-size inference,SU2-CNOT-line,6,6.0,gaussian,Z,0.0,128,2,sample_covariance_purity,0.027260738795648727,0.027053822585178522,0.027468006450068933,16,0.007596710199147684,5.299567515429024e-05,True,True,True
v2_primary,primary family-robust finite-size inference,SU2-CNOT-line,6,6.0,gaussian,Z,0.0,128,2,trC3_u_stat,0.00045039381043259375,0.0004358518483757761,0.0004654318237566036,16,0.03283790173805514,4.092251770447075e-06,True,True,True
v2_primary,primary family-robust finite-size inference,SU2-CNOT-line,6,6.0,gaussian,Z,0.0,128,2,Ffull_over_FQ_mean,0.488608982415343,0.48562975691247334,0.4917245864348317,16,0.0062369192357350335,0.0007122957869575841,True,True,True
v2_primary,primary family-robust finite-size inference,SU2-CNOT-line,6,6.0,gaussian,Z,0.0,128,2,haar_alignment_z,-0.3106809077560413,-0.7698525325091145,0.14666713791080688,16,1.4750176910446138,0.12274591887297809,True,False,False
v2_primary,primary family-robust finite-size inference,SU2-CNOT-line,6,6.0,gaussian,Z,0.0,128,2,physical_minus_rank_baseline,-0.002753998993668156,-0.006912997548661605,0.001331454974344531,16,1.4968147304994175,0.001079989533338824,True,False,False
v2_primary,primary family-robust finite-size inference,SU2-CNOT-line,8,6.0,gaussian,Z,0.0,128,1,enhancement,0.9810976077159008,0.9567127436959736,1.0048636674133253,16,0.024539313590546917,0.005093050943617894,True,True,True
v2_primary,primary family-robust finite-size inference,SU2-CNOT-line,8,6.0,gaussian,Z,0.0,128,1,actual_retention,0.030779532791087038,0.030034155499661045,0.031548978741047055,16,0.024607638648509053,0.00015978199038801585,True,True,True
v2_primary,primary family-robust finite-size inference,SU2-CNOT-line,8,6.0,gaussian,Z,0.0,128,1,deff_pairwise,169.2097028638026,166.74703572695125,171.75657863582404,16,0.014802764924494267,0.6741300266339465,True,True,True
v2_primary,primary family-robust finite-size inference,SU2-CNOT-line,8,6.0,gaussian,Z,0.0,128,1,pairwise_purity,0.0059152195393934,0.005824735788269393,0.006002003253582578,16,0.014984014044841707,2.468162499146692e-05,True,True,True
v2_primary,primary family-robust finite-size inference,SU2-CNOT-line,8,6.0,gaussian,Z,0.0,128,1,sample_covariance_purity,0.0136815068867419,0.013593512212732991,0.013766688342312074,16,0.006328839762047673,2.448879979621843e-05,True,True,True
v2_primary,primary family-robust finite-size inference,SU2-CNOT-line,8,6.0,gaussian,Z,0.0,128,1,trC3_u_stat,4.478218454978727e-05,4.2801469627219456e-05,4.6800382788982666e-05,16,0.04464848244861032,5.674705955082031e-07,True,True,True
v2_primary,primary family-robust finite-size inference,SU2-CNOT-line,8,6.0,gaussian,Z,0.0,128,1,Ffull_over_FQ_mean,0.49177601984907965,0.4901448829834355,0.49334182232893053,16,0.003250401825688994,0.0004703443279719388,True,True,True
v2_primary,primary family-robust finite-size inference,SU2-CNOT-line,8,6.0,gaussian,Z,0.0,128,1,haar_alignment_z,-0.3926000920960618,-0.8828715952082874,0.10727558925628851,16,1.2610124200153088,0.10642083137509822,True,False,False
v2_primary,primary family-robust finite-size inference,SU2-CNOT-line,8,6.0,gaussian,Z,0.0,128,1,physical_minus_rank_baseline,-0.0005930162285207437,-0.001343455319714805,0.00017695932117000324,16,1.2819334174693875,0.00015978199038801043,True,False,False
v2_primary,primary family-robust finite-size inference,SU2-CNOT-line,8,6.0,gaussian,Z,0.0,128,2,enhancement,0.9856984978649397,0.9790842531036705,0.9919769889804335,16,0.00653989830799638,0.002037897779495479,True,True,True
v2_primary,primary family-robust finite-size inference,SU2-CNOT-line,8,6.0,gaussian,Z,0.0,128,2,actual_retention,0.13915743499269734,0.13823713268609322,0.14003489677669356,16,0.006459461151661363,0.0002877032159287751,True,True,True
v2_primary,primary family-robust finite-size inference,SU2-CNOT-line,8,6.0,gaussian,Z,0.0,128,2,deff_pairwise,169.2097028638026,166.75691864451588,171.67830126128024,16,0.014542258905582967,0.6741300266339465,True,True,True
v2_primary,primary family-robust finite-size inference,SU2-CNOT-line,8,6.0,gaussian,Z,0.0,128,2,pairwise_purity,0.0059152195393934,0.00582551488140066,0.006003018547385992,16,0.015003979548283568,2.468162499146692e-05,True,True,True
v2_primary,primary family-robust finite-size inference,SU2-CNOT-line,8,6.0,gaussian,Z,0.0,128,2,sample_covariance_purity,0.0136815068867419,0.01359409703769636,0.013767426071314086,16,0.006334427744420882,2.448879979621843e-05,True,True,True
v2_primary,primary family-robust finite-size inference,SU2-CNOT-line,8,6.0,gaussian,Z,0.0,128,2,trC3_u_stat,4.478218454978727e-05,4.2822435848444817e-05,4.678765153066075e-05,16,0.04427224489023696,5.674705955082031e-07,True,True,True
v2_primary,primary family-robust finite-size inference,SU2-CNOT-line,8,6.0,gaussian,Z,0.0,128,2,Ffull_over_FQ_mean,0.49177601984907965,0.49010379149706057,0.4933299760850288,16,0.00328013613693316,0.0004703443279719388,True,True,True
v2_primary,primary family-robust finite-size inference,SU2-CNOT-line,8,6.0,gaussian,Z,0.0,128,2,haar_alignment_z,-0.6659142176934689,-0.9760562969679618,-0.3761153277522714,16,0.45046415384680444,0.09646138825340789,True,False,False
v2_primary,primary family-robust finite-size inference,SU2-CNOT-line,8,6.0,gaussian,Z,0.0,128,2,physical_minus_rank_baseline,-0.0020190355955379,-0.0029444375301445357,-0.001119749855258698,16,0.4518711009648433,0.0002877032159287732,True,False,False
v2_primary,primary family-robust finite-size inference,SU2-CNOT-line,10,6.0,gaussian,Z,0.0,128,1,enhancement,0.9929654450833425,0.9718426557681401,1.0147345332287347,16,0.02159787013383663,0.006780434240058919,True,True,True
v2_primary,primary family-robust finite-size inference,SU2-CNOT-line,10,6.0,gaussian,Z,0.0,128,1,actual_retention,0.009706407087813663,0.009495658177920651,0.009914223748791511,16,0.02156130312092344,6.627990459490488e-05,True,True,True
v2_primary,primary family-robust finite-size inference,SU2-CNOT-line,10,6.0,gaussian,Z,0.0,128,1,deff_pairwise,467.6490312894782,463.06058699426535,472.8414571887977,16,0.010457490062112301,1.834801798532851,True,True,True
v2_primary,primary family-robust finite-size inference,SU2-CNOT-line,10,6.0,gaussian,Z,0.0,128,1,pairwise_purity,0.0021393061979462936,0.002116125184877508,0.002159876634731825,16,0.010225616579879523,7.986804156499393e-06,True,True,True
v2_primary,primary family-robust finite-size inference,SU2-CNOT-line,10,6.0,gaussian,Z,0.0,128,1,sample_covariance_purity,0.009935092868274837,0.009911788397962204,0.00995462921613458,16,0.0021560351141345167,7.924407249030804e-06,True,True,True
v2_primary,primary family-robust finite-size inference,SU2-CNOT-line,10,6.0,gaussian,Z,0.0,128,1,trC3_u_stat,6.327853423878061e-06,6.138610123720205e-06,6.521399839201077e-06,16,0.03024641136885538,5.538019633068175e-08,True,True,True
v2_primary,primary family-robust finite-size inference,SU2-CNOT-line,10,6.0,gaussian,Z,0.0,128,1,Ffull_over_FQ_mean,0.4939772524559972,0.4935140838269111,0.49445837592421976,16,0.0009558052446886616,0.0001049211491050972,True,True,True
v2_primary,primary family-robust finite-size inference,SU2-CNOT-line,10,6.0,gaussian,Z,0.0,128,1,haar_alignment_z,-0.16720751692623861,-0.6967102001102923,0.3393661998195912,16,3.098175306278051,0.16095328477031995,True,False,False
v2_primary,primary family-robust finite-size inference,SU2-CNOT-line,10,6.0,gaussian,Z,0.0,128,1,physical_minus_rank_baseline,-6.876397767992243e-05,-0.00028090372443482375,0.0001462804500521144,16,3.1061624770702188,6.627990459490517e-05,True,False,False
v2_primary,primary family-robust finite-size inference,SU2-CNOT-line,10,6.0,gaussian,Z,0.0,128,2,enhancement,0.9912473656654028,0.9867673031161746,0.995633140205342,16,0.004472060857995822,0.001307689758413444,True,True,True
v2_primary,primary family-robust finite-size inference,SU2-CNOT-line,10,6.0,gaussian,Z,0.0,128,2,actual_retention,0.053292869121795795,0.053048358953271466,0.05352972040242978,16,0.004516190037153079,7.03059009899698e-05,True,True,True
v2_primary,primary family-robust finite-size inference,SU2-CNOT-line,10,6.0,gaussian,Z,0.0,128,2,deff_pairwise,467.6490312894782,463.08575071172265,472.86163625019236,16,0.010452160578109231,1.834801798532851,True,True,True
v2_primary,primary family-robust finite-size inference,SU2-CNOT-line,10,6.0,gaussian,Z,0.0,128,2,pairwise_purity,0.0021393061979462936,0.002116048308555814,0.0021595069926025616,16,0.010157191169844582,7.986804156499393e-06,True,True,True
v2_primary,primary family-robust finite-size inference,SU2-CNOT-line,10,6.0,gaussian,Z,0.0,128,2,sample_covariance_purity,0.009935092868274837,0.009911850315190887,0.009955320113702487,16,0.0021876895912271398,7.924407249030804e-06,True,True,True
v2_primary,primary family-robust finite-size inference,SU2-CNOT-line,10,6.0,gaussian,Z,0.0,128,2,trC3_u_stat,6.327853423878061e-06,6.138740405022577e-06,6.516723838267671e-06,16,0.02986663943722046,5.538019633068175e-08,True,True,True
v2_primary,primary family-robust finite-size inference,SU2-CNOT-line,10,6.0,gaussian,Z,0.0,128,2,Ffull_over_FQ_mean,0.4939772524559972,0.4935029825398028,0.49444807802298674,16,0.000956618425732197,0.0001049211491050972,True,True,True
v2_primary,primary family-robust finite-size inference,SU2-CNOT-line,10,6.0,gaussian,Z,0.0,128,2,haar_alignment_z,-0.49886096739774466,-0.7575418740123683,-0.25365327503322027,16,0.5050391110048451,0.07425451660942822,True,False,False
v2_primary,primary family-robust finite-size inference,SU2-CNOT-line,10,6.0,gaussian,Z,0.0,128,2,physical_minus_rank_baseline,-0.0004705717384191745,-0.0007150326767515474,-0.0002304438404457343,16,0.5148936886156054,7.030590098996834e-05,True,False,False
v2_primary,primary family-robust finite-size inference,SU2-CNOT-line,12,6.0,gaussian,Z,0.0,128,1,enhancement,0.9846586585419532,0.9691394365593116,1.002054143093232,16,0.016713764840426665,0.005581163674855838,True,True,True
v2_primary,primary family-robust finite-size inference,SU2-CNOT-line,12,6.0,gaussian,Z,0.0,128,1,actual_retention,0.002885446618437906,0.0028399675103290365,0.002935880267463866,16,0.016620088641035678,1.635505838785316e-05,True,True,True
v2_primary,primary family-robust finite-size inference,SU2-CNOT-line,12,6.0,gaussian,Z,0.0,128,1,deff_pairwise,981.9063314930845,973.4681979249594,989.917264169255,16,0.008376087268570268,2.4413071193449696,True,True,True
v2_primary,primary family-robust finite-size inference,SU2-CNOT-line,12,6.0,gaussian,Z,0.0,128,1,pairwise_purity,0.0010187313434386063,0.0010103350959980283,0.0010277626495190913,16,0.00855355714404463,2.609916056266204e-06,True,True,True
v2_primary,primary family-robust finite-size inference,SU2-CNOT-line,12,6.0,gaussian,Z,0.0,128,1,sample_covariance_purity,0.008823272504818007,0.008814834189904773,0.008832125279428487,16,0.0009798569359765357,2.589526087079172e-06,True,True,True
v2_primary,primary family-robust finite-size inference,SU2-CNOT-line,12,6.0,gaussian,Z,0.0,128,1,trC3_u_stat,1.5114410702184904e-06,1.4785139779545861e-06,1.5458988630890436e-06,16,0.022291601856735465,9.058685717162253e-09,True,True,True
v2_primary,primary family-robust finite-size inference,SU2-CNOT-line,12,6.0,gaussian,Z,0.0,128,1,Ffull_over_FQ_mean,0.4951884200722123,0.49471065138101983,0.4956374091646012,16,0.0009357627783846597,0.000136681806655381,True,True,True
v2_primary,primary family-robust finite-size inference,SU2-CNOT-line,12,6.0,gaussian,Z,0.0,128,1,haar_alignment_z,-0.40644673681837495,-0.8241573372290796,0.055753989354525614,16,1.0824435859314119,0.1478817503688059,True,False,False
v2_primary,primary family-robust finite-size inference,SU2-CNOT-line,12,6.0,gaussian,Z,0.0,128,1,physical_minus_rank_baseline,-4.495631196494898e-05,-9.088337764326227e-05,5.982885816065969e-06,16,1.0773377444178673,1.635505838784993e-05,True,False,False
v2_primary,primary family-robust finite-size inference,SU2-CNOT-line,12,6.0,gaussian,Z,0.0,128,2,enhancement,0.9789796890504243,0.9722034323330643,0.9860000847441699,16,0.00704644466346788,0.0019542596234037868,True,True,True
v2_primary,primary family-robust finite-size inference,SU2-CNOT-line,12,6.0,gaussian,Z,0.0,128,2,actual_retention,0.018647232172388985,0.018517357669361436,0.018785103513975755,16,0.00717923824133995,3.722399282674038e-05,True,True,True
v2_primary,primary family-robust finite-size inference,SU2-CNOT-line,12,6.0,gaussian,Z,0.0,128,2,deff_pairwise,981.9063314930845,973.4636232868834,989.9613642929208,16,0.008400873116354717,2.4413071193449696,True,True,True
v2_primary,primary family-robust finite-size inference,SU2-CNOT-line,12,6.0,gaussian,Z,0.0,128,2,pairwise_purity,0.0010187313434386063,0.001010337231143408,0.00102742538076781,16,0.008386975493815181,2.609916056266204e-06,True,True,True
v2_primary,primary family-robust finite-size inference,SU2-CNOT-line,12,6.0,gaussian,Z,0.0,128,2,sample_covariance_purity,0.008823272504818007,0.008814908647284483,0.008832071862174261,16,0.0009726104957319607,2.589526087079172e-06,True,True,True
v2_primary,primary family-robust finite-size inference,SU2-CNOT-line,12,6.0,gaussian,Z,0.0,128,2,trC3_u_stat,1.5114410702184904e-06,1.4779456942818977e-06,1.5456028587861875e-06,16,0.02238167462741681,9.058685717162253e-09,True,True,True
v2_primary,primary family-robust finite-size inference,SU2-CNOT-line,12,6.0,gaussian,Z,0.0,128,2,Ffull_over_FQ_mean,0.4951884200722123,0.4947129174858752,0.4956271061379841,16,0.000923071516873911,0.000136681806655381,True,True,True
v2_primary,primary family-robust finite-size inference,SU2-CNOT-line,12,6.0,gaussian,Z,0.0,128,2,haar_alignment_z,-1.4312226306667972,-1.884903638818814,-0.9588943159573623,16,0.3235028929182143,0.1330975865284576,True,False,False
v2_primary,primary family-robust finite-size inference,SU2-CNOT-line,12,6.0,gaussian,Z,0.0,128,2,physical_minus_rank_baseline,-0.00040038687522997424,-0.0005295775688096949,-0.0002692376914067743,16,0.3251104038480115,3.7223992826731654e-05,True,False,False
v2_primary,primary family-robust finite-size inference,SU2-CZ-random-matching,6,6.0,gaussian,Z,0.0,128,1,enhancement,0.9372871040940403,0.9090702941805064,0.9657037708129058,16,0.030211381542019595,0.008570581608032146,True,True,True
v2_primary,primary family-robust finite-size inference,SU2-CZ-random-matching,6,6.0,gaussian,Z,0.0,128,1,actual_retention,0.08926543848514665,0.0865939792438734,0.09193707084368574,16,0.02992810930235565,0.0008162458674316198,True,True,True
v2_primary,primary family-robust finite-size inference,SU2-CZ-random-matching,6,6.0,gaussian,Z,0.0,128,1,deff_pairwise,48.46358611950994,47.85051725791717,49.069080435047745,16,0.012571946018662666,0.17437217399987048,True,True,True
v2_primary,primary family-robust finite-size inference,SU2-CZ-random-matching,6,6.0,gaussian,Z,0.0,128,1,pairwise_purity,0.02064776952836822,0.020392607931820583,0.020913963244533026,16,0.012624978983714136,7.756206903493032e-05,True,True,True
v2_primary,primary family-robust finite-size inference,SU2-CZ-random-matching,6,6.0,gaussian,Z,0.0,128,1,sample_covariance_purity,0.028298958828927842,0.028044528272836343,0.028563828550567813,16,0.009175254129855644,7.695611537059804e-05,True,True,True
v2_primary,primary family-robust finite-size inference,SU2-CZ-random-matching,6,6.0,gaussian,Z,0.0,128,1,trC3_u_stat,0.0005095903205326063,0.0004913697531223213,0.000528099919872058,16,0.0360389172142708,5.245058276399624e-06,True,True,True
v2_primary,primary family-robust finite-size inference,SU2-CZ-random-matching,6,6.0,gaussian,Z,0.0,128,1,Ffull_over_FQ_mean,0.48945173197027736,0.4857137200835849,0.49316689526849716,16,0.007613799990971215,0.0010937235190918715,True,True,True
v2_primary,primary family-robust finite-size inference,SU2-CZ-random-matching,6,6.0,gaussian,Z,0.0,128,1,haar_alignment_z,-1.0297658590385605,-1.4947018494555533,-0.5588981076455447,16,0.45437695064182865,0.14032556652295036,True,False,False
v2_primary,primary family-robust finite-size inference,SU2-CZ-random-matching,6,6.0,gaussian,Z,0.0,128,1,physical_minus_rank_baseline,-0.005972656752948512,-0.008702687987716283,-0.0032070016637525058,16,0.46007049720802473,0.0008162458674316206,True,False,False
v2_primary,primary family-robust finite-size inference,SU2-CZ-random-matching,6,6.0,gaussian,Z,0.0,128,2,enhancement,0.9666484645440767,0.9514721258931215,0.9822496778869987,16,0.015919723210026285,0.004323685230187002,True,True,True
v2_primary,primary family-robust finite-size inference,SU2-CZ-random-matching,6,6.0,gaussian,Z,0.0,128,2,actual_retention,0.32221615484802557,0.3171518481751527,0.3272437521360796,16,0.015660145850984398,0.001441228410062334,True,True,True
v2_primary,primary family-robust finite-size inference,SU2-CZ-random-matching,6,6.0,gaussian,Z,0.0,128,2,deff_pairwise,48.46358611950994,47.85165843596875,49.06826989773775,16,0.012551810123675807,0.17437217399987048,True,True,True
v2_primary,primary family-robust finite-size inference,SU2-CZ-random-matching,6,6.0,gaussian,Z,0.0,128,2,pairwise_purity,0.02064776952836822,0.020392729021102108,0.020910019418756243,16,0.012526544258047435,7.756206903493032e-05,True,True,True
v2_primary,primary family-robust finite-size inference,SU2-CZ-random-matching,6,6.0,gaussian,Z,0.0,128,2,sample_covariance_purity,0.028298958828927842,0.02805137571224491,0.028560546603723716,16,0.008996283123998207,7.695611537059804e-05,True,True,True
v2_primary,primary family-robust finite-size inference,SU2-CZ-random-matching,6,6.0,gaussian,Z,0.0,128,2,trC3_u_stat,0.0005095903205326063,0.0004916365224854678,0.000528389969917478,16,0.036061759761838466,5.245058276399624e-06,True,True,True
v2_primary,primary family-robust finite-size inference,SU2-CZ-random-matching,6,6.0,gaussian,Z,0.0,128,2,Ffull_over_FQ_mean,0.48945173197027736,0.48572131455357387,0.4931383905937781,16,0.007576922866680819,0.0010937235190918715,True,True,True
v2_primary,primary family-robust finite-size inference,SU2-CZ-random-matching,6,6.0,gaussian,Z,0.0,128,2,haar_alignment_z,-1.1902624142829754,-1.7273730628604205,-0.6530873848690303,16,0.4512810221931394,0.14918517966907618,True,False,False
v2_primary,primary family-robust finite-size inference,SU2-CZ-random-matching,6,6.0,gaussian,Z,0.0,128,2,physical_minus_rank_baseline,-0.01111717848530772,-0.01628806120025944,-0.00608670977819658,16,0.45881027436704375,0.0014412284100623254,True,False,False
v2_primary,primary family-robust finite-size inference,SU2-CZ-random-matching,8,6.0,gaussian,Z,0.0,128,1,enhancement,0.9651373809985491,0.9433749509709738,0.986360146060765,16,0.022268951517201614,0.005815329237073175,True,True,True
v2_primary,primary family-robust finite-size inference,SU2-CZ-random-matching,8,6.0,gaussian,Z,0.0,128,1,actual_retention,0.030278819796032863,0.02961198540629891,0.03092561769699248,16,0.02169226375966082,0.00018244170155523598,True,True,True
v2_primary,primary family-robust finite-size inference,SU2-CZ-random-matching,8,6.0,gaussian,Z,0.0,128,1,deff_pairwise,154.8629783527972,153.6230283215572,156.20145430215254,16,0.008324862430068226,0.3702521477069638,True,True,True
v2_primary,primary family-robust finite-size inference,SU2-CZ-random-matching,8,6.0,gaussian,Z,0.0,128,1,pairwise_purity,0.006459156637660557,0.0064035491107163525,0.006510593328756253,16,0.008286237975386157,1.5026270193250167e-05,True,True,True
v2_primary,primary family-robust finite-size inference,SU2-CZ-random-matching,8,6.0,gaussian,Z,0.0,128,1,sample_covariance_purity,0.014221194476428844,0.014167866525139315,0.01427251433115828,16,0.0036792903082935383,1.4908877457369893e-05,True,True,True
v2_primary,primary family-robust finite-size inference,SU2-CZ-random-matching,8,6.0,gaussian,Z,0.0,128,1,trC3_u_stat,5.479048112463837e-05,5.3565101343700094e-05,5.5916038545904856e-05,16,0.02145388353915717,3.430747725141419e-07,True,True,True
v2_primary,primary family-robust finite-size inference,SU2-CZ-random-matching,8,6.0,gaussian,Z,0.0,128,1,Ffull_over_FQ_mean,0.4921193827395024,0.49025094907934585,0.49400153849739736,16,0.003810649965840544,0.0003734278588790052,True,True,True
v2_primary,primary family-robust finite-size inference,SU2-CZ-random-matching,8,6.0,gaussian,Z,0.0,128,1,haar_alignment_z,-0.6976097826485448,-1.1199080809806208,-0.28203156925029055,16,0.600533803116442,0.11589800174966847,True,False,False
v2_primary,primary family-robust finite-size inference,SU2-CZ-random-matching,8,6.0,gaussian,Z,0.0,128,1,physical_minus_rank_baseline,-0.001093729223574901,-0.0017404966702313236,-0.0004479445672653473,16,0.590892185700778,0.00018244170155523327,True,False,False
v2_primary,primary family-robust finite-size inference,SU2-CZ-random-matching,8,6.0,gaussian,Z,0.0,128,2,enhancement,0.9836844078858338,0.9744618908626047,0.9928475449581171,16,0.009345301169827142,0.002433919767284798,True,True,True
v2_primary,primary family-robust finite-size inference,SU2-CZ-random-matching,8,6.0,gaussian,Z,0.0,128,2,actual_retention,0.13887309287800004,0.13757602615958997,0.14017524994903274,16,0.00935826997000128,0.00034361220244019663,True,True,True
v2_primary,primary family-robust finite-size inference,SU2-CZ-random-matching,8,6.0,gaussian,Z,0.0,128,2,deff_pairwise,154.8629783527972,153.6252668054461,156.2144172149146,16,0.008359487971263473,0.3702521477069638,True,True,True
v2_primary,primary family-robust finite-size inference,SU2-CZ-random-matching,8,6.0,gaussian,Z,0.0,128,2,pairwise_purity,0.006459156637660557,0.006404004202099729,0.006511126764435329,16,0.008292302567104101,1.5026270193250167e-05,True,True,True
v2_primary,primary family-robust finite-size inference,SU2-CZ-random-matching,8,6.0,gaussian,Z,0.0,128,2,sample_covariance_purity,0.014221194476428844,0.014166755408010464,0.0142712252487892,16,0.003673033265661729,1.4908877457369893e-05,True,True,True
v2_primary,primary family-robust finite-size inference,SU2-CZ-random-matching,8,6.0,gaussian,Z,0.0,128,2,trC3_u_stat,5.479048112463837e-05,5.35535408847216e-05,5.590007924631591e-05,16,0.021413741159311578,3.430747725141419e-07,True,True,True
v2_primary,primary family-robust finite-size inference,SU2-CZ-random-matching,8,6.0,gaussian,Z,0.0,128,2,Ffull_over_FQ_mean,0.4921193827395024,0.49026675717378915,0.4940254432072348,16,0.003818876237430443,0.0003734278588790052,True,True,True
v2_primary,primary family-robust finite-size inference,SU2-CZ-random-matching,8,6.0,gaussian,Z,0.0,128,2,haar_alignment_z,-0.7359141294528704,-1.1464427133542618,-0.3265853731856558,16,0.5570332918992498,0.11019056116199544,True,False,False
v2_primary,primary family-robust finite-size inference,SU2-CZ-random-matching,8,6.0,gaussian,Z,0.0,128,2,physical_minus_rank_baseline,-0.0023033777102351854,-0.0035854967847873107,-0.0009971400752509993,16,0.5618611090215049,0.0003436122024401988,True,False,False
v2_primary,primary family-robust finite-size inference,SU2-CZ-random-matching,10,6.0,gaussian,Z,0.0,128,1,enhancement,0.945141286285997,0.9294833509311395,0.9610002549566996,16,0.016673117809406085,0.003934880565702237,True,True,True
v2_primary,primary family-robust finite-size inference,SU2-CZ-random-matching,10,6.0,gaussian,Z,0.0,128,1,actual_retention,0.009238917754506274,0.009082785623873999,0.009397607800668976,16,0.017037827652563692,3.846413065202586e-05,True,True,True
v2_primary,primary family-robust finite-size inference,SU2-CZ-random-matching,10,6.0,gaussian,Z,0.0,128,1,deff_pairwise,402.75668461367997,400.19126084081677,405.32866281788245,16,0.006377798523683625,0.6632788071813707,True,True,True
v2_primary,primary family-robust finite-size inference,SU2-CZ-random-matching,10,6.0,gaussian,Z,0.0,128,1,pairwise_purity,0.0024833165435843747,0.0024673448116603706,0.0024992645904068286,16,0.006426844541611588,4.018892302364973e-06,True,True,True
v2_primary,primary family-robust finite-size inference,SU2-CZ-random-matching,10,6.0,gaussian,Z,0.0,128,1,sample_covariance_purity,0.01027641563308762,0.010260813229991611,0.010292484243379654,16,0.0015409562302087967,3.987494706248623e-06,True,True,True
v2_primary,primary family-robust finite-size inference,SU2-CZ-random-matching,10,6.0,gaussian,Z,0.0,128,1,trC3_u_stat,8.478464028145362e-06,8.345424952116243e-06,8.613862932266413e-06,16,0.015830578466751507,3.841133196914889e-08,True,True,True
v2_primary,primary family-robust finite-size inference,SU2-CZ-random-matching,10,6.0,gaussian,Z,0.0,128,1,Ffull_over_FQ_mean,0.49333622112823683,0.49227828440016075,0.4942294411777511,16,0.0019775121854301828,0.00036936069133369775,True,True,True
v2_primary,primary family-robust finite-size inference,SU2-CZ-random-matching,10,6.0,gaussian,Z,0.0,128,1,haar_alignment_z,-1.2781008867937786,-1.6574727212597644,-0.9015523818069263,16,0.29572013730039987,0.09143147517652261,True,False,False
v2_primary,primary family-robust finite-size inference,SU2-CZ-random-matching,10,6.0,gaussian,Z,0.0,128,1,physical_minus_rank_baseline,-0.0005362533109872726,-0.0006935615661684167,-0.0003790102709164221,16,0.2932861101341155,3.8464130652028465e-05,True,False,False
v2_primary,primary family-robust finite-size inference,SU2-CZ-random-matching,10,6.0,gaussian,Z,0.0,128,2,enhancement,0.9733952626776547,0.9648792770698553,0.982870563922241,16,0.009241511409709639,0.0031336250788551734,True,True,True
v2_primary,primary family-robust finite-size inference,SU2-CZ-random-matching,10,6.0,gaussian,Z,0.0,128,2,actual_retention,0.052333078638583524,0.05187834690447505,0.05285562433403904,16,0.009337090946943434,0.00016847446660511745,True,True,True
v2_primary,primary family-robust finite-size inference,SU2-CZ-random-matching,10,6.0,gaussian,Z,0.0,128,2,deff_pairwise,402.75668461367997,400.1314836764497,405.3324957806952,16,0.006456766955009369,0.6632788071813707,True,True,True
v2_primary,primary family-robust finite-size inference,SU2-CZ-random-matching,10,6.0,gaussian,Z,0.0,128,2,pairwise_purity,0.0024833165435843747,0.0024678297254439423,0.002499330125804098,16,0.00634240536945177,4.018892302364973e-06,True,True,True
v2_primary,primary family-robust finite-size inference,SU2-CZ-random-matching,10,6.0,gaussian,Z,0.0,128,2,sample_covariance_purity,0.01027641563308762,0.010260484173604785,0.010292353103115739,16,0.0015505858583776556,3.987494706248623e-06,True,True,True
v2_primary,primary family-robust finite-size inference,SU2-CZ-random-matching,10,6.0,gaussian,Z,0.0,128,2,trC3_u_stat,8.478464028145362e-06,8.34495589081911e-06,8.616397152631315e-06,16,0.016007690833570815,3.841133196914889e-08,True,True,True
v2_primary,primary family-robust finite-size inference,SU2-CZ-random-matching,10,6.0,gaussian,Z,0.0,128,2,Ffull_over_FQ_mean,0.49333622112823683,0.4922763925045096,0.49421629355534996,16,0.0019661044210415876,0.00036936069133369775,True,True,True
v2_primary,primary family-robust finite-size inference,SU2-CZ-random-matching,10,6.0,gaussian,Z,0.0,128,2,haar_alignment_z,-1.4879206346167153,-1.968241012365327,-0.9563385905903645,16,0.34003911170827533,0.17506561861327086,True,False,False
v2_primary,primary family-robust finite-size inference,SU2-CZ-random-matching,10,6.0,gaussian,Z,0.0,128,2,physical_minus_rank_baseline,-0.0014303622216314186,-0.0018901903042714565,-0.0009175133809512362,16,0.34001070099950653,0.00016847446660511463,True,False,False
v2_primary,primary family-robust finite-size inference,SU2-CZ-random-matching,12,6.0,gaussian,Z,0.0,128,1,enhancement,0.9573318793621852,0.9433740863126197,0.9696334411912277,16,0.013714864951589816,0.0048769643257489115,True,True,True
v2_primary,primary family-robust finite-size inference,SU2-CZ-random-matching,12,6.0,gaussian,Z,0.0,128,1,actual_retention,0.0028053681446510437,0.00276490992141793,0.002842235282951494,16,0.013781678116114488,1.4291470551643266e-05,True,True,True
v2_primary,primary family-robust finite-size inference,SU2-CZ-random-matching,12,6.0,gaussian,Z,0.0,128,1,deff_pairwise,803.7649442552556,797.5933646729145,810.2173563616718,16,0.007853036997311649,1.769250157649708,True,True,True
v2_primary,primary family-robust finite-size inference,SU2-CZ-random-matching,12,6.0,gaussian,Z,0.0,128,1,pairwise_purity,0.0012444572092803689,0.0012346349558818369,0.001253729230819315,16,0.007671728202096911,2.6719075832445493e-06,True,True,True
v2_primary,primary family-robust finite-size inference,SU2-CZ-random-matching,12,6.0,gaussian,Z,0.0,128,1,sample_covariance_purity,0.009047234887332868,0.009037703820669494,0.009056552566527853,16,0.0010416854482660726,2.6510333052520013e-06,True,True,True
v2_primary,primary family-robust finite-size inference,SU2-CZ-random-matching,12,6.0,gaussian,Z,0.0,128,1,trC3_u_stat,2.1616048875429674e-06,2.095871071759648e-06,2.228959804965762e-06,16,0.0307847039884778,1.8953660179897287e-08,True,True,True
v2_primary,primary family-robust finite-size inference,SU2-CZ-random-matching,12,6.0,gaussian,Z,0.0,128,1,Ffull_over_FQ_mean,0.4941152920620324,0.4937566439428648,0.49446200636978543,16,0.0007137630005105163,9.88375046234169e-05,True,True,True
v2_primary,primary family-robust finite-size inference,SU2-CZ-random-matching,12,6.0,gaussian,Z,0.0,128,1,haar_alignment_z,-1.1155602472627808,-1.4741706309404332,-0.7958765599858725,16,0.30401498826211854,0.12763923738069038,True,False,False
v2_primary,primary family-robust finite-size inference,SU2-CZ-random-matching,12,6.0,gaussian,Z,0.0,128,1,physical_minus_rank_baseline,-0.0001250347857518105,-0.00016611793744471853,-8.900597288221825e-05,16,0.3083620454053671,1.4291470551645963e-05,True,False,False
v2_primary,primary family-robust finite-size inference,SU2-CZ-random-matching,12,6.0,gaussian,Z,0.0,128,2,enhancement,0.9751597126875373,0.968832399874295,0.9811916445266071,16,0.006337036124190386,0.0015403551624255662,True,True,True
v2_primary,primary family-robust finite-size inference,SU2-CZ-random-matching,12,6.0,gaussian,Z,0.0,128,2,actual_retention,0.018574470717857804,0.018453838408547564,0.018691008028373,16,0.006384290121317362,2.9340098331914755e-05,True,True,True
v2_primary,primary family-robust finite-size inference,SU2-CZ-random-matching,12,6.0,gaussian,Z,0.0,128,2,deff_pairwise,803.7649442552556,797.7326825714533,810.1310996367437,16,0.007712713246519071,1.769250157649708,True,True,True
v2_primary,primary family-robust finite-size inference,SU2-CZ-random-matching,12,6.0,gaussian,Z,0.0,128,2,pairwise_purity,0.0012444572092803689,0.0012344541848573795,0.0012538300696137291,16,0.007784873843735502,2.6719075832445493e-06,True,True,True
v2_primary,primary family-robust finite-size inference,SU2-CZ-random-matching,12,6.0,gaussian,Z,0.0,128,2,sample_covariance_purity,0.009047234887332868,0.009037659124319787,0.009056604568746896,16,0.0010470295434483964,2.6510333052520013e-06,True,True,True
v2_primary,primary family-robust finite-size inference,SU2-CZ-random-matching,12,6.0,gaussian,Z,0.0,128,2,trC3_u_stat,2.1616048875429674e-06,2.0960538930429053e-06,2.225732945613726e-06,16,0.029996012064495047,1.8953660179897287e-08,True,True,True
v2_primary,primary family-robust finite-size inference,SU2-CZ-random-matching,12,6.0,gaussian,Z,0.0,128,2,Ffull_over_FQ_mean,0.4941152920620324,0.49375394480248147,0.49446405552643957,16,0.0007185678477938634,9.88375046234169e-05,True,True,True
v2_primary,primary family-robust finite-size inference,SU2-CZ-random-matching,12,6.0,gaussian,Z,0.0,128,2,haar_alignment_z,-1.669686985612516,-2.0969628585078937,-1.2486552428262925,16,0.2540319302334395,0.10363077186124259,True,False,False
v2_primary,primary family-robust finite-size inference,SU2-CZ-random-matching,12,6.0,gaussian,Z,0.0,128,2,physical_minus_rank_baseline,-0.0004731483297611372,-0.0005913336886306849,-0.00035728008678889467,16,0.2473363923317125,2.934009833191752e-05,True,False,False
v2_primary,primary family-robust finite-size inference,SU2-CZ-ring,6,6.0,gaussian,Z,0.0,128,1,enhancement,0.9873668149085162,0.9552297292265939,1.018695532327939,16,0.03213891845616944,0.010039472245122472,True,True,True
v2_primary,primary family-robust finite-size inference,SU2-CZ-ring,6,6.0,gaussian,Z,0.0,128,1,actual_retention,0.09403493475319197,0.09097428832384723,0.09704298259352806,16,0.03226829627525654,0.0009561402138211772,True,True,True
v2_primary,primary family-robust finite-size inference,SU2-CZ-ring,6,6.0,gaussian,Z,0.0,128,1,deff_pairwise,49.32040346439321,48.77372399192671,49.83035143788805,16,0.010711869446933562,0.16818423512252423,True,True,True
v2_primary,primary family-robust finite-size inference,SU2-CZ-ring,6,6.0,gaussian,Z,0.0,128,1,pairwise_purity,0.020285249878792825,0.020073585782473636,0.02050861642534077,16,0.01072283174884466,7.222327193787126e-05,True,True,True
v2_primary,primary family-robust finite-size inference,SU2-CZ-ring,6,6.0,gaussian,Z,0.0,128,1,sample_covariance_purity,0.02793927136411475,0.02773180518571942,0.028158639237491567,16,0.007638603852790036,7.16590276258651e-05,True,True,True
v2_primary,primary family-robust finite-size inference,SU2-CZ-ring,6,6.0,gaussian,Z,0.0,128,1,trC3_u_stat,0.00049208365891095,0.0004770450706786755,0.000507715479772298,16,0.031163815886002432,5.13334509167669e-06,True,True,True
v2_primary,primary family-robust finite-size inference,SU2-CZ-ring,6,6.0,gaussian,Z,0.0,128,1,Ffull_over_FQ_mean,0.49289514573714843,0.48981729625627535,0.4958036990317565,16,0.0060726939870022175,0.0008376207261436286,True,True,True
v2_primary,primary family-robust finite-size inference,SU2-CZ-ring,6,6.0,gaussian,Z,0.0,128,1,haar_alignment_z,-0.216965545437441,-0.7524070922022121,0.2973282672178591,16,2.419129169342576,0.165827753609992,True,False,False
v2_primary,primary family-robust finite-size inference,SU2-CZ-ring,6,6.0,gaussian,Z,0.0,128,1,physical_minus_rank_baseline,-0.0012031604849032,-0.004279465014745475,0.001741093957181543,16,2.5019766886756596,0.00095614021382118,True,False,False
v2_primary,primary family-robust finite-size inference,SU2-CZ-ring,6,6.0,gaussian,Z,0.0,128,2,enhancement,0.9714801385885539,0.9596994550451048,0.9827909904974714,16,0.011884718243399149,0.0029579010357659863,True,True,True
v2_primary,primary family-robust finite-size inference,SU2-CZ-ring,6,6.0,gaussian,Z,0.0,128,2,actual_retention,0.32382671286285125,0.31990780048135414,0.3276116818188641,16,0.011895067688212491,0.000985967011922051,True,True,True
v2_primary,primary family-robust finite-size inference,SU2-CZ-ring,6,6.0,gaussian,Z,0.0,128,2,deff_pairwise,49.32040346439321,48.77321508416532,49.82876628028819,16,0.010700958649749528,0.16818423512252423,True,True,True
v2_primary,primary family-robust finite-size inference,SU2-CZ-ring,6,6.0,gaussian,Z,0.0,128,2,pairwise_purity,0.020285249878792825,0.02007170672103789,0.020507216939133367,16,0.01073465253565299,7.222327193787126e-05,True,True,True
v2_primary,primary family-robust finite-size inference,SU2-CZ-ring,6,6.0,gaussian,Z,0.0,128,2,sample_covariance_purity,0.02793927136411475,0.02773177620404161,0.02816193108981272,16,0.007698033355365218,7.16590276258651e-05,True,True,True
v2_primary,primary family-robust finite-size inference,SU2-CZ-ring,6,6.0,gaussian,Z,0.0,128,2,trC3_u_stat,0.00049208365891095,0.00047703673662130266,0.0005075087751664914,16,0.03096225407345125,5.13334509167669e-06,True,True,True
v2_primary,primary family-robust finite-size inference,SU2-CZ-ring,6,6.0,gaussian,Z,0.0,128,2,Ffull_over_FQ_mean,0.49289514573714843,0.48989617419537473,0.49579832425838866,16,0.005987226810873713,0.0008376207261436286,True,True,True
v2_primary,primary family-robust finite-size inference,SU2-CZ-ring,6,6.0,gaussian,Z,0.0,128,2,haar_alignment_z,-1.0447301383307055,-1.4698475621797105,-0.6455641025736233,16,0.3944958747543872,0.1074313373251401,True,False,False
v2_primary,primary family-robust finite-size inference,SU2-CZ-ring,6,6.0,gaussian,Z,0.0,128,2,physical_minus_rank_baseline,-0.009506620470482001,-0.01332093823988759,-0.00578676461234953,16,0.39625930428860723,0.0009859670119219937,True,False,False
v2_primary,primary family-robust finite-size inference,SU2-CZ-ring,8,6.0,gaussian,Z,0.0,128,1,enhancement,0.9635022514083034,0.9390086181833116,0.9907424591472033,16,0.026846767035715216,0.008849116950640723,True,True,True
v2_primary,primary family-robust finite-size inference,SU2-CZ-ring,8,6.0,gaussian,Z,0.0,128,1,actual_retention,0.030227521612809477,0.02946118298165998,0.03108092060891852,16,0.026792431877249005,0.0002776193553142188,True,True,True
v2_primary,primary family-robust finite-size inference,SU2-CZ-ring,8,6.0,gaussian,Z,0.0,128,1,deff_pairwise,158.1038853017339,157.00819013632164,159.16824463406817,16,0.006831124022107887,0.27510378456662465,True,True,True
v2_primary,primary family-robust finite-size inference,SU2-CZ-ring,8,6.0,gaussian,Z,0.0,128,1,pairwise_purity,0.006326159079361156,0.006284145240054545,0.006369826695971788,16,0.0067719966287897605,1.1220234100069344e-05,True,True,True
v2_primary,primary family-robust finite-size inference,SU2-CZ-ring,8,6.0,gaussian,Z,0.0,128,1,sample_covariance_purity,0.014089235961553655,0.01404821778111034,0.014131959586471763,16,0.0029718362865784878,1.1132576021161827e-05,True,True,True
v2_primary,primary family-robust finite-size inference,SU2-CZ-ring,8,6.0,gaussian,Z,0.0,128,1,trC3_u_stat,5.1799943269384886e-05,5.066069785012102e-05,5.299796326218503e-05,16,0.02256050165836182,3.3710575230957215e-07,True,True,True
v2_primary,primary family-robust finite-size inference,SU2-CZ-ring,8,6.0,gaussian,Z,0.0,128,1,Ffull_over_FQ_mean,0.49273429909717165,0.4911031693999333,0.4943894692642588,16,0.0033347585811936797,0.00044643359873891564,True,True,True
v2_primary,primary family-robust finite-size inference,SU2-CZ-ring,8,6.0,gaussian,Z,0.0,128,1,haar_alignment_z,-0.7392136025144926,-1.2359822555087163,-0.1774509983639173,16,0.7159846988367926,0.17778196528269485,True,False,False
v2_primary,primary family-robust finite-size inference,SU2-CZ-ring,8,6.0,gaussian,Z,0.0,128,1,physical_minus_rank_baseline,-0.0011450274067983188,-0.0019248120925141735,-0.000289825000998228,16,0.713951073052318,0.00027761935531421447,True,False,False
v2_primary,primary family-robust finite-size inference,SU2-CZ-ring,8,6.0,gaussian,Z,0.0,128,2,enhancement,0.985779149839213,0.9763797600138895,0.9963229738173203,16,0.010115457304348367,0.0032401785116031867,True,True,True
v2_primary,primary family-robust finite-size inference,SU2-CZ-ring,8,6.0,gaussian,Z,0.0,128,2,actual_retention,0.1391688211537712,0.13782235496028428,0.14066899583131687,16,0.010227293898995037,0.0004574369663440103,True,True,True
v2_primary,primary family-robust finite-size inference,SU2-CZ-ring,8,6.0,gaussian,Z,0.0,128,2,deff_pairwise,158.1038853017339,157.03421926880188,159.15247471795158,16,0.0066989354660927794,0.27510378456662465,True,True,True
v2_primary,primary family-robust finite-size inference,SU2-CZ-ring,8,6.0,gaussian,Z,0.0,128,2,pairwise_purity,0.006326159079361156,0.006284314103214104,0.006369761861602955,16,0.006753525900701783,1.1220234100069344e-05,True,True,True
v2_primary,primary family-robust finite-size inference,SU2-CZ-ring,8,6.0,gaussian,Z,0.0,128,2,sample_covariance_purity,0.014089235961553655,0.01404756202064209,0.014132914165712244,16,0.003028984158653489,1.1132576021161827e-05,True,True,True
v2_primary,primary family-robust finite-size inference,SU2-CZ-ring,8,6.0,gaussian,Z,0.0,128,2,trC3_u_stat,5.1799943269384886e-05,5.0629388024580944e-05,5.304510967487066e-05,16,0.023317802084519536,3.3710575230957215e-07,True,True,True
v2_primary,primary family-robust finite-size inference,SU2-CZ-ring,8,6.0,gaussian,Z,0.0,128,2,Ffull_over_FQ_mean,0.49273429909717165,0.4910675437895807,0.49439903486373227,16,0.003380616166010592,0.00044643359873891564,True,True,True
v2_primary,primary family-robust finite-size inference,SU2-CZ-ring,8,6.0,gaussian,Z,0.0,128,2,haar_alignment_z,-0.6465729025686274,-1.0782000136286238,-0.16411985492428455,16,0.706865501997525,0.14772919042799837,True,False,False
v2_primary,primary family-robust finite-size inference,SU2-CZ-ring,8,6.0,gaussian,Z,0.0,128,2,physical_minus_rank_baseline,-0.002007649434464031,-0.0033280500505150426,-0.0004859859298668222,16,0.7078088614128363,0.0004574369663439817,True,False,False
v2_primary,primary family-robust finite-size inference,SU2-CZ-ring,10,6.0,gaussian,Z,0.0,128,1,enhancement,0.9582305451626847,0.9361719364483446,0.9792315259539549,16,0.022468282671108022,0.005988673396514321,True,True,True
v2_primary,primary family-robust finite-size inference,SU2-CZ-ring,10,6.0,gaussian,Z,0.0,128,1,actual_retention,0.009366867499146432,0.009149138039231498,0.009570059365371513,16,0.02246862818217363,5.85403069062948e-05,True,True,True
v2_primary,primary family-robust finite-size inference,SU2-CZ-ring,10,6.0,gaussian,Z,0.0,128,1,deff_pairwise,408.34073788812793,404.2833776537237,412.2070910039068,16,0.00970233020487163,1.1724434660695806,True,True,True
v2_primary,primary family-robust finite-size inference,SU2-CZ-ring,10,6.0,gaussian,Z,0.0,128,1,pairwise_purity,0.0024499391458696934,0.0024262741000667756,0.002474275647431005,16,0.009796477484992667,7.281010417620366e-06,True,True,True
v2_primary,primary family-robust finite-size inference,SU2-CZ-ring,10,6.0,gaussian,Z,0.0,128,1,sample_covariance_purity,0.0102432989962926,0.010219740420747404,0.01026865846943326,16,0.002387807321818929,7.224127523733012e-06,True,True,True
v2_primary,primary family-robust finite-size inference,SU2-CZ-ring,10,6.0,gaussian,Z,0.0,128,1,trC3_u_stat,8.142394035878109e-06,7.905769049347782e-06,8.392196641454629e-06,16,0.029870059712382144,7.626783883013721e-08,True,True,True
v2_primary,primary family-robust finite-size inference,SU2-CZ-ring,10,6.0,gaussian,Z,0.0,128,1,Ffull_over_FQ_mean,0.49311559183854814,0.4923329728341367,0.4939042789385866,16,0.0015932431771133364,0.00021673762794838236,True,True,True
v2_primary,primary family-robust finite-size inference,SU2-CZ-ring,10,6.0,gaussian,Z,0.0,128,1,haar_alignment_z,-0.974035890977263,-1.4890503339550225,-0.46694831737214176,16,0.5246736932647278,0.13921683133802654,True,False,False
v2_primary,primary family-robust finite-size inference,SU2-CZ-ring,10,6.0,gaussian,Z,0.0,128,1,physical_minus_rank_baseline,-0.0004083035663471473,-0.00062744568887645,-0.0001971446795791769,16,0.5269376081464633,5.854030690629686e-05,True,False,False
v2_primary,primary family-robust finite-size inference,SU2-CZ-ring,10,6.0,gaussian,Z,0.0,128,2,enhancement,0.9776802263933846,0.969270968049983,0.9856843335520572,16,0.008394035728134899,0.0025887493015315233,True,True,True
v2_primary,primary family-robust finite-size inference,SU2-CZ-ring,10,6.0,gaussian,Z,0.0,128,2,actual_retention,0.05256345303190233,0.05210515641675136,0.05299599300528986,16,0.008473916163744221,0.00013918006997482024,True,True,True
v2_primary,primary family-robust finite-size inference,SU2-CZ-ring,10,6.0,gaussian,Z,0.0,128,2,deff_pairwise,408.34073788812793,404.1955310644146,412.3406026196154,16,0.009973376153118878,1.1724434660695806,True,True,True
v2_primary,primary family-robust finite-size inference,SU2-CZ-ring,10,6.0,gaussian,Z,0.0,128,2,pairwise_purity,0.0024499391458696934,0.002426323597189527,0.002474772417175118,16,0.00988775987911162,7.281010417620366e-06,True,True,True
v2_primary,primary family-robust finite-size inference,SU2-CZ-ring,10,6.0,gaussian,Z,0.0,128,2,sample_covariance_purity,0.0102432989962926,0.010219564832212917,0.010268377965541461,16,0.0023826861515128823,7.224127523733012e-06,True,True,True
v2_primary,primary family-robust finite-size inference,SU2-CZ-ring,10,6.0,gaussian,Z,0.0,128,2,trC3_u_stat,8.142394035878109e-06,7.898729531807895e-06,8.389970791618977e-06,16,0.030165652610676216,7.626783883013721e-08,True,True,True
v2_primary,primary family-robust finite-size inference,SU2-CZ-ring,10,6.0,gaussian,Z,0.0,128,2,Ffull_over_FQ_mean,0.49311559183854814,0.4923377019178974,0.4939041254678278,16,0.0015882924570384336,0.00021673762794838236,True,True,True
v2_primary,primary family-robust finite-size inference,SU2-CZ-ring,10,6.0,gaussian,Z,0.0,128,2,haar_alignment_z,-1.2490886452815075,-1.7235425289785873,-0.8002156888723951,16,0.3696002055555079,0.1443170416066819,True,False,False
v2_primary,primary family-robust finite-size inference,SU2-CZ-ring,10,6.0,gaussian,Z,0.0,128,2,physical_minus_rank_baseline,-0.0011999878283126062,-0.0016453190354504626,-0.0007541640258301793,16,0.37131835365088817,0.00013918006997481309,True,False,False
v2_primary,primary family-robust finite-size inference,SU2-CZ-ring,12,6.0,gaussian,Z,0.0,128,1,enhancement,0.9605544863388593,0.9414691988193,0.9813021900612618,16,0.020734373639638468,0.0068507230030788735,True,True,True
v2_primary,primary family-robust finite-size inference,SU2-CZ-ring,12,6.0,gaussian,Z,0.0,128,1,actual_retention,0.0028148116815790184,0.002758117785596222,0.0028766662884201696,16,0.02105798117859273,2.0075378763599085e-05,True,True,True
v2_primary,primary family-robust finite-size inference,SU2-CZ-ring,12,6.0,gaussian,Z,0.0,128,1,deff_pairwise,794.3547234895861,788.318831728746,800.5258404371175,16,0.007683600504536781,1.6585205367723574,True,True,True
v2_primary,primary family-robust finite-size inference,SU2-CZ-ring,12,6.0,gaussian,Z,0.0,128,1,pairwise_purity,0.0012591880307013562,0.0012497268107333015,0.001268951965520448,16,0.007633949147546412,2.691218488676348e-06,True,True,True
v2_primary,primary family-robust finite-size inference,SU2-CZ-ring,12,6.0,gaussian,Z,0.0,128,1,sample_covariance_purity,0.009061850624211505,0.009052357021411108,0.009071383655126589,16,0.0010498205336030245,2.6701933442344755e-06,True,True,True
v2_primary,primary family-robust finite-size inference,SU2-CZ-ring,12,6.0,gaussian,Z,0.0,128,1,trC3_u_stat,2.19874503255203e-06,2.1571549463796797e-06,2.240168901913784e-06,16,0.018877576595989435,1.2562151960352954e-08,True,True,True
v2_primary,primary family-robust finite-size inference,SU2-CZ-ring,12,6.0,gaussian,Z,0.0,128,1,Ffull_over_FQ_mean,0.49440416226494044,0.4940446355087949,0.49474977792750635,16,0.000713123465103006,0.0001046908284133008,True,True,True
v2_primary,primary family-robust finite-size inference,SU2-CZ-ring,12,6.0,gaussian,Z,0.0,128,1,haar_alignment_z,-1.0306117350995403,-1.5333672056988221,-0.49498970783915275,16,0.5037675501334065,0.17893424879622222,True,False,False
v2_primary,primary family-robust finite-size inference,SU2-CZ-ring,12,6.0,gaussian,Z,0.0,128,1,physical_minus_rank_baseline,-0.00011559124882383695,-0.0001720044209878687,-5.544133062344784e-05,16,0.5042037851068856,2.0075378763595778e-05,True,False,False
v2_primary,primary family-robust finite-size inference,SU2-CZ-ring,12,6.0,gaussian,Z,0.0,128,2,enhancement,0.9689936280513027,0.9626608384576998,0.9754491756527517,16,0.006598772595011756,0.0018766703054688971,True,True,True
v2_primary,primary family-robust finite-size inference,SU2-CZ-ring,12,6.0,gaussian,Z,0.0,128,2,actual_retention,0.018457021486691445,0.01833710012476445,0.0185832184358839,16,0.006667335552947015,3.574610105655171e-05,True,True,True
v2_primary,primary family-robust finite-size inference,SU2-CZ-ring,12,6.0,gaussian,Z,0.0,128,2,deff_pairwise,794.3547234895861,788.3471636589912,800.3768221383224,16,0.007571968872096002,1.6585205367723574,True,True,True
v2_primary,primary family-robust finite-size inference,SU2-CZ-ring,12,6.0,gaussian,Z,0.0,128,2,pairwise_purity,0.0012591880307013562,0.0012497621152323976,0.0012690375083609445,16,0.007653897852654565,2.691218488676348e-06,True,True,True
v2_primary,primary family-robust finite-size inference,SU2-CZ-ring,12,6.0,gaussian,Z,0.0,128,2,sample_covariance_purity,0.009061850624211505,0.009052308774179549,0.009071415275337325,16,0.0010542273289479917,2.6701933442344755e-06,True,True,True
v2_primary,primary family-robust finite-size inference,SU2-CZ-ring,12,6.0,gaussian,Z,0.0,128,2,trC3_u_stat,2.19874503255203e-06,2.1555884843932133e-06,2.241145678781594e-06,16,0.01945591533391131,1.2562151960352954e-08,True,True,True
v2_primary,primary family-robust finite-size inference,SU2-CZ-ring,12,6.0,gaussian,Z,0.0,128,2,Ffull_over_FQ_mean,0.49440416226494044,0.4940350731863533,0.49474653592689993,16,0.0007195153225321783,0.0001046908284133008,True,True,True
v2_primary,primary family-robust finite-size inference,SU2-CZ-ring,12,6.0,gaussian,Z,0.0,128,2,haar_alignment_z,-2.082147571055527,-2.5043162153562872,-1.6544425865960701,16,0.20408582959597357,0.1260283850717201,True,False,False
v2_primary,primary family-robust finite-size inference,SU2-CZ-ring,12,6.0,gaussian,Z,0.0,128,2,physical_minus_rank_baseline,-0.0005905975609275249,-0.0007111482631096547,-0.0004672766147570085,16,0.20646178081877725,3.574610105654846e-05,True,False,False
v2_primary,primary family-robust finite-size inference,SU2-HaarU4-brickwork,6,6.0,gaussian,Z,0.0,128,1,enhancement,0.9463173112702745,0.9197451090320494,0.9777182986407342,16,0.030630946363469448,0.010580381134793093,True,True,True
v2_primary,primary family-robust finite-size inference,SU2-HaarU4-brickwork,6,6.0,gaussian,Z,0.0,128,1,actual_retention,0.09012545821621659,0.08756327268405142,0.09309471471270452,16,0.030687455787369297,0.0010076553461707688,True,True,True
v2_primary,primary family-robust finite-size inference,SU2-HaarU4-brickwork,6,6.0,gaussian,Z,0.0,128,1,deff_pairwise,44.656872404759724,44.151719015832896,45.20204833624124,16,0.01175999643334176,0.1715182772428605,True,True,True
v2_primary,primary family-robust finite-size inference,SU2-HaarU4-brickwork,6,6.0,gaussian,Z,0.0,128,1,pairwise_purity,0.0224061202031539,0.022128498915835862,0.02265733148467671,16,0.011801074082571656,8.219856564584127e-05,True,True,True
v2_primary,primary family-robust finite-size inference,SU2-HaarU4-brickwork,6,6.0,gaussian,Z,0.0,128,1,sample_covariance_purity,0.030043572389066756,0.029769149110983908,0.03030061506579292,16,0.008844919437783283,8.15563893517314e-05,True,True,True
v2_primary,primary family-robust finite-size inference,SU2-HaarU4-brickwork,6,6.0,gaussian,Z,0.0,128,1,trC3_u_stat,0.0006354426258953375,0.0006157438421178815,0.000653849133224356,16,0.029983266430060645,6.062718015995873e-06,True,True,True
v2_primary,primary family-robust finite-size inference,SU2-HaarU4-brickwork,6,6.0,gaussian,Z,0.0,128,1,Ffull_over_FQ_mean,0.4914631920925705,0.4875122754215226,0.49524740961137237,16,0.007869494922818973,0.0009758630011826863,True,True,True
v2_primary,primary family-robust finite-size inference,SU2-HaarU4-brickwork,6,6.0,gaussian,Z,0.0,128,1,haar_alignment_z,-0.8272832152123283,-1.246320349984521,-0.32779104683563354,16,0.5551480353152942,0.165087495733387,True,False,False
v2_primary,primary family-robust finite-size inference,SU2-HaarU4-brickwork,6,6.0,gaussian,Z,0.0,128,1,physical_minus_rank_baseline,-0.005112637021878587,-0.007682774828117502,-0.0020494289132216587,16,0.5509237102877613,0.0010076553461707662,True,False,False
v2_primary,primary family-robust finite-size inference,SU2-HaarU4-brickwork,6,6.0,gaussian,Z,0.0,128,2,enhancement,0.9826203311424347,0.9681923904948472,0.9983981111807284,16,0.015369985603067474,0.004513483557598286,True,True,True
v2_primary,primary family-robust finite-size inference,SU2-HaarU4-brickwork,6,6.0,gaussian,Z,0.0,128,2,actual_retention,0.32754011038081154,0.3226886742195457,0.3327120991434598,16,0.015301064825710071,0.0015044945191994286,True,True,True
v2_primary,primary family-robust finite-size inference,SU2-HaarU4-brickwork,6,6.0,gaussian,Z,0.0,128,2,deff_pairwise,44.656872404759724,44.1516446094187,45.219564948531215,16,0.01195695400959929,0.1715182772428605,True,True,True
v2_primary,primary family-robust finite-size inference,SU2-HaarU4-brickwork,6,6.0,gaussian,Z,0.0,128,2,pairwise_purity,0.0224061202031539,0.022137291255644075,0.02265453639290156,16,0.011542496705535801,8.219856564584127e-05,True,True,True
v2_primary,primary family-robust finite-size inference,SU2-HaarU4-brickwork,6,6.0,gaussian,Z,0.0,128,2,sample_covariance_purity,0.030043572389066756,0.029774077841224676,0.030289164943964473,16,0.008572334475896807,8.15563893517314e-05,True,True,True
v2_primary,primary family-robust finite-size inference,SU2-HaarU4-brickwork,6,6.0,gaussian,Z,0.0,128,2,trC3_u_stat,0.0006354426258953375,0.0006157273814478884,0.0006539288579153567,16,0.030058950179524473,6.062718015995873e-06,True,True,True
v2_primary,primary family-robust finite-size inference,SU2-HaarU4-brickwork,6,6.0,gaussian,Z,0.0,128,2,Ffull_over_FQ_mean,0.4914631920925705,0.48754850035207226,0.4952271457974189,16,0.00781202495821936,0.0009758630011826863,True,True,True
v2_primary,primary family-robust finite-size inference,SU2-HaarU4-brickwork,6,6.0,gaussian,Z,0.0,128,2,haar_alignment_z,-0.5927623636637739,-1.095377193599244,-0.06700404141267766,16,0.8674413350320933,0.15034997274116013,True,False,False
v2_primary,primary family-robust finite-size inference,SU2-HaarU4-brickwork,6,6.0,gaussian,Z,0.0,128,2,physical_minus_rank_baseline,-0.005793222952521712,-0.010593211213185053,-0.0007532771486718968,16,0.849262504236089,0.0015044945191994277,True,False,False
v2_primary,primary family-robust finite-size inference,SU2-HaarU4-brickwork,8,6.0,gaussian,Z,0.0,128,1,enhancement,0.9251479797610936,0.8960213644446969,0.9540461610986553,16,0.03135973807614129,0.008213376874110945,True,True,True
v2_primary,primary family-robust finite-size inference,SU2-HaarU4-brickwork,8,6.0,gaussian,Z,0.0,128,1,actual_retention,0.02902425034544603,0.028108677712700182,0.0299372655265341,16,0.03150103434318031,0.00025767456859955573,True,True,True
v2_primary,primary family-robust finite-size inference,SU2-HaarU4-brickwork,8,6.0,gaussian,Z,0.0,128,1,deff_pairwise,133.32878878902739,131.75117554162486,134.91095399814319,16,0.011849573093768202,0.35080018188355666,True,True,True
v2_primary,primary family-robust finite-size inference,SU2-HaarU4-brickwork,8,6.0,gaussian,Z,0.0,128,1,pairwise_purity,0.007504711135496819,0.0074172404549008334,0.007595459687030428,16,0.011873823583070943,2.0247646174218446e-05,True,True,True
v2_primary,primary family-robust finite-size inference,SU2-HaarU4-brickwork,8,6.0,gaussian,Z,0.0,128,1,sample_covariance_purity,0.015258580579750755,0.015169399009718804,0.015348828290345864,16,0.00587961900155954,2.0089461438476883e-05,True,True,True
v2_primary,primary family-robust finite-size inference,SU2-HaarU4-brickwork,8,6.0,gaussian,Z,0.0,128,1,trC3_u_stat,7.823374660813051e-05,7.547225313075777e-05,8.110541161058137e-05,16,0.03600210090946975,6.826033812034856e-07,True,True,True
v2_primary,primary family-robust finite-size inference,SU2-HaarU4-brickwork,8,6.0,gaussian,Z,0.0,128,1,Ffull_over_FQ_mean,0.4930687961664749,0.491577964868394,0.49461250052386935,16,0.00307719295873957,0.00046782341973450325,True,True,True
v2_primary,primary family-robust finite-size inference,SU2-HaarU4-brickwork,8,6.0,gaussian,Z,0.0,128,1,haar_alignment_z,-1.433785739125613,-1.9844674436611487,-0.8713576908936242,16,0.38817158045048933,0.15715816940289318,True,False,False
v2_primary,primary family-robust finite-size inference,SU2-HaarU4-brickwork,8,6.0,gaussian,Z,0.0,128,1,physical_minus_rank_baseline,-0.0023482986741617338,-0.003249387535503777,-0.0014351391316613574,16,0.3862899604306184,0.0002576745685995553,True,False,False
v2_primary,primary family-robust finite-size inference,SU2-HaarU4-brickwork,8,6.0,gaussian,Z,0.0,128,2,enhancement,0.9653300538853926,0.9570725518792222,0.9737036929312656,16,0.008614225251303446,0.0021809860859054453,True,True,True
v2_primary,primary family-robust finite-size inference,SU2-HaarU4-brickwork,8,6.0,gaussian,Z,0.0,128,2,actual_retention,0.13628188996029067,0.13508551474845581,0.1374584575048655,16,0.008706009129683678,0.00030790391801016614,True,True,True
v2_primary,primary family-robust finite-size inference,SU2-HaarU4-brickwork,8,6.0,gaussian,Z,0.0,128,2,deff_pairwise,133.32878878902739,131.74217058940374,134.88496286324641,16,0.011785872737566325,0.35080018188355666,True,True,True
v2_primary,primary family-robust finite-size inference,SU2-HaarU4-brickwork,8,6.0,gaussian,Z,0.0,128,2,pairwise_purity,0.007504711135496819,0.0074178726051541775,0.007595016614930193,16,0.011802187091394863,2.0247646174218446e-05,True,True,True
v2_primary,primary family-robust finite-size inference,SU2-HaarU4-brickwork,8,6.0,gaussian,Z,0.0,128,2,sample_covariance_purity,0.015258580579750755,0.015171040942005483,0.015347889429301684,16,0.0057950504102227155,2.0089461438476883e-05,True,True,True
v2_primary,primary family-robust finite-size inference,SU2-HaarU4-brickwork,8,6.0,gaussian,Z,0.0,128,2,trC3_u_stat,7.823374660813051e-05,7.55107650557929e-05,8.102388141853033e-05,16,0.035234899271489505,6.826033812034856e-07,True,True,True
v2_primary,primary family-robust finite-size inference,SU2-HaarU4-brickwork,8,6.0,gaussian,Z,0.0,128,2,Ffull_over_FQ_mean,0.4930687961664749,0.4915719780604789,0.49463050796306185,16,0.0031015244995855275,0.00046782341973450325,True,True,True
v2_primary,primary family-robust finite-size inference,SU2-HaarU4-brickwork,8,6.0,gaussian,Z,0.0,128,2,haar_alignment_z,-1.4940390122267029,-1.854260056485937,-1.1186459679461749,16,0.24618302551665278,0.09409534761615346,True,False,False
v2_primary,primary family-robust finite-size inference,SU2-HaarU4-brickwork,8,6.0,gaussian,Z,0.0,128,2,physical_minus_rank_baseline,-0.004894580627944512,-0.006090462707359714,-0.0036728150449171423,16,0.24697189056806557,0.0003079039180101852,True,False,False
v2_primary,primary family-robust finite-size inference,SU2-HaarU4-brickwork,10,6.0,gaussian,Z,0.0,128,1,enhancement,0.9331164529451954,0.9169591006253376,0.9496595373304223,16,0.017522162749286183,0.0037338144708219945,True,True,True
v2_primary,primary family-robust finite-size inference,SU2-HaarU4-brickwork,10,6.0,gaussian,Z,0.0,128,1,actual_retention,0.009121372951565895,0.008961111181798693,0.009280782705081744,16,0.017523213061262456,3.649867517909952e-05,True,True,True
v2_primary,primary family-robust finite-size inference,SU2-HaarU4-brickwork,10,6.0,gaussian,Z,0.0,128,1,deff_pairwise,323.8162784763791,319.39861178953083,328.1732336519723,16,0.013548765836800754,1.2914943051880527,True,True,True
v2_primary,primary family-robust finite-size inference,SU2-HaarU4-brickwork,10,6.0,gaussian,Z,0.0,128,1,pairwise_purity,0.0030906011463533813,0.0030499484449851176,0.00313320245110519,16,0.01346890170837869,1.2938443336914587e-05,True,True,True
v2_primary,primary family-robust finite-size inference,SU2-HaarU4-brickwork,10,6.0,gaussian,Z,0.0,128,1,sample_covariance_purity,0.010878955824897493,0.010839132406149445,0.01092296580433451,16,0.0038530075649909567,1.2837361748348208e-05,True,True,True
v2_primary,primary family-robust finite-size inference,SU2-HaarU4-brickwork,10,6.0,gaussian,Z,0.0,128,1,trC3_u_stat,1.4327733682389687e-05,1.3700541116540618e-05,1.4989514489256108e-05,16,0.044981760594132746,1.6899376459044658e-07,True,True,True
v2_primary,primary family-robust finite-size inference,SU2-HaarU4-brickwork,10,6.0,gaussian,Z,0.0,128,1,Ffull_over_FQ_mean,0.4939071212553542,0.4931320392805599,0.49469336641503064,16,0.0015805877940192217,0.00020213319161471732,True,True,True
v2_primary,primary family-robust finite-size inference,SU2-HaarU4-brickwork,10,6.0,gaussian,Z,0.0,128,1,haar_alignment_z,-1.5109656710825403,-1.872774865937075,-1.1384166774647089,16,0.2430095542628149,0.08425383898730798,True,False,False
v2_primary,primary family-robust finite-size inference,SU2-HaarU4-brickwork,10,6.0,gaussian,Z,0.0,128,1,physical_minus_rank_baseline,-0.0006537981139276563,-0.000811208020635601,-0.0004951547390414583,16,0.241705562360428,3.649867517910375e-05,True,False,False
v2_primary,primary family-robust finite-size inference,SU2-HaarU4-brickwork,10,6.0,gaussian,Z,0.0,128,2,enhancement,0.9615704422572297,0.9527743196735681,0.9694361075366494,16,0.008663841529887716,0.0024381115453770974,True,True,True
v2_primary,primary family-robust finite-size inference,SU2-HaarU4-brickwork,10,6.0,gaussian,Z,0.0,128,2,actual_retention,0.05169733560522735,0.051222277060973515,0.05212331625508512,16,0.008714561239598002,0.00013108126588048247,True,True,True
v2_primary,primary family-robust finite-size inference,SU2-HaarU4-brickwork,10,6.0,gaussian,Z,0.0,128,2,deff_pairwise,323.8162784763791,319.28037779678004,328.24604619169133,16,0.01384375800546002,1.2914943051880527,True,True,True
v2_primary,primary family-robust finite-size inference,SU2-HaarU4-brickwork,10,6.0,gaussian,Z,0.0,128,2,pairwise_purity,0.0030906011463533813,0.0030482860264567056,0.0031343159236718538,16,0.013917987656973359,1.2938443336914587e-05,True,True,True
v2_primary,primary family-robust finite-size inference,SU2-HaarU4-brickwork,10,6.0,gaussian,Z,0.0,128,2,sample_covariance_purity,0.010878955824897493,0.010836996917494792,0.010921825726694853,16,0.0038987569471475797,1.2837361748348208e-05,True,True,True
v2_primary,primary family-robust finite-size inference,SU2-HaarU4-brickwork,10,6.0,gaussian,Z,0.0,128,2,trC3_u_stat,1.4327733682389687e-05,1.3685798782015664e-05,1.497673664432317e-05,16,0.045050316083631824,1.6899376459044658e-07,True,True,True
v2_primary,primary family-robust finite-size inference,SU2-HaarU4-brickwork,10,6.0,gaussian,Z,0.0,128,2,Ffull_over_FQ_mean,0.4939071212553542,0.493112433630238,0.49470077235085597,16,0.0016079325973078974,0.00020213319161471732,True,True,True
v2_primary,primary family-robust finite-size inference,SU2-HaarU4-brickwork,10,6.0,gaussian,Z,0.0,128,2,haar_alignment_z,-2.0832096295124094,-2.5610964861313508,-1.659365423961339,16,0.21642830596483675,0.13164707146532062,True,False,False
v2_primary,primary family-robust finite-size inference,SU2-HaarU4-brickwork,10,6.0,gaussian,Z,0.0,128,2,physical_minus_rank_baseline,-0.002066105254987606,-0.002538030221310099,-0.0016334432218995827,16,0.21891116080045556,0.00013108126588048615,True,False,False
v2_primary,primary family-robust finite-size inference,SU2-HaarU4-brickwork,12,6.0,gaussian,Z,0.0,128,1,enhancement,0.9245051915885493,0.9001542748589113,0.9495936504900917,16,0.026738289887929246,0.00681576107464632,True,True,True
v2_primary,primary family-robust finite-size inference,SU2-HaarU4-brickwork,12,6.0,gaussian,Z,0.0,128,1,actual_retention,0.002709172722603744,0.002636056906705174,0.0027809365117949206,16,0.026738716930256312,1.997292622606941e-05,True,True,True
v2_primary,primary family-robust finite-size inference,SU2-HaarU4-brickwork,12,6.0,gaussian,Z,0.0,128,1,deff_pairwise,618.9643099700336,612.5840598779466,625.4847754344275,16,0.01042121116571769,1.5062575664038604,True,True,True
v2_primary,primary family-robust finite-size inference,SU2-HaarU4-brickwork,12,6.0,gaussian,Z,0.0,128,1,pairwise_purity,0.0016163179213221437,0.0015999096603853092,0.0016326247364851349,16,0.01012024790056922,3.90480807005043e-06,True,True,True
v2_primary,primary family-robust finite-size inference,SU2-HaarU4-brickwork,12,6.0,gaussian,Z,0.0,128,1,sample_covariance_purity,0.009416190437561825,0.009399341915672266,0.009432371673884492,16,0.001753881170482071,3.8743017570057325e-06,True,True,True
v2_primary,primary family-robust finite-size inference,SU2-HaarU4-brickwork,12,6.0,gaussian,Z,0.0,128,1,trC3_u_stat,3.9876206253921656e-06,3.8385861736313586e-06,4.1273050777173894e-06,16,0.03620190223808422,3.965082802035394e-08,True,True,True
v2_primary,primary family-robust finite-size inference,SU2-HaarU4-brickwork,12,6.0,gaussian,Z,0.0,128,1,Ffull_over_FQ_mean,0.4956780244096898,0.49524493300056033,0.4961459309263359,16,0.0009088540155160131,0.00012576951265369507,True,True,True
v2_primary,primary family-robust finite-size inference,SU2-HaarU4-brickwork,12,6.0,gaussian,Z,0.0,128,1,haar_alignment_z,-1.9340368954973923,-2.5670043099536026,-1.304271691588278,16,0.32644998172089607,0.1755479648322842,True,False,False
v2_primary,primary family-robust finite-size inference,SU2-HaarU4-brickwork,12,6.0,gaussian,Z,0.0,128,1,physical_minus_rank_baseline,-0.00022123020779908213,-0.0002922263877031119,-0.00014852570772285427,16,0.32477635267323973,1.9972926226067867e-05,True,False,False
v2_primary,primary family-robust finite-size inference,SU2-HaarU4-brickwork,12,6.0,gaussian,Z,0.0,128,2,enhancement,0.9568905141863808,0.952457911607898,0.9620246902533687,16,0.004998888850729759,0.001398716523437038,True,True,True
v2_primary,primary family-robust finite-size inference,SU2-HaarU4-brickwork,12,6.0,gaussian,Z,0.0,128,2,actual_retention,0.018226485984502445,0.018138076192993565,0.01832317174194483,16,0.005077653177596836,2.664221949403786e-05,True,True,True
v2_primary,primary family-robust finite-size inference,SU2-HaarU4-brickwork,12,6.0,gaussian,Z,0.0,128,2,deff_pairwise,618.9643099700336,612.8504409261088,625.443959810294,16,0.010173057380961826,1.5062575664038604,True,True,True
v2_primary,primary family-robust finite-size inference,SU2-HaarU4-brickwork,12,6.0,gaussian,Z,0.0,128,2,pairwise_purity,0.0016163179213221437,0.0015991872515495865,0.0016327736023505571,16,0.010389772444488254,3.90480807005043e-06,True,True,True
v2_primary,primary family-robust finite-size inference,SU2-HaarU4-brickwork,12,6.0,gaussian,Z,0.0,128,2,sample_covariance_purity,0.009416190437561825,0.009399818001759578,0.009432716510045644,16,0.0017469117953918805,3.8743017570057325e-06,True,True,True
v2_primary,primary family-robust finite-size inference,SU2-HaarU4-brickwork,12,6.0,gaussian,Z,0.0,128,2,trC3_u_stat,3.9876206253921656e-06,3.8366787575639265e-06,4.127075488089656e-06,16,0.03641228163438566,3.965082802035394e-08,True,True,True
v2_primary,primary family-robust finite-size inference,SU2-HaarU4-brickwork,12,6.0,gaussian,Z,0.0,128,2,Ffull_over_FQ_mean,0.4956780244096898,0.49525832691865684,0.49614141371307263,16,0.0008907867112602674,0.00012576951265369507,True,True,True
v2_primary,primary family-robust finite-size inference,SU2-HaarU4-brickwork,12,6.0,gaussian,Z,0.0,128,2,haar_alignment_z,-2.839016587115582,-3.1418035692326245,-2.5090431806534457,16,0.11144006545274508,0.09243476765370273,True,True,True
v2_primary,primary family-robust finite-size inference,SU2-HaarU4-brickwork,12,6.0,gaussian,Z,0.0,128,2,physical_minus_rank_baseline,-0.0008211330631165062,-0.0009069431640742274,-0.0007264202585524867,16,0.1099230524445021,2.6642219494040355e-05,True,True,True
v2_primary,primary family-robust finite-size inference,U1-RZ-XY-line,6,6.0,gaussian,Z,0.0,128,1,enhancement,2.0581664696043562,2.02360723535347,2.09459742300776,20,0.017245978083574677,0.011124427534209058,True,True,True
v2_primary,primary family-robust finite-size inference,U1-RZ-XY-line,6,6.0,gaussian,Z,0.0,128,1,actual_retention,0.5416227551590411,0.5326394560349508,0.5512915929270404,20,0.01721875301067501,0.0029274809300550153,True,True,True
v2_primary,primary family-robust finite-size inference,U1-RZ-XY-line,6,6.0,gaussian,Z,0.0,128,1,deff_pairwise,9.417304345537529,9.149218853231762,9.678930776197152,20,0.028124392263928412,0.05646762956278195,True,True,True
v2_primary,primary family-robust finite-size inference,U1-RZ-XY-line,6,6.0,gaussian,Z,0.0,128,1,pairwise_purity,0.10663732383130049,0.10369165152715738,0.1098061611434742,20,0.02866965053431917,0.0006949078490146865,True,True,True
v2_primary,primary family-robust finite-size inference,U1-RZ-XY-line,6,6.0,gaussian,Z,0.0,128,1,sample_covariance_purity,0.11361671973886842,0.11060697279601535,0.11663293585923434,20,0.02651882168869511,0.0006894788814442582,True,True,True
v2_primary,primary family-robust finite-size inference,U1-RZ-XY-line,6,6.0,gaussian,Z,0.0,128,1,trC3_u_stat,0.013104396740831836,0.012242165070527906,0.014048422771310548,20,0.06891800273241672,0.0002261608605350872,True,True,True
v2_primary,primary family-robust finite-size inference,U1-RZ-XY-line,6,6.0,gaussian,Z,0.0,128,1,Ffull_over_FQ_mean,0.46634060568669955,0.45901015831795544,0.47362886313499675,20,0.01567384936972715,0.001654538266395278,True,True,True
v2_primary,primary family-robust finite-size inference,U1-RZ-XY-line,6,6.0,gaussian,Z,0.0,128,1,haar_alignment_z,8.098891138119608,7.84994704025991,8.347851784546727,20,0.030739068830255897,0.047521348720271916,True,True,True
v2_primary,primary family-robust finite-size inference,U1-RZ-XY-line,6,6.0,gaussian,Z,0.0,128,1,physical_minus_rank_baseline,0.278464860422199,0.2692710350926323,0.28829280399944657,20,0.034154702460436344,0.00292748093005496,True,True,True
v2_primary,primary family-robust finite-size inference,U1-RZ-XY-line,6,6.0,gaussian,Z,0.0,128,2,enhancement,1.1921892516726256,1.1721911904084692,1.2105018769470492,20,0.016067367863294636,0.005587361116413447,True,True,True
v2_primary,primary family-robust finite-size inference,U1-RZ-XY-line,6,6.0,gaussian,Z,0.0,128,2,actual_retention,0.8784552380745663,0.8627015915132347,0.8916139114178441,20,0.01645634213985712,0.0041170029278834175,True,True,True
v2_primary,primary family-robust finite-size inference,U1-RZ-XY-line,6,6.0,gaussian,Z,0.0,128,2,deff_pairwise,9.417304345537529,9.149868657428758,9.68737034790248,20,0.028537980230426627,0.05646762956278195,True,True,True
v2_primary,primary family-robust finite-size inference,U1-RZ-XY-line,6,6.0,gaussian,Z,0.0,128,2,pairwise_purity,0.10663732383130049,0.10367051643637792,0.10975405003677804,20,0.028524410505763577,0.0006949078490146865,True,True,True
v2_primary,primary family-robust finite-size inference,U1-RZ-XY-line,6,6.0,gaussian,Z,0.0,128,2,sample_covariance_purity,0.11361671973886842,0.11063795187019,0.1167742604228702,20,0.027004425786907142,0.0006894788814442582,True,True,True
v2_primary,primary family-robust finite-size inference,U1-RZ-XY-line,6,6.0,gaussian,Z,0.0,128,2,trC3_u_stat,0.013104396740831836,0.012232255289576506,0.014043131227146953,20,0.06909421217109367,0.0002261608605350872,True,True,True
v2_primary,primary family-robust finite-size inference,U1-RZ-XY-line,6,6.0,gaussian,Z,0.0,128,2,Ffull_over_FQ_mean,0.46634060568669955,0.45907272676098737,0.47391153442129935,20,0.015909838730922245,0.001654538266395278,True,True,True
v2_primary,primary family-robust finite-size inference,U1-RZ-XY-line,6,6.0,gaussian,Z,0.0,128,2,haar_alignment_z,4.122249684962154,3.66468670052568,4.531229859325596,20,0.10510561283575816,0.11734789076645935,True,True,True
v2_primary,primary family-robust finite-size inference,U1-RZ-XY-line,6,6.0,gaussian,Z,0.0,128,2,physical_minus_rank_baseline,0.1416131328114084,0.12638328684974048,0.15506170056301288,20,0.101256194054631,0.0041170029278835285,True,True,True
v2_primary,primary family-robust finite-size inference,U1-RZ-XY-line,8,6.0,gaussian,Z,0.0,128,1,enhancement,4.218775643990051,4.115238162323405,4.318582106022301,20,0.02409987646398953,0.021576224650001308,True,True,True
v2_primary,primary family-robust finite-size inference,U1-RZ-XY-line,8,6.0,gaussian,Z,0.0,128,1,actual_retention,0.4279917319989906,0.41758660499251776,0.43823182688288187,20,0.024118715791468605,0.002188892355797223,True,True,True
v2_primary,primary family-robust finite-size inference,U1-RZ-XY-line,8,6.0,gaussian,Z,0.0,128,1,deff_pairwise,17.05386275562538,16.67108253560708,17.420313050708703,20,0.021966592725582993,0.08581278248799151,True,True,True
v2_primary,primary family-robust finite-size inference,U1-RZ-XY-line,8,6.0,gaussian,Z,0.0,128,1,pairwise_purity,0.05879101972969321,0.05750987522438207,0.060150250263679046,20,0.02245559824814042,0.0003181812488970842,True,True,True
v2_primary,primary family-robust finite-size inference,U1-RZ-XY-line,8,6.0,gaussian,Z,0.0,128,1,sample_covariance_purity,0.06614421488805496,0.0648938109730913,0.06751395589675721,20,0.019806304512800913,0.0003156954578900778,True,True,True
v2_primary,primary family-robust finite-size inference,U1-RZ-XY-line,8,6.0,gaussian,Z,0.0,128,1,trC3_u_stat,0.0041817051333792755,0.003946390438061947,0.004435895808016676,20,0.05852939821693677,6.224195083919144e-05,True,True,True
v2_primary,primary family-robust finite-size inference,U1-RZ-XY-line,8,6.0,gaussian,Z,0.0,128,1,Ffull_over_FQ_mean,0.4760988012126742,0.4684791624214094,0.48415262510172774,20,0.016460304710278994,0.0015876345949578652,True,True,True
v2_primary,primary family-robust finite-size inference,U1-RZ-XY-line,8,6.0,gaussian,Z,0.0,128,1,haar_alignment_z,28.149414808575948,27.38999318954326,28.880273516089964,20,0.02647089356352582,0.19692549032673412,True,True,True
v2_primary,primary family-robust finite-size inference,U1-RZ-XY-line,8,6.0,gaussian,Z,0.0,128,1,physical_minus_rank_baseline,0.32654245663667175,0.3158685515348375,0.3365914145003594,20,0.03173073293280702,0.002188892355797223,True,True,True
v2_primary,primary family-robust finite-size inference,U1-RZ-XY-line,8,6.0,gaussian,Z,0.0,128,2,enhancement,1.8976777288711109,1.86940244621112,1.9272247877345325,20,0.0152350266443317,0.009082641059055874,True,True,True
v2_primary,primary family-robust finite-size inference,U1-RZ-XY-line,8,6.0,gaussian,Z,0.0,128,2,actual_retention,0.7425695460799998,0.7310605872783973,0.7543963411226788,20,0.01571284061369755,0.003554076936152395,True,True,True
v2_primary,primary family-robust finite-size inference,U1-RZ-XY-line,8,6.0,gaussian,Z,0.0,128,2,deff_pairwise,17.05386275562538,16.669249196742392,17.42177343503946,20,0.02206316097063814,0.08581278248799151,True,True,True
v2_primary,primary family-robust finite-size inference,U1-RZ-XY-line,8,6.0,gaussian,Z,0.0,128,2,pairwise_purity,0.05879101972969321,0.05748679054205753,0.060154956802920566,20,0.02269195425704995,0.0003181812488970842,True,True,True
v2_primary,primary family-robust finite-size inference,U1-RZ-XY-line,8,6.0,gaussian,Z,0.0,128,2,sample_covariance_purity,0.06614421488805496,0.06484701027880196,0.0674783125782198,20,0.019890645794731696,0.0003156954578900778,True,True,True
v2_primary,primary family-robust finite-size inference,U1-RZ-XY-line,8,6.0,gaussian,Z,0.0,128,2,trC3_u_stat,0.0041817051333792755,0.003947575347134383,0.004430831921837077,20,0.05778223945600986,6.224195083919144e-05,True,True,True
v2_primary,primary family-robust finite-size inference,U1-RZ-XY-line,8,6.0,gaussian,Z,0.0,128,2,Ffull_over_FQ_mean,0.4760988012126742,0.4685791677001605,0.48382509446985883,20,0.01601130556395577,0.0015876345949578652,True,True,True
v2_primary,primary family-robust finite-size inference,U1-RZ-XY-line,8,6.0,gaussian,Z,0.0,128,2,haar_alignment_z,18.745411395958353,18.149806908390357,19.360071558690446,20,0.03228162414619056,0.18988001822460632,True,True,True
v2_primary,primary family-robust finite-size inference,U1-RZ-XY-line,8,6.0,gaussian,Z,0.0,128,2,physical_minus_rank_baseline,0.3512651982539129,0.3399902692896591,0.3625896145082191,20,0.03216849453190635,0.0035540769361523394,True,True,True
v2_primary,primary family-robust finite-size inference,U1-RZ-XY-line,10,6.0,gaussian,Z,0.0,128,1,enhancement,9.885729003053928,9.710652233611778,10.057260276151633,20,0.017530727497829395,0.04329767008680818,True,True,True
v2_primary,primary family-robust finite-size inference,U1-RZ-XY-line,10,6.0,gaussian,Z,0.0,128,1,actual_retention,0.3544683706274317,0.34831995190137544,0.36080500934883497,20,0.017610961205593866,0.0015525060987301442,True,True,True
v2_primary,primary family-robust finite-size inference,U1-RZ-XY-line,10,6.0,gaussian,Z,0.0,128,1,deff_pairwise,27.26550853448942,26.861622486086553,27.705850336475198,20,0.015481608371997564,0.1238579794113015,True,True,True
v2_primary,primary family-robust finite-size inference,U1-RZ-XY-line,10,6.0,gaussian,Z,0.0,128,1,pairwise_purity,0.036721569172198536,0.03613825121905181,0.03726368975486652,20,0.015323943954262821,0.000155749505220161,True,True,True
v2_primary,primary family-robust finite-size inference,U1-RZ-XY-line,10,6.0,gaussian,Z,0.0,128,1,sample_covariance_purity,0.04424718191304074,0.04366604097949038,0.044769931681598686,20,0.012474135689339364,0.0001545327122106227,True,True,True
v2_primary,primary family-robust finite-size inference,U1-RZ-XY-line,10,6.0,gaussian,Z,0.0,128,1,trC3_u_stat,0.001693489417171265,0.001625065390599783,0.0017568005472534693,20,0.03889459104909298,1.8648142598187614e-05,True,True,True
v2_primary,primary family-robust finite-size inference,U1-RZ-XY-line,10,6.0,gaussian,Z,0.0,128,1,Ffull_over_FQ_mean,0.46907474291400086,0.46482547560240467,0.473393766911686,20,0.009133183398506089,0.0010718618269300872,True,True,True
v2_primary,primary family-robust finite-size inference,U1-RZ-XY-line,10,6.0,gaussian,Z,0.0,128,1,haar_alignment_z,95.87305779169864,94.08724196948035,97.69436284491543,20,0.01881196322783509,0.47404470220823214,True,True,True
v2_primary,primary family-robust finite-size inference,U1-RZ-XY-line,10,6.0,gaussian,Z,0.0,128,1,physical_minus_rank_baseline,0.31861179692225233,0.3123975985292903,0.3252042708094487,20,0.020097611582291005,0.0015525060987300887,True,True,True
v2_primary,primary family-robust finite-size inference,U1-RZ-XY-line,10,6.0,gaussian,Z,0.0,128,2,enhancement,3.605632976909173,3.5661050805418233,3.6475771405563076,20,0.01129788591021872,0.009311322328011684,True,True,True
v2_primary,primary family-robust finite-size inference,U1-RZ-XY-line,10,6.0,gaussian,Z,0.0,128,2,actual_retention,0.6320631513306917,0.6250194906821724,0.6391418475439012,20,0.011171634378619288,0.001632263675029888,True,True,True
v2_primary,primary family-robust finite-size inference,U1-RZ-XY-line,10,6.0,gaussian,Z,0.0,128,2,deff_pairwise,27.26550853448942,26.864312704789157,27.70781367834599,20,0.015468278768574007,0.1238579794113015,True,True,True
v2_primary,primary family-robust finite-size inference,U1-RZ-XY-line,10,6.0,gaussian,Z,0.0,128,2,pairwise_purity,0.036721569172198536,0.03614440423705135,0.0372589659462822,20,0.015175845345882932,0.000155749505220161,True,True,True
v2_primary,primary family-robust finite-size inference,U1-RZ-XY-line,10,6.0,gaussian,Z,0.0,128,2,sample_covariance_purity,0.04424718191304074,0.043671160618787286,0.04477421185503147,20,0.012464649595221885,0.0001545327122106227,True,True,True
v2_primary,primary family-robust finite-size inference,U1-RZ-XY-line,10,6.0,gaussian,Z,0.0,128,2,trC3_u_stat,0.001693489417171265,0.0016260587101717733,0.001756378808616964,20,0.03847679741125046,1.8648142598187614e-05,True,True,True
v2_primary,primary family-robust finite-size inference,U1-RZ-XY-line,10,6.0,gaussian,Z,0.0,128,2,Ffull_over_FQ_mean,0.46907474291400086,0.46478817956324364,0.473193236228815,20,0.008959186987298853,0.0010718618269300872,True,True,True
v2_primary,primary family-robust finite-size inference,U1-RZ-XY-line,10,6.0,gaussian,Z,0.0,128,2,haar_alignment_z,67.20836390509928,66.34417804112884,68.14159304165966,20,0.013371959203387514,0.2876643439554556,True,True,True
v2_primary,primary family-robust finite-size inference,U1-RZ-XY-line,10,6.0,gaussian,Z,0.0,128,2,physical_minus_rank_baseline,0.45676434654981524,0.44987381900274226,0.46384848328540085,20,0.015297455228518471,0.0016322636750299435,True,True,True
v2_primary,primary family-robust finite-size inference,U1-RZ-XY-line,12,6.0,gaussian,Z,0.0,128,1,enhancement,25.485826421653847,24.996829776774277,25.988860473663742,20,0.019462400011611813,0.11439473963312707,True,True,True
v2_primary,primary family-robust finite-size inference,U1-RZ-XY-line,12,6.0,gaussian,Z,0.0,128,1,actual_retention,0.3037314091421369,0.2979217030988334,0.3095931441458696,20,0.019213424584571502,0.0013633175904273487,True,True,True
v2_primary,primary family-robust finite-size inference,U1-RZ-XY-line,12,6.0,gaussian,Z,0.0,128,1,deff_pairwise,38.55354246382247,37.91646482175175,39.17439706189073,20,0.01631409411105847,0.1657989969573066,True,True,True
v2_primary,primary family-robust finite-size inference,U1-RZ-XY-line,12,6.0,gaussian,Z,0.0,128,1,pairwise_purity,0.025974827225655157,0.02554771321153583,0.026418391978889646,20,0.016760049254415293,0.00011953042966069208,True,True,True
v2_primary,primary family-robust finite-size inference,U1-RZ-XY-line,12,6.0,gaussian,Z,0.0,128,1,sample_covariance_purity,0.03358439888795474,0.03317215691829976,0.03403060272355153,20,0.012780425341476954,0.00011859659817897023,True,True,True
v2_primary,primary family-robust finite-size inference,U1-RZ-XY-line,12,6.0,gaussian,Z,0.0,128,1,trC3_u_stat,0.0008759868805980899,0.0008395537411123922,0.0009162968435286362,20,0.04380379667549745,1.1279161678084655e-05,True,True,True
v2_primary,primary family-robust finite-size inference,U1-RZ-XY-line,12,6.0,gaussian,Z,0.0,128,1,Ffull_over_FQ_mean,0.47477735125003423,0.4723623963477039,0.4771931838302245,20,0.0050874241050059875,0.0007593037512974021,True,True,True
v2_primary,primary family-robust finite-size inference,U1-RZ-XY-line,12,6.0,gaussian,Z,0.0,128,1,haar_alignment_z,320.5804095225747,315.2134734944164,325.735491739219,20,0.01641088777145265,1.0575438071068675,True,True,True
v2_primary,primary family-robust finite-size inference,U1-RZ-XY-line,12,6.0,gaussian,Z,0.0,128,1,physical_minus_rank_baseline,0.29181374933715304,0.2860296316734534,0.29763113188488455,20,0.019878261798464993,0.0013633175904272932,True,True,True
v2_primary,primary family-robust finite-size inference,U1-RZ-XY-line,12,6.0,gaussian,Z,0.0,128,2,enhancement,7.88180223682807,7.810957435459834,7.957241902322623,20,0.009279886913380567,0.017556179262790295,True,True,True
v2_primary,primary family-robust finite-size inference,U1-RZ-XY-line,12,6.0,gaussian,Z,0.0,128,2,actual_retention,0.5550564955512727,0.5500200013995064,0.5603607897375278,20,0.009315077312761775,0.0012363506523093148,True,True,True
v2_primary,primary family-robust finite-size inference,U1-RZ-XY-line,12,6.0,gaussian,Z,0.0,128,2,deff_pairwise,38.55354246382247,37.9145126387398,39.165204669239564,20,0.016220195999801793,0.1657989969573066,True,True,True
v2_primary,primary family-robust finite-size inference,U1-RZ-XY-line,12,6.0,gaussian,Z,0.0,128,2,pairwise_purity,0.025974827225655157,0.025551566092340525,0.026423764454440966,20,0.016789300550938347,0.00011953042966069208,True,True,True
v2_primary,primary family-robust finite-size inference,U1-RZ-XY-line,12,6.0,gaussian,Z,0.0,128,2,sample_covariance_purity,0.03358439888795474,0.03317275843348477,0.03401826451410404,20,0.012587780466758782,0.00011859659817897023,True,True,True
v2_primary,primary family-robust finite-size inference,U1-RZ-XY-line,12,6.0,gaussian,Z,0.0,128,2,trC3_u_stat,0.0008759868805980899,0.000838802076476343,0.0009167585284011742,20,0.044496358137010895,1.1279161678084655e-05,True,True,True
v2_primary,primary family-robust finite-size inference,U1-RZ-XY-line,12,6.0,gaussian,Z,0.0,128,2,Ffull_over_FQ_mean,0.47477735125003423,0.47234276024803595,0.4771499301511165,20,0.005062551836585959,0.0007593037512974021,True,True,True
v2_primary,primary family-robust finite-size inference,U1-RZ-XY-line,12,6.0,gaussian,Z,0.0,128,2,haar_alignment_z,225.88204888812925,223.5541762462183,228.29598775327716,20,0.010496211474970492,0.6224498076766452,True,True,True
v2_primary,primary family-robust finite-size inference,U1-RZ-XY-line,12,6.0,gaussian,Z,0.0,128,2,physical_minus_rank_baseline,0.48463396034000505,0.47962779129375943,0.4899203137562313,20,0.010618862177189287,0.0012363506523092593,True,True,True
